cell_type,impact_left,impact_right,impact_both,impact_single_mean,superadditivity
SApp10,179,162,347,170.5,6
LgLG1b,31,40,75,35.5,4
ORN_DC4,21,24,49,22.5,4
SApp,324,297,624,310.5,3
LgLG3,60,59,122,59.5,3
SNxx04,58,61,122,59.5,3
LgLG1a,39,41,83,40.0,3
LB1c,42,32,77,37.0,3
ANXXX296,9,9,21,9.0,3
SNppxx,170,230,402,200.0,2
SNta21,99,106,207,102.5,2
JO-EV3,100,86,188,93.0,2
SNpp60,52,38,92,45.0,2
SApp19,51,30,83,40.5,2
PhG1c,41,33,76,37.0,2
SNpp16,32,28,62,30.0,2
GNG644,13,24,39,18.5,2
PhG7,10,11,23,10.5,2
ANXXX434,10,9,21,9.5,2
AN17A008,9,9,20,9.0,2
SLP238,8,10,20,9.0,2
SNxx01,1,14,17,7.5,2
IN14A078,6,8,16,7.0,2
INXXX381,7,7,16,7.0,2
ps2 MN,7,7,16,7.0,2
b3 MN,8,5,15,6.5,2
ANXXX462a,6,6,14,6.0,2
INXXX316,5,7,14,6.0,2
tp2 MN,6,6,14,6.0,2
IN06B035,6,5,13,5.5,2
INXXX369,5,6,13,5.5,2
IN08B040,5,4,11,4.5,2
AN05B102b,4,4,10,4.0,2
INXXX405,4,4,10,4.0,2
"DLMn a, b",2,4,8,3.0,2
IN05B021,2,4,8,3.0,2
M_l2PNm15,2,4,8,3.0,2
SNpp53,1,4,7,2.5,2
MNhl59,1,3,6,2.0,2
AN09B059,2,1,5,1.5,2
IN08B083_a,1,0,3,0.5,2
DNp20,0,0,2,0.0,2
IN10B011,0,0,2,0.0,2
INXXX204,0,0,2,0.0,2
SNta29,150,128,279,139.0,1
SApp08,107,105,213,106.0,1
SNpp40,71,79,151,75.0,1
DNx02,73,74,148,73.5,1
SNpp52,70,71,142,70.5,1
JO-ED2_b,70,62,133,66.0,1
SNpp45,66,56,123,61.0,1
SNpp30,64,54,119,59.0,1
JO-FV,51,62,114,56.5,1
SAxx01,43,70,114,56.5,1
"SNta02,SNta09",53,45,99,49.0,1
SNxx03,53,44,98,48.5,1
JO-EV5,61,35,97,48.0,1
SNta25,40,56,97,48.0,1
"SNta11,SNta14",48,46,95,47.0,1
SNpp47,44,43,88,43.5,1
ORN_DP1m,44,41,86,42.5,1
SNta11,45,37,83,41.0,1
SNxx14,43,38,82,40.5,1
JO-EV2,43,35,79,39.0,1
SNpp43,32,46,79,39.0,1
SNpp51,42,36,79,39.0,1
SNta28,30,45,76,37.5,1
HRN_VP4,35,39,75,37.0,1
SNpp32,39,35,75,37.0,1
SNxx15,36,38,75,37.0,1
SNxx11,36,36,73,36.0,1
PhG9,37,34,72,35.5,1
HRN_VP1d,39,31,71,35.0,1
WG3,30,35,66,32.5,1
SApp13,32,31,64,31.5,1
SNxxxx,46,15,62,30.5,1
LB3c,27,31,59,29.0,1
LB3d,28,29,58,28.5,1
ORN_DM1,22,35,58,28.5,1
SNpp07,33,22,56,27.5,1
SApp23,26,27,54,26.5,1
SNta14,23,25,49,24.0,1
SApp01,26,20,47,23.0,1
ORN_VA2,19,26,46,22.5,1
SNxx26,21,23,45,22.0,1
TRN_VP2,16,28,45,22.0,1
ORN_VL2p,16,27,44,21.5,1
PhG8,22,20,43,21.0,1
"SNpp29,SNpp63",24,18,43,21.0,1
LB3a,22,19,42,20.5,1
SNpp62,19,22,42,20.5,1
dorsal_tpGRN,18,22,41,20.0,1
LgAG2,23,16,40,19.5,1
WG4,22,17,40,19.5,1
PhG4,19,19,39,19.0,1
ORN_VM7d,20,17,38,18.5,1
PhG10,17,20,38,18.5,1
LB3b,17,17,35,17.0,1
LgLG6,18,16,35,17.0,1
ORN_VM5d,14,18,33,16.0,1
WG1,16,16,33,16.0,1
LB1a,15,14,30,14.5,1
PhG6,10,14,25,12.0,1
DNg85,11,12,24,11.5,1
LgLG2,11,12,24,11.5,1
AN08B010,11,11,23,11.0,1
AN12B006,10,12,23,11.0,1
SNpp57,8,14,23,11.0,1
SNpp59,13,9,23,11.0,1
SNxx06,10,11,22,10.5,1
AN09B035,10,10,21,10.0,1
GNG175,8,12,21,10.0,1
ORN_VM4,5,15,21,10.0,1
IN05B001,10,9,20,9.5,1
LB4b,7,12,20,9.5,1
iii3 MN,8,11,20,9.5,1
mAL4E,12,7,20,9.5,1
GNG252,8,10,19,9.0,1
INXXX004,11,7,19,9.0,1
IN27X014,9,8,18,8.5,1
AN05B098,8,8,17,8.0,1
GNG217,5,11,17,8.0,1
LgAG6,11,5,17,8.0,1
LgLG7,8,8,17,8.0,1
LgLG8,9,7,17,8.0,1
WED099,8,8,17,8.0,1
i1 MN,8,8,17,8.0,1
IN02A008,7,7,15,7.0,1
LB4a,6,8,15,7.0,1
AN05B100,6,7,14,6.5,1
ANXXX462b,7,6,14,6.5,1
GNG485,7,6,14,6.5,1
VP1l+VP3_ilPN,6,7,14,6.5,1
AN09B017e,5,7,13,6.0,1
AN05B102c,6,5,12,5.5,1
GNG215,5,6,12,5.5,1
GNG232,6,5,12,5.5,1
ORN_DM4,6,5,12,5.5,1
Z_vPNml1,5,6,12,5.5,1
GNG550,4,6,11,5.0,1
IN13A044,6,4,11,5.0,1
mAL4F,5,5,11,5.0,1
AN05B105,4,5,10,4.5,1
AN07B040,5,4,10,4.5,1
IN17A011,5,4,10,4.5,1
IN17A090,5,4,10,4.5,1
hiii2 MN,4,5,10,4.5,1
AN01A086,5,3,9,4.0,1
DNg37,4,4,9,4.0,1
GNG072,4,4,9,4.0,1
IN09A044,3,5,9,4.0,1
VP3+VP1l_ivPN,4,4,9,4.0,1
GNG248,4,3,8,3.5,1
IN01A039,5,2,8,3.5,1
IN06B085,3,4,8,3.5,1
IN07B048,3,4,8,3.5,1
IN10B014,3,4,8,3.5,1
M_l2PN10t19,3,4,8,3.5,1
DLMn c-f,4,2,7,3.0,1
DNg26,2,4,7,3.0,1
DNge142,4,2,7,3.0,1
GNG041,3,3,7,3.0,1
IN06A023,2,4,7,3.0,1
IN10B006,3,3,7,3.0,1
IN18B031,4,2,7,3.0,1
INXXX054,3,3,7,3.0,1
GNG192,3,2,6,2.5,1
IN08B019,3,2,6,2.5,1
M_spPN4t9,3,2,6,2.5,1
M_vPNml60,2,3,6,2.5,1
V_ilPN,3,2,6,2.5,1
AN09B024,2,2,5,2.0,1
IN10B004,3,1,5,2.0,1
IN11B003,2,2,5,2.0,1
CB3201,1,2,4,1.5,1
IN12A019_b,2,1,4,1.5,1
INXXX343,2,1,4,1.5,1
dMS9,2,1,4,1.5,1
ps1 MN,1,2,4,1.5,1
ANXXX154,1,1,3,1.0,1
CB1314,2,0,3,1.0,1
GNG049,1,1,3,1.0,1
GNG586,1,1,3,1.0,1
IN06B054,2,0,3,1.0,1
IN27X007,1,1,3,1.0,1
SLP015_c,1,1,3,1.0,1
dMS5,1,1,3,1.0,1
CB2688,1,0,2,0.5,1
DNg72,0,1,2,0.5,1
IN07B027,0,1,2,0.5,1
IN08B083_b,0,1,2,0.5,1
IN18B034,1,0,2,0.5,1
IN19B047,0,1,2,0.5,1
LHAV4l1,1,0,2,0.5,1
SLP274,0,1,2,0.5,1
SLP287,1,0,2,0.5,1
AN08B031,0,0,1,0.0,1
CB3477,0,0,1,0.0,1
CB4121,0,0,1,0.0,1
DNg33,0,0,1,0.0,1
"DVMn 2a, b",0,0,1,0.0,1
GNG574,0,0,1,0.0,1
IN05B072_b,0,0,1,0.0,1
SLP179_a,0,0,1,0.0,1
vMS12_a,0,0,1,0.0,1
"SApp09,SApp22",155,161,316,158.0,0
BM_Taste,128,97,225,112.5,0
SNxx33,116,108,224,112.0,0
SNpp19,118,95,213,106.5,0
"SApp06,SApp15",86,119,205,102.5,0
SNta37,83,104,187,93.5,0
BM,98,86,184,92.0,0
SNta38,81,96,177,88.5,0
JO-EV1,98,61,159,79.5,0
BM_InOm,77,67,144,72.0,0
SNta20,56,82,138,69.0,0
aPhM2a,65,64,129,64.5,0
JO-ED2_a,72,56,128,64.0,0
SApp04,63,60,123,61.5,0
JO-CM,92,24,116,58.0,0
SNch01,58,57,115,57.5,0
JO-EV6,92,22,114,57.0,0
SNxx20,58,52,110,55.0,0
SNpp39,45,62,107,53.5,0
TPMN1,46,59,105,52.5,0
SNxx23,52,52,104,52.0,0
SAxx02,50,51,101,50.5,0
SNpp50,55,46,101,50.5,0
LgAG1,51,48,99,49.5,0
SNta04,49,50,99,49.5,0
SNta30,46,46,92,46.0,0
SNta03,49,42,91,45.5,0
ORN_DA1,37,52,89,44.5,0
SNch10,34,49,83,41.5,0
BM_Vib,48,34,82,41.0,0
aPhM3,51,31,82,41.0,0
SNxx29,44,35,79,39.5,0
claw_tpGRN,32,46,78,39.0,0
JO-ED2_c,49,26,75,37.5,0
SNta18,39,34,73,36.5,0
SNpp23,37,35,72,36.0,0
aPhM5,37,34,71,35.5,0
JO-ED1,44,26,70,35.0,0
GNG643,34,34,68,34.0,0
"SApp11,SApp18",37,30,67,33.5,0
SNta42,36,31,67,33.5,0
SApp14,41,25,66,33.0,0
SNpp33,41,25,66,33.0,0
TPMN2,30,36,66,33.0,0
BM_Hau,22,41,63,31.5,0
ENS2,31,32,63,31.5,0
ORN_DP1l,27,36,63,31.5,0
SNxx07,32,30,62,31.0,0
SNta43,36,25,61,30.5,0
PhG1b,29,29,58,29.0,0
JO-A2,56,0,56,28.0,0
aPhM4,28,28,56,28.0,0
ENS4,32,23,55,27.5,0
SNpp02,29,26,55,27.5,0
"SNta04,SNta11",21,34,55,27.5,0
SNxx25,31,24,55,27.5,0
JO-CL,43,11,54,27.0,0
aPhM1,24,29,53,26.5,0
ORN_VL2a,18,34,52,26.0,0
SNta26,34,18,52,26.0,0
SNpp10,24,26,50,25.0,0
TRN_VP1m,23,27,50,25.0,0
SNpp41,22,27,49,24.5,0
SNta31,27,22,49,24.5,0
SNxx17,23,26,49,24.5,0
SNta07,26,22,48,24.0,0
lLN2X02,23,25,48,24.0,0
LgAG7,20,26,46,23.0,0
WG2,26,20,46,23.0,0
SNta34,23,22,45,22.5,0
il3LN6,21,24,45,22.5,0
AN09B009,22,22,44,22.0,0
LgAG3,28,16,44,22.0,0
LgAG5,22,22,44,22.0,0
SNta33,25,19,44,22.0,0
TRN_VP3a,25,19,44,22.0,0
LB1b,21,22,43,21.5,0
ORN_DL2v,20,23,43,21.5,0
ORN_VM6v,15,28,43,21.5,0
SNpp58,20,23,43,21.5,0
SNxx02,23,19,42,21.0,0
BM_Vt_PoOc,21,20,41,20.5,0
ORN_VA6,23,18,41,20.5,0
SNxx21,19,21,40,20.0,0
AN05B009,18,21,39,19.5,0
IN23B006,21,18,39,19.5,0
JO-B4_b,33,6,39,19.5,0
SNxx08,19,20,39,19.5,0
ANXXX055,18,20,38,19.0,0
LB1e,14,24,38,19.0,0
ORN_DL5,17,21,38,19.0,0
SNpp28,23,15,38,19.0,0
SNpp35,18,20,38,19.0,0
SNta05,19,19,38,19.0,0
AN01B002,19,18,37,18.5,0
GNG642,17,20,37,18.5,0
ORN_DL2d,19,18,37,18.5,0
SNpp06,23,14,37,18.5,0
GNG016,17,19,36,18.0,0
ORN_VA1v,9,27,36,18.0,0
ORN_VL1,14,22,36,18.0,0
SNta27,10,26,36,18.0,0
BM_vOcci_vPoOr,11,24,35,17.5,0
ORN_DC1,17,18,35,17.5,0
DNge121,19,15,34,17.0,0
JO-B3,32,2,34,17.0,0
ORN_V,10,24,34,17.0,0
PhG13,18,16,34,17.0,0
PhG14,15,19,34,17.0,0
lLN2T_b,18,16,34,17.0,0
AN08B012,18,15,33,16.5,0
HRN_VP5,12,21,33,16.5,0
SNpp01,18,15,33,16.5,0
SNxx19,18,15,33,16.5,0
aPhM2b,17,16,33,16.5,0
lLN12A,18,15,33,16.5,0
lLN2F_b,19,14,33,16.5,0
AN09B023,17,15,32,16.0,0
AN17A004,14,18,32,16.0,0
DNge104,17,15,32,16.0,0
DNge122,16,16,32,16.0,0
IN05B011b,14,18,32,16.0,0
IN23B005,16,16,32,16.0,0
IN23B020,15,17,32,16.0,0
INXXX027,16,16,32,16.0,0
ORN_D,14,18,32,16.0,0
SNpp18,18,14,32,16.0,0
SNta13,17,15,32,16.0,0
AN17B005,16,15,31,15.5,0
GNG152,14,17,31,15.5,0
IN01B003,18,13,31,15.5,0
INXXX216,16,15,31,15.5,0
SNpp11,17,14,31,15.5,0
SNxx31,11,20,31,15.5,0
b1 MN,15,16,31,15.5,0
lLN2T_d,13,18,31,15.5,0
GNG022,14,16,30,15.0,0
GNG551,14,16,30,15.0,0
GNG654,12,18,30,15.0,0
INXXX007,16,14,30,15.0,0
LgLG4,16,14,30,15.0,0
PhG16,13,17,30,15.0,0
SNpp05,15,15,30,15.0,0
SNpp56,15,15,30,15.0,0
AN27X020,15,14,29,14.5,0
ANXXX027,15,14,29,14.5,0
ENS1,16,13,29,14.5,0
IN06B003,14,15,29,14.5,0
IN14A013,14,15,29,14.5,0
IN17B003,13,16,29,14.5,0
M_l2PNl20,12,17,29,14.5,0
ORN_VM7v,12,17,29,14.5,0
SNta32,14,15,29,14.5,0
SNxx28,17,12,29,14.5,0
SNxx30,21,8,29,14.5,0
lLN2R_a,15,14,29,14.5,0
AN17A018,14,14,28,14.0,0
DNg20,15,13,28,14.0,0
IN05B011a,13,15,28,14.0,0
IN06B027,16,12,28,14.0,0
IN11A025,14,14,28,14.0,0
IN12B007,15,13,28,14.0,0
IN17B004,15,13,28,14.0,0
IN23B037,17,11,28,14.0,0
JO-unclear,15,13,28,14.0,0
R7_unclear,13,15,28,14.0,0
AN17A003,14,13,27,13.5,0
ANXXX178,12,15,27,13.5,0
GNG301,12,15,27,13.5,0
IN13A004,15,12,27,13.5,0
IN17B001,13,14,27,13.5,0
LB2c,13,14,27,13.5,0
LgAG9,10,17,27,13.5,0
M_adPNm5,15,12,27,13.5,0
ORN_VA1d,8,19,27,13.5,0
PhG11,16,11,27,13.5,0
SNpp04,18,9,27,13.5,0
SNpp31,16,11,27,13.5,0
SNta23,8,19,27,13.5,0
SNta44,15,12,27,13.5,0
AN09B018,13,13,26,13.0,0
AN09B020,13,13,26,13.0,0
AN23B001,11,15,26,13.0,0
DNg67,14,12,26,13.0,0
GNG406,13,13,26,13.0,0
IN01A048,14,12,26,13.0,0
IN14A004,14,12,26,13.0,0
IN17A023,14,12,26,13.0,0
IN17B015,13,13,26,13.0,0
IN23B070,13,13,26,13.0,0
INXXX044,12,14,26,13.0,0
JO-A1,22,4,26,13.0,0
LgAG8,15,11,26,13.0,0
M_l2PNl21,15,11,26,13.0,0
M_lvPNm24,12,14,26,13.0,0
M_lvPNm25,12,14,26,13.0,0
ORN_VC1,9,17,26,13.0,0
PhG3,13,13,26,13.0,0
SNpp08,12,14,26,13.0,0
v2LN3A1_b,14,12,26,13.0,0
vLN24,16,10,26,13.0,0
AN05B076,14,11,25,12.5,0
AN08B018,13,12,25,12.5,0
AN09B013,12,13,25,12.5,0
AN09B014,12,13,25,12.5,0
AN09B032,11,14,25,12.5,0
AN12B004,14,11,25,12.5,0
AN17A076,13,12,25,12.5,0
ANXXX170,11,14,25,12.5,0
IN01A027,12,13,25,12.5,0
IN10B023,12,13,25,12.5,0
IN13A029,13,12,25,12.5,0
IN23B023,15,10,25,12.5,0
IN23B046,12,13,25,12.5,0
JO-B2,19,6,25,12.5,0
LN60,11,14,25,12.5,0
ORN_DA2,11,14,25,12.5,0
R7d,12,13,25,12.5,0
AN09B029,12,12,24,12.0,0
BM_MaPa,13,11,24,12.0,0
CB4246,13,11,24,12.0,0
ENS3,0,24,24,12.0,0
GNG078,14,10,24,12.0,0
GNG257,14,10,24,12.0,0
IN23B049,13,11,24,12.0,0
PRW049,11,13,24,12.0,0
SNpp12,12,12,24,12.0,0
SNxx09,13,11,24,12.0,0
SNxx22,9,15,24,12.0,0
Z_lvPNm1,11,13,24,12.0,0
ALIN7,11,12,23,11.5,0
AN05B096,13,10,23,11.5,0
AN09B036,12,11,23,11.5,0
AN17A024,10,13,23,11.5,0
CB3588,11,12,23,11.5,0
DNge132,13,10,23,11.5,0
GNG456,11,12,23,11.5,0
IN09A022,10,13,23,11.5,0
IN13A007,11,12,23,11.5,0
IN23B031,9,14,23,11.5,0
IN23B032,12,11,23,11.5,0
JO-B1_a,21,2,23,11.5,0
LgAG4,11,12,23,11.5,0
PRW047,10,13,23,11.5,0
PRW064,9,14,23,11.5,0
R7p,11,12,23,11.5,0
R7y,11,12,23,11.5,0
SNpp14,12,11,23,11.5,0
SNpp21,12,11,23,11.5,0
SNpp44,6,17,23,11.5,0
SNpp48,8,15,23,11.5,0
AN01A021,11,11,22,11.0,0
AN09B033,12,10,22,11.0,0
AN10B022,10,12,22,11.0,0
AN23B002,13,9,22,11.0,0
ANXXX041,13,9,22,11.0,0
DNg57,10,12,22,11.0,0
DNg83,11,11,22,11.0,0
DNg87,10,12,22,11.0,0
DNge067,9,13,22,11.0,0
GNG195,12,10,22,11.0,0
GNG319,10,12,22,11.0,0
IN01A031,12,10,22,11.0,0
IN08A017,10,12,22,11.0,0
IN13A022,11,11,22,11.0,0
IN14A011,11,11,22,11.0,0
IN23B025,12,10,22,11.0,0
M_l2PNm14,11,11,22,11.0,0
ORN_DC3,9,13,22,11.0,0
ORN_VM5v,9,13,22,11.0,0
PRW053,9,13,22,11.0,0
PhG5,10,12,22,11.0,0
SNpp09,10,12,22,11.0,0
lLN2F_a,13,9,22,11.0,0
tpn MN,10,12,22,11.0,0
v2LN36,13,9,22,11.0,0
vLN25,9,13,22,11.0,0
AN05B023d,11,10,21,10.5,0
AN05B102d,11,10,21,10.5,0
AN09B007,11,10,21,10.5,0
AN09B017d,10,11,21,10.5,0
AN17B016,12,9,21,10.5,0
ANXXX033,10,11,21,10.5,0
ANXXX086,10,11,21,10.5,0
CB1824,12,9,21,10.5,0
DNg15,10,11,21,10.5,0
GNG453,11,10,21,10.5,0
GNG487,8,13,21,10.5,0
IN01B065,11,10,21,10.5,0
IN06B077,11,10,21,10.5,0
IN12A005,11,10,21,10.5,0
IN13B013,11,10,21,10.5,0
INXXX100,9,12,21,10.5,0
INXXX224,9,12,21,10.5,0
LN-DN1,7,14,21,10.5,0
ORN_DM2,8,13,21,10.5,0
PRW024,12,9,21,10.5,0
R8_unclear,10,11,21,10.5,0
"SApp23,SNpp56",12,9,21,10.5,0
SNpp61,11,10,21,10.5,0
SNta45,8,13,21,10.5,0
AMMC029,12,8,20,10.0,0
AN05B035,11,9,20,10.0,0
AN05B102a,10,10,20,10.0,0
AN08B007,12,8,20,10.0,0
AN13B002,11,9,20,10.0,0
ANXXX120,10,10,20,10.0,0
DNg103,11,9,20,10.0,0
DNg81,10,10,20,10.0,0
GNG219,11,9,20,10.0,0
GNG610,8,12,20,10.0,0
GNG621,11,9,20,10.0,0
IN01A012,10,10,20,10.0,0
IN02A059,10,10,20,10.0,0
IN03B046,11,9,20,10.0,0
IN04B100,8,12,20,10.0,0
IN08B017,9,11,20,10.0,0
IN09A024,10,10,20,10.0,0
IN11A014,10,10,20,10.0,0
IN12B004,10,10,20,10.0,0
"IN17A059,IN17A063",10,10,20,10.0,0
IN23B030,11,9,20,10.0,0
LgLG5,11,9,20,10.0,0
ORN_DL1,11,9,20,10.0,0
ORN_VC5,6,14,20,10.0,0
PRW046,8,12,20,10.0,0
R8p,11,9,20,10.0,0
R8y,10,10,20,10.0,0
SNxx24,12,8,20,10.0,0
l2LN19,9,11,20,10.0,0
lLN2X11,9,11,20,10.0,0
ALIN5,11,8,19,9.5,0
AMMC021,9,10,19,9.5,0
AN05B023a,10,9,19,9.5,0
AN05B023c,11,8,19,9.5,0
AN09B017a,11,8,19,9.5,0
ANXXX093,8,11,19,9.5,0
CB0758,12,7,19,9.5,0
DNg29,13,6,19,9.5,0
DNg48,9,10,19,9.5,0
DNg59,8,11,19,9.5,0
GNG035,10,9,19,9.5,0
GNG156,7,12,19,9.5,0
GNG516,10,9,19,9.5,0
IN01A017,12,7,19,9.5,0
IN01A059,9,10,19,9.5,0
IN01A061,9,10,19,9.5,0
IN01B020,9,10,19,9.5,0
IN01B024,9,10,19,9.5,0
IN01B042,9,10,19,9.5,0
IN02A044,9,10,19,9.5,0
IN03B049,10,9,19,9.5,0
IN13A024,11,8,19,9.5,0
IN14A012,8,11,19,9.5,0
IN14A015,11,8,19,9.5,0
INXXX133,8,11,19,9.5,0
M_lvPNm35,10,9,19,9.5,0
SAD113,12,7,19,9.5,0
SNpp15,11,8,19,9.5,0
SNxx32,8,11,19,9.5,0
b2 MN,11,8,19,9.5,0
AN06B089,8,10,18,9.0,0
AN12B001,9,9,18,9.0,0
AN17B007,10,8,18,9.0,0
ANXXX024,8,10,18,9.0,0
ANXXX057,10,8,18,9.0,0
ANXXX092,8,10,18,9.0,0
CB1048,8,10,18,9.0,0
DNg84,10,8,18,9.0,0
DNge065,10,8,18,9.0,0
DNpe007,9,9,18,9.0,0
GNG075,9,9,18,9.0,0
GNG097,10,8,18,9.0,0
GNG636,12,6,18,9.0,0
HRN_VP1l,5,13,18,9.0,0
IN01A007,9,9,18,9.0,0
IN01A065,9,9,18,9.0,0
IN01B010,9,9,18,9.0,0
IN01B074,8,10,18,9.0,0
IN03A009,10,8,18,9.0,0
IN03A029,10,8,18,9.0,0
IN04B036,10,8,18,9.0,0
IN06B012,8,10,18,9.0,0
IN06B016,9,9,18,9.0,0
IN08B085_a,8,10,18,9.0,0
IN11A022,8,10,18,9.0,0
IN12A007,9,9,18,9.0,0
IN12B011,11,7,18,9.0,0
IN12B016,10,8,18,9.0,0
IN13B008,8,10,18,9.0,0
IN13B025,10,8,18,9.0,0
IN14A024,11,7,18,9.0,0
IN17A013,9,9,18,9.0,0
IN23B009,9,9,18,9.0,0
IN23B024,9,9,18,9.0,0
INXXX331,9,9,18,9.0,0
INXXX428,10,8,18,9.0,0
LB2a,10,8,18,9.0,0
LN-DN2,10,8,18,9.0,0
M_vPNml53,8,10,18,9.0,0
ORN_DC2,8,10,18,9.0,0
ORN_VC4,8,10,18,9.0,0
PhG15,7,11,18,9.0,0
SAD107,12,6,18,9.0,0
SAD111,12,6,18,9.0,0
SAD112_a,12,6,18,9.0,0
SNpp26,10,8,18,9.0,0
SNta35,5,13,18,9.0,0
SNxx10,6,12,18,9.0,0
AMMC006,8,9,17,8.5,0
AN09B027,9,8,17,8.5,0
AN09B030,7,10,17,8.5,0
AN17A031,9,8,17,8.5,0
AN17B009,9,8,17,8.5,0
AN17B011,9,8,17,8.5,0
AN17B012,7,10,17,8.5,0
ANXXX151,9,8,17,8.5,0
CB4176,9,8,17,8.5,0
DNge100,7,10,17,8.5,0
GNG126,9,8,17,8.5,0
GNG187,8,9,17,8.5,0
GNG510,9,8,17,8.5,0
IN01B017,10,7,17,8.5,0
IN01B056,7,10,17,8.5,0
IN01B090,8,9,17,8.5,0
IN03A094,11,6,17,8.5,0
IN04B002,7,10,17,8.5,0
IN05B016,9,8,17,8.5,0
IN10B030,10,7,17,8.5,0
IN12B036,9,8,17,8.5,0
IN13B014,9,8,17,8.5,0
IN13B054,10,7,17,8.5,0
IN14A008,10,7,17,8.5,0
"IN19B045,IN19B052",8,9,17,8.5,0
IN20A.22A007,8,9,17,8.5,0
IN23B013,8,9,17,8.5,0
IN23B039,11,6,17,8.5,0
IN23B067_c,8,9,17,8.5,0
M_adPNm8,8,9,17,8.5,0
M_lvPNm26,8,9,17,8.5,0
M_lvPNm39,9,8,17,8.5,0
SAD076,10,7,17,8.5,0
SAD093,12,5,17,8.5,0
SAD112_c,12,5,17,8.5,0
SNpp37,14,3,17,8.5,0
SNta06,10,7,17,8.5,0
"SNxx27,SNxx29",10,7,17,8.5,0
VP2+Z_lvPN,8,9,17,8.5,0
AMMC022,9,7,16,8.0,0
AN05B025,6,10,16,8.0,0
AN06B014,7,9,16,8.0,0
AN06B031,7,9,16,8.0,0
AN09B017g,9,7,16,8.0,0
AN10B020,7,9,16,8.0,0
AN17A002,7,9,16,8.0,0
AN17A013,7,9,16,8.0,0
AN23B010,6,10,16,8.0,0
AN27X021,7,9,16,8.0,0
ANXXX007,8,8,16,8.0,0
ANXXX026,10,6,16,8.0,0
ANXXX202,7,9,16,8.0,0
AVLP447,9,7,16,8.0,0
CB0598,9,7,16,8.0,0
CB3870,8,8,16,8.0,0
DNx01,8,8,16,8.0,0
Dm9,8,8,16,8.0,0
GNG037,8,8,16,8.0,0
GNG038,8,8,16,8.0,0
GNG055,7,9,16,8.0,0
GNG057,10,6,16,8.0,0
GNG061,7,9,16,8.0,0
GNG125,8,8,16,8.0,0
GNG141,8,8,16,8.0,0
GNG394,8,8,16,8.0,0
GNG488,7,9,16,8.0,0
GNG622,9,7,16,8.0,0
IN01A011,8,8,16,8.0,0
IN03B053,7,9,16,8.0,0
IN03B058,8,8,16,8.0,0
IN05B002,8,8,16,8.0,0
IN06B070,7,9,16,8.0,0
IN09A019,10,6,16,8.0,0
IN09B014,7,9,16,8.0,0
IN12A006,8,8,16,8.0,0
IN13A002,7,9,16,8.0,0
IN13B026,5,11,16,8.0,0
IN13B027,9,7,16,8.0,0
IN16B087,7,9,16,8.0,0
IN23B007,8,8,16,8.0,0
IN23B014,6,10,16,8.0,0
IN23B060,6,10,16,8.0,0
IN23B085,7,9,16,8.0,0
IN23B074,6,10,16,8.0,0
INXXX119,7,9,16,8.0,0
INXXX142,8,8,16,8.0,0
INXXX256,8,8,16,8.0,0
INXXX261,8,8,16,8.0,0
INXXX339,10,6,16,8.0,0
JO-B1_c,16,0,16,8.0,0
JO-CA1,15,1,16,8.0,0
M_lPNm11C,8,8,16,8.0,0
ORN_VC3,5,11,16,8.0,0
PRW013,6,10,16,8.0,0
PRW048,8,8,16,8.0,0
PhG12,9,7,16,8.0,0
mAL4H,8,8,16,8.0,0
mAL4I,7,9,16,8.0,0
tp1 MN,7,9,16,8.0,0
AMMC037,8,7,15,7.5,0
AMMC020,8,7,15,7.5,0
AN05B023b,7,8,15,7.5,0
AN05B106,7,8,15,7.5,0
AN05B107,7,8,15,7.5,0
AN05B062,8,7,15,7.5,0
AN06B090,7,8,15,7.5,0
AN09B017c,8,7,15,7.5,0
AN10B047,7,8,15,7.5,0
ANXXX404,7,8,15,7.5,0
CB2558,8,7,15,7.5,0
DNg23,10,5,15,7.5,0
GNG045,9,6,15,7.5,0
GNG271,9,6,15,7.5,0
GNG350,8,7,15,7.5,0
GNG400,6,9,15,7.5,0
GNG429,8,7,15,7.5,0
GNG484,6,9,15,7.5,0
GNG639,6,9,15,7.5,0
HBeyelet,9,6,15,7.5,0
IN01B006,8,7,15,7.5,0
IN01B016,6,9,15,7.5,0
IN01B025,9,6,15,7.5,0
IN01B027_a,7,8,15,7.5,0
IN03A071,7,8,15,7.5,0
IN04B077,9,6,15,7.5,0
IN05B010,7,8,15,7.5,0
IN06A021,7,8,15,7.5,0
IN06A076_a,8,7,15,7.5,0
IN06B069,8,7,15,7.5,0
IN06B074,7,8,15,7.5,0
IN07B012,8,7,15,7.5,0
IN11B015,7,8,15,7.5,0
IN13A015,8,7,15,7.5,0
IN13B007,7,8,15,7.5,0
IN13B057,8,7,15,7.5,0
IN14A001,8,7,15,7.5,0
IN14A009,9,6,15,7.5,0
IN14A028,8,7,15,7.5,0
IN14B008,6,9,15,7.5,0
"IN17A080,IN17A083",7,8,15,7.5,0
IN17A099,8,7,15,7.5,0
IN19B031,8,7,15,7.5,0
INXXX198,8,7,15,7.5,0
LB2b,2,13,15,7.5,0
MNad25,8,7,15,7.5,0
MNml29,9,6,15,7.5,0
MNxm01,8,7,15,7.5,0
M_lvPNm46,8,7,15,7.5,0
ORN_VA3,2,13,15,7.5,0
PhG1a,7,8,15,7.5,0
SAD004,10,5,15,7.5,0
SAD112_b,11,4,15,7.5,0
SApp21,5,10,15,7.5,0
SLP235,10,5,15,7.5,0
SNpp42,8,7,15,7.5,0
VM6_lvPN,7,8,15,7.5,0
lLN2X12,9,6,15,7.5,0
mAL4B,6,9,15,7.5,0
ALIN1,7,7,14,7.0,0
AMMC038,7,7,14,7.0,0
AMMC028,9,5,14,7.0,0
AMMC032,8,6,14,7.0,0
AMMC033,8,6,14,7.0,0
AN04A001,8,6,14,7.0,0
AN05B004,7,7,14,7.0,0
AN17A026,9,5,14,7.0,0
AN17A062,7,7,14,7.0,0
AN27X024,9,5,14,7.0,0
ANXXX082,8,6,14,7.0,0
ANXXX106,6,8,14,7.0,0
CB1076,12,2,14,7.0,0
CB3320,7,7,14,7.0,0
DA4m_adPN,6,8,14,7.0,0
DNg106,7,7,14,7.0,0
DNge056,7,7,14,7.0,0
DNge145,10,4,14,7.0,0
GNG032,7,7,14,7.0,0
GNG083,8,6,14,7.0,0
GNG155,5,9,14,7.0,0
GNG280,6,8,14,7.0,0
GNG328,7,7,14,7.0,0
GNG380,6,8,14,7.0,0
GNG409,6,8,14,7.0,0
GNG449,7,7,14,7.0,0
GNG481,6,8,14,7.0,0
IN01B007,7,7,14,7.0,0
IN01B027_b,8,6,14,7.0,0
IN02A042,6,8,14,7.0,0
IN03A052,7,7,14,7.0,0
IN03A092,7,7,14,7.0,0
IN04B011,6,8,14,7.0,0
IN06A050,8,6,14,7.0,0
IN06B063,7,7,14,7.0,0
IN09A004,7,7,14,7.0,0
IN09A027,6,8,14,7.0,0
IN09A092,8,6,14,7.0,0
IN10B032,7,7,14,7.0,0
IN10B042,9,5,14,7.0,0
IN12B033,8,6,14,7.0,0
IN14A109,7,7,14,7.0,0
IN16B069,7,7,14,7.0,0
IN19B045,7,7,14,7.0,0
IN23B018,7,7,14,7.0,0
IN23B047,9,5,14,7.0,0
INXXX114,9,5,14,7.0,0
INXXX446,7,7,14,7.0,0
ORN_DM3,5,9,14,7.0,0
ORN_DM6,7,7,14,7.0,0
PRW017,7,7,14,7.0,0
PRW031,6,8,14,7.0,0
SAD052,11,3,14,7.0,0
SNta19,13,1,14,7.0,0
"SNta22,SNta33",7,7,14,7.0,0
mAL4G,6,8,14,7.0,0
mAL6,7,7,14,7.0,0
v2LN33,7,7,14,7.0,0
v2LN34D,7,7,14,7.0,0
v2LN37,6,8,14,7.0,0
ALON2,7,6,13,6.5,0
AMMC005,7,6,13,6.5,0
AMMC024,7,6,13,6.5,0
AMMC031,6,7,13,6.5,0
AN05B052,7,6,13,6.5,0
AN08B005,7,6,13,6.5,0
AN09B015,7,6,13,6.5,0
AN09B019,7,6,13,6.5,0
AN10B021,6,7,13,6.5,0
AN10B053,5,8,13,6.5,0
AN17B002,7,6,13,6.5,0
AN18B004,6,7,13,6.5,0
CB3743,10,3,13,6.5,0
DNg35,7,6,13,6.5,0
DNge025,8,5,13,6.5,0
DNge093,7,6,13,6.5,0
DNge128,7,6,13,6.5,0
GNG042,6,7,13,6.5,0
GNG147,6,7,13,6.5,0
GNG165,6,7,13,6.5,0
GNG172,6,7,13,6.5,0
GNG188,4,9,13,6.5,0
GNG254,6,7,13,6.5,0
GNG356,9,4,13,6.5,0
GNG377,7,6,13,6.5,0
GNG397,5,8,13,6.5,0
GNG407,7,6,13,6.5,0
GNG430_a,8,5,13,6.5,0
GNG465,6,7,13,6.5,0
GNG609,4,9,13,6.5,0
IN01B073,7,6,13,6.5,0
IN02A007,7,6,13,6.5,0
IN03A068,5,8,13,6.5,0
IN03B031,4,9,13,6.5,0
IN03B084,7,6,13,6.5,0
IN04B044,6,7,13,6.5,0
IN04B064,7,6,13,6.5,0
IN04B068,5,8,13,6.5,0
IN06A037,7,6,13,6.5,0
IN06B028,7,6,13,6.5,0
IN08A036,7,6,13,6.5,0
IN08B051_d,7,6,13,6.5,0
IN08B073,7,6,13,6.5,0
IN09A023,6,7,13,6.5,0
IN10B033,8,5,13,6.5,0
IN10B050,7,6,13,6.5,0
IN12B065,9,4,13,6.5,0
IN13A028,6,7,13,6.5,0
IN17A041,5,8,13,6.5,0
IN17B006,7,6,13,6.5,0
IN19B086,8,5,13,6.5,0
IN20A.22A006,6,7,13,6.5,0
IN20A.22A074,8,5,13,6.5,0
IN23B008,6,7,13,6.5,0
IN23B036,7,6,13,6.5,0
IN23B040,6,7,13,6.5,0
IN23B043,4,9,13,6.5,0
INXXX025,5,8,13,6.5,0
INXXX042,5,8,13,6.5,0
INXXX173,6,7,13,6.5,0
INXXX258,7,6,13,6.5,0
INXXX281,6,7,13,6.5,0
INXXX321,7,6,13,6.5,0
INXXX364,7,6,13,6.5,0
INXXX370,7,6,13,6.5,0
INXXX395,6,7,13,6.5,0
INXXX400,6,7,13,6.5,0
INXXX406,7,6,13,6.5,0
JO-B1_b,11,2,13,6.5,0
MNnm13,6,7,13,6.5,0
MZ_lv2PN,7,6,13,6.5,0
M_adPNm7,4,9,13,6.5,0
M_lPNm11B,7,6,13,6.5,0
M_vPNml65,5,8,13,6.5,0
M_vPNml69,8,5,13,6.5,0
M_vPNml72,7,6,13,6.5,0
ORN_VM6l,0,13,13,6.5,0
PRW038,5,8,13,6.5,0
SAD077,6,7,13,6.5,0
SLP234,6,7,13,6.5,0
SLP237,7,6,13,6.5,0
SNpp20,6,7,13,6.5,0
SNpp38,8,5,13,6.5,0
SNta41,9,4,13,6.5,0
VP1d+VP4_l2PN1,6,7,13,6.5,0
hDVM MN,7,6,13,6.5,0
lLN8,6,7,13,6.5,0
v2LN3A,4,9,13,6.5,0
vMS13,7,6,13,6.5,0
AMMC012,6,6,12,6.0,0
AMMC015,8,4,12,6.0,0
AMMC035,7,5,12,6.0,0
AMMC036,8,4,12,6.0,0
AMMC030,7,5,12,6.0,0
AN06B039,6,6,12,6.0,0
AN08B023,4,8,12,6.0,0
AN08B013,5,7,12,6.0,0
AN10B037,4,8,12,6.0,0
AN18B019,5,7,12,6.0,0
AN27X022,8,4,12,6.0,0
ANXXX136,6,6,12,6.0,0
CB0607,6,6,12,6.0,0
CB2153,10,2,12,6.0,0
CB3865,8,4,12,6.0,0
DNge133,6,6,12,6.0,0
DNge172,7,5,12,6.0,0
DNpe030,6,6,12,6.0,0
Dm11,6,6,12,6.0,0
GNG039,7,5,12,6.0,0
GNG068,5,7,12,6.0,0
GNG099,7,5,12,6.0,0
GNG102,5,7,12,6.0,0
GNG086,6,6,12,6.0,0
GNG179,7,5,12,6.0,0
GNG203,5,7,12,6.0,0
GNG230,6,6,12,6.0,0
GNG238,7,5,12,6.0,0
GNG320,7,5,12,6.0,0
GNG354,6,6,12,6.0,0
GNG393,6,6,12,6.0,0
GNG430_b,7,5,12,6.0,0
GNG454,6,6,12,6.0,0
GNG666,7,5,12,6.0,0
IN01B012,6,6,12,6.0,0
IN01B046_a,5,7,12,6.0,0
IN01B046_b,7,5,12,6.0,0
IN01B083_c,6,6,12,6.0,0
IN03A027,5,7,12,6.0,0
IN03B091,6,6,12,6.0,0
IN04B001,6,6,12,6.0,0
IN05B022,6,6,12,6.0,0
IN06A038,7,5,12,6.0,0
IN06A042,6,6,12,6.0,0
IN06A075,5,7,12,6.0,0
IN06B032,6,6,12,6.0,0
IN09A013,5,7,12,6.0,0
IN09A016,6,6,12,6.0,0
IN09A018,6,6,12,6.0,0
IN09A031,6,6,12,6.0,0
IN10B003,6,6,12,6.0,0
IN10B044,5,7,12,6.0,0
IN13A010,6,6,12,6.0,0
IN13A036,4,8,12,6.0,0
IN13B090,6,6,12,6.0,0
IN14A017,7,5,12,6.0,0
IN14A052,6,6,12,6.0,0
IN14A090,5,7,12,6.0,0
IN14A104,7,5,12,6.0,0
IN16B047,7,5,12,6.0,0
IN16B063,5,7,12,6.0,0
IN16B079,5,7,12,6.0,0
IN16B093,6,6,12,6.0,0
IN17A016,4,8,12,6.0,0
IN19B041,7,5,12,6.0,0
IN19B062,6,6,12,6.0,0
IN19B058,5,7,12,6.0,0
IN19B103,7,5,12,6.0,0
IN20A.22A004,5,7,12,6.0,0
IN27X023,6,6,12,6.0,0
INXXX201,5,7,12,6.0,0
INXXX245,6,6,12,6.0,0
INXXX253,7,5,12,6.0,0
INXXX424,7,5,12,6.0,0
"MNad18,MNad27",6,6,12,6.0,0
M_l2PNl22,7,5,12,6.0,0
M_lPNm11A,6,6,12,6.0,0
M_vPNml57,5,7,12,6.0,0
M_vPNml73,6,6,12,6.0,0
ORN_DA4m,5,7,12,6.0,0
PRW025,5,7,12,6.0,0
PRW070,7,5,12,6.0,0
SAD114,5,7,12,6.0,0
SNpp49,5,7,12,6.0,0
SNta10,7,5,12,6.0,0
TTMn,6,6,12,6.0,0
VM6_adPN,6,6,12,6.0,0
lLN10,6,6,12,6.0,0
v2LN30,7,5,12,6.0,0
AMMC007,7,4,11,5.5,0
AMMC023,5,6,11,5.5,0
AMMC027,7,4,11,5.5,0
AN04B004,5,6,11,5.5,0
AN07B025,7,4,11,5.5,0
AN07B082_c,6,5,11,5.5,0
AN10B019,5,6,11,5.5,0
AN17A009,6,5,11,5.5,0
AN17A015,5,6,11,5.5,0
AN19B061,5,6,11,5.5,0
ANXXX169,5,6,11,5.5,0
ANXXX196,5,6,11,5.5,0
AVLP445,5,6,11,5.5,0
CB1545,5,6,11,5.5,0
CB2440,5,6,11,5.5,0
CB2521,10,1,11,5.5,0
DL2d_vPN,6,5,11,5.5,0
DNde006,7,4,11,5.5,0
DNg07,7,4,11,5.5,0
DNg99,10,1,11,5.5,0
DNge078,5,6,11,5.5,0
DNge111,8,3,11,5.5,0
DNxl114,5,6,11,5.5,0
GNG044,5,6,11,5.5,0
GNG066,5,6,11,5.5,0
GNG081,5,6,11,5.5,0
GNG087,5,6,11,5.5,0
GNG196,4,7,11,5.5,0
GNG237,4,7,11,5.5,0
GNG249,6,5,11,5.5,0
GNG255,6,5,11,5.5,0
GNG379,6,5,11,5.5,0
GNG446,7,4,11,5.5,0
GNG511,5,6,11,5.5,0
GNG593,5,6,11,5.5,0
GNG617,6,5,11,5.5,0
GNG620,6,5,11,5.5,0
GNG669,7,4,11,5.5,0
IN01A005,6,5,11,5.5,0
IN01A036,8,3,11,5.5,0
IN01B022,5,6,11,5.5,0
IN01B062,5,6,11,5.5,0
IN01B078,7,4,11,5.5,0
IN02A040,6,5,11,5.5,0
IN03A081,6,5,11,5.5,0
IN03B056,6,5,11,5.5,0
IN03B069,6,5,11,5.5,0
IN05B028,6,5,11,5.5,0
IN06A003,7,4,11,5.5,0
IN06A067_e,5,6,11,5.5,0
IN07B028,5,6,11,5.5,0
IN07B090,4,7,11,5.5,0
IN08A011,5,6,11,5.5,0
IN08A024,6,5,11,5.5,0
IN08B080,6,5,11,5.5,0
IN09A017,6,5,11,5.5,0
IN09A029,6,5,11,5.5,0
IN09A082,6,5,11,5.5,0
IN09B006,4,7,11,5.5,0
IN10B055,7,4,11,5.5,0
IN10B057,7,4,11,5.5,0
IN10B059,7,4,11,5.5,0
IN11B019,6,5,11,5.5,0
IN12B002,5,6,11,5.5,0
IN12B022,6,5,11,5.5,0
IN12B031,7,4,11,5.5,0
IN13A005,4,7,11,5.5,0
IN14A002,7,4,11,5.5,0
IN14A006,6,5,11,5.5,0
IN14A010,6,5,11,5.5,0
IN14A014,8,3,11,5.5,0
IN14A059,6,5,11,5.5,0
IN14A062,5,6,11,5.5,0
IN16B039,6,5,11,5.5,0
IN16B048,8,3,11,5.5,0
IN16B106,6,5,11,5.5,0
IN16B099,6,5,11,5.5,0
IN18B012,6,5,11,5.5,0
IN19A030,4,7,11,5.5,0
IN19B008,6,5,11,5.5,0
IN19B066,5,6,11,5.5,0
IN20A.22A005,5,6,11,5.5,0
IN20A.22A054,5,6,11,5.5,0
IN23B012,5,6,11,5.5,0
IN23B056,5,6,11,5.5,0
IN23B058,5,6,11,5.5,0
IN23B067_b,4,7,11,5.5,0
IN23B083,6,5,11,5.5,0
IN26X002,7,4,11,5.5,0
INXXX036,7,4,11,5.5,0
INXXX065,5,6,11,5.5,0
INXXX073,7,4,11,5.5,0
INXXX143,6,5,11,5.5,0
INXXX276,3,8,11,5.5,0
INXXX282,6,5,11,5.5,0
INXXX332,6,5,11,5.5,0
JO-FD2,5,6,11,5.5,0
L3,5,6,11,5.5,0
M_adPNm3,6,5,11,5.5,0
M_lPNm12,4,7,11,5.5,0
M_lvPNm33,5,6,11,5.5,0
M_lvPNm41,4,7,11,5.5,0
ORN_VC2,6,5,11,5.5,0
ORN_VM6m,4,7,11,5.5,0
PRW027,6,5,11,5.5,0
PRW043,5,6,11,5.5,0
Pleural remotor/abductor MN,5,6,11,5.5,0
SAD051_b,9,2,11,5.5,0
SAD116,8,3,11,5.5,0
SNxx16,4,7,11,5.5,0
Tergopleural/Pleural promotor MN,7,4,11,5.5,0
VP4+VL1_l2PN,6,5,11,5.5,0
VP5+Z_adPN,6,5,11,5.5,0
lLN15,5,6,11,5.5,0
v2LN38,5,6,11,5.5,0
v2LN39a,6,5,11,5.5,0
AMMC014,7,3,10,5.0,0
AMMC034_b,9,1,10,5.0,0
AMMC026,5,5,10,5.0,0
AN01B018,3,7,10,5.0,0
AN02A001,5,5,10,5.0,0
AN07B063,4,6,10,5.0,0
AN07B082_d,5,5,10,5.0,0
AN07B106,4,6,10,5.0,0
AN08B016,6,4,10,5.0,0
AN10B034,5,5,10,5.0,0
AN12B017,6,4,10,5.0,0
AN17B013,7,3,10,5.0,0
AN19B032,4,6,10,5.0,0
AN19B098,5,5,10,5.0,0
AN27X009,4,6,10,5.0,0
AN27X017,5,5,10,5.0,0
ANXXX157,5,5,10,5.0,0
ANXXX264,6,4,10,5.0,0
CB0090,7,3,10,5.0,0
CB1094,6,4,10,5.0,0
CB2431,6,4,10,5.0,0
CB2664,7,3,10,5.0,0
CB3646,6,4,10,5.0,0
DNg09_a,9,1,10,5.0,0
DNge012,5,5,10,5.0,0
DNge044,5,5,10,5.0,0
DNge084,6,4,10,5.0,0
DNge090,5,5,10,5.0,0
DNge154,6,4,10,5.0,0
GNG033,4,6,10,5.0,0
GNG054,6,4,10,5.0,0
GNG090,3,7,10,5.0,0
GNG132,5,5,10,5.0,0
GNG174,4,6,10,5.0,0
GNG221,6,4,10,5.0,0
GNG229,6,4,10,5.0,0
GNG253,4,6,10,5.0,0
GNG266,7,3,10,5.0,0
GNG412,5,5,10,5.0,0
GNG448,4,6,10,5.0,0
GNG452,5,5,10,5.0,0
GNG490,7,3,10,5.0,0
GNG598,5,5,10,5.0,0
GNG634,5,5,10,5.0,0
IN01A024,3,7,10,5.0,0
IN01A051,5,5,10,5.0,0
IN01B039,4,6,10,5.0,0
IN01B053,5,5,10,5.0,0
IN01B060,4,6,10,5.0,0
IN01B079,6,4,10,5.0,0
IN03A007,5,5,10,5.0,0
IN03A019,4,6,10,5.0,0
IN03A032,6,4,10,5.0,0
IN03A055,4,6,10,5.0,0
IN03A093,3,7,10,5.0,0
IN04B054_b,5,5,10,5.0,0
IN06A104,4,6,10,5.0,0
IN07B096_d,6,4,10,5.0,0
IN08B042,5,5,10,5.0,0
IN09A020,5,5,10,5.0,0
IN09A039,4,6,10,5.0,0
IN09A073,7,3,10,5.0,0
IN09A078,6,4,10,5.0,0
IN09A088,7,3,10,5.0,0
IN10B031,6,4,10,5.0,0
IN10B058,4,6,10,5.0,0
IN11B018,6,4,10,5.0,0
IN12B029,5,5,10,5.0,0
IN12B059,5,5,10,5.0,0
IN12B063_c,7,3,10,5.0,0
IN12B073,5,5,10,5.0,0
IN12B081,5,5,10,5.0,0
IN13A059,6,4,10,5.0,0
IN14A077,4,6,10,5.0,0
IN14A074,4,6,10,5.0,0
IN16B072,5,5,10,5.0,0
IN16B059,5,5,10,5.0,0
IN16B064,4,6,10,5.0,0
IN17A019,3,7,10,5.0,0
IN17A029,5,5,10,5.0,0
IN17A057,6,4,10,5.0,0
IN17A060,6,4,10,5.0,0
"IN17A043,IN17A046",6,4,10,5.0,0
"IN17A071,IN17A081",5,5,10,5.0,0
IN17A079,5,5,10,5.0,0
IN19A029,5,5,10,5.0,0
IN19B043,5,5,10,5.0,0
IN19B072,4,6,10,5.0,0
IN20A.22A046,4,6,10,5.0,0
"IN20A.22A061,IN20A.22A068",4,6,10,5.0,0
IN20A.22A070,5,5,10,5.0,0
IN20A.22A077,4,6,10,5.0,0
IN21A015,4,6,10,5.0,0
IN23B057,5,5,10,5.0,0
IN23B081,4,6,10,5.0,0
INXXX135,6,4,10,5.0,0
INXXX244,5,5,10,5.0,0
INXXX450,4,6,10,5.0,0
M_lvPNm37,6,4,10,5.0,0
M_lvPNm38,4,6,10,5.0,0
M_vPNml88,4,6,10,5.0,0
ORN_VM1,4,6,10,5.0,0
ORN_VM2,4,6,10,5.0,0
PRW016,4,6,10,5.0,0
PRW026,5,5,10,5.0,0
PS089,5,5,10,5.0,0
SAD080,5,5,10,5.0,0
SAD110,6,4,10,5.0,0
SNta40,9,1,10,5.0,0
STTMm,6,4,10,5.0,0
Sternal posterior rotator MN,4,6,10,5.0,0
VA7m_lPN,6,4,10,5.0,0
VL2p_adPN,5,5,10,5.0,0
VP1l+_lvPN,7,3,10,5.0,0
hi2 MN,7,3,10,5.0,0
v2LN31,5,5,10,5.0,0
v2LN34A,5,5,10,5.0,0
v2LNX01,5,5,10,5.0,0
AMMC013,6,3,9,4.5,0
AMMC019,5,4,9,4.5,0
AN05B063,5,4,9,4.5,0
AN06B037,6,3,9,4.5,0
AN06B068,5,4,9,4.5,0
AN07B046_c,6,3,9,4.5,0
AN09B011,5,4,9,4.5,0
AN09B012,5,4,9,4.5,0
AN10B029,5,4,9,4.5,0
AN10B033,7,2,9,4.5,0
AN12B011,5,4,9,4.5,0
AN16B078_d,5,4,9,4.5,0
AN17A014,3,6,9,4.5,0
AN17A047,4,5,9,4.5,0
AN17A068,5,4,9,4.5,0
AN19A038,4,5,9,4.5,0
AN19B063,3,6,9,4.5,0
AN19B079,4,5,9,4.5,0
AN27X018,5,4,9,4.5,0
ANXXX145,4,5,9,4.5,0
CB0517,5,4,9,4.5,0
CB0591,8,1,9,4.5,0
CB0986,5,4,9,4.5,0
CB2471,6,3,9,4.5,0
CB2561,4,5,9,4.5,0
CB2703,5,4,9,4.5,0
CB3007,5,4,9,4.5,0
CB3581,6,3,9,4.5,0
CB3631,6,3,9,4.5,0
CB4104,5,4,9,4.5,0
DL2d_adPN,5,4,9,4.5,0
DA2_lPN,4,5,9,4.5,0
DA4l_adPN,6,3,9,4.5,0
DL4_adPN,4,5,9,4.5,0
DNg06,5,4,9,4.5,0
DNg09_b,8,1,9,4.5,0
DNg70,3,6,9,4.5,0
DNge038,5,4,9,4.5,0
DNge071,5,4,9,4.5,0
DNge091,6,3,9,4.5,0
DNge130,5,4,9,4.5,0
DNge181,6,3,9,4.5,0
DNge184,6,3,9,4.5,0
DNp28,3,6,9,4.5,0
DNp33,6,3,9,4.5,0
DNp73,6,3,9,4.5,0
GNG026,4,5,9,4.5,0
GNG058,2,7,9,4.5,0
GNG059,5,4,9,4.5,0
GNG073,3,6,9,4.5,0
GNG076,5,4,9,4.5,0
GNG084,4,5,9,4.5,0
GNG089,4,5,9,4.5,0
GNG117,5,4,9,4.5,0
GNG144,7,2,9,4.5,0
GNG228,4,5,9,4.5,0
GNG239,5,4,9,4.5,0
GNG240,4,5,9,4.5,0
GNG267,5,4,9,4.5,0
GNG270,3,6,9,4.5,0
GNG325,4,5,9,4.5,0
GNG360,5,4,9,4.5,0
GNG391,5,4,9,4.5,0
GNG392,5,4,9,4.5,0
GNG401,5,4,9,4.5,0
GNG416,3,6,9,4.5,0
GNG489,4,5,9,4.5,0
GNG530,4,5,9,4.5,0
GNG540,7,2,9,4.5,0
GNG564,5,4,9,4.5,0
GNG566,5,4,9,4.5,0
GNG592,5,4,9,4.5,0
GNG647,4,5,9,4.5,0
IN01A029,6,3,9,4.5,0
IN01A040,5,4,9,4.5,0
IN01B014,4,5,9,4.5,0
IN01B034,3,6,9,4.5,0
IN01B059_a,4,5,9,4.5,0
IN01B059_b,3,6,9,4.5,0
IN02A047,4,5,9,4.5,0
IN03A054,4,5,9,4.5,0
IN03B067,4,5,9,4.5,0
IN03B071,5,4,9,4.5,0
IN03B080,5,4,9,4.5,0
IN04B005,4,5,9,4.5,0
IN04B007,4,5,9,4.5,0
IN04B027,4,5,9,4.5,0
IN05B087,4,5,9,4.5,0
IN06A002,5,4,9,4.5,0
IN06A057,5,4,9,4.5,0
IN06A071,5,4,9,4.5,0
IN06A079,4,5,9,4.5,0
IN06A097,4,5,9,4.5,0
IN06B014,4,5,9,4.5,0
IN06B017,5,4,9,4.5,0
IN06B024,5,4,9,4.5,0
IN06B033,6,3,9,4.5,0
IN06B079,6,3,9,4.5,0
IN07B094_b,6,3,9,4.5,0
IN07B096_c,4,5,9,4.5,0
IN08A031,4,5,9,4.5,0
IN08A041,4,5,9,4.5,0
IN08B003,5,4,9,4.5,0
IN08B006,4,5,9,4.5,0
IN08B046,5,4,9,4.5,0
IN09A005,6,3,9,4.5,0
IN09A053,5,4,9,4.5,0
IN10B038,6,3,9,4.5,0
IN10B043,4,5,9,4.5,0
IN11B020,6,3,9,4.5,0
IN12B038,6,3,9,4.5,0
IN13A009,4,5,9,4.5,0
IN13A035,5,4,9,4.5,0
IN13A047,3,6,9,4.5,0
IN13B001,5,4,9,4.5,0
IN13B009,5,4,9,4.5,0
IN13B010,4,5,9,4.5,0
IN13B044,4,5,9,4.5,0
IN13B051,4,5,9,4.5,0
IN13B060,5,4,9,4.5,0
IN13B087,7,2,9,4.5,0
IN14A005,5,4,9,4.5,0
IN14A021,4,5,9,4.5,0
IN14A043,4,5,9,4.5,0
IN14A046,7,2,9,4.5,0
IN14A058,5,4,9,4.5,0
IN14A118,6,3,9,4.5,0
IN14B011,5,4,9,4.5,0
IN16B033,4,5,9,4.5,0
IN16B041,3,6,9,4.5,0
IN16B051,7,2,9,4.5,0
IN16B071,5,4,9,4.5,0
IN16B108,6,3,9,4.5,0
IN16B111,4,5,9,4.5,0
IN17A020,5,4,9,4.5,0
IN17A030,6,3,9,4.5,0
IN17A064,5,4,9,4.5,0
IN17A085,6,3,9,4.5,0
IN17B014,5,4,9,4.5,0
IN18B026,4,5,9,4.5,0
IN18B032,3,6,9,4.5,0
IN19B068,5,4,9,4.5,0
IN19B056,5,4,9,4.5,0
IN19B077,5,4,9,4.5,0
IN19B083,5,4,9,4.5,0
"IN20A.22A070,IN20A.22A080",5,4,9,4.5,0
IN20A.22A079,4,5,9,4.5,0
IN23B021,5,4,9,4.5,0
IN23B033,5,4,9,4.5,0
IN23B054,7,2,9,4.5,0
IN23B089,5,4,9,4.5,0
INXXX038,3,6,9,4.5,0
INXXX052,4,5,9,4.5,0
INXXX058,4,5,9,4.5,0
INXXX213,5,4,9,4.5,0
INXXX219,3,6,9,4.5,0
INXXX238,4,5,9,4.5,0
INXXX243,5,4,9,4.5,0
INXXX334,4,5,9,4.5,0
INXXX345,4,5,9,4.5,0
INXXX359,4,5,9,4.5,0
INXXX360,5,4,9,4.5,0
INXXX390,3,6,9,4.5,0
INXXX397,5,4,9,4.5,0
INXXX411,4,5,9,4.5,0
INXXX442,4,5,9,4.5,0
MNhl29,6,3,9,4.5,0
M_VPNml66,3,6,9,4.5,0
M_l2PNm16,5,4,9,4.5,0
M_lvPNm42,5,4,9,4.5,0
ORN_VA4,6,3,9,4.5,0
ORN_VA7l,6,3,9,4.5,0
ORN_VM3,4,5,9,4.5,0
PRW005,3,6,9,4.5,0
PRW068,5,4,9,4.5,0
PS037,3,6,9,4.5,0
PhG2,4,5,9,4.5,0
R1-R6,4,5,9,4.5,0
SAD034,5,4,9,4.5,0
SNpp34,6,3,9,4.5,0
Ta levator MN,2,7,9,4.5,0
VA5_lPN,5,4,9,4.5,0
VC4_adPN,5,4,9,4.5,0
VP2+VC5_l2PN,4,5,9,4.5,0
WED167,7,2,9,4.5,0
iii1 MN,4,5,9,4.5,0
mAL4A,5,4,9,4.5,0
mAL4C,4,5,9,4.5,0
v2LN40_2,5,4,9,4.5,0
v2LN42,5,4,9,4.5,0
v2LN50,6,3,9,4.5,0
vLN26,4,5,9,4.5,0
vLN27,4,5,9,4.5,0
ALIN6,5,3,8,4.0,0
AMMC004,5,3,8,4.0,0
AMMC010,4,4,8,4.0,0
AMMC034_a,6,2,8,4.0,0
AN01A089,3,5,8,4.0,0
AN01B004,4,4,8,4.0,0
AN01B005,2,6,8,4.0,0
AN05B050_c,2,6,8,4.0,0
AN05B101,3,5,8,4.0,0
AN06A017,4,4,8,4.0,0
AN06A026,4,4,8,4.0,0
AN07B005,2,6,8,4.0,0
AN07B062,5,3,8,4.0,0
AN07B069_a,4,4,8,4.0,0
AN08B101,6,2,8,4.0,0
AN09B017f,4,4,8,4.0,0
AN09B021,5,3,8,4.0,0
AN16B078_a,5,3,8,4.0,0
AN17A050,3,5,8,4.0,0
AN19B059,3,5,8,4.0,0
AN23B004,3,5,8,4.0,0
AN19B093,4,4,8,4.0,0
ANXXX006,5,3,8,4.0,0
ANXXX075,5,3,8,4.0,0
ANXXX108,5,3,8,4.0,0
CB2711,3,5,8,4.0,0
CB3228,2,6,8,4.0,0
CB3739,6,2,8,4.0,0
CB3746,5,3,8,4.0,0
CB3747,4,4,8,4.0,0
CB3798,5,3,8,4.0,0
CB4083,3,5,8,4.0,0
CB4094,7,1,8,4.0,0
DL1_adPN,4,4,8,4.0,0
DC2_adPN,3,5,8,4.0,0
DL2v_adPN,4,4,8,4.0,0
DM4_adPN,3,5,8,4.0,0
DNg08,4,4,8,4.0,0
DNg54,4,4,8,4.0,0
DNge011,4,4,8,4.0,0
DNge153,4,4,8,4.0,0
DNpe029,4,4,8,4.0,0
DNpe049,4,4,8,4.0,0
Fe reductor MN,3,5,8,4.0,0
GNG043,4,4,8,4.0,0
GNG046,4,4,8,4.0,0
GNG056,3,5,8,4.0,0
GNG064,2,6,8,4.0,0
GNG070,4,4,8,4.0,0
GNG168,5,3,8,4.0,0
GNG200,4,4,8,4.0,0
GNG207,5,3,8,4.0,0
GNG223,4,4,8,4.0,0
GNG231,7,1,8,4.0,0
GNG234,4,4,8,4.0,0
GNG326,5,3,8,4.0,0
GNG334,4,4,8,4.0,0
GNG357,4,4,8,4.0,0
GNG363,5,3,8,4.0,0
GNG387,4,4,8,4.0,0
GNG398,4,4,8,4.0,0
GNG410,4,4,8,4.0,0
GNG431,4,4,8,4.0,0
GNG451,4,4,8,4.0,0
GNG469,4,4,8,4.0,0
GNG483,3,5,8,4.0,0
GNG515,4,4,8,4.0,0
GNG546,4,4,8,4.0,0
GNG547,4,4,8,4.0,0
GNG619,5,3,8,4.0,0
GNG623,4,4,8,4.0,0
IN01B021,3,5,8,4.0,0
IN01B032,3,5,8,4.0,0
IN01B084,4,4,8,4.0,0
IN02A004,3,5,8,4.0,0
IN02A061,4,4,8,4.0,0
IN03A024,4,4,8,4.0,0
IN03A034,4,4,8,4.0,0
IN03A046,5,3,8,4.0,0
IN03A060,5,3,8,4.0,0
IN03A070,3,5,8,4.0,0
IN03A091,4,4,8,4.0,0
IN03B052,4,4,8,4.0,0
IN03B079,4,4,8,4.0,0
IN04B029,4,4,8,4.0,0
IN06A067_c,3,5,8,4.0,0
IN06A069,5,3,8,4.0,0
IN06A086,6,2,8,4.0,0
IN06A090,4,4,8,4.0,0
IN06A094,4,4,8,4.0,0
IN06A103,5,3,8,4.0,0
IN06A107,4,4,8,4.0,0
IN06A125,4,4,8,4.0,0
IN06B066,4,4,8,4.0,0
IN06B067,4,4,8,4.0,0
IN06B078,5,3,8,4.0,0
IN07B039,4,4,8,4.0,0
IN07B063,4,4,8,4.0,0
IN07B096_b,4,4,8,4.0,0
IN07B100,3,5,8,4.0,0
IN08A019,6,2,8,4.0,0
IN08A021,5,3,8,4.0,0
IN08A026,3,5,8,4.0,0
IN08B104,4,4,8,4.0,0
IN09A009,4,4,8,4.0,0
IN09A021,4,4,8,4.0,0
IN09A051,3,5,8,4.0,0
IN09A094,4,4,8,4.0,0
IN09B005,4,4,8,4.0,0
IN09B008,5,3,8,4.0,0
IN09B018,4,4,8,4.0,0
IN09B038,5,3,8,4.0,0
IN10B028,3,5,8,4.0,0
IN10B054,4,4,8,4.0,0
IN11A011,4,4,8,4.0,0
IN11A016,4,4,8,4.0,0
IN11B005,2,6,8,4.0,0
IN11B013,5,3,8,4.0,0
IN11B023,3,5,8,4.0,0
IN12A002,5,3,8,4.0,0
IN12A048,6,2,8,4.0,0
IN12B035,5,3,8,4.0,0
IN12B063_b,4,4,8,4.0,0
IN13A030,3,5,8,4.0,0
IN13B018,5,3,8,4.0,0
IN13B022,5,3,8,4.0,0
IN13B037,4,4,8,4.0,0
IN13B076,5,3,8,4.0,0
IN13B082,4,4,8,4.0,0
IN14A018,4,4,8,4.0,0
IN14A038,5,3,8,4.0,0
IN14A068,3,5,8,4.0,0
IN14A106,4,4,8,4.0,0
IN14A108,4,4,8,4.0,0
IN16B053,4,4,8,4.0,0
IN16B073,4,4,8,4.0,0
IN16B062,3,5,8,4.0,0
IN16B066,4,4,8,4.0,0
IN16B084,3,5,8,4.0,0
IN17A077,4,4,8,4.0,0
"IN17A113,IN17A119",5,3,8,4.0,0
IN18B006,3,5,8,4.0,0
IN18B038,4,4,8,4.0,0
IN19A019,2,6,8,4.0,0
IN19A036,4,4,8,4.0,0
IN19B016,5,3,8,4.0,0
IN19B033,4,4,8,4.0,0
IN19B071,6,2,8,4.0,0
IN19B050,4,4,8,4.0,0
IN19B090,5,3,8,4.0,0
IN20A.22A008,2,6,8,4.0,0
IN20A.22A043,5,3,8,4.0,0
IN20A.22A086,2,6,8,4.0,0
IN20A.22A090,3,5,8,4.0,0
IN21A012,4,4,8,4.0,0
IN21A019,4,4,8,4.0,0
IN23B016,4,4,8,4.0,0
IN23B017,3,5,8,4.0,0
IN23B022,4,4,8,4.0,0
IN23B028,3,5,8,4.0,0
IN23B063,4,4,8,4.0,0
INXXX011,4,4,8,4.0,0
INXXX076,4,4,8,4.0,0
INXXX087,4,4,8,4.0,0
INXXX122,4,4,8,4.0,0
INXXX126,4,4,8,4.0,0
INXXX193,6,2,8,4.0,0
INXXX220,4,4,8,4.0,0
INXXX246,4,4,8,4.0,0
INXXX294,5,3,8,4.0,0
INXXX300,4,4,8,4.0,0
INXXX304,4,4,8,4.0,0
INXXX335,5,3,8,4.0,0
INXXX353,4,4,8,4.0,0
INXXX407,4,4,8,4.0,0
INXXX414,4,4,8,4.0,0
INXXX415,4,4,8,4.0,0
INXXX427,4,4,8,4.0,0
L1,4,4,8,4.0,0
MNad29,5,3,8,4.0,0
MNhl88,4,4,8,4.0,0
MNml77,7,1,8,4.0,0
MNml79,4,4,8,4.0,0
MNnm03,3,5,8,4.0,0
MNx01,4,4,8,4.0,0
M_l2PNm17,4,4,8,4.0,0
M_lPNm13,4,4,8,4.0,0
M_lvPNm45,4,4,8,4.0,0
M_spPN5t10,5,3,8,4.0,0
M_vPNml54,5,3,8,4.0,0
M_vPNml67,4,4,8,4.0,0
M_vPNml86,5,3,8,4.0,0
ORN_DL3,3,5,8,4.0,0
SAD001,8,0,8,4.0,0
SAD051_a,5,3,8,4.0,0
SAD072,6,2,8,4.0,0
SAD078,4,4,8,4.0,0
SNpp13,4,4,8,4.0,0
SNpp27,4,4,8,4.0,0
SNpp36,4,4,8,4.0,0
"SNta27,SNta28",8,0,8,4.0,0
SNta39,5,3,8,4.0,0
SNtaxx,6,2,8,4.0,0
VA1v_adPN,4,4,8,4.0,0
VC3_adPN,4,4,8,4.0,0
VP1m+VP5_ilPN,4,4,8,4.0,0
WED100,5,3,8,4.0,0
WED166_a,3,5,8,4.0,0
WED208,7,1,8,4.0,0
aMe12,4,4,8,4.0,0
lLN13,3,5,8,4.0,0
lLN2X04,4,4,8,4.0,0
v2LN4,4,4,8,4.0,0
v2LN49,3,5,8,4.0,0
v2LN5,3,5,8,4.0,0
ADNM1 MN,2,5,7,3.5,0
ALIN2,4,3,7,3.5,0
ALIN4,3,4,7,3.5,0
AMMC025,4,3,7,3.5,0
AN03B039,4,3,7,3.5,0
AN02A017,4,3,7,3.5,0
AN05B050_a,5,2,7,3.5,0
AN05B108,4,3,7,3.5,0
AN06A010,4,3,7,3.5,0
AN06A112,3,4,7,3.5,0
AN06B009,5,2,7,3.5,0
AN07B011,3,4,7,3.5,0
AN07B018,5,2,7,3.5,0
AN07B024,3,4,7,3.5,0
AN07B036,3,4,7,3.5,0
AN07B043,3,4,7,3.5,0
AN07B072_b,4,3,7,3.5,0
AN07B089,4,3,7,3.5,0
AN08B025,4,3,7,3.5,0
AN08B032,4,3,7,3.5,0
AN09B006,3,4,7,3.5,0
AN09B037,4,3,7,3.5,0
AN10B008,3,4,7,3.5,0
AN12B076,5,2,7,3.5,0
AN19B046,4,3,7,3.5,0
AN19B076,3,4,7,3.5,0
ANXXX380,4,3,7,3.5,0
CB0214,5,2,7,3.5,0
CB0432,4,3,7,3.5,0
CB1542,4,3,7,3.5,0
CB2004,3,4,7,3.5,0
CB3202,6,1,7,3.5,0
CB3437,3,4,7,3.5,0
CB3742,4,3,7,3.5,0
CB3745,5,2,7,3.5,0
CSD,6,1,7,3.5,0
DA1_vPN,4,3,7,3.5,0
DC1_adPN,3,4,7,3.5,0
DM2_lPN,5,2,7,3.5,0
DM3_vPN,5,2,7,3.5,0
DM4_vPN,5,2,7,3.5,0
DNbe001,3,4,7,3.5,0
DNg10,4,3,7,3.5,0
DNg80,4,3,7,3.5,0
DNge016,3,4,7,3.5,0
DNge019,4,3,7,3.5,0
DNge021,3,4,7,3.5,0
DNge057,3,4,7,3.5,0
DNge075,6,1,7,3.5,0
DNge178,3,4,7,3.5,0
DP1l_adPN,4,3,7,3.5,0
DP1l_vPN,4,3,7,3.5,0
DP1m_vPN,4,3,7,3.5,0
GNG053,4,3,7,3.5,0
GNG065,2,5,7,3.5,0
GNG077,2,5,7,3.5,0
GNG094,3,4,7,3.5,0
GNG149,3,4,7,3.5,0
GNG197,4,3,7,3.5,0
GNG202,4,3,7,3.5,0
GNG206,3,4,7,3.5,0
GNG227,4,3,7,3.5,0
GNG275,2,5,7,3.5,0
GNG308,3,4,7,3.5,0
GNG332,5,2,7,3.5,0
GNG355,3,4,7,3.5,0
GNG381,3,4,7,3.5,0
GNG388,3,4,7,3.5,0
GNG413,3,4,7,3.5,0
GNG422,4,3,7,3.5,0
GNG440,4,3,7,3.5,0
GNG494,2,5,7,3.5,0
GNG544,5,2,7,3.5,0
GNG559,4,3,7,3.5,0
GNG599,3,4,7,3.5,0
GNG604,2,5,7,3.5,0
GNG646,5,2,7,3.5,0
GNG658,4,3,7,3.5,0
IN01A010,4,3,7,3.5,0
IN01A044,3,4,7,3.5,0
IN01A045,3,4,7,3.5,0
IN01A046,3,4,7,3.5,0
IN01B008,3,4,7,3.5,0
IN01B075,5,2,7,3.5,0
IN01B077_a,3,4,7,3.5,0
IN01B081,5,2,7,3.5,0
IN02A013,4,3,7,3.5,0
IN02A019,4,3,7,3.5,0
IN02A054,4,3,7,3.5,0
IN02A064,3,4,7,3.5,0
IN03A003,2,5,7,3.5,0
IN03A030,5,2,7,3.5,0
IN03A033,3,4,7,3.5,0
IN03A042,3,4,7,3.5,0
IN03A044,4,3,7,3.5,0
IN03A073,2,5,7,3.5,0
IN03A077,3,4,7,3.5,0
IN03A082,5,2,7,3.5,0
IN03B020,3,4,7,3.5,0
IN03B057,4,3,7,3.5,0
IN03B060,4,3,7,3.5,0
IN03B063,4,3,7,3.5,0
IN03B075,3,4,7,3.5,0
IN03B089,4,3,7,3.5,0
IN04A002,3,4,7,3.5,0
IN04B017,2,5,7,3.5,0
IN04B020,3,4,7,3.5,0
IN04B034,4,3,7,3.5,0
IN04B060,4,3,7,3.5,0
IN04B063,4,3,7,3.5,0
IN04B079,6,1,7,3.5,0
IN04B087,3,4,7,3.5,0
IN06A012,4,3,7,3.5,0
IN06A019,4,3,7,3.5,0
IN06A020,3,4,7,3.5,0
IN06A008,4,3,7,3.5,0
IN06A033,4,3,7,3.5,0
IN06A036,3,4,7,3.5,0
IN06A067_b,3,4,7,3.5,0
IN06A108,5,2,7,3.5,0
IN06A113,4,3,7,3.5,0
IN06A136,3,4,7,3.5,0
IN06B015,3,4,7,3.5,0
IN06B050,1,6,7,3.5,0
IN07B033,4,3,7,3.5,0
IN07B079,4,3,7,3.5,0
IN07B083_d,3,4,7,3.5,0
IN07B086,4,3,7,3.5,0
IN07B087,4,3,7,3.5,0
IN07B092_b,4,3,7,3.5,0
IN07B094_a,4,3,7,3.5,0
IN07B096_a,3,4,7,3.5,0
IN08A022,4,3,7,3.5,0
IN08B091,4,3,7,3.5,0
IN08B093,4,3,7,3.5,0
IN09A032,3,4,7,3.5,0
IN09A038,6,1,7,3.5,0
IN09A050,4,3,7,3.5,0
IN09A074,2,5,7,3.5,0
IN10B041,3,4,7,3.5,0
IN11A010,5,2,7,3.5,0
IN11A020,5,2,7,3.5,0
IN11B001,3,4,7,3.5,0
IN11B021_e,3,4,7,3.5,0
IN12A018,4,3,7,3.5,0
IN12B025,3,4,7,3.5,0
IN12B039,5,2,7,3.5,0
IN12B068_b,4,3,7,3.5,0
IN12B071,4,3,7,3.5,0
IN12B077,5,2,7,3.5,0
IN13A032,3,4,7,3.5,0
IN13A046,3,4,7,3.5,0
IN13B017,4,3,7,3.5,0
IN13B019,4,3,7,3.5,0
IN13B029,4,3,7,3.5,0
IN13B038,4,3,7,3.5,0
IN13B039,4,3,7,3.5,0
IN13B046,4,3,7,3.5,0
IN13B065,4,3,7,3.5,0
IN13B062,5,2,7,3.5,0
IN14A020,3,4,7,3.5,0
IN14A036,6,1,7,3.5,0
IN14A057,3,4,7,3.5,0
IN14A089,2,5,7,3.5,0
IN14A095,4,3,7,3.5,0
IN14A105,5,2,7,3.5,0
IN14B007,3,4,7,3.5,0
IN16B032,3,4,7,3.5,0
IN16B046,4,3,7,3.5,0
IN16B075,5,2,7,3.5,0
IN16B058,3,4,7,3.5,0
IN16B100_b,4,3,7,3.5,0
IN17A007,2,5,7,3.5,0
IN17A034,4,3,7,3.5,0
IN17A039,4,3,7,3.5,0
IN17A049,3,4,7,3.5,0
IN17A072,4,3,7,3.5,0
"IN17A088,IN17A089",4,3,7,3.5,0
IN17A093,4,3,7,3.5,0
IN19A022,4,3,7,3.5,0
IN19B004,4,3,7,3.5,0
IN19B035,5,2,7,3.5,0
IN19B069,4,3,7,3.5,0
IN19B053,3,4,7,3.5,0
IN19B075,4,3,7,3.5,0
IN19B088,4,3,7,3.5,0
IN20A.22A018,3,4,7,3.5,0
IN20A.22A053,3,4,7,3.5,0
IN20A.22A059,3,4,7,3.5,0
IN21A001,1,6,7,3.5,0
IN21A005,4,3,7,3.5,0
IN21A009,4,3,7,3.5,0
IN21A051,3,4,7,3.5,0
IN23B067_a,1,6,7,3.5,0
IN23B086,4,3,7,3.5,0
IN23B075,2,5,7,3.5,0
IN23B078,3,4,7,3.5,0
INXXX161,4,3,7,3.5,0
INXXX227,4,3,7,3.5,0
INXXX262,3,4,7,3.5,0
INXXX333,3,4,7,3.5,0
INXXX346,3,4,7,3.5,0
INXXX357,3,4,7,3.5,0
INXXX365,4,3,7,3.5,0
INXXX386,3,4,7,3.5,0
INXXX412,4,3,7,3.5,0
INXXX421,7,0,7,3.5,0
INXXX425,3,4,7,3.5,0
INXXX429,3,4,7,3.5,0
INXXX436,3,4,7,3.5,0
LHPV5g1_b,4,3,7,3.5,0
MNhl01,3,4,7,3.5,0
MNhl02,1,6,7,3.5,0
MNhl60,3,4,7,3.5,0
MNhl62,4,3,7,3.5,0
MNhl64,3,4,7,3.5,0
M_lvPNm40,3,4,7,3.5,0
M_smPN6t2,4,3,7,3.5,0
M_vPNml63,3,4,7,3.5,0
M_vPNml80,3,4,7,3.5,0
ORN_DA3,2,5,7,3.5,0
ORN_DA4l,2,5,7,3.5,0
ORN_DL4,3,4,7,3.5,0
ORN_VA5,2,5,7,3.5,0
ORN_VA7m,3,4,7,3.5,0
PRW044,2,5,7,3.5,0
PRW045,3,4,7,3.5,0
PRW062,4,3,7,3.5,0
PS117_a,4,3,7,3.5,0
SApp20,4,3,7,3.5,0
Sternal adductor MN,3,4,7,3.5,0
Tergotr. MN,3,4,7,3.5,0
VA1d_adPN,3,4,7,3.5,0
VA3_adPN,4,3,7,3.5,0
VM4_lvPN,2,5,7,3.5,0
VM5d_adPN,3,4,7,3.5,0
VM5v_adPN,3,4,7,3.5,0
VP4_vPN,4,3,7,3.5,0
lLN9,2,5,7,3.5,0
v2LN46,4,3,7,3.5,0
v2LN47,4,3,7,3.5,0
AL-AST1,2,4,6,3.0,0
ALON3,3,3,6,3.0,0
AMMC008,3,3,6,3.0,0
AMMC011,4,2,6,3.0,0
AMMC018,4,2,6,3.0,0
AN01A006,4,2,6,3.0,0
AN01B011,2,4,6,3.0,0
AN04B001,2,4,6,3.0,0
AN03A008,3,3,6,3.0,0
AN05B050_b,3,3,6,3.0,0
AN05B054_b,2,4,6,3.0,0
AN06A041,3,3,6,3.0,0
AN06A060,4,2,6,3.0,0
AN06A062,4,2,6,3.0,0
AN07B021,3,3,6,3.0,0
AN07B056,3,3,6,3.0,0
AN07B041,3,3,6,3.0,0
AN07B072_c,3,3,6,3.0,0
AN07B072_d,2,4,6,3.0,0
AN07B085,3,3,6,3.0,0
AN07B101_a,3,3,6,3.0,0
AN07B101_c,3,3,6,3.0,0
AN08B053,5,1,6,3.0,0
AN08B110,3,3,6,3.0,0
AN09B002,3,3,6,3.0,0
AN09B003,2,4,6,3.0,0
AN09B016,3,3,6,3.0,0
AN09B017b,3,3,6,3.0,0
AN10B017,4,2,6,3.0,0
AN10B039,3,3,6,3.0,0
AN11B012,3,3,6,3.0,0
AN18B025,3,3,6,3.0,0
AN19B015,4,2,6,3.0,0
AN19B049,3,3,6,3.0,0
AN19B060,3,3,6,3.0,0
AN19B065,2,4,6,3.0,0
AN23B026,3,3,6,3.0,0
AN19B102,3,3,6,3.0,0
ANXXX013,2,4,6,3.0,0
ANXXX410,5,1,6,3.0,0
AVLP609,4,2,6,3.0,0
CB0122,3,3,6,3.0,0
CB0307,5,1,6,3.0,0
CB0324,4,2,6,3.0,0
CB1030,4,2,6,3.0,0
CB1078,6,0,6,3.0,0
CB1265,4,2,6,3.0,0
CB1394_b,3,3,6,3.0,0
CB1601,3,3,6,3.0,0
CB1786_a,3,3,6,3.0,0
CB2081_b,5,1,6,3.0,0
CB2235,3,3,6,3.0,0
CB2475,4,2,6,3.0,0
CB2585,5,1,6,3.0,0
CB2589,3,3,6,3.0,0
CB3692,5,1,6,3.0,0
CB3710,6,0,6,3.0,0
CB3953,3,3,6,3.0,0
CvN6,2,4,6,3.0,0
DA1_lPN,3,3,6,3.0,0
DC4_adPN,3,3,6,3.0,0
DA3_adPN,3,3,6,3.0,0
DL3_lPN,3,3,6,3.0,0
DM3_adPN,3,3,6,3.0,0
DM5_lPN,3,3,6,3.0,0
DM6_adPN,3,3,6,3.0,0
DNg51,5,1,6,3.0,0
DNg65,2,4,6,3.0,0
DNg68,2,4,6,3.0,0
DNge027,3,3,6,3.0,0
DNge054,3,3,6,3.0,0
DNge105,3,3,6,3.0,0
DNp18,3,3,6,3.0,0
Dm8a,3,3,6,3.0,0
GNG036,3,3,6,3.0,0
GNG051,3,3,6,3.0,0
GNG096,2,4,6,3.0,0
GNG170,4,2,6,3.0,0
GNG213,3,3,6,3.0,0
GNG241,2,4,6,3.0,0
GNG244,3,3,6,3.0,0
GNG251,4,2,6,3.0,0
GNG272,3,3,6,3.0,0
GNG321,2,4,6,3.0,0
GNG324,3,3,6,3.0,0
GNG327,3,3,6,3.0,0
GNG359,3,3,6,3.0,0
GNG361,3,3,6,3.0,0
GNG373,2,4,6,3.0,0
GNG383,3,3,6,3.0,0
GNG403,3,3,6,3.0,0
GNG423,3,3,6,3.0,0
GNG447,2,4,6,3.0,0
GNG450,4,2,6,3.0,0
GNG495,4,2,6,3.0,0
GNG558,3,3,6,3.0,0
GNG580,3,3,6,3.0,0
GNG568,2,4,6,3.0,0
GNG611,4,2,6,3.0,0
GNG618,3,3,6,3.0,0
IN01A025,3,3,6,3.0,0
IN01A032,2,4,6,3.0,0
IN01B026,4,2,6,3.0,0
IN01B061,3,3,6,3.0,0
IN01B072,3,3,6,3.0,0
IN02A028,3,3,6,3.0,0
IN02A063,4,2,6,3.0,0
IN03A045,3,3,6,3.0,0
IN03A047,3,3,6,3.0,0
IN03A062_e,4,2,6,3.0,0
IN03B090,4,2,6,3.0,0
IN04B004,3,3,6,3.0,0
IN04B057,3,3,6,3.0,0
IN04B084,3,3,6,3.0,0
IN05B018,3,3,6,3.0,0
IN05B024,5,1,6,3.0,0
IN06A013,4,2,6,3.0,0
IN06A006,3,3,6,3.0,0
IN06A011,4,2,6,3.0,0
IN06A022,2,4,6,3.0,0
IN06A024,3,3,6,3.0,0
IN06A025,2,4,6,3.0,0
IN06A044,3,3,6,3.0,0
IN06A052,2,4,6,3.0,0
IN06A067_a,3,3,6,3.0,0
IN06A070,3,3,6,3.0,0
IN06A072,3,3,6,3.0,0
IN06A078,3,3,6,3.0,0
IN06A100,2,4,6,3.0,0
IN06A101,3,3,6,3.0,0
IN06A102,3,3,6,3.0,0
IN06A105,4,2,6,3.0,0
IN06A124,3,3,6,3.0,0
IN06A132,3,3,6,3.0,0
IN06A135,3,3,6,3.0,0
IN06B029,2,4,6,3.0,0
IN06B038,3,3,6,3.0,0
IN06B047,3,3,6,3.0,0
IN07B022,3,3,6,3.0,0
IN07B031,2,4,6,3.0,0
IN07B051,2,4,6,3.0,0
IN07B073_b,3,3,6,3.0,0
IN07B075,3,3,6,3.0,0
IN07B077,3,3,6,3.0,0
IN07B081,4,2,6,3.0,0
IN07B092_e,3,3,6,3.0,0
IN07B104,3,3,6,3.0,0
IN08A006,2,4,6,3.0,0
IN08A012,3,3,6,3.0,0
IN08A035,2,4,6,3.0,0
IN08A043,2,4,6,3.0,0
IN08A050,3,3,6,3.0,0
IN08B108,3,3,6,3.0,0
IN09A003,2,4,6,3.0,0
IN09A052,3,3,6,3.0,0
IN09A060,2,4,6,3.0,0
IN09A069,4,2,6,3.0,0
IN09A070,4,2,6,3.0,0
IN09A079,3,3,6,3.0,0
IN09A083,3,3,6,3.0,0
IN09A086,2,4,6,3.0,0
IN09A090,4,2,6,3.0,0
IN09A095,3,3,6,3.0,0
IN10B040,3,3,6,3.0,0
IN10B052,2,4,6,3.0,0
IN11A019,4,2,6,3.0,0
IN11B017_b,2,4,6,3.0,0
IN12A004,3,3,6,3.0,0
IN12B069,3,3,6,3.0,0
IN13A008,2,4,6,3.0,0
IN13A049,4,2,6,3.0,0
IN13A055,4,2,6,3.0,0
IN13A068,3,3,6,3.0,0
IN13B005,4,2,6,3.0,0
IN13B011,3,3,6,3.0,0
IN13B021,3,3,6,3.0,0
IN13B030,0,6,6,3.0,0
IN13B035,4,2,6,3.0,0
IN13B058,4,2,6,3.0,0
IN14A037,3,3,6,3.0,0
IN14A039,3,3,6,3.0,0
IN14A047,2,4,6,3.0,0
IN14A072,4,2,6,3.0,0
IN14A087,5,1,6,3.0,0
IN14A096,3,3,6,3.0,0
IN14A097,3,3,6,3.0,0
IN14A107,3,3,6,3.0,0
IN16B014,3,3,6,3.0,0
IN16B024,3,3,6,3.0,0
IN16B070,4,2,6,3.0,0
IN16B075_h,5,1,6,3.0,0
IN16B086,0,6,6,3.0,0
IN16B089,3,3,6,3.0,0
IN16B092,2,4,6,3.0,0
IN16B100_a,4,2,6,3.0,0
IN16B104,3,3,6,3.0,0
IN17A032,3,3,6,3.0,0
IN17A056,3,3,6,3.0,0
IN17A067,3,3,6,3.0,0
IN17A075,4,2,6,3.0,0
IN17A078,5,1,6,3.0,0
IN17A097,4,2,6,3.0,0
IN17A106_a,5,1,6,3.0,0
IN18B013,2,4,6,3.0,0
IN19A013,2,4,6,3.0,0
IN19A026,4,2,6,3.0,0
IN19B011,3,3,6,3.0,0
IN19B013,2,4,6,3.0,0
IN19B021,3,3,6,3.0,0
IN19B027,3,3,6,3.0,0
IN19B067,4,2,6,3.0,0
IN19B070,2,4,6,3.0,0
IN19B048,4,2,6,3.0,0
IN19B057,3,3,6,3.0,0
IN20A.22A022,5,1,6,3.0,0
IN20A.22A035,4,2,6,3.0,0
IN20A.22A050,3,3,6,3.0,0
IN20A.22A060,1,5,6,3.0,0
IN20A.22A076,3,3,6,3.0,0
IN20A.22A085,3,3,6,3.0,0
IN21A013,2,4,6,3.0,0
IN21A014,2,4,6,3.0,0
IN23B001,2,4,6,3.0,0
IN23B011,2,4,6,3.0,0
IN23B029,2,4,6,3.0,0
IN23B035,5,1,6,3.0,0
IN23B067_e,3,3,6,3.0,0
IN23B071,4,2,6,3.0,0
IN23B087,2,4,6,3.0,0
IN26X003,2,4,6,3.0,0
INXXX083,4,2,6,3.0,0
INXXX096,3,3,6,3.0,0
INXXX215,3,3,6,3.0,0
INXXX228,4,2,6,3.0,0
INXXX249,3,3,6,3.0,0
INXXX260,3,3,6,3.0,0
INXXX352,3,3,6,3.0,0
INXXX402,2,4,6,3.0,0
INXXX454,3,3,6,3.0,0
MNad42,4,2,6,3.0,0
MNhm42,3,3,6,3.0,0
MNml78,3,3,6,3.0,0
MNwm35,3,3,6,3.0,0
M_adPNm4,3,3,6,3.0,0
M_ilPNm90,3,3,6,3.0,0
M_lvPNm43,2,4,6,3.0,0
M_vPNml52,4,2,6,3.0,0
M_vPNml68,3,3,6,3.0,0
M_vPNml76,3,3,6,3.0,0
M_vPNml83,4,2,6,3.0,0
M_vPNml84,3,3,6,3.0,0
M_vPNml87,4,2,6,3.0,0
MeLo1,3,3,6,3.0,0
MeTu3a,2,4,6,3.0,0
MeTu3b,3,3,6,3.0,0
MeTu3c,3,3,6,3.0,0
Mi15,3,3,6,3.0,0
ORN_DM5,3,3,6,3.0,0
PRW059,3,3,6,3.0,0
PS095,3,3,6,3.0,0
PS117_b,2,4,6,3.0,0
R8d,3,3,6,3.0,0
SAD003,5,1,6,3.0,0
SAD030,5,1,6,3.0,0
SAD057,5,1,6,3.0,0
SAD079,3,3,6,3.0,0
SApp05,0,6,6,3.0,0
SLP236,4,2,6,3.0,0
SLP472,2,4,6,3.0,0
SNta12,6,0,6,3.0,0
"SNta19,SNta37",2,4,6,3.0,0
Ta depressor MN,4,2,6,3.0,0
Ti extensor MN,2,4,6,3.0,0
Tm20,3,3,6,3.0,0
VA2_adPN,3,3,6,3.0,0
VA4_lPN,3,3,6,3.0,0
VA6_adPN,3,3,6,3.0,0
VC2_lPN,3,3,6,3.0,0
VM1_lPN,2,4,6,3.0,0
VM2_adPN,2,4,6,3.0,0
VM3_adPN,3,3,6,3.0,0
VL2p_vPN,3,3,6,3.0,0
VM7d_adPN,4,2,6,3.0,0
VM7v_adPN,3,3,6,3.0,0
VP1d+VP4_l2PN2,3,3,6,3.0,0
VP3+_l2PN,3,3,6,3.0,0
WED159,3,3,6,3.0,0
WED194,5,1,6,3.0,0
WED202,2,4,6,3.0,0
hg3 MN,3,3,6,3.0,0
i2 MN,4,2,6,3.0,0
lLN2P_a,2,4,6,3.0,0
mALB4,4,2,6,3.0,0
v2LN41,4,2,6,3.0,0
ALON1,2,3,5,2.5,0
AMMC001,2,3,5,2.5,0
AMMC002,2,3,5,2.5,0
AN01B014,2,3,5,2.5,0
AN02A002,2,3,5,2.5,0
AN04B003,3,2,5,2.5,0
AN05B053,2,3,5,2.5,0
AN06A080,2,3,5,2.5,0
AN06A092,4,1,5,2.5,0
AN06A095,2,3,5,2.5,0
AN06B012,3,2,5,2.5,0
AN06B045,2,3,5,2.5,0
AN06B051,3,2,5,2.5,0
AN07B015,3,2,5,2.5,0
AN07B035,3,2,5,2.5,0
AN07B060,2,3,5,2.5,0
AN07B072_a,2,3,5,2.5,0
AN07B082_b,2,3,5,2.5,0
AN08B024,2,3,5,2.5,0
AN08B074,2,3,5,2.5,0
AN08B113,3,2,5,2.5,0
AN09B004,3,2,5,2.5,0
AN09B028,2,3,5,2.5,0
AN10B027,2,3,5,2.5,0
AN10B045,3,2,5,2.5,0
AN10B048,2,3,5,2.5,0
AN12B055,2,3,5,2.5,0
AN16B078_b,3,2,5,2.5,0
AN16B078_c,3,2,5,2.5,0
AN23B003,2,3,5,2.5,0
AN19B099,2,3,5,2.5,0
AN27X008,3,2,5,2.5,0
ANXXX074,3,2,5,2.5,0
ANXXX116,2,3,5,2.5,0
ATL030,2,3,5,2.5,0
CB0397,3,2,5,2.5,0
CB1585,4,1,5,2.5,0
CB1538,5,0,5,2.5,0
CB2246,2,3,5,2.5,0
CB2845,3,2,5,2.5,0
CB2908,0,5,5,2.5,0
CB2944,2,3,5,2.5,0
CB3024,5,0,5,2.5,0
CB3417,2,3,5,2.5,0
CB3447,2,3,5,2.5,0
CB3673b,3,2,5,2.5,0
CB3738,4,1,5,2.5,0
Cm11d,2,3,5,2.5,0
CvN5,3,2,5,2.5,0
DC4_vPN,2,3,5,2.5,0
DL5_adPN,3,2,5,2.5,0
DNg110,3,2,5,2.5,0
DNg12_a,1,4,5,2.5,0
DNg50,4,1,5,2.5,0
DNg58,2,3,5,2.5,0
DNge002,3,2,5,2.5,0
DNge039,3,2,5,2.5,0
DNge096,2,3,5,2.5,0
DNge113,5,0,5,2.5,0
DNge175,3,2,5,2.5,0
DNge179,3,2,5,2.5,0
DNp65,2,3,5,2.5,0
Dm-DRA2,2,3,5,2.5,0
GFC2,4,1,5,2.5,0
GNG018,3,2,5,2.5,0
GNG047,3,2,5,2.5,0
GNG060,3,2,5,2.5,0
GNG079,2,3,5,2.5,0
GNG111,3,2,5,2.5,0
GNG129,2,3,5,2.5,0
GNG135,2,3,5,2.5,0
GNG140,3,2,5,2.5,0
GNG142,2,3,5,2.5,0
GNG204,3,2,5,2.5,0
GNG209,2,3,5,2.5,0
GNG214,2,3,5,2.5,0
GNG218,2,3,5,2.5,0
GNG220,3,2,5,2.5,0
GNG226,3,2,5,2.5,0
GNG269,3,2,5,2.5,0
GNG284,3,2,5,2.5,0
GNG289,3,2,5,2.5,0
GNG313,3,2,5,2.5,0
GNG364,1,4,5,2.5,0
GNG369,2,3,5,2.5,0
GNG382,2,3,5,2.5,0
GNG411,2,3,5,2.5,0
GNG414,0,5,5,2.5,0
GNG427,2,3,5,2.5,0
GNG428,2,3,5,2.5,0
GNG438,3,2,5,2.5,0
GNG444,2,3,5,2.5,0
GNG455,3,2,5,2.5,0
GNG468,3,2,5,2.5,0
GNG471,3,2,5,2.5,0
GNG492,2,3,5,2.5,0
GNG576,2,3,5,2.5,0
GNG648,2,3,5,2.5,0
GNG651,4,1,5,2.5,0
GNG662,2,3,5,2.5,0
IN01A037,3,2,5,2.5,0
IN01A041,2,3,5,2.5,0
IN01A042,3,2,5,2.5,0
IN01B023_b,1,4,5,2.5,0
IN01B049,4,1,5,2.5,0
IN01B055,3,2,5,2.5,0
IN01B067,0,5,5,2.5,0
IN01B068,1,4,5,2.5,0
IN01B077_b,2,3,5,2.5,0
IN01B080,3,2,5,2.5,0
IN01B083_a,3,2,5,2.5,0
IN01B083_b,3,2,5,2.5,0
IN01B092,3,2,5,2.5,0
IN01B095,2,3,5,2.5,0
IN01B097,5,0,5,2.5,0
IN01B100,3,2,5,2.5,0
IN02A049,3,2,5,2.5,0
IN03A022,2,3,5,2.5,0
IN03A035,3,2,5,2.5,0
IN03A039,2,3,5,2.5,0
IN03A066,2,3,5,2.5,0
IN03A089,2,3,5,2.5,0
IN03B021,2,3,5,2.5,0
IN03B034,2,3,5,2.5,0
IN03B062,2,3,5,2.5,0
IN03B074,2,3,5,2.5,0
IN04B008,2,3,5,2.5,0
IN04B022,2,3,5,2.5,0
IN04B025,5,0,5,2.5,0
IN04B055,2,3,5,2.5,0
IN04B062,2,3,5,2.5,0
IN04B071,3,2,5,2.5,0
IN04B078,2,3,5,2.5,0
IN04B080,1,4,5,2.5,0
IN04B094,2,3,5,2.5,0
IN04B107,3,2,5,2.5,0
IN05B030,4,1,5,2.5,0
IN05B013,4,1,5,2.5,0
IN05B070,2,3,5,2.5,0
IN05B093,0,5,5,2.5,0
IN06A014,2,3,5,2.5,0
IN06A061,2,3,5,2.5,0
IN06A073,2,3,5,2.5,0
IN06A077,3,2,5,2.5,0
IN06A083,3,2,5,2.5,0
IN06A121,2,3,5,2.5,0
IN06A110,3,2,5,2.5,0
IN06A111,2,3,5,2.5,0
IN06B042,2,3,5,2.5,0
IN06B061,3,2,5,2.5,0
IN07B014,2,3,5,2.5,0
IN07B047,3,2,5,2.5,0
IN07B073_a,2,3,5,2.5,0
IN07B076_c,2,3,5,2.5,0
IN07B080,3,2,5,2.5,0
IN07B099,3,2,5,2.5,0
IN08A037,2,3,5,2.5,0
IN08A038,2,3,5,2.5,0
IN08A045,2,3,5,2.5,0
IN08A047,3,2,5,2.5,0
IN08B045,2,3,5,2.5,0
IN08B064,3,2,5,2.5,0
IN08B068,2,3,5,2.5,0
IN08B075,2,3,5,2.5,0
IN09A014,2,3,5,2.5,0
IN09A081,2,3,5,2.5,0
IN09A096,3,2,5,2.5,0
IN10B016,3,2,5,2.5,0
IN11A031,3,2,5,2.5,0
IN11B011,3,2,5,2.5,0
IN11B021_b,3,2,5,2.5,0
IN12A043_d,2,3,5,2.5,0
IN12B014,2,3,5,2.5,0
IN12B032,2,3,5,2.5,0
IN12B049,1,4,5,2.5,0
IN12B068_a,4,1,5,2.5,0
IN13A013,3,2,5,2.5,0
IN13A017,4,1,5,2.5,0
IN13A038,2,3,5,2.5,0
IN13A075,3,2,5,2.5,0
IN13B004,3,2,5,2.5,0
IN13B028,3,2,5,2.5,0
IN13B036,2,3,5,2.5,0
IN13B042,4,1,5,2.5,0
IN13B045,2,3,5,2.5,0
IN13B068,2,3,5,2.5,0
IN13B070,2,3,5,2.5,0
IN13B072,1,4,5,2.5,0
IN13B088,3,2,5,2.5,0
IN14A023,1,4,5,2.5,0
IN14A056,4,1,5,2.5,0
IN14A080,3,2,5,2.5,0
IN14A069,1,4,5,2.5,0
IN14A070,4,1,5,2.5,0
IN14A091,3,2,5,2.5,0
IN14A093,2,3,5,2.5,0
IN14A114,4,1,5,2.5,0
IN14A119,2,3,5,2.5,0
IN14A121_a,5,0,5,2.5,0
IN16B022,2,3,5,2.5,0
IN16B034,3,2,5,2.5,0
IN16B054,4,1,5,2.5,0
IN16B076,4,1,5,2.5,0
IN16B091,3,2,5,2.5,0
IN17A027,3,2,5,2.5,0
IN17A048,2,3,5,2.5,0
IN17A118,3,2,5,2.5,0
IN18B028,1,4,5,2.5,0
IN18B043,3,2,5,2.5,0
IN19A142,2,3,5,2.5,0
IN19B020,3,2,5,2.5,0
IN19B034,4,1,5,2.5,0
IN19B080,3,2,5,2.5,0
IN19B085,2,3,5,2.5,0
IN19B087,3,2,5,2.5,0
IN19B112,2,3,5,2.5,0
IN20A.22A021,2,3,5,2.5,0
IN20A.22A038,2,3,5,2.5,0
IN20A.22A058,2,3,5,2.5,0
IN21A061,2,3,5,2.5,0
IN23B041,1,4,5,2.5,0
IN23B042,2,3,5,2.5,0
IN23B048,3,2,5,2.5,0
IN26X001,3,2,5,2.5,0
INXXX022,2,3,5,2.5,0
INXXX084,3,2,5,2.5,0
INXXX104,3,2,5,2.5,0
INXXX147,2,3,5,2.5,0
INXXX237,3,2,5,2.5,0
INXXX317,1,4,5,2.5,0
INXXX351,3,2,5,2.5,0
INXXX396,3,2,5,2.5,0
INXXX401,2,3,5,2.5,0
INXXX437,3,2,5,2.5,0
INXXX440,3,2,5,2.5,0
LB1d,1,4,5,2.5,0
MN11V,3,2,5,2.5,0
MNad03,2,3,5,2.5,0
MNad12,2,3,5,2.5,0
MNad40,4,1,5,2.5,0
MNhl65,1,4,5,2.5,0
"MNnm07,MNnm12",3,2,5,2.5,0
MNwm36,2,3,5,2.5,0
MNx03,2,3,5,2.5,0
M_l2PN3t18,3,2,5,2.5,0
M_lv2PN9t49_b,1,4,5,2.5,0
M_lvPNm30,2,3,5,2.5,0
M_lvPNm31,3,2,5,2.5,0
M_lvPNm44,2,3,5,2.5,0
MeVP43,3,2,5,2.5,0
Mi4,3,2,5,2.5,0
PRW034,4,1,5,2.5,0
PRW065,3,2,5,2.5,0
PS241,3,2,5,2.5,0
PS337,3,2,5,2.5,0
SAD006,4,1,5,2.5,0
SAD049,4,1,5,2.5,0
SAD053,5,0,5,2.5,0
SAD071,4,1,5,2.5,0
"SNpp34,SApp16",4,1,5,2.5,0
"SNta28,SNta44",1,4,5,2.5,0
TN1c_c,3,2,5,2.5,0
VA1d_vPN,2,3,5,2.5,0
VA1v_vPN,2,3,5,2.5,0
VA7l_adPN,3,2,5,2.5,0
VC1_lPN,2,3,5,2.5,0
VC5_lvPN,2,3,5,2.5,0
VM4_adPN,2,3,5,2.5,0
VL2a_adPN,2,3,5,2.5,0
VL2a_vPN,2,3,5,2.5,0
VP1m+VP2_lvPN1,2,3,5,2.5,0
VP2+_adPN,2,3,5,2.5,0
VP3+_vPN,1,4,5,2.5,0
WED083,2,3,5,2.5,0
WED102,3,2,5,2.5,0
WED161,4,1,5,2.5,0
WED203,3,2,5,2.5,0
WED204,5,0,5,2.5,0
WED207,4,1,5,2.5,0
WEDPN8B,3,2,5,2.5,0
dMS10,4,1,5,2.5,0
l2LN22,1,4,5,2.5,0
lLN2P_b,2,3,5,2.5,0
lLN2T_c,3,2,5,2.5,0
lLN2X05,2,3,5,2.5,0
mALB3,3,2,5,2.5,0
v2LN34E,2,3,5,2.5,0
vMS11,2,3,5,2.5,0
ALIN8,1,3,4,2.0,0
AMMC016,1,3,4,2.0,0
AN01A014,2,2,4,2.0,0
AN02A005,2,2,4,2.0,0
AN03B095,2,2,4,2.0,0
AN05B045,1,3,4,2.0,0
AN05B099,2,2,4,2.0,0
AN05B103,3,1,4,2.0,0
AN05B104,2,2,4,2.0,0
AN05B068,2,2,4,2.0,0
AN06A027,2,2,4,2.0,0
AN06B005,2,2,4,2.0,0
AN06B007,4,0,4,2.0,0
AN06B048,2,2,4,2.0,0
AN06B057,1,3,4,2.0,0
AN07B046_a,2,2,4,2.0,0
AN07B046_b,2,2,4,2.0,0
AN07B072_f,3,1,4,2.0,0
AN07B082_a,3,1,4,2.0,0
AN07B091,3,1,4,2.0,0
AN07B101_b,2,2,4,2.0,0
AN08B066,2,2,4,2.0,0
AN08B079_a,2,2,4,2.0,0
AN08B079_b,2,2,4,2.0,0
AN08B099_f,1,3,4,2.0,0
AN08B103,2,2,4,2.0,0
AN09B026,2,2,4,2.0,0
AN09B060,2,2,4,2.0,0
AN10B061,2,2,4,2.0,0
AN16B112,2,2,4,2.0,0
AN16B116,2,2,4,2.0,0
AN18B032,3,1,4,2.0,0
AN19B001,2,2,4,2.0,0
AN19B044,2,2,4,2.0,0
AN19B101,2,2,4,2.0,0
ANXXX005,2,2,4,2.0,0
ANXXX030,1,3,4,2.0,0
ANXXX139,1,3,4,2.0,0
ANXXX174,2,2,4,2.0,0
ANXXX191,1,3,4,2.0,0
ANXXX308,1,3,4,2.0,0
AVLP703m,1,3,4,2.0,0
AVLP742m,1,3,4,2.0,0
CB0374,4,0,4,2.0,0
CB0650,2,2,4,2.0,0
CB0675,2,2,4,2.0,0
CB1296_a,0,4,4,2.0,0
CB1394_a,2,2,4,2.0,0
CB1918,3,1,4,2.0,0
CB2084,3,1,4,2.0,0
CB2185,2,2,4,2.0,0
CB2270,2,2,4,2.0,0
CB2348,3,1,4,2.0,0
CB2309,4,0,4,2.0,0
CB2789,3,1,4,2.0,0
CB2792,4,0,4,2.0,0
CB2912,2,2,4,2.0,0
CB2963,3,1,4,2.0,0
CB3172,4,0,4,2.0,0
CB3673a,3,1,4,2.0,0
CB3682,3,1,4,2.0,0
CB3741,2,2,4,2.0,0
CB4143,1,3,4,2.0,0
CB4228,4,0,4,2.0,0
Cm2,2,2,4,2.0,0
DC3_adPN,2,2,4,2.0,0
DM1_lPN,2,2,4,2.0,0
DNg05_a,2,2,4,2.0,0
DNg12_e,2,2,4,2.0,0
DNg18_a,2,2,4,2.0,0
DNg34,2,2,4,2.0,0
DNg98,2,2,4,2.0,0
DNge008,1,3,4,2.0,0
DNge009,2,2,4,2.0,0
DNge014,3,1,4,2.0,0
DNge015,2,2,4,2.0,0
DNge024,1,3,4,2.0,0
DNge041,2,2,4,2.0,0
DNge055,2,2,4,2.0,0
DNge061,2,2,4,2.0,0
DNge063,2,2,4,2.0,0
DNge086,1,3,4,2.0,0
DNge087,2,2,4,2.0,0
DNge092,2,2,4,2.0,0
DNge102,2,2,4,2.0,0
DNge108,2,2,4,2.0,0
DNge115,2,2,4,2.0,0
DNge116,2,2,4,2.0,0
DNge117,2,2,4,2.0,0
DNge120,2,2,4,2.0,0
DNge176,3,1,4,2.0,0
DNge180,3,1,4,2.0,0
DNge182,2,2,4,2.0,0
DNp12,4,0,4,2.0,0
DNp38,3,1,4,2.0,0
DNpe036,2,2,4,2.0,0
DP1m_adPN,2,2,4,2.0,0
D_adPN,2,2,4,2.0,0
Dm8b,2,2,4,2.0,0
GNG014,2,2,4,2.0,0
GNG015,2,2,4,2.0,0
GNG027,2,2,4,2.0,0
GNG050,2,2,4,2.0,0
GNG101,2,2,4,2.0,0
GNG131,2,2,4,2.0,0
GNG137,2,2,4,2.0,0
GNG145,1,3,4,2.0,0
GNG177,2,2,4,2.0,0
GNG178,2,2,4,2.0,0
GNG185,2,2,4,2.0,0
GNG222,2,2,4,2.0,0
GNG243,2,2,4,2.0,0
GNG258,2,2,4,2.0,0
GNG259,3,1,4,2.0,0
GNG260,3,1,4,2.0,0
GNG293,2,2,4,2.0,0
GNG310,1,3,4,2.0,0
GNG312,2,2,4,2.0,0
GNG316,2,2,4,2.0,0
GNG329,2,2,4,2.0,0
GNG330,2,2,4,2.0,0
GNG395,2,2,4,2.0,0
GNG421,2,2,4,2.0,0
GNG425,1,3,4,2.0,0
GNG434,2,2,4,2.0,0
GNG435,2,2,4,2.0,0
GNG460,3,1,4,2.0,0
GNG479,2,2,4,2.0,0
GNG519,2,2,4,2.0,0
GNG536,2,2,4,2.0,0
GNG597,3,1,4,2.0,0
GNG605,2,2,4,2.0,0
GNG606,2,2,4,2.0,0
GNG607,2,2,4,2.0,0
GNG608,2,2,4,2.0,0
GNG612,1,3,4,2.0,0
GNG614,1,3,4,2.0,0
GNG641,2,2,4,2.0,0
GNG653,2,2,4,2.0,0
GNG655,1,3,4,2.0,0
IN01A030,2,2,4,2.0,0
IN01A067,1,3,4,2.0,0
IN01A082,2,2,4,2.0,0
IN01B015,1,3,4,2.0,0
IN01B033,1,3,4,2.0,0
"IN01B038,IN01B056",3,1,4,2.0,0
IN01B098,2,2,4,2.0,0
IN02A021,2,2,4,2.0,0
IN02A026,1,3,4,2.0,0
IN02A032,2,2,4,2.0,0
IN02A037,2,2,4,2.0,0
IN02A056_a,2,2,4,2.0,0
IN02A056_b,2,2,4,2.0,0
IN03A026_c,2,2,4,2.0,0
IN03A038,2,2,4,2.0,0
IN03A040,2,2,4,2.0,0
IN03A048,3,1,4,2.0,0
IN03A050,2,2,4,2.0,0
IN03A064,2,2,4,2.0,0
IN03A080,3,1,4,2.0,0
IN03B001,2,2,4,2.0,0
IN03B038,2,2,4,2.0,0
IN03B042,2,2,4,2.0,0
IN03B051,2,2,4,2.0,0
IN03B070,3,1,4,2.0,0
IN03B072,2,2,4,2.0,0
IN03B078,2,2,4,2.0,0
IN03B092,3,1,4,2.0,0
IN04B033,2,2,4,2.0,0
IN04B053,2,2,4,2.0,0
IN04B058,4,0,4,2.0,0
IN04B066,3,1,4,2.0,0
IN04B089,2,2,4,2.0,0
IN04B091,3,1,4,2.0,0
IN04B112,2,2,4,2.0,0
IN05B005,2,2,4,2.0,0
IN05B038,2,2,4,2.0,0
IN05B041,2,2,4,2.0,0
IN05B064_a,2,2,4,2.0,0
IN05B084,1,3,4,2.0,0
IN05B088,3,1,4,2.0,0
IN06A031,2,2,4,2.0,0
IN06A049,2,2,4,2.0,0
IN06A034,2,2,4,2.0,0
IN06A059,2,2,4,2.0,0
IN06A067_d,2,2,4,2.0,0
IN06A082,2,2,4,2.0,0
IN06A099,2,2,4,2.0,0
IN06A114,2,2,4,2.0,0
IN06B040,2,2,4,2.0,0
IN06B064,3,1,4,2.0,0
IN06B071,1,3,4,2.0,0
IN06B082,2,2,4,2.0,0
IN06B083,1,3,4,2.0,0
IN07B010,2,2,4,2.0,0
IN07B019,3,1,4,2.0,0
IN07B061,2,2,4,2.0,0
IN07B073_d,2,2,4,2.0,0
IN07B076_b,2,2,4,2.0,0
IN07B092_a,2,2,4,2.0,0
IN07B092_c,2,2,4,2.0,0
IN07B098,2,2,4,2.0,0
IN08A007,1,3,4,2.0,0
IN08A023,2,2,4,2.0,0
IN08A030,2,2,4,2.0,0
IN08A032,3,1,4,2.0,0
IN08B029,3,1,4,2.0,0
IN08B054,2,2,4,2.0,0
IN08B062,3,1,4,2.0,0
IN08B065,2,2,4,2.0,0
IN08B078,3,1,4,2.0,0
IN08B083_d,1,3,4,2.0,0
IN09A058,3,1,4,2.0,0
IN09A071,3,1,4,2.0,0
IN09A087,4,0,4,2.0,0
IN10B001,4,0,4,2.0,0
IN11B012,2,2,4,2.0,0
IN11B017_a,2,2,4,2.0,0
IN12A043_c,2,2,4,2.0,0
IN12A054,2,2,4,2.0,0
IN12B027,3,1,4,2.0,0
IN12B079_c,2,2,4,2.0,0
IN13A006,2,2,4,2.0,0
IN13A020,3,1,4,2.0,0
IN13A025,3,1,4,2.0,0
IN13A027,2,2,4,2.0,0
IN13A043,4,0,4,2.0,0
IN13A050,2,2,4,2.0,0
IN13A058,2,2,4,2.0,0
IN13B069,3,1,4,2.0,0
IN13B056,2,2,4,2.0,0
IN13B078,2,2,4,2.0,0
IN13B079,2,2,4,2.0,0
IN14A034,1,3,4,2.0,0
IN14A044,3,1,4,2.0,0
IN14A050,4,0,4,2.0,0
IN14A051,2,2,4,2.0,0
IN14A079,1,3,4,2.0,0
IN14A085_b,2,2,4,2.0,0
IN14A110,2,2,4,2.0,0
IN14A111,3,1,4,2.0,0
IN16B040,3,1,4,2.0,0
IN16B045,2,2,4,2.0,0
IN16B052,2,2,4,2.0,0
IN16B061,2,2,4,2.0,0
IN16B068_a,2,2,4,2.0,0
IN16B075_e,2,2,4,2.0,0
IN16B075_f,1,3,4,2.0,0
IN16B075_g,2,2,4,2.0,0
IN16B082,2,2,4,2.0,0
IN16B085,1,3,4,2.0,0
IN17A033,2,2,4,2.0,0
IN17A035,2,2,4,2.0,0
IN17A042,3,1,4,2.0,0
"IN17A082,IN17A086",1,3,4,2.0,0
IN17A084,2,2,4,2.0,0
IN17A100,2,2,4,2.0,0
"IN17A109,IN17A120",3,1,4,2.0,0
IN17A112,0,4,4,2.0,0
IN17A116,4,0,4,2.0,0
IN18B005,2,2,4,2.0,0
IN18B017,2,2,4,2.0,0
IN18B020,2,2,4,2.0,0
IN18B027,2,2,4,2.0,0
IN18B033,2,2,4,2.0,0
IN18B039,2,2,4,2.0,0
IN19A016,2,2,4,2.0,0
IN19A027,1,3,4,2.0,0
IN19A028,1,3,4,2.0,0
IN19A056,2,2,4,2.0,0
IN19B040,2,2,4,2.0,0
IN19B055,2,2,4,2.0,0
IN19B084,3,1,4,2.0,0
IN19B111,2,2,4,2.0,0
IN20A.22A056,3,1,4,2.0,0
IN20A.22A071,3,1,4,2.0,0
IN20A.22A081,0,4,4,2.0,0
IN21A002,0,4,4,2.0,0
IN21A004,2,2,4,2.0,0
IN21A006,1,3,4,2.0,0
IN21A038,1,3,4,2.0,0
IN21A049,3,1,4,2.0,0
IN21A063,2,2,4,2.0,0
IN23B045,3,1,4,2.0,0
IN23B059,3,1,4,2.0,0
IN23B068,0,4,4,2.0,0
IN23B094,2,2,4,2.0,0
INXXX032,2,2,4,2.0,0
INXXX048,2,2,4,2.0,0
INXXX091,2,2,4,2.0,0
INXXX138,2,2,4,2.0,0
INXXX184,2,2,4,2.0,0
INXXX192,2,2,4,2.0,0
INXXX194,3,1,4,2.0,0
INXXX239,2,2,4,2.0,0
INXXX240,2,2,4,2.0,0
INXXX263,2,2,4,2.0,0
INXXX265,2,2,4,2.0,0
INXXX269,2,2,4,2.0,0
INXXX279,2,2,4,2.0,0
INXXX285,2,2,4,2.0,0
INXXX288,2,2,4,2.0,0
INXXX292,2,2,4,2.0,0
INXXX319,2,2,4,2.0,0
INXXX329,2,2,4,2.0,0
INXXX341,3,1,4,2.0,0
INXXX349,2,2,4,2.0,0
INXXX378,2,2,4,2.0,0
INXXX382_b,2,2,4,2.0,0
INXXX388,2,2,4,2.0,0
INXXX394,2,2,4,2.0,0
INXXX416,2,2,4,2.0,0
INXXX418,2,2,4,2.0,0
INXXX426,2,2,4,2.0,0
INXXX438,3,1,4,2.0,0
INXXX441,2,2,4,2.0,0
INXXX443,2,2,4,2.0,0
INXXX460,2,2,4,2.0,0
INXXX468,1,3,4,2.0,0
INXXX473,2,2,4,2.0,0
JO-A4,2,2,4,2.0,0
LB2d,2,2,4,2.0,0
LHPV4b5,2,2,4,2.0,0
LoVC14,2,2,4,2.0,0
MN10,2,2,4,2.0,0
MNad01,2,2,4,2.0,0
MNad22,2,2,4,2.0,0
MNad24,2,2,4,2.0,0
MNad28,1,3,4,2.0,0
MNad41,3,1,4,2.0,0
MNad44,2,2,4,2.0,0
MNad54,2,2,4,2.0,0
MNhl87,2,2,4,2.0,0
MNhm43,2,2,4,2.0,0
MNnm11,3,1,4,2.0,0
MNx05,3,1,4,2.0,0
MNxm02,2,2,4,2.0,0
M_l2PNl23,2,2,4,2.0,0
M_lv2PN9t49_a,2,2,4,2.0,0
M_vPNml51,0,4,4,2.0,0
M_vPNml55,2,2,4,2.0,0
M_vPNml75,2,2,4,2.0,0
MeVP11,2,2,4,2.0,0
PRW003,3,1,4,2.0,0
PRW015,1,3,4,2.0,0
PRW041,2,2,4,2.0,0
PRW055,1,3,4,2.0,0
PRW071,2,2,4,2.0,0
PRW072,1,3,4,2.0,0
PS053,2,2,4,2.0,0
PS078,2,2,4,2.0,0
PS234,4,0,4,2.0,0
PS312,1,3,4,2.0,0
PS326,2,2,4,2.0,0
PS331,3,1,4,2.0,0
SAD011,3,1,4,2.0,0
SAD040,2,2,4,2.0,0
SAD064,4,0,4,2.0,0
SAD104,4,0,4,2.0,0
SAD108,2,2,4,2.0,0
SLP313,2,2,4,2.0,0
SMP169,2,2,4,2.0,0
SNpp24,2,2,4,2.0,0
"SNta21,SNta38",2,2,4,2.0,0
Tm5b,2,2,4,2.0,0
VL1_ilPN,2,2,4,2.0,0
VP1d_il2PN,2,2,4,2.0,0
VP1m+VP2_lvPN2,2,2,4,2.0,0
VP4+_vPN,2,2,4,2.0,0
VP5+VP3_l2PN,2,2,4,2.0,0
V_l2PN,3,1,4,2.0,0
WED108,4,0,4,2.0,0
WED162,2,2,4,2.0,0
WED205,4,0,4,2.0,0
WED206,4,0,4,2.0,0
WEDPN1B,2,2,4,2.0,0
WEDPN8C,2,2,4,2.0,0
aMe6c,2,2,4,2.0,0
mAL4D,1,3,4,2.0,0
v2LN32,2,2,4,2.0,0
v2LN34F,2,2,4,2.0,0
vLN28,2,2,4,2.0,0
vLN29,2,2,4,2.0,0
AMMC003,2,1,3,1.5,0
AMMC017,0,3,3,1.5,0
AN04B051,2,1,3,1.5,0
AN02A022,2,1,3,1.5,0
AN05B048,1,2,3,1.5,0
AN05B049_c,1,2,3,1.5,0
AN06A030,1,2,3,1.5,0
AN06B040,1,2,3,1.5,0
AN06B042,1,2,3,1.5,0
AN06B044,1,2,3,1.5,0
AN07B013,0,3,3,1.5,0
AN07B037_a,2,1,3,1.5,0
AN07B057,2,1,3,1.5,0
AN07B069_b,2,1,3,1.5,0
AN07B072_e,2,1,3,1.5,0
AN07B100,1,2,3,1.5,0
AN08B026,0,3,3,1.5,0
AN08B049,1,2,3,1.5,0
AN08B089,2,1,3,1.5,0
AN08B095,1,2,3,1.5,0
AN08B107,2,1,3,1.5,0
AN09B040,2,1,3,1.5,0
AN09B042,1,2,3,1.5,0
AN10B015,2,1,3,1.5,0
AN10B018,2,1,3,1.5,0
AN10B026,2,1,3,1.5,0
AN10B035,2,1,3,1.5,0
AN10B046,2,1,3,1.5,0
AN12B019,2,1,3,1.5,0
AN16B081,2,1,3,1.5,0
AN17B008,1,2,3,1.5,0
AN19B022,1,2,3,1.5,0
AN19B104,1,2,3,1.5,0
AN19B106,2,1,3,1.5,0
AN19B100,2,1,3,1.5,0
AN27X011,1,2,3,1.5,0
ANXXX037,2,1,3,1.5,0
ANXXX050,2,1,3,1.5,0
ANXXX084,1,2,3,1.5,0
ANXXX132,2,1,3,1.5,0
ANXXX200,1,2,3,1.5,0
ANXXX254,1,2,3,1.5,0
AVLP120,3,0,3,1.5,0
AVLP547,2,1,3,1.5,0
Acc. ti flexor MN,1,2,3,1.5,0
Acc. tr flexor MN,1,2,3,1.5,0
CB0466,2,1,3,1.5,0
CB0533,2,1,3,1.5,0
CB0540,3,0,3,1.5,0
CB1055,2,1,3,1.5,0
CB1065,3,0,3,1.5,0
CB1145,2,1,3,1.5,0
CB1282,1,2,3,1.5,0
CB1356,3,0,3,1.5,0
CB1419,1,2,3,1.5,0
CB1493,3,0,3,1.5,0
CB1849,3,0,3,1.5,0
CB1908,3,0,3,1.5,0
CB1960,2,1,3,1.5,0
CB2000,2,1,3,1.5,0
CB2050,2,1,3,1.5,0
CB2205,2,1,3,1.5,0
CB2290,2,1,3,1.5,0
CB2380,2,1,3,1.5,0
CB2653,1,2,3,1.5,0
CB2824,2,1,3,1.5,0
CB2940,2,1,3,1.5,0
CB3103,3,0,3,1.5,0
CB3207,2,1,3,1.5,0
CB3381,2,1,3,1.5,0
CB3552,3,0,3,1.5,0
CB4037,2,1,3,1.5,0
CB4038,2,1,3,1.5,0
CL113,1,2,3,1.5,0
CL114,2,1,3,1.5,0
Cm27,2,1,3,1.5,0
DNae006,2,1,3,1.5,0
DNb05,1,2,3,1.5,0
DNde007,1,2,3,1.5,0
DNg05_c,1,2,3,1.5,0
DNg12_c,1,2,3,1.5,0
DNg22,2,1,3,1.5,0
DNg24,3,0,3,1.5,0
DNg61,1,2,3,1.5,0
DNge036,1,2,3,1.5,0
DNge045,1,2,3,1.5,0
DNge068,1,2,3,1.5,0
DNge072,2,1,3,1.5,0
DNge074,1,2,3,1.5,0
DNge085,2,1,3,1.5,0
DNge107,2,1,3,1.5,0
DNge137,2,1,3,1.5,0
DNge183,1,2,3,1.5,0
DNpe035,2,1,3,1.5,0
DNpe041,2,1,3,1.5,0
DVMn 1a-c,2,1,3,1.5,0
"DVMn 3a, b",1,2,3,1.5,0
Dm2,1,2,3,1.5,0
GFC3,1,2,3,1.5,0
GNG021,0,3,3,1.5,0
GNG069,2,1,3,1.5,0
GNG074,2,1,3,1.5,0
GNG136,1,2,3,1.5,0
GNG176,2,1,3,1.5,0
GNG181,2,1,3,1.5,0
GNG212,1,2,3,1.5,0
GNG279_a,2,1,3,1.5,0
GNG281,2,1,3,1.5,0
GNG315,1,2,3,1.5,0
GNG353,1,2,3,1.5,0
GNG362,2,1,3,1.5,0
GNG365,3,0,3,1.5,0
GNG368,2,1,3,1.5,0
GNG376,2,1,3,1.5,0
GNG462,1,2,3,1.5,0
GNG473,1,2,3,1.5,0
GNG482,2,1,3,1.5,0
GNG529,1,2,3,1.5,0
GNG534,2,1,3,1.5,0
GNG583,0,3,3,1.5,0
GNG588,2,1,3,1.5,0
GNG613,1,2,3,1.5,0
GNG616,2,1,3,1.5,0
GNG635,2,1,3,1.5,0
GNG652,1,2,3,1.5,0
GNG664,3,0,3,1.5,0
IB026,2,1,3,1.5,0
IN01A009,2,1,3,1.5,0
IN01A016,1,2,3,1.5,0
IN01A020,2,1,3,1.5,0
IN01A035,1,2,3,1.5,0
IN01A043,2,1,3,1.5,0
IN01A072,1,2,3,1.5,0
IN01A073,2,1,3,1.5,0
IN01A076,2,1,3,1.5,0
IN01B027_d,2,1,3,1.5,0
IN01B027_f,1,2,3,1.5,0
IN01B029,1,2,3,1.5,0
IN01B048_a,2,1,3,1.5,0
IN01B048_b,2,1,3,1.5,0
IN01B082,1,2,3,1.5,0
IN01B086,2,1,3,1.5,0
IN02A015,2,1,3,1.5,0
IN03A006,1,2,3,1.5,0
IN03A036,1,2,3,1.5,0
IN03A043,2,1,3,1.5,0
IN03A059,1,2,3,1.5,0
IN03A062_c,1,2,3,1.5,0
IN03A076,2,1,3,1.5,0
"IN03A087,IN03A092",1,2,3,1.5,0
IN03A095,1,2,3,1.5,0
IN03A097,1,2,3,1.5,0
IN03B035,1,2,3,1.5,0
IN03B043,1,2,3,1.5,0
IN03B054,2,1,3,1.5,0
IN03B086_d,2,1,3,1.5,0
IN03B088,1,2,3,1.5,0
IN04B013,2,1,3,1.5,0
IN04B031,1,2,3,1.5,0
IN04B032,0,3,3,1.5,0
IN04B037,2,1,3,1.5,0
IN04B039,1,2,3,1.5,0
IN04B047,1,2,3,1.5,0
IN04B049_a,2,1,3,1.5,0
IN04B049_b,2,1,3,1.5,0
IN04B072,3,0,3,1.5,0
IN04B074,0,3,3,1.5,0
IN04B081,1,2,3,1.5,0
IN04B095,1,2,3,1.5,0
IN04B096,1,2,3,1.5,0
IN05B032,1,2,3,1.5,0
IN05B039,2,1,3,1.5,0
IN05B065,0,3,3,1.5,0
IN06A016,2,1,3,1.5,0
IN06A032,1,2,3,1.5,0
IN06A043,0,3,3,1.5,0
IN06A047,1,2,3,1.5,0
IN06A035,2,1,3,1.5,0
IN06A040,1,2,3,1.5,0
IN06A084,2,1,3,1.5,0
IN06A122,2,1,3,1.5,0
IN06A116,2,1,3,1.5,0
"IN06A126,IN06A137",1,2,3,1.5,0
IN06B013,1,2,3,1.5,0
IN06B049,1,2,3,1.5,0
IN06B052,1,2,3,1.5,0
IN07B008,1,2,3,1.5,0
IN07B023,1,2,3,1.5,0
IN07B038,1,2,3,1.5,0
IN07B058,1,2,3,1.5,0
IN07B073_c,2,1,3,1.5,0
IN07B073_e,2,1,3,1.5,0
IN07B076_d,2,1,3,1.5,0
IN07B083_b,2,1,3,1.5,0
IN07B084,2,1,3,1.5,0
IN07B102,2,1,3,1.5,0
IN07B103,1,2,3,1.5,0
IN08A016,2,1,3,1.5,0
"IN08A026,IN08A033",3,0,3,1.5,0
IN08A028,1,2,3,1.5,0
IN08A034,2,1,3,1.5,0
IN08A039,2,1,3,1.5,0
IN08B008,2,1,3,1.5,0
IN08B033,1,2,3,1.5,0
IN08B060,2,1,3,1.5,0
IN08B063,0,3,3,1.5,0
IN08B088,3,0,3,1.5,0
"IN09A056,IN09A072",1,2,3,1.5,0
IN09A057,2,1,3,1.5,0
IN09A089,2,1,3,1.5,0
IN09B043,0,3,3,1.5,0
IN10B013,2,1,3,1.5,0
IN10B036,2,1,3,1.5,0
IN11A004,1,2,3,1.5,0
IN11A005,2,1,3,1.5,0
IN11A007,2,1,3,1.5,0
IN11A012,3,0,3,1.5,0
IN11A017,0,3,3,1.5,0
IN11A032_d,1,2,3,1.5,0
IN11A040,1,2,3,1.5,0
IN11B021_a,0,3,3,1.5,0
IN11B021_c,2,1,3,1.5,0
IN11B022_c,1,2,3,1.5,0
IN11B022_e,1,2,3,1.5,0
IN12A009,1,2,3,1.5,0
IN12A010,1,2,3,1.5,0
IN12A050_b,1,2,3,1.5,0
IN12A058,1,2,3,1.5,0
IN12A061_c,2,1,3,1.5,0
IN12A061_d,3,0,3,1.5,0
IN12A063_b,2,1,3,1.5,0
IN12B015,1,2,3,1.5,0
IN12B062,3,0,3,1.5,0
IN13A003,1,2,3,1.5,0
IN13A012,2,1,3,1.5,0
IN13A019,1,2,3,1.5,0
IN13A023,2,1,3,1.5,0
IN13A060,2,1,3,1.5,0
IN13B020,2,1,3,1.5,0
IN13B034,1,2,3,1.5,0
IN13B043,2,1,3,1.5,0
IN13B052,1,2,3,1.5,0
IN13B053,1,2,3,1.5,0
IN13B064,1,2,3,1.5,0
IN13B073,2,1,3,1.5,0
IN13B077,1,2,3,1.5,0
IN13B085,1,2,3,1.5,0
IN13B099,0,3,3,1.5,0
IN14A007,1,2,3,1.5,0
IN14A026,0,3,3,1.5,0
"IN14A042,IN14A047",1,2,3,1.5,0
IN14A085_a,1,2,3,1.5,0
IN14A086,2,1,3,1.5,0
"IN14A100,IN14A113",1,2,3,1.5,0
IN14A117,1,2,3,1.5,0
IN14B004,1,2,3,1.5,0
IN16B037,2,1,3,1.5,0
IN16B074,2,1,3,1.5,0
IN16B056,2,1,3,1.5,0
IN16B057,1,2,3,1.5,0
IN16B075_i,2,1,3,1.5,0
IN16B090,1,2,3,1.5,0
IN16B105,2,1,3,1.5,0
IN16B107,1,2,3,1.5,0
IN16B100_c,2,1,3,1.5,0
IN17A025,1,2,3,1.5,0
IN17A028,1,2,3,1.5,0
IN17A052,2,1,3,1.5,0
IN17A094,2,1,3,1.5,0
IN17A095,2,1,3,1.5,0
IN17A107,2,1,3,1.5,0
IN17B010,3,0,3,1.5,0
IN17B017,2,1,3,1.5,0
IN18B041,2,1,3,1.5,0
IN18B045_a,2,1,3,1.5,0
IN18B046,3,0,3,1.5,0
IN19A012,1,2,3,1.5,0
IN19A017,1,2,3,1.5,0
IN19A033,1,2,3,1.5,0
IN19A034,2,1,3,1.5,0
IN19A073,1,2,3,1.5,0
IN19B010,1,2,3,1.5,0
IN19B089,2,1,3,1.5,0
IN19B107,2,1,3,1.5,0
IN20A.22A011,2,1,3,1.5,0
IN20A.22A012,2,1,3,1.5,0
IN20A.22A033,1,2,3,1.5,0
IN20A.22A048,2,1,3,1.5,0
IN20A.22A065,0,3,3,1.5,0
IN20A.22A089,2,1,3,1.5,0
IN21A007,2,1,3,1.5,0
IN21A011,1,2,3,1.5,0
IN21A037,2,1,3,1.5,0
IN21A022,2,1,3,1.5,0
IN21A058,2,1,3,1.5,0
IN21A085,2,1,3,1.5,0
IN23B053,2,1,3,1.5,0
IN23B062,2,1,3,1.5,0
IN23B066,2,1,3,1.5,0
IN23B067_d,2,1,3,1.5,0
IN23B090,2,1,3,1.5,0
INXXX035,1,2,3,1.5,0
INXXX062,1,2,3,1.5,0
INXXX124,0,3,3,1.5,0
INXXX197,2,1,3,1.5,0
INXXX199,1,2,3,1.5,0
INXXX225,1,2,3,1.5,0
INXXX252,1,2,3,1.5,0
INXXX306,0,3,3,1.5,0
INXXX350,1,2,3,1.5,0
INXXX355,1,2,3,1.5,0
INXXX373,2,1,3,1.5,0
INXXX391,2,1,3,1.5,0
INXXX419,2,1,3,1.5,0
INXXX452,2,1,3,1.5,0
INXXX456,2,1,3,1.5,0
INXXX471,1,2,3,1.5,0
IPS001,2,1,3,1.5,0
LAL156_a,1,2,3,1.5,0
LHAD4a1,1,2,3,1.5,0
LHAV9a1_a,1,2,3,1.5,0
LHPV2c5,2,1,3,1.5,0
LHPV8a1,1,2,3,1.5,0
MNad10,1,2,3,1.5,0
MNad21,2,1,3,1.5,0
MNad26,2,1,3,1.5,0
MNad30,1,2,3,1.5,0
MNad45,1,2,3,1.5,0
MNhm03,1,2,3,1.5,0
MNml80,3,0,3,1.5,0
MNml81,1,2,3,1.5,0
MNnm14,2,1,3,1.5,0
M_lPNm11D,1,2,3,1.5,0
M_lvPNm47,2,1,3,1.5,0
M_smPNm1,2,1,3,1.5,0
M_vPNml79,1,2,3,1.5,0
MeVC5,2,1,3,1.5,0
MeVP63,1,2,3,1.5,0
MeVPLp1,2,1,3,1.5,0
PRW006,1,2,3,1.5,0
PRW037,1,2,3,1.5,0
PRW039,1,2,3,1.5,0
PRW042,1,2,3,1.5,0
PRW058,2,1,3,1.5,0
PS138,1,2,3,1.5,0
PS239,1,2,3,1.5,0
PS354,1,2,3,1.5,0
SAD047,2,1,3,1.5,0
SAD097,1,2,3,1.5,0
SAD117,2,1,3,1.5,0
SAD200m,3,0,3,1.5,0
SLP469,1,2,3,1.5,0
SLP471,1,2,3,1.5,0
SMP745,0,3,3,1.5,0
SNpp03,0,3,3,1.5,0
SNpp46,3,0,3,1.5,0
Sternal anterior rotator MN,1,2,3,1.5,0
Sternotrochanter MN,2,1,3,1.5,0
TN1c_a,2,1,3,1.5,0
TN1c_b,1,2,3,1.5,0
VL1_vPN,2,1,3,1.5,0
VP2_l2PN,2,1,3,1.5,0
WED055_a,2,1,3,1.5,0
WED057,2,1,3,1.5,0
WED080,1,2,3,1.5,0
WED084,1,2,3,1.5,0
WED118,3,0,3,1.5,0
WEDPN14,3,0,3,1.5,0
WEDPN9,3,0,3,1.5,0
hi1 MN,1,2,3,1.5,0
l2LN20,1,2,3,1.5,0
l2LN23,2,1,3,1.5,0
lLN2T_e,1,2,3,1.5,0
pIP1,2,1,3,1.5,0
AMMC009,1,1,2,1.0,0
AN02A009,1,1,2,1.0,0
AN02A016,2,0,2,1.0,0
AN05B015,1,1,2,1.0,0
AN05B021,2,0,2,1.0,0
AN05B097,1,1,2,1.0,0
AN05B054_a,1,1,2,1.0,0
AN06B002,0,2,2,1.0,0
AN06B025,1,1,2,1.0,0
AN07B032,1,1,2,1.0,0
AN07B049,1,1,2,1.0,0
AN07B071_c,1,1,2,1.0,0
AN07B071_d,1,1,2,1.0,0
AN07B076,1,1,2,1.0,0
AN07B078_b,1,1,2,1.0,0
AN07B110,2,0,2,1.0,0
AN08B043,2,0,2,1.0,0
AN08B050,1,1,2,1.0,0
AN08B081,1,1,2,1.0,0
AN08B094,2,0,2,1.0,0
AN08B097,1,1,2,1.0,0
AN08B099_a,1,1,2,1.0,0
AN08B109,1,1,2,1.0,0
AN09A005,1,1,2,1.0,0
AN09B034,1,1,2,1.0,0
AN10B024,1,1,2,1.0,0
AN10B031,2,0,2,1.0,0
AN10B062,1,1,2,1.0,0
AN11B008,1,1,2,1.0,0
AN12B080,1,1,2,1.0,0
AN18B022,1,1,2,1.0,0
AN19B004,0,2,2,1.0,0
AN19B039,1,1,2,1.0,0
AN26X004,1,1,2,1.0,0
AN27X004,1,1,2,1.0,0
ANXXX127,0,2,2,1.0,0
ANXXX131,1,1,2,1.0,0
ANXXX150,1,1,2,1.0,0
ANXXX171,1,1,2,1.0,0
ANXXX218,1,1,2,1.0,0
AOTU051,2,0,2,1.0,0
ATL016,1,1,2,1.0,0
AVLP205,2,0,2,1.0,0
AVLP545,1,1,2,1.0,0
AVLP548_d,1,1,2,1.0,0
AVLP613,1,1,2,1.0,0
CB0227,1,1,2,1.0,0
CB0390,0,2,2,1.0,0
CB0530,1,1,2,1.0,0
CB0956,1,1,2,1.0,0
CB1023,1,1,2,1.0,0
CB1150,1,1,2,1.0,0
CB1208,1,1,2,1.0,0
CB1222,2,0,2,1.0,0
CB1233,1,1,2,1.0,0
CB1280,2,0,2,1.0,0
CB1533,1,1,2,1.0,0
CB1541,2,0,2,1.0,0
CB1702,2,0,2,1.0,0
CB2227,2,0,2,1.0,0
CB2228,1,1,2,1.0,0
CB2347,1,1,2,1.0,0
CB2366,1,1,2,1.0,0
CB2489,2,0,2,1.0,0
CB2497,2,0,2,1.0,0
CB2501,2,0,2,1.0,0
CB2522,2,0,2,1.0,0
CB2772,1,1,2,1.0,0
CB2800,0,2,2,1.0,0
CB2913,0,2,2,1.0,0
CB2972,1,1,2,1.0,0
CB3245,2,0,2,1.0,0
CB3357,1,1,2,1.0,0
CB3409,1,1,2,1.0,0
CB3649,2,0,2,1.0,0
CB3744,1,1,2,1.0,0
CB4173,2,0,2,1.0,0
CB4248,2,0,2,1.0,0
CL022_c,1,1,2,1.0,0
CL077,1,1,2,1.0,0
CL118,2,0,2,1.0,0
CL121_a,1,1,2,1.0,0
Cm-DRA,1,1,2,1.0,0
Cm14,1,1,2,1.0,0
Cm18,1,1,2,1.0,0
CvN7,1,1,2,1.0,0
DNa05,0,2,2,1.0,0
DNg11,1,1,2,1.0,0
DNg21,1,1,2,1.0,0
DNg39,1,1,2,1.0,0
DNg56,1,1,2,1.0,0
DNg63,1,1,2,1.0,0
DNge001,2,0,2,1.0,0
DNge030,1,1,2,1.0,0
DNge032,1,1,2,1.0,0
DNge060,1,1,2,1.0,0
DNge077,1,1,2,1.0,0
DNge095,0,2,2,1.0,0
DNge110,1,1,2,1.0,0
DNge124,2,0,2,1.0,0
DNge131,1,1,2,1.0,0
DNge140,1,1,2,1.0,0
DNge148,1,1,2,1.0,0
DNp19,1,1,2,1.0,0
DNp21,0,2,2,1.0,0
DNp55,2,0,2,1.0,0
DNpe017,1,1,2,1.0,0
DNpe039,1,1,2,1.0,0
DNpe057,1,1,2,1.0,0
Dm-DRA1,1,1,2,1.0,0
FNM2,1,1,2,1.0,0
GNG019,1,1,2,1.0,0
GNG028,1,1,2,1.0,0
GNG040,1,1,2,1.0,0
GNG062,1,1,2,1.0,0
GNG080,1,1,2,1.0,0
GNG095,1,1,2,1.0,0
GNG100,1,1,2,1.0,0
GNG133,1,1,2,1.0,0
GNG154,1,1,2,1.0,0
GNG159,1,1,2,1.0,0
GNG161,1,1,2,1.0,0
GNG198,1,1,2,1.0,0
GNG201,1,1,2,1.0,0
GNG211,1,1,2,1.0,0
GNG216,1,1,2,1.0,0
GNG224,1,1,2,1.0,0
GNG236,1,1,2,1.0,0
GNG256,1,1,2,1.0,0
GNG276,1,1,2,1.0,0
GNG283,1,1,2,1.0,0
GNG288,1,1,2,1.0,0
GNG294,1,1,2,1.0,0
GNG300,1,1,2,1.0,0
GNG302,1,1,2,1.0,0
GNG318,0,2,2,1.0,0
GNG371,1,1,2,1.0,0
GNG372,1,1,2,1.0,0
GNG399,2,0,2,1.0,0
GNG408,1,1,2,1.0,0
GNG415,0,2,2,1.0,0
GNG424,1,1,2,1.0,0
GNG442,1,1,2,1.0,0
GNG445,1,1,2,1.0,0
GNG459,1,1,2,1.0,0
GNG493,0,2,2,1.0,0
GNG496,1,1,2,1.0,0
GNG499,2,0,2,1.0,0
GNG502,0,2,2,1.0,0
GNG506,2,0,2,1.0,0
GNG508,1,1,2,1.0,0
GNG531,1,1,2,1.0,0
GNG567,1,1,2,1.0,0
GNG591,1,1,2,1.0,0
GNG615,1,1,2,1.0,0
GNG624,1,1,2,1.0,0
GNG625,1,1,2,1.0,0
GNG627,1,1,2,1.0,0
GNG628,1,1,2,1.0,0
GNG629,2,0,2,1.0,0
GNG633,2,0,2,1.0,0
GNG650,1,1,2,1.0,0
GNG657,1,1,2,1.0,0
GNG659,1,1,2,1.0,0
IB096,2,0,2,1.0,0
IN01A018,1,1,2,1.0,0
IN01A026,1,1,2,1.0,0
IN01A052_b,1,1,2,1.0,0
IN01A056,0,2,2,1.0,0
IN01A064,1,1,2,1.0,0
IN01A071,1,1,2,1.0,0
IN01A077,1,1,2,1.0,0
IN01A083_a,1,1,2,1.0,0
IN01A083_b,1,1,2,1.0,0
IN01B002,2,0,2,1.0,0
IN01B019_a,1,1,2,1.0,0
IN01B019_b,1,1,2,1.0,0
IN01B023_a,1,1,2,1.0,0
IN01B023_c,1,1,2,1.0,0
IN01B027_c,1,1,2,1.0,0
IN01B030,1,1,2,1.0,0
IN01B031_b,1,1,2,1.0,0
IN01B040,1,1,2,1.0,0
IN01B041,2,0,2,1.0,0
IN01B044_b,1,1,2,1.0,0
IN01B045,0,2,2,1.0,0
IN01B047,1,1,2,1.0,0
IN01B050_b,1,1,2,1.0,0
IN01B057,2,0,2,1.0,0
IN01B069_b,1,1,2,1.0,0
IN01B070,2,0,2,1.0,0
IN01B093,1,1,2,1.0,0
IN01B094,1,1,2,1.0,0
IN01B099,2,0,2,1.0,0
IN02A003,1,1,2,1.0,0
IN02A018,1,1,2,1.0,0
IN02A029,1,1,2,1.0,0
IN02A035,1,1,2,1.0,0
IN02A043,1,1,2,1.0,0
IN02A048,1,1,2,1.0,0
IN02A052,1,1,2,1.0,0
IN02A053,1,1,2,1.0,0
IN02A055,1,1,2,1.0,0
IN02A056_c,1,1,2,1.0,0
IN02A060,1,1,2,1.0,0
IN02A062,1,1,2,1.0,0
IN02A067,1,1,2,1.0,0
IN03A004,1,1,2,1.0,0
IN03A012,2,0,2,1.0,0
IN03A013,0,2,2,1.0,0
IN03A015,2,0,2,1.0,0
IN03A020,0,2,2,1.0,0
IN03A023,1,1,2,1.0,0
IN03A025,1,1,2,1.0,0
IN03A026_d,1,1,2,1.0,0
IN03A037,0,2,2,1.0,0
IN03A041,1,1,2,1.0,0
IN03A051,2,0,2,1.0,0
IN03A072,1,1,2,1.0,0
IN03A078,2,0,2,1.0,0
IN03A083,2,0,2,1.0,0
IN03A084,1,1,2,1.0,0
IN03A088,1,1,2,1.0,0
IN03B019,1,1,2,1.0,0
IN03B025,1,1,2,1.0,0
IN03B032,1,1,2,1.0,0
IN03B059,1,1,2,1.0,0
IN03B061,1,1,2,1.0,0
IN03B066,2,0,2,1.0,0
IN03B077,1,1,2,1.0,0
IN03B081,1,1,2,1.0,0
"IN03B082,IN03B093",2,0,2,1.0,0
IN03B086_b,0,2,2,1.0,0
IN04B006,0,2,2,1.0,0
IN04B015,1,1,2,1.0,0
IN04B030,1,1,2,1.0,0
IN04B038,1,1,2,1.0,0
IN04B083,1,1,2,1.0,0
IN04B090,1,1,2,1.0,0
IN04B101,1,1,2,1.0,0
IN05B012,1,1,2,1.0,0
IN05B064_b,0,2,2,1.0,0
IN05B066,1,1,2,1.0,0
IN05B072_a,0,2,2,1.0,0
IN05B091,1,1,2,1.0,0
IN06A018,1,1,2,1.0,0
IN06A046,1,1,2,1.0,0
IN06A063,1,1,2,1.0,0
IN06A066,2,0,2,1.0,0
IN06A076_b,0,2,2,1.0,0
IN06A088,1,1,2,1.0,0
IN06A093,1,1,2,1.0,0
IN06A120_b,0,2,2,1.0,0
IN06A120_c,1,1,2,1.0,0
IN06A129,2,0,2,1.0,0
IN06A138,1,1,2,1.0,0
IN06B019,1,1,2,1.0,0
IN06B030,1,1,2,1.0,0
IN06B043,1,1,2,1.0,0
IN06B055,1,1,2,1.0,0
IN06B081,1,1,2,1.0,0
IN06B086,1,1,2,1.0,0
IN06B087,1,1,2,1.0,0
IN07B026,1,1,2,1.0,0
IN07B045,0,2,2,1.0,0
IN07B065,2,0,2,1.0,0
IN07B076_a,1,1,2,1.0,0
IN07B083_a,1,1,2,1.0,0
IN07B083_c,1,1,2,1.0,0
IN07B092_d,1,1,2,1.0,0
IN08A010,1,1,2,1.0,0
IN08A025,2,0,2,1.0,0
IN08A027,1,1,2,1.0,0
IN08A029,1,1,2,1.0,0
IN08A040,1,1,2,1.0,0
IN08A042,1,1,2,1.0,0
IN08A044,1,1,2,1.0,0
IN08B035,1,1,2,1.0,0
IN08B038,1,1,2,1.0,0
IN08B051_a,1,1,2,1.0,0
IN08B051_b,1,1,2,1.0,0
IN08B070_a,1,1,2,1.0,0
IN08B070_b,0,2,2,1.0,0
IN08B072,1,1,2,1.0,0
IN08B083_c,0,2,2,1.0,0
IN08B087,2,0,2,1.0,0
IN09A010,1,1,2,1.0,0
IN09A012,1,1,2,1.0,0
IN09A015,1,1,2,1.0,0
IN09A028,1,1,2,1.0,0
IN09A034,0,2,2,1.0,0
IN09A056,1,1,2,1.0,0
IN09A063,1,1,2,1.0,0
IN09A067,0,2,2,1.0,0
IN09A075,1,1,2,1.0,0
IN09A093,1,1,2,1.0,0
IN09B022,1,1,2,1.0,0
IN09B044,1,1,2,1.0,0
IN11A002,1,1,2,1.0,0
"IN11A015,IN11A027",1,1,2,1.0,0
IN11A027_c,1,1,2,1.0,0
IN11A030,1,1,2,1.0,0
IN11A037_b,1,1,2,1.0,0
IN11A048,1,1,2,1.0,0
IN11B014,2,0,2,1.0,0
IN11B021_d,1,1,2,1.0,0
IN11B022_a,1,1,2,1.0,0
IN11B022_b,1,1,2,1.0,0
IN11B022_d,1,1,2,1.0,0
IN12A003,1,1,2,1.0,0
IN12A008,1,1,2,1.0,0
IN12A012,1,1,2,1.0,0
IN12A019_a,0,2,2,1.0,0
IN12A034,1,1,2,1.0,0
IN12A035,1,1,2,1.0,0
IN12A039,1,1,2,1.0,0
IN12A052_a,1,1,2,1.0,0
IN12A056,1,1,2,1.0,0
IN12A059_e,1,1,2,1.0,0
IN12A061_a,1,1,2,1.0,0
IN12B034,1,1,2,1.0,0
IN12B041,1,1,2,1.0,0
IN12B044_a,1,1,2,1.0,0
IN12B044_b,1,1,2,1.0,0
IN12B051,1,1,2,1.0,0
IN12B052,2,0,2,1.0,0
IN12B063_a,1,1,2,1.0,0
IN12B066_c,1,1,2,1.0,0
IN12B075,1,1,2,1.0,0
IN12B078,2,0,2,1.0,0
IN12B079_d,1,1,2,1.0,0
IN12B084,2,0,2,1.0,0
IN12B086,1,1,2,1.0,0
IN13A014,1,1,2,1.0,0
IN13A021,0,2,2,1.0,0
IN13A034,2,0,2,1.0,0
IN13A041,1,1,2,1.0,0
IN13A042,1,1,2,1.0,0
IN13A045,1,1,2,1.0,0
IN13A051,2,0,2,1.0,0
IN13A054,1,1,2,1.0,0
IN13A057,1,1,2,1.0,0
IN13A062,1,1,2,1.0,0
IN13B015,0,2,2,1.0,0
IN13B032,1,1,2,1.0,0
IN13B049,0,2,2,1.0,0
IN13B050,1,1,2,1.0,0
IN13B055,1,1,2,1.0,0
IN13B061,1,1,2,1.0,0
IN13B096_b,1,1,2,1.0,0
IN13B097,1,1,2,1.0,0
IN13B102,0,2,2,1.0,0
IN14A022,1,1,2,1.0,0
IN14A025,2,0,2,1.0,0
IN14A031,1,1,2,1.0,0
IN14A040,1,1,2,1.0,0
"IN14A048,IN14A102",1,1,2,1.0,0
IN14A055,1,1,2,1.0,0
IN14A063,1,1,2,1.0,0
IN14A064,1,1,2,1.0,0
IN14A081,1,1,2,1.0,0
IN14A065,1,1,2,1.0,0
IN14A066,2,0,2,1.0,0
IN14A098,1,1,2,1.0,0
IN14A121_b,2,0,2,1.0,0
IN14B009,1,1,2,1.0,0
IN14B001,2,0,2,1.0,0
IN14B003,1,1,2,1.0,0
IN16B075_a,2,0,2,1.0,0
IN16B068_b,1,1,2,1.0,0
IN16B068_c,1,1,2,1.0,0
IN16B077,1,1,2,1.0,0
IN16B097,1,1,2,1.0,0
IN16B098,1,1,2,1.0,0
IN16B118,0,2,2,1.0,0
IN16B122,1,1,2,1.0,0
IN16B125,1,1,2,1.0,0
IN17A017,1,1,2,1.0,0
IN17A022,1,1,2,1.0,0
IN17A037,2,0,2,1.0,0
IN17A058,1,1,2,1.0,0
IN17A061,1,1,2,1.0,0
IN17A044,1,1,2,1.0,0
IN17A074,2,0,2,1.0,0
IN17A103,1,1,2,1.0,0
IN17A108,1,1,2,1.0,0
IN17B008,1,1,2,1.0,0
IN18B008,1,1,2,1.0,0
IN18B015,1,1,2,1.0,0
IN18B036,0,2,2,1.0,0
IN18B037,1,1,2,1.0,0
IN19A007,1,1,2,1.0,0
IN19A021,1,1,2,1.0,0
IN19A031,1,1,2,1.0,0
IN19A037,1,1,2,1.0,0
IN19A042,1,1,2,1.0,0
IN19A064,1,1,2,1.0,0
IN19B002,1,1,2,1.0,0
IN19B003,1,1,2,1.0,0
IN19B005,1,1,2,1.0,0
IN19B023,2,0,2,1.0,0
IN19B064,0,2,2,1.0,0
IN19B073,1,1,2,1.0,0
IN19B078,1,1,2,1.0,0
IN19B081,1,1,2,1.0,0
IN19B092,1,1,2,1.0,0
IN19B095,0,2,2,1.0,0
IN19B105,1,1,2,1.0,0
IN20A.22A001,0,2,2,1.0,0
IN20A.22A003,1,1,2,1.0,0
IN20A.22A028,1,1,2,1.0,0
IN20A.22A055,1,1,2,1.0,0
"IN20A.22A061,IN20A.22A066",1,1,2,1.0,0
IN20A.22A064,0,2,2,1.0,0
IN20A.22A066,1,1,2,1.0,0
IN20A.22A073,1,1,2,1.0,0
IN21A017,1,1,2,1.0,0
IN21A035,1,1,2,1.0,0
IN21A018,1,1,2,1.0,0
IN21A026,1,1,2,1.0,0
IN21A027,1,1,2,1.0,0
IN21A044,1,1,2,1.0,0
IN21A047_b,1,1,2,1.0,0
IN21A050,2,0,2,1.0,0
IN21A087,0,2,2,1.0,0
IN21A077,1,1,2,1.0,0
"IN23B044,IN23B057",2,0,2,1.0,0
IN23B061,0,2,2,1.0,0
IN23B080,1,1,2,1.0,0
IN27X004,1,1,2,1.0,0
INXXX023,1,1,2,1.0,0
INXXX089,1,1,2,1.0,0
INXXX095,1,1,2,1.0,0
INXXX110,1,1,2,1.0,0
INXXX146,1,1,2,1.0,0
INXXX149,1,1,2,1.0,0
INXXX158,2,0,2,1.0,0
INXXX159,1,1,2,1.0,0
INXXX183,2,0,2,1.0,0
INXXX242,1,1,2,1.0,0
INXXX268,2,0,2,1.0,0
INXXX271,1,1,2,1.0,0
INXXX287,1,1,2,1.0,0
INXXX297,0,2,2,1.0,0
INXXX301,1,1,2,1.0,0
INXXX302,0,2,2,1.0,0
INXXX303,1,1,2,1.0,0
INXXX307,1,1,2,1.0,0
INXXX320,1,1,2,1.0,0
INXXX322,1,1,2,1.0,0
INXXX324,1,1,2,1.0,0
INXXX340,1,1,2,1.0,0
INXXX347,2,0,2,1.0,0
INXXX363,1,1,2,1.0,0
INXXX374,1,1,2,1.0,0
INXXX403,1,1,2,1.0,0
INXXX423,1,1,2,1.0,0
INXXX431,1,1,2,1.0,0
L2,1,1,2,1.0,0
L4,1,1,2,1.0,0
LHAD1i2_b,1,1,2,1.0,0
LHAD3a8,0,2,2,1.0,0
LHAV7a6,1,1,2,1.0,0
LHPD2c7,1,1,2,1.0,0
LHPV2a1_d,1,1,2,1.0,0
LHPV2b3,1,1,2,1.0,0
LHPV4d7,2,0,2,1.0,0
LPT59,1,1,2,1.0,0
LoVC13,1,1,2,1.0,0
MN11D,1,1,2,1.0,0
MN12D,1,1,2,1.0,0
MN3M,2,0,2,1.0,0
MN4a,1,1,2,1.0,0
MN4b,1,1,2,1.0,0
MN5,1,1,2,1.0,0
MN9,1,1,2,1.0,0
MNad11,1,1,2,1.0,0
MNad35,1,1,2,1.0,0
MNad43,1,1,2,1.0,0
MNad47,1,1,2,1.0,0
MNad65,1,1,2,1.0,0
MNad69,0,2,2,1.0,0
MNml82,2,0,2,1.0,0
MNnm08,1,1,2,1.0,0
M_lvPNm29,0,2,2,1.0,0
M_lvPNm32,2,0,2,1.0,0
M_lvPNm48,1,1,2,1.0,0
M_vPNml77,1,1,2,1.0,0
MeLo11,1,1,2,1.0,0
MeTu2a,1,1,2,1.0,0
MeTu2b,1,1,2,1.0,0
MeVC9,1,1,2,1.0,0
MeVP15,1,1,2,1.0,0
MeVP31,1,1,2,1.0,0
MeVP32,1,1,2,1.0,0
MeVPMe10,1,1,2,1.0,0
PLP257,1,1,2,1.0,0
PRW033,2,0,2,1.0,0
PRW035,1,1,2,1.0,0
PRW061,1,1,2,1.0,0
PS059,1,1,2,1.0,0
PS094,1,1,2,1.0,0
PS099_a,1,1,2,1.0,0
PS099_b,1,1,2,1.0,0
PS221,1,1,2,1.0,0
PS323,1,1,2,1.0,0
PS330,0,2,2,1.0,0
PS339,1,1,2,1.0,0
PS343,1,1,2,1.0,0
PS345,1,1,2,1.0,0
PS346,1,1,2,1.0,0
PS353,1,1,2,1.0,0
SAD005,2,0,2,1.0,0
SAD007,2,0,2,1.0,0
SAD035,1,1,2,1.0,0
SAD044,1,1,2,1.0,0
SAD055,2,0,2,1.0,0
SAD070,1,1,2,1.0,0
SApp07,1,1,2,1.0,0
SIP042_b,1,1,2,1.0,0
SLP116,1,1,2,1.0,0
SLP186,1,1,2,1.0,0
SLP215,1,1,2,1.0,0
SLP239,1,1,2,1.0,0
SLP385,1,1,2,1.0,0
SMP737,1,1,2,1.0,0
SNpp55,1,1,2,1.0,0
SNxx05,2,0,2,1.0,0
Tm5a,1,1,2,1.0,0
Tm5c,1,1,2,1.0,0
Tr extensor MN,2,0,2,1.0,0
VES016,1,1,2,1.0,0
VES040,1,1,2,1.0,0
VP1m+_lvPN,1,1,2,1.0,0
VP1m_l2PN,1,1,2,1.0,0
WED001,2,0,2,1.0,0
WED016,1,1,2,1.0,0
WED025,2,0,2,1.0,0
WED031,2,0,2,1.0,0
WED045,1,1,2,1.0,0
WED070,2,0,2,1.0,0
WED082,0,2,2,1.0,0
WED103,1,1,2,1.0,0
WED106,2,0,2,1.0,0
WED109,1,1,2,1.0,0
WED117,2,0,2,1.0,0
WED143_d,1,1,2,1.0,0
WED163,2,0,2,1.0,0
WED26,2,0,2,1.0,0
aMe10,1,1,2,1.0,0
aMe3,1,1,2,1.0,0
aMe6a,1,1,2,1.0,0
aMe6b,1,1,2,1.0,0
hg1 MN,2,0,2,1.0,0
hg4 MN,0,2,2,1.0,0
l2LN21,1,1,2,1.0,0
lLN2T_a,1,1,2,1.0,0
ltm MN,0,2,2,1.0,0
ltm2-femur MN,1,1,2,1.0,0
mAL5B,1,1,2,1.0,0
mAL_m9,0,2,2,1.0,0
w-cHIN,1,1,2,1.0,0
ALIN3,1,0,1,0.5,0
AN01A049,0,1,1,0.5,0
AN03B094,1,0,1,0.5,0
AN04B023,0,1,1,0.5,0
AN05B005,0,1,1,0.5,0
AN05B006,0,1,1,0.5,0
AN05B049_a,1,0,1,0.5,0
AN05B049_b,1,0,1,0.5,0
AN06A015,0,1,1,0.5,0
AN06B034,1,0,1,0.5,0
AN07B045,1,0,1,0.5,0
AN07B037_b,1,0,1,0.5,0
AN07B071_b,1,0,1,0.5,0
AN08B022,1,0,1,0.5,0
AN08B028,1,0,1,0.5,0
AN08B034,1,0,1,0.5,0
AN08B047,0,1,1,0.5,0
AN08B057,1,0,1,0.5,0
AN08B061,0,1,1,0.5,0
AN08B084,1,0,1,0.5,0
AN08B086,0,1,1,0.5,0
AN08B099_h,0,1,1,0.5,0
AN12B060,0,1,1,0.5,0
AN14B012,1,0,1,0.5,0
AN18B003,0,1,1,0.5,0
AN18B020,1,0,1,0.5,0
AN19B009,0,1,1,0.5,0
AN19B010,0,1,1,0.5,0
AN19B019,1,0,1,0.5,0
AN19B024,1,0,1,0.5,0
AN27X013,1,0,1,0.5,0
AN27X019,0,1,1,0.5,0
ANXXX023,1,0,1,0.5,0
ANXXX049,0,1,1,0.5,0
AVLP037,1,0,1,0.5,0
AVLP095,1,0,1,0.5,0
AVLP098,1,0,1,0.5,0
AVLP102,1,0,1,0.5,0
AVLP166,1,0,1,0.5,0
AVLP299_d,1,0,1,0.5,0
AVLP315,1,0,1,0.5,0
AVLP396,1,0,1,0.5,0
AVLP398,0,1,1,0.5,0
AVLP420_a,0,1,1,0.5,0
AVLP508,1,0,1,0.5,0
AVLP550_b,0,1,1,0.5,0
AVLP550b,0,1,1,0.5,0
AVLP560,0,1,1,0.5,0
AVLP709m,0,1,1,0.5,0
AVLP611,1,0,1,0.5,0
AVLP614,1,0,1,0.5,0
AVLP608,1,0,1,0.5,0
AVLP735m,1,0,1,0.5,0
AVLP761m,1,0,1,0.5,0
AVLP762m,1,0,1,0.5,0
AVLP763m,1,0,1,0.5,0
CB0266,0,1,1,0.5,0
CB0396,0,1,1,0.5,0
CB0367,1,0,1,0.5,0
CB0640,0,1,1,0.5,0
CB0652,1,0,1,0.5,0
CB1047,1,0,1,0.5,0
CB1074,1,0,1,0.5,0
CB1206,1,0,1,0.5,0
CB1213,1,0,1,0.5,0
CB1357,1,0,1,0.5,0
CB1407,1,0,1,0.5,0
CB1413,0,1,1,0.5,0
CB1628,1,0,1,0.5,0
CB1593,0,1,1,0.5,0
CB1557,1,0,1,0.5,0
CB1699,0,1,1,0.5,0
CB1655,0,1,1,0.5,0
CB1805,0,1,1,0.5,0
CB1818,1,0,1,0.5,0
CB1726,0,1,1,0.5,0
CB1931,1,0,1,0.5,0
CB1942,0,1,1,0.5,0
CB2026,0,1,1,0.5,0
CB1985,1,0,1,0.5,0
CB2064,0,1,1,0.5,0
CB2043,1,0,1,0.5,0
CB2081_a,0,1,1,0.5,0
CB2172,0,1,1,0.5,0
CB2123,0,1,1,0.5,0
CB2144,1,0,1,0.5,0
CB2292,1,0,1,0.5,0
CB2371,1,0,1,0.5,0
CB2472,1,0,1,0.5,0
CB2550,1,0,1,0.5,0
CB2693,1,0,1,0.5,0
CB2701,0,1,1,0.5,0
CB2702,0,1,1,0.5,0
CB2714,1,0,1,0.5,0
CB2782,0,1,1,0.5,0
CB2855,1,0,1,0.5,0
CB2877,1,0,1,0.5,0
CB3036,1,0,1,0.5,0
CB2993,0,1,1,0.5,0
CB3081,0,1,1,0.5,0
CB3168,1,0,1,0.5,0
CB3184,1,0,1,0.5,0
CB3236,1,0,1,0.5,0
CB3274,1,0,1,0.5,0
CB3361,1,0,1,0.5,0
CB3364,1,0,1,0.5,0
CB3326,1,0,1,0.5,0
CB3318,0,1,1,0.5,0
CB3384,1,0,1,0.5,0
CB3453,0,1,1,0.5,0
CB3869,1,0,1,0.5,0
CB4097,0,1,1,0.5,0
CB4114,1,0,1,0.5,0
CB4118,1,0,1,0.5,0
CB4174,1,0,1,0.5,0
CEM,0,1,1,0.5,0
CL022_b,1,0,1,0.5,0
CL054,1,0,1,0.5,0
CL056,1,0,1,0.5,0
CL080,1,0,1,0.5,0
CL122_a,0,1,1,0.5,0
CL268,0,1,1,0.5,0
CL272_b2,0,1,1,0.5,0
CL323,1,0,1,0.5,0
DNa10,1,0,1,0.5,0
DNb04,1,0,1,0.5,0
DNd03,1,0,1,0.5,0
DNde005,1,0,1,0.5,0
DNg01_a,0,1,1,0.5,0
DNg02_a,0,1,1,0.5,0
DNg04,0,1,1,0.5,0
DNg102,0,1,1,0.5,0
DNg104,0,1,1,0.5,0
DNg32,1,0,1,0.5,0
DNg36_a,1,0,1,0.5,0
DNg47,0,1,1,0.5,0
DNg53,0,1,1,0.5,0
DNg62,0,1,1,0.5,0
DNg74_b,0,1,1,0.5,0
DNg76,1,0,1,0.5,0
DNg77,0,1,1,0.5,0
DNg79,1,0,1,0.5,0
DNge017,0,1,1,0.5,0
DNge020,0,1,1,0.5,0
DNge028,0,1,1,0.5,0
DNge029,1,0,1,0.5,0
DNge031,1,0,1,0.5,0
DNge043,1,0,1,0.5,0
DNge094,1,0,1,0.5,0
DNge103,1,0,1,0.5,0
DNge139,1,0,1,0.5,0
DNge143,1,0,1,0.5,0
DNge144,0,1,1,0.5,0
DNp01,1,0,1,0.5,0
DNp11,1,0,1,0.5,0
DNp14,0,1,1,0.5,0
DNp15,1,0,1,0.5,0
DNp58,1,0,1,0.5,0
DNp69,1,0,1,0.5,0
DNpe002,1,0,1,0.5,0
DNpe026,0,1,1,0.5,0
DNpe043,0,1,1,0.5,0
FLA016,0,1,1,0.5,0
GNG052,0,1,1,0.5,0
GNG071,1,0,1,0.5,0
GNG091,1,0,1,0.5,0
GNG103,0,1,1,0.5,0
GNG109,1,0,1,0.5,0
GNG115,0,1,1,0.5,0
GNG118,0,1,1,0.5,0
GNG128,0,1,1,0.5,0
GNG130,1,0,1,0.5,0
GNG157,0,1,1,0.5,0
GNG162,1,0,1,0.5,0
GNG169,0,1,1,0.5,0
GNG173,1,0,1,0.5,0
GNG182,1,0,1,0.5,0
GNG183,0,1,1,0.5,0
GNG205,1,0,1,0.5,0
GNG245,0,1,1,0.5,0
GNG250,1,0,1,0.5,0
GNG268,1,0,1,0.5,0
GNG274,0,1,1,0.5,0
GNG278,1,0,1,0.5,0
GNG286,1,0,1,0.5,0
GNG292,0,1,1,0.5,0
GNG304,0,1,1,0.5,0
GNG309,1,0,1,0.5,0
GNG322,1,0,1,0.5,0
GNG366,0,1,1,0.5,0
GNG367_b,1,0,1,0.5,0
GNG402,0,1,1,0.5,0
GNG417,1,0,1,0.5,0
GNG418,0,1,1,0.5,0
GNG420_b,0,1,1,0.5,0
GNG439,1,0,1,0.5,0
GNG443,0,1,1,0.5,0
GNG463,0,1,1,0.5,0
GNG491,0,1,1,0.5,0
GNG497,0,1,1,0.5,0
GNG504,0,1,1,0.5,0
GNG509,1,0,1,0.5,0
GNG512,1,0,1,0.5,0
GNG514,0,1,1,0.5,0
GNG521,0,1,1,0.5,0
GNG535,0,1,1,0.5,0
GNG537,1,0,1,0.5,0
GNG549,1,0,1,0.5,0
GNG581,1,0,1,0.5,0
GNG569,0,1,1,0.5,0
GNG585,0,1,1,0.5,0
GNG595,1,0,1,0.5,0
GNG596,0,1,1,0.5,0
GNG626,0,1,1,0.5,0
GNG630,0,1,1,0.5,0
GNG631,0,1,1,0.5,0
GNG638,0,1,1,0.5,0
IN01A015,0,1,1,0.5,0
IN01A023,1,0,1,0.5,0
IN01A058,1,0,1,0.5,0
IN01A062_c,0,1,1,0.5,0
IN01A063_b,0,1,1,0.5,0
IN01A074,1,0,1,0.5,0
IN01A075,0,1,1,0.5,0
IN01A080_a,0,1,1,0.5,0
IN01A081,0,1,1,0.5,0
IN01A085,1,0,1,0.5,0
IN01B001,1,0,1,0.5,0
IN01B027_e,0,1,1,0.5,0
IN01B031_a,1,0,1,0.5,0
IN01B037_a,1,0,1,0.5,0
IN01B044_a,1,0,1,0.5,0
IN01B050_a,1,0,1,0.5,0
IN01B051_b,0,1,1,0.5,0
IN01B052,0,1,1,0.5,0
IN01B064,1,0,1,0.5,0
IN01B069_a,0,1,1,0.5,0
IN01B085,0,1,1,0.5,0
IN02A010,1,0,1,0.5,0
IN02A011,0,1,1,0.5,0
IN02A012,0,1,1,0.5,0
IN02A030,1,0,1,0.5,0
IN02A034,1,0,1,0.5,0
IN02A050,0,1,1,0.5,0
IN03A001,1,0,1,0.5,0
IN03A005,0,1,1,0.5,0
IN03A011,0,1,1,0.5,0
IN03A017,0,1,1,0.5,0
IN03A026_a,1,0,1,0.5,0
IN03A049,0,1,1,0.5,0
IN03A053,1,0,1,0.5,0
IN03A057,0,1,1,0.5,0
IN03A058,1,0,1,0.5,0
IN03A063,0,1,1,0.5,0
IN03A065,0,1,1,0.5,0
IN03A069,0,1,1,0.5,0
IN03A075,0,1,1,0.5,0
IN03A087,0,1,1,0.5,0
IN03B011,1,0,1,0.5,0
IN03B022,1,0,1,0.5,0
IN03B064,0,1,1,0.5,0
IN03B065,0,1,1,0.5,0
IN03B076,1,0,1,0.5,0
IN03B085,0,1,1,0.5,0
IN03B086_a,1,0,1,0.5,0
IN03B086_c,0,1,1,0.5,0
IN04B009,1,0,1,0.5,0
IN04B014,1,0,1,0.5,0
IN04B019,1,0,1,0.5,0
IN04B028,0,1,1,0.5,0
IN04B041,1,0,1,0.5,0
IN04B043_b,1,0,1,0.5,0
IN04B046,1,0,1,0.5,0
IN04B048,1,0,1,0.5,0
IN04B052,0,1,1,0.5,0
IN04B067,0,1,1,0.5,0
IN04B069,1,0,1,0.5,0
IN04B075,1,0,1,0.5,0
IN04B088,1,0,1,0.5,0
IN04B110,1,0,1,0.5,0
"IN04B113,IN04B114",1,0,1,0.5,0
IN05B020,1,0,1,0.5,0
IN05B008,0,1,1,0.5,0
IN05B017,1,0,1,0.5,0
IN05B033,1,0,1,0.5,0
IN05B036,0,1,1,0.5,0
IN05B075,0,1,1,0.5,0
IN05B089,1,0,1,0.5,0
IN05B090,1,0,1,0.5,0
IN06A045,1,0,1,0.5,0
IN06A098,1,0,1,0.5,0
IN06A117,1,0,1,0.5,0
IN06A120_a,0,1,1,0.5,0
IN06A127,1,0,1,0.5,0
IN06A128,1,0,1,0.5,0
IN06A139,0,1,1,0.5,0
IN06A140,0,1,1,0.5,0
IN06B025,0,1,1,0.5,0
IN06B053,1,0,1,0.5,0
IN06B072,1,0,1,0.5,0
IN06B076,0,1,1,0.5,0
IN07B032,1,0,1,0.5,0
IN07B044,1,0,1,0.5,0
IN07B053,0,1,1,0.5,0
IN07B055,1,0,1,0.5,0
IN07B067,0,1,1,0.5,0
IN07B074,1,0,1,0.5,0
IN08A008,1,0,1,0.5,0
IN08A048,0,1,1,0.5,0
IN08A049,1,0,1,0.5,0
IN08B036,1,0,1,0.5,0
IN08B051_c,1,0,1,0.5,0
IN08B051_e,1,0,1,0.5,0
IN08B056,0,1,1,0.5,0
IN08B067,0,1,1,0.5,0
IN08B077,1,0,1,0.5,0
IN08B090,0,1,1,0.5,0
IN09A001,0,1,1,0.5,0
IN09A026,0,1,1,0.5,0
IN09A035,0,1,1,0.5,0
IN09A037,0,1,1,0.5,0
IN09A059,1,0,1,0.5,0
IN09A062,1,0,1,0.5,0
IN09A066,0,1,1,0.5,0
IN09A076,1,0,1,0.5,0
IN09A091,1,0,1,0.5,0
IN09B045,0,1,1,0.5,0
IN09B046,0,1,1,0.5,0
IN09B047,0,1,1,0.5,0
IN10B002,0,1,1,0.5,0
IN10B010,0,1,1,0.5,0
IN11A008,1,0,1,0.5,0
IN11A026,0,1,1,0.5,0
IN11A027_b,1,0,1,0.5,0
IN11A032_a,1,0,1,0.5,0
IN11A034,1,0,1,0.5,0
IN11A036,1,0,1,0.5,0
IN11A037_a,1,0,1,0.5,0
IN11A049,0,1,1,0.5,0
IN11B004,0,1,1,0.5,0
IN11B016_c,1,0,1,0.5,0
IN11B025,0,1,1,0.5,0
IN12A011,0,1,1,0.5,0
IN12A024,0,1,1,0.5,0
IN12A025,1,0,1,0.5,0
IN12A026,0,1,1,0.5,0
IN12A041,0,1,1,0.5,0
IN12A043_a,0,1,1,0.5,0
IN12A052_b,1,0,1,0.5,0
IN12A063_a,1,0,1,0.5,0
IN12B005,1,0,1,0.5,0
IN12B010,1,0,1,0.5,0
IN12B018,1,0,1,0.5,0
IN12B024_b,1,0,1,0.5,0
IN12B024_c,1,0,1,0.5,0
IN12B026,1,0,1,0.5,0
IN12B037_f,0,1,1,0.5,0
IN12B042,0,1,1,0.5,0
IN12B048,1,0,1,0.5,0
IN12B056,1,0,1,0.5,0
IN12B057,1,0,1,0.5,0
IN12B070,0,1,1,0.5,0
IN12B074,0,1,1,0.5,0
IN12B079_a,0,1,1,0.5,0
IN12B082,1,0,1,0.5,0
IN12B087,1,0,1,0.5,0
IN12B088,0,1,1,0.5,0
IN13A018,0,1,1,0.5,0
IN13A040,0,1,1,0.5,0
IN13A061,0,1,1,0.5,0
IN13A069,0,1,1,0.5,0
IN13B012,0,1,1,0.5,0
IN13B024,0,1,1,0.5,0
IN13B041,0,1,1,0.5,0
IN13B066,0,1,1,0.5,0
IN13B059,1,0,1,0.5,0
IN13B063,1,0,1,0.5,0
IN13B080,0,1,1,0.5,0
IN13B093,0,1,1,0.5,0
IN14A016,0,1,1,0.5,0
IN14A032,1,0,1,0.5,0
IN14A035,1,0,1,0.5,0
IN14A045,1,0,1,0.5,0
IN14A076,1,0,1,0.5,0
IN14A082,0,1,1,0.5,0
IN14A088,0,1,1,0.5,0
IN14A099,0,1,1,0.5,0
IN14A101,0,1,1,0.5,0
IN14A103,0,1,1,0.5,0
IN14A116,0,1,1,0.5,0
IN14B006,0,1,1,0.5,0
IN16B029,1,0,1,0.5,0
IN16B038,0,1,1,0.5,0
IN16B060,1,0,1,0.5,0
IN16B075_d,0,1,1,0.5,0
IN16B083,0,1,1,0.5,0
IN16B114,0,1,1,0.5,0
IN16B101,1,0,1,0.5,0
IN16B117,0,1,1,0.5,0
IN16B121,0,1,1,0.5,0
IN16B124,0,1,1,0.5,0
IN17A040,1,0,1,0.5,0
IN17A066,1,0,1,0.5,0
IN17A098,0,1,1,0.5,0
IN17A110,0,1,1,0.5,0
IN17A114,1,0,1,0.5,0
IN18B018,1,0,1,0.5,0
IN18B021,0,1,1,0.5,0
IN18B035,0,1,1,0.5,0
IN18B040,1,0,1,0.5,0
IN18B044,1,0,1,0.5,0
IN18B051,1,0,1,0.5,0
IN18B052,0,1,1,0.5,0
IN19A014,0,1,1,0.5,0
IN19A020,1,0,1,0.5,0
IN19A045,1,0,1,0.5,0
IN19A060_d,0,1,1,0.5,0
IN19A061,1,0,1,0.5,0
IN19A083,1,0,1,0.5,0
IN19A088_b,1,0,1,0.5,0
IN19A088_c,0,1,1,0.5,0
IN19A093,0,1,1,0.5,0
IN19A099,1,0,1,0.5,0
IN19A100,0,1,1,0.5,0
IN19A109_a,0,1,1,0.5,0
IN20A.22A010,0,1,1,0.5,0
IN20A.22A019,0,1,1,0.5,0
IN20A.22A023,1,0,1,0.5,0
IN20A.22A029,1,0,1,0.5,0
"IN20A.22A036,IN20A.22A072",1,0,1,0.5,0
IN20A.22A047,1,0,1,0.5,0
"IN20A.22A049,IN20A.22A067",0,1,1,0.5,0
IN20A.22A051,0,1,1,0.5,0
IN20A.22A067,0,1,1,0.5,0
IN20A.22A082,1,0,1,0.5,0
IN20A.22A083,1,0,1,0.5,0
IN20A.22A084,0,1,1,0.5,0
IN20A.22A091,0,1,1,0.5,0
IN20A.22A092,1,0,1,0.5,0
IN21A008,0,1,1,0.5,0
IN21A016,0,1,1,0.5,0
IN21A031,0,1,1,0.5,0
IN21A032,0,1,1,0.5,0
IN21A033,1,0,1,0.5,0
IN21A020,0,1,1,0.5,0
IN21A021,1,0,1,0.5,0
IN21A047_e,1,0,1,0.5,0
IN21A048,0,1,1,0.5,0
IN21A052,1,0,1,0.5,0
IN21A054,0,1,1,0.5,0
IN21A056,0,1,1,0.5,0
IN21A057,0,1,1,0.5,0
IN21A084,0,1,1,0.5,0
IN21A076,0,1,1,0.5,0
IN21A078,1,0,1,0.5,0
IN21A093,0,1,1,0.5,0
IN23B044,0,1,1,0.5,0
IN23B050,0,1,1,0.5,0
"IN23B069,IN23B079",0,1,1,0.5,0
IN23B072,1,0,1,0.5,0
IN23B073,0,1,1,0.5,0
IN23B079,1,0,1,0.5,0
INXXX031,1,0,1,0.5,0
INXXX039,1,0,1,0.5,0
INXXX063,0,1,1,0.5,0
INXXX045,1,0,1,0.5,0
INXXX053,0,1,1,0.5,0
INXXX115,0,1,1,0.5,0
INXXX140,0,1,1,0.5,0
INXXX179,0,1,1,0.5,0
INXXX180,1,0,1,0.5,0
INXXX217,1,0,1,0.5,0
INXXX231,0,1,1,0.5,0
INXXX241,1,0,1,0.5,0
INXXX267,0,1,1,0.5,0
INXXX280,0,1,1,0.5,0
INXXX284,1,0,1,0.5,0
INXXX337,1,0,1,0.5,0
INXXX377,1,0,1,0.5,0
INXXX387,0,1,1,0.5,0
INXXX409,1,0,1,0.5,0
INXXX417,1,0,1,0.5,0
INXXX444,1,0,1,0.5,0
"INXXX447,INXXX449",0,1,1,0.5,0
INXXX472,0,1,1,0.5,0
LAL048,0,1,1,0.5,0
LAL064,1,0,1,0.5,0
LAL119,0,1,1,0.5,0
LAL143,0,1,1,0.5,0
LAL156_b,0,1,1,0.5,0
LAL196,1,0,1,0.5,0
LHAD1a2,0,1,1,0.5,0
LHAD1c2b,1,0,1,0.5,0
LHAD1f2,1,0,1,0.5,0
LHAD1j1,0,1,1,0.5,0
LHAD2c2,0,1,1,0.5,0
LHAD2c3,1,0,1,0.5,0
LHAV1a3,1,0,1,0.5,0
LHAV1b3,0,1,1,0.5,0
LHAV2f2_b,0,1,1,0.5,0
LHAV2g6,1,0,1,0.5,0
LHAV3i1,1,0,1,0.5,0
LHAV6a8,1,0,1,0.5,0
LHAV6b1,1,0,1,0.5,0
LHAV7a7,0,1,1,0.5,0
LHCENT12_b,1,0,1,0.5,0
LHPD3a2_c,1,0,1,0.5,0
LHPD4b1,0,1,1,0.5,0
LHPV2a3,1,0,1,0.5,0
LHPV2b1,1,0,1,0.5,0
LHPV2b5,1,0,1,0.5,0
LHPV2h1,0,1,1,0.5,0
LHPV4a8,0,1,1,0.5,0
LHPV4b3,0,1,1,0.5,0
LHPV4b4,1,0,1,0.5,0
LHPV4j3,1,0,1,0.5,0
LHPV4k1,0,1,1,0.5,0
LHPV6a3,0,1,1,0.5,0
LHPV6f1,0,1,1,0.5,0
LHPV6i2_a,0,1,1,0.5,0
Lai,0,1,1,0.5,0
LoVC24,1,0,1,0.5,0
LoVC27,0,1,1,0.5,0
MN13,1,0,1,0.5,0
MN2Db,0,1,1,0.5,0
MN6,1,0,1,0.5,0
MN7,1,0,1,0.5,0
MNad05,1,0,1,0.5,0
MNad07,1,0,1,0.5,0
MNad14,0,1,1,0.5,0
MNad23,0,1,1,0.5,0
MNad31,1,0,1,0.5,0
MNad32,1,0,1,0.5,0
MNad33,0,1,1,0.5,0
MNad34,0,1,1,0.5,0
MNad36,1,0,1,0.5,0
MNnm09,1,0,1,0.5,0
MNx04,0,1,1,0.5,0
MNxm03,1,0,1,0.5,0
MeVC12,1,0,1,0.5,0
MeVC3,0,1,1,0.5,0
OCG01f,1,0,1,0.5,0
OCG06,0,1,1,0.5,0
OLVC1,0,1,1,0.5,0
PLP122_b,1,0,1,0.5,0
PLP221,0,1,1,0.5,0
PPM1204,1,0,1,0.5,0
PRW002,0,1,1,0.5,0
PRW020,1,0,1,0.5,0
PRW023,0,1,1,0.5,0
PRW056,0,1,1,0.5,0
PRW063,1,0,1,0.5,0
PS005_f,1,0,1,0.5,0
PS047_a,0,1,1,0.5,0
PS070,0,1,1,0.5,0
PS076,1,0,1,0.5,0
PS115,1,0,1,0.5,0
PS116,0,1,1,0.5,0
PS230,1,0,1,0.5,0
PS279,1,0,1,0.5,0
PS309,1,0,1,0.5,0
PS328,1,0,1,0.5,0
PS329,0,1,1,0.5,0
PS347_a,0,1,1,0.5,0
PS349,1,0,1,0.5,0
PS350,1,0,1,0.5,0
PVLP062,1,0,1,0.5,0
PVLP105,1,0,1,0.5,0
PVLP123,1,0,1,0.5,0
PVLP206m,1,0,1,0.5,0
SAD009,1,0,1,0.5,0
SAD014,0,1,1,0.5,0
SAD019,0,1,1,0.5,0
SAD021,1,0,1,0.5,0
SAD021_c,1,0,1,0.5,0
SAD023,1,0,1,0.5,0
SAD084,0,1,1,0.5,0
SAD105,0,1,1,0.5,0
"SApp02,SApp03",1,0,1,0.5,0
SIP003_b,0,1,1,0.5,0
SIP111m,1,0,1,0.5,0
SLP015_b,1,0,1,0.5,0
SLP027,0,1,1,0.5,0
SLP043,0,1,1,0.5,0
SLP073,0,1,1,0.5,0
SLP115,0,1,1,0.5,0
SLP151,0,1,1,0.5,0
SLP183,0,1,1,0.5,0
SLP187,0,1,1,0.5,0
SLP189,0,1,1,0.5,0
SLP243,1,0,1,0.5,0
SLP250,0,1,1,0.5,0
SLP337,0,1,1,0.5,0
SLP391,0,1,1,0.5,0
SLP406,1,0,1,0.5,0
SLP450,1,0,1,0.5,0
SMP025,0,1,1,0.5,0
SMP258,1,0,1,0.5,0
SMP484,0,1,1,0.5,0
SMP543,0,1,1,0.5,0
SMP545,0,1,1,0.5,0
SMP552,0,1,1,0.5,0
SMP572,1,0,1,0.5,0
SMP729,1,0,1,0.5,0
SNch05,1,0,1,0.5,0
SNpp25,0,1,1,0.5,0
"SNta25,SNta30",0,1,1,0.5,0
SNta36,1,0,1,0.5,0
TN1a_b,1,0,1,0.5,0
TmY19a,1,0,1,0.5,0
Tr flexor MN,0,1,1,0.5,0
VES071,1,0,1,0.5,0
VES085_a,1,0,1,0.5,0
VES093_c,0,1,1,0.5,0
VES109,0,1,1,0.5,0
WED004,1,0,1,0.5,0
WED015,1,0,1,0.5,0
WED030_a,0,1,1,0.5,0
WED032,1,0,1,0.5,0
WED033,1,0,1,0.5,0
WED069,1,0,1,0.5,0
WED143_c,1,0,1,0.5,0
WED145,1,0,1,0.5,0
WED164,1,0,1,0.5,0
WED166_d,0,1,1,0.5,0
WED192,0,1,1,0.5,0
WED210,1,0,1,0.5,0
WEDPN16_d,1,0,1,0.5,0
WEDPN1A,1,0,1,0.5,0
aDT4,0,1,1,0.5,0
aMe1,1,0,1,0.5,0
aMe17c,1,0,1,0.5,0
dMS2,1,0,1,0.5,0
hg2 MN,0,1,1,0.5,0
lLN1_a,1,0,1,0.5,0
ltm1-tibia MN,0,1,1,0.5,0
mALB2,1,0,1,0.5,0
mAL_m4,0,1,1,0.5,0
mAL_m5a,0,1,1,0.5,0
pC1_2b,0,1,1,0.5,0
s-LNv,1,0,1,0.5,0
v2LN34B,1,0,1,0.5,0
v2LN34C,1,0,1,0.5,0
v2LN3A1_a,0,1,1,0.5,0
vMS16,0,1,1,0.5,0
vMS17,1,0,1,0.5,0
5-HTPLP01,0,0,0,0.0,0
5-HTPMPD01,0,0,0,0.0,0
5-HTPMPV01,0,0,0,0.0,0
5-HTPMPV03,0,0,0,0.0,0
5thsLNv_LNd6,0,0,0,0.0,0
ADNM2 MN,0,0,0,0.0,0
AMMC-A1,0,0,0,0.0,0
AL-MBDL1,0,0,0,0.0,0
AN01A033,0,0,0,0.0,0
AN01A055,0,0,0,0.0,0
AN03B050,0,0,0,0.0,0
AN02A025,0,0,0,0.0,0
AN02A046,0,0,0,0.0,0
AN03A002,0,0,0,0.0,0
AN03B009,0,0,0,0.0,0
AN03B011,0,0,0,0.0,0
AN05B036,0,0,0,0.0,0
AN05B044,0,0,0,0.0,0
AN05B095,0,0,0,0.0,0
AN06A016,0,0,0,0.0,0
AN06A018,0,0,0,0.0,0
AN06B004,0,0,0,0.0,0
AN06B011,0,0,0,0.0,0
AN06B023,0,0,0,0.0,0
AN06B026,0,0,0,0.0,0
AN06B046,0,0,0,0.0,0
AN06B075,0,0,0,0.0,0
AN06B088,0,0,0,0.0,0
AN07B003,0,0,0,0.0,0
AN07B004,0,0,0,0.0,0
AN07B017,0,0,0,0.0,0
AN07B050,0,0,0,0.0,0
AN07B052,0,0,0,0.0,0
AN07B042,0,0,0,0.0,0
AN07B070,0,0,0,0.0,0
AN07B071_a,0,0,0,0.0,0
AN07B078_a,0,0,0,0.0,0
AN08B015,0,0,0,0.0,0
AN08B020,0,0,0,0.0,0
AN08B009,0,0,0,0.0,0
AN08B014,0,0,0,0.0,0
AN08B027,0,0,0,0.0,0
AN08B041,0,0,0,0.0,0
AN08B048,0,0,0,0.0,0
AN08B059,0,0,0,0.0,0
AN08B069,0,0,0,0.0,0
AN08B096,0,0,0,0.0,0
AN08B098,0,0,0,0.0,0
AN08B099_b,0,0,0,0.0,0
AN08B099_c,0,0,0,0.0,0
AN08B099_d,0,0,0,0.0,0
AN08B099_e,0,0,0,0.0,0
AN08B099_g,0,0,0,0.0,0
AN08B100,0,0,0,0.0,0
AN08B102,0,0,0,0.0,0
AN08B106,0,0,0,0.0,0
AN08B111,0,0,0,0.0,0
AN08B112,0,0,0,0.0,0
AN09A007,0,0,0,0.0,0
AN09B031,0,0,0,0.0,0
AN09B044,0,0,0,0.0,0
AN10B005,0,0,0,0.0,0
AN10B009,0,0,0,0.0,0
AN10B025,0,0,0,0.0,0
AN12A003,0,0,0,0.0,0
AN12A017,0,0,0,0.0,0
AN12B005,0,0,0,0.0,0
AN12B008,0,0,0,0.0,0
AN12B089,0,0,0,0.0,0
AN14A003,0,0,0,0.0,0
AN17A012,0,0,0,0.0,0
AN17A073,0,0,0,0.0,0
AN18B001,0,0,0,0.0,0
AN18B002,0,0,0,0.0,0
AN18B023,0,0,0,0.0,0
AN18B053,0,0,0,0.0,0
AN19A018,0,0,0,0.0,0
AN19A019,0,0,0,0.0,0
AN19B014,0,0,0,0.0,0
AN19B017,0,0,0,0.0,0
AN19B018,0,0,0,0.0,0
AN19B025,0,0,0,0.0,0
AN19B028,0,0,0,0.0,0
AN19B036,0,0,0,0.0,0
AN19B042,0,0,0,0.0,0
AN19B051,0,0,0,0.0,0
AN27X003,0,0,0,0.0,0
AN27X015,0,0,0,0.0,0
AN27X016,0,0,0,0.0,0
ANXXX002,0,0,0,0.0,0
ANXXX008,0,0,0,0.0,0
ANXXX068,0,0,0,0.0,0
ANXXX071,0,0,0,0.0,0
ANXXX072,0,0,0,0.0,0
ANXXX094,0,0,0,0.0,0
ANXXX098,0,0,0,0.0,0
ANXXX099,0,0,0,0.0,0
ANXXX102,0,0,0,0.0,0
ANXXX109,0,0,0,0.0,0
ANXXX130,0,0,0,0.0,0
ANXXX144,0,0,0,0.0,0
ANXXX152,0,0,0,0.0,0
ANXXX165,0,0,0,0.0,0
ANXXX214,0,0,0,0.0,0
ANXXX250,0,0,0,0.0,0
ANXXX255,0,0,0,0.0,0
ANXXX318,0,0,0,0.0,0
AOTU001,0,0,0,0.0,0
AOTU002_a,0,0,0,0.0,0
AOTU002_b,0,0,0,0.0,0
AOTU002_c,0,0,0,0.0,0
AOTU003,0,0,0,0.0,0
AOTU004,0,0,0,0.0,0
AOTU005,0,0,0,0.0,0
AOTU006,0,0,0,0.0,0
AOTU007,0,0,0,0.0,0
AOTU007_a,0,0,0,0.0,0
AOTU007_b,0,0,0,0.0,0
AOTU008,0,0,0,0.0,0
AOTU009,0,0,0,0.0,0
AOTU011,0,0,0,0.0,0
AOTU012,0,0,0,0.0,0
AOTU013,0,0,0,0.0,0
AOTU014,0,0,0,0.0,0
AOTU015,0,0,0,0.0,0
AOTU016_a,0,0,0,0.0,0
AOTU016_b,0,0,0,0.0,0
AOTU016_c,0,0,0,0.0,0
AOTU017,0,0,0,0.0,0
AOTU018,0,0,0,0.0,0
AOTU019,0,0,0,0.0,0
AOTU020,0,0,0,0.0,0
AOTU021,0,0,0,0.0,0
AOTU022,0,0,0,0.0,0
AOTU023,0,0,0,0.0,0
AOTU024,0,0,0,0.0,0
AOTU025,0,0,0,0.0,0
AOTU026,0,0,0,0.0,0
AOTU027,0,0,0,0.0,0
AOTU028,0,0,0,0.0,0
AOTU029,0,0,0,0.0,0
AOTU030,0,0,0,0.0,0
AOTU032,0,0,0,0.0,0
AOTU033,0,0,0,0.0,0
AOTU034,0,0,0,0.0,0
AOTU035,0,0,0,0.0,0
AOTU036,0,0,0,0.0,0
AOTU037,0,0,0,0.0,0
AOTU038,0,0,0,0.0,0
AOTU039,0,0,0,0.0,0
AOTU040,0,0,0,0.0,0
AOTU041,0,0,0,0.0,0
AOTU042,0,0,0,0.0,0
AOTU043,0,0,0,0.0,0
AOTU045,0,0,0,0.0,0
AOTU046,0,0,0,0.0,0
AOTU047,0,0,0,0.0,0
AOTU048,0,0,0,0.0,0
AOTU049,0,0,0,0.0,0
AOTU050,0,0,0,0.0,0
AOTU052,0,0,0,0.0,0
AOTU053,0,0,0,0.0,0
AOTU054,0,0,0,0.0,0
AOTU055,0,0,0,0.0,0
AOTU056,0,0,0,0.0,0
AOTU058,0,0,0,0.0,0
AOTU059,0,0,0,0.0,0
AOTU060,0,0,0,0.0,0
AOTU061,0,0,0,0.0,0
AOTU062,0,0,0,0.0,0
AOTU063_a,0,0,0,0.0,0
AOTU063_b,0,0,0,0.0,0
AOTU064,0,0,0,0.0,0
AOTU065,0,0,0,0.0,0
AOTU100m,0,0,0,0.0,0
AOTU101m,0,0,0,0.0,0
AOTU102m,0,0,0,0.0,0
AOTU103m,0,0,0,0.0,0
APL,0,0,0,0.0,0
ATL001,0,0,0,0.0,0
ATL002,0,0,0,0.0,0
ATL003,0,0,0,0.0,0
ATL004,0,0,0,0.0,0
ATL005,0,0,0,0.0,0
ATL006,0,0,0,0.0,0
ATL007,0,0,0,0.0,0
ATL008,0,0,0,0.0,0
ATL009,0,0,0,0.0,0
ATL011,0,0,0,0.0,0
ATL012,0,0,0,0.0,0
ATL013,0,0,0,0.0,0
ATL014,0,0,0,0.0,0
ATL015,0,0,0,0.0,0
ATL017,0,0,0,0.0,0
ATL018,0,0,0,0.0,0
ATL019,0,0,0,0.0,0
ATL020,0,0,0,0.0,0
ATL021,0,0,0,0.0,0
ATL022,0,0,0,0.0,0
ATL023,0,0,0,0.0,0
ATL024,0,0,0,0.0,0
ATL025,0,0,0,0.0,0
ATL026,0,0,0,0.0,0
ATL027,0,0,0,0.0,0
ATL028,0,0,0,0.0,0
ATL029,0,0,0,0.0,0
ATL031,0,0,0,0.0,0
ATL032,0,0,0,0.0,0
ATL033,0,0,0,0.0,0
ATL034,0,0,0,0.0,0
ATL035,0,0,0,0.0,0
ATL036,0,0,0,0.0,0
ATL037,0,0,0,0.0,0
ATL038,0,0,0,0.0,0
ATL039,0,0,0,0.0,0
ATL040,0,0,0,0.0,0
ATL041,0,0,0,0.0,0
ATL042,0,0,0,0.0,0
ATL043,0,0,0,0.0,0
ATL044,0,0,0,0.0,0
ATL045,0,0,0,0.0,0
AVL006_a,0,0,0,0.0,0
AVLP001,0,0,0,0.0,0
AVLP002,0,0,0,0.0,0
AVLP003,0,0,0,0.0,0
AVLP004_a,0,0,0,0.0,0
AVLP004_b,0,0,0,0.0,0
AVLP005,0,0,0,0.0,0
AVLP009,0,0,0,0.0,0
AVLP013,0,0,0,0.0,0
AVLP015,0,0,0,0.0,0
AVLP016,0,0,0,0.0,0
AVLP017,0,0,0,0.0,0
AVLP018,0,0,0,0.0,0
AVLP019,0,0,0,0.0,0
AVLP020,0,0,0,0.0,0
AVLP021,0,0,0,0.0,0
AVLP022,0,0,0,0.0,0
AVLP023,0,0,0,0.0,0
AVLP024_a,0,0,0,0.0,0
AVLP024_b,0,0,0,0.0,0
AVLP024_c,0,0,0,0.0,0
AVLP025,0,0,0,0.0,0
AVLP026,0,0,0,0.0,0
AVLP027,0,0,0,0.0,0
AVLP028,0,0,0,0.0,0
AVLP029,0,0,0,0.0,0
AVLP031,0,0,0,0.0,0
AVLP032,0,0,0,0.0,0
AVLP033,0,0,0,0.0,0
AVLP034,0,0,0,0.0,0
AVLP035,0,0,0,0.0,0
AVLP036,0,0,0,0.0,0
AVLP038,0,0,0,0.0,0
AVLP039,0,0,0,0.0,0
AVLP040,0,0,0,0.0,0
AVLP041,0,0,0,0.0,0
AVLP042,0,0,0,0.0,0
AVLP043,0,0,0,0.0,0
AVLP044_a,0,0,0,0.0,0
AVLP044_b,0,0,0,0.0,0
AVLP045,0,0,0,0.0,0
AVLP046,0,0,0,0.0,0
AVLP047,0,0,0,0.0,0
AVLP048,0,0,0,0.0,0
AVLP049,0,0,0,0.0,0
AVLP050,0,0,0,0.0,0
AVLP051,0,0,0,0.0,0
AVLP053,0,0,0,0.0,0
AVLP055,0,0,0,0.0,0
AVLP059,0,0,0,0.0,0
AVLP060,0,0,0,0.0,0
AVLP062,0,0,0,0.0,0
AVLP063,0,0,0,0.0,0
AVLP064,0,0,0,0.0,0
AVLP065,0,0,0,0.0,0
AVLP067,0,0,0,0.0,0
AVLP069_a,0,0,0,0.0,0
AVLP069_b,0,0,0,0.0,0
AVLP069_c,0,0,0,0.0,0
AVLP075,0,0,0,0.0,0
AVLP076,0,0,0,0.0,0
AVLP077,0,0,0,0.0,0
AVLP078,0,0,0,0.0,0
AVLP079,0,0,0,0.0,0
AVLP080,0,0,0,0.0,0
AVLP081,0,0,0,0.0,0
AVLP082,0,0,0,0.0,0
AVLP084,0,0,0,0.0,0
AVLP085,0,0,0,0.0,0
AVLP086,0,0,0,0.0,0
AVLP087,0,0,0,0.0,0
AVLP088,0,0,0,0.0,0
AVLP089,0,0,0,0.0,0
AVLP090,0,0,0,0.0,0
AVLP091,0,0,0,0.0,0
AVLP093,0,0,0,0.0,0
AVLP094,0,0,0,0.0,0
AVLP096,0,0,0,0.0,0
AVLP097,0,0,0,0.0,0
AVLP099,0,0,0,0.0,0
AVLP101,0,0,0,0.0,0
AVLP103,0,0,0,0.0,0
AVLP104,0,0,0,0.0,0
AVLP105,0,0,0,0.0,0
AVLP107,0,0,0,0.0,0
AVLP108,0,0,0,0.0,0
AVLP109,0,0,0,0.0,0
AVLP110_a,0,0,0,0.0,0
AVLP110_b,0,0,0,0.0,0
AVLP111,0,0,0,0.0,0
AVLP112,0,0,0,0.0,0
AVLP113,0,0,0,0.0,0
AVLP115,0,0,0,0.0,0
AVLP116,0,0,0,0.0,0
AVLP117,0,0,0,0.0,0
AVLP121,0,0,0,0.0,0
AVLP124,0,0,0,0.0,0
AVLP126,0,0,0,0.0,0
AVLP129,0,0,0,0.0,0
AVLP132,0,0,0,0.0,0
AVLP136,0,0,0,0.0,0
AVLP137,0,0,0,0.0,0
AVLP138,0,0,0,0.0,0
AVLP139,0,0,0,0.0,0
AVLP140,0,0,0,0.0,0
AVLP143,0,0,0,0.0,0
AVLP145,0,0,0,0.0,0
AVLP147,0,0,0,0.0,0
AVLP149,0,0,0,0.0,0
AVLP152,0,0,0,0.0,0
AVLP153,0,0,0,0.0,0
AVLP154,0,0,0,0.0,0
AVLP155_a,0,0,0,0.0,0
AVLP155_b,0,0,0,0.0,0
AVLP156,0,0,0,0.0,0
AVLP157,0,0,0,0.0,0
AVLP158,0,0,0,0.0,0
AVLP159,0,0,0,0.0,0
AVLP160,0,0,0,0.0,0
AVLP161,0,0,0,0.0,0
AVLP162,0,0,0,0.0,0
AVLP163,0,0,0,0.0,0
AVLP164,0,0,0,0.0,0
AVLP165,0,0,0,0.0,0
AVLP168,0,0,0,0.0,0
AVLP169,0,0,0,0.0,0
AVLP170,0,0,0,0.0,0
AVLP173,0,0,0,0.0,0
AVLP175,0,0,0,0.0,0
AVLP176_b,0,0,0,0.0,0
AVLP176_c,0,0,0,0.0,0
AVLP176_d,0,0,0,0.0,0
AVLP177_a,0,0,0,0.0,0
AVLP178,0,0,0,0.0,0
AVLP179,0,0,0,0.0,0
AVLP180,0,0,0,0.0,0
AVLP182,0,0,0,0.0,0
AVLP183,0,0,0,0.0,0
AVLP184,0,0,0,0.0,0
AVLP186,0,0,0,0.0,0
AVLP187,0,0,0,0.0,0
AVLP188,0,0,0,0.0,0
AVLP189_a,0,0,0,0.0,0
AVLP189_b,0,0,0,0.0,0
AVLP190,0,0,0,0.0,0
AVLP191,0,0,0,0.0,0
AVLP192_a,0,0,0,0.0,0
AVLP192_b,0,0,0,0.0,0
AVLP193,0,0,0,0.0,0
AVLP194_a,0,0,0,0.0,0
AVLP194_b1,0,0,0,0.0,0
AVLP194_b2,0,0,0,0.0,0
AVLP194_c1,0,0,0,0.0,0
AVLP194_c2,0,0,0,0.0,0
AVLP194_c3,0,0,0,0.0,0
AVLP195,0,0,0,0.0,0
AVLP197,0,0,0,0.0,0
AVLP198,0,0,0,0.0,0
AVLP199,0,0,0,0.0,0
AVLP200,0,0,0,0.0,0
AVLP201,0,0,0,0.0,0
AVLP202,0,0,0,0.0,0
AVLP203_a,0,0,0,0.0,0
AVLP203_b,0,0,0,0.0,0
AVLP203_c,0,0,0,0.0,0
AVLP204,0,0,0,0.0,0
AVLP209,0,0,0,0.0,0
AVLP210,0,0,0,0.0,0
AVLP211,0,0,0,0.0,0
AVLP212,0,0,0,0.0,0
AVLP213,0,0,0,0.0,0
AVLP214,0,0,0,0.0,0
AVLP215,0,0,0,0.0,0
AVLP216,0,0,0,0.0,0
AVLP217,0,0,0,0.0,0
AVLP218_a,0,0,0,0.0,0
AVLP218_b,0,0,0,0.0,0
AVLP219_a,0,0,0,0.0,0
AVLP219_b,0,0,0,0.0,0
AVLP219_c,0,0,0,0.0,0
AVLP220,0,0,0,0.0,0
AVLP221,0,0,0,0.0,0
AVLP222,0,0,0,0.0,0
AVLP224_a,0,0,0,0.0,0
AVLP224_b,0,0,0,0.0,0
AVLP225_a,0,0,0,0.0,0
AVLP225_b1,0,0,0,0.0,0
AVLP225_b2,0,0,0,0.0,0
AVLP225_b3,0,0,0,0.0,0
AVLP227,0,0,0,0.0,0
AVLP229,0,0,0,0.0,0
AVLP230,0,0,0,0.0,0
AVLP231,0,0,0,0.0,0
AVLP232,0,0,0,0.0,0
AVLP234,0,0,0,0.0,0
AVLP235,0,0,0,0.0,0
AVLP243,0,0,0,0.0,0
AVLP244,0,0,0,0.0,0
AVLP250,0,0,0,0.0,0
AVLP251,0,0,0,0.0,0
AVLP252,0,0,0,0.0,0
AVLP253,0,0,0,0.0,0
AVLP254,0,0,0,0.0,0
AVLP255,0,0,0,0.0,0
AVLP256,0,0,0,0.0,0
AVLP257,0,0,0,0.0,0
AVLP258,0,0,0,0.0,0
AVLP259,0,0,0,0.0,0
AVLP260,0,0,0,0.0,0
AVLP261_a,0,0,0,0.0,0
AVLP261_b,0,0,0,0.0,0
AVLP262,0,0,0,0.0,0
AVLP263,0,0,0,0.0,0
AVLP264,0,0,0,0.0,0
AVLP265,0,0,0,0.0,0
AVLP266,0,0,0,0.0,0
AVLP267,0,0,0,0.0,0
AVLP268,0,0,0,0.0,0
AVLP269_a,0,0,0,0.0,0
AVLP269_b,0,0,0,0.0,0
AVLP271,0,0,0,0.0,0
AVLP274_a,0,0,0,0.0,0
AVLP274_b,0,0,0,0.0,0
AVLP277,0,0,0,0.0,0
AVLP279,0,0,0,0.0,0
AVLP280,0,0,0,0.0,0
AVLP281,0,0,0,0.0,0
AVLP282,0,0,0,0.0,0
AVLP283,0,0,0,0.0,0
AVLP284,0,0,0,0.0,0
AVLP285,0,0,0,0.0,0
AVLP287,0,0,0,0.0,0
AVLP288,0,0,0,0.0,0
AVLP289,0,0,0,0.0,0
AVLP290_a,0,0,0,0.0,0
AVLP290_b,0,0,0,0.0,0
AVLP292,0,0,0,0.0,0
AVLP293,0,0,0,0.0,0
AVLP294,0,0,0,0.0,0
AVLP295,0,0,0,0.0,0
AVLP296_a,0,0,0,0.0,0
AVLP296_b,0,0,0,0.0,0
AVLP297,0,0,0,0.0,0
AVLP298,0,0,0,0.0,0
AVLP299_a,0,0,0,0.0,0
AVLP299_b,0,0,0,0.0,0
AVLP299_c,0,0,0,0.0,0
AVLP300_a,0,0,0,0.0,0
AVLP300_b,0,0,0,0.0,0
AVLP302,0,0,0,0.0,0
AVLP303,0,0,0,0.0,0
AVLP304,0,0,0,0.0,0
AVLP305,0,0,0,0.0,0
AVLP306,0,0,0,0.0,0
AVLP308,0,0,0,0.0,0
AVLP309,0,0,0,0.0,0
AVLP310,0,0,0,0.0,0
AVLP311_a1,0,0,0,0.0,0
AVLP311_a2,0,0,0,0.0,0
AVLP311_b1,0,0,0,0.0,0
AVLP311_b2,0,0,0,0.0,0
AVLP312,0,0,0,0.0,0
AVLP314,0,0,0,0.0,0
AVLP316,0,0,0,0.0,0
AVLP317,0,0,0,0.0,0
AVLP318,0,0,0,0.0,0
AVLP320_a,0,0,0,0.0,0
AVLP320_b,0,0,0,0.0,0
AVLP321,0,0,0,0.0,0
AVLP322,0,0,0,0.0,0
AVLP323,0,0,0,0.0,0
AVLP325_a,0,0,0,0.0,0
AVLP325_b,0,0,0,0.0,0
AVLP329,0,0,0,0.0,0
AVLP330,0,0,0,0.0,0
AVLP331a,0,0,0,0.0,0
AVLP332,0,0,0,0.0,0
AVLP333,0,0,0,0.0,0
AVLP334,0,0,0,0.0,0
AVLP337,0,0,0,0.0,0
AVLP338,0,0,0,0.0,0
AVLP339,0,0,0,0.0,0
AVLP340,0,0,0,0.0,0
AVLP341,0,0,0,0.0,0
AVLP342,0,0,0,0.0,0
AVLP343,0,0,0,0.0,0
AVLP344,0,0,0,0.0,0
AVLP345_a,0,0,0,0.0,0
AVLP346,0,0,0,0.0,0
AVLP347,0,0,0,0.0,0
AVLP348,0,0,0,0.0,0
AVLP349,0,0,0,0.0,0
AVLP352,0,0,0,0.0,0
AVLP353,0,0,0,0.0,0
AVLP354,0,0,0,0.0,0
AVLP387,0,0,0,0.0,0
AVLP390,0,0,0,0.0,0
AVLP393,0,0,0,0.0,0
AVLP394,0,0,0,0.0,0
AVLP395,0,0,0,0.0,0
AVLP397,0,0,0,0.0,0
AVLP373,0,0,0,0.0,0
AVLP374,0,0,0,0.0,0
AVLP377,0,0,0,0.0,0
AVLP378,0,0,0,0.0,0
AVLP379,0,0,0,0.0,0
AVLP380,0,0,0,0.0,0
AVLP381,0,0,0,0.0,0
AVLP385,0,0,0,0.0,0
AVLP399,0,0,0,0.0,0
AVLP400,0,0,0,0.0,0
AVLP401,0,0,0,0.0,0
AVLP402,0,0,0,0.0,0
AVLP403,0,0,0,0.0,0
AVLP404,0,0,0,0.0,0
AVLP405,0,0,0,0.0,0
AVLP407,0,0,0,0.0,0
AVLP357,0,0,0,0.0,0
AVLP363,0,0,0,0.0,0
AVLP365,0,0,0,0.0,0
AVLP369,0,0,0,0.0,0
AVLP370_a,0,0,0,0.0,0
AVLP370_b,0,0,0,0.0,0
AVLP371,0,0,0,0.0,0
AVLP372,0,0,0,0.0,0
AVLP419_a,0,0,0,0.0,0
AVLP419_b,0,0,0,0.0,0
AVLP420_b,0,0,0,0.0,0
AVLP421,0,0,0,0.0,0
AVLP422,0,0,0,0.0,0
AVLP423,0,0,0,0.0,0
AVLP424,0,0,0,0.0,0
AVLP409,0,0,0,0.0,0
AVLP410,0,0,0,0.0,0
AVLP411,0,0,0,0.0,0
AVLP412,0,0,0,0.0,0
AVLP413,0,0,0,0.0,0
AVLP415,0,0,0,0.0,0
AVLP417,0,0,0,0.0,0
AVLP418,0,0,0,0.0,0
AVLP444,0,0,0,0.0,0
AVLP446,0,0,0,0.0,0
AVLP448,0,0,0,0.0,0
AVLP449,0,0,0,0.0,0
AVLP451,0,0,0,0.0,0
AVLP452,0,0,0,0.0,0
AVLP434_b,0,0,0,0.0,0
AVLP435_a,0,0,0,0.0,0
AVLP435_b,0,0,0,0.0,0
AVLP436,0,0,0,0.0,0
AVLP437,0,0,0,0.0,0
AVLP439,0,0,0,0.0,0
AVLP442,0,0,0,0.0,0
AVLP443,0,0,0,0.0,0
AVLP428,0,0,0,0.0,0
AVLP429,0,0,0,0.0,0
AVLP430,0,0,0,0.0,0
AVLP431,0,0,0,0.0,0
AVLP432,0,0,0,0.0,0
AVLP433_a,0,0,0,0.0,0
AVLP433_b,0,0,0,0.0,0
AVLP434_a,0,0,0,0.0,0
AVLP454_a1,0,0,0,0.0,0
AVLP454_a2,0,0,0,0.0,0
AVLP454_a3,0,0,0,0.0,0
AVLP454_b1,0,0,0,0.0,0
AVLP454_b2,0,0,0,0.0,0
AVLP454_b3,0,0,0,0.0,0
AVLP454_b4,0,0,0,0.0,0
AVLP454_b5,0,0,0,0.0,0
AVLP483,0,0,0,0.0,0
AVLP484,0,0,0,0.0,0
AVLP485,0,0,0,0.0,0
AVLP486,0,0,0,0.0,0
AVLP487,0,0,0,0.0,0
AVLP488,0,0,0,0.0,0
AVLP489,0,0,0,0.0,0
AVLP490,0,0,0,0.0,0
AVLP454_b6,0,0,0,0.0,0
AVLP455,0,0,0,0.0,0
AVLP457,0,0,0,0.0,0
AVLP459,0,0,0,0.0,0
AVLP460,0,0,0,0.0,0
AVLP461,0,0,0,0.0,0
AVLP462,0,0,0,0.0,0
AVLP463,0,0,0,0.0,0
AVLP475_a,0,0,0,0.0,0
AVLP475_b,0,0,0,0.0,0
AVLP476,0,0,0,0.0,0
AVLP477,0,0,0,0.0,0
AVLP478,0,0,0,0.0,0
AVLP479,0,0,0,0.0,0
AVLP480,0,0,0,0.0,0
AVLP481,0,0,0,0.0,0
AVLP464,0,0,0,0.0,0
AVLP465,0,0,0,0.0,0
AVLP469,0,0,0,0.0,0
AVLP470_a,0,0,0,0.0,0
AVLP470_b,0,0,0,0.0,0
AVLP471,0,0,0,0.0,0
AVLP473,0,0,0,0.0,0
AVLP474,0,0,0,0.0,0
AVLP491,0,0,0,0.0,0
AVLP492,0,0,0,0.0,0
AVLP494,0,0,0,0.0,0
AVLP496,0,0,0,0.0,0
AVLP497,0,0,0,0.0,0
AVLP498,0,0,0,0.0,0
AVLP500,0,0,0,0.0,0
AVLP501,0,0,0,0.0,0
AVLP534,0,0,0,0.0,0
AVLP535,0,0,0,0.0,0
AVLP536,0,0,0,0.0,0
AVLP537,0,0,0,0.0,0
AVLP538,0,0,0,0.0,0
AVLP539,0,0,0,0.0,0
AVLP541,0,0,0,0.0,0
AVLP542,0,0,0,0.0,0
AVLP511,0,0,0,0.0,0
AVLP517,0,0,0,0.0,0
AVLP519,0,0,0,0.0,0
AVLP520,0,0,0,0.0,0
AVLP521,0,0,0,0.0,0
AVLP522,0,0,0,0.0,0
AVLP523,0,0,0,0.0,0
AVLP524_b,0,0,0,0.0,0
AVLP502,0,0,0,0.0,0
AVLP503,0,0,0,0.0,0
AVLP504,0,0,0,0.0,0
AVLP505,0,0,0,0.0,0
AVLP506,0,0,0,0.0,0
AVLP507,0,0,0,0.0,0
AVLP509,0,0,0,0.0,0
AVLP525,0,0,0,0.0,0
AVLP526,0,0,0,0.0,0
AVLP527,0,0,0,0.0,0
AVLP529,0,0,0,0.0,0
AVLP530,0,0,0,0.0,0
AVLP531,0,0,0,0.0,0
AVLP532,0,0,0,0.0,0
AVLP533,0,0,0,0.0,0
AVLP543,0,0,0,0.0,0
AVLP544,0,0,0,0.0,0
AVLP546,0,0,0,0.0,0
AVLP548_a,0,0,0,0.0,0
AVLP548_b,0,0,0,0.0,0
AVLP548_c,0,0,0,0.0,0
AVLP548_e,0,0,0,0.0,0
AVLP548_f1,0,0,0,0.0,0
AVLP548_f2,0,0,0,0.0,0
AVLP548_g1,0,0,0,0.0,0
AVLP548_g2,0,0,0,0.0,0
AVLP549,0,0,0,0.0,0
AVLP550_a,0,0,0,0.0,0
AVLP573,0,0,0,0.0,0
AVLP574,0,0,0,0.0,0
AVLP575,0,0,0,0.0,0
AVLP576,0,0,0,0.0,0
AVLP577,0,0,0,0.0,0
AVLP578,0,0,0,0.0,0
AVLP579,0,0,0,0.0,0
AVLP580,0,0,0,0.0,0
AVLP551,0,0,0,0.0,0
AVLP552,0,0,0,0.0,0
AVLP555,0,0,0,0.0,0
AVLP557,0,0,0,0.0,0
AVLP558,0,0,0,0.0,0
AVLP559,0,0,0,0.0,0
AVLP562,0,0,0,0.0,0
AVLP563,0,0,0,0.0,0
AVLP565,0,0,0,0.0,0
AVLP566,0,0,0,0.0,0
AVLP567,0,0,0,0.0,0
AVLP571,0,0,0,0.0,0
AVLP572,0,0,0,0.0,0
AVLP702m,0,0,0,0.0,0
AVLP704m,0,0,0,0.0,0
AVLP705m,0,0,0,0.0,0
AVLP706m,0,0,0,0.0,0
AVLP708m,0,0,0,0.0,0
AVLP710m,0,0,0,0.0,0
AVLP584,0,0,0,0.0,0
AVLP586,0,0,0,0.0,0
AVLP590,0,0,0,0.0,0
AVLP591,0,0,0,0.0,0
AVLP592,0,0,0,0.0,0
AVLP593,0,0,0,0.0,0
AVLP594,0,0,0,0.0,0
AVLP595,0,0,0,0.0,0
AVLP711m,0,0,0,0.0,0
AVLP712m,0,0,0,0.0,0
AVLP713m,0,0,0,0.0,0
AVLP714m,0,0,0,0.0,0
AVLP715m,0,0,0,0.0,0
AVLP716m,0,0,0,0.0,0
AVLP717m,0,0,0,0.0,0
AVLP718m,0,0,0,0.0,0
AVLP610,0,0,0,0.0,0
AVLP612,0,0,0,0.0,0
AVLP615,0,0,0,0.0,0
AVLP700m,0,0,0,0.0,0
AVLP596,0,0,0,0.0,0
AVLP597,0,0,0,0.0,0
AVLP598,0,0,0,0.0,0
AVLP599,0,0,0,0.0,0
AVLP600,0,0,0,0.0,0
AVLP601,0,0,0,0.0,0
AVLP604,0,0,0,0.0,0
AVLP736m,0,0,0,0.0,0
AVLP737m,0,0,0,0.0,0
AVLP738m,0,0,0,0.0,0
AVLP739m,0,0,0,0.0,0
AVLP743m,0,0,0,0.0,0
AVLP744m,0,0,0,0.0,0
AVLP745m,0,0,0,0.0,0
AVLP728m,0,0,0,0.0,0
AVLP729m,0,0,0,0.0,0
AVLP730m,0,0,0,0.0,0
AVLP731m,0,0,0,0.0,0
AVLP732m,0,0,0,0.0,0
AVLP733m,0,0,0,0.0,0
AVLP734m,0,0,0,0.0,0
AVLP719m,0,0,0,0.0,0
AVLP720m,0,0,0,0.0,0
AVLP721m,0,0,0,0.0,0
AVLP722m,0,0,0,0.0,0
AVLP723m,0,0,0,0.0,0
AVLP724m,0,0,0,0.0,0
AVLP725m,0,0,0,0.0,0
AVLP727m,0,0,0,0.0,0
AVLP757m,0,0,0,0.0,0
AVLP758m,0,0,0,0.0,0
AVLP760m,0,0,0,0.0,0
AVLP764m,0,0,0,0.0,0
AVLP746m,0,0,0,0.0,0
AVLP748m,0,0,0,0.0,0
AVLP749m,0,0,0,0.0,0
AVLP750m,0,0,0,0.0,0
AVLP751m,0,0,0,0.0,0
AVLP752m,0,0,0,0.0,0
AVLP753m,0,0,0,0.0,0
AVLP755m,0,0,0,0.0,0
Am1,0,0,0,0.0,0
AstA1,0,0,0,0.0,0
CB0115,0,0,0,0.0,0
CB0121,0,0,0,0.0,0
CB0128,0,0,0,0.0,0
CB0140,0,0,0,0.0,0
CB0141,0,0,0,0.0,0
CB0142,0,0,0,0.0,0
CB0164,0,0,0,0.0,0
CAPA_b,0,0,0,0.0,0
CB0024,0,0,0,0.0,0
CB0029,0,0,0,0.0,0
CB0046,0,0,0,0.0,0
CB0061,0,0,0,0.0,0
CB0079,0,0,0,0.0,0
CB0084,0,0,0,0.0,0
BiT,0,0,0,0.0,0
C2,0,0,0,0.0,0
C3,0,0,0,0.0,0
CAPA,0,0,0,0.0,0
CAPA_a,0,0,0,0.0,0
CB0194,0,0,0,0.0,0
CB0197,0,0,0,0.0,0
CB0204,0,0,0,0.0,0
CB0218,0,0,0,0.0,0
CB0221,0,0,0,0.0,0
CB0224,0,0,0,0.0,0
CB0228,0,0,0,0.0,0
CB0244,0,0,0,0.0,0
CB0259,0,0,0,0.0,0
CB0280,0,0,0,0.0,0
CB0282,0,0,0,0.0,0
CB0285,0,0,0,0.0,0
CB0297,0,0,0,0.0,0
CB0312,0,0,0,0.0,0
CB0316,0,0,0,0.0,0
CB0320,0,0,0,0.0,0
CB0325,0,0,0,0.0,0
CB0346,0,0,0,0.0,0
CB0356,0,0,0,0.0,0
CB0391,0,0,0,0.0,0
CB0405,0,0,0,0.0,0
CB0420,0,0,0,0.0,0
CB0429,0,0,0,0.0,0
CB0431,0,0,0,0.0,0
CB0361,0,0,0,0.0,0
CB0373,0,0,0,0.0,0
CB0380,0,0,0,0.0,0
CB0381,0,0,0,0.0,0
CB0382,0,0,0,0.0,0
CB0386,0,0,0,0.0,0
CB0440,0,0,0,0.0,0
CB0477,0,0,0,0.0,0
CB0492,0,0,0,0.0,0
CB0510,0,0,0,0.0,0
CB0582,0,0,0,0.0,0
CB0609,0,0,0,0.0,0
CB0625,0,0,0,0.0,0
CB0629,0,0,0,0.0,0
CB0630,0,0,0,0.0,0
CB0633,0,0,0,0.0,0
CB0645,0,0,0,0.0,0
CB0647,0,0,0,0.0,0
CB0656,0,0,0,0.0,0
CB0657,0,0,0,0.0,0
CB0670,0,0,0,0.0,0
CB0671,0,0,0,0.0,0
CB0677,0,0,0,0.0,0
CB0682,0,0,0,0.0,0
CB0695,0,0,0,0.0,0
CB0734,0,0,0,0.0,0
CB0743,0,0,0,0.0,0
CB0744,0,0,0,0.0,0
CB0747,0,0,0,0.0,0
CB0751,0,0,0,0.0,0
CB0763,0,0,0,0.0,0
CB0785,0,0,0,0.0,0
CB0800,0,0,0,0.0,0
CB0829,0,0,0,0.0,0
CB0925,0,0,0,0.0,0
CB0926,0,0,0,0.0,0
CB0929,0,0,0,0.0,0
CB0930,0,0,0,0.0,0
CB0937,0,0,0,0.0,0
CB0943,0,0,0,0.0,0
CB0947,0,0,0,0.0,0
CB0951,0,0,0,0.0,0
CB0972,0,0,0,0.0,0
CB0973,0,0,0,0.0,0
CB0975,0,0,0,0.0,0
CB0976,0,0,0,0.0,0
CB0982,0,0,0,0.0,0
CB0992,0,0,0,0.0,0
CB0993,0,0,0,0.0,0
CB0994,0,0,0,0.0,0
CB0996,0,0,0,0.0,0
CB0998,0,0,0,0.0,0
CB1000,0,0,0,0.0,0
CB1005,0,0,0,0.0,0
CB1024,0,0,0,0.0,0
CB1026,0,0,0,0.0,0
CB1033,0,0,0,0.0,0
CB1035,0,0,0,0.0,0
CB1044,0,0,0,0.0,0
CB1050,0,0,0,0.0,0
CB1056,0,0,0,0.0,0
CB1057,0,0,0,0.0,0
CB1059,0,0,0,0.0,0
CB1060,0,0,0,0.0,0
CB1062,0,0,0,0.0,0
CB1007,0,0,0,0.0,0
CB1008,0,0,0,0.0,0
CB1009,0,0,0,0.0,0
CB1011,0,0,0,0.0,0
CB1012,0,0,0,0.0,0
CB1017,0,0,0,0.0,0
CB1020,0,0,0,0.0,0
CB1072,0,0,0,0.0,0
CB1073,0,0,0,0.0,0
CB1077,0,0,0,0.0,0
CB1081,0,0,0,0.0,0
CB1085,0,0,0,0.0,0
CB1109,0,0,0,0.0,0
CB1114,0,0,0,0.0,0
CB1124,0,0,0,0.0,0
CB1128,0,0,0,0.0,0
CB1131,0,0,0,0.0,0
CB1139,0,0,0,0.0,0
CB1140,0,0,0,0.0,0
CB1142,0,0,0,0.0,0
CB1148,0,0,0,0.0,0
CB1149,0,0,0,0.0,0
CB1151,0,0,0,0.0,0
CB1154,0,0,0,0.0,0
CB1156,0,0,0,0.0,0
CB1160,0,0,0,0.0,0
CB1165,0,0,0,0.0,0
CB1168,0,0,0,0.0,0
CB1171,0,0,0,0.0,0
CB1174,0,0,0,0.0,0
CB1178,0,0,0,0.0,0
CB1179,0,0,0,0.0,0
CB1181,0,0,0,0.0,0
CB1185,0,0,0,0.0,0
CB1087,0,0,0,0.0,0
CB1088,0,0,0,0.0,0
CB1089,0,0,0,0.0,0
CB1099,0,0,0,0.0,0
CB1103,0,0,0,0.0,0
CB1104,0,0,0,0.0,0
CB1108,0,0,0,0.0,0
CB1207_a,0,0,0,0.0,0
CB1207_b,0,0,0,0.0,0
CB1212,0,0,0,0.0,0
CB1219,0,0,0,0.0,0
CB1220,0,0,0,0.0,0
CB1187,0,0,0,0.0,0
CB1189,0,0,0,0.0,0
CB1190,0,0,0,0.0,0
CB1194,0,0,0,0.0,0
CB1200,0,0,0,0.0,0
CB1201,0,0,0,0.0,0
CB1202,0,0,0,0.0,0
CB1205,0,0,0,0.0,0
CB1227,0,0,0,0.0,0
CB1238,0,0,0,0.0,0
CB1241,0,0,0,0.0,0
CB1242,0,0,0,0.0,0
CB1246,0,0,0,0.0,0
CB1247,0,0,0,0.0,0
CB1249,0,0,0,0.0,0
CB1252,0,0,0,0.0,0
CB1255,0,0,0,0.0,0
CB1260,0,0,0,0.0,0
CB1263,0,0,0,0.0,0
CB1268,0,0,0,0.0,0
CB1269,0,0,0,0.0,0
CB1275,0,0,0,0.0,0
CB1276,0,0,0,0.0,0
CB1281,0,0,0,0.0,0
CB1286,0,0,0,0.0,0
CB1287,0,0,0,0.0,0
CB1287_b,0,0,0,0.0,0
CB1337,0,0,0,0.0,0
CB1339,0,0,0,0.0,0
CB1340,0,0,0,0.0,0
CB1346,0,0,0,0.0,0
CB1352,0,0,0,0.0,0
CB1353,0,0,0,0.0,0
CB1309,0,0,0,0.0,0
CB1312,0,0,0,0.0,0
CB1316,0,0,0,0.0,0
CB1322,0,0,0,0.0,0
CB1326,0,0,0,0.0,0
CB1330,0,0,0,0.0,0
CB1333,0,0,0,0.0,0
CB1287_c,0,0,0,0.0,0
CB1289,0,0,0,0.0,0
CB1299,0,0,0,0.0,0
CB1300,0,0,0,0.0,0
CB1301,0,0,0,0.0,0
CB1302,0,0,0,0.0,0
CB1308,0,0,0,0.0,0
CB1359,0,0,0,0.0,0
CB1361,0,0,0,0.0,0
CB1365,0,0,0,0.0,0
CB1368,0,0,0,0.0,0
CB1374,0,0,0,0.0,0
CB1379,0,0,0,0.0,0
CB1384,0,0,0,0.0,0
CB1387,0,0,0,0.0,0
CB1458,0,0,0,0.0,0
CB1460,0,0,0,0.0,0
CB1463,0,0,0,0.0,0
CB1464,0,0,0,0.0,0
CB1467,0,0,0,0.0,0
CB1477,0,0,0,0.0,0
CB1478,0,0,0,0.0,0
CB1483,0,0,0,0.0,0
CB1510,0,0,0,0.0,0
CB1513,0,0,0,0.0,0
CB1523,0,0,0,0.0,0
CB1527,0,0,0,0.0,0
CB1529,0,0,0,0.0,0
CB1532,0,0,0,0.0,0
CB1534,0,0,0,0.0,0
CB1406,0,0,0,0.0,0
CB1417,0,0,0,0.0,0
CB1418,0,0,0,0.0,0
CB1421,0,0,0,0.0,0
CB1428,0,0,0,0.0,0
CB1487,0,0,0,0.0,0
CB1498,0,0,0,0.0,0
CB1500,0,0,0,0.0,0
CB1502,0,0,0,0.0,0
CB1503,0,0,0,0.0,0
CB1504,0,0,0,0.0,0
CB1509,0,0,0,0.0,0
CB1389,0,0,0,0.0,0
CB1391,0,0,0,0.0,0
CB1392,0,0,0,0.0,0
CB1396,0,0,0,0.0,0
CB1403,0,0,0,0.0,0
CB1405,0,0,0,0.0,0
CB1432,0,0,0,0.0,0
CB1434,0,0,0,0.0,0
CB1442,0,0,0,0.0,0
CB1447,0,0,0,0.0,0
CB1448,0,0,0,0.0,0
CB1454,0,0,0,0.0,0
CB1456,0,0,0,0.0,0
CB1457,0,0,0,0.0,0
CB1565,0,0,0,0.0,0
CB1570,0,0,0,0.0,0
CB1574,0,0,0,0.0,0
CB1575,0,0,0,0.0,0
CB1576,0,0,0,0.0,0
CB1577,0,0,0,0.0,0
CB1590,0,0,0,0.0,0
CB1537,0,0,0,0.0,0
CB1547,0,0,0,0.0,0
CB1548,0,0,0,0.0,0
CB1549,0,0,0,0.0,0
CB1613,0,0,0,0.0,0
CB1617,0,0,0,0.0,0
CB1619,0,0,0,0.0,0
CB1625,0,0,0,0.0,0
CB1626,0,0,0,0.0,0
CB1627,0,0,0,0.0,0
CB1629,0,0,0,0.0,0
CB1632,0,0,0,0.0,0
CB1636,0,0,0,0.0,0
CB1638,0,0,0,0.0,0
CB1641,0,0,0,0.0,0
CB1642,0,0,0,0.0,0
CB1649,0,0,0,0.0,0
CB1653,0,0,0,0.0,0
CB1654,0,0,0,0.0,0
CB1595,0,0,0,0.0,0
CB1599,0,0,0,0.0,0
CB1603,0,0,0,0.0,0
CB1604,0,0,0,0.0,0
CB1608,0,0,0,0.0,0
CB1610,0,0,0,0.0,0
CB1550,0,0,0,0.0,0
CB1551,0,0,0,0.0,0
CB1554,0,0,0,0.0,0
CB1556,0,0,0,0.0,0
CB1560,0,0,0,0.0,0
CB1562,0,0,0,0.0,0
CB1564,0,0,0,0.0,0
CB1685,0,0,0,0.0,0
CB1687,0,0,0,0.0,0
CB1688,0,0,0,0.0,0
CB1691,0,0,0,0.0,0
CB1695,0,0,0,0.0,0
CB1697,0,0,0,0.0,0
CB1701,0,0,0,0.0,0
CB1663,0,0,0,0.0,0
CB1670,0,0,0,0.0,0
CB1672,0,0,0,0.0,0
CB1678,0,0,0,0.0,0
CB1679,0,0,0,0.0,0
CB1682,0,0,0,0.0,0
CB1684,0,0,0,0.0,0
CB1733,0,0,0,0.0,0
CB1735,0,0,0,0.0,0
CB1744,0,0,0,0.0,0
CB1748,0,0,0,0.0,0
CB1752,0,0,0,0.0,0
CB1759b,0,0,0,0.0,0
CB1771,0,0,0,0.0,0
CB1774,0,0,0,0.0,0
CB1804,0,0,0,0.0,0
CB1808,0,0,0,0.0,0
CB1809,0,0,0,0.0,0
CB1811,0,0,0,0.0,0
CB1812,0,0,0,0.0,0
CB1815,0,0,0,0.0,0
CB1705,0,0,0,0.0,0
CB1706,0,0,0,0.0,0
CB1714,0,0,0,0.0,0
CB1717,0,0,0,0.0,0
CB1729,0,0,0,0.0,0
CB1731,0,0,0,0.0,0
CB1782,0,0,0,0.0,0
CB1787,0,0,0,0.0,0
CB1789,0,0,0,0.0,0
CB1792,0,0,0,0.0,0
CB1794,0,0,0,0.0,0
CB1795,0,0,0,0.0,0
CB1803,0,0,0,0.0,0
CB1842,0,0,0,0.0,0
CB1844,0,0,0,0.0,0
CB1846,0,0,0,0.0,0
CB1850,0,0,0,0.0,0
CB1852,0,0,0,0.0,0
CB1853,0,0,0,0.0,0
CB1856,0,0,0,0.0,0
CB1821,0,0,0,0.0,0
CB1823,0,0,0,0.0,0
CB1833,0,0,0,0.0,0
CB1834,0,0,0,0.0,0
CB1836,0,0,0,0.0,0
CB1838,0,0,0,0.0,0
CB1841,0,0,0,0.0,0
CB1891b,0,0,0,0.0,0
CB1895,0,0,0,0.0,0
CB1896,0,0,0,0.0,0
CB1897,0,0,0,0.0,0
CB1899,0,0,0,0.0,0
CB1901,0,0,0,0.0,0
CB1902,0,0,0,0.0,0
CB1903,0,0,0,0.0,0
CB1927,0,0,0,0.0,0
CB1932,0,0,0,0.0,0
CB1934,0,0,0,0.0,0
CB1935,0,0,0,0.0,0
CB1938,0,0,0,0.0,0
CB1945,0,0,0,0.0,0
CB1858,0,0,0,0.0,0
CB1866,0,0,0,0.0,0
CB1871,0,0,0,0.0,0
CB1876,0,0,0,0.0,0
CB1879,0,0,0,0.0,0
CB1883,0,0,0,0.0,0
CB1884,0,0,0,0.0,0
CB1885,0,0,0,0.0,0
CB1909,0,0,0,0.0,0
CB1910,0,0,0,0.0,0
CB1911,0,0,0,0.0,0
CB1914,0,0,0,0.0,0
CB1923,0,0,0,0.0,0
CB1924,0,0,0,0.0,0
CB1964,0,0,0,0.0,0
CB1973,0,0,0,0.0,0
CB1975,0,0,0,0.0,0
CB1976,0,0,0,0.0,0
CB1976b,0,0,0,0.0,0
CB1977,0,0,0,0.0,0
CB1980,0,0,0,0.0,0
CB1946,0,0,0,0.0,0
CB1948,0,0,0,0.0,0
CB1949,0,0,0,0.0,0
CB1950,0,0,0,0.0,0
CB1955,0,0,0,0.0,0
CB1956,0,0,0,0.0,0
CB1958,0,0,0,0.0,0
CB1959,0,0,0,0.0,0
CB2003,0,0,0,0.0,0
CB2006,0,0,0,0.0,0
CB2027,0,0,0,0.0,0
CB2029,0,0,0,0.0,0
CB2032,0,0,0,0.0,0
CB1981,0,0,0,0.0,0
CB1983,0,0,0,0.0,0
CB1984,0,0,0,0.0,0
CB1987,0,0,0,0.0,0
CB1995,0,0,0,0.0,0
CB1997,0,0,0,0.0,0
CB1997_b,0,0,0,0.0,0
CB2047,0,0,0,0.0,0
CB2048,0,0,0,0.0,0
CB2049,0,0,0,0.0,0
CB2051,0,0,0,0.0,0
CB2053,0,0,0,0.0,0
CB2059,0,0,0,0.0,0
CB2033,0,0,0,0.0,0
CB2035,0,0,0,0.0,0
CB2037,0,0,0,0.0,0
CB2038,0,0,0,0.0,0
CB2040,0,0,0,0.0,0
CB2041,0,0,0,0.0,0
CB2045,0,0,0,0.0,0
CB2066,0,0,0,0.0,0
CB2074,0,0,0,0.0,0
CB2079,0,0,0,0.0,0
CB2087,0,0,0,0.0,0
CB2088,0,0,0,0.0,0
CB2089,0,0,0,0.0,0
CB2090,0,0,0,0.0,0
CB2092,0,0,0,0.0,0
CB2093,0,0,0,0.0,0
CB2094,0,0,0,0.0,0
CB2105,0,0,0,0.0,0
CB2107,0,0,0,0.0,0
CB2108,0,0,0,0.0,0
CB2171,0,0,0,0.0,0
CB2174,0,0,0,0.0,0
CB2175,0,0,0,0.0,0
CB2178,0,0,0,0.0,0
CB2182,0,0,0,0.0,0
CB2184,0,0,0,0.0,0
CB2111,0,0,0,0.0,0
CB2113,0,0,0,0.0,0
CB2116,0,0,0,0.0,0
CB2117,0,0,0,0.0,0
CB2127,0,0,0,0.0,0
CB2132,0,0,0,0.0,0
CB2133,0,0,0,0.0,0
CB2136,0,0,0,0.0,0
CB2143,0,0,0,0.0,0
CB2148,0,0,0,0.0,0
CB2151,0,0,0,0.0,0
CB2152,0,0,0,0.0,0
CB2154,0,0,0,0.0,0
CB2189,0,0,0,0.0,0
CB2194,0,0,0,0.0,0
CB2196,0,0,0,0.0,0
CB2200,0,0,0,0.0,0
CB2206,0,0,0,0.0,0
CB2207,0,0,0,0.0,0
CB2208,0,0,0,0.0,0
CB2224,0,0,0,0.0,0
CB2226,0,0,0,0.0,0
CB2229,0,0,0,0.0,0
CB2230,0,0,0,0.0,0
CB2232,0,0,0,0.0,0
CB2245,0,0,0,0.0,0
CB2251,0,0,0,0.0,0
CB2252,0,0,0,0.0,0
CB2257,0,0,0,0.0,0
CB2262,0,0,0,0.0,0
CB2269,0,0,0,0.0,0
CB2321,0,0,0,0.0,0
CB2323,0,0,0,0.0,0
CB2330,0,0,0,0.0,0
CB2337,0,0,0,0.0,0
CB2339,0,0,0,0.0,0
CB2342,0,0,0,0.0,0
CB2343,0,0,0,0.0,0
CB2346,0,0,0,0.0,0
CB2280,0,0,0,0.0,0
CB2281,0,0,0,0.0,0
CB2285,0,0,0,0.0,0
CB2286,0,0,0,0.0,0
CB2294,0,0,0,0.0,0
CB2295,0,0,0,0.0,0
CB2351,0,0,0,0.0,0
CB2357,0,0,0,0.0,0
CB2361,0,0,0,0.0,0
CB2363,0,0,0,0.0,0
CB2365,0,0,0,0.0,0
CB2298,0,0,0,0.0,0
CB2300,0,0,0,0.0,0
CB2302,0,0,0,0.0,0
CB2310,0,0,0,0.0,0
CB2311,0,0,0,0.0,0
CB2315,0,0,0,0.0,0
CB2316,0,0,0,0.0,0
CB2373,0,0,0,0.0,0
CB2374,0,0,0,0.0,0
CB2377,0,0,0,0.0,0
CB2379,0,0,0,0.0,0
CB2389,0,0,0,0.0,0
CB2390,0,0,0,0.0,0
CB2453,0,0,0,0.0,0
CB2458,0,0,0,0.0,0
CB2459,0,0,0,0.0,0
CB2462,0,0,0,0.0,0
CB2463,0,0,0,0.0,0
CB2465,0,0,0,0.0,0
CB2467,0,0,0,0.0,0
CB2469,0,0,0,0.0,0
CB2396,0,0,0,0.0,0
CB2398,0,0,0,0.0,0
CB2401,0,0,0,0.0,0
CB2404,0,0,0,0.0,0
CB2408,0,0,0,0.0,0
CB2412,0,0,0,0.0,0
CB2420,0,0,0,0.0,0
CB2425,0,0,0,0.0,0
CB2430,0,0,0,0.0,0
CB2433,0,0,0,0.0,0
CB2437,0,0,0,0.0,0
CB2442,0,0,0,0.0,0
CB2447,0,0,0,0.0,0
CB2448,0,0,0,0.0,0
CB2478,0,0,0,0.0,0
CB2479,0,0,0,0.0,0
CB2480,0,0,0,0.0,0
CB2481,0,0,0,0.0,0
CB2491,0,0,0,0.0,0
CB2494,0,0,0,0.0,0
CB2498,0,0,0,0.0,0
CB2500,0,0,0,0.0,0
CB2503,0,0,0,0.0,0
CB2507,0,0,0,0.0,0
CB2512,0,0,0,0.0,0
CB2514,0,0,0,0.0,0
CB2517,0,0,0,0.0,0
CB2518,0,0,0,0.0,0
CB2523,0,0,0,0.0,0
CB2530,0,0,0,0.0,0
CB2535,0,0,0,0.0,0
CB2537,0,0,0,0.0,0
CB2538,0,0,0,0.0,0
CB2539,0,0,0,0.0,0
CB2551b,0,0,0,0.0,0
CB2555,0,0,0,0.0,0
CB2627,0,0,0,0.0,0
CB2630,0,0,0,0.0,0
CB2633,0,0,0,0.0,0
CB2636,0,0,0,0.0,0
CB2638,0,0,0,0.0,0
CB2642,0,0,0,0.0,0
CB2646,0,0,0,0.0,0
CB2648,0,0,0,0.0,0
CB2559,0,0,0,0.0,0
CB2563,0,0,0,0.0,0
CB2572,0,0,0,0.0,0
CB2584,0,0,0,0.0,0
CB2592,0,0,0,0.0,0
CB2595,0,0,0,0.0,0
CB2596,0,0,0,0.0,0
CB2599,0,0,0,0.0,0
CB2600,0,0,0,0.0,0
CB2620,0,0,0,0.0,0
CB2623,0,0,0,0.0,0
CB2624,0,0,0,0.0,0
CB2625,0,0,0,0.0,0
CB2655,0,0,0,0.0,0
CB2659,0,0,0,0.0,0
CB2667,0,0,0,0.0,0
CB2671,0,0,0,0.0,0
CB2674,0,0,0,0.0,0
CB2676,0,0,0,0.0,0
CB2678,0,0,0,0.0,0
CB2679,0,0,0,0.0,0
CB2681,0,0,0,0.0,0
CB2682,0,0,0,0.0,0
CB2685,0,0,0,0.0,0
CB2687,0,0,0,0.0,0
CB2689,0,0,0,0.0,0
CB2691,0,0,0,0.0,0
CB2694,0,0,0,0.0,0
CB2706,0,0,0,0.0,0
CB2713,0,0,0,0.0,0
CB2719,0,0,0,0.0,0
CB2720,0,0,0,0.0,0
CB2721,0,0,0,0.0,0
CB2725,0,0,0,0.0,0
CB2733,0,0,0,0.0,0
CB2736,0,0,0,0.0,0
CB2737,0,0,0,0.0,0
CB2744,0,0,0,0.0,0
CB2751,0,0,0,0.0,0
CB2754,0,0,0,0.0,0
CB2755,0,0,0,0.0,0
CB2763,0,0,0,0.0,0
CB2764,0,0,0,0.0,0
CB2766,0,0,0,0.0,0
CB2769,0,0,0,0.0,0
CB2770,0,0,0,0.0,0
CB2783,0,0,0,0.0,0
CB2784,0,0,0,0.0,0
CB2786,0,0,0,0.0,0
CB2787,0,0,0,0.0,0
CB2790,0,0,0,0.0,0
CB2797,0,0,0,0.0,0
CB2805,0,0,0,0.0,0
CB2812,0,0,0,0.0,0
CB2814,0,0,0,0.0,0
CB2816,0,0,0,0.0,0
CB2823,0,0,0,0.0,0
CB2831,0,0,0,0.0,0
CB2846,0,0,0,0.0,0
CB2851,0,0,0,0.0,0
CB2859,0,0,0,0.0,0
CB2861,0,0,0,0.0,0
CB2862,0,0,0,0.0,0
CB2863,0,0,0,0.0,0
CB2869,0,0,0,0.0,0
CB2870,0,0,0,0.0,0
CB2873,0,0,0,0.0,0
CB2876,0,0,0,0.0,0
CB2904,0,0,0,0.0,0
CB2906,0,0,0,0.0,0
CB2907,0,0,0,0.0,0
CB2910,0,0,0,0.0,0
CB2919,0,0,0,0.0,0
CB2880,0,0,0,0.0,0
CB2881,0,0,0,0.0,0
CB2884,0,0,0,0.0,0
CB2892,0,0,0,0.0,0
CB2895,0,0,0,0.0,0
CB2896,0,0,0,0.0,0
CB2902,0,0,0,0.0,0
CB2920,0,0,0,0.0,0
CB2922,0,0,0,0.0,0
CB2927,0,0,0,0.0,0
CB2931,0,0,0,0.0,0
CB2934,0,0,0,0.0,0
CB2935,0,0,0,0.0,0
CB2936,0,0,0,0.0,0
CB2937,0,0,0,0.0,0
CB2938,0,0,0,0.0,0
CB2947,0,0,0,0.0,0
CB2948,0,0,0,0.0,0
CB2950,0,0,0,0.0,0
CB2952,0,0,0,0.0,0
CB2953,0,0,0,0.0,0
CB2954,0,0,0,0.0,0
CB2955,0,0,0,0.0,0
CB2956,0,0,0,0.0,0
CB2958,0,0,0,0.0,0
CB2966,0,0,0,0.0,0
CB2967,0,0,0,0.0,0
CB2970,0,0,0,0.0,0
CB2975,0,0,0,0.0,0
CB2976,0,0,0,0.0,0
CB2979,0,0,0,0.0,0
CB2981,0,0,0,0.0,0
CB2982,0,0,0,0.0,0
CB2983,0,0,0,0.0,0
CB2985,0,0,0,0.0,0
CB3010,0,0,0,0.0,0
CB3012,0,0,0,0.0,0
CB3013,0,0,0,0.0,0
CB3014,0,0,0,0.0,0
CB3015,0,0,0,0.0,0
CB3016,0,0,0,0.0,0
CB3019,0,0,0,0.0,0
CB3021,0,0,0,0.0,0
CB3023,0,0,0,0.0,0
CB3030,0,0,0,0.0,0
CB3042,0,0,0,0.0,0
CB3043,0,0,0,0.0,0
CB3044,0,0,0,0.0,0
CB3049,0,0,0,0.0,0
CB2988,0,0,0,0.0,0
CB2992,0,0,0,0.0,0
CB2995,0,0,0,0.0,0
CB2996,0,0,0,0.0,0
CB3001,0,0,0,0.0,0
CB3005,0,0,0,0.0,0
CB3050,0,0,0,0.0,0
CB3051,0,0,0,0.0,0
CB3052,0,0,0,0.0,0
CB3055,0,0,0,0.0,0
CB3056,0,0,0,0.0,0
CB3060,0,0,0,0.0,0
CB3065,0,0,0,0.0,0
CB3067,0,0,0,0.0,0
CB3098,0,0,0,0.0,0
CB3104,0,0,0,0.0,0
CB3109,0,0,0,0.0,0
CB3113,0,0,0,0.0,0
CB3118,0,0,0,0.0,0
CB3120,0,0,0,0.0,0
CB3121,0,0,0,0.0,0
CB3069,0,0,0,0.0,0
CB3074,0,0,0,0.0,0
CB3075,0,0,0,0.0,0
CB3076,0,0,0,0.0,0
CB3080,0,0,0,0.0,0
CB3089,0,0,0,0.0,0
CB3093,0,0,0,0.0,0
CB3124,0,0,0,0.0,0
CB3132,0,0,0,0.0,0
CB3133,0,0,0,0.0,0
CB3135,0,0,0,0.0,0
CB3140,0,0,0,0.0,0
CB3141,0,0,0,0.0,0
CB3142,0,0,0,0.0,0
CB3143,0,0,0,0.0,0
CB3147,0,0,0,0.0,0
CB3173,0,0,0,0.0,0
CB3175,0,0,0,0.0,0
CB3185,0,0,0,0.0,0
CB3187,0,0,0,0.0,0
CB3197,0,0,0,0.0,0
CB3204,0,0,0,0.0,0
CB3208,0,0,0,0.0,0
CB3209,0,0,0,0.0,0
CB3218,0,0,0,0.0,0
CB3220,0,0,0,0.0,0
CB3221,0,0,0,0.0,0
CB3233,0,0,0,0.0,0
CB3240,0,0,0,0.0,0
CB3249,0,0,0,0.0,0
CB3276,0,0,0,0.0,0
CB3277,0,0,0,0.0,0
CB3278,0,0,0,0.0,0
CB3281,0,0,0,0.0,0
CB3287b,0,0,0,0.0,0
CB3288,0,0,0,0.0,0
CB3293,0,0,0,0.0,0
CB3297,0,0,0,0.0,0
CB3250,0,0,0,0.0,0
CB3252,0,0,0,0.0,0
CB3255,0,0,0,0.0,0
CB3261,0,0,0,0.0,0
CB3264,0,0,0,0.0,0
CB3268,0,0,0,0.0,0
CB3269,0,0,0,0.0,0
CB3358,0,0,0,0.0,0
CB3360,0,0,0,0.0,0
CB3362,0,0,0,0.0,0
CB3373,0,0,0,0.0,0
CB3374,0,0,0,0.0,0
CB3376,0,0,0,0.0,0
CB3323,0,0,0,0.0,0
CB3329,0,0,0,0.0,0
CB3339,0,0,0,0.0,0
CB3340,0,0,0,0.0,0
CB3343,0,0,0,0.0,0
CB3347,0,0,0,0.0,0
CB3302,0,0,0,0.0,0
CB3305,0,0,0,0.0,0
CB3308,0,0,0,0.0,0
CB3316,0,0,0,0.0,0
CB3319,0,0,0,0.0,0
CB3322,0,0,0,0.0,0
CB3391,0,0,0,0.0,0
CB3393,0,0,0,0.0,0
CB3394,0,0,0,0.0,0
CB3396,0,0,0,0.0,0
CB3399,0,0,0,0.0,0
CB3400,0,0,0,0.0,0
CB3402,0,0,0,0.0,0
CB3404,0,0,0,0.0,0
CB3411,0,0,0,0.0,0
CB3414,0,0,0,0.0,0
CB3419,0,0,0,0.0,0
CB3427,0,0,0,0.0,0
CB3433,0,0,0,0.0,0
CB3435,0,0,0,0.0,0
CB3439,0,0,0,0.0,0
CB3441,0,0,0,0.0,0
CB3445,0,0,0,0.0,0
CB3446,0,0,0,0.0,0
CB3450,0,0,0,0.0,0
CB3459,0,0,0,0.0,0
CB3464,0,0,0,0.0,0
CB3466,0,0,0,0.0,0
CB3469,0,0,0,0.0,0
CB3476,0,0,0,0.0,0
CB3479,0,0,0,0.0,0
CB3488,0,0,0,0.0,0
CB3496,0,0,0,0.0,0
CB3498,0,0,0,0.0,0
CB3499,0,0,0,0.0,0
CB3503,0,0,0,0.0,0
CB3506,0,0,0,0.0,0
CB3507,0,0,0,0.0,0
CB3508,0,0,0,0.0,0
CB3512,0,0,0,0.0,0
CB3513,0,0,0,0.0,0
CB3519,0,0,0,0.0,0
CB3523,0,0,0,0.0,0
CB3528,0,0,0,0.0,0
CB3530,0,0,0,0.0,0
CB3539,0,0,0,0.0,0
CB3541,0,0,0,0.0,0
CB3544,0,0,0,0.0,0
CB3545,0,0,0,0.0,0
CB3548,0,0,0,0.0,0
CB3553,0,0,0,0.0,0
CB3556,0,0,0,0.0,0
CB3561,0,0,0,0.0,0
CB3566,0,0,0,0.0,0
CB3569,0,0,0,0.0,0
CB3570,0,0,0,0.0,0
CB3574,0,0,0,0.0,0
CB3576,0,0,0,0.0,0
CB3578,0,0,0,0.0,0
CB3594,0,0,0,0.0,0
CB3595,0,0,0,0.0,0
CB3598,0,0,0,0.0,0
CB3603,0,0,0,0.0,0
CB3606,0,0,0,0.0,0
CB3607,0,0,0,0.0,0
CB3608,0,0,0,0.0,0
CB3614,0,0,0,0.0,0
CB3619,0,0,0,0.0,0
CB3629,0,0,0,0.0,0
CB3630,0,0,0,0.0,0
CB3635,0,0,0,0.0,0
CB3657,0,0,0,0.0,0
CB3660,0,0,0,0.0,0
CB3661,0,0,0,0.0,0
CB3664,0,0,0,0.0,0
CB3666,0,0,0,0.0,0
CB3667,0,0,0,0.0,0
CB3671,0,0,0,0.0,0
CB3676,0,0,0,0.0,0
CB3683,0,0,0,0.0,0
CB3684,0,0,0,0.0,0
CB3690,0,0,0,0.0,0
CB3691,0,0,0,0.0,0
CB3697,0,0,0,0.0,0
CB3724,0,0,0,0.0,0
CB3727,0,0,0,0.0,0
CB3728,0,0,0,0.0,0
CB3729,0,0,0,0.0,0
CB3732,0,0,0,0.0,0
CB3733,0,0,0,0.0,0
CB3734,0,0,0,0.0,0
CB3740,0,0,0,0.0,0
CB3748,0,0,0,0.0,0
CB3754,0,0,0,0.0,0
CB3758,0,0,0,0.0,0
CB3759,0,0,0,0.0,0
CB3760,0,0,0,0.0,0
CB3762,0,0,0,0.0,0
CB3768,0,0,0,0.0,0
CB3782,0,0,0,0.0,0
CB3784,0,0,0,0.0,0
CB3788,0,0,0,0.0,0
CB3791,0,0,0,0.0,0
CB3863,0,0,0,0.0,0
CB3906,0,0,0,0.0,0
CB3907,0,0,0,0.0,0
CB3908,0,0,0,0.0,0
CB3909,0,0,0,0.0,0
CB3910,0,0,0,0.0,0
CB3930,0,0,0,0.0,0
CB3931,0,0,0,0.0,0
CB3932,0,0,0,0.0,0
CB3866,0,0,0,0.0,0
CB3873,0,0,0,0.0,0
CB3874,0,0,0,0.0,0
CB3879,0,0,0,0.0,0
CB3895,0,0,0,0.0,0
CB3900,0,0,0,0.0,0
CB3959,0,0,0,0.0,0
CB3961,0,0,0,0.0,0
CB3977,0,0,0,0.0,0
CB3992,0,0,0,0.0,0
CB3998,0,0,0,0.0,0
CB4000,0,0,0,0.0,0
CB4022,0,0,0,0.0,0
CB4023,0,0,0,0.0,0
CB4033,0,0,0,0.0,0
CB4052,0,0,0,0.0,0
CB4054,0,0,0,0.0,0
CB4064,0,0,0,0.0,0
CB4066,0,0,0,0.0,0
CB4069,0,0,0,0.0,0
CB4070,0,0,0,0.0,0
CB4071,0,0,0,0.0,0
CB4072,0,0,0,0.0,0
CB4073,0,0,0,0.0,0
CB4077,0,0,0,0.0,0
CB4081,0,0,0,0.0,0
CB4082,0,0,0,0.0,0
CB4084,0,0,0,0.0,0
CB4085,0,0,0,0.0,0
CB4086,0,0,0,0.0,0
CB4087,0,0,0,0.0,0
CB4088,0,0,0,0.0,0
CB4091,0,0,0,0.0,0
CB4095,0,0,0,0.0,0
CB4096,0,0,0,0.0,0
CB4100,0,0,0,0.0,0
CB4101,0,0,0,0.0,0
CB4102,0,0,0,0.0,0
CB4103,0,0,0,0.0,0
CB4105,0,0,0,0.0,0
CB4106,0,0,0,0.0,0
CB4107,0,0,0,0.0,0
CB4110,0,0,0,0.0,0
CB4111,0,0,0,0.0,0
CB4112,0,0,0,0.0,0
CB4115,0,0,0,0.0,0
CB4116,0,0,0,0.0,0
CB4117,0,0,0,0.0,0
CB4119,0,0,0,0.0,0
CB4120,0,0,0,0.0,0
CB4122,0,0,0,0.0,0
CB4123,0,0,0,0.0,0
CB4124,0,0,0,0.0,0
CB4125,0,0,0,0.0,0
CB4126,0,0,0,0.0,0
CB4127,0,0,0,0.0,0
CB4128,0,0,0,0.0,0
CB4129,0,0,0,0.0,0
CB4130,0,0,0,0.0,0
CB4131,0,0,0,0.0,0
CB4132,0,0,0,0.0,0
CB4133,0,0,0,0.0,0
CB4134,0,0,0,0.0,0
CB4137,0,0,0,0.0,0
CB4138,0,0,0,0.0,0
CB4139,0,0,0,0.0,0
CB4141,0,0,0,0.0,0
CB4150,0,0,0,0.0,0
CB4151,0,0,0,0.0,0
CB4152,0,0,0,0.0,0
CB4155,0,0,0,0.0,0
CB4156,0,0,0,0.0,0
CB4157,0,0,0,0.0,0
CB4158,0,0,0,0.0,0
CB4159,0,0,0,0.0,0
CB4162,0,0,0,0.0,0
CB4163,0,0,0,0.0,0
CB4165,0,0,0,0.0,0
CB4166,0,0,0,0.0,0
CB4167,0,0,0,0.0,0
CB4168,0,0,0,0.0,0
CB4169,0,0,0,0.0,0
CB4170,0,0,0,0.0,0
CB4172,0,0,0,0.0,0
CB4179,0,0,0,0.0,0
CB4183,0,0,0,0.0,0
CB4190,0,0,0,0.0,0
CB4193,0,0,0,0.0,0
CB4194,0,0,0,0.0,0
CB4195,0,0,0,0.0,0
CB4196,0,0,0,0.0,0
CB4197,0,0,0,0.0,0
CB4198,0,0,0,0.0,0
CB4200,0,0,0,0.0,0
CB4201,0,0,0,0.0,0
CB4205,0,0,0,0.0,0
CB4206,0,0,0,0.0,0
CB4208,0,0,0,0.0,0
CB4209,0,0,0,0.0,0
CB4214,0,0,0,0.0,0
CB4215,0,0,0,0.0,0
CB4216,0,0,0,0.0,0
CB4217,0,0,0,0.0,0
CB4220,0,0,0,0.0,0
CB4225,0,0,0,0.0,0
CB4231,0,0,0,0.0,0
CB4241,0,0,0,0.0,0
CB4242,0,0,0,0.0,0
CB4243,0,0,0,0.0,0
CB4245,0,0,0,0.0,0
CL001,0,0,0,0.0,0
CL002,0,0,0,0.0,0
CL003,0,0,0,0.0,0
CL004,0,0,0,0.0,0
CL005,0,0,0,0.0,0
CL006,0,0,0,0.0,0
CL007,0,0,0,0.0,0
CL008,0,0,0,0.0,0
CL010,0,0,0,0.0,0
CL011,0,0,0,0.0,0
CL012,0,0,0,0.0,0
CL013,0,0,0,0.0,0
CL014,0,0,0,0.0,0
CL015_a,0,0,0,0.0,0
CL015_b,0,0,0,0.0,0
CL016,0,0,0,0.0,0
CL018,0,0,0,0.0,0
CL021,0,0,0,0.0,0
CL022_a,0,0,0,0.0,0
CL023,0,0,0,0.0,0
CL024_a,0,0,0,0.0,0
CL024_b,0,0,0,0.0,0
CL024_c,0,0,0,0.0,0
CL024_d,0,0,0,0.0,0
CL025,0,0,0,0.0,0
CL026,0,0,0,0.0,0
CL027,0,0,0,0.0,0
CL028,0,0,0,0.0,0
CL029_a,0,0,0,0.0,0
CL029_b,0,0,0,0.0,0
CL030,0,0,0,0.0,0
CL031,0,0,0,0.0,0
CL032,0,0,0,0.0,0
CL036,0,0,0,0.0,0
CL038,0,0,0,0.0,0
CL040,0,0,0,0.0,0
CL042,0,0,0,0.0,0
CL046,0,0,0,0.0,0
CL048,0,0,0,0.0,0
CL049,0,0,0,0.0,0
CL053,0,0,0,0.0,0
CL055,0,0,0,0.0,0
CL057,0,0,0,0.0,0
CL058,0,0,0,0.0,0
CL062_a1,0,0,0,0.0,0
CL062_a2,0,0,0,0.0,0
CL062_b1,0,0,0,0.0,0
CL062_b2,0,0,0,0.0,0
CL062_b3,0,0,0,0.0,0
CL063,0,0,0,0.0,0
CL064,0,0,0,0.0,0
CL065,0,0,0,0.0,0
CL066,0,0,0,0.0,0
CL067,0,0,0,0.0,0
CL068,0,0,0,0.0,0
CL069,0,0,0,0.0,0
CL070_a,0,0,0,0.0,0
CL070_b,0,0,0,0.0,0
CL071_a,0,0,0,0.0,0
CL071_b,0,0,0,0.0,0
CL072,0,0,0,0.0,0
CL073,0,0,0,0.0,0
CL074,0,0,0,0.0,0
CL075_a,0,0,0,0.0,0
CL075_b,0,0,0,0.0,0
CL078_a,0,0,0,0.0,0
CL078_b,0,0,0,0.0,0
CL078_c,0,0,0,0.0,0
CL081,0,0,0,0.0,0
CL083,0,0,0,0.0,0
CL085_a,0,0,0,0.0,0
CL085_b,0,0,0,0.0,0
CL085_c,0,0,0,0.0,0
CL086_a,0,0,0,0.0,0
CL086_b,0,0,0,0.0,0
CL086_c,0,0,0,0.0,0
CL086_d,0,0,0,0.0,0
CL086_e,0,0,0,0.0,0
CL087,0,0,0,0.0,0
CL088_a,0,0,0,0.0,0
CL088_b,0,0,0,0.0,0
CL089_a1,0,0,0,0.0,0
CL089_a2,0,0,0,0.0,0
CL089_b,0,0,0,0.0,0
CL089_c,0,0,0,0.0,0
CL090_a,0,0,0,0.0,0
CL090_b,0,0,0,0.0,0
CL090_c,0,0,0,0.0,0
CL090_d,0,0,0,0.0,0
CL090_e,0,0,0,0.0,0
CL091,0,0,0,0.0,0
CL092,0,0,0,0.0,0
CL093,0,0,0,0.0,0
CL094,0,0,0,0.0,0
CL095,0,0,0,0.0,0
CL096,0,0,0,0.0,0
CL097,0,0,0,0.0,0
CL098,0,0,0,0.0,0
CL099,0,0,0,0.0,0
CL100,0,0,0,0.0,0
CL101,0,0,0,0.0,0
CL102,0,0,0,0.0,0
CL104,0,0,0,0.0,0
CL107,0,0,0,0.0,0
CL108,0,0,0,0.0,0
CL109,0,0,0,0.0,0
CL110,0,0,0,0.0,0
CL111,0,0,0,0.0,0
CL112,0,0,0,0.0,0
CL115,0,0,0,0.0,0
CL116,0,0,0,0.0,0
CL117,0,0,0,0.0,0
CL120,0,0,0,0.0,0
CL121_b,0,0,0,0.0,0
CL122_b,0,0,0,0.0,0
CL123_a,0,0,0,0.0,0
CL123_b,0,0,0,0.0,0
CL123_c,0,0,0,0.0,0
CL123_d,0,0,0,0.0,0
CL123_e,0,0,0,0.0,0
CL125,0,0,0,0.0,0
CL126,0,0,0,0.0,0
CL127,0,0,0,0.0,0
CL128_a,0,0,0,0.0,0
CL128_b,0,0,0,0.0,0
CL128_c,0,0,0,0.0,0
CL128_d,0,0,0,0.0,0
CL128_e,0,0,0,0.0,0
CL128_f,0,0,0,0.0,0
CL128a,0,0,0,0.0,0
CL129,0,0,0,0.0,0
CL130,0,0,0,0.0,0
CL131,0,0,0,0.0,0
CL132,0,0,0,0.0,0
CL133,0,0,0,0.0,0
CL134,0,0,0,0.0,0
CL135,0,0,0,0.0,0
CL136,0,0,0,0.0,0
CL140,0,0,0,0.0,0
CL141,0,0,0,0.0,0
CL142,0,0,0,0.0,0
CL143,0,0,0,0.0,0
CL144,0,0,0,0.0,0
CL146,0,0,0,0.0,0
CL147,0,0,0,0.0,0
CL149,0,0,0,0.0,0
CL150,0,0,0,0.0,0
CL151,0,0,0,0.0,0
CL152,0,0,0,0.0,0
CL153,0,0,0,0.0,0
CL154,0,0,0,0.0,0
CL155,0,0,0,0.0,0
CL157,0,0,0,0.0,0
CL158,0,0,0,0.0,0
CL159,0,0,0,0.0,0
CL160,0,0,0,0.0,0
CL161_a,0,0,0,0.0,0
CL161_b,0,0,0,0.0,0
CL162,0,0,0,0.0,0
CL165,0,0,0,0.0,0
CL166,0,0,0,0.0,0
CL167,0,0,0,0.0,0
CL168,0,0,0,0.0,0
CL169,0,0,0,0.0,0
CL170,0,0,0,0.0,0
CL171,0,0,0,0.0,0
CL172,0,0,0,0.0,0
CL173,0,0,0,0.0,0
CL175,0,0,0,0.0,0
CL176,0,0,0,0.0,0
CL177,0,0,0,0.0,0
CL178,0,0,0,0.0,0
CL179,0,0,0,0.0,0
CL180,0,0,0,0.0,0
CL182,0,0,0,0.0,0
CL183,0,0,0,0.0,0
CL184,0,0,0,0.0,0
CL185,0,0,0,0.0,0
CL186,0,0,0,0.0,0
CL187,0,0,0,0.0,0
CL189,0,0,0,0.0,0
CL190,0,0,0,0.0,0
CL191_a,0,0,0,0.0,0
CL191_b,0,0,0,0.0,0
CL196,0,0,0,0.0,0
CL199,0,0,0,0.0,0
CL200,0,0,0,0.0,0
CL201,0,0,0,0.0,0
CL203,0,0,0,0.0,0
CL204,0,0,0,0.0,0
CL205,0,0,0,0.0,0
CL208,0,0,0,0.0,0
CL209,0,0,0,0.0,0
CL210_a,0,0,0,0.0,0
CL211,0,0,0,0.0,0
CL212,0,0,0,0.0,0
CL213,0,0,0,0.0,0
CL214,0,0,0,0.0,0
CL215,0,0,0,0.0,0
CL216,0,0,0,0.0,0
CL224,0,0,0,0.0,0
CL225,0,0,0,0.0,0
CL228,0,0,0,0.0,0
CL231,0,0,0,0.0,0
CL234,0,0,0,0.0,0
CL235,0,0,0,0.0,0
CL236,0,0,0,0.0,0
CL238,0,0,0,0.0,0
CL239,0,0,0,0.0,0
CL244,0,0,0,0.0,0
CL245,0,0,0,0.0,0
CL246,0,0,0,0.0,0
CL248,0,0,0,0.0,0
CL249,0,0,0,0.0,0
CL250,0,0,0,0.0,0
CL251,0,0,0,0.0,0
CL252,0,0,0,0.0,0
CL253,0,0,0,0.0,0
CL254,0,0,0,0.0,0
CL255,0,0,0,0.0,0
CL256,0,0,0,0.0,0
CL257,0,0,0,0.0,0
CL258,0,0,0,0.0,0
CL259,0,0,0,0.0,0
CL260,0,0,0,0.0,0
CL261,0,0,0,0.0,0
CL263,0,0,0,0.0,0
CL264,0,0,0,0.0,0
CL266_a1,0,0,0,0.0,0
CL266_a2,0,0,0,0.0,0
CL266_a3,0,0,0,0.0,0
CL266_b1,0,0,0,0.0,0
CL266_b2,0,0,0,0.0,0
CL267,0,0,0,0.0,0
CL269,0,0,0,0.0,0
CL270,0,0,0,0.0,0
CL271,0,0,0,0.0,0
CL272_a1,0,0,0,0.0,0
CL272_a2,0,0,0,0.0,0
CL272_b1,0,0,0,0.0,0
CL272_b3,0,0,0,0.0,0
CL273,0,0,0,0.0,0
CL274,0,0,0,0.0,0
CL275,0,0,0,0.0,0
CL280,0,0,0,0.0,0
CL282,0,0,0,0.0,0
CL283_a,0,0,0,0.0,0
CL283_b,0,0,0,0.0,0
CL283_c,0,0,0,0.0,0
CL286,0,0,0,0.0,0
CL287,0,0,0,0.0,0
CL288,0,0,0,0.0,0
CL290,0,0,0,0.0,0
CL291,0,0,0,0.0,0
CL292,0,0,0,0.0,0
CL293,0,0,0,0.0,0
CL294,0,0,0,0.0,0
CL301,0,0,0,0.0,0
CL302,0,0,0,0.0,0
CL303,0,0,0,0.0,0
CL308,0,0,0,0.0,0
CL309,0,0,0,0.0,0
CL310,0,0,0,0.0,0
CL311,0,0,0,0.0,0
CL314,0,0,0,0.0,0
CL315,0,0,0,0.0,0
CL316,0,0,0,0.0,0
CL317,0,0,0,0.0,0
CL318,0,0,0,0.0,0
CL319,0,0,0,0.0,0
CL321,0,0,0,0.0,0
CL322,0,0,0,0.0,0
CL326,0,0,0,0.0,0
CL327,0,0,0,0.0,0
CL328,0,0,0,0.0,0
CL333,0,0,0,0.0,0
CL335,0,0,0,0.0,0
CL336,0,0,0,0.0,0
CL339,0,0,0,0.0,0
CL340,0,0,0,0.0,0
CL344_a,0,0,0,0.0,0
CL344_b,0,0,0,0.0,0
CL345,0,0,0,0.0,0
CL348,0,0,0,0.0,0
CL351,0,0,0,0.0,0
CL352,0,0,0,0.0,0
CL353,0,0,0,0.0,0
CL354,0,0,0,0.0,0
CL355,0,0,0,0.0,0
CL356,0,0,0,0.0,0
CL357,0,0,0,0.0,0
CL359,0,0,0,0.0,0
CL360,0,0,0,0.0,0
CL361,0,0,0,0.0,0
CL362,0,0,0,0.0,0
CL364,0,0,0,0.0,0
CL365,0,0,0,0.0,0
CL366,0,0,0,0.0,0
CL367,0,0,0,0.0,0
CL368,0,0,0,0.0,0
CRE001,0,0,0,0.0,0
CRE003_a,0,0,0,0.0,0
CRE003_b,0,0,0,0.0,0
CRE004,0,0,0,0.0,0
CRE005,0,0,0,0.0,0
CRE006,0,0,0,0.0,0
CRE007,0,0,0,0.0,0
CRE008,0,0,0,0.0,0
CRE009,0,0,0,0.0,0
CRE010,0,0,0,0.0,0
CRE011,0,0,0,0.0,0
CRE012,0,0,0,0.0,0
CRE013,0,0,0,0.0,0
CRE014,0,0,0,0.0,0
CRE015,0,0,0,0.0,0
CRE016,0,0,0,0.0,0
CRE017,0,0,0,0.0,0
CRE018,0,0,0,0.0,0
CRE019,0,0,0,0.0,0
CRE020,0,0,0,0.0,0
CRE021,0,0,0,0.0,0
CRE022,0,0,0,0.0,0
CRE023,0,0,0,0.0,0
CRE024,0,0,0,0.0,0
CRE025,0,0,0,0.0,0
CRE026,0,0,0,0.0,0
CRE027,0,0,0,0.0,0
CRE028,0,0,0,0.0,0
CRE030_b,0,0,0,0.0,0
CRE034,0,0,0,0.0,0
CRE035,0,0,0,0.0,0
CRE037,0,0,0,0.0,0
CRE038,0,0,0,0.0,0
CRE039,0,0,0,0.0,0
CRE040,0,0,0,0.0,0
CRE041,0,0,0,0.0,0
CRE042,0,0,0,0.0,0
CRE043_a1,0,0,0,0.0,0
CRE043_a2,0,0,0,0.0,0
CRE043_a3,0,0,0,0.0,0
CRE043_b,0,0,0,0.0,0
CRE043_c1,0,0,0,0.0,0
CRE043_c2,0,0,0,0.0,0
CRE043_d,0,0,0,0.0,0
CRE044,0,0,0,0.0,0
CRE045,0,0,0,0.0,0
CRE046,0,0,0,0.0,0
CRE048,0,0,0,0.0,0
CRE049,0,0,0,0.0,0
CRE050,0,0,0,0.0,0
CRE051,0,0,0,0.0,0
CRE052,0,0,0,0.0,0
CRE054,0,0,0,0.0,0
CRE055,0,0,0,0.0,0
CRE056,0,0,0,0.0,0
CRE057,0,0,0,0.0,0
CRE059,0,0,0,0.0,0
CRE060,0,0,0,0.0,0
CRE062,0,0,0,0.0,0
CRE065,0,0,0,0.0,0
CRE066,0,0,0,0.0,0
CRE067,0,0,0,0.0,0
CRE068,0,0,0,0.0,0
CRE069,0,0,0,0.0,0
CRE070,0,0,0,0.0,0
CRE071,0,0,0,0.0,0
CRE072,0,0,0,0.0,0
CRE074,0,0,0,0.0,0
CRE075,0,0,0,0.0,0
CRE076,0,0,0,0.0,0
CRE077,0,0,0,0.0,0
CRE078,0,0,0,0.0,0
CRE079,0,0,0,0.0,0
CRE080_a,0,0,0,0.0,0
CRE080_b,0,0,0,0.0,0
CRE080_c,0,0,0,0.0,0
CRE080_d,0,0,0,0.0,0
CRE081,0,0,0,0.0,0
CRE082,0,0,0,0.0,0
CRE083,0,0,0,0.0,0
CRE085,0,0,0,0.0,0
CRE086,0,0,0,0.0,0
CRE088,0,0,0,0.0,0
CRE089,0,0,0,0.0,0
CRE090,0,0,0,0.0,0
CRE092,0,0,0,0.0,0
CRE093,0,0,0,0.0,0
CRE094,0,0,0,0.0,0
CRE095,0,0,0,0.0,0
CRE096,0,0,0,0.0,0
CRE099,0,0,0,0.0,0
CRE100,0,0,0,0.0,0
CRE102,0,0,0,0.0,0
CRE103,0,0,0,0.0,0
CRE104,0,0,0,0.0,0
CRE105,0,0,0,0.0,0
CRE106,0,0,0,0.0,0
CRE107,0,0,0,0.0,0
CRE108,0,0,0,0.0,0
CRZ01,0,0,0,0.0,0
CRZ02,0,0,0,0.0,0
CT1,0,0,0,0.0,0
Cm1,0,0,0,0.0,0
Cm10,0,0,0,0.0,0
Cm11a,0,0,0,0.0,0
Cm11b,0,0,0,0.0,0
Cm11c,0,0,0,0.0,0
Cm12,0,0,0,0.0,0
Cm13,0,0,0,0.0,0
Cm15,0,0,0,0.0,0
Cm16,0,0,0,0.0,0
Cm17,0,0,0,0.0,0
Cm19,0,0,0,0.0,0
Cm20,0,0,0,0.0,0
Cm21,0,0,0,0.0,0
Cm22,0,0,0,0.0,0
Cm23,0,0,0,0.0,0
Cm24,0,0,0,0.0,0
Cm25,0,0,0,0.0,0
Cm26,0,0,0,0.0,0
Cm28,0,0,0,0.0,0
Cm29,0,0,0,0.0,0
Cm3,0,0,0,0.0,0
Cm30,0,0,0,0.0,0
Cm31a,0,0,0,0.0,0
Cm31b,0,0,0,0.0,0
Cm32,0,0,0,0.0,0
Cm33,0,0,0,0.0,0
Cm34,0,0,0,0.0,0
Cm35,0,0,0,0.0,0
Cm4,0,0,0,0.0,0
Cm5,0,0,0,0.0,0
Cm6,0,0,0,0.0,0
Cm7,0,0,0,0.0,0
Cm8,0,0,0,0.0,0
Cm9,0,0,0,0.0,0
CvN4,0,0,0,0.0,0
DCH,0,0,0,0.0,0
DGI,0,0,0,0.0,0
DH44,0,0,0,0.0,0
DMS,0,0,0,0.0,0
DN1a,0,0,0,0.0,0
DN1pA,0,0,0,0.0,0
DN1pB,0,0,0,0.0,0
DNES1,0,0,0,0.0,0
DNES2,0,0,0,0.0,0
DNES3,0,0,0,0.0,0
DNa01,0,0,0,0.0,0
DNa02,0,0,0,0.0,0
DNa03,0,0,0,0.0,0
DNa04,0,0,0,0.0,0
DNa06,0,0,0,0.0,0
DNa07,0,0,0,0.0,0
DNa08,0,0,0,0.0,0
DNa09,0,0,0,0.0,0
DNa11,0,0,0,0.0,0
DNa13,0,0,0,0.0,0
DNa14,0,0,0,0.0,0
DNa15,0,0,0,0.0,0
DNa16,0,0,0,0.0,0
DNae001,0,0,0,0.0,0
DNae002,0,0,0,0.0,0
DNae003,0,0,0,0.0,0
DNae004,0,0,0,0.0,0
DNae005,0,0,0,0.0,0
DNae007,0,0,0,0.0,0
DNae008,0,0,0,0.0,0
DNae009,0,0,0,0.0,0
DNae010,0,0,0,0.0,0
DNb01,0,0,0,0.0,0
DNb02,0,0,0,0.0,0
DNb03,0,0,0,0.0,0
DNb06,0,0,0,0.0,0
DNb07,0,0,0,0.0,0
DNb08,0,0,0,0.0,0
DNb09,0,0,0,0.0,0
DNbe002,0,0,0,0.0,0
DNbe003,0,0,0,0.0,0
DNbe004,0,0,0,0.0,0
DNbe005,0,0,0,0.0,0
DNbe006,0,0,0,0.0,0
DNbe007,0,0,0,0.0,0
DNc01,0,0,0,0.0,0
DNc02,0,0,0,0.0,0
DNd01,0,0,0,0.0,0
DNd02,0,0,0,0.0,0
DNd04,0,0,0,0.0,0
DNd05,0,0,0,0.0,0
DNde001,0,0,0,0.0,0
DNde002,0,0,0,0.0,0
DNde003,0,0,0,0.0,0
DNg01_b,0,0,0,0.0,0
DNg01_c,0,0,0,0.0,0
DNg01_d,0,0,0,0.0,0
DNg02_b,0,0,0,0.0,0
DNg02_c,0,0,0,0.0,0
DNg02_d,0,0,0,0.0,0
DNg02_e,0,0,0,0.0,0
DNg02_f,0,0,0,0.0,0
DNg02_g,0,0,0,0.0,0
DNg03,0,0,0,0.0,0
DNg05_b,0,0,0,0.0,0
DNg100,0,0,0,0.0,0
DNg101,0,0,0,0.0,0
DNg105,0,0,0,0.0,0
DNg107,0,0,0,0.0,0
DNg108,0,0,0,0.0,0
DNg109,0,0,0,0.0,0
DNg111,0,0,0,0.0,0
DNg12_b,0,0,0,0.0,0
DNg12_d,0,0,0,0.0,0
DNg12_f,0,0,0,0.0,0
DNg12_g,0,0,0,0.0,0
DNg12_h,0,0,0,0.0,0
DNg13,0,0,0,0.0,0
DNg14,0,0,0,0.0,0
DNg16,0,0,0,0.0,0
DNg17,0,0,0,0.0,0
DNg18_b,0,0,0,0.0,0
DNg19,0,0,0,0.0,0
DNg31,0,0,0,0.0,0
DNg36_b,0,0,0,0.0,0
DNg27,0,0,0,0.0,0
DNg28,0,0,0,0.0,0
DNg30,0,0,0,0.0,0
DNg38,0,0,0,0.0,0
DNg40,0,0,0,0.0,0
DNg41,0,0,0,0.0,0
DNg42,0,0,0,0.0,0
DNg43,0,0,0,0.0,0
DNg44,0,0,0,0.0,0
DNg45,0,0,0,0.0,0
DNg46,0,0,0,0.0,0
DNg49,0,0,0,0.0,0
DNg52,0,0,0,0.0,0
DNg60,0,0,0,0.0,0
DNg64,0,0,0,0.0,0
DNg69,0,0,0,0.0,0
DNg71,0,0,0,0.0,0
DNg73,0,0,0,0.0,0
DNg74_a,0,0,0,0.0,0
DNg75,0,0,0,0.0,0
DNg78,0,0,0,0.0,0
DNg82,0,0,0,0.0,0
DNg86,0,0,0,0.0,0
DNg88,0,0,0,0.0,0
DNg89,0,0,0,0.0,0
DNg90,0,0,0,0.0,0
DNg91,0,0,0,0.0,0
DNg92_a,0,0,0,0.0,0
DNg92_b,0,0,0,0.0,0
DNg93,0,0,0,0.0,0
DNg94,0,0,0,0.0,0
DNg95,0,0,0,0.0,0
DNg96,0,0,0,0.0,0
DNg97,0,0,0,0.0,0
DNge003,0,0,0,0.0,0
DNge004,0,0,0,0.0,0
DNge006,0,0,0,0.0,0
DNge007,0,0,0,0.0,0
DNge010,0,0,0,0.0,0
DNge013,0,0,0,0.0,0
DNge018,0,0,0,0.0,0
DNge022,0,0,0,0.0,0
DNge023,0,0,0,0.0,0
DNge026,0,0,0,0.0,0
DNge033,0,0,0,0.0,0
DNge034,0,0,0,0.0,0
DNge035,0,0,0,0.0,0
DNge037,0,0,0,0.0,0
DNge040,0,0,0,0.0,0
DNge042,0,0,0,0.0,0
DNge046,0,0,0,0.0,0
DNge047,0,0,0,0.0,0
DNge048,0,0,0,0.0,0
DNge049,0,0,0,0.0,0
DNge050,0,0,0,0.0,0
DNge051,0,0,0,0.0,0
DNge052,0,0,0,0.0,0
DNge053,0,0,0,0.0,0
DNge058,0,0,0,0.0,0
DNge059,0,0,0,0.0,0
DNge062,0,0,0,0.0,0
DNge064,0,0,0,0.0,0
DNge069,0,0,0,0.0,0
DNge070,0,0,0,0.0,0
DNge073,0,0,0,0.0,0
DNge076,0,0,0,0.0,0
DNge079,0,0,0,0.0,0
DNge080,0,0,0,0.0,0
DNge081,0,0,0,0.0,0
DNge082,0,0,0,0.0,0
DNge083,0,0,0,0.0,0
DNge088,0,0,0,0.0,0
DNge089,0,0,0,0.0,0
DNge097,0,0,0,0.0,0
DNge098,0,0,0,0.0,0
DNge099,0,0,0,0.0,0
DNge101,0,0,0,0.0,0
DNge106,0,0,0,0.0,0
DNge114,0,0,0,0.0,0
DNge119,0,0,0,0.0,0
DNge123,0,0,0,0.0,0
DNge125,0,0,0,0.0,0
DNge126,0,0,0,0.0,0
DNge127,0,0,0,0.0,0
DNge129,0,0,0,0.0,0
DNge134,0,0,0,0.0,0
DNge135,0,0,0,0.0,0
DNge136,0,0,0,0.0,0
DNge141,0,0,0,0.0,0
DNge146,0,0,0,0.0,0
DNge147,0,0,0,0.0,0
DNge173,0,0,0,0.0,0
DNge174,0,0,0,0.0,0
DNp02,0,0,0,0.0,0
DNp03,0,0,0,0.0,0
DNp04,0,0,0,0.0,0
DNp05,0,0,0,0.0,0
DNp06,0,0,0,0.0,0
DNp07,0,0,0,0.0,0
DNp08,0,0,0,0.0,0
DNp09,0,0,0,0.0,0
DNp10,0,0,0,0.0,0
DNp101,0,0,0,0.0,0
DNp102,0,0,0,0.0,0
DNp103,0,0,0,0.0,0
DNp104,0,0,0,0.0,0
DNp13,0,0,0,0.0,0
DNp16_a,0,0,0,0.0,0
DNp16_b,0,0,0,0.0,0
DNp17,0,0,0,0.0,0
DNp22,0,0,0,0.0,0
DNp23,0,0,0,0.0,0
DNp24,0,0,0,0.0,0
DNp25,0,0,0,0.0,0
DNp26,0,0,0,0.0,0
DNp27,0,0,0,0.0,0
DNp29,0,0,0,0.0,0
DNp30,0,0,0,0.0,0
DNp31,0,0,0,0.0,0
DNp32,0,0,0,0.0,0
DNp34,0,0,0,0.0,0
DNp35,0,0,0,0.0,0
DNp36,0,0,0,0.0,0
DNp39,0,0,0,0.0,0
DNp41,0,0,0,0.0,0
DNp42,0,0,0,0.0,0
DNp43,0,0,0,0.0,0
DNp44,0,0,0,0.0,0
DNp45,0,0,0,0.0,0
DNp46,0,0,0,0.0,0
DNp47,0,0,0,0.0,0
DNp48,0,0,0,0.0,0
DNp49,0,0,0,0.0,0
"DNp51,DNpe019",0,0,0,0.0,0
DNp52,0,0,0,0.0,0
DNp53,0,0,0,0.0,0
DNp54,0,0,0,0.0,0
DNp56,0,0,0,0.0,0
DNp57,0,0,0,0.0,0
DNp59,0,0,0,0.0,0
DNp60,0,0,0,0.0,0
DNp62,0,0,0,0.0,0
DNp63,0,0,0,0.0,0
DNp64,0,0,0,0.0,0
DNp66,0,0,0,0.0,0
DNp67,0,0,0,0.0,0
DNp68,0,0,0,0.0,0
DNp70,0,0,0,0.0,0
DNp71,0,0,0,0.0,0
DNp72,0,0,0,0.0,0
DNpe001,0,0,0,0.0,0
DNpe003,0,0,0,0.0,0
DNpe004,0,0,0,0.0,0
DNpe005,0,0,0,0.0,0
DNpe006,0,0,0,0.0,0
DNpe008,0,0,0,0.0,0
DNpe009,0,0,0,0.0,0
DNpe010,0,0,0,0.0,0
DNpe011,0,0,0,0.0,0
DNpe012_a,0,0,0,0.0,0
DNpe012_b,0,0,0,0.0,0
DNpe013,0,0,0,0.0,0
DNpe014,0,0,0,0.0,0
DNpe015,0,0,0,0.0,0
DNpe016,0,0,0,0.0,0
DNpe018,0,0,0,0.0,0
DNpe021,0,0,0,0.0,0
DNpe022,0,0,0,0.0,0
DNpe023,0,0,0,0.0,0
DNpe024,0,0,0,0.0,0
DNpe025,0,0,0,0.0,0
DNpe027,0,0,0,0.0,0
DNpe028,0,0,0,0.0,0
DNpe031,0,0,0,0.0,0
DNpe032,0,0,0,0.0,0
DNpe033,0,0,0,0.0,0
DNpe034,0,0,0,0.0,0
DNpe037,0,0,0,0.0,0
DNpe040,0,0,0,0.0,0
DNpe042,0,0,0,0.0,0
DNpe045,0,0,0,0.0,0
DNpe048,0,0,0,0.0,0
DNpe050,0,0,0,0.0,0
DNpe052,0,0,0,0.0,0
DNpe053,0,0,0,0.0,0
DNpe054,0,0,0,0.0,0
DNpe055,0,0,0,0.0,0
DNpe056,0,0,0,0.0,0
DPM,0,0,0,0.0,0
DSKMP3,0,0,0,0.0,0
Delta7,0,0,0,0.0,0
Dm1,0,0,0,0.0,0
Dm10,0,0,0,0.0,0
Dm12,0,0,0,0.0,0
Dm13,0,0,0,0.0,0
Dm14,0,0,0,0.0,0
Dm15,0,0,0,0.0,0
Dm16,0,0,0,0.0,0
Dm17,0,0,0,0.0,0
Dm18,0,0,0,0.0,0
Dm19,0,0,0,0.0,0
Dm20,0,0,0,0.0,0
Dm3a,0,0,0,0.0,0
Dm3b,0,0,0,0.0,0
Dm3c,0,0,0,0.0,0
Dm4,0,0,0,0.0,0
Dm6,0,0,0,0.0,0
EA06B010,0,0,0,0.0,0
EA27X006,0,0,0,0.0,0
EAXXX079,0,0,0,0.0,0
EL,0,0,0,0.0,0
EN21X001,0,0,0,0.0,0
ENXXX128,0,0,0,0.0,0
ENXXX226,0,0,0,0.0,0
ENXXX286,0,0,0,0.0,0
EPG,0,0,0,0.0,0
EPGt,0,0,0,0.0,0
ER1_a,0,0,0,0.0,0
ER1_b,0,0,0,0.0,0
ER1_c,0,0,0,0.0,0
ER2_a,0,0,0,0.0,0
ER2_b,0,0,0,0.0,0
ER2_c,0,0,0,0.0,0
ER2_d,0,0,0,0.0,0
ER3a_a,0,0,0,0.0,0
ER3a_b,0,0,0,0.0,0
ER3a_c,0,0,0,0.0,0
ER3a_d,0,0,0,0.0,0
ER3d_a,0,0,0,0.0,0
ER3d_b,0,0,0,0.0,0
ER3d_c,0,0,0,0.0,0
ER3d_d,0,0,0,0.0,0
ER3d_e,0,0,0,0.0,0
ER3m,0,0,0,0.0,0
ER3p_a,0,0,0,0.0,0
ER3p_b,0,0,0,0.0,0
ER3w_a,0,0,0,0.0,0
ER3w_b,0,0,0,0.0,0
ER3w_c,0,0,0,0.0,0
ER4d,0,0,0,0.0,0
ER4m,0,0,0,0.0,0
ER5,0,0,0,0.0,0
ER6,0,0,0,0.0,0
ExR1,0,0,0,0.0,0
ExR2,0,0,0,0.0,0
ExR3,0,0,0,0.0,0
ExR4,0,0,0,0.0,0
FB1E_a,0,0,0,0.0,0
FB1E_b,0,0,0,0.0,0
FB1F,0,0,0,0.0,0
FB1G,0,0,0,0.0,0
FB1H,0,0,0,0.0,0
FB1I,0,0,0,0.0,0
FB1J,0,0,0,0.0,0
FB2A,0,0,0,0.0,0
ExR5,0,0,0,0.0,0
ExR6,0,0,0,0.0,0
ExR7,0,0,0,0.0,0
ExR8,0,0,0,0.0,0
FB1A,0,0,0,0.0,0
FB1B,0,0,0,0.0,0
FB1C,0,0,0,0.0,0
FB1D,0,0,0,0.0,0
FB2B_a,0,0,0,0.0,0
FB2B_b,0,0,0,0.0,0
FB2C,0,0,0,0.0,0
FB2D,0,0,0,0.0,0
FB2E,0,0,0,0.0,0
FB2F_a,0,0,0,0.0,0
FB2F_b,0,0,0,0.0,0
FB2F_c,0,0,0,0.0,0
FB2F_d,0,0,0,0.0,0
FB2G_a,0,0,0,0.0,0
FB2G_b,0,0,0,0.0,0
FB2H_a,0,0,0,0.0,0
FB2H_b,0,0,0,0.0,0
FB2I_a,0,0,0,0.0,0
FB2I_b,0,0,0,0.0,0
FB2J_a,0,0,0,0.0,0
FB2J_b,0,0,0,0.0,0
FB2J_c,0,0,0,0.0,0
FB2K,0,0,0,0.0,0
FB2L,0,0,0,0.0,0
FB2M_a,0,0,0,0.0,0
FB2M_b,0,0,0,0.0,0
FB3A,0,0,0,0.0,0
FB3C,0,0,0,0.0,0
FB3E,0,0,0,0.0,0
FB4A_a,0,0,0,0.0,0
FB4A_b,0,0,0,0.0,0
FB4B,0,0,0,0.0,0
FB4C,0,0,0,0.0,0
FB4D_a,0,0,0,0.0,0
FB4D_b,0,0,0,0.0,0
FB4D_c,0,0,0,0.0,0
FB4I,0,0,0,0.0,0
FB4J,0,0,0,0.0,0
FB4K,0,0,0,0.0,0
FB4L,0,0,0,0.0,0
FB4M,0,0,0,0.0,0
FB4N,0,0,0,0.0,0
FB4O,0,0,0,0.0,0
FB4P_a,0,0,0,0.0,0
FB4E_a,0,0,0,0.0,0
FB4E_b,0,0,0,0.0,0
FB4E_c,0,0,0,0.0,0
FB4F_a,0,0,0,0.0,0
FB4F_b,0,0,0,0.0,0
FB4F_c,0,0,0,0.0,0
FB4G,0,0,0,0.0,0
FB4H,0,0,0,0.0,0
FB4Z_a,0,0,0,0.0,0
FB4Z_b,0,0,0,0.0,0
FB4Z_c,0,0,0,0.0,0
FB5A,0,0,0,0.0,0
FB5AA,0,0,0,0.0,0
FB5AB,0,0,0,0.0,0
FB5B,0,0,0,0.0,0
FB5C,0,0,0,0.0,0
FB4P_b,0,0,0,0.0,0
FB4P_c,0,0,0,0.0,0
FB4Q_a,0,0,0,0.0,0
FB4Q_b,0,0,0,0.0,0
FB4Q_c,0,0,0,0.0,0
FB4R,0,0,0,0.0,0
FB4X,0,0,0,0.0,0
FB4Y,0,0,0,0.0,0
FB5D,0,0,0,0.0,0
FB5E,0,0,0,0.0,0
FB5F,0,0,0,0.0,0
FB5G_a,0,0,0,0.0,0
FB5G_b,0,0,0,0.0,0
FB5G_c,0,0,0,0.0,0
FB5H,0,0,0,0.0,0
FB5I,0,0,0,0.0,0
FB5R,0,0,0,0.0,0
FB5S,0,0,0,0.0,0
FB5T,0,0,0,0.0,0
FB5U,0,0,0,0.0,0
FB5V_a,0,0,0,0.0,0
FB5V_b,0,0,0,0.0,0
FB5V_c,0,0,0,0.0,0
FB5W_a,0,0,0,0.0,0
FB5J,0,0,0,0.0,0
FB5K,0,0,0,0.0,0
FB5L,0,0,0,0.0,0
FB5M,0,0,0,0.0,0
FB5N,0,0,0,0.0,0
FB5O,0,0,0,0.0,0
FB5P,0,0,0,0.0,0
FB5Q,0,0,0,0.0,0
FB5W_b,0,0,0,0.0,0
FB5X,0,0,0,0.0,0
FB5Y_a,0,0,0,0.0,0
FB5Y_b,0,0,0,0.0,0
FB5Z,0,0,0,0.0,0
FB6A_a,0,0,0,0.0,0
FB6A_b,0,0,0,0.0,0
FB6A_c,0,0,0,0.0,0
FB6I,0,0,0,0.0,0
FB6J,0,0,0,0.0,0
FB6K,0,0,0,0.0,0
FB6L,0,0,0,0.0,0
FB6M,0,0,0,0.0,0
FB6N,0,0,0,0.0,0
FB6O,0,0,0,0.0,0
FB6P,0,0,0,0.0,0
FB6B,0,0,0,0.0,0
FB6C_a,0,0,0,0.0,0
FB6C_b,0,0,0,0.0,0
FB6D,0,0,0,0.0,0
FB6E,0,0,0,0.0,0
FB6F,0,0,0,0.0,0
FB6G,0,0,0,0.0,0
FB6H,0,0,0,0.0,0
FB6Q,0,0,0,0.0,0
FB6R,0,0,0,0.0,0
FB6S,0,0,0,0.0,0
FB6T,0,0,0,0.0,0
FB6U,0,0,0,0.0,0
FB6V,0,0,0,0.0,0
FB6W,0,0,0,0.0,0
FB6X,0,0,0,0.0,0
FB7F,0,0,0,0.0,0
FB7G,0,0,0,0.0,0
FB7H,0,0,0,0.0,0
FB7I,0,0,0,0.0,0
FB7J,0,0,0,0.0,0
FB7K,0,0,0,0.0,0
FB7L,0,0,0,0.0,0
FB7M,0,0,0,0.0,0
FB6Y,0,0,0,0.0,0
FB6Z,0,0,0,0.0,0
FB7A,0,0,0,0.0,0
FB7B,0,0,0,0.0,0
FB7C,0,0,0,0.0,0
FB7D_a,0,0,0,0.0,0
FB7D_b,0,0,0,0.0,0
FB7E,0,0,0,0.0,0
FB8A,0,0,0,0.0,0
FB8B,0,0,0,0.0,0
FB8C,0,0,0,0.0,0
FB8D,0,0,0,0.0,0
FB8E,0,0,0,0.0,0
FB8F_a,0,0,0,0.0,0
FB8F_b,0,0,0,0.0,0
FB8G,0,0,0,0.0,0
FB9C,0,0,0,0.0,0
FC,0,0,0,0.0,0
FC1A,0,0,0,0.0,0
FC1B,0,0,0,0.0,0
FC1C_a,0,0,0,0.0,0
FC1C_b,0,0,0,0.0,0
FC1D,0,0,0,0.0,0
FC1E,0,0,0,0.0,0
FB8H,0,0,0,0.0,0
FB8I,0,0,0,0.0,0
FB9A,0,0,0,0.0,0
FB9B_a,0,0,0,0.0,0
FB9B_b,0,0,0,0.0,0
FB9B_c,0,0,0,0.0,0
FB9B_d,0,0,0,0.0,0
FB9B_e,0,0,0,0.0,0
FC1F,0,0,0,0.0,0
FC2A,0,0,0,0.0,0
FC2B,0,0,0,0.0,0
FC2C,0,0,0,0.0,0
FC3_a,0,0,0,0.0,0
FC3_b,0,0,0,0.0,0
FC3_c,0,0,0,0.0,0
FLA001m,0,0,0,0.0,0
FLA020,0,0,0,0.0,0
FMRFa_Tv,0,0,0,0.0,0
FR1,0,0,0,0.0,0
FR2,0,0,0,0.0,0
FS1A_a,0,0,0,0.0,0
FS1A_b,0,0,0,0.0,0
FS1A_c,0,0,0,0.0,0
FLA002m,0,0,0,0.0,0
FLA003m,0,0,0,0.0,0
FLA004m,0,0,0,0.0,0
FLA005m,0,0,0,0.0,0
FLA006m,0,0,0,0.0,0
FLA017,0,0,0,0.0,0
FLA019,0,0,0,0.0,0
FS1B_a,0,0,0,0.0,0
FS1B_b,0,0,0,0.0,0
FS2,0,0,0,0.0,0
FS3_a,0,0,0,0.0,0
FS3_b,0,0,0,0.0,0
FS3_c,0,0,0,0.0,0
FS3_d,0,0,0,0.0,0
FS4A,0,0,0,0.0,0
FS4B,0,0,0,0.0,0
FS4C,0,0,0,0.0,0
GFC1,0,0,0,0.0,0
GFC4,0,0,0,0.0,0
GLNO,0,0,0,0.0,0
GNG011,0,0,0,0.0,0
GNG013,0,0,0,0.0,0
GNG017,0,0,0,0.0,0
GNG023,0,0,0,0.0,0
GNG024,0,0,0,0.0,0
GNG025,0,0,0,0.0,0
GNG029,0,0,0,0.0,0
GNG030,0,0,0,0.0,0
GNG031,0,0,0,0.0,0
GNG034,0,0,0,0.0,0
GNG048,0,0,0,0.0,0
GNG063,0,0,0,0.0,0
GNG085,0,0,0,0.0,0
GNG088,0,0,0,0.0,0
GNG092,0,0,0,0.0,0
GNG093,0,0,0,0.0,0
GNG104,0,0,0,0.0,0
GNG105,0,0,0,0.0,0
GNG106,0,0,0,0.0,0
GNG107,0,0,0,0.0,0
GNG108,0,0,0,0.0,0
GNG112,0,0,0,0.0,0
GNG113,0,0,0,0.0,0
GNG114,0,0,0,0.0,0
GNG116,0,0,0,0.0,0
GNG119,0,0,0,0.0,0
GNG120,0,0,0,0.0,0
GNG121,0,0,0,0.0,0
GNG122,0,0,0,0.0,0
GNG123,0,0,0,0.0,0
GNG124,0,0,0,0.0,0
GNG127,0,0,0,0.0,0
GNG134,0,0,0,0.0,0
GNG139,0,0,0,0.0,0
GNG143,0,0,0,0.0,0
GNG146,0,0,0,0.0,0
GNG148,0,0,0,0.0,0
GNG150,0,0,0,0.0,0
GNG153,0,0,0,0.0,0
GNG158,0,0,0,0.0,0
GNG160,0,0,0,0.0,0
GNG163,0,0,0,0.0,0
GNG164,0,0,0,0.0,0
GNG166,0,0,0,0.0,0
GNG167,0,0,0,0.0,0
GNG171,0,0,0,0.0,0
GNG180,0,0,0,0.0,0
GNG184,0,0,0,0.0,0
GNG186,0,0,0,0.0,0
GNG189,0,0,0,0.0,0
GNG190,0,0,0,0.0,0
GNG191,0,0,0,0.0,0
GNG194,0,0,0,0.0,0
GNG199,0,0,0,0.0,0
GNG208,0,0,0,0.0,0
GNG210,0,0,0,0.0,0
GNG225,0,0,0,0.0,0
GNG233,0,0,0,0.0,0
GNG235,0,0,0,0.0,0
GNG247,0,0,0,0.0,0
GNG261,0,0,0,0.0,0
GNG262,0,0,0,0.0,0
GNG264,0,0,0,0.0,0
GNG273,0,0,0,0.0,0
GNG277,0,0,0,0.0,0
GNG279_b,0,0,0,0.0,0
GNG282,0,0,0,0.0,0
GNG285,0,0,0,0.0,0
GNG287,0,0,0,0.0,0
GNG290,0,0,0,0.0,0
GNG291,0,0,0,0.0,0
GNG303,0,0,0,0.0,0
GNG305,0,0,0,0.0,0
GNG306,0,0,0,0.0,0
GNG307,0,0,0,0.0,0
GNG311,0,0,0,0.0,0
GNG314,0,0,0,0.0,0
GNG317,0,0,0,0.0,0
GNG331,0,0,0,0.0,0
GNG333,0,0,0,0.0,0
GNG335,0,0,0,0.0,0
GNG336,0,0,0,0.0,0
GNG338,0,0,0,0.0,0
GNG339,0,0,0,0.0,0
GNG341,0,0,0,0.0,0
GNG351,0,0,0,0.0,0
GNG352,0,0,0,0.0,0
GNG358,0,0,0,0.0,0
GNG367_a,0,0,0,0.0,0
GNG370,0,0,0,0.0,0
GNG375,0,0,0,0.0,0
GNG385,0,0,0,0.0,0
GNG386,0,0,0,0.0,0
GNG390,0,0,0,0.0,0
GNG396,0,0,0,0.0,0
GNG404,0,0,0,0.0,0
GNG419,0,0,0,0.0,0
GNG420_a,0,0,0,0.0,0
GNG457,0,0,0,0.0,0
GNG458,0,0,0,0.0,0
GNG461,0,0,0,0.0,0
GNG464,0,0,0,0.0,0
GNG466,0,0,0,0.0,0
GNG467,0,0,0,0.0,0
GNG472,0,0,0,0.0,0
GNG474,0,0,0,0.0,0
GNG486,0,0,0,0.0,0
GNG498,0,0,0,0.0,0
GNG500,0,0,0,0.0,0
GNG501,0,0,0,0.0,0
GNG503,0,0,0,0.0,0
GNG505,0,0,0,0.0,0
GNG507,0,0,0,0.0,0
GNG513,0,0,0,0.0,0
GNG517,0,0,0,0.0,0
GNG518,0,0,0,0.0,0
GNG520,0,0,0,0.0,0
GNG523,0,0,0,0.0,0
GNG524,0,0,0,0.0,0
GNG525,0,0,0,0.0,0
GNG526,0,0,0,0.0,0
GNG527,0,0,0,0.0,0
GNG532,0,0,0,0.0,0
GNG533,0,0,0,0.0,0
GNG538,0,0,0,0.0,0
GNG541,0,0,0,0.0,0
GNG542,0,0,0,0.0,0
GNG543,0,0,0,0.0,0
GNG548,0,0,0,0.0,0
GNG552,0,0,0,0.0,0
GNG553,0,0,0,0.0,0
GNG554,0,0,0,0.0,0
GNG555,0,0,0,0.0,0
GNG556,0,0,0,0.0,0
GNG557,0,0,0,0.0,0
GNG560,0,0,0,0.0,0
GNG561,0,0,0,0.0,0
GNG562,0,0,0,0.0,0
GNG563,0,0,0,0.0,0
GNG565,0,0,0,0.0,0
GNG577,0,0,0,0.0,0
GNG578,0,0,0,0.0,0
GNG579,0,0,0,0.0,0
GNG582,0,0,0,0.0,0
GNG584,0,0,0,0.0,0
GNG572,0,0,0,0.0,0
GNG573,0,0,0,0.0,0
GNG575,0,0,0,0.0,0
GNG587,0,0,0,0.0,0
GNG589,0,0,0,0.0,0
GNG590,0,0,0,0.0,0
GNG594,0,0,0,0.0,0
GNG600,0,0,0,0.0,0
GNG637,0,0,0,0.0,0
GNG640,0,0,0,0.0,0
GNG649,0,0,0,0.0,0
GNG656,0,0,0,0.0,0
GNG660,0,0,0,0.0,0
GNG661,0,0,0,0.0,0
GNG663,0,0,0,0.0,0
GNG665,0,0,0,0.0,0
GNG667,0,0,0,0.0,0
GNG668,0,0,0,0.0,0
GNG670,0,0,0,0.0,0
GNG700m,0,0,0,0.0,0
GNG701m,0,0,0,0.0,0
GNG702m,0,0,0,0.0,0
H1,0,0,0,0.0,0
H2,0,0,0,0.0,0
HSE,0,0,0,0.0,0
HSN,0,0,0,0.0,0
HSS,0,0,0,0.0,0
HST,0,0,0,0.0,0
Hugin-RG,0,0,0,0.0,0
IB002,0,0,0,0.0,0
IB004_a,0,0,0,0.0,0
IB004_b,0,0,0,0.0,0
IB005,0,0,0,0.0,0
IB007,0,0,0,0.0,0
IB008,0,0,0,0.0,0
IB009,0,0,0,0.0,0
IB010,0,0,0,0.0,0
IB012,0,0,0,0.0,0
IB014,0,0,0,0.0,0
IB015,0,0,0,0.0,0
IB016,0,0,0,0.0,0
IB017,0,0,0,0.0,0
IB018,0,0,0,0.0,0
IB020,0,0,0,0.0,0
IB021,0,0,0,0.0,0
IB022,0,0,0,0.0,0
IB023,0,0,0,0.0,0
IB024,0,0,0,0.0,0
IB025,0,0,0,0.0,0
IB031,0,0,0,0.0,0
IB032,0,0,0,0.0,0
IB033,0,0,0,0.0,0
IB035,0,0,0,0.0,0
IB038,0,0,0,0.0,0
IB042,0,0,0,0.0,0
IB044,0,0,0,0.0,0
IB045,0,0,0,0.0,0
IB047,0,0,0,0.0,0
IB048,0,0,0,0.0,0
IB049,0,0,0,0.0,0
IB050,0,0,0,0.0,0
IB051,0,0,0,0.0,0
IB053,0,0,0,0.0,0
IB054,0,0,0,0.0,0
IB058,0,0,0,0.0,0
IB059_a,0,0,0,0.0,0
IB059_b,0,0,0,0.0,0
IB060,0,0,0,0.0,0
IB061,0,0,0,0.0,0
IB062,0,0,0,0.0,0
IB064,0,0,0,0.0,0
IB065,0,0,0,0.0,0
IB066,0,0,0,0.0,0
IB068,0,0,0,0.0,0
IB069,0,0,0,0.0,0
IB070,0,0,0,0.0,0
IB071,0,0,0,0.0,0
IB076,0,0,0,0.0,0
IB083,0,0,0,0.0,0
IB084,0,0,0,0.0,0
IB087,0,0,0,0.0,0
IB092,0,0,0,0.0,0
IB093,0,0,0,0.0,0
IB094,0,0,0,0.0,0
IB095,0,0,0,0.0,0
IB097,0,0,0,0.0,0
IB101,0,0,0,0.0,0
IB109,0,0,0,0.0,0
IB110,0,0,0,0.0,0
IB114,0,0,0,0.0,0
IB115,0,0,0,0.0,0
IB116,0,0,0,0.0,0
IB117,0,0,0,0.0,0
IB118,0,0,0,0.0,0
IB120,0,0,0,0.0,0
IB121,0,0,0,0.0,0
ICL002m,0,0,0,0.0,0
ICL003m,0,0,0,0.0,0
ICL004m_a,0,0,0,0.0,0
ICL004m_b,0,0,0,0.0,0
ICL005m,0,0,0,0.0,0
ICL006m,0,0,0,0.0,0
ICL008m,0,0,0,0.0,0
ICL010m,0,0,0,0.0,0
ICL011m,0,0,0,0.0,0
ICL012m,0,0,0,0.0,0
ICL013m_a,0,0,0,0.0,0
ICL013m_b,0,0,0,0.0,0
IN01A002,0,0,0,0.0,0
IN01A008,0,0,0,0.0,0
IN01A022,0,0,0,0.0,0
IN01A028,0,0,0,0.0,0
IN01A034,0,0,0,0.0,0
IN01A038,0,0,0,0.0,0
IN01A050,0,0,0,0.0,0
IN01A052_a,0,0,0,0.0,0
IN01A053,0,0,0,0.0,0
IN01A054,0,0,0,0.0,0
IN01A060,0,0,0,0.0,0
IN01A062_a,0,0,0,0.0,0
IN01A062_b,0,0,0,0.0,0
IN01A063_a,0,0,0,0.0,0
IN01A063_c,0,0,0,0.0,0
IN01A066,0,0,0,0.0,0
IN01A068,0,0,0,0.0,0
IN01A069,0,0,0,0.0,0
IN01A070,0,0,0,0.0,0
IN01A078,0,0,0,0.0,0
IN01A079,0,0,0,0.0,0
IN01A080_b,0,0,0,0.0,0
IN01A080_c,0,0,0,0.0,0
IN01A084,0,0,0,0.0,0
IN01A087_a,0,0,0,0.0,0
IN01A087_b,0,0,0,0.0,0
IN01A088,0,0,0,0.0,0
IN01B023_d,0,0,0,0.0,0
IN01B035,0,0,0,0.0,0
IN01B036,0,0,0,0.0,0
IN01B037_b,0,0,0,0.0,0
IN01B043,0,0,0,0.0,0
IN01B051_a,0,0,0,0.0,0
IN01B054,0,0,0,0.0,0
IN01B063,0,0,0,0.0,0
IN01B066,0,0,0,0.0,0
IN01B087,0,0,0,0.0,0
IN01B091,0,0,0,0.0,0
IN02A014,0,0,0,0.0,0
IN02A020,0,0,0,0.0,0
IN02A023,0,0,0,0.0,0
IN02A024,0,0,0,0.0,0
IN02A031,0,0,0,0.0,0
IN02A033,0,0,0,0.0,0
IN02A036,0,0,0,0.0,0
IN02A038,0,0,0,0.0,0
IN02A041,0,0,0,0.0,0
IN02A045,0,0,0,0.0,0
IN02A051,0,0,0,0.0,0
IN02A057,0,0,0,0.0,0
IN02A058,0,0,0,0.0,0
IN02A065,0,0,0,0.0,0
IN02A066,0,0,0,0.0,0
IN03A010,0,0,0,0.0,0
IN03A014,0,0,0,0.0,0
IN03A018,0,0,0,0.0,0
IN03A026_b,0,0,0,0.0,0
IN03A028,0,0,0,0.0,0
IN03A031,0,0,0,0.0,0
IN03A062_a,0,0,0,0.0,0
IN03A062_b,0,0,0,0.0,0
IN03A062_d,0,0,0,0.0,0
IN03A062_f,0,0,0,0.0,0
IN03A062_h,0,0,0,0.0,0
IN03A067,0,0,0,0.0,0
IN03A074,0,0,0,0.0,0
IN03A079,0,0,0,0.0,0
IN03A085,0,0,0,0.0,0
IN03A090,0,0,0,0.0,0
IN03A096,0,0,0,0.0,0
IN03B005,0,0,0,0.0,0
IN03B008,0,0,0,0.0,0
IN03B012,0,0,0,0.0,0
IN03B015,0,0,0,0.0,0
IN03B016,0,0,0,0.0,0
IN03B024,0,0,0,0.0,0
IN03B028,0,0,0,0.0,0
IN03B029,0,0,0,0.0,0
IN03B036,0,0,0,0.0,0
IN03B037,0,0,0,0.0,0
IN03B045,0,0,0,0.0,0
IN03B055,0,0,0,0.0,0
IN03B073,0,0,0,0.0,0
IN03B083,0,0,0,0.0,0
IN03B086_e,0,0,0,0.0,0
IN04B010,0,0,0,0.0,0
IN04B012,0,0,0,0.0,0
IN04B016,0,0,0,0.0,0
IN04B018,0,0,0,0.0,0
IN04B024,0,0,0,0.0,0
IN04B026,0,0,0,0.0,0
IN04B035,0,0,0,0.0,0
IN04B042,0,0,0,0.0,0
IN04B043_a,0,0,0,0.0,0
IN04B049_c,0,0,0,0.0,0
IN04B050,0,0,0,0.0,0
IN04B054_a,0,0,0,0.0,0
IN04B054_c,0,0,0,0.0,0
IN04B056,0,0,0,0.0,0
IN04B059,0,0,0,0.0,0
IN04B061,0,0,0,0.0,0
IN04B070,0,0,0,0.0,0
IN04B073,0,0,0,0.0,0
IN04B085,0,0,0,0.0,0
IN04B086,0,0,0,0.0,0
IN04B092,0,0,0,0.0,0
IN04B097,0,0,0,0.0,0
IN04B098,0,0,0,0.0,0
IN04B099,0,0,0,0.0,0
IN04B102,0,0,0,0.0,0
IN04B103,0,0,0,0.0,0
IN04B104,0,0,0,0.0,0
IN04B105,0,0,0,0.0,0
IN04B106,0,0,0,0.0,0
IN04B108,0,0,0,0.0,0
IN04B111,0,0,0,0.0,0
IN04B115,0,0,0,0.0,0
IN05B003,0,0,0,0.0,0
IN05B019,0,0,0,0.0,0
IN05B031,0,0,0,0.0,0
IN05B034,0,0,0,0.0,0
IN05B037,0,0,0,0.0,0
IN05B042,0,0,0,0.0,0
IN05B043,0,0,0,0.0,0
IN05B061,0,0,0,0.0,0
IN05B073,0,0,0,0.0,0
IN05B074,0,0,0,0.0,0
IN05B086,0,0,0,0.0,0
IN05B092,0,0,0,0.0,0
IN05B094,0,0,0,0.0,0
IN06A004,0,0,0,0.0,0
IN06A005,0,0,0,0.0,0
IN06A009,0,0,0,0.0,0
IN06A028,0,0,0,0.0,0
IN06A048,0,0,0,0.0,0
IN06A039,0,0,0,0.0,0
IN06A051,0,0,0,0.0,0
IN06A054,0,0,0,0.0,0
IN06A055,0,0,0,0.0,0
IN06A056,0,0,0,0.0,0
IN06A058,0,0,0,0.0,0
IN06A064,0,0,0,0.0,0
IN06A065,0,0,0,0.0,0
IN06A074,0,0,0,0.0,0
IN06A076_c,0,0,0,0.0,0
IN06A081,0,0,0,0.0,0
IN06A085,0,0,0,0.0,0
IN06A087,0,0,0,0.0,0
IN06A089,0,0,0,0.0,0
IN06A091,0,0,0,0.0,0
IN06A096,0,0,0,0.0,0
IN06A106,0,0,0,0.0,0
IN06A119,0,0,0,0.0,0
IN06A123,0,0,0,0.0,0
IN06A109,0,0,0,0.0,0
IN06A115,0,0,0,0.0,0
IN06A137,0,0,0,0.0,0
IN06B006,0,0,0,0.0,0
IN06B008,0,0,0,0.0,0
IN06B018,0,0,0,0.0,0
IN06B020,0,0,0,0.0,0
IN06B022,0,0,0,0.0,0
IN06B036,0,0,0,0.0,0
IN06B056,0,0,0,0.0,0
IN06B058,0,0,0,0.0,0
IN06B059,0,0,0,0.0,0
IN06B062,0,0,0,0.0,0
IN06B065,0,0,0,0.0,0
IN06B073,0,0,0,0.0,0
IN06B080,0,0,0,0.0,0
IN06B088,0,0,0,0.0,0
IN07B001,0,0,0,0.0,0
IN07B002,0,0,0,0.0,0
IN07B006,0,0,0,0.0,0
IN07B007,0,0,0,0.0,0
IN07B009,0,0,0,0.0,0
IN07B013,0,0,0,0.0,0
IN07B016,0,0,0,0.0,0
IN07B020,0,0,0,0.0,0
IN07B029,0,0,0,0.0,0
IN07B030,0,0,0,0.0,0
IN07B034,0,0,0,0.0,0
IN07B054,0,0,0,0.0,0
IN07B059,0,0,0,0.0,0
IN07B064,0,0,0,0.0,0
IN07B066,0,0,0,0.0,0
IN07B068,0,0,0,0.0,0
IN08A002,0,0,0,0.0,0
IN08A003,0,0,0,0.0,0
IN08A005,0,0,0,0.0,0
IN08A046,0,0,0,0.0,0
IN08B001,0,0,0,0.0,0
IN08B004,0,0,0,0.0,0
IN08B021,0,0,0,0.0,0
IN08B030,0,0,0,0.0,0
IN08B037,0,0,0,0.0,0
IN08B052,0,0,0,0.0,0
IN08B055,0,0,0,0.0,0
IN08B058,0,0,0,0.0,0
IN08B076,0,0,0,0.0,0
IN08B082,0,0,0,0.0,0
IN08B092,0,0,0,0.0,0
IN09A002,0,0,0,0.0,0
IN09A006,0,0,0,0.0,0
IN09A007,0,0,0,0.0,0
IN09A011,0,0,0,0.0,0
"IN09A025,IN09A026",0,0,0,0.0,0
IN09A030,0,0,0,0.0,0
IN09A033,0,0,0,0.0,0
IN09A041,0,0,0,0.0,0
IN09A042,0,0,0,0.0,0
IN09A043,0,0,0,0.0,0
IN09A045,0,0,0,0.0,0
IN09A046,0,0,0,0.0,0
IN09A047,0,0,0,0.0,0
IN09A048,0,0,0,0.0,0
IN09A049,0,0,0,0.0,0
IN09A054,0,0,0,0.0,0
IN09A055,0,0,0,0.0,0
IN09A061,0,0,0,0.0,0
IN09A064,0,0,0,0.0,0
IN09A065,0,0,0,0.0,0
IN09A068,0,0,0,0.0,0
IN09A077,0,0,0,0.0,0
"IN09A080,IN09A085",0,0,0,0.0,0
IN09B048,0,0,0,0.0,0
IN09B049,0,0,0,0.0,0
IN09B050,0,0,0,0.0,0
IN09B052_a,0,0,0,0.0,0
IN09B052_b,0,0,0,0.0,0
IN09B053,0,0,0,0.0,0
IN09B054,0,0,0,0.0,0
IN09B055,0,0,0,0.0,0
IN09B058,0,0,0,0.0,0
IN10B007,0,0,0,0.0,0
IN10B012,0,0,0,0.0,0
IN11A001,0,0,0,0.0,0
IN11A003,0,0,0,0.0,0
IN11A006,0,0,0,0.0,0
IN11A013,0,0,0,0.0,0
IN11A018,0,0,0,0.0,0
IN11A021,0,0,0,0.0,0
IN11A027_a,0,0,0,0.0,0
IN11A028,0,0,0,0.0,0
IN11A032_b,0,0,0,0.0,0
IN11A032_c,0,0,0,0.0,0
IN11A032_e,0,0,0,0.0,0
IN11A035,0,0,0,0.0,0
IN11A039,0,0,0,0.0,0
IN11A041,0,0,0,0.0,0
IN11A042,0,0,0,0.0,0
IN11A043,0,0,0,0.0,0
IN11A044,0,0,0,0.0,0
IN11A046,0,0,0,0.0,0
IN11A047,0,0,0,0.0,0
IN11B002,0,0,0,0.0,0
IN11B009,0,0,0,0.0,0
IN11B016_a,0,0,0,0.0,0
IN11B016_b,0,0,0,0.0,0
IN11B024_a,0,0,0,0.0,0
IN11B024_b,0,0,0,0.0,0
IN11B024_c,0,0,0,0.0,0
IN12A001,0,0,0,0.0,0
IN12A013,0,0,0,0.0,0
IN12A015,0,0,0,0.0,0
IN12A016,0,0,0,0.0,0
IN12A019_c,0,0,0,0.0,0
IN12A021_a,0,0,0,0.0,0
IN12A021_b,0,0,0,0.0,0
IN12A021_c,0,0,0,0.0,0
IN12A027,0,0,0,0.0,0
IN12A029_a,0,0,0,0.0,0
IN12A029_b,0,0,0,0.0,0
IN12A030,0,0,0,0.0,0
IN12A031,0,0,0,0.0,0
IN12A036,0,0,0,0.0,0
IN12A037,0,0,0,0.0,0
IN12A042,0,0,0,0.0,0
IN12A043_b,0,0,0,0.0,0
IN12A044,0,0,0,0.0,0
IN12A046_a,0,0,0,0.0,0
IN12A046_b,0,0,0,0.0,0
IN12A050_a,0,0,0,0.0,0
IN12A053_a,0,0,0,0.0,0
IN12A053_b,0,0,0,0.0,0
IN12A053_c,0,0,0,0.0,0
IN12A055,0,0,0,0.0,0
IN12A057_a,0,0,0,0.0,0
IN12A057_b,0,0,0,0.0,0
IN12A059_a,0,0,0,0.0,0
IN12A059_b,0,0,0,0.0,0
IN12A059_c,0,0,0,0.0,0
IN12A059_d,0,0,0,0.0,0
IN12A059_f,0,0,0,0.0,0
IN12A059_g,0,0,0,0.0,0
IN12A062,0,0,0,0.0,0
IN12A063_c,0,0,0,0.0,0
IN12A063_d,0,0,0,0.0,0
IN12A063_e,0,0,0,0.0,0
IN12A064,0,0,0,0.0,0
IN12B003,0,0,0,0.0,0
IN12B009,0,0,0,0.0,0
IN12B012,0,0,0,0.0,0
IN12B013,0,0,0,0.0,0
IN12B020,0,0,0,0.0,0
IN12B023,0,0,0,0.0,0
IN12B024_a,0,0,0,0.0,0
IN12B028,0,0,0,0.0,0
IN12B030,0,0,0,0.0,0
IN12B037_a,0,0,0,0.0,0
IN12B037_b,0,0,0,0.0,0
IN12B037_c,0,0,0,0.0,0
IN12B037_d,0,0,0,0.0,0
IN12B037_e,0,0,0,0.0,0
IN12B040,0,0,0,0.0,0
IN12B043,0,0,0,0.0,0
IN12B044_c,0,0,0,0.0,0
IN12B044_e,0,0,0,0.0,0
IN12B045,0,0,0,0.0,0
IN12B046,0,0,0,0.0,0
IN12B047,0,0,0,0.0,0
IN12B050,0,0,0,0.0,0
IN12B053,0,0,0,0.0,0
IN12B054,0,0,0,0.0,0
IN12B058,0,0,0,0.0,0
IN12B060,0,0,0,0.0,0
IN12B061,0,0,0,0.0,0
IN12B064,0,0,0,0.0,0
IN12B066_a,0,0,0,0.0,0
IN12B066_b,0,0,0,0.0,0
IN12B066_d,0,0,0,0.0,0
IN12B066_e,0,0,0,0.0,0
IN12B066_f,0,0,0,0.0,0
IN12B072,0,0,0,0.0,0
IN12B079_b,0,0,0,0.0,0
IN12B083,0,0,0,0.0,0
IN12B085,0,0,0,0.0,0
IN12B090,0,0,0,0.0,0
IN12B091,0,0,0,0.0,0
IN12B092,0,0,0,0.0,0
IN13A001,0,0,0,0.0,0
IN13A011,0,0,0,0.0,0
IN13A026,0,0,0,0.0,0
IN13A031,0,0,0,0.0,0
IN13A033,0,0,0,0.0,0
IN13A037,0,0,0,0.0,0
IN13A039,0,0,0,0.0,0
IN13A052,0,0,0,0.0,0
IN13A053,0,0,0,0.0,0
IN13A056,0,0,0,0.0,0
IN13A063,0,0,0,0.0,0
IN13A064,0,0,0,0.0,0
IN13A065,0,0,0,0.0,0
IN13A067,0,0,0,0.0,0
IN13A071,0,0,0,0.0,0
IN13A072,0,0,0,0.0,0
IN13A074,0,0,0,0.0,0
IN13B006,0,0,0,0.0,0
IN13B023,0,0,0,0.0,0
IN13B031,0,0,0,0.0,0
IN13B033,0,0,0,0.0,0
IN13B040,0,0,0,0.0,0
IN13B048,0,0,0,0.0,0
IN13B067,0,0,0,0.0,0
IN13B074,0,0,0,0.0,0
IN13B075,0,0,0,0.0,0
IN13B081,0,0,0,0.0,0
IN13B084,0,0,0,0.0,0
IN13B089,0,0,0,0.0,0
IN13B096_a,0,0,0,0.0,0
IN13B098,0,0,0,0.0,0
IN13B103,0,0,0,0.0,0
IN13B104,0,0,0,0.0,0
IN14A029,0,0,0,0.0,0
IN14A030,0,0,0,0.0,0
IN14A033,0,0,0,0.0,0
IN14A075,0,0,0,0.0,0
IN14B010,0,0,0,0.0,0
IN14B012,0,0,0,0.0,0
IN16B016,0,0,0,0.0,0
IN16B018,0,0,0,0.0,0
IN16B020,0,0,0,0.0,0
IN14B002,0,0,0,0.0,0
IN14B005,0,0,0,0.0,0
IN16B030,0,0,0,0.0,0
IN16B036,0,0,0,0.0,0
IN16B042,0,0,0,0.0,0
IN16B049,0,0,0,0.0,0
IN16B050,0,0,0,0.0,0
IN16B075_b,0,0,0,0.0,0
IN16B075_c,0,0,0,0.0,0
IN16B055,0,0,0,0.0,0
IN16B080,0,0,0,0.0,0
"IN16B088,IN16B109",0,0,0,0.0,0
IN16B094,0,0,0,0.0,0
IN16B095,0,0,0,0.0,0
IN16B113,0,0,0,0.0,0
IN16B115,0,0,0,0.0,0
IN16B119,0,0,0,0.0,0
IN16B120,0,0,0,0.0,0
IN17A001,0,0,0,0.0,0
IN17A065,0,0,0,0.0,0
IN17A051,0,0,0,0.0,0
IN17A053,0,0,0,0.0,0
IN17A092,0,0,0,0.0,0
IN17A101,0,0,0,0.0,0
IN17A104,0,0,0,0.0,0
IN18B009,0,0,0,0.0,0
IN18B011,0,0,0,0.0,0
IN18B014,0,0,0,0.0,0
IN18B016,0,0,0,0.0,0
IN18B029,0,0,0,0.0,0
IN18B042,0,0,0,0.0,0
IN18B045_b,0,0,0,0.0,0
IN18B045_c,0,0,0,0.0,0
IN18B055,0,0,0,0.0,0
IN18B056,0,0,0,0.0,0
IN19A001,0,0,0,0.0,0
IN19A002,0,0,0,0.0,0
IN19A003,0,0,0,0.0,0
IN19A004,0,0,0,0.0,0
IN19A005,0,0,0,0.0,0
IN19A006,0,0,0,0.0,0
IN18B047,0,0,0,0.0,0
IN18B048,0,0,0,0.0,0
IN18B049,0,0,0,0.0,0
IN18B050,0,0,0,0.0,0
IN18B054,0,0,0,0.0,0
IN19A008,0,0,0,0.0,0
IN19A009,0,0,0,0.0,0
IN19A010,0,0,0,0.0,0
IN19A011,0,0,0,0.0,0
IN19A015,0,0,0,0.0,0
IN19A018,0,0,0,0.0,0
IN19A024,0,0,0,0.0,0
IN19A032,0,0,0,0.0,0
IN19A040,0,0,0,0.0,0
IN19A041,0,0,0,0.0,0
IN19A043,0,0,0,0.0,0
IN19A044,0,0,0,0.0,0
IN19A046,0,0,0,0.0,0
IN19A047,0,0,0,0.0,0
IN19A048,0,0,0,0.0,0
IN19A049,0,0,0,0.0,0
IN19A052,0,0,0,0.0,0
IN19A054,0,0,0,0.0,0
IN19A057,0,0,0,0.0,0
IN19A059,0,0,0,0.0,0
IN19A060_a,0,0,0,0.0,0
IN19A060_b,0,0,0,0.0,0
IN19A060_c,0,0,0,0.0,0
IN19A065,0,0,0,0.0,0
IN19A067,0,0,0,0.0,0
IN19A069_a,0,0,0,0.0,0
IN19A069_b,0,0,0,0.0,0
IN19A069_c,0,0,0,0.0,0
IN19A070,0,0,0,0.0,0
IN19A071,0,0,0,0.0,0
IN19A072,0,0,0,0.0,0
IN19A074,0,0,0,0.0,0
IN19A080,0,0,0,0.0,0
IN19A082,0,0,0,0.0,0
IN19A084,0,0,0,0.0,0
IN19A085,0,0,0,0.0,0
IN19A086,0,0,0,0.0,0
IN19A087,0,0,0,0.0,0
IN19A088_a,0,0,0,0.0,0
IN19A088_d,0,0,0,0.0,0
IN19A088_e,0,0,0,0.0,0
IN19A090,0,0,0,0.0,0
IN19A091,0,0,0,0.0,0
IN19A094,0,0,0,0.0,0
"IN19A095,IN19A127",0,0,0,0.0,0
IN19A096,0,0,0,0.0,0
IN19A098,0,0,0,0.0,0
IN19A110,0,0,0,0.0,0
IN19A111,0,0,0,0.0,0
IN19A112,0,0,0,0.0,0
IN19A113,0,0,0,0.0,0
IN19A114,0,0,0,0.0,0
IN19A117,0,0,0,0.0,0
IN19A120,0,0,0,0.0,0
IN19A121,0,0,0,0.0,0
IN19A102,0,0,0,0.0,0
IN19A103,0,0,0,0.0,0
IN19A104,0,0,0,0.0,0
IN19A105,0,0,0,0.0,0
IN19A106,0,0,0,0.0,0
IN19A108,0,0,0,0.0,0
IN19A109_b,0,0,0,0.0,0
IN19A124,0,0,0,0.0,0
IN19A133,0,0,0,0.0,0
IN19A135,0,0,0,0.0,0
IN19B007,0,0,0,0.0,0
IN19B012,0,0,0,0.0,0
IN19B015,0,0,0,0.0,0
IN19B038,0,0,0,0.0,0
IN19B054,0,0,0,0.0,0
IN19B082,0,0,0,0.0,0
IN19B091,0,0,0,0.0,0
IN19B094,0,0,0,0.0,0
IN19B097,0,0,0,0.0,0
IN19B109,0,0,0,0.0,0
IN20A.22A002,0,0,0,0.0,0
IN20A.22A009,0,0,0,0.0,0
IN20A.22A013,0,0,0,0.0,0
IN20A.22A015,0,0,0,0.0,0
IN20A.22A016,0,0,0,0.0,0
IN20A.22A017,0,0,0,0.0,0
IN20A.22A024,0,0,0,0.0,0
IN20A.22A026,0,0,0,0.0,0
IN20A.22A027,0,0,0,0.0,0
IN20A.22A030,0,0,0,0.0,0
IN20A.22A036,0,0,0,0.0,0
IN20A.22A039,0,0,0,0.0,0
IN20A.22A041,0,0,0,0.0,0
IN20A.22A042,0,0,0,0.0,0
IN20A.22A044,0,0,0,0.0,0
IN20A.22A045,0,0,0,0.0,0
IN20A.22A049,0,0,0,0.0,0
IN20A.22A052,0,0,0,0.0,0
IN20A.22A057,0,0,0,0.0,0
IN20A.22A062,0,0,0,0.0,0
IN20A.22A063,0,0,0,0.0,0
IN20A.22A069,0,0,0,0.0,0
IN20A.22A078,0,0,0,0.0,0
IN20A.22A087,0,0,0,0.0,0
IN20A.22A088,0,0,0,0.0,0
IN21A003,0,0,0,0.0,0
IN21A010,0,0,0,0.0,0
IN21A028,0,0,0,0.0,0
"IN21A029,IN21A030",0,0,0,0.0,0
IN21A034,0,0,0,0.0,0
"IN21A023,IN21A024",0,0,0,0.0,0
IN21A039,0,0,0,0.0,0
IN21A040,0,0,0,0.0,0
IN21A041,0,0,0,0.0,0
IN21A042,0,0,0,0.0,0
IN21A043,0,0,0,0.0,0
"IN21A045,IN21A046",0,0,0,0.0,0
IN21A047_a,0,0,0,0.0,0
IN21A047_c,0,0,0,0.0,0
IN21A047_d,0,0,0,0.0,0
IN21A047_f,0,0,0,0.0,0
IN21A055,0,0,0,0.0,0
IN21A060,0,0,0,0.0,0
IN21A062,0,0,0,0.0,0
IN21A064,0,0,0,0.0,0
IN21A066,0,0,0,0.0,0
IN21A070,0,0,0,0.0,0
IN21A072,0,0,0,0.0,0
IN21A081,0,0,0,0.0,0
IN21A082,0,0,0,0.0,0
IN21A083,0,0,0,0.0,0
IN21A086,0,0,0,0.0,0
IN21A090,0,0,0,0.0,0
IN21A073,0,0,0,0.0,0
IN21A074,0,0,0,0.0,0
IN21A075,0,0,0,0.0,0
IN21A079,0,0,0,0.0,0
IN21A080,0,0,0,0.0,0
"IN21A091,IN21A092",0,0,0,0.0,0
IN21A094,0,0,0,0.0,0
IN21A095,0,0,0,0.0,0
IN21A096,0,0,0,0.0,0
IN21A097,0,0,0,0.0,0
IN21A098,0,0,0,0.0,0
IN21A099,0,0,0,0.0,0
IN21A100,0,0,0,0.0,0
IN21A102,0,0,0,0.0,0
IN21A109,0,0,0,0.0,0
IN21A111,0,0,0,0.0,0
IN21A116,0,0,0,0.0,0
IN23B034,0,0,0,0.0,0
IN23B055,0,0,0,0.0,0
IN23B064,0,0,0,0.0,0
IN23B065,0,0,0,0.0,0
IN23B088,0,0,0,0.0,0
IN23B091,0,0,0,0.0,0
IN23B092,0,0,0,0.0,0
IN23B084,0,0,0,0.0,0
IN23B093,0,0,0,0.0,0
IN23B095,0,0,0,0.0,0
IN27X001,0,0,0,0.0,0
IN27X002,0,0,0,0.0,0
IN27X003,0,0,0,0.0,0
IN27X005,0,0,0,0.0,0
INXXX003,0,0,0,0.0,0
INXXX008,0,0,0,0.0,0
INXXX029,0,0,0,0.0,0
INXXX066,0,0,0,0.0,0
INXXX077,0,0,0,0.0,0
INXXX056,0,0,0,0.0,0
INXXX101,0,0,0,0.0,0
INXXX107,0,0,0,0.0,0
INXXX111,0,0,0,0.0,0
INXXX121,0,0,0,0.0,0
INXXX129,0,0,0,0.0,0
INXXX134,0,0,0,0.0,0
INXXX137,0,0,0,0.0,0
INXXX153,0,0,0,0.0,0
INXXX167,0,0,0,0.0,0
INXXX181,0,0,0,0.0,0
INXXX188,0,0,0,0.0,0
INXXX206,0,0,0,0.0,0
INXXX209,0,0,0,0.0,0
INXXX212,0,0,0,0.0,0
INXXX221,0,0,0,0.0,0
INXXX223,0,0,0,0.0,0
INXXX230,0,0,0,0.0,0
INXXX232,0,0,0,0.0,0
INXXX235,0,0,0,0.0,0
INXXX247,0,0,0,0.0,0
INXXX251,0,0,0,0.0,0
INXXX270,0,0,0,0.0,0
INXXX273,0,0,0,0.0,0
INXXX275,0,0,0,0.0,0
INXXX283,0,0,0,0.0,0
INXXX290,0,0,0,0.0,0
INXXX293,0,0,0,0.0,0
INXXX295,0,0,0,0.0,0
INXXX309,0,0,0,0.0,0
INXXX315,0,0,0,0.0,0
INXXX326,0,0,0,0.0,0
INXXX328,0,0,0,0.0,0
INXXX336,0,0,0,0.0,0
INXXX348,0,0,0,0.0,0
INXXX372,0,0,0,0.0,0
INXXX379,0,0,0,0.0,0
INXXX385,0,0,0,0.0,0
INXXX393,0,0,0,0.0,0
INXXX399,0,0,0,0.0,0
INXXX420,0,0,0,0.0,0
INXXX448,0,0,0,0.0,0
INXXX464,0,0,0,0.0,0
INXXX466,0,0,0,0.0,0
INXXX474,0,0,0,0.0,0
IPC,0,0,0,0.0,0
ISN,0,0,0,0.0,0
ITP,0,0,0,0.0,0
IbSpsP,0,0,0,0.0,0
JO-B-unclear,0,0,0,0.0,0
KC,0,0,0,0.0,0
KCa'b'-ap1,0,0,0,0.0,0
KCa'b'-ap2,0,0,0,0.0,0
KCa'b'-m,0,0,0,0.0,0
KCab-c,0,0,0,0.0,0
KCab-m,0,0,0,0.0,0
KCab-p,0,0,0,0.0,0
KCab-s,0,0,0,0.0,0
KCg-d,0,0,0,0.0,0
KCg-m,0,0,0,0.0,0
KCg-s1,0,0,0,0.0,0
KCg-s2,0,0,0,0.0,0
KCg-s3,0,0,0,0.0,0
KCg-s4,0,0,0,0.0,0
L5,0,0,0,0.0,0
LAL001,0,0,0,0.0,0
LAL002,0,0,0,0.0,0
LAL003,0,0,0,0.0,0
LAL006,0,0,0,0.0,0
LAL007,0,0,0,0.0,0
LAL008,0,0,0,0.0,0
LAL009,0,0,0,0.0,0
LAL010,0,0,0,0.0,0
LAL011,0,0,0,0.0,0
LAL012,0,0,0,0.0,0
LAL013,0,0,0,0.0,0
LAL014,0,0,0,0.0,0
LAL015,0,0,0,0.0,0
LAL016,0,0,0,0.0,0
LAL017,0,0,0,0.0,0
LAL018,0,0,0,0.0,0
LAL019,0,0,0,0.0,0
LAL020,0,0,0,0.0,0
LAL021,0,0,0,0.0,0
LAL022,0,0,0,0.0,0
LAL023,0,0,0,0.0,0
LAL024,0,0,0,0.0,0
LAL025,0,0,0,0.0,0
LAL026_a,0,0,0,0.0,0
LAL026_b,0,0,0,0.0,0
LAL027,0,0,0,0.0,0
LAL028,0,0,0,0.0,0
LAL029_a,0,0,0,0.0,0
LAL029_b,0,0,0,0.0,0
LAL029_c,0,0,0,0.0,0
LAL029_d,0,0,0,0.0,0
LAL029_e,0,0,0,0.0,0
LAL030_a,0,0,0,0.0,0
LAL030_b,0,0,0,0.0,0
LAL030d,0,0,0,0.0,0
LAL031,0,0,0,0.0,0
LAL032,0,0,0,0.0,0
LAL034,0,0,0,0.0,0
LAL035,0,0,0,0.0,0
LAL037,0,0,0,0.0,0
LAL040,0,0,0,0.0,0
LAL042,0,0,0,0.0,0
LAL043_a,0,0,0,0.0,0
LAL043_b,0,0,0,0.0,0
LAL043_c,0,0,0,0.0,0
LAL043_d,0,0,0,0.0,0
LAL043_e,0,0,0,0.0,0
LAL045,0,0,0,0.0,0
LAL046,0,0,0,0.0,0
LAL047,0,0,0,0.0,0
LAL049,0,0,0,0.0,0
LAL050,0,0,0,0.0,0
LAL051,0,0,0,0.0,0
LAL052,0,0,0,0.0,0
LAL053,0,0,0,0.0,0
LAL054,0,0,0,0.0,0
LAL055,0,0,0,0.0,0
LAL056,0,0,0,0.0,0
LAL059,0,0,0,0.0,0
LAL060_a,0,0,0,0.0,0
LAL060_b,0,0,0,0.0,0
LAL061,0,0,0,0.0,0
LAL063,0,0,0,0.0,0
LAL067,0,0,0,0.0,0
LAL071,0,0,0,0.0,0
LAL072,0,0,0,0.0,0
LAL073,0,0,0,0.0,0
LAL074,0,0,0,0.0,0
LAL075,0,0,0,0.0,0
LAL076,0,0,0,0.0,0
LAL081,0,0,0,0.0,0
LAL082,0,0,0,0.0,0
LAL083,0,0,0,0.0,0
LAL084,0,0,0,0.0,0
LAL085,0,0,0,0.0,0
LAL086,0,0,0,0.0,0
LAL087,0,0,0,0.0,0
LAL088,0,0,0,0.0,0
LAL089,0,0,0,0.0,0
LAL090,0,0,0,0.0,0
LAL093,0,0,0,0.0,0
LAL094,0,0,0,0.0,0
LAL096,0,0,0,0.0,0
LAL098,0,0,0,0.0,0
LAL099,0,0,0,0.0,0
LAL100,0,0,0,0.0,0
LAL101,0,0,0,0.0,0
LAL102,0,0,0,0.0,0
LAL104,0,0,0,0.0,0
LAL108,0,0,0,0.0,0
LAL109,0,0,0,0.0,0
LAL110,0,0,0,0.0,0
LAL111,0,0,0,0.0,0
LAL112,0,0,0,0.0,0
LAL121,0,0,0,0.0,0
LAL122,0,0,0,0.0,0
LAL123,0,0,0,0.0,0
LAL124,0,0,0,0.0,0
LAL125,0,0,0,0.0,0
LAL126,0,0,0,0.0,0
LAL127,0,0,0,0.0,0
LAL128,0,0,0,0.0,0
LAL113,0,0,0,0.0,0
LAL114,0,0,0,0.0,0
LAL115,0,0,0,0.0,0
LAL116,0,0,0,0.0,0
LAL117,0,0,0,0.0,0
LAL120_a,0,0,0,0.0,0
LAL120_b,0,0,0,0.0,0
LAL129,0,0,0,0.0,0
LAL130,0,0,0,0.0,0
LAL131,0,0,0,0.0,0
LAL132_a,0,0,0,0.0,0
LAL132_b,0,0,0,0.0,0
LAL133_a,0,0,0,0.0,0
LAL133_b,0,0,0,0.0,0
LAL133_c,0,0,0,0.0,0
LAL133_d,0,0,0,0.0,0
LAL133_e,0,0,0,0.0,0
LAL134,0,0,0,0.0,0
LAL135,0,0,0,0.0,0
LAL136_a,0,0,0,0.0,0
LAL136_b,0,0,0,0.0,0
LAL137,0,0,0,0.0,0
LAL138,0,0,0,0.0,0
LAL139,0,0,0,0.0,0
LAL140,0,0,0,0.0,0
LAL141,0,0,0,0.0,0
LAL142,0,0,0,0.0,0
LAL144,0,0,0,0.0,0
LAL145,0,0,0,0.0,0
LAL146,0,0,0,0.0,0
LAL160,0,0,0,0.0,0
LAL161,0,0,0,0.0,0
LAL162,0,0,0,0.0,0
LAL163,0,0,0,0.0,0
LAL164,0,0,0,0.0,0
LAL165,0,0,0,0.0,0
LAL166,0,0,0,0.0,0
LAL167,0,0,0,0.0,0
LAL153,0,0,0,0.0,0
LAL154,0,0,0,0.0,0
LAL155,0,0,0,0.0,0
LAL157,0,0,0,0.0,0
LAL158,0,0,0,0.0,0
LAL159,0,0,0,0.0,0
LAL147_a,0,0,0,0.0,0
LAL147_b,0,0,0,0.0,0
LAL147_c,0,0,0,0.0,0
LAL148,0,0,0,0.0,0
LAL149,0,0,0,0.0,0
LAL150,0,0,0,0.0,0
LAL151,0,0,0,0.0,0
LAL152,0,0,0,0.0,0
LAL168,0,0,0,0.0,0
LAL169,0,0,0,0.0,0
LAL170,0,0,0,0.0,0
LAL171,0,0,0,0.0,0
LAL172,0,0,0,0.0,0
LAL173,0,0,0,0.0,0
LAL175,0,0,0,0.0,0
LAL176,0,0,0,0.0,0
LAL177,0,0,0,0.0,0
LAL179,0,0,0,0.0,0
LAL180,0,0,0,0.0,0
LAL181,0,0,0,0.0,0
LAL182,0,0,0,0.0,0
LAL183,0,0,0,0.0,0
LAL184,0,0,0,0.0,0
LAL185,0,0,0,0.0,0
LAL186,0,0,0,0.0,0
LAL187,0,0,0,0.0,0
LAL188_a,0,0,0,0.0,0
LAL188_b,0,0,0,0.0,0
LAL189,0,0,0,0.0,0
LAL190,0,0,0,0.0,0
LAL191,0,0,0,0.0,0
LAL192,0,0,0,0.0,0
LAL193,0,0,0,0.0,0
LAL194,0,0,0,0.0,0
LAL195,0,0,0,0.0,0
LAL197,0,0,0,0.0,0
LAL198,0,0,0,0.0,0
LAL199,0,0,0,0.0,0
LAL200,0,0,0,0.0,0
LAL203,0,0,0,0.0,0
LAL204,0,0,0,0.0,0
LAL205,0,0,0,0.0,0
LAL206,0,0,0,0.0,0
LAL207,0,0,0,0.0,0
LAL208,0,0,0,0.0,0
LAL300m,0,0,0,0.0,0
LAL301m,0,0,0,0.0,0
LAL302m,0,0,0,0.0,0
LAL303m,0,0,0,0.0,0
LAL304m,0,0,0,0.0,0
LBL40,0,0,0,0.0,0
LC10_unclear,0,0,0,0.0,0
LC10a,0,0,0,0.0,0
LC10b,0,0,0,0.0,0
LC10c-1,0,0,0,0.0,0
LC10c-2,0,0,0,0.0,0
LC10d,0,0,0,0.0,0
LC10e,0,0,0,0.0,0
LC11,0,0,0,0.0,0
LC12,0,0,0,0.0,0
LC13,0,0,0,0.0,0
LC14a-1,0,0,0,0.0,0
LC14a-2,0,0,0,0.0,0
LC14b,0,0,0,0.0,0
LC15,0,0,0,0.0,0
LC16,0,0,0,0.0,0
LC17,0,0,0,0.0,0
LC18,0,0,0,0.0,0
LC19,0,0,0,0.0,0
LC20a,0,0,0,0.0,0
LC20b,0,0,0,0.0,0
LC21,0,0,0,0.0,0
LC22,0,0,0,0.0,0
LC23,0,0,0,0.0,0
LC24,0,0,0,0.0,0
LC25,0,0,0,0.0,0
LC26,0,0,0,0.0,0
LC27,0,0,0,0.0,0
LC28,0,0,0,0.0,0
LC29,0,0,0,0.0,0
LC30,0,0,0,0.0,0
LC31a,0,0,0,0.0,0
LC31b,0,0,0,0.0,0
LC33,0,0,0,0.0,0
LC34,0,0,0,0.0,0
LC35a,0,0,0,0.0,0
LC35b,0,0,0,0.0,0
LC36,0,0,0,0.0,0
LC37,0,0,0,0.0,0
LC39a,0,0,0,0.0,0
LC39b,0,0,0,0.0,0
LC4,0,0,0,0.0,0
LC40,0,0,0,0.0,0
LC41,0,0,0,0.0,0
LC43,0,0,0,0.0,0
LC44,0,0,0,0.0,0
LC46b,0,0,0,0.0,0
LC6,0,0,0,0.0,0
LC9,0,0,0,0.0,0
LCNOp,0,0,0,0.0,0
LCNOpm,0,0,0,0.0,0
LH001m,0,0,0,0.0,0
LH002m,0,0,0,0.0,0
LH003m,0,0,0,0.0,0
LH004m,0,0,0,0.0,0
LH005m,0,0,0,0.0,0
LH006m,0,0,0,0.0,0
LH007m,0,0,0,0.0,0
LH008m,0,0,0,0.0,0
LHAD1a1,0,0,0,0.0,0
LHAD1a3,0,0,0,0.0,0
LHAD1a4_a,0,0,0,0.0,0
LHAD1a4_b,0,0,0,0.0,0
LHAD1b1_b,0,0,0,0.0,0
LHAD1b2,0,0,0,0.0,0
LHAD1b2_b,0,0,0,0.0,0
LHAD1b2_d,0,0,0,0.0,0
LHAD1b3,0,0,0,0.0,0
LHAD1b4,0,0,0,0.0,0
LHAD1b5,0,0,0,0.0,0
LHAD1c2,0,0,0,0.0,0
LHAD1c3,0,0,0,0.0,0
LHAD1d1,0,0,0,0.0,0
LHAD1d2,0,0,0,0.0,0
LHAD1f1,0,0,0,0.0,0
LHAD1f3_a,0,0,0,0.0,0
LHAD1f3_b,0,0,0,0.0,0
LHAD1f4,0,0,0,0.0,0
LHAD1f5,0,0,0,0.0,0
LHAD1g1,0,0,0,0.0,0
LHAD1h1,0,0,0,0.0,0
LHAD1i1,0,0,0,0.0,0
LHAD1k1,0,0,0,0.0,0
LHAD2b1,0,0,0,0.0,0
LHAD2c1,0,0,0,0.0,0
LHAD2d1,0,0,0,0.0,0
LHAD2e1,0,0,0,0.0,0
LHAD2e3,0,0,0,0.0,0
LHAD3a1,0,0,0,0.0,0
LHAD3a10,0,0,0,0.0,0
LHAD3b1_a,0,0,0,0.0,0
LHAD3d4,0,0,0,0.0,0
LHAD3d5,0,0,0,0.0,0
LHAD3e1_a,0,0,0,0.0,0
LHAD3f1_a,0,0,0,0.0,0
LHAD3f1_b,0,0,0,0.0,0
LHAD3g1,0,0,0,0.0,0
LHAV1a1,0,0,0,0.0,0
LHAV1a4,0,0,0,0.0,0
LHAV1b1,0,0,0,0.0,0
LHAV1d1,0,0,0,0.0,0
LHAV1d2,0,0,0,0.0,0
LHAV1e1,0,0,0,0.0,0
LHAV1f1,0,0,0,0.0,0
LHAV2a2,0,0,0,0.0,0
LHAV2a3,0,0,0,0.0,0
LHAV2a5,0,0,0,0.0,0
LHAV2b4,0,0,0,0.0,0
LHAV2b5,0,0,0,0.0,0
LHAV2b6,0,0,0,0.0,0
LHAV2b7_a,0,0,0,0.0,0
LHAV2b7_b,0,0,0,0.0,0
LHAV2b8,0,0,0,0.0,0
LHAV2b9,0,0,0,0.0,0
LHAV2c1,0,0,0,0.0,0
LHAV2b1,0,0,0,0.0,0
LHAV2b10,0,0,0,0.0,0
LHAV2b11,0,0,0,0.0,0
LHAV2b2_a,0,0,0,0.0,0
LHAV2b2_b,0,0,0,0.0,0
LHAV2b2_c,0,0,0,0.0,0
LHAV2b2_d,0,0,0,0.0,0
LHAV2b3,0,0,0,0.0,0
LHAV2d1,0,0,0,0.0,0
LHAV2e4_b,0,0,0,0.0,0
LHAV2g1,0,0,0,0.0,0
LHAV2g2_a,0,0,0,0.0,0
LHAV2g2_b,0,0,0,0.0,0
LHAV2g3,0,0,0,0.0,0
LHAV2g5,0,0,0,0.0,0
LHAV2h1,0,0,0,0.0,0
LHAV2i4,0,0,0,0.0,0
LHAV2j1,0,0,0,0.0,0
LHAV2k1,0,0,0,0.0,0
LHAV2k10,0,0,0,0.0,0
LHAV2k11_a,0,0,0,0.0,0
LHAV2k12_a,0,0,0,0.0,0
LHAV2k12_b,0,0,0,0.0,0
LHAV2k13,0,0,0,0.0,0
LHAV2k5,0,0,0,0.0,0
LHAV2k6,0,0,0,0.0,0
LHAV2k8,0,0,0,0.0,0
LHAV2k9,0,0,0,0.0,0
LHAV2m1,0,0,0,0.0,0
LHAV2n1,0,0,0,0.0,0
LHAV2o1,0,0,0,0.0,0
LHAV2p1,0,0,0,0.0,0
LHAV3a1_b,0,0,0,0.0,0
LHAV3a1_c,0,0,0,0.0,0
LHAV3b1,0,0,0,0.0,0
LHAV3b12,0,0,0,0.0,0
LHAV3b13,0,0,0,0.0,0
LHAV3b2_a,0,0,0,0.0,0
LHAV3e3_b,0,0,0,0.0,0
LHAV3e4_a,0,0,0,0.0,0
LHAV3e4_b,0,0,0,0.0,0
LHAV3e5,0,0,0,0.0,0
LHAV3e6,0,0,0,0.0,0
LHAV3f1,0,0,0,0.0,0
LHAV3g1,0,0,0,0.0,0
LHAV3g2,0,0,0,0.0,0
LHAV3b2_b,0,0,0,0.0,0
LHAV3b2_c,0,0,0,0.0,0
LHAV3b6_b,0,0,0,0.0,0
LHAV3b8,0,0,0,0.0,0
LHAV3d1,0,0,0,0.0,0
LHAV3e1,0,0,0,0.0,0
LHAV3e2,0,0,0,0.0,0
LHAV3e3_a,0,0,0,0.0,0
LHAV3h1,0,0,0,0.0,0
LHAV3j1,0,0,0,0.0,0
LHAV3k1,0,0,0,0.0,0
LHAV3k2,0,0,0,0.0,0
LHAV3k3,0,0,0,0.0,0
LHAV3k4,0,0,0,0.0,0
LHAV3k5,0,0,0,0.0,0
LHAV3k6,0,0,0,0.0,0
LHAV3m1,0,0,0,0.0,0
LHAV3n1,0,0,0,0.0,0
LHAV3o1,0,0,0,0.0,0
LHAV3p1,0,0,0,0.0,0
LHAV3q1,0,0,0,0.0,0
LHAV4a1_a,0,0,0,0.0,0
LHAV4a1_b,0,0,0,0.0,0
LHAV4a2,0,0,0,0.0,0
LHAV4a4,0,0,0,0.0,0
LHAV4a5,0,0,0,0.0,0
LHAV4a6,0,0,0,0.0,0
LHAV4a7,0,0,0,0.0,0
LHAV4b1,0,0,0,0.0,0
LHAV4b2,0,0,0,0.0,0
LHAV4b4,0,0,0,0.0,0
LHAV4c1,0,0,0,0.0,0
LHAV4c2,0,0,0,0.0,0
LHAV4d1,0,0,0,0.0,0
LHAV4d4,0,0,0,0.0,0
LHAV4d5,0,0,0,0.0,0
LHAV4e1_a,0,0,0,0.0,0
LHAV4e1_b,0,0,0,0.0,0
LHAV4e2_b1,0,0,0,0.0,0
LHAV4g4_b,0,0,0,0.0,0
LHAV4g6_a,0,0,0,0.0,0
LHAV4g7_a,0,0,0,0.0,0
LHAV4g7_b,0,0,0,0.0,0
LHAV4i1,0,0,0,0.0,0
LHAV4j1,0,0,0,0.0,0
LHAV5a1,0,0,0,0.0,0
LHAV4e2_b2,0,0,0,0.0,0
LHAV4e4,0,0,0,0.0,0
LHAV4e7_b,0,0,0,0.0,0
LHAV4g1,0,0,0,0.0,0
LHAV4g12,0,0,0,0.0,0
LHAV4g13,0,0,0,0.0,0
LHAV4g14,0,0,0,0.0,0
LHAV4g17,0,0,0,0.0,0
LHAV5a10_b,0,0,0,0.0,0
LHAV5a2_a1,0,0,0,0.0,0
LHAV5a2_a2,0,0,0,0.0,0
LHAV5a2_a3,0,0,0,0.0,0
LHAV5a2_a4,0,0,0,0.0,0
LHAV5a2_b,0,0,0,0.0,0
LHAV5a2_d,0,0,0,0.0,0
LHAV5a4_a,0,0,0,0.0,0
LHAV5a4_c,0,0,0,0.0,0
LHAV5a6_a,0,0,0,0.0,0
LHAV5a6_b,0,0,0,0.0,0
LHAV5a8,0,0,0,0.0,0
LHAV5a9_a,0,0,0,0.0,0
LHAV5b1,0,0,0,0.0,0
LHAV5b2,0,0,0,0.0,0
LHAV5c1,0,0,0,0.0,0
LHAV5d1,0,0,0,0.0,0
LHAV5e1,0,0,0,0.0,0
LHAV6a1,0,0,0,0.0,0
LHAV6a3,0,0,0,0.0,0
LHAV6a4,0,0,0,0.0,0
LHAV6a5,0,0,0,0.0,0
LHAV6a7,0,0,0,0.0,0
LHAV6b3,0,0,0,0.0,0
LHAV6b4,0,0,0,0.0,0
LHAV6c1,0,0,0,0.0,0
LHAV6e1,0,0,0,0.0,0
LHAV6g1,0,0,0,0.0,0
LHAV6h1,0,0,0,0.0,0
LHAV6i2_b,0,0,0,0.0,0
LHAV7b1,0,0,0,0.0,0
LHAV8a1,0,0,0,0.0,0
LHAV9a1_b,0,0,0,0.0,0
LHAV9a1_c,0,0,0,0.0,0
LHCENT1,0,0,0,0.0,0
LHCENT10,0,0,0,0.0,0
LHCENT11,0,0,0,0.0,0
LHAV7a1,0,0,0,0.0,0
LHAV7a1_a,0,0,0,0.0,0
LHAV7a1_b,0,0,0,0.0,0
LHAV7a3,0,0,0,0.0,0
LHAV7a4,0,0,0,0.0,0
LHAV7a5,0,0,0,0.0,0
LHCENT12_a,0,0,0,0.0,0
LHCENT13_a,0,0,0,0.0,0
LHCENT13_b,0,0,0,0.0,0
LHCENT13_c,0,0,0,0.0,0
LHCENT13_d,0,0,0,0.0,0
LHCENT14,0,0,0,0.0,0
LHCENT2,0,0,0,0.0,0
LHCENT3,0,0,0,0.0,0
LHCENT4,0,0,0,0.0,0
LHCENT5,0,0,0,0.0,0
LHCENT6,0,0,0,0.0,0
LHCENT8,0,0,0,0.0,0
LHCENT9,0,0,0,0.0,0
LHMB1,0,0,0,0.0,0
LHPD1b1,0,0,0,0.0,0
LHPD2a1,0,0,0,0.0,0
LHPD2a2,0,0,0,0.0,0
LHPD2a4_a,0,0,0,0.0,0
LHPD2a4_b,0,0,0,0.0,0
LHPD2a5_b,0,0,0,0.0,0
LHPD2a6,0,0,0,0.0,0
LHPD2b1,0,0,0,0.0,0
LHPD2c1,0,0,0,0.0,0
LHPD2c2,0,0,0,0.0,0
LHPD2c6,0,0,0,0.0,0
LHPD2d1,0,0,0,0.0,0
LHPD2d2,0,0,0,0.0,0
LHPD3a2_a,0,0,0,0.0,0
LHPD3a2_b,0,0,0,0.0,0
LHPD3a4_b,0,0,0,0.0,0
LHPD3a4_c,0,0,0,0.0,0
LHPD3a5,0,0,0,0.0,0
LHPD3c1,0,0,0,0.0,0
LHPD4a1,0,0,0,0.0,0
LHPD4a2,0,0,0,0.0,0
LHPD4c1,0,0,0,0.0,0
LHPD4d1,0,0,0,0.0,0
LHPD4d2_b,0,0,0,0.0,0
LHPD4e1_b,0,0,0,0.0,0
LHPD5a1,0,0,0,0.0,0
LHPD5b1,0,0,0,0.0,0
LHPD5c1,0,0,0,0.0,0
LHPD5d1,0,0,0,0.0,0
LHPD5e1,0,0,0,0.0,0
LHPD5f1,0,0,0,0.0,0
LHPV10a1a,0,0,0,0.0,0
LHPV10a1b,0,0,0,0.0,0
LHPV10b1,0,0,0,0.0,0
LHPV10c1,0,0,0,0.0,0
LHPV10d1,0,0,0,0.0,0
LHPV11a1,0,0,0,0.0,0
LHPV12a1,0,0,0,0.0,0
LHPV1c1,0,0,0,0.0,0
LHPV1c2,0,0,0,0.0,0
LHPV1d1,0,0,0,0.0,0
LHPV2a1_a,0,0,0,0.0,0
LHPV2a1_c,0,0,0,0.0,0
LHPV2a1_e,0,0,0,0.0,0
LHPV2a2,0,0,0,0.0,0
LHPV2a4,0,0,0,0.0,0
LHPV2a5,0,0,0,0.0,0
LHPV2b2_a,0,0,0,0.0,0
LHPV2b4,0,0,0,0.0,0
LHPV2c1_a,0,0,0,0.0,0
LHPV2c2,0,0,0,0.0,0
LHPV2c4,0,0,0,0.0,0
LHPV2d1,0,0,0,0.0,0
LHPV2e1_a,0,0,0,0.0,0
LHPV2g1,0,0,0,0.0,0
LHPV2i1,0,0,0,0.0,0
LHPV2i2_a,0,0,0,0.0,0
LHPV2i2_b,0,0,0,0.0,0
LHPV3a1,0,0,0,0.0,0
LHPV3a2,0,0,0,0.0,0
LHPV3a3_b,0,0,0,0.0,0
LHPV3b1_a,0,0,0,0.0,0
LHPV3b1_b,0,0,0,0.0,0
LHPV3c1,0,0,0,0.0,0
LHPV4a1,0,0,0,0.0,0
LHPV4a10,0,0,0,0.0,0
LHPV4a11,0,0,0,0.0,0
LHPV4a2,0,0,0,0.0,0
LHPV4a3,0,0,0,0.0,0
LHPV4a5,0,0,0,0.0,0
LHPV4a7,0,0,0,0.0,0
LHPV4a7_d,0,0,0,0.0,0
LHPV4a9,0,0,0,0.0,0
LHPV4b1,0,0,0,0.0,0
LHPV4b2,0,0,0,0.0,0
LHPV4b7,0,0,0,0.0,0
LHPV4b9,0,0,0,0.0,0
LHPV4c1_a,0,0,0,0.0,0
LHPV4c1_b,0,0,0,0.0,0
LHPV4c1_c,0,0,0,0.0,0
LHPV4c2,0,0,0,0.0,0
LHPV4c3,0,0,0,0.0,0
LHPV4c4,0,0,0,0.0,0
LHPV4d10,0,0,0,0.0,0
LHPV4d3,0,0,0,0.0,0
LHPV4d4,0,0,0,0.0,0
LHPV4e1,0,0,0,0.0,0
LHPV4g1,0,0,0,0.0,0
LHPV4g2,0,0,0,0.0,0
LHPV4h1,0,0,0,0.0,0
LHPV4h3,0,0,0,0.0,0
LHPV4i1,0,0,0,0.0,0
LHPV4i3,0,0,0,0.0,0
LHPV4i4,0,0,0,0.0,0
LHPV4j2,0,0,0,0.0,0
LHPV4j4,0,0,0,0.0,0
LHPV5b4,0,0,0,0.0,0
LHPV5b6,0,0,0,0.0,0
LHPV5c1,0,0,0,0.0,0
LHPV5c1_a,0,0,0,0.0,0
LHPV5c1_c,0,0,0,0.0,0
LHPV5c1_d,0,0,0,0.0,0
LHPV5c2,0,0,0,0.0,0
LHPV5c3,0,0,0,0.0,0
LHPV4l1,0,0,0,0.0,0
LHPV4m1,0,0,0,0.0,0
LHPV5a1,0,0,0,0.0,0
LHPV5a2,0,0,0,0.0,0
LHPV5a3,0,0,0,0.0,0
LHPV5b1,0,0,0,0.0,0
LHPV5b2,0,0,0,0.0,0
LHPV5b3,0,0,0,0.0,0
LHPV5d1,0,0,0,0.0,0
LHPV5d3,0,0,0,0.0,0
LHPV5e1,0,0,0,0.0,0
LHPV5e2,0,0,0,0.0,0
LHPV5e3,0,0,0,0.0,0
LHPV5g1_a,0,0,0,0.0,0
LHPV5g2,0,0,0,0.0,0
LHPV5h2_a,0,0,0,0.0,0
LHPV5h2_b,0,0,0,0.0,0
LHPV5h2_c,0,0,0,0.0,0
LHPV5h4,0,0,0,0.0,0
LHPV5i1,0,0,0,0.0,0
LHPV5j1,0,0,0,0.0,0
LHPV5l1,0,0,0,0.0,0
LHPV5m1,0,0,0,0.0,0
LHPV6a1,0,0,0,0.0,0
LHPV6a10,0,0,0,0.0,0
LHPV6a9_b,0,0,0,0.0,0
LHPV6c1,0,0,0,0.0,0
LHPV6c2,0,0,0,0.0,0
LHPV6d1,0,0,0,0.0,0
LHPV6f3_b,0,0,0,0.0,0
LHPV6f5,0,0,0,0.0,0
LHPV6g1,0,0,0,0.0,0
LHPV6h1,0,0,0,0.0,0
LHPV6h1_b,0,0,0,0.0,0
LHPV6h2,0,0,0,0.0,0
"LHPV6h3,SLP276",0,0,0,0.0,0
LHPV6i1_a,0,0,0,0.0,0
LHPV6j1,0,0,0,0.0,0
LHPV6k1,0,0,0,0.0,0
LHPV6k2,0,0,0,0.0,0
LHPV6l1,0,0,0,0.0,0
LHPV6l2,0,0,0,0.0,0
LHPV6m1,0,0,0,0.0,0
LHPV6o1,0,0,0,0.0,0
LHPV6p1,0,0,0,0.0,0
LHPV6q1,0,0,0,0.0,0
LHPV7a1,0,0,0,0.0,0
LHPV7a2,0,0,0,0.0,0
LHPV7b1,0,0,0,0.0,0
LHPV7c1,0,0,0,0.0,0
LHPV8c1,0,0,0,0.0,0
LHPV9b1,0,0,0,0.0,0
LK,0,0,0,0.0,0
LLPC1,0,0,0,0.0,0
LLPC2,0,0,0,0.0,0
LLPC3,0,0,0,0.0,0
LLPC4,0,0,0,0.0,0
LNO1,0,0,0,0.0,0
LNO2,0,0,0,0.0,0
LNOa,0,0,0,0.0,0
LNd_b,0,0,0,0.0,0
LNd_c,0,0,0,0.0,0
LOLP1,0,0,0,0.0,0
LOP_LO_unclear,0,0,0,0.0,0
LOP_unclear,0,0,0,0.0,0
LO_unclear,0,0,0,0.0,0
LPC1,0,0,0,0.0,0
LPC2,0,0,0,0.0,0
LPLC1,0,0,0,0.0,0
LPLC2,0,0,0,0.0,0
LPLC4,0,0,0,0.0,0
LPN_a,0,0,0,0.0,0
LPN_b,0,0,0,0.0,0
LPT100,0,0,0,0.0,0
LPT101,0,0,0,0.0,0
LPT110,0,0,0,0.0,0
LPT111,0,0,0,0.0,0
LPT112,0,0,0,0.0,0
LPT113,0,0,0,0.0,0
LPT114,0,0,0,0.0,0
LPT115,0,0,0,0.0,0
LPT116,0,0,0,0.0,0
LPT21,0,0,0,0.0,0
LPT22,0,0,0,0.0,0
LPT23,0,0,0,0.0,0
LPT26,0,0,0,0.0,0
LPT27,0,0,0,0.0,0
LPT28,0,0,0,0.0,0
LPT29,0,0,0,0.0,0
LPT30,0,0,0,0.0,0
LPT31,0,0,0,0.0,0
LPT49,0,0,0,0.0,0
LPT50,0,0,0,0.0,0
LPT51,0,0,0,0.0,0
LPT52,0,0,0,0.0,0
LPT53,0,0,0,0.0,0
LPT54,0,0,0,0.0,0
LPT57,0,0,0,0.0,0
LPT60,0,0,0,0.0,0
LPi12,0,0,0,0.0,0
LPi14,0,0,0,0.0,0
LPi21,0,0,0,0.0,0
LPi2b,0,0,0,0.0,0
LPi2c,0,0,0,0.0,0
LPi2d,0,0,0,0.0,0
LPi2e,0,0,0,0.0,0
LPi34,0,0,0,0.0,0
LPi3412,0,0,0,0.0,0
LPi3a,0,0,0,0.0,0
LPi3b,0,0,0,0.0,0
LPi3c,0,0,0,0.0,0
LPi43,0,0,0,0.0,0
LPi4a,0,0,0,0.0,0
LPi4b,0,0,0,0.0,0
LPsP,0,0,0,0.0,0
LT11,0,0,0,0.0,0
LT1a,0,0,0,0.0,0
LT1b,0,0,0,0.0,0
LT1c,0,0,0,0.0,0
LT1d,0,0,0,0.0,0
LT33,0,0,0,0.0,0
LT34,0,0,0,0.0,0
LT35,0,0,0,0.0,0
LT36,0,0,0,0.0,0
LT37,0,0,0,0.0,0
LT39,0,0,0,0.0,0
LT40,0,0,0,0.0,0
LT41,0,0,0,0.0,0
LT42,0,0,0,0.0,0
LT43,0,0,0,0.0,0
LT46,0,0,0,0.0,0
LT47,0,0,0,0.0,0
LT51,0,0,0,0.0,0
LT52,0,0,0,0.0,0
LT54,0,0,0,0.0,0
LT55,0,0,0,0.0,0
LT56,0,0,0,0.0,0
LT58,0,0,0,0.0,0
LT59,0,0,0,0.0,0
LT60,0,0,0,0.0,0
LT61a,0,0,0,0.0,0
LT61b,0,0,0,0.0,0
LT62,0,0,0,0.0,0
LT63,0,0,0,0.0,0
LT64,0,0,0,0.0,0
LT65,0,0,0,0.0,0
LT66,0,0,0,0.0,0
LT67,0,0,0,0.0,0
LT68,0,0,0,0.0,0
LT69,0,0,0,0.0,0
LT70,0,0,0,0.0,0
LT72,0,0,0,0.0,0
LT73,0,0,0,0.0,0
LT74,0,0,0,0.0,0
LT75,0,0,0,0.0,0
LT76,0,0,0,0.0,0
LT77,0,0,0,0.0,0
LT78,0,0,0,0.0,0
LT79,0,0,0,0.0,0
LT80,0,0,0,0.0,0
LT81,0,0,0,0.0,0
LT82a,0,0,0,0.0,0
LT82b,0,0,0,0.0,0
LT83,0,0,0,0.0,0
LT84,0,0,0,0.0,0
LT85,0,0,0,0.0,0
LT86,0,0,0,0.0,0
LT87,0,0,0,0.0,0
LT88,0,0,0,0.0,0
Lat1,0,0,0,0.0,0
Lat2,0,0,0,0.0,0
Lat3,0,0,0,0.0,0
Lat4,0,0,0,0.0,0
Lat5,0,0,0,0.0,0
Lawf1,0,0,0,0.0,0
Lawf2,0,0,0,0.0,0
Li11a,0,0,0,0.0,0
Li11b,0,0,0,0.0,0
Li12,0,0,0,0.0,0
Li13,0,0,0,0.0,0
Li14,0,0,0,0.0,0
Li15,0,0,0,0.0,0
Li16,0,0,0,0.0,0
Li17,0,0,0,0.0,0
Li18a,0,0,0,0.0,0
Li18b,0,0,0,0.0,0
Li19,0,0,0,0.0,0
Li20,0,0,0,0.0,0
Li21,0,0,0,0.0,0
Li22,0,0,0,0.0,0
Li23,0,0,0,0.0,0
Li25,0,0,0,0.0,0
Li26,0,0,0,0.0,0
Li27,0,0,0,0.0,0
Li28,0,0,0,0.0,0
Li29,0,0,0,0.0,0
Li30,0,0,0,0.0,0
Li31,0,0,0,0.0,0
Li32,0,0,0,0.0,0
Li33,0,0,0,0.0,0
Li34a,0,0,0,0.0,0
Li34b,0,0,0,0.0,0
Li35,0,0,0,0.0,0
Li36,0,0,0,0.0,0
Li37,0,0,0,0.0,0
Li38,0,0,0,0.0,0
Li39,0,0,0,0.0,0
LoVC1,0,0,0,0.0,0
LoVC11,0,0,0,0.0,0
LoVC12,0,0,0,0.0,0
LoVC15,0,0,0,0.0,0
LoVC16,0,0,0,0.0,0
LoVC17,0,0,0,0.0,0
LoVC18,0,0,0,0.0,0
LoVC19,0,0,0,0.0,0
LoVC2,0,0,0,0.0,0
LoVC20,0,0,0,0.0,0
LoVC21,0,0,0,0.0,0
LoVC22,0,0,0,0.0,0
LoVC23,0,0,0,0.0,0
LoVC25,0,0,0,0.0,0
LoVC26,0,0,0,0.0,0
LoVC28,0,0,0,0.0,0
LoVC29,0,0,0,0.0,0
LoVC3,0,0,0,0.0,0
LoVC4,0,0,0,0.0,0
LoVC5,0,0,0,0.0,0
LoVC6,0,0,0,0.0,0
LoVC7,0,0,0,0.0,0
LoVC9,0,0,0,0.0,0
LoVCLo1,0,0,0,0.0,0
LoVCLo2,0,0,0,0.0,0
LoVCLo3,0,0,0,0.0,0
LoVP1,0,0,0,0.0,0
LoVP10,0,0,0,0.0,0
LoVP100,0,0,0,0.0,0
LoVP101,0,0,0,0.0,0
LoVP102,0,0,0,0.0,0
LoVP103,0,0,0,0.0,0
LoVP105,0,0,0,0.0,0
LoVP106,0,0,0,0.0,0
LoVP107,0,0,0,0.0,0
LoVP108,0,0,0,0.0,0
LoVP11,0,0,0,0.0,0
LoVP12,0,0,0,0.0,0
LoVP13,0,0,0,0.0,0
LoVP14,0,0,0,0.0,0
LoVP16,0,0,0,0.0,0
LoVP17,0,0,0,0.0,0
LoVP18,0,0,0,0.0,0
LoVP19,0,0,0,0.0,0
LoVP2,0,0,0,0.0,0
LoVP20,0,0,0,0.0,0
LoVP21,0,0,0,0.0,0
LoVP22,0,0,0,0.0,0
LoVP23,0,0,0,0.0,0
LoVP24,0,0,0,0.0,0
LoVP25,0,0,0,0.0,0
LoVP26,0,0,0,0.0,0
LoVP27,0,0,0,0.0,0
LoVP28,0,0,0,0.0,0
LoVP29,0,0,0,0.0,0
LoVP3,0,0,0,0.0,0
LoVP30,0,0,0,0.0,0
LoVP32,0,0,0,0.0,0
LoVP33,0,0,0,0.0,0
LoVP34,0,0,0,0.0,0
LoVP35,0,0,0,0.0,0
LoVP36,0,0,0,0.0,0
LoVP37,0,0,0,0.0,0
LoVP38,0,0,0,0.0,0
LoVP39,0,0,0,0.0,0
LoVP4,0,0,0,0.0,0
LoVP40,0,0,0,0.0,0
LoVP41,0,0,0,0.0,0
LoVP42,0,0,0,0.0,0
LoVP43,0,0,0,0.0,0
LoVP44,0,0,0,0.0,0
LoVP45,0,0,0,0.0,0
LoVP46,0,0,0,0.0,0
LoVP47,0,0,0,0.0,0
LoVP48,0,0,0,0.0,0
LoVP49,0,0,0,0.0,0
LoVP5,0,0,0,0.0,0
LoVP50,0,0,0,0.0,0
LoVP51,0,0,0,0.0,0
LoVP52,0,0,0,0.0,0
LoVP53,0,0,0,0.0,0
LoVP54,0,0,0,0.0,0
LoVP55,0,0,0,0.0,0
LoVP56,0,0,0,0.0,0
LoVP57,0,0,0,0.0,0
LoVP58,0,0,0,0.0,0
LoVP59,0,0,0,0.0,0
LoVP6,0,0,0,0.0,0
LoVP60,0,0,0,0.0,0
LoVP69,0,0,0,0.0,0
LoVP7,0,0,0,0.0,0
LoVP70,0,0,0,0.0,0
LoVP71,0,0,0,0.0,0
LoVP72,0,0,0,0.0,0
LoVP73,0,0,0,0.0,0
LoVP74,0,0,0,0.0,0
LoVP75,0,0,0,0.0,0
LoVP61,0,0,0,0.0,0
LoVP62,0,0,0,0.0,0
LoVP63,0,0,0,0.0,0
LoVP64,0,0,0,0.0,0
LoVP65,0,0,0,0.0,0
LoVP66,0,0,0,0.0,0
LoVP67,0,0,0,0.0,0
LoVP68,0,0,0,0.0,0
LoVP76,0,0,0,0.0,0
LoVP77,0,0,0,0.0,0
LoVP78,0,0,0,0.0,0
LoVP79,0,0,0,0.0,0
LoVP8,0,0,0,0.0,0
LoVP80,0,0,0,0.0,0
LoVP81,0,0,0,0.0,0
LoVP82,0,0,0,0.0,0
LoVP83,0,0,0,0.0,0
LoVP84,0,0,0,0.0,0
LoVP85,0,0,0,0.0,0
LoVP86,0,0,0,0.0,0
LoVP88,0,0,0,0.0,0
LoVP89,0,0,0,0.0,0
LoVP9,0,0,0,0.0,0
LoVP90a,0,0,0,0.0,0
LoVP90b,0,0,0,0.0,0
LoVP90c,0,0,0,0.0,0
LoVP91,0,0,0,0.0,0
LoVP92,0,0,0,0.0,0
LoVP93,0,0,0,0.0,0
LoVP94,0,0,0,0.0,0
LoVP95,0,0,0,0.0,0
LoVP96,0,0,0,0.0,0
LoVP97,0,0,0,0.0,0
LoVP98,0,0,0,0.0,0
LoVP99,0,0,0,0.0,0
LoVP_unclear,0,0,0,0.0,0
MB-C1,0,0,0,0.0,0
MBON01,0,0,0,0.0,0
MBON02,0,0,0,0.0,0
MBON03,0,0,0,0.0,0
MBON04,0,0,0,0.0,0
MBON05,0,0,0,0.0,0
MBON06,0,0,0,0.0,0
MBON07,0,0,0,0.0,0
MBON09,0,0,0,0.0,0
MBON10,0,0,0,0.0,0
MBON11,0,0,0,0.0,0
MBON12,0,0,0,0.0,0
MBON13,0,0,0,0.0,0
MBON14,0,0,0,0.0,0
MBON15,0,0,0,0.0,0
MBON15-like,0,0,0,0.0,0
MBON16,0,0,0,0.0,0
MBON17,0,0,0,0.0,0
MBON17-like,0,0,0,0.0,0
MBON18,0,0,0,0.0,0
MBON19,0,0,0,0.0,0
MBON20,0,0,0,0.0,0
MBON21,0,0,0,0.0,0
MBON22,0,0,0,0.0,0
MBON23,0,0,0,0.0,0
MBON24,0,0,0,0.0,0
MBON25,0,0,0,0.0,0
MBON25-like,0,0,0,0.0,0
MBON26,0,0,0,0.0,0
MBON27,0,0,0,0.0,0
MBON28,0,0,0,0.0,0
MBON29,0,0,0,0.0,0
MBON30,0,0,0,0.0,0
MBON31,0,0,0,0.0,0
MBON32,0,0,0,0.0,0
MBON33,0,0,0,0.0,0
MBON34,0,0,0,0.0,0
MBON35,0,0,0,0.0,0
MDN,0,0,0,0.0,0
ME_unclear,0,0,0,0.0,0
MN1,0,0,0,0.0,0
MN2Da,0,0,0,0.0,0
MN2V,0,0,0,0.0,0
MN3L,0,0,0,0.0,0
MN8,0,0,0,0.0,0
MNad02,0,0,0,0.0,0
"MNad04,MNad48",0,0,0,0.0,0
MNad06,0,0,0,0.0,0
MNad08,0,0,0,0.0,0
MNad09,0,0,0,0.0,0
MNad15,0,0,0,0.0,0
MNad16,0,0,0,0.0,0
MNad17,0,0,0,0.0,0
MNad19,0,0,0,0.0,0
MNad20,0,0,0,0.0,0
MNad46,0,0,0,0.0,0
MNad49,0,0,0,0.0,0
MNad53,0,0,0,0.0,0
MNad55,0,0,0,0.0,0
MNad56,0,0,0,0.0,0
MNad57,0,0,0,0.0,0
MNad61,0,0,0,0.0,0
MNad62,0,0,0,0.0,0
MNad63,0,0,0,0.0,0
MNad64,0,0,0,0.0,0
MNad66,0,0,0,0.0,0
MNad67,0,0,0,0.0,0
MNad68,0,0,0,0.0,0
MNnm10,0,0,0,0.0,0
MNx02,0,0,0,0.0,0
M_imPNl92,0,0,0,0.0,0
M_lvPNm28,0,0,0,0.0,0
M_vPNml50,0,0,0,0.0,0
MeLo10,0,0,0,0.0,0
MeLo12,0,0,0,0.0,0
MeLo13,0,0,0,0.0,0
MeLo14,0,0,0,0.0,0
MeLo2,0,0,0,0.0,0
MeLo3a,0,0,0,0.0,0
MeLo3b,0,0,0,0.0,0
MeLo4,0,0,0,0.0,0
MeLo5,0,0,0,0.0,0
MeLo6,0,0,0,0.0,0
MeLo7,0,0,0,0.0,0
MeLo8,0,0,0,0.0,0
MeLo9,0,0,0,0.0,0
MeTu1,0,0,0,0.0,0
MeTu4a,0,0,0,0.0,0
MeTu4b,0,0,0,0.0,0
MeTu4c,0,0,0,0.0,0
MeTu4d,0,0,0,0.0,0
MeTu4e,0,0,0,0.0,0
MeTu4f,0,0,0,0.0,0
MeVC1,0,0,0,0.0,0
MeVC10,0,0,0,0.0,0
MeVC11,0,0,0,0.0,0
MeVC2,0,0,0,0.0,0
MeVC20,0,0,0,0.0,0
MeVC21,0,0,0,0.0,0
MeVC22,0,0,0,0.0,0
MeVC23,0,0,0,0.0,0
MeVC24,0,0,0,0.0,0
MeVC25,0,0,0,0.0,0
MeVC26,0,0,0,0.0,0
MeVC27,0,0,0,0.0,0
MeVC4a,0,0,0,0.0,0
MeVC4b,0,0,0,0.0,0
MeVC6,0,0,0,0.0,0
MeVC7a,0,0,0,0.0,0
MeVC7b,0,0,0,0.0,0
MeVC8,0,0,0,0.0,0
MeVCMe1,0,0,0,0.0,0
MeVP1,0,0,0,0.0,0
MeVP10,0,0,0,0.0,0
MeVP12,0,0,0,0.0,0
MeVP14,0,0,0,0.0,0
MeVP16,0,0,0,0.0,0
MeVP17,0,0,0,0.0,0
MeVP18,0,0,0,0.0,0
MeVP2,0,0,0,0.0,0
MeVP20,0,0,0,0.0,0
MeVP21,0,0,0,0.0,0
MeVP22,0,0,0,0.0,0
MeVP23,0,0,0,0.0,0
MeVP24,0,0,0,0.0,0
MeVP25,0,0,0,0.0,0
MeVP26,0,0,0,0.0,0
MeVP27,0,0,0,0.0,0
MeVP28,0,0,0,0.0,0
MeVP29,0,0,0,0.0,0
MeVP3,0,0,0,0.0,0
MeVP30,0,0,0,0.0,0
MeVP33,0,0,0,0.0,0
MeVP34,0,0,0,0.0,0
MeVP35,0,0,0,0.0,0
MeVP36,0,0,0,0.0,0
MeVP38,0,0,0,0.0,0
MeVP39,0,0,0,0.0,0
MeVP4,0,0,0,0.0,0
MeVP40,0,0,0,0.0,0
MeVP41,0,0,0,0.0,0
MeVP42,0,0,0,0.0,0
MeVP45,0,0,0,0.0,0
MeVP46,0,0,0,0.0,0
MeVP47,0,0,0,0.0,0
MeVP48,0,0,0,0.0,0
MeVP49,0,0,0,0.0,0
MeVP5,0,0,0,0.0,0
MeVP50,0,0,0,0.0,0
MeVP51,0,0,0,0.0,0
MeVP52,0,0,0,0.0,0
MeVP53,0,0,0,0.0,0
MeVP54,0,0,0,0.0,0
MeVP55,0,0,0,0.0,0
MeVP56,0,0,0,0.0,0
MeVP58,0,0,0,0.0,0
MeVP59,0,0,0,0.0,0
MeVP6,0,0,0,0.0,0
MeVP60,0,0,0,0.0,0
MeVP61,0,0,0,0.0,0
MeVP62,0,0,0,0.0,0
MeVP7,0,0,0,0.0,0
MeVP8,0,0,0,0.0,0
MeVP9,0,0,0,0.0,0
MeVPLo1,0,0,0,0.0,0
MeVPLo2,0,0,0,0.0,0
MeVPLp2,0,0,0,0.0,0
MeVPMe1,0,0,0,0.0,0
MeVPMe11,0,0,0,0.0,0
MeVPMe12,0,0,0,0.0,0
MeVPMe13,0,0,0,0.0,0
MeVPMe2,0,0,0,0.0,0
MeVPMe3,0,0,0,0.0,0
MeVPMe4,0,0,0,0.0,0
MeVPMe5,0,0,0,0.0,0
MeVPMe6,0,0,0,0.0,0
MeVPMe7,0,0,0,0.0,0
MeVPMe8,0,0,0,0.0,0
MeVPMe9,0,0,0,0.0,0
MeVPOL1,0,0,0,0.0,0
MeVPaMe1,0,0,0,0.0,0
MeVPaMe2,0,0,0,0.0,0
Mi1,0,0,0,0.0,0
Mi10,0,0,0,0.0,0
Mi13,0,0,0,0.0,0
Mi14,0,0,0,0.0,0
Mi16,0,0,0,0.0,0
Mi17,0,0,0,0.0,0
Mi18,0,0,0,0.0,0
Mi19,0,0,0,0.0,0
Mi2,0,0,0,0.0,0
Mi20,0,0,0,0.0,0
Mi9,0,0,0,0.0,0
NPFL1-I,0,0,0,0.0,0
Nod1,0,0,0,0.0,0
Nod2,0,0,0,0.0,0
Nod3,0,0,0,0.0,0
Nod4,0,0,0,0.0,0
Nod5,0,0,0,0.0,0
OA-AL2i1,0,0,0,0.0,0
OA-AL2i2,0,0,0,0.0,0
OA-AL2i3,0,0,0,0.0,0
OA-AL2i4,0,0,0,0.0,0
OA-ASM1,0,0,0,0.0,0
OA-ASM2,0,0,0,0.0,0
OA-ASM3,0,0,0,0.0,0
OA-VPM3,0,0,0,0.0,0
OA-VPM4,0,0,0,0.0,0
OCC01b,0,0,0,0.0,0
OCC02a,0,0,0,0.0,0
OCC02b,0,0,0,0.0,0
OCG01a,0,0,0,0.0,0
OCG01b,0,0,0,0.0,0
OCG01c,0,0,0,0.0,0
OCG01d,0,0,0,0.0,0
OCG01e,0,0,0,0.0,0
OCG02b,0,0,0,0.0,0
OCG02c,0,0,0,0.0,0
OCG03,0,0,0,0.0,0
OLVC2,0,0,0,0.0,0
OLVC3,0,0,0,0.0,0
OLVC4,0,0,0,0.0,0
OLVC5,0,0,0,0.0,0
OLVC6,0,0,0,0.0,0
OLVC7,0,0,0,0.0,0
P6-8P9,0,0,0,0.0,0
PAL01,0,0,0,0.0,0
PAL03,0,0,0,0.0,0
PAM01,0,0,0,0.0,0
PAM02,0,0,0,0.0,0
PAM03,0,0,0,0.0,0
PAM04,0,0,0,0.0,0
PAM05,0,0,0,0.0,0
PAM06,0,0,0,0.0,0
PAM07,0,0,0,0.0,0
PAM08,0,0,0,0.0,0
PAM09,0,0,0,0.0,0
PAM10,0,0,0,0.0,0
PAM11,0,0,0,0.0,0
PAM12,0,0,0,0.0,0
PAM13,0,0,0,0.0,0
PAM14,0,0,0,0.0,0
PAM15,0,0,0,0.0,0
PEG,0,0,0,0.0,0
PEN_a(PEN1),0,0,0,0.0,0
PEN_b(PEN2),0,0,0,0.0,0
PFGs,0,0,0,0.0,0
PFL1,0,0,0,0.0,0
PFL2,0,0,0,0.0,0
PFL3,0,0,0,0.0,0
PFNa,0,0,0,0.0,0
PFNd,0,0,0,0.0,0
PFNm_a,0,0,0,0.0,0
PFNm_b,0,0,0,0.0,0
PFNp_a,0,0,0,0.0,0
PFNp_b,0,0,0,0.0,0
PFNp_c,0,0,0,0.0,0
PFNp_d,0,0,0,0.0,0
PFNp_e,0,0,0,0.0,0
PFNv,0,0,0,0.0,0
PFR_a,0,0,0,0.0,0
PFR_b,0,0,0,0.0,0
PI3,0,0,0,0.0,0
PLP001,0,0,0,0.0,0
PLP002,0,0,0,0.0,0
PLP003,0,0,0,0.0,0
PLP004,0,0,0,0.0,0
PLP005,0,0,0,0.0,0
PLP006,0,0,0,0.0,0
PLP007,0,0,0,0.0,0
PLP008,0,0,0,0.0,0
PLP009,0,0,0,0.0,0
PLP010,0,0,0,0.0,0
PLP012,0,0,0,0.0,0
PLP013,0,0,0,0.0,0
PLP015,0,0,0,0.0,0
PLP016,0,0,0,0.0,0
PLP017,0,0,0,0.0,0
PLP018,0,0,0,0.0,0
PLP019,0,0,0,0.0,0
PLP020,0,0,0,0.0,0
PLP021,0,0,0,0.0,0
PLP022,0,0,0,0.0,0
PLP023,0,0,0,0.0,0
PLP025,0,0,0,0.0,0
PLP026,0,0,0,0.0,0
PLP028,0,0,0,0.0,0
PLP029,0,0,0,0.0,0
PLP032,0,0,0,0.0,0
PLP034,0,0,0,0.0,0
PLP035,0,0,0,0.0,0
PLP036,0,0,0,0.0,0
PLP037,0,0,0,0.0,0
PLP038,0,0,0,0.0,0
PLP039,0,0,0,0.0,0
PLP041,0,0,0,0.0,0
PLP042_a,0,0,0,0.0,0
PLP042_b,0,0,0,0.0,0
PLP042_c,0,0,0,0.0,0
PLP042a,0,0,0,0.0,0
PLP043,0,0,0,0.0,0
PLP044,0,0,0,0.0,0
PLP046,0,0,0,0.0,0
PLP048,0,0,0,0.0,0
PLP052,0,0,0,0.0,0
PLP053,0,0,0,0.0,0
PLP054,0,0,0,0.0,0
PLP055,0,0,0,0.0,0
PLP056,0,0,0,0.0,0
PLP057,0,0,0,0.0,0
PLP058,0,0,0,0.0,0
PLP059,0,0,0,0.0,0
PLP060,0,0,0,0.0,0
PLP063,0,0,0,0.0,0
PLP064_a,0,0,0,0.0,0
PLP064_b,0,0,0,0.0,0
PLP065,0,0,0,0.0,0
PLP066,0,0,0,0.0,0
PLP067,0,0,0,0.0,0
PLP069,0,0,0,0.0,0
PLP071,0,0,0,0.0,0
PLP073,0,0,0,0.0,0
PLP074,0,0,0,0.0,0
PLP075,0,0,0,0.0,0
PLP076,0,0,0,0.0,0
PLP078,0,0,0,0.0,0
PLP079,0,0,0,0.0,0
PLP080,0,0,0,0.0,0
PLP081,0,0,0,0.0,0
PLP084,0,0,0,0.0,0
PLP085,0,0,0,0.0,0
PLP086,0,0,0,0.0,0
PLP087,0,0,0,0.0,0
PLP089,0,0,0,0.0,0
PLP092,0,0,0,0.0,0
PLP093,0,0,0,0.0,0
PLP094,0,0,0,0.0,0
PLP095,0,0,0,0.0,0
PLP096,0,0,0,0.0,0
PLP097,0,0,0,0.0,0
PLP099,0,0,0,0.0,0
PLP100,0,0,0,0.0,0
PLP101,0,0,0,0.0,0
PLP102,0,0,0,0.0,0
PLP103,0,0,0,0.0,0
PLP106,0,0,0,0.0,0
PLP108,0,0,0,0.0,0
PLP109,0,0,0,0.0,0
PLP111,0,0,0,0.0,0
PLP113,0,0,0,0.0,0
PLP114,0,0,0,0.0,0
PLP115_a,0,0,0,0.0,0
PLP115_b,0,0,0,0.0,0
PLP116,0,0,0,0.0,0
PLP119,0,0,0,0.0,0
PLP120,0,0,0,0.0,0
PLP121,0,0,0,0.0,0
PLP122_a,0,0,0,0.0,0
PLP123,0,0,0,0.0,0
PLP124,0,0,0,0.0,0
PLP128,0,0,0,0.0,0
PLP129,0,0,0,0.0,0
PLP130,0,0,0,0.0,0
PLP131,0,0,0,0.0,0
PLP132,0,0,0,0.0,0
PLP134,0,0,0,0.0,0
PLP139,0,0,0,0.0,0
PLP141,0,0,0,0.0,0
PLP142,0,0,0,0.0,0
PLP143,0,0,0,0.0,0
PLP144,0,0,0,0.0,0
PLP145,0,0,0,0.0,0
PLP148,0,0,0,0.0,0
PLP149,0,0,0,0.0,0
PLP150,0,0,0,0.0,0
PLP154,0,0,0,0.0,0
PLP155,0,0,0,0.0,0
PLP156,0,0,0,0.0,0
PLP157,0,0,0,0.0,0
PLP158,0,0,0,0.0,0
PLP159,0,0,0,0.0,0
PLP160,0,0,0,0.0,0
PLP161,0,0,0,0.0,0
PLP162,0,0,0,0.0,0
PLP163,0,0,0,0.0,0
PLP164,0,0,0,0.0,0
PLP165,0,0,0,0.0,0
PLP169,0,0,0,0.0,0
PLP170,0,0,0,0.0,0
PLP171,0,0,0,0.0,0
PLP172,0,0,0,0.0,0
PLP173,0,0,0,0.0,0
PLP174,0,0,0,0.0,0
PLP175,0,0,0,0.0,0
PLP177,0,0,0,0.0,0
PLP178,0,0,0,0.0,0
PLP180,0,0,0,0.0,0
PLP181,0,0,0,0.0,0
PLP182,0,0,0,0.0,0
PLP184,0,0,0,0.0,0
PLP185,0,0,0,0.0,0
PLP186,0,0,0,0.0,0
PLP187,0,0,0,0.0,0
PLP188,0,0,0,0.0,0
PLP189,0,0,0,0.0,0
PLP190,0,0,0,0.0,0
PLP191,0,0,0,0.0,0
PLP192,0,0,0,0.0,0
PLP196,0,0,0,0.0,0
PLP197,0,0,0,0.0,0
PLP199,0,0,0,0.0,0
PLP208,0,0,0,0.0,0
PLP209,0,0,0,0.0,0
PLP211,0,0,0,0.0,0
PLP213,0,0,0,0.0,0
PLP214,0,0,0,0.0,0
PLP216,0,0,0,0.0,0
PLP217,0,0,0,0.0,0
PLP218,0,0,0,0.0,0
PLP219,0,0,0,0.0,0
PLP222,0,0,0,0.0,0
PLP225,0,0,0,0.0,0
PLP228,0,0,0,0.0,0
PLP229,0,0,0,0.0,0
PLP230,0,0,0,0.0,0
PLP231,0,0,0,0.0,0
PLP232,0,0,0,0.0,0
PLP239,0,0,0,0.0,0
PLP241,0,0,0,0.0,0
PLP243,0,0,0,0.0,0
PLP245,0,0,0,0.0,0
PLP246,0,0,0,0.0,0
PLP247,0,0,0,0.0,0
PLP248,0,0,0,0.0,0
PLP249,0,0,0,0.0,0
PLP250,0,0,0,0.0,0
PLP252,0,0,0,0.0,0
PLP254,0,0,0,0.0,0
PLP256,0,0,0,0.0,0
PLP258,0,0,0,0.0,0
PLP259,0,0,0,0.0,0
PLP260,0,0,0,0.0,0
PLP261,0,0,0,0.0,0
PLP262,0,0,0,0.0,0
PLP300m,0,0,0,0.0,0
PLP301m,0,0,0,0.0,0
PLVP059,0,0,0,0.0,0
PPL101,0,0,0,0.0,0
PPL102,0,0,0,0.0,0
PPL103,0,0,0,0.0,0
PPL104,0,0,0,0.0,0
PPL105,0,0,0,0.0,0
PPL106,0,0,0,0.0,0
PPL107,0,0,0,0.0,0
PPL108,0,0,0,0.0,0
PPL201,0,0,0,0.0,0
PPL202,0,0,0,0.0,0
PPL203,0,0,0,0.0,0
PPL204,0,0,0,0.0,0
PPM1201,0,0,0,0.0,0
PPM1202,0,0,0,0.0,0
PPM1203,0,0,0,0.0,0
PPM1205,0,0,0,0.0,0
PRW001,0,0,0,0.0,0
PRW007,0,0,0,0.0,0
PRW008,0,0,0,0.0,0
PRW009,0,0,0,0.0,0
PRW010,0,0,0,0.0,0
PRW011,0,0,0,0.0,0
PRW012,0,0,0,0.0,0
PRW014,0,0,0,0.0,0
PRW019,0,0,0,0.0,0
PRW021,0,0,0,0.0,0
PRW022,0,0,0,0.0,0
PRW028,0,0,0,0.0,0
PRW029,0,0,0,0.0,0
PRW030,0,0,0,0.0,0
PRW032,0,0,0,0.0,0
PRW036,0,0,0,0.0,0
PRW040,0,0,0,0.0,0
PRW050,0,0,0,0.0,0
PRW051,0,0,0,0.0,0
PRW052,0,0,0,0.0,0
PRW054,0,0,0,0.0,0
PRW060,0,0,0,0.0,0
PRW066,0,0,0,0.0,0
PRW067,0,0,0,0.0,0
PRW069,0,0,0,0.0,0
PRW073,0,0,0,0.0,0
PRW074,0,0,0,0.0,0
PRW075,0,0,0,0.0,0
PS001,0,0,0,0.0,0
PS002,0,0,0,0.0,0
PS003,0,0,0,0.0,0
PS004,0,0,0,0.0,0
PS005_a,0,0,0,0.0,0
PS005_b,0,0,0,0.0,0
PS005_c,0,0,0,0.0,0
PS005_d,0,0,0,0.0,0
PS005_e,0,0,0,0.0,0
PS007,0,0,0,0.0,0
PS008_a1,0,0,0,0.0,0
PS008_a2,0,0,0,0.0,0
PS008_a3,0,0,0,0.0,0
PS008_a4,0,0,0,0.0,0
PS008_b,0,0,0,0.0,0
PS010,0,0,0,0.0,0
PS011,0,0,0,0.0,0
PS013,0,0,0,0.0,0
PS018_a,0,0,0,0.0,0
PS018_b,0,0,0,0.0,0
PS019,0,0,0,0.0,0
PS020,0,0,0,0.0,0
PS021,0,0,0,0.0,0
PS022,0,0,0,0.0,0
PS023,0,0,0,0.0,0
PS024,0,0,0,0.0,0
PS025,0,0,0,0.0,0
PS026,0,0,0,0.0,0
PS027,0,0,0,0.0,0
PS029,0,0,0,0.0,0
PS030,0,0,0,0.0,0
PS031,0,0,0,0.0,0
PS032,0,0,0,0.0,0
PS033_a,0,0,0,0.0,0
PS033_b,0,0,0,0.0,0
PS034,0,0,0,0.0,0
PS038,0,0,0,0.0,0
PS041,0,0,0,0.0,0
PS042,0,0,0,0.0,0
PS046,0,0,0,0.0,0
PS047_b,0,0,0,0.0,0
PS048_a,0,0,0,0.0,0
PS048_b,0,0,0,0.0,0
PS049,0,0,0,0.0,0
PS050,0,0,0,0.0,0
PS051,0,0,0,0.0,0
PS052,0,0,0,0.0,0
PS054,0,0,0,0.0,0
PS055,0,0,0,0.0,0
PS057,0,0,0,0.0,0
PS058,0,0,0,0.0,0
PS060,0,0,0,0.0,0
PS061,0,0,0,0.0,0
PS062,0,0,0,0.0,0
PS063,0,0,0,0.0,0
PS065,0,0,0,0.0,0
PS068,0,0,0,0.0,0
PS072,0,0,0,0.0,0
PS074,0,0,0,0.0,0
PS077,0,0,0,0.0,0
PS080,0,0,0,0.0,0
PS081,0,0,0,0.0,0
PS082,0,0,0,0.0,0
PS083_a,0,0,0,0.0,0
PS083_b,0,0,0,0.0,0
PS083_c,0,0,0,0.0,0
PS084,0,0,0,0.0,0
PS085,0,0,0,0.0,0
PS087,0,0,0,0.0,0
PS088,0,0,0,0.0,0
PS090,0,0,0,0.0,0
PS091,0,0,0,0.0,0
PS092,0,0,0,0.0,0
PS093,0,0,0,0.0,0
PS096,0,0,0,0.0,0
PS097,0,0,0,0.0,0
PS098,0,0,0,0.0,0
PS100,0,0,0,0.0,0
PS101,0,0,0,0.0,0
PS106,0,0,0,0.0,0
PS107,0,0,0,0.0,0
PS108,0,0,0,0.0,0
PS109,0,0,0,0.0,0
PS110,0,0,0,0.0,0
PS111,0,0,0,0.0,0
PS112,0,0,0,0.0,0
PS114,0,0,0,0.0,0
PS118,0,0,0,0.0,0
PS124,0,0,0,0.0,0
PS126,0,0,0,0.0,0
PS127,0,0,0,0.0,0
PS137,0,0,0,0.0,0
PS139,0,0,0,0.0,0
PS140,0,0,0,0.0,0
PS141,0,0,0,0.0,0
PS142,0,0,0,0.0,0
PS143,0,0,0,0.0,0
PS146,0,0,0,0.0,0
PS148,0,0,0,0.0,0
PS149,0,0,0,0.0,0
PS150,0,0,0,0.0,0
PS153,0,0,0,0.0,0
PS156,0,0,0,0.0,0
PS157,0,0,0,0.0,0
PS158,0,0,0,0.0,0
PS159,0,0,0,0.0,0
PS160,0,0,0,0.0,0
PS161,0,0,0,0.0,0
PS164,0,0,0,0.0,0
PS170,0,0,0,0.0,0
PS171,0,0,0,0.0,0
PS172,0,0,0,0.0,0
PS173,0,0,0,0.0,0
PS174,0,0,0,0.0,0
PS175,0,0,0,0.0,0
PS176,0,0,0,0.0,0
PS177,0,0,0,0.0,0
PS178,0,0,0,0.0,0
PS180,0,0,0,0.0,0
PS181,0,0,0,0.0,0
PS182,0,0,0,0.0,0
PS183,0,0,0,0.0,0
PS185,0,0,0,0.0,0
PS186,0,0,0,0.0,0
PS187,0,0,0,0.0,0
PS188,0,0,0,0.0,0
PS191,0,0,0,0.0,0
PS192,0,0,0,0.0,0
PS193,0,0,0,0.0,0
PS193b,0,0,0,0.0,0
PS194,0,0,0,0.0,0
PS196_a,0,0,0,0.0,0
PS196_b,0,0,0,0.0,0
PS197,0,0,0,0.0,0
PS199,0,0,0,0.0,0
PS200,0,0,0,0.0,0
PS201,0,0,0,0.0,0
PS202,0,0,0,0.0,0
PS203,0,0,0,0.0,0
PS206,0,0,0,0.0,0
PS208,0,0,0,0.0,0
PS209,0,0,0,0.0,0
PS213,0,0,0,0.0,0
PS214,0,0,0,0.0,0
PS215,0,0,0,0.0,0
PS217,0,0,0,0.0,0
PS220,0,0,0,0.0,0
PS224,0,0,0,0.0,0
PS229,0,0,0,0.0,0
PS231,0,0,0,0.0,0
PS232,0,0,0,0.0,0
PS233,0,0,0,0.0,0
PS237,0,0,0,0.0,0
PS238,0,0,0,0.0,0
PS240,0,0,0,0.0,0
PS242,0,0,0,0.0,0
PS246,0,0,0,0.0,0
PS248,0,0,0,0.0,0
PS249,0,0,0,0.0,0
PS252,0,0,0,0.0,0
PS253,0,0,0,0.0,0
PS258,0,0,0,0.0,0
PS260,0,0,0,0.0,0
PS261,0,0,0,0.0,0
PS262,0,0,0,0.0,0
PS263,0,0,0,0.0,0
PS265,0,0,0,0.0,0
PS267,0,0,0,0.0,0
PS268,0,0,0,0.0,0
PS269,0,0,0,0.0,0
PS270,0,0,0,0.0,0
PS272,0,0,0,0.0,0
PS274,0,0,0,0.0,0
PS276,0,0,0,0.0,0
PS278,0,0,0,0.0,0
PS280,0,0,0,0.0,0
PS281,0,0,0,0.0,0
PS282,0,0,0,0.0,0
PS283,0,0,0,0.0,0
PS284,0,0,0,0.0,0
PS285,0,0,0,0.0,0
PS286,0,0,0,0.0,0
PS291,0,0,0,0.0,0
PS292,0,0,0,0.0,0
PS300,0,0,0,0.0,0
PS303,0,0,0,0.0,0
PS304,0,0,0,0.0,0
PS305,0,0,0,0.0,0
PS306,0,0,0,0.0,0
PS307,0,0,0,0.0,0
PS308,0,0,0,0.0,0
PS310,0,0,0,0.0,0
PS311,0,0,0,0.0,0
PS313,0,0,0,0.0,0
PS314,0,0,0,0.0,0
PS315,0,0,0,0.0,0
PS316,0,0,0,0.0,0
PS317,0,0,0,0.0,0
PS318,0,0,0,0.0,0
PS320,0,0,0,0.0,0
PS321,0,0,0,0.0,0
PS322,0,0,0,0.0,0
PS324,0,0,0,0.0,0
PS327,0,0,0,0.0,0
PS333,0,0,0,0.0,0
PS334,0,0,0,0.0,0
PS335,0,0,0,0.0,0
PS336,0,0,0,0.0,0
PS338,0,0,0,0.0,0
PS340,0,0,0,0.0,0
PS341,0,0,0,0.0,0
PS342,0,0,0,0.0,0
PS344,0,0,0,0.0,0
PS347_b,0,0,0,0.0,0
PS348,0,0,0,0.0,0
PS351,0,0,0,0.0,0
PS352,0,0,0,0.0,0
PS355,0,0,0,0.0,0
PS356,0,0,0,0.0,0
PS357,0,0,0,0.0,0
PS358,0,0,0,0.0,0
PS359,0,0,0,0.0,0
PSI,0,0,0,0.0,0
PVLP001,0,0,0,0.0,0
PVLP002,0,0,0,0.0,0
PVLP003,0,0,0,0.0,0
PVLP004,0,0,0,0.0,0
PVLP005,0,0,0,0.0,0
PVLP007,0,0,0,0.0,0
PVLP008_a1,0,0,0,0.0,0
PVLP008_a2,0,0,0,0.0,0
PVLP008_a3,0,0,0,0.0,0
PVLP008_a4,0,0,0,0.0,0
PVLP008_b,0,0,0,0.0,0
PVLP008_c,0,0,0,0.0,0
PVLP009,0,0,0,0.0,0
PVLP010,0,0,0,0.0,0
PVLP011,0,0,0,0.0,0
PVLP012,0,0,0,0.0,0
PVLP013,0,0,0,0.0,0
PVLP014,0,0,0,0.0,0
PVLP015,0,0,0,0.0,0
PVLP016,0,0,0,0.0,0
PVLP017,0,0,0,0.0,0
PVLP018,0,0,0,0.0,0
PVLP019,0,0,0,0.0,0
PVLP020,0,0,0,0.0,0
PVLP021,0,0,0,0.0,0
PVLP022,0,0,0,0.0,0
PVLP024,0,0,0,0.0,0
PVLP025,0,0,0,0.0,0
PVLP026,0,0,0,0.0,0
PVLP027,0,0,0,0.0,0
PVLP028,0,0,0,0.0,0
PVLP030,0,0,0,0.0,0
PVLP031,0,0,0,0.0,0
PVLP033,0,0,0,0.0,0
PVLP034,0,0,0,0.0,0
PVLP036,0,0,0,0.0,0
PVLP037,0,0,0,0.0,0
PVLP037_unclear,0,0,0,0.0,0
PVLP046,0,0,0,0.0,0
PVLP047,0,0,0,0.0,0
PVLP048,0,0,0,0.0,0
PVLP049,0,0,0,0.0,0
PVLP060,0,0,0,0.0,0
PVLP061,0,0,0,0.0,0
PVLP063,0,0,0,0.0,0
PVLP064,0,0,0,0.0,0
PVLP065,0,0,0,0.0,0
PVLP066,0,0,0,0.0,0
PVLP068,0,0,0,0.0,0
PVLP069,0,0,0,0.0,0
PVLP070,0,0,0,0.0,0
PVLP071,0,0,0,0.0,0
PVLP072,0,0,0,0.0,0
PVLP073,0,0,0,0.0,0
PVLP074,0,0,0,0.0,0
PVLP075,0,0,0,0.0,0
PVLP076,0,0,0,0.0,0
PVLP078,0,0,0,0.0,0
PVLP079,0,0,0,0.0,0
PVLP080_a,0,0,0,0.0,0
PVLP080_b,0,0,0,0.0,0
PVLP081,0,0,0,0.0,0
PVLP082,0,0,0,0.0,0
PVLP084,0,0,0,0.0,0
PVLP085,0,0,0,0.0,0
PVLP086,0,0,0,0.0,0
PVLP088,0,0,0,0.0,0
PVLP089,0,0,0,0.0,0
PVLP100,0,0,0,0.0,0
PVLP101,0,0,0,0.0,0
PVLP102,0,0,0,0.0,0
PVLP103,0,0,0,0.0,0
PVLP104,0,0,0,0.0,0
PVLP106,0,0,0,0.0,0
PVLP107,0,0,0,0.0,0
PVLP090,0,0,0,0.0,0
PVLP092,0,0,0,0.0,0
PVLP093,0,0,0,0.0,0
PVLP094,0,0,0,0.0,0
PVLP096,0,0,0,0.0,0
PVLP097,0,0,0,0.0,0
PVLP098,0,0,0,0.0,0
PVLP099,0,0,0,0.0,0
PVLP108,0,0,0,0.0,0
PVLP109,0,0,0,0.0,0
PVLP110,0,0,0,0.0,0
PVLP111,0,0,0,0.0,0
PVLP112,0,0,0,0.0,0
PVLP113,0,0,0,0.0,0
PVLP114,0,0,0,0.0,0
PVLP115,0,0,0,0.0,0
PVLP118,0,0,0,0.0,0
PVLP120,0,0,0,0.0,0
PVLP121,0,0,0,0.0,0
PVLP122,0,0,0,0.0,0
PVLP124,0,0,0,0.0,0
PVLP125,0,0,0,0.0,0
PVLP126_a,0,0,0,0.0,0
PVLP126_b,0,0,0,0.0,0
PVLP127,0,0,0,0.0,0
PVLP128,0,0,0,0.0,0
PVLP130,0,0,0,0.0,0
PVLP131,0,0,0,0.0,0
PVLP133,0,0,0,0.0,0
PVLP134,0,0,0,0.0,0
PVLP135,0,0,0,0.0,0
PVLP137,0,0,0,0.0,0
PVLP138,0,0,0,0.0,0
PVLP139,0,0,0,0.0,0
PVLP140,0,0,0,0.0,0
PVLP141,0,0,0,0.0,0
PVLP143,0,0,0,0.0,0
PVLP144,0,0,0,0.0,0
PVLP148,0,0,0,0.0,0
PVLP149,0,0,0,0.0,0
PVLP150,0,0,0,0.0,0
PVLP151,0,0,0,0.0,0
PVLP200m_a,0,0,0,0.0,0
PVLP200m_b,0,0,0,0.0,0
PVLP201m_a,0,0,0,0.0,0
PVLP201m_b,0,0,0,0.0,0
PVLP201m_c,0,0,0,0.0,0
PVLP201m_d,0,0,0,0.0,0
PVLP202m,0,0,0,0.0,0
PVLP203m,0,0,0,0.0,0
PVLP204m,0,0,0,0.0,0
PVLP205m,0,0,0,0.0,0
PVLP207m,0,0,0,0.0,0
PVLP208m,0,0,0,0.0,0
PVLP209m,0,0,0,0.0,0
PVLP210m,0,0,0,0.0,0
PVLP211m_a,0,0,0,0.0,0
PVLP211m_b,0,0,0,0.0,0
PVLP211m_c,0,0,0,0.0,0
PVLP213m,0,0,0,0.0,0
PVLP214m,0,0,0,0.0,0
PVLP216m,0,0,0,0.0,0
PVLP217m,0,0,0,0.0,0
Pm1,0,0,0,0.0,0
Pm10,0,0,0,0.0,0
Pm11,0,0,0,0.0,0
Pm12,0,0,0,0.0,0
Pm13,0,0,0,0.0,0
Pm2a,0,0,0,0.0,0
Pm2b,0,0,0,0.0,0
Pm3,0,0,0,0.0,0
Pm4,0,0,0,0.0,0
Pm5,0,0,0,0.0,0
Pm6,0,0,0,0.0,0
Pm7,0,0,0,0.0,0
Pm7_Li28,0,0,0,0.0,0
Pm8,0,0,0,0.0,0
Pm9,0,0,0,0.0,0
SA3,0,0,0,0.0,0
SAD008,0,0,0,0.0,0
SAD010,0,0,0,0.0,0
SAD012,0,0,0,0.0,0
SAD013,0,0,0,0.0,0
SAD021_a,0,0,0,0.0,0
SAD021_b,0,0,0,0.0,0
SAD036,0,0,0,0.0,0
SAD043,0,0,0,0.0,0
SAD045,0,0,0,0.0,0
SAD046,0,0,0,0.0,0
SAD073,0,0,0,0.0,0
SAD074,0,0,0,0.0,0
SAD075,0,0,0,0.0,0
SAD082,0,0,0,0.0,0
SAD085,0,0,0,0.0,0
SAD094,0,0,0,0.0,0
SAD106,0,0,0,0.0,0
SAF,0,0,0,0.0,0
SCL001m,0,0,0,0.0,0
SCL002m,0,0,0,0.0,0
SIP003_a,0,0,0,0.0,0
SIP004,0,0,0,0.0,0
SIP005,0,0,0,0.0,0
SIP006,0,0,0,0.0,0
SIP007,0,0,0,0.0,0
SIP011,0,0,0,0.0,0
SIP013,0,0,0,0.0,0
SIP015,0,0,0,0.0,0
SIP017,0,0,0,0.0,0
SIP018,0,0,0,0.0,0
SIP019,0,0,0,0.0,0
SIP020_a,0,0,0,0.0,0
SIP020_b,0,0,0,0.0,0
SIP020_c,0,0,0,0.0,0
SIP021_a,0,0,0,0.0,0
SIP021_b,0,0,0,0.0,0
SIP022,0,0,0,0.0,0
SIP024,0,0,0,0.0,0
SIP025,0,0,0,0.0,0
SIP026,0,0,0,0.0,0
SIP027,0,0,0,0.0,0
SIP028,0,0,0,0.0,0
SIP029,0,0,0,0.0,0
SIP030,0,0,0,0.0,0
SIP031,0,0,0,0.0,0
SIP032,0,0,0,0.0,0
SIP033,0,0,0,0.0,0
SIP034,0,0,0,0.0,0
SIP037,0,0,0,0.0,0
SIP041,0,0,0,0.0,0
SIP052,0,0,0,0.0,0
SIP053,0,0,0,0.0,0
SIP054,0,0,0,0.0,0
SIP057,0,0,0,0.0,0
SIP064,0,0,0,0.0,0
SIP065,0,0,0,0.0,0
SIP066,0,0,0,0.0,0
SIP067,0,0,0,0.0,0
SIP042_a,0,0,0,0.0,0
SIP045,0,0,0,0.0,0
SIP046,0,0,0,0.0,0
SIP047,0,0,0,0.0,0
SIP048,0,0,0,0.0,0
SIP049,0,0,0,0.0,0
SIP051,0,0,0,0.0,0
SIP069,0,0,0,0.0,0
SIP070,0,0,0,0.0,0
SIP071,0,0,0,0.0,0
SIP073,0,0,0,0.0,0
SIP074_a,0,0,0,0.0,0
SIP074_b,0,0,0,0.0,0
SIP075,0,0,0,0.0,0
SIP076,0,0,0,0.0,0
SIP077,0,0,0,0.0,0
SIP078,0,0,0,0.0,0
SIP080,0,0,0,0.0,0
SIP081,0,0,0,0.0,0
SIP086,0,0,0,0.0,0
SIP087,0,0,0,0.0,0
SIP088,0,0,0,0.0,0
SIP089,0,0,0,0.0,0
SIP091,0,0,0,0.0,0
SIP100m,0,0,0,0.0,0
SIP101m,0,0,0,0.0,0
SIP102m,0,0,0,0.0,0
SIP103m,0,0,0,0.0,0
SIP104m,0,0,0,0.0,0
SIP105m,0,0,0,0.0,0
SIP106m,0,0,0,0.0,0
SIP107m,0,0,0,0.0,0
SIP108m,0,0,0,0.0,0
SIP109m,0,0,0,0.0,0
SIP110m_a,0,0,0,0.0,0
SIP110m_b,0,0,0,0.0,0
SIP112m,0,0,0,0.0,0
SIP113m,0,0,0,0.0,0
SIP115m,0,0,0,0.0,0
SIP116m,0,0,0,0.0,0
SIP117m,0,0,0,0.0,0
SIP118m,0,0,0,0.0,0
SIP119m,0,0,0,0.0,0
SIP121m,0,0,0,0.0,0
SIP122m,0,0,0,0.0,0
SIP123m,0,0,0,0.0,0
SIP124m,0,0,0,0.0,0
SIP126m_a,0,0,0,0.0,0
SIP126m_b,0,0,0,0.0,0
SIP128m,0,0,0,0.0,0
SIP130m,0,0,0,0.0,0
SIP132m,0,0,0,0.0,0
SIP133m,0,0,0,0.0,0
SIP135m,0,0,0,0.0,0
SIP136m,0,0,0,0.0,0
SIP137m_a,0,0,0,0.0,0
SIP137m_b,0,0,0,0.0,0
SIP140m,0,0,0,0.0,0
SIP141m,0,0,0,0.0,0
SIP142m,0,0,0,0.0,0
SIP143m,0,0,0,0.0,0
SIP145m,0,0,0,0.0,0
SIP146m,0,0,0,0.0,0
SIP147m,0,0,0,0.0,0
SLP001,0,0,0,0.0,0
SLP002,0,0,0,0.0,0
SLP003,0,0,0,0.0,0
SLP004,0,0,0,0.0,0
SLP006,0,0,0,0.0,0
SLP007,0,0,0,0.0,0
SLP008,0,0,0,0.0,0
SLP011,0,0,0,0.0,0
SLP012,0,0,0,0.0,0
SLP016,0,0,0,0.0,0
SLP017,0,0,0,0.0,0
SLP018,0,0,0,0.0,0
SLP019,0,0,0,0.0,0
SLP021,0,0,0,0.0,0
SLP022,0,0,0,0.0,0
SLP024,0,0,0,0.0,0
SLP025,0,0,0,0.0,0
SLP026,0,0,0,0.0,0
SLP028,0,0,0,0.0,0
SLP030,0,0,0,0.0,0
SLP031,0,0,0,0.0,0
SLP032,0,0,0,0.0,0
SLP033,0,0,0,0.0,0
SLP034,0,0,0,0.0,0
SLP035,0,0,0,0.0,0
SLP036,0,0,0,0.0,0
SLP038,0,0,0,0.0,0
SLP040,0,0,0,0.0,0
SLP041,0,0,0,0.0,0
SLP042,0,0,0,0.0,0
SLP044_a,0,0,0,0.0,0
SLP044_d,0,0,0,0.0,0
SLP046,0,0,0,0.0,0
SLP047,0,0,0,0.0,0
SLP048,0,0,0,0.0,0
SLP056,0,0,0,0.0,0
SLP057,0,0,0,0.0,0
SLP058,0,0,0,0.0,0
SLP059,0,0,0,0.0,0
SLP060,0,0,0,0.0,0
SLP061,0,0,0,0.0,0
SLP062,0,0,0,0.0,0
SLP064,0,0,0,0.0,0
SLP065,0,0,0,0.0,0
SLP066,0,0,0,0.0,0
SLP067,0,0,0,0.0,0
SLP068,0,0,0,0.0,0
SLP069,0,0,0,0.0,0
SLP070,0,0,0,0.0,0
SLP071,0,0,0,0.0,0
SLP072,0,0,0,0.0,0
SLP074,0,0,0,0.0,0
SLP075,0,0,0,0.0,0
SLP076,0,0,0,0.0,0
SLP077,0,0,0,0.0,0
SLP078,0,0,0,0.0,0
SLP079,0,0,0,0.0,0
SLP080,0,0,0,0.0,0
SLP081,0,0,0,0.0,0
SLP082,0,0,0,0.0,0
SLP083,0,0,0,0.0,0
SLP085,0,0,0,0.0,0
SLP086,0,0,0,0.0,0
SLP087,0,0,0,0.0,0
SLP088_a,0,0,0,0.0,0
SLP088_b,0,0,0,0.0,0
SLP089,0,0,0,0.0,0
SLP094_a,0,0,0,0.0,0
SLP094_b,0,0,0,0.0,0
SLP094_c,0,0,0,0.0,0
SLP098,0,0,0,0.0,0
SLP099,0,0,0,0.0,0
SLP101,0,0,0,0.0,0
SLP102,0,0,0,0.0,0
SLP103,0,0,0,0.0,0
SLP104,0,0,0,0.0,0
SLP105,0,0,0,0.0,0
SLP106,0,0,0,0.0,0
SLP109,0,0,0,0.0,0
SLP112,0,0,0,0.0,0
SLP113,0,0,0,0.0,0
SLP114,0,0,0,0.0,0
SLP118,0,0,0,0.0,0
SLP119,0,0,0,0.0,0
SLP120,0,0,0,0.0,0
SLP122,0,0,0,0.0,0
SLP126,0,0,0,0.0,0
SLP128,0,0,0,0.0,0
SLP129_c,0,0,0,0.0,0
SLP130,0,0,0,0.0,0
SLP131,0,0,0,0.0,0
SLP132,0,0,0,0.0,0
SLP134,0,0,0,0.0,0
SLP136,0,0,0,0.0,0
SLP137,0,0,0,0.0,0
SLP138,0,0,0,0.0,0
SLP141,0,0,0,0.0,0
SLP142,0,0,0,0.0,0
SLP149,0,0,0,0.0,0
SLP150,0,0,0,0.0,0
SLP152,0,0,0,0.0,0
SLP153,0,0,0,0.0,0
SLP155,0,0,0,0.0,0
SLP157,0,0,0,0.0,0
SLP158,0,0,0,0.0,0
SLP160,0,0,0,0.0,0
SLP162,0,0,0,0.0,0
SLP164,0,0,0,0.0,0
SLP168,0,0,0,0.0,0
SLP170,0,0,0,0.0,0
SLP171,0,0,0,0.0,0
SLP176,0,0,0,0.0,0
SLP178,0,0,0,0.0,0
SLP179_b,0,0,0,0.0,0
SLP184,0,0,0,0.0,0
SLP188,0,0,0,0.0,0
SLP189_a,0,0,0,0.0,0
SLP189_b,0,0,0,0.0,0
SLP198,0,0,0,0.0,0
SLP199,0,0,0,0.0,0
SLP202,0,0,0,0.0,0
SLP204,0,0,0,0.0,0
SLP206,0,0,0,0.0,0
SLP207,0,0,0,0.0,0
SLP208,0,0,0,0.0,0
SLP209,0,0,0,0.0,0
SLP210,0,0,0,0.0,0
SLP211,0,0,0,0.0,0
SLP212_a,0,0,0,0.0,0
SLP212_b,0,0,0,0.0,0
SLP212_c,0,0,0,0.0,0
SLP214,0,0,0,0.0,0
SLP216,0,0,0,0.0,0
SLP217,0,0,0,0.0,0
SLP221,0,0,0,0.0,0
SLP222,0,0,0,0.0,0
SLP223,0,0,0,0.0,0
SLP224,0,0,0,0.0,0
SLP227,0,0,0,0.0,0
SLP228,0,0,0,0.0,0
SLP229,0,0,0,0.0,0
SLP230,0,0,0,0.0,0
SLP231,0,0,0,0.0,0
SLP240_a,0,0,0,0.0,0
SLP240_b,0,0,0,0.0,0
SLP241,0,0,0,0.0,0
SLP242,0,0,0,0.0,0
SLP244,0,0,0,0.0,0
SLP245,0,0,0,0.0,0
SLP246,0,0,0,0.0,0
SLP247,0,0,0,0.0,0
SLP248,0,0,0,0.0,0
SLP249,0,0,0,0.0,0
SLP251,0,0,0,0.0,0
SLP252_a,0,0,0,0.0,0
SLP252_b,0,0,0,0.0,0
SLP252_c,0,0,0,0.0,0
SLP255,0,0,0,0.0,0
SLP256,0,0,0,0.0,0
SLP257,0,0,0,0.0,0
SLP258,0,0,0,0.0,0
SLP259,0,0,0,0.0,0
SLP260,0,0,0,0.0,0
SLP265,0,0,0,0.0,0
SLP266,0,0,0,0.0,0
SLP267,0,0,0,0.0,0
SLP268,0,0,0,0.0,0
SLP269,0,0,0,0.0,0
SLP270,0,0,0,0.0,0
SLP271,0,0,0,0.0,0
SLP273,0,0,0,0.0,0
SLP275,0,0,0,0.0,0
SLP278,0,0,0,0.0,0
SLP279,0,0,0,0.0,0
SLP281,0,0,0,0.0,0
"SLP283,SLP284",0,0,0,0.0,0
SLP285,0,0,0,0.0,0
SLP286,0,0,0,0.0,0
SLP288,0,0,0,0.0,0
SLP289,0,0,0,0.0,0
SLP290,0,0,0,0.0,0
SLP291,0,0,0,0.0,0
SLP295,0,0,0,0.0,0
SLP298,0,0,0,0.0,0
SLP300,0,0,0,0.0,0
SLP302,0,0,0,0.0,0
SLP304,0,0,0,0.0,0
SLP305,0,0,0,0.0,0
SLP308,0,0,0,0.0,0
SLP310,0,0,0,0.0,0
SLP311,0,0,0,0.0,0
SLP312,0,0,0,0.0,0
SLP314,0,0,0,0.0,0
SLP315,0,0,0,0.0,0
SLP316,0,0,0,0.0,0
SLP319,0,0,0,0.0,0
SLP320,0,0,0,0.0,0
SLP321,0,0,0,0.0,0
SLP322,0,0,0,0.0,0
SLP324,0,0,0,0.0,0
SLP327,0,0,0,0.0,0
SLP328,0,0,0,0.0,0
SLP330,0,0,0,0.0,0
SLP334,0,0,0,0.0,0
SLP340,0,0,0,0.0,0
SLP341_a,0,0,0,0.0,0
SLP341_b,0,0,0,0.0,0
SLP344,0,0,0,0.0,0
SLP345,0,0,0,0.0,0
SLP347,0,0,0,0.0,0
SLP354,0,0,0,0.0,0
SLP355,0,0,0,0.0,0
SLP356,0,0,0,0.0,0
SLP358,0,0,0,0.0,0
SLP359,0,0,0,0.0,0
SLP360_a,0,0,0,0.0,0
SLP360_b,0,0,0,0.0,0
SLP360_c,0,0,0,0.0,0
SLP360_d,0,0,0,0.0,0
SLP361,0,0,0,0.0,0
SLP363,0,0,0,0.0,0
SLP364,0,0,0,0.0,0
SLP365,0,0,0,0.0,0
SLP366,0,0,0,0.0,0
SLP368,0,0,0,0.0,0
SLP369,0,0,0,0.0,0
SLP372,0,0,0,0.0,0
SLP373,0,0,0,0.0,0
SLP374,0,0,0,0.0,0
SLP375,0,0,0,0.0,0
SLP376,0,0,0,0.0,0
SLP377,0,0,0,0.0,0
SLP378,0,0,0,0.0,0
SLP379,0,0,0,0.0,0
SLP380,0,0,0,0.0,0
SLP381,0,0,0,0.0,0
SLP382,0,0,0,0.0,0
SLP383,0,0,0,0.0,0
SLP384,0,0,0,0.0,0
SLP386,0,0,0,0.0,0
SLP387,0,0,0,0.0,0
SLP388,0,0,0,0.0,0
SLP389,0,0,0,0.0,0
SLP390,0,0,0,0.0,0
SLP392,0,0,0,0.0,0
SLP393,0,0,0,0.0,0
SLP394,0,0,0,0.0,0
SLP395,0,0,0,0.0,0
SLP396,0,0,0,0.0,0
SLP397,0,0,0,0.0,0
SLP398,0,0,0,0.0,0
SLP400,0,0,0,0.0,0
SLP402_a,0,0,0,0.0,0
SLP402_b,0,0,0,0.0,0
SLP403,0,0,0,0.0,0
SLP404,0,0,0,0.0,0
SLP405,0,0,0,0.0,0
SLP405_a,0,0,0,0.0,0
SLP405_b,0,0,0,0.0,0
SLP405_c,0,0,0,0.0,0
SLP411,0,0,0,0.0,0
SLP412_a,0,0,0,0.0,0
SLP412_b,0,0,0,0.0,0
SLP414,0,0,0,0.0,0
SLP421,0,0,0,0.0,0
SLP424,0,0,0,0.0,0
SLP429,0,0,0,0.0,0
SLP433,0,0,0,0.0,0
SLP435,0,0,0,0.0,0
SLP437,0,0,0,0.0,0
SLP438,0,0,0,0.0,0
SLP439,0,0,0,0.0,0
SLP440,0,0,0,0.0,0
SLP441,0,0,0,0.0,0
SLP442,0,0,0,0.0,0
SLP443,0,0,0,0.0,0
SLP444,0,0,0,0.0,0
SLP447,0,0,0,0.0,0
SLP451,0,0,0,0.0,0
SLP455,0,0,0,0.0,0
SLP456,0,0,0,0.0,0
SLP457,0,0,0,0.0,0
SLP458,0,0,0,0.0,0
SLP460,0,0,0,0.0,0
SLP461,0,0,0,0.0,0
SLP462,0,0,0,0.0,0
SLP463,0,0,0,0.0,0
SLP464,0,0,0,0.0,0
SLP465,0,0,0,0.0,0
SLP466,0,0,0,0.0,0
SLP467,0,0,0,0.0,0
SLP470,0,0,0,0.0,0
SLP473,0,0,0,0.0,0
SMP001,0,0,0,0.0,0
SMP002,0,0,0,0.0,0
SMP004,0,0,0,0.0,0
SMP006,0,0,0,0.0,0
SMP007,0,0,0,0.0,0
SMP008,0,0,0,0.0,0
SMP009,0,0,0,0.0,0
SMP010,0,0,0,0.0,0
SMP011_a,0,0,0,0.0,0
SMP011_b,0,0,0,0.0,0
SMP012,0,0,0,0.0,0
SMP013,0,0,0,0.0,0
SMP014,0,0,0,0.0,0
SMP015,0,0,0,0.0,0
SMP016_a,0,0,0,0.0,0
SMP016_b,0,0,0,0.0,0
SMP017,0,0,0,0.0,0
SMP018,0,0,0,0.0,0
SMP019,0,0,0,0.0,0
SMP020,0,0,0,0.0,0
SMP021,0,0,0,0.0,0
SMP022,0,0,0,0.0,0
SMP024,0,0,0,0.0,0
SMP026,0,0,0,0.0,0
SMP027,0,0,0,0.0,0
SMP028,0,0,0,0.0,0
SMP030,0,0,0,0.0,0
SMP033,0,0,0,0.0,0
SMP034,0,0,0,0.0,0
SMP035,0,0,0,0.0,0
SMP036,0,0,0,0.0,0
SMP037,0,0,0,0.0,0
SMP038,0,0,0,0.0,0
SMP039,0,0,0,0.0,0
SMP040,0,0,0,0.0,0
SMP041,0,0,0,0.0,0
SMP042,0,0,0,0.0,0
SMP043,0,0,0,0.0,0
SMP044,0,0,0,0.0,0
SMP045,0,0,0,0.0,0
SMP046,0,0,0,0.0,0
SMP047,0,0,0,0.0,0
SMP048,0,0,0,0.0,0
SMP049,0,0,0,0.0,0
SMP050,0,0,0,0.0,0
SMP051,0,0,0,0.0,0
SMP052,0,0,0,0.0,0
SMP053,0,0,0,0.0,0
SMP054,0,0,0,0.0,0
SMP055,0,0,0,0.0,0
SMP056,0,0,0,0.0,0
SMP057,0,0,0,0.0,0
SMP058,0,0,0,0.0,0
SMP059,0,0,0,0.0,0
SMP061,0,0,0,0.0,0
SMP063,0,0,0,0.0,0
SMP064,0,0,0,0.0,0
SMP065,0,0,0,0.0,0
SMP066,0,0,0,0.0,0
SMP067,0,0,0,0.0,0
SMP068,0,0,0,0.0,0
SMP069,0,0,0,0.0,0
SMP072,0,0,0,0.0,0
SMP075,0,0,0,0.0,0
SMP076,0,0,0,0.0,0
SMP077,0,0,0,0.0,0
SMP079,0,0,0,0.0,0
SMP080,0,0,0,0.0,0
SMP081,0,0,0,0.0,0
SMP082,0,0,0,0.0,0
SMP083,0,0,0,0.0,0
SMP084,0,0,0,0.0,0
SMP085,0,0,0,0.0,0
SMP086,0,0,0,0.0,0
SMP087,0,0,0,0.0,0
SMP088,0,0,0,0.0,0
SMP089,0,0,0,0.0,0
SMP090,0,0,0,0.0,0
SMP091,0,0,0,0.0,0
SMP092,0,0,0,0.0,0
SMP093,0,0,0,0.0,0
SMP095,0,0,0,0.0,0
SMP096,0,0,0,0.0,0
SMP102,0,0,0,0.0,0
SMP105_a,0,0,0,0.0,0
SMP105_b,0,0,0,0.0,0
SMP106,0,0,0,0.0,0
SMP107,0,0,0,0.0,0
SMP108,0,0,0,0.0,0
SMP109,0,0,0,0.0,0
SMP110,0,0,0,0.0,0
SMP111,0,0,0,0.0,0
SMP112,0,0,0,0.0,0
SMP114,0,0,0,0.0,0
SMP115,0,0,0,0.0,0
SMP116,0,0,0,0.0,0
SMP117_a,0,0,0,0.0,0
SMP117_b,0,0,0,0.0,0
SMP118,0,0,0,0.0,0
SMP119,0,0,0,0.0,0
SMP120,0,0,0,0.0,0
SMP122,0,0,0,0.0,0
SMP123,0,0,0,0.0,0
SMP124,0,0,0,0.0,0
SMP125,0,0,0,0.0,0
SMP126,0,0,0,0.0,0
SMP128,0,0,0,0.0,0
SMP130,0,0,0,0.0,0
SMP131,0,0,0,0.0,0
SMP132,0,0,0,0.0,0
SMP133,0,0,0,0.0,0
SMP145,0,0,0,0.0,0
SMP146,0,0,0,0.0,0
SMP147,0,0,0,0.0,0
SMP148,0,0,0,0.0,0
SMP150,0,0,0,0.0,0
SMP151,0,0,0,0.0,0
SMP152,0,0,0,0.0,0
SMP153_a,0,0,0,0.0,0
SMP134,0,0,0,0.0,0
SMP135,0,0,0,0.0,0
SMP136,0,0,0,0.0,0
SMP138,0,0,0,0.0,0
SMP139,0,0,0,0.0,0
SMP142,0,0,0,0.0,0
SMP143,0,0,0,0.0,0
SMP144,0,0,0,0.0,0
SMP153_b,0,0,0,0.0,0
SMP154,0,0,0,0.0,0
SMP155,0,0,0,0.0,0
SMP156,0,0,0,0.0,0
SMP157,0,0,0,0.0,0
SMP158,0,0,0,0.0,0
SMP159,0,0,0,0.0,0
SMP160,0,0,0,0.0,0
SMP161,0,0,0,0.0,0
SMP162,0,0,0,0.0,0
SMP163,0,0,0,0.0,0
SMP164,0,0,0,0.0,0
SMP165,0,0,0,0.0,0
SMP166,0,0,0,0.0,0
SMP167,0,0,0,0.0,0
SMP168,0,0,0,0.0,0
SMP170,0,0,0,0.0,0
SMP171,0,0,0,0.0,0
SMP172,0,0,0,0.0,0
SMP174,0,0,0,0.0,0
SMP175,0,0,0,0.0,0
SMP176,0,0,0,0.0,0
SMP177,0,0,0,0.0,0
SMP178,0,0,0,0.0,0
SMP179,0,0,0,0.0,0
SMP180,0,0,0,0.0,0
SMP181,0,0,0,0.0,0
SMP182,0,0,0,0.0,0
SMP183,0,0,0,0.0,0
SMP184,0,0,0,0.0,0
SMP185,0,0,0,0.0,0
SMP194,0,0,0,0.0,0
SMP196_a,0,0,0,0.0,0
SMP196_b,0,0,0,0.0,0
SMP198,0,0,0,0.0,0
SMP199,0,0,0,0.0,0
SMP200,0,0,0,0.0,0
SMP201,0,0,0,0.0,0
SMP202,0,0,0,0.0,0
SMP186,0,0,0,0.0,0
SMP187,0,0,0,0.0,0
SMP188,0,0,0,0.0,0
SMP189,0,0,0,0.0,0
SMP190,0,0,0,0.0,0
SMP191,0,0,0,0.0,0
SMP192,0,0,0,0.0,0
SMP193,0,0,0,0.0,0
SMP203,0,0,0,0.0,0
SMP204,0,0,0,0.0,0
SMP206,0,0,0,0.0,0
SMP207,0,0,0,0.0,0
SMP208,0,0,0,0.0,0
SMP209,0,0,0,0.0,0
SMP210,0,0,0,0.0,0
SMP213,0,0,0,0.0,0
SMP214,0,0,0,0.0,0
SMP215,0,0,0,0.0,0
SMP216,0,0,0,0.0,0
SMP217,0,0,0,0.0,0
SMP218,0,0,0,0.0,0
SMP219,0,0,0,0.0,0
SMP220,0,0,0,0.0,0
SMP221,0,0,0,0.0,0
SMP222,0,0,0,0.0,0
SMP223,0,0,0,0.0,0
SMP226,0,0,0,0.0,0
SMP227,0,0,0,0.0,0
SMP228,0,0,0,0.0,0
SMP229,0,0,0,0.0,0
SMP232,0,0,0,0.0,0
SMP234,0,0,0,0.0,0
SMP235,0,0,0,0.0,0
SMP236,0,0,0,0.0,0
SMP237,0,0,0,0.0,0
SMP238,0,0,0,0.0,0
SMP239,0,0,0,0.0,0
SMP240,0,0,0,0.0,0
SMP242,0,0,0,0.0,0
SMP243,0,0,0,0.0,0
SMP245,0,0,0,0.0,0
SMP246,0,0,0,0.0,0
SMP247,0,0,0,0.0,0
SMP248_a,0,0,0,0.0,0
SMP248_b,0,0,0,0.0,0
SMP248_c,0,0,0,0.0,0
SMP248_d,0,0,0,0.0,0
SMP249,0,0,0,0.0,0
SMP250,0,0,0,0.0,0
SMP251,0,0,0,0.0,0
SMP252,0,0,0,0.0,0
SMP253,0,0,0,0.0,0
SMP254,0,0,0,0.0,0
SMP255,0,0,0,0.0,0
SMP256,0,0,0,0.0,0
SMP257,0,0,0,0.0,0
SMP261,0,0,0,0.0,0
SMP262,0,0,0,0.0,0
SMP266,0,0,0,0.0,0
SMP267,0,0,0,0.0,0
SMP268,0,0,0,0.0,0
SMP269,0,0,0,0.0,0
SMP270,0,0,0,0.0,0
SMP271,0,0,0,0.0,0
SMP272,0,0,0,0.0,0
SMP273,0,0,0,0.0,0
SMP274,0,0,0,0.0,0
SMP275,0,0,0,0.0,0
SMP276,0,0,0,0.0,0
SMP277,0,0,0,0.0,0
SMP278,0,0,0,0.0,0
SMP279_a,0,0,0,0.0,0
SMP279_b,0,0,0,0.0,0
SMP279_c,0,0,0,0.0,0
SMP280,0,0,0,0.0,0
SMP281,0,0,0,0.0,0
SMP282,0,0,0,0.0,0
SMP283,0,0,0,0.0,0
SMP284_a,0,0,0,0.0,0
SMP284_b,0,0,0,0.0,0
SMP285,0,0,0,0.0,0
SMP286,0,0,0,0.0,0
SMP291,0,0,0,0.0,0
SMP293,0,0,0,0.0,0
SMP297,0,0,0,0.0,0
SMP299,0,0,0,0.0,0
SMP302,0,0,0,0.0,0
SMP304,0,0,0,0.0,0
SMP305,0,0,0,0.0,0
SMP306,0,0,0,0.0,0
SMP307,0,0,0,0.0,0
SMP311,0,0,0,0.0,0
SMP312,0,0,0,0.0,0
SMP313,0,0,0,0.0,0
SMP314,0,0,0,0.0,0
SMP315,0,0,0,0.0,0
SMP316_a,0,0,0,0.0,0
SMP316_b,0,0,0,0.0,0
SMP317,0,0,0,0.0,0
SMP319,0,0,0,0.0,0
SMP320,0,0,0,0.0,0
SMP320a,0,0,0,0.0,0
SMP321_a,0,0,0,0.0,0
SMP321_b,0,0,0,0.0,0
SMP322,0,0,0,0.0,0
SMP323,0,0,0,0.0,0
SMP324,0,0,0,0.0,0
SMP326,0,0,0,0.0,0
SMP327,0,0,0,0.0,0
SMP328_a,0,0,0,0.0,0
SMP328_b,0,0,0,0.0,0
SMP328_c,0,0,0,0.0,0
SMP329,0,0,0,0.0,0
SMP330,0,0,0,0.0,0
SMP331,0,0,0,0.0,0
SMP332,0,0,0,0.0,0
SMP333,0,0,0,0.0,0
SMP334,0,0,0,0.0,0
SMP335,0,0,0,0.0,0
SMP336,0,0,0,0.0,0
SMP337,0,0,0,0.0,0
SMP338,0,0,0,0.0,0
SMP339,0,0,0,0.0,0
SMP340,0,0,0,0.0,0
SMP341,0,0,0,0.0,0
SMP342,0,0,0,0.0,0
SMP344,0,0,0,0.0,0
SMP345,0,0,0,0.0,0
SMP346,0,0,0,0.0,0
SMP347,0,0,0,0.0,0
SMP348,0,0,0,0.0,0
SMP350,0,0,0,0.0,0
SMP352,0,0,0,0.0,0
SMP353,0,0,0,0.0,0
SMP354,0,0,0,0.0,0
SMP355,0,0,0,0.0,0
SMP356,0,0,0,0.0,0
SMP357,0,0,0,0.0,0
SMP358,0,0,0,0.0,0
SMP359,0,0,0,0.0,0
SMP360,0,0,0,0.0,0
SMP361,0,0,0,0.0,0
SMP362,0,0,0,0.0,0
SMP368,0,0,0,0.0,0
SMP369,0,0,0,0.0,0
SMP370,0,0,0,0.0,0
SMP371_a,0,0,0,0.0,0
SMP371_b,0,0,0,0.0,0
SMP372,0,0,0,0.0,0
SMP373,0,0,0,0.0,0
SMP374,0,0,0,0.0,0
SMP381_c,0,0,0,0.0,0
SMP382,0,0,0,0.0,0
SMP383,0,0,0,0.0,0
SMP384,0,0,0,0.0,0
SMP385,0,0,0,0.0,0
SMP386,0,0,0,0.0,0
SMP387,0,0,0,0.0,0
SMP388,0,0,0,0.0,0
SMP375,0,0,0,0.0,0
SMP376,0,0,0,0.0,0
SMP377,0,0,0,0.0,0
SMP378,0,0,0,0.0,0
SMP379,0,0,0,0.0,0
SMP380,0,0,0,0.0,0
SMP381_a,0,0,0,0.0,0
SMP381_b,0,0,0,0.0,0
SMP389_a,0,0,0,0.0,0
SMP389_b,0,0,0,0.0,0
SMP389_c,0,0,0,0.0,0
SMP390,0,0,0,0.0,0
SMP391,0,0,0,0.0,0
SMP392,0,0,0,0.0,0
SMP393,0,0,0,0.0,0
SMP394,0,0,0,0.0,0
SMP395,0,0,0,0.0,0
SMP397,0,0,0,0.0,0
SMP398_a,0,0,0,0.0,0
SMP398_b,0,0,0,0.0,0
SMP399_a,0,0,0,0.0,0
SMP399_b,0,0,0,0.0,0
SMP399_c,0,0,0,0.0,0
SMP400,0,0,0,0.0,0
SMP401,0,0,0,0.0,0
SMP402,0,0,0,0.0,0
SMP403,0,0,0,0.0,0
SMP404,0,0,0,0.0,0
SMP405,0,0,0,0.0,0
SMP406_a,0,0,0,0.0,0
SMP406_b,0,0,0,0.0,0
SMP406_c,0,0,0,0.0,0
SMP406_d,0,0,0,0.0,0
SMP406_e,0,0,0,0.0,0
SMP407,0,0,0,0.0,0
SMP408_a,0,0,0,0.0,0
SMP408_b,0,0,0,0.0,0
SMP408_c,0,0,0,0.0,0
SMP408_d,0,0,0,0.0,0
SMP409,0,0,0,0.0,0
SMP410,0,0,0,0.0,0
SMP411,0,0,0,0.0,0
SMP412,0,0,0,0.0,0
SMP413,0,0,0,0.0,0
SMP414,0,0,0,0.0,0
SMP415_a,0,0,0,0.0,0
SMP415_b,0,0,0,0.0,0
SMP416,0,0,0,0.0,0
SMP418,0,0,0,0.0,0
SMP419,0,0,0,0.0,0
SMP420,0,0,0,0.0,0
SMP421,0,0,0,0.0,0
SMP422,0,0,0,0.0,0
SMP423,0,0,0,0.0,0
SMP424,0,0,0,0.0,0
SMP425,0,0,0,0.0,0
SMP426,0,0,0,0.0,0
SMP427,0,0,0,0.0,0
SMP428_a,0,0,0,0.0,0
SMP428_b,0,0,0,0.0,0
SMP429,0,0,0,0.0,0
SMP430,0,0,0,0.0,0
SMP437,0,0,0,0.0,0
SMP438,0,0,0,0.0,0
SMP441,0,0,0,0.0,0
SMP442,0,0,0,0.0,0
SMP443,0,0,0,0.0,0
SMP444,0,0,0,0.0,0
SMP445,0,0,0,0.0,0
SMP446,0,0,0,0.0,0
SMP447,0,0,0,0.0,0
SMP448,0,0,0,0.0,0
SMP449,0,0,0,0.0,0
SMP450,0,0,0,0.0,0
SMP451,0,0,0,0.0,0
SMP452,0,0,0,0.0,0
SMP453,0,0,0,0.0,0
SMP455,0,0,0,0.0,0
SMP456,0,0,0,0.0,0
SMP457,0,0,0,0.0,0
SMP458,0,0,0,0.0,0
SMP459,0,0,0,0.0,0
SMP460,0,0,0,0.0,0
SMP461,0,0,0,0.0,0
SMP467,0,0,0,0.0,0
SMP468,0,0,0,0.0,0
SMP469,0,0,0,0.0,0
SMP470,0,0,0,0.0,0
SMP471,0,0,0,0.0,0
SMP472,0,0,0,0.0,0
SMP476,0,0,0,0.0,0
SMP477,0,0,0,0.0,0
SMP482,0,0,0,0.0,0
SMP483,0,0,0,0.0,0
SMP487,0,0,0,0.0,0
SMP488,0,0,0,0.0,0
SMP489,0,0,0,0.0,0
SMP490,0,0,0,0.0,0
SMP491,0,0,0,0.0,0
SMP492,0,0,0,0.0,0
SMP493,0,0,0,0.0,0
SMP494,0,0,0,0.0,0
SMP495_a,0,0,0,0.0,0
SMP495_b,0,0,0,0.0,0
SMP495_c,0,0,0,0.0,0
SMP496,0,0,0,0.0,0
SMP497,0,0,0,0.0,0
SMP501,0,0,0,0.0,0
SMP503,0,0,0,0.0,0
SMP504,0,0,0,0.0,0
SMP505,0,0,0,0.0,0
SMP506,0,0,0,0.0,0
SMP507,0,0,0,0.0,0
SMP508,0,0,0,0.0,0
SMP509,0,0,0,0.0,0
SMP510,0,0,0,0.0,0
SMP511,0,0,0,0.0,0
SMP512,0,0,0,0.0,0
SMP513,0,0,0,0.0,0
SMP514,0,0,0,0.0,0
SMP516,0,0,0,0.0,0
SMP517,0,0,0,0.0,0
SMP518,0,0,0,0.0,0
SMP519,0,0,0,0.0,0
SMP520,0,0,0,0.0,0
SMP521,0,0,0,0.0,0
SMP523,0,0,0,0.0,0
SMP525,0,0,0,0.0,0
SMP527,0,0,0,0.0,0
SMP528,0,0,0,0.0,0
SMP529,0,0,0,0.0,0
SMP530_a,0,0,0,0.0,0
SMP530_b,0,0,0,0.0,0
SMP531,0,0,0,0.0,0
SMP532_a,0,0,0,0.0,0
SMP532_b,0,0,0,0.0,0
SMP533,0,0,0,0.0,0
SMP535,0,0,0,0.0,0
SMP537,0,0,0,0.0,0
SMP538,0,0,0,0.0,0
SMP539,0,0,0,0.0,0
SMP540,0,0,0,0.0,0
SMP541,0,0,0,0.0,0
SMP542,0,0,0,0.0,0
SMP544,0,0,0,0.0,0
SMP546,0,0,0,0.0,0
SMP547,0,0,0,0.0,0
SMP548,0,0,0,0.0,0
SMP549,0,0,0,0.0,0
SMP550,0,0,0,0.0,0
SMP551,0,0,0,0.0,0
SMP553,0,0,0,0.0,0
SMP554,0,0,0,0.0,0
SMP555,0,0,0,0.0,0
SMP556,0,0,0,0.0,0
SMP560,0,0,0,0.0,0
SMP561,0,0,0,0.0,0
SMP562,0,0,0,0.0,0
SMP565,0,0,0,0.0,0
SMP566,0,0,0,0.0,0
SMP567,0,0,0,0.0,0
SMP568_a,0,0,0,0.0,0
SMP568_b,0,0,0,0.0,0
SMP568_c,0,0,0,0.0,0
SMP568_d,0,0,0,0.0,0
SMP569,0,0,0,0.0,0
SMP570,0,0,0,0.0,0
SMP571,0,0,0,0.0,0
SMP573,0,0,0,0.0,0
SMP577,0,0,0,0.0,0
SMP578,0,0,0,0.0,0
SMP579,0,0,0,0.0,0
SMP580,0,0,0,0.0,0
SMP581,0,0,0,0.0,0
SMP582,0,0,0,0.0,0
SMP583,0,0,0,0.0,0
SMP586,0,0,0,0.0,0
SMP588,0,0,0,0.0,0
SMP589,0,0,0,0.0,0
SMP590_a,0,0,0,0.0,0
SMP590_b,0,0,0,0.0,0
SMP591,0,0,0,0.0,0
SMP592,0,0,0,0.0,0
SMP593,0,0,0,0.0,0
SMP594,0,0,0,0.0,0
SMP595,0,0,0,0.0,0
SMP596,0,0,0,0.0,0
SMP597,0,0,0,0.0,0
SMP598,0,0,0,0.0,0
SMP599,0,0,0,0.0,0
SMP600,0,0,0,0.0,0
SMP603,0,0,0,0.0,0
SMP604,0,0,0,0.0,0
SMP700m,0,0,0,0.0,0
SMP702m,0,0,0,0.0,0
SMP703m,0,0,0,0.0,0
SMP705m,0,0,0,0.0,0
SMP709m,0,0,0,0.0,0
SMP710m,0,0,0,0.0,0
SMP711m,0,0,0,0.0,0
SMP712m,0,0,0,0.0,0
SMP713m,0,0,0,0.0,0
SMP714m,0,0,0,0.0,0
SMP715m,0,0,0,0.0,0
SMP716m,0,0,0,0.0,0
SMP717m,0,0,0,0.0,0
SMP718m,0,0,0,0.0,0
SMP719m,0,0,0,0.0,0
SMP720m,0,0,0,0.0,0
SMP721m,0,0,0,0.0,0
SMP723m,0,0,0,0.0,0
SMP726m,0,0,0,0.0,0
SMP727m,0,0,0,0.0,0
SMP728m,0,0,0,0.0,0
SMP729m,0,0,0,0.0,0
SMP730,0,0,0,0.0,0
SMP731,0,0,0,0.0,0
SMP732,0,0,0,0.0,0
SMP733,0,0,0,0.0,0
SMP734,0,0,0,0.0,0
SMP735,0,0,0,0.0,0
SMP738,0,0,0,0.0,0
SMP739,0,0,0,0.0,0
SMP740,0,0,0,0.0,0
SMP741,0,0,0,0.0,0
SMP742,0,0,0,0.0,0
SMP743,0,0,0,0.0,0
SMP744,0,0,0,0.0,0
SMP_unclear,0,0,0,0.0,0
SMPp&v1B_M02,0,0,0,0.0,0
SNta02,0,0,0,0.0,0
SpsP,0,0,0,0.0,0
T1,0,0,0,0.0,0
T2,0,0,0,0.0,0
T2a,0,0,0,0.0,0
T3,0,0,0,0.0,0
T4_unclear,0,0,0,0.0,0
T4a,0,0,0,0.0,0
T4b,0,0,0,0.0,0
T4c,0,0,0,0.0,0
T4d,0,0,0,0.0,0
T5a,0,0,0,0.0,0
T5b,0,0,0,0.0,0
T5c,0,0,0,0.0,0
T5d,0,0,0,0.0,0
TN1a_a,0,0,0,0.0,0
TN1a_c,0,0,0,0.0,0
TN1a_d,0,0,0,0.0,0
TN1a_e,0,0,0,0.0,0
TN1a_f,0,0,0,0.0,0
TN1a_g,0,0,0,0.0,0
TN1a_h,0,0,0,0.0,0
TN1a_i,0,0,0,0.0,0
Ti flexor MN,0,0,0,0.0,0
TN1c_d,0,0,0,0.0,0
Tlp11,0,0,0,0.0,0
Tlp12,0,0,0,0.0,0
Tlp13,0,0,0,0.0,0
Tlp14,0,0,0,0.0,0
Tm1,0,0,0,0.0,0
Tm12,0,0,0,0.0,0
Tm16,0,0,0,0.0,0
Tm2,0,0,0,0.0,0
Tm23,0,0,0,0.0,0
Tm24,0,0,0,0.0,0
Tm26,0,0,0,0.0,0
Tm29,0,0,0,0.0,0
Tm3,0,0,0,0.0,0
Tm30,0,0,0,0.0,0
Tm31,0,0,0,0.0,0
Tm32,0,0,0,0.0,0
Tm33,0,0,0,0.0,0
Tm34,0,0,0,0.0,0
Tm35,0,0,0,0.0,0
Tm36,0,0,0,0.0,0
Tm37,0,0,0,0.0,0
Tm38,0,0,0,0.0,0
Tm39,0,0,0,0.0,0
Tm4,0,0,0,0.0,0
Tm40,0,0,0,0.0,0
Tm5Y,0,0,0,0.0,0
Tm6,0,0,0,0.0,0
Tm9,0,0,0,0.0,0
TmY10,0,0,0,0.0,0
TmY13,0,0,0,0.0,0
TmY14,0,0,0,0.0,0
TmY15,0,0,0,0.0,0
TmY16,0,0,0,0.0,0
TmY17,0,0,0,0.0,0
TmY18,0,0,0,0.0,0
TmY19b,0,0,0,0.0,0
TmY20,0,0,0,0.0,0
TmY21,0,0,0,0.0,0
TmY3,0,0,0,0.0,0
TmY4,0,0,0,0.0,0
TmY5a,0,0,0,0.0,0
TmY9a,0,0,0,0.0,0
TmY9b,0,0,0,0.0,0
TmY_unclear,0,0,0,0.0,0
Tm_unclear,0,0,0,0.0,0
TuBu01,0,0,0,0.0,0
TuBu02,0,0,0,0.0,0
TuBu03,0,0,0,0.0,0
TuBu04,0,0,0,0.0,0
TuBu05,0,0,0,0.0,0
TuBu06,0,0,0,0.0,0
TuBu07,0,0,0,0.0,0
TuBu08,0,0,0,0.0,0
TuBu09,0,0,0,0.0,0
TuBu10,0,0,0,0.0,0
TuTuA_1,0,0,0,0.0,0
TuTuA_2,0,0,0,0.0,0
TuTuB_a,0,0,0,0.0,0
TuTuB_b,0,0,0,0.0,0
V1,0,0,0,0.0,0
VCH,0,0,0,0.0,0
VES001,0,0,0,0.0,0
VES002,0,0,0,0.0,0
VES003,0,0,0,0.0,0
VES004,0,0,0,0.0,0
VES005,0,0,0,0.0,0
VES007,0,0,0,0.0,0
VES010,0,0,0,0.0,0
VES011,0,0,0,0.0,0
VES012,0,0,0,0.0,0
VES013,0,0,0,0.0,0
VES014,0,0,0,0.0,0
VES017,0,0,0,0.0,0
VES018,0,0,0,0.0,0
VES019,0,0,0,0.0,0
VES020,0,0,0,0.0,0
VES021,0,0,0,0.0,0
VES022,0,0,0,0.0,0
VES023,0,0,0,0.0,0
VES024_a,0,0,0,0.0,0
VES024_b,0,0,0,0.0,0
VES025,0,0,0,0.0,0
VES027,0,0,0,0.0,0
VES030,0,0,0,0.0,0
VES031,0,0,0,0.0,0
VES032,0,0,0,0.0,0
VES033,0,0,0,0.0,0
VES034_b,0,0,0,0.0,0
VES037,0,0,0,0.0,0
VES039,0,0,0,0.0,0
VES041,0,0,0,0.0,0
VES043,0,0,0,0.0,0
VES045,0,0,0,0.0,0
VES046,0,0,0,0.0,0
VES047,0,0,0,0.0,0
VES048,0,0,0,0.0,0
VES049,0,0,0,0.0,0
VES050,0,0,0,0.0,0
VES051,0,0,0,0.0,0
VES052,0,0,0,0.0,0
VES053,0,0,0,0.0,0
VES054,0,0,0,0.0,0
VES056,0,0,0,0.0,0
VES057,0,0,0,0.0,0
VES058,0,0,0,0.0,0
VES059,0,0,0,0.0,0
VES063,0,0,0,0.0,0
VES064,0,0,0,0.0,0
VES065,0,0,0,0.0,0
VES067,0,0,0,0.0,0
VES070,0,0,0,0.0,0
VES072,0,0,0,0.0,0
VES073,0,0,0,0.0,0
VES074,0,0,0,0.0,0
VES075,0,0,0,0.0,0
VES076,0,0,0,0.0,0
VES077,0,0,0,0.0,0
VES078,0,0,0,0.0,0
VES079,0,0,0,0.0,0
VES085_b,0,0,0,0.0,0
VES087,0,0,0,0.0,0
VES088,0,0,0,0.0,0
VES089,0,0,0,0.0,0
VES090,0,0,0,0.0,0
VES091,0,0,0,0.0,0
VES092,0,0,0,0.0,0
VES093_a,0,0,0,0.0,0
VES093_b,0,0,0,0.0,0
VES094,0,0,0,0.0,0
VES095,0,0,0,0.0,0
VES096,0,0,0,0.0,0
VES097,0,0,0,0.0,0
VES098,0,0,0,0.0,0
VES099,0,0,0,0.0,0
VES100,0,0,0,0.0,0
VES101,0,0,0,0.0,0
VES102,0,0,0,0.0,0
VES103,0,0,0,0.0,0
VES104,0,0,0,0.0,0
VES105,0,0,0,0.0,0
VES106,0,0,0,0.0,0
VES107,0,0,0,0.0,0
VES200m,0,0,0,0.0,0
VES202m,0,0,0,0.0,0
VES203m,0,0,0,0.0,0
VES204m,0,0,0,0.0,0
VES205m,0,0,0,0.0,0
VES206m,0,0,0,0.0,0
VLP_TBD1,0,0,0,0.0,0
VS,0,0,0,0.0,0
VST1,0,0,0,0.0,0
VST2,0,0,0,0.0,0
VSm,0,0,0,0.0,0
WED002,0,0,0,0.0,0
WED006,0,0,0,0.0,0
WED007,0,0,0,0.0,0
WED008,0,0,0,0.0,0
WED009,0,0,0,0.0,0
WED010,0,0,0,0.0,0
WED011,0,0,0,0.0,0
WED012,0,0,0,0.0,0
WED014,0,0,0,0.0,0
WED017,0,0,0,0.0,0
WED018,0,0,0,0.0,0
WED020_a,0,0,0,0.0,0
WED020_b,0,0,0,0.0,0
WED022,0,0,0,0.0,0
WED023,0,0,0,0.0,0
WED024,0,0,0,0.0,0
WED026,0,0,0,0.0,0
WED028,0,0,0,0.0,0
WED029,0,0,0,0.0,0
WED030_b,0,0,0,0.0,0
WED034,0,0,0,0.0,0
WED035,0,0,0,0.0,0
WED037,0,0,0,0.0,0
WED038,0,0,0,0.0,0
WED039,0,0,0,0.0,0
WED040_a,0,0,0,0.0,0
WED040_b,0,0,0,0.0,0
WED040_c,0,0,0,0.0,0
WED041,0,0,0,0.0,0
WED042,0,0,0,0.0,0
WED044,0,0,0,0.0,0
WED046,0,0,0,0.0,0
WED047,0,0,0,0.0,0
WED051,0,0,0,0.0,0
WED055_b,0,0,0,0.0,0
WED056,0,0,0,0.0,0
WED060,0,0,0,0.0,0
WED061,0,0,0,0.0,0
WED063_a,0,0,0,0.0,0
WED063_b,0,0,0,0.0,0
WED065,0,0,0,0.0,0
WED071,0,0,0,0.0,0
WED072,0,0,0,0.0,0
WED074,0,0,0,0.0,0
WED075,0,0,0,0.0,0
WED076,0,0,0,0.0,0
WED077,0,0,0,0.0,0
WED078,0,0,0,0.0,0
WED079,0,0,0,0.0,0
WED081,0,0,0,0.0,0
WED085,0,0,0,0.0,0
WED089,0,0,0,0.0,0
WED091,0,0,0,0.0,0
WED092,0,0,0,0.0,0
WED093,0,0,0,0.0,0
WED094,0,0,0,0.0,0
WED095,0,0,0,0.0,0
WED096,0,0,0,0.0,0
WED097,0,0,0,0.0,0
WED098,0,0,0,0.0,0
WED101,0,0,0,0.0,0
WED104,0,0,0,0.0,0
WED107,0,0,0,0.0,0
WED111,0,0,0,0.0,0
WED114,0,0,0,0.0,0
WED116,0,0,0,0.0,0
WED119,0,0,0,0.0,0
WED121,0,0,0,0.0,0
WED122,0,0,0,0.0,0
WED124,0,0,0,0.0,0
WED125,0,0,0,0.0,0
WED127,0,0,0,0.0,0
WED128,0,0,0,0.0,0
WED129,0,0,0,0.0,0
WED130,0,0,0,0.0,0
WED131,0,0,0,0.0,0
WED132,0,0,0,0.0,0
WED143_a,0,0,0,0.0,0
WED143_b,0,0,0,0.0,0
WED144,0,0,0,0.0,0
WED146_a,0,0,0,0.0,0
WED146_b,0,0,0,0.0,0
WED146_c,0,0,0,0.0,0
WED151,0,0,0,0.0,0
WED152,0,0,0,0.0,0
WED153,0,0,0,0.0,0
WED154,0,0,0,0.0,0
WED155,0,0,0,0.0,0
WED157,0,0,0,0.0,0
WED165,0,0,0,0.0,0
WED168,0,0,0,0.0,0
WED181,0,0,0,0.0,0
WED182,0,0,0,0.0,0
WED183,0,0,0,0.0,0
WED184,0,0,0,0.0,0
WED193,0,0,0,0.0,0
WED195,0,0,0,0.0,0
WED197,0,0,0,0.0,0
WED198,0,0,0,0.0,0
WED199,0,0,0,0.0,0
WED200,0,0,0,0.0,0
WED201,0,0,0,0.0,0
WED209,0,0,0,0.0,0
WEDPN10A,0,0,0,0.0,0
WEDPN10B,0,0,0,0.0,0
WEDPN11,0,0,0,0.0,0
WEDPN12,0,0,0,0.0,0
WEDPN17_a1,0,0,0,0.0,0
WEDPN17_a2,0,0,0,0.0,0
WEDPN17_b,0,0,0,0.0,0
WEDPN17_c,0,0,0,0.0,0
WEDPN18,0,0,0,0.0,0
WEDPN2A,0,0,0,0.0,0
WEDPN2B_a,0,0,0,0.0,0
WEDPN2B_b,0,0,0,0.0,0
WEDPN3,0,0,0,0.0,0
WEDPN4,0,0,0,0.0,0
WEDPN5,0,0,0,0.0,0
WEDPN6A,0,0,0,0.0,0
WEDPN6B,0,0,0,0.0,0
WEDPN6C,0,0,0,0.0,0
WEDPN7A,0,0,0,0.0,0
WEDPN7B,0,0,0,0.0,0
WEDPN7C,0,0,0,0.0,0
WEDPN8D,0,0,0,0.0,0
Y11,0,0,0,0.0,0
Y12,0,0,0,0.0,0
Y13,0,0,0,0.0,0
Y14,0,0,0,0.0,0
Y3,0,0,0,0.0,0
aIPg1,0,0,0,0.0,0
aIPg10,0,0,0,0.0,0
aIPg2,0,0,0,0.0,0
aIPg4,0,0,0,0.0,0
aIPg5,0,0,0,0.0,0
aIPg6,0,0,0,0.0,0
aIPg7,0,0,0,0.0,0
aIPg8,0,0,0,0.0,0
aIPg9,0,0,0,0.0,0
aIPg_m1,0,0,0,0.0,0
aIPg_m2,0,0,0,0.0,0
aIPg_m3,0,0,0,0.0,0
aIPg_m4,0,0,0,0.0,0
aMe13,0,0,0,0.0,0
aMe15,0,0,0,0.0,0
aMe17a,0,0,0,0.0,0
aMe17b,0,0,0,0.0,0
aMe17e,0,0,0,0.0,0
aMe2,0,0,0,0.0,0
aMe20,0,0,0,0.0,0
aMe22,0,0,0,0.0,0
aMe23,0,0,0,0.0,0
aMe24,0,0,0,0.0,0
aMe25,0,0,0,0.0,0
aMe26,0,0,0,0.0,0
aMe30,0,0,0,0.0,0
aMe4,0,0,0,0.0,0
aMe5,0,0,0,0.0,0
aMe8,0,0,0,0.0,0
aMe9,0,0,0,0.0,0
aMe_TBD1,0,0,0,0.0,0
aSP-g3Am,0,0,0,0.0,0
aSP10A_a,0,0,0,0.0,0
aSP10A_b,0,0,0,0.0,0
aSP10B,0,0,0,0.0,0
aSP10C_a,0,0,0,0.0,0
aSP10C_b,0,0,0,0.0,0
aSP22,0,0,0,0.0,0
dCal1,0,0,0,0.0,0
dPR1,0,0,0,0.0,0
hDeltaA,0,0,0,0.0,0
hDeltaB,0,0,0,0.0,0
hDeltaC,0,0,0,0.0,0
hDeltaD,0,0,0,0.0,0
hDeltaE,0,0,0,0.0,0
hDeltaF,0,0,0,0.0,0
hDeltaG,0,0,0,0.0,0
hDeltaH,0,0,0,0.0,0
hDeltaI,0,0,0,0.0,0
hDeltaJ,0,0,0,0.0,0
hDeltaK,0,0,0,0.0,0
hDeltaL,0,0,0,0.0,0
hDeltaM,0,0,0,0.0,0
l-LNv,0,0,0,0.0,0
lLN1_bc,0,0,0,0.0,0
lLN2P_c,0,0,0,0.0,0
mAL5A1,0,0,0,0.0,0
mAL5A2,0,0,0,0.0,0
mALB1,0,0,0,0.0,0
mALB5,0,0,0,0.0,0
mALD1,0,0,0,0.0,0
mALD3,0,0,0,0.0,0
mALD4,0,0,0,0.0,0
mAL_m1,0,0,0,0.0,0
mAL_m10,0,0,0,0.0,0
mAL_m11,0,0,0,0.0,0
mAL_m2a,0,0,0,0.0,0
mAL_m2b,0,0,0,0.0,0
mAL_m3a,0,0,0,0.0,0
mAL_m3b,0,0,0,0.0,0
mAL_m3c,0,0,0,0.0,0
mAL_m5b,0,0,0,0.0,0
mAL_m5c,0,0,0,0.0,0
mAL_m6,0,0,0,0.0,0
mAL_m7,0,0,0,0.0,0
mAL_m8,0,0,0,0.0,0
oviIN,0,0,0,0.0,0
pC1_10a,0,0,0,0.0,0
pC1_10b,0,0,0,0.0,0
pC1_10c,0,0,0,0.0,0
pC1_10d,0,0,0,0.0,0
pC1_11a,0,0,0,0.0,0
pC1_11b,0,0,0,0.0,0
pC1_12a,0,0,0,0.0,0
pC1_12b,0,0,0,0.0,0
pC1_13a,0,0,0,0.0,0
pC1_13b,0,0,0,0.0,0
pC1_13c,0,0,0,0.0,0
pC1_14a,0,0,0,0.0,0
pC1_14b,0,0,0,0.0,0
pC1_15a,0,0,0,0.0,0
pC1_15b,0,0,0,0.0,0
pC1_15c,0,0,0,0.0,0
pC1_16a,0,0,0,0.0,0
pC1_16b,0,0,0,0.0,0
pC1_17a,0,0,0,0.0,0
pC1_17b,0,0,0,0.0,0
pC1_18a,0,0,0,0.0,0
pC1_18b,0,0,0,0.0,0
pC1_19,0,0,0,0.0,0
pC1_1a,0,0,0,0.0,0
pC1_1b,0,0,0,0.0,0
pC1_2a,0,0,0,0.0,0
pC1_2c,0,0,0,0.0,0
pC1_3a,0,0,0,0.0,0
pC1_3b,0,0,0,0.0,0
pC1_3c,0,0,0,0.0,0
pC1_4a,0,0,0,0.0,0
pC1_4b,0,0,0,0.0,0
pC1_5a,0,0,0,0.0,0
pC1_5b,0,0,0,0.0,0
pC1_6a,0,0,0,0.0,0
pC1_6b,0,0,0,0.0,0
pC1_7a,0,0,0,0.0,0
pC1_7b,0,0,0,0.0,0
pC1_8a,0,0,0,0.0,0
pC1_8b,0,0,0,0.0,0
pC1_8c,0,0,0,0.0,0
pC1_9a,0,0,0,0.0,0
pC1_9b,0,0,0,0.0,0
pC1x_a,0,0,0,0.0,0
pC1x_b,0,0,0,0.0,0
pC1x_c,0,0,0,0.0,0
pC1x_d,0,0,0,0.0,0
pIP10,0,0,0,0.0,0
pMP2,0,0,0,0.0,0
vCal1,0,0,0,0.0,0
vCal2,0,0,0,0.0,0
vCal3,0,0,0,0.0,0
vDeltaA_a,0,0,0,0.0,0
vDeltaA_b,0,0,0,0.0,0
vDeltaB,0,0,0,0.0,0
vDeltaC,0,0,0,0.0,0
vDeltaD,0,0,0,0.0,0
vDeltaE,0,0,0,0.0,0
vDeltaF,0,0,0,0.0,0
vDeltaG,0,0,0,0.0,0
vDeltaH,0,0,0,0.0,0
vDeltaI_a,0,0,0,0.0,0
vDeltaI_b,0,0,0,0.0,0
vDeltaJ,0,0,0,0.0,0
vDeltaK,0,0,0,0.0,0
vDeltaL,0,0,0,0.0,0
vDeltaM,0,0,0,0.0,0
vMS12_b,0,0,0,0.0,0
vMS12_c,0,0,0,0.0,0
vMS12_d,0,0,0,0.0,0
vMS12_e,0,0,0,0.0,0
vPR6,0,0,0,0.0,0
vpoEN,0,0,0,0.0,0
vpoIN,0,0,0,0.0,0
ALBN1,16,16,31,16.0,-1
GNG246,7,6,12,6.5,-1
IN14A120,5,8,12,6.5,-1
IN17A111,7,6,12,6.5,-1
IN04B076,5,5,9,5.0,-1
GNG067,3,5,7,4.0,-1
IN19B030,4,3,6,3.5,-1
IN01A047,1,4,4,2.5,-1
IN01A057,2,2,3,2.0,-1
