cell_type,flow,flow_drop,reachable_pairs,pairs_lost,intact_flow,intact_reachable_pairs
SApp,10337,310,236740,665,10647,237405
SNppxx,10431,216,236740,665,10647,237405
SApp10,10481,166,236740,665,10647,237405
"SApp09,SApp22",10483,164,236740,665,10647,237405
SNta29,10492,155,236740,665,10647,237405
SNxx33,10531,116,236740,665,10647,237405
SApp08,10535,112,236740,665,10647,237405
SNta37,10540,107,236740,665,10647,237405
SNta21,10544,103,236740,665,10647,237405
"SApp06,SApp15",10550,97,236740,665,10647,237405
SNpp19,10550,97,236740,665,10647,237405
BM_Taste,10555,92,236740,665,10647,237405
JO-EV3,10556,91,236740,665,10647,237405
SNpp52,10562,85,236740,665,10647,237405
SNta38,10562,85,236740,665,10647,237405
BM,10563,84,236740,665,10647,237405
JO-EV1,10563,84,236740,665,10647,237405
SNta20,10565,82,236740,665,10647,237405
JO-CM,10571,76,236740,665,10647,237405
SNpp30,10572,75,236740,665,10647,237405
BM_InOm,10575,72,236740,665,10647,237405
SNpp40,10575,72,236740,665,10647,237405
DNx02,10579,68,236740,665,10647,237405
LgLG3,10582,65,236740,665,10647,237405
JO-ED2_b,10583,64,236740,665,10647,237405
SNpp45,10583,64,236740,665,10647,237405
JO-EV6,10585,62,236740,665,10647,237405
SNpp50,10588,59,236740,665,10647,237405
JO-ED2_a,10591,56,236740,665,10647,237405
SApp04,10591,56,236740,665,10647,237405
SNch01,10591,56,236740,665,10647,237405
SNpp39,10591,56,236740,665,10647,237405
JO-FV,10592,55,236740,665,10647,237405
JO-EV5,10593,54,236740,665,10647,237405
SNta30,10594,53,236740,665,10647,237405
SNta25,10595,52,236740,665,10647,237405
SAxx02,10596,51,236740,665,10647,237405
SNxx03,10596,51,236740,665,10647,237405
SApp19,10597,50,236740,665,10647,237405
SNta04,10597,50,236740,665,10647,237405
SNxx04,10597,50,236740,665,10647,237405
SNxx23,10597,50,236740,665,10647,237405
"SNta11,SNta14",10598,49,236740,665,10647,237405
SNta42,10598,49,236740,665,10647,237405
SAxx01,10600,47,236740,665,10647,237405
SNpp51,10600,47,236740,665,10647,237405
SNta11,10600,47,236740,665,10647,237405
SNxx29,10600,47,236740,665,10647,237405
JO-mz,10601,46,236740,665,10647,237405
SNta03,10601,46,236740,665,10647,237405
SNta28,10601,46,236740,665,10647,237405
aPhM2a,10601,46,236740,665,10647,237405
LgAG1,10603,44,236740,665,10647,237405
SNpp60,10603,44,236740,665,10647,237405
SNxx20,10603,44,236740,665,10647,237405
"SNta02,SNta09",10604,43,236740,665,10647,237405
JO-EV2,10605,42,236740,665,10647,237405
SNpp32,10605,42,236740,665,10647,237405
LgLG1a,10606,41,236740,665,10647,237405
SNpp43,10606,41,236740,665,10647,237405
SNxx15,10607,40,236740,665,10647,237405
TPMN1,10607,40,236740,665,10647,237405
JO-ED2_c,10608,39,236740,665,10647,237405
LgLG1b,10608,39,236740,665,10647,237405
SNpp33,10608,39,236740,665,10647,237405
SNpp47,10608,39,236740,665,10647,237405
SNta43,10608,39,236740,665,10647,237405
SNxx25,10609,38,236740,665,10647,237405
claw_tpGRN,10610,37,236740,665,10647,237405
JO-A2,10611,36,236740,665,10647,237405
SNch10,10611,36,236740,665,10647,237405
SNpp16,10611,36,236740,665,10647,237405
SNta18,10611,36,236740,665,10647,237405
SNxx14,10611,36,236740,665,10647,237405
ORN_DP1m,10612,35,236740,665,10647,237405
"SApp11,SApp18",10612,35,236740,665,10647,237405
BM_Vib,10613,34,236740,665,10647,237405
ORN_DA1,10613,34,236740,665,10647,237405
ORN_VL2a,10613,34,236740,665,10647,237405
PhG1c,10613,34,236740,665,10647,237405
SNta31,10614,33,236740,665,10647,237405
WG3,10614,33,236740,665,10647,237405
SApp14,10615,32,236740,665,10647,237405
SNpp07,10615,32,236740,665,10647,237405
SNxx07,10615,32,236740,665,10647,237405
aPhM3,10615,32,236740,665,10647,237405
HRN_VP1d,10616,31,236740,665,10647,237405
HRN_VP4,10616,31,236740,665,10647,237405
JO-ED1,10616,31,236740,665,10647,237405
SApp13,10616,31,236740,665,10647,237405
lLN2T_b,10616,31,237405,0,10647,237405
JO-CL,10617,30,236740,665,10647,237405
SNpp23,10617,30,236740,665,10647,237405
SNpp41,10617,30,236740,665,10647,237405
LB1c,10618,29,236740,665,10647,237405
ORN_DC4,10618,29,236740,665,10647,237405
"SNpp29,SNpp63",10618,29,236740,665,10647,237405
"SNta04,SNta11",10618,29,236740,665,10647,237405
SNxx11,10618,29,236740,665,10647,237405
SNxxxx,10618,29,236740,665,10647,237405
aPhM5,10618,29,236740,665,10647,237405
ENS2,10619,28,236740,665,10647,237405
ENS4,10619,28,236740,665,10647,237405
ORN_DP1l,10619,28,236740,665,10647,237405
ORN_VA6,10619,28,236740,665,10647,237405
SNta14,10619,28,236740,665,10647,237405
SNta26,10619,28,236740,665,10647,237405
BM_Hau,10620,27,236740,665,10647,237405
GNG643,10620,27,236740,665,10647,237405
JO-B4_b,10620,27,236740,665,10647,237405
LB3d,10620,27,236740,665,10647,237405
ORN_VL2p,10620,27,236740,665,10647,237405
SApp23,10620,27,236740,665,10647,237405
SNta33,10620,27,236740,665,10647,237405
SNta34,10620,27,236740,665,10647,237405
SNxx02,10620,27,236740,665,10647,237405
ORN_DM1,10621,26,236740,665,10647,237405
SApp01,10621,26,236740,665,10647,237405
SNpp10,10621,26,236740,665,10647,237405
TPMN2,10621,26,236740,665,10647,237405
il3LN6,10621,26,237405,0,10647,237405
LB3c,10622,25,236740,665,10647,237405
ORN_VA2,10622,25,236740,665,10647,237405
SNxx26,10622,25,236740,665,10647,237405
lLN2F_b,10622,25,237405,0,10647,237405
lLN2X02,10622,25,237405,0,10647,237405
SNpp02,10623,24,236740,665,10647,237405
SNta07,10623,24,236740,665,10647,237405
SNta27,10623,24,236740,665,10647,237405
TRN_VP1m,10623,24,236740,665,10647,237405
ORN_D,10624,23,236740,665,10647,237405
WG4,10624,23,236740,665,10647,237405
BM_Vt_PoOc,10625,22,236740,665,10647,237405
JO-B3,10625,22,236740,665,10647,237405
ORN_DC1,10625,22,236740,665,10647,237405
PhG9,10625,22,236740,665,10647,237405
SNpp58,10625,22,236740,665,10647,237405
SNpp62,10625,22,236740,665,10647,237405
SNxx19,10625,22,236740,665,10647,237405
SNxx21,10625,22,236740,665,10647,237405
aPhM1,10625,22,236740,665,10647,237405
AN01B002,10625,22,237405,0,10647,237405
AN09B009,10625,22,237405,0,10647,237405
lLN2F_a,10625,22,237405,0,10647,237405
JO-A3,10626,21,236740,665,10647,237405
ORN_DL2v,10626,21,236740,665,10647,237405
ORN_VM6v,10626,21,236740,665,10647,237405
SNta05,10626,21,236740,665,10647,237405
SNta23,10626,21,236740,665,10647,237405
SNxx17,10626,21,236740,665,10647,237405
AN05B009,10626,21,237405,0,10647,237405
IN05B001,10626,21,237405,0,10647,237405
BM_vOcci_vPoOr,10627,20,236740,665,10647,237405
GNG644,10627,20,236740,665,10647,237405
LB1e,10627,20,236740,665,10647,237405
LgAG3,10627,20,236740,665,10647,237405
ORN_DL5,10627,20,236740,665,10647,237405
PhG1b,10627,20,236740,665,10647,237405
SNxx08,10627,20,236740,665,10647,237405
SNxx30,10627,20,236740,665,10647,237405
WG2,10627,20,236740,665,10647,237405
JO-B1_a,10628,19,236740,665,10647,237405
LB3a,10628,19,236740,665,10647,237405
LgAG5,10628,19,236740,665,10647,237405
LgAG7,10628,19,236740,665,10647,237405
ORN_DL2d,10628,19,236740,665,10647,237405
SNpp28,10628,19,236740,665,10647,237405
SNpp35,10628,19,236740,665,10647,237405
SNta13,10628,19,236740,665,10647,237405
aPhM4,10628,19,236740,665,10647,237405
ANXXX055,10628,19,237405,0,10647,237405
DNx01,10629,18,236740,665,10647,237405
LgAG2,10629,18,236740,665,10647,237405
ORN_VC1,10629,18,236740,665,10647,237405
ORN_VM7d,10629,18,236740,665,10647,237405
TRN_VP2,10629,18,236740,665,10647,237405
TRN_VP3a,10629,18,236740,665,10647,237405
aPhM2b,10629,18,236740,665,10647,237405
AN08B012,10629,18,237405,0,10647,237405
lLN2T_d,10629,18,237405,0,10647,237405
SNpp17,10630,17,236075,1330,10647,237405
JO-A1,10630,17,236740,665,10647,237405
LB3b,10630,17,236740,665,10647,237405
ORN_VA1v,10630,17,236740,665,10647,237405
ORN_VM5v,10630,17,236740,665,10647,237405
SNpp01,10630,17,236740,665,10647,237405
SNpp05,10630,17,236740,665,10647,237405
SNpp31,10630,17,236740,665,10647,237405
SNxx28,10630,17,236740,665,10647,237405
IN01B003,10630,17,237405,0,10647,237405
IN23B005,10630,17,237405,0,10647,237405
IN23B020,10630,17,237405,0,10647,237405
ENS5,10631,16,236740,665,10647,237405
GNG642,10631,16,236740,665,10647,237405
JO-CA2,10631,16,236740,665,10647,237405
LgLG4,10631,16,236740,665,10647,237405
ORN_V,10631,16,236740,665,10647,237405
ORN_VL1,10631,16,236740,665,10647,237405
ORN_VM5d,10631,16,236740,665,10647,237405
PhG10,10631,16,236740,665,10647,237405
SNpp11,10631,16,236740,665,10647,237405
SNta35,10631,16,236740,665,10647,237405
dorsal_tpGRN,10631,16,236740,665,10647,237405
DNge122,10631,16,237048,357,10647,237405
ALBN1,10631,16,237405,0,10647,237405
AN09B029,10631,16,237405,0,10647,237405
IN05B028,10631,16,237405,0,10647,237405
IN23B006,10631,16,237405,0,10647,237405
IN23B031,10631,16,237405,0,10647,237405
M_l2PNl20,10631,16,237405,0,10647,237405
lLN2X11,10631,16,237405,0,10647,237405
v2LN3A1_b,10631,16,237405,0,10647,237405
vLN24,10631,16,237405,0,10647,237405
LB1b,10632,15,236740,665,10647,237405
LB2c,10632,15,236740,665,10647,237405
LgAG9,10632,15,236740,665,10647,237405
ORN_VA1d,10632,15,236740,665,10647,237405
PhG11,10632,15,236740,665,10647,237405
PhG8,10632,15,236740,665,10647,237405
R7_unclear,10632,15,236740,665,10647,237405
SNpp04,10632,15,236740,665,10647,237405
SNpp12,10632,15,236740,665,10647,237405
SNpp57,10632,15,236740,665,10647,237405
SNta44,10632,15,236740,665,10647,237405
WG1,10632,15,236740,665,10647,237405
DNge104,10632,15,237048,357,10647,237405
AN09B036,10632,15,237405,0,10647,237405
AN17B005,10632,15,237405,0,10647,237405
AN23B001,10632,15,237405,0,10647,237405
ANXXX027,10632,15,237405,0,10647,237405
GNG016,10632,15,237405,0,10647,237405
IN14A013,10632,15,237405,0,10647,237405
IN23B037,10632,15,237405,0,10647,237405
INXXX216,10632,15,237405,0,10647,237405
lLN12A,10632,15,237405,0,10647,237405
BM_MaPa,10633,14,236740,665,10647,237405
GNG654,10633,14,236740,665,10647,237405
HRN_VP5,10633,14,236740,665,10647,237405
JO-B1_c,10633,14,236740,665,10647,237405
JO-B2,10633,14,236740,665,10647,237405
LB4b,10633,14,236740,665,10647,237405
ORN_VC5,10633,14,236740,665,10647,237405
PhG14,10633,14,236740,665,10647,237405
PhG4,10633,14,236740,665,10647,237405
SNpp06,10633,14,236740,665,10647,237405
SNpp56,10633,14,236740,665,10647,237405
SNta32,10633,14,236740,665,10647,237405
SNxx22,10633,14,236740,665,10647,237405
SNxx24,10633,14,236740,665,10647,237405
AN09B013,10633,14,237405,0,10647,237405
AN09B023,10633,14,237405,0,10647,237405
AN17A004,10633,14,237405,0,10647,237405
GNG551,10633,14,237405,0,10647,237405
IN06B003,10633,14,237405,0,10647,237405
IN09A022,10633,14,237405,0,10647,237405
IN11A025,10633,14,237405,0,10647,237405
IN23B046,10633,14,237405,0,10647,237405
INXXX007,10633,14,237405,0,10647,237405
INXXX027,10633,14,237405,0,10647,237405
INXXX044,10633,14,237405,0,10647,237405
M_lvPNm25,10633,14,237405,0,10647,237405
JO-CA1,10634,13,236740,665,10647,237405
JO-unclear,10634,13,236740,665,10647,237405
LgAG8,10634,13,236740,665,10647,237405
LgLG6,10634,13,236740,665,10647,237405
ORN_DA2,10634,13,236740,665,10647,237405
ORN_DC3,10634,13,236740,665,10647,237405
ORN_DM2,10634,13,236740,665,10647,237405
PhG16,10634,13,236740,665,10647,237405
R7d,10634,13,236740,665,10647,237405
SNpp08,10634,13,236740,665,10647,237405
SNpp15,10634,13,236740,665,10647,237405
SNpp18,10634,13,236740,665,10647,237405
SNxx06,10634,13,236740,665,10647,237405
DNg20,10634,13,237048,357,10647,237405
DNg29,10634,13,237048,357,10647,237405
DNge121,10634,13,237048,357,10647,237405
AN06B089,10634,13,237405,0,10647,237405
AN17A003,10634,13,237405,0,10647,237405
AN17A018,10634,13,237405,0,10647,237405
GNG301,10634,13,237405,0,10647,237405
IN01A027,10634,13,237405,0,10647,237405
IN06B027,10634,13,237405,0,10647,237405
IN14A004,10634,13,237405,0,10647,237405
IN17A023,10634,13,237405,0,10647,237405
INXXX004,10634,13,237405,0,10647,237405
v2LN3A,10634,13,237405,0,10647,237405
vLN25,10634,13,237405,0,10647,237405
ENS1,10635,12,236740,665,10647,237405
ENS3,10635,12,236740,665,10647,237405
ORN_DC2,10635,12,236740,665,10647,237405
ORN_VC4,10635,12,236740,665,10647,237405
ORN_VM4,10635,12,236740,665,10647,237405
PhG13,10635,12,236740,665,10647,237405
SNpp37,10635,12,236740,665,10647,237405
SNpp61,10635,12,236740,665,10647,237405
SNxx10,10635,12,236740,665,10647,237405
DNg87,10635,12,237048,357,10647,237405
b2 MN,10635,12,237048,357,10647,237405
AN01A021,10635,12,237405,0,10647,237405
AN08B010,10635,12,237405,0,10647,237405
AN09B018,10635,12,237405,0,10647,237405
AN09B020,10635,12,237405,0,10647,237405
AN17B016,10635,12,237405,0,10647,237405
ANXXX092,10635,12,237405,0,10647,237405
GNG152,10635,12,237405,0,10647,237405
GNG195,10635,12,237405,0,10647,237405
GNG453,10635,12,237405,0,10647,237405
IN01A048,10635,12,237405,0,10647,237405
IN06B077,10635,12,237405,0,10647,237405
IN08A017,10635,12,237405,0,10647,237405
IN10B030,10635,12,237405,0,10647,237405
IN12A005,10635,12,237405,0,10647,237405
IN12B007,10635,12,237405,0,10647,237405
IN13A004,10635,12,237405,0,10647,237405
IN13A007,10635,12,237405,0,10647,237405
IN13A024,10635,12,237405,0,10647,237405
IN13A029,10635,12,237405,0,10647,237405
IN17B001,10635,12,237405,0,10647,237405
IN17B003,10635,12,237405,0,10647,237405
IN17B004,10635,12,237405,0,10647,237405
IN17B015,10635,12,237405,0,10647,237405
IN23B023,10635,12,237405,0,10647,237405
IN23B060,10635,12,237405,0,10647,237405
IN23B070,10635,12,237405,0,10647,237405
LN60,10635,12,237405,0,10647,237405
PRW064,10635,12,237405,0,10647,237405
SAD113,10635,12,237405,0,10647,237405
lLN2R_a,10635,12,237405,0,10647,237405
lLN2X12,10635,12,237405,0,10647,237405
LB1a,10636,11,236740,665,10647,237405
LgLG2,10636,11,236740,665,10647,237405
ORN_DL1,10636,11,236740,665,10647,237405
ORN_VM7v,10636,11,236740,665,10647,237405
R7p,10636,11,236740,665,10647,237405
R7y,10636,11,236740,665,10647,237405
R8_unclear,10636,11,236740,665,10647,237405
R8p,10636,11,236740,665,10647,237405
SNpp09,10636,11,236740,665,10647,237405
SNpp21,10636,11,236740,665,10647,237405
SNta10,10636,11,236740,665,10647,237405
SNxx09,10636,11,236740,665,10647,237405
SNxx31,10636,11,236740,665,10647,237405
DNg57,10636,11,237048,357,10647,237405
b1 MN,10636,11,237048,357,10647,237405
AN05B004,10636,11,237405,0,10647,237405
AN05B096,10636,11,237405,0,10647,237405
AN12B004,10636,11,237405,0,10647,237405
AN13B002,10636,11,237405,0,10647,237405
AN17A024,10636,11,237405,0,10647,237405
AN17A076,10636,11,237405,0,10647,237405
AN27X020,10636,11,237405,0,10647,237405
ANXXX041,10636,11,237405,0,10647,237405
CB0758,10636,11,237405,0,10647,237405
GNG636,10636,11,237405,0,10647,237405
IN01A031,10636,11,237405,0,10647,237405
IN01B020,10636,11,237405,0,10647,237405
IN05B011b,10636,11,237405,0,10647,237405
IN14A011,10636,11,237405,0,10647,237405
IN23B024,10636,11,237405,0,10647,237405
IN23B030,10636,11,237405,0,10647,237405
M_l2PNm14,10636,11,237405,0,10647,237405
HRN_VP1l,10637,10,236740,665,10647,237405
LN-DN1,10637,10,236740,665,10647,237405
ORN_DM4,10637,10,236740,665,10647,237405
ORN_DM6,10637,10,236740,665,10647,237405
ORN_VA3,10637,10,236740,665,10647,237405
PhG15,10637,10,236740,665,10647,237405
PhG5,10637,10,236740,665,10647,237405
PhG6,10637,10,236740,665,10647,237405
R8y,10637,10,236740,665,10647,237405
"SApp23,SNpp56",10637,10,236740,665,10647,237405
SNta45,10637,10,236740,665,10647,237405
SNxx01,10637,10,236740,665,10647,237405
ALIN5,10637,10,237405,0,10647,237405
AMMC028,10637,10,237405,0,10647,237405
AN05B062,10637,10,237405,0,10647,237405
AN05B076,10637,10,237405,0,10647,237405
AN09B007,10637,10,237405,0,10647,237405
AN09B014,10637,10,237405,0,10647,237405
AN17A031,10637,10,237405,0,10647,237405
ANXXX026,10637,10,237405,0,10647,237405
ANXXX057,10637,10,237405,0,10647,237405
ANXXX170,10637,10,237405,0,10647,237405
ANXXX178,10637,10,237405,0,10647,237405
ANXXX434,10637,10,237405,0,10647,237405
CB1076,10637,10,237405,0,10647,237405
CB3588,10637,10,237405,0,10647,237405
CB3743,10637,10,237405,0,10647,237405
GNG078,10637,10,237405,0,10647,237405
GNG257,10637,10,237405,0,10647,237405
IN01A007,10637,10,237405,0,10647,237405
IN01B065,10637,10,237405,0,10647,237405
IN03B049,10637,10,237405,0,10647,237405
IN04B100,10637,10,237405,0,10647,237405
IN06B035,10637,10,237405,0,10647,237405
IN08B017,10637,10,237405,0,10647,237405
IN09A024,10637,10,237405,0,10647,237405
IN10B023,10637,10,237405,0,10647,237405
IN13B013,10637,10,237405,0,10647,237405
IN13B026,10637,10,237405,0,10647,237405
IN20A.22A007,10637,10,237405,0,10647,237405
IN23B017,10637,10,237405,0,10647,237405
IN23B039,10637,10,237405,0,10647,237405
IN23B047,10637,10,237405,0,10647,237405
IN23B049,10637,10,237405,0,10647,237405
IN23B067_c,10637,10,237405,0,10647,237405
IN23B074,10637,10,237405,0,10647,237405
INXXX133,10637,10,237405,0,10647,237405
INXXX224,10637,10,237405,0,10647,237405
M_adPNm5,10637,10,237405,0,10647,237405
M_lvPNm46,10637,10,237405,0,10647,237405
PRW049,10637,10,237405,0,10647,237405
SAD107,10637,10,237405,0,10647,237405
SAD111,10637,10,237405,0,10647,237405
SAD112_c,10637,10,237405,0,10647,237405
lLN15,10637,10,237405,0,10647,237405
AMMC029,10638,9,236740,665,10647,237405
JO-B4_a,10638,9,236740,665,10647,237405
LB2b,10638,9,236740,665,10647,237405
LB4a,10638,9,236740,665,10647,237405
LN-DN2,10638,9,236740,665,10647,237405
LgAG6,10638,9,236740,665,10647,237405
LgLG8,10638,9,236740,665,10647,237405
PhG3,10638,9,236740,665,10647,237405
PhG7,10638,9,236740,665,10647,237405
SApp21,10638,9,236740,665,10647,237405
SNpp14,10638,9,236740,665,10647,237405
SNpp44,10638,9,236740,665,10647,237405
SNpp48,10638,9,236740,665,10647,237405
SNpp59,10638,9,236740,665,10647,237405
SNta19,10638,9,236740,665,10647,237405
"SNxx27,SNxx29",10638,9,236740,665,10647,237405
DNg67,10638,9,237048,357,10647,237405
DNge132,10638,9,237048,357,10647,237405
tpn MN,10638,9,237048,357,10647,237405
ALIN7,10638,9,237405,0,10647,237405
AN05B024,10638,9,237405,0,10647,237405
AN05B107,10638,9,237405,0,10647,237405
AN06B031,10638,9,237405,0,10647,237405
AN09B032,10638,9,237405,0,10647,237405
AN09B035,10638,9,237405,0,10647,237405
AN17B007,10638,9,237405,0,10647,237405
AN23B010,10638,9,237405,0,10647,237405
ANXXX086,10638,9,237405,0,10647,237405
ANXXX404,10638,9,237405,0,10647,237405
CB0598,10638,9,237405,0,10647,237405
CB1048,10638,9,237405,0,10647,237405
CB1824,10638,9,237405,0,10647,237405
CB2153,10638,9,237405,0,10647,237405
CB3581,10638,9,237405,0,10647,237405
CB4176,10638,9,237405,0,10647,237405
GNG022,10638,9,237405,0,10647,237405
GNG097,10638,9,237405,0,10647,237405
GNG175,10638,9,237405,0,10647,237405
GNG397,10638,9,237405,0,10647,237405
GNG406,10638,9,237405,0,10647,237405
IN00A014,10638,9,237405,0,10647,237405
IN01A011,10638,9,237405,0,10647,237405
IN01A012,10638,9,237405,0,10647,237405
IN01A065,10638,9,237405,0,10647,237405
IN01B017,10638,9,237405,0,10647,237405
IN01B042,10638,9,237405,0,10647,237405
IN01B074,10638,9,237405,0,10647,237405
IN01B090,10638,9,237405,0,10647,237405
IN05B011a,10638,9,237405,0,10647,237405
IN09A019,10638,9,237405,0,10647,237405
IN09A092,10638,9,237405,0,10647,237405
IN11A014,10638,9,237405,0,10647,237405
IN12B004,10638,9,237405,0,10647,237405
IN13A022,10638,9,237405,0,10647,237405
IN13B014,10638,9,237405,0,10647,237405
IN13B025,10638,9,237405,0,10647,237405
IN13B054,10638,9,237405,0,10647,237405
IN14A008,10638,9,237405,0,10647,237405
IN14A015,10638,9,237405,0,10647,237405
IN14A028,10638,9,237405,0,10647,237405
IN17A013,10638,9,237405,0,10647,237405
"IN19B045,IN19B052",10638,9,237405,0,10647,237405
IN23B007,10638,9,237405,0,10647,237405
IN23B025,10638,9,237405,0,10647,237405
IN23B032,10638,9,237405,0,10647,237405
INXXX100,10638,9,237405,0,10647,237405
INXXX400,10638,9,237405,0,10647,237405
M_l2PNl21,10638,9,237405,0,10647,237405
M_lvPNm24,10638,9,237405,0,10647,237405
M_vPNml53,10638,9,237405,0,10647,237405
SAD112_a,10638,9,237405,0,10647,237405
VP2+Z_lvPN,10638,9,237405,0,10647,237405
lLN2P_b,10638,9,237405,0,10647,237405
CB4246,10639,8,236740,665,10647,237405
HBeyelet,10639,8,236740,665,10647,237405
JO-B1_b,10639,8,236740,665,10647,237405
LgLG5,10639,8,236740,665,10647,237405
ORN_VC3,10639,8,236740,665,10647,237405
PhG1a,10639,8,236740,665,10647,237405
SNpp36,10639,8,236740,665,10647,237405
SNpp53,10639,8,236740,665,10647,237405
SNta06,10639,8,236740,665,10647,237405
DNg15,10639,8,237048,357,10647,237405
DNg48,10639,8,237048,357,10647,237405
DNg84,10639,8,237048,357,10647,237405
DNg85,10639,8,237048,357,10647,237405
i1 MN,10639,8,237048,357,10647,237405
AMMC032,10639,8,237405,0,10647,237405
AMMC034_b,10639,8,237405,0,10647,237405
AN05B023a,10639,8,237405,0,10647,237405
AN06B039,10639,8,237405,0,10647,237405
AN08B007,10639,8,237405,0,10647,237405
AN08B018,10639,8,237405,0,10647,237405
AN09B021,10639,8,237405,0,10647,237405
AN09B033,10639,8,237405,0,10647,237405
AN12B001,10639,8,237405,0,10647,237405
AN17A013,10639,8,237405,0,10647,237405
AN23B002,10639,8,237405,0,10647,237405
AN27X021,10639,8,237405,0,10647,237405
ANXXX024,10639,8,237405,0,10647,237405
CB2521,10639,8,237405,0,10647,237405
CB2558,10639,8,237405,0,10647,237405
Dm9,10639,8,237405,0,10647,237405
GNG037,10639,8,237405,0,10647,237405
GNG141,10639,8,237405,0,10647,237405
GNG217,10639,8,237405,0,10647,237405
GNG252,10639,8,237405,0,10647,237405
GNG446,10639,8,237405,0,10647,237405
GNG510,10639,8,237405,0,10647,237405
GNG610,10639,8,237405,0,10647,237405
IN00A003,10639,8,237405,0,10647,237405
IN00A012,10639,8,237405,0,10647,237405
IN01A024,10639,8,237405,0,10647,237405
IN01B007,10639,8,237405,0,10647,237405
IN01B010,10639,8,237405,0,10647,237405
IN01B025,10639,8,237405,0,10647,237405
IN01B027_a,10639,8,237405,0,10647,237405
IN03B046,10639,8,237405,0,10647,237405
IN04B011,10639,8,237405,0,10647,237405
IN04B036,10639,8,237405,0,10647,237405
IN04B044,10639,8,237405,0,10647,237405
IN05B010,10639,8,237405,0,10647,237405
IN05B016,10639,8,237405,0,10647,237405
IN06A021,10639,8,237405,0,10647,237405
IN06B016,10639,8,237405,0,10647,237405
IN06B028,10639,8,237405,0,10647,237405
IN06B070,10639,8,237405,0,10647,237405
IN09B014,10639,8,237405,0,10647,237405
IN10B033,10639,8,237405,0,10647,237405
IN10B052,10639,8,237405,0,10647,237405
IN11A022,10639,8,237405,0,10647,237405
IN12A006,10639,8,237405,0,10647,237405
IN12A007,10639,8,237405,0,10647,237405
IN12B011,10639,8,237405,0,10647,237405
IN12B016,10639,8,237405,0,10647,237405
IN12B036,10639,8,237405,0,10647,237405
IN13A015,10639,8,237405,0,10647,237405
IN13B027,10639,8,237405,0,10647,237405
IN14A024,10639,8,237405,0,10647,237405
IN14A109,10639,8,237405,0,10647,237405
IN16B048,10639,8,237405,0,10647,237405
"IN17A059,IN17A063",10639,8,237405,0,10647,237405
IN17A077,10639,8,237405,0,10647,237405
"IN17A080,IN17A083",10639,8,237405,0,10647,237405
IN17A099,10639,8,237405,0,10647,237405
IN17B006,10639,8,237405,0,10647,237405
IN19B062,10639,8,237405,0,10647,237405
IN19B072,10639,8,237405,0,10647,237405
IN20A.22A054,10639,8,237405,0,10647,237405
IN23B009,10639,8,237405,0,10647,237405
IN23B012,10639,8,237405,0,10647,237405
IN23B013,10639,8,237405,0,10647,237405
IN23B014,10639,8,237405,0,10647,237405
IN23B036,10639,8,237405,0,10647,237405
IN23B085,10639,8,237405,0,10647,237405
IN26X002,10639,8,237405,0,10647,237405
INXXX119,10639,8,237405,0,10647,237405
INXXX331,10639,8,237405,0,10647,237405
M_lvPNm35,10639,8,237405,0,10647,237405
PRW046,10639,8,237405,0,10647,237405
PRW048,10639,8,237405,0,10647,237405
PRW053,10639,8,237405,0,10647,237405
SAD093,10639,8,237405,0,10647,237405
SAD103,10639,8,237405,0,10647,237405
SAD110,10639,8,237405,0,10647,237405
SAD112_b,10639,8,237405,0,10647,237405
Z_lvPNm1,10639,8,237405,0,10647,237405
l2LN19,10639,8,237405,0,10647,237405
lLN2X04,10639,8,237405,0,10647,237405
mAL4E,10639,8,237405,0,10647,237405
mAL4I,10639,8,237405,0,10647,237405
v2LN30,10639,8,237405,0,10647,237405
v2LN34D,10639,8,237405,0,10647,237405
ANXXX264,10640,7,236740,665,10647,237405
LgAG4,10640,7,236740,665,10647,237405
LgLG7,10640,7,236740,665,10647,237405
ORN_DA4m,10640,7,236740,665,10647,237405
ORN_DL3,10640,7,236740,665,10647,237405
ORN_DM3,10640,7,236740,665,10647,237405
PhG12,10640,7,236740,665,10647,237405
SNpp20,10640,7,236740,665,10647,237405
SNpp38,10640,7,236740,665,10647,237405
SNpp42,10640,7,236740,665,10647,237405
SNta12,10640,7,236740,665,10647,237405
"SNta22,SNta33",10640,7,236740,665,10647,237405
SNta41,10640,7,236740,665,10647,237405
DNg07,10640,7,237048,357,10647,237405
DNg09_a,10640,7,237048,357,10647,237405
DNg106,10640,7,237048,357,10647,237405
DNg59,10640,7,237048,357,10647,237405
DNg81,10640,7,237048,357,10647,237405
DNg83,10640,7,237048,357,10647,237405
DNge056,10640,7,237048,357,10647,237405
DNge093,10640,7,237048,357,10647,237405
DNge145,10640,7,237048,357,10647,237405
DNpe007,10640,7,237048,357,10647,237405
DNxl114,10640,7,237048,357,10647,237405
MNml29,10640,7,237048,357,10647,237405
b3 MN,10640,7,237048,357,10647,237405
iii1 MN,10640,7,237048,357,10647,237405
AMMC006,10640,7,237405,0,10647,237405
AMMC021,10640,7,237405,0,10647,237405
AMMC031,10640,7,237405,0,10647,237405
AMMC033,10640,7,237405,0,10647,237405
AMMC034_a,10640,7,237405,0,10647,237405
AMMC035,10640,7,237405,0,10647,237405
AMMC036,10640,7,237405,0,10647,237405
AN04A001,10640,7,237405,0,10647,237405
AN05B025,10640,7,237405,0,10647,237405
AN05B098,10640,7,237405,0,10647,237405
AN06B014,10640,7,237405,0,10647,237405
AN06B090,10640,7,237405,0,10647,237405
AN09B019,10640,7,237405,0,10647,237405
AN10B022,10640,7,237405,0,10647,237405
AN12B006,10640,7,237405,0,10647,237405
AN17A026,10640,7,237405,0,10647,237405
AN17A062,10640,7,237405,0,10647,237405
AN17B011,10640,7,237405,0,10647,237405
AN17B012,10640,7,237405,0,10647,237405
AN18B004,10640,7,237405,0,10647,237405
ANXXX033,10640,7,237405,0,10647,237405
ANXXX093,10640,7,237405,0,10647,237405
CB0683,10640,7,237405,0,10647,237405
CB3320,10640,7,237405,0,10647,237405
CB3631,10640,7,237405,0,10647,237405
CB3870,10640,7,237405,0,10647,237405
CB4104,10640,7,237405,0,10647,237405
CSD,10640,7,237405,0,10647,237405
GNG035,10640,7,237405,0,10647,237405
GNG126,10640,7,237405,0,10647,237405
GNG156,10640,7,237405,0,10647,237405
GNG219,10640,7,237405,0,10647,237405
GNG230,10640,7,237405,0,10647,237405
GNG249,10640,7,237405,0,10647,237405
GNG319,10640,7,237405,0,10647,237405
GNG320,10640,7,237405,0,10647,237405
GNG328,10640,7,237405,0,10647,237405
GNG356,10640,7,237405,0,10647,237405
GNG380,10640,7,237405,0,10647,237405
GNG407,10640,7,237405,0,10647,237405
GNG409,10640,7,237405,0,10647,237405
GNG430_a,10640,7,237405,0,10647,237405
GNG465,10640,7,237405,0,10647,237405
GNG485,10640,7,237405,0,10647,237405
GNG487,10640,7,237405,0,10647,237405
GNG490,10640,7,237405,0,10647,237405
GNG494,10640,7,237405,0,10647,237405
GNG516,10640,7,237405,0,10647,237405
GNG528,10640,7,237405,0,10647,237405
GNG611,10640,7,237405,0,10647,237405
GNG639,10640,7,237405,0,10647,237405
IN01A017,10640,7,237405,0,10647,237405
IN01A059,10640,7,237405,0,10647,237405
IN01A061,10640,7,237405,0,10647,237405
IN01B006,10640,7,237405,0,10647,237405
IN01B024,10640,7,237405,0,10647,237405
IN01B027_b,10640,7,237405,0,10647,237405
IN01B046_a,10640,7,237405,0,10647,237405
IN01B073,10640,7,237405,0,10647,237405
IN02A007,10640,7,237405,0,10647,237405
IN02A059,10640,7,237405,0,10647,237405
IN03A029,10640,7,237405,0,10647,237405
IN03A068,10640,7,237405,0,10647,237405
IN03A082,10640,7,237405,0,10647,237405
IN03A092,10640,7,237405,0,10647,237405
IN03A094,10640,7,237405,0,10647,237405
IN03B031,10640,7,237405,0,10647,237405
IN03B058,10640,7,237405,0,10647,237405
IN03B084,10640,7,237405,0,10647,237405
IN04B077,10640,7,237405,0,10647,237405
IN06A075,10640,7,237405,0,10647,237405
IN06A076_a,10640,7,237405,0,10647,237405
IN07B012,10640,7,237405,0,10647,237405
IN08B073,10640,7,237405,0,10647,237405
IN08B085_a,10640,7,237405,0,10647,237405
IN09A004,10640,7,237405,0,10647,237405
IN10B032,10640,7,237405,0,10647,237405
IN10B042,10640,7,237405,0,10647,237405
IN12B033,10640,7,237405,0,10647,237405
IN13A055,10640,7,237405,0,10647,237405
IN13B057,10640,7,237405,0,10647,237405
IN13B090,10640,7,237405,0,10647,237405
IN14A009,10640,7,237405,0,10647,237405
IN14A012,10640,7,237405,0,10647,237405
IN16B069,10640,7,237405,0,10647,237405
IN16B087,10640,7,237405,0,10647,237405
IN17A041,10640,7,237405,0,10647,237405
IN17A090,10640,7,237405,0,10647,237405
IN19B041,10640,7,237405,0,10647,237405
IN20A.22A004,10640,7,237405,0,10647,237405
IN20A.22A006,10640,7,237405,0,10647,237405
IN23B008,10640,7,237405,0,10647,237405
IN23B018,10640,7,237405,0,10647,237405
IN23B040,10640,7,237405,0,10647,237405
IN23B042,10640,7,237405,0,10647,237405
IN23B081,10640,7,237405,0,10647,237405
INXXX142,10640,7,237405,0,10647,237405
INXXX201,10640,7,237405,0,10647,237405
INXXX281,10640,7,237405,0,10647,237405
INXXX339,10640,7,237405,0,10647,237405
INXXX370,10640,7,237405,0,10647,237405
INXXX428,10640,7,237405,0,10647,237405
INXXX450,10640,7,237405,0,10647,237405
M_adPNm8,10640,7,237405,0,10647,237405
M_lPNm11C,10640,7,237405,0,10647,237405
M_lPNm12,10640,7,237405,0,10647,237405
M_lvPNm39,10640,7,237405,0,10647,237405
PRW026,10640,7,237405,0,10647,237405
PRW043,10640,7,237405,0,10647,237405
PRW047,10640,7,237405,0,10647,237405
SAD004,10640,7,237405,0,10647,237405
SAD052,10640,7,237405,0,10647,237405
SAD077,10640,7,237405,0,10647,237405
WED099,10640,7,237405,0,10647,237405
lLN2T_c,10640,7,237405,0,10647,237405
mAL4G,10640,7,237405,0,10647,237405
mAL4H,10640,7,237405,0,10647,237405
mAL6,10640,7,237405,0,10647,237405
v2LN36,10640,7,237405,0,10647,237405
v2LN37,10640,7,237405,0,10647,237405
JO-FD1,10641,6,236740,665,10647,237405
LB2a,10641,6,236740,665,10647,237405
ORN_VA7l,10641,6,236740,665,10647,237405
ORN_VC2,10641,6,236740,665,10647,237405
ORN_VM6l,10641,6,236740,665,10647,237405
ORN_VM6m,10641,6,236740,665,10647,237405
SNpp26,10641,6,236740,665,10647,237405
SNpp34,10641,6,236740,665,10647,237405
SNxx32,10641,6,236740,665,10647,237405
DNde006,10641,6,237048,357,10647,237405
DNg103,10641,6,237048,357,10647,237405
DNg70,10641,6,237048,357,10647,237405
DNge067,10641,6,237048,357,10647,237405
DNge078,10641,6,237048,357,10647,237405
DNge090,10641,6,237048,357,10647,237405
Tergopleural/Pleural promotor MN,10641,6,237048,357,10647,237405
hDVM MN,10641,6,237048,357,10647,237405
iii3 MN,10641,6,237048,357,10647,237405
ALIN1,10641,6,237405,0,10647,237405
AMMC012,10641,6,237405,0,10647,237405
AMMC015,10641,6,237405,0,10647,237405
AMMC022,10641,6,237405,0,10647,237405
AMMC024,10641,6,237405,0,10647,237405
AMMC027,10641,6,237405,0,10647,237405
AMMC037,10641,6,237405,0,10647,237405
AMMC038,10641,6,237405,0,10647,237405
AN01A086,10641,6,237405,0,10647,237405
AN05B023b,10641,6,237405,0,10647,237405
AN05B023c,10641,6,237405,0,10647,237405
AN05B023d,10641,6,237405,0,10647,237405
AN05B035,10641,6,237405,0,10647,237405
AN05B052,10641,6,237405,0,10647,237405
AN05B053,10641,6,237405,0,10647,237405
AN05B054_b,10641,6,237405,0,10647,237405
AN05B100,10641,6,237405,0,10647,237405
AN05B106,10641,6,237405,0,10647,237405
AN07B005,10641,6,237405,0,10647,237405
AN07B040,10641,6,237405,0,10647,237405
AN09B017g,10641,6,237405,0,10647,237405
AN09B030,10641,6,237405,0,10647,237405
AN10B020,10641,6,237405,0,10647,237405
AN10B021,10641,6,237405,0,10647,237405
AN10B047,10641,6,237405,0,10647,237405
AN17B002,10641,6,237405,0,10647,237405
AN17B009,10641,6,237405,0,10647,237405
AN18B019,10641,6,237405,0,10647,237405
ANXXX007,10641,6,237405,0,10647,237405
ANXXX106,10641,6,237405,0,10647,237405
ANXXX296,10641,6,237405,0,10647,237405
CB0591,10641,6,237405,0,10647,237405
CB0607,10641,6,237405,0,10647,237405
CB1545,10641,6,237405,0,10647,237405
CB3865,10641,6,237405,0,10647,237405
Dm11,10641,6,237405,0,10647,237405
GNG044,10641,6,237405,0,10647,237405
GNG055,10641,6,237405,0,10647,237405
GNG057,10641,6,237405,0,10647,237405
GNG090,10641,6,237405,0,10647,237405
GNG102,10641,6,237405,0,10647,237405
GNG125,10641,6,237405,0,10647,237405
GNG155,10641,6,237405,0,10647,237405
GNG179,10641,6,237405,0,10647,237405
GNG187,10641,6,237405,0,10647,237405
GNG188,10641,6,237405,0,10647,237405
GNG229,10641,6,237405,0,10647,237405
GNG237,10641,6,237405,0,10647,237405
GNG246,10641,6,237405,0,10647,237405
GNG266,10641,6,237405,0,10647,237405
GNG267,10641,6,237405,0,10647,237405
GNG280,10641,6,237405,0,10647,237405
GNG350,10641,6,237405,0,10647,237405
GNG363,10641,6,237405,0,10647,237405
GNG447,10641,6,237405,0,10647,237405
GNG451,10641,6,237405,0,10647,237405
GNG456,10641,6,237405,0,10647,237405
GNG481,10641,6,237405,0,10647,237405
GNG484,10641,6,237405,0,10647,237405
GNG488,10641,6,237405,0,10647,237405
GNG550,10641,6,237405,0,10647,237405
GNG621,10641,6,237405,0,10647,237405
GNG669,10641,6,237405,0,10647,237405
IN00A017,10641,6,237405,0,10647,237405
IN00A025,10641,6,237405,0,10647,237405
IN00A049,10641,6,237405,0,10647,237405
IN01A036,10641,6,237405,0,10647,237405
IN01A040,10641,6,237405,0,10647,237405
IN01B012,10641,6,237405,0,10647,237405
IN01B014,10641,6,237405,0,10647,237405
IN01B056,10641,6,237405,0,10647,237405
IN01B062,10641,6,237405,0,10647,237405
IN01B078,10641,6,237405,0,10647,237405
IN01B084,10641,6,237405,0,10647,237405
IN02A040,10641,6,237405,0,10647,237405
IN03A009,10641,6,237405,0,10647,237405
IN03A019,10641,6,237405,0,10647,237405
IN03A052,10641,6,237405,0,10647,237405
IN03B053,10641,6,237405,0,10647,237405
IN03B080,10641,6,237405,0,10647,237405
IN04B001,10641,6,237405,0,10647,237405
IN04B002,10641,6,237405,0,10647,237405
IN06A037,10641,6,237405,0,10647,237405
IN06A038,10641,6,237405,0,10647,237405
IN06A042,10641,6,237405,0,10647,237405
IN06A050,10641,6,237405,0,10647,237405
IN06A071,10641,6,237405,0,10647,237405
IN06B012,10641,6,237405,0,10647,237405
IN06B032,10641,6,237405,0,10647,237405
IN06B063,10641,6,237405,0,10647,237405
IN06B069,10641,6,237405,0,10647,237405
IN06B074,10641,6,237405,0,10647,237405
IN06B079,10641,6,237405,0,10647,237405
IN07B096_d,10641,6,237405,0,10647,237405
IN08A036,10641,6,237405,0,10647,237405
IN08A041,10641,6,237405,0,10647,237405
IN08B051_d,10641,6,237405,0,10647,237405
IN08B080,10641,6,237405,0,10647,237405
IN09A005,10641,6,237405,0,10647,237405
IN09A013,10641,6,237405,0,10647,237405
IN09A016,10641,6,237405,0,10647,237405
IN09A018,10641,6,237405,0,10647,237405
IN09A023,10641,6,237405,0,10647,237405
IN09A027,10641,6,237405,0,10647,237405
IN09A029,10641,6,237405,0,10647,237405
IN09A082,10641,6,237405,0,10647,237405
IN10B031,10641,6,237405,0,10647,237405
IN10B050,10641,6,237405,0,10647,237405
IN10B055,10641,6,237405,0,10647,237405
IN10B058,10641,6,237405,0,10647,237405
IN11A016,10641,6,237405,0,10647,237405
IN11B019,10641,6,237405,0,10647,237405
IN12B022,10641,6,237405,0,10647,237405
IN12B031,10641,6,237405,0,10647,237405
IN12B063_c,10641,6,237405,0,10647,237405
IN13A002,10641,6,237405,0,10647,237405
IN13A010,10641,6,237405,0,10647,237405
IN13A028,10641,6,237405,0,10647,237405
IN13A030,10641,6,237405,0,10647,237405
IN13A044,10641,6,237405,0,10647,237405
IN13B007,10641,6,237405,0,10647,237405
IN13B008,10641,6,237405,0,10647,237405
IN13B030,10641,6,237405,0,10647,237405
IN14A001,10641,6,237405,0,10647,237405
IN14A010,10641,6,237405,0,10647,237405
IN14A018,10641,6,237405,0,10647,237405
IN14A021,10641,6,237405,0,10647,237405
IN14A052,10641,6,237405,0,10647,237405
IN14A058,10641,6,237405,0,10647,237405
IN14A062,10641,6,237405,0,10647,237405
IN14A089,10641,6,237405,0,10647,237405
IN14A090,10641,6,237405,0,10647,237405
IN14A104,10641,6,237405,0,10647,237405
IN16B047,10641,6,237405,0,10647,237405
IN16B059,10641,6,237405,0,10647,237405
IN16B063,10641,6,237405,0,10647,237405
IN16B079,10641,6,237405,0,10647,237405
IN16B093,10641,6,237405,0,10647,237405
IN18B032,10641,6,237405,0,10647,237405
IN19A029,10641,6,237405,0,10647,237405
IN19B008,10641,6,237405,0,10647,237405
IN19B031,10641,6,237405,0,10647,237405
IN19B058,10641,6,237405,0,10647,237405
IN19B083,10641,6,237405,0,10647,237405
IN19B086,10641,6,237405,0,10647,237405
IN20A.22A005,10641,6,237405,0,10647,237405
IN20A.22A059,10641,6,237405,0,10647,237405
IN20A.22A074,10641,6,237405,0,10647,237405
IN20A.22A077,10641,6,237405,0,10647,237405
IN23B033,10641,6,237405,0,10647,237405
IN23B043,10641,6,237405,0,10647,237405
IN23B063,10641,6,237405,0,10647,237405
IN23B067_b,10641,6,237405,0,10647,237405
INXXX042,10641,6,237405,0,10647,237405
INXXX114,10641,6,237405,0,10647,237405
INXXX198,10641,6,237405,0,10647,237405
INXXX213,10641,6,237405,0,10647,237405
INXXX219,10641,6,237405,0,10647,237405
INXXX276,10641,6,237405,0,10647,237405
INXXX304,10641,6,237405,0,10647,237405
INXXX364,10641,6,237405,0,10647,237405
INXXX406,10641,6,237405,0,10647,237405
M_VPNml66,10641,6,237405,0,10647,237405
M_adPNm3,10641,6,237405,0,10647,237405
M_lvPNm38,10641,6,237405,0,10647,237405
M_lvPNm41,10641,6,237405,0,10647,237405
PRW013,10641,6,237405,0,10647,237405
PRW016,10641,6,237405,0,10647,237405
PRW024,10641,6,237405,0,10647,237405
PRW025,10641,6,237405,0,10647,237405
SAD001,10641,6,237405,0,10647,237405
SAD076,10641,6,237405,0,10647,237405
SAD114,10641,6,237405,0,10647,237405
SAD116,10641,6,237405,0,10647,237405
SLP238,10641,6,237405,0,10647,237405
VP5+Z_adPN,10641,6,237405,0,10647,237405
lLN13,10641,6,237405,0,10647,237405
lLN9,10641,6,237405,0,10647,237405
mAL4B,10641,6,237405,0,10647,237405
v2LN50,10641,6,237405,0,10647,237405
JO-DA,10642,5,236740,665,10647,237405
JO-DP,10642,5,236740,665,10647,237405
LB2d,10642,5,236740,665,10647,237405
ORN_DA3,10642,5,236740,665,10647,237405
ORN_VA4,10642,5,236740,665,10647,237405
SNpp49,10642,5,236740,665,10647,237405
SNta40,10642,5,236740,665,10647,237405
SNtaxx,10642,5,236740,665,10647,237405
SNxx16,10642,5,236740,665,10647,237405
TRN_VP3b,10642,5,236740,665,10647,237405
DNg23,10642,5,237048,357,10647,237405
DNge012,10642,5,237048,357,10647,237405
DNge025,10642,5,237048,357,10647,237405
DNge071,10642,5,237048,357,10647,237405
DNge084,10642,5,237048,357,10647,237405
DNge091,10642,5,237048,357,10647,237405
DNge100,10642,5,237048,357,10647,237405
DNge111,10642,5,237048,357,10647,237405
DNge133,10642,5,237048,357,10647,237405
DNge154,10642,5,237048,357,10647,237405
DNge181,10642,5,237048,357,10647,237405
DNp33,10642,5,237048,357,10647,237405
DNp73,10642,5,237048,357,10647,237405
DNpe029,10642,5,237048,357,10647,237405
MNhl29,10642,5,237048,357,10647,237405
MNnm13,10642,5,237048,357,10647,237405
Pleural remotor/abductor MN,10642,5,237048,357,10647,237405
ALON2,10642,5,237405,0,10647,237405
AMMC007,10642,5,237405,0,10647,237405
AMMC014,10642,5,237405,0,10647,237405
AMMC020,10642,5,237405,0,10647,237405
AMMC023,10642,5,237405,0,10647,237405
AMMC026,10642,5,237405,0,10647,237405
AMMC030,10642,5,237405,0,10647,237405
AN01A089,10642,5,237405,0,10647,237405
AN04B004,10642,5,237405,0,10647,237405
AN05B063,10642,5,237405,0,10647,237405
AN05B102c,10642,5,237405,0,10647,237405
AN05B102d,10642,5,237405,0,10647,237405
AN06A010,10642,5,237405,0,10647,237405
AN06B037,10642,5,237405,0,10647,237405
AN07B046_c,10642,5,237405,0,10647,237405
AN07B069_a,10642,5,237405,0,10647,237405
AN07B082_c,10642,5,237405,0,10647,237405
AN07B106,10642,5,237405,0,10647,237405
AN08B005,10642,5,237405,0,10647,237405
AN08B013,10642,5,237405,0,10647,237405
AN08B023,10642,5,237405,0,10647,237405
AN09B015,10642,5,237405,0,10647,237405
AN09B017a,10642,5,237405,0,10647,237405
AN09B017d,10642,5,237405,0,10647,237405
AN09B017e,10642,5,237405,0,10647,237405
AN09B027,10642,5,237405,0,10647,237405
AN10B019,10642,5,237405,0,10647,237405
AN10B053,10642,5,237405,0,10647,237405
AN12B011,10642,5,237405,0,10647,237405
AN12B017,10642,5,237405,0,10647,237405
AN17A002,10642,5,237405,0,10647,237405
AN17A008,10642,5,237405,0,10647,237405
AN17A015,10642,5,237405,0,10647,237405
AN17A047,10642,5,237405,0,10647,237405
AN17A068,10642,5,237405,0,10647,237405
AN17B013,10642,5,237405,0,10647,237405
AN19B061,10642,5,237405,0,10647,237405
AN19B079,10642,5,237405,0,10647,237405
AN19B098,10642,5,237405,0,10647,237405
AN27X024,10642,5,237405,0,10647,237405
ANXXX082,10642,5,237405,0,10647,237405
ANXXX108,10642,5,237405,0,10647,237405
ANXXX120,10642,5,237405,0,10647,237405
ANXXX157,10642,5,237405,0,10647,237405
ANXXX202,10642,5,237405,0,10647,237405
ANXXX462a,10642,5,237405,0,10647,237405
AVLP447,10642,5,237405,0,10647,237405
CB0090,10642,5,237405,0,10647,237405
CB0307,10642,5,237405,0,10647,237405
CB0986,10642,5,237405,0,10647,237405
CB1094,10642,5,237405,0,10647,237405
CB2431,10642,5,237405,0,10647,237405
CB2440,10642,5,237405,0,10647,237405
CB2664,10642,5,237405,0,10647,237405
CB2703,10642,5,237405,0,10647,237405
CB2711,10642,5,237405,0,10647,237405
CB3646,10642,5,237405,0,10647,237405
CB3710,10642,5,237405,0,10647,237405
CB3739,10642,5,237405,0,10647,237405
CB4083,10642,5,237405,0,10647,237405
DA4m_adPN,10642,5,237405,0,10647,237405
GNG032,10642,5,237405,0,10647,237405
GNG038,10642,5,237405,0,10647,237405
GNG039,10642,5,237405,0,10647,237405
GNG045,10642,5,237405,0,10647,237405
GNG061,10642,5,237405,0,10647,237405
GNG075,10642,5,237405,0,10647,237405
GNG087,10642,5,237405,0,10647,237405
GNG089,10642,5,237405,0,10647,237405
GNG147,10642,5,237405,0,10647,237405
GNG165,10642,5,237405,0,10647,237405
GNG172,10642,5,237405,0,10647,237405
GNG203,10642,5,237405,0,10647,237405
GNG228,10642,5,237405,0,10647,237405
GNG231,10642,5,237405,0,10647,237405
GNG238,10642,5,237405,0,10647,237405
GNG254,10642,5,237405,0,10647,237405
GNG255,10642,5,237405,0,10647,237405
GNG354,10642,5,237405,0,10647,237405
GNG379,10642,5,237405,0,10647,237405
GNG400,10642,5,237405,0,10647,237405
GNG440,10642,5,237405,0,10647,237405
GNG452,10642,5,237405,0,10647,237405
GNG454,10642,5,237405,0,10647,237405
GNG511,10642,5,237405,0,10647,237405
GNG598,10642,5,237405,0,10647,237405
GNG609,10642,5,237405,0,10647,237405
GNG622,10642,5,237405,0,10647,237405
GNG666,10642,5,237405,0,10647,237405
IN00A004,10642,5,237405,0,10647,237405
IN00A008,10642,5,237405,0,10647,237405
IN00A009,10642,5,237405,0,10647,237405
IN00A030,10642,5,237405,0,10647,237405
IN00A033,10642,5,237405,0,10647,237405
IN00A038,10642,5,237405,0,10647,237405
IN00A051,10642,5,237405,0,10647,237405
IN01B016,10642,5,237405,0,10647,237405
IN01B022,10642,5,237405,0,10647,237405
IN01B046_b,10642,5,237405,0,10647,237405
IN01B049,10642,5,237405,0,10647,237405
IN01B053,10642,5,237405,0,10647,237405
IN01B059_a,10642,5,237405,0,10647,237405
IN01B060,10642,5,237405,0,10647,237405
IN01B079,10642,5,237405,0,10647,237405
IN01B083_c,10642,5,237405,0,10647,237405
IN02A042,10642,5,237405,0,10647,237405
IN02A044,10642,5,237405,0,10647,237405
IN02A047,10642,5,237405,0,10647,237405
IN03A007,10642,5,237405,0,10647,237405
IN03A021,10642,5,237405,0,10647,237405
IN03A027,10642,5,237405,0,10647,237405
IN03A034,10642,5,237405,0,10647,237405
IN03A054,10642,5,237405,0,10647,237405
IN03A093,10642,5,237405,0,10647,237405
IN03B067,10642,5,237405,0,10647,237405
IN03B069,10642,5,237405,0,10647,237405
IN03B091,10642,5,237405,0,10647,237405
IN04B027,10642,5,237405,0,10647,237405
IN04B029,10642,5,237405,0,10647,237405
IN04B054_b,10642,5,237405,0,10647,237405
IN04B068,10642,5,237405,0,10647,237405
IN04B076,10642,5,237405,0,10647,237405
IN04B079,10642,5,237405,0,10647,237405
IN05B022,10642,5,237405,0,10647,237405
IN06A002,10642,5,237405,0,10647,237405
IN06A003,10642,5,237405,0,10647,237405
IN06A069,10642,5,237405,0,10647,237405
IN06A079,10642,5,237405,0,10647,237405
IN06A086,10642,5,237405,0,10647,237405
IN06A104,10642,5,237405,0,10647,237405
IN06B014,10642,5,237405,0,10647,237405
IN06B078,10642,5,237405,0,10647,237405
IN07B028,10642,5,237405,0,10647,237405
IN07B090,10642,5,237405,0,10647,237405
IN07B094_b,10642,5,237405,0,10647,237405
IN07B096_c,10642,5,237405,0,10647,237405
IN08A011,10642,5,237405,0,10647,237405
IN08A021,10642,5,237405,0,10647,237405
IN08A035,10642,5,237405,0,10647,237405
IN08B046,10642,5,237405,0,10647,237405
IN08B051_a,10642,5,237405,0,10647,237405
IN09A017,10642,5,237405,0,10647,237405
IN09A031,10642,5,237405,0,10647,237405
IN09A038,10642,5,237405,0,10647,237405
IN09A039,10642,5,237405,0,10647,237405
IN09A073,10642,5,237405,0,10647,237405
IN09A083,10642,5,237405,0,10647,237405
IN09B006,10642,5,237405,0,10647,237405
IN09B008,10642,5,237405,0,10647,237405
IN09B045,10642,5,237405,0,10647,237405
IN10B038,10642,5,237405,0,10647,237405
IN11B015,10642,5,237405,0,10647,237405
IN11B018,10642,5,237405,0,10647,237405
IN12B002,10642,5,237405,0,10647,237405
IN12B029,10642,5,237405,0,10647,237405
IN12B059,10642,5,237405,0,10647,237405
IN12B063_b,10642,5,237405,0,10647,237405
IN13A005,10642,5,237405,0,10647,237405
IN13A009,10642,5,237405,0,10647,237405
IN13A036,10642,5,237405,0,10647,237405
IN13A043,10642,5,237405,0,10647,237405
IN13A047,10642,5,237405,0,10647,237405
IN13A049,10642,5,237405,0,10647,237405
IN13B038,10642,5,237405,0,10647,237405
IN13B051,10642,5,237405,0,10647,237405
IN13B076,10642,5,237405,0,10647,237405
IN14A002,10642,5,237405,0,10647,237405
IN14A053,10642,5,237405,0,10647,237405
IN14A068,10642,5,237405,0,10647,237405
IN14A074,10642,5,237405,0,10647,237405
IN14A077,10642,5,237405,0,10647,237405
IN14A078,10642,5,237405,0,10647,237405
IN14A120,10642,5,237405,0,10647,237405
IN16B039,10642,5,237405,0,10647,237405
IN16B051,10642,5,237405,0,10647,237405
IN16B058,10642,5,237405,0,10647,237405
IN16B066,10642,5,237405,0,10647,237405
IN17A011,10642,5,237405,0,10647,237405
IN17A020,10642,5,237405,0,10647,237405
IN17A060,10642,5,237405,0,10647,237405
IN17A085,10642,5,237405,0,10647,237405
IN17A111,10642,5,237405,0,10647,237405
IN17B014,10642,5,237405,0,10647,237405
IN18B012,10642,5,237405,0,10647,237405
IN19B045,10642,5,237405,0,10647,237405
IN19B066,10642,5,237405,0,10647,237405
IN19B068,10642,5,237405,0,10647,237405
IN19B103,10642,5,237405,0,10647,237405
IN20A.22A043,10642,5,237405,0,10647,237405
IN20A.22A046,10642,5,237405,0,10647,237405
"IN20A.22A061,IN20A.22A068",10642,5,237405,0,10647,237405
IN20A.22A079,10642,5,237405,0,10647,237405
IN20A.22A090,10642,5,237405,0,10647,237405
IN23B021,10642,5,237405,0,10647,237405
IN23B045,10642,5,237405,0,10647,237405
IN23B054,10642,5,237405,0,10647,237405
IN23B056,10642,5,237405,0,10647,237405
IN23B058,10642,5,237405,0,10647,237405
IN23B067_e,10642,5,237405,0,10647,237405
IN23B083,10642,5,237405,0,10647,237405
IN23B089,10642,5,237405,0,10647,237405
IN27X014,10642,5,237405,0,10647,237405
INXXX036,10642,5,237405,0,10647,237405
INXXX058,10642,5,237405,0,10647,237405
INXXX065,10642,5,237405,0,10647,237405
INXXX076,10642,5,237405,0,10647,237405
INXXX135,10642,5,237405,0,10647,237405
INXXX173,10642,5,237405,0,10647,237405
INXXX193,10642,5,237405,0,10647,237405
INXXX238,10642,5,237405,0,10647,237405
INXXX245,10642,5,237405,0,10647,237405
INXXX261,10642,5,237405,0,10647,237405
INXXX294,10642,5,237405,0,10647,237405
INXXX316,10642,5,237405,0,10647,237405
INXXX321,10642,5,237405,0,10647,237405
INXXX359,10642,5,237405,0,10647,237405
INXXX360,10642,5,237405,0,10647,237405
INXXX369,10642,5,237405,0,10647,237405
INXXX390,10642,5,237405,0,10647,237405
INXXX395,10642,5,237405,0,10647,237405
INXXX412,10642,5,237405,0,10647,237405
INXXX446,10642,5,237405,0,10647,237405
L3,10642,5,237405,0,10647,237405
MZ_lv2PN,10642,5,237405,0,10647,237405
M_adPNm7,10642,5,237405,0,10647,237405
M_l2PNl22,10642,5,237405,0,10647,237405
M_lPNm11B,10642,5,237405,0,10647,237405
M_lvPNm26,10642,5,237405,0,10647,237405
M_lvPNm33,10642,5,237405,0,10647,237405
M_lvPNm37,10642,5,237405,0,10647,237405
M_vPNml57,10642,5,237405,0,10647,237405
M_vPNml65,10642,5,237405,0,10647,237405
M_vPNml68,10642,5,237405,0,10647,237405
M_vPNml69,10642,5,237405,0,10647,237405
M_vPNml72,10642,5,237405,0,10647,237405
M_vPNml73,10642,5,237405,0,10647,237405
PRW015,10642,5,237405,0,10647,237405
PRW017,10642,5,237405,0,10647,237405
PRW031,10642,5,237405,0,10647,237405
PRW038,10642,5,237405,0,10647,237405
SAD003,10642,5,237405,0,10647,237405
SAD051_b,10642,5,237405,0,10647,237405
SAD072,10642,5,237405,0,10647,237405
SAD080,10642,5,237405,0,10647,237405
SLP234,10642,5,237405,0,10647,237405
SLP235,10642,5,237405,0,10647,237405
VM6_adPN,10642,5,237405,0,10647,237405
VM6_lvPN,10642,5,237405,0,10647,237405
VP1l+_lvPN,10642,5,237405,0,10647,237405
WED167,10642,5,237405,0,10647,237405
Z_vPNml1,10642,5,237405,0,10647,237405
lLN2T_e,10642,5,237405,0,10647,237405
lLN8,10642,5,237405,0,10647,237405
mAL4F,10642,5,237405,0,10647,237405
v2LN34A,10642,5,237405,0,10647,237405
v2LN49,10642,5,237405,0,10647,237405
vLN27,10642,5,237405,0,10647,237405
vMS13,10642,5,237405,0,10647,237405
JO-FD2,10643,4,236740,665,10647,237405
LB1d,10643,4,236740,665,10647,237405
ORN_DA4l,10643,4,236740,665,10647,237405
PhG2,10643,4,236740,665,10647,237405
R1-R6,10643,4,236740,665,10647,237405
SApp20,10643,4,236740,665,10647,237405
SNpp13,10643,4,236740,665,10647,237405
SNpp27,10643,4,236740,665,10647,237405
DNg08,10643,4,237048,357,10647,237405
DNg35,10643,4,237048,357,10647,237405
DNg51,10643,4,237048,357,10647,237405
DNg99,10643,4,237048,357,10647,237405
DNge011,10643,4,237048,357,10647,237405
DNge019,10643,4,237048,357,10647,237405
DNge044,10643,4,237048,357,10647,237405
DNge057,10643,4,237048,357,10647,237405
DNge065,10643,4,237048,357,10647,237405
DNge128,10643,4,237048,357,10647,237405
DNge172,10643,4,237048,357,10647,237405
DNge184,10643,4,237048,357,10647,237405
DNpe030,10643,4,237048,357,10647,237405
GNG647,10643,4,237048,357,10647,237405
"MNad18,MNad27",10643,4,237048,357,10647,237405
MNad25,10643,4,237048,357,10647,237405
MNhl88,10643,4,237048,357,10647,237405
MNml77,10643,4,237048,357,10647,237405
MNnm03,10643,4,237048,357,10647,237405
STTMm,10643,4,237048,357,10647,237405
TTMn,10643,4,237048,357,10647,237405
Ta depressor MN,10643,4,237048,357,10647,237405
hiii2 MN,10643,4,237048,357,10647,237405
ALIN2,10643,4,237405,0,10647,237405
AMMC004,10643,4,237405,0,10647,237405
AMMC005,10643,4,237405,0,10647,237405
AMMC013,10643,4,237405,0,10647,237405
AMMC019,10643,4,237405,0,10647,237405
AN01B004,10643,4,237405,0,10647,237405
AN01B005,10643,4,237405,0,10647,237405
AN05B010,10643,4,237405,0,10647,237405
AN05B026,10643,4,237405,0,10647,237405
AN05B045,10643,4,237405,0,10647,237405
AN05B050_c,10643,4,237405,0,10647,237405
AN05B058,10643,4,237405,0,10647,237405
AN05B068,10643,4,237405,0,10647,237405
AN05B081,10643,4,237405,0,10647,237405
AN05B101,10643,4,237405,0,10647,237405
AN05B102a,10643,4,237405,0,10647,237405
AN05B102b,10643,4,237405,0,10647,237405
AN05B105,10643,4,237405,0,10647,237405
AN05B108,10643,4,237405,0,10647,237405
AN06A026,10643,4,237405,0,10647,237405
AN06A112,10643,4,237405,0,10647,237405
AN06B009,10643,4,237405,0,10647,237405
AN06B015,10643,4,237405,0,10647,237405
AN07B025,10643,4,237405,0,10647,237405
AN07B035,10643,4,237405,0,10647,237405
AN07B063,10643,4,237405,0,10647,237405
AN07B072_d,10643,4,237405,0,10647,237405
AN07B082_d,10643,4,237405,0,10647,237405
AN08B016,10643,4,237405,0,10647,237405
AN08B032,10643,4,237405,0,10647,237405
AN08B053,10643,4,237405,0,10647,237405
AN08B101,10643,4,237405,0,10647,237405
AN09B002,10643,4,237405,0,10647,237405
AN09B006,10643,4,237405,0,10647,237405
AN09B011,10643,4,237405,0,10647,237405
AN09B012,10643,4,237405,0,10647,237405
AN09B017c,10643,4,237405,0,10647,237405
AN09B024,10643,4,237405,0,10647,237405
AN10B008,10643,4,237405,0,10647,237405
AN10B029,10643,4,237405,0,10647,237405
AN10B034,10643,4,237405,0,10647,237405
AN10B037,10643,4,237405,0,10647,237405
AN11B012,10643,4,237405,0,10647,237405
AN12B076,10643,4,237405,0,10647,237405
AN16B078_d,10643,4,237405,0,10647,237405
AN17A009,10643,4,237405,0,10647,237405
AN19B032,10643,4,237405,0,10647,237405
AN19B046,10643,4,237405,0,10647,237405
AN19B059,10643,4,237405,0,10647,237405
AN19B060,10643,4,237405,0,10647,237405
AN19B063,10643,4,237405,0,10647,237405
AN19B065,10643,4,237405,0,10647,237405
AN19B076,10643,4,237405,0,10647,237405
AN19B093,10643,4,237405,0,10647,237405
AN23B004,10643,4,237405,0,10647,237405
AN27X022,10643,4,237405,0,10647,237405
ANXXX006,10643,4,237405,0,10647,237405
ANXXX136,10643,4,237405,0,10647,237405
ANXXX151,10643,4,237405,0,10647,237405
ANXXX169,10643,4,237405,0,10647,237405
ANXXX196,10643,4,237405,0,10647,237405
ANXXX462b,10643,4,237405,0,10647,237405
AVLP445,10643,4,237405,0,10647,237405
CB0432,10643,4,237405,0,10647,237405
CB1542,10643,4,237405,0,10647,237405
CB2471,10643,4,237405,0,10647,237405
CB2475,10643,4,237405,0,10647,237405
CB2589,10643,4,237405,0,10647,237405
CB2908,10643,4,237405,0,10647,237405
CB3007,10643,4,237405,0,10647,237405
CB3228,10643,4,237405,0,10647,237405
CB3738,10643,4,237405,0,10647,237405
CB3798,10643,4,237405,0,10647,237405
CB4094,10643,4,237405,0,10647,237405
DL2d_adPN,10643,4,237405,0,10647,237405
GNG001,10643,4,237405,0,10647,237405
GNG033,10643,4,237405,0,10647,237405
GNG042,10643,4,237405,0,10647,237405
GNG046,10643,4,237405,0,10647,237405
GNG058,10643,4,237405,0,10647,237405
GNG060,10643,4,237405,0,10647,237405
GNG065,10643,4,237405,0,10647,237405
GNG068,10643,4,237405,0,10647,237405
GNG073,10643,4,237405,0,10647,237405
GNG083,10643,4,237405,0,10647,237405
GNG086,10643,4,237405,0,10647,237405
GNG094,10643,4,237405,0,10647,237405
GNG117,10643,4,237405,0,10647,237405
GNG132,10643,4,237405,0,10647,237405
GNG144,10643,4,237405,0,10647,237405
GNG149,10643,4,237405,0,10647,237405
GNG168,10643,4,237405,0,10647,237405
GNG174,10643,4,237405,0,10647,237405
GNG197,10643,4,237405,0,10647,237405
GNG200,10643,4,237405,0,10647,237405
GNG207,10643,4,237405,0,10647,237405
GNG253,10643,4,237405,0,10647,237405
GNG270,10643,4,237405,0,10647,237405
GNG271,10643,4,237405,0,10647,237405
GNG275,10643,4,237405,0,10647,237405
GNG300,10643,4,237405,0,10647,237405
GNG360,10643,4,237405,0,10647,237405
GNG401,10643,4,237405,0,10647,237405
GNG410,10643,4,237405,0,10647,237405
GNG412,10643,4,237405,0,10647,237405
GNG414,10643,4,237405,0,10647,237405
GNG416,10643,4,237405,0,10647,237405
GNG422,10643,4,237405,0,10647,237405
GNG429,10643,4,237405,0,10647,237405
GNG430_b,10643,4,237405,0,10647,237405
GNG431,10643,4,237405,0,10647,237405
GNG449,10643,4,237405,0,10647,237405
GNG450,10643,4,237405,0,10647,237405
GNG483,10643,4,237405,0,10647,237405
GNG515,10643,4,237405,0,10647,237405
GNG530,10643,4,237405,0,10647,237405
GNG546,10643,4,237405,0,10647,237405
GNG547,10643,4,237405,0,10647,237405
GNG559,10643,4,237405,0,10647,237405
GNG593,10643,4,237405,0,10647,237405
GNG599,10643,4,237405,0,10647,237405
GNG604,10643,4,237405,0,10647,237405
GNG612,10643,4,237405,0,10647,237405
GNG617,10643,4,237405,0,10647,237405
GNG623,10643,4,237405,0,10647,237405
GNG634,10643,4,237405,0,10647,237405
IN00A007,10643,4,237405,0,10647,237405
IN00A018,10643,4,237405,0,10647,237405
IN00A019,10643,4,237405,0,10647,237405
IN00A026,10643,4,237405,0,10647,237405
IN00A034,10643,4,237405,0,10647,237405
IN00A065,10643,4,237405,0,10647,237405
IN01A010,10643,4,237405,0,10647,237405
IN01A032,10643,4,237405,0,10647,237405
IN01A042,10643,4,237405,0,10647,237405
IN01A044,10643,4,237405,0,10647,237405
IN01A045,10643,4,237405,0,10647,237405
IN01A051,10643,4,237405,0,10647,237405
IN01B008,10643,4,237405,0,10647,237405
IN01B021,10643,4,237405,0,10647,237405
IN01B034,10643,4,237405,0,10647,237405
IN01B039,10643,4,237405,0,10647,237405
IN01B077_a,10643,4,237405,0,10647,237405
IN02A008,10643,4,237405,0,10647,237405
IN02A019,10643,4,237405,0,10647,237405
IN02A054,10643,4,237405,0,10647,237405
IN02A061,10643,4,237405,0,10647,237405
IN03A003,10643,4,237405,0,10647,237405
IN03A024,10643,4,237405,0,10647,237405
IN03A030,10643,4,237405,0,10647,237405
IN03A032,10643,4,237405,0,10647,237405
IN03A033,10643,4,237405,0,10647,237405
IN03A055,10643,4,237405,0,10647,237405
IN03A064,10643,4,237405,0,10647,237405
IN03A070,10643,4,237405,0,10647,237405
IN03A077,10643,4,237405,0,10647,237405
IN03A081,10643,4,237405,0,10647,237405
IN03A091,10643,4,237405,0,10647,237405
IN03B034,10643,4,237405,0,10647,237405
IN03B056,10643,4,237405,0,10647,237405
IN03B075,10643,4,237405,0,10647,237405
IN03B079,10643,4,237405,0,10647,237405
IN03B089,10643,4,237405,0,10647,237405
IN03B090,10643,4,237405,0,10647,237405
IN04B007,10643,4,237405,0,10647,237405
IN04B017,10643,4,237405,0,10647,237405
IN04B034,10643,4,237405,0,10647,237405
IN04B064,10643,4,237405,0,10647,237405
IN04B087,10643,4,237405,0,10647,237405
IN05B002,10643,4,237405,0,10647,237405
IN05B030,10643,4,237405,0,10647,237405
IN05B093,10643,4,237405,0,10647,237405
IN06A008,10643,4,237405,0,10647,237405
IN06A019,10643,4,237405,0,10647,237405
IN06A044,10643,4,237405,0,10647,237405
IN06A057,10643,4,237405,0,10647,237405
IN06A067_b,10643,4,237405,0,10647,237405
IN06A067_e,10643,4,237405,0,10647,237405
IN06A090,10643,4,237405,0,10647,237405
IN06A105,10643,4,237405,0,10647,237405
IN06A107,10643,4,237405,0,10647,237405
IN06A111,10643,4,237405,0,10647,237405
IN06A113,10643,4,237405,0,10647,237405
IN06A120_b,10643,4,237405,0,10647,237405
IN06A125,10643,4,237405,0,10647,237405
IN06B015,10643,4,237405,0,10647,237405
IN06B017,10643,4,237405,0,10647,237405
IN06B024,10643,4,237405,0,10647,237405
IN06B033,10643,4,237405,0,10647,237405
IN06B050,10643,4,237405,0,10647,237405
IN06B066,10643,4,237405,0,10647,237405
IN06B085,10643,4,237405,0,10647,237405
IN07B014,10643,4,237405,0,10647,237405
IN07B083_d,10643,4,237405,0,10647,237405
IN07B086,10643,4,237405,0,10647,237405
IN07B087,10643,4,237405,0,10647,237405
IN07B094_a,10643,4,237405,0,10647,237405
IN07B096_b,10643,4,237405,0,10647,237405
IN07B100,10643,4,237405,0,10647,237405
IN08A019,10643,4,237405,0,10647,237405
IN08A022,10643,4,237405,0,10647,237405
IN08A024,10643,4,237405,0,10647,237405
IN08A043,10643,4,237405,0,10647,237405
IN08B003,10643,4,237405,0,10647,237405
IN08B039,10643,4,237405,0,10647,237405
IN08B083_d,10643,4,237405,0,10647,237405
IN08B104,10643,4,237405,0,10647,237405
IN09A009,10643,4,237405,0,10647,237405
IN09A020,10643,4,237405,0,10647,237405
IN09A021,10643,4,237405,0,10647,237405
IN09A032,10643,4,237405,0,10647,237405
IN09A044,10643,4,237405,0,10647,237405
IN09A051,10643,4,237405,0,10647,237405
IN09A070,10643,4,237405,0,10647,237405
IN09A088,10643,4,237405,0,10647,237405
IN09A090,10643,4,237405,0,10647,237405
IN09B005,10643,4,237405,0,10647,237405
IN09B018,10643,4,237405,0,10647,237405
IN09B038,10643,4,237405,0,10647,237405
IN09B046,10643,4,237405,0,10647,237405
IN10B001,10643,4,237405,0,10647,237405
IN10B003,10643,4,237405,0,10647,237405
IN10B044,10643,4,237405,0,10647,237405
IN10B059,10643,4,237405,0,10647,237405
IN11A011,10643,4,237405,0,10647,237405
IN11A019,10643,4,237405,0,10647,237405
IN12A002,10643,4,237405,0,10647,237405
IN12A018,10643,4,237405,0,10647,237405
IN12A048,10643,4,237405,0,10647,237405
IN12B025,10643,4,237405,0,10647,237405
IN12B038,10643,4,237405,0,10647,237405
IN12B039,10643,4,237405,0,10647,237405
IN12B065,10643,4,237405,0,10647,237405
IN12B073,10643,4,237405,0,10647,237405
IN12B081,10643,4,237405,0,10647,237405
IN13A032,10643,4,237405,0,10647,237405
IN13A046,10643,4,237405,0,10647,237405
IN13A059,10643,4,237405,0,10647,237405
IN13A075,10643,4,237405,0,10647,237405
IN13B001,10643,4,237405,0,10647,237405
IN13B009,10643,4,237405,0,10647,237405
IN13B010,10643,4,237405,0,10647,237405
IN13B019,10643,4,237405,0,10647,237405
IN13B022,10643,4,237405,0,10647,237405
IN13B035,10643,4,237405,0,10647,237405
IN13B037,10643,4,237405,0,10647,237405
IN13B044,10643,4,237405,0,10647,237405
IN13B060,10643,4,237405,0,10647,237405
IN13B062,10643,4,237405,0,10647,237405
IN13B068,10643,4,237405,0,10647,237405
IN13B072,10643,4,237405,0,10647,237405
IN13B082,10643,4,237405,0,10647,237405
IN13B087,10643,4,237405,0,10647,237405
IN14A005,10643,4,237405,0,10647,237405
IN14A006,10643,4,237405,0,10647,237405
IN14A017,10643,4,237405,0,10647,237405
IN14A020,10643,4,237405,0,10647,237405
IN14A026,10643,4,237405,0,10647,237405
IN14A038,10643,4,237405,0,10647,237405
IN14A047,10643,4,237405,0,10647,237405
IN14A095,10643,4,237405,0,10647,237405
"IN14A100,IN14A113",10643,4,237405,0,10647,237405
IN14A106,10643,4,237405,0,10647,237405
IN14A108,10643,4,237405,0,10647,237405
IN14A118,10643,4,237405,0,10647,237405
IN14B008,10643,4,237405,0,10647,237405
IN16B032,10643,4,237405,0,10647,237405
IN16B033,10643,4,237405,0,10647,237405
IN16B041,10643,4,237405,0,10647,237405
IN16B053,10643,4,237405,0,10647,237405
IN16B070,10643,4,237405,0,10647,237405
IN16B071,10643,4,237405,0,10647,237405
IN16B072,10643,4,237405,0,10647,237405
IN16B075_h,10643,4,237405,0,10647,237405
IN16B084,10643,4,237405,0,10647,237405
IN16B092,10643,4,237405,0,10647,237405
IN16B100_a,10643,4,237405,0,10647,237405
IN16B106,10643,4,237405,0,10647,237405
IN16B108,10643,4,237405,0,10647,237405
IN16B111,10643,4,237405,0,10647,237405
IN17A007,10643,4,237405,0,10647,237405
IN17A016,10643,4,237405,0,10647,237405
IN17A019,10643,4,237405,0,10647,237405
IN17A030,10643,4,237405,0,10647,237405
"IN17A043,IN17A046",10643,4,237405,0,10647,237405
IN17A049,10643,4,237405,0,10647,237405
IN17A057,10643,4,237405,0,10647,237405
IN17A064,10643,4,237405,0,10647,237405
IN17A072,10643,4,237405,0,10647,237405
IN17A075,10643,4,237405,0,10647,237405
IN17A079,10643,4,237405,0,10647,237405
IN17A093,10643,4,237405,0,10647,237405
"IN17A113,IN17A119",10643,4,237405,0,10647,237405
IN19A022,10643,4,237405,0,10647,237405
IN19A030,10643,4,237405,0,10647,237405
IN19A036,10643,4,237405,0,10647,237405
IN19B016,10643,4,237405,0,10647,237405
IN19B033,10643,4,237405,0,10647,237405
IN19B034,10643,4,237405,0,10647,237405
IN19B048,10643,4,237405,0,10647,237405
IN20A.22A022,10643,4,237405,0,10647,237405
IN20A.22A050,10643,4,237405,0,10647,237405
IN20A.22A070,10643,4,237405,0,10647,237405
"IN20A.22A070,IN20A.22A080",10643,4,237405,0,10647,237405
IN20A.22A076,10643,4,237405,0,10647,237405
IN21A005,10643,4,237405,0,10647,237405
IN21A009,10643,4,237405,0,10647,237405
IN21A015,10643,4,237405,0,10647,237405
IN21A051,10643,4,237405,0,10647,237405
IN23B022,10643,4,237405,0,10647,237405
IN23B028,10643,4,237405,0,10647,237405
IN23B029,10643,4,237405,0,10647,237405
IN23B057,10643,4,237405,0,10647,237405
IN23B062,10643,4,237405,0,10647,237405
IN23B086,10643,4,237405,0,10647,237405
IN23B090,10643,4,237405,0,10647,237405
INXXX011,10643,4,237405,0,10647,237405
INXXX025,10643,4,237405,0,10647,237405
INXXX087,10643,4,237405,0,10647,237405
INXXX126,10643,4,237405,0,10647,237405
INXXX138,10643,4,237405,0,10647,237405
INXXX161,10643,4,237405,0,10647,237405
INXXX227,10643,4,237405,0,10647,237405
INXXX228,10643,4,237405,0,10647,237405
INXXX243,10643,4,237405,0,10647,237405
INXXX253,10643,4,237405,0,10647,237405
INXXX256,10643,4,237405,0,10647,237405
INXXX258,10643,4,237405,0,10647,237405
INXXX282,10643,4,237405,0,10647,237405
INXXX332,10643,4,237405,0,10647,237405
INXXX334,10643,4,237405,0,10647,237405
INXXX335,10643,4,237405,0,10647,237405
INXXX345,10643,4,237405,0,10647,237405
INXXX353,10643,4,237405,0,10647,237405
INXXX365,10643,4,237405,0,10647,237405
INXXX381,10643,4,237405,0,10647,237405
INXXX394,10643,4,237405,0,10647,237405
INXXX397,10643,4,237405,0,10647,237405
INXXX414,10643,4,237405,0,10647,237405
INXXX416,10643,4,237405,0,10647,237405
INXXX421,10643,4,237405,0,10647,237405
INXXX427,10643,4,237405,0,10647,237405
INXXX436,10643,4,237405,0,10647,237405
L1,10643,4,237405,0,10647,237405
M_ilPNm90,10643,4,237405,0,10647,237405
M_l2PNm17,10643,4,237405,0,10647,237405
M_lPNm11A,10643,4,237405,0,10647,237405
M_lvPNm42,10643,4,237405,0,10647,237405
M_vPNml54,10643,4,237405,0,10647,237405
MeTu3a,10643,4,237405,0,10647,237405
OA-VUMa5,10643,4,237405,0,10647,237405
PRW005,10643,4,237405,0,10647,237405
PRW027,10643,4,237405,0,10647,237405
PRW070,10643,4,237405,0,10647,237405
PS037,10643,4,237405,0,10647,237405
PS117_b,10643,4,237405,0,10647,237405
SAD034,10643,4,237405,0,10647,237405
SAD051_a,10643,4,237405,0,10647,237405
SAD057,10643,4,237405,0,10647,237405
SAD078,10643,4,237405,0,10647,237405
SLP237,10643,4,237405,0,10647,237405
SLP471,10643,4,237405,0,10647,237405
VP1d+VP4_l2PN1,10643,4,237405,0,10647,237405
VP1l+VP3_ilPN,10643,4,237405,0,10647,237405
VP3+VP1l_ivPN,10643,4,237405,0,10647,237405
WED100,10643,4,237405,0,10647,237405
WED166_a,10643,4,237405,0,10647,237405
WED194,10643,4,237405,0,10647,237405
WED202,10643,4,237405,0,10647,237405
WED208,10643,4,237405,0,10647,237405
aMe12,10643,4,237405,0,10647,237405
lLN10,10643,4,237405,0,10647,237405
lLN2X05,10643,4,237405,0,10647,237405
mAL4C,10643,4,237405,0,10647,237405
v2LN31,10643,4,237405,0,10647,237405
v2LN33,10643,4,237405,0,10647,237405
v2LN40_2,10643,4,237405,0,10647,237405
v2LN42,10643,4,237405,0,10647,237405
v2LNX01,10643,4,237405,0,10647,237405
ORN_DL4,10644,3,236740,665,10647,237405
ORN_VM1,10644,3,236740,665,10647,237405
ORN_VM2,10644,3,236740,665,10647,237405
ORN_VM3,10644,3,236740,665,10647,237405
R8d,10644,3,236740,665,10647,237405
SNpp03,10644,3,236740,665,10647,237405
SNpp55,10644,3,236740,665,10647,237405
ADNM1 MN,10644,3,237048,357,10647,237405
CvN6,10644,3,237048,357,10647,237405
"DLMn a, b",10644,3,237048,357,10647,237405
DLMn c-f,10644,3,237048,357,10647,237405
DNbe001,10644,3,237048,357,10647,237405
DNg06,10644,3,237048,357,10647,237405
DNg10,10644,3,237048,357,10647,237405
DNg24,10644,3,237048,357,10647,237405
DNg26,10644,3,237048,357,10647,237405
DNg37,10644,3,237048,357,10647,237405
DNg50,10644,3,237048,357,10647,237405
DNg58,10644,3,237048,357,10647,237405
DNg65,10644,3,237048,357,10647,237405
DNg76,10644,3,237048,357,10647,237405
DNg80,10644,3,237048,357,10647,237405
DNge008,10644,3,237048,357,10647,237405
DNge024,10644,3,237048,357,10647,237405
DNge038,10644,3,237048,357,10647,237405
DNge039,10644,3,237048,357,10647,237405
DNge041,10644,3,237048,357,10647,237405
DNge054,10644,3,237048,357,10647,237405
DNge108,10644,3,237048,357,10647,237405
DNge142,10644,3,237048,357,10647,237405
DNge150,10644,3,237048,357,10647,237405
DNge175,10644,3,237048,357,10647,237405
DNge178,10644,3,237048,357,10647,237405
DNge179,10644,3,237048,357,10647,237405
DNge182,10644,3,237048,357,10647,237405
DNp18,10644,3,237048,357,10647,237405
DNp28,10644,3,237048,357,10647,237405
DNp65,10644,3,237048,357,10647,237405
DNpe036,10644,3,237048,357,10647,237405
DNpe049,10644,3,237048,357,10647,237405
Fe reductor MN,10644,3,237048,357,10647,237405
GNG648,10644,3,237048,357,10647,237405
MN11V,10644,3,237048,357,10647,237405
MNad21,10644,3,237048,357,10647,237405
MNad23,10644,3,237048,357,10647,237405
MNad28,10644,3,237048,357,10647,237405
MNad29,10644,3,237048,357,10647,237405
MNhl02,10644,3,237048,357,10647,237405
MNhl59,10644,3,237048,357,10647,237405
MNhl60,10644,3,237048,357,10647,237405
MNhl62,10644,3,237048,357,10647,237405
MNhl87,10644,3,237048,357,10647,237405
MNhm42,10644,3,237048,357,10647,237405
MNml76,10644,3,237048,357,10647,237405
MNml79,10644,3,237048,357,10647,237405
"MNnm07,MNnm12",10644,3,237048,357,10647,237405
MNx01,10644,3,237048,357,10647,237405
MNxm01,10644,3,237048,357,10647,237405
Sternal adductor MN,10644,3,237048,357,10647,237405
Sternal posterior rotator MN,10644,3,237048,357,10647,237405
Tergotr. MN,10644,3,237048,357,10647,237405
Ti extensor MN,10644,3,237048,357,10647,237405
hi2 MN,10644,3,237048,357,10647,237405
i2 MN,10644,3,237048,357,10647,237405
ps2 MN,10644,3,237048,357,10647,237405
tp1 MN,10644,3,237048,357,10647,237405
ALIN6,10644,3,237405,0,10647,237405
ALON3,10644,3,237405,0,10647,237405
AMMC003,10644,3,237405,0,10647,237405
AMMC008,10644,3,237405,0,10647,237405
AMMC010,10644,3,237405,0,10647,237405
AMMC011,10644,3,237405,0,10647,237405
AMMC018,10644,3,237405,0,10647,237405
AMMC025,10644,3,237405,0,10647,237405
AN01A014,10644,3,237405,0,10647,237405
AN01B011,10644,3,237405,0,10647,237405
AN02A001,10644,3,237405,0,10647,237405
AN02A016,10644,3,237405,0,10647,237405
AN02A017,10644,3,237405,0,10647,237405
AN03A008,10644,3,237405,0,10647,237405
AN03B039,10644,3,237405,0,10647,237405
AN05B049_c,10644,3,237405,0,10647,237405
AN05B050_b,10644,3,237405,0,10647,237405
AN05B054_a,10644,3,237405,0,10647,237405
AN05B099,10644,3,237405,0,10647,237405
AN05B103,10644,3,237405,0,10647,237405
AN06A041,10644,3,237405,0,10647,237405
AN06A060,10644,3,237405,0,10647,237405
AN06A062,10644,3,237405,0,10647,237405
AN06A092,10644,3,237405,0,10647,237405
AN06B048,10644,3,237405,0,10647,237405
AN06B051,10644,3,237405,0,10647,237405
AN06B068,10644,3,237405,0,10647,237405
AN07B015,10644,3,237405,0,10647,237405
AN07B021,10644,3,237405,0,10647,237405
AN07B036,10644,3,237405,0,10647,237405
AN07B041,10644,3,237405,0,10647,237405
AN07B043,10644,3,237405,0,10647,237405
AN07B056,10644,3,237405,0,10647,237405
AN07B062,10644,3,237405,0,10647,237405
AN07B072_b,10644,3,237405,0,10647,237405
AN07B072_c,10644,3,237405,0,10647,237405
AN07B085,10644,3,237405,0,10647,237405
AN07B089,10644,3,237405,0,10647,237405
AN08B066,10644,3,237405,0,10647,237405
AN08B089,10644,3,237405,0,10647,237405
AN08B099_f,10644,3,237405,0,10647,237405
AN09A005,10644,3,237405,0,10647,237405
AN09B003,10644,3,237405,0,10647,237405
AN09B016,10644,3,237405,0,10647,237405
AN10B039,10644,3,237405,0,10647,237405
AN16B078_a,10644,3,237405,0,10647,237405
AN17A014,10644,3,237405,0,10647,237405
AN18B025,10644,3,237405,0,10647,237405
AN19A038,10644,3,237405,0,10647,237405
AN19B001,10644,3,237405,0,10647,237405
AN19B049,10644,3,237405,0,10647,237405
AN19B099,10644,3,237405,0,10647,237405
AN19B104,10644,3,237405,0,10647,237405
AN23B026,10644,3,237405,0,10647,237405
AN27X017,10644,3,237405,0,10647,237405
ANXXX013,10644,3,237405,0,10647,237405
ANXXX075,10644,3,237405,0,10647,237405
ANXXX084,10644,3,237405,0,10647,237405
ANXXX145,10644,3,237405,0,10647,237405
AVLP609,10644,3,237405,0,10647,237405
CB0122,10644,3,237405,0,10647,237405
CB0214,10644,3,237405,0,10647,237405
CB0397,10644,3,237405,0,10647,237405
CB0517,10644,3,237405,0,10647,237405
CB1030,10644,3,237405,0,10647,237405
CB1145,10644,3,237405,0,10647,237405
CB1394_b,10644,3,237405,0,10647,237405
CB1538,10644,3,237405,0,10647,237405
CB1585,10644,3,237405,0,10647,237405
CB1601,10644,3,237405,0,10647,237405
CB1786_a,10644,3,237405,0,10647,237405
CB2004,10644,3,237405,0,10647,237405
CB2050,10644,3,237405,0,10647,237405
CB2081_b,10644,3,237405,0,10647,237405
CB2084,10644,3,237405,0,10647,237405
CB2235,10644,3,237405,0,10647,237405
CB2309,10644,3,237405,0,10647,237405
CB2348,10644,3,237405,0,10647,237405
CB2561,10644,3,237405,0,10647,237405
CB2789,10644,3,237405,0,10647,237405
CB2824,10644,3,237405,0,10647,237405
CB2845,10644,3,237405,0,10647,237405
CB3024,10644,3,237405,0,10647,237405
CB3172,10644,3,237405,0,10647,237405
CB3207,10644,3,237405,0,10647,237405
CB3417,10644,3,237405,0,10647,237405
CB3437,10644,3,237405,0,10647,237405
CB3447,10644,3,237405,0,10647,237405
CB3673a,10644,3,237405,0,10647,237405
CB3673b,10644,3,237405,0,10647,237405
CB3692,10644,3,237405,0,10647,237405
CB3745,10644,3,237405,0,10647,237405
CB3746,10644,3,237405,0,10647,237405
CB3747,10644,3,237405,0,10647,237405
CB3953,10644,3,237405,0,10647,237405
CB4143,10644,3,237405,0,10647,237405
CB4182,10644,3,237405,0,10647,237405
CB4247,10644,3,237405,0,10647,237405
Cm11d,10644,3,237405,0,10647,237405
DL2d_vPN,10644,3,237405,0,10647,237405
DL2v_adPN,10644,3,237405,0,10647,237405
DM4_vPN,10644,3,237405,0,10647,237405
Dm-DRA2,10644,3,237405,0,10647,237405
Dm8a,10644,3,237405,0,10647,237405
GNG018,10644,3,237405,0,10647,237405
GNG026,10644,3,237405,0,10647,237405
GNG041,10644,3,237405,0,10647,237405
GNG043,10644,3,237405,0,10647,237405
GNG049,10644,3,237405,0,10647,237405
GNG053,10644,3,237405,0,10647,237405
GNG054,10644,3,237405,0,10647,237405
GNG056,10644,3,237405,0,10647,237405
GNG059,10644,3,237405,0,10647,237405
GNG064,10644,3,237405,0,10647,237405
GNG066,10644,3,237405,0,10647,237405
GNG067,10644,3,237405,0,10647,237405
GNG070,10644,3,237405,0,10647,237405
GNG072,10644,3,237405,0,10647,237405
GNG076,10644,3,237405,0,10647,237405
GNG077,10644,3,237405,0,10647,237405
GNG081,10644,3,237405,0,10647,237405
GNG084,10644,3,237405,0,10647,237405
GNG096,10644,3,237405,0,10647,237405
GNG099,10644,3,237405,0,10647,237405
GNG135,10644,3,237405,0,10647,237405
GNG196,10644,3,237405,0,10647,237405
GNG202,10644,3,237405,0,10647,237405
GNG206,10644,3,237405,0,10647,237405
GNG215,10644,3,237405,0,10647,237405
GNG221,10644,3,237405,0,10647,237405
GNG223,10644,3,237405,0,10647,237405
GNG227,10644,3,237405,0,10647,237405
GNG232,10644,3,237405,0,10647,237405
GNG239,10644,3,237405,0,10647,237405
GNG240,10644,3,237405,0,10647,237405
GNG244,10644,3,237405,0,10647,237405
GNG248,10644,3,237405,0,10647,237405
GNG251,10644,3,237405,0,10647,237405
GNG258,10644,3,237405,0,10647,237405
GNG259,10644,3,237405,0,10647,237405
GNG269,10644,3,237405,0,10647,237405
GNG272,10644,3,237405,0,10647,237405
GNG284,10644,3,237405,0,10647,237405
GNG297,10644,3,237405,0,10647,237405
GNG308,10644,3,237405,0,10647,237405
GNG321,10644,3,237405,0,10647,237405
GNG323,10644,3,237405,0,10647,237405
GNG325,10644,3,237405,0,10647,237405
GNG332,10644,3,237405,0,10647,237405
GNG334,10644,3,237405,0,10647,237405
GNG342,10644,3,237405,0,10647,237405
GNG357,10644,3,237405,0,10647,237405
GNG359,10644,3,237405,0,10647,237405
GNG369,10644,3,237405,0,10647,237405
GNG377,10644,3,237405,0,10647,237405
GNG382,10644,3,237405,0,10647,237405
GNG388,10644,3,237405,0,10647,237405
GNG391,10644,3,237405,0,10647,237405
GNG392,10644,3,237405,0,10647,237405
GNG393,10644,3,237405,0,10647,237405
GNG394,10644,3,237405,0,10647,237405
GNG395,10644,3,237405,0,10647,237405
GNG398,10644,3,237405,0,10647,237405
GNG413,10644,3,237405,0,10647,237405
GNG423,10644,3,237405,0,10647,237405
GNG427,10644,3,237405,0,10647,237405
GNG428,10644,3,237405,0,10647,237405
GNG444,10644,3,237405,0,10647,237405
GNG448,10644,3,237405,0,10647,237405
GNG489,10644,3,237405,0,10647,237405
GNG495,10644,3,237405,0,10647,237405
GNG558,10644,3,237405,0,10647,237405
GNG564,10644,3,237405,0,10647,237405
GNG566,10644,3,237405,0,10647,237405
GNG580,10644,3,237405,0,10647,237405
GNG583,10644,3,237405,0,10647,237405
GNG592,10644,3,237405,0,10647,237405
GNG614,10644,3,237405,0,10647,237405
GNG618,10644,3,237405,0,10647,237405
GNG619,10644,3,237405,0,10647,237405
GNG620,10644,3,237405,0,10647,237405
GNG646,10644,3,237405,0,10647,237405
GNG658,10644,3,237405,0,10647,237405
GNG662,10644,3,237405,0,10647,237405
GNG671,10644,3,237405,0,10647,237405
IN00A011,10644,3,237405,0,10647,237405
IN00A016,10644,3,237405,0,10647,237405
IN00A039,10644,3,237405,0,10647,237405
IN00A047,10644,3,237405,0,10647,237405
IN00A048,10644,3,237405,0,10647,237405
IN00A063,10644,3,237405,0,10647,237405
IN00A067,10644,3,237405,0,10647,237405
IN01A005,10644,3,237405,0,10647,237405
IN01A041,10644,3,237405,0,10647,237405
IN01A046,10644,3,237405,0,10647,237405
IN01A056,10644,3,237405,0,10647,237405
IN01B026,10644,3,237405,0,10647,237405
IN01B032,10644,3,237405,0,10647,237405
IN01B059_b,10644,3,237405,0,10647,237405
IN01B075,10644,3,237405,0,10647,237405
IN01B080,10644,3,237405,0,10647,237405
IN01B081,10644,3,237405,0,10647,237405
IN01B083_a,10644,3,237405,0,10647,237405
IN01B083_b,10644,3,237405,0,10647,237405
IN02A013,10644,3,237405,0,10647,237405
IN02A049,10644,3,237405,0,10647,237405
IN02A063,10644,3,237405,0,10647,237405
IN03A038,10644,3,237405,0,10647,237405
IN03A044,10644,3,237405,0,10647,237405
IN03A045,10644,3,237405,0,10647,237405
IN03A046,10644,3,237405,0,10647,237405
IN03A047,10644,3,237405,0,10647,237405
IN03A048,10644,3,237405,0,10647,237405
IN03A060,10644,3,237405,0,10647,237405
IN03A071,10644,3,237405,0,10647,237405
IN03A073,10644,3,237405,0,10647,237405
IN03A095,10644,3,237405,0,10647,237405
IN03B020,10644,3,237405,0,10647,237405
IN03B021,10644,3,237405,0,10647,237405
IN03B052,10644,3,237405,0,10647,237405
IN03B060,10644,3,237405,0,10647,237405
IN03B062,10644,3,237405,0,10647,237405
IN03B063,10644,3,237405,0,10647,237405
IN04A002,10644,3,237405,0,10647,237405
IN04B004,10644,3,237405,0,10647,237405
IN04B033,10644,3,237405,0,10647,237405
IN04B046,10644,3,237405,0,10647,237405
IN04B060,10644,3,237405,0,10647,237405
IN04B063,10644,3,237405,0,10647,237405
IN04B071,10644,3,237405,0,10647,237405
IN04B080,10644,3,237405,0,10647,237405
IN04B084,10644,3,237405,0,10647,237405
IN04B091,10644,3,237405,0,10647,237405
IN04B107,10644,3,237405,0,10647,237405
IN05B038,10644,3,237405,0,10647,237405
IN05B084,10644,3,237405,0,10647,237405
IN05B087,10644,3,237405,0,10647,237405
IN06A011,10644,3,237405,0,10647,237405
IN06A012,10644,3,237405,0,10647,237405
IN06A013,10644,3,237405,0,10647,237405
IN06A020,10644,3,237405,0,10647,237405
IN06A024,10644,3,237405,0,10647,237405
IN06A033,10644,3,237405,0,10647,237405
IN06A036,10644,3,237405,0,10647,237405
IN06A052,10644,3,237405,0,10647,237405
IN06A061,10644,3,237405,0,10647,237405
IN06A066,10644,3,237405,0,10647,237405
IN06A067_a,10644,3,237405,0,10647,237405
IN06A067_c,10644,3,237405,0,10647,237405
IN06A070,10644,3,237405,0,10647,237405
IN06A078,10644,3,237405,0,10647,237405
IN06A094,10644,3,237405,0,10647,237405
IN06A102,10644,3,237405,0,10647,237405
IN06A103,10644,3,237405,0,10647,237405
IN06A110,10644,3,237405,0,10647,237405
IN06A124,10644,3,237405,0,10647,237405
"IN06A126,IN06A137",10644,3,237405,0,10647,237405
IN06A132,10644,3,237405,0,10647,237405
IN06A135,10644,3,237405,0,10647,237405
IN06B013,10644,3,237405,0,10647,237405
IN06B021,10644,3,237405,0,10647,237405
IN06B038,10644,3,237405,0,10647,237405
IN06B049,10644,3,237405,0,10647,237405
IN06B052,10644,3,237405,0,10647,237405
IN06B061,10644,3,237405,0,10647,237405
IN06B067,10644,3,237405,0,10647,237405
IN07B019,10644,3,237405,0,10647,237405
IN07B033,10644,3,237405,0,10647,237405
IN07B039,10644,3,237405,0,10647,237405
IN07B047,10644,3,237405,0,10647,237405
IN07B048,10644,3,237405,0,10647,237405
IN07B063,10644,3,237405,0,10647,237405
IN07B073_a,10644,3,237405,0,10647,237405
IN07B073_b,10644,3,237405,0,10647,237405
IN07B073_e,10644,3,237405,0,10647,237405
IN07B075,10644,3,237405,0,10647,237405
IN07B077,10644,3,237405,0,10647,237405
IN07B079,10644,3,237405,0,10647,237405
IN07B080,10644,3,237405,0,10647,237405
IN07B081,10644,3,237405,0,10647,237405
IN07B092_b,10644,3,237405,0,10647,237405
IN07B092_e,10644,3,237405,0,10647,237405
IN07B096_a,10644,3,237405,0,10647,237405
IN07B099,10644,3,237405,0,10647,237405
IN08A007,10644,3,237405,0,10647,237405
IN08A012,10644,3,237405,0,10647,237405
IN08A026,10644,3,237405,0,10647,237405
"IN08A026,IN08A033",10644,3,237405,0,10647,237405
IN08A031,10644,3,237405,0,10647,237405
IN08A045,10644,3,237405,0,10647,237405
IN08B006,10644,3,237405,0,10647,237405
IN08B042,10644,3,237405,0,10647,237405
IN08B045,10644,3,237405,0,10647,237405
IN08B075,10644,3,237405,0,10647,237405
IN08B088,10644,3,237405,0,10647,237405
IN08B091,10644,3,237405,0,10647,237405
IN08B093,10644,3,237405,0,10647,237405
IN08B108,10644,3,237405,0,10647,237405
IN09A003,10644,3,237405,0,10647,237405
IN09A014,10644,3,237405,0,10647,237405
IN09A050,10644,3,237405,0,10647,237405
IN09A052,10644,3,237405,0,10647,237405
IN09A053,10644,3,237405,0,10647,237405
IN09A058,10644,3,237405,0,10647,237405
IN09A060,10644,3,237405,0,10647,237405
IN09A069,10644,3,237405,0,10647,237405
IN09A078,10644,3,237405,0,10647,237405
IN09A079,10644,3,237405,0,10647,237405
IN09A086,10644,3,237405,0,10647,237405
IN09A095,10644,3,237405,0,10647,237405
IN09A096,10644,3,237405,0,10647,237405
IN09B047,10644,3,237405,0,10647,237405
IN10B028,10644,3,237405,0,10647,237405
IN10B041,10644,3,237405,0,10647,237405
IN10B043,10644,3,237405,0,10647,237405
IN10B054,10644,3,237405,0,10647,237405
IN10B057,10644,3,237405,0,10647,237405
IN11A010,10644,3,237405,0,10647,237405
IN11A017,10644,3,237405,0,10647,237405
IN11A020,10644,3,237405,0,10647,237405
IN11A032_d,10644,3,237405,0,10647,237405
IN11B011,10644,3,237405,0,10647,237405
IN11B013,10644,3,237405,0,10647,237405
IN11B021_b,10644,3,237405,0,10647,237405
IN11B023,10644,3,237405,0,10647,237405
IN12A043_d,10644,3,237405,0,10647,237405
IN12A063_a,10644,3,237405,0,10647,237405
IN12B014,10644,3,237405,0,10647,237405
IN12B032,10644,3,237405,0,10647,237405
IN12B035,10644,3,237405,0,10647,237405
IN12B069,10644,3,237405,0,10647,237405
IN12B071,10644,3,237405,0,10647,237405
IN12B077,10644,3,237405,0,10647,237405
IN13A008,10644,3,237405,0,10647,237405
IN13A035,10644,3,237405,0,10647,237405
IN13A068,10644,3,237405,0,10647,237405
IN13B004,10644,3,237405,0,10647,237405
IN13B005,10644,3,237405,0,10647,237405
IN13B011,10644,3,237405,0,10647,237405
IN13B017,10644,3,237405,0,10647,237405
IN13B029,10644,3,237405,0,10647,237405
IN13B039,10644,3,237405,0,10647,237405
IN13B042,10644,3,237405,0,10647,237405
IN13B045,10644,3,237405,0,10647,237405
IN13B046,10644,3,237405,0,10647,237405
IN13B049,10644,3,237405,0,10647,237405
IN13B064,10644,3,237405,0,10647,237405
IN13B069,10644,3,237405,0,10647,237405
IN13B070,10644,3,237405,0,10647,237405
IN13B071,10644,3,237405,0,10647,237405
IN13B073,10644,3,237405,0,10647,237405
IN14A043,10644,3,237405,0,10647,237405
IN14A046,10644,3,237405,0,10647,237405
IN14A055,10644,3,237405,0,10647,237405
IN14A059,10644,3,237405,0,10647,237405
IN14A072,10644,3,237405,0,10647,237405
IN14A091,10644,3,237405,0,10647,237405
IN14A096,10644,3,237405,0,10647,237405
IN14A097,10644,3,237405,0,10647,237405
IN14A105,10644,3,237405,0,10647,237405
IN14A110,10644,3,237405,0,10647,237405
IN14B007,10644,3,237405,0,10647,237405
IN14B011,10644,3,237405,0,10647,237405
IN16B022,10644,3,237405,0,10647,237405
IN16B024,10644,3,237405,0,10647,237405
IN16B034,10644,3,237405,0,10647,237405
IN16B046,10644,3,237405,0,10647,237405
IN16B054,10644,3,237405,0,10647,237405
IN16B062,10644,3,237405,0,10647,237405
IN16B073,10644,3,237405,0,10647,237405
IN16B075,10644,3,237405,0,10647,237405
IN16B089,10644,3,237405,0,10647,237405
IN16B091,10644,3,237405,0,10647,237405
IN16B099,10644,3,237405,0,10647,237405
IN16B104,10644,3,237405,0,10647,237405
IN17A029,10644,3,237405,0,10647,237405
IN17A032,10644,3,237405,0,10647,237405
IN17A034,10644,3,237405,0,10647,237405
IN17A042,10644,3,237405,0,10647,237405
IN17A048,10644,3,237405,0,10647,237405
"IN17A071,IN17A081",10644,3,237405,0,10647,237405
IN17A078,10644,3,237405,0,10647,237405
IN17A084,10644,3,237405,0,10647,237405
"IN17A088,IN17A089",10644,3,237405,0,10647,237405
IN17A100,10644,3,237405,0,10647,237405
IN17A107,10644,3,237405,0,10647,237405
IN17A112,10644,3,237405,0,10647,237405
IN17A116,10644,3,237405,0,10647,237405
IN18B006,10644,3,237405,0,10647,237405
IN18B017,10644,3,237405,0,10647,237405
IN18B026,10644,3,237405,0,10647,237405
IN18B031,10644,3,237405,0,10647,237405
IN18B043,10644,3,237405,0,10647,237405
IN19A013,10644,3,237405,0,10647,237405
IN19A026,10644,3,237405,0,10647,237405
IN19A142,10644,3,237405,0,10647,237405
IN19B004,10644,3,237405,0,10647,237405
IN19B013,10644,3,237405,0,10647,237405
IN19B021,10644,3,237405,0,10647,237405
IN19B027,10644,3,237405,0,10647,237405
IN19B035,10644,3,237405,0,10647,237405
IN19B037,10644,3,237405,0,10647,237405
IN19B043,10644,3,237405,0,10647,237405
IN19B053,10644,3,237405,0,10647,237405
IN19B055,10644,3,237405,0,10647,237405
IN19B071,10644,3,237405,0,10647,237405
IN19B075,10644,3,237405,0,10647,237405
IN19B080,10644,3,237405,0,10647,237405
IN19B087,10644,3,237405,0,10647,237405
IN20A.22A023,10644,3,237405,0,10647,237405
IN20A.22A035,10644,3,237405,0,10647,237405
IN20A.22A053,10644,3,237405,0,10647,237405
IN20A.22A056,10644,3,237405,0,10647,237405
IN20A.22A060,10644,3,237405,0,10647,237405
IN20A.22A081,10644,3,237405,0,10647,237405
IN20A.22A086,10644,3,237405,0,10647,237405
IN21A013,10644,3,237405,0,10647,237405
IN21A014,10644,3,237405,0,10647,237405
IN21A019,10644,3,237405,0,10647,237405
IN21A061,10644,3,237405,0,10647,237405
IN23B001,10644,3,237405,0,10647,237405
IN23B011,10644,3,237405,0,10647,237405
IN23B016,10644,3,237405,0,10647,237405
IN23B035,10644,3,237405,0,10647,237405
IN23B041,10644,3,237405,0,10647,237405
IN23B048,10644,3,237405,0,10647,237405
IN23B061,10644,3,237405,0,10647,237405
IN23B067_a,10644,3,237405,0,10647,237405
IN23B067_d,10644,3,237405,0,10647,237405
IN23B078,10644,3,237405,0,10647,237405
IN26X001,10644,3,237405,0,10647,237405
IN27X023,10644,3,237405,0,10647,237405
INXXX038,10644,3,237405,0,10647,237405
INXXX045,10644,3,237405,0,10647,237405
INXXX052,10644,3,237405,0,10647,237405
INXXX054,10644,3,237405,0,10647,237405
INXXX073,10644,3,237405,0,10647,237405
INXXX083,10644,3,237405,0,10647,237405
INXXX084,10644,3,237405,0,10647,237405
INXXX143,10644,3,237405,0,10647,237405
INXXX194,10644,3,237405,0,10647,237405
INXXX215,10644,3,237405,0,10647,237405
INXXX220,10644,3,237405,0,10647,237405
INXXX244,10644,3,237405,0,10647,237405
INXXX246,10644,3,237405,0,10647,237405
INXXX257,10644,3,237405,0,10647,237405
INXXX262,10644,3,237405,0,10647,237405
INXXX268,10644,3,237405,0,10647,237405
INXXX292,10644,3,237405,0,10647,237405
INXXX300,10644,3,237405,0,10647,237405
INXXX352,10644,3,237405,0,10647,237405
INXXX357,10644,3,237405,0,10647,237405
INXXX396,10644,3,237405,0,10647,237405
INXXX401,10644,3,237405,0,10647,237405
INXXX407,10644,3,237405,0,10647,237405
INXXX411,10644,3,237405,0,10647,237405
INXXX415,10644,3,237405,0,10647,237405
INXXX424,10644,3,237405,0,10647,237405
INXXX429,10644,3,237405,0,10647,237405
INXXX442,10644,3,237405,0,10647,237405
INXXX460,10644,3,237405,0,10647,237405
M_adPNm4,10644,3,237405,0,10647,237405
M_l2PNm16,10644,3,237405,0,10647,237405
M_lPNm13,10644,3,237405,0,10647,237405
M_lvPNm31,10644,3,237405,0,10647,237405
M_lvPNm40,10644,3,237405,0,10647,237405
M_smPN6t2,10644,3,237405,0,10647,237405
M_spPN5t10,10644,3,237405,0,10647,237405
M_vPNml51,10644,3,237405,0,10647,237405
M_vPNml52,10644,3,237405,0,10647,237405
M_vPNml63,10644,3,237405,0,10647,237405
M_vPNml67,10644,3,237405,0,10647,237405
M_vPNml79,10644,3,237405,0,10647,237405
M_vPNml80,10644,3,237405,0,10647,237405
M_vPNml83,10644,3,237405,0,10647,237405
M_vPNml87,10644,3,237405,0,10647,237405
M_vPNml88,10644,3,237405,0,10647,237405
MeLo1,10644,3,237405,0,10647,237405
MeTu3b,10644,3,237405,0,10647,237405
MeTu3c,10644,3,237405,0,10647,237405
MeVP43,10644,3,237405,0,10647,237405
Mi15,10644,3,237405,0,10647,237405
Mi4,10644,3,237405,0,10647,237405
OA-VUMa2,10644,3,237405,0,10647,237405
PRW057,10644,3,237405,0,10647,237405
PRW068,10644,3,237405,0,10647,237405
PS095,10644,3,237405,0,10647,237405
PS117_a,10644,3,237405,0,10647,237405
PS239,10644,3,237405,0,10647,237405
PS331,10644,3,237405,0,10647,237405
PS337,10644,3,237405,0,10647,237405
SAD006,10644,3,237405,0,10647,237405
SAD030,10644,3,237405,0,10647,237405
SAD053,10644,3,237405,0,10647,237405
SAD064,10644,3,237405,0,10647,237405
SAD071,10644,3,237405,0,10647,237405
SAD079,10644,3,237405,0,10647,237405
SAD104,10644,3,237405,0,10647,237405
SAD109,10644,3,237405,0,10647,237405
Tm20,10644,3,237405,0,10647,237405
VA7m_lPN,10644,3,237405,0,10647,237405
VC5_lvPN,10644,3,237405,0,10647,237405
VL2p_vPN,10644,3,237405,0,10647,237405
VM1_lPN,10644,3,237405,0,10647,237405
VM5v_adPN,10644,3,237405,0,10647,237405
VM7v_adPN,10644,3,237405,0,10647,237405
VP1d+VP4_l2PN2,10644,3,237405,0,10647,237405
VP2+_adPN,10644,3,237405,0,10647,237405
VP3+_vPN,10644,3,237405,0,10647,237405
VP4+VL1_l2PN,10644,3,237405,0,10647,237405
WED083,10644,3,237405,0,10647,237405
WED102,10644,3,237405,0,10647,237405
WED159,10644,3,237405,0,10647,237405
WED163,10644,3,237405,0,10647,237405
WED196,10644,3,237405,0,10647,237405
WED203,10644,3,237405,0,10647,237405
WED204,10644,3,237405,0,10647,237405
WED205,10644,3,237405,0,10647,237405
WEDPN8B,10644,3,237405,0,10647,237405
lLN2P_a,10644,3,237405,0,10647,237405
mAL4A,10644,3,237405,0,10647,237405
mALB4,10644,3,237405,0,10647,237405
v2LN34F,10644,3,237405,0,10647,237405
v2LN38,10644,3,237405,0,10647,237405
v2LN41,10644,3,237405,0,10647,237405
vMS11,10644,3,237405,0,10647,237405
GNG655,10645,2,236740,665,10647,237405
JO-A4,10645,2,236740,665,10647,237405
ORN_DM5,10645,2,236740,665,10647,237405
ORN_VA5,10645,2,236740,665,10647,237405
ORN_VA7m,10645,2,236740,665,10647,237405
SApp05,10645,2,236740,665,10647,237405
SNpp24,10645,2,236740,665,10647,237405
"SNpp34,SApp16",10645,2,236740,665,10647,237405
"SNta27,SNta28",10645,2,236740,665,10647,237405
"SNta28,SNta44",10645,2,236740,665,10647,237405
SNta39,10645,2,236740,665,10647,237405
Acc. ti flexor MN,10645,2,237048,357,10647,237405
CvN5,10645,2,237048,357,10647,237405
DNae006,10645,2,237048,357,10647,237405
DNb05,10645,2,237048,357,10647,237405
DNg05_a,10645,2,237048,357,10647,237405
DNg09_b,10645,2,237048,357,10647,237405
DNg105,10645,2,237048,357,10647,237405
DNg110,10645,2,237048,357,10647,237405
DNg12_a,10645,2,237048,357,10647,237405
DNg18_a,10645,2,237048,357,10647,237405
DNg33,10645,2,237048,357,10647,237405
DNg34,10645,2,237048,357,10647,237405
DNg54,10645,2,237048,357,10647,237405
DNg66,10645,2,237048,357,10647,237405
DNg68,10645,2,237048,357,10647,237405
DNge009,10645,2,237048,357,10647,237405
DNge014,10645,2,237048,357,10647,237405
DNge015,10645,2,237048,357,10647,237405
DNge016,10645,2,237048,357,10647,237405
DNge021,10645,2,237048,357,10647,237405
DNge036,10645,2,237048,357,10647,237405
DNge063,10645,2,237048,357,10647,237405
DNge072,10645,2,237048,357,10647,237405
DNge074,10645,2,237048,357,10647,237405
DNge075,10645,2,237048,357,10647,237405
DNge085,10645,2,237048,357,10647,237405
DNge087,10645,2,237048,357,10647,237405
DNge092,10645,2,237048,357,10647,237405
DNge095,10645,2,237048,357,10647,237405
DNge105,10645,2,237048,357,10647,237405
DNge113,10645,2,237048,357,10647,237405
DNge115,10645,2,237048,357,10647,237405
DNge116,10645,2,237048,357,10647,237405
DNge117,10645,2,237048,357,10647,237405
DNge120,10645,2,237048,357,10647,237405
DNge130,10645,2,237048,357,10647,237405
DNge152,10645,2,237048,357,10647,237405
DNge153,10645,2,237048,357,10647,237405
DNp12,10645,2,237048,357,10647,237405
DNp55,10645,2,237048,357,10647,237405
DNpe017,10645,2,237048,357,10647,237405
"DVMn 3a, b",10645,2,237048,357,10647,237405
GNG641,10645,2,237048,357,10647,237405
GNG653,10645,2,237048,357,10647,237405
MN12D,10645,2,237048,357,10647,237405
MN5,10645,2,237048,357,10647,237405
MNad01,10645,2,237048,357,10647,237405
MNad02,10645,2,237048,357,10647,237405
MNad03,10645,2,237048,357,10647,237405
MNad12,10645,2,237048,357,10647,237405
MNad26,10645,2,237048,357,10647,237405
MNad40,10645,2,237048,357,10647,237405
MNad42,10645,2,237048,357,10647,237405
MNad44,10645,2,237048,357,10647,237405
MNhl01,10645,2,237048,357,10647,237405
MNhl64,10645,2,237048,357,10647,237405
MNhm03,10645,2,237048,357,10647,237405
MNhm43,10645,2,237048,357,10647,237405
MNml78,10645,2,237048,357,10647,237405
MNml80,10645,2,237048,357,10647,237405
MNml82,10645,2,237048,357,10647,237405
MNnm11,10645,2,237048,357,10647,237405
MNnm14,10645,2,237048,357,10647,237405
MNwm35,10645,2,237048,357,10647,237405
MNx03,10645,2,237048,357,10647,237405
MNx05,10645,2,237048,357,10647,237405
MNxm02,10645,2,237048,357,10647,237405
MNxm03,10645,2,237048,357,10647,237405
Sternal anterior rotator MN,10645,2,237048,357,10647,237405
Ta levator MN,10645,2,237048,357,10647,237405
hg2 MN,10645,2,237048,357,10647,237405
hg3 MN,10645,2,237048,357,10647,237405
AL-AST1,10645,2,237405,0,10647,237405
ALIN4,10645,2,237405,0,10647,237405
ALON1,10645,2,237405,0,10647,237405
AMMC001,10645,2,237405,0,10647,237405
AMMC002,10645,2,237405,0,10647,237405
AMMC017,10645,2,237405,0,10647,237405
AN01A006,10645,2,237405,0,10647,237405
AN01B014,10645,2,237405,0,10647,237405
AN01B018,10645,2,237405,0,10647,237405
AN02A002,10645,2,237405,0,10647,237405
AN03B095,10645,2,237405,0,10647,237405
AN04B001,10645,2,237405,0,10647,237405
AN04B003,10645,2,237405,0,10647,237405
AN05B027,10645,2,237405,0,10647,237405
AN05B049_b,10645,2,237405,0,10647,237405
AN05B056,10645,2,237405,0,10647,237405
AN05B067,10645,2,237405,0,10647,237405
AN05B069,10645,2,237405,0,10647,237405
AN05B083,10645,2,237405,0,10647,237405
AN05B097,10645,2,237405,0,10647,237405
AN06A017,10645,2,237405,0,10647,237405
AN06A080,10645,2,237405,0,10647,237405
AN06A095,10645,2,237405,0,10647,237405
AN06B012,10645,2,237405,0,10647,237405
AN06B044,10645,2,237405,0,10647,237405
AN06B045,10645,2,237405,0,10647,237405
AN07B018,10645,2,237405,0,10647,237405
AN07B024,10645,2,237405,0,10647,237405
AN07B037_a,10645,2,237405,0,10647,237405
AN07B049,10645,2,237405,0,10647,237405
AN07B060,10645,2,237405,0,10647,237405
AN07B072_a,10645,2,237405,0,10647,237405
AN07B072_f,10645,2,237405,0,10647,237405
AN07B082_b,10645,2,237405,0,10647,237405
AN07B091,10645,2,237405,0,10647,237405
AN07B097,10645,2,237405,0,10647,237405
AN07B100,10645,2,237405,0,10647,237405
AN07B101_a,10645,2,237405,0,10647,237405
AN07B101_b,10645,2,237405,0,10647,237405
AN07B101_c,10645,2,237405,0,10647,237405
AN08B024,10645,2,237405,0,10647,237405
AN08B025,10645,2,237405,0,10647,237405
AN08B028,10645,2,237405,0,10647,237405
AN08B050,10645,2,237405,0,10647,237405
AN08B074,10645,2,237405,0,10647,237405
AN08B079_a,10645,2,237405,0,10647,237405
AN08B079_b,10645,2,237405,0,10647,237405
AN08B094,10645,2,237405,0,10647,237405
AN08B107,10645,2,237405,0,10647,237405
AN08B110,10645,2,237405,0,10647,237405
AN08B113,10645,2,237405,0,10647,237405
AN09B004,10645,2,237405,0,10647,237405
AN09B017b,10645,2,237405,0,10647,237405
AN09B017f,10645,2,237405,0,10647,237405
AN09B028,10645,2,237405,0,10647,237405
AN09B037,10645,2,237405,0,10647,237405
AN09B040,10645,2,237405,0,10647,237405
AN09B060,10645,2,237405,0,10647,237405
AN10B015,10645,2,237405,0,10647,237405
AN10B017,10645,2,237405,0,10647,237405
AN10B018,10645,2,237405,0,10647,237405
AN10B031,10645,2,237405,0,10647,237405
AN10B035,10645,2,237405,0,10647,237405
AN10B046,10645,2,237405,0,10647,237405
AN10B048,10645,2,237405,0,10647,237405
AN10B061,10645,2,237405,0,10647,237405
AN12B055,10645,2,237405,0,10647,237405
AN16B078_c,10645,2,237405,0,10647,237405
AN16B081,10645,2,237405,0,10647,237405
AN16B112,10645,2,237405,0,10647,237405
AN16B116,10645,2,237405,0,10647,237405
AN17A050,10645,2,237405,0,10647,237405
AN18B032,10645,2,237405,0,10647,237405
AN19B015,10645,2,237405,0,10647,237405
AN19B101,10645,2,237405,0,10647,237405
AN19B102,10645,2,237405,0,10647,237405
AN19B106,10645,2,237405,0,10647,237405
AN23B003,10645,2,237405,0,10647,237405
AN27X008,10645,2,237405,0,10647,237405
AN27X011,10645,2,237405,0,10647,237405
AN27X018,10645,2,237405,0,10647,237405
ANXXX005,10645,2,237405,0,10647,237405
ANXXX074,10645,2,237405,0,10647,237405
ANXXX116,10645,2,237405,0,10647,237405
ANXXX139,10645,2,237405,0,10647,237405
ANXXX154,10645,2,237405,0,10647,237405
ANXXX254,10645,2,237405,0,10647,237405
ANXXX380,10645,2,237405,0,10647,237405
ANXXX410,10645,2,237405,0,10647,237405
ATL030,10645,2,237405,0,10647,237405
AVLP120,10645,2,237405,0,10647,237405
AVLP605,10645,2,237405,0,10647,237405
CB0324,10645,2,237405,0,10647,237405
CB0374,10645,2,237405,0,10647,237405
CB0533,10645,2,237405,0,10647,237405
CB0540,10645,2,237405,0,10647,237405
CB0648,10645,2,237405,0,10647,237405
CB0650,10645,2,237405,0,10647,237405
CB0675,10645,2,237405,0,10647,237405
CB1065,10645,2,237405,0,10647,237405
CB1078,10645,2,237405,0,10647,237405
CB1265,10645,2,237405,0,10647,237405
CB1280,10645,2,237405,0,10647,237405
CB1296_a,10645,2,237405,0,10647,237405
CB1394_a,10645,2,237405,0,10647,237405
CB1493,10645,2,237405,0,10647,237405
CB1702,10645,2,237405,0,10647,237405
CB1849,10645,2,237405,0,10647,237405
CB1960,10645,2,237405,0,10647,237405
CB2205,10645,2,237405,0,10647,237405
CB2246,10645,2,237405,0,10647,237405
CB2270,10645,2,237405,0,10647,237405
CB2366,10645,2,237405,0,10647,237405
CB2380,10645,2,237405,0,10647,237405
CB2585,10645,2,237405,0,10647,237405
CB2688,10645,2,237405,0,10647,237405
CB2710,10645,2,237405,0,10647,237405
CB2792,10645,2,237405,0,10647,237405
CB2800,10645,2,237405,0,10647,237405
CB2912,10645,2,237405,0,10647,237405
CB2944,10645,2,237405,0,10647,237405
CB2963,10645,2,237405,0,10647,237405
CB3202,10645,2,237405,0,10647,237405
CB3381,10645,2,237405,0,10647,237405
CB3682,10645,2,237405,0,10647,237405
CB3742,10645,2,237405,0,10647,237405
CB4037,10645,2,237405,0,10647,237405
CB4038,10645,2,237405,0,10647,237405
CB4248,10645,2,237405,0,10647,237405
CL077,10645,2,237405,0,10647,237405
CL121_a,10645,2,237405,0,10647,237405
Cm2,10645,2,237405,0,10647,237405
DA1_vPN,10645,2,237405,0,10647,237405
DA4l_adPN,10645,2,237405,0,10647,237405
DC1_adPN,10645,2,237405,0,10647,237405
DC2_adPN,10645,2,237405,0,10647,237405
DC4_vPN,10645,2,237405,0,10647,237405
DL1_adPN,10645,2,237405,0,10647,237405
DL4_adPN,10645,2,237405,0,10647,237405
DM2_lPN,10645,2,237405,0,10647,237405
DM3_vPN,10645,2,237405,0,10647,237405
DM4_adPN,10645,2,237405,0,10647,237405
DP1l_adPN,10645,2,237405,0,10647,237405
DP1l_vPN,10645,2,237405,0,10647,237405
Dm2,10645,2,237405,0,10647,237405
Dm8b,10645,2,237405,0,10647,237405
GFC2,10645,2,237405,0,10647,237405
GNG014,10645,2,237405,0,10647,237405
GNG021,10645,2,237405,0,10647,237405
GNG029,10645,2,237405,0,10647,237405
GNG036,10645,2,237405,0,10647,237405
GNG040,10645,2,237405,0,10647,237405
GNG047,10645,2,237405,0,10647,237405
GNG051,10645,2,237405,0,10647,237405
GNG079,10645,2,237405,0,10647,237405
GNG111,10645,2,237405,0,10647,237405
GNG129,10645,2,237405,0,10647,237405
GNG137,10645,2,237405,0,10647,237405
GNG170,10645,2,237405,0,10647,237405
GNG181,10645,2,237405,0,10647,237405
GNG185,10645,2,237405,0,10647,237405
GNG192,10645,2,237405,0,10647,237405
GNG204,10645,2,237405,0,10647,237405
GNG209,10645,2,237405,0,10647,237405
GNG212,10645,2,237405,0,10647,237405
GNG213,10645,2,237405,0,10647,237405
GNG214,10645,2,237405,0,10647,237405
GNG218,10645,2,237405,0,10647,237405
GNG222,10645,2,237405,0,10647,237405
GNG224,10645,2,237405,0,10647,237405
GNG234,10645,2,237405,0,10647,237405
GNG241,10645,2,237405,0,10647,237405
GNG260,10645,2,237405,0,10647,237405
GNG281,10645,2,237405,0,10647,237405
GNG289,10645,2,237405,0,10647,237405
GNG293,10645,2,237405,0,10647,237405
GNG309,10645,2,237405,0,10647,237405
GNG312,10645,2,237405,0,10647,237405
GNG313,10645,2,237405,0,10647,237405
GNG316,10645,2,237405,0,10647,237405
GNG326,10645,2,237405,0,10647,237405
GNG327,10645,2,237405,0,10647,237405
GNG329,10645,2,237405,0,10647,237405
GNG340,10645,2,237405,0,10647,237405
GNG343,10645,2,237405,0,10647,237405
GNG355,10645,2,237405,0,10647,237405
GNG361,10645,2,237405,0,10647,237405
GNG362,10645,2,237405,0,10647,237405
GNG365,10645,2,237405,0,10647,237405
GNG368,10645,2,237405,0,10647,237405
GNG372,10645,2,237405,0,10647,237405
GNG373,10645,2,237405,0,10647,237405
GNG383,10645,2,237405,0,10647,237405
GNG387,10645,2,237405,0,10647,237405
GNG403,10645,2,237405,0,10647,237405
GNG411,10645,2,237405,0,10647,237405
GNG421,10645,2,237405,0,10647,237405
GNG425,10645,2,237405,0,10647,237405
GNG434,10645,2,237405,0,10647,237405
GNG435,10645,2,237405,0,10647,237405
GNG438,10645,2,237405,0,10647,237405
GNG455,10645,2,237405,0,10647,237405
GNG460,10645,2,237405,0,10647,237405
GNG468,10645,2,237405,0,10647,237405
GNG469,10645,2,237405,0,10647,237405
GNG479,10645,2,237405,0,10647,237405
GNG492,10645,2,237405,0,10647,237405
GNG496,10645,2,237405,0,10647,237405
GNG502,10645,2,237405,0,10647,237405
GNG519,10645,2,237405,0,10647,237405
GNG536,10645,2,237405,0,10647,237405
GNG540,10645,2,237405,0,10647,237405
GNG544,10645,2,237405,0,10647,237405
GNG545,10645,2,237405,0,10647,237405
GNG568,10645,2,237405,0,10647,237405
GNG605,10645,2,237405,0,10647,237405
GNG606,10645,2,237405,0,10647,237405
GNG613,10645,2,237405,0,10647,237405
GNG633,10645,2,237405,0,10647,237405
GNG635,10645,2,237405,0,10647,237405
GNG659,10645,2,237405,0,10647,237405
GNG664,10645,2,237405,0,10647,237405
IN00A005,10645,2,237405,0,10647,237405
IN00A020,10645,2,237405,0,10647,237405
IN00A024,10645,2,237405,0,10647,237405
IN00A027,10645,2,237405,0,10647,237405
IN00A028,10645,2,237405,0,10647,237405
IN00A036,10645,2,237405,0,10647,237405
IN00A042,10645,2,237405,0,10647,237405
IN00A045,10645,2,237405,0,10647,237405
IN00A058,10645,2,237405,0,10647,237405
IN00A061,10645,2,237405,0,10647,237405
IN01A016,10645,2,237405,0,10647,237405
IN01A018,10645,2,237405,0,10647,237405
IN01A020,10645,2,237405,0,10647,237405
IN01A025,10645,2,237405,0,10647,237405
IN01A029,10645,2,237405,0,10647,237405
IN01A030,10645,2,237405,0,10647,237405
IN01A035,10645,2,237405,0,10647,237405
IN01A037,10645,2,237405,0,10647,237405
IN01A039,10645,2,237405,0,10647,237405
IN01A043,10645,2,237405,0,10647,237405
IN01A052_b,10645,2,237405,0,10647,237405
IN01A067,10645,2,237405,0,10647,237405
IN01A073,10645,2,237405,0,10647,237405
IN01A076,10645,2,237405,0,10647,237405
IN01A082,10645,2,237405,0,10647,237405
IN01B002,10645,2,237405,0,10647,237405
IN01B015,10645,2,237405,0,10647,237405
IN01B019_b,10645,2,237405,0,10647,237405
IN01B027_d,10645,2,237405,0,10647,237405
IN01B027_f,10645,2,237405,0,10647,237405
"IN01B038,IN01B056",10645,2,237405,0,10647,237405
IN01B044_b,10645,2,237405,0,10647,237405
IN01B061,10645,2,237405,0,10647,237405
IN01B068,10645,2,237405,0,10647,237405
IN01B069_a,10645,2,237405,0,10647,237405
IN01B072,10645,2,237405,0,10647,237405
IN01B077_b,10645,2,237405,0,10647,237405
IN01B082,10645,2,237405,0,10647,237405
IN01B092,10645,2,237405,0,10647,237405
IN01B094,10645,2,237405,0,10647,237405
IN01B095,10645,2,237405,0,10647,237405
IN01B097,10645,2,237405,0,10647,237405
IN01B098,10645,2,237405,0,10647,237405
IN01B100,10645,2,237405,0,10647,237405
IN02A004,10645,2,237405,0,10647,237405
IN02A015,10645,2,237405,0,10647,237405
IN02A021,10645,2,237405,0,10647,237405
IN02A028,10645,2,237405,0,10647,237405
IN02A032,10645,2,237405,0,10647,237405
IN02A037,10645,2,237405,0,10647,237405
IN02A064,10645,2,237405,0,10647,237405
IN03A012,10645,2,237405,0,10647,237405
IN03A022,10645,2,237405,0,10647,237405
IN03A026_d,10645,2,237405,0,10647,237405
IN03A035,10645,2,237405,0,10647,237405
IN03A036,10645,2,237405,0,10647,237405
IN03A039,10645,2,237405,0,10647,237405
IN03A043,10645,2,237405,0,10647,237405
IN03A066,10645,2,237405,0,10647,237405
IN03B035,10645,2,237405,0,10647,237405
IN03B051,10645,2,237405,0,10647,237405
IN03B057,10645,2,237405,0,10647,237405
IN03B070,10645,2,237405,0,10647,237405
IN03B071,10645,2,237405,0,10647,237405
IN03B072,10645,2,237405,0,10647,237405
IN03B081,10645,2,237405,0,10647,237405
IN03B085,10645,2,237405,0,10647,237405
IN03B086_b,10645,2,237405,0,10647,237405
IN03B086_d,10645,2,237405,0,10647,237405
IN03B088,10645,2,237405,0,10647,237405
IN04B005,10645,2,237405,0,10647,237405
IN04B008,10645,2,237405,0,10647,237405
IN04B020,10645,2,237405,0,10647,237405
IN04B025,10645,2,237405,0,10647,237405
IN04B047,10645,2,237405,0,10647,237405
IN04B049_a,10645,2,237405,0,10647,237405
IN04B053,10645,2,237405,0,10647,237405
IN04B057,10645,2,237405,0,10647,237405
IN04B062,10645,2,237405,0,10647,237405
IN04B072,10645,2,237405,0,10647,237405
IN04B078,10645,2,237405,0,10647,237405
IN04B089,10645,2,237405,0,10647,237405
IN04B094,10645,2,237405,0,10647,237405
IN04B095,10645,2,237405,0,10647,237405
IN04B101,10645,2,237405,0,10647,237405
IN04B112,10645,2,237405,0,10647,237405
IN05B005,10645,2,237405,0,10647,237405
IN05B013,10645,2,237405,0,10647,237405
IN05B017,10645,2,237405,0,10647,237405
IN05B018,10645,2,237405,0,10647,237405
IN05B033,10645,2,237405,0,10647,237405
IN05B036,10645,2,237405,0,10647,237405
IN05B065,10645,2,237405,0,10647,237405
IN05B072_a,10645,2,237405,0,10647,237405
IN05B088,10645,2,237405,0,10647,237405
IN06A006,10645,2,237405,0,10647,237405
IN06A014,10645,2,237405,0,10647,237405
IN06A022,10645,2,237405,0,10647,237405
IN06A023,10645,2,237405,0,10647,237405
IN06A031,10645,2,237405,0,10647,237405
IN06A035,10645,2,237405,0,10647,237405
IN06A040,10645,2,237405,0,10647,237405
IN06A046,10645,2,237405,0,10647,237405
IN06A059,10645,2,237405,0,10647,237405
IN06A067_d,10645,2,237405,0,10647,237405
IN06A072,10645,2,237405,0,10647,237405
IN06A073,10645,2,237405,0,10647,237405
IN06A077,10645,2,237405,0,10647,237405
IN06A082,10645,2,237405,0,10647,237405
IN06A083,10645,2,237405,0,10647,237405
IN06A084,10645,2,237405,0,10647,237405
IN06A097,10645,2,237405,0,10647,237405
IN06A100,10645,2,237405,0,10647,237405
IN06A101,10645,2,237405,0,10647,237405
IN06A108,10645,2,237405,0,10647,237405
IN06A114,10645,2,237405,0,10647,237405
IN06A136,10645,2,237405,0,10647,237405
IN06A139,10645,2,237405,0,10647,237405
IN06B029,10645,2,237405,0,10647,237405
IN06B040,10645,2,237405,0,10647,237405
IN06B042,10645,2,237405,0,10647,237405
IN06B047,10645,2,237405,0,10647,237405
IN06B071,10645,2,237405,0,10647,237405
IN06B082,10645,2,237405,0,10647,237405
IN06B087,10645,2,237405,0,10647,237405
IN07B010,10645,2,237405,0,10647,237405
IN07B023,10645,2,237405,0,10647,237405
IN07B031,10645,2,237405,0,10647,237405
IN07B051,10645,2,237405,0,10647,237405
IN07B061,10645,2,237405,0,10647,237405
IN07B073_d,10645,2,237405,0,10647,237405
IN07B076_b,10645,2,237405,0,10647,237405
IN07B092_a,10645,2,237405,0,10647,237405
IN07B092_c,10645,2,237405,0,10647,237405
IN07B098,10645,2,237405,0,10647,237405
IN07B102,10645,2,237405,0,10647,237405
IN07B104,10645,2,237405,0,10647,237405
IN08A006,10645,2,237405,0,10647,237405
IN08A030,10645,2,237405,0,10647,237405
IN08A034,10645,2,237405,0,10647,237405
IN08A037,10645,2,237405,0,10647,237405
IN08A047,10645,2,237405,0,10647,237405
IN08A050,10645,2,237405,0,10647,237405
IN08B019,10645,2,237405,0,10647,237405
IN08B038,10645,2,237405,0,10647,237405
IN08B040,10645,2,237405,0,10647,237405
IN08B051_b,10645,2,237405,0,10647,237405
IN08B051_e,10645,2,237405,0,10647,237405
IN08B054,10645,2,237405,0,10647,237405
IN08B062,10645,2,237405,0,10647,237405
IN08B064,10645,2,237405,0,10647,237405
IN08B065,10645,2,237405,0,10647,237405
IN08B068,10645,2,237405,0,10647,237405
IN08B070_b,10645,2,237405,0,10647,237405
IN09A015,10645,2,237405,0,10647,237405
IN09A035,10645,2,237405,0,10647,237405
IN09A056,10645,2,237405,0,10647,237405
IN09A057,10645,2,237405,0,10647,237405
IN09A071,10645,2,237405,0,10647,237405
IN09A074,10645,2,237405,0,10647,237405
IN09A075,10645,2,237405,0,10647,237405
IN09A081,10645,2,237405,0,10647,237405
IN09A087,10645,2,237405,0,10647,237405
IN09A094,10645,2,237405,0,10647,237405
IN09B043,10645,2,237405,0,10647,237405
IN10B006,10645,2,237405,0,10647,237405
IN10B016,10645,2,237405,0,10647,237405
IN10B036,10645,2,237405,0,10647,237405
IN11A005,10645,2,237405,0,10647,237405
IN11A012,10645,2,237405,0,10647,237405
"IN11A015,IN11A027",10645,2,237405,0,10647,237405
IN11A026,10645,2,237405,0,10647,237405
IN11A031,10645,2,237405,0,10647,237405
IN11B001,10645,2,237405,0,10647,237405
IN11B012,10645,2,237405,0,10647,237405
IN11B017_a,10645,2,237405,0,10647,237405
IN11B017_b,10645,2,237405,0,10647,237405
IN11B020,10645,2,237405,0,10647,237405
IN11B021_c,10645,2,237405,0,10647,237405
IN11B022_c,10645,2,237405,0,10647,237405
IN11B022_e,10645,2,237405,0,10647,237405
IN12A004,10645,2,237405,0,10647,237405
IN12A009,10645,2,237405,0,10647,237405
IN12A010,10645,2,237405,0,10647,237405
IN12A052_a,10645,2,237405,0,10647,237405
IN12A054,10645,2,237405,0,10647,237405
IN12A058,10645,2,237405,0,10647,237405
IN12A061_c,10645,2,237405,0,10647,237405
IN12B041,10645,2,237405,0,10647,237405
IN12B049,10645,2,237405,0,10647,237405
IN12B051,10645,2,237405,0,10647,237405
IN12B068_b,10645,2,237405,0,10647,237405
IN12B078,10645,2,237405,0,10647,237405
IN12B084,10645,2,237405,0,10647,237405
IN13A006,10645,2,237405,0,10647,237405
IN13A013,10645,2,237405,0,10647,237405
IN13A017,10645,2,237405,0,10647,237405
IN13A019,10645,2,237405,0,10647,237405
IN13A025,10645,2,237405,0,10647,237405
IN13A027,10645,2,237405,0,10647,237405
IN13A038,10645,2,237405,0,10647,237405
IN13A050,10645,2,237405,0,10647,237405
IN13B018,10645,2,237405,0,10647,237405
IN13B021,10645,2,237405,0,10647,237405
IN13B024,10645,2,237405,0,10647,237405
IN13B028,10645,2,237405,0,10647,237405
IN13B053,10645,2,237405,0,10647,237405
IN13B056,10645,2,237405,0,10647,237405
IN13B058,10645,2,237405,0,10647,237405
IN13B061,10645,2,237405,0,10647,237405
IN13B065,10645,2,237405,0,10647,237405
IN13B079,10645,2,237405,0,10647,237405
IN13B085,10645,2,237405,0,10647,237405
IN13B088,10645,2,237405,0,10647,237405
IN13B105,10645,2,237405,0,10647,237405
IN14A007,10645,2,237405,0,10647,237405
IN14A014,10645,2,237405,0,10647,237405
IN14A022,10645,2,237405,0,10647,237405
IN14A034,10645,2,237405,0,10647,237405
IN14A037,10645,2,237405,0,10647,237405
IN14A039,10645,2,237405,0,10647,237405
IN14A041,10645,2,237405,0,10647,237405
"IN14A042,IN14A047",10645,2,237405,0,10647,237405
IN14A051,10645,2,237405,0,10647,237405
IN14A057,10645,2,237405,0,10647,237405
IN14A063,10645,2,237405,0,10647,237405
IN14A085_b,10645,2,237405,0,10647,237405
IN14A086,10645,2,237405,0,10647,237405
IN14A093,10645,2,237405,0,10647,237405
IN14A098,10645,2,237405,0,10647,237405
IN14A107,10645,2,237405,0,10647,237405
IN14A111,10645,2,237405,0,10647,237405
IN14A114,10645,2,237405,0,10647,237405
IN16B014,10645,2,237405,0,10647,237405
IN16B037,10645,2,237405,0,10647,237405
IN16B052,10645,2,237405,0,10647,237405
IN16B056,10645,2,237405,0,10647,237405
IN16B061,10645,2,237405,0,10647,237405
IN16B064,10645,2,237405,0,10647,237405
IN16B068_a,10645,2,237405,0,10647,237405
IN16B075_e,10645,2,237405,0,10647,237405
IN16B075_f,10645,2,237405,0,10647,237405
IN16B075_g,10645,2,237405,0,10647,237405
IN16B075_i,10645,2,237405,0,10647,237405
IN16B076,10645,2,237405,0,10647,237405
IN16B082,10645,2,237405,0,10647,237405
IN16B085,10645,2,237405,0,10647,237405
IN16B086,10645,2,237405,0,10647,237405
IN16B100_b,10645,2,237405,0,10647,237405
IN16B100_c,10645,2,237405,0,10647,237405
IN16B118,10645,2,237405,0,10647,237405
IN16B122,10645,2,237405,0,10647,237405
IN17A025,10645,2,237405,0,10647,237405
IN17A027,10645,2,237405,0,10647,237405
IN17A033,10645,2,237405,0,10647,237405
IN17A039,10645,2,237405,0,10647,237405
IN17A067,10645,2,237405,0,10647,237405
"IN17A082,IN17A086",10645,2,237405,0,10647,237405
IN17A095,10645,2,237405,0,10647,237405
IN17A097,10645,2,237405,0,10647,237405
"IN17A109,IN17A120",10645,2,237405,0,10647,237405
IN18B005,10645,2,237405,0,10647,237405
IN18B013,10645,2,237405,0,10647,237405
IN18B020,10645,2,237405,0,10647,237405
IN18B021,10645,2,237405,0,10647,237405
IN18B039,10645,2,237405,0,10647,237405
IN19A016,10645,2,237405,0,10647,237405
IN19A019,10645,2,237405,0,10647,237405
IN19A028,10645,2,237405,0,10647,237405
IN19A033,10645,2,237405,0,10647,237405
IN19A034,10645,2,237405,0,10647,237405
IN19A056,10645,2,237405,0,10647,237405
IN19A073,10645,2,237405,0,10647,237405
IN19B002,10645,2,237405,0,10647,237405
IN19B011,10645,2,237405,0,10647,237405
IN19B020,10645,2,237405,0,10647,237405
IN19B030,10645,2,237405,0,10647,237405
IN19B040,10645,2,237405,0,10647,237405
IN19B050,10645,2,237405,0,10647,237405
IN19B056,10645,2,237405,0,10647,237405
IN19B057,10645,2,237405,0,10647,237405
IN19B064,10645,2,237405,0,10647,237405
IN19B067,10645,2,237405,0,10647,237405
IN19B069,10645,2,237405,0,10647,237405
IN19B085,10645,2,237405,0,10647,237405
IN19B088,10645,2,237405,0,10647,237405
IN19B092,10645,2,237405,0,10647,237405
IN19B095,10645,2,237405,0,10647,237405
IN19B112,10645,2,237405,0,10647,237405
IN20A.22A008,10645,2,237405,0,10647,237405
IN20A.22A011,10645,2,237405,0,10647,237405
IN20A.22A012,10645,2,237405,0,10647,237405
IN20A.22A018,10645,2,237405,0,10647,237405
IN20A.22A033,10645,2,237405,0,10647,237405
IN20A.22A038,10645,2,237405,0,10647,237405
IN20A.22A048,10645,2,237405,0,10647,237405
IN21A001,10645,2,237405,0,10647,237405
IN21A004,10645,2,237405,0,10647,237405
IN21A007,10645,2,237405,0,10647,237405
IN21A038,10645,2,237405,0,10647,237405
IN21A049,10645,2,237405,0,10647,237405
IN21A052,10645,2,237405,0,10647,237405
IN21A078,10645,2,237405,0,10647,237405
IN23B044,10645,2,237405,0,10647,237405
"IN23B044,IN23B057",10645,2,237405,0,10647,237405
IN23B053,10645,2,237405,0,10647,237405
IN23B064,10645,2,237405,0,10647,237405
IN23B066,10645,2,237405,0,10647,237405
IN23B068,10645,2,237405,0,10647,237405
IN23B071,10645,2,237405,0,10647,237405
IN23B075,10645,2,237405,0,10647,237405
IN23B087,10645,2,237405,0,10647,237405
IN23B094,10645,2,237405,0,10647,237405
IN26X003,10645,2,237405,0,10647,237405
IN27X004,10645,2,237405,0,10647,237405
INXXX091,10645,2,237405,0,10647,237405
INXXX096,10645,2,237405,0,10647,237405
INXXX122,10645,2,237405,0,10647,237405
INXXX124,10645,2,237405,0,10647,237405
INXXX147,10645,2,237405,0,10647,237405
INXXX184,10645,2,237405,0,10647,237405
INXXX204,10645,2,237405,0,10647,237405
INXXX225,10645,2,237405,0,10647,237405
INXXX231,10645,2,237405,0,10647,237405
INXXX237,10645,2,237405,0,10647,237405
INXXX240,10645,2,237405,0,10647,237405
INXXX249,10645,2,237405,0,10647,237405
INXXX252,10645,2,237405,0,10647,237405
INXXX260,10645,2,237405,0,10647,237405
INXXX297,10645,2,237405,0,10647,237405
INXXX301,10645,2,237405,0,10647,237405
INXXX306,10645,2,237405,0,10647,237405
INXXX307,10645,2,237405,0,10647,237405
INXXX317,10645,2,237405,0,10647,237405
INXXX333,10645,2,237405,0,10647,237405
INXXX340,10645,2,237405,0,10647,237405
INXXX341,10645,2,237405,0,10647,237405
INXXX346,10645,2,237405,0,10647,237405
INXXX350,10645,2,237405,0,10647,237405
INXXX351,10645,2,237405,0,10647,237405
INXXX355,10645,2,237405,0,10647,237405
INXXX373,10645,2,237405,0,10647,237405
INXXX382_b,10645,2,237405,0,10647,237405
INXXX386,10645,2,237405,0,10647,237405
INXXX402,10645,2,237405,0,10647,237405
INXXX425,10645,2,237405,0,10647,237405
INXXX437,10645,2,237405,0,10647,237405
INXXX438,10645,2,237405,0,10647,237405
INXXX440,10645,2,237405,0,10647,237405
INXXX441,10645,2,237405,0,10647,237405
INXXX443,10645,2,237405,0,10647,237405
INXXX452,10645,2,237405,0,10647,237405
INXXX454,10645,2,237405,0,10647,237405
INXXX456,10645,2,237405,0,10647,237405
INXXX468,10645,2,237405,0,10647,237405
INXXX473,10645,2,237405,0,10647,237405
LAL156_a,10645,2,237405,0,10647,237405
LHAD4a1,10645,2,237405,0,10647,237405
LHPV4b5,10645,2,237405,0,10647,237405
LHPV5g1_b,10645,2,237405,0,10647,237405
LoVC14,10645,2,237405,0,10647,237405
M_l2PN10t19,10645,2,237405,0,10647,237405
M_l2PN3t18,10645,2,237405,0,10647,237405
M_l2PNl23,10645,2,237405,0,10647,237405
M_l2PNm15,10645,2,237405,0,10647,237405
M_lPNm11D,10645,2,237405,0,10647,237405
M_lv2PN9t49_b,10645,2,237405,0,10647,237405
M_lvPNm29,10645,2,237405,0,10647,237405
M_lvPNm30,10645,2,237405,0,10647,237405
M_lvPNm43,10645,2,237405,0,10647,237405
M_lvPNm44,10645,2,237405,0,10647,237405
M_lvPNm47,10645,2,237405,0,10647,237405
M_vPNml55,10645,2,237405,0,10647,237405
M_vPNml60,10645,2,237405,0,10647,237405
M_vPNml75,10645,2,237405,0,10647,237405
M_vPNml76,10645,2,237405,0,10647,237405
M_vPNml77,10645,2,237405,0,10647,237405
M_vPNml86,10645,2,237405,0,10647,237405
MeVP11,10645,2,237405,0,10647,237405
MeVPLp1,10645,2,237405,0,10647,237405
PRW003,10645,2,237405,0,10647,237405
PRW033,10645,2,237405,0,10647,237405
PRW034,10645,2,237405,0,10647,237405
PRW037,10645,2,237405,0,10647,237405
PRW039,10645,2,237405,0,10647,237405
PRW042,10645,2,237405,0,10647,237405
PRW044,10645,2,237405,0,10647,237405
PRW055,10645,2,237405,0,10647,237405
PRW058,10645,2,237405,0,10647,237405
PRW059,10645,2,237405,0,10647,237405
PRW065,10645,2,237405,0,10647,237405
PRW071,10645,2,237405,0,10647,237405
PRW072,10645,2,237405,0,10647,237405
PS053,10645,2,237405,0,10647,237405
PS078,10645,2,237405,0,10647,237405
PS089,10645,2,237405,0,10647,237405
PS138,10645,2,237405,0,10647,237405
PS241,10645,2,237405,0,10647,237405
PS312,10645,2,237405,0,10647,237405
PS326,10645,2,237405,0,10647,237405
PS350,10645,2,237405,0,10647,237405
SAD040,10645,2,237405,0,10647,237405
SAD049,10645,2,237405,0,10647,237405
SAD055,10645,2,237405,0,10647,237405
SAD091,10645,2,237405,0,10647,237405
SAD117,10645,2,237405,0,10647,237405
SLP179_a,10645,2,237405,0,10647,237405
SLP236,10645,2,237405,0,10647,237405
SLP274,10645,2,237405,0,10647,237405
SLP287,10645,2,237405,0,10647,237405
SLP313,10645,2,237405,0,10647,237405
SLP472,10645,2,237405,0,10647,237405
SMP169,10645,2,237405,0,10647,237405
TN1c_b,10645,2,237405,0,10647,237405
TN1c_c,10645,2,237405,0,10647,237405
Tm5b,10645,2,237405,0,10647,237405
VA1d_adPN,10645,2,237405,0,10647,237405
VA1v_adPN,10645,2,237405,0,10647,237405
VA1v_vPN,10645,2,237405,0,10647,237405
VA2_adPN,10645,2,237405,0,10647,237405
VA5_lPN,10645,2,237405,0,10647,237405
VC2_lPN,10645,2,237405,0,10647,237405
VC3_adPN,10645,2,237405,0,10647,237405
VC4_adPN,10645,2,237405,0,10647,237405
VL1_vPN,10645,2,237405,0,10647,237405
VL2a_vPN,10645,2,237405,0,10647,237405
VL2p_adPN,10645,2,237405,0,10647,237405
VM4_lvPN,10645,2,237405,0,10647,237405
VM5d_adPN,10645,2,237405,0,10647,237405
VP1m+VP2_lvPN1,10645,2,237405,0,10647,237405
VP1m+VP2_lvPN2,10645,2,237405,0,10647,237405
VP1m+VP5_ilPN,10645,2,237405,0,10647,237405
VP2+VC5_l2PN,10645,2,237405,0,10647,237405
VP3+_l2PN,10645,2,237405,0,10647,237405
VP4_vPN,10645,2,237405,0,10647,237405
VP5+VP3_l2PN,10645,2,237405,0,10647,237405
V_ilPN,10645,2,237405,0,10647,237405
WED080,10645,2,237405,0,10647,237405
WED082,10645,2,237405,0,10647,237405
WED084,10645,2,237405,0,10647,237405
WED108,10645,2,237405,0,10647,237405
WED117,10645,2,237405,0,10647,237405
WED118,10645,2,237405,0,10647,237405
WED161,10645,2,237405,0,10647,237405
WED162,10645,2,237405,0,10647,237405
WED190,10645,2,237405,0,10647,237405
WED206,10645,2,237405,0,10647,237405
WED207,10645,2,237405,0,10647,237405
WED26,10645,2,237405,0,10647,237405
WEDPN1B,10645,2,237405,0,10647,237405
WEDPN8C,10645,2,237405,0,10647,237405
WEDPN9,10645,2,237405,0,10647,237405
aMe6c,10645,2,237405,0,10647,237405
dMS10,10645,2,237405,0,10647,237405
l2LN22,10645,2,237405,0,10647,237405
mALB3,10645,2,237405,0,10647,237405
mAL_m9,10645,2,237405,0,10647,237405
v2LN32,10645,2,237405,0,10647,237405
v2LN34E,10645,2,237405,0,10647,237405
v2LN39a,10645,2,237405,0,10647,237405
v2LN4,10645,2,237405,0,10647,237405
v2LN46,10645,2,237405,0,10647,237405
v2LN47,10645,2,237405,0,10647,237405
v2LN5,10645,2,237405,0,10647,237405
vLN26,10645,2,237405,0,10647,237405
vLN28,10645,2,237405,0,10647,237405
vLN29,10645,2,237405,0,10647,237405
JO-EV4,10646,1,236740,665,10647,237405
SApp07,10646,1,236740,665,10647,237405
"SNpp20,SApp02",10646,1,236740,665,10647,237405
SNpp46,10646,1,236740,665,10647,237405
"SNta19,SNta37",10646,1,236740,665,10647,237405
SNta22,10646,1,236740,665,10647,237405
"SNta25,SNta30",10646,1,236740,665,10647,237405
SNxx05,10646,1,236740,665,10647,237405
Acc. tr flexor MN,10646,1,237048,357,10647,237405
CvN7,10646,1,237048,357,10647,237405
DNa08,10646,1,237048,357,10647,237405
DNa10,10646,1,237048,357,10647,237405
DNb06,10646,1,237048,357,10647,237405
DNd03,10646,1,237048,357,10647,237405
DNd04,10646,1,237048,357,10647,237405
DNde007,10646,1,237048,357,10647,237405
DNg02_a,10646,1,237048,357,10647,237405
DNg05_c,10646,1,237048,357,10647,237405
DNg11,10646,1,237048,357,10647,237405
DNg12_c,10646,1,237048,357,10647,237405
DNg12_e,10646,1,237048,357,10647,237405
DNg21,10646,1,237048,357,10647,237405
DNg22,10646,1,237048,357,10647,237405
DNg27,10646,1,237048,357,10647,237405
DNg32,10646,1,237048,357,10647,237405
DNg39,10646,1,237048,357,10647,237405
DNg47,10646,1,237048,357,10647,237405
DNg61,10646,1,237048,357,10647,237405
DNg63,10646,1,237048,357,10647,237405
DNg77,10646,1,237048,357,10647,237405
DNg98,10646,1,237048,357,10647,237405
DNge001,10646,1,237048,357,10647,237405
DNge002,10646,1,237048,357,10647,237405
DNge027,10646,1,237048,357,10647,237405
DNge028,10646,1,237048,357,10647,237405
DNge029,10646,1,237048,357,10647,237405
DNge030,10646,1,237048,357,10647,237405
DNge032,10646,1,237048,357,10647,237405
DNge045,10646,1,237048,357,10647,237405
DNge048,10646,1,237048,357,10647,237405
DNge055,10646,1,237048,357,10647,237405
DNge060,10646,1,237048,357,10647,237405
DNge061,10646,1,237048,357,10647,237405
DNge068,10646,1,237048,357,10647,237405
DNge086,10646,1,237048,357,10647,237405
DNge096,10646,1,237048,357,10647,237405
DNge102,10646,1,237048,357,10647,237405
DNge107,10646,1,237048,357,10647,237405
DNge137,10646,1,237048,357,10647,237405
DNge138,10646,1,237048,357,10647,237405
DNge140,10646,1,237048,357,10647,237405
DNge143,10646,1,237048,357,10647,237405
DNge144,10646,1,237048,357,10647,237405
DNge148,10646,1,237048,357,10647,237405
DNge176,10646,1,237048,357,10647,237405
DNge180,10646,1,237048,357,10647,237405
DNge183,10646,1,237048,357,10647,237405
DNp01,10646,1,237048,357,10647,237405
DNp02,10646,1,237048,357,10647,237405
DNp10,10646,1,237048,357,10647,237405
DNp14,10646,1,237048,357,10647,237405
DNp16_a,10646,1,237048,357,10647,237405
DNp19,10646,1,237048,357,10647,237405
DNp20,10646,1,237048,357,10647,237405
DNp58,10646,1,237048,357,10647,237405
DNpe002,10646,1,237048,357,10647,237405
DNpe026,10646,1,237048,357,10647,237405
DNpe035,10646,1,237048,357,10647,237405
DNpe039,10646,1,237048,357,10647,237405
DNpe041,10646,1,237048,357,10647,237405
DNpe057,10646,1,237048,357,10647,237405
DVMn 1a-c,10646,1,237048,357,10647,237405
"DVMn 2a, b",10646,1,237048,357,10647,237405
FNM2,10646,1,237048,357,10647,237405
GNG276,10646,1,237048,357,10647,237405
GNG283,10646,1,237048,357,10647,237405
GNG650,10646,1,237048,357,10647,237405
GNG651,10646,1,237048,357,10647,237405
GNG652,10646,1,237048,357,10647,237405
MN10,10646,1,237048,357,10647,237405
MN11D,10646,1,237048,357,10647,237405
MN13,10646,1,237048,357,10647,237405
MN2Db,10646,1,237048,357,10647,237405
MN3M,10646,1,237048,357,10647,237405
MN4a,10646,1,237048,357,10647,237405
MN4b,10646,1,237048,357,10647,237405
MN6,10646,1,237048,357,10647,237405
MN7,10646,1,237048,357,10647,237405
MN9,10646,1,237048,357,10647,237405
MNad05,10646,1,237048,357,10647,237405
MNad10,10646,1,237048,357,10647,237405
MNad11,10646,1,237048,357,10647,237405
MNad22,10646,1,237048,357,10647,237405
MNad24,10646,1,237048,357,10647,237405
MNad30,10646,1,237048,357,10647,237405
MNad41,10646,1,237048,357,10647,237405
MNad43,10646,1,237048,357,10647,237405
MNad50,10646,1,237048,357,10647,237405
MNad54,10646,1,237048,357,10647,237405
MNad62,10646,1,237048,357,10647,237405
MNad65,10646,1,237048,357,10647,237405
MNad69,10646,1,237048,357,10647,237405
MNml83,10646,1,237048,357,10647,237405
MNnm08,10646,1,237048,357,10647,237405
MNnm09,10646,1,237048,357,10647,237405
Sternotrochanter MN,10646,1,237048,357,10647,237405
Tr extensor MN,10646,1,237048,357,10647,237405
pIP1,10646,1,237048,357,10647,237405
ALIN8,10646,1,237405,0,10647,237405
AMMC016,10646,1,237405,0,10647,237405
AN00A009,10646,1,237405,0,10647,237405
AN02A005,10646,1,237405,0,10647,237405
AN02A009,10646,1,237405,0,10647,237405
AN02A022,10646,1,237405,0,10647,237405
AN03B050,10646,1,237405,0,10647,237405
AN03B094,10646,1,237405,0,10647,237405
AN04B023,10646,1,237405,0,10647,237405
AN04B051,10646,1,237405,0,10647,237405
AN05B005,10646,1,237405,0,10647,237405
AN05B021,10646,1,237405,0,10647,237405
AN05B046,10646,1,237405,0,10647,237405
AN05B049_a,10646,1,237405,0,10647,237405
AN05B050_a,10646,1,237405,0,10647,237405
AN05B078,10646,1,237405,0,10647,237405
AN05B104,10646,1,237405,0,10647,237405
AN06A027,10646,1,237405,0,10647,237405
AN06A030,10646,1,237405,0,10647,237405
AN06B005,10646,1,237405,0,10647,237405
AN06B007,10646,1,237405,0,10647,237405
AN06B025,10646,1,237405,0,10647,237405
AN06B040,10646,1,237405,0,10647,237405
AN06B042,10646,1,237405,0,10647,237405
AN06B057,10646,1,237405,0,10647,237405
AN07B011,10646,1,237405,0,10647,237405
AN07B013,10646,1,237405,0,10647,237405
AN07B032,10646,1,237405,0,10647,237405
AN07B037_b,10646,1,237405,0,10647,237405
AN07B045,10646,1,237405,0,10647,237405
AN07B046_a,10646,1,237405,0,10647,237405
AN07B046_b,10646,1,237405,0,10647,237405
AN07B057,10646,1,237405,0,10647,237405
AN07B069_b,10646,1,237405,0,10647,237405
AN07B071_d,10646,1,237405,0,10647,237405
AN07B072_e,10646,1,237405,0,10647,237405
AN07B076,10646,1,237405,0,10647,237405
AN07B078_b,10646,1,237405,0,10647,237405
AN07B082_a,10646,1,237405,0,10647,237405
AN07B116,10646,1,237405,0,10647,237405
AN08B026,10646,1,237405,0,10647,237405
AN08B034,10646,1,237405,0,10647,237405
AN08B049,10646,1,237405,0,10647,237405
AN08B057,10646,1,237405,0,10647,237405
AN08B084,10646,1,237405,0,10647,237405
AN08B097,10646,1,237405,0,10647,237405
AN08B098,10646,1,237405,0,10647,237405
AN08B099_a,10646,1,237405,0,10647,237405
AN08B099_b,10646,1,237405,0,10647,237405
AN08B099_c,10646,1,237405,0,10647,237405
AN08B099_h,10646,1,237405,0,10647,237405
AN08B103,10646,1,237405,0,10647,237405
AN09B026,10646,1,237405,0,10647,237405
AN09B034,10646,1,237405,0,10647,237405
AN09B042,10646,1,237405,0,10647,237405
AN09B044,10646,1,237405,0,10647,237405
AN09B059,10646,1,237405,0,10647,237405
AN10B024,10646,1,237405,0,10647,237405
AN10B027,10646,1,237405,0,10647,237405
AN10B033,10646,1,237405,0,10647,237405
AN10B045,10646,1,237405,0,10647,237405
AN10B062,10646,1,237405,0,10647,237405
AN11B008,10646,1,237405,0,10647,237405
AN12B019,10646,1,237405,0,10647,237405
AN12B080,10646,1,237405,0,10647,237405
AN16B078_b,10646,1,237405,0,10647,237405
AN17A012,10646,1,237405,0,10647,237405
AN18B022,10646,1,237405,0,10647,237405
AN19B010,10646,1,237405,0,10647,237405
AN19B019,10646,1,237405,0,10647,237405
AN19B022,10646,1,237405,0,10647,237405
AN19B024,10646,1,237405,0,10647,237405
AN19B025,10646,1,237405,0,10647,237405
AN19B036,10646,1,237405,0,10647,237405
AN19B039,10646,1,237405,0,10647,237405
AN19B044,10646,1,237405,0,10647,237405
AN19B100,10646,1,237405,0,10647,237405
AN26X004,10646,1,237405,0,10647,237405
AN27X004,10646,1,237405,0,10647,237405
AN27X013,10646,1,237405,0,10647,237405
AN27X015,10646,1,237405,0,10647,237405
ANXXX030,10646,1,237405,0,10647,237405
ANXXX037,10646,1,237405,0,10647,237405
ANXXX050,10646,1,237405,0,10647,237405
ANXXX098,10646,1,237405,0,10647,237405
ANXXX099,10646,1,237405,0,10647,237405
ANXXX150,10646,1,237405,0,10647,237405
ANXXX171,10646,1,237405,0,10647,237405
ANXXX174,10646,1,237405,0,10647,237405
ANXXX191,10646,1,237405,0,10647,237405
ANXXX200,10646,1,237405,0,10647,237405
ANXXX308,10646,1,237405,0,10647,237405
ANXXX338,10646,1,237405,0,10647,237405
ANXXX470,10646,1,237405,0,10647,237405
AOTU051,10646,1,237405,0,10647,237405
ATL016,10646,1,237405,0,10647,237405
AVLP156,10646,1,237405,0,10647,237405
AVLP205,10646,1,237405,0,10647,237405
AVLP396,10646,1,237405,0,10647,237405
AVLP398,10646,1,237405,0,10647,237405
AVLP545,10646,1,237405,0,10647,237405
AVLP547,10646,1,237405,0,10647,237405
AVLP548_d,10646,1,237405,0,10647,237405
AVLP550b,10646,1,237405,0,10647,237405
AVLP608,10646,1,237405,0,10647,237405
AVLP611,10646,1,237405,0,10647,237405
AVLP613,10646,1,237405,0,10647,237405
AVLP703m,10646,1,237405,0,10647,237405
AVLP709m,10646,1,237405,0,10647,237405
AVLP735m,10646,1,237405,0,10647,237405
AVLP742m,10646,1,237405,0,10647,237405
CB0227,10646,1,237405,0,10647,237405
CB0367,10646,1,237405,0,10647,237405
CB0390,10646,1,237405,0,10647,237405
CB0466,10646,1,237405,0,10647,237405
CB0530,10646,1,237405,0,10647,237405
CB0640,10646,1,237405,0,10647,237405
CB0652,10646,1,237405,0,10647,237405
CB0956,10646,1,237405,0,10647,237405
CB1023,10646,1,237405,0,10647,237405
CB1055,10646,1,237405,0,10647,237405
CB1074,10646,1,237405,0,10647,237405
CB1208,10646,1,237405,0,10647,237405
CB1213,10646,1,237405,0,10647,237405
CB1222,10646,1,237405,0,10647,237405
CB1233,10646,1,237405,0,10647,237405
CB1282,10646,1,237405,0,10647,237405
CB1356,10646,1,237405,0,10647,237405
CB1357,10646,1,237405,0,10647,237405
CB1407,10646,1,237405,0,10647,237405
CB1419,10646,1,237405,0,10647,237405
CB1464,10646,1,237405,0,10647,237405
CB1541,10646,1,237405,0,10647,237405
CB1593,10646,1,237405,0,10647,237405
CB1655,10646,1,237405,0,10647,237405
CB1726,10646,1,237405,0,10647,237405
CB1795,10646,1,237405,0,10647,237405
CB1805,10646,1,237405,0,10647,237405
CB1818,10646,1,237405,0,10647,237405
CB1908,10646,1,237405,0,10647,237405
CB1918,10646,1,237405,0,10647,237405
CB1942,10646,1,237405,0,10647,237405
CB2000,10646,1,237405,0,10647,237405
CB2086,10646,1,237405,0,10647,237405
CB2105,10646,1,237405,0,10647,237405
CB2133,10646,1,237405,0,10647,237405
CB2185,10646,1,237405,0,10647,237405
CB2208,10646,1,237405,0,10647,237405
CB2290,10646,1,237405,0,10647,237405
CB2347,10646,1,237405,0,10647,237405
CB2501,10646,1,237405,0,10647,237405
CB2522,10646,1,237405,0,10647,237405
CB2653,10646,1,237405,0,10647,237405
CB2714,10646,1,237405,0,10647,237405
CB2772,10646,1,237405,0,10647,237405
CB2782,10646,1,237405,0,10647,237405
CB2940,10646,1,237405,0,10647,237405
CB2972,10646,1,237405,0,10647,237405
CB3036,10646,1,237405,0,10647,237405
CB3081,10646,1,237405,0,10647,237405
CB3162,10646,1,237405,0,10647,237405
CB3168,10646,1,237405,0,10647,237405
CB3173,10646,1,237405,0,10647,237405
CB3201,10646,1,237405,0,10647,237405
CB3236,10646,1,237405,0,10647,237405
CB3245,10646,1,237405,0,10647,237405
CB3357,10646,1,237405,0,10647,237405
CB3361,10646,1,237405,0,10647,237405
CB3364,10646,1,237405,0,10647,237405
CB3383,10646,1,237405,0,10647,237405
CB3384,10646,1,237405,0,10647,237405
CB3409,10646,1,237405,0,10647,237405
CB3453,10646,1,237405,0,10647,237405
CB3477,10646,1,237405,0,10647,237405
CB3552,10646,1,237405,0,10647,237405
CB3556,10646,1,237405,0,10647,237405
CB3570,10646,1,237405,0,10647,237405
CB3649,10646,1,237405,0,10647,237405
CB3741,10646,1,237405,0,10647,237405
CB3744,10646,1,237405,0,10647,237405
CB4114,10646,1,237405,0,10647,237405
CB4121,10646,1,237405,0,10647,237405
CB4228,10646,1,237405,0,10647,237405
CL080,10646,1,237405,0,10647,237405
CL113,10646,1,237405,0,10647,237405
CL114,10646,1,237405,0,10647,237405
CL118,10646,1,237405,0,10647,237405
CL268,10646,1,237405,0,10647,237405
Cm-DRA,10646,1,237405,0,10647,237405
Cm14,10646,1,237405,0,10647,237405
Cm18,10646,1,237405,0,10647,237405
Cm27,10646,1,237405,0,10647,237405
DA1_lPN,10646,1,237405,0,10647,237405
DA2_lPN,10646,1,237405,0,10647,237405
DA3_adPN,10646,1,237405,0,10647,237405
DC3_adPN,10646,1,237405,0,10647,237405
DC4_adPN,10646,1,237405,0,10647,237405
DL3_lPN,10646,1,237405,0,10647,237405
DL5_adPN,10646,1,237405,0,10647,237405
DM1_lPN,10646,1,237405,0,10647,237405
DM3_adPN,10646,1,237405,0,10647,237405
DM5_lPN,10646,1,237405,0,10647,237405
DM6_adPN,10646,1,237405,0,10647,237405
DP1m_adPN,10646,1,237405,0,10647,237405
DP1m_vPN,10646,1,237405,0,10647,237405
D_adPN,10646,1,237405,0,10647,237405
Dm-DRA1,10646,1,237405,0,10647,237405
EA06B010,10646,1,237405,0,10647,237405
FLA018,10646,1,237405,0,10647,237405
GFC3,10646,1,237405,0,10647,237405
GNG002,10646,1,237405,0,10647,237405
GNG015,10646,1,237405,0,10647,237405
GNG019,10646,1,237405,0,10647,237405
GNG027,10646,1,237405,0,10647,237405
GNG028,10646,1,237405,0,10647,237405
GNG050,10646,1,237405,0,10647,237405
GNG052,10646,1,237405,0,10647,237405
GNG062,10646,1,237405,0,10647,237405
GNG069,10646,1,237405,0,10647,237405
GNG071,10646,1,237405,0,10647,237405
GNG074,10646,1,237405,0,10647,237405
GNG080,10646,1,237405,0,10647,237405
GNG091,10646,1,237405,0,10647,237405
GNG095,10646,1,237405,0,10647,237405
GNG100,10646,1,237405,0,10647,237405
GNG101,10646,1,237405,0,10647,237405
GNG103,10646,1,237405,0,10647,237405
GNG118,10646,1,237405,0,10647,237405
GNG128,10646,1,237405,0,10647,237405
GNG131,10646,1,237405,0,10647,237405
GNG136,10646,1,237405,0,10647,237405
GNG140,10646,1,237405,0,10647,237405
GNG142,10646,1,237405,0,10647,237405
GNG145,10646,1,237405,0,10647,237405
GNG154,10646,1,237405,0,10647,237405
GNG157,10646,1,237405,0,10647,237405
GNG161,10646,1,237405,0,10647,237405
GNG169,10646,1,237405,0,10647,237405
GNG173,10646,1,237405,0,10647,237405
GNG176,10646,1,237405,0,10647,237405
GNG177,10646,1,237405,0,10647,237405
GNG178,10646,1,237405,0,10647,237405
GNG182,10646,1,237405,0,10647,237405
GNG198,10646,1,237405,0,10647,237405
GNG201,10646,1,237405,0,10647,237405
GNG211,10646,1,237405,0,10647,237405
GNG216,10646,1,237405,0,10647,237405
GNG220,10646,1,237405,0,10647,237405
GNG226,10646,1,237405,0,10647,237405
GNG235,10646,1,237405,0,10647,237405
GNG236,10646,1,237405,0,10647,237405
GNG243,10646,1,237405,0,10647,237405
GNG245,10646,1,237405,0,10647,237405
GNG256,10646,1,237405,0,10647,237405
GNG278,10646,1,237405,0,10647,237405
GNG279_a,10646,1,237405,0,10647,237405
GNG288,10646,1,237405,0,10647,237405
GNG302,10646,1,237405,0,10647,237405
GNG304,10646,1,237405,0,10647,237405
GNG310,10646,1,237405,0,10647,237405
GNG315,10646,1,237405,0,10647,237405
GNG318,10646,1,237405,0,10647,237405
GNG324,10646,1,237405,0,10647,237405
GNG330,10646,1,237405,0,10647,237405
GNG347,10646,1,237405,0,10647,237405
GNG349,10646,1,237405,0,10647,237405
GNG353,10646,1,237405,0,10647,237405
GNG364,10646,1,237405,0,10647,237405
GNG366,10646,1,237405,0,10647,237405
GNG370,10646,1,237405,0,10647,237405
GNG371,10646,1,237405,0,10647,237405
GNG376,10646,1,237405,0,10647,237405
GNG381,10646,1,237405,0,10647,237405
GNG399,10646,1,237405,0,10647,237405
GNG402,10646,1,237405,0,10647,237405
GNG408,10646,1,237405,0,10647,237405
GNG415,10646,1,237405,0,10647,237405
GNG417,10646,1,237405,0,10647,237405
GNG419,10646,1,237405,0,10647,237405
GNG420_b,10646,1,237405,0,10647,237405
GNG424,10646,1,237405,0,10647,237405
GNG441,10646,1,237405,0,10647,237405
GNG442,10646,1,237405,0,10647,237405
GNG459,10646,1,237405,0,10647,237405
GNG462,10646,1,237405,0,10647,237405
GNG463,10646,1,237405,0,10647,237405
GNG471,10646,1,237405,0,10647,237405
GNG473,10646,1,237405,0,10647,237405
GNG482,10646,1,237405,0,10647,237405
GNG493,10646,1,237405,0,10647,237405
GNG497,10646,1,237405,0,10647,237405
GNG499,10646,1,237405,0,10647,237405
GNG504,10646,1,237405,0,10647,237405
GNG508,10646,1,237405,0,10647,237405
GNG509,10646,1,237405,0,10647,237405
GNG517,10646,1,237405,0,10647,237405
GNG529,10646,1,237405,0,10647,237405
GNG534,10646,1,237405,0,10647,237405
GNG567,10646,1,237405,0,10647,237405
GNG576,10646,1,237405,0,10647,237405
GNG586,10646,1,237405,0,10647,237405
GNG588,10646,1,237405,0,10647,237405
GNG591,10646,1,237405,0,10647,237405
GNG607,10646,1,237405,0,10647,237405
GNG608,10646,1,237405,0,10647,237405
GNG615,10646,1,237405,0,10647,237405
GNG624,10646,1,237405,0,10647,237405
GNG625,10646,1,237405,0,10647,237405
GNG626,10646,1,237405,0,10647,237405
GNG627,10646,1,237405,0,10647,237405
GNG628,10646,1,237405,0,10647,237405
GNG629,10646,1,237405,0,10647,237405
GNG630,10646,1,237405,0,10647,237405
GNG657,10646,1,237405,0,10647,237405
GNG700m,10646,1,237405,0,10647,237405
IB026,10646,1,237405,0,10647,237405
IB096,10646,1,237405,0,10647,237405
IN00A010,10646,1,237405,0,10647,237405
IN00A022,10646,1,237405,0,10647,237405
IN00A029,10646,1,237405,0,10647,237405
IN00A031,10646,1,237405,0,10647,237405
IN00A035,10646,1,237405,0,10647,237405
IN00A037,10646,1,237405,0,10647,237405
IN00A040,10646,1,237405,0,10647,237405
IN00A052,10646,1,237405,0,10647,237405
IN00A054,10646,1,237405,0,10647,237405
IN00A055,10646,1,237405,0,10647,237405
IN00A056,10646,1,237405,0,10647,237405
IN00A057,10646,1,237405,0,10647,237405
IN00A060,10646,1,237405,0,10647,237405
IN00A066,10646,1,237405,0,10647,237405
IN00A070,10646,1,237405,0,10647,237405
IN01A015,10646,1,237405,0,10647,237405
IN01A022,10646,1,237405,0,10647,237405
IN01A023,10646,1,237405,0,10647,237405
IN01A026,10646,1,237405,0,10647,237405
IN01A047,10646,1,237405,0,10647,237405
IN01A050,10646,1,237405,0,10647,237405
IN01A057,10646,1,237405,0,10647,237405
IN01A062_c,10646,1,237405,0,10647,237405
IN01A063_b,10646,1,237405,0,10647,237405
IN01A064,10646,1,237405,0,10647,237405
IN01A071,10646,1,237405,0,10647,237405
IN01A072,10646,1,237405,0,10647,237405
IN01A077,10646,1,237405,0,10647,237405
IN01A083_a,10646,1,237405,0,10647,237405
IN01B001,10646,1,237405,0,10647,237405
IN01B019_a,10646,1,237405,0,10647,237405
IN01B023_a,10646,1,237405,0,10647,237405
IN01B023_b,10646,1,237405,0,10647,237405
IN01B023_c,10646,1,237405,0,10647,237405
IN01B030,10646,1,237405,0,10647,237405
IN01B031_b,10646,1,237405,0,10647,237405
IN01B033,10646,1,237405,0,10647,237405
IN01B036,10646,1,237405,0,10647,237405
IN01B037_a,10646,1,237405,0,10647,237405
IN01B043,10646,1,237405,0,10647,237405
IN01B047,10646,1,237405,0,10647,237405
IN01B048_a,10646,1,237405,0,10647,237405
IN01B048_b,10646,1,237405,0,10647,237405
IN01B050_b,10646,1,237405,0,10647,237405
IN01B057,10646,1,237405,0,10647,237405
IN01B064,10646,1,237405,0,10647,237405
IN01B067,10646,1,237405,0,10647,237405
IN01B069_b,10646,1,237405,0,10647,237405
IN01B070,10646,1,237405,0,10647,237405
IN01B086,10646,1,237405,0,10647,237405
IN01B093,10646,1,237405,0,10647,237405
IN01B099,10646,1,237405,0,10647,237405
IN02A003,10646,1,237405,0,10647,237405
IN02A011,10646,1,237405,0,10647,237405
IN02A018,10646,1,237405,0,10647,237405
IN02A026,10646,1,237405,0,10647,237405
IN02A029,10646,1,237405,0,10647,237405
IN02A030,10646,1,237405,0,10647,237405
IN02A035,10646,1,237405,0,10647,237405
IN02A043,10646,1,237405,0,10647,237405
IN02A048,10646,1,237405,0,10647,237405
IN02A050,10646,1,237405,0,10647,237405
IN02A052,10646,1,237405,0,10647,237405
IN02A053,10646,1,237405,0,10647,237405
IN02A055,10646,1,237405,0,10647,237405
IN02A056_a,10646,1,237405,0,10647,237405
IN02A056_b,10646,1,237405,0,10647,237405
IN02A056_c,10646,1,237405,0,10647,237405
IN02A058,10646,1,237405,0,10647,237405
IN02A060,10646,1,237405,0,10647,237405
IN02A062,10646,1,237405,0,10647,237405
IN02A067,10646,1,237405,0,10647,237405
IN03A005,10646,1,237405,0,10647,237405
IN03A006,10646,1,237405,0,10647,237405
IN03A013,10646,1,237405,0,10647,237405
IN03A015,10646,1,237405,0,10647,237405
IN03A020,10646,1,237405,0,10647,237405
IN03A023,10646,1,237405,0,10647,237405
IN03A026_a,10646,1,237405,0,10647,237405
IN03A026_c,10646,1,237405,0,10647,237405
IN03A037,10646,1,237405,0,10647,237405
IN03A040,10646,1,237405,0,10647,237405
IN03A042,10646,1,237405,0,10647,237405
IN03A050,10646,1,237405,0,10647,237405
IN03A051,10646,1,237405,0,10647,237405
IN03A058,10646,1,237405,0,10647,237405
IN03A059,10646,1,237405,0,10647,237405
IN03A062_c,10646,1,237405,0,10647,237405
IN03A062_e,10646,1,237405,0,10647,237405
IN03A063,10646,1,237405,0,10647,237405
IN03A065,10646,1,237405,0,10647,237405
IN03A072,10646,1,237405,0,10647,237405
IN03A075,10646,1,237405,0,10647,237405
IN03A078,10646,1,237405,0,10647,237405
IN03A080,10646,1,237405,0,10647,237405
IN03A083,10646,1,237405,0,10647,237405
IN03A084,10646,1,237405,0,10647,237405
IN03A088,10646,1,237405,0,10647,237405
IN03A089,10646,1,237405,0,10647,237405
IN03A097,10646,1,237405,0,10647,237405
IN03B001,10646,1,237405,0,10647,237405
IN03B019,10646,1,237405,0,10647,237405
IN03B032,10646,1,237405,0,10647,237405
IN03B038,10646,1,237405,0,10647,237405
IN03B042,10646,1,237405,0,10647,237405
IN03B054,10646,1,237405,0,10647,237405
IN03B059,10646,1,237405,0,10647,237405
IN03B061,10646,1,237405,0,10647,237405
IN03B065,10646,1,237405,0,10647,237405
IN03B066,10646,1,237405,0,10647,237405
IN03B077,10646,1,237405,0,10647,237405
"IN03B082,IN03B093",10646,1,237405,0,10647,237405
IN03B086_a,10646,1,237405,0,10647,237405
IN03B086_c,10646,1,237405,0,10647,237405
IN03B086_e,10646,1,237405,0,10647,237405
IN03B092,10646,1,237405,0,10647,237405
IN03B094,10646,1,237405,0,10647,237405
IN04B006,10646,1,237405,0,10647,237405
IN04B009,10646,1,237405,0,10647,237405
IN04B013,10646,1,237405,0,10647,237405
IN04B015,10646,1,237405,0,10647,237405
IN04B030,10646,1,237405,0,10647,237405
IN04B031,10646,1,237405,0,10647,237405
IN04B037,10646,1,237405,0,10647,237405
IN04B038,10646,1,237405,0,10647,237405
IN04B039,10646,1,237405,0,10647,237405
IN04B041,10646,1,237405,0,10647,237405
IN04B043_b,10646,1,237405,0,10647,237405
IN04B054_a,10646,1,237405,0,10647,237405
IN04B055,10646,1,237405,0,10647,237405
IN04B066,10646,1,237405,0,10647,237405
IN04B069,10646,1,237405,0,10647,237405
IN04B081,10646,1,237405,0,10647,237405
IN04B083,10646,1,237405,0,10647,237405
IN04B096,10646,1,237405,0,10647,237405
IN04B115,10646,1,237405,0,10647,237405
IN05B012,10646,1,237405,0,10647,237405
IN05B020,10646,1,237405,0,10647,237405
IN05B024,10646,1,237405,0,10647,237405
IN05B031,10646,1,237405,0,10647,237405
IN05B032,10646,1,237405,0,10647,237405
IN05B039,10646,1,237405,0,10647,237405
IN05B061,10646,1,237405,0,10647,237405
IN05B072_b,10646,1,237405,0,10647,237405
IN05B072_c,10646,1,237405,0,10647,237405
IN05B077,10646,1,237405,0,10647,237405
IN05B080,10646,1,237405,0,10647,237405
IN05B082,10646,1,237405,0,10647,237405
IN05B091,10646,1,237405,0,10647,237405
IN06A004,10646,1,237405,0,10647,237405
IN06A016,10646,1,237405,0,10647,237405
IN06A018,10646,1,237405,0,10647,237405
IN06A025,10646,1,237405,0,10647,237405
IN06A032,10646,1,237405,0,10647,237405
IN06A034,10646,1,237405,0,10647,237405
IN06A043,10646,1,237405,0,10647,237405
IN06A045,10646,1,237405,0,10647,237405
IN06A047,10646,1,237405,0,10647,237405
IN06A049,10646,1,237405,0,10647,237405
IN06A063,10646,1,237405,0,10647,237405
IN06A076_b,10646,1,237405,0,10647,237405
IN06A081,10646,1,237405,0,10647,237405
IN06A088,10646,1,237405,0,10647,237405
IN06A093,10646,1,237405,0,10647,237405
IN06A099,10646,1,237405,0,10647,237405
IN06A116,10646,1,237405,0,10647,237405
IN06A120_a,10646,1,237405,0,10647,237405
IN06A121,10646,1,237405,0,10647,237405
IN06A122,10646,1,237405,0,10647,237405
IN06A127,10646,1,237405,0,10647,237405
IN06A128,10646,1,237405,0,10647,237405
IN06A138,10646,1,237405,0,10647,237405
IN06B019,10646,1,237405,0,10647,237405
IN06B043,10646,1,237405,0,10647,237405
IN06B064,10646,1,237405,0,10647,237405
IN06B081,10646,1,237405,0,10647,237405
IN06B083,10646,1,237405,0,10647,237405
IN06B086,10646,1,237405,0,10647,237405
IN07B022,10646,1,237405,0,10647,237405
IN07B026,10646,1,237405,0,10647,237405
IN07B027,10646,1,237405,0,10647,237405
IN07B030,10646,1,237405,0,10647,237405
IN07B038,10646,1,237405,0,10647,237405
IN07B045,10646,1,237405,0,10647,237405
IN07B065,10646,1,237405,0,10647,237405
IN07B067,10646,1,237405,0,10647,237405
IN07B073_c,10646,1,237405,0,10647,237405
IN07B076_a,10646,1,237405,0,10647,237405
IN07B076_c,10646,1,237405,0,10647,237405
IN07B076_d,10646,1,237405,0,10647,237405
IN07B083_b,10646,1,237405,0,10647,237405
IN07B083_c,10646,1,237405,0,10647,237405
IN07B084,10646,1,237405,0,10647,237405
IN07B092_d,10646,1,237405,0,10647,237405
IN07B103,10646,1,237405,0,10647,237405
IN08A010,10646,1,237405,0,10647,237405
IN08A016,10646,1,237405,0,10647,237405
IN08A023,10646,1,237405,0,10647,237405
IN08A025,10646,1,237405,0,10647,237405
IN08A027,10646,1,237405,0,10647,237405
IN08A028,10646,1,237405,0,10647,237405
IN08A029,10646,1,237405,0,10647,237405
IN08A032,10646,1,237405,0,10647,237405
IN08A038,10646,1,237405,0,10647,237405
IN08A039,10646,1,237405,0,10647,237405
IN08A042,10646,1,237405,0,10647,237405
IN08A044,10646,1,237405,0,10647,237405
IN08A046,10646,1,237405,0,10647,237405
IN08A049,10646,1,237405,0,10647,237405
IN08B008,10646,1,237405,0,10647,237405
IN08B029,10646,1,237405,0,10647,237405
IN08B033,10646,1,237405,0,10647,237405
IN08B035,10646,1,237405,0,10647,237405
IN08B036,10646,1,237405,0,10647,237405
IN08B051_c,10646,1,237405,0,10647,237405
IN08B052,10646,1,237405,0,10647,237405
IN08B060,10646,1,237405,0,10647,237405
IN08B063,10646,1,237405,0,10647,237405
IN08B070_a,10646,1,237405,0,10647,237405
IN08B072,10646,1,237405,0,10647,237405
IN08B078,10646,1,237405,0,10647,237405
IN08B083_b,10646,1,237405,0,10647,237405
IN08B083_c,10646,1,237405,0,10647,237405
IN08B087,10646,1,237405,0,10647,237405
IN09A010,10646,1,237405,0,10647,237405
IN09A012,10646,1,237405,0,10647,237405
IN09A028,10646,1,237405,0,10647,237405
IN09A034,10646,1,237405,0,10647,237405
"IN09A056,IN09A072",10646,1,237405,0,10647,237405
IN09A062,10646,1,237405,0,10647,237405
IN09A063,10646,1,237405,0,10647,237405
IN09A067,10646,1,237405,0,10647,237405
IN09A089,10646,1,237405,0,10647,237405
IN09A091,10646,1,237405,0,10647,237405
IN09A093,10646,1,237405,0,10647,237405
IN09B053,10646,1,237405,0,10647,237405
IN10B002,10646,1,237405,0,10647,237405
IN10B004,10646,1,237405,0,10647,237405
IN10B013,10646,1,237405,0,10647,237405
IN10B014,10646,1,237405,0,10647,237405
IN10B040,10646,1,237405,0,10647,237405
IN11A002,10646,1,237405,0,10647,237405
IN11A004,10646,1,237405,0,10647,237405
IN11A007,10646,1,237405,0,10647,237405
IN11A013,10646,1,237405,0,10647,237405
IN11A027_a,10646,1,237405,0,10647,237405
IN11A028,10646,1,237405,0,10647,237405
IN11A030,10646,1,237405,0,10647,237405
IN11A034,10646,1,237405,0,10647,237405
IN11A036,10646,1,237405,0,10647,237405
IN11A037_b,10646,1,237405,0,10647,237405
IN11A042,10646,1,237405,0,10647,237405
IN11A048,10646,1,237405,0,10647,237405
IN11B003,10646,1,237405,0,10647,237405
IN11B004,10646,1,237405,0,10647,237405
IN11B005,10646,1,237405,0,10647,237405
IN11B014,10646,1,237405,0,10647,237405
IN11B016_c,10646,1,237405,0,10647,237405
IN11B021_a,10646,1,237405,0,10647,237405
IN11B021_d,10646,1,237405,0,10647,237405
IN11B021_e,10646,1,237405,0,10647,237405
IN11B022_a,10646,1,237405,0,10647,237405
IN11B022_b,10646,1,237405,0,10647,237405
IN11B022_d,10646,1,237405,0,10647,237405
IN12A003,10646,1,237405,0,10647,237405
IN12A008,10646,1,237405,0,10647,237405
IN12A012,10646,1,237405,0,10647,237405
IN12A019_a,10646,1,237405,0,10647,237405
IN12A019_b,10646,1,237405,0,10647,237405
IN12A025,10646,1,237405,0,10647,237405
IN12A034,10646,1,237405,0,10647,237405
IN12A035,10646,1,237405,0,10647,237405
IN12A043_a,10646,1,237405,0,10647,237405
IN12A043_c,10646,1,237405,0,10647,237405
IN12A050_b,10646,1,237405,0,10647,237405
IN12A052_b,10646,1,237405,0,10647,237405
IN12A059_d,10646,1,237405,0,10647,237405
IN12A059_e,10646,1,237405,0,10647,237405
IN12A060_a,10646,1,237405,0,10647,237405
IN12B015,10646,1,237405,0,10647,237405
IN12B024_c,10646,1,237405,0,10647,237405
IN12B026,10646,1,237405,0,10647,237405
IN12B027,10646,1,237405,0,10647,237405
IN12B044_b,10646,1,237405,0,10647,237405
IN12B048,10646,1,237405,0,10647,237405
IN12B056,10646,1,237405,0,10647,237405
IN12B058,10646,1,237405,0,10647,237405
IN12B060,10646,1,237405,0,10647,237405
IN12B062,10646,1,237405,0,10647,237405
IN12B063_a,10646,1,237405,0,10647,237405
IN12B066_d,10646,1,237405,0,10647,237405
IN12B068_a,10646,1,237405,0,10647,237405
IN12B068_c,10646,1,237405,0,10647,237405
IN12B074,10646,1,237405,0,10647,237405
IN12B075,10646,1,237405,0,10647,237405
IN12B082,10646,1,237405,0,10647,237405
IN12B086,10646,1,237405,0,10647,237405
IN13A003,10646,1,237405,0,10647,237405
IN13A012,10646,1,237405,0,10647,237405
IN13A020,10646,1,237405,0,10647,237405
IN13A021,10646,1,237405,0,10647,237405
IN13A023,10646,1,237405,0,10647,237405
IN13A031,10646,1,237405,0,10647,237405
IN13A034,10646,1,237405,0,10647,237405
IN13A040,10646,1,237405,0,10647,237405
IN13A041,10646,1,237405,0,10647,237405
IN13A042,10646,1,237405,0,10647,237405
IN13A045,10646,1,237405,0,10647,237405
IN13A051,10646,1,237405,0,10647,237405
IN13A054,10646,1,237405,0,10647,237405
IN13A057,10646,1,237405,0,10647,237405
IN13A060,10646,1,237405,0,10647,237405
IN13A061,10646,1,237405,0,10647,237405
IN13A062,10646,1,237405,0,10647,237405
IN13A064,10646,1,237405,0,10647,237405
IN13A069,10646,1,237405,0,10647,237405
IN13B015,10646,1,237405,0,10647,237405
IN13B020,10646,1,237405,0,10647,237405
IN13B031,10646,1,237405,0,10647,237405
IN13B032,10646,1,237405,0,10647,237405
IN13B034,10646,1,237405,0,10647,237405
IN13B036,10646,1,237405,0,10647,237405
IN13B041,10646,1,237405,0,10647,237405
IN13B043,10646,1,237405,0,10647,237405
IN13B050,10646,1,237405,0,10647,237405
IN13B055,10646,1,237405,0,10647,237405
IN13B059,10646,1,237405,0,10647,237405
IN13B063,10646,1,237405,0,10647,237405
IN13B077,10646,1,237405,0,10647,237405
IN13B078,10646,1,237405,0,10647,237405
IN13B096_b,10646,1,237405,0,10647,237405
IN13B097,10646,1,237405,0,10647,237405
IN13B102,10646,1,237405,0,10647,237405
IN13B104,10646,1,237405,0,10647,237405
IN14A023,10646,1,237405,0,10647,237405
IN14A031,10646,1,237405,0,10647,237405
IN14A036,10646,1,237405,0,10647,237405
IN14A044,10646,1,237405,0,10647,237405
"IN14A048,IN14A102",10646,1,237405,0,10647,237405
IN14A050,10646,1,237405,0,10647,237405
IN14A056,10646,1,237405,0,10647,237405
IN14A065,10646,1,237405,0,10647,237405
IN14A066,10646,1,237405,0,10647,237405
IN14A069,10646,1,237405,0,10647,237405
IN14A070,10646,1,237405,0,10647,237405
IN14A076,10646,1,237405,0,10647,237405
IN14A079,10646,1,237405,0,10647,237405
IN14A080,10646,1,237405,0,10647,237405
IN14A081,10646,1,237405,0,10647,237405
IN14A084,10646,1,237405,0,10647,237405
IN14A085_a,10646,1,237405,0,10647,237405
IN14A087,10646,1,237405,0,10647,237405
IN14A088,10646,1,237405,0,10647,237405
IN14A103,10646,1,237405,0,10647,237405
IN14A117,10646,1,237405,0,10647,237405
IN14A121_b,10646,1,237405,0,10647,237405
IN14B001,10646,1,237405,0,10647,237405
IN14B003,10646,1,237405,0,10647,237405
IN14B006,10646,1,237405,0,10647,237405
IN14B009,10646,1,237405,0,10647,237405
IN16B040,10646,1,237405,0,10647,237405
IN16B045,10646,1,237405,0,10647,237405
IN16B057,10646,1,237405,0,10647,237405
IN16B060,10646,1,237405,0,10647,237405
IN16B068_b,10646,1,237405,0,10647,237405
IN16B068_c,10646,1,237405,0,10647,237405
IN16B074,10646,1,237405,0,10647,237405
IN16B075_a,10646,1,237405,0,10647,237405
IN16B077,10646,1,237405,0,10647,237405
IN16B080,10646,1,237405,0,10647,237405
IN16B090,10646,1,237405,0,10647,237405
IN16B097,10646,1,237405,0,10647,237405
IN16B098,10646,1,237405,0,10647,237405
IN16B105,10646,1,237405,0,10647,237405
IN16B114,10646,1,237405,0,10647,237405
IN16B124,10646,1,237405,0,10647,237405
IN16B125,10646,1,237405,0,10647,237405
IN17A017,10646,1,237405,0,10647,237405
IN17A022,10646,1,237405,0,10647,237405
IN17A035,10646,1,237405,0,10647,237405
IN17A037,10646,1,237405,0,10647,237405
IN17A040,10646,1,237405,0,10647,237405
IN17A044,10646,1,237405,0,10647,237405
IN17A052,10646,1,237405,0,10647,237405
IN17A053,10646,1,237405,0,10647,237405
IN17A056,10646,1,237405,0,10647,237405
IN17A058,10646,1,237405,0,10647,237405
IN17A061,10646,1,237405,0,10647,237405
IN17A074,10646,1,237405,0,10647,237405
IN17A103,10646,1,237405,0,10647,237405
IN17A106_a,10646,1,237405,0,10647,237405
IN17A106_b,10646,1,237405,0,10647,237405
IN17A108,10646,1,237405,0,10647,237405
IN17A110,10646,1,237405,0,10647,237405
IN17A118,10646,1,237405,0,10647,237405
IN17B008,10646,1,237405,0,10647,237405
IN17B017,10646,1,237405,0,10647,237405
IN18B008,10646,1,237405,0,10647,237405
IN18B011,10646,1,237405,0,10647,237405
IN18B015,10646,1,237405,0,10647,237405
IN18B016,10646,1,237405,0,10647,237405
IN18B018,10646,1,237405,0,10647,237405
IN18B028,10646,1,237405,0,10647,237405
IN18B033,10646,1,237405,0,10647,237405
IN18B035,10646,1,237405,0,10647,237405
IN18B037,10646,1,237405,0,10647,237405
IN18B038,10646,1,237405,0,10647,237405
IN18B041,10646,1,237405,0,10647,237405
IN18B044,10646,1,237405,0,10647,237405
IN18B045_a,10646,1,237405,0,10647,237405
IN18B046,10646,1,237405,0,10647,237405
IN19A007,10646,1,237405,0,10647,237405
IN19A012,10646,1,237405,0,10647,237405
IN19A017,10646,1,237405,0,10647,237405
IN19A021,10646,1,237405,0,10647,237405
IN19A027,10646,1,237405,0,10647,237405
IN19A031,10646,1,237405,0,10647,237405
IN19A037,10646,1,237405,0,10647,237405
IN19A042,10646,1,237405,0,10647,237405
IN19A045,10646,1,237405,0,10647,237405
IN19A060_d,10646,1,237405,0,10647,237405
IN19A061,10646,1,237405,0,10647,237405
IN19A084,10646,1,237405,0,10647,237405
IN19A093,10646,1,237405,0,10647,237405
IN19A100,10646,1,237405,0,10647,237405
IN19B003,10646,1,237405,0,10647,237405
IN19B010,10646,1,237405,0,10647,237405
IN19B015,10646,1,237405,0,10647,237405
IN19B023,10646,1,237405,0,10647,237405
IN19B047,10646,1,237405,0,10647,237405
IN19B070,10646,1,237405,0,10647,237405
IN19B073,10646,1,237405,0,10647,237405
IN19B078,10646,1,237405,0,10647,237405
IN19B081,10646,1,237405,0,10647,237405
IN19B084,10646,1,237405,0,10647,237405
IN19B089,10646,1,237405,0,10647,237405
IN19B094,10646,1,237405,0,10647,237405
IN19B107,10646,1,237405,0,10647,237405
IN19B111,10646,1,237405,0,10647,237405
IN20A.22A001,10646,1,237405,0,10647,237405
IN20A.22A003,10646,1,237405,0,10647,237405
IN20A.22A019,10646,1,237405,0,10647,237405
IN20A.22A021,10646,1,237405,0,10647,237405
IN20A.22A027,10646,1,237405,0,10647,237405
IN20A.22A028,10646,1,237405,0,10647,237405
IN20A.22A029,10646,1,237405,0,10647,237405
"IN20A.22A036,IN20A.22A072",10646,1,237405,0,10647,237405
IN20A.22A037,10646,1,237405,0,10647,237405
IN20A.22A055,10646,1,237405,0,10647,237405
IN20A.22A058,10646,1,237405,0,10647,237405
"IN20A.22A061,IN20A.22A066",10646,1,237405,0,10647,237405
IN20A.22A062,10646,1,237405,0,10647,237405
IN20A.22A066,10646,1,237405,0,10647,237405
IN20A.22A073,10646,1,237405,0,10647,237405
IN20A.22A083,10646,1,237405,0,10647,237405
IN20A.22A084,10646,1,237405,0,10647,237405
IN20A.22A085,10646,1,237405,0,10647,237405
IN20A.22A089,10646,1,237405,0,10647,237405
IN20A.22A091,10646,1,237405,0,10647,237405
IN21A002,10646,1,237405,0,10647,237405
IN21A006,10646,1,237405,0,10647,237405
IN21A011,10646,1,237405,0,10647,237405
IN21A012,10646,1,237405,0,10647,237405
IN21A017,10646,1,237405,0,10647,237405
IN21A018,10646,1,237405,0,10647,237405
IN21A022,10646,1,237405,0,10647,237405
IN21A026,10646,1,237405,0,10647,237405
IN21A031,10646,1,237405,0,10647,237405
IN21A032,10646,1,237405,0,10647,237405
IN21A035,10646,1,237405,0,10647,237405
IN21A037,10646,1,237405,0,10647,237405
IN21A044,10646,1,237405,0,10647,237405
IN21A047_b,10646,1,237405,0,10647,237405
IN21A047_c,10646,1,237405,0,10647,237405
IN21A047_d,10646,1,237405,0,10647,237405
IN21A048,10646,1,237405,0,10647,237405
IN21A050,10646,1,237405,0,10647,237405
IN21A056,10646,1,237405,0,10647,237405
IN21A063,10646,1,237405,0,10647,237405
IN21A077,10646,1,237405,0,10647,237405
IN21A085,10646,1,237405,0,10647,237405
IN21A087,10646,1,237405,0,10647,237405
IN21A093,10646,1,237405,0,10647,237405
IN23B050,10646,1,237405,0,10647,237405
IN23B055,10646,1,237405,0,10647,237405
IN23B059,10646,1,237405,0,10647,237405
"IN23B069,IN23B079",10646,1,237405,0,10647,237405
IN23B079,10646,1,237405,0,10647,237405
IN23B080,10646,1,237405,0,10647,237405
IN23B092,10646,1,237405,0,10647,237405
INXXX022,10646,1,237405,0,10647,237405
INXXX023,10646,1,237405,0,10647,237405
INXXX031,10646,1,237405,0,10647,237405
INXXX032,10646,1,237405,0,10647,237405
INXXX034,10646,1,237405,0,10647,237405
INXXX035,10646,1,237405,0,10647,237405
INXXX039,10646,1,237405,0,10647,237405
INXXX053,10646,1,237405,0,10647,237405
INXXX056,10646,1,237405,0,10647,237405
INXXX062,10646,1,237405,0,10647,237405
INXXX089,10646,1,237405,0,10647,237405
INXXX111,10646,1,237405,0,10647,237405
INXXX115,10646,1,237405,0,10647,237405
INXXX149,10646,1,237405,0,10647,237405
INXXX158,10646,1,237405,0,10647,237405
INXXX159,10646,1,237405,0,10647,237405
INXXX180,10646,1,237405,0,10647,237405
INXXX183,10646,1,237405,0,10647,237405
INXXX197,10646,1,237405,0,10647,237405
INXXX199,10646,1,237405,0,10647,237405
INXXX217,10646,1,237405,0,10647,237405
INXXX232,10646,1,237405,0,10647,237405
INXXX239,10646,1,237405,0,10647,237405
INXXX241,10646,1,237405,0,10647,237405
INXXX263,10646,1,237405,0,10647,237405
INXXX265,10646,1,237405,0,10647,237405
INXXX269,10646,1,237405,0,10647,237405
INXXX271,10646,1,237405,0,10647,237405
INXXX279,10646,1,237405,0,10647,237405
INXXX280,10646,1,237405,0,10647,237405
INXXX285,10646,1,237405,0,10647,237405
INXXX287,10646,1,237405,0,10647,237405
INXXX288,10646,1,237405,0,10647,237405
INXXX295,10646,1,237405,0,10647,237405
INXXX302,10646,1,237405,0,10647,237405
INXXX303,10646,1,237405,0,10647,237405
INXXX319,10646,1,237405,0,10647,237405
INXXX320,10646,1,237405,0,10647,237405
INXXX322,10646,1,237405,0,10647,237405
INXXX324,10646,1,237405,0,10647,237405
INXXX329,10646,1,237405,0,10647,237405
INXXX337,10646,1,237405,0,10647,237405
INXXX343,10646,1,237405,0,10647,237405
INXXX347,10646,1,237405,0,10647,237405
INXXX349,10646,1,237405,0,10647,237405
INXXX363,10646,1,237405,0,10647,237405
INXXX374,10646,1,237405,0,10647,237405
INXXX378,10646,1,237405,0,10647,237405
INXXX388,10646,1,237405,0,10647,237405
INXXX391,10646,1,237405,0,10647,237405
INXXX403,10646,1,237405,0,10647,237405
INXXX405,10646,1,237405,0,10647,237405
INXXX409,10646,1,237405,0,10647,237405
INXXX417,10646,1,237405,0,10647,237405
INXXX418,10646,1,237405,0,10647,237405
INXXX419,10646,1,237405,0,10647,237405
INXXX423,10646,1,237405,0,10647,237405
INXXX426,10646,1,237405,0,10647,237405
INXXX431,10646,1,237405,0,10647,237405
INXXX444,10646,1,237405,0,10647,237405
"INXXX447,INXXX449",10646,1,237405,0,10647,237405
INXXX471,10646,1,237405,0,10647,237405
INXXX472,10646,1,237405,0,10647,237405
IPS001,10646,1,237405,0,10647,237405
L2,10646,1,237405,0,10647,237405
L4,10646,1,237405,0,10647,237405
LAL064,10646,1,237405,0,10647,237405
LAL156_b,10646,1,237405,0,10647,237405
LHAD1a2,10646,1,237405,0,10647,237405
LHAD1c2b,10646,1,237405,0,10647,237405
LHAD1f2,10646,1,237405,0,10647,237405
LHAD1i2_b,10646,1,237405,0,10647,237405
LHAD1j1,10646,1,237405,0,10647,237405
LHAD2c2,10646,1,237405,0,10647,237405
LHAD2c3,10646,1,237405,0,10647,237405
LHAV1a3,10646,1,237405,0,10647,237405
LHAV1b3,10646,1,237405,0,10647,237405
LHAV2b2_b,10646,1,237405,0,10647,237405
LHAV2b2_d,10646,1,237405,0,10647,237405
LHAV2f2_b,10646,1,237405,0,10647,237405
LHAV4l1,10646,1,237405,0,10647,237405
LHAV6b1,10646,1,237405,0,10647,237405
LHAV7a1_a,10646,1,237405,0,10647,237405
LHAV7a6,10646,1,237405,0,10647,237405
LHAV9a1_a,10646,1,237405,0,10647,237405
LHPD2c7,10646,1,237405,0,10647,237405
LHPD4b1,10646,1,237405,0,10647,237405
LHPV2a1_d,10646,1,237405,0,10647,237405
LHPV2b3,10646,1,237405,0,10647,237405
LHPV2c5,10646,1,237405,0,10647,237405
LHPV2h1,10646,1,237405,0,10647,237405
LHPV4b4,10646,1,237405,0,10647,237405
LHPV4d7,10646,1,237405,0,10647,237405
LHPV4j3,10646,1,237405,0,10647,237405
LHPV5b4,10646,1,237405,0,10647,237405
LHPV6a3,10646,1,237405,0,10647,237405
LHPV6i2_a,10646,1,237405,0,10647,237405
LHPV8a1,10646,1,237405,0,10647,237405
LPT59,10646,1,237405,0,10647,237405
LoVC13,10646,1,237405,0,10647,237405
LoVC24,10646,1,237405,0,10647,237405
M_lv2PN9t49_a,10646,1,237405,0,10647,237405
M_lvPNm32,10646,1,237405,0,10647,237405
M_lvPNm45,10646,1,237405,0,10647,237405
M_lvPNm48,10646,1,237405,0,10647,237405
M_smPNm1,10646,1,237405,0,10647,237405
M_vPNml84,10646,1,237405,0,10647,237405
MeLo11,10646,1,237405,0,10647,237405
MeTu2a,10646,1,237405,0,10647,237405
MeTu2b,10646,1,237405,0,10647,237405
MeVC3,10646,1,237405,0,10647,237405
MeVC5,10646,1,237405,0,10647,237405
MeVC9,10646,1,237405,0,10647,237405
MeVP15,10646,1,237405,0,10647,237405
MeVP31,10646,1,237405,0,10647,237405
MeVP32,10646,1,237405,0,10647,237405
MeVP63,10646,1,237405,0,10647,237405
MeVPMe10,10646,1,237405,0,10647,237405
OCG01e,10646,1,237405,0,10647,237405
OCG01f,10646,1,237405,0,10647,237405
OCG06,10646,1,237405,0,10647,237405
PLP036,10646,1,237405,0,10647,237405
PLP073,10646,1,237405,0,10647,237405
PLP257,10646,1,237405,0,10647,237405
PRW006,10646,1,237405,0,10647,237405
PRW023,10646,1,237405,0,10647,237405
PRW035,10646,1,237405,0,10647,237405
PRW041,10646,1,237405,0,10647,237405
PRW045,10646,1,237405,0,10647,237405
PRW056,10646,1,237405,0,10647,237405
PRW061,10646,1,237405,0,10647,237405
PRW062,10646,1,237405,0,10647,237405
PRW063,10646,1,237405,0,10647,237405
PS048_b,10646,1,237405,0,10647,237405
PS059,10646,1,237405,0,10647,237405
PS076,10646,1,237405,0,10647,237405
PS094,10646,1,237405,0,10647,237405
PS099_a,10646,1,237405,0,10647,237405
PS099_b,10646,1,237405,0,10647,237405
PS115,10646,1,237405,0,10647,237405
PS116,10646,1,237405,0,10647,237405
PS221,10646,1,237405,0,10647,237405
PS230,10646,1,237405,0,10647,237405
PS323,10646,1,237405,0,10647,237405
PS324,10646,1,237405,0,10647,237405
PS330,10646,1,237405,0,10647,237405
PS339,10646,1,237405,0,10647,237405
PS343,10646,1,237405,0,10647,237405
PS345,10646,1,237405,0,10647,237405
PS346,10646,1,237405,0,10647,237405
PS347_a,10646,1,237405,0,10647,237405
PS353,10646,1,237405,0,10647,237405
PS354,10646,1,237405,0,10647,237405
PSI,10646,1,237405,0,10647,237405
PVLP105,10646,1,237405,0,10647,237405
SAD005,10646,1,237405,0,10647,237405
SAD011,10646,1,237405,0,10647,237405
SAD023,10646,1,237405,0,10647,237405
SAD035,10646,1,237405,0,10647,237405
SAD044,10646,1,237405,0,10647,237405
SAD047,10646,1,237405,0,10647,237405
SAD096,10646,1,237405,0,10647,237405
SAD097,10646,1,237405,0,10647,237405
SAD098,10646,1,237405,0,10647,237405
SAD099,10646,1,237405,0,10647,237405
SAD106,10646,1,237405,0,10647,237405
SAD108,10646,1,237405,0,10647,237405
SAD200m,10646,1,237405,0,10647,237405
SIP003_b,10646,1,237405,0,10647,237405
SIP042_b,10646,1,237405,0,10647,237405
SLP015_c,10646,1,237405,0,10647,237405
SLP027,10646,1,237405,0,10647,237405
SLP036,10646,1,237405,0,10647,237405
SLP122_b,10646,1,237405,0,10647,237405
SLP179_b,10646,1,237405,0,10647,237405
SLP186,10646,1,237405,0,10647,237405
SLP187,10646,1,237405,0,10647,237405
SLP215,10646,1,237405,0,10647,237405
SLP239,10646,1,237405,0,10647,237405
SLP243,10646,1,237405,0,10647,237405
SLP291,10646,1,237405,0,10647,237405
SLP337,10646,1,237405,0,10647,237405
SLP385,10646,1,237405,0,10647,237405
SLP391,10646,1,237405,0,10647,237405
SLP406,10646,1,237405,0,10647,237405
SLP469,10646,1,237405,0,10647,237405
SMP105_b,10646,1,237405,0,10647,237405
SMP168,10646,1,237405,0,10647,237405
SMP526,10646,1,237405,0,10647,237405
SMP745,10646,1,237405,0,10647,237405
TN1c_a,10646,1,237405,0,10647,237405
TN1c_d,10646,1,237405,0,10647,237405
Tm5a,10646,1,237405,0,10647,237405
Tm5c,10646,1,237405,0,10647,237405
TmY19a,10646,1,237405,0,10647,237405
VA1d_vPN,10646,1,237405,0,10647,237405
VA3_adPN,10646,1,237405,0,10647,237405
VA4_lPN,10646,1,237405,0,10647,237405
VA6_adPN,10646,1,237405,0,10647,237405
VA7l_adPN,10646,1,237405,0,10647,237405
VC1_lPN,10646,1,237405,0,10647,237405
VES016,10646,1,237405,0,10647,237405
VES040,10646,1,237405,0,10647,237405
VL1_ilPN,10646,1,237405,0,10647,237405
VL2a_adPN,10646,1,237405,0,10647,237405
VM2_adPN,10646,1,237405,0,10647,237405
VM3_adPN,10646,1,237405,0,10647,237405
VM4_adPN,10646,1,237405,0,10647,237405
VM7d_adPN,10646,1,237405,0,10647,237405
VP1d_il2PN,10646,1,237405,0,10647,237405
VP1m+_lvPN,10646,1,237405,0,10647,237405
VP1m_l2PN,10646,1,237405,0,10647,237405
VP2_adPN,10646,1,237405,0,10647,237405
VP2_l2PN,10646,1,237405,0,10647,237405
VP4+_vPN,10646,1,237405,0,10647,237405
V_l2PN,10646,1,237405,0,10647,237405
WED001,10646,1,237405,0,10647,237405
WED020_b,10646,1,237405,0,10647,237405
WED025,10646,1,237405,0,10647,237405
WED031,10646,1,237405,0,10647,237405
WED032,10646,1,237405,0,10647,237405
WED033,10646,1,237405,0,10647,237405
WED055_a,10646,1,237405,0,10647,237405
WED057,10646,1,237405,0,10647,237405
WED069,10646,1,237405,0,10647,237405
WED103,10646,1,237405,0,10647,237405
WED106,10646,1,237405,0,10647,237405
WED143_c,10646,1,237405,0,10647,237405
WED143_d,10646,1,237405,0,10647,237405
WED189,10646,1,237405,0,10647,237405
WED191,10646,1,237405,0,10647,237405
WED210,10646,1,237405,0,10647,237405
WEDPN14,10646,1,237405,0,10647,237405
WEDPN1A,10646,1,237405,0,10647,237405
aMe1,10646,1,237405,0,10647,237405
aMe10,10646,1,237405,0,10647,237405
aMe3,10646,1,237405,0,10647,237405
aMe6a,10646,1,237405,0,10647,237405
aMe6b,10646,1,237405,0,10647,237405
l2LN20,10646,1,237405,0,10647,237405
l2LN21,10646,1,237405,0,10647,237405
l2LN23,10646,1,237405,0,10647,237405
lLN2P_c,10646,1,237405,0,10647,237405
lLN2T_a,10646,1,237405,0,10647,237405
mAL4D,10646,1,237405,0,10647,237405
mAL5A1,10646,1,237405,0,10647,237405
mAL5B,10646,1,237405,0,10647,237405
s-LNv,10646,1,237405,0,10647,237405
v2LN34B,10646,1,237405,0,10647,237405
v2LN34C,10646,1,237405,0,10647,237405
vMS12_a,10646,1,237405,0,10647,237405
vMS12_b,10646,1,237405,0,10647,237405
vMS12_e,10646,1,237405,0,10647,237405
vMS16,10646,1,237405,0,10647,237405
vPR9_a,10646,1,237405,0,10647,237405
vPR9_c,10646,1,237405,0,10647,237405
w-cHIN,10646,1,237405,0,10647,237405
"SApp02,SApp03",10647,0,236740,665,10647,237405
SNpp22,10647,0,236740,665,10647,237405
SNpp25,10647,0,236740,665,10647,237405
SNta02,10647,0,236740,665,10647,237405
"SNta21,SNta38",10647,0,236740,665,10647,237405
"SNta22,SNta23",10647,0,236740,665,10647,237405
SNta36,10647,0,236740,665,10647,237405
ADNM2 MN,10647,0,237048,357,10647,237405
CB0429,10647,0,237048,357,10647,237405
CEM,10647,0,237048,357,10647,237405
CvN4,10647,0,237048,357,10647,237405
DNa01,10647,0,237048,357,10647,237405
DNa02,10647,0,237048,357,10647,237405
DNa03,10647,0,237048,357,10647,237405
DNa04,10647,0,237048,357,10647,237405
DNa05,10647,0,237048,357,10647,237405
DNa06,10647,0,237048,357,10647,237405
DNa07,10647,0,237048,357,10647,237405
DNa09,10647,0,237048,357,10647,237405
DNa11,10647,0,237048,357,10647,237405
DNa13,10647,0,237048,357,10647,237405
DNa14,10647,0,237048,357,10647,237405
DNa15,10647,0,237048,357,10647,237405
DNa16,10647,0,237048,357,10647,237405
DNae001,10647,0,237048,357,10647,237405
DNae002,10647,0,237048,357,10647,237405
DNae003,10647,0,237048,357,10647,237405
DNae004,10647,0,237048,357,10647,237405
DNae005,10647,0,237048,357,10647,237405
DNae007,10647,0,237048,357,10647,237405
DNae008,10647,0,237048,357,10647,237405
DNae009,10647,0,237048,357,10647,237405
DNae010,10647,0,237048,357,10647,237405
DNb01,10647,0,237048,357,10647,237405
DNb02,10647,0,237048,357,10647,237405
DNb03,10647,0,237048,357,10647,237405
DNb04,10647,0,237048,357,10647,237405
DNb07,10647,0,237048,357,10647,237405
DNb08,10647,0,237048,357,10647,237405
DNb09,10647,0,237048,357,10647,237405
DNbe002,10647,0,237048,357,10647,237405
DNbe003,10647,0,237048,357,10647,237405
DNbe004,10647,0,237048,357,10647,237405
DNbe005,10647,0,237048,357,10647,237405
DNbe006,10647,0,237048,357,10647,237405
DNbe007,10647,0,237048,357,10647,237405
DNc01,10647,0,237048,357,10647,237405
DNc02,10647,0,237048,357,10647,237405
DNd02,10647,0,237048,357,10647,237405
DNd05,10647,0,237048,357,10647,237405
DNde001,10647,0,237048,357,10647,237405
DNde002,10647,0,237048,357,10647,237405
DNde003,10647,0,237048,357,10647,237405
DNde005,10647,0,237048,357,10647,237405
DNg01_a,10647,0,237048,357,10647,237405
DNg01_b,10647,0,237048,357,10647,237405
DNg01_c,10647,0,237048,357,10647,237405
DNg01_d,10647,0,237048,357,10647,237405
DNg01_unclear,10647,0,237048,357,10647,237405
DNg02_b,10647,0,237048,357,10647,237405
DNg02_c,10647,0,237048,357,10647,237405
DNg02_d,10647,0,237048,357,10647,237405
DNg02_e,10647,0,237048,357,10647,237405
DNg02_f,10647,0,237048,357,10647,237405
DNg02_g,10647,0,237048,357,10647,237405
DNg03,10647,0,237048,357,10647,237405
DNg04,10647,0,237048,357,10647,237405
DNg05_b,10647,0,237048,357,10647,237405
DNg100,10647,0,237048,357,10647,237405
DNg101,10647,0,237048,357,10647,237405
DNg102,10647,0,237048,357,10647,237405
DNg104,10647,0,237048,357,10647,237405
DNg107,10647,0,237048,357,10647,237405
DNg108,10647,0,237048,357,10647,237405
DNg109,10647,0,237048,357,10647,237405
DNg111,10647,0,237048,357,10647,237405
DNg12_b,10647,0,237048,357,10647,237405
DNg12_d,10647,0,237048,357,10647,237405
DNg12_f,10647,0,237048,357,10647,237405
DNg12_g,10647,0,237048,357,10647,237405
DNg12_h,10647,0,237048,357,10647,237405
DNg13,10647,0,237048,357,10647,237405
DNg14,10647,0,237048,357,10647,237405
DNg16,10647,0,237048,357,10647,237405
DNg17,10647,0,237048,357,10647,237405
DNg18_b,10647,0,237048,357,10647,237405
DNg19,10647,0,237048,357,10647,237405
DNg30,10647,0,237048,357,10647,237405
DNg31,10647,0,237048,357,10647,237405
DNg36_a,10647,0,237048,357,10647,237405
DNg36_b,10647,0,237048,357,10647,237405
DNg38,10647,0,237048,357,10647,237405
DNg40,10647,0,237048,357,10647,237405
DNg41,10647,0,237048,357,10647,237405
DNg42,10647,0,237048,357,10647,237405
DNg43,10647,0,237048,357,10647,237405
DNg44,10647,0,237048,357,10647,237405
DNg45,10647,0,237048,357,10647,237405
DNg46,10647,0,237048,357,10647,237405
DNg49,10647,0,237048,357,10647,237405
DNg52,10647,0,237048,357,10647,237405
DNg53,10647,0,237048,357,10647,237405
DNg55,10647,0,237048,357,10647,237405
DNg56,10647,0,237048,357,10647,237405
DNg60,10647,0,237048,357,10647,237405
DNg62,10647,0,237048,357,10647,237405
DNg64,10647,0,237048,357,10647,237405
DNg69,10647,0,237048,357,10647,237405
DNg71,10647,0,237048,357,10647,237405
DNg72,10647,0,237048,357,10647,237405
DNg73,10647,0,237048,357,10647,237405
DNg74_a,10647,0,237048,357,10647,237405
DNg74_b,10647,0,237048,357,10647,237405
DNg75,10647,0,237048,357,10647,237405
DNg78,10647,0,237048,357,10647,237405
DNg79,10647,0,237048,357,10647,237405
DNg82,10647,0,237048,357,10647,237405
DNg86,10647,0,237048,357,10647,237405
DNg88,10647,0,237048,357,10647,237405
DNg89,10647,0,237048,357,10647,237405
DNg90,10647,0,237048,357,10647,237405
DNg91,10647,0,237048,357,10647,237405
DNg92_a,10647,0,237048,357,10647,237405
DNg92_b,10647,0,237048,357,10647,237405
DNg93,10647,0,237048,357,10647,237405
DNg94,10647,0,237048,357,10647,237405
DNg95,10647,0,237048,357,10647,237405
DNg96,10647,0,237048,357,10647,237405
DNg97,10647,0,237048,357,10647,237405
DNge003,10647,0,237048,357,10647,237405
DNge004,10647,0,237048,357,10647,237405
DNge006,10647,0,237048,357,10647,237405
DNge007,10647,0,237048,357,10647,237405
DNge010,10647,0,237048,357,10647,237405
DNge013,10647,0,237048,357,10647,237405
DNge017,10647,0,237048,357,10647,237405
DNge018,10647,0,237048,357,10647,237405
DNge020,10647,0,237048,357,10647,237405
DNge022,10647,0,237048,357,10647,237405
DNge023,10647,0,237048,357,10647,237405
DNge026,10647,0,237048,357,10647,237405
DNge031,10647,0,237048,357,10647,237405
DNge033,10647,0,237048,357,10647,237405
DNge034,10647,0,237048,357,10647,237405
DNge035,10647,0,237048,357,10647,237405
DNge037,10647,0,237048,357,10647,237405
DNge040,10647,0,237048,357,10647,237405
DNge042,10647,0,237048,357,10647,237405
DNge043,10647,0,237048,357,10647,237405
DNge046,10647,0,237048,357,10647,237405
DNge047,10647,0,237048,357,10647,237405
DNge049,10647,0,237048,357,10647,237405
DNge050,10647,0,237048,357,10647,237405
DNge051,10647,0,237048,357,10647,237405
DNge052,10647,0,237048,357,10647,237405
DNge053,10647,0,237048,357,10647,237405
DNge058,10647,0,237048,357,10647,237405
DNge059,10647,0,237048,357,10647,237405
DNge062,10647,0,237048,357,10647,237405
DNge064,10647,0,237048,357,10647,237405
DNge069,10647,0,237048,357,10647,237405
DNge070,10647,0,237048,357,10647,237405
DNge073,10647,0,237048,357,10647,237405
DNge076,10647,0,237048,357,10647,237405
DNge077,10647,0,237048,357,10647,237405
DNge079,10647,0,237048,357,10647,237405
DNge080,10647,0,237048,357,10647,237405
DNge081,10647,0,237048,357,10647,237405
DNge082,10647,0,237048,357,10647,237405
DNge083,10647,0,237048,357,10647,237405
DNge088,10647,0,237048,357,10647,237405
DNge089,10647,0,237048,357,10647,237405
DNge094,10647,0,237048,357,10647,237405
DNge097,10647,0,237048,357,10647,237405
DNge098,10647,0,237048,357,10647,237405
DNge099,10647,0,237048,357,10647,237405
DNge101,10647,0,237048,357,10647,237405
DNge103,10647,0,237048,357,10647,237405
DNge106,10647,0,237048,357,10647,237405
DNge110,10647,0,237048,357,10647,237405
DNge114,10647,0,237048,357,10647,237405
DNge119,10647,0,237048,357,10647,237405
DNge123,10647,0,237048,357,10647,237405
DNge124,10647,0,237048,357,10647,237405
DNge125,10647,0,237048,357,10647,237405
DNge126,10647,0,237048,357,10647,237405
DNge127,10647,0,237048,357,10647,237405
DNge129,10647,0,237048,357,10647,237405
DNge131,10647,0,237048,357,10647,237405
DNge134,10647,0,237048,357,10647,237405
DNge135,10647,0,237048,357,10647,237405
DNge136,10647,0,237048,357,10647,237405
DNge139,10647,0,237048,357,10647,237405
DNge141,10647,0,237048,357,10647,237405
DNge146,10647,0,237048,357,10647,237405
DNge147,10647,0,237048,357,10647,237405
DNge149,10647,0,237048,357,10647,237405
DNge151,10647,0,237048,357,10647,237405
DNge173,10647,0,237048,357,10647,237405
DNge174,10647,0,237048,357,10647,237405
DNp03,10647,0,237048,357,10647,237405
DNp04,10647,0,237048,357,10647,237405
DNp05,10647,0,237048,357,10647,237405
DNp06,10647,0,237048,357,10647,237405
DNp07,10647,0,237048,357,10647,237405
DNp08,10647,0,237048,357,10647,237405
DNp09,10647,0,237048,357,10647,237405
DNp101,10647,0,237048,357,10647,237405
DNp102,10647,0,237048,357,10647,237405
DNp103,10647,0,237048,357,10647,237405
DNp104,10647,0,237048,357,10647,237405
DNp11,10647,0,237048,357,10647,237405
DNp13,10647,0,237048,357,10647,237405
DNp15,10647,0,237048,357,10647,237405
DNp16_b,10647,0,237048,357,10647,237405
DNp17,10647,0,237048,357,10647,237405
DNp21,10647,0,237048,357,10647,237405
DNp22,10647,0,237048,357,10647,237405
DNp23,10647,0,237048,357,10647,237405
DNp24,10647,0,237048,357,10647,237405
DNp25,10647,0,237048,357,10647,237405
DNp26,10647,0,237048,357,10647,237405
DNp27,10647,0,237048,357,10647,237405
DNp29,10647,0,237048,357,10647,237405
DNp30,10647,0,237048,357,10647,237405
DNp31,10647,0,237048,357,10647,237405
DNp32,10647,0,237048,357,10647,237405
DNp34,10647,0,237048,357,10647,237405
DNp35,10647,0,237048,357,10647,237405
DNp36,10647,0,237048,357,10647,237405
DNp38,10647,0,237048,357,10647,237405
DNp39,10647,0,237048,357,10647,237405
DNp41,10647,0,237048,357,10647,237405
DNp42,10647,0,237048,357,10647,237405
DNp43,10647,0,237048,357,10647,237405
DNp44,10647,0,237048,357,10647,237405
DNp45,10647,0,237048,357,10647,237405
DNp46,10647,0,237048,357,10647,237405
DNp47,10647,0,237048,357,10647,237405
DNp48,10647,0,237048,357,10647,237405
DNp49,10647,0,237048,357,10647,237405
"DNp51,DNpe019",10647,0,237048,357,10647,237405
DNp52,10647,0,237048,357,10647,237405
DNp53,10647,0,237048,357,10647,237405
DNp54,10647,0,237048,357,10647,237405
DNp56,10647,0,237048,357,10647,237405
DNp57,10647,0,237048,357,10647,237405
DNp59,10647,0,237048,357,10647,237405
DNp60,10647,0,237048,357,10647,237405
DNp62,10647,0,237048,357,10647,237405
DNp63,10647,0,237048,357,10647,237405
DNp64,10647,0,237048,357,10647,237405
DNp66,10647,0,237048,357,10647,237405
DNp67,10647,0,237048,357,10647,237405
DNp68,10647,0,237048,357,10647,237405
DNp69,10647,0,237048,357,10647,237405
DNp70,10647,0,237048,357,10647,237405
DNp71,10647,0,237048,357,10647,237405
DNp72,10647,0,237048,357,10647,237405
DNpe001,10647,0,237048,357,10647,237405
DNpe003,10647,0,237048,357,10647,237405
DNpe004,10647,0,237048,357,10647,237405
DNpe005,10647,0,237048,357,10647,237405
DNpe006,10647,0,237048,357,10647,237405
DNpe008,10647,0,237048,357,10647,237405
DNpe009,10647,0,237048,357,10647,237405
DNpe010,10647,0,237048,357,10647,237405
DNpe011,10647,0,237048,357,10647,237405
DNpe012_a,10647,0,237048,357,10647,237405
DNpe012_b,10647,0,237048,357,10647,237405
DNpe013,10647,0,237048,357,10647,237405
DNpe014,10647,0,237048,357,10647,237405
DNpe015,10647,0,237048,357,10647,237405
DNpe016,10647,0,237048,357,10647,237405
DNpe018,10647,0,237048,357,10647,237405
DNpe020,10647,0,237048,357,10647,237405
DNpe021,10647,0,237048,357,10647,237405
DNpe022,10647,0,237048,357,10647,237405
DNpe023,10647,0,237048,357,10647,237405
DNpe024,10647,0,237048,357,10647,237405
DNpe025,10647,0,237048,357,10647,237405
DNpe027,10647,0,237048,357,10647,237405
DNpe028,10647,0,237048,357,10647,237405
DNpe031,10647,0,237048,357,10647,237405
DNpe032,10647,0,237048,357,10647,237405
DNpe033,10647,0,237048,357,10647,237405
DNpe034,10647,0,237048,357,10647,237405
DNpe037,10647,0,237048,357,10647,237405
DNpe040,10647,0,237048,357,10647,237405
DNpe042,10647,0,237048,357,10647,237405
DNpe043,10647,0,237048,357,10647,237405
DNpe045,10647,0,237048,357,10647,237405
DNpe048,10647,0,237048,357,10647,237405
DNpe050,10647,0,237048,357,10647,237405
DNpe052,10647,0,237048,357,10647,237405
DNpe053,10647,0,237048,357,10647,237405
DNpe054,10647,0,237048,357,10647,237405
DNpe055,10647,0,237048,357,10647,237405
DNpe056,10647,0,237048,357,10647,237405
GNG133,10647,0,237048,357,10647,237405
GNG314,10647,0,237048,357,10647,237405
GNG649,10647,0,237048,357,10647,237405
GNG668,10647,0,237048,357,10647,237405
MDN,10647,0,237048,357,10647,237405
MN1,10647,0,237048,357,10647,237405
MN2Da,10647,0,237048,357,10647,237405
MN2V,10647,0,237048,357,10647,237405
MN3L,10647,0,237048,357,10647,237405
MN8,10647,0,237048,357,10647,237405
"MNad04,MNad48",10647,0,237048,357,10647,237405
MNad06,10647,0,237048,357,10647,237405
MNad07,10647,0,237048,357,10647,237405
MNad08,10647,0,237048,357,10647,237405
MNad09,10647,0,237048,357,10647,237405
MNad14,10647,0,237048,357,10647,237405
MNad15,10647,0,237048,357,10647,237405
MNad16,10647,0,237048,357,10647,237405
MNad17,10647,0,237048,357,10647,237405
MNad19,10647,0,237048,357,10647,237405
MNad20,10647,0,237048,357,10647,237405
MNad31,10647,0,237048,357,10647,237405
MNad32,10647,0,237048,357,10647,237405
MNad33,10647,0,237048,357,10647,237405
MNad34,10647,0,237048,357,10647,237405
MNad35,10647,0,237048,357,10647,237405
MNad36,10647,0,237048,357,10647,237405
MNad45,10647,0,237048,357,10647,237405
MNad46,10647,0,237048,357,10647,237405
MNad47,10647,0,237048,357,10647,237405
MNad49,10647,0,237048,357,10647,237405
MNad53,10647,0,237048,357,10647,237405
MNad55,10647,0,237048,357,10647,237405
MNad56,10647,0,237048,357,10647,237405
MNad57,10647,0,237048,357,10647,237405
MNad61,10647,0,237048,357,10647,237405
MNad63,10647,0,237048,357,10647,237405
MNad64,10647,0,237048,357,10647,237405
MNad66,10647,0,237048,357,10647,237405
MNad67,10647,0,237048,357,10647,237405
MNad68,10647,0,237048,357,10647,237405
MNhl65,10647,0,237048,357,10647,237405
MNml81,10647,0,237048,357,10647,237405
MNnm10,10647,0,237048,357,10647,237405
MNwm36,10647,0,237048,357,10647,237405
MNx02,10647,0,237048,357,10647,237405
MNx04,10647,0,237048,357,10647,237405
PS348,10647,0,237048,357,10647,237405
PS349,10647,0,237048,357,10647,237405
Ti flexor MN,10647,0,237048,357,10647,237405
Tr flexor MN,10647,0,237048,357,10647,237405
aSP22,10647,0,237048,357,10647,237405
hg1 MN,10647,0,237048,357,10647,237405
hg4 MN,10647,0,237048,357,10647,237405
hi1 MN,10647,0,237048,357,10647,237405
ltm MN,10647,0,237048,357,10647,237405
ltm1-tibia MN,10647,0,237048,357,10647,237405
ltm2-femur MN,10647,0,237048,357,10647,237405
pIP10,10647,0,237048,357,10647,237405
pMP2,10647,0,237048,357,10647,237405
ps1 MN,10647,0,237048,357,10647,237405
tp2 MN,10647,0,237048,357,10647,237405
5-HTPLP01,10647,0,237405,0,10647,237405
5-HTPMPD01,10647,0,237405,0,10647,237405
5-HTPMPV01,10647,0,237405,0,10647,237405
5-HTPMPV03,10647,0,237405,0,10647,237405
5thsLNv_LNd6,10647,0,237405,0,10647,237405
AL-MBDL1,10647,0,237405,0,10647,237405
ALIN3,10647,0,237405,0,10647,237405
AMMC-A1,10647,0,237405,0,10647,237405
AMMC009,10647,0,237405,0,10647,237405
AN00A002,10647,0,237405,0,10647,237405
AN00A006,10647,0,237405,0,10647,237405
AN01A033,10647,0,237405,0,10647,237405
AN01A049,10647,0,237405,0,10647,237405
AN01A055,10647,0,237405,0,10647,237405
AN02A025,10647,0,237405,0,10647,237405
AN02A046,10647,0,237405,0,10647,237405
AN03A002,10647,0,237405,0,10647,237405
AN03B009,10647,0,237405,0,10647,237405
AN03B011,10647,0,237405,0,10647,237405
AN05B006,10647,0,237405,0,10647,237405
AN05B007,10647,0,237405,0,10647,237405
AN05B015,10647,0,237405,0,10647,237405
AN05B017,10647,0,237405,0,10647,237405
AN05B029,10647,0,237405,0,10647,237405
AN05B036,10647,0,237405,0,10647,237405
AN05B040,10647,0,237405,0,10647,237405
AN05B044,10647,0,237405,0,10647,237405
AN05B048,10647,0,237405,0,10647,237405
AN05B059,10647,0,237405,0,10647,237405
AN05B060,10647,0,237405,0,10647,237405
AN05B071,10647,0,237405,0,10647,237405
AN05B095,10647,0,237405,0,10647,237405
AN06A015,10647,0,237405,0,10647,237405
AN06A016,10647,0,237405,0,10647,237405
AN06A018,10647,0,237405,0,10647,237405
AN06B002,10647,0,237405,0,10647,237405
AN06B004,10647,0,237405,0,10647,237405
AN06B011,10647,0,237405,0,10647,237405
AN06B023,10647,0,237405,0,10647,237405
AN06B026,10647,0,237405,0,10647,237405
AN06B034,10647,0,237405,0,10647,237405
AN06B046,10647,0,237405,0,10647,237405
AN06B075,10647,0,237405,0,10647,237405
AN06B088,10647,0,237405,0,10647,237405
AN07B003,10647,0,237405,0,10647,237405
AN07B004,10647,0,237405,0,10647,237405
AN07B017,10647,0,237405,0,10647,237405
AN07B042,10647,0,237405,0,10647,237405
AN07B050,10647,0,237405,0,10647,237405
AN07B052,10647,0,237405,0,10647,237405
AN07B070,10647,0,237405,0,10647,237405
AN07B071_a,10647,0,237405,0,10647,237405
AN07B071_b,10647,0,237405,0,10647,237405
AN07B071_c,10647,0,237405,0,10647,237405
AN07B078_a,10647,0,237405,0,10647,237405
AN07B110,10647,0,237405,0,10647,237405
AN08B009,10647,0,237405,0,10647,237405
AN08B014,10647,0,237405,0,10647,237405
AN08B015,10647,0,237405,0,10647,237405
AN08B020,10647,0,237405,0,10647,237405
AN08B022,10647,0,237405,0,10647,237405
AN08B027,10647,0,237405,0,10647,237405
AN08B031,10647,0,237405,0,10647,237405
AN08B035,10647,0,237405,0,10647,237405
AN08B041,10647,0,237405,0,10647,237405
AN08B043,10647,0,237405,0,10647,237405
AN08B047,10647,0,237405,0,10647,237405
AN08B048,10647,0,237405,0,10647,237405
AN08B059,10647,0,237405,0,10647,237405
AN08B061,10647,0,237405,0,10647,237405
AN08B069,10647,0,237405,0,10647,237405
AN08B081,10647,0,237405,0,10647,237405
AN08B086,10647,0,237405,0,10647,237405
AN08B095,10647,0,237405,0,10647,237405
AN08B096,10647,0,237405,0,10647,237405
AN08B099_d,10647,0,237405,0,10647,237405
AN08B099_e,10647,0,237405,0,10647,237405
AN08B099_g,10647,0,237405,0,10647,237405
AN08B099_i,10647,0,237405,0,10647,237405
AN08B099_j,10647,0,237405,0,10647,237405
AN08B100,10647,0,237405,0,10647,237405
AN08B102,10647,0,237405,0,10647,237405
AN08B106,10647,0,237405,0,10647,237405
AN08B109,10647,0,237405,0,10647,237405
AN08B111,10647,0,237405,0,10647,237405
AN08B112,10647,0,237405,0,10647,237405
AN09A007,10647,0,237405,0,10647,237405
AN09B031,10647,0,237405,0,10647,237405
AN10B005,10647,0,237405,0,10647,237405
AN10B009,10647,0,237405,0,10647,237405
AN10B025,10647,0,237405,0,10647,237405
AN10B026,10647,0,237405,0,10647,237405
AN12A003,10647,0,237405,0,10647,237405
AN12A017,10647,0,237405,0,10647,237405
AN12B005,10647,0,237405,0,10647,237405
AN12B008,10647,0,237405,0,10647,237405
AN12B060,10647,0,237405,0,10647,237405
AN12B089,10647,0,237405,0,10647,237405
AN14A003,10647,0,237405,0,10647,237405
AN14B012,10647,0,237405,0,10647,237405
AN17A073,10647,0,237405,0,10647,237405
AN17B008,10647,0,237405,0,10647,237405
AN18B001,10647,0,237405,0,10647,237405
AN18B002,10647,0,237405,0,10647,237405
AN18B003,10647,0,237405,0,10647,237405
AN18B020,10647,0,237405,0,10647,237405
AN18B023,10647,0,237405,0,10647,237405
AN18B053,10647,0,237405,0,10647,237405
AN19A018,10647,0,237405,0,10647,237405
AN19A019,10647,0,237405,0,10647,237405
AN19B004,10647,0,237405,0,10647,237405
AN19B009,10647,0,237405,0,10647,237405
AN19B014,10647,0,237405,0,10647,237405
AN19B017,10647,0,237405,0,10647,237405
AN19B018,10647,0,237405,0,10647,237405
AN19B028,10647,0,237405,0,10647,237405
AN19B042,10647,0,237405,0,10647,237405
AN19B051,10647,0,237405,0,10647,237405
AN27X003,10647,0,237405,0,10647,237405
AN27X009,10647,0,237405,0,10647,237405
AN27X016,10647,0,237405,0,10647,237405
AN27X019,10647,0,237405,0,10647,237405
ANXXX002,10647,0,237405,0,10647,237405
ANXXX008,10647,0,237405,0,10647,237405
ANXXX023,10647,0,237405,0,10647,237405
ANXXX049,10647,0,237405,0,10647,237405
ANXXX068,10647,0,237405,0,10647,237405
ANXXX071,10647,0,237405,0,10647,237405
ANXXX072,10647,0,237405,0,10647,237405
ANXXX094,10647,0,237405,0,10647,237405
ANXXX102,10647,0,237405,0,10647,237405
ANXXX109,10647,0,237405,0,10647,237405
ANXXX127,10647,0,237405,0,10647,237405
ANXXX130,10647,0,237405,0,10647,237405
ANXXX131,10647,0,237405,0,10647,237405
ANXXX132,10647,0,237405,0,10647,237405
ANXXX144,10647,0,237405,0,10647,237405
ANXXX152,10647,0,237405,0,10647,237405
ANXXX165,10647,0,237405,0,10647,237405
ANXXX214,10647,0,237405,0,10647,237405
ANXXX218,10647,0,237405,0,10647,237405
ANXXX250,10647,0,237405,0,10647,237405
ANXXX255,10647,0,237405,0,10647,237405
ANXXX318,10647,0,237405,0,10647,237405
AOTU001,10647,0,237405,0,10647,237405
AOTU002_a,10647,0,237405,0,10647,237405
AOTU002_b,10647,0,237405,0,10647,237405
AOTU002_c,10647,0,237405,0,10647,237405
AOTU003,10647,0,237405,0,10647,237405
AOTU004,10647,0,237405,0,10647,237405
AOTU005,10647,0,237405,0,10647,237405
AOTU006,10647,0,237405,0,10647,237405
AOTU007,10647,0,237405,0,10647,237405
AOTU007_a,10647,0,237405,0,10647,237405
AOTU007_b,10647,0,237405,0,10647,237405
AOTU008,10647,0,237405,0,10647,237405
AOTU009,10647,0,237405,0,10647,237405
AOTU011,10647,0,237405,0,10647,237405
AOTU012,10647,0,237405,0,10647,237405
AOTU013,10647,0,237405,0,10647,237405
AOTU014,10647,0,237405,0,10647,237405
AOTU015,10647,0,237405,0,10647,237405
AOTU016_a,10647,0,237405,0,10647,237405
AOTU016_b,10647,0,237405,0,10647,237405
AOTU016_c,10647,0,237405,0,10647,237405
AOTU017,10647,0,237405,0,10647,237405
AOTU018,10647,0,237405,0,10647,237405
AOTU019,10647,0,237405,0,10647,237405
AOTU020,10647,0,237405,0,10647,237405
AOTU021,10647,0,237405,0,10647,237405
AOTU022,10647,0,237405,0,10647,237405
AOTU023,10647,0,237405,0,10647,237405
AOTU024,10647,0,237405,0,10647,237405
AOTU025,10647,0,237405,0,10647,237405
AOTU026,10647,0,237405,0,10647,237405
AOTU027,10647,0,237405,0,10647,237405
AOTU028,10647,0,237405,0,10647,237405
AOTU029,10647,0,237405,0,10647,237405
AOTU030,10647,0,237405,0,10647,237405
AOTU032,10647,0,237405,0,10647,237405
AOTU033,10647,0,237405,0,10647,237405
AOTU034,10647,0,237405,0,10647,237405
AOTU035,10647,0,237405,0,10647,237405
AOTU036,10647,0,237405,0,10647,237405
AOTU037,10647,0,237405,0,10647,237405
AOTU038,10647,0,237405,0,10647,237405
AOTU039,10647,0,237405,0,10647,237405
AOTU040,10647,0,237405,0,10647,237405
AOTU041,10647,0,237405,0,10647,237405
AOTU042,10647,0,237405,0,10647,237405
AOTU043,10647,0,237405,0,10647,237405
AOTU045,10647,0,237405,0,10647,237405
AOTU046,10647,0,237405,0,10647,237405
AOTU047,10647,0,237405,0,10647,237405
AOTU048,10647,0,237405,0,10647,237405
AOTU049,10647,0,237405,0,10647,237405
AOTU050,10647,0,237405,0,10647,237405
AOTU052,10647,0,237405,0,10647,237405
AOTU053,10647,0,237405,0,10647,237405
AOTU054,10647,0,237405,0,10647,237405
AOTU055,10647,0,237405,0,10647,237405
AOTU056,10647,0,237405,0,10647,237405
AOTU058,10647,0,237405,0,10647,237405
AOTU059,10647,0,237405,0,10647,237405
AOTU060,10647,0,237405,0,10647,237405
AOTU061,10647,0,237405,0,10647,237405
AOTU062,10647,0,237405,0,10647,237405
AOTU063_a,10647,0,237405,0,10647,237405
AOTU063_b,10647,0,237405,0,10647,237405
AOTU064,10647,0,237405,0,10647,237405
AOTU065,10647,0,237405,0,10647,237405
AOTU100m,10647,0,237405,0,10647,237405
AOTU101m,10647,0,237405,0,10647,237405
AOTU102m,10647,0,237405,0,10647,237405
AOTU103m,10647,0,237405,0,10647,237405
APL,10647,0,237405,0,10647,237405
ATL001,10647,0,237405,0,10647,237405
ATL002,10647,0,237405,0,10647,237405
ATL003,10647,0,237405,0,10647,237405
ATL004,10647,0,237405,0,10647,237405
ATL005,10647,0,237405,0,10647,237405
ATL006,10647,0,237405,0,10647,237405
ATL007,10647,0,237405,0,10647,237405
ATL008,10647,0,237405,0,10647,237405
ATL009,10647,0,237405,0,10647,237405
ATL011,10647,0,237405,0,10647,237405
ATL012,10647,0,237405,0,10647,237405
ATL013,10647,0,237405,0,10647,237405
ATL014,10647,0,237405,0,10647,237405
ATL015,10647,0,237405,0,10647,237405
ATL017,10647,0,237405,0,10647,237405
ATL018,10647,0,237405,0,10647,237405
ATL019,10647,0,237405,0,10647,237405
ATL020,10647,0,237405,0,10647,237405
ATL021,10647,0,237405,0,10647,237405
ATL022,10647,0,237405,0,10647,237405
ATL023,10647,0,237405,0,10647,237405
ATL024,10647,0,237405,0,10647,237405
ATL025,10647,0,237405,0,10647,237405
ATL026,10647,0,237405,0,10647,237405
ATL027,10647,0,237405,0,10647,237405
ATL028,10647,0,237405,0,10647,237405
ATL029,10647,0,237405,0,10647,237405
ATL031,10647,0,237405,0,10647,237405
ATL032,10647,0,237405,0,10647,237405
ATL033,10647,0,237405,0,10647,237405
ATL034,10647,0,237405,0,10647,237405
ATL035,10647,0,237405,0,10647,237405
ATL036,10647,0,237405,0,10647,237405
ATL037,10647,0,237405,0,10647,237405
ATL038,10647,0,237405,0,10647,237405
ATL039,10647,0,237405,0,10647,237405
ATL040,10647,0,237405,0,10647,237405
ATL041,10647,0,237405,0,10647,237405
ATL042,10647,0,237405,0,10647,237405
ATL043,10647,0,237405,0,10647,237405
ATL044,10647,0,237405,0,10647,237405
ATL045,10647,0,237405,0,10647,237405
AVL006_a,10647,0,237405,0,10647,237405
AVLP001,10647,0,237405,0,10647,237405
AVLP002,10647,0,237405,0,10647,237405
AVLP003,10647,0,237405,0,10647,237405
AVLP004_a,10647,0,237405,0,10647,237405
AVLP004_b,10647,0,237405,0,10647,237405
AVLP005,10647,0,237405,0,10647,237405
AVLP009,10647,0,237405,0,10647,237405
AVLP013,10647,0,237405,0,10647,237405
AVLP014,10647,0,237405,0,10647,237405
AVLP015,10647,0,237405,0,10647,237405
AVLP016,10647,0,237405,0,10647,237405
AVLP017,10647,0,237405,0,10647,237405
AVLP018,10647,0,237405,0,10647,237405
AVLP019,10647,0,237405,0,10647,237405
AVLP020,10647,0,237405,0,10647,237405
AVLP021,10647,0,237405,0,10647,237405
AVLP022,10647,0,237405,0,10647,237405
AVLP023,10647,0,237405,0,10647,237405
AVLP024_a,10647,0,237405,0,10647,237405
AVLP024_b,10647,0,237405,0,10647,237405
AVLP024_c,10647,0,237405,0,10647,237405
AVLP025,10647,0,237405,0,10647,237405
AVLP026,10647,0,237405,0,10647,237405
AVLP027,10647,0,237405,0,10647,237405
AVLP028,10647,0,237405,0,10647,237405
AVLP029,10647,0,237405,0,10647,237405
AVLP030,10647,0,237405,0,10647,237405
AVLP031,10647,0,237405,0,10647,237405
AVLP032,10647,0,237405,0,10647,237405
AVLP033,10647,0,237405,0,10647,237405
AVLP034,10647,0,237405,0,10647,237405
AVLP035,10647,0,237405,0,10647,237405
AVLP036,10647,0,237405,0,10647,237405
AVLP037,10647,0,237405,0,10647,237405
AVLP038,10647,0,237405,0,10647,237405
AVLP039,10647,0,237405,0,10647,237405
AVLP040,10647,0,237405,0,10647,237405
AVLP041,10647,0,237405,0,10647,237405
AVLP042,10647,0,237405,0,10647,237405
AVLP043,10647,0,237405,0,10647,237405
AVLP044_a,10647,0,237405,0,10647,237405
AVLP044_b,10647,0,237405,0,10647,237405
AVLP045,10647,0,237405,0,10647,237405
AVLP046,10647,0,237405,0,10647,237405
AVLP047,10647,0,237405,0,10647,237405
AVLP048,10647,0,237405,0,10647,237405
AVLP049,10647,0,237405,0,10647,237405
AVLP050,10647,0,237405,0,10647,237405
AVLP051,10647,0,237405,0,10647,237405
AVLP053,10647,0,237405,0,10647,237405
AVLP055,10647,0,237405,0,10647,237405
AVLP059,10647,0,237405,0,10647,237405
AVLP060,10647,0,237405,0,10647,237405
AVLP062,10647,0,237405,0,10647,237405
AVLP063,10647,0,237405,0,10647,237405
AVLP064,10647,0,237405,0,10647,237405
AVLP065,10647,0,237405,0,10647,237405
AVLP067,10647,0,237405,0,10647,237405
AVLP069_a,10647,0,237405,0,10647,237405
AVLP069_b,10647,0,237405,0,10647,237405
AVLP069_c,10647,0,237405,0,10647,237405
AVLP075,10647,0,237405,0,10647,237405
AVLP076,10647,0,237405,0,10647,237405
AVLP077,10647,0,237405,0,10647,237405
AVLP078,10647,0,237405,0,10647,237405
AVLP079,10647,0,237405,0,10647,237405
AVLP080,10647,0,237405,0,10647,237405
AVLP081,10647,0,237405,0,10647,237405
AVLP082,10647,0,237405,0,10647,237405
AVLP083,10647,0,237405,0,10647,237405
AVLP084,10647,0,237405,0,10647,237405
AVLP085,10647,0,237405,0,10647,237405
AVLP086,10647,0,237405,0,10647,237405
AVLP087,10647,0,237405,0,10647,237405
AVLP088,10647,0,237405,0,10647,237405
AVLP089,10647,0,237405,0,10647,237405
AVLP090,10647,0,237405,0,10647,237405
AVLP091,10647,0,237405,0,10647,237405
AVLP093,10647,0,237405,0,10647,237405
AVLP094,10647,0,237405,0,10647,237405
AVLP095,10647,0,237405,0,10647,237405
AVLP096,10647,0,237405,0,10647,237405
AVLP097,10647,0,237405,0,10647,237405
AVLP098,10647,0,237405,0,10647,237405
AVLP099,10647,0,237405,0,10647,237405
AVLP101,10647,0,237405,0,10647,237405
AVLP102,10647,0,237405,0,10647,237405
AVLP103,10647,0,237405,0,10647,237405
AVLP104,10647,0,237405,0,10647,237405
AVLP105,10647,0,237405,0,10647,237405
AVLP107,10647,0,237405,0,10647,237405
AVLP108,10647,0,237405,0,10647,237405
AVLP109,10647,0,237405,0,10647,237405
AVLP110_a,10647,0,237405,0,10647,237405
AVLP110_b,10647,0,237405,0,10647,237405
AVLP111,10647,0,237405,0,10647,237405
AVLP112,10647,0,237405,0,10647,237405
AVLP113,10647,0,237405,0,10647,237405
AVLP115,10647,0,237405,0,10647,237405
AVLP116,10647,0,237405,0,10647,237405
AVLP117,10647,0,237405,0,10647,237405
AVLP121,10647,0,237405,0,10647,237405
AVLP124,10647,0,237405,0,10647,237405
AVLP126,10647,0,237405,0,10647,237405
AVLP129,10647,0,237405,0,10647,237405
AVLP132,10647,0,237405,0,10647,237405
AVLP136,10647,0,237405,0,10647,237405
AVLP137,10647,0,237405,0,10647,237405
AVLP138,10647,0,237405,0,10647,237405
AVLP139,10647,0,237405,0,10647,237405
AVLP140,10647,0,237405,0,10647,237405
AVLP143,10647,0,237405,0,10647,237405
AVLP145,10647,0,237405,0,10647,237405
AVLP147,10647,0,237405,0,10647,237405
AVLP149,10647,0,237405,0,10647,237405
AVLP152,10647,0,237405,0,10647,237405
AVLP153,10647,0,237405,0,10647,237405
AVLP154,10647,0,237405,0,10647,237405
AVLP155_a,10647,0,237405,0,10647,237405
AVLP155_b,10647,0,237405,0,10647,237405
AVLP157,10647,0,237405,0,10647,237405
AVLP158,10647,0,237405,0,10647,237405
AVLP159,10647,0,237405,0,10647,237405
AVLP160,10647,0,237405,0,10647,237405
AVLP161,10647,0,237405,0,10647,237405
AVLP162,10647,0,237405,0,10647,237405
AVLP163,10647,0,237405,0,10647,237405
AVLP164,10647,0,237405,0,10647,237405
AVLP165,10647,0,237405,0,10647,237405
AVLP166,10647,0,237405,0,10647,237405
AVLP168,10647,0,237405,0,10647,237405
AVLP169,10647,0,237405,0,10647,237405
AVLP170,10647,0,237405,0,10647,237405
AVLP173,10647,0,237405,0,10647,237405
AVLP175,10647,0,237405,0,10647,237405
AVLP176_b,10647,0,237405,0,10647,237405
AVLP176_c,10647,0,237405,0,10647,237405
AVLP176_d,10647,0,237405,0,10647,237405
AVLP177_a,10647,0,237405,0,10647,237405
AVLP178,10647,0,237405,0,10647,237405
AVLP179,10647,0,237405,0,10647,237405
AVLP180,10647,0,237405,0,10647,237405
AVLP182,10647,0,237405,0,10647,237405
AVLP183,10647,0,237405,0,10647,237405
AVLP184,10647,0,237405,0,10647,237405
AVLP186,10647,0,237405,0,10647,237405
AVLP187,10647,0,237405,0,10647,237405
AVLP188,10647,0,237405,0,10647,237405
AVLP189_a,10647,0,237405,0,10647,237405
AVLP189_b,10647,0,237405,0,10647,237405
AVLP190,10647,0,237405,0,10647,237405
AVLP191,10647,0,237405,0,10647,237405
AVLP192_a,10647,0,237405,0,10647,237405
AVLP192_b,10647,0,237405,0,10647,237405
AVLP193,10647,0,237405,0,10647,237405
AVLP194_a,10647,0,237405,0,10647,237405
AVLP194_b1,10647,0,237405,0,10647,237405
AVLP194_b2,10647,0,237405,0,10647,237405
AVLP194_c1,10647,0,237405,0,10647,237405
AVLP194_c2,10647,0,237405,0,10647,237405
AVLP194_c3,10647,0,237405,0,10647,237405
AVLP195,10647,0,237405,0,10647,237405
AVLP197,10647,0,237405,0,10647,237405
AVLP198,10647,0,237405,0,10647,237405
AVLP199,10647,0,237405,0,10647,237405
AVLP200,10647,0,237405,0,10647,237405
AVLP201,10647,0,237405,0,10647,237405
AVLP202,10647,0,237405,0,10647,237405
AVLP203_a,10647,0,237405,0,10647,237405
AVLP203_b,10647,0,237405,0,10647,237405
AVLP203_c,10647,0,237405,0,10647,237405
AVLP204,10647,0,237405,0,10647,237405
AVLP209,10647,0,237405,0,10647,237405
AVLP210,10647,0,237405,0,10647,237405
AVLP211,10647,0,237405,0,10647,237405
AVLP212,10647,0,237405,0,10647,237405
AVLP213,10647,0,237405,0,10647,237405
AVLP214,10647,0,237405,0,10647,237405
AVLP215,10647,0,237405,0,10647,237405
AVLP216,10647,0,237405,0,10647,237405
AVLP217,10647,0,237405,0,10647,237405
AVLP218_a,10647,0,237405,0,10647,237405
AVLP218_b,10647,0,237405,0,10647,237405
AVLP219_a,10647,0,237405,0,10647,237405
AVLP219_b,10647,0,237405,0,10647,237405
AVLP219_c,10647,0,237405,0,10647,237405
AVLP220,10647,0,237405,0,10647,237405
AVLP221,10647,0,237405,0,10647,237405
AVLP222,10647,0,237405,0,10647,237405
AVLP224_a,10647,0,237405,0,10647,237405
AVLP224_b,10647,0,237405,0,10647,237405
AVLP225_a,10647,0,237405,0,10647,237405
AVLP225_b1,10647,0,237405,0,10647,237405
AVLP225_b2,10647,0,237405,0,10647,237405
AVLP225_b3,10647,0,237405,0,10647,237405
AVLP227,10647,0,237405,0,10647,237405
AVLP229,10647,0,237405,0,10647,237405
AVLP230,10647,0,237405,0,10647,237405
AVLP231,10647,0,237405,0,10647,237405
AVLP232,10647,0,237405,0,10647,237405
AVLP234,10647,0,237405,0,10647,237405
AVLP235,10647,0,237405,0,10647,237405
AVLP243,10647,0,237405,0,10647,237405
AVLP244,10647,0,237405,0,10647,237405
AVLP250,10647,0,237405,0,10647,237405
AVLP251,10647,0,237405,0,10647,237405
AVLP252,10647,0,237405,0,10647,237405
AVLP253,10647,0,237405,0,10647,237405
AVLP254,10647,0,237405,0,10647,237405
AVLP255,10647,0,237405,0,10647,237405
AVLP256,10647,0,237405,0,10647,237405
AVLP257,10647,0,237405,0,10647,237405
AVLP258,10647,0,237405,0,10647,237405
AVLP259,10647,0,237405,0,10647,237405
AVLP260,10647,0,237405,0,10647,237405
AVLP261_a,10647,0,237405,0,10647,237405
AVLP261_b,10647,0,237405,0,10647,237405
AVLP262,10647,0,237405,0,10647,237405
AVLP263,10647,0,237405,0,10647,237405
AVLP264,10647,0,237405,0,10647,237405
AVLP265,10647,0,237405,0,10647,237405
AVLP266,10647,0,237405,0,10647,237405
AVLP267,10647,0,237405,0,10647,237405
AVLP268,10647,0,237405,0,10647,237405
AVLP269_a,10647,0,237405,0,10647,237405
AVLP269_b,10647,0,237405,0,10647,237405
AVLP271,10647,0,237405,0,10647,237405
AVLP274_a,10647,0,237405,0,10647,237405
AVLP274_b,10647,0,237405,0,10647,237405
AVLP277,10647,0,237405,0,10647,237405
AVLP279,10647,0,237405,0,10647,237405
AVLP280,10647,0,237405,0,10647,237405
AVLP281,10647,0,237405,0,10647,237405
AVLP282,10647,0,237405,0,10647,237405
AVLP283,10647,0,237405,0,10647,237405
AVLP284,10647,0,237405,0,10647,237405
AVLP285,10647,0,237405,0,10647,237405
AVLP287,10647,0,237405,0,10647,237405
AVLP288,10647,0,237405,0,10647,237405
AVLP289,10647,0,237405,0,10647,237405
AVLP290_a,10647,0,237405,0,10647,237405
AVLP290_b,10647,0,237405,0,10647,237405
AVLP292,10647,0,237405,0,10647,237405
AVLP293,10647,0,237405,0,10647,237405
AVLP294,10647,0,237405,0,10647,237405
AVLP295,10647,0,237405,0,10647,237405
AVLP296_a,10647,0,237405,0,10647,237405
AVLP296_b,10647,0,237405,0,10647,237405
AVLP297,10647,0,237405,0,10647,237405
AVLP298,10647,0,237405,0,10647,237405
AVLP299_a,10647,0,237405,0,10647,237405
AVLP299_b,10647,0,237405,0,10647,237405
AVLP299_c,10647,0,237405,0,10647,237405
AVLP299_d,10647,0,237405,0,10647,237405
AVLP300_a,10647,0,237405,0,10647,237405
AVLP300_b,10647,0,237405,0,10647,237405
AVLP302,10647,0,237405,0,10647,237405
AVLP303,10647,0,237405,0,10647,237405
AVLP304,10647,0,237405,0,10647,237405
AVLP305,10647,0,237405,0,10647,237405
AVLP306,10647,0,237405,0,10647,237405
AVLP308,10647,0,237405,0,10647,237405
AVLP309,10647,0,237405,0,10647,237405
AVLP310,10647,0,237405,0,10647,237405
AVLP311_a1,10647,0,237405,0,10647,237405
AVLP311_a2,10647,0,237405,0,10647,237405
AVLP311_b1,10647,0,237405,0,10647,237405
AVLP311_b2,10647,0,237405,0,10647,237405
AVLP312,10647,0,237405,0,10647,237405
AVLP314,10647,0,237405,0,10647,237405
AVLP315,10647,0,237405,0,10647,237405
AVLP316,10647,0,237405,0,10647,237405
AVLP317,10647,0,237405,0,10647,237405
AVLP318,10647,0,237405,0,10647,237405
AVLP320_a,10647,0,237405,0,10647,237405
AVLP320_b,10647,0,237405,0,10647,237405
AVLP321,10647,0,237405,0,10647,237405
AVLP322,10647,0,237405,0,10647,237405
AVLP323,10647,0,237405,0,10647,237405
AVLP325_a,10647,0,237405,0,10647,237405
AVLP325_b,10647,0,237405,0,10647,237405
AVLP329,10647,0,237405,0,10647,237405
AVLP330,10647,0,237405,0,10647,237405
AVLP331a,10647,0,237405,0,10647,237405
AVLP332,10647,0,237405,0,10647,237405
AVLP333,10647,0,237405,0,10647,237405
AVLP334,10647,0,237405,0,10647,237405
AVLP337,10647,0,237405,0,10647,237405
AVLP338,10647,0,237405,0,10647,237405
AVLP339,10647,0,237405,0,10647,237405
AVLP340,10647,0,237405,0,10647,237405
AVLP341,10647,0,237405,0,10647,237405
AVLP342,10647,0,237405,0,10647,237405
AVLP343,10647,0,237405,0,10647,237405
AVLP344,10647,0,237405,0,10647,237405
AVLP345_a,10647,0,237405,0,10647,237405
AVLP345_b,10647,0,237405,0,10647,237405
AVLP346,10647,0,237405,0,10647,237405
AVLP347,10647,0,237405,0,10647,237405
AVLP348,10647,0,237405,0,10647,237405
AVLP349,10647,0,237405,0,10647,237405
AVLP352,10647,0,237405,0,10647,237405
AVLP353,10647,0,237405,0,10647,237405
AVLP354,10647,0,237405,0,10647,237405
AVLP357,10647,0,237405,0,10647,237405
AVLP363,10647,0,237405,0,10647,237405
AVLP365,10647,0,237405,0,10647,237405
AVLP369,10647,0,237405,0,10647,237405
AVLP370_a,10647,0,237405,0,10647,237405
AVLP370_b,10647,0,237405,0,10647,237405
AVLP371,10647,0,237405,0,10647,237405
AVLP372,10647,0,237405,0,10647,237405
AVLP373,10647,0,237405,0,10647,237405
AVLP374,10647,0,237405,0,10647,237405
AVLP377,10647,0,237405,0,10647,237405
AVLP378,10647,0,237405,0,10647,237405
AVLP379,10647,0,237405,0,10647,237405
AVLP380,10647,0,237405,0,10647,237405
AVLP381,10647,0,237405,0,10647,237405
AVLP385,10647,0,237405,0,10647,237405
AVLP387,10647,0,237405,0,10647,237405
AVLP390,10647,0,237405,0,10647,237405
AVLP393,10647,0,237405,0,10647,237405
AVLP394,10647,0,237405,0,10647,237405
AVLP395,10647,0,237405,0,10647,237405
AVLP397,10647,0,237405,0,10647,237405
AVLP399,10647,0,237405,0,10647,237405
AVLP400,10647,0,237405,0,10647,237405
AVLP401,10647,0,237405,0,10647,237405
AVLP402,10647,0,237405,0,10647,237405
AVLP403,10647,0,237405,0,10647,237405
AVLP404,10647,0,237405,0,10647,237405
AVLP405,10647,0,237405,0,10647,237405
AVLP407,10647,0,237405,0,10647,237405
AVLP409,10647,0,237405,0,10647,237405
AVLP410,10647,0,237405,0,10647,237405
AVLP411,10647,0,237405,0,10647,237405
AVLP412,10647,0,237405,0,10647,237405
AVLP413,10647,0,237405,0,10647,237405
AVLP415,10647,0,237405,0,10647,237405
AVLP417,10647,0,237405,0,10647,237405
AVLP418,10647,0,237405,0,10647,237405
AVLP419,10647,0,237405,0,10647,237405
AVLP419_a,10647,0,237405,0,10647,237405
AVLP419_b,10647,0,237405,0,10647,237405
AVLP420_a,10647,0,237405,0,10647,237405
AVLP420_b,10647,0,237405,0,10647,237405
AVLP421,10647,0,237405,0,10647,237405
AVLP422,10647,0,237405,0,10647,237405
AVLP423,10647,0,237405,0,10647,237405
AVLP424,10647,0,237405,0,10647,237405
AVLP427,10647,0,237405,0,10647,237405
AVLP428,10647,0,237405,0,10647,237405
AVLP429,10647,0,237405,0,10647,237405
AVLP430,10647,0,237405,0,10647,237405
AVLP431,10647,0,237405,0,10647,237405
AVLP432,10647,0,237405,0,10647,237405
AVLP433_a,10647,0,237405,0,10647,237405
AVLP433_b,10647,0,237405,0,10647,237405
AVLP434_a,10647,0,237405,0,10647,237405
AVLP434_b,10647,0,237405,0,10647,237405
AVLP435_a,10647,0,237405,0,10647,237405
AVLP435_b,10647,0,237405,0,10647,237405
AVLP436,10647,0,237405,0,10647,237405
AVLP437,10647,0,237405,0,10647,237405
AVLP439,10647,0,237405,0,10647,237405
AVLP440,10647,0,237405,0,10647,237405
AVLP442,10647,0,237405,0,10647,237405
AVLP443,10647,0,237405,0,10647,237405
AVLP444,10647,0,237405,0,10647,237405
AVLP446,10647,0,237405,0,10647,237405
AVLP448,10647,0,237405,0,10647,237405
AVLP449,10647,0,237405,0,10647,237405
AVLP451,10647,0,237405,0,10647,237405
AVLP452,10647,0,237405,0,10647,237405
AVLP454_a1,10647,0,237405,0,10647,237405
AVLP454_a2,10647,0,237405,0,10647,237405
AVLP454_a3,10647,0,237405,0,10647,237405
AVLP454_b1,10647,0,237405,0,10647,237405
AVLP454_b2,10647,0,237405,0,10647,237405
AVLP454_b3,10647,0,237405,0,10647,237405
AVLP454_b4,10647,0,237405,0,10647,237405
AVLP454_b5,10647,0,237405,0,10647,237405
AVLP454_b6,10647,0,237405,0,10647,237405
AVLP455,10647,0,237405,0,10647,237405
AVLP457,10647,0,237405,0,10647,237405
AVLP459,10647,0,237405,0,10647,237405
AVLP460,10647,0,237405,0,10647,237405
AVLP461,10647,0,237405,0,10647,237405
AVLP462,10647,0,237405,0,10647,237405
AVLP463,10647,0,237405,0,10647,237405
AVLP464,10647,0,237405,0,10647,237405
AVLP465,10647,0,237405,0,10647,237405
AVLP469,10647,0,237405,0,10647,237405
AVLP470_a,10647,0,237405,0,10647,237405
AVLP470_b,10647,0,237405,0,10647,237405
AVLP471,10647,0,237405,0,10647,237405
AVLP473,10647,0,237405,0,10647,237405
AVLP474,10647,0,237405,0,10647,237405
AVLP475_a,10647,0,237405,0,10647,237405
AVLP475_b,10647,0,237405,0,10647,237405
AVLP476,10647,0,237405,0,10647,237405
AVLP477,10647,0,237405,0,10647,237405
AVLP478,10647,0,237405,0,10647,237405
AVLP479,10647,0,237405,0,10647,237405
AVLP480,10647,0,237405,0,10647,237405
AVLP481,10647,0,237405,0,10647,237405
AVLP483,10647,0,237405,0,10647,237405
AVLP484,10647,0,237405,0,10647,237405
AVLP485,10647,0,237405,0,10647,237405
AVLP486,10647,0,237405,0,10647,237405
AVLP487,10647,0,237405,0,10647,237405
AVLP488,10647,0,237405,0,10647,237405
AVLP489,10647,0,237405,0,10647,237405
AVLP490,10647,0,237405,0,10647,237405
AVLP491,10647,0,237405,0,10647,237405
AVLP492,10647,0,237405,0,10647,237405
AVLP494,10647,0,237405,0,10647,237405
AVLP496,10647,0,237405,0,10647,237405
AVLP497,10647,0,237405,0,10647,237405
AVLP498,10647,0,237405,0,10647,237405
AVLP500,10647,0,237405,0,10647,237405
AVLP501,10647,0,237405,0,10647,237405
AVLP502,10647,0,237405,0,10647,237405
AVLP503,10647,0,237405,0,10647,237405
AVLP504,10647,0,237405,0,10647,237405
AVLP505,10647,0,237405,0,10647,237405
AVLP506,10647,0,237405,0,10647,237405
AVLP507,10647,0,237405,0,10647,237405
AVLP508,10647,0,237405,0,10647,237405
AVLP509,10647,0,237405,0,10647,237405
AVLP511,10647,0,237405,0,10647,237405
AVLP517,10647,0,237405,0,10647,237405
AVLP519,10647,0,237405,0,10647,237405
AVLP520,10647,0,237405,0,10647,237405
AVLP521,10647,0,237405,0,10647,237405
AVLP522,10647,0,237405,0,10647,237405
AVLP523,10647,0,237405,0,10647,237405
AVLP524_b,10647,0,237405,0,10647,237405
AVLP525,10647,0,237405,0,10647,237405
AVLP526,10647,0,237405,0,10647,237405
AVLP527,10647,0,237405,0,10647,237405
AVLP529,10647,0,237405,0,10647,237405
AVLP530,10647,0,237405,0,10647,237405
AVLP531,10647,0,237405,0,10647,237405
AVLP532,10647,0,237405,0,10647,237405
AVLP533,10647,0,237405,0,10647,237405
AVLP534,10647,0,237405,0,10647,237405
AVLP535,10647,0,237405,0,10647,237405
AVLP536,10647,0,237405,0,10647,237405
AVLP537,10647,0,237405,0,10647,237405
AVLP538,10647,0,237405,0,10647,237405
AVLP539,10647,0,237405,0,10647,237405
AVLP541,10647,0,237405,0,10647,237405
AVLP542,10647,0,237405,0,10647,237405
AVLP543,10647,0,237405,0,10647,237405
AVLP544,10647,0,237405,0,10647,237405
AVLP546,10647,0,237405,0,10647,237405
AVLP548_a,10647,0,237405,0,10647,237405
AVLP548_b,10647,0,237405,0,10647,237405
AVLP548_c,10647,0,237405,0,10647,237405
AVLP548_e,10647,0,237405,0,10647,237405
AVLP548_f1,10647,0,237405,0,10647,237405
AVLP548_f2,10647,0,237405,0,10647,237405
AVLP548_g1,10647,0,237405,0,10647,237405
AVLP548_g2,10647,0,237405,0,10647,237405
AVLP549,10647,0,237405,0,10647,237405
AVLP550_a,10647,0,237405,0,10647,237405
AVLP550_b,10647,0,237405,0,10647,237405
AVLP551,10647,0,237405,0,10647,237405
AVLP552,10647,0,237405,0,10647,237405
AVLP555,10647,0,237405,0,10647,237405
AVLP557,10647,0,237405,0,10647,237405
AVLP558,10647,0,237405,0,10647,237405
AVLP559,10647,0,237405,0,10647,237405
AVLP560,10647,0,237405,0,10647,237405
AVLP562,10647,0,237405,0,10647,237405
AVLP563,10647,0,237405,0,10647,237405
AVLP565,10647,0,237405,0,10647,237405
AVLP566,10647,0,237405,0,10647,237405
AVLP567,10647,0,237405,0,10647,237405
AVLP571,10647,0,237405,0,10647,237405
AVLP572,10647,0,237405,0,10647,237405
AVLP573,10647,0,237405,0,10647,237405
AVLP574,10647,0,237405,0,10647,237405
AVLP575,10647,0,237405,0,10647,237405
AVLP576,10647,0,237405,0,10647,237405
AVLP577,10647,0,237405,0,10647,237405
AVLP578,10647,0,237405,0,10647,237405
AVLP579,10647,0,237405,0,10647,237405
AVLP580,10647,0,237405,0,10647,237405
AVLP584,10647,0,237405,0,10647,237405
AVLP586,10647,0,237405,0,10647,237405
AVLP590,10647,0,237405,0,10647,237405
AVLP591,10647,0,237405,0,10647,237405
AVLP592,10647,0,237405,0,10647,237405
AVLP593,10647,0,237405,0,10647,237405
AVLP594,10647,0,237405,0,10647,237405
AVLP595,10647,0,237405,0,10647,237405
AVLP596,10647,0,237405,0,10647,237405
AVLP597,10647,0,237405,0,10647,237405
AVLP598,10647,0,237405,0,10647,237405
AVLP599,10647,0,237405,0,10647,237405
AVLP600,10647,0,237405,0,10647,237405
AVLP601,10647,0,237405,0,10647,237405
AVLP603,10647,0,237405,0,10647,237405
AVLP604,10647,0,237405,0,10647,237405
AVLP606,10647,0,237405,0,10647,237405
AVLP607,10647,0,237405,0,10647,237405
AVLP610,10647,0,237405,0,10647,237405
AVLP612,10647,0,237405,0,10647,237405
AVLP614,10647,0,237405,0,10647,237405
AVLP615,10647,0,237405,0,10647,237405
AVLP700m,10647,0,237405,0,10647,237405
AVLP702m,10647,0,237405,0,10647,237405
AVLP704m,10647,0,237405,0,10647,237405
AVLP705m,10647,0,237405,0,10647,237405
AVLP706m,10647,0,237405,0,10647,237405
AVLP708m,10647,0,237405,0,10647,237405
AVLP710m,10647,0,237405,0,10647,237405
AVLP711m,10647,0,237405,0,10647,237405
AVLP712m,10647,0,237405,0,10647,237405
AVLP713m,10647,0,237405,0,10647,237405
AVLP714m,10647,0,237405,0,10647,237405
AVLP715m,10647,0,237405,0,10647,237405
AVLP716m,10647,0,237405,0,10647,237405
AVLP717m,10647,0,237405,0,10647,237405
AVLP718m,10647,0,237405,0,10647,237405
AVLP719m,10647,0,237405,0,10647,237405
AVLP720m,10647,0,237405,0,10647,237405
AVLP721m,10647,0,237405,0,10647,237405
AVLP722m,10647,0,237405,0,10647,237405
AVLP723m,10647,0,237405,0,10647,237405
AVLP724m,10647,0,237405,0,10647,237405
AVLP725m,10647,0,237405,0,10647,237405
AVLP727m,10647,0,237405,0,10647,237405
AVLP728m,10647,0,237405,0,10647,237405
AVLP729m,10647,0,237405,0,10647,237405
AVLP730m,10647,0,237405,0,10647,237405
AVLP731m,10647,0,237405,0,10647,237405
AVLP732m,10647,0,237405,0,10647,237405
AVLP733m,10647,0,237405,0,10647,237405
AVLP734m,10647,0,237405,0,10647,237405
AVLP736m,10647,0,237405,0,10647,237405
AVLP737m,10647,0,237405,0,10647,237405
AVLP738m,10647,0,237405,0,10647,237405
AVLP739m,10647,0,237405,0,10647,237405
AVLP743m,10647,0,237405,0,10647,237405
AVLP744m,10647,0,237405,0,10647,237405
AVLP745m,10647,0,237405,0,10647,237405
AVLP746m,10647,0,237405,0,10647,237405
AVLP748m,10647,0,237405,0,10647,237405
AVLP749m,10647,0,237405,0,10647,237405
AVLP750m,10647,0,237405,0,10647,237405
AVLP751m,10647,0,237405,0,10647,237405
AVLP752m,10647,0,237405,0,10647,237405
AVLP753m,10647,0,237405,0,10647,237405
AVLP755m,10647,0,237405,0,10647,237405
AVLP757m,10647,0,237405,0,10647,237405
AVLP758m,10647,0,237405,0,10647,237405
AVLP760m,10647,0,237405,0,10647,237405
AVLP761m,10647,0,237405,0,10647,237405
AVLP762m,10647,0,237405,0,10647,237405
AVLP763m,10647,0,237405,0,10647,237405
AVLP764m,10647,0,237405,0,10647,237405
Am1,10647,0,237405,0,10647,237405
AstA1,10647,0,237405,0,10647,237405
BiT,10647,0,237405,0,10647,237405
C2,10647,0,237405,0,10647,237405
C3,10647,0,237405,0,10647,237405
CAPA,10647,0,237405,0,10647,237405
CAPA_a,10647,0,237405,0,10647,237405
CAPA_b,10647,0,237405,0,10647,237405
CB0024,10647,0,237405,0,10647,237405
CB0029,10647,0,237405,0,10647,237405
CB0046,10647,0,237405,0,10647,237405
CB0061,10647,0,237405,0,10647,237405
CB0079,10647,0,237405,0,10647,237405
CB0084,10647,0,237405,0,10647,237405
CB0086,10647,0,237405,0,10647,237405
CB0103,10647,0,237405,0,10647,237405
CB0115,10647,0,237405,0,10647,237405
CB0121,10647,0,237405,0,10647,237405
CB0128,10647,0,237405,0,10647,237405
CB0140,10647,0,237405,0,10647,237405
CB0141,10647,0,237405,0,10647,237405
CB0142,10647,0,237405,0,10647,237405
CB0154,10647,0,237405,0,10647,237405
CB0164,10647,0,237405,0,10647,237405
CB0194,10647,0,237405,0,10647,237405
CB0197,10647,0,237405,0,10647,237405
CB0204,10647,0,237405,0,10647,237405
CB0206,10647,0,237405,0,10647,237405
CB0218,10647,0,237405,0,10647,237405
CB0221,10647,0,237405,0,10647,237405
CB0224,10647,0,237405,0,10647,237405
CB0228,10647,0,237405,0,10647,237405
CB0244,10647,0,237405,0,10647,237405
CB0259,10647,0,237405,0,10647,237405
CB0266,10647,0,237405,0,10647,237405
CB0280,10647,0,237405,0,10647,237405
CB0282,10647,0,237405,0,10647,237405
CB0285,10647,0,237405,0,10647,237405
CB0297,10647,0,237405,0,10647,237405
CB0312,10647,0,237405,0,10647,237405
CB0316,10647,0,237405,0,10647,237405
CB0320,10647,0,237405,0,10647,237405
CB0325,10647,0,237405,0,10647,237405
CB0346,10647,0,237405,0,10647,237405
CB0356,10647,0,237405,0,10647,237405
CB0361,10647,0,237405,0,10647,237405
CB0373,10647,0,237405,0,10647,237405
CB0380,10647,0,237405,0,10647,237405
CB0381,10647,0,237405,0,10647,237405
CB0382,10647,0,237405,0,10647,237405
CB0386,10647,0,237405,0,10647,237405
CB0391,10647,0,237405,0,10647,237405
CB0396,10647,0,237405,0,10647,237405
CB0405,10647,0,237405,0,10647,237405
CB0414,10647,0,237405,0,10647,237405
CB0420,10647,0,237405,0,10647,237405
CB0431,10647,0,237405,0,10647,237405
CB0440,10647,0,237405,0,10647,237405
CB0477,10647,0,237405,0,10647,237405
CB0492,10647,0,237405,0,10647,237405
CB0510,10647,0,237405,0,10647,237405
CB0582,10647,0,237405,0,10647,237405
CB0609,10647,0,237405,0,10647,237405
CB0625,10647,0,237405,0,10647,237405
CB0629,10647,0,237405,0,10647,237405
CB0630,10647,0,237405,0,10647,237405
CB0633,10647,0,237405,0,10647,237405
CB0645,10647,0,237405,0,10647,237405
CB0647,10647,0,237405,0,10647,237405
CB0656,10647,0,237405,0,10647,237405
CB0657,10647,0,237405,0,10647,237405
CB0670,10647,0,237405,0,10647,237405
CB0671,10647,0,237405,0,10647,237405
CB0677,10647,0,237405,0,10647,237405
CB0682,10647,0,237405,0,10647,237405
CB0695,10647,0,237405,0,10647,237405
CB0734,10647,0,237405,0,10647,237405
CB0738,10647,0,237405,0,10647,237405
CB0743,10647,0,237405,0,10647,237405
CB0744,10647,0,237405,0,10647,237405
CB0747,10647,0,237405,0,10647,237405
CB0751,10647,0,237405,0,10647,237405
CB0763,10647,0,237405,0,10647,237405
CB0785,10647,0,237405,0,10647,237405
CB0800,10647,0,237405,0,10647,237405
CB0813,10647,0,237405,0,10647,237405
CB0829,10647,0,237405,0,10647,237405
CB0925,10647,0,237405,0,10647,237405
CB0926,10647,0,237405,0,10647,237405
CB0927,10647,0,237405,0,10647,237405
CB0929,10647,0,237405,0,10647,237405
CB0930,10647,0,237405,0,10647,237405
CB0937,10647,0,237405,0,10647,237405
CB0943,10647,0,237405,0,10647,237405
CB0946,10647,0,237405,0,10647,237405
CB0947,10647,0,237405,0,10647,237405
CB0951,10647,0,237405,0,10647,237405
CB0972,10647,0,237405,0,10647,237405
CB0973,10647,0,237405,0,10647,237405
CB0975,10647,0,237405,0,10647,237405
CB0976,10647,0,237405,0,10647,237405
CB0982,10647,0,237405,0,10647,237405
CB0992,10647,0,237405,0,10647,237405
CB0993,10647,0,237405,0,10647,237405
CB0994,10647,0,237405,0,10647,237405
CB0996,10647,0,237405,0,10647,237405
CB0998,10647,0,237405,0,10647,237405
CB1000,10647,0,237405,0,10647,237405
CB1005,10647,0,237405,0,10647,237405
CB1007,10647,0,237405,0,10647,237405
CB1008,10647,0,237405,0,10647,237405
CB1009,10647,0,237405,0,10647,237405
CB1011,10647,0,237405,0,10647,237405
CB1012,10647,0,237405,0,10647,237405
CB1017,10647,0,237405,0,10647,237405
CB1020,10647,0,237405,0,10647,237405
CB1024,10647,0,237405,0,10647,237405
CB1026,10647,0,237405,0,10647,237405
CB1033,10647,0,237405,0,10647,237405
CB1035,10647,0,237405,0,10647,237405
CB1044,10647,0,237405,0,10647,237405
CB1047,10647,0,237405,0,10647,237405
CB1050,10647,0,237405,0,10647,237405
CB1056,10647,0,237405,0,10647,237405
CB1057,10647,0,237405,0,10647,237405
CB1059,10647,0,237405,0,10647,237405
CB1060,10647,0,237405,0,10647,237405
CB1062,10647,0,237405,0,10647,237405
CB1072,10647,0,237405,0,10647,237405
CB1073,10647,0,237405,0,10647,237405
CB1077,10647,0,237405,0,10647,237405
CB1079,10647,0,237405,0,10647,237405
CB1081,10647,0,237405,0,10647,237405
CB1085,10647,0,237405,0,10647,237405
CB1087,10647,0,237405,0,10647,237405
CB1088,10647,0,237405,0,10647,237405
CB1089,10647,0,237405,0,10647,237405
CB1099,10647,0,237405,0,10647,237405
CB1103,10647,0,237405,0,10647,237405
CB1104,10647,0,237405,0,10647,237405
CB1108,10647,0,237405,0,10647,237405
CB1109,10647,0,237405,0,10647,237405
CB1114,10647,0,237405,0,10647,237405
CB1116,10647,0,237405,0,10647,237405
CB1124,10647,0,237405,0,10647,237405
CB1128,10647,0,237405,0,10647,237405
CB1131,10647,0,237405,0,10647,237405
CB1139,10647,0,237405,0,10647,237405
CB1140,10647,0,237405,0,10647,237405
CB1142,10647,0,237405,0,10647,237405
CB1148,10647,0,237405,0,10647,237405
CB1149,10647,0,237405,0,10647,237405
CB1150,10647,0,237405,0,10647,237405
CB1151,10647,0,237405,0,10647,237405
CB1154,10647,0,237405,0,10647,237405
CB1156,10647,0,237405,0,10647,237405
CB1160,10647,0,237405,0,10647,237405
CB1165,10647,0,237405,0,10647,237405
CB1168,10647,0,237405,0,10647,237405
CB1171,10647,0,237405,0,10647,237405
CB1174,10647,0,237405,0,10647,237405
CB1178,10647,0,237405,0,10647,237405
CB1179,10647,0,237405,0,10647,237405
CB1181,10647,0,237405,0,10647,237405
CB1185,10647,0,237405,0,10647,237405
CB1187,10647,0,237405,0,10647,237405
CB1189,10647,0,237405,0,10647,237405
CB1190,10647,0,237405,0,10647,237405
CB1193,10647,0,237405,0,10647,237405
CB1194,10647,0,237405,0,10647,237405
CB1200,10647,0,237405,0,10647,237405
CB1201,10647,0,237405,0,10647,237405
CB1202,10647,0,237405,0,10647,237405
CB1205,10647,0,237405,0,10647,237405
CB1206,10647,0,237405,0,10647,237405
CB1207_a,10647,0,237405,0,10647,237405
CB1207_b,10647,0,237405,0,10647,237405
CB1212,10647,0,237405,0,10647,237405
CB1219,10647,0,237405,0,10647,237405
CB1220,10647,0,237405,0,10647,237405
CB1227,10647,0,237405,0,10647,237405
CB1237,10647,0,237405,0,10647,237405
CB1238,10647,0,237405,0,10647,237405
CB1241,10647,0,237405,0,10647,237405
CB1242,10647,0,237405,0,10647,237405
CB1246,10647,0,237405,0,10647,237405
CB1247,10647,0,237405,0,10647,237405
CB1249,10647,0,237405,0,10647,237405
CB1252,10647,0,237405,0,10647,237405
CB1255,10647,0,237405,0,10647,237405
CB1260,10647,0,237405,0,10647,237405
CB1263,10647,0,237405,0,10647,237405
CB1268,10647,0,237405,0,10647,237405
CB1269,10647,0,237405,0,10647,237405
CB1274,10647,0,237405,0,10647,237405
CB1275,10647,0,237405,0,10647,237405
CB1276,10647,0,237405,0,10647,237405
CB1281,10647,0,237405,0,10647,237405
CB1286,10647,0,237405,0,10647,237405
CB1287,10647,0,237405,0,10647,237405
CB1287_b,10647,0,237405,0,10647,237405
CB1287_c,10647,0,237405,0,10647,237405
CB1289,10647,0,237405,0,10647,237405
CB1299,10647,0,237405,0,10647,237405
CB1300,10647,0,237405,0,10647,237405
CB1301,10647,0,237405,0,10647,237405
CB1302,10647,0,237405,0,10647,237405
CB1308,10647,0,237405,0,10647,237405
CB1309,10647,0,237405,0,10647,237405
CB1312,10647,0,237405,0,10647,237405
CB1314,10647,0,237405,0,10647,237405
CB1316,10647,0,237405,0,10647,237405
CB1322,10647,0,237405,0,10647,237405
CB1326,10647,0,237405,0,10647,237405
CB1330,10647,0,237405,0,10647,237405
CB1333,10647,0,237405,0,10647,237405
CB1337,10647,0,237405,0,10647,237405
CB1339,10647,0,237405,0,10647,237405
CB1340,10647,0,237405,0,10647,237405
CB1346,10647,0,237405,0,10647,237405
CB1348,10647,0,237405,0,10647,237405
CB1352,10647,0,237405,0,10647,237405
CB1353,10647,0,237405,0,10647,237405
CB1359,10647,0,237405,0,10647,237405
CB1361,10647,0,237405,0,10647,237405
CB1365,10647,0,237405,0,10647,237405
CB1368,10647,0,237405,0,10647,237405
CB1374,10647,0,237405,0,10647,237405
CB1379,10647,0,237405,0,10647,237405
CB1384,10647,0,237405,0,10647,237405
CB1387,10647,0,237405,0,10647,237405
CB1389,10647,0,237405,0,10647,237405
CB1391,10647,0,237405,0,10647,237405
CB1392,10647,0,237405,0,10647,237405
CB1396,10647,0,237405,0,10647,237405
CB1403,10647,0,237405,0,10647,237405
CB1405,10647,0,237405,0,10647,237405
CB1406,10647,0,237405,0,10647,237405
CB1412,10647,0,237405,0,10647,237405
CB1413,10647,0,237405,0,10647,237405
CB1417,10647,0,237405,0,10647,237405
CB1418,10647,0,237405,0,10647,237405
CB1421,10647,0,237405,0,10647,237405
CB1428,10647,0,237405,0,10647,237405
CB1432,10647,0,237405,0,10647,237405
CB1434,10647,0,237405,0,10647,237405
CB1442,10647,0,237405,0,10647,237405
CB1447,10647,0,237405,0,10647,237405
CB1448,10647,0,237405,0,10647,237405
CB1454,10647,0,237405,0,10647,237405
CB1456,10647,0,237405,0,10647,237405
CB1457,10647,0,237405,0,10647,237405
CB1458,10647,0,237405,0,10647,237405
CB1460,10647,0,237405,0,10647,237405
CB1463,10647,0,237405,0,10647,237405
CB1467,10647,0,237405,0,10647,237405
CB1477,10647,0,237405,0,10647,237405
CB1478,10647,0,237405,0,10647,237405
CB1483,10647,0,237405,0,10647,237405
CB1487,10647,0,237405,0,10647,237405
CB1498,10647,0,237405,0,10647,237405
CB1500,10647,0,237405,0,10647,237405
CB1502,10647,0,237405,0,10647,237405
CB1503,10647,0,237405,0,10647,237405
CB1504,10647,0,237405,0,10647,237405
CB1509,10647,0,237405,0,10647,237405
CB1510,10647,0,237405,0,10647,237405
CB1513,10647,0,237405,0,10647,237405
CB1523,10647,0,237405,0,10647,237405
CB1527,10647,0,237405,0,10647,237405
CB1529,10647,0,237405,0,10647,237405
CB1532,10647,0,237405,0,10647,237405
CB1533,10647,0,237405,0,10647,237405
CB1534,10647,0,237405,0,10647,237405
CB1537,10647,0,237405,0,10647,237405
CB1547,10647,0,237405,0,10647,237405
CB1548,10647,0,237405,0,10647,237405
CB1549,10647,0,237405,0,10647,237405
CB1550,10647,0,237405,0,10647,237405
CB1551,10647,0,237405,0,10647,237405
CB1554,10647,0,237405,0,10647,237405
CB1556,10647,0,237405,0,10647,237405
CB1557,10647,0,237405,0,10647,237405
CB1560,10647,0,237405,0,10647,237405
CB1562,10647,0,237405,0,10647,237405
CB1564,10647,0,237405,0,10647,237405
CB1565,10647,0,237405,0,10647,237405
CB1570,10647,0,237405,0,10647,237405
CB1573,10647,0,237405,0,10647,237405
CB1574,10647,0,237405,0,10647,237405
CB1575,10647,0,237405,0,10647,237405
CB1576,10647,0,237405,0,10647,237405
CB1577,10647,0,237405,0,10647,237405
CB1590,10647,0,237405,0,10647,237405
CB1595,10647,0,237405,0,10647,237405
CB1599,10647,0,237405,0,10647,237405
CB1603,10647,0,237405,0,10647,237405
CB1604,10647,0,237405,0,10647,237405
CB1607,10647,0,237405,0,10647,237405
CB1608,10647,0,237405,0,10647,237405
CB1610,10647,0,237405,0,10647,237405
CB1613,10647,0,237405,0,10647,237405
CB1617,10647,0,237405,0,10647,237405
CB1619,10647,0,237405,0,10647,237405
CB1625,10647,0,237405,0,10647,237405
CB1626,10647,0,237405,0,10647,237405
CB1627,10647,0,237405,0,10647,237405
CB1628,10647,0,237405,0,10647,237405
CB1629,10647,0,237405,0,10647,237405
CB1632,10647,0,237405,0,10647,237405
CB1636,10647,0,237405,0,10647,237405
CB1638,10647,0,237405,0,10647,237405
CB1641,10647,0,237405,0,10647,237405
CB1642,10647,0,237405,0,10647,237405
CB1648,10647,0,237405,0,10647,237405
CB1649,10647,0,237405,0,10647,237405
CB1650,10647,0,237405,0,10647,237405
CB1652,10647,0,237405,0,10647,237405
CB1653,10647,0,237405,0,10647,237405
CB1654,10647,0,237405,0,10647,237405
CB1663,10647,0,237405,0,10647,237405
CB1670,10647,0,237405,0,10647,237405
CB1672,10647,0,237405,0,10647,237405
CB1678,10647,0,237405,0,10647,237405
CB1679,10647,0,237405,0,10647,237405
CB1682,10647,0,237405,0,10647,237405
CB1684,10647,0,237405,0,10647,237405
CB1685,10647,0,237405,0,10647,237405
CB1687,10647,0,237405,0,10647,237405
CB1688,10647,0,237405,0,10647,237405
CB1691,10647,0,237405,0,10647,237405
CB1695,10647,0,237405,0,10647,237405
CB1697,10647,0,237405,0,10647,237405
CB1698,10647,0,237405,0,10647,237405
CB1699,10647,0,237405,0,10647,237405
CB1701,10647,0,237405,0,10647,237405
CB1705,10647,0,237405,0,10647,237405
CB1706,10647,0,237405,0,10647,237405
CB1714,10647,0,237405,0,10647,237405
CB1717,10647,0,237405,0,10647,237405
CB1729,10647,0,237405,0,10647,237405
CB1731,10647,0,237405,0,10647,237405
CB1733,10647,0,237405,0,10647,237405
CB1735,10647,0,237405,0,10647,237405
CB1744,10647,0,237405,0,10647,237405
CB1748,10647,0,237405,0,10647,237405
CB1752,10647,0,237405,0,10647,237405
CB1759b,10647,0,237405,0,10647,237405
CB1771,10647,0,237405,0,10647,237405
CB1774,10647,0,237405,0,10647,237405
CB1782,10647,0,237405,0,10647,237405
CB1787,10647,0,237405,0,10647,237405
CB1789,10647,0,237405,0,10647,237405
CB1792,10647,0,237405,0,10647,237405
CB1794,10647,0,237405,0,10647,237405
CB1803,10647,0,237405,0,10647,237405
CB1804,10647,0,237405,0,10647,237405
CB1808,10647,0,237405,0,10647,237405
CB1809,10647,0,237405,0,10647,237405
CB1811,10647,0,237405,0,10647,237405
CB1812,10647,0,237405,0,10647,237405
CB1815,10647,0,237405,0,10647,237405
CB1821,10647,0,237405,0,10647,237405
CB1823,10647,0,237405,0,10647,237405
CB1833,10647,0,237405,0,10647,237405
CB1834,10647,0,237405,0,10647,237405
CB1836,10647,0,237405,0,10647,237405
CB1838,10647,0,237405,0,10647,237405
CB1841,10647,0,237405,0,10647,237405
CB1842,10647,0,237405,0,10647,237405
CB1844,10647,0,237405,0,10647,237405
CB1846,10647,0,237405,0,10647,237405
CB1850,10647,0,237405,0,10647,237405
CB1852,10647,0,237405,0,10647,237405
CB1853,10647,0,237405,0,10647,237405
CB1856,10647,0,237405,0,10647,237405
CB1858,10647,0,237405,0,10647,237405
CB1866,10647,0,237405,0,10647,237405
CB1871,10647,0,237405,0,10647,237405
CB1874,10647,0,237405,0,10647,237405
CB1876,10647,0,237405,0,10647,237405
CB1879,10647,0,237405,0,10647,237405
CB1883,10647,0,237405,0,10647,237405
CB1884,10647,0,237405,0,10647,237405
CB1885,10647,0,237405,0,10647,237405
CB1891b,10647,0,237405,0,10647,237405
CB1895,10647,0,237405,0,10647,237405
CB1896,10647,0,237405,0,10647,237405
CB1897,10647,0,237405,0,10647,237405
CB1899,10647,0,237405,0,10647,237405
CB1901,10647,0,237405,0,10647,237405
CB1902,10647,0,237405,0,10647,237405
CB1903,10647,0,237405,0,10647,237405
CB1909,10647,0,237405,0,10647,237405
CB1910,10647,0,237405,0,10647,237405
CB1911,10647,0,237405,0,10647,237405
CB1914,10647,0,237405,0,10647,237405
CB1920,10647,0,237405,0,10647,237405
CB1923,10647,0,237405,0,10647,237405
CB1924,10647,0,237405,0,10647,237405
CB1926,10647,0,237405,0,10647,237405
CB1927,10647,0,237405,0,10647,237405
CB1931,10647,0,237405,0,10647,237405
CB1932,10647,0,237405,0,10647,237405
CB1934,10647,0,237405,0,10647,237405
CB1935,10647,0,237405,0,10647,237405
CB1938,10647,0,237405,0,10647,237405
CB1945,10647,0,237405,0,10647,237405
CB1946,10647,0,237405,0,10647,237405
CB1948,10647,0,237405,0,10647,237405
CB1949,10647,0,237405,0,10647,237405
CB1950,10647,0,237405,0,10647,237405
CB1955,10647,0,237405,0,10647,237405
CB1956,10647,0,237405,0,10647,237405
CB1958,10647,0,237405,0,10647,237405
CB1959,10647,0,237405,0,10647,237405
CB1964,10647,0,237405,0,10647,237405
CB1973,10647,0,237405,0,10647,237405
CB1975,10647,0,237405,0,10647,237405
CB1976,10647,0,237405,0,10647,237405
CB1976b,10647,0,237405,0,10647,237405
CB1977,10647,0,237405,0,10647,237405
CB1980,10647,0,237405,0,10647,237405
CB1981,10647,0,237405,0,10647,237405
CB1983,10647,0,237405,0,10647,237405
CB1984,10647,0,237405,0,10647,237405
CB1985,10647,0,237405,0,10647,237405
CB1987,10647,0,237405,0,10647,237405
CB1995,10647,0,237405,0,10647,237405
CB1997,10647,0,237405,0,10647,237405
CB1997_b,10647,0,237405,0,10647,237405
CB2003,10647,0,237405,0,10647,237405
CB2006,10647,0,237405,0,10647,237405
CB2018,10647,0,237405,0,10647,237405
CB2026,10647,0,237405,0,10647,237405
CB2027,10647,0,237405,0,10647,237405
CB2029,10647,0,237405,0,10647,237405
CB2032,10647,0,237405,0,10647,237405
CB2033,10647,0,237405,0,10647,237405
CB2035,10647,0,237405,0,10647,237405
CB2036,10647,0,237405,0,10647,237405
CB2037,10647,0,237405,0,10647,237405
CB2038,10647,0,237405,0,10647,237405
CB2040,10647,0,237405,0,10647,237405
CB2041,10647,0,237405,0,10647,237405
CB2043,10647,0,237405,0,10647,237405
CB2045,10647,0,237405,0,10647,237405
CB2047,10647,0,237405,0,10647,237405
CB2048,10647,0,237405,0,10647,237405
CB2049,10647,0,237405,0,10647,237405
CB2051,10647,0,237405,0,10647,237405
CB2053,10647,0,237405,0,10647,237405
CB2059,10647,0,237405,0,10647,237405
CB2064,10647,0,237405,0,10647,237405
CB2066,10647,0,237405,0,10647,237405
CB2074,10647,0,237405,0,10647,237405
CB2079,10647,0,237405,0,10647,237405
CB2081_a,10647,0,237405,0,10647,237405
CB2087,10647,0,237405,0,10647,237405
CB2088,10647,0,237405,0,10647,237405
CB2089,10647,0,237405,0,10647,237405
CB2090,10647,0,237405,0,10647,237405
CB2092,10647,0,237405,0,10647,237405
CB2093,10647,0,237405,0,10647,237405
CB2094,10647,0,237405,0,10647,237405
CB2107,10647,0,237405,0,10647,237405
CB2108,10647,0,237405,0,10647,237405
CB2111,10647,0,237405,0,10647,237405
CB2113,10647,0,237405,0,10647,237405
CB2116,10647,0,237405,0,10647,237405
CB2117,10647,0,237405,0,10647,237405
CB2123,10647,0,237405,0,10647,237405
CB2127,10647,0,237405,0,10647,237405
CB2132,10647,0,237405,0,10647,237405
CB2136,10647,0,237405,0,10647,237405
CB2143,10647,0,237405,0,10647,237405
CB2144,10647,0,237405,0,10647,237405
CB2148,10647,0,237405,0,10647,237405
CB2151,10647,0,237405,0,10647,237405
CB2152,10647,0,237405,0,10647,237405
CB2154,10647,0,237405,0,10647,237405
CB2171,10647,0,237405,0,10647,237405
CB2172,10647,0,237405,0,10647,237405
CB2174,10647,0,237405,0,10647,237405
CB2175,10647,0,237405,0,10647,237405
CB2178,10647,0,237405,0,10647,237405
CB2182,10647,0,237405,0,10647,237405
CB2184,10647,0,237405,0,10647,237405
CB2189,10647,0,237405,0,10647,237405
CB2194,10647,0,237405,0,10647,237405
CB2196,10647,0,237405,0,10647,237405
CB2200,10647,0,237405,0,10647,237405
CB2202,10647,0,237405,0,10647,237405
CB2206,10647,0,237405,0,10647,237405
CB2207,10647,0,237405,0,10647,237405
CB2224,10647,0,237405,0,10647,237405
CB2226,10647,0,237405,0,10647,237405
CB2227,10647,0,237405,0,10647,237405
CB2228,10647,0,237405,0,10647,237405
CB2229,10647,0,237405,0,10647,237405
CB2230,10647,0,237405,0,10647,237405
CB2232,10647,0,237405,0,10647,237405
CB2244,10647,0,237405,0,10647,237405
CB2245,10647,0,237405,0,10647,237405
CB2251,10647,0,237405,0,10647,237405
CB2252,10647,0,237405,0,10647,237405
CB2254,10647,0,237405,0,10647,237405
CB2257,10647,0,237405,0,10647,237405
CB2259,10647,0,237405,0,10647,237405
CB2262,10647,0,237405,0,10647,237405
CB2269,10647,0,237405,0,10647,237405
CB2280,10647,0,237405,0,10647,237405
CB2281,10647,0,237405,0,10647,237405
CB2285,10647,0,237405,0,10647,237405
CB2286,10647,0,237405,0,10647,237405
CB2292,10647,0,237405,0,10647,237405
CB2294,10647,0,237405,0,10647,237405
CB2295,10647,0,237405,0,10647,237405
CB2298,10647,0,237405,0,10647,237405
CB2300,10647,0,237405,0,10647,237405
CB2302,10647,0,237405,0,10647,237405
CB2310,10647,0,237405,0,10647,237405
CB2311,10647,0,237405,0,10647,237405
CB2315,10647,0,237405,0,10647,237405
CB2316,10647,0,237405,0,10647,237405
CB2319,10647,0,237405,0,10647,237405
CB2321,10647,0,237405,0,10647,237405
CB2323,10647,0,237405,0,10647,237405
CB2330,10647,0,237405,0,10647,237405
CB2337,10647,0,237405,0,10647,237405
CB2339,10647,0,237405,0,10647,237405
CB2342,10647,0,237405,0,10647,237405
CB2343,10647,0,237405,0,10647,237405
CB2346,10647,0,237405,0,10647,237405
CB2351,10647,0,237405,0,10647,237405
CB2357,10647,0,237405,0,10647,237405
CB2361,10647,0,237405,0,10647,237405
CB2363,10647,0,237405,0,10647,237405
CB2365,10647,0,237405,0,10647,237405
CB2371,10647,0,237405,0,10647,237405
CB2373,10647,0,237405,0,10647,237405
CB2374,10647,0,237405,0,10647,237405
CB2377,10647,0,237405,0,10647,237405
CB2379,10647,0,237405,0,10647,237405
CB2389,10647,0,237405,0,10647,237405
CB2390,10647,0,237405,0,10647,237405
CB2396,10647,0,237405,0,10647,237405
CB2398,10647,0,237405,0,10647,237405
CB2401,10647,0,237405,0,10647,237405
CB2404,10647,0,237405,0,10647,237405
CB2408,10647,0,237405,0,10647,237405
CB2411,10647,0,237405,0,10647,237405
CB2412,10647,0,237405,0,10647,237405
CB2416,10647,0,237405,0,10647,237405
CB2420,10647,0,237405,0,10647,237405
CB2425,10647,0,237405,0,10647,237405
CB2430,10647,0,237405,0,10647,237405
CB2433,10647,0,237405,0,10647,237405
CB2437,10647,0,237405,0,10647,237405
CB2442,10647,0,237405,0,10647,237405
CB2447,10647,0,237405,0,10647,237405
CB2448,10647,0,237405,0,10647,237405
CB2453,10647,0,237405,0,10647,237405
CB2458,10647,0,237405,0,10647,237405
CB2459,10647,0,237405,0,10647,237405
CB2462,10647,0,237405,0,10647,237405
CB2463,10647,0,237405,0,10647,237405
CB2465,10647,0,237405,0,10647,237405
CB2467,10647,0,237405,0,10647,237405
CB2469,10647,0,237405,0,10647,237405
CB2472,10647,0,237405,0,10647,237405
CB2478,10647,0,237405,0,10647,237405
CB2479,10647,0,237405,0,10647,237405
CB2480,10647,0,237405,0,10647,237405
CB2481,10647,0,237405,0,10647,237405
CB2489,10647,0,237405,0,10647,237405
CB2491,10647,0,237405,0,10647,237405
CB2494,10647,0,237405,0,10647,237405
CB2495,10647,0,237405,0,10647,237405
CB2497,10647,0,237405,0,10647,237405
CB2498,10647,0,237405,0,10647,237405
CB2500,10647,0,237405,0,10647,237405
CB2503,10647,0,237405,0,10647,237405
CB2507,10647,0,237405,0,10647,237405
CB2512,10647,0,237405,0,10647,237405
CB2514,10647,0,237405,0,10647,237405
CB2517,10647,0,237405,0,10647,237405
CB2518,10647,0,237405,0,10647,237405
CB2523,10647,0,237405,0,10647,237405
CB2530,10647,0,237405,0,10647,237405
CB2535,10647,0,237405,0,10647,237405
CB2537,10647,0,237405,0,10647,237405
CB2538,10647,0,237405,0,10647,237405
CB2539,10647,0,237405,0,10647,237405
CB2545,10647,0,237405,0,10647,237405
CB2549,10647,0,237405,0,10647,237405
CB2550,10647,0,237405,0,10647,237405
CB2551b,10647,0,237405,0,10647,237405
CB2555,10647,0,237405,0,10647,237405
CB2559,10647,0,237405,0,10647,237405
CB2563,10647,0,237405,0,10647,237405
CB2572,10647,0,237405,0,10647,237405
CB2577,10647,0,237405,0,10647,237405
CB2584,10647,0,237405,0,10647,237405
CB2592,10647,0,237405,0,10647,237405
CB2595,10647,0,237405,0,10647,237405
CB2596,10647,0,237405,0,10647,237405
CB2599,10647,0,237405,0,10647,237405
CB2600,10647,0,237405,0,10647,237405
CB2620,10647,0,237405,0,10647,237405
CB2623,10647,0,237405,0,10647,237405
CB2624,10647,0,237405,0,10647,237405
CB2625,10647,0,237405,0,10647,237405
CB2627,10647,0,237405,0,10647,237405
CB2630,10647,0,237405,0,10647,237405
CB2633,10647,0,237405,0,10647,237405
CB2636,10647,0,237405,0,10647,237405
CB2638,10647,0,237405,0,10647,237405
CB2642,10647,0,237405,0,10647,237405
CB2646,10647,0,237405,0,10647,237405
CB2648,10647,0,237405,0,10647,237405
CB2655,10647,0,237405,0,10647,237405
CB2659,10647,0,237405,0,10647,237405
CB2660,10647,0,237405,0,10647,237405
CB2667,10647,0,237405,0,10647,237405
CB2671,10647,0,237405,0,10647,237405
CB2672,10647,0,237405,0,10647,237405
CB2674,10647,0,237405,0,10647,237405
CB2676,10647,0,237405,0,10647,237405
CB2678,10647,0,237405,0,10647,237405
CB2679,10647,0,237405,0,10647,237405
CB2681,10647,0,237405,0,10647,237405
CB2682,10647,0,237405,0,10647,237405
CB2684,10647,0,237405,0,10647,237405
CB2685,10647,0,237405,0,10647,237405
CB2687,10647,0,237405,0,10647,237405
CB2689,10647,0,237405,0,10647,237405
CB2691,10647,0,237405,0,10647,237405
CB2693,10647,0,237405,0,10647,237405
CB2694,10647,0,237405,0,10647,237405
CB2701,10647,0,237405,0,10647,237405
CB2702,10647,0,237405,0,10647,237405
CB2706,10647,0,237405,0,10647,237405
CB2713,10647,0,237405,0,10647,237405
CB2719,10647,0,237405,0,10647,237405
CB2720,10647,0,237405,0,10647,237405
CB2721,10647,0,237405,0,10647,237405
CB2725,10647,0,237405,0,10647,237405
CB2733,10647,0,237405,0,10647,237405
CB2736,10647,0,237405,0,10647,237405
CB2737,10647,0,237405,0,10647,237405
CB2743,10647,0,237405,0,10647,237405
CB2744,10647,0,237405,0,10647,237405
CB2751,10647,0,237405,0,10647,237405
CB2754,10647,0,237405,0,10647,237405
CB2755,10647,0,237405,0,10647,237405
CB2763,10647,0,237405,0,10647,237405
CB2764,10647,0,237405,0,10647,237405
CB2766,10647,0,237405,0,10647,237405
CB2769,10647,0,237405,0,10647,237405
CB2770,10647,0,237405,0,10647,237405
CB2783,10647,0,237405,0,10647,237405
CB2784,10647,0,237405,0,10647,237405
CB2786,10647,0,237405,0,10647,237405
CB2787,10647,0,237405,0,10647,237405
CB2790,10647,0,237405,0,10647,237405
CB2797,10647,0,237405,0,10647,237405
CB2802,10647,0,237405,0,10647,237405
CB2805,10647,0,237405,0,10647,237405
CB2812,10647,0,237405,0,10647,237405
CB2814,10647,0,237405,0,10647,237405
CB2816,10647,0,237405,0,10647,237405
CB2823,10647,0,237405,0,10647,237405
CB2831,10647,0,237405,0,10647,237405
CB2846,10647,0,237405,0,10647,237405
CB2851,10647,0,237405,0,10647,237405
CB2855,10647,0,237405,0,10647,237405
CB2859,10647,0,237405,0,10647,237405
CB2861,10647,0,237405,0,10647,237405
CB2862,10647,0,237405,0,10647,237405
CB2863,10647,0,237405,0,10647,237405
CB2869,10647,0,237405,0,10647,237405
CB2870,10647,0,237405,0,10647,237405
CB2873,10647,0,237405,0,10647,237405
CB2876,10647,0,237405,0,10647,237405
CB2877,10647,0,237405,0,10647,237405
CB2880,10647,0,237405,0,10647,237405
CB2881,10647,0,237405,0,10647,237405
CB2884,10647,0,237405,0,10647,237405
CB2889,10647,0,237405,0,10647,237405
CB2892,10647,0,237405,0,10647,237405
CB2895,10647,0,237405,0,10647,237405
CB2896,10647,0,237405,0,10647,237405
CB2902,10647,0,237405,0,10647,237405
CB2904,10647,0,237405,0,10647,237405
CB2906,10647,0,237405,0,10647,237405
CB2907,10647,0,237405,0,10647,237405
CB2910,10647,0,237405,0,10647,237405
CB2913,10647,0,237405,0,10647,237405
CB2919,10647,0,237405,0,10647,237405
CB2920,10647,0,237405,0,10647,237405
CB2922,10647,0,237405,0,10647,237405
CB2927,10647,0,237405,0,10647,237405
CB2931,10647,0,237405,0,10647,237405
CB2934,10647,0,237405,0,10647,237405
CB2935,10647,0,237405,0,10647,237405
CB2936,10647,0,237405,0,10647,237405
CB2937,10647,0,237405,0,10647,237405
CB2938,10647,0,237405,0,10647,237405
CB2947,10647,0,237405,0,10647,237405
CB2948,10647,0,237405,0,10647,237405
CB2950,10647,0,237405,0,10647,237405
CB2952,10647,0,237405,0,10647,237405
CB2953,10647,0,237405,0,10647,237405
CB2954,10647,0,237405,0,10647,237405
CB2955,10647,0,237405,0,10647,237405
CB2956,10647,0,237405,0,10647,237405
CB2958,10647,0,237405,0,10647,237405
CB2966,10647,0,237405,0,10647,237405
CB2967,10647,0,237405,0,10647,237405
CB2970,10647,0,237405,0,10647,237405
CB2975,10647,0,237405,0,10647,237405
CB2976,10647,0,237405,0,10647,237405
CB2979,10647,0,237405,0,10647,237405
CB2981,10647,0,237405,0,10647,237405
CB2982,10647,0,237405,0,10647,237405
CB2983,10647,0,237405,0,10647,237405
CB2985,10647,0,237405,0,10647,237405
CB2988,10647,0,237405,0,10647,237405
CB2992,10647,0,237405,0,10647,237405
CB2993,10647,0,237405,0,10647,237405
CB2995,10647,0,237405,0,10647,237405
CB2996,10647,0,237405,0,10647,237405
CB3001,10647,0,237405,0,10647,237405
CB3005,10647,0,237405,0,10647,237405
CB3008,10647,0,237405,0,10647,237405
CB3010,10647,0,237405,0,10647,237405
CB3012,10647,0,237405,0,10647,237405
CB3013,10647,0,237405,0,10647,237405
CB3014,10647,0,237405,0,10647,237405
CB3015,10647,0,237405,0,10647,237405
CB3016,10647,0,237405,0,10647,237405
CB3019,10647,0,237405,0,10647,237405
CB3021,10647,0,237405,0,10647,237405
CB3023,10647,0,237405,0,10647,237405
CB3030,10647,0,237405,0,10647,237405
CB3042,10647,0,237405,0,10647,237405
CB3043,10647,0,237405,0,10647,237405
CB3044,10647,0,237405,0,10647,237405
CB3045,10647,0,237405,0,10647,237405
CB3049,10647,0,237405,0,10647,237405
CB3050,10647,0,237405,0,10647,237405
CB3051,10647,0,237405,0,10647,237405
CB3052,10647,0,237405,0,10647,237405
CB3055,10647,0,237405,0,10647,237405
CB3056,10647,0,237405,0,10647,237405
CB3060,10647,0,237405,0,10647,237405
CB3065,10647,0,237405,0,10647,237405
CB3067,10647,0,237405,0,10647,237405
CB3069,10647,0,237405,0,10647,237405
CB3071,10647,0,237405,0,10647,237405
CB3074,10647,0,237405,0,10647,237405
CB3075,10647,0,237405,0,10647,237405
CB3076,10647,0,237405,0,10647,237405
CB3080,10647,0,237405,0,10647,237405
CB3084,10647,0,237405,0,10647,237405
CB3089,10647,0,237405,0,10647,237405
CB3093,10647,0,237405,0,10647,237405
CB3098,10647,0,237405,0,10647,237405
CB3103,10647,0,237405,0,10647,237405
CB3104,10647,0,237405,0,10647,237405
CB3109,10647,0,237405,0,10647,237405
CB3113,10647,0,237405,0,10647,237405
CB3118,10647,0,237405,0,10647,237405
CB3120,10647,0,237405,0,10647,237405
CB3121,10647,0,237405,0,10647,237405
CB3124,10647,0,237405,0,10647,237405
CB3127,10647,0,237405,0,10647,237405
CB3132,10647,0,237405,0,10647,237405
CB3133,10647,0,237405,0,10647,237405
CB3135,10647,0,237405,0,10647,237405
CB3140,10647,0,237405,0,10647,237405
CB3141,10647,0,237405,0,10647,237405
CB3142,10647,0,237405,0,10647,237405
CB3143,10647,0,237405,0,10647,237405
CB3147,10647,0,237405,0,10647,237405
CB3175,10647,0,237405,0,10647,237405
CB3184,10647,0,237405,0,10647,237405
CB3185,10647,0,237405,0,10647,237405
CB3187,10647,0,237405,0,10647,237405
CB3197,10647,0,237405,0,10647,237405
CB3204,10647,0,237405,0,10647,237405
CB3208,10647,0,237405,0,10647,237405
CB3209,10647,0,237405,0,10647,237405
CB3212,10647,0,237405,0,10647,237405
CB3218,10647,0,237405,0,10647,237405
CB3220,10647,0,237405,0,10647,237405
CB3221,10647,0,237405,0,10647,237405
CB3233,10647,0,237405,0,10647,237405
CB3240,10647,0,237405,0,10647,237405
CB3249,10647,0,237405,0,10647,237405
CB3250,10647,0,237405,0,10647,237405
CB3252,10647,0,237405,0,10647,237405
CB3255,10647,0,237405,0,10647,237405
CB3261,10647,0,237405,0,10647,237405
CB3264,10647,0,237405,0,10647,237405
CB3268,10647,0,237405,0,10647,237405
CB3269,10647,0,237405,0,10647,237405
CB3274,10647,0,237405,0,10647,237405
CB3276,10647,0,237405,0,10647,237405
CB3277,10647,0,237405,0,10647,237405
CB3278,10647,0,237405,0,10647,237405
CB3281,10647,0,237405,0,10647,237405
CB3287b,10647,0,237405,0,10647,237405
CB3288,10647,0,237405,0,10647,237405
CB3293,10647,0,237405,0,10647,237405
CB3297,10647,0,237405,0,10647,237405
CB3302,10647,0,237405,0,10647,237405
CB3305,10647,0,237405,0,10647,237405
CB3308,10647,0,237405,0,10647,237405
CB3316,10647,0,237405,0,10647,237405
CB3318,10647,0,237405,0,10647,237405
CB3319,10647,0,237405,0,10647,237405
CB3322,10647,0,237405,0,10647,237405
CB3323,10647,0,237405,0,10647,237405
CB3326,10647,0,237405,0,10647,237405
CB3329,10647,0,237405,0,10647,237405
CB3332,10647,0,237405,0,10647,237405
CB3339,10647,0,237405,0,10647,237405
CB3340,10647,0,237405,0,10647,237405
CB3343,10647,0,237405,0,10647,237405
CB3347,10647,0,237405,0,10647,237405
CB3358,10647,0,237405,0,10647,237405
CB3360,10647,0,237405,0,10647,237405
CB3362,10647,0,237405,0,10647,237405
CB3373,10647,0,237405,0,10647,237405
CB3374,10647,0,237405,0,10647,237405
CB3376,10647,0,237405,0,10647,237405
CB3391,10647,0,237405,0,10647,237405
CB3393,10647,0,237405,0,10647,237405
CB3394,10647,0,237405,0,10647,237405
CB3396,10647,0,237405,0,10647,237405
CB3399,10647,0,237405,0,10647,237405
CB3400,10647,0,237405,0,10647,237405
CB3402,10647,0,237405,0,10647,237405
CB3404,10647,0,237405,0,10647,237405
CB3407,10647,0,237405,0,10647,237405
CB3411,10647,0,237405,0,10647,237405
CB3414,10647,0,237405,0,10647,237405
CB3419,10647,0,237405,0,10647,237405
CB3427,10647,0,237405,0,10647,237405
CB3433,10647,0,237405,0,10647,237405
CB3435,10647,0,237405,0,10647,237405
CB3439,10647,0,237405,0,10647,237405
CB3441,10647,0,237405,0,10647,237405
CB3445,10647,0,237405,0,10647,237405
CB3446,10647,0,237405,0,10647,237405
CB3450,10647,0,237405,0,10647,237405
CB3459,10647,0,237405,0,10647,237405
CB3464,10647,0,237405,0,10647,237405
CB3466,10647,0,237405,0,10647,237405
CB3469,10647,0,237405,0,10647,237405
CB3476,10647,0,237405,0,10647,237405
CB3479,10647,0,237405,0,10647,237405
CB3488,10647,0,237405,0,10647,237405
CB3496,10647,0,237405,0,10647,237405
CB3498,10647,0,237405,0,10647,237405
CB3499,10647,0,237405,0,10647,237405
CB3503,10647,0,237405,0,10647,237405
CB3506,10647,0,237405,0,10647,237405
CB3507,10647,0,237405,0,10647,237405
CB3508,10647,0,237405,0,10647,237405
CB3512,10647,0,237405,0,10647,237405
CB3513,10647,0,237405,0,10647,237405
CB3519,10647,0,237405,0,10647,237405
CB3523,10647,0,237405,0,10647,237405
CB3528,10647,0,237405,0,10647,237405
CB3530,10647,0,237405,0,10647,237405
CB3539,10647,0,237405,0,10647,237405
CB3541,10647,0,237405,0,10647,237405
CB3544,10647,0,237405,0,10647,237405
CB3545,10647,0,237405,0,10647,237405
CB3548,10647,0,237405,0,10647,237405
CB3553,10647,0,237405,0,10647,237405
CB3561,10647,0,237405,0,10647,237405
CB3566,10647,0,237405,0,10647,237405
CB3569,10647,0,237405,0,10647,237405
CB3574,10647,0,237405,0,10647,237405
CB3576,10647,0,237405,0,10647,237405
CB3578,10647,0,237405,0,10647,237405
CB3594,10647,0,237405,0,10647,237405
CB3595,10647,0,237405,0,10647,237405
CB3598,10647,0,237405,0,10647,237405
CB3603,10647,0,237405,0,10647,237405
CB3606,10647,0,237405,0,10647,237405
CB3607,10647,0,237405,0,10647,237405
CB3608,10647,0,237405,0,10647,237405
CB3614,10647,0,237405,0,10647,237405
CB3619,10647,0,237405,0,10647,237405
CB3629,10647,0,237405,0,10647,237405
CB3630,10647,0,237405,0,10647,237405
CB3635,10647,0,237405,0,10647,237405
CB3638,10647,0,237405,0,10647,237405
CB3657,10647,0,237405,0,10647,237405
CB3660,10647,0,237405,0,10647,237405
CB3661,10647,0,237405,0,10647,237405
CB3664,10647,0,237405,0,10647,237405
CB3666,10647,0,237405,0,10647,237405
CB3667,10647,0,237405,0,10647,237405
CB3671,10647,0,237405,0,10647,237405
CB3676,10647,0,237405,0,10647,237405
CB3679,10647,0,237405,0,10647,237405
CB3683,10647,0,237405,0,10647,237405
CB3684,10647,0,237405,0,10647,237405
CB3690,10647,0,237405,0,10647,237405
CB3691,10647,0,237405,0,10647,237405
CB3697,10647,0,237405,0,10647,237405
CB3724,10647,0,237405,0,10647,237405
CB3727,10647,0,237405,0,10647,237405
CB3728,10647,0,237405,0,10647,237405
CB3729,10647,0,237405,0,10647,237405
CB3732,10647,0,237405,0,10647,237405
CB3733,10647,0,237405,0,10647,237405
CB3734,10647,0,237405,0,10647,237405
CB3740,10647,0,237405,0,10647,237405
CB3748,10647,0,237405,0,10647,237405
CB3754,10647,0,237405,0,10647,237405
CB3758,10647,0,237405,0,10647,237405
CB3759,10647,0,237405,0,10647,237405
CB3760,10647,0,237405,0,10647,237405
CB3762,10647,0,237405,0,10647,237405
CB3768,10647,0,237405,0,10647,237405
CB3782,10647,0,237405,0,10647,237405
CB3784,10647,0,237405,0,10647,237405
CB3788,10647,0,237405,0,10647,237405
CB3789,10647,0,237405,0,10647,237405
CB3791,10647,0,237405,0,10647,237405
CB3863,10647,0,237405,0,10647,237405
CB3866,10647,0,237405,0,10647,237405
CB3869,10647,0,237405,0,10647,237405
CB3873,10647,0,237405,0,10647,237405
CB3874,10647,0,237405,0,10647,237405
CB3879,10647,0,237405,0,10647,237405
CB3895,10647,0,237405,0,10647,237405
CB3900,10647,0,237405,0,10647,237405
CB3906,10647,0,237405,0,10647,237405
CB3907,10647,0,237405,0,10647,237405
CB3908,10647,0,237405,0,10647,237405
CB3909,10647,0,237405,0,10647,237405
CB3910,10647,0,237405,0,10647,237405
CB3930,10647,0,237405,0,10647,237405
CB3931,10647,0,237405,0,10647,237405
CB3932,10647,0,237405,0,10647,237405
CB3933,10647,0,237405,0,10647,237405
CB3950b,10647,0,237405,0,10647,237405
CB3951,10647,0,237405,0,10647,237405
CB3951b,10647,0,237405,0,10647,237405
CB3959,10647,0,237405,0,10647,237405
CB3961,10647,0,237405,0,10647,237405
CB3977,10647,0,237405,0,10647,237405
CB3984,10647,0,237405,0,10647,237405
CB3992,10647,0,237405,0,10647,237405
CB3998,10647,0,237405,0,10647,237405
CB3999,10647,0,237405,0,10647,237405
CB4000,10647,0,237405,0,10647,237405
CB4019,10647,0,237405,0,10647,237405
CB4022,10647,0,237405,0,10647,237405
CB4023,10647,0,237405,0,10647,237405
CB4033,10647,0,237405,0,10647,237405
CB4052,10647,0,237405,0,10647,237405
CB4054,10647,0,237405,0,10647,237405
CB4064,10647,0,237405,0,10647,237405
CB4066,10647,0,237405,0,10647,237405
CB4069,10647,0,237405,0,10647,237405
CB4070,10647,0,237405,0,10647,237405
CB4071,10647,0,237405,0,10647,237405
CB4072,10647,0,237405,0,10647,237405
CB4073,10647,0,237405,0,10647,237405
CB4077,10647,0,237405,0,10647,237405
CB4081,10647,0,237405,0,10647,237405
CB4082,10647,0,237405,0,10647,237405
CB4084,10647,0,237405,0,10647,237405
CB4085,10647,0,237405,0,10647,237405
CB4086,10647,0,237405,0,10647,237405
CB4087,10647,0,237405,0,10647,237405
CB4088,10647,0,237405,0,10647,237405
CB4091,10647,0,237405,0,10647,237405
CB4095,10647,0,237405,0,10647,237405
CB4096,10647,0,237405,0,10647,237405
CB4097,10647,0,237405,0,10647,237405
CB4100,10647,0,237405,0,10647,237405
CB4101,10647,0,237405,0,10647,237405
CB4102,10647,0,237405,0,10647,237405
CB4103,10647,0,237405,0,10647,237405
CB4105,10647,0,237405,0,10647,237405
CB4106,10647,0,237405,0,10647,237405
CB4107,10647,0,237405,0,10647,237405
CB4110,10647,0,237405,0,10647,237405
CB4111,10647,0,237405,0,10647,237405
CB4112,10647,0,237405,0,10647,237405
CB4115,10647,0,237405,0,10647,237405
CB4116,10647,0,237405,0,10647,237405
CB4117,10647,0,237405,0,10647,237405
CB4118,10647,0,237405,0,10647,237405
CB4119,10647,0,237405,0,10647,237405
CB4120,10647,0,237405,0,10647,237405
CB4122,10647,0,237405,0,10647,237405
CB4123,10647,0,237405,0,10647,237405
CB4124,10647,0,237405,0,10647,237405
CB4125,10647,0,237405,0,10647,237405
CB4126,10647,0,237405,0,10647,237405
CB4127,10647,0,237405,0,10647,237405
CB4128,10647,0,237405,0,10647,237405
CB4129,10647,0,237405,0,10647,237405
CB4130,10647,0,237405,0,10647,237405
CB4131,10647,0,237405,0,10647,237405
CB4132,10647,0,237405,0,10647,237405
CB4133,10647,0,237405,0,10647,237405
CB4134,10647,0,237405,0,10647,237405
CB4137,10647,0,237405,0,10647,237405
CB4138,10647,0,237405,0,10647,237405
CB4139,10647,0,237405,0,10647,237405
CB4141,10647,0,237405,0,10647,237405
CB4150,10647,0,237405,0,10647,237405
CB4151,10647,0,237405,0,10647,237405
CB4152,10647,0,237405,0,10647,237405
CB4155,10647,0,237405,0,10647,237405
CB4156,10647,0,237405,0,10647,237405
CB4157,10647,0,237405,0,10647,237405
CB4158,10647,0,237405,0,10647,237405
CB4159,10647,0,237405,0,10647,237405
CB4162,10647,0,237405,0,10647,237405
CB4163,10647,0,237405,0,10647,237405
CB4165,10647,0,237405,0,10647,237405
CB4166,10647,0,237405,0,10647,237405
CB4167,10647,0,237405,0,10647,237405
CB4168,10647,0,237405,0,10647,237405
CB4169,10647,0,237405,0,10647,237405
CB4170,10647,0,237405,0,10647,237405
CB4172,10647,0,237405,0,10647,237405
CB4173,10647,0,237405,0,10647,237405
CB4174,10647,0,237405,0,10647,237405
CB4179,10647,0,237405,0,10647,237405
CB4180,10647,0,237405,0,10647,237405
CB4181,10647,0,237405,0,10647,237405
CB4183,10647,0,237405,0,10647,237405
CB4190,10647,0,237405,0,10647,237405
CB4193,10647,0,237405,0,10647,237405
CB4194,10647,0,237405,0,10647,237405
CB4195,10647,0,237405,0,10647,237405
CB4196,10647,0,237405,0,10647,237405
CB4197,10647,0,237405,0,10647,237405
CB4198,10647,0,237405,0,10647,237405
CB4200,10647,0,237405,0,10647,237405
CB4201,10647,0,237405,0,10647,237405
CB4205,10647,0,237405,0,10647,237405
CB4206,10647,0,237405,0,10647,237405
CB4208,10647,0,237405,0,10647,237405
CB4209,10647,0,237405,0,10647,237405
CB4214,10647,0,237405,0,10647,237405
CB4215,10647,0,237405,0,10647,237405
CB4216,10647,0,237405,0,10647,237405
CB4217,10647,0,237405,0,10647,237405
CB4220,10647,0,237405,0,10647,237405
CB4225,10647,0,237405,0,10647,237405
CB4231,10647,0,237405,0,10647,237405
CB4241,10647,0,237405,0,10647,237405
CB4242,10647,0,237405,0,10647,237405
CB4243,10647,0,237405,0,10647,237405
CB4245,10647,0,237405,0,10647,237405
CL001,10647,0,237405,0,10647,237405
CL002,10647,0,237405,0,10647,237405
CL003,10647,0,237405,0,10647,237405
CL004,10647,0,237405,0,10647,237405
CL005,10647,0,237405,0,10647,237405
CL006,10647,0,237405,0,10647,237405
CL007,10647,0,237405,0,10647,237405
CL008,10647,0,237405,0,10647,237405
CL010,10647,0,237405,0,10647,237405
CL011,10647,0,237405,0,10647,237405
CL012,10647,0,237405,0,10647,237405
CL013,10647,0,237405,0,10647,237405
CL014,10647,0,237405,0,10647,237405
CL015_a,10647,0,237405,0,10647,237405
CL015_b,10647,0,237405,0,10647,237405
CL016,10647,0,237405,0,10647,237405
CL018,10647,0,237405,0,10647,237405
CL021,10647,0,237405,0,10647,237405
CL022_a,10647,0,237405,0,10647,237405
CL022_b,10647,0,237405,0,10647,237405
CL022_c,10647,0,237405,0,10647,237405
CL023,10647,0,237405,0,10647,237405
CL024_a,10647,0,237405,0,10647,237405
CL024_b,10647,0,237405,0,10647,237405
CL024_c,10647,0,237405,0,10647,237405
CL024_d,10647,0,237405,0,10647,237405
CL025,10647,0,237405,0,10647,237405
CL026,10647,0,237405,0,10647,237405
CL027,10647,0,237405,0,10647,237405
CL028,10647,0,237405,0,10647,237405
CL029_a,10647,0,237405,0,10647,237405
CL029_b,10647,0,237405,0,10647,237405
CL030,10647,0,237405,0,10647,237405
CL031,10647,0,237405,0,10647,237405
CL032,10647,0,237405,0,10647,237405
CL036,10647,0,237405,0,10647,237405
CL038,10647,0,237405,0,10647,237405
CL040,10647,0,237405,0,10647,237405
CL042,10647,0,237405,0,10647,237405
CL046,10647,0,237405,0,10647,237405
CL048,10647,0,237405,0,10647,237405
CL049,10647,0,237405,0,10647,237405
CL053,10647,0,237405,0,10647,237405
CL054,10647,0,237405,0,10647,237405
CL055,10647,0,237405,0,10647,237405
CL056,10647,0,237405,0,10647,237405
CL057,10647,0,237405,0,10647,237405
CL058,10647,0,237405,0,10647,237405
CL062_a1,10647,0,237405,0,10647,237405
CL062_a2,10647,0,237405,0,10647,237405
CL062_b1,10647,0,237405,0,10647,237405
CL062_b2,10647,0,237405,0,10647,237405
CL062_b3,10647,0,237405,0,10647,237405
CL063,10647,0,237405,0,10647,237405
CL064,10647,0,237405,0,10647,237405
CL065,10647,0,237405,0,10647,237405
CL066,10647,0,237405,0,10647,237405
CL067,10647,0,237405,0,10647,237405
CL068,10647,0,237405,0,10647,237405
CL069,10647,0,237405,0,10647,237405
CL070_a,10647,0,237405,0,10647,237405
CL070_b,10647,0,237405,0,10647,237405
CL071_a,10647,0,237405,0,10647,237405
CL071_b,10647,0,237405,0,10647,237405
CL072,10647,0,237405,0,10647,237405
CL073,10647,0,237405,0,10647,237405
CL074,10647,0,237405,0,10647,237405
CL075_a,10647,0,237405,0,10647,237405
CL075_b,10647,0,237405,0,10647,237405
CL078_a,10647,0,237405,0,10647,237405
CL078_b,10647,0,237405,0,10647,237405
CL078_c,10647,0,237405,0,10647,237405
CL081,10647,0,237405,0,10647,237405
CL083,10647,0,237405,0,10647,237405
CL085_a,10647,0,237405,0,10647,237405
CL085_b,10647,0,237405,0,10647,237405
CL085_c,10647,0,237405,0,10647,237405
CL086_a,10647,0,237405,0,10647,237405
CL086_b,10647,0,237405,0,10647,237405
CL086_c,10647,0,237405,0,10647,237405
CL086_d,10647,0,237405,0,10647,237405
CL086_e,10647,0,237405,0,10647,237405
CL087,10647,0,237405,0,10647,237405
CL088_a,10647,0,237405,0,10647,237405
CL088_b,10647,0,237405,0,10647,237405
CL089_a1,10647,0,237405,0,10647,237405
CL089_a2,10647,0,237405,0,10647,237405
CL089_b,10647,0,237405,0,10647,237405
CL089_c,10647,0,237405,0,10647,237405
CL090_a,10647,0,237405,0,10647,237405
CL090_b,10647,0,237405,0,10647,237405
CL090_c,10647,0,237405,0,10647,237405
CL090_d,10647,0,237405,0,10647,237405
CL090_e,10647,0,237405,0,10647,237405
CL091,10647,0,237405,0,10647,237405
CL092,10647,0,237405,0,10647,237405
CL093,10647,0,237405,0,10647,237405
CL094,10647,0,237405,0,10647,237405
CL095,10647,0,237405,0,10647,237405
CL096,10647,0,237405,0,10647,237405
CL097,10647,0,237405,0,10647,237405
CL098,10647,0,237405,0,10647,237405
CL099,10647,0,237405,0,10647,237405
CL100,10647,0,237405,0,10647,237405
CL101,10647,0,237405,0,10647,237405
CL102,10647,0,237405,0,10647,237405
CL104,10647,0,237405,0,10647,237405
CL107,10647,0,237405,0,10647,237405
CL108,10647,0,237405,0,10647,237405
CL109,10647,0,237405,0,10647,237405
CL110,10647,0,237405,0,10647,237405
CL111,10647,0,237405,0,10647,237405
CL112,10647,0,237405,0,10647,237405
CL115,10647,0,237405,0,10647,237405
CL116,10647,0,237405,0,10647,237405
CL117,10647,0,237405,0,10647,237405
CL120,10647,0,237405,0,10647,237405
CL121_b,10647,0,237405,0,10647,237405
CL122_a,10647,0,237405,0,10647,237405
CL122_b,10647,0,237405,0,10647,237405
CL123_a,10647,0,237405,0,10647,237405
CL123_b,10647,0,237405,0,10647,237405
CL123_c,10647,0,237405,0,10647,237405
CL123_d,10647,0,237405,0,10647,237405
CL123_e,10647,0,237405,0,10647,237405
CL125,10647,0,237405,0,10647,237405
CL126,10647,0,237405,0,10647,237405
CL127,10647,0,237405,0,10647,237405
CL128_a,10647,0,237405,0,10647,237405
CL128_b,10647,0,237405,0,10647,237405
CL128_c,10647,0,237405,0,10647,237405
CL128_d,10647,0,237405,0,10647,237405
CL128_e,10647,0,237405,0,10647,237405
CL128_f,10647,0,237405,0,10647,237405
CL128a,10647,0,237405,0,10647,237405
CL129,10647,0,237405,0,10647,237405
CL12X,10647,0,237405,0,10647,237405
CL130,10647,0,237405,0,10647,237405
CL131,10647,0,237405,0,10647,237405
CL132,10647,0,237405,0,10647,237405
CL133,10647,0,237405,0,10647,237405
CL134,10647,0,237405,0,10647,237405
CL135,10647,0,237405,0,10647,237405
CL136,10647,0,237405,0,10647,237405
CL140,10647,0,237405,0,10647,237405
CL141,10647,0,237405,0,10647,237405
CL142,10647,0,237405,0,10647,237405
CL143,10647,0,237405,0,10647,237405
CL144,10647,0,237405,0,10647,237405
CL146,10647,0,237405,0,10647,237405
CL147,10647,0,237405,0,10647,237405
CL149,10647,0,237405,0,10647,237405
CL150,10647,0,237405,0,10647,237405
CL151,10647,0,237405,0,10647,237405
CL152,10647,0,237405,0,10647,237405
CL153,10647,0,237405,0,10647,237405
CL154,10647,0,237405,0,10647,237405
CL155,10647,0,237405,0,10647,237405
CL157,10647,0,237405,0,10647,237405
CL158,10647,0,237405,0,10647,237405
CL159,10647,0,237405,0,10647,237405
CL160,10647,0,237405,0,10647,237405
CL161_a,10647,0,237405,0,10647,237405
CL161_b,10647,0,237405,0,10647,237405
CL162,10647,0,237405,0,10647,237405
CL165,10647,0,237405,0,10647,237405
CL166,10647,0,237405,0,10647,237405
CL167,10647,0,237405,0,10647,237405
CL168,10647,0,237405,0,10647,237405
CL169,10647,0,237405,0,10647,237405
CL170,10647,0,237405,0,10647,237405
CL171,10647,0,237405,0,10647,237405
CL172,10647,0,237405,0,10647,237405
CL173,10647,0,237405,0,10647,237405
CL175,10647,0,237405,0,10647,237405
CL176,10647,0,237405,0,10647,237405
CL177,10647,0,237405,0,10647,237405
CL178,10647,0,237405,0,10647,237405
CL179,10647,0,237405,0,10647,237405
CL180,10647,0,237405,0,10647,237405
CL182,10647,0,237405,0,10647,237405
CL183,10647,0,237405,0,10647,237405
CL184,10647,0,237405,0,10647,237405
CL185,10647,0,237405,0,10647,237405
CL186,10647,0,237405,0,10647,237405
CL187,10647,0,237405,0,10647,237405
CL189,10647,0,237405,0,10647,237405
CL190,10647,0,237405,0,10647,237405
CL191_a,10647,0,237405,0,10647,237405
CL191_b,10647,0,237405,0,10647,237405
CL195,10647,0,237405,0,10647,237405
CL196,10647,0,237405,0,10647,237405
CL199,10647,0,237405,0,10647,237405
CL200,10647,0,237405,0,10647,237405
CL201,10647,0,237405,0,10647,237405
CL203,10647,0,237405,0,10647,237405
CL204,10647,0,237405,0,10647,237405
CL205,10647,0,237405,0,10647,237405
CL208,10647,0,237405,0,10647,237405
CL209,10647,0,237405,0,10647,237405
CL210_a,10647,0,237405,0,10647,237405
CL211,10647,0,237405,0,10647,237405
CL212,10647,0,237405,0,10647,237405
CL213,10647,0,237405,0,10647,237405
CL214,10647,0,237405,0,10647,237405
CL215,10647,0,237405,0,10647,237405
CL216,10647,0,237405,0,10647,237405
CL224,10647,0,237405,0,10647,237405
CL225,10647,0,237405,0,10647,237405
CL228,10647,0,237405,0,10647,237405
CL231,10647,0,237405,0,10647,237405
CL234,10647,0,237405,0,10647,237405
CL235,10647,0,237405,0,10647,237405
CL236,10647,0,237405,0,10647,237405
CL238,10647,0,237405,0,10647,237405
CL239,10647,0,237405,0,10647,237405
CL244,10647,0,237405,0,10647,237405
CL245,10647,0,237405,0,10647,237405
CL246,10647,0,237405,0,10647,237405
CL248,10647,0,237405,0,10647,237405
CL249,10647,0,237405,0,10647,237405
CL250,10647,0,237405,0,10647,237405
CL251,10647,0,237405,0,10647,237405
CL252,10647,0,237405,0,10647,237405
CL253,10647,0,237405,0,10647,237405
CL254,10647,0,237405,0,10647,237405
CL255,10647,0,237405,0,10647,237405
CL256,10647,0,237405,0,10647,237405
CL257,10647,0,237405,0,10647,237405
CL258,10647,0,237405,0,10647,237405
CL259,10647,0,237405,0,10647,237405
CL260,10647,0,237405,0,10647,237405
CL261,10647,0,237405,0,10647,237405
CL263,10647,0,237405,0,10647,237405
CL264,10647,0,237405,0,10647,237405
CL266_a1,10647,0,237405,0,10647,237405
CL266_a2,10647,0,237405,0,10647,237405
CL266_a3,10647,0,237405,0,10647,237405
CL266_b1,10647,0,237405,0,10647,237405
CL266_b2,10647,0,237405,0,10647,237405
CL267,10647,0,237405,0,10647,237405
CL269,10647,0,237405,0,10647,237405
CL270,10647,0,237405,0,10647,237405
CL271,10647,0,237405,0,10647,237405
CL272_a1,10647,0,237405,0,10647,237405
CL272_a2,10647,0,237405,0,10647,237405
CL272_b1,10647,0,237405,0,10647,237405
CL272_b2,10647,0,237405,0,10647,237405
CL272_b3,10647,0,237405,0,10647,237405
CL273,10647,0,237405,0,10647,237405
CL274,10647,0,237405,0,10647,237405
CL275,10647,0,237405,0,10647,237405
CL280,10647,0,237405,0,10647,237405
CL282,10647,0,237405,0,10647,237405
CL283_a,10647,0,237405,0,10647,237405
CL283_b,10647,0,237405,0,10647,237405
CL283_c,10647,0,237405,0,10647,237405
CL286,10647,0,237405,0,10647,237405
CL287,10647,0,237405,0,10647,237405
CL288,10647,0,237405,0,10647,237405
CL290,10647,0,237405,0,10647,237405
CL291,10647,0,237405,0,10647,237405
CL292,10647,0,237405,0,10647,237405
CL293,10647,0,237405,0,10647,237405
CL294,10647,0,237405,0,10647,237405
CL301,10647,0,237405,0,10647,237405
CL302,10647,0,237405,0,10647,237405
CL303,10647,0,237405,0,10647,237405
CL308,10647,0,237405,0,10647,237405
CL309,10647,0,237405,0,10647,237405
CL310,10647,0,237405,0,10647,237405
CL311,10647,0,237405,0,10647,237405
CL314,10647,0,237405,0,10647,237405
CL315,10647,0,237405,0,10647,237405
CL316,10647,0,237405,0,10647,237405
CL317,10647,0,237405,0,10647,237405
CL318,10647,0,237405,0,10647,237405
CL319,10647,0,237405,0,10647,237405
CL321,10647,0,237405,0,10647,237405
CL322,10647,0,237405,0,10647,237405
CL323,10647,0,237405,0,10647,237405
CL326,10647,0,237405,0,10647,237405
CL327,10647,0,237405,0,10647,237405
CL328,10647,0,237405,0,10647,237405
CL333,10647,0,237405,0,10647,237405
CL335,10647,0,237405,0,10647,237405
CL336,10647,0,237405,0,10647,237405
CL339,10647,0,237405,0,10647,237405
CL340,10647,0,237405,0,10647,237405
CL344_a,10647,0,237405,0,10647,237405
CL344_b,10647,0,237405,0,10647,237405
CL345,10647,0,237405,0,10647,237405
CL348,10647,0,237405,0,10647,237405
CL351,10647,0,237405,0,10647,237405
CL352,10647,0,237405,0,10647,237405
CL353,10647,0,237405,0,10647,237405
CL354,10647,0,237405,0,10647,237405
CL355,10647,0,237405,0,10647,237405
CL356,10647,0,237405,0,10647,237405
CL357,10647,0,237405,0,10647,237405
CL359,10647,0,237405,0,10647,237405
CL360,10647,0,237405,0,10647,237405
CL361,10647,0,237405,0,10647,237405
CL362,10647,0,237405,0,10647,237405
CL364,10647,0,237405,0,10647,237405
CL365,10647,0,237405,0,10647,237405
CL366,10647,0,237405,0,10647,237405
CL367,10647,0,237405,0,10647,237405
CL368,10647,0,237405,0,10647,237405
CRE001,10647,0,237405,0,10647,237405
CRE003_a,10647,0,237405,0,10647,237405
CRE003_b,10647,0,237405,0,10647,237405
CRE004,10647,0,237405,0,10647,237405
CRE005,10647,0,237405,0,10647,237405
CRE006,10647,0,237405,0,10647,237405
CRE007,10647,0,237405,0,10647,237405
CRE008,10647,0,237405,0,10647,237405
CRE009,10647,0,237405,0,10647,237405
CRE010,10647,0,237405,0,10647,237405
CRE011,10647,0,237405,0,10647,237405
CRE012,10647,0,237405,0,10647,237405
CRE013,10647,0,237405,0,10647,237405
CRE014,10647,0,237405,0,10647,237405
CRE015,10647,0,237405,0,10647,237405
CRE016,10647,0,237405,0,10647,237405
CRE017,10647,0,237405,0,10647,237405
CRE018,10647,0,237405,0,10647,237405
CRE019,10647,0,237405,0,10647,237405
CRE020,10647,0,237405,0,10647,237405
CRE021,10647,0,237405,0,10647,237405
CRE022,10647,0,237405,0,10647,237405
CRE023,10647,0,237405,0,10647,237405
CRE024,10647,0,237405,0,10647,237405
CRE025,10647,0,237405,0,10647,237405
CRE026,10647,0,237405,0,10647,237405
CRE027,10647,0,237405,0,10647,237405
CRE028,10647,0,237405,0,10647,237405
CRE030_b,10647,0,237405,0,10647,237405
CRE034,10647,0,237405,0,10647,237405
CRE035,10647,0,237405,0,10647,237405
CRE037,10647,0,237405,0,10647,237405
CRE038,10647,0,237405,0,10647,237405
CRE039,10647,0,237405,0,10647,237405
CRE040,10647,0,237405,0,10647,237405
CRE041,10647,0,237405,0,10647,237405
CRE042,10647,0,237405,0,10647,237405
CRE043_a1,10647,0,237405,0,10647,237405
CRE043_a2,10647,0,237405,0,10647,237405
CRE043_a3,10647,0,237405,0,10647,237405
CRE043_b,10647,0,237405,0,10647,237405
CRE043_c1,10647,0,237405,0,10647,237405
CRE043_c2,10647,0,237405,0,10647,237405
CRE043_d,10647,0,237405,0,10647,237405
CRE044,10647,0,237405,0,10647,237405
CRE045,10647,0,237405,0,10647,237405
CRE046,10647,0,237405,0,10647,237405
CRE048,10647,0,237405,0,10647,237405
CRE049,10647,0,237405,0,10647,237405
CRE050,10647,0,237405,0,10647,237405
CRE051,10647,0,237405,0,10647,237405
CRE052,10647,0,237405,0,10647,237405
CRE054,10647,0,237405,0,10647,237405
CRE055,10647,0,237405,0,10647,237405
CRE056,10647,0,237405,0,10647,237405
CRE057,10647,0,237405,0,10647,237405
CRE059,10647,0,237405,0,10647,237405
CRE060,10647,0,237405,0,10647,237405
CRE062,10647,0,237405,0,10647,237405
CRE065,10647,0,237405,0,10647,237405
CRE066,10647,0,237405,0,10647,237405
CRE067,10647,0,237405,0,10647,237405
CRE068,10647,0,237405,0,10647,237405
CRE069,10647,0,237405,0,10647,237405
CRE070,10647,0,237405,0,10647,237405
CRE071,10647,0,237405,0,10647,237405
CRE072,10647,0,237405,0,10647,237405
CRE074,10647,0,237405,0,10647,237405
CRE075,10647,0,237405,0,10647,237405
CRE076,10647,0,237405,0,10647,237405
CRE077,10647,0,237405,0,10647,237405
CRE078,10647,0,237405,0,10647,237405
CRE079,10647,0,237405,0,10647,237405
CRE080_a,10647,0,237405,0,10647,237405
CRE080_b,10647,0,237405,0,10647,237405
CRE080_c,10647,0,237405,0,10647,237405
CRE080_d,10647,0,237405,0,10647,237405
CRE081,10647,0,237405,0,10647,237405
CRE082,10647,0,237405,0,10647,237405
CRE083,10647,0,237405,0,10647,237405
CRE085,10647,0,237405,0,10647,237405
CRE086,10647,0,237405,0,10647,237405
CRE088,10647,0,237405,0,10647,237405
CRE089,10647,0,237405,0,10647,237405
CRE090,10647,0,237405,0,10647,237405
CRE092,10647,0,237405,0,10647,237405
CRE093,10647,0,237405,0,10647,237405
CRE094,10647,0,237405,0,10647,237405
CRE095,10647,0,237405,0,10647,237405
CRE096,10647,0,237405,0,10647,237405
CRE099,10647,0,237405,0,10647,237405
CRE100,10647,0,237405,0,10647,237405
CRE102,10647,0,237405,0,10647,237405
CRE103,10647,0,237405,0,10647,237405
CRE104,10647,0,237405,0,10647,237405
CRE105,10647,0,237405,0,10647,237405
CRE106,10647,0,237405,0,10647,237405
CRE107,10647,0,237405,0,10647,237405
CRE108,10647,0,237405,0,10647,237405
CRZ01,10647,0,237405,0,10647,237405
CRZ02,10647,0,237405,0,10647,237405
CT1,10647,0,237405,0,10647,237405
Cm1,10647,0,237405,0,10647,237405
Cm10,10647,0,237405,0,10647,237405
Cm11a,10647,0,237405,0,10647,237405
Cm11b,10647,0,237405,0,10647,237405
Cm11c,10647,0,237405,0,10647,237405
Cm12,10647,0,237405,0,10647,237405
Cm13,10647,0,237405,0,10647,237405
Cm15,10647,0,237405,0,10647,237405
Cm16,10647,0,237405,0,10647,237405
Cm17,10647,0,237405,0,10647,237405
Cm19,10647,0,237405,0,10647,237405
Cm20,10647,0,237405,0,10647,237405
Cm21,10647,0,237405,0,10647,237405
Cm22,10647,0,237405,0,10647,237405
Cm23,10647,0,237405,0,10647,237405
Cm24,10647,0,237405,0,10647,237405
Cm25,10647,0,237405,0,10647,237405
Cm26,10647,0,237405,0,10647,237405
Cm28,10647,0,237405,0,10647,237405
Cm29,10647,0,237405,0,10647,237405
Cm3,10647,0,237405,0,10647,237405
Cm30,10647,0,237405,0,10647,237405
Cm31a,10647,0,237405,0,10647,237405
Cm31b,10647,0,237405,0,10647,237405
Cm32,10647,0,237405,0,10647,237405
Cm33,10647,0,237405,0,10647,237405
Cm34,10647,0,237405,0,10647,237405
Cm35,10647,0,237405,0,10647,237405
Cm4,10647,0,237405,0,10647,237405
Cm5,10647,0,237405,0,10647,237405
Cm6,10647,0,237405,0,10647,237405
Cm7,10647,0,237405,0,10647,237405
Cm8,10647,0,237405,0,10647,237405
Cm9,10647,0,237405,0,10647,237405
Cm_unclear,10647,0,237405,0,10647,237405
DCH,10647,0,237405,0,10647,237405
DGI,10647,0,237405,0,10647,237405
DH44,10647,0,237405,0,10647,237405
DMS,10647,0,237405,0,10647,237405
DN1a,10647,0,237405,0,10647,237405
DN1pA,10647,0,237405,0,10647,237405
DN1pB,10647,0,237405,0,10647,237405
DNES1,10647,0,237405,0,10647,237405
DNES2,10647,0,237405,0,10647,237405
DNES3,10647,0,237405,0,10647,237405
DNd01,10647,0,237405,0,10647,237405
DNg28,10647,0,237405,0,10647,237405
DPM,10647,0,237405,0,10647,237405
DSKMP3,10647,0,237405,0,10647,237405
Delta7,10647,0,237405,0,10647,237405
Dm1,10647,0,237405,0,10647,237405
Dm10,10647,0,237405,0,10647,237405
Dm12,10647,0,237405,0,10647,237405
Dm13,10647,0,237405,0,10647,237405
Dm14,10647,0,237405,0,10647,237405
Dm15,10647,0,237405,0,10647,237405
Dm16,10647,0,237405,0,10647,237405
Dm17,10647,0,237405,0,10647,237405
Dm18,10647,0,237405,0,10647,237405
Dm19,10647,0,237405,0,10647,237405
Dm20,10647,0,237405,0,10647,237405
Dm3a,10647,0,237405,0,10647,237405
Dm3b,10647,0,237405,0,10647,237405
Dm3c,10647,0,237405,0,10647,237405
Dm4,10647,0,237405,0,10647,237405
Dm6,10647,0,237405,0,10647,237405
EA00B006,10647,0,237405,0,10647,237405
EA00B007,10647,0,237405,0,10647,237405
EA00B022,10647,0,237405,0,10647,237405
EA27X006,10647,0,237405,0,10647,237405
EAXXX079,10647,0,237405,0,10647,237405
EL,10647,0,237405,0,10647,237405
EN00B001,10647,0,237405,0,10647,237405
EN00B002,10647,0,237405,0,10647,237405
EN00B003,10647,0,237405,0,10647,237405
EN00B004,10647,0,237405,0,10647,237405
EN00B008,10647,0,237405,0,10647,237405
EN00B010,10647,0,237405,0,10647,237405
EN00B011,10647,0,237405,0,10647,237405
EN00B012,10647,0,237405,0,10647,237405
EN00B013,10647,0,237405,0,10647,237405
EN00B015,10647,0,237405,0,10647,237405
EN00B016,10647,0,237405,0,10647,237405
EN00B017,10647,0,237405,0,10647,237405
EN00B018,10647,0,237405,0,10647,237405
EN00B019,10647,0,237405,0,10647,237405
EN00B020,10647,0,237405,0,10647,237405
EN00B023,10647,0,237405,0,10647,237405
EN00B024,10647,0,237405,0,10647,237405
EN00B025,10647,0,237405,0,10647,237405
EN00B026,10647,0,237405,0,10647,237405
EN00B027,10647,0,237405,0,10647,237405
EN21X001,10647,0,237405,0,10647,237405
ENXXX128,10647,0,237405,0,10647,237405
ENXXX226,10647,0,237405,0,10647,237405
ENXXX286,10647,0,237405,0,10647,237405
EPG,10647,0,237405,0,10647,237405
EPGt,10647,0,237405,0,10647,237405
ER1_a,10647,0,237405,0,10647,237405
ER1_b,10647,0,237405,0,10647,237405
ER1_c,10647,0,237405,0,10647,237405
ER2_a,10647,0,237405,0,10647,237405
ER2_b,10647,0,237405,0,10647,237405
ER2_c,10647,0,237405,0,10647,237405
ER2_d,10647,0,237405,0,10647,237405
ER3a_a,10647,0,237405,0,10647,237405
ER3a_b,10647,0,237405,0,10647,237405
ER3a_c,10647,0,237405,0,10647,237405
ER3a_d,10647,0,237405,0,10647,237405
ER3d_a,10647,0,237405,0,10647,237405
ER3d_b,10647,0,237405,0,10647,237405
ER3d_c,10647,0,237405,0,10647,237405
ER3d_d,10647,0,237405,0,10647,237405
ER3d_e,10647,0,237405,0,10647,237405
ER3m,10647,0,237405,0,10647,237405
ER3p_a,10647,0,237405,0,10647,237405
ER3p_b,10647,0,237405,0,10647,237405
ER3w_a,10647,0,237405,0,10647,237405
ER3w_b,10647,0,237405,0,10647,237405
ER3w_c,10647,0,237405,0,10647,237405
ER4d,10647,0,237405,0,10647,237405
ER4m,10647,0,237405,0,10647,237405
ER5,10647,0,237405,0,10647,237405
ER6,10647,0,237405,0,10647,237405
ExR1,10647,0,237405,0,10647,237405
ExR2,10647,0,237405,0,10647,237405
ExR3,10647,0,237405,0,10647,237405
ExR4,10647,0,237405,0,10647,237405
ExR5,10647,0,237405,0,10647,237405
ExR6,10647,0,237405,0,10647,237405
ExR7,10647,0,237405,0,10647,237405
ExR8,10647,0,237405,0,10647,237405
FB,10647,0,237405,0,10647,237405
FB1A,10647,0,237405,0,10647,237405
FB1B,10647,0,237405,0,10647,237405
FB1C,10647,0,237405,0,10647,237405
FB1D,10647,0,237405,0,10647,237405
FB1E_a,10647,0,237405,0,10647,237405
FB1E_b,10647,0,237405,0,10647,237405
FB1F,10647,0,237405,0,10647,237405
FB1G,10647,0,237405,0,10647,237405
FB1H,10647,0,237405,0,10647,237405
FB1I,10647,0,237405,0,10647,237405
FB1J,10647,0,237405,0,10647,237405
FB2A,10647,0,237405,0,10647,237405
FB2B_a,10647,0,237405,0,10647,237405
FB2B_b,10647,0,237405,0,10647,237405
FB2C,10647,0,237405,0,10647,237405
FB2D,10647,0,237405,0,10647,237405
FB2E,10647,0,237405,0,10647,237405
FB2F_a,10647,0,237405,0,10647,237405
FB2F_b,10647,0,237405,0,10647,237405
FB2F_c,10647,0,237405,0,10647,237405
FB2F_d,10647,0,237405,0,10647,237405
FB2G_a,10647,0,237405,0,10647,237405
FB2G_b,10647,0,237405,0,10647,237405
FB2H_a,10647,0,237405,0,10647,237405
FB2H_b,10647,0,237405,0,10647,237405
FB2I_a,10647,0,237405,0,10647,237405
FB2I_b,10647,0,237405,0,10647,237405
FB2J_a,10647,0,237405,0,10647,237405
FB2J_b,10647,0,237405,0,10647,237405
FB2J_c,10647,0,237405,0,10647,237405
FB2K,10647,0,237405,0,10647,237405
FB2L,10647,0,237405,0,10647,237405
FB2M_a,10647,0,237405,0,10647,237405
FB2M_b,10647,0,237405,0,10647,237405
FB3A,10647,0,237405,0,10647,237405
FB3C,10647,0,237405,0,10647,237405
FB3D,10647,0,237405,0,10647,237405
FB3E,10647,0,237405,0,10647,237405
FB4A_a,10647,0,237405,0,10647,237405
FB4A_b,10647,0,237405,0,10647,237405
FB4B,10647,0,237405,0,10647,237405
FB4C,10647,0,237405,0,10647,237405
FB4D_a,10647,0,237405,0,10647,237405
FB4D_b,10647,0,237405,0,10647,237405
FB4D_c,10647,0,237405,0,10647,237405
FB4E_a,10647,0,237405,0,10647,237405
FB4E_b,10647,0,237405,0,10647,237405
FB4E_c,10647,0,237405,0,10647,237405
FB4F_a,10647,0,237405,0,10647,237405
FB4F_b,10647,0,237405,0,10647,237405
FB4F_c,10647,0,237405,0,10647,237405
FB4G,10647,0,237405,0,10647,237405
FB4H,10647,0,237405,0,10647,237405
FB4I,10647,0,237405,0,10647,237405
FB4J,10647,0,237405,0,10647,237405
FB4K,10647,0,237405,0,10647,237405
FB4L,10647,0,237405,0,10647,237405
FB4M,10647,0,237405,0,10647,237405
FB4N,10647,0,237405,0,10647,237405
FB4O,10647,0,237405,0,10647,237405
FB4P_a,10647,0,237405,0,10647,237405
FB4P_b,10647,0,237405,0,10647,237405
FB4P_c,10647,0,237405,0,10647,237405
FB4Q_a,10647,0,237405,0,10647,237405
FB4Q_b,10647,0,237405,0,10647,237405
FB4Q_c,10647,0,237405,0,10647,237405
FB4R,10647,0,237405,0,10647,237405
FB4X,10647,0,237405,0,10647,237405
FB4Y,10647,0,237405,0,10647,237405
FB4Z_a,10647,0,237405,0,10647,237405
FB4Z_b,10647,0,237405,0,10647,237405
FB4Z_c,10647,0,237405,0,10647,237405
FB5A,10647,0,237405,0,10647,237405
FB5AA,10647,0,237405,0,10647,237405
FB5AB,10647,0,237405,0,10647,237405
FB5B,10647,0,237405,0,10647,237405
FB5C,10647,0,237405,0,10647,237405
FB5D,10647,0,237405,0,10647,237405
FB5E,10647,0,237405,0,10647,237405
FB5F,10647,0,237405,0,10647,237405
FB5G_a,10647,0,237405,0,10647,237405
FB5G_b,10647,0,237405,0,10647,237405
FB5G_c,10647,0,237405,0,10647,237405
FB5H,10647,0,237405,0,10647,237405
FB5I,10647,0,237405,0,10647,237405
FB5J,10647,0,237405,0,10647,237405
FB5K,10647,0,237405,0,10647,237405
FB5L,10647,0,237405,0,10647,237405
FB5M,10647,0,237405,0,10647,237405
FB5N,10647,0,237405,0,10647,237405
FB5O,10647,0,237405,0,10647,237405
FB5P,10647,0,237405,0,10647,237405
FB5Q,10647,0,237405,0,10647,237405
FB5R,10647,0,237405,0,10647,237405
FB5S,10647,0,237405,0,10647,237405
FB5T,10647,0,237405,0,10647,237405
FB5U,10647,0,237405,0,10647,237405
FB5V_a,10647,0,237405,0,10647,237405
FB5V_b,10647,0,237405,0,10647,237405
FB5V_c,10647,0,237405,0,10647,237405
FB5W_a,10647,0,237405,0,10647,237405
FB5W_b,10647,0,237405,0,10647,237405
FB5X,10647,0,237405,0,10647,237405
FB5Y_a,10647,0,237405,0,10647,237405
FB5Y_b,10647,0,237405,0,10647,237405
FB5Z,10647,0,237405,0,10647,237405
FB6A_a,10647,0,237405,0,10647,237405
FB6A_b,10647,0,237405,0,10647,237405
FB6A_c,10647,0,237405,0,10647,237405
FB6B,10647,0,237405,0,10647,237405
FB6C_a,10647,0,237405,0,10647,237405
FB6C_b,10647,0,237405,0,10647,237405
FB6D,10647,0,237405,0,10647,237405
FB6E,10647,0,237405,0,10647,237405
FB6F,10647,0,237405,0,10647,237405
FB6G,10647,0,237405,0,10647,237405
FB6H,10647,0,237405,0,10647,237405
FB6I,10647,0,237405,0,10647,237405
FB6J,10647,0,237405,0,10647,237405
FB6K,10647,0,237405,0,10647,237405
FB6L,10647,0,237405,0,10647,237405
FB6M,10647,0,237405,0,10647,237405
FB6N,10647,0,237405,0,10647,237405
FB6O,10647,0,237405,0,10647,237405
FB6P,10647,0,237405,0,10647,237405
FB6Q,10647,0,237405,0,10647,237405
FB6R,10647,0,237405,0,10647,237405
FB6S,10647,0,237405,0,10647,237405
FB6T,10647,0,237405,0,10647,237405
FB6U,10647,0,237405,0,10647,237405
FB6V,10647,0,237405,0,10647,237405
FB6W,10647,0,237405,0,10647,237405
FB6X,10647,0,237405,0,10647,237405
FB6Y,10647,0,237405,0,10647,237405
FB6Z,10647,0,237405,0,10647,237405
FB7A,10647,0,237405,0,10647,237405
FB7B,10647,0,237405,0,10647,237405
FB7C,10647,0,237405,0,10647,237405
FB7D_a,10647,0,237405,0,10647,237405
FB7D_b,10647,0,237405,0,10647,237405
FB7E,10647,0,237405,0,10647,237405
FB7F,10647,0,237405,0,10647,237405
FB7G,10647,0,237405,0,10647,237405
FB7H,10647,0,237405,0,10647,237405
FB7I,10647,0,237405,0,10647,237405
FB7J,10647,0,237405,0,10647,237405
FB7K,10647,0,237405,0,10647,237405
FB7L,10647,0,237405,0,10647,237405
FB7M,10647,0,237405,0,10647,237405
FB8A,10647,0,237405,0,10647,237405
FB8B,10647,0,237405,0,10647,237405
FB8C,10647,0,237405,0,10647,237405
FB8D,10647,0,237405,0,10647,237405
FB8E,10647,0,237405,0,10647,237405
FB8F_a,10647,0,237405,0,10647,237405
FB8F_b,10647,0,237405,0,10647,237405
FB8G,10647,0,237405,0,10647,237405
FB8H,10647,0,237405,0,10647,237405
FB8I,10647,0,237405,0,10647,237405
FB9A,10647,0,237405,0,10647,237405
FB9B_a,10647,0,237405,0,10647,237405
FB9B_b,10647,0,237405,0,10647,237405
FB9B_c,10647,0,237405,0,10647,237405
FB9B_d,10647,0,237405,0,10647,237405
FB9B_e,10647,0,237405,0,10647,237405
FB9C,10647,0,237405,0,10647,237405
FC,10647,0,237405,0,10647,237405
FC1A,10647,0,237405,0,10647,237405
FC1B,10647,0,237405,0,10647,237405
FC1C_a,10647,0,237405,0,10647,237405
FC1C_b,10647,0,237405,0,10647,237405
FC1D,10647,0,237405,0,10647,237405
FC1E,10647,0,237405,0,10647,237405
FC1F,10647,0,237405,0,10647,237405
FC2A,10647,0,237405,0,10647,237405
FC2B,10647,0,237405,0,10647,237405
FC2C,10647,0,237405,0,10647,237405
FC3_a,10647,0,237405,0,10647,237405
FC3_b,10647,0,237405,0,10647,237405
FC3_c,10647,0,237405,0,10647,237405
FLA001m,10647,0,237405,0,10647,237405
FLA002m,10647,0,237405,0,10647,237405
FLA003m,10647,0,237405,0,10647,237405
FLA004m,10647,0,237405,0,10647,237405
FLA005m,10647,0,237405,0,10647,237405
FLA006m,10647,0,237405,0,10647,237405
FLA009m,10647,0,237405,0,10647,237405
FLA016,10647,0,237405,0,10647,237405
FLA017,10647,0,237405,0,10647,237405
FLA019,10647,0,237405,0,10647,237405
FLA020,10647,0,237405,0,10647,237405
FMRFa_Tv,10647,0,237405,0,10647,237405
FR1,10647,0,237405,0,10647,237405
FR2,10647,0,237405,0,10647,237405
FS1A_a,10647,0,237405,0,10647,237405
FS1A_b,10647,0,237405,0,10647,237405
FS1A_c,10647,0,237405,0,10647,237405
FS1B_a,10647,0,237405,0,10647,237405
FS1B_b,10647,0,237405,0,10647,237405
FS2,10647,0,237405,0,10647,237405
FS3,10647,0,237405,0,10647,237405
FS3_a,10647,0,237405,0,10647,237405
FS3_b,10647,0,237405,0,10647,237405
FS3_c,10647,0,237405,0,10647,237405
FS3_d,10647,0,237405,0,10647,237405
FS4A,10647,0,237405,0,10647,237405
FS4B,10647,0,237405,0,10647,237405
FS4C,10647,0,237405,0,10647,237405
GFC1,10647,0,237405,0,10647,237405
GFC4,10647,0,237405,0,10647,237405
GLNO,10647,0,237405,0,10647,237405
GNG003,10647,0,237405,0,10647,237405
GNG004,10647,0,237405,0,10647,237405
GNG005,10647,0,237405,0,10647,237405
GNG006,10647,0,237405,0,10647,237405
GNG007,10647,0,237405,0,10647,237405
GNG008,10647,0,237405,0,10647,237405
GNG009,10647,0,237405,0,10647,237405
GNG011,10647,0,237405,0,10647,237405
GNG013,10647,0,237405,0,10647,237405
GNG017,10647,0,237405,0,10647,237405
GNG023,10647,0,237405,0,10647,237405
GNG024,10647,0,237405,0,10647,237405
GNG025,10647,0,237405,0,10647,237405
GNG030,10647,0,237405,0,10647,237405
GNG031,10647,0,237405,0,10647,237405
GNG034,10647,0,237405,0,10647,237405
GNG048,10647,0,237405,0,10647,237405
GNG063,10647,0,237405,0,10647,237405
GNG085,10647,0,237405,0,10647,237405
GNG088,10647,0,237405,0,10647,237405
GNG092,10647,0,237405,0,10647,237405
GNG093,10647,0,237405,0,10647,237405
GNG104,10647,0,237405,0,10647,237405
GNG105,10647,0,237405,0,10647,237405
GNG106,10647,0,237405,0,10647,237405
GNG107,10647,0,237405,0,10647,237405
GNG108,10647,0,237405,0,10647,237405
GNG109,10647,0,237405,0,10647,237405
GNG112,10647,0,237405,0,10647,237405
GNG113,10647,0,237405,0,10647,237405
GNG114,10647,0,237405,0,10647,237405
GNG115,10647,0,237405,0,10647,237405
GNG116,10647,0,237405,0,10647,237405
GNG119,10647,0,237405,0,10647,237405
GNG120,10647,0,237405,0,10647,237405
GNG121,10647,0,237405,0,10647,237405
GNG122,10647,0,237405,0,10647,237405
GNG123,10647,0,237405,0,10647,237405
GNG124,10647,0,237405,0,10647,237405
GNG127,10647,0,237405,0,10647,237405
GNG130,10647,0,237405,0,10647,237405
GNG134,10647,0,237405,0,10647,237405
GNG139,10647,0,237405,0,10647,237405
GNG143,10647,0,237405,0,10647,237405
GNG146,10647,0,237405,0,10647,237405
GNG148,10647,0,237405,0,10647,237405
GNG150,10647,0,237405,0,10647,237405
GNG153,10647,0,237405,0,10647,237405
GNG158,10647,0,237405,0,10647,237405
GNG159,10647,0,237405,0,10647,237405
GNG160,10647,0,237405,0,10647,237405
GNG162,10647,0,237405,0,10647,237405
GNG163,10647,0,237405,0,10647,237405
GNG164,10647,0,237405,0,10647,237405
GNG166,10647,0,237405,0,10647,237405
GNG167,10647,0,237405,0,10647,237405
GNG171,10647,0,237405,0,10647,237405
GNG180,10647,0,237405,0,10647,237405
GNG183,10647,0,237405,0,10647,237405
GNG184,10647,0,237405,0,10647,237405
GNG186,10647,0,237405,0,10647,237405
GNG189,10647,0,237405,0,10647,237405
GNG190,10647,0,237405,0,10647,237405
GNG191,10647,0,237405,0,10647,237405
GNG194,10647,0,237405,0,10647,237405
GNG199,10647,0,237405,0,10647,237405
GNG205,10647,0,237405,0,10647,237405
GNG208,10647,0,237405,0,10647,237405
GNG210,10647,0,237405,0,10647,237405
GNG225,10647,0,237405,0,10647,237405
GNG233,10647,0,237405,0,10647,237405
GNG247,10647,0,237405,0,10647,237405
GNG250,10647,0,237405,0,10647,237405
GNG261,10647,0,237405,0,10647,237405
GNG262,10647,0,237405,0,10647,237405
GNG264,10647,0,237405,0,10647,237405
GNG268,10647,0,237405,0,10647,237405
GNG273,10647,0,237405,0,10647,237405
GNG274,10647,0,237405,0,10647,237405
GNG277,10647,0,237405,0,10647,237405
GNG279_b,10647,0,237405,0,10647,237405
GNG282,10647,0,237405,0,10647,237405
GNG285,10647,0,237405,0,10647,237405
GNG286,10647,0,237405,0,10647,237405
GNG287,10647,0,237405,0,10647,237405
GNG290,10647,0,237405,0,10647,237405
GNG291,10647,0,237405,0,10647,237405
GNG292,10647,0,237405,0,10647,237405
GNG294,10647,0,237405,0,10647,237405
GNG295,10647,0,237405,0,10647,237405
GNG296,10647,0,237405,0,10647,237405
GNG298,10647,0,237405,0,10647,237405
GNG299,10647,0,237405,0,10647,237405
GNG303,10647,0,237405,0,10647,237405
GNG305,10647,0,237405,0,10647,237405
GNG306,10647,0,237405,0,10647,237405
GNG307,10647,0,237405,0,10647,237405
GNG311,10647,0,237405,0,10647,237405
GNG317,10647,0,237405,0,10647,237405
GNG322,10647,0,237405,0,10647,237405
GNG331,10647,0,237405,0,10647,237405
GNG333,10647,0,237405,0,10647,237405
GNG335,10647,0,237405,0,10647,237405
GNG336,10647,0,237405,0,10647,237405
GNG337,10647,0,237405,0,10647,237405
GNG338,10647,0,237405,0,10647,237405
GNG339,10647,0,237405,0,10647,237405
GNG341,10647,0,237405,0,10647,237405
GNG344,10647,0,237405,0,10647,237405
GNG345,10647,0,237405,0,10647,237405
GNG346,10647,0,237405,0,10647,237405
GNG348,10647,0,237405,0,10647,237405
GNG351,10647,0,237405,0,10647,237405
GNG352,10647,0,237405,0,10647,237405
GNG358,10647,0,237405,0,10647,237405
GNG367_a,10647,0,237405,0,10647,237405
GNG367_b,10647,0,237405,0,10647,237405
GNG375,10647,0,237405,0,10647,237405
GNG384,10647,0,237405,0,10647,237405
GNG385,10647,0,237405,0,10647,237405
GNG386,10647,0,237405,0,10647,237405
GNG390,10647,0,237405,0,10647,237405
GNG396,10647,0,237405,0,10647,237405
GNG404,10647,0,237405,0,10647,237405
GNG418,10647,0,237405,0,10647,237405
GNG420_a,10647,0,237405,0,10647,237405
GNG439,10647,0,237405,0,10647,237405
GNG443,10647,0,237405,0,10647,237405
GNG445,10647,0,237405,0,10647,237405
GNG457,10647,0,237405,0,10647,237405
GNG458,10647,0,237405,0,10647,237405
GNG461,10647,0,237405,0,10647,237405
GNG464,10647,0,237405,0,10647,237405
GNG466,10647,0,237405,0,10647,237405
GNG467,10647,0,237405,0,10647,237405
GNG470,10647,0,237405,0,10647,237405
GNG472,10647,0,237405,0,10647,237405
GNG474,10647,0,237405,0,10647,237405
GNG486,10647,0,237405,0,10647,237405
GNG491,10647,0,237405,0,10647,237405
GNG498,10647,0,237405,0,10647,237405
GNG500,10647,0,237405,0,10647,237405
GNG501,10647,0,237405,0,10647,237405
GNG503,10647,0,237405,0,10647,237405
GNG505,10647,0,237405,0,10647,237405
GNG506,10647,0,237405,0,10647,237405
GNG507,10647,0,237405,0,10647,237405
GNG512,10647,0,237405,0,10647,237405
GNG513,10647,0,237405,0,10647,237405
GNG514,10647,0,237405,0,10647,237405
GNG518,10647,0,237405,0,10647,237405
GNG520,10647,0,237405,0,10647,237405
GNG521,10647,0,237405,0,10647,237405
GNG522,10647,0,237405,0,10647,237405
GNG523,10647,0,237405,0,10647,237405
GNG524,10647,0,237405,0,10647,237405
GNG525,10647,0,237405,0,10647,237405
GNG526,10647,0,237405,0,10647,237405
GNG527,10647,0,237405,0,10647,237405
GNG531,10647,0,237405,0,10647,237405
GNG532,10647,0,237405,0,10647,237405
GNG533,10647,0,237405,0,10647,237405
GNG535,10647,0,237405,0,10647,237405
GNG537,10647,0,237405,0,10647,237405
GNG538,10647,0,237405,0,10647,237405
GNG539,10647,0,237405,0,10647,237405
GNG541,10647,0,237405,0,10647,237405
GNG542,10647,0,237405,0,10647,237405
GNG543,10647,0,237405,0,10647,237405
GNG548,10647,0,237405,0,10647,237405
GNG549,10647,0,237405,0,10647,237405
GNG552,10647,0,237405,0,10647,237405
GNG553,10647,0,237405,0,10647,237405
GNG554,10647,0,237405,0,10647,237405
GNG555,10647,0,237405,0,10647,237405
GNG556,10647,0,237405,0,10647,237405
GNG557,10647,0,237405,0,10647,237405
GNG560,10647,0,237405,0,10647,237405
GNG561,10647,0,237405,0,10647,237405
GNG562,10647,0,237405,0,10647,237405
GNG563,10647,0,237405,0,10647,237405
GNG565,10647,0,237405,0,10647,237405
GNG569,10647,0,237405,0,10647,237405
GNG572,10647,0,237405,0,10647,237405
GNG573,10647,0,237405,0,10647,237405
GNG574,10647,0,237405,0,10647,237405
GNG575,10647,0,237405,0,10647,237405
GNG577,10647,0,237405,0,10647,237405
GNG578,10647,0,237405,0,10647,237405
GNG579,10647,0,237405,0,10647,237405
GNG581,10647,0,237405,0,10647,237405
GNG582,10647,0,237405,0,10647,237405
GNG584,10647,0,237405,0,10647,237405
GNG585,10647,0,237405,0,10647,237405
GNG587,10647,0,237405,0,10647,237405
GNG589,10647,0,237405,0,10647,237405
GNG590,10647,0,237405,0,10647,237405
GNG594,10647,0,237405,0,10647,237405
GNG595,10647,0,237405,0,10647,237405
GNG596,10647,0,237405,0,10647,237405
GNG597,10647,0,237405,0,10647,237405
GNG600,10647,0,237405,0,10647,237405
GNG601,10647,0,237405,0,10647,237405
GNG602,10647,0,237405,0,10647,237405
GNG603,10647,0,237405,0,10647,237405
GNG616,10647,0,237405,0,10647,237405
GNG631,10647,0,237405,0,10647,237405
GNG637,10647,0,237405,0,10647,237405
GNG638,10647,0,237405,0,10647,237405
GNG640,10647,0,237405,0,10647,237405
GNG656,10647,0,237405,0,10647,237405
GNG660,10647,0,237405,0,10647,237405
GNG661,10647,0,237405,0,10647,237405
GNG663,10647,0,237405,0,10647,237405
GNG665,10647,0,237405,0,10647,237405
GNG667,10647,0,237405,0,10647,237405
GNG670,10647,0,237405,0,10647,237405
GNG701m,10647,0,237405,0,10647,237405
GNG702m,10647,0,237405,0,10647,237405
H1,10647,0,237405,0,10647,237405
H2,10647,0,237405,0,10647,237405
HSE,10647,0,237405,0,10647,237405
HSN,10647,0,237405,0,10647,237405
HSS,10647,0,237405,0,10647,237405
HST,10647,0,237405,0,10647,237405
Hugin-RG,10647,0,237405,0,10647,237405
IB002,10647,0,237405,0,10647,237405
IB004_a,10647,0,237405,0,10647,237405
IB004_b,10647,0,237405,0,10647,237405
IB005,10647,0,237405,0,10647,237405
IB007,10647,0,237405,0,10647,237405
IB008,10647,0,237405,0,10647,237405
IB009,10647,0,237405,0,10647,237405
IB010,10647,0,237405,0,10647,237405
IB012,10647,0,237405,0,10647,237405
IB014,10647,0,237405,0,10647,237405
IB015,10647,0,237405,0,10647,237405
IB016,10647,0,237405,0,10647,237405
IB017,10647,0,237405,0,10647,237405
IB018,10647,0,237405,0,10647,237405
IB020,10647,0,237405,0,10647,237405
IB021,10647,0,237405,0,10647,237405
IB022,10647,0,237405,0,10647,237405
IB023,10647,0,237405,0,10647,237405
IB024,10647,0,237405,0,10647,237405
IB025,10647,0,237405,0,10647,237405
IB031,10647,0,237405,0,10647,237405
IB032,10647,0,237405,0,10647,237405
IB033,10647,0,237405,0,10647,237405
IB035,10647,0,237405,0,10647,237405
IB038,10647,0,237405,0,10647,237405
IB042,10647,0,237405,0,10647,237405
IB044,10647,0,237405,0,10647,237405
IB045,10647,0,237405,0,10647,237405
IB047,10647,0,237405,0,10647,237405
IB048,10647,0,237405,0,10647,237405
IB049,10647,0,237405,0,10647,237405
IB050,10647,0,237405,0,10647,237405
IB051,10647,0,237405,0,10647,237405
IB053,10647,0,237405,0,10647,237405
IB054,10647,0,237405,0,10647,237405
IB058,10647,0,237405,0,10647,237405
IB059_a,10647,0,237405,0,10647,237405
IB059_b,10647,0,237405,0,10647,237405
IB060,10647,0,237405,0,10647,237405
IB061,10647,0,237405,0,10647,237405
IB062,10647,0,237405,0,10647,237405
IB064,10647,0,237405,0,10647,237405
IB065,10647,0,237405,0,10647,237405
IB066,10647,0,237405,0,10647,237405
IB068,10647,0,237405,0,10647,237405
IB069,10647,0,237405,0,10647,237405
IB070,10647,0,237405,0,10647,237405
IB071,10647,0,237405,0,10647,237405
IB076,10647,0,237405,0,10647,237405
IB083,10647,0,237405,0,10647,237405
IB084,10647,0,237405,0,10647,237405
IB087,10647,0,237405,0,10647,237405
IB092,10647,0,237405,0,10647,237405
IB093,10647,0,237405,0,10647,237405
IB094,10647,0,237405,0,10647,237405
IB095,10647,0,237405,0,10647,237405
IB097,10647,0,237405,0,10647,237405
IB101,10647,0,237405,0,10647,237405
IB109,10647,0,237405,0,10647,237405
IB110,10647,0,237405,0,10647,237405
IB114,10647,0,237405,0,10647,237405
IB115,10647,0,237405,0,10647,237405
IB116,10647,0,237405,0,10647,237405
IB117,10647,0,237405,0,10647,237405
IB118,10647,0,237405,0,10647,237405
IB120,10647,0,237405,0,10647,237405
IB121,10647,0,237405,0,10647,237405
ICL002m,10647,0,237405,0,10647,237405
ICL003m,10647,0,237405,0,10647,237405
ICL004m_a,10647,0,237405,0,10647,237405
ICL004m_b,10647,0,237405,0,10647,237405
ICL005m,10647,0,237405,0,10647,237405
ICL006m,10647,0,237405,0,10647,237405
ICL008m,10647,0,237405,0,10647,237405
ICL010m,10647,0,237405,0,10647,237405
ICL011m,10647,0,237405,0,10647,237405
ICL012m,10647,0,237405,0,10647,237405
ICL013m_a,10647,0,237405,0,10647,237405
ICL013m_b,10647,0,237405,0,10647,237405
IN00A001,10647,0,237405,0,10647,237405
IN00A002,10647,0,237405,0,10647,237405
IN00A013,10647,0,237405,0,10647,237405
IN00A021,10647,0,237405,0,10647,237405
IN00A032,10647,0,237405,0,10647,237405
IN00A041,10647,0,237405,0,10647,237405
IN00A043,10647,0,237405,0,10647,237405
IN00A044,10647,0,237405,0,10647,237405
IN00A050,10647,0,237405,0,10647,237405
IN00A053,10647,0,237405,0,10647,237405
IN00A059,10647,0,237405,0,10647,237405
IN00A062,10647,0,237405,0,10647,237405
IN00A064,10647,0,237405,0,10647,237405
IN00A068,10647,0,237405,0,10647,237405
IN00A069,10647,0,237405,0,10647,237405
IN01A002,10647,0,237405,0,10647,237405
IN01A008,10647,0,237405,0,10647,237405
IN01A009,10647,0,237405,0,10647,237405
IN01A028,10647,0,237405,0,10647,237405
IN01A034,10647,0,237405,0,10647,237405
IN01A038,10647,0,237405,0,10647,237405
IN01A052_a,10647,0,237405,0,10647,237405
IN01A053,10647,0,237405,0,10647,237405
IN01A054,10647,0,237405,0,10647,237405
IN01A058,10647,0,237405,0,10647,237405
IN01A060,10647,0,237405,0,10647,237405
IN01A062_a,10647,0,237405,0,10647,237405
IN01A062_b,10647,0,237405,0,10647,237405
IN01A063_a,10647,0,237405,0,10647,237405
IN01A063_c,10647,0,237405,0,10647,237405
IN01A066,10647,0,237405,0,10647,237405
IN01A068,10647,0,237405,0,10647,237405
IN01A069,10647,0,237405,0,10647,237405
IN01A070,10647,0,237405,0,10647,237405
IN01A074,10647,0,237405,0,10647,237405
IN01A075,10647,0,237405,0,10647,237405
IN01A078,10647,0,237405,0,10647,237405
IN01A079,10647,0,237405,0,10647,237405
IN01A080_a,10647,0,237405,0,10647,237405
IN01A080_b,10647,0,237405,0,10647,237405
IN01A080_c,10647,0,237405,0,10647,237405
IN01A081,10647,0,237405,0,10647,237405
IN01A083_b,10647,0,237405,0,10647,237405
IN01A084,10647,0,237405,0,10647,237405
IN01A085,10647,0,237405,0,10647,237405
IN01A087_a,10647,0,237405,0,10647,237405
IN01A087_b,10647,0,237405,0,10647,237405
IN01A088,10647,0,237405,0,10647,237405
IN01A089,10647,0,237405,0,10647,237405
IN01B023_d,10647,0,237405,0,10647,237405
IN01B027_c,10647,0,237405,0,10647,237405
IN01B027_e,10647,0,237405,0,10647,237405
IN01B029,10647,0,237405,0,10647,237405
IN01B031_a,10647,0,237405,0,10647,237405
IN01B035,10647,0,237405,0,10647,237405
IN01B037_b,10647,0,237405,0,10647,237405
IN01B040,10647,0,237405,0,10647,237405
IN01B041,10647,0,237405,0,10647,237405
IN01B044_a,10647,0,237405,0,10647,237405
IN01B045,10647,0,237405,0,10647,237405
IN01B050_a,10647,0,237405,0,10647,237405
IN01B051_a,10647,0,237405,0,10647,237405
IN01B051_b,10647,0,237405,0,10647,237405
IN01B052,10647,0,237405,0,10647,237405
IN01B054,10647,0,237405,0,10647,237405
IN01B055,10647,0,237405,0,10647,237405
IN01B063,10647,0,237405,0,10647,237405
IN01B066,10647,0,237405,0,10647,237405
IN01B085,10647,0,237405,0,10647,237405
IN01B087,10647,0,237405,0,10647,237405
IN01B088,10647,0,237405,0,10647,237405
IN01B091,10647,0,237405,0,10647,237405
IN01B101,10647,0,237405,0,10647,237405
IN01B102,10647,0,237405,0,10647,237405
IN02A010,10647,0,237405,0,10647,237405
IN02A012,10647,0,237405,0,10647,237405
IN02A014,10647,0,237405,0,10647,237405
IN02A020,10647,0,237405,0,10647,237405
IN02A023,10647,0,237405,0,10647,237405
IN02A024,10647,0,237405,0,10647,237405
IN02A031,10647,0,237405,0,10647,237405
IN02A033,10647,0,237405,0,10647,237405
IN02A034,10647,0,237405,0,10647,237405
IN02A036,10647,0,237405,0,10647,237405
IN02A038,10647,0,237405,0,10647,237405
IN02A041,10647,0,237405,0,10647,237405
IN02A045,10647,0,237405,0,10647,237405
IN02A051,10647,0,237405,0,10647,237405
IN02A057,10647,0,237405,0,10647,237405
IN02A065,10647,0,237405,0,10647,237405
IN02A066,10647,0,237405,0,10647,237405
IN03A001,10647,0,237405,0,10647,237405
IN03A004,10647,0,237405,0,10647,237405
IN03A010,10647,0,237405,0,10647,237405
IN03A011,10647,0,237405,0,10647,237405
IN03A014,10647,0,237405,0,10647,237405
IN03A017,10647,0,237405,0,10647,237405
IN03A018,10647,0,237405,0,10647,237405
IN03A025,10647,0,237405,0,10647,237405
IN03A026_b,10647,0,237405,0,10647,237405
IN03A028,10647,0,237405,0,10647,237405
IN03A031,10647,0,237405,0,10647,237405
IN03A041,10647,0,237405,0,10647,237405
IN03A049,10647,0,237405,0,10647,237405
IN03A053,10647,0,237405,0,10647,237405
IN03A056,10647,0,237405,0,10647,237405
IN03A057,10647,0,237405,0,10647,237405
IN03A061,10647,0,237405,0,10647,237405
IN03A062_a,10647,0,237405,0,10647,237405
IN03A062_b,10647,0,237405,0,10647,237405
IN03A062_d,10647,0,237405,0,10647,237405
IN03A062_f,10647,0,237405,0,10647,237405
IN03A062_g,10647,0,237405,0,10647,237405
IN03A062_h,10647,0,237405,0,10647,237405
IN03A067,10647,0,237405,0,10647,237405
IN03A069,10647,0,237405,0,10647,237405
IN03A074,10647,0,237405,0,10647,237405
IN03A076,10647,0,237405,0,10647,237405
IN03A079,10647,0,237405,0,10647,237405
IN03A085,10647,0,237405,0,10647,237405
IN03A087,10647,0,237405,0,10647,237405
"IN03A087,IN03A092",10647,0,237405,0,10647,237405
IN03A090,10647,0,237405,0,10647,237405
IN03A096,10647,0,237405,0,10647,237405
IN03B005,10647,0,237405,0,10647,237405
IN03B008,10647,0,237405,0,10647,237405
IN03B011,10647,0,237405,0,10647,237405
IN03B012,10647,0,237405,0,10647,237405
IN03B015,10647,0,237405,0,10647,237405
IN03B016,10647,0,237405,0,10647,237405
IN03B022,10647,0,237405,0,10647,237405
IN03B024,10647,0,237405,0,10647,237405
IN03B025,10647,0,237405,0,10647,237405
IN03B028,10647,0,237405,0,10647,237405
IN03B029,10647,0,237405,0,10647,237405
IN03B036,10647,0,237405,0,10647,237405
IN03B037,10647,0,237405,0,10647,237405
IN03B043,10647,0,237405,0,10647,237405
IN03B045,10647,0,237405,0,10647,237405
IN03B055,10647,0,237405,0,10647,237405
IN03B064,10647,0,237405,0,10647,237405
IN03B068,10647,0,237405,0,10647,237405
IN03B073,10647,0,237405,0,10647,237405
IN03B074,10647,0,237405,0,10647,237405
IN03B076,10647,0,237405,0,10647,237405
IN03B078,10647,0,237405,0,10647,237405
IN03B083,10647,0,237405,0,10647,237405
IN04B010,10647,0,237405,0,10647,237405
IN04B012,10647,0,237405,0,10647,237405
IN04B014,10647,0,237405,0,10647,237405
IN04B016,10647,0,237405,0,10647,237405
IN04B018,10647,0,237405,0,10647,237405
IN04B019,10647,0,237405,0,10647,237405
IN04B021,10647,0,237405,0,10647,237405
IN04B022,10647,0,237405,0,10647,237405
IN04B024,10647,0,237405,0,10647,237405
IN04B026,10647,0,237405,0,10647,237405
IN04B028,10647,0,237405,0,10647,237405
IN04B032,10647,0,237405,0,10647,237405
IN04B035,10647,0,237405,0,10647,237405
IN04B042,10647,0,237405,0,10647,237405
IN04B043_a,10647,0,237405,0,10647,237405
IN04B048,10647,0,237405,0,10647,237405
IN04B049_b,10647,0,237405,0,10647,237405
IN04B049_c,10647,0,237405,0,10647,237405
IN04B050,10647,0,237405,0,10647,237405
IN04B052,10647,0,237405,0,10647,237405
IN04B054_c,10647,0,237405,0,10647,237405
IN04B056,10647,0,237405,0,10647,237405
IN04B058,10647,0,237405,0,10647,237405
IN04B059,10647,0,237405,0,10647,237405
IN04B061,10647,0,237405,0,10647,237405
IN04B067,10647,0,237405,0,10647,237405
IN04B070,10647,0,237405,0,10647,237405
IN04B073,10647,0,237405,0,10647,237405
IN04B074,10647,0,237405,0,10647,237405
IN04B075,10647,0,237405,0,10647,237405
IN04B082,10647,0,237405,0,10647,237405
IN04B085,10647,0,237405,0,10647,237405
IN04B086,10647,0,237405,0,10647,237405
IN04B088,10647,0,237405,0,10647,237405
IN04B090,10647,0,237405,0,10647,237405
IN04B092,10647,0,237405,0,10647,237405
IN04B093,10647,0,237405,0,10647,237405
IN04B097,10647,0,237405,0,10647,237405
IN04B098,10647,0,237405,0,10647,237405
IN04B099,10647,0,237405,0,10647,237405
IN04B102,10647,0,237405,0,10647,237405
IN04B103,10647,0,237405,0,10647,237405
IN04B104,10647,0,237405,0,10647,237405
IN04B105,10647,0,237405,0,10647,237405
IN04B106,10647,0,237405,0,10647,237405
IN04B108,10647,0,237405,0,10647,237405
IN04B109,10647,0,237405,0,10647,237405
IN04B110,10647,0,237405,0,10647,237405
IN04B111,10647,0,237405,0,10647,237405
"IN04B113,IN04B114",10647,0,237405,0,10647,237405
IN05B003,10647,0,237405,0,10647,237405
IN05B008,10647,0,237405,0,10647,237405
IN05B019,10647,0,237405,0,10647,237405
IN05B021,10647,0,237405,0,10647,237405
IN05B034,10647,0,237405,0,10647,237405
IN05B037,10647,0,237405,0,10647,237405
IN05B041,10647,0,237405,0,10647,237405
IN05B042,10647,0,237405,0,10647,237405
IN05B043,10647,0,237405,0,10647,237405
IN05B051,10647,0,237405,0,10647,237405
IN05B055,10647,0,237405,0,10647,237405
IN05B057,10647,0,237405,0,10647,237405
IN05B064_a,10647,0,237405,0,10647,237405
IN05B064_b,10647,0,237405,0,10647,237405
IN05B066,10647,0,237405,0,10647,237405
IN05B070,10647,0,237405,0,10647,237405
IN05B073,10647,0,237405,0,10647,237405
IN05B074,10647,0,237405,0,10647,237405
IN05B075,10647,0,237405,0,10647,237405
IN05B085,10647,0,237405,0,10647,237405
IN05B086,10647,0,237405,0,10647,237405
IN05B089,10647,0,237405,0,10647,237405
IN05B090,10647,0,237405,0,10647,237405
IN05B092,10647,0,237405,0,10647,237405
IN05B094,10647,0,237405,0,10647,237405
IN06A005,10647,0,237405,0,10647,237405
IN06A009,10647,0,237405,0,10647,237405
IN06A028,10647,0,237405,0,10647,237405
IN06A039,10647,0,237405,0,10647,237405
IN06A048,10647,0,237405,0,10647,237405
IN06A051,10647,0,237405,0,10647,237405
IN06A054,10647,0,237405,0,10647,237405
IN06A055,10647,0,237405,0,10647,237405
IN06A056,10647,0,237405,0,10647,237405
IN06A058,10647,0,237405,0,10647,237405
IN06A064,10647,0,237405,0,10647,237405
IN06A065,10647,0,237405,0,10647,237405
IN06A074,10647,0,237405,0,10647,237405
IN06A076_c,10647,0,237405,0,10647,237405
IN06A085,10647,0,237405,0,10647,237405
IN06A087,10647,0,237405,0,10647,237405
IN06A089,10647,0,237405,0,10647,237405
IN06A091,10647,0,237405,0,10647,237405
IN06A096,10647,0,237405,0,10647,237405
IN06A098,10647,0,237405,0,10647,237405
IN06A106,10647,0,237405,0,10647,237405
IN06A109,10647,0,237405,0,10647,237405
IN06A115,10647,0,237405,0,10647,237405
IN06A117,10647,0,237405,0,10647,237405
IN06A119,10647,0,237405,0,10647,237405
IN06A120_c,10647,0,237405,0,10647,237405
IN06A123,10647,0,237405,0,10647,237405
IN06A129,10647,0,237405,0,10647,237405
IN06A133,10647,0,237405,0,10647,237405
IN06A134,10647,0,237405,0,10647,237405
IN06A137,10647,0,237405,0,10647,237405
IN06A140,10647,0,237405,0,10647,237405
IN06B001,10647,0,237405,0,10647,237405
IN06B006,10647,0,237405,0,10647,237405
IN06B008,10647,0,237405,0,10647,237405
IN06B018,10647,0,237405,0,10647,237405
IN06B020,10647,0,237405,0,10647,237405
IN06B022,10647,0,237405,0,10647,237405
IN06B025,10647,0,237405,0,10647,237405
IN06B030,10647,0,237405,0,10647,237405
IN06B036,10647,0,237405,0,10647,237405
IN06B053,10647,0,237405,0,10647,237405
IN06B054,10647,0,237405,0,10647,237405
IN06B055,10647,0,237405,0,10647,237405
IN06B056,10647,0,237405,0,10647,237405
IN06B058,10647,0,237405,0,10647,237405
IN06B059,10647,0,237405,0,10647,237405
IN06B062,10647,0,237405,0,10647,237405
IN06B065,10647,0,237405,0,10647,237405
IN06B072,10647,0,237405,0,10647,237405
IN06B073,10647,0,237405,0,10647,237405
IN06B076,10647,0,237405,0,10647,237405
IN06B080,10647,0,237405,0,10647,237405
IN06B088,10647,0,237405,0,10647,237405
IN07B001,10647,0,237405,0,10647,237405
IN07B002,10647,0,237405,0,10647,237405
IN07B006,10647,0,237405,0,10647,237405
IN07B007,10647,0,237405,0,10647,237405
IN07B008,10647,0,237405,0,10647,237405
IN07B009,10647,0,237405,0,10647,237405
IN07B013,10647,0,237405,0,10647,237405
IN07B016,10647,0,237405,0,10647,237405
IN07B020,10647,0,237405,0,10647,237405
IN07B029,10647,0,237405,0,10647,237405
IN07B032,10647,0,237405,0,10647,237405
IN07B034,10647,0,237405,0,10647,237405
IN07B044,10647,0,237405,0,10647,237405
IN07B053,10647,0,237405,0,10647,237405
IN07B054,10647,0,237405,0,10647,237405
IN07B055,10647,0,237405,0,10647,237405
IN07B058,10647,0,237405,0,10647,237405
IN07B059,10647,0,237405,0,10647,237405
IN07B064,10647,0,237405,0,10647,237405
IN07B066,10647,0,237405,0,10647,237405
IN07B068,10647,0,237405,0,10647,237405
IN07B073_f,10647,0,237405,0,10647,237405
IN07B074,10647,0,237405,0,10647,237405
IN07B083_a,10647,0,237405,0,10647,237405
IN07B093,10647,0,237405,0,10647,237405
IN07B094_c,10647,0,237405,0,10647,237405
IN08A002,10647,0,237405,0,10647,237405
IN08A003,10647,0,237405,0,10647,237405
IN08A005,10647,0,237405,0,10647,237405
IN08A008,10647,0,237405,0,10647,237405
IN08A040,10647,0,237405,0,10647,237405
IN08A048,10647,0,237405,0,10647,237405
IN08B001,10647,0,237405,0,10647,237405
IN08B004,10647,0,237405,0,10647,237405
IN08B021,10647,0,237405,0,10647,237405
IN08B030,10647,0,237405,0,10647,237405
IN08B037,10647,0,237405,0,10647,237405
IN08B055,10647,0,237405,0,10647,237405
IN08B056,10647,0,237405,0,10647,237405
IN08B058,10647,0,237405,0,10647,237405
IN08B067,10647,0,237405,0,10647,237405
IN08B076,10647,0,237405,0,10647,237405
IN08B077,10647,0,237405,0,10647,237405
IN08B082,10647,0,237405,0,10647,237405
IN08B083_a,10647,0,237405,0,10647,237405
IN08B090,10647,0,237405,0,10647,237405
IN08B092,10647,0,237405,0,10647,237405
IN08B105,10647,0,237405,0,10647,237405
IN09A001,10647,0,237405,0,10647,237405
IN09A002,10647,0,237405,0,10647,237405
IN09A006,10647,0,237405,0,10647,237405
IN09A007,10647,0,237405,0,10647,237405
IN09A011,10647,0,237405,0,10647,237405
"IN09A025,IN09A026",10647,0,237405,0,10647,237405
IN09A026,10647,0,237405,0,10647,237405
IN09A030,10647,0,237405,0,10647,237405
IN09A033,10647,0,237405,0,10647,237405
IN09A037,10647,0,237405,0,10647,237405
IN09A041,10647,0,237405,0,10647,237405
IN09A042,10647,0,237405,0,10647,237405
IN09A043,10647,0,237405,0,10647,237405
IN09A045,10647,0,237405,0,10647,237405
IN09A046,10647,0,237405,0,10647,237405
IN09A047,10647,0,237405,0,10647,237405
IN09A048,10647,0,237405,0,10647,237405
IN09A049,10647,0,237405,0,10647,237405
IN09A054,10647,0,237405,0,10647,237405
IN09A055,10647,0,237405,0,10647,237405
IN09A059,10647,0,237405,0,10647,237405
IN09A061,10647,0,237405,0,10647,237405
IN09A064,10647,0,237405,0,10647,237405
IN09A065,10647,0,237405,0,10647,237405
IN09A066,10647,0,237405,0,10647,237405
IN09A068,10647,0,237405,0,10647,237405
IN09A076,10647,0,237405,0,10647,237405
IN09A077,10647,0,237405,0,10647,237405
"IN09A080,IN09A085",10647,0,237405,0,10647,237405
IN09A084,10647,0,237405,0,10647,237405
IN09B022,10647,0,237405,0,10647,237405
IN09B044,10647,0,237405,0,10647,237405
IN09B048,10647,0,237405,0,10647,237405
IN09B049,10647,0,237405,0,10647,237405
IN09B050,10647,0,237405,0,10647,237405
IN09B052_a,10647,0,237405,0,10647,237405
IN09B052_b,10647,0,237405,0,10647,237405
IN09B054,10647,0,237405,0,10647,237405
IN09B055,10647,0,237405,0,10647,237405
IN09B058,10647,0,237405,0,10647,237405
IN10B007,10647,0,237405,0,10647,237405
IN10B010,10647,0,237405,0,10647,237405
IN10B011,10647,0,237405,0,10647,237405
IN10B012,10647,0,237405,0,10647,237405
IN10B034,10647,0,237405,0,10647,237405
IN11A001,10647,0,237405,0,10647,237405
IN11A003,10647,0,237405,0,10647,237405
IN11A006,10647,0,237405,0,10647,237405
IN11A008,10647,0,237405,0,10647,237405
IN11A009,10647,0,237405,0,10647,237405
IN11A018,10647,0,237405,0,10647,237405
IN11A021,10647,0,237405,0,10647,237405
IN11A027_b,10647,0,237405,0,10647,237405
IN11A027_c,10647,0,237405,0,10647,237405
IN11A032_a,10647,0,237405,0,10647,237405
IN11A032_b,10647,0,237405,0,10647,237405
IN11A032_c,10647,0,237405,0,10647,237405
IN11A032_e,10647,0,237405,0,10647,237405
IN11A035,10647,0,237405,0,10647,237405
IN11A037_a,10647,0,237405,0,10647,237405
IN11A039,10647,0,237405,0,10647,237405
IN11A040,10647,0,237405,0,10647,237405
IN11A041,10647,0,237405,0,10647,237405
IN11A043,10647,0,237405,0,10647,237405
IN11A044,10647,0,237405,0,10647,237405
IN11A046,10647,0,237405,0,10647,237405
IN11A047,10647,0,237405,0,10647,237405
IN11A049,10647,0,237405,0,10647,237405
IN11B002,10647,0,237405,0,10647,237405
IN11B009,10647,0,237405,0,10647,237405
IN11B016_a,10647,0,237405,0,10647,237405
IN11B016_b,10647,0,237405,0,10647,237405
IN11B024_a,10647,0,237405,0,10647,237405
IN11B024_b,10647,0,237405,0,10647,237405
IN11B024_c,10647,0,237405,0,10647,237405
IN11B025,10647,0,237405,0,10647,237405
IN12A001,10647,0,237405,0,10647,237405
IN12A011,10647,0,237405,0,10647,237405
IN12A013,10647,0,237405,0,10647,237405
IN12A015,10647,0,237405,0,10647,237405
IN12A016,10647,0,237405,0,10647,237405
IN12A019_c,10647,0,237405,0,10647,237405
IN12A021_a,10647,0,237405,0,10647,237405
IN12A021_b,10647,0,237405,0,10647,237405
IN12A021_c,10647,0,237405,0,10647,237405
IN12A024,10647,0,237405,0,10647,237405
IN12A026,10647,0,237405,0,10647,237405
IN12A027,10647,0,237405,0,10647,237405
IN12A029_a,10647,0,237405,0,10647,237405
IN12A029_b,10647,0,237405,0,10647,237405
IN12A030,10647,0,237405,0,10647,237405
IN12A031,10647,0,237405,0,10647,237405
IN12A036,10647,0,237405,0,10647,237405
IN12A037,10647,0,237405,0,10647,237405
IN12A039,10647,0,237405,0,10647,237405
IN12A041,10647,0,237405,0,10647,237405
IN12A042,10647,0,237405,0,10647,237405
IN12A043_b,10647,0,237405,0,10647,237405
IN12A044,10647,0,237405,0,10647,237405
IN12A046_a,10647,0,237405,0,10647,237405
IN12A046_b,10647,0,237405,0,10647,237405
IN12A050_a,10647,0,237405,0,10647,237405
IN12A053_a,10647,0,237405,0,10647,237405
IN12A053_b,10647,0,237405,0,10647,237405
IN12A053_c,10647,0,237405,0,10647,237405
IN12A055,10647,0,237405,0,10647,237405
IN12A056,10647,0,237405,0,10647,237405
IN12A057_a,10647,0,237405,0,10647,237405
IN12A057_b,10647,0,237405,0,10647,237405
IN12A059_a,10647,0,237405,0,10647,237405
IN12A059_b,10647,0,237405,0,10647,237405
IN12A059_c,10647,0,237405,0,10647,237405
IN12A059_f,10647,0,237405,0,10647,237405
IN12A059_g,10647,0,237405,0,10647,237405
IN12A060_b,10647,0,237405,0,10647,237405
IN12A061_a,10647,0,237405,0,10647,237405
IN12A061_d,10647,0,237405,0,10647,237405
IN12A062,10647,0,237405,0,10647,237405
IN12A063_b,10647,0,237405,0,10647,237405
IN12A063_c,10647,0,237405,0,10647,237405
IN12A063_d,10647,0,237405,0,10647,237405
IN12A063_e,10647,0,237405,0,10647,237405
IN12A064,10647,0,237405,0,10647,237405
IN12B003,10647,0,237405,0,10647,237405
IN12B005,10647,0,237405,0,10647,237405
IN12B009,10647,0,237405,0,10647,237405
IN12B010,10647,0,237405,0,10647,237405
IN12B012,10647,0,237405,0,10647,237405
IN12B013,10647,0,237405,0,10647,237405
IN12B018,10647,0,237405,0,10647,237405
IN12B020,10647,0,237405,0,10647,237405
IN12B021,10647,0,237405,0,10647,237405
IN12B023,10647,0,237405,0,10647,237405
IN12B024_a,10647,0,237405,0,10647,237405
IN12B024_b,10647,0,237405,0,10647,237405
IN12B028,10647,0,237405,0,10647,237405
IN12B030,10647,0,237405,0,10647,237405
IN12B034,10647,0,237405,0,10647,237405
IN12B037_a,10647,0,237405,0,10647,237405
IN12B037_b,10647,0,237405,0,10647,237405
IN12B037_c,10647,0,237405,0,10647,237405
IN12B037_d,10647,0,237405,0,10647,237405
IN12B037_e,10647,0,237405,0,10647,237405
IN12B037_f,10647,0,237405,0,10647,237405
IN12B040,10647,0,237405,0,10647,237405
IN12B042,10647,0,237405,0,10647,237405
IN12B043,10647,0,237405,0,10647,237405
IN12B044_a,10647,0,237405,0,10647,237405
IN12B044_c,10647,0,237405,0,10647,237405
IN12B044_d,10647,0,237405,0,10647,237405
IN12B044_e,10647,0,237405,0,10647,237405
IN12B045,10647,0,237405,0,10647,237405
IN12B046,10647,0,237405,0,10647,237405
IN12B047,10647,0,237405,0,10647,237405
IN12B050,10647,0,237405,0,10647,237405
IN12B052,10647,0,237405,0,10647,237405
IN12B053,10647,0,237405,0,10647,237405
IN12B054,10647,0,237405,0,10647,237405
IN12B057,10647,0,237405,0,10647,237405
IN12B061,10647,0,237405,0,10647,237405
IN12B064,10647,0,237405,0,10647,237405
IN12B066_a,10647,0,237405,0,10647,237405
IN12B066_b,10647,0,237405,0,10647,237405
IN12B066_c,10647,0,237405,0,10647,237405
IN12B066_e,10647,0,237405,0,10647,237405
IN12B066_f,10647,0,237405,0,10647,237405
IN12B066_g,10647,0,237405,0,10647,237405
IN12B070,10647,0,237405,0,10647,237405
IN12B072,10647,0,237405,0,10647,237405
IN12B079_a,10647,0,237405,0,10647,237405
IN12B079_b,10647,0,237405,0,10647,237405
IN12B079_c,10647,0,237405,0,10647,237405
IN12B079_d,10647,0,237405,0,10647,237405
IN12B083,10647,0,237405,0,10647,237405
IN12B085,10647,0,237405,0,10647,237405
IN12B087,10647,0,237405,0,10647,237405
IN12B088,10647,0,237405,0,10647,237405
IN12B090,10647,0,237405,0,10647,237405
IN12B091,10647,0,237405,0,10647,237405
IN12B092,10647,0,237405,0,10647,237405
IN13A001,10647,0,237405,0,10647,237405
IN13A011,10647,0,237405,0,10647,237405
IN13A014,10647,0,237405,0,10647,237405
IN13A018,10647,0,237405,0,10647,237405
IN13A026,10647,0,237405,0,10647,237405
IN13A033,10647,0,237405,0,10647,237405
IN13A037,10647,0,237405,0,10647,237405
IN13A039,10647,0,237405,0,10647,237405
IN13A052,10647,0,237405,0,10647,237405
IN13A053,10647,0,237405,0,10647,237405
IN13A056,10647,0,237405,0,10647,237405
IN13A058,10647,0,237405,0,10647,237405
IN13A063,10647,0,237405,0,10647,237405
IN13A065,10647,0,237405,0,10647,237405
IN13A067,10647,0,237405,0,10647,237405
IN13A071,10647,0,237405,0,10647,237405
IN13A072,10647,0,237405,0,10647,237405
IN13A073,10647,0,237405,0,10647,237405
IN13A074,10647,0,237405,0,10647,237405
IN13B006,10647,0,237405,0,10647,237405
IN13B012,10647,0,237405,0,10647,237405
IN13B023,10647,0,237405,0,10647,237405
IN13B033,10647,0,237405,0,10647,237405
IN13B040,10647,0,237405,0,10647,237405
IN13B048,10647,0,237405,0,10647,237405
IN13B052,10647,0,237405,0,10647,237405
IN13B066,10647,0,237405,0,10647,237405
IN13B067,10647,0,237405,0,10647,237405
IN13B074,10647,0,237405,0,10647,237405
IN13B075,10647,0,237405,0,10647,237405
IN13B080,10647,0,237405,0,10647,237405
IN13B081,10647,0,237405,0,10647,237405
IN13B084,10647,0,237405,0,10647,237405
IN13B089,10647,0,237405,0,10647,237405
IN13B091,10647,0,237405,0,10647,237405
IN13B093,10647,0,237405,0,10647,237405
IN13B094,10647,0,237405,0,10647,237405
IN13B096_a,10647,0,237405,0,10647,237405
IN13B098,10647,0,237405,0,10647,237405
IN13B099,10647,0,237405,0,10647,237405
IN13B100,10647,0,237405,0,10647,237405
IN13B103,10647,0,237405,0,10647,237405
IN14A016,10647,0,237405,0,10647,237405
IN14A025,10647,0,237405,0,10647,237405
IN14A029,10647,0,237405,0,10647,237405
IN14A030,10647,0,237405,0,10647,237405
IN14A032,10647,0,237405,0,10647,237405
IN14A033,10647,0,237405,0,10647,237405
IN14A035,10647,0,237405,0,10647,237405
IN14A040,10647,0,237405,0,10647,237405
IN14A045,10647,0,237405,0,10647,237405
IN14A054,10647,0,237405,0,10647,237405
IN14A061,10647,0,237405,0,10647,237405
IN14A064,10647,0,237405,0,10647,237405
IN14A075,10647,0,237405,0,10647,237405
IN14A082,10647,0,237405,0,10647,237405
IN14A099,10647,0,237405,0,10647,237405
IN14A101,10647,0,237405,0,10647,237405
IN14A102,10647,0,237405,0,10647,237405
IN14A115,10647,0,237405,0,10647,237405
IN14A116,10647,0,237405,0,10647,237405
IN14A119,10647,0,237405,0,10647,237405
IN14A121_a,10647,0,237405,0,10647,237405
IN14A123,10647,0,237405,0,10647,237405
IN14B002,10647,0,237405,0,10647,237405
IN14B004,10647,0,237405,0,10647,237405
IN14B005,10647,0,237405,0,10647,237405
IN14B010,10647,0,237405,0,10647,237405
IN14B012,10647,0,237405,0,10647,237405
IN16B016,10647,0,237405,0,10647,237405
IN16B018,10647,0,237405,0,10647,237405
IN16B020,10647,0,237405,0,10647,237405
IN16B029,10647,0,237405,0,10647,237405
IN16B030,10647,0,237405,0,10647,237405
IN16B036,10647,0,237405,0,10647,237405
IN16B038,10647,0,237405,0,10647,237405
IN16B042,10647,0,237405,0,10647,237405
IN16B049,10647,0,237405,0,10647,237405
IN16B050,10647,0,237405,0,10647,237405
IN16B055,10647,0,237405,0,10647,237405
IN16B065,10647,0,237405,0,10647,237405
IN16B075_b,10647,0,237405,0,10647,237405
IN16B075_c,10647,0,237405,0,10647,237405
IN16B075_d,10647,0,237405,0,10647,237405
IN16B083,10647,0,237405,0,10647,237405
"IN16B088,IN16B109",10647,0,237405,0,10647,237405
IN16B094,10647,0,237405,0,10647,237405
IN16B095,10647,0,237405,0,10647,237405
IN16B096,10647,0,237405,0,10647,237405
IN16B101,10647,0,237405,0,10647,237405
IN16B107,10647,0,237405,0,10647,237405
IN16B113,10647,0,237405,0,10647,237405
IN16B115,10647,0,237405,0,10647,237405
IN16B117,10647,0,237405,0,10647,237405
IN16B119,10647,0,237405,0,10647,237405
IN16B120,10647,0,237405,0,10647,237405
IN16B121,10647,0,237405,0,10647,237405
IN16B123,10647,0,237405,0,10647,237405
IN17A001,10647,0,237405,0,10647,237405
IN17A028,10647,0,237405,0,10647,237405
IN17A045,10647,0,237405,0,10647,237405
IN17A051,10647,0,237405,0,10647,237405
IN17A055,10647,0,237405,0,10647,237405
IN17A065,10647,0,237405,0,10647,237405
IN17A066,10647,0,237405,0,10647,237405
IN17A087,10647,0,237405,0,10647,237405
IN17A091,10647,0,237405,0,10647,237405
IN17A092,10647,0,237405,0,10647,237405
IN17A094,10647,0,237405,0,10647,237405
IN17A096,10647,0,237405,0,10647,237405
IN17A098,10647,0,237405,0,10647,237405
IN17A101,10647,0,237405,0,10647,237405
IN17A102,10647,0,237405,0,10647,237405
IN17A104,10647,0,237405,0,10647,237405
IN17A105,10647,0,237405,0,10647,237405
IN17A109,10647,0,237405,0,10647,237405
IN17A113,10647,0,237405,0,10647,237405
IN17A114,10647,0,237405,0,10647,237405
IN17A115,10647,0,237405,0,10647,237405
IN17A119,10647,0,237405,0,10647,237405
IN17B010,10647,0,237405,0,10647,237405
IN18B009,10647,0,237405,0,10647,237405
IN18B014,10647,0,237405,0,10647,237405
IN18B027,10647,0,237405,0,10647,237405
IN18B029,10647,0,237405,0,10647,237405
IN18B034,10647,0,237405,0,10647,237405
IN18B036,10647,0,237405,0,10647,237405
IN18B040,10647,0,237405,0,10647,237405
IN18B042,10647,0,237405,0,10647,237405
IN18B045_b,10647,0,237405,0,10647,237405
IN18B045_c,10647,0,237405,0,10647,237405
IN18B047,10647,0,237405,0,10647,237405
IN18B048,10647,0,237405,0,10647,237405
IN18B049,10647,0,237405,0,10647,237405
IN18B050,10647,0,237405,0,10647,237405
IN18B051,10647,0,237405,0,10647,237405
IN18B052,10647,0,237405,0,10647,237405
IN18B054,10647,0,237405,0,10647,237405
IN18B055,10647,0,237405,0,10647,237405
IN18B056,10647,0,237405,0,10647,237405
IN19A001,10647,0,237405,0,10647,237405
IN19A002,10647,0,237405,0,10647,237405
IN19A003,10647,0,237405,0,10647,237405
IN19A004,10647,0,237405,0,10647,237405
IN19A005,10647,0,237405,0,10647,237405
IN19A006,10647,0,237405,0,10647,237405
IN19A008,10647,0,237405,0,10647,237405
IN19A009,10647,0,237405,0,10647,237405
IN19A010,10647,0,237405,0,10647,237405
IN19A011,10647,0,237405,0,10647,237405
IN19A014,10647,0,237405,0,10647,237405
IN19A015,10647,0,237405,0,10647,237405
IN19A018,10647,0,237405,0,10647,237405
IN19A020,10647,0,237405,0,10647,237405
IN19A024,10647,0,237405,0,10647,237405
IN19A032,10647,0,237405,0,10647,237405
IN19A040,10647,0,237405,0,10647,237405
IN19A041,10647,0,237405,0,10647,237405
IN19A043,10647,0,237405,0,10647,237405
IN19A044,10647,0,237405,0,10647,237405
IN19A046,10647,0,237405,0,10647,237405
IN19A047,10647,0,237405,0,10647,237405
IN19A048,10647,0,237405,0,10647,237405
IN19A049,10647,0,237405,0,10647,237405
IN19A052,10647,0,237405,0,10647,237405
IN19A054,10647,0,237405,0,10647,237405
IN19A057,10647,0,237405,0,10647,237405
IN19A059,10647,0,237405,0,10647,237405
IN19A060,10647,0,237405,0,10647,237405
IN19A060_a,10647,0,237405,0,10647,237405
IN19A060_b,10647,0,237405,0,10647,237405
IN19A060_c,10647,0,237405,0,10647,237405
IN19A060_e,10647,0,237405,0,10647,237405
IN19A064,10647,0,237405,0,10647,237405
IN19A065,10647,0,237405,0,10647,237405
IN19A067,10647,0,237405,0,10647,237405
IN19A069_a,10647,0,237405,0,10647,237405
IN19A069_b,10647,0,237405,0,10647,237405
IN19A069_c,10647,0,237405,0,10647,237405
IN19A070,10647,0,237405,0,10647,237405
IN19A071,10647,0,237405,0,10647,237405
IN19A072,10647,0,237405,0,10647,237405
IN19A074,10647,0,237405,0,10647,237405
IN19A076,10647,0,237405,0,10647,237405
IN19A079,10647,0,237405,0,10647,237405
IN19A080,10647,0,237405,0,10647,237405
IN19A082,10647,0,237405,0,10647,237405
IN19A083,10647,0,237405,0,10647,237405
IN19A085,10647,0,237405,0,10647,237405
IN19A086,10647,0,237405,0,10647,237405
IN19A087,10647,0,237405,0,10647,237405
IN19A088_a,10647,0,237405,0,10647,237405
IN19A088_b,10647,0,237405,0,10647,237405
IN19A088_c,10647,0,237405,0,10647,237405
IN19A088_d,10647,0,237405,0,10647,237405
IN19A088_e,10647,0,237405,0,10647,237405
IN19A090,10647,0,237405,0,10647,237405
IN19A091,10647,0,237405,0,10647,237405
IN19A094,10647,0,237405,0,10647,237405
"IN19A095,IN19A127",10647,0,237405,0,10647,237405
IN19A096,10647,0,237405,0,10647,237405
IN19A098,10647,0,237405,0,10647,237405
IN19A099,10647,0,237405,0,10647,237405
IN19A101,10647,0,237405,0,10647,237405
IN19A102,10647,0,237405,0,10647,237405
IN19A103,10647,0,237405,0,10647,237405
IN19A104,10647,0,237405,0,10647,237405
IN19A105,10647,0,237405,0,10647,237405
IN19A106,10647,0,237405,0,10647,237405
IN19A108,10647,0,237405,0,10647,237405
IN19A109_a,10647,0,237405,0,10647,237405
IN19A109_b,10647,0,237405,0,10647,237405
IN19A110,10647,0,237405,0,10647,237405
IN19A111,10647,0,237405,0,10647,237405
IN19A112,10647,0,237405,0,10647,237405
IN19A113,10647,0,237405,0,10647,237405
IN19A114,10647,0,237405,0,10647,237405
IN19A115,10647,0,237405,0,10647,237405
IN19A117,10647,0,237405,0,10647,237405
IN19A118,10647,0,237405,0,10647,237405
IN19A120,10647,0,237405,0,10647,237405
IN19A121,10647,0,237405,0,10647,237405
IN19A123,10647,0,237405,0,10647,237405
IN19A124,10647,0,237405,0,10647,237405
IN19A126,10647,0,237405,0,10647,237405
IN19A129,10647,0,237405,0,10647,237405
IN19A133,10647,0,237405,0,10647,237405
IN19A135,10647,0,237405,0,10647,237405
IN19B005,10647,0,237405,0,10647,237405
IN19B007,10647,0,237405,0,10647,237405
IN19B012,10647,0,237405,0,10647,237405
IN19B038,10647,0,237405,0,10647,237405
IN19B054,10647,0,237405,0,10647,237405
IN19B077,10647,0,237405,0,10647,237405
IN19B082,10647,0,237405,0,10647,237405
IN19B090,10647,0,237405,0,10647,237405
IN19B091,10647,0,237405,0,10647,237405
IN19B097,10647,0,237405,0,10647,237405
IN19B105,10647,0,237405,0,10647,237405
IN19B109,10647,0,237405,0,10647,237405
IN20A.22A002,10647,0,237405,0,10647,237405
IN20A.22A009,10647,0,237405,0,10647,237405
IN20A.22A010,10647,0,237405,0,10647,237405
IN20A.22A013,10647,0,237405,0,10647,237405
IN20A.22A015,10647,0,237405,0,10647,237405
IN20A.22A016,10647,0,237405,0,10647,237405
IN20A.22A017,10647,0,237405,0,10647,237405
IN20A.22A024,10647,0,237405,0,10647,237405
IN20A.22A026,10647,0,237405,0,10647,237405
IN20A.22A030,10647,0,237405,0,10647,237405
IN20A.22A036,10647,0,237405,0,10647,237405
IN20A.22A039,10647,0,237405,0,10647,237405
IN20A.22A040,10647,0,237405,0,10647,237405
IN20A.22A041,10647,0,237405,0,10647,237405
IN20A.22A042,10647,0,237405,0,10647,237405
IN20A.22A044,10647,0,237405,0,10647,237405
IN20A.22A045,10647,0,237405,0,10647,237405
IN20A.22A047,10647,0,237405,0,10647,237405
IN20A.22A049,10647,0,237405,0,10647,237405
"IN20A.22A049,IN20A.22A067",10647,0,237405,0,10647,237405
IN20A.22A051,10647,0,237405,0,10647,237405
IN20A.22A052,10647,0,237405,0,10647,237405
IN20A.22A057,10647,0,237405,0,10647,237405
IN20A.22A063,10647,0,237405,0,10647,237405
IN20A.22A064,10647,0,237405,0,10647,237405
IN20A.22A065,10647,0,237405,0,10647,237405
IN20A.22A067,10647,0,237405,0,10647,237405
IN20A.22A069,10647,0,237405,0,10647,237405
IN20A.22A071,10647,0,237405,0,10647,237405
IN20A.22A078,10647,0,237405,0,10647,237405
IN20A.22A082,10647,0,237405,0,10647,237405
IN20A.22A087,10647,0,237405,0,10647,237405
IN20A.22A088,10647,0,237405,0,10647,237405
IN20A.22A092,10647,0,237405,0,10647,237405
IN21A003,10647,0,237405,0,10647,237405
IN21A008,10647,0,237405,0,10647,237405
IN21A010,10647,0,237405,0,10647,237405
IN21A016,10647,0,237405,0,10647,237405
IN21A020,10647,0,237405,0,10647,237405
IN21A021,10647,0,237405,0,10647,237405
"IN21A023,IN21A024",10647,0,237405,0,10647,237405
IN21A027,10647,0,237405,0,10647,237405
IN21A028,10647,0,237405,0,10647,237405
"IN21A029,IN21A030",10647,0,237405,0,10647,237405
IN21A033,10647,0,237405,0,10647,237405
IN21A034,10647,0,237405,0,10647,237405
IN21A036,10647,0,237405,0,10647,237405
IN21A039,10647,0,237405,0,10647,237405
IN21A040,10647,0,237405,0,10647,237405
IN21A041,10647,0,237405,0,10647,237405
IN21A042,10647,0,237405,0,10647,237405
IN21A043,10647,0,237405,0,10647,237405
"IN21A045,IN21A046",10647,0,237405,0,10647,237405
IN21A047_a,10647,0,237405,0,10647,237405
IN21A047_e,10647,0,237405,0,10647,237405
IN21A047_f,10647,0,237405,0,10647,237405
IN21A054,10647,0,237405,0,10647,237405
IN21A055,10647,0,237405,0,10647,237405
IN21A057,10647,0,237405,0,10647,237405
IN21A058,10647,0,237405,0,10647,237405
IN21A059,10647,0,237405,0,10647,237405
IN21A060,10647,0,237405,0,10647,237405
IN21A062,10647,0,237405,0,10647,237405
IN21A064,10647,0,237405,0,10647,237405
IN21A065,10647,0,237405,0,10647,237405
IN21A066,10647,0,237405,0,10647,237405
IN21A070,10647,0,237405,0,10647,237405
IN21A071,10647,0,237405,0,10647,237405
IN21A072,10647,0,237405,0,10647,237405
IN21A073,10647,0,237405,0,10647,237405
IN21A074,10647,0,237405,0,10647,237405
IN21A075,10647,0,237405,0,10647,237405
IN21A076,10647,0,237405,0,10647,237405
IN21A079,10647,0,237405,0,10647,237405
IN21A080,10647,0,237405,0,10647,237405
IN21A081,10647,0,237405,0,10647,237405
IN21A082,10647,0,237405,0,10647,237405
IN21A083,10647,0,237405,0,10647,237405
IN21A084,10647,0,237405,0,10647,237405
IN21A086,10647,0,237405,0,10647,237405
IN21A088,10647,0,237405,0,10647,237405
IN21A090,10647,0,237405,0,10647,237405
"IN21A091,IN21A092",10647,0,237405,0,10647,237405
IN21A094,10647,0,237405,0,10647,237405
IN21A095,10647,0,237405,0,10647,237405
IN21A096,10647,0,237405,0,10647,237405
IN21A097,10647,0,237405,0,10647,237405
IN21A098,10647,0,237405,0,10647,237405
IN21A099,10647,0,237405,0,10647,237405
IN21A100,10647,0,237405,0,10647,237405
IN21A102,10647,0,237405,0,10647,237405
IN21A103,10647,0,237405,0,10647,237405
IN21A109,10647,0,237405,0,10647,237405
IN21A111,10647,0,237405,0,10647,237405
IN21A116,10647,0,237405,0,10647,237405
IN23B027,10647,0,237405,0,10647,237405
IN23B034,10647,0,237405,0,10647,237405
IN23B038,10647,0,237405,0,10647,237405
IN23B051,10647,0,237405,0,10647,237405
IN23B065,10647,0,237405,0,10647,237405
IN23B072,10647,0,237405,0,10647,237405
IN23B073,10647,0,237405,0,10647,237405
IN23B076,10647,0,237405,0,10647,237405
IN23B082,10647,0,237405,0,10647,237405
IN23B084,10647,0,237405,0,10647,237405
IN23B088,10647,0,237405,0,10647,237405
IN23B091,10647,0,237405,0,10647,237405
IN23B093,10647,0,237405,0,10647,237405
IN23B095,10647,0,237405,0,10647,237405
IN23B096,10647,0,237405,0,10647,237405
IN27X001,10647,0,237405,0,10647,237405
IN27X002,10647,0,237405,0,10647,237405
IN27X003,10647,0,237405,0,10647,237405
IN27X005,10647,0,237405,0,10647,237405
IN27X007,10647,0,237405,0,10647,237405
INXXX003,10647,0,237405,0,10647,237405
INXXX008,10647,0,237405,0,10647,237405
INXXX029,10647,0,237405,0,10647,237405
INXXX048,10647,0,237405,0,10647,237405
INXXX063,10647,0,237405,0,10647,237405
INXXX066,10647,0,237405,0,10647,237405
INXXX077,10647,0,237405,0,10647,237405
INXXX095,10647,0,237405,0,10647,237405
INXXX101,10647,0,237405,0,10647,237405
INXXX104,10647,0,237405,0,10647,237405
INXXX107,10647,0,237405,0,10647,237405
INXXX110,10647,0,237405,0,10647,237405
INXXX121,10647,0,237405,0,10647,237405
INXXX129,10647,0,237405,0,10647,237405
INXXX134,10647,0,237405,0,10647,237405
INXXX137,10647,0,237405,0,10647,237405
INXXX140,10647,0,237405,0,10647,237405
INXXX146,10647,0,237405,0,10647,237405
INXXX153,10647,0,237405,0,10647,237405
INXXX167,10647,0,237405,0,10647,237405
INXXX179,10647,0,237405,0,10647,237405
INXXX181,10647,0,237405,0,10647,237405
INXXX188,10647,0,237405,0,10647,237405
INXXX192,10647,0,237405,0,10647,237405
INXXX206,10647,0,237405,0,10647,237405
INXXX209,10647,0,237405,0,10647,237405
INXXX212,10647,0,237405,0,10647,237405
INXXX221,10647,0,237405,0,10647,237405
INXXX223,10647,0,237405,0,10647,237405
INXXX230,10647,0,237405,0,10647,237405
INXXX235,10647,0,237405,0,10647,237405
INXXX242,10647,0,237405,0,10647,237405
INXXX247,10647,0,237405,0,10647,237405
INXXX251,10647,0,237405,0,10647,237405
INXXX267,10647,0,237405,0,10647,237405
INXXX270,10647,0,237405,0,10647,237405
INXXX273,10647,0,237405,0,10647,237405
INXXX275,10647,0,237405,0,10647,237405
INXXX283,10647,0,237405,0,10647,237405
INXXX284,10647,0,237405,0,10647,237405
INXXX290,10647,0,237405,0,10647,237405
INXXX293,10647,0,237405,0,10647,237405
INXXX299,10647,0,237405,0,10647,237405
INXXX309,10647,0,237405,0,10647,237405
INXXX315,10647,0,237405,0,10647,237405
INXXX326,10647,0,237405,0,10647,237405
INXXX328,10647,0,237405,0,10647,237405
INXXX336,10647,0,237405,0,10647,237405
INXXX348,10647,0,237405,0,10647,237405
INXXX372,10647,0,237405,0,10647,237405
INXXX376,10647,0,237405,0,10647,237405
INXXX377,10647,0,237405,0,10647,237405
INXXX379,10647,0,237405,0,10647,237405
INXXX383,10647,0,237405,0,10647,237405
INXXX385,10647,0,237405,0,10647,237405
INXXX387,10647,0,237405,0,10647,237405
INXXX393,10647,0,237405,0,10647,237405
INXXX399,10647,0,237405,0,10647,237405
INXXX420,10647,0,237405,0,10647,237405
INXXX448,10647,0,237405,0,10647,237405
INXXX464,10647,0,237405,0,10647,237405
INXXX466,10647,0,237405,0,10647,237405
INXXX474,10647,0,237405,0,10647,237405
IPC,10647,0,237405,0,10647,237405
ISN,10647,0,237405,0,10647,237405
ITP,10647,0,237405,0,10647,237405
IbSpsP,10647,0,237405,0,10647,237405
JO-A-unclear,10647,0,237405,0,10647,237405
JO-B-unclear,10647,0,237405,0,10647,237405
KC,10647,0,237405,0,10647,237405
KCa'b'-ap1,10647,0,237405,0,10647,237405
KCa'b'-ap2,10647,0,237405,0,10647,237405
KCa'b'-m,10647,0,237405,0,10647,237405
KCab-c,10647,0,237405,0,10647,237405
KCab-m,10647,0,237405,0,10647,237405
KCab-p,10647,0,237405,0,10647,237405
KCab-s,10647,0,237405,0,10647,237405
KCg,10647,0,237405,0,10647,237405
KCg-d,10647,0,237405,0,10647,237405
KCg-m,10647,0,237405,0,10647,237405
KCg-s1,10647,0,237405,0,10647,237405
KCg-s2,10647,0,237405,0,10647,237405
KCg-s3,10647,0,237405,0,10647,237405
KCg-s4,10647,0,237405,0,10647,237405
L5,10647,0,237405,0,10647,237405
LAL001,10647,0,237405,0,10647,237405
LAL002,10647,0,237405,0,10647,237405
LAL003,10647,0,237405,0,10647,237405
LAL004,10647,0,237405,0,10647,237405
LAL006,10647,0,237405,0,10647,237405
LAL007,10647,0,237405,0,10647,237405
LAL008,10647,0,237405,0,10647,237405
LAL009,10647,0,237405,0,10647,237405
LAL010,10647,0,237405,0,10647,237405
LAL011,10647,0,237405,0,10647,237405
LAL012,10647,0,237405,0,10647,237405
LAL013,10647,0,237405,0,10647,237405
LAL014,10647,0,237405,0,10647,237405
LAL015,10647,0,237405,0,10647,237405
LAL016,10647,0,237405,0,10647,237405
LAL017,10647,0,237405,0,10647,237405
LAL018,10647,0,237405,0,10647,237405
LAL019,10647,0,237405,0,10647,237405
LAL020,10647,0,237405,0,10647,237405
LAL021,10647,0,237405,0,10647,237405
LAL022,10647,0,237405,0,10647,237405
LAL023,10647,0,237405,0,10647,237405
LAL024,10647,0,237405,0,10647,237405
LAL025,10647,0,237405,0,10647,237405
LAL026_a,10647,0,237405,0,10647,237405
LAL026_b,10647,0,237405,0,10647,237405
LAL027,10647,0,237405,0,10647,237405
LAL028,10647,0,237405,0,10647,237405
LAL029_a,10647,0,237405,0,10647,237405
LAL029_b,10647,0,237405,0,10647,237405
LAL029_c,10647,0,237405,0,10647,237405
LAL029_d,10647,0,237405,0,10647,237405
LAL029_e,10647,0,237405,0,10647,237405
LAL030_a,10647,0,237405,0,10647,237405
LAL030_b,10647,0,237405,0,10647,237405
LAL030d,10647,0,237405,0,10647,237405
LAL031,10647,0,237405,0,10647,237405
LAL032,10647,0,237405,0,10647,237405
LAL034,10647,0,237405,0,10647,237405
LAL035,10647,0,237405,0,10647,237405
LAL037,10647,0,237405,0,10647,237405
LAL040,10647,0,237405,0,10647,237405
LAL042,10647,0,237405,0,10647,237405
LAL043_a,10647,0,237405,0,10647,237405
LAL043_b,10647,0,237405,0,10647,237405
LAL043_c,10647,0,237405,0,10647,237405
LAL043_d,10647,0,237405,0,10647,237405
LAL043_e,10647,0,237405,0,10647,237405
LAL045,10647,0,237405,0,10647,237405
LAL046,10647,0,237405,0,10647,237405
LAL047,10647,0,237405,0,10647,237405
LAL048,10647,0,237405,0,10647,237405
LAL049,10647,0,237405,0,10647,237405
LAL050,10647,0,237405,0,10647,237405
LAL051,10647,0,237405,0,10647,237405
LAL052,10647,0,237405,0,10647,237405
LAL053,10647,0,237405,0,10647,237405
LAL054,10647,0,237405,0,10647,237405
LAL055,10647,0,237405,0,10647,237405
LAL056,10647,0,237405,0,10647,237405
LAL059,10647,0,237405,0,10647,237405
LAL060_a,10647,0,237405,0,10647,237405
LAL060_b,10647,0,237405,0,10647,237405
LAL061,10647,0,237405,0,10647,237405
LAL063,10647,0,237405,0,10647,237405
LAL067,10647,0,237405,0,10647,237405
LAL071,10647,0,237405,0,10647,237405
LAL072,10647,0,237405,0,10647,237405
LAL073,10647,0,237405,0,10647,237405
LAL074,10647,0,237405,0,10647,237405
LAL075,10647,0,237405,0,10647,237405
LAL076,10647,0,237405,0,10647,237405
LAL081,10647,0,237405,0,10647,237405
LAL082,10647,0,237405,0,10647,237405
LAL083,10647,0,237405,0,10647,237405
LAL084,10647,0,237405,0,10647,237405
LAL085,10647,0,237405,0,10647,237405
LAL086,10647,0,237405,0,10647,237405
LAL087,10647,0,237405,0,10647,237405
LAL088,10647,0,237405,0,10647,237405
LAL089,10647,0,237405,0,10647,237405
LAL090,10647,0,237405,0,10647,237405
LAL093,10647,0,237405,0,10647,237405
LAL094,10647,0,237405,0,10647,237405
LAL096,10647,0,237405,0,10647,237405
LAL098,10647,0,237405,0,10647,237405
LAL099,10647,0,237405,0,10647,237405
LAL100,10647,0,237405,0,10647,237405
LAL101,10647,0,237405,0,10647,237405
LAL102,10647,0,237405,0,10647,237405
LAL104,10647,0,237405,0,10647,237405
LAL108,10647,0,237405,0,10647,237405
LAL109,10647,0,237405,0,10647,237405
LAL110,10647,0,237405,0,10647,237405
LAL111,10647,0,237405,0,10647,237405
LAL112,10647,0,237405,0,10647,237405
LAL113,10647,0,237405,0,10647,237405
LAL114,10647,0,237405,0,10647,237405
LAL115,10647,0,237405,0,10647,237405
LAL116,10647,0,237405,0,10647,237405
LAL117,10647,0,237405,0,10647,237405
LAL119,10647,0,237405,0,10647,237405
LAL120_a,10647,0,237405,0,10647,237405
LAL120_b,10647,0,237405,0,10647,237405
LAL121,10647,0,237405,0,10647,237405
LAL122,10647,0,237405,0,10647,237405
LAL123,10647,0,237405,0,10647,237405
LAL124,10647,0,237405,0,10647,237405
LAL125,10647,0,237405,0,10647,237405
LAL126,10647,0,237405,0,10647,237405
LAL127,10647,0,237405,0,10647,237405
LAL128,10647,0,237405,0,10647,237405
LAL129,10647,0,237405,0,10647,237405
LAL130,10647,0,237405,0,10647,237405
LAL131,10647,0,237405,0,10647,237405
LAL132_a,10647,0,237405,0,10647,237405
LAL132_b,10647,0,237405,0,10647,237405
LAL133_a,10647,0,237405,0,10647,237405
LAL133_b,10647,0,237405,0,10647,237405
LAL133_c,10647,0,237405,0,10647,237405
LAL133_d,10647,0,237405,0,10647,237405
LAL133_e,10647,0,237405,0,10647,237405
LAL134,10647,0,237405,0,10647,237405
LAL135,10647,0,237405,0,10647,237405
LAL136_a,10647,0,237405,0,10647,237405
LAL136_b,10647,0,237405,0,10647,237405
LAL137,10647,0,237405,0,10647,237405
LAL138,10647,0,237405,0,10647,237405
LAL139,10647,0,237405,0,10647,237405
LAL140,10647,0,237405,0,10647,237405
LAL141,10647,0,237405,0,10647,237405
LAL142,10647,0,237405,0,10647,237405
LAL143,10647,0,237405,0,10647,237405
LAL144,10647,0,237405,0,10647,237405
LAL145,10647,0,237405,0,10647,237405
LAL146,10647,0,237405,0,10647,237405
LAL147_a,10647,0,237405,0,10647,237405
LAL147_b,10647,0,237405,0,10647,237405
LAL147_c,10647,0,237405,0,10647,237405
LAL148,10647,0,237405,0,10647,237405
LAL149,10647,0,237405,0,10647,237405
LAL150,10647,0,237405,0,10647,237405
LAL151,10647,0,237405,0,10647,237405
LAL152,10647,0,237405,0,10647,237405
LAL153,10647,0,237405,0,10647,237405
LAL154,10647,0,237405,0,10647,237405
LAL155,10647,0,237405,0,10647,237405
LAL157,10647,0,237405,0,10647,237405
LAL158,10647,0,237405,0,10647,237405
LAL159,10647,0,237405,0,10647,237405
LAL160,10647,0,237405,0,10647,237405
LAL161,10647,0,237405,0,10647,237405
LAL162,10647,0,237405,0,10647,237405
LAL163,10647,0,237405,0,10647,237405
LAL164,10647,0,237405,0,10647,237405
LAL165,10647,0,237405,0,10647,237405
LAL166,10647,0,237405,0,10647,237405
LAL167,10647,0,237405,0,10647,237405
LAL168,10647,0,237405,0,10647,237405
LAL169,10647,0,237405,0,10647,237405
LAL170,10647,0,237405,0,10647,237405
LAL171,10647,0,237405,0,10647,237405
LAL172,10647,0,237405,0,10647,237405
LAL173,10647,0,237405,0,10647,237405
LAL175,10647,0,237405,0,10647,237405
LAL176,10647,0,237405,0,10647,237405
LAL177,10647,0,237405,0,10647,237405
LAL179,10647,0,237405,0,10647,237405
LAL180,10647,0,237405,0,10647,237405
LAL181,10647,0,237405,0,10647,237405
LAL182,10647,0,237405,0,10647,237405
LAL183,10647,0,237405,0,10647,237405
LAL184,10647,0,237405,0,10647,237405
LAL185,10647,0,237405,0,10647,237405
LAL186,10647,0,237405,0,10647,237405
LAL187,10647,0,237405,0,10647,237405
LAL188_a,10647,0,237405,0,10647,237405
LAL188_b,10647,0,237405,0,10647,237405
LAL189,10647,0,237405,0,10647,237405
LAL190,10647,0,237405,0,10647,237405
LAL191,10647,0,237405,0,10647,237405
LAL192,10647,0,237405,0,10647,237405
LAL193,10647,0,237405,0,10647,237405
LAL194,10647,0,237405,0,10647,237405
LAL195,10647,0,237405,0,10647,237405
LAL196,10647,0,237405,0,10647,237405
LAL197,10647,0,237405,0,10647,237405
LAL198,10647,0,237405,0,10647,237405
LAL199,10647,0,237405,0,10647,237405
LAL200,10647,0,237405,0,10647,237405
LAL203,10647,0,237405,0,10647,237405
LAL204,10647,0,237405,0,10647,237405
LAL205,10647,0,237405,0,10647,237405
LAL206,10647,0,237405,0,10647,237405
LAL207,10647,0,237405,0,10647,237405
LAL208,10647,0,237405,0,10647,237405
LAL300m,10647,0,237405,0,10647,237405
LAL301m,10647,0,237405,0,10647,237405
LAL302m,10647,0,237405,0,10647,237405
LAL303m,10647,0,237405,0,10647,237405
LAL304m,10647,0,237405,0,10647,237405
LA_ME_unclear,10647,0,237405,0,10647,237405
LB3,10647,0,237405,0,10647,237405
LBL40,10647,0,237405,0,10647,237405
LC10_unclear,10647,0,237405,0,10647,237405
LC10a,10647,0,237405,0,10647,237405
LC10b,10647,0,237405,0,10647,237405
LC10c-1,10647,0,237405,0,10647,237405
LC10c-2,10647,0,237405,0,10647,237405
LC10d,10647,0,237405,0,10647,237405
LC10e,10647,0,237405,0,10647,237405
LC11,10647,0,237405,0,10647,237405
LC12,10647,0,237405,0,10647,237405
LC13,10647,0,237405,0,10647,237405
LC14a-1,10647,0,237405,0,10647,237405
LC14a-2,10647,0,237405,0,10647,237405
LC14b,10647,0,237405,0,10647,237405
LC15,10647,0,237405,0,10647,237405
LC16,10647,0,237405,0,10647,237405
LC17,10647,0,237405,0,10647,237405
LC18,10647,0,237405,0,10647,237405
LC19,10647,0,237405,0,10647,237405
LC20a,10647,0,237405,0,10647,237405
LC20b,10647,0,237405,0,10647,237405
LC21,10647,0,237405,0,10647,237405
LC22,10647,0,237405,0,10647,237405
LC23,10647,0,237405,0,10647,237405
LC24,10647,0,237405,0,10647,237405
LC25,10647,0,237405,0,10647,237405
LC26,10647,0,237405,0,10647,237405
LC27,10647,0,237405,0,10647,237405
LC28,10647,0,237405,0,10647,237405
LC29,10647,0,237405,0,10647,237405
LC30,10647,0,237405,0,10647,237405
LC31a,10647,0,237405,0,10647,237405
LC31b,10647,0,237405,0,10647,237405
LC33,10647,0,237405,0,10647,237405
LC34,10647,0,237405,0,10647,237405
LC35a,10647,0,237405,0,10647,237405
LC35b,10647,0,237405,0,10647,237405
LC36,10647,0,237405,0,10647,237405
LC37,10647,0,237405,0,10647,237405
LC39a,10647,0,237405,0,10647,237405
LC39b,10647,0,237405,0,10647,237405
LC4,10647,0,237405,0,10647,237405
LC40,10647,0,237405,0,10647,237405
LC41,10647,0,237405,0,10647,237405
LC43,10647,0,237405,0,10647,237405
LC44,10647,0,237405,0,10647,237405
LC46b,10647,0,237405,0,10647,237405
LC6,10647,0,237405,0,10647,237405
LC9,10647,0,237405,0,10647,237405
LCNOp,10647,0,237405,0,10647,237405
LCNOpm,10647,0,237405,0,10647,237405
LH001m,10647,0,237405,0,10647,237405
LH002m,10647,0,237405,0,10647,237405
LH003m,10647,0,237405,0,10647,237405
LH004m,10647,0,237405,0,10647,237405
LH005m,10647,0,237405,0,10647,237405
LH006m,10647,0,237405,0,10647,237405
LH007m,10647,0,237405,0,10647,237405
LH008m,10647,0,237405,0,10647,237405
LHAD1a1,10647,0,237405,0,10647,237405
LHAD1a3,10647,0,237405,0,10647,237405
LHAD1a4_a,10647,0,237405,0,10647,237405
LHAD1a4_b,10647,0,237405,0,10647,237405
LHAD1b1_b,10647,0,237405,0,10647,237405
LHAD1b2,10647,0,237405,0,10647,237405
LHAD1b2_b,10647,0,237405,0,10647,237405
LHAD1b2_d,10647,0,237405,0,10647,237405
LHAD1b3,10647,0,237405,0,10647,237405
LHAD1b4,10647,0,237405,0,10647,237405
LHAD1b5,10647,0,237405,0,10647,237405
LHAD1c2,10647,0,237405,0,10647,237405
LHAD1c3,10647,0,237405,0,10647,237405
LHAD1d1,10647,0,237405,0,10647,237405
LHAD1d2,10647,0,237405,0,10647,237405
LHAD1f1,10647,0,237405,0,10647,237405
LHAD1f3_a,10647,0,237405,0,10647,237405
LHAD1f3_b,10647,0,237405,0,10647,237405
LHAD1f4,10647,0,237405,0,10647,237405
LHAD1f5,10647,0,237405,0,10647,237405
LHAD1g1,10647,0,237405,0,10647,237405
LHAD1h1,10647,0,237405,0,10647,237405
LHAD1i1,10647,0,237405,0,10647,237405
LHAD1k1,10647,0,237405,0,10647,237405
LHAD2b1,10647,0,237405,0,10647,237405
LHAD2c1,10647,0,237405,0,10647,237405
LHAD2d1,10647,0,237405,0,10647,237405
LHAD2e1,10647,0,237405,0,10647,237405
LHAD2e3,10647,0,237405,0,10647,237405
LHAD3a1,10647,0,237405,0,10647,237405
LHAD3a10,10647,0,237405,0,10647,237405
LHAD3a8,10647,0,237405,0,10647,237405
LHAD3b1_a,10647,0,237405,0,10647,237405
LHAD3d4,10647,0,237405,0,10647,237405
LHAD3d5,10647,0,237405,0,10647,237405
LHAD3e1_a,10647,0,237405,0,10647,237405
LHAD3f1_a,10647,0,237405,0,10647,237405
LHAD3f1_b,10647,0,237405,0,10647,237405
LHAD3g1,10647,0,237405,0,10647,237405
LHAV1a1,10647,0,237405,0,10647,237405
LHAV1a4,10647,0,237405,0,10647,237405
LHAV1b1,10647,0,237405,0,10647,237405
LHAV1d1,10647,0,237405,0,10647,237405
LHAV1d2,10647,0,237405,0,10647,237405
LHAV1e1,10647,0,237405,0,10647,237405
LHAV1f1,10647,0,237405,0,10647,237405
LHAV2a2,10647,0,237405,0,10647,237405
LHAV2a3,10647,0,237405,0,10647,237405
LHAV2a5,10647,0,237405,0,10647,237405
LHAV2b1,10647,0,237405,0,10647,237405
LHAV2b10,10647,0,237405,0,10647,237405
LHAV2b11,10647,0,237405,0,10647,237405
LHAV2b2_a,10647,0,237405,0,10647,237405
LHAV2b2_c,10647,0,237405,0,10647,237405
LHAV2b3,10647,0,237405,0,10647,237405
LHAV2b4,10647,0,237405,0,10647,237405
LHAV2b5,10647,0,237405,0,10647,237405
LHAV2b6,10647,0,237405,0,10647,237405
LHAV2b7_a,10647,0,237405,0,10647,237405
LHAV2b7_b,10647,0,237405,0,10647,237405
LHAV2b8,10647,0,237405,0,10647,237405
LHAV2b9,10647,0,237405,0,10647,237405
LHAV2c1,10647,0,237405,0,10647,237405
LHAV2d1,10647,0,237405,0,10647,237405
LHAV2e4_b,10647,0,237405,0,10647,237405
LHAV2f2_a,10647,0,237405,0,10647,237405
LHAV2g1,10647,0,237405,0,10647,237405
LHAV2g2_a,10647,0,237405,0,10647,237405
LHAV2g2_b,10647,0,237405,0,10647,237405
LHAV2g3,10647,0,237405,0,10647,237405
LHAV2g5,10647,0,237405,0,10647,237405
LHAV2g6,10647,0,237405,0,10647,237405
LHAV2h1,10647,0,237405,0,10647,237405
LHAV2i4,10647,0,237405,0,10647,237405
LHAV2j1,10647,0,237405,0,10647,237405
LHAV2k1,10647,0,237405,0,10647,237405
LHAV2k10,10647,0,237405,0,10647,237405
LHAV2k11_a,10647,0,237405,0,10647,237405
LHAV2k12_a,10647,0,237405,0,10647,237405
LHAV2k12_b,10647,0,237405,0,10647,237405
LHAV2k13,10647,0,237405,0,10647,237405
LHAV2k5,10647,0,237405,0,10647,237405
LHAV2k6,10647,0,237405,0,10647,237405
LHAV2k8,10647,0,237405,0,10647,237405
LHAV2k9,10647,0,237405,0,10647,237405
LHAV2m1,10647,0,237405,0,10647,237405
LHAV2n1,10647,0,237405,0,10647,237405
LHAV2o1,10647,0,237405,0,10647,237405
LHAV2p1,10647,0,237405,0,10647,237405
LHAV3a1_b,10647,0,237405,0,10647,237405
LHAV3a1_c,10647,0,237405,0,10647,237405
LHAV3b1,10647,0,237405,0,10647,237405
LHAV3b12,10647,0,237405,0,10647,237405
LHAV3b13,10647,0,237405,0,10647,237405
LHAV3b2_a,10647,0,237405,0,10647,237405
LHAV3b2_b,10647,0,237405,0,10647,237405
LHAV3b2_c,10647,0,237405,0,10647,237405
LHAV3b6_b,10647,0,237405,0,10647,237405
LHAV3b8,10647,0,237405,0,10647,237405
LHAV3d1,10647,0,237405,0,10647,237405
LHAV3e1,10647,0,237405,0,10647,237405
LHAV3e2,10647,0,237405,0,10647,237405
LHAV3e3_a,10647,0,237405,0,10647,237405
LHAV3e3_b,10647,0,237405,0,10647,237405
LHAV3e4_a,10647,0,237405,0,10647,237405
LHAV3e4_b,10647,0,237405,0,10647,237405
LHAV3e5,10647,0,237405,0,10647,237405
LHAV3e6,10647,0,237405,0,10647,237405
LHAV3f1,10647,0,237405,0,10647,237405
LHAV3g1,10647,0,237405,0,10647,237405
LHAV3g2,10647,0,237405,0,10647,237405
LHAV3h1,10647,0,237405,0,10647,237405
LHAV3i1,10647,0,237405,0,10647,237405
LHAV3j1,10647,0,237405,0,10647,237405
LHAV3k1,10647,0,237405,0,10647,237405
LHAV3k2,10647,0,237405,0,10647,237405
LHAV3k3,10647,0,237405,0,10647,237405
LHAV3k4,10647,0,237405,0,10647,237405
LHAV3k5,10647,0,237405,0,10647,237405
LHAV3k6,10647,0,237405,0,10647,237405
LHAV3m1,10647,0,237405,0,10647,237405
LHAV3n1,10647,0,237405,0,10647,237405
LHAV3o1,10647,0,237405,0,10647,237405
LHAV3p1,10647,0,237405,0,10647,237405
LHAV3q1,10647,0,237405,0,10647,237405
LHAV4a1_a,10647,0,237405,0,10647,237405
LHAV4a1_b,10647,0,237405,0,10647,237405
LHAV4a2,10647,0,237405,0,10647,237405
LHAV4a4,10647,0,237405,0,10647,237405
LHAV4a5,10647,0,237405,0,10647,237405
LHAV4a6,10647,0,237405,0,10647,237405
LHAV4a7,10647,0,237405,0,10647,237405
LHAV4b1,10647,0,237405,0,10647,237405
LHAV4b2,10647,0,237405,0,10647,237405
LHAV4b4,10647,0,237405,0,10647,237405
LHAV4c1,10647,0,237405,0,10647,237405
LHAV4c2,10647,0,237405,0,10647,237405
LHAV4d1,10647,0,237405,0,10647,237405
LHAV4d4,10647,0,237405,0,10647,237405
LHAV4d5,10647,0,237405,0,10647,237405
LHAV4e1_a,10647,0,237405,0,10647,237405
LHAV4e1_b,10647,0,237405,0,10647,237405
LHAV4e2_b1,10647,0,237405,0,10647,237405
LHAV4e2_b2,10647,0,237405,0,10647,237405
LHAV4e4,10647,0,237405,0,10647,237405
LHAV4e7_b,10647,0,237405,0,10647,237405
LHAV4g1,10647,0,237405,0,10647,237405
LHAV4g12,10647,0,237405,0,10647,237405
LHAV4g13,10647,0,237405,0,10647,237405
LHAV4g14,10647,0,237405,0,10647,237405
LHAV4g17,10647,0,237405,0,10647,237405
LHAV4g4_b,10647,0,237405,0,10647,237405
LHAV4g6_a,10647,0,237405,0,10647,237405
LHAV4g7_a,10647,0,237405,0,10647,237405
LHAV4g7_b,10647,0,237405,0,10647,237405
LHAV4i1,10647,0,237405,0,10647,237405
LHAV4j1,10647,0,237405,0,10647,237405
LHAV5a1,10647,0,237405,0,10647,237405
LHAV5a10_b,10647,0,237405,0,10647,237405
LHAV5a2_a1,10647,0,237405,0,10647,237405
LHAV5a2_a2,10647,0,237405,0,10647,237405
LHAV5a2_a3,10647,0,237405,0,10647,237405
LHAV5a2_a4,10647,0,237405,0,10647,237405
LHAV5a2_b,10647,0,237405,0,10647,237405
LHAV5a2_d,10647,0,237405,0,10647,237405
LHAV5a4_a,10647,0,237405,0,10647,237405
LHAV5a4_c,10647,0,237405,0,10647,237405
LHAV5a6_a,10647,0,237405,0,10647,237405
LHAV5a6_b,10647,0,237405,0,10647,237405
LHAV5a8,10647,0,237405,0,10647,237405
LHAV5a9_a,10647,0,237405,0,10647,237405
LHAV5b1,10647,0,237405,0,10647,237405
LHAV5b2,10647,0,237405,0,10647,237405
LHAV5c1,10647,0,237405,0,10647,237405
LHAV5d1,10647,0,237405,0,10647,237405
LHAV5e1,10647,0,237405,0,10647,237405
LHAV6a1,10647,0,237405,0,10647,237405
LHAV6a3,10647,0,237405,0,10647,237405
LHAV6a4,10647,0,237405,0,10647,237405
LHAV6a5,10647,0,237405,0,10647,237405
LHAV6a7,10647,0,237405,0,10647,237405
LHAV6a8,10647,0,237405,0,10647,237405
LHAV6b3,10647,0,237405,0,10647,237405
LHAV6b4,10647,0,237405,0,10647,237405
LHAV6c1,10647,0,237405,0,10647,237405
LHAV6e1,10647,0,237405,0,10647,237405
LHAV6g1,10647,0,237405,0,10647,237405
LHAV6h1,10647,0,237405,0,10647,237405
LHAV6i2_b,10647,0,237405,0,10647,237405
LHAV7a1,10647,0,237405,0,10647,237405
LHAV7a1_b,10647,0,237405,0,10647,237405
LHAV7a3,10647,0,237405,0,10647,237405
LHAV7a4,10647,0,237405,0,10647,237405
LHAV7a5,10647,0,237405,0,10647,237405
LHAV7a7,10647,0,237405,0,10647,237405
LHAV7b1,10647,0,237405,0,10647,237405
LHAV8a1,10647,0,237405,0,10647,237405
LHAV9a1_b,10647,0,237405,0,10647,237405
LHAV9a1_c,10647,0,237405,0,10647,237405
LHCENT1,10647,0,237405,0,10647,237405
LHCENT10,10647,0,237405,0,10647,237405
LHCENT11,10647,0,237405,0,10647,237405
LHCENT12_a,10647,0,237405,0,10647,237405
LHCENT12_b,10647,0,237405,0,10647,237405
LHCENT13_a,10647,0,237405,0,10647,237405
LHCENT13_b,10647,0,237405,0,10647,237405
LHCENT13_c,10647,0,237405,0,10647,237405
LHCENT13_d,10647,0,237405,0,10647,237405
LHCENT14,10647,0,237405,0,10647,237405
LHCENT2,10647,0,237405,0,10647,237405
LHCENT3,10647,0,237405,0,10647,237405
LHCENT4,10647,0,237405,0,10647,237405
LHCENT5,10647,0,237405,0,10647,237405
LHCENT6,10647,0,237405,0,10647,237405
LHCENT8,10647,0,237405,0,10647,237405
LHCENT9,10647,0,237405,0,10647,237405
LHMB1,10647,0,237405,0,10647,237405
LHPD1b1,10647,0,237405,0,10647,237405
LHPD2a1,10647,0,237405,0,10647,237405
LHPD2a2,10647,0,237405,0,10647,237405
LHPD2a4_a,10647,0,237405,0,10647,237405
LHPD2a4_b,10647,0,237405,0,10647,237405
LHPD2a5_b,10647,0,237405,0,10647,237405
LHPD2a6,10647,0,237405,0,10647,237405
LHPD2b1,10647,0,237405,0,10647,237405
LHPD2c1,10647,0,237405,0,10647,237405
LHPD2c2,10647,0,237405,0,10647,237405
LHPD2c6,10647,0,237405,0,10647,237405
LHPD2d1,10647,0,237405,0,10647,237405
LHPD2d2,10647,0,237405,0,10647,237405
LHPD3a2_a,10647,0,237405,0,10647,237405
LHPD3a2_b,10647,0,237405,0,10647,237405
LHPD3a2_c,10647,0,237405,0,10647,237405
LHPD3a4_b,10647,0,237405,0,10647,237405
LHPD3a4_c,10647,0,237405,0,10647,237405
LHPD3a5,10647,0,237405,0,10647,237405
LHPD3c1,10647,0,237405,0,10647,237405
LHPD4a1,10647,0,237405,0,10647,237405
LHPD4a2,10647,0,237405,0,10647,237405
LHPD4c1,10647,0,237405,0,10647,237405
LHPD4d1,10647,0,237405,0,10647,237405
LHPD4d2_b,10647,0,237405,0,10647,237405
LHPD4e1_b,10647,0,237405,0,10647,237405
LHPD5a1,10647,0,237405,0,10647,237405
LHPD5b1,10647,0,237405,0,10647,237405
LHPD5c1,10647,0,237405,0,10647,237405
LHPD5d1,10647,0,237405,0,10647,237405
LHPD5e1,10647,0,237405,0,10647,237405
LHPD5f1,10647,0,237405,0,10647,237405
LHPV10a1a,10647,0,237405,0,10647,237405
LHPV10a1b,10647,0,237405,0,10647,237405
LHPV10b1,10647,0,237405,0,10647,237405
LHPV10c1,10647,0,237405,0,10647,237405
LHPV10d1,10647,0,237405,0,10647,237405
LHPV11a1,10647,0,237405,0,10647,237405
LHPV12a1,10647,0,237405,0,10647,237405
LHPV1c1,10647,0,237405,0,10647,237405
LHPV1c2,10647,0,237405,0,10647,237405
LHPV1d1,10647,0,237405,0,10647,237405
LHPV2a1_a,10647,0,237405,0,10647,237405
LHPV2a1_c,10647,0,237405,0,10647,237405
LHPV2a1_e,10647,0,237405,0,10647,237405
LHPV2a2,10647,0,237405,0,10647,237405
LHPV2a3,10647,0,237405,0,10647,237405
LHPV2a4,10647,0,237405,0,10647,237405
LHPV2a5,10647,0,237405,0,10647,237405
LHPV2b1,10647,0,237405,0,10647,237405
LHPV2b2_a,10647,0,237405,0,10647,237405
LHPV2b4,10647,0,237405,0,10647,237405
LHPV2b5,10647,0,237405,0,10647,237405
LHPV2c1_a,10647,0,237405,0,10647,237405
LHPV2c2,10647,0,237405,0,10647,237405
LHPV2c4,10647,0,237405,0,10647,237405
LHPV2d1,10647,0,237405,0,10647,237405
LHPV2e1_a,10647,0,237405,0,10647,237405
LHPV2g1,10647,0,237405,0,10647,237405
LHPV2i1,10647,0,237405,0,10647,237405
LHPV2i2_a,10647,0,237405,0,10647,237405
LHPV2i2_b,10647,0,237405,0,10647,237405
LHPV3a1,10647,0,237405,0,10647,237405
LHPV3a2,10647,0,237405,0,10647,237405
LHPV3a3_b,10647,0,237405,0,10647,237405
LHPV3b1_a,10647,0,237405,0,10647,237405
LHPV3b1_b,10647,0,237405,0,10647,237405
LHPV3c1,10647,0,237405,0,10647,237405
LHPV4a1,10647,0,237405,0,10647,237405
LHPV4a10,10647,0,237405,0,10647,237405
LHPV4a11,10647,0,237405,0,10647,237405
LHPV4a2,10647,0,237405,0,10647,237405
LHPV4a3,10647,0,237405,0,10647,237405
LHPV4a5,10647,0,237405,0,10647,237405
LHPV4a7,10647,0,237405,0,10647,237405
LHPV4a7_d,10647,0,237405,0,10647,237405
LHPV4a8,10647,0,237405,0,10647,237405
LHPV4a9,10647,0,237405,0,10647,237405
LHPV4b1,10647,0,237405,0,10647,237405
LHPV4b2,10647,0,237405,0,10647,237405
LHPV4b3,10647,0,237405,0,10647,237405
LHPV4b7,10647,0,237405,0,10647,237405
LHPV4b9,10647,0,237405,0,10647,237405
LHPV4c1_a,10647,0,237405,0,10647,237405
LHPV4c1_b,10647,0,237405,0,10647,237405
LHPV4c1_c,10647,0,237405,0,10647,237405
LHPV4c2,10647,0,237405,0,10647,237405
LHPV4c3,10647,0,237405,0,10647,237405
LHPV4c4,10647,0,237405,0,10647,237405
LHPV4d10,10647,0,237405,0,10647,237405
LHPV4d3,10647,0,237405,0,10647,237405
LHPV4d4,10647,0,237405,0,10647,237405
LHPV4e1,10647,0,237405,0,10647,237405
LHPV4g1,10647,0,237405,0,10647,237405
LHPV4g2,10647,0,237405,0,10647,237405
LHPV4h1,10647,0,237405,0,10647,237405
LHPV4h3,10647,0,237405,0,10647,237405
LHPV4i1,10647,0,237405,0,10647,237405
LHPV4i3,10647,0,237405,0,10647,237405
LHPV4i4,10647,0,237405,0,10647,237405
LHPV4j2,10647,0,237405,0,10647,237405
LHPV4j4,10647,0,237405,0,10647,237405
LHPV4k1,10647,0,237405,0,10647,237405
LHPV4l1,10647,0,237405,0,10647,237405
LHPV4m1,10647,0,237405,0,10647,237405
LHPV5a1,10647,0,237405,0,10647,237405
LHPV5a2,10647,0,237405,0,10647,237405
LHPV5a3,10647,0,237405,0,10647,237405
LHPV5a5,10647,0,237405,0,10647,237405
LHPV5b1,10647,0,237405,0,10647,237405
LHPV5b2,10647,0,237405,0,10647,237405
LHPV5b3,10647,0,237405,0,10647,237405
LHPV5b6,10647,0,237405,0,10647,237405
LHPV5c1,10647,0,237405,0,10647,237405
LHPV5c1_a,10647,0,237405,0,10647,237405
LHPV5c1_c,10647,0,237405,0,10647,237405
LHPV5c1_d,10647,0,237405,0,10647,237405
LHPV5c2,10647,0,237405,0,10647,237405
LHPV5c3,10647,0,237405,0,10647,237405
LHPV5d1,10647,0,237405,0,10647,237405
LHPV5d3,10647,0,237405,0,10647,237405
LHPV5e1,10647,0,237405,0,10647,237405
LHPV5e2,10647,0,237405,0,10647,237405
LHPV5e3,10647,0,237405,0,10647,237405
LHPV5g1_a,10647,0,237405,0,10647,237405
LHPV5g2,10647,0,237405,0,10647,237405
LHPV5h2_a,10647,0,237405,0,10647,237405
LHPV5h2_b,10647,0,237405,0,10647,237405
LHPV5h2_c,10647,0,237405,0,10647,237405
LHPV5h4,10647,0,237405,0,10647,237405
LHPV5i1,10647,0,237405,0,10647,237405
LHPV5j1,10647,0,237405,0,10647,237405
LHPV5l1,10647,0,237405,0,10647,237405
LHPV5m1,10647,0,237405,0,10647,237405
LHPV6a1,10647,0,237405,0,10647,237405
LHPV6a10,10647,0,237405,0,10647,237405
LHPV6a9_b,10647,0,237405,0,10647,237405
LHPV6c1,10647,0,237405,0,10647,237405
LHPV6c2,10647,0,237405,0,10647,237405
LHPV6d1,10647,0,237405,0,10647,237405
LHPV6f1,10647,0,237405,0,10647,237405
LHPV6f3_b,10647,0,237405,0,10647,237405
LHPV6f5,10647,0,237405,0,10647,237405
LHPV6g1,10647,0,237405,0,10647,237405
LHPV6h1,10647,0,237405,0,10647,237405
LHPV6h1_b,10647,0,237405,0,10647,237405
LHPV6h2,10647,0,237405,0,10647,237405
"LHPV6h3,SLP276",10647,0,237405,0,10647,237405
LHPV6i1_a,10647,0,237405,0,10647,237405
LHPV6j1,10647,0,237405,0,10647,237405
LHPV6k1,10647,0,237405,0,10647,237405
LHPV6k2,10647,0,237405,0,10647,237405
LHPV6l1,10647,0,237405,0,10647,237405
LHPV6l2,10647,0,237405,0,10647,237405
LHPV6m1,10647,0,237405,0,10647,237405
LHPV6o1,10647,0,237405,0,10647,237405
LHPV6p1,10647,0,237405,0,10647,237405
LHPV6q1,10647,0,237405,0,10647,237405
LHPV7a1,10647,0,237405,0,10647,237405
LHPV7a2,10647,0,237405,0,10647,237405
LHPV7b1,10647,0,237405,0,10647,237405
LHPV7c1,10647,0,237405,0,10647,237405
LHPV8c1,10647,0,237405,0,10647,237405
LHPV9b1,10647,0,237405,0,10647,237405
LK,10647,0,237405,0,10647,237405
LLPC1,10647,0,237405,0,10647,237405
LLPC2,10647,0,237405,0,10647,237405
LLPC3,10647,0,237405,0,10647,237405
LLPC4,10647,0,237405,0,10647,237405
LLPC_unclear,10647,0,237405,0,10647,237405
LNO1,10647,0,237405,0,10647,237405
LNO2,10647,0,237405,0,10647,237405
LNOa,10647,0,237405,0,10647,237405
LNd_b,10647,0,237405,0,10647,237405
LNd_c,10647,0,237405,0,10647,237405
LOLP1,10647,0,237405,0,10647,237405
LOP_LO_unclear,10647,0,237405,0,10647,237405
LOP_ME_unclear,10647,0,237405,0,10647,237405
LOP_unclear,10647,0,237405,0,10647,237405
LO_LOP_unclear,10647,0,237405,0,10647,237405
LO_ME_unclear,10647,0,237405,0,10647,237405
LO_unclear,10647,0,237405,0,10647,237405
LPC1,10647,0,237405,0,10647,237405
LPC2,10647,0,237405,0,10647,237405
LPC_unclear,10647,0,237405,0,10647,237405
LPLC1,10647,0,237405,0,10647,237405
LPLC2,10647,0,237405,0,10647,237405
LPLC4,10647,0,237405,0,10647,237405
LPLC_unclear,10647,0,237405,0,10647,237405
LPN_a,10647,0,237405,0,10647,237405
LPN_b,10647,0,237405,0,10647,237405
LPT100,10647,0,237405,0,10647,237405
LPT101,10647,0,237405,0,10647,237405
LPT110,10647,0,237405,0,10647,237405
LPT111,10647,0,237405,0,10647,237405
LPT112,10647,0,237405,0,10647,237405
LPT113,10647,0,237405,0,10647,237405
LPT114,10647,0,237405,0,10647,237405
LPT115,10647,0,237405,0,10647,237405
LPT116,10647,0,237405,0,10647,237405
LPT21,10647,0,237405,0,10647,237405
LPT22,10647,0,237405,0,10647,237405
LPT23,10647,0,237405,0,10647,237405
LPT26,10647,0,237405,0,10647,237405
LPT27,10647,0,237405,0,10647,237405
LPT28,10647,0,237405,0,10647,237405
LPT29,10647,0,237405,0,10647,237405
LPT30,10647,0,237405,0,10647,237405
LPT31,10647,0,237405,0,10647,237405
LPT49,10647,0,237405,0,10647,237405
LPT50,10647,0,237405,0,10647,237405
LPT51,10647,0,237405,0,10647,237405
LPT52,10647,0,237405,0,10647,237405
LPT53,10647,0,237405,0,10647,237405
LPT54,10647,0,237405,0,10647,237405
LPT57,10647,0,237405,0,10647,237405
LPT60,10647,0,237405,0,10647,237405
LPi12,10647,0,237405,0,10647,237405
LPi14,10647,0,237405,0,10647,237405
LPi21,10647,0,237405,0,10647,237405
LPi2b,10647,0,237405,0,10647,237405
LPi2c,10647,0,237405,0,10647,237405
LPi2d,10647,0,237405,0,10647,237405
LPi2e,10647,0,237405,0,10647,237405
LPi34,10647,0,237405,0,10647,237405
LPi3412,10647,0,237405,0,10647,237405
LPi3a,10647,0,237405,0,10647,237405
LPi3b,10647,0,237405,0,10647,237405
LPi3c,10647,0,237405,0,10647,237405
LPi43,10647,0,237405,0,10647,237405
LPi4a,10647,0,237405,0,10647,237405
LPi4b,10647,0,237405,0,10647,237405
LPi_unclear,10647,0,237405,0,10647,237405
LPsP,10647,0,237405,0,10647,237405
LT11,10647,0,237405,0,10647,237405
LT1a,10647,0,237405,0,10647,237405
LT1b,10647,0,237405,0,10647,237405
LT1c,10647,0,237405,0,10647,237405
LT1d,10647,0,237405,0,10647,237405
LT33,10647,0,237405,0,10647,237405
LT34,10647,0,237405,0,10647,237405
LT35,10647,0,237405,0,10647,237405
LT36,10647,0,237405,0,10647,237405
LT37,10647,0,237405,0,10647,237405
LT39,10647,0,237405,0,10647,237405
LT40,10647,0,237405,0,10647,237405
LT41,10647,0,237405,0,10647,237405
LT42,10647,0,237405,0,10647,237405
LT43,10647,0,237405,0,10647,237405
LT46,10647,0,237405,0,10647,237405
LT47,10647,0,237405,0,10647,237405
LT51,10647,0,237405,0,10647,237405
LT52,10647,0,237405,0,10647,237405
LT54,10647,0,237405,0,10647,237405
LT55,10647,0,237405,0,10647,237405
LT56,10647,0,237405,0,10647,237405
LT58,10647,0,237405,0,10647,237405
LT59,10647,0,237405,0,10647,237405
LT60,10647,0,237405,0,10647,237405
LT61a,10647,0,237405,0,10647,237405
LT61b,10647,0,237405,0,10647,237405
LT62,10647,0,237405,0,10647,237405
LT63,10647,0,237405,0,10647,237405
LT64,10647,0,237405,0,10647,237405
LT65,10647,0,237405,0,10647,237405
LT66,10647,0,237405,0,10647,237405
LT67,10647,0,237405,0,10647,237405
LT68,10647,0,237405,0,10647,237405
LT69,10647,0,237405,0,10647,237405
LT70,10647,0,237405,0,10647,237405
LT72,10647,0,237405,0,10647,237405
LT73,10647,0,237405,0,10647,237405
LT74,10647,0,237405,0,10647,237405
LT75,10647,0,237405,0,10647,237405
LT76,10647,0,237405,0,10647,237405
LT77,10647,0,237405,0,10647,237405
LT78,10647,0,237405,0,10647,237405
LT79,10647,0,237405,0,10647,237405
LT80,10647,0,237405,0,10647,237405
LT81,10647,0,237405,0,10647,237405
LT82a,10647,0,237405,0,10647,237405
LT82b,10647,0,237405,0,10647,237405
LT83,10647,0,237405,0,10647,237405
LT84,10647,0,237405,0,10647,237405
LT85,10647,0,237405,0,10647,237405
LT86,10647,0,237405,0,10647,237405
LT87,10647,0,237405,0,10647,237405
LT88,10647,0,237405,0,10647,237405
Lai,10647,0,237405,0,10647,237405
Lat1,10647,0,237405,0,10647,237405
Lat2,10647,0,237405,0,10647,237405
Lat3,10647,0,237405,0,10647,237405
Lat4,10647,0,237405,0,10647,237405
Lat5,10647,0,237405,0,10647,237405
Lawf1,10647,0,237405,0,10647,237405
Lawf2,10647,0,237405,0,10647,237405
Li11a,10647,0,237405,0,10647,237405
Li11b,10647,0,237405,0,10647,237405
Li12,10647,0,237405,0,10647,237405
Li13,10647,0,237405,0,10647,237405
Li14,10647,0,237405,0,10647,237405
Li15,10647,0,237405,0,10647,237405
Li16,10647,0,237405,0,10647,237405
Li17,10647,0,237405,0,10647,237405
Li18a,10647,0,237405,0,10647,237405
Li18b,10647,0,237405,0,10647,237405
Li19,10647,0,237405,0,10647,237405
Li20,10647,0,237405,0,10647,237405
Li21,10647,0,237405,0,10647,237405
Li22,10647,0,237405,0,10647,237405
Li23,10647,0,237405,0,10647,237405
Li25,10647,0,237405,0,10647,237405
Li26,10647,0,237405,0,10647,237405
Li27,10647,0,237405,0,10647,237405
Li28,10647,0,237405,0,10647,237405
Li29,10647,0,237405,0,10647,237405
Li30,10647,0,237405,0,10647,237405
Li31,10647,0,237405,0,10647,237405
Li32,10647,0,237405,0,10647,237405
Li33,10647,0,237405,0,10647,237405
Li34a,10647,0,237405,0,10647,237405
Li34b,10647,0,237405,0,10647,237405
Li35,10647,0,237405,0,10647,237405
Li36,10647,0,237405,0,10647,237405
Li37,10647,0,237405,0,10647,237405
Li38,10647,0,237405,0,10647,237405
Li39,10647,0,237405,0,10647,237405
Li_unclear,10647,0,237405,0,10647,237405
LoVC1,10647,0,237405,0,10647,237405
LoVC11,10647,0,237405,0,10647,237405
LoVC12,10647,0,237405,0,10647,237405
LoVC15,10647,0,237405,0,10647,237405
LoVC16,10647,0,237405,0,10647,237405
LoVC17,10647,0,237405,0,10647,237405
LoVC18,10647,0,237405,0,10647,237405
LoVC19,10647,0,237405,0,10647,237405
LoVC2,10647,0,237405,0,10647,237405
LoVC20,10647,0,237405,0,10647,237405
LoVC21,10647,0,237405,0,10647,237405
LoVC22,10647,0,237405,0,10647,237405
LoVC23,10647,0,237405,0,10647,237405
LoVC25,10647,0,237405,0,10647,237405
LoVC26,10647,0,237405,0,10647,237405
LoVC27,10647,0,237405,0,10647,237405
LoVC28,10647,0,237405,0,10647,237405
LoVC29,10647,0,237405,0,10647,237405
LoVC3,10647,0,237405,0,10647,237405
LoVC4,10647,0,237405,0,10647,237405
LoVC5,10647,0,237405,0,10647,237405
LoVC6,10647,0,237405,0,10647,237405
LoVC7,10647,0,237405,0,10647,237405
LoVC9,10647,0,237405,0,10647,237405
LoVCLo1,10647,0,237405,0,10647,237405
LoVCLo2,10647,0,237405,0,10647,237405
LoVCLo3,10647,0,237405,0,10647,237405
LoVP1,10647,0,237405,0,10647,237405
LoVP10,10647,0,237405,0,10647,237405
LoVP100,10647,0,237405,0,10647,237405
LoVP101,10647,0,237405,0,10647,237405
LoVP102,10647,0,237405,0,10647,237405
LoVP103,10647,0,237405,0,10647,237405
LoVP105,10647,0,237405,0,10647,237405
LoVP106,10647,0,237405,0,10647,237405
LoVP107,10647,0,237405,0,10647,237405
LoVP108,10647,0,237405,0,10647,237405
LoVP109,10647,0,237405,0,10647,237405
LoVP11,10647,0,237405,0,10647,237405
LoVP12,10647,0,237405,0,10647,237405
LoVP13,10647,0,237405,0,10647,237405
LoVP14,10647,0,237405,0,10647,237405
LoVP16,10647,0,237405,0,10647,237405
LoVP17,10647,0,237405,0,10647,237405
LoVP18,10647,0,237405,0,10647,237405
LoVP19,10647,0,237405,0,10647,237405
LoVP2,10647,0,237405,0,10647,237405
LoVP20,10647,0,237405,0,10647,237405
LoVP21,10647,0,237405,0,10647,237405
LoVP22,10647,0,237405,0,10647,237405
LoVP23,10647,0,237405,0,10647,237405
LoVP24,10647,0,237405,0,10647,237405
LoVP25,10647,0,237405,0,10647,237405
LoVP26,10647,0,237405,0,10647,237405
LoVP27,10647,0,237405,0,10647,237405
LoVP28,10647,0,237405,0,10647,237405
LoVP29,10647,0,237405,0,10647,237405
LoVP3,10647,0,237405,0,10647,237405
LoVP30,10647,0,237405,0,10647,237405
LoVP31,10647,0,237405,0,10647,237405
LoVP32,10647,0,237405,0,10647,237405
LoVP33,10647,0,237405,0,10647,237405
LoVP34,10647,0,237405,0,10647,237405
LoVP35,10647,0,237405,0,10647,237405
LoVP36,10647,0,237405,0,10647,237405
LoVP37,10647,0,237405,0,10647,237405
LoVP38,10647,0,237405,0,10647,237405
LoVP39,10647,0,237405,0,10647,237405
LoVP4,10647,0,237405,0,10647,237405
LoVP40,10647,0,237405,0,10647,237405
LoVP41,10647,0,237405,0,10647,237405
LoVP42,10647,0,237405,0,10647,237405
LoVP43,10647,0,237405,0,10647,237405
LoVP44,10647,0,237405,0,10647,237405
LoVP45,10647,0,237405,0,10647,237405
LoVP46,10647,0,237405,0,10647,237405
LoVP47,10647,0,237405,0,10647,237405
LoVP48,10647,0,237405,0,10647,237405
LoVP49,10647,0,237405,0,10647,237405
LoVP5,10647,0,237405,0,10647,237405
LoVP50,10647,0,237405,0,10647,237405
LoVP51,10647,0,237405,0,10647,237405
LoVP52,10647,0,237405,0,10647,237405
LoVP53,10647,0,237405,0,10647,237405
LoVP54,10647,0,237405,0,10647,237405
LoVP55,10647,0,237405,0,10647,237405
LoVP56,10647,0,237405,0,10647,237405
LoVP57,10647,0,237405,0,10647,237405
LoVP58,10647,0,237405,0,10647,237405
LoVP59,10647,0,237405,0,10647,237405
LoVP6,10647,0,237405,0,10647,237405
LoVP60,10647,0,237405,0,10647,237405
LoVP61,10647,0,237405,0,10647,237405
LoVP62,10647,0,237405,0,10647,237405
LoVP63,10647,0,237405,0,10647,237405
LoVP64,10647,0,237405,0,10647,237405
LoVP65,10647,0,237405,0,10647,237405
LoVP66,10647,0,237405,0,10647,237405
LoVP67,10647,0,237405,0,10647,237405
LoVP68,10647,0,237405,0,10647,237405
LoVP69,10647,0,237405,0,10647,237405
LoVP7,10647,0,237405,0,10647,237405
LoVP70,10647,0,237405,0,10647,237405
LoVP71,10647,0,237405,0,10647,237405
LoVP72,10647,0,237405,0,10647,237405
LoVP73,10647,0,237405,0,10647,237405
LoVP74,10647,0,237405,0,10647,237405
LoVP75,10647,0,237405,0,10647,237405
LoVP76,10647,0,237405,0,10647,237405
LoVP77,10647,0,237405,0,10647,237405
LoVP78,10647,0,237405,0,10647,237405
LoVP79,10647,0,237405,0,10647,237405
LoVP8,10647,0,237405,0,10647,237405
LoVP80,10647,0,237405,0,10647,237405
LoVP81,10647,0,237405,0,10647,237405
LoVP82,10647,0,237405,0,10647,237405
LoVP83,10647,0,237405,0,10647,237405
LoVP84,10647,0,237405,0,10647,237405
LoVP85,10647,0,237405,0,10647,237405
LoVP86,10647,0,237405,0,10647,237405
LoVP88,10647,0,237405,0,10647,237405
LoVP89,10647,0,237405,0,10647,237405
LoVP9,10647,0,237405,0,10647,237405
LoVP90a,10647,0,237405,0,10647,237405
LoVP90b,10647,0,237405,0,10647,237405
LoVP90c,10647,0,237405,0,10647,237405
LoVP91,10647,0,237405,0,10647,237405
LoVP92,10647,0,237405,0,10647,237405
LoVP93,10647,0,237405,0,10647,237405
LoVP94,10647,0,237405,0,10647,237405
LoVP95,10647,0,237405,0,10647,237405
LoVP96,10647,0,237405,0,10647,237405
LoVP97,10647,0,237405,0,10647,237405
LoVP98,10647,0,237405,0,10647,237405
LoVP99,10647,0,237405,0,10647,237405
LoVP_unclear,10647,0,237405,0,10647,237405
LopVC_unclear,10647,0,237405,0,10647,237405
LpMe_unclear,10647,0,237405,0,10647,237405
MB-C1,10647,0,237405,0,10647,237405
MBON01,10647,0,237405,0,10647,237405
MBON02,10647,0,237405,0,10647,237405
MBON03,10647,0,237405,0,10647,237405
MBON04,10647,0,237405,0,10647,237405
MBON05,10647,0,237405,0,10647,237405
MBON06,10647,0,237405,0,10647,237405
MBON07,10647,0,237405,0,10647,237405
MBON09,10647,0,237405,0,10647,237405
MBON10,10647,0,237405,0,10647,237405
MBON11,10647,0,237405,0,10647,237405
MBON12,10647,0,237405,0,10647,237405
MBON13,10647,0,237405,0,10647,237405
MBON14,10647,0,237405,0,10647,237405
MBON15,10647,0,237405,0,10647,237405
MBON15-like,10647,0,237405,0,10647,237405
MBON16,10647,0,237405,0,10647,237405
MBON17,10647,0,237405,0,10647,237405
MBON17-like,10647,0,237405,0,10647,237405
MBON18,10647,0,237405,0,10647,237405
MBON19,10647,0,237405,0,10647,237405
MBON20,10647,0,237405,0,10647,237405
MBON21,10647,0,237405,0,10647,237405
MBON22,10647,0,237405,0,10647,237405
MBON23,10647,0,237405,0,10647,237405
MBON24,10647,0,237405,0,10647,237405
MBON25,10647,0,237405,0,10647,237405
MBON25-like,10647,0,237405,0,10647,237405
MBON26,10647,0,237405,0,10647,237405
MBON27,10647,0,237405,0,10647,237405
MBON28,10647,0,237405,0,10647,237405
MBON29,10647,0,237405,0,10647,237405
MBON30,10647,0,237405,0,10647,237405
MBON31,10647,0,237405,0,10647,237405
MBON32,10647,0,237405,0,10647,237405
MBON33,10647,0,237405,0,10647,237405
MBON34,10647,0,237405,0,10647,237405
MBON35,10647,0,237405,0,10647,237405
ME_LOP_unclear,10647,0,237405,0,10647,237405
ME_LO_unclear,10647,0,237405,0,10647,237405
ME_unclear,10647,0,237405,0,10647,237405
M_imPNl92,10647,0,237405,0,10647,237405
M_lvPNm27,10647,0,237405,0,10647,237405
M_lvPNm28,10647,0,237405,0,10647,237405
M_spPN4t9,10647,0,237405,0,10647,237405
M_vPNml50,10647,0,237405,0,10647,237405
M_vPNml78,10647,0,237405,0,10647,237405
MeLo10,10647,0,237405,0,10647,237405
MeLo12,10647,0,237405,0,10647,237405
MeLo13,10647,0,237405,0,10647,237405
MeLo14,10647,0,237405,0,10647,237405
MeLo2,10647,0,237405,0,10647,237405
MeLo3a,10647,0,237405,0,10647,237405
MeLo3b,10647,0,237405,0,10647,237405
MeLo4,10647,0,237405,0,10647,237405
MeLo5,10647,0,237405,0,10647,237405
MeLo6,10647,0,237405,0,10647,237405
MeLo7,10647,0,237405,0,10647,237405
MeLo8,10647,0,237405,0,10647,237405
MeLo9,10647,0,237405,0,10647,237405
MeTu1,10647,0,237405,0,10647,237405
MeTu4_unclear,10647,0,237405,0,10647,237405
MeTu4a,10647,0,237405,0,10647,237405
MeTu4b,10647,0,237405,0,10647,237405
MeTu4c,10647,0,237405,0,10647,237405
MeTu4d,10647,0,237405,0,10647,237405
MeTu4e,10647,0,237405,0,10647,237405
MeTu4f,10647,0,237405,0,10647,237405
MeVC1,10647,0,237405,0,10647,237405
MeVC10,10647,0,237405,0,10647,237405
MeVC11,10647,0,237405,0,10647,237405
MeVC12,10647,0,237405,0,10647,237405
MeVC2,10647,0,237405,0,10647,237405
MeVC20,10647,0,237405,0,10647,237405
MeVC21,10647,0,237405,0,10647,237405
MeVC22,10647,0,237405,0,10647,237405
MeVC23,10647,0,237405,0,10647,237405
MeVC24,10647,0,237405,0,10647,237405
MeVC25,10647,0,237405,0,10647,237405
MeVC26,10647,0,237405,0,10647,237405
MeVC27,10647,0,237405,0,10647,237405
MeVC4a,10647,0,237405,0,10647,237405
MeVC4b,10647,0,237405,0,10647,237405
MeVC6,10647,0,237405,0,10647,237405
MeVC7a,10647,0,237405,0,10647,237405
MeVC7b,10647,0,237405,0,10647,237405
MeVC8,10647,0,237405,0,10647,237405
MeVCMe1,10647,0,237405,0,10647,237405
MeVC_unclear,10647,0,237405,0,10647,237405
MeVP1,10647,0,237405,0,10647,237405
MeVP10,10647,0,237405,0,10647,237405
MeVP12,10647,0,237405,0,10647,237405
MeVP14,10647,0,237405,0,10647,237405
MeVP16,10647,0,237405,0,10647,237405
MeVP17,10647,0,237405,0,10647,237405
MeVP18,10647,0,237405,0,10647,237405
MeVP2,10647,0,237405,0,10647,237405
MeVP20,10647,0,237405,0,10647,237405
MeVP21,10647,0,237405,0,10647,237405
MeVP22,10647,0,237405,0,10647,237405
MeVP23,10647,0,237405,0,10647,237405
MeVP24,10647,0,237405,0,10647,237405
MeVP25,10647,0,237405,0,10647,237405
MeVP26,10647,0,237405,0,10647,237405
MeVP27,10647,0,237405,0,10647,237405
MeVP28,10647,0,237405,0,10647,237405
MeVP29,10647,0,237405,0,10647,237405
MeVP3,10647,0,237405,0,10647,237405
MeVP30,10647,0,237405,0,10647,237405
MeVP33,10647,0,237405,0,10647,237405
MeVP34,10647,0,237405,0,10647,237405
MeVP35,10647,0,237405,0,10647,237405
MeVP36,10647,0,237405,0,10647,237405
MeVP38,10647,0,237405,0,10647,237405
MeVP39,10647,0,237405,0,10647,237405
MeVP4,10647,0,237405,0,10647,237405
MeVP40,10647,0,237405,0,10647,237405
MeVP41,10647,0,237405,0,10647,237405
MeVP42,10647,0,237405,0,10647,237405
MeVP45,10647,0,237405,0,10647,237405
MeVP46,10647,0,237405,0,10647,237405
MeVP47,10647,0,237405,0,10647,237405
MeVP48,10647,0,237405,0,10647,237405
MeVP49,10647,0,237405,0,10647,237405
MeVP5,10647,0,237405,0,10647,237405
MeVP50,10647,0,237405,0,10647,237405
MeVP51,10647,0,237405,0,10647,237405
MeVP52,10647,0,237405,0,10647,237405
MeVP53,10647,0,237405,0,10647,237405
MeVP54,10647,0,237405,0,10647,237405
MeVP55,10647,0,237405,0,10647,237405
MeVP56,10647,0,237405,0,10647,237405
MeVP57,10647,0,237405,0,10647,237405
MeVP58,10647,0,237405,0,10647,237405
MeVP59,10647,0,237405,0,10647,237405
MeVP6,10647,0,237405,0,10647,237405
MeVP60,10647,0,237405,0,10647,237405
MeVP61,10647,0,237405,0,10647,237405
MeVP62,10647,0,237405,0,10647,237405
MeVP64,10647,0,237405,0,10647,237405
MeVP6_unclear,10647,0,237405,0,10647,237405
MeVP7,10647,0,237405,0,10647,237405
MeVP8,10647,0,237405,0,10647,237405
MeVP9,10647,0,237405,0,10647,237405
MeVPLo1,10647,0,237405,0,10647,237405
MeVPLo2,10647,0,237405,0,10647,237405
MeVPLp2,10647,0,237405,0,10647,237405
MeVPMe1,10647,0,237405,0,10647,237405
MeVPMe11,10647,0,237405,0,10647,237405
MeVPMe12,10647,0,237405,0,10647,237405
MeVPMe13,10647,0,237405,0,10647,237405
MeVPMe2,10647,0,237405,0,10647,237405
MeVPMe3,10647,0,237405,0,10647,237405
MeVPMe4,10647,0,237405,0,10647,237405
MeVPMe5,10647,0,237405,0,10647,237405
MeVPMe6,10647,0,237405,0,10647,237405
MeVPMe7,10647,0,237405,0,10647,237405
MeVPMe8,10647,0,237405,0,10647,237405
MeVPMe9,10647,0,237405,0,10647,237405
MeVPOL1,10647,0,237405,0,10647,237405
MeVP_unclear,10647,0,237405,0,10647,237405
MeVPaMe1,10647,0,237405,0,10647,237405
MeVPaMe2,10647,0,237405,0,10647,237405
Mi1,10647,0,237405,0,10647,237405
Mi10,10647,0,237405,0,10647,237405
Mi13,10647,0,237405,0,10647,237405
Mi14,10647,0,237405,0,10647,237405
Mi16,10647,0,237405,0,10647,237405
Mi17,10647,0,237405,0,10647,237405
Mi18,10647,0,237405,0,10647,237405
Mi19,10647,0,237405,0,10647,237405
Mi2,10647,0,237405,0,10647,237405
Mi20,10647,0,237405,0,10647,237405
Mi9,10647,0,237405,0,10647,237405
NPFL1-I,10647,0,237405,0,10647,237405
Nod1,10647,0,237405,0,10647,237405
Nod2,10647,0,237405,0,10647,237405
Nod3,10647,0,237405,0,10647,237405
Nod4,10647,0,237405,0,10647,237405
Nod5,10647,0,237405,0,10647,237405
OA-AL2i1,10647,0,237405,0,10647,237405
OA-AL2i2,10647,0,237405,0,10647,237405
OA-AL2i3,10647,0,237405,0,10647,237405
OA-AL2i4,10647,0,237405,0,10647,237405
OA-ASM1,10647,0,237405,0,10647,237405
OA-ASM2,10647,0,237405,0,10647,237405
OA-ASM3,10647,0,237405,0,10647,237405
OA-VPM3,10647,0,237405,0,10647,237405
OA-VPM4,10647,0,237405,0,10647,237405
OA-VUMa1,10647,0,237405,0,10647,237405
OA-VUMa3,10647,0,237405,0,10647,237405
OA-VUMa4,10647,0,237405,0,10647,237405
OA-VUMa6,10647,0,237405,0,10647,237405
OA-VUMa8,10647,0,237405,0,10647,237405
OCC01b,10647,0,237405,0,10647,237405
OCC02a,10647,0,237405,0,10647,237405
OCC02b,10647,0,237405,0,10647,237405
OCG01a,10647,0,237405,0,10647,237405
OCG01b,10647,0,237405,0,10647,237405
OCG01c,10647,0,237405,0,10647,237405
OCG01d,10647,0,237405,0,10647,237405
OCG02b,10647,0,237405,0,10647,237405
OCG02c,10647,0,237405,0,10647,237405
OCG03,10647,0,237405,0,10647,237405
OLVC1,10647,0,237405,0,10647,237405
OLVC2,10647,0,237405,0,10647,237405
OLVC3,10647,0,237405,0,10647,237405
OLVC4,10647,0,237405,0,10647,237405
OLVC5,10647,0,237405,0,10647,237405
OLVC6,10647,0,237405,0,10647,237405
OLVC7,10647,0,237405,0,10647,237405
OLVp_unclear,10647,0,237405,0,10647,237405
P6-8P9,10647,0,237405,0,10647,237405
PAL01,10647,0,237405,0,10647,237405
PAL03,10647,0,237405,0,10647,237405
PAM01,10647,0,237405,0,10647,237405
PAM02,10647,0,237405,0,10647,237405
PAM03,10647,0,237405,0,10647,237405
PAM04,10647,0,237405,0,10647,237405
PAM05,10647,0,237405,0,10647,237405
PAM06,10647,0,237405,0,10647,237405
PAM07,10647,0,237405,0,10647,237405
PAM08,10647,0,237405,0,10647,237405
PAM09,10647,0,237405,0,10647,237405
PAM10,10647,0,237405,0,10647,237405
PAM11,10647,0,237405,0,10647,237405
PAM12,10647,0,237405,0,10647,237405
PAM13,10647,0,237405,0,10647,237405
PAM14,10647,0,237405,0,10647,237405
PAM15,10647,0,237405,0,10647,237405
PEG,10647,0,237405,0,10647,237405
PEN_a(PEN1),10647,0,237405,0,10647,237405
PEN_b(PEN2),10647,0,237405,0,10647,237405
PFGs,10647,0,237405,0,10647,237405
PFL1,10647,0,237405,0,10647,237405
PFL2,10647,0,237405,0,10647,237405
PFL3,10647,0,237405,0,10647,237405
PFNa,10647,0,237405,0,10647,237405
PFNd,10647,0,237405,0,10647,237405
PFNm_a,10647,0,237405,0,10647,237405
PFNm_b,10647,0,237405,0,10647,237405
PFNp_a,10647,0,237405,0,10647,237405
PFNp_b,10647,0,237405,0,10647,237405
PFNp_c,10647,0,237405,0,10647,237405
PFNp_d,10647,0,237405,0,10647,237405
PFNp_e,10647,0,237405,0,10647,237405
PFNv,10647,0,237405,0,10647,237405
PFR_a,10647,0,237405,0,10647,237405
PFR_b,10647,0,237405,0,10647,237405
PI3,10647,0,237405,0,10647,237405
PLP001,10647,0,237405,0,10647,237405
PLP002,10647,0,237405,0,10647,237405
PLP003,10647,0,237405,0,10647,237405
PLP004,10647,0,237405,0,10647,237405
PLP005,10647,0,237405,0,10647,237405
PLP006,10647,0,237405,0,10647,237405
PLP007,10647,0,237405,0,10647,237405
PLP008,10647,0,237405,0,10647,237405
PLP009,10647,0,237405,0,10647,237405
PLP010,10647,0,237405,0,10647,237405
PLP012,10647,0,237405,0,10647,237405
PLP013,10647,0,237405,0,10647,237405
PLP015,10647,0,237405,0,10647,237405
PLP016,10647,0,237405,0,10647,237405
PLP017,10647,0,237405,0,10647,237405
PLP018,10647,0,237405,0,10647,237405
PLP019,10647,0,237405,0,10647,237405
PLP020,10647,0,237405,0,10647,237405
PLP021,10647,0,237405,0,10647,237405
PLP022,10647,0,237405,0,10647,237405
PLP023,10647,0,237405,0,10647,237405
PLP025,10647,0,237405,0,10647,237405
PLP026,10647,0,237405,0,10647,237405
PLP028,10647,0,237405,0,10647,237405
PLP029,10647,0,237405,0,10647,237405
PLP032,10647,0,237405,0,10647,237405
PLP034,10647,0,237405,0,10647,237405
PLP035,10647,0,237405,0,10647,237405
PLP037,10647,0,237405,0,10647,237405
PLP038,10647,0,237405,0,10647,237405
PLP039,10647,0,237405,0,10647,237405
PLP041,10647,0,237405,0,10647,237405
PLP042_a,10647,0,237405,0,10647,237405
PLP042_b,10647,0,237405,0,10647,237405
PLP042_c,10647,0,237405,0,10647,237405
PLP042a,10647,0,237405,0,10647,237405
PLP043,10647,0,237405,0,10647,237405
PLP044,10647,0,237405,0,10647,237405
PLP046,10647,0,237405,0,10647,237405
PLP048,10647,0,237405,0,10647,237405
PLP052,10647,0,237405,0,10647,237405
PLP053,10647,0,237405,0,10647,237405
PLP054,10647,0,237405,0,10647,237405
PLP055,10647,0,237405,0,10647,237405
PLP056,10647,0,237405,0,10647,237405
PLP057,10647,0,237405,0,10647,237405
PLP058,10647,0,237405,0,10647,237405
PLP059,10647,0,237405,0,10647,237405
PLP060,10647,0,237405,0,10647,237405
PLP063,10647,0,237405,0,10647,237405
PLP064_a,10647,0,237405,0,10647,237405
PLP064_b,10647,0,237405,0,10647,237405
PLP065,10647,0,237405,0,10647,237405
PLP066,10647,0,237405,0,10647,237405
PLP067,10647,0,237405,0,10647,237405
PLP069,10647,0,237405,0,10647,237405
PLP071,10647,0,237405,0,10647,237405
PLP074,10647,0,237405,0,10647,237405
PLP075,10647,0,237405,0,10647,237405
PLP076,10647,0,237405,0,10647,237405
PLP078,10647,0,237405,0,10647,237405
PLP079,10647,0,237405,0,10647,237405
PLP080,10647,0,237405,0,10647,237405
PLP081,10647,0,237405,0,10647,237405
PLP084,10647,0,237405,0,10647,237405
PLP085,10647,0,237405,0,10647,237405
PLP086,10647,0,237405,0,10647,237405
PLP087,10647,0,237405,0,10647,237405
PLP089,10647,0,237405,0,10647,237405
PLP092,10647,0,237405,0,10647,237405
PLP093,10647,0,237405,0,10647,237405
PLP094,10647,0,237405,0,10647,237405
PLP095,10647,0,237405,0,10647,237405
PLP096,10647,0,237405,0,10647,237405
PLP097,10647,0,237405,0,10647,237405
PLP099,10647,0,237405,0,10647,237405
PLP100,10647,0,237405,0,10647,237405
PLP101,10647,0,237405,0,10647,237405
PLP102,10647,0,237405,0,10647,237405
PLP103,10647,0,237405,0,10647,237405
PLP106,10647,0,237405,0,10647,237405
PLP108,10647,0,237405,0,10647,237405
PLP109,10647,0,237405,0,10647,237405
PLP111,10647,0,237405,0,10647,237405
PLP113,10647,0,237405,0,10647,237405
PLP114,10647,0,237405,0,10647,237405
PLP115_a,10647,0,237405,0,10647,237405
PLP115_b,10647,0,237405,0,10647,237405
PLP116,10647,0,237405,0,10647,237405
PLP119,10647,0,237405,0,10647,237405
PLP120,10647,0,237405,0,10647,237405
PLP121,10647,0,237405,0,10647,237405
PLP122_a,10647,0,237405,0,10647,237405
PLP122_b,10647,0,237405,0,10647,237405
PLP123,10647,0,237405,0,10647,237405
PLP124,10647,0,237405,0,10647,237405
PLP128,10647,0,237405,0,10647,237405
PLP129,10647,0,237405,0,10647,237405
PLP130,10647,0,237405,0,10647,237405
PLP131,10647,0,237405,0,10647,237405
PLP132,10647,0,237405,0,10647,237405
PLP134,10647,0,237405,0,10647,237405
PLP139,10647,0,237405,0,10647,237405
PLP141,10647,0,237405,0,10647,237405
PLP142,10647,0,237405,0,10647,237405
PLP143,10647,0,237405,0,10647,237405
PLP144,10647,0,237405,0,10647,237405
PLP145,10647,0,237405,0,10647,237405
PLP148,10647,0,237405,0,10647,237405
PLP149,10647,0,237405,0,10647,237405
PLP150,10647,0,237405,0,10647,237405
PLP154,10647,0,237405,0,10647,237405
PLP155,10647,0,237405,0,10647,237405
PLP156,10647,0,237405,0,10647,237405
PLP157,10647,0,237405,0,10647,237405
PLP158,10647,0,237405,0,10647,237405
PLP159,10647,0,237405,0,10647,237405
PLP160,10647,0,237405,0,10647,237405
PLP161,10647,0,237405,0,10647,237405
PLP162,10647,0,237405,0,10647,237405
PLP163,10647,0,237405,0,10647,237405
PLP164,10647,0,237405,0,10647,237405
PLP165,10647,0,237405,0,10647,237405
PLP169,10647,0,237405,0,10647,237405
PLP170,10647,0,237405,0,10647,237405
PLP171,10647,0,237405,0,10647,237405
PLP172,10647,0,237405,0,10647,237405
PLP173,10647,0,237405,0,10647,237405
PLP174,10647,0,237405,0,10647,237405
PLP175,10647,0,237405,0,10647,237405
PLP177,10647,0,237405,0,10647,237405
PLP178,10647,0,237405,0,10647,237405
PLP180,10647,0,237405,0,10647,237405
PLP181,10647,0,237405,0,10647,237405
PLP182,10647,0,237405,0,10647,237405
PLP184,10647,0,237405,0,10647,237405
PLP185,10647,0,237405,0,10647,237405
PLP186,10647,0,237405,0,10647,237405
PLP187,10647,0,237405,0,10647,237405
PLP188,10647,0,237405,0,10647,237405
PLP189,10647,0,237405,0,10647,237405
PLP190,10647,0,237405,0,10647,237405
PLP191,10647,0,237405,0,10647,237405
PLP192,10647,0,237405,0,10647,237405
PLP196,10647,0,237405,0,10647,237405
PLP197,10647,0,237405,0,10647,237405
PLP199,10647,0,237405,0,10647,237405
PLP208,10647,0,237405,0,10647,237405
PLP209,10647,0,237405,0,10647,237405
PLP211,10647,0,237405,0,10647,237405
PLP213,10647,0,237405,0,10647,237405
PLP214,10647,0,237405,0,10647,237405
PLP216,10647,0,237405,0,10647,237405
PLP217,10647,0,237405,0,10647,237405
PLP218,10647,0,237405,0,10647,237405
PLP219,10647,0,237405,0,10647,237405
PLP221,10647,0,237405,0,10647,237405
PLP222,10647,0,237405,0,10647,237405
PLP225,10647,0,237405,0,10647,237405
PLP228,10647,0,237405,0,10647,237405
PLP229,10647,0,237405,0,10647,237405
PLP230,10647,0,237405,0,10647,237405
PLP231,10647,0,237405,0,10647,237405
PLP232,10647,0,237405,0,10647,237405
PLP239,10647,0,237405,0,10647,237405
PLP241,10647,0,237405,0,10647,237405
PLP243,10647,0,237405,0,10647,237405
PLP245,10647,0,237405,0,10647,237405
PLP246,10647,0,237405,0,10647,237405
PLP247,10647,0,237405,0,10647,237405
PLP248,10647,0,237405,0,10647,237405
PLP249,10647,0,237405,0,10647,237405
PLP250,10647,0,237405,0,10647,237405
PLP252,10647,0,237405,0,10647,237405
PLP254,10647,0,237405,0,10647,237405
PLP256,10647,0,237405,0,10647,237405
PLP258,10647,0,237405,0,10647,237405
PLP259,10647,0,237405,0,10647,237405
PLP260,10647,0,237405,0,10647,237405
PLP261,10647,0,237405,0,10647,237405
PLP262,10647,0,237405,0,10647,237405
PLP300m,10647,0,237405,0,10647,237405
PLP301m,10647,0,237405,0,10647,237405
PLP_TBD1,10647,0,237405,0,10647,237405
PLVP059,10647,0,237405,0,10647,237405
PPL101,10647,0,237405,0,10647,237405
PPL102,10647,0,237405,0,10647,237405
PPL103,10647,0,237405,0,10647,237405
PPL104,10647,0,237405,0,10647,237405
PPL105,10647,0,237405,0,10647,237405
PPL106,10647,0,237405,0,10647,237405
PPL107,10647,0,237405,0,10647,237405
PPL108,10647,0,237405,0,10647,237405
PPL201,10647,0,237405,0,10647,237405
PPL202,10647,0,237405,0,10647,237405
PPL203,10647,0,237405,0,10647,237405
PPL204,10647,0,237405,0,10647,237405
PPM1201,10647,0,237405,0,10647,237405
PPM1202,10647,0,237405,0,10647,237405
PPM1203,10647,0,237405,0,10647,237405
PPM1204,10647,0,237405,0,10647,237405
PPM1205,10647,0,237405,0,10647,237405
PRW001,10647,0,237405,0,10647,237405
PRW002,10647,0,237405,0,10647,237405
PRW004,10647,0,237405,0,10647,237405
PRW007,10647,0,237405,0,10647,237405
PRW008,10647,0,237405,0,10647,237405
PRW009,10647,0,237405,0,10647,237405
PRW010,10647,0,237405,0,10647,237405
PRW011,10647,0,237405,0,10647,237405
PRW012,10647,0,237405,0,10647,237405
PRW014,10647,0,237405,0,10647,237405
PRW019,10647,0,237405,0,10647,237405
PRW020,10647,0,237405,0,10647,237405
PRW021,10647,0,237405,0,10647,237405
PRW022,10647,0,237405,0,10647,237405
PRW028,10647,0,237405,0,10647,237405
PRW029,10647,0,237405,0,10647,237405
PRW030,10647,0,237405,0,10647,237405
PRW032,10647,0,237405,0,10647,237405
PRW036,10647,0,237405,0,10647,237405
PRW040,10647,0,237405,0,10647,237405
PRW050,10647,0,237405,0,10647,237405
PRW051,10647,0,237405,0,10647,237405
PRW052,10647,0,237405,0,10647,237405
PRW054,10647,0,237405,0,10647,237405
PRW060,10647,0,237405,0,10647,237405
PRW066,10647,0,237405,0,10647,237405
PRW067,10647,0,237405,0,10647,237405
PRW069,10647,0,237405,0,10647,237405
PRW073,10647,0,237405,0,10647,237405
PRW074,10647,0,237405,0,10647,237405
PRW075,10647,0,237405,0,10647,237405
PS001,10647,0,237405,0,10647,237405
PS002,10647,0,237405,0,10647,237405
PS003,10647,0,237405,0,10647,237405
PS004,10647,0,237405,0,10647,237405
PS005_a,10647,0,237405,0,10647,237405
PS005_b,10647,0,237405,0,10647,237405
PS005_c,10647,0,237405,0,10647,237405
PS005_d,10647,0,237405,0,10647,237405
PS005_e,10647,0,237405,0,10647,237405
PS005_f,10647,0,237405,0,10647,237405
PS007,10647,0,237405,0,10647,237405
PS008_a1,10647,0,237405,0,10647,237405
PS008_a2,10647,0,237405,0,10647,237405
PS008_a3,10647,0,237405,0,10647,237405
PS008_a4,10647,0,237405,0,10647,237405
PS008_b,10647,0,237405,0,10647,237405
PS010,10647,0,237405,0,10647,237405
PS011,10647,0,237405,0,10647,237405
PS013,10647,0,237405,0,10647,237405
PS018_a,10647,0,237405,0,10647,237405
PS018_b,10647,0,237405,0,10647,237405
PS019,10647,0,237405,0,10647,237405
PS020,10647,0,237405,0,10647,237405
PS021,10647,0,237405,0,10647,237405
PS022,10647,0,237405,0,10647,237405
PS023,10647,0,237405,0,10647,237405
PS024,10647,0,237405,0,10647,237405
PS025,10647,0,237405,0,10647,237405
PS026,10647,0,237405,0,10647,237405
PS027,10647,0,237405,0,10647,237405
PS029,10647,0,237405,0,10647,237405
PS030,10647,0,237405,0,10647,237405
PS031,10647,0,237405,0,10647,237405
PS032,10647,0,237405,0,10647,237405
PS033_a,10647,0,237405,0,10647,237405
PS033_b,10647,0,237405,0,10647,237405
PS034,10647,0,237405,0,10647,237405
PS038,10647,0,237405,0,10647,237405
PS041,10647,0,237405,0,10647,237405
PS042,10647,0,237405,0,10647,237405
PS046,10647,0,237405,0,10647,237405
PS047_a,10647,0,237405,0,10647,237405
PS047_b,10647,0,237405,0,10647,237405
PS048_a,10647,0,237405,0,10647,237405
PS049,10647,0,237405,0,10647,237405
PS050,10647,0,237405,0,10647,237405
PS051,10647,0,237405,0,10647,237405
PS052,10647,0,237405,0,10647,237405
PS054,10647,0,237405,0,10647,237405
PS055,10647,0,237405,0,10647,237405
PS057,10647,0,237405,0,10647,237405
PS058,10647,0,237405,0,10647,237405
PS060,10647,0,237405,0,10647,237405
PS061,10647,0,237405,0,10647,237405
PS062,10647,0,237405,0,10647,237405
PS063,10647,0,237405,0,10647,237405
PS065,10647,0,237405,0,10647,237405
PS068,10647,0,237405,0,10647,237405
PS070,10647,0,237405,0,10647,237405
PS072,10647,0,237405,0,10647,237405
PS074,10647,0,237405,0,10647,237405
PS077,10647,0,237405,0,10647,237405
PS080,10647,0,237405,0,10647,237405
PS081,10647,0,237405,0,10647,237405
PS082,10647,0,237405,0,10647,237405
PS083_a,10647,0,237405,0,10647,237405
PS083_b,10647,0,237405,0,10647,237405
PS083_c,10647,0,237405,0,10647,237405
PS084,10647,0,237405,0,10647,237405
PS085,10647,0,237405,0,10647,237405
PS087,10647,0,237405,0,10647,237405
PS088,10647,0,237405,0,10647,237405
PS090,10647,0,237405,0,10647,237405
PS091,10647,0,237405,0,10647,237405
PS092,10647,0,237405,0,10647,237405
PS093,10647,0,237405,0,10647,237405
PS096,10647,0,237405,0,10647,237405
PS097,10647,0,237405,0,10647,237405
PS098,10647,0,237405,0,10647,237405
PS100,10647,0,237405,0,10647,237405
PS101,10647,0,237405,0,10647,237405
PS106,10647,0,237405,0,10647,237405
PS107,10647,0,237405,0,10647,237405
PS108,10647,0,237405,0,10647,237405
PS109,10647,0,237405,0,10647,237405
PS110,10647,0,237405,0,10647,237405
PS111,10647,0,237405,0,10647,237405
PS112,10647,0,237405,0,10647,237405
PS114,10647,0,237405,0,10647,237405
PS118,10647,0,237405,0,10647,237405
PS124,10647,0,237405,0,10647,237405
PS126,10647,0,237405,0,10647,237405
PS127,10647,0,237405,0,10647,237405
PS137,10647,0,237405,0,10647,237405
PS139,10647,0,237405,0,10647,237405
PS140,10647,0,237405,0,10647,237405
PS141,10647,0,237405,0,10647,237405
PS142,10647,0,237405,0,10647,237405
PS143,10647,0,237405,0,10647,237405
PS146,10647,0,237405,0,10647,237405
PS148,10647,0,237405,0,10647,237405
PS149,10647,0,237405,0,10647,237405
PS150,10647,0,237405,0,10647,237405
PS153,10647,0,237405,0,10647,237405
PS156,10647,0,237405,0,10647,237405
PS157,10647,0,237405,0,10647,237405
PS158,10647,0,237405,0,10647,237405
PS159,10647,0,237405,0,10647,237405
PS160,10647,0,237405,0,10647,237405
PS161,10647,0,237405,0,10647,237405
PS164,10647,0,237405,0,10647,237405
PS170,10647,0,237405,0,10647,237405
PS171,10647,0,237405,0,10647,237405
PS172,10647,0,237405,0,10647,237405
PS173,10647,0,237405,0,10647,237405
PS174,10647,0,237405,0,10647,237405
PS175,10647,0,237405,0,10647,237405
PS176,10647,0,237405,0,10647,237405
PS177,10647,0,237405,0,10647,237405
PS178,10647,0,237405,0,10647,237405
PS180,10647,0,237405,0,10647,237405
PS181,10647,0,237405,0,10647,237405
PS182,10647,0,237405,0,10647,237405
PS183,10647,0,237405,0,10647,237405
PS185,10647,0,237405,0,10647,237405
PS186,10647,0,237405,0,10647,237405
PS187,10647,0,237405,0,10647,237405
PS188,10647,0,237405,0,10647,237405
PS191,10647,0,237405,0,10647,237405
PS192,10647,0,237405,0,10647,237405
PS193,10647,0,237405,0,10647,237405
PS193b,10647,0,237405,0,10647,237405
PS194,10647,0,237405,0,10647,237405
PS196_a,10647,0,237405,0,10647,237405
PS196_b,10647,0,237405,0,10647,237405
PS197,10647,0,237405,0,10647,237405
PS199,10647,0,237405,0,10647,237405
PS200,10647,0,237405,0,10647,237405
PS201,10647,0,237405,0,10647,237405
PS202,10647,0,237405,0,10647,237405
PS203,10647,0,237405,0,10647,237405
PS206,10647,0,237405,0,10647,237405
PS208,10647,0,237405,0,10647,237405
PS209,10647,0,237405,0,10647,237405
PS210,10647,0,237405,0,10647,237405
PS213,10647,0,237405,0,10647,237405
PS214,10647,0,237405,0,10647,237405
PS215,10647,0,237405,0,10647,237405
PS217,10647,0,237405,0,10647,237405
PS220,10647,0,237405,0,10647,237405
PS224,10647,0,237405,0,10647,237405
PS229,10647,0,237405,0,10647,237405
PS231,10647,0,237405,0,10647,237405
PS232,10647,0,237405,0,10647,237405
PS233,10647,0,237405,0,10647,237405
PS234,10647,0,237405,0,10647,237405
PS237,10647,0,237405,0,10647,237405
PS238,10647,0,237405,0,10647,237405
PS240,10647,0,237405,0,10647,237405
PS242,10647,0,237405,0,10647,237405
PS246,10647,0,237405,0,10647,237405
PS247,10647,0,237405,0,10647,237405
PS248,10647,0,237405,0,10647,237405
PS249,10647,0,237405,0,10647,237405
PS252,10647,0,237405,0,10647,237405
PS253,10647,0,237405,0,10647,237405
PS258,10647,0,237405,0,10647,237405
PS260,10647,0,237405,0,10647,237405
PS261,10647,0,237405,0,10647,237405
PS262,10647,0,237405,0,10647,237405
PS263,10647,0,237405,0,10647,237405
PS265,10647,0,237405,0,10647,237405
PS267,10647,0,237405,0,10647,237405
PS268,10647,0,237405,0,10647,237405
PS269,10647,0,237405,0,10647,237405
PS270,10647,0,237405,0,10647,237405
PS272,10647,0,237405,0,10647,237405
PS274,10647,0,237405,0,10647,237405
PS276,10647,0,237405,0,10647,237405
PS278,10647,0,237405,0,10647,237405
PS279,10647,0,237405,0,10647,237405
PS280,10647,0,237405,0,10647,237405
PS281,10647,0,237405,0,10647,237405
PS282,10647,0,237405,0,10647,237405
PS283,10647,0,237405,0,10647,237405
PS284,10647,0,237405,0,10647,237405
PS285,10647,0,237405,0,10647,237405
PS286,10647,0,237405,0,10647,237405
PS291,10647,0,237405,0,10647,237405
PS292,10647,0,237405,0,10647,237405
PS300,10647,0,237405,0,10647,237405
PS303,10647,0,237405,0,10647,237405
PS304,10647,0,237405,0,10647,237405
PS305,10647,0,237405,0,10647,237405
PS306,10647,0,237405,0,10647,237405
PS307,10647,0,237405,0,10647,237405
PS308,10647,0,237405,0,10647,237405
PS309,10647,0,237405,0,10647,237405
PS310,10647,0,237405,0,10647,237405
PS311,10647,0,237405,0,10647,237405
PS313,10647,0,237405,0,10647,237405
PS314,10647,0,237405,0,10647,237405
PS315,10647,0,237405,0,10647,237405
PS316,10647,0,237405,0,10647,237405
PS317,10647,0,237405,0,10647,237405
PS318,10647,0,237405,0,10647,237405
PS320,10647,0,237405,0,10647,237405
PS321,10647,0,237405,0,10647,237405
PS322,10647,0,237405,0,10647,237405
PS327,10647,0,237405,0,10647,237405
PS328,10647,0,237405,0,10647,237405
PS329,10647,0,237405,0,10647,237405
PS333,10647,0,237405,0,10647,237405
PS334,10647,0,237405,0,10647,237405
PS335,10647,0,237405,0,10647,237405
PS336,10647,0,237405,0,10647,237405
PS338,10647,0,237405,0,10647,237405
PS340,10647,0,237405,0,10647,237405
PS341,10647,0,237405,0,10647,237405
PS342,10647,0,237405,0,10647,237405
PS344,10647,0,237405,0,10647,237405
PS347_b,10647,0,237405,0,10647,237405
PS351,10647,0,237405,0,10647,237405
PS352,10647,0,237405,0,10647,237405
PS355,10647,0,237405,0,10647,237405
PS356,10647,0,237405,0,10647,237405
PS357,10647,0,237405,0,10647,237405
PS358,10647,0,237405,0,10647,237405
PS359,10647,0,237405,0,10647,237405
PVLP001,10647,0,237405,0,10647,237405
PVLP002,10647,0,237405,0,10647,237405
PVLP003,10647,0,237405,0,10647,237405
PVLP004,10647,0,237405,0,10647,237405
PVLP005,10647,0,237405,0,10647,237405
PVLP007,10647,0,237405,0,10647,237405
PVLP008_a1,10647,0,237405,0,10647,237405
PVLP008_a2,10647,0,237405,0,10647,237405
PVLP008_a3,10647,0,237405,0,10647,237405
PVLP008_a4,10647,0,237405,0,10647,237405
PVLP008_b,10647,0,237405,0,10647,237405
PVLP008_c,10647,0,237405,0,10647,237405
PVLP009,10647,0,237405,0,10647,237405
PVLP010,10647,0,237405,0,10647,237405
PVLP011,10647,0,237405,0,10647,237405
PVLP012,10647,0,237405,0,10647,237405
PVLP013,10647,0,237405,0,10647,237405
PVLP014,10647,0,237405,0,10647,237405
PVLP015,10647,0,237405,0,10647,237405
PVLP016,10647,0,237405,0,10647,237405
PVLP017,10647,0,237405,0,10647,237405
PVLP018,10647,0,237405,0,10647,237405
PVLP019,10647,0,237405,0,10647,237405
PVLP020,10647,0,237405,0,10647,237405
PVLP021,10647,0,237405,0,10647,237405
PVLP022,10647,0,237405,0,10647,237405
PVLP024,10647,0,237405,0,10647,237405
PVLP025,10647,0,237405,0,10647,237405
PVLP026,10647,0,237405,0,10647,237405
PVLP027,10647,0,237405,0,10647,237405
PVLP028,10647,0,237405,0,10647,237405
PVLP030,10647,0,237405,0,10647,237405
PVLP031,10647,0,237405,0,10647,237405
PVLP033,10647,0,237405,0,10647,237405
PVLP034,10647,0,237405,0,10647,237405
PVLP036,10647,0,237405,0,10647,237405
PVLP037,10647,0,237405,0,10647,237405
PVLP037_unclear,10647,0,237405,0,10647,237405
PVLP046,10647,0,237405,0,10647,237405
PVLP046_unclear,10647,0,237405,0,10647,237405
PVLP047,10647,0,237405,0,10647,237405
PVLP048,10647,0,237405,0,10647,237405
PVLP049,10647,0,237405,0,10647,237405
PVLP060,10647,0,237405,0,10647,237405
PVLP061,10647,0,237405,0,10647,237405
PVLP062,10647,0,237405,0,10647,237405
PVLP063,10647,0,237405,0,10647,237405
PVLP064,10647,0,237405,0,10647,237405
PVLP065,10647,0,237405,0,10647,237405
PVLP066,10647,0,237405,0,10647,237405
PVLP068,10647,0,237405,0,10647,237405
PVLP069,10647,0,237405,0,10647,237405
PVLP070,10647,0,237405,0,10647,237405
PVLP071,10647,0,237405,0,10647,237405
PVLP072,10647,0,237405,0,10647,237405
PVLP073,10647,0,237405,0,10647,237405
PVLP074,10647,0,237405,0,10647,237405
PVLP075,10647,0,237405,0,10647,237405
PVLP076,10647,0,237405,0,10647,237405
PVLP078,10647,0,237405,0,10647,237405
PVLP079,10647,0,237405,0,10647,237405
PVLP080_a,10647,0,237405,0,10647,237405
PVLP080_b,10647,0,237405,0,10647,237405
PVLP081,10647,0,237405,0,10647,237405
PVLP082,10647,0,237405,0,10647,237405
PVLP084,10647,0,237405,0,10647,237405
PVLP085,10647,0,237405,0,10647,237405
PVLP086,10647,0,237405,0,10647,237405
PVLP088,10647,0,237405,0,10647,237405
PVLP089,10647,0,237405,0,10647,237405
PVLP090,10647,0,237405,0,10647,237405
PVLP092,10647,0,237405,0,10647,237405
PVLP093,10647,0,237405,0,10647,237405
PVLP094,10647,0,237405,0,10647,237405
PVLP096,10647,0,237405,0,10647,237405
PVLP097,10647,0,237405,0,10647,237405
PVLP098,10647,0,237405,0,10647,237405
PVLP099,10647,0,237405,0,10647,237405
PVLP100,10647,0,237405,0,10647,237405
PVLP101,10647,0,237405,0,10647,237405
PVLP102,10647,0,237405,0,10647,237405
PVLP103,10647,0,237405,0,10647,237405
PVLP104,10647,0,237405,0,10647,237405
PVLP106,10647,0,237405,0,10647,237405
PVLP107,10647,0,237405,0,10647,237405
PVLP108,10647,0,237405,0,10647,237405
PVLP109,10647,0,237405,0,10647,237405
PVLP110,10647,0,237405,0,10647,237405
PVLP111,10647,0,237405,0,10647,237405
PVLP112,10647,0,237405,0,10647,237405
PVLP113,10647,0,237405,0,10647,237405
PVLP114,10647,0,237405,0,10647,237405
PVLP115,10647,0,237405,0,10647,237405
PVLP118,10647,0,237405,0,10647,237405
PVLP120,10647,0,237405,0,10647,237405
PVLP121,10647,0,237405,0,10647,237405
PVLP122,10647,0,237405,0,10647,237405
PVLP123,10647,0,237405,0,10647,237405
PVLP124,10647,0,237405,0,10647,237405
PVLP125,10647,0,237405,0,10647,237405
PVLP126_a,10647,0,237405,0,10647,237405
PVLP126_b,10647,0,237405,0,10647,237405
PVLP127,10647,0,237405,0,10647,237405
PVLP128,10647,0,237405,0,10647,237405
PVLP130,10647,0,237405,0,10647,237405
PVLP131,10647,0,237405,0,10647,237405
PVLP133,10647,0,237405,0,10647,237405
PVLP134,10647,0,237405,0,10647,237405
PVLP135,10647,0,237405,0,10647,237405
PVLP137,10647,0,237405,0,10647,237405
PVLP138,10647,0,237405,0,10647,237405
PVLP139,10647,0,237405,0,10647,237405
PVLP140,10647,0,237405,0,10647,237405
PVLP141,10647,0,237405,0,10647,237405
PVLP143,10647,0,237405,0,10647,237405
PVLP144,10647,0,237405,0,10647,237405
PVLP148,10647,0,237405,0,10647,237405
PVLP149,10647,0,237405,0,10647,237405
PVLP150,10647,0,237405,0,10647,237405
PVLP151,10647,0,237405,0,10647,237405
PVLP200m_a,10647,0,237405,0,10647,237405
PVLP200m_b,10647,0,237405,0,10647,237405
PVLP201m_a,10647,0,237405,0,10647,237405
PVLP201m_b,10647,0,237405,0,10647,237405
PVLP201m_c,10647,0,237405,0,10647,237405
PVLP201m_d,10647,0,237405,0,10647,237405
PVLP202m,10647,0,237405,0,10647,237405
PVLP203m,10647,0,237405,0,10647,237405
PVLP204m,10647,0,237405,0,10647,237405
PVLP205m,10647,0,237405,0,10647,237405
PVLP206m,10647,0,237405,0,10647,237405
PVLP207m,10647,0,237405,0,10647,237405
PVLP208m,10647,0,237405,0,10647,237405
PVLP209m,10647,0,237405,0,10647,237405
PVLP210m,10647,0,237405,0,10647,237405
PVLP211m_a,10647,0,237405,0,10647,237405
PVLP211m_b,10647,0,237405,0,10647,237405
PVLP211m_c,10647,0,237405,0,10647,237405
PVLP213m,10647,0,237405,0,10647,237405
PVLP214m,10647,0,237405,0,10647,237405
PVLP216m,10647,0,237405,0,10647,237405
PVLP217m,10647,0,237405,0,10647,237405
Pm1,10647,0,237405,0,10647,237405
Pm10,10647,0,237405,0,10647,237405
Pm11,10647,0,237405,0,10647,237405
Pm12,10647,0,237405,0,10647,237405
Pm13,10647,0,237405,0,10647,237405
Pm2a,10647,0,237405,0,10647,237405
Pm2b,10647,0,237405,0,10647,237405
Pm3,10647,0,237405,0,10647,237405
Pm4,10647,0,237405,0,10647,237405
Pm5,10647,0,237405,0,10647,237405
Pm6,10647,0,237405,0,10647,237405
Pm7,10647,0,237405,0,10647,237405
Pm7_Li28,10647,0,237405,0,10647,237405
Pm8,10647,0,237405,0,10647,237405
Pm9,10647,0,237405,0,10647,237405
Pm_unclear,10647,0,237405,0,10647,237405
R7R8_unclear,10647,0,237405,0,10647,237405
SA1_a,10647,0,237405,0,10647,237405
SA1_b,10647,0,237405,0,10647,237405
SA1_c,10647,0,237405,0,10647,237405
SA2_a,10647,0,237405,0,10647,237405
SA2_b,10647,0,237405,0,10647,237405
SA2_c,10647,0,237405,0,10647,237405
SA3,10647,0,237405,0,10647,237405
SAD007,10647,0,237405,0,10647,237405
SAD008,10647,0,237405,0,10647,237405
SAD009,10647,0,237405,0,10647,237405
SAD010,10647,0,237405,0,10647,237405
SAD012,10647,0,237405,0,10647,237405
SAD013,10647,0,237405,0,10647,237405
SAD014,10647,0,237405,0,10647,237405
SAD019,10647,0,237405,0,10647,237405
SAD021,10647,0,237405,0,10647,237405
SAD021_a,10647,0,237405,0,10647,237405
SAD021_b,10647,0,237405,0,10647,237405
SAD021_c,10647,0,237405,0,10647,237405
SAD036,10647,0,237405,0,10647,237405
SAD043,10647,0,237405,0,10647,237405
SAD045,10647,0,237405,0,10647,237405
SAD046,10647,0,237405,0,10647,237405
SAD070,10647,0,237405,0,10647,237405
SAD073,10647,0,237405,0,10647,237405
SAD074,10647,0,237405,0,10647,237405
SAD075,10647,0,237405,0,10647,237405
SAD082,10647,0,237405,0,10647,237405
SAD084,10647,0,237405,0,10647,237405
SAD085,10647,0,237405,0,10647,237405
SAD092,10647,0,237405,0,10647,237405
SAD094,10647,0,237405,0,10647,237405
SAD100,10647,0,237405,0,10647,237405
SAD101,10647,0,237405,0,10647,237405
SAD105,10647,0,237405,0,10647,237405
SAD115,10647,0,237405,0,10647,237405
SAF,10647,0,237405,0,10647,237405
SCL001m,10647,0,237405,0,10647,237405
SCL002m,10647,0,237405,0,10647,237405
SIP003_a,10647,0,237405,0,10647,237405
SIP004,10647,0,237405,0,10647,237405
SIP005,10647,0,237405,0,10647,237405
SIP006,10647,0,237405,0,10647,237405
SIP007,10647,0,237405,0,10647,237405
SIP011,10647,0,237405,0,10647,237405
SIP013,10647,0,237405,0,10647,237405
SIP015,10647,0,237405,0,10647,237405
SIP017,10647,0,237405,0,10647,237405
SIP018,10647,0,237405,0,10647,237405
SIP019,10647,0,237405,0,10647,237405
SIP020_a,10647,0,237405,0,10647,237405
SIP020_b,10647,0,237405,0,10647,237405
SIP020_c,10647,0,237405,0,10647,237405
SIP020b,10647,0,237405,0,10647,237405
SIP021_a,10647,0,237405,0,10647,237405
SIP021_b,10647,0,237405,0,10647,237405
SIP022,10647,0,237405,0,10647,237405
SIP024,10647,0,237405,0,10647,237405
SIP025,10647,0,237405,0,10647,237405
SIP026,10647,0,237405,0,10647,237405
SIP027,10647,0,237405,0,10647,237405
SIP028,10647,0,237405,0,10647,237405
SIP029,10647,0,237405,0,10647,237405
SIP030,10647,0,237405,0,10647,237405
SIP031,10647,0,237405,0,10647,237405
SIP032,10647,0,237405,0,10647,237405
SIP033,10647,0,237405,0,10647,237405
SIP034,10647,0,237405,0,10647,237405
SIP037,10647,0,237405,0,10647,237405
SIP041,10647,0,237405,0,10647,237405
SIP042_a,10647,0,237405,0,10647,237405
SIP045,10647,0,237405,0,10647,237405
SIP046,10647,0,237405,0,10647,237405
SIP047,10647,0,237405,0,10647,237405
SIP048,10647,0,237405,0,10647,237405
SIP049,10647,0,237405,0,10647,237405
SIP051,10647,0,237405,0,10647,237405
SIP052,10647,0,237405,0,10647,237405
SIP053,10647,0,237405,0,10647,237405
SIP054,10647,0,237405,0,10647,237405
SIP057,10647,0,237405,0,10647,237405
SIP064,10647,0,237405,0,10647,237405
SIP065,10647,0,237405,0,10647,237405
SIP066,10647,0,237405,0,10647,237405
SIP067,10647,0,237405,0,10647,237405
SIP069,10647,0,237405,0,10647,237405
SIP070,10647,0,237405,0,10647,237405
SIP071,10647,0,237405,0,10647,237405
SIP073,10647,0,237405,0,10647,237405
SIP074_a,10647,0,237405,0,10647,237405
SIP074_b,10647,0,237405,0,10647,237405
SIP075,10647,0,237405,0,10647,237405
SIP076,10647,0,237405,0,10647,237405
SIP077,10647,0,237405,0,10647,237405
SIP078,10647,0,237405,0,10647,237405
SIP080,10647,0,237405,0,10647,237405
SIP081,10647,0,237405,0,10647,237405
SIP086,10647,0,237405,0,10647,237405
SIP087,10647,0,237405,0,10647,237405
SIP088,10647,0,237405,0,10647,237405
SIP089,10647,0,237405,0,10647,237405
SIP090,10647,0,237405,0,10647,237405
SIP091,10647,0,237405,0,10647,237405
SIP100m,10647,0,237405,0,10647,237405
SIP101m,10647,0,237405,0,10647,237405
SIP102m,10647,0,237405,0,10647,237405
SIP103m,10647,0,237405,0,10647,237405
SIP104m,10647,0,237405,0,10647,237405
SIP105m,10647,0,237405,0,10647,237405
SIP106m,10647,0,237405,0,10647,237405
SIP107m,10647,0,237405,0,10647,237405
SIP108m,10647,0,237405,0,10647,237405
SIP109m,10647,0,237405,0,10647,237405
SIP110m_a,10647,0,237405,0,10647,237405
SIP110m_b,10647,0,237405,0,10647,237405
SIP111m,10647,0,237405,0,10647,237405
SIP112m,10647,0,237405,0,10647,237405
SIP113m,10647,0,237405,0,10647,237405
SIP115m,10647,0,237405,0,10647,237405
SIP116m,10647,0,237405,0,10647,237405
SIP117m,10647,0,237405,0,10647,237405
SIP118m,10647,0,237405,0,10647,237405
SIP119m,10647,0,237405,0,10647,237405
SIP121m,10647,0,237405,0,10647,237405
SIP122m,10647,0,237405,0,10647,237405
SIP123m,10647,0,237405,0,10647,237405
SIP124m,10647,0,237405,0,10647,237405
SIP126m_a,10647,0,237405,0,10647,237405
SIP126m_b,10647,0,237405,0,10647,237405
SIP128m,10647,0,237405,0,10647,237405
SIP130m,10647,0,237405,0,10647,237405
SIP132m,10647,0,237405,0,10647,237405
SIP133m,10647,0,237405,0,10647,237405
SIP135m,10647,0,237405,0,10647,237405
SIP136m,10647,0,237405,0,10647,237405
SIP137m_a,10647,0,237405,0,10647,237405
SIP137m_b,10647,0,237405,0,10647,237405
SIP140m,10647,0,237405,0,10647,237405
SIP141m,10647,0,237405,0,10647,237405
SIP142m,10647,0,237405,0,10647,237405
SIP143m,10647,0,237405,0,10647,237405
SIP145m,10647,0,237405,0,10647,237405
SIP146m,10647,0,237405,0,10647,237405
SIP147m,10647,0,237405,0,10647,237405
SLP001,10647,0,237405,0,10647,237405
SLP002,10647,0,237405,0,10647,237405
SLP003,10647,0,237405,0,10647,237405
SLP004,10647,0,237405,0,10647,237405
SLP006,10647,0,237405,0,10647,237405
SLP007,10647,0,237405,0,10647,237405
SLP008,10647,0,237405,0,10647,237405
SLP011,10647,0,237405,0,10647,237405
SLP012,10647,0,237405,0,10647,237405
SLP015_b,10647,0,237405,0,10647,237405
SLP016,10647,0,237405,0,10647,237405
SLP017,10647,0,237405,0,10647,237405
SLP018,10647,0,237405,0,10647,237405
SLP019,10647,0,237405,0,10647,237405
SLP021,10647,0,237405,0,10647,237405
SLP022,10647,0,237405,0,10647,237405
SLP024,10647,0,237405,0,10647,237405
SLP025,10647,0,237405,0,10647,237405
SLP026,10647,0,237405,0,10647,237405
SLP028,10647,0,237405,0,10647,237405
SLP030,10647,0,237405,0,10647,237405
SLP031,10647,0,237405,0,10647,237405
SLP032,10647,0,237405,0,10647,237405
SLP033,10647,0,237405,0,10647,237405
SLP034,10647,0,237405,0,10647,237405
SLP035,10647,0,237405,0,10647,237405
SLP038,10647,0,237405,0,10647,237405
SLP040,10647,0,237405,0,10647,237405
SLP041,10647,0,237405,0,10647,237405
SLP042,10647,0,237405,0,10647,237405
SLP043,10647,0,237405,0,10647,237405
SLP044_a,10647,0,237405,0,10647,237405
SLP044_d,10647,0,237405,0,10647,237405
SLP046,10647,0,237405,0,10647,237405
SLP047,10647,0,237405,0,10647,237405
SLP048,10647,0,237405,0,10647,237405
SLP056,10647,0,237405,0,10647,237405
SLP057,10647,0,237405,0,10647,237405
SLP058,10647,0,237405,0,10647,237405
SLP059,10647,0,237405,0,10647,237405
SLP060,10647,0,237405,0,10647,237405
SLP061,10647,0,237405,0,10647,237405
SLP062,10647,0,237405,0,10647,237405
SLP064,10647,0,237405,0,10647,237405
SLP065,10647,0,237405,0,10647,237405
SLP066,10647,0,237405,0,10647,237405
SLP067,10647,0,237405,0,10647,237405
SLP068,10647,0,237405,0,10647,237405
SLP069,10647,0,237405,0,10647,237405
SLP070,10647,0,237405,0,10647,237405
SLP071,10647,0,237405,0,10647,237405
SLP072,10647,0,237405,0,10647,237405
SLP073,10647,0,237405,0,10647,237405
SLP074,10647,0,237405,0,10647,237405
SLP075,10647,0,237405,0,10647,237405
SLP076,10647,0,237405,0,10647,237405
SLP077,10647,0,237405,0,10647,237405
SLP078,10647,0,237405,0,10647,237405
SLP079,10647,0,237405,0,10647,237405
SLP080,10647,0,237405,0,10647,237405
SLP081,10647,0,237405,0,10647,237405
SLP082,10647,0,237405,0,10647,237405
SLP083,10647,0,237405,0,10647,237405
SLP085,10647,0,237405,0,10647,237405
SLP086,10647,0,237405,0,10647,237405
SLP087,10647,0,237405,0,10647,237405
SLP088_a,10647,0,237405,0,10647,237405
SLP088_b,10647,0,237405,0,10647,237405
SLP089,10647,0,237405,0,10647,237405
SLP094_a,10647,0,237405,0,10647,237405
SLP094_b,10647,0,237405,0,10647,237405
SLP094_c,10647,0,237405,0,10647,237405
SLP098,10647,0,237405,0,10647,237405
SLP099,10647,0,237405,0,10647,237405
SLP101,10647,0,237405,0,10647,237405
SLP102,10647,0,237405,0,10647,237405
SLP103,10647,0,237405,0,10647,237405
SLP104,10647,0,237405,0,10647,237405
SLP105,10647,0,237405,0,10647,237405
SLP106,10647,0,237405,0,10647,237405
SLP109,10647,0,237405,0,10647,237405
SLP112,10647,0,237405,0,10647,237405
SLP113,10647,0,237405,0,10647,237405
SLP114,10647,0,237405,0,10647,237405
SLP115,10647,0,237405,0,10647,237405
SLP116,10647,0,237405,0,10647,237405
SLP118,10647,0,237405,0,10647,237405
SLP119,10647,0,237405,0,10647,237405
SLP120,10647,0,237405,0,10647,237405
SLP122,10647,0,237405,0,10647,237405
SLP126,10647,0,237405,0,10647,237405
SLP128,10647,0,237405,0,10647,237405
SLP129_c,10647,0,237405,0,10647,237405
SLP130,10647,0,237405,0,10647,237405
SLP131,10647,0,237405,0,10647,237405
SLP132,10647,0,237405,0,10647,237405
SLP134,10647,0,237405,0,10647,237405
SLP136,10647,0,237405,0,10647,237405
SLP137,10647,0,237405,0,10647,237405
SLP138,10647,0,237405,0,10647,237405
SLP141,10647,0,237405,0,10647,237405
SLP142,10647,0,237405,0,10647,237405
SLP149,10647,0,237405,0,10647,237405
SLP150,10647,0,237405,0,10647,237405
SLP151,10647,0,237405,0,10647,237405
SLP152,10647,0,237405,0,10647,237405
SLP153,10647,0,237405,0,10647,237405
SLP155,10647,0,237405,0,10647,237405
SLP157,10647,0,237405,0,10647,237405
SLP158,10647,0,237405,0,10647,237405
SLP160,10647,0,237405,0,10647,237405
SLP162,10647,0,237405,0,10647,237405
SLP164,10647,0,237405,0,10647,237405
SLP168,10647,0,237405,0,10647,237405
SLP170,10647,0,237405,0,10647,237405
SLP171,10647,0,237405,0,10647,237405
SLP173,10647,0,237405,0,10647,237405
SLP176,10647,0,237405,0,10647,237405
SLP178,10647,0,237405,0,10647,237405
SLP183,10647,0,237405,0,10647,237405
SLP184,10647,0,237405,0,10647,237405
SLP188,10647,0,237405,0,10647,237405
SLP189,10647,0,237405,0,10647,237405
SLP189_a,10647,0,237405,0,10647,237405
SLP189_b,10647,0,237405,0,10647,237405
SLP198,10647,0,237405,0,10647,237405
SLP199,10647,0,237405,0,10647,237405
SLP202,10647,0,237405,0,10647,237405
SLP204,10647,0,237405,0,10647,237405
SLP206,10647,0,237405,0,10647,237405
SLP207,10647,0,237405,0,10647,237405
SLP208,10647,0,237405,0,10647,237405
SLP209,10647,0,237405,0,10647,237405
SLP210,10647,0,237405,0,10647,237405
SLP211,10647,0,237405,0,10647,237405
SLP212_a,10647,0,237405,0,10647,237405
SLP212_b,10647,0,237405,0,10647,237405
SLP212_c,10647,0,237405,0,10647,237405
SLP214,10647,0,237405,0,10647,237405
SLP216,10647,0,237405,0,10647,237405
SLP217,10647,0,237405,0,10647,237405
SLP221,10647,0,237405,0,10647,237405
SLP222,10647,0,237405,0,10647,237405
SLP223,10647,0,237405,0,10647,237405
SLP224,10647,0,237405,0,10647,237405
SLP227,10647,0,237405,0,10647,237405
SLP228,10647,0,237405,0,10647,237405
SLP229,10647,0,237405,0,10647,237405
SLP230,10647,0,237405,0,10647,237405
SLP231,10647,0,237405,0,10647,237405
SLP240_a,10647,0,237405,0,10647,237405
SLP240_b,10647,0,237405,0,10647,237405
SLP241,10647,0,237405,0,10647,237405
SLP242,10647,0,237405,0,10647,237405
SLP244,10647,0,237405,0,10647,237405
SLP245,10647,0,237405,0,10647,237405
SLP246,10647,0,237405,0,10647,237405
SLP247,10647,0,237405,0,10647,237405
SLP248,10647,0,237405,0,10647,237405
SLP249,10647,0,237405,0,10647,237405
SLP250,10647,0,237405,0,10647,237405
SLP251,10647,0,237405,0,10647,237405
SLP252_a,10647,0,237405,0,10647,237405
SLP252_b,10647,0,237405,0,10647,237405
SLP252_c,10647,0,237405,0,10647,237405
SLP255,10647,0,237405,0,10647,237405
SLP256,10647,0,237405,0,10647,237405
SLP257,10647,0,237405,0,10647,237405
SLP258,10647,0,237405,0,10647,237405
SLP259,10647,0,237405,0,10647,237405
SLP260,10647,0,237405,0,10647,237405
SLP265,10647,0,237405,0,10647,237405
SLP266,10647,0,237405,0,10647,237405
SLP267,10647,0,237405,0,10647,237405
SLP268,10647,0,237405,0,10647,237405
SLP269,10647,0,237405,0,10647,237405
SLP270,10647,0,237405,0,10647,237405
SLP271,10647,0,237405,0,10647,237405
SLP273,10647,0,237405,0,10647,237405
SLP275,10647,0,237405,0,10647,237405
SLP278,10647,0,237405,0,10647,237405
SLP279,10647,0,237405,0,10647,237405
SLP281,10647,0,237405,0,10647,237405
"SLP283,SLP284",10647,0,237405,0,10647,237405
SLP285,10647,0,237405,0,10647,237405
SLP286,10647,0,237405,0,10647,237405
SLP288,10647,0,237405,0,10647,237405
SLP289,10647,0,237405,0,10647,237405
SLP290,10647,0,237405,0,10647,237405
SLP295,10647,0,237405,0,10647,237405
SLP298,10647,0,237405,0,10647,237405
SLP300,10647,0,237405,0,10647,237405
SLP302,10647,0,237405,0,10647,237405
SLP304,10647,0,237405,0,10647,237405
SLP305,10647,0,237405,0,10647,237405
SLP307,10647,0,237405,0,10647,237405
SLP308,10647,0,237405,0,10647,237405
SLP310,10647,0,237405,0,10647,237405
SLP311,10647,0,237405,0,10647,237405
SLP312,10647,0,237405,0,10647,237405
SLP314,10647,0,237405,0,10647,237405
SLP315,10647,0,237405,0,10647,237405
SLP316,10647,0,237405,0,10647,237405
SLP319,10647,0,237405,0,10647,237405
SLP320,10647,0,237405,0,10647,237405
SLP321,10647,0,237405,0,10647,237405
SLP322,10647,0,237405,0,10647,237405
SLP324,10647,0,237405,0,10647,237405
SLP327,10647,0,237405,0,10647,237405
SLP328,10647,0,237405,0,10647,237405
SLP330,10647,0,237405,0,10647,237405
SLP334,10647,0,237405,0,10647,237405
SLP340,10647,0,237405,0,10647,237405
SLP341_a,10647,0,237405,0,10647,237405
SLP341_b,10647,0,237405,0,10647,237405
SLP344,10647,0,237405,0,10647,237405
SLP345,10647,0,237405,0,10647,237405
SLP347,10647,0,237405,0,10647,237405
SLP354,10647,0,237405,0,10647,237405
SLP355,10647,0,237405,0,10647,237405
SLP356,10647,0,237405,0,10647,237405
SLP358,10647,0,237405,0,10647,237405
SLP359,10647,0,237405,0,10647,237405
SLP360_a,10647,0,237405,0,10647,237405
SLP360_b,10647,0,237405,0,10647,237405
SLP360_c,10647,0,237405,0,10647,237405
SLP360_d,10647,0,237405,0,10647,237405
SLP361,10647,0,237405,0,10647,237405
SLP363,10647,0,237405,0,10647,237405
SLP364,10647,0,237405,0,10647,237405
SLP365,10647,0,237405,0,10647,237405
SLP366,10647,0,237405,0,10647,237405
SLP368,10647,0,237405,0,10647,237405
SLP369,10647,0,237405,0,10647,237405
SLP372,10647,0,237405,0,10647,237405
SLP373,10647,0,237405,0,10647,237405
SLP374,10647,0,237405,0,10647,237405
SLP375,10647,0,237405,0,10647,237405
SLP376,10647,0,237405,0,10647,237405
SLP377,10647,0,237405,0,10647,237405
SLP378,10647,0,237405,0,10647,237405
SLP379,10647,0,237405,0,10647,237405
SLP380,10647,0,237405,0,10647,237405
SLP381,10647,0,237405,0,10647,237405
SLP382,10647,0,237405,0,10647,237405
SLP383,10647,0,237405,0,10647,237405
SLP384,10647,0,237405,0,10647,237405
SLP386,10647,0,237405,0,10647,237405
SLP387,10647,0,237405,0,10647,237405
SLP388,10647,0,237405,0,10647,237405
SLP389,10647,0,237405,0,10647,237405
SLP390,10647,0,237405,0,10647,237405
SLP392,10647,0,237405,0,10647,237405
SLP393,10647,0,237405,0,10647,237405
SLP394,10647,0,237405,0,10647,237405
SLP395,10647,0,237405,0,10647,237405
SLP396,10647,0,237405,0,10647,237405
SLP397,10647,0,237405,0,10647,237405
SLP398,10647,0,237405,0,10647,237405
SLP400,10647,0,237405,0,10647,237405
SLP402_a,10647,0,237405,0,10647,237405
SLP402_b,10647,0,237405,0,10647,237405
SLP403,10647,0,237405,0,10647,237405
SLP404,10647,0,237405,0,10647,237405
SLP405,10647,0,237405,0,10647,237405
SLP405_a,10647,0,237405,0,10647,237405
SLP405_b,10647,0,237405,0,10647,237405
SLP405_c,10647,0,237405,0,10647,237405
SLP411,10647,0,237405,0,10647,237405
SLP412_a,10647,0,237405,0,10647,237405
SLP412_b,10647,0,237405,0,10647,237405
SLP414,10647,0,237405,0,10647,237405
SLP421,10647,0,237405,0,10647,237405
SLP424,10647,0,237405,0,10647,237405
SLP429,10647,0,237405,0,10647,237405
SLP433,10647,0,237405,0,10647,237405
SLP435,10647,0,237405,0,10647,237405
SLP437,10647,0,237405,0,10647,237405
SLP438,10647,0,237405,0,10647,237405
SLP439,10647,0,237405,0,10647,237405
SLP440,10647,0,237405,0,10647,237405
SLP441,10647,0,237405,0,10647,237405
SLP442,10647,0,237405,0,10647,237405
SLP443,10647,0,237405,0,10647,237405
SLP444,10647,0,237405,0,10647,237405
SLP447,10647,0,237405,0,10647,237405
SLP450,10647,0,237405,0,10647,237405
SLP451,10647,0,237405,0,10647,237405
SLP455,10647,0,237405,0,10647,237405
SLP456,10647,0,237405,0,10647,237405
SLP457,10647,0,237405,0,10647,237405
SLP458,10647,0,237405,0,10647,237405
SLP459,10647,0,237405,0,10647,237405
SLP460,10647,0,237405,0,10647,237405
SLP461,10647,0,237405,0,10647,237405
SLP462,10647,0,237405,0,10647,237405
SLP463,10647,0,237405,0,10647,237405
SLP464,10647,0,237405,0,10647,237405
SLP465,10647,0,237405,0,10647,237405
SLP466,10647,0,237405,0,10647,237405
SLP467,10647,0,237405,0,10647,237405
SLP470,10647,0,237405,0,10647,237405
SLP473,10647,0,237405,0,10647,237405
SMP001,10647,0,237405,0,10647,237405
SMP002,10647,0,237405,0,10647,237405
SMP004,10647,0,237405,0,10647,237405
SMP006,10647,0,237405,0,10647,237405
SMP007,10647,0,237405,0,10647,237405
SMP008,10647,0,237405,0,10647,237405
SMP009,10647,0,237405,0,10647,237405
SMP010,10647,0,237405,0,10647,237405
SMP011_a,10647,0,237405,0,10647,237405
SMP011_b,10647,0,237405,0,10647,237405
SMP012,10647,0,237405,0,10647,237405
SMP013,10647,0,237405,0,10647,237405
SMP014,10647,0,237405,0,10647,237405
SMP015,10647,0,237405,0,10647,237405
SMP016_a,10647,0,237405,0,10647,237405
SMP016_b,10647,0,237405,0,10647,237405
SMP017,10647,0,237405,0,10647,237405
SMP018,10647,0,237405,0,10647,237405
SMP019,10647,0,237405,0,10647,237405
SMP020,10647,0,237405,0,10647,237405
SMP021,10647,0,237405,0,10647,237405
SMP022,10647,0,237405,0,10647,237405
SMP024,10647,0,237405,0,10647,237405
SMP025,10647,0,237405,0,10647,237405
SMP026,10647,0,237405,0,10647,237405
SMP027,10647,0,237405,0,10647,237405
SMP028,10647,0,237405,0,10647,237405
SMP030,10647,0,237405,0,10647,237405
SMP031,10647,0,237405,0,10647,237405
SMP033,10647,0,237405,0,10647,237405
SMP034,10647,0,237405,0,10647,237405
SMP035,10647,0,237405,0,10647,237405
SMP036,10647,0,237405,0,10647,237405
SMP037,10647,0,237405,0,10647,237405
SMP038,10647,0,237405,0,10647,237405
SMP039,10647,0,237405,0,10647,237405
SMP040,10647,0,237405,0,10647,237405
SMP041,10647,0,237405,0,10647,237405
SMP042,10647,0,237405,0,10647,237405
SMP043,10647,0,237405,0,10647,237405
SMP044,10647,0,237405,0,10647,237405
SMP045,10647,0,237405,0,10647,237405
SMP046,10647,0,237405,0,10647,237405
SMP047,10647,0,237405,0,10647,237405
SMP048,10647,0,237405,0,10647,237405
SMP049,10647,0,237405,0,10647,237405
SMP050,10647,0,237405,0,10647,237405
SMP051,10647,0,237405,0,10647,237405
SMP052,10647,0,237405,0,10647,237405
SMP053,10647,0,237405,0,10647,237405
SMP054,10647,0,237405,0,10647,237405
SMP055,10647,0,237405,0,10647,237405
SMP056,10647,0,237405,0,10647,237405
SMP057,10647,0,237405,0,10647,237405
SMP058,10647,0,237405,0,10647,237405
SMP059,10647,0,237405,0,10647,237405
SMP061,10647,0,237405,0,10647,237405
SMP063,10647,0,237405,0,10647,237405
SMP064,10647,0,237405,0,10647,237405
SMP065,10647,0,237405,0,10647,237405
SMP066,10647,0,237405,0,10647,237405
SMP067,10647,0,237405,0,10647,237405
SMP068,10647,0,237405,0,10647,237405
SMP069,10647,0,237405,0,10647,237405
SMP072,10647,0,237405,0,10647,237405
SMP075,10647,0,237405,0,10647,237405
SMP076,10647,0,237405,0,10647,237405
SMP077,10647,0,237405,0,10647,237405
SMP079,10647,0,237405,0,10647,237405
SMP080,10647,0,237405,0,10647,237405
SMP081,10647,0,237405,0,10647,237405
SMP082,10647,0,237405,0,10647,237405
SMP083,10647,0,237405,0,10647,237405
SMP084,10647,0,237405,0,10647,237405
SMP085,10647,0,237405,0,10647,237405
SMP086,10647,0,237405,0,10647,237405
SMP087,10647,0,237405,0,10647,237405
SMP088,10647,0,237405,0,10647,237405
SMP089,10647,0,237405,0,10647,237405
SMP090,10647,0,237405,0,10647,237405
SMP091,10647,0,237405,0,10647,237405
SMP092,10647,0,237405,0,10647,237405
SMP093,10647,0,237405,0,10647,237405
SMP095,10647,0,237405,0,10647,237405
SMP096,10647,0,237405,0,10647,237405
SMP102,10647,0,237405,0,10647,237405
SMP105_a,10647,0,237405,0,10647,237405
SMP106,10647,0,237405,0,10647,237405
SMP107,10647,0,237405,0,10647,237405
SMP108,10647,0,237405,0,10647,237405
SMP109,10647,0,237405,0,10647,237405
SMP110,10647,0,237405,0,10647,237405
SMP111,10647,0,237405,0,10647,237405
SMP112,10647,0,237405,0,10647,237405
SMP114,10647,0,237405,0,10647,237405
SMP115,10647,0,237405,0,10647,237405
SMP116,10647,0,237405,0,10647,237405
SMP117_a,10647,0,237405,0,10647,237405
SMP117_b,10647,0,237405,0,10647,237405
SMP118,10647,0,237405,0,10647,237405
SMP119,10647,0,237405,0,10647,237405
SMP120,10647,0,237405,0,10647,237405
SMP122,10647,0,237405,0,10647,237405
SMP123,10647,0,237405,0,10647,237405
SMP124,10647,0,237405,0,10647,237405
SMP125,10647,0,237405,0,10647,237405
SMP126,10647,0,237405,0,10647,237405
SMP128,10647,0,237405,0,10647,237405
SMP130,10647,0,237405,0,10647,237405
SMP131,10647,0,237405,0,10647,237405
SMP132,10647,0,237405,0,10647,237405
SMP133,10647,0,237405,0,10647,237405
SMP134,10647,0,237405,0,10647,237405
SMP135,10647,0,237405,0,10647,237405
SMP136,10647,0,237405,0,10647,237405
SMP138,10647,0,237405,0,10647,237405
SMP139,10647,0,237405,0,10647,237405
SMP142,10647,0,237405,0,10647,237405
SMP143,10647,0,237405,0,10647,237405
SMP144,10647,0,237405,0,10647,237405
SMP145,10647,0,237405,0,10647,237405
SMP146,10647,0,237405,0,10647,237405
SMP147,10647,0,237405,0,10647,237405
SMP148,10647,0,237405,0,10647,237405
SMP150,10647,0,237405,0,10647,237405
SMP151,10647,0,237405,0,10647,237405
SMP152,10647,0,237405,0,10647,237405
SMP153_a,10647,0,237405,0,10647,237405
SMP153_b,10647,0,237405,0,10647,237405
SMP154,10647,0,237405,0,10647,237405
SMP155,10647,0,237405,0,10647,237405
SMP156,10647,0,237405,0,10647,237405
SMP157,10647,0,237405,0,10647,237405
SMP158,10647,0,237405,0,10647,237405
SMP159,10647,0,237405,0,10647,237405
SMP160,10647,0,237405,0,10647,237405
SMP161,10647,0,237405,0,10647,237405
SMP162,10647,0,237405,0,10647,237405
SMP163,10647,0,237405,0,10647,237405
SMP164,10647,0,237405,0,10647,237405
SMP165,10647,0,237405,0,10647,237405
SMP166,10647,0,237405,0,10647,237405
SMP167,10647,0,237405,0,10647,237405
SMP170,10647,0,237405,0,10647,237405
SMP171,10647,0,237405,0,10647,237405
SMP172,10647,0,237405,0,10647,237405
SMP174,10647,0,237405,0,10647,237405
SMP175,10647,0,237405,0,10647,237405
SMP176,10647,0,237405,0,10647,237405
SMP177,10647,0,237405,0,10647,237405
SMP178,10647,0,237405,0,10647,237405
SMP179,10647,0,237405,0,10647,237405
SMP180,10647,0,237405,0,10647,237405
SMP181,10647,0,237405,0,10647,237405
SMP182,10647,0,237405,0,10647,237405
SMP183,10647,0,237405,0,10647,237405
SMP184,10647,0,237405,0,10647,237405
SMP185,10647,0,237405,0,10647,237405
SMP186,10647,0,237405,0,10647,237405
SMP187,10647,0,237405,0,10647,237405
SMP188,10647,0,237405,0,10647,237405
SMP189,10647,0,237405,0,10647,237405
SMP190,10647,0,237405,0,10647,237405
SMP191,10647,0,237405,0,10647,237405
SMP192,10647,0,237405,0,10647,237405
SMP193,10647,0,237405,0,10647,237405
SMP194,10647,0,237405,0,10647,237405
SMP196_a,10647,0,237405,0,10647,237405
SMP196_b,10647,0,237405,0,10647,237405
SMP198,10647,0,237405,0,10647,237405
SMP199,10647,0,237405,0,10647,237405
SMP200,10647,0,237405,0,10647,237405
SMP201,10647,0,237405,0,10647,237405
SMP202,10647,0,237405,0,10647,237405
SMP203,10647,0,237405,0,10647,237405
SMP204,10647,0,237405,0,10647,237405
SMP206,10647,0,237405,0,10647,237405
SMP207,10647,0,237405,0,10647,237405
SMP208,10647,0,237405,0,10647,237405
SMP209,10647,0,237405,0,10647,237405
SMP210,10647,0,237405,0,10647,237405
SMP213,10647,0,237405,0,10647,237405
SMP214,10647,0,237405,0,10647,237405
SMP215,10647,0,237405,0,10647,237405
SMP216,10647,0,237405,0,10647,237405
SMP217,10647,0,237405,0,10647,237405
SMP218,10647,0,237405,0,10647,237405
SMP219,10647,0,237405,0,10647,237405
SMP220,10647,0,237405,0,10647,237405
SMP221,10647,0,237405,0,10647,237405
SMP222,10647,0,237405,0,10647,237405
SMP223,10647,0,237405,0,10647,237405
SMP226,10647,0,237405,0,10647,237405
SMP227,10647,0,237405,0,10647,237405
SMP228,10647,0,237405,0,10647,237405
SMP229,10647,0,237405,0,10647,237405
SMP232,10647,0,237405,0,10647,237405
SMP234,10647,0,237405,0,10647,237405
SMP235,10647,0,237405,0,10647,237405
SMP236,10647,0,237405,0,10647,237405
SMP237,10647,0,237405,0,10647,237405
SMP238,10647,0,237405,0,10647,237405
SMP239,10647,0,237405,0,10647,237405
SMP240,10647,0,237405,0,10647,237405
SMP242,10647,0,237405,0,10647,237405
SMP243,10647,0,237405,0,10647,237405
SMP245,10647,0,237405,0,10647,237405
SMP246,10647,0,237405,0,10647,237405
SMP247,10647,0,237405,0,10647,237405
SMP248_a,10647,0,237405,0,10647,237405
SMP248_b,10647,0,237405,0,10647,237405
SMP248_c,10647,0,237405,0,10647,237405
SMP248_d,10647,0,237405,0,10647,237405
SMP249,10647,0,237405,0,10647,237405
SMP250,10647,0,237405,0,10647,237405
SMP251,10647,0,237405,0,10647,237405
SMP252,10647,0,237405,0,10647,237405
SMP253,10647,0,237405,0,10647,237405
SMP254,10647,0,237405,0,10647,237405
SMP255,10647,0,237405,0,10647,237405
SMP256,10647,0,237405,0,10647,237405
SMP257,10647,0,237405,0,10647,237405
SMP258,10647,0,237405,0,10647,237405
SMP261,10647,0,237405,0,10647,237405
SMP262,10647,0,237405,0,10647,237405
SMP266,10647,0,237405,0,10647,237405
SMP267,10647,0,237405,0,10647,237405
SMP268,10647,0,237405,0,10647,237405
SMP269,10647,0,237405,0,10647,237405
SMP270,10647,0,237405,0,10647,237405
SMP271,10647,0,237405,0,10647,237405
SMP272,10647,0,237405,0,10647,237405
SMP273,10647,0,237405,0,10647,237405
SMP274,10647,0,237405,0,10647,237405
SMP275,10647,0,237405,0,10647,237405
SMP276,10647,0,237405,0,10647,237405
SMP277,10647,0,237405,0,10647,237405
SMP278,10647,0,237405,0,10647,237405
SMP279_a,10647,0,237405,0,10647,237405
SMP279_b,10647,0,237405,0,10647,237405
SMP279_c,10647,0,237405,0,10647,237405
SMP280,10647,0,237405,0,10647,237405
SMP281,10647,0,237405,0,10647,237405
SMP282,10647,0,237405,0,10647,237405
SMP283,10647,0,237405,0,10647,237405
SMP284_a,10647,0,237405,0,10647,237405
SMP284_b,10647,0,237405,0,10647,237405
SMP285,10647,0,237405,0,10647,237405
SMP286,10647,0,237405,0,10647,237405
SMP291,10647,0,237405,0,10647,237405
SMP293,10647,0,237405,0,10647,237405
SMP297,10647,0,237405,0,10647,237405
SMP299,10647,0,237405,0,10647,237405
SMP302,10647,0,237405,0,10647,237405
SMP304,10647,0,237405,0,10647,237405
SMP305,10647,0,237405,0,10647,237405
SMP306,10647,0,237405,0,10647,237405
SMP307,10647,0,237405,0,10647,237405
SMP311,10647,0,237405,0,10647,237405
SMP312,10647,0,237405,0,10647,237405
SMP313,10647,0,237405,0,10647,237405
SMP314,10647,0,237405,0,10647,237405
SMP315,10647,0,237405,0,10647,237405
SMP316_a,10647,0,237405,0,10647,237405
SMP316_b,10647,0,237405,0,10647,237405
SMP317,10647,0,237405,0,10647,237405
SMP319,10647,0,237405,0,10647,237405
SMP320,10647,0,237405,0,10647,237405
SMP320a,10647,0,237405,0,10647,237405
SMP321_a,10647,0,237405,0,10647,237405
SMP321_b,10647,0,237405,0,10647,237405
SMP322,10647,0,237405,0,10647,237405
SMP323,10647,0,237405,0,10647,237405
SMP324,10647,0,237405,0,10647,237405
SMP326,10647,0,237405,0,10647,237405
SMP327,10647,0,237405,0,10647,237405
SMP328_a,10647,0,237405,0,10647,237405
SMP328_b,10647,0,237405,0,10647,237405
SMP328_c,10647,0,237405,0,10647,237405
SMP329,10647,0,237405,0,10647,237405
SMP330,10647,0,237405,0,10647,237405
SMP331,10647,0,237405,0,10647,237405
SMP332,10647,0,237405,0,10647,237405
SMP333,10647,0,237405,0,10647,237405
SMP334,10647,0,237405,0,10647,237405
SMP335,10647,0,237405,0,10647,237405
SMP336,10647,0,237405,0,10647,237405
SMP337,10647,0,237405,0,10647,237405
SMP338,10647,0,237405,0,10647,237405
SMP339,10647,0,237405,0,10647,237405
SMP340,10647,0,237405,0,10647,237405
SMP341,10647,0,237405,0,10647,237405
SMP342,10647,0,237405,0,10647,237405
SMP344,10647,0,237405,0,10647,237405
SMP345,10647,0,237405,0,10647,237405
SMP346,10647,0,237405,0,10647,237405
SMP347,10647,0,237405,0,10647,237405
SMP348,10647,0,237405,0,10647,237405
SMP350,10647,0,237405,0,10647,237405
SMP352,10647,0,237405,0,10647,237405
SMP353,10647,0,237405,0,10647,237405
SMP354,10647,0,237405,0,10647,237405
SMP355,10647,0,237405,0,10647,237405
SMP356,10647,0,237405,0,10647,237405
SMP357,10647,0,237405,0,10647,237405
SMP358,10647,0,237405,0,10647,237405
SMP359,10647,0,237405,0,10647,237405
SMP360,10647,0,237405,0,10647,237405
SMP361,10647,0,237405,0,10647,237405
SMP362,10647,0,237405,0,10647,237405
SMP368,10647,0,237405,0,10647,237405
SMP369,10647,0,237405,0,10647,237405
SMP370,10647,0,237405,0,10647,237405
SMP371_a,10647,0,237405,0,10647,237405
SMP371_b,10647,0,237405,0,10647,237405
SMP372,10647,0,237405,0,10647,237405
SMP373,10647,0,237405,0,10647,237405
SMP374,10647,0,237405,0,10647,237405
SMP375,10647,0,237405,0,10647,237405
SMP376,10647,0,237405,0,10647,237405
SMP377,10647,0,237405,0,10647,237405
SMP378,10647,0,237405,0,10647,237405
SMP379,10647,0,237405,0,10647,237405
SMP380,10647,0,237405,0,10647,237405
SMP381_a,10647,0,237405,0,10647,237405
SMP381_b,10647,0,237405,0,10647,237405
SMP381_c,10647,0,237405,0,10647,237405
SMP382,10647,0,237405,0,10647,237405
SMP383,10647,0,237405,0,10647,237405
SMP384,10647,0,237405,0,10647,237405
SMP385,10647,0,237405,0,10647,237405
SMP386,10647,0,237405,0,10647,237405
SMP387,10647,0,237405,0,10647,237405
SMP388,10647,0,237405,0,10647,237405
SMP389_a,10647,0,237405,0,10647,237405
SMP389_b,10647,0,237405,0,10647,237405
SMP389_c,10647,0,237405,0,10647,237405
SMP390,10647,0,237405,0,10647,237405
SMP391,10647,0,237405,0,10647,237405
SMP392,10647,0,237405,0,10647,237405
SMP393,10647,0,237405,0,10647,237405
SMP394,10647,0,237405,0,10647,237405
SMP395,10647,0,237405,0,10647,237405
SMP397,10647,0,237405,0,10647,237405
SMP398_a,10647,0,237405,0,10647,237405
SMP398_b,10647,0,237405,0,10647,237405
SMP399_a,10647,0,237405,0,10647,237405
SMP399_b,10647,0,237405,0,10647,237405
SMP399_c,10647,0,237405,0,10647,237405
SMP400,10647,0,237405,0,10647,237405
SMP401,10647,0,237405,0,10647,237405
SMP402,10647,0,237405,0,10647,237405
SMP403,10647,0,237405,0,10647,237405
SMP404,10647,0,237405,0,10647,237405
SMP405,10647,0,237405,0,10647,237405
SMP406_a,10647,0,237405,0,10647,237405
SMP406_b,10647,0,237405,0,10647,237405
SMP406_c,10647,0,237405,0,10647,237405
SMP406_d,10647,0,237405,0,10647,237405
SMP406_e,10647,0,237405,0,10647,237405
SMP407,10647,0,237405,0,10647,237405
SMP408_a,10647,0,237405,0,10647,237405
SMP408_b,10647,0,237405,0,10647,237405
SMP408_c,10647,0,237405,0,10647,237405
SMP408_d,10647,0,237405,0,10647,237405
SMP409,10647,0,237405,0,10647,237405
SMP410,10647,0,237405,0,10647,237405
SMP411,10647,0,237405,0,10647,237405
SMP412,10647,0,237405,0,10647,237405
SMP413,10647,0,237405,0,10647,237405
SMP414,10647,0,237405,0,10647,237405
SMP415_a,10647,0,237405,0,10647,237405
SMP415_b,10647,0,237405,0,10647,237405
SMP416,10647,0,237405,0,10647,237405
SMP418,10647,0,237405,0,10647,237405
SMP419,10647,0,237405,0,10647,237405
SMP420,10647,0,237405,0,10647,237405
SMP421,10647,0,237405,0,10647,237405
SMP422,10647,0,237405,0,10647,237405
SMP423,10647,0,237405,0,10647,237405
SMP424,10647,0,237405,0,10647,237405
SMP425,10647,0,237405,0,10647,237405
SMP426,10647,0,237405,0,10647,237405
SMP427,10647,0,237405,0,10647,237405
SMP428_a,10647,0,237405,0,10647,237405
SMP428_b,10647,0,237405,0,10647,237405
SMP429,10647,0,237405,0,10647,237405
SMP430,10647,0,237405,0,10647,237405
SMP437,10647,0,237405,0,10647,237405
SMP438,10647,0,237405,0,10647,237405
SMP441,10647,0,237405,0,10647,237405
SMP442,10647,0,237405,0,10647,237405
SMP443,10647,0,237405,0,10647,237405
SMP444,10647,0,237405,0,10647,237405
SMP445,10647,0,237405,0,10647,237405
SMP446,10647,0,237405,0,10647,237405
SMP447,10647,0,237405,0,10647,237405
SMP448,10647,0,237405,0,10647,237405
SMP449,10647,0,237405,0,10647,237405
SMP450,10647,0,237405,0,10647,237405
SMP451,10647,0,237405,0,10647,237405
SMP452,10647,0,237405,0,10647,237405
SMP453,10647,0,237405,0,10647,237405
SMP455,10647,0,237405,0,10647,237405
SMP456,10647,0,237405,0,10647,237405
SMP457,10647,0,237405,0,10647,237405
SMP458,10647,0,237405,0,10647,237405
SMP459,10647,0,237405,0,10647,237405
SMP460,10647,0,237405,0,10647,237405
SMP461,10647,0,237405,0,10647,237405
SMP467,10647,0,237405,0,10647,237405
SMP468,10647,0,237405,0,10647,237405
SMP469,10647,0,237405,0,10647,237405
SMP470,10647,0,237405,0,10647,237405
SMP471,10647,0,237405,0,10647,237405
SMP472,10647,0,237405,0,10647,237405
SMP476,10647,0,237405,0,10647,237405
SMP477,10647,0,237405,0,10647,237405
SMP482,10647,0,237405,0,10647,237405
SMP483,10647,0,237405,0,10647,237405
SMP484,10647,0,237405,0,10647,237405
SMP487,10647,0,237405,0,10647,237405
SMP488,10647,0,237405,0,10647,237405
SMP489,10647,0,237405,0,10647,237405
SMP490,10647,0,237405,0,10647,237405
SMP491,10647,0,237405,0,10647,237405
SMP492,10647,0,237405,0,10647,237405
SMP493,10647,0,237405,0,10647,237405
SMP494,10647,0,237405,0,10647,237405
SMP495_a,10647,0,237405,0,10647,237405
SMP495_b,10647,0,237405,0,10647,237405
SMP495_c,10647,0,237405,0,10647,237405
SMP496,10647,0,237405,0,10647,237405
SMP497,10647,0,237405,0,10647,237405
SMP501,10647,0,237405,0,10647,237405
SMP503,10647,0,237405,0,10647,237405
SMP504,10647,0,237405,0,10647,237405
SMP505,10647,0,237405,0,10647,237405
SMP506,10647,0,237405,0,10647,237405
SMP507,10647,0,237405,0,10647,237405
SMP508,10647,0,237405,0,10647,237405
SMP509,10647,0,237405,0,10647,237405
SMP510,10647,0,237405,0,10647,237405
SMP511,10647,0,237405,0,10647,237405
SMP512,10647,0,237405,0,10647,237405
SMP513,10647,0,237405,0,10647,237405
SMP514,10647,0,237405,0,10647,237405
SMP516,10647,0,237405,0,10647,237405
SMP517,10647,0,237405,0,10647,237405
SMP518,10647,0,237405,0,10647,237405
SMP519,10647,0,237405,0,10647,237405
SMP520,10647,0,237405,0,10647,237405
SMP521,10647,0,237405,0,10647,237405
SMP522,10647,0,237405,0,10647,237405
SMP523,10647,0,237405,0,10647,237405
SMP525,10647,0,237405,0,10647,237405
SMP527,10647,0,237405,0,10647,237405
SMP528,10647,0,237405,0,10647,237405
SMP529,10647,0,237405,0,10647,237405
SMP530_a,10647,0,237405,0,10647,237405
SMP530_b,10647,0,237405,0,10647,237405
SMP531,10647,0,237405,0,10647,237405
SMP532_a,10647,0,237405,0,10647,237405
SMP532_b,10647,0,237405,0,10647,237405
SMP533,10647,0,237405,0,10647,237405
SMP535,10647,0,237405,0,10647,237405
SMP537,10647,0,237405,0,10647,237405
SMP538,10647,0,237405,0,10647,237405
SMP539,10647,0,237405,0,10647,237405
SMP540,10647,0,237405,0,10647,237405
SMP541,10647,0,237405,0,10647,237405
SMP542,10647,0,237405,0,10647,237405
SMP543,10647,0,237405,0,10647,237405
SMP544,10647,0,237405,0,10647,237405
SMP545,10647,0,237405,0,10647,237405
SMP546,10647,0,237405,0,10647,237405
SMP547,10647,0,237405,0,10647,237405
SMP548,10647,0,237405,0,10647,237405
SMP549,10647,0,237405,0,10647,237405
SMP550,10647,0,237405,0,10647,237405
SMP551,10647,0,237405,0,10647,237405
SMP552,10647,0,237405,0,10647,237405
SMP553,10647,0,237405,0,10647,237405
SMP554,10647,0,237405,0,10647,237405
SMP555,10647,0,237405,0,10647,237405
SMP556,10647,0,237405,0,10647,237405
SMP560,10647,0,237405,0,10647,237405
SMP561,10647,0,237405,0,10647,237405
SMP562,10647,0,237405,0,10647,237405
SMP565,10647,0,237405,0,10647,237405
SMP566,10647,0,237405,0,10647,237405
SMP567,10647,0,237405,0,10647,237405
SMP568_a,10647,0,237405,0,10647,237405
SMP568_b,10647,0,237405,0,10647,237405
SMP568_c,10647,0,237405,0,10647,237405
SMP568_d,10647,0,237405,0,10647,237405
SMP569,10647,0,237405,0,10647,237405
SMP570,10647,0,237405,0,10647,237405
SMP571,10647,0,237405,0,10647,237405
SMP572,10647,0,237405,0,10647,237405
SMP573,10647,0,237405,0,10647,237405
SMP577,10647,0,237405,0,10647,237405
SMP578,10647,0,237405,0,10647,237405
SMP579,10647,0,237405,0,10647,237405
SMP580,10647,0,237405,0,10647,237405
SMP581,10647,0,237405,0,10647,237405
SMP582,10647,0,237405,0,10647,237405
SMP583,10647,0,237405,0,10647,237405
SMP586,10647,0,237405,0,10647,237405
SMP588,10647,0,237405,0,10647,237405
SMP589,10647,0,237405,0,10647,237405
SMP590_a,10647,0,237405,0,10647,237405
SMP590_b,10647,0,237405,0,10647,237405
SMP591,10647,0,237405,0,10647,237405
SMP592,10647,0,237405,0,10647,237405
SMP593,10647,0,237405,0,10647,237405
SMP594,10647,0,237405,0,10647,237405
SMP595,10647,0,237405,0,10647,237405
SMP596,10647,0,237405,0,10647,237405
SMP597,10647,0,237405,0,10647,237405
SMP598,10647,0,237405,0,10647,237405
SMP599,10647,0,237405,0,10647,237405
SMP600,10647,0,237405,0,10647,237405
SMP603,10647,0,237405,0,10647,237405
SMP604,10647,0,237405,0,10647,237405
SMP700m,10647,0,237405,0,10647,237405
SMP702m,10647,0,237405,0,10647,237405
SMP703m,10647,0,237405,0,10647,237405
SMP705m,10647,0,237405,0,10647,237405
SMP709m,10647,0,237405,0,10647,237405
SMP710m,10647,0,237405,0,10647,237405
SMP711m,10647,0,237405,0,10647,237405
SMP712m,10647,0,237405,0,10647,237405
SMP713m,10647,0,237405,0,10647,237405
SMP714m,10647,0,237405,0,10647,237405
SMP715m,10647,0,237405,0,10647,237405
SMP716m,10647,0,237405,0,10647,237405
SMP717m,10647,0,237405,0,10647,237405
SMP718m,10647,0,237405,0,10647,237405
SMP719m,10647,0,237405,0,10647,237405
SMP720m,10647,0,237405,0,10647,237405
SMP721m,10647,0,237405,0,10647,237405
SMP723m,10647,0,237405,0,10647,237405
SMP726m,10647,0,237405,0,10647,237405
SMP727m,10647,0,237405,0,10647,237405
SMP728m,10647,0,237405,0,10647,237405
SMP729,10647,0,237405,0,10647,237405
SMP729m,10647,0,237405,0,10647,237405
SMP730,10647,0,237405,0,10647,237405
SMP731,10647,0,237405,0,10647,237405
SMP732,10647,0,237405,0,10647,237405
SMP733,10647,0,237405,0,10647,237405
SMP734,10647,0,237405,0,10647,237405
SMP735,10647,0,237405,0,10647,237405
SMP736,10647,0,237405,0,10647,237405
SMP737,10647,0,237405,0,10647,237405
SMP738,10647,0,237405,0,10647,237405
SMP739,10647,0,237405,0,10647,237405
SMP740,10647,0,237405,0,10647,237405
SMP741,10647,0,237405,0,10647,237405
SMP742,10647,0,237405,0,10647,237405
SMP743,10647,0,237405,0,10647,237405
SMP744,10647,0,237405,0,10647,237405
SMP_unclear,10647,0,237405,0,10647,237405
SMPp&v1B_M02,10647,0,237405,0,10647,237405
SNch05,10647,0,237405,0,10647,237405
"SNta20,SNta29",10647,0,237405,0,10647,237405
SNta24,10647,0,237405,0,10647,237405
"SNta28,SNta29",10647,0,237405,0,10647,237405
"SNta28,SNta40",10647,0,237405,0,10647,237405
"SNta31,SNta34",10647,0,237405,0,10647,237405
"SNta44,SNta45",10647,0,237405,0,10647,237405
SpsP,10647,0,237405,0,10647,237405
T1,10647,0,237405,0,10647,237405
T2,10647,0,237405,0,10647,237405
T2a,10647,0,237405,0,10647,237405
T3,10647,0,237405,0,10647,237405
T4_unclear,10647,0,237405,0,10647,237405
T4a,10647,0,237405,0,10647,237405
T4b,10647,0,237405,0,10647,237405
T4c,10647,0,237405,0,10647,237405
T4d,10647,0,237405,0,10647,237405
T5a,10647,0,237405,0,10647,237405
T5a_unclear,10647,0,237405,0,10647,237405
T5b,10647,0,237405,0,10647,237405
T5c,10647,0,237405,0,10647,237405
T5d,10647,0,237405,0,10647,237405
TN1a_a,10647,0,237405,0,10647,237405
TN1a_b,10647,0,237405,0,10647,237405
TN1a_c,10647,0,237405,0,10647,237405
TN1a_d,10647,0,237405,0,10647,237405
TN1a_e,10647,0,237405,0,10647,237405
TN1a_f,10647,0,237405,0,10647,237405
TN1a_g,10647,0,237405,0,10647,237405
TN1a_h,10647,0,237405,0,10647,237405
TN1a_i,10647,0,237405,0,10647,237405
Tlp11,10647,0,237405,0,10647,237405
Tlp12,10647,0,237405,0,10647,237405
Tlp13,10647,0,237405,0,10647,237405
Tlp14,10647,0,237405,0,10647,237405
Tm1,10647,0,237405,0,10647,237405
Tm12,10647,0,237405,0,10647,237405
Tm16,10647,0,237405,0,10647,237405
Tm2,10647,0,237405,0,10647,237405
Tm23,10647,0,237405,0,10647,237405
Tm24,10647,0,237405,0,10647,237405
Tm26,10647,0,237405,0,10647,237405
Tm29,10647,0,237405,0,10647,237405
Tm3,10647,0,237405,0,10647,237405
Tm30,10647,0,237405,0,10647,237405
Tm31,10647,0,237405,0,10647,237405
Tm32,10647,0,237405,0,10647,237405
Tm33,10647,0,237405,0,10647,237405
Tm34,10647,0,237405,0,10647,237405
Tm35,10647,0,237405,0,10647,237405
Tm36,10647,0,237405,0,10647,237405
Tm37,10647,0,237405,0,10647,237405
Tm38,10647,0,237405,0,10647,237405
Tm39,10647,0,237405,0,10647,237405
Tm3_unclear,10647,0,237405,0,10647,237405
Tm4,10647,0,237405,0,10647,237405
Tm40,10647,0,237405,0,10647,237405
Tm5Y,10647,0,237405,0,10647,237405
Tm6,10647,0,237405,0,10647,237405
Tm9,10647,0,237405,0,10647,237405
TmY10,10647,0,237405,0,10647,237405
TmY13,10647,0,237405,0,10647,237405
TmY14,10647,0,237405,0,10647,237405
TmY15,10647,0,237405,0,10647,237405
TmY16,10647,0,237405,0,10647,237405
TmY17,10647,0,237405,0,10647,237405
TmY18,10647,0,237405,0,10647,237405
TmY19b,10647,0,237405,0,10647,237405
TmY20,10647,0,237405,0,10647,237405
TmY21,10647,0,237405,0,10647,237405
TmY3,10647,0,237405,0,10647,237405
TmY4,10647,0,237405,0,10647,237405
TmY5a,10647,0,237405,0,10647,237405
TmY9a,10647,0,237405,0,10647,237405
TmY9b,10647,0,237405,0,10647,237405
TmY_unclear,10647,0,237405,0,10647,237405
Tm_unclear,10647,0,237405,0,10647,237405
TuBu01,10647,0,237405,0,10647,237405
TuBu02,10647,0,237405,0,10647,237405
TuBu03,10647,0,237405,0,10647,237405
TuBu04,10647,0,237405,0,10647,237405
TuBu05,10647,0,237405,0,10647,237405
TuBu06,10647,0,237405,0,10647,237405
TuBu07,10647,0,237405,0,10647,237405
TuBu08,10647,0,237405,0,10647,237405
TuBu09,10647,0,237405,0,10647,237405
TuBu10,10647,0,237405,0,10647,237405
TuTuA_1,10647,0,237405,0,10647,237405
TuTuA_2,10647,0,237405,0,10647,237405
TuTuB_a,10647,0,237405,0,10647,237405
TuTuB_b,10647,0,237405,0,10647,237405
V1,10647,0,237405,0,10647,237405
VCH,10647,0,237405,0,10647,237405
VES001,10647,0,237405,0,10647,237405
VES002,10647,0,237405,0,10647,237405
VES003,10647,0,237405,0,10647,237405
VES004,10647,0,237405,0,10647,237405
VES005,10647,0,237405,0,10647,237405
VES007,10647,0,237405,0,10647,237405
VES010,10647,0,237405,0,10647,237405
VES011,10647,0,237405,0,10647,237405
VES012,10647,0,237405,0,10647,237405
VES013,10647,0,237405,0,10647,237405
VES014,10647,0,237405,0,10647,237405
VES017,10647,0,237405,0,10647,237405
VES018,10647,0,237405,0,10647,237405
VES019,10647,0,237405,0,10647,237405
VES020,10647,0,237405,0,10647,237405
VES021,10647,0,237405,0,10647,237405
VES022,10647,0,237405,0,10647,237405
VES023,10647,0,237405,0,10647,237405
VES024_a,10647,0,237405,0,10647,237405
VES024_b,10647,0,237405,0,10647,237405
VES025,10647,0,237405,0,10647,237405
VES027,10647,0,237405,0,10647,237405
VES030,10647,0,237405,0,10647,237405
VES031,10647,0,237405,0,10647,237405
VES032,10647,0,237405,0,10647,237405
VES033,10647,0,237405,0,10647,237405
VES034_b,10647,0,237405,0,10647,237405
VES037,10647,0,237405,0,10647,237405
VES039,10647,0,237405,0,10647,237405
VES041,10647,0,237405,0,10647,237405
VES043,10647,0,237405,0,10647,237405
VES045,10647,0,237405,0,10647,237405
VES046,10647,0,237405,0,10647,237405
VES047,10647,0,237405,0,10647,237405
VES048,10647,0,237405,0,10647,237405
VES049,10647,0,237405,0,10647,237405
VES050,10647,0,237405,0,10647,237405
VES051,10647,0,237405,0,10647,237405
VES052,10647,0,237405,0,10647,237405
VES053,10647,0,237405,0,10647,237405
VES054,10647,0,237405,0,10647,237405
VES056,10647,0,237405,0,10647,237405
VES057,10647,0,237405,0,10647,237405
VES058,10647,0,237405,0,10647,237405
VES059,10647,0,237405,0,10647,237405
VES063,10647,0,237405,0,10647,237405
VES064,10647,0,237405,0,10647,237405
VES065,10647,0,237405,0,10647,237405
VES067,10647,0,237405,0,10647,237405
VES070,10647,0,237405,0,10647,237405
VES071,10647,0,237405,0,10647,237405
VES072,10647,0,237405,0,10647,237405
VES073,10647,0,237405,0,10647,237405
VES074,10647,0,237405,0,10647,237405
VES075,10647,0,237405,0,10647,237405
VES076,10647,0,237405,0,10647,237405
VES077,10647,0,237405,0,10647,237405
VES078,10647,0,237405,0,10647,237405
VES079,10647,0,237405,0,10647,237405
VES085_a,10647,0,237405,0,10647,237405
VES085_b,10647,0,237405,0,10647,237405
VES087,10647,0,237405,0,10647,237405
VES088,10647,0,237405,0,10647,237405
VES089,10647,0,237405,0,10647,237405
VES090,10647,0,237405,0,10647,237405
VES091,10647,0,237405,0,10647,237405
VES092,10647,0,237405,0,10647,237405
VES093_a,10647,0,237405,0,10647,237405
VES093_b,10647,0,237405,0,10647,237405
VES093_c,10647,0,237405,0,10647,237405
VES094,10647,0,237405,0,10647,237405
VES095,10647,0,237405,0,10647,237405
VES096,10647,0,237405,0,10647,237405
VES097,10647,0,237405,0,10647,237405
VES098,10647,0,237405,0,10647,237405
VES099,10647,0,237405,0,10647,237405
VES100,10647,0,237405,0,10647,237405
VES101,10647,0,237405,0,10647,237405
VES102,10647,0,237405,0,10647,237405
VES103,10647,0,237405,0,10647,237405
VES104,10647,0,237405,0,10647,237405
VES105,10647,0,237405,0,10647,237405
VES106,10647,0,237405,0,10647,237405
VES107,10647,0,237405,0,10647,237405
VES108,10647,0,237405,0,10647,237405
VES109,10647,0,237405,0,10647,237405
VES200m,10647,0,237405,0,10647,237405
VES202m,10647,0,237405,0,10647,237405
VES203m,10647,0,237405,0,10647,237405
VES204m,10647,0,237405,0,10647,237405
VES205m,10647,0,237405,0,10647,237405
VES206m,10647,0,237405,0,10647,237405
VLP_TBD1,10647,0,237405,0,10647,237405
VS,10647,0,237405,0,10647,237405
VST1,10647,0,237405,0,10647,237405
VST2,10647,0,237405,0,10647,237405
VSm,10647,0,237405,0,10647,237405
WED002,10647,0,237405,0,10647,237405
WED004,10647,0,237405,0,10647,237405
WED006,10647,0,237405,0,10647,237405
WED007,10647,0,237405,0,10647,237405
WED008,10647,0,237405,0,10647,237405
WED009,10647,0,237405,0,10647,237405
WED010,10647,0,237405,0,10647,237405
WED011,10647,0,237405,0,10647,237405
WED012,10647,0,237405,0,10647,237405
WED013,10647,0,237405,0,10647,237405
WED014,10647,0,237405,0,10647,237405
WED015,10647,0,237405,0,10647,237405
WED016,10647,0,237405,0,10647,237405
WED017,10647,0,237405,0,10647,237405
WED018,10647,0,237405,0,10647,237405
WED020_a,10647,0,237405,0,10647,237405
WED022,10647,0,237405,0,10647,237405
WED023,10647,0,237405,0,10647,237405
WED024,10647,0,237405,0,10647,237405
WED026,10647,0,237405,0,10647,237405
WED028,10647,0,237405,0,10647,237405
WED029,10647,0,237405,0,10647,237405
WED030_a,10647,0,237405,0,10647,237405
WED030_b,10647,0,237405,0,10647,237405
WED034,10647,0,237405,0,10647,237405
WED035,10647,0,237405,0,10647,237405
WED037,10647,0,237405,0,10647,237405
WED038,10647,0,237405,0,10647,237405
WED039,10647,0,237405,0,10647,237405
WED040_a,10647,0,237405,0,10647,237405
WED040_b,10647,0,237405,0,10647,237405
WED040_c,10647,0,237405,0,10647,237405
WED041,10647,0,237405,0,10647,237405
WED042,10647,0,237405,0,10647,237405
WED044,10647,0,237405,0,10647,237405
WED045,10647,0,237405,0,10647,237405
WED046,10647,0,237405,0,10647,237405
WED047,10647,0,237405,0,10647,237405
WED051,10647,0,237405,0,10647,237405
WED055_b,10647,0,237405,0,10647,237405
WED056,10647,0,237405,0,10647,237405
WED060,10647,0,237405,0,10647,237405
WED061,10647,0,237405,0,10647,237405
WED063_a,10647,0,237405,0,10647,237405
WED063_b,10647,0,237405,0,10647,237405
WED065,10647,0,237405,0,10647,237405
WED066,10647,0,237405,0,10647,237405
WED070,10647,0,237405,0,10647,237405
WED071,10647,0,237405,0,10647,237405
WED072,10647,0,237405,0,10647,237405
WED074,10647,0,237405,0,10647,237405
WED075,10647,0,237405,0,10647,237405
WED076,10647,0,237405,0,10647,237405
WED077,10647,0,237405,0,10647,237405
WED078,10647,0,237405,0,10647,237405
WED079,10647,0,237405,0,10647,237405
WED081,10647,0,237405,0,10647,237405
WED085,10647,0,237405,0,10647,237405
WED089,10647,0,237405,0,10647,237405
WED091,10647,0,237405,0,10647,237405
WED092,10647,0,237405,0,10647,237405
WED093,10647,0,237405,0,10647,237405
WED094,10647,0,237405,0,10647,237405
WED095,10647,0,237405,0,10647,237405
WED096,10647,0,237405,0,10647,237405
WED097,10647,0,237405,0,10647,237405
WED098,10647,0,237405,0,10647,237405
WED101,10647,0,237405,0,10647,237405
WED104,10647,0,237405,0,10647,237405
WED107,10647,0,237405,0,10647,237405
WED109,10647,0,237405,0,10647,237405
WED111,10647,0,237405,0,10647,237405
WED114,10647,0,237405,0,10647,237405
WED116,10647,0,237405,0,10647,237405
WED119,10647,0,237405,0,10647,237405
WED121,10647,0,237405,0,10647,237405
WED122,10647,0,237405,0,10647,237405
WED124,10647,0,237405,0,10647,237405
WED125,10647,0,237405,0,10647,237405
WED127,10647,0,237405,0,10647,237405
WED128,10647,0,237405,0,10647,237405
WED129,10647,0,237405,0,10647,237405
WED130,10647,0,237405,0,10647,237405
WED131,10647,0,237405,0,10647,237405
WED132,10647,0,237405,0,10647,237405
WED143_a,10647,0,237405,0,10647,237405
WED143_b,10647,0,237405,0,10647,237405
WED144,10647,0,237405,0,10647,237405
WED145,10647,0,237405,0,10647,237405
WED146_a,10647,0,237405,0,10647,237405
WED146_b,10647,0,237405,0,10647,237405
WED146_c,10647,0,237405,0,10647,237405
WED151,10647,0,237405,0,10647,237405
WED152,10647,0,237405,0,10647,237405
WED153,10647,0,237405,0,10647,237405
WED154,10647,0,237405,0,10647,237405
WED155,10647,0,237405,0,10647,237405
WED157,10647,0,237405,0,10647,237405
WED164,10647,0,237405,0,10647,237405
WED165,10647,0,237405,0,10647,237405
WED166_d,10647,0,237405,0,10647,237405
WED168,10647,0,237405,0,10647,237405
WED181,10647,0,237405,0,10647,237405
WED182,10647,0,237405,0,10647,237405
WED183,10647,0,237405,0,10647,237405
WED184,10647,0,237405,0,10647,237405
WED185,10647,0,237405,0,10647,237405
WED187,10647,0,237405,0,10647,237405
WED188,10647,0,237405,0,10647,237405
WED192,10647,0,237405,0,10647,237405
WED193,10647,0,237405,0,10647,237405
WED195,10647,0,237405,0,10647,237405
WED197,10647,0,237405,0,10647,237405
WED198,10647,0,237405,0,10647,237405
WED199,10647,0,237405,0,10647,237405
WED200,10647,0,237405,0,10647,237405
WED201,10647,0,237405,0,10647,237405
WED209,10647,0,237405,0,10647,237405
WEDPN10A,10647,0,237405,0,10647,237405
WEDPN10B,10647,0,237405,0,10647,237405
WEDPN11,10647,0,237405,0,10647,237405
WEDPN12,10647,0,237405,0,10647,237405
WEDPN16_d,10647,0,237405,0,10647,237405
WEDPN17_a1,10647,0,237405,0,10647,237405
WEDPN17_a2,10647,0,237405,0,10647,237405
WEDPN17_b,10647,0,237405,0,10647,237405
WEDPN17_c,10647,0,237405,0,10647,237405
WEDPN18,10647,0,237405,0,10647,237405
WEDPN2A,10647,0,237405,0,10647,237405
WEDPN2B_a,10647,0,237405,0,10647,237405
WEDPN2B_b,10647,0,237405,0,10647,237405
WEDPN3,10647,0,237405,0,10647,237405
WEDPN4,10647,0,237405,0,10647,237405
WEDPN5,10647,0,237405,0,10647,237405
WEDPN6A,10647,0,237405,0,10647,237405
WEDPN6B,10647,0,237405,0,10647,237405
WEDPN6C,10647,0,237405,0,10647,237405
WEDPN7A,10647,0,237405,0,10647,237405
WEDPN7B,10647,0,237405,0,10647,237405
WEDPN7C,10647,0,237405,0,10647,237405
WEDPN8D,10647,0,237405,0,10647,237405
Y11,10647,0,237405,0,10647,237405
Y12,10647,0,237405,0,10647,237405
Y13,10647,0,237405,0,10647,237405
Y14,10647,0,237405,0,10647,237405
Y3,10647,0,237405,0,10647,237405
Y_unclear,10647,0,237405,0,10647,237405
aDT4,10647,0,237405,0,10647,237405
aIPg1,10647,0,237405,0,10647,237405
aIPg10,10647,0,237405,0,10647,237405
aIPg2,10647,0,237405,0,10647,237405
aIPg4,10647,0,237405,0,10647,237405
aIPg5,10647,0,237405,0,10647,237405
aIPg6,10647,0,237405,0,10647,237405
aIPg7,10647,0,237405,0,10647,237405
aIPg8,10647,0,237405,0,10647,237405
aIPg9,10647,0,237405,0,10647,237405
aIPg_m1,10647,0,237405,0,10647,237405
aIPg_m2,10647,0,237405,0,10647,237405
aIPg_m3,10647,0,237405,0,10647,237405
aIPg_m4,10647,0,237405,0,10647,237405
aMe13,10647,0,237405,0,10647,237405
aMe15,10647,0,237405,0,10647,237405
aMe17a,10647,0,237405,0,10647,237405
aMe17b,10647,0,237405,0,10647,237405
aMe17c,10647,0,237405,0,10647,237405
aMe17e,10647,0,237405,0,10647,237405
aMe2,10647,0,237405,0,10647,237405
aMe20,10647,0,237405,0,10647,237405
aMe22,10647,0,237405,0,10647,237405
aMe23,10647,0,237405,0,10647,237405
aMe24,10647,0,237405,0,10647,237405
aMe25,10647,0,237405,0,10647,237405
aMe26,10647,0,237405,0,10647,237405
aMe30,10647,0,237405,0,10647,237405
aMe4,10647,0,237405,0,10647,237405
aMe5,10647,0,237405,0,10647,237405
aMe8,10647,0,237405,0,10647,237405
aMe9,10647,0,237405,0,10647,237405
aMe_TBD1,10647,0,237405,0,10647,237405
aMe_unclear,10647,0,237405,0,10647,237405
aSP-g3Am,10647,0,237405,0,10647,237405
aSP10A_a,10647,0,237405,0,10647,237405
aSP10A_b,10647,0,237405,0,10647,237405
aSP10B,10647,0,237405,0,10647,237405
aSP10C_a,10647,0,237405,0,10647,237405
aSP10C_b,10647,0,237405,0,10647,237405
dCal1,10647,0,237405,0,10647,237405
dMS2,10647,0,237405,0,10647,237405
dMS5,10647,0,237405,0,10647,237405
dMS9,10647,0,237405,0,10647,237405
dPR1,10647,0,237405,0,10647,237405
hDeltaA,10647,0,237405,0,10647,237405
hDeltaB,10647,0,237405,0,10647,237405
hDeltaC,10647,0,237405,0,10647,237405
hDeltaD,10647,0,237405,0,10647,237405
hDeltaE,10647,0,237405,0,10647,237405
hDeltaF,10647,0,237405,0,10647,237405
hDeltaG,10647,0,237405,0,10647,237405
hDeltaH,10647,0,237405,0,10647,237405
hDeltaI,10647,0,237405,0,10647,237405
hDeltaJ,10647,0,237405,0,10647,237405
hDeltaK,10647,0,237405,0,10647,237405
hDeltaL,10647,0,237405,0,10647,237405
hDeltaM,10647,0,237405,0,10647,237405
l-LNv,10647,0,237405,0,10647,237405
lLN14,10647,0,237405,0,10647,237405
lLN1_a,10647,0,237405,0,10647,237405
lLN1_bc,10647,0,237405,0,10647,237405
mAL5A2,10647,0,237405,0,10647,237405
mALB1,10647,0,237405,0,10647,237405
mALB2,10647,0,237405,0,10647,237405
mALB5,10647,0,237405,0,10647,237405
mALD1,10647,0,237405,0,10647,237405
mALD3,10647,0,237405,0,10647,237405
mALD4,10647,0,237405,0,10647,237405
mAL_m1,10647,0,237405,0,10647,237405
mAL_m10,10647,0,237405,0,10647,237405
mAL_m11,10647,0,237405,0,10647,237405
mAL_m2a,10647,0,237405,0,10647,237405
mAL_m2b,10647,0,237405,0,10647,237405
mAL_m3a,10647,0,237405,0,10647,237405
mAL_m3b,10647,0,237405,0,10647,237405
mAL_m3c,10647,0,237405,0,10647,237405
mAL_m4,10647,0,237405,0,10647,237405
mAL_m5a,10647,0,237405,0,10647,237405
mAL_m5b,10647,0,237405,0,10647,237405
mAL_m5c,10647,0,237405,0,10647,237405
mAL_m6,10647,0,237405,0,10647,237405
mAL_m7,10647,0,237405,0,10647,237405
mAL_m8,10647,0,237405,0,10647,237405
mesVUM-MJ,10647,0,237405,0,10647,237405
oviIN,10647,0,237405,0,10647,237405
pC1_10a,10647,0,237405,0,10647,237405
pC1_10b,10647,0,237405,0,10647,237405
pC1_10c,10647,0,237405,0,10647,237405
pC1_10d,10647,0,237405,0,10647,237405
pC1_11a,10647,0,237405,0,10647,237405
pC1_11b,10647,0,237405,0,10647,237405
pC1_12a,10647,0,237405,0,10647,237405
pC1_12b,10647,0,237405,0,10647,237405
pC1_13a,10647,0,237405,0,10647,237405
pC1_13b,10647,0,237405,0,10647,237405
pC1_13c,10647,0,237405,0,10647,237405
pC1_14a,10647,0,237405,0,10647,237405
pC1_14b,10647,0,237405,0,10647,237405
pC1_15a,10647,0,237405,0,10647,237405
pC1_15b,10647,0,237405,0,10647,237405
pC1_15c,10647,0,237405,0,10647,237405
pC1_16a,10647,0,237405,0,10647,237405
pC1_16b,10647,0,237405,0,10647,237405
pC1_17a,10647,0,237405,0,10647,237405
pC1_17b,10647,0,237405,0,10647,237405
pC1_18a,10647,0,237405,0,10647,237405
pC1_18b,10647,0,237405,0,10647,237405
pC1_19,10647,0,237405,0,10647,237405
pC1_1a,10647,0,237405,0,10647,237405
pC1_1b,10647,0,237405,0,10647,237405
pC1_2a,10647,0,237405,0,10647,237405
pC1_2a/2b,10647,0,237405,0,10647,237405
pC1_2b,10647,0,237405,0,10647,237405
pC1_2c,10647,0,237405,0,10647,237405
pC1_3a,10647,0,237405,0,10647,237405
pC1_3b,10647,0,237405,0,10647,237405
pC1_3c,10647,0,237405,0,10647,237405
pC1_4a,10647,0,237405,0,10647,237405
pC1_4b,10647,0,237405,0,10647,237405
pC1_5a,10647,0,237405,0,10647,237405
pC1_5b,10647,0,237405,0,10647,237405
pC1_6a,10647,0,237405,0,10647,237405
pC1_6b,10647,0,237405,0,10647,237405
pC1_7a,10647,0,237405,0,10647,237405
pC1_7b,10647,0,237405,0,10647,237405
pC1_8a,10647,0,237405,0,10647,237405
pC1_8b,10647,0,237405,0,10647,237405
pC1_8c,10647,0,237405,0,10647,237405
pC1_9a,10647,0,237405,0,10647,237405
pC1_9b,10647,0,237405,0,10647,237405
pC1x_a,10647,0,237405,0,10647,237405
pC1x_b,10647,0,237405,0,10647,237405
pC1x_c,10647,0,237405,0,10647,237405
pC1x_d,10647,0,237405,0,10647,237405
v2LN3A1_a,10647,0,237405,0,10647,237405
vCal1,10647,0,237405,0,10647,237405
vCal2,10647,0,237405,0,10647,237405
vCal3,10647,0,237405,0,10647,237405
vDeltaA_a,10647,0,237405,0,10647,237405
vDeltaA_b,10647,0,237405,0,10647,237405
vDeltaB,10647,0,237405,0,10647,237405
vDeltaC,10647,0,237405,0,10647,237405
vDeltaD,10647,0,237405,0,10647,237405
vDeltaE,10647,0,237405,0,10647,237405
vDeltaF,10647,0,237405,0,10647,237405
vDeltaG,10647,0,237405,0,10647,237405
vDeltaH,10647,0,237405,0,10647,237405
vDeltaI_a,10647,0,237405,0,10647,237405
vDeltaI_b,10647,0,237405,0,10647,237405
vDeltaJ,10647,0,237405,0,10647,237405
vDeltaK,10647,0,237405,0,10647,237405
vDeltaL,10647,0,237405,0,10647,237405
vDeltaM,10647,0,237405,0,10647,237405
vMS12_c,10647,0,237405,0,10647,237405
vMS12_d,10647,0,237405,0,10647,237405
vMS17,10647,0,237405,0,10647,237405
vPR6,10647,0,237405,0,10647,237405
vPR9_b,10647,0,237405,0,10647,237405
vpoEN,10647,0,237405,0,10647,237405
vpoIN,10647,0,237405,0,10647,237405
