type_a,type_b,impact_a,impact_b,flow_after,joint_impact,synergy
SNppxx,SNta29,216,155,10264,383,12
SNppxx,SNta37,216,107,10315,332,9
SNppxx,SNpp52,216,85,10337,310,9
SNta29,SNta20,155,82,10401,246,9
SNppxx,SNta38,216,85,10338,309,8
SNta29,SNta37,155,107,10377,270,8
SNta29,SNta30,155,53,10431,216,8
SNppxx,SNta20,216,82,10342,305,7
SNppxx,SNpp51,216,47,10377,270,7
SApp,SApp10,310,166,10165,482,6
SNppxx,SNxx33,216,116,10309,338,6
SNppxx,SNpp45,216,64,10361,286,6
SNpp50,SNta29,59,155,10427,220,6
SNta37,SNta20,107,82,10452,195,6
SApp,"SApp06,SApp15",310,97,10235,412,5
SApp,SNpp35,310,19,10313,334,5
SNppxx,SNta21,216,103,10323,324,5
SApp08,SApp10,112,166,10364,283,5
SNppxx,SNpp50,216,59,10367,280,5
SNxx33,SNta29,116,155,10371,276,5
SNppxx,SNta30,216,53,10373,274,5
SNppxx,SNta25,216,52,10374,273,5
SNppxx,SNta28,216,46,10380,267,5
SNpp45,SNta29,64,155,10423,224,5
SNta29,SNta28,155,46,10441,206,5
SNta38,SNta37,85,107,10450,197,5
SApp10,SNpp35,166,19,10457,190,5
SNta30,SNta37,53,107,10482,165,5
SNpp45,SNpp52,64,85,10493,154,5
SNpp50,SNta20,59,82,10501,146,5
SNpp30,SNpp17,75,17,10550,97,5
SApp,SApp08,310,112,10221,426,4
SApp10,"SApp06,SApp15",166,97,10380,267,4
SNta29,SNta38,155,85,10403,244,4
SNxx33,SNta21,116,103,10424,223,4
SNxx33,SNta38,116,85,10442,205,4
SApp10,SNpp07,166,32,10445,202,4
SNpp52,SNta37,85,107,10451,196,4
SNpp52,SNta20,85,82,10476,171,4
SNxx33,SNta28,116,46,10481,166,4
SNta25,SNta37,52,107,10484,163,4
SNta37,SNta28,107,46,10490,157,4
SNta38,SNta25,85,52,10506,141,4
SNta30,SNta20,53,82,10508,139,4
SNpp52,SNpp51,85,47,10511,136,4
SNpp30,"SNpp29,SNpp63",75,29,10539,108,4
SNta30,SNta28,53,46,10544,103,4
SNpp30,DNx01,75,18,10550,97,4
SNta04,"SNta04,SNta11",50,29,10564,83,4
PhG4,dorsal_tpGRN,14,16,10613,34,4
SApp,"SApp09,SApp22",310,164,10170,477,3
SApp,SApp19,310,50,10284,363,3
SApp,SApp14,310,32,10302,345,3
SApp,SNpp07,310,32,10302,345,3
SApp,SApp13,310,31,10303,344,3
SNppxx,SNta04,216,50,10378,269,3
SNppxx,SNta11,216,47,10381,266,3
SNta21,SNta29,103,155,10386,261,3
SNppxx,"SNta04,SNta11",216,29,10399,248,3
SNta29,SNpp52,155,85,10404,243,3
SNxx33,SNta37,116,107,10421,226,3
SApp10,SApp04,166,56,10422,225,3
SApp10,SApp19,166,50,10428,219,3
SNta29,SNta25,155,52,10437,210,3
SNta29,SNpp51,155,47,10442,205,3
SApp10,SApp13,166,31,10447,200,3
"SApp09,SApp22",SApp14,164,32,10448,199,3
SNta21,SNta38,103,85,10456,191,3
SNta29,SNta26,155,28,10461,186,3
SNxx33,SNta30,116,53,10475,172,3
BM,BM_InOm,84,72,10488,159,3
SNpp50,SNta38,59,85,10500,147,3
SNta38,SNta30,85,53,10506,141,3
SNta04,SNpp52,50,85,10509,138,3
SNta37,SNta26,107,28,10509,138,3
"SNta11,SNta14",SNpp52,49,85,10510,137,3
SNpp52,SNta11,85,47,10512,135,3
SApp08,SNpp35,112,19,10513,134,3
SNta38,SNta28,85,46,10513,134,3
"SApp06,SApp15",SApp14,97,32,10515,132,3
"SApp06,SApp15",SNpp07,97,32,10515,132,3
SNta20,SNta28,82,46,10516,131,3
"SApp06,SApp15",SNpp35,97,19,10528,119,3
SNpp52,"SNta04,SNta11",85,29,10530,117,3
SNta38,SNta26,85,28,10531,116,3
SNpp50,SNpp51,59,47,10538,109,3
SNpp30,SNpp02,75,24,10545,102,3
SNta04,SNta11,50,47,10547,100,3
SNta11,"SNta04,SNta11",47,29,10568,79,3
SNta26,SNta28,28,46,10570,77,3
"SApp11,SApp18",SApp14,35,32,10577,70,3
SApp14,SNpp07,32,32,10580,67,3
SNpp35,SNpp07,19,32,10593,54,3
PhG1c,dorsal_tpGRN,34,16,10594,53,3
PhG1c,PhG4,34,14,10596,51,3
SApp,SApp04,310,56,10279,368,2
SApp,"SApp11,SApp18",310,35,10300,347,2
SApp,SApp01,310,26,10309,338,2
SNpp39,SNppxx,56,216,10373,274,2
"SNta11,SNta14",SNppxx,49,216,10380,267,2
"SApp09,SApp22","SApp06,SApp15",164,97,10384,263,2
SNppxx,SNta26,216,28,10401,246,2
SNpp39,SNta29,56,155,10434,213,2
SNta21,SNta37,103,107,10435,212,2
SApp08,"SApp06,SApp15",112,97,10436,211,2
SApp10,"SApp11,SApp18",166,35,10444,203,2
SApp10,SApp14,166,32,10447,200,2
SNxx33,SNta20,116,82,10447,200,2
"SApp09,SApp22",SNpp07,164,32,10449,198,2
SApp10,SApp01,166,26,10453,194,2
SNpp19,SNpp52,97,85,10463,184,2
SNpp45,SNta37,64,107,10474,173,2
SApp08,SApp04,112,56,10477,170,2
SNta38,SNta20,85,82,10478,169,2
SNpp50,SNta37,59,107,10479,168,2
BM_Taste,BM_InOm,92,72,10481,166,2
JO-EV1,JO-CM,84,76,10485,162,2
SNpp30,SNpp52,75,85,10485,162,2
SNta04,SNta37,50,107,10488,159,2
SNta21,SNta30,103,53,10489,158,2
SNta21,SNta25,103,52,10490,157,2
SNta11,SNta37,47,107,10491,156,2
SNpp45,SNta38,64,85,10496,151,2
SNpp40,SNpp30,72,75,10498,149,2
JO-EV1,JO-EV6,84,62,10499,148,2
SNpp45,SNta20,64,82,10499,148,2
SApp08,SNpp07,112,32,10501,146,2
SNxx33,SNta26,116,28,10501,146,2
JO-EV1,JO-ED2_a,84,56,10505,142,2
JO-EV6,JO-CM,62,76,10507,140,2
SNta37,"SNta04,SNta11",107,29,10509,138,2
JO-ED2_a,JO-CM,56,76,10513,134,2
"SApp06,SApp15","SApp11,SApp18",97,35,10513,134,2
SNta38,SNpp51,85,47,10513,134,2
SNpp52,"SNta02,SNta09",85,43,10517,130,2
"SNta11,SNta14",SNpp30,49,75,10521,126,2
"SApp06,SApp15",SApp01,97,26,10522,125,2
SNpp50,SNpp45,59,64,10522,125,2
BM_Taste,BM_Hau,92,27,10526,121,2
JO-ED2_a,JO-EV6,56,62,10527,120,2
SNpp30,SNpp33,75,39,10531,116,2
SNpp50,SNta30,59,53,10533,114,2
SNta20,SNta26,82,28,10535,112,2
BM_Taste,BM_MaPa,92,14,10539,108,2
BM,BM_Vt_PoOc,84,22,10539,108,2
SNpp50,SNta28,59,46,10540,107,2
SNta25,SNta30,52,53,10540,107,2
SNpp52,DNx01,85,18,10542,105,2
SApp23,SNpp30,27,75,10543,104,2
GNG643,BM_InOm,27,72,10546,101,2
BM_InOm,BM_Hau,72,27,10546,101,2
"SNta11,SNta14",SNta04,49,50,10546,101,2
WG4,SNpp30,23,75,10547,100,2
SNta25,SNta28,52,46,10547,100,2
"SNta11,SNta14",SNta11,49,47,10549,98,2
BM_InOm,BM_Vt_PoOc,72,22,10551,96,2
BM_InOm,BM_vOcci_vPoOr,72,20,10553,94,2
SNpp30,SNpp01,75,17,10553,94,2
SNpp30,SNpp06,75,14,10556,91,2
SNpp30,SNpp18,75,13,10557,90,2
BM_InOm,BM_MaPa,72,14,10559,88,2
SNta30,SNta26,53,28,10564,83,2
"SNta11,SNta14","SNta04,SNta11",49,29,10567,80,2
SNta04,SNta33,50,27,10568,79,2
SNpp35,SApp04,19,56,10570,77,2
SApp19,SNpp35,50,19,10576,71,2
"SApp11,SApp18",SNpp07,35,32,10578,69,2
SApp01,SNpp07,26,32,10587,60,2
"SNta04,SNta11",SNta33,29,27,10589,58,2
SNpp35,"SApp11,SApp18",19,35,10591,56,2
SNpp35,SApp14,19,32,10594,53,2
SNpp35,SApp13,19,31,10595,52,2
SNpp35,SApp01,19,26,10600,47,2
LB1c,LB1b,29,15,10601,46,2
LB1c,PhG8,29,15,10601,46,2
BM_Hau,BM_MaPa,27,14,10604,43,2
SNpp10,SNpp06,26,14,10605,42,2
PhG1b,dorsal_tpGRN,20,16,10609,38,2
LgAG3,PhG8,20,15,10610,37,2
DNx01,SNpp17,18,17,10610,37,2
LgAG3,PhG14,20,14,10611,36,2
PhG1b,PhG4,20,14,10611,36,2
LgAG3,PhG13,20,12,10613,34,2
SNpp06,SNpp17,14,17,10614,33,2
LB1b,PhG8,15,15,10615,32,2
PhG14,PhG8,14,15,10616,31,2
SNpp06,SNpp37,14,12,10619,28,2
PhG3,dorsal_tpGRN,9,16,10620,27,2
PhG4,PhG3,14,9,10622,25,2
SApp,SNpp19,310,97,10239,408,1
SApp,SNta04,310,50,10286,361,1
SApp,"SNta04,SNta11",310,29,10307,340,1
SApp,SNta33,310,27,10309,338,1
"SApp09,SApp22",SApp10,164,166,10316,331,1
SNpp19,SNppxx,97,216,10333,314,1
BM,SNppxx,84,216,10346,301,1
SNppxx,SNpp30,216,75,10355,292,1
BM_InOm,SNppxx,72,216,10358,289,1
LgLG3,SNppxx,65,216,10365,282,1
SAxx02,SNppxx,51,216,10379,268,1
SNpp19,SApp10,97,166,10383,264,1
"SApp09,SApp22",SNpp19,164,97,10385,262,1
SNppxx,"SNta02,SNta09",216,43,10387,260,1
LgLG1b,SNppxx,39,216,10391,256,1
SNpp19,SNta29,97,155,10394,253,1
JO-EV1,SApp10,84,166,10396,251,1
SNppxx,SNta31,216,33,10397,250,1
SNta14,SNppxx,28,216,10402,245,1
SNppxx,SNta33,216,27,10403,244,1
SApp10,JO-CM,166,76,10404,243,1
"SApp09,SApp22",SNpp30,164,75,10407,240,1
WG4,SNppxx,23,216,10407,240,1
SNppxx,WG2,216,20,10410,237,1
SNppxx,SNxx30,216,20,10410,237,1
SNppxx,DNx01,216,18,10412,235,1
SApp10,JO-EV6,166,62,10418,229,1
BM_InOm,SNta29,72,155,10419,228,1
SNpp40,SNta29,72,155,10419,228,1
JO-ED2_a,SApp10,56,166,10424,223,1
SApp10,SNta04,166,50,10430,217,1
"SApp09,SApp22",SApp19,164,50,10432,215,1
"SApp09,SApp22",SNta04,164,50,10432,215,1
JO-FV,SNta29,55,155,10436,211,1
SApp08,SNpp19,112,97,10437,210,1
SAxx02,SNta29,51,155,10440,207,1
SNxx03,SNta29,51,155,10440,207,1
"SApp09,SApp22","SApp11,SApp18",164,35,10447,200,1
LgAG1,SNta29,44,155,10447,200,1
LgLG1a,SNta29,41,155,10450,197,1
SNpp43,SNta29,41,155,10450,197,1
SApp10,"SNta04,SNta11",166,29,10451,196,1
LgLG1b,SNta29,39,155,10452,195,1
"SApp09,SApp22","SNta04,SNta11",164,29,10453,194,1
SApp10,SNta33,166,27,10453,194,1
"SApp09,SApp22",SNta33,164,27,10455,192,1
SNxx14,SNta29,36,155,10455,192,1
BM_Vib,SNta29,34,155,10457,190,1
"SApp09,SApp22",SNpp35,164,19,10463,184,1
SNpp19,SNta38,97,85,10464,183,1
LgLG3,SNxx33,65,116,10465,182,1
SApp10,SNpp21,166,11,10469,178,1
SNpp40,SNta21,72,103,10471,176,1
SNxx33,SNpp50,116,59,10471,176,1
SNta29,SNxx30,155,20,10471,176,1
SNta38,SNpp52,85,85,10476,171,1
BM,SNpp52,84,85,10477,170,1
SNxx33,SNta25,116,52,10478,169,1
SApp08,SApp19,112,50,10484,163,1
SNpp19,SNpp45,97,64,10485,162,1
LgAG1,SNxx33,44,116,10486,161,1
SNpp60,SNxx33,44,116,10486,161,1
SAxx02,SNta37,51,107,10488,159,1
SNxx03,SNta37,51,107,10488,159,1
LgLG1a,SNxx33,41,116,10489,158,1
BM_InOm,SNpp52,72,85,10489,158,1
"SNta11,SNta14",SNta37,49,107,10490,157,1
JO-EV3,JO-ED2_b,91,64,10491,156,1
SNpp51,SNta37,47,107,10492,155,1
SNpp19,SApp04,97,56,10493,154,1
"SApp06,SApp15",SApp04,97,56,10493,154,1
LgAG1,SNta37,44,107,10495,152,1
SNta21,SNta28,103,46,10497,150,1
LgLG1a,SNta37,41,107,10498,149,1
JO-EV3,JO-ED2_a,91,56,10499,148,1
SApp08,"SApp11,SApp18",112,35,10499,148,1
SNpp19,SApp19,97,50,10499,148,1
"SApp06,SApp15",SApp19,97,50,10499,148,1
"SApp06,SApp15",SNta04,97,50,10499,148,1
SNpp60,SNta21,44,103,10499,148,1
LgLG1b,SNta37,39,107,10500,147,1
JO-EV3,JO-EV5,91,54,10501,146,1
SApp08,SApp14,112,32,10502,145,1
SNpp43,SNta21,41,103,10502,145,1
SApp08,SApp13,112,31,10503,144,1
SNxx14,SNta37,36,107,10503,144,1
SNpp39,SNpp52,56,85,10505,142,1
JO-FV,BM,55,84,10507,140,1
SNpp30,SNpp45,75,64,10507,140,1
BM_Taste,aPhM2a,92,46,10508,139,1
SApp08,SApp01,112,26,10508,139,1
SNpp39,SNta20,56,82,10508,139,1
SNpp52,SNta30,85,53,10508,139,1
SAxx02,SNpp52,51,85,10510,137,1
BM,SNxx04,84,50,10512,135,1
BM,SNta04,84,50,10512,135,1
SNta25,SNta20,52,82,10512,135,1
BM,"SNta11,SNta14",84,49,10513,134,1
SAxx02,SNta20,51,82,10513,134,1
TPMN1,BM_Taste,40,92,10514,133,1
SNta04,SNta20,50,82,10514,133,1
BM,SNta11,84,47,10515,132,1
SNta03,SNta38,46,85,10515,132,1
"SNta11,SNta14",SNta20,49,82,10515,132,1
SNta21,SNta26,103,28,10515,132,1
SNpp52,SNta28,85,46,10515,132,1
BM_Taste,claw_tpGRN,92,37,10517,130,1
SNta11,SNta20,47,82,10517,130,1
SNpp51,SNta20,47,82,10517,130,1
SNpp19,SApp13,97,31,10518,129,1
"SApp06,SApp15",SApp13,97,31,10518,129,1
JO-FV,BM_InOm,55,72,10519,128,1
BM,"SNta02,SNta09",84,43,10519,128,1
BM_Taste,BM_Vib,92,34,10520,127,1
"SApp06,SApp15","SNta04,SNta11",97,29,10520,127,1
LgAG1,SNta20,44,82,10520,127,1
SNpp43,SNta38,41,85,10520,127,1
SNpp30,SNta04,75,50,10521,126,1
"SApp06,SApp15",SNta33,97,27,10522,125,1
LgLG1b,SNpp52,39,85,10522,125,1
SNpp33,SNpp52,39,85,10522,125,1
SApp08,SNpp21,112,11,10523,124,1
LgLG1a,SNta20,41,82,10523,124,1
BM_InOm,SNta04,72,50,10524,123,1
LgLG1b,SNta20,39,82,10525,122,1
BM_InOm,"SNta11,SNta14",72,49,10525,122,1
JO-ED2_a,JO-ED2_b,56,64,10526,121,1
BM_Taste,GNG643,92,27,10527,120,1
BM_Taste,LB3d,92,27,10527,120,1
BM_InOm,SNta11,72,47,10527,120,1
JO-EV5,JO-ED2_b,54,64,10528,119,1
BM,BM_Vib,84,34,10528,119,1
SNpp30,"SNta02,SNta09",75,43,10528,119,1
SNpp52,SNta31,85,33,10528,119,1
SNpp30,SNpp32,75,42,10529,118,1
SNpp45,SNta30,64,53,10529,118,1
SNpp19,SNpp35,97,19,10530,117,1
SNpp30,SNpp43,75,41,10530,117,1
SNpp45,SNta25,64,52,10530,117,1
SNpp39,SNpp50,56,59,10531,116,1
SAxx02,SNpp45,51,64,10531,116,1
BM_InOm,"SNta02,SNta09",72,43,10531,116,1
BM,"SNta04,SNta11",84,29,10533,114,1
SNta14,SNpp52,28,85,10533,114,1
BM_Taste,BM_vOcci_vPoOr,92,20,10534,113,1
BM,SNta14,84,28,10534,113,1
SNpp52,SNta33,85,27,10534,113,1
BM,GNG643,84,27,10535,112,1
BM,SNta33,84,27,10535,112,1
SNpp50,SNta25,59,52,10535,112,1
SNpp45,SNpp51,64,47,10535,112,1
"SNta04,SNta11",SNta20,29,82,10535,112,1
JO-EV5,JO-ED2_a,54,56,10536,111,1
SNpp45,SNta28,64,46,10536,111,1
BM_InOm,claw_tpGRN,72,37,10537,110,1
BM_Taste,GNG642,92,16,10538,109,1
WG3,SNpp30,33,75,10538,109,1
WG4,SNpp52,23,85,10538,109,1
BM,WG4,84,23,10539,108,1
SNch01,SNxx03,56,51,10539,108,1
SNpp30,SApp14,75,32,10539,108,1
SNpp30,SNpp07,75,32,10539,108,1
SNch01,SNxx04,56,50,10540,107,1
BM_InOm,BM_Vib,72,34,10540,107,1
SApp19,SApp04,50,56,10540,107,1
WG2,SNpp52,20,85,10541,106,1
BM,BM_vOcci_vPoOr,84,20,10542,105,1
SAxx02,SNta30,51,53,10542,105,1
BM_Taste,LB1a,92,11,10543,104,1
JO-ED2_b,JO-ED2_c,64,39,10543,104,1
BM_Taste,LN-DN1,92,10,10544,103,1
SNpp52,SNpp17,85,17,10544,103,1
SNxx30,SNta20,20,82,10544,103,1
BM,SNpp17,84,17,10545,102,1
BM_InOm,"SNta04,SNta11",72,29,10545,102,1
SNxx04,SNxx03,50,51,10545,102,1
SNpp30,SNpp10,75,26,10545,102,1
BM_InOm,SNta14,72,28,10546,101,1
SApp19,SNta04,50,50,10546,101,1
BM_InOm,LB3d,72,27,10547,100,1
BM_InOm,SNta33,72,27,10547,100,1
LgAG1,SNta30,44,53,10549,98,1
SNpp30,SNpp62,75,22,10549,98,1
SNpp40,SNpp02,72,24,10550,97,1
BM_InOm,WG4,72,23,10551,96,1
LgLG1a,SNta30,41,53,10552,95,1
SNpp30,SNta13,75,19,10552,95,1
SNta04,"SNta02,SNta09",50,43,10553,94,1
LgLG1b,SNta30,39,53,10554,93,1
"SNta11,SNta14","SNta02,SNta09",49,43,10554,93,1
SNxx15,SNxx03,40,51,10555,92,1
LgAG1,SNta28,44,46,10556,91,1
LgLG1b,SAxx02,39,51,10556,91,1
SNxx15,SNxx04,40,50,10556,91,1
SNta11,"SNta02,SNta09",47,43,10556,91,1
SNpp39,SNta31,56,33,10557,90,1
SNpp30,SNpp56,75,14,10557,90,1
BM_InOm,GNG642,72,16,10558,89,1
SApp04,SNpp07,56,32,10558,89,1
LgLG1a,SNta28,41,46,10559,88,1
SNxx03,SNxx14,51,36,10559,88,1
SNpp50,SNta26,59,28,10559,88,1
SApp04,SApp13,56,31,10559,88,1
TPMN1,aPhM2a,40,46,10560,87,1
LgLG1a,LgAG1,41,44,10561,86,1
SApp19,"SApp11,SApp18",50,35,10561,86,1
"SApp11,SApp18",SNta04,35,50,10561,86,1
SNxx04,BM_Vib,50,34,10562,85,1
JO-FV,GNG643,55,27,10564,83,1
JO-A2,JO-mz,36,46,10564,83,1
BM_InOm,LN-DN1,72,10,10564,83,1
SApp19,SApp14,50,32,10564,83,1
SApp19,SNpp07,50,32,10564,83,1
SNta04,SApp14,50,32,10564,83,1
SNta04,SNpp07,50,32,10564,83,1
SNpp45,DNx01,64,18,10564,83,1
SApp19,SApp13,50,31,10565,82,1
SNta25,SNta26,52,28,10566,81,1
SApp19,"SNta04,SNta11",50,29,10567,80,1
SNpp50,SNxx30,59,20,10567,80,1
aPhM3,aPhM2a,32,46,10568,79,1
SNch01,SNxx21,56,22,10568,79,1
SNta14,SNta04,28,50,10568,79,1
JO-FV,BM_Vt_PoOc,55,22,10569,78,1
SNta14,"SNta11,SNta14",28,49,10569,78,1
SApp19,SNta33,50,27,10569,78,1
"SNta11,SNta14",SNta33,49,27,10570,77,1
SNta14,SNta11,28,47,10571,76,1
SNta11,SNta33,47,27,10572,75,1
LgAG1,LB1c,44,29,10573,74,1
WG4,SNta04,23,50,10573,74,1
SNxx03,SNxx21,51,22,10573,74,1
LgAG1,SNta26,44,28,10574,73,1
SNxx04,SNxx21,50,22,10574,73,1
WG4,"SNta11,SNta14",23,49,10574,73,1
"SNta02,SNta09","SNta04,SNta11",43,29,10574,73,1
SNta14,"SNta02,SNta09",28,43,10575,72,1
claw_tpGRN,BM_Vib,37,34,10575,72,1
WG4,SNta11,23,47,10576,71,1
WG2,SNta04,20,50,10576,71,1
SApp04,SNpp06,56,14,10576,71,1
"SNta02,SNta09",SNta33,43,27,10576,71,1
LgLG1a,SNta26,41,28,10577,70,1
SNch01,SNxx06,56,13,10577,70,1
"SNta11,SNta14",WG2,49,20,10577,70,1
SNpp35,SNta04,19,50,10577,70,1
"SNta11,SNta14",DNx01,49,18,10579,68,1
WG2,SNta11,20,47,10579,68,1
SApp04,SNpp21,56,11,10579,68,1
WG4,"SNta02,SNta09",23,43,10580,67,1
"SNta11,SNta14",SNpp17,49,17,10580,67,1
SNpp10,SNpp33,26,39,10581,66,1
LgAG1,LgAG3,44,20,10582,65,1
GNG643,claw_tpGRN,27,37,10582,65,1
aPhM2a,aPhM2b,46,18,10582,65,1
claw_tpGRN,LB3d,37,27,10582,65,1
claw_tpGRN,BM_Hau,37,27,10582,65,1
SNxx03,SNxx06,51,13,10582,65,1
"SApp11,SApp18","SNta04,SNta11",35,29,10582,65,1
SNxx04,SNxx06,50,13,10583,64,1
SNpp43,SNpp58,41,22,10583,64,1
SNpp07,SApp13,32,31,10583,64,1
HRN_VP4,HRN_VP1d,31,31,10584,63,1
SNxx15,SNxx19,40,22,10584,63,1
SNxx15,SNxx21,40,22,10584,63,1
"SApp11,SApp18",SNta33,35,27,10584,63,1
GNG643,BM_Vib,27,34,10585,62,1
LB3d,BM_Vib,27,34,10585,62,1
BM_Hau,BM_Vib,27,34,10585,62,1
ORN_DP1m,ORN_DM1,35,26,10585,62,1
"SApp11,SApp18",SApp01,35,26,10585,62,1
SApp14,"SNta04,SNta11",32,29,10585,62,1
SNpp07,"SNta04,SNta11",32,29,10585,62,1
"SNta02,SNta09",DNx01,43,18,10585,62,1
LgAG1,PhG10,44,16,10586,61,1
ORN_DP1m,ORN_VA2,35,25,10586,61,1
LgAG1,LgAG9,44,15,10587,60,1
LgAG1,LB1b,44,15,10587,60,1
LgAG1,PhG8,44,15,10587,60,1
SApp14,SNta33,32,27,10587,60,1
SNpp07,SNta33,32,27,10587,60,1
LgAG1,PhG14,44,14,10588,59,1
SApp01,SApp14,26,32,10588,59,1
LgAG1,LgAG8,44,13,10589,58,1
aPhM2a,LB1a,46,11,10589,58,1
SNta14,"SNta04,SNta11",28,29,10589,58,1
SNpp33,DNx01,39,18,10589,58,1
SNpp33,SNpp17,39,17,10590,57,1
SNta14,SNta33,28,27,10591,56,1
GNG643,LB3d,27,27,10592,55,1
GNG643,BM_Hau,27,27,10592,55,1
LB3d,BM_Hau,27,27,10592,55,1
PhG1c,PhG1b,34,20,10592,55,1
LgAG1,LgAG6,44,9,10593,54,1
SNxx15,SNxx06,40,13,10593,54,1
claw_tpGRN,dorsal_tpGRN,37,16,10593,54,1
"SNpp29,SNpp63",SNpp02,29,24,10593,54,1
SNpp33,SNpp06,39,14,10593,54,1
WG4,"SNta04,SNta11",23,29,10594,53,1
TPMN1,LB1a,40,11,10595,52,1
SNta14,WG4,28,23,10595,52,1
claw_tpGRN,PhG4,37,14,10595,52,1
claw_tpGRN,BM_MaPa,37,14,10595,52,1
ORN_DM1,ORN_VA2,26,25,10595,52,1
SApp23,SNpp02,27,24,10595,52,1
aPhM3,aPhM2b,32,18,10596,51,1
WG4,SNta33,23,27,10596,51,1
GNG643,BM_Vt_PoOc,27,22,10597,50,1
LB1c,LgAG3,29,20,10597,50,1
WG2,"SNta04,SNta11",20,29,10597,50,1
BM_Vib,BM_MaPa,34,14,10598,49,1
LB1c,LgAG5,29,19,10598,49,1
SNpp35,"SNta04,SNta11",19,29,10598,49,1
"SNpp29,SNpp63",SNta13,29,19,10598,49,1
BM_Hau,BM_vOcci_vPoOr,27,20,10599,48,1
SNpp35,SNta33,19,27,10600,47,1
"SNpp29,SNpp63",SNpp01,29,17,10600,47,1
LB1c,PhG10,29,16,10601,46,1
LB1c,ENS5,29,16,10601,46,1
LB1c,LgAG9,29,15,10602,45,1
ORN_VA6,ORN_VM5d,28,16,10602,45,1
BM_Hau,GNG642,27,16,10603,44,1
LB1c,PhG14,29,14,10603,44,1
PhG1c,PhG3,34,9,10603,44,1
SNpp10,SNpp17,26,17,10603,44,1
PhG9,LgAG3,22,20,10604,43,1
LB1c,LgAG8,29,13,10604,43,1
PhG1c,PhG1a,34,8,10604,43,1
"SNpp29,SNpp63",SNpp18,29,13,10604,43,1
GNG643,BM_MaPa,27,14,10605,42,1
LB3d,BM_MaPa,27,14,10605,42,1
ORN_VA6,ORN_DA2,28,13,10605,42,1
WG4,SNpp17,23,17,10606,41,1
ORN_VA6,ORN_DC2,28,12,10606,41,1
ORN_VA6,ORN_VM7v,28,11,10607,40,1
LB1c,LgAG6,29,9,10608,39,1
PhG9,PhG8,22,15,10609,38,1
BM_Hau,LN-DN1,27,10,10609,38,1
PhG9,PhG14,22,14,10610,37,1
GNG642,BM_vOcci_vPoOr,16,20,10610,37,1
LgAG3,PhG10,20,16,10610,37,1
LgAG9,LgAG3,15,20,10611,36,1
LgAG3,LB1b,20,15,10611,36,1
LgAG5,ENS5,19,16,10611,36,1
LgAG7,dorsal_tpGRN,19,16,10611,36,1
SNxx06,SNxx21,13,22,10611,36,1
LgAG5,LB1b,19,15,10612,35,1
LgAG5,PhG8,19,15,10612,35,1
BM_vOcci_vPoOr,BM_MaPa,20,14,10612,35,1
LgAG3,LgAG8,20,13,10613,34,1
LgAG7,PhG4,19,14,10613,34,1
SNpp06,SNta13,14,19,10613,34,1
LgAG9,PhG10,15,16,10615,32,1
PhG10,LB1b,16,15,10615,32,1
PhG10,PhG8,16,15,10615,32,1
LB1b,ENS5,15,16,10615,32,1
SNpp06,SNxx28,14,17,10615,32,1
ENS5,PhG8,16,15,10615,32,1
GNG642,BM_MaPa,16,14,10616,31,1
LgAG9,LB1b,15,15,10616,31,1
LgAG9,PhG8,15,15,10616,31,1
PhG10,PhG14,16,14,10616,31,1
BM_vOcci_vPoOr,LN-DN1,20,10,10616,31,1
LgAG9,PhG14,15,14,10617,30,1
LgAG3,LgAG6,20,9,10617,30,1
PhG1b,PhG3,20,9,10617,30,1
PhG10,LgAG8,16,13,10617,30,1
LB1b,PhG14,15,14,10617,30,1
ORN_VM5d,ORN_DA2,16,13,10617,30,1
LgAG9,LgAG8,15,13,10618,29,1
PhG1b,PhG1a,20,8,10618,29,1
LB1b,LgAG8,15,13,10618,29,1
ORN_VM5d,ORN_DC2,16,12,10618,29,1
LgAG8,PhG8,13,15,10618,29,1
PhG13,PhG8,12,15,10619,28,1
ORN_VM7v,ORN_VM5d,11,16,10619,28,1
PhG14,LgAG8,14,13,10619,28,1
GNG642,LN-DN1,16,10,10620,27,1
PhG6,dorsal_tpGRN,10,16,10620,27,1
PhG13,PhG14,12,14,10620,27,1
PhG10,LgAG6,16,9,10621,26,1
ORN_DC2,ORN_DA2,12,13,10621,26,1
LgAG6,dorsal_tpGRN,9,16,10621,26,1
LgAG9,LgAG6,15,9,10622,25,1
PhG6,PhG4,10,14,10622,25,1
LB1b,LgAG6,15,9,10622,25,1
ORN_VM7v,ORN_DA2,11,13,10622,25,1
LN-DN1,BM_MaPa,10,14,10622,25,1
LgAG6,PhG8,9,15,10622,25,1
dorsal_tpGRN,PhG1a,16,8,10622,25,1
ORN_VM7v,ORN_DC2,11,12,10623,24,1
PhG4,LgAG6,14,9,10623,24,1
PhG14,LgAG6,14,9,10623,24,1
PhG4,PhG1a,14,8,10624,23,1
LgAG8,LgAG6,13,9,10624,23,1
PhG3,PhG1a,9,8,10629,18,1
SApp,SNppxx,310,216,10121,526,0
SApp,SNta29,310,155,10182,465,0
SApp,SNxx33,310,116,10221,426,0
SApp,SNta37,310,107,10230,417,0
SApp,SNta21,310,103,10234,413,0
SApp,BM_Taste,310,92,10245,402,0
SApp,JO-EV3,310,91,10246,401,0
SApp,SNta38,310,85,10252,395,0
SApp,SNpp52,310,85,10252,395,0
SApp,JO-EV1,310,84,10253,394,0
SApp,BM,310,84,10253,394,0
SApp,SNta20,310,82,10255,392,0
SApp,JO-CM,310,76,10261,386,0
SApp,SNpp30,310,75,10262,385,0
SApp,BM_InOm,310,72,10265,382,0
SApp,SNpp40,310,72,10265,382,0
SApp10,SNppxx,166,216,10265,382,0
"SApp09,SApp22",SNppxx,164,216,10267,380,0
SApp,DNx02,310,68,10269,378,0
SApp,LgLG3,310,65,10272,375,0
SApp,JO-ED2_b,310,64,10273,374,0
SApp,SNpp45,310,64,10273,374,0
SApp,JO-EV6,310,62,10275,372,0
SApp,SNpp50,310,59,10278,369,0
SApp,JO-ED2_a,310,56,10281,366,0
SApp,SNpp39,310,56,10281,366,0
SApp,SNch01,310,56,10281,366,0
SApp,JO-FV,310,55,10282,365,0
SApp,JO-EV5,310,54,10283,364,0
SApp,SNta30,310,53,10284,363,0
SApp,SNta25,310,52,10285,362,0
SApp,SAxx02,310,51,10286,361,0
SApp,SNxx03,310,51,10286,361,0
SApp,SNxx23,310,50,10287,360,0
SApp,SNxx04,310,50,10287,360,0
SApp,"SNta11,SNta14",310,49,10288,359,0
SApp,SAxx01,310,47,10290,357,0
SApp,SNxx29,310,47,10290,357,0
SApp,SNta11,310,47,10290,357,0
SApp,SNpp51,310,47,10290,357,0
SApp,aPhM2a,310,46,10291,356,0
SApp,JO-mz,310,46,10291,356,0
SApp,SNta03,310,46,10291,356,0
SApp,SNta28,310,46,10291,356,0
SApp,SNxx20,310,44,10293,354,0
SApp,LgAG1,310,44,10293,354,0
SApp,SNpp60,310,44,10293,354,0
SApp,"SNta02,SNta09",310,43,10294,353,0
SApp,JO-EV2,310,42,10295,352,0
SApp,SNpp32,310,42,10295,352,0
SApp,LgLG1a,310,41,10296,351,0
SApp,SNpp43,310,41,10296,351,0
SApp,TPMN1,310,40,10297,350,0
SApp,SNxx15,310,40,10297,350,0
SApp,LgLG1b,310,39,10298,349,0
SApp,JO-ED2_c,310,39,10298,349,0
SApp,SNpp47,310,39,10298,349,0
SApp,SNpp33,310,39,10298,349,0
SApp,SNxx25,310,38,10299,348,0
SApp,claw_tpGRN,310,37,10300,347,0
SApp,JO-A2,310,36,10301,346,0
SApp,SNpp16,310,36,10301,346,0
SApp,SNxx14,310,36,10301,346,0
SApp,SNch10,310,36,10301,346,0
SApp,SNta18,310,36,10301,346,0
SApp,ORN_DP1m,310,35,10302,345,0
SApp,ORN_VL2a,310,34,10303,344,0
SApp,ORN_DA1,310,34,10303,344,0
SApp,BM_Vib,310,34,10303,344,0
SApp,PhG1c,310,34,10303,344,0
SApp,WG3,310,33,10304,343,0
SApp,SNta31,310,33,10304,343,0
SNxx07,SApp,32,310,10305,342,0
SApp,aPhM3,310,32,10305,342,0
SApp,HRN_VP4,310,31,10306,341,0
SApp,HRN_VP1d,310,31,10306,341,0
SApp,JO-ED1,310,31,10306,341,0
SApp,SNpp23,310,30,10307,340,0
SApp,JO-CL,310,30,10307,340,0
SApp,SNpp41,310,30,10307,340,0
SApp,aPhM5,310,29,10308,339,0
SApp,SNxx11,310,29,10308,339,0
SApp,ORN_DC4,310,29,10308,339,0
SApp,LB1c,310,29,10308,339,0
SApp,"SNpp29,SNpp63",310,29,10308,339,0
SApp,SNta14,310,28,10309,338,0
SApp,ENS2,310,28,10309,338,0
SApp,ORN_DP1l,310,28,10309,338,0
SApp,ORN_VA6,310,28,10309,338,0
SApp,ENS4,310,28,10309,338,0
SApp,SNta26,310,28,10309,338,0
SApp,GNG643,310,27,10310,337,0
SApp,LB3d,310,27,10310,337,0
SApp,SNxx02,310,27,10310,337,0
SApp,BM_Hau,310,27,10310,337,0
SApp,JO-B4_b,310,27,10310,337,0
SApp,SApp23,310,27,10310,337,0
SApp,ORN_VL2p,310,27,10310,337,0
SApp,TPMN2,310,26,10311,336,0
SApp,ORN_DM1,310,26,10311,336,0
SApp,SNpp10,310,26,10311,336,0
SApp,LB3c,310,25,10312,335,0
SApp,SNxx26,310,25,10312,335,0
SApp,ORN_VA2,310,25,10312,335,0
SApp,TRN_VP1m,310,24,10313,334,0
SApp,SNpp02,310,24,10313,334,0
SApp,WG4,310,23,10314,333,0
SApp,ORN_D,310,23,10314,333,0
SApp,aPhM1,310,22,10315,332,0
SApp,BM_Vt_PoOc,310,22,10315,332,0
SApp,PhG9,310,22,10315,332,0
SApp,ORN_DC1,310,22,10315,332,0
SApp,SNpp62,310,22,10315,332,0
SApp,SNpp58,310,22,10315,332,0
SApp,SNxx19,310,22,10315,332,0
SApp,SNxx21,310,22,10315,332,0
SApp,JO-B3,310,22,10315,332,0
SApp,JO-A3,310,21,10316,331,0
SApp,ORN_VM6v,310,21,10316,331,0
SApp,SNxx17,310,21,10316,331,0
SApp,ORN_DL2v,310,21,10316,331,0
SApp,SNxx08,310,20,10317,330,0
SApp,GNG644,310,20,10317,330,0
SApp,ORN_DL5,310,20,10317,330,0
SApp,WG2,310,20,10317,330,0
SApp,LgAG3,310,20,10317,330,0
SApp,PhG1b,310,20,10317,330,0
SApp,BM_vOcci_vPoOr,310,20,10317,330,0
SApp,LB1e,310,20,10317,330,0
SApp,SNxx30,310,20,10317,330,0
SApp,aPhM4,310,19,10318,329,0
SApp,LB3a,310,19,10318,329,0
SApp,LgAG5,310,19,10318,329,0
SApp,LgAG7,310,19,10318,329,0
SApp,ORN_DL2d,310,19,10318,329,0
SApp,JO-B1_a,310,19,10318,329,0
SApp,SNta13,310,19,10318,329,0
SApp,TRN_VP3a,310,18,10319,328,0
SApp,TRN_VP2,310,18,10319,328,0
SApp,aPhM2b,310,18,10319,328,0
SApp,ORN_VC1,310,18,10319,328,0
SApp,ORN_VM7d,310,18,10319,328,0
SApp,LgAG2,310,18,10319,328,0
SApp,DNx01,310,18,10319,328,0
SApp08,SNppxx,112,216,10319,328,0
SApp,LB3b,310,17,10320,327,0
SApp,ORN_VA1v,310,17,10320,327,0
SApp,JO-A1,310,17,10320,327,0
SApp,SNpp05,310,17,10320,327,0
SApp,SNxx28,310,17,10320,327,0
SApp,ORN_VM5v,310,17,10320,327,0
SApp,SNpp31,310,17,10320,327,0
SApp,SNpp17,310,17,10320,327,0
SApp,SNpp01,310,17,10320,327,0
SApp,GNG642,310,16,10321,326,0
SApp,ORN_V,310,16,10321,326,0
SApp,PhG10,310,16,10321,326,0
SApp,ORN_VL1,310,16,10321,326,0
SApp,LgLG4,310,16,10321,326,0
SApp,ORN_VM5d,310,16,10321,326,0
SApp,SNpp11,310,16,10321,326,0
SApp,ALBN1,310,16,10321,326,0
SApp,ENS5,310,16,10321,326,0
SApp,dorsal_tpGRN,310,16,10321,326,0
SApp,JO-CA2,310,16,10321,326,0
SApp,R7_unclear,310,15,10322,325,0
SApp,WG1,310,15,10322,325,0
SApp,LgAG9,310,15,10322,325,0
SApp,ORN_VA1d,310,15,10322,325,0
SApp,SNpp57,310,15,10322,325,0
SApp,LB1b,310,15,10322,325,0
SApp,SNpp12,310,15,10322,325,0
SApp,PhG8,310,15,10322,325,0
SApp,GNG654,310,14,10323,324,0
SApp,HRN_VP5,310,14,10323,324,0
SApp,LB4b,310,14,10323,324,0
SApp,SNxx24,310,14,10323,324,0
SApp,ORN_VC5,310,14,10323,324,0
SApp,PhG4,310,14,10323,324,0
SApp,SNpp06,310,14,10323,324,0
SApp,BM_MaPa,310,14,10323,324,0
SApp,PhG14,310,14,10323,324,0
SApp,SNpp56,310,14,10323,324,0
SApp,JO-B2,310,14,10323,324,0
SApp,JO-B1_c,310,14,10323,324,0
SApp,R7d,310,13,10324,323,0
SApp,LgLG6,310,13,10324,323,0
SApp,ORN_DM2,310,13,10324,323,0
SApp,DNg20,310,13,10324,323,0
SApp,SNxx06,310,13,10324,323,0
SApp,SNpp15,310,13,10324,323,0
SApp,ORN_DA2,310,13,10324,323,0
SApp,PhG16,310,13,10324,323,0
SApp,SNpp18,310,13,10324,323,0
SApp,LgAG8,310,13,10324,323,0
SApp,ENS3,310,12,10325,322,0
SApp,ORN_VM4,310,12,10325,322,0
SApp,ENS1,310,12,10325,322,0
SApp,PhG13,310,12,10325,322,0
SApp,ORN_DC2,310,12,10325,322,0
SApp,SNpp37,310,12,10325,322,0
SApp,ORN_VC4,310,12,10325,322,0
SApp,R7y,310,11,10326,321,0
SApp,R7p,310,11,10326,321,0
SApp,R8p,310,11,10326,321,0
SApp,SNxx09,310,11,10326,321,0
SApp,LgLG2,310,11,10326,321,0
SApp,R8_unclear,310,11,10326,321,0
SApp,LB1a,310,11,10326,321,0
SApp,SNpp21,310,11,10326,321,0
SApp,ORN_VM7v,310,11,10326,321,0
SApp,ORN_DL1,310,11,10326,321,0
SApp10,SNta29,166,155,10326,321,0
SApp,R8y,310,10,10327,320,0
SApp,HRN_VP1l,310,10,10327,320,0
SApp,PhG6,310,10,10327,320,0
SApp,LN-DN1,310,10,10327,320,0
SApp,ORN_DM4,310,10,10327,320,0
SApp,ORN_DM6,310,10,10327,320,0
SApp,ORN_VA3,310,10,10327,320,0
SApp,LgLG8,310,9,10328,319,0
SApp,LB4a,310,9,10328,319,0
SApp,PhG3,310,9,10328,319,0
SApp,SApp21,310,9,10328,319,0
SApp,LgAG6,310,9,10328,319,0
SApp,tpn MN,310,9,10328,319,0
SApp,JO-B4_a,310,9,10328,319,0
"SApp09,SApp22",SNta29,164,155,10328,319,0
SApp,LgLG5,310,8,10329,318,0
SApp,HBeyelet,310,8,10329,318,0
SApp,PhG1a,310,8,10329,318,0
SApp,LgLG7,310,7,10330,317,0
SApp,DNg83,310,7,10330,317,0
SApp,ORN_DL3,310,7,10330,317,0
SApp,ORN_DM3,310,7,10330,317,0
SApp,ORN_DA3,310,5,10332,315,0
SApp,R8d,310,3,10334,313,0
"SApp06,SApp15",SNppxx,97,216,10334,313,0
BM_Taste,SNppxx,92,216,10339,308,0
JO-EV3,SNppxx,91,216,10340,307,0
JO-EV1,SNppxx,84,216,10347,300,0
JO-CM,SNppxx,76,216,10355,292,0
SNpp40,SNppxx,72,216,10359,288,0
DNx02,SNppxx,68,216,10363,284,0
SApp10,SNxx33,166,116,10365,282,0
"SApp09,SApp22",SNxx33,164,116,10367,280,0
JO-ED2_b,SNppxx,64,216,10367,280,0
JO-EV6,SNppxx,62,216,10369,278,0
"SApp09,SApp22",SApp08,164,112,10371,276,0
SApp10,SNta37,166,107,10374,273,0
JO-ED2_a,SNppxx,56,216,10375,272,0
SNch01,SNppxx,56,216,10375,272,0
SNppxx,SApp04,216,56,10375,272,0
"SApp09,SApp22",SNta37,164,107,10376,271,0
JO-FV,SNppxx,55,216,10376,271,0
JO-EV5,SNppxx,54,216,10377,270,0
SApp10,SNta21,166,103,10378,269,0
"SApp09,SApp22",SNta21,164,103,10380,267,0
SApp08,SNta29,112,155,10380,267,0
SNxx03,SNppxx,51,216,10380,267,0
SNxx23,SNppxx,50,216,10381,266,0
SApp19,SNppxx,50,216,10381,266,0
SNxx04,SNppxx,50,216,10381,266,0
SAxx01,SNppxx,47,216,10384,263,0
SNxx29,SNppxx,47,216,10384,263,0
aPhM2a,SNppxx,46,216,10385,262,0
JO-mz,SNppxx,46,216,10385,262,0
SNta03,SNppxx,46,216,10385,262,0
SNxx20,SNppxx,44,216,10387,260,0
LgAG1,SNppxx,44,216,10387,260,0
SNpp60,SNppxx,44,216,10387,260,0
BM_Taste,SApp10,92,166,10389,258,0
JO-EV2,SNppxx,42,216,10389,258,0
SNppxx,SNpp32,216,42,10389,258,0
JO-EV3,SApp10,91,166,10390,257,0
LgLG1a,SNppxx,41,216,10390,257,0
SNppxx,SNpp43,216,41,10390,257,0
TPMN1,SNppxx,40,216,10391,256,0
BM_Taste,"SApp09,SApp22",92,164,10391,256,0
SNxx15,SNppxx,40,216,10391,256,0
JO-EV3,"SApp09,SApp22",91,164,10392,255,0
JO-ED2_c,SNppxx,39,216,10392,255,0
SNppxx,SNpp47,216,39,10392,255,0
SNppxx,SNpp33,216,39,10392,255,0
SNppxx,SNxx25,216,38,10393,254,0
claw_tpGRN,SNppxx,37,216,10394,253,0
"SApp06,SApp15",SNta29,97,155,10395,252,0
JO-A2,SNppxx,36,216,10395,252,0
SNpp16,SNppxx,36,216,10395,252,0
SNppxx,SNxx14,216,36,10395,252,0
SNppxx,SNch10,216,36,10395,252,0
SNppxx,SNta18,216,36,10395,252,0
SApp10,SNta38,166,85,10396,251,0
SApp10,SNpp52,166,85,10396,251,0
ORN_DP1m,SNppxx,35,216,10396,251,0
SNppxx,"SApp11,SApp18",216,35,10396,251,0
SApp10,BM,166,84,10397,250,0
ORN_VL2a,SNppxx,34,216,10397,250,0
ORN_DA1,SNppxx,34,216,10397,250,0
BM_Vib,SNppxx,34,216,10397,250,0
SNppxx,PhG1c,216,34,10397,250,0
"SApp09,SApp22",SNta38,164,85,10398,249,0
"SApp09,SApp22",SNpp52,164,85,10398,249,0
WG3,SNppxx,33,216,10398,249,0
SNxx07,SNppxx,32,216,10399,248,0
"SApp09,SApp22",JO-EV1,164,84,10399,248,0
"SApp09,SApp22",BM,164,84,10399,248,0
SApp10,SNta20,166,82,10399,248,0
aPhM3,SNppxx,32,216,10399,248,0
SNppxx,SApp14,216,32,10399,248,0
SNppxx,SNpp07,216,32,10399,248,0
BM_Taste,SNta29,92,155,10400,247,0
HRN_VP4,SNppxx,31,216,10400,247,0
HRN_VP1d,SNppxx,31,216,10400,247,0
SNppxx,JO-ED1,216,31,10400,247,0
SNppxx,SApp13,216,31,10400,247,0
JO-EV3,SNta29,91,155,10401,246,0
"SApp09,SApp22",SNta20,164,82,10401,246,0
SNpp23,SNppxx,30,216,10401,246,0
SNppxx,JO-CL,216,30,10401,246,0
SNppxx,SNpp41,216,30,10401,246,0
aPhM5,SNppxx,29,216,10402,245,0
SNxx11,SNppxx,29,216,10402,245,0
ORN_DC4,SNppxx,29,216,10402,245,0
SNppxx,LB1c,216,29,10402,245,0
SNppxx,"SNpp29,SNpp63",216,29,10402,245,0
ENS2,SNppxx,28,216,10403,244,0
ORN_DP1l,SNppxx,28,216,10403,244,0
SNppxx,ORN_VA6,216,28,10403,244,0
SNppxx,ENS4,216,28,10403,244,0
GNG643,SNppxx,27,216,10404,243,0
LB3d,SNppxx,27,216,10404,243,0
SNxx02,SNppxx,27,216,10404,243,0
BM_Hau,SNppxx,27,216,10404,243,0
JO-B4_b,SNppxx,27,216,10404,243,0
SNppxx,SApp23,216,27,10404,243,0
SNppxx,ORN_VL2p,216,27,10404,243,0
TPMN2,SNppxx,26,216,10405,242,0
ORN_DM1,SNppxx,26,216,10405,242,0
SNppxx,SNpp10,216,26,10405,242,0
SNppxx,SApp01,216,26,10405,242,0
SApp10,SNpp30,166,75,10406,241,0
LB3c,SNppxx,25,216,10406,241,0
SNppxx,SNxx26,216,25,10406,241,0
SNppxx,ORN_VA2,216,25,10406,241,0
"SApp09,SApp22",JO-CM,164,76,10407,240,0
TRN_VP1m,SNppxx,24,216,10407,240,0
SNppxx,SNpp02,216,24,10407,240,0
JO-EV1,SNta29,84,155,10408,239,0
BM,SNta29,84,155,10408,239,0
SNppxx,ORN_D,216,23,10408,239,0
SApp10,BM_InOm,166,72,10409,238,0
SApp10,SNpp40,166,72,10409,238,0
aPhM1,SNppxx,22,216,10409,238,0
BM_Vt_PoOc,SNppxx,22,216,10409,238,0
PhG9,SNppxx,22,216,10409,238,0
ORN_DC1,SNppxx,22,216,10409,238,0
SNppxx,SNpp62,216,22,10409,238,0
SNppxx,SNpp58,216,22,10409,238,0
SNppxx,SNxx19,216,22,10409,238,0
SNppxx,SNxx21,216,22,10409,238,0
SNppxx,JO-B3,216,22,10409,238,0
JO-A3,SNppxx,21,216,10410,237,0
ORN_VM6v,SNppxx,21,216,10410,237,0
SNppxx,SNxx17,216,21,10410,237,0
SNppxx,ORN_DL2v,216,21,10410,237,0
SNxx08,SNppxx,20,216,10411,236,0
"SApp09,SApp22",BM_InOm,164,72,10411,236,0
"SApp09,SApp22",SNpp40,164,72,10411,236,0
GNG644,SNppxx,20,216,10411,236,0
SNppxx,ORN_DL5,216,20,10411,236,0
SNppxx,LgAG3,216,20,10411,236,0
SNppxx,PhG1b,216,20,10411,236,0
SNppxx,BM_vOcci_vPoOr,216,20,10411,236,0
SNppxx,LB1e,216,20,10411,236,0
aPhM4,SNppxx,19,216,10412,235,0
LB3a,SNppxx,19,216,10412,235,0
SNppxx,SNpp35,216,19,10412,235,0
SNppxx,LgAG5,216,19,10412,235,0
SNppxx,LgAG7,216,19,10412,235,0
SNppxx,ORN_DL2d,216,19,10412,235,0
SNppxx,JO-B1_a,216,19,10412,235,0
SNppxx,SNta13,216,19,10412,235,0
DNx02,SApp10,68,166,10413,234,0
TRN_VP3a,SNppxx,18,216,10413,234,0
SNppxx,TRN_VP2,216,18,10413,234,0
SNppxx,aPhM2b,216,18,10413,234,0
SNppxx,ORN_VC1,216,18,10413,234,0
SNppxx,ORN_VM7d,216,18,10413,234,0
SNppxx,LgAG2,216,18,10413,234,0
LB3b,SNppxx,17,216,10414,233,0
SNppxx,ORN_VA1v,216,17,10414,233,0
SNppxx,JO-A1,216,17,10414,233,0
SNppxx,SNpp05,216,17,10414,233,0
SNppxx,SNxx28,216,17,10414,233,0
SNppxx,ORN_VM5v,216,17,10414,233,0
SNppxx,SNpp31,216,17,10414,233,0
SNppxx,SNpp17,216,17,10414,233,0
SNppxx,SNpp01,216,17,10414,233,0
"SApp09,SApp22",DNx02,164,68,10415,232,0
GNG642,SNppxx,16,216,10415,232,0
SNppxx,ORN_V,216,16,10415,232,0
SNppxx,PhG10,216,16,10415,232,0
SNppxx,ORN_VL1,216,16,10415,232,0
SNppxx,LgLG4,216,16,10415,232,0
SNppxx,ORN_VM5d,216,16,10415,232,0
SNppxx,SNpp11,216,16,10415,232,0
SNppxx,ALBN1,216,16,10415,232,0
SNppxx,ENS5,216,16,10415,232,0
SNppxx,dorsal_tpGRN,216,16,10415,232,0
SNppxx,JO-CA2,216,16,10415,232,0
R7_unclear,SNppxx,15,216,10416,231,0
SApp10,LgLG3,166,65,10416,231,0
JO-CM,SNta29,76,155,10416,231,0
WG1,SNppxx,15,216,10416,231,0
SNppxx,LgAG9,216,15,10416,231,0
SNppxx,ORN_VA1d,216,15,10416,231,0
SNppxx,SNpp57,216,15,10416,231,0
SNppxx,LB1b,216,15,10416,231,0
SNppxx,SNpp12,216,15,10416,231,0
SNppxx,PhG8,216,15,10416,231,0
SApp10,JO-ED2_b,166,64,10417,230,0
SApp10,SNpp45,166,64,10417,230,0
SNppxx,GNG654,216,14,10417,230,0
SNppxx,HRN_VP5,216,14,10417,230,0
SNppxx,LB4b,216,14,10417,230,0
SNppxx,SNxx24,216,14,10417,230,0
SNppxx,ORN_VC5,216,14,10417,230,0
SNppxx,PhG4,216,14,10417,230,0
SNppxx,SNpp06,216,14,10417,230,0
SNppxx,BM_MaPa,216,14,10417,230,0
SNppxx,PhG14,216,14,10417,230,0
SNppxx,SNpp56,216,14,10417,230,0
SNppxx,JO-B2,216,14,10417,230,0
SNppxx,JO-B1_c,216,14,10417,230,0
SNpp30,SNta29,75,155,10417,230,0
"SApp09,SApp22",LgLG3,164,65,10418,229,0
R7d,SNppxx,13,216,10418,229,0
LgLG6,SNppxx,13,216,10418,229,0
ORN_DM2,SNppxx,13,216,10418,229,0
SNppxx,DNg20,216,13,10418,229,0
SNppxx,SNxx06,216,13,10418,229,0
SNppxx,SNpp15,216,13,10418,229,0
SNppxx,ORN_DA2,216,13,10418,229,0
SNppxx,PhG16,216,13,10418,229,0
SNppxx,SNpp18,216,13,10418,229,0
SNppxx,LgAG8,216,13,10418,229,0
"SApp09,SApp22",JO-ED2_b,164,64,10419,228,0
"SApp09,SApp22",SNpp45,164,64,10419,228,0
SApp08,SNxx33,112,116,10419,228,0
SNppxx,ENS3,216,12,10419,228,0
SNppxx,ORN_VM4,216,12,10419,228,0
SNppxx,ENS1,216,12,10419,228,0
SNppxx,PhG13,216,12,10419,228,0
SNppxx,ORN_DC2,216,12,10419,228,0
SNppxx,SNpp37,216,12,10419,228,0
SNppxx,ORN_VC4,216,12,10419,228,0
SNppxx,b2 MN,216,12,10419,228,0
R7y,SNppxx,11,216,10420,227,0
R7p,SNppxx,11,216,10420,227,0
R8p,SNppxx,11,216,10420,227,0
SNxx09,SNppxx,11,216,10420,227,0
LgLG2,SNppxx,11,216,10420,227,0
R8_unclear,SNppxx,11,216,10420,227,0
SNppxx,LB1a,216,11,10420,227,0
SNppxx,SNpp21,216,11,10420,227,0
SNppxx,ORN_VM7v,216,11,10420,227,0
SNppxx,ORN_DL1,216,11,10420,227,0
"SApp09,SApp22",JO-EV6,164,62,10421,226,0
R8y,SNppxx,10,216,10421,226,0
SNppxx,HRN_VP1l,216,10,10421,226,0
SNppxx,PhG6,216,10,10421,226,0
SNppxx,LN-DN1,216,10,10421,226,0
SNppxx,ORN_DM4,216,10,10421,226,0
SNppxx,ORN_DM6,216,10,10421,226,0
SNppxx,ORN_VA3,216,10,10421,226,0
SApp10,SNpp50,166,59,10422,225,0
LgLG8,SNppxx,9,216,10422,225,0
SNppxx,LB4a,216,9,10422,225,0
SNppxx,PhG3,216,9,10422,225,0
SNppxx,SApp21,216,9,10422,225,0
SNppxx,LgAG6,216,9,10422,225,0
SNppxx,tpn MN,216,9,10422,225,0
SNppxx,JO-B4_a,216,9,10422,225,0
LgLG5,SNppxx,8,216,10423,224,0
SNppxx,HBeyelet,216,8,10423,224,0
SNppxx,PhG1a,216,8,10423,224,0
"SApp09,SApp22",SNpp50,164,59,10424,223,0
DNx02,SNta29,68,155,10424,223,0
SNppxx,LgLG7,216,7,10424,223,0
SNppxx,DNg83,216,7,10424,223,0
SNppxx,ORN_DL3,216,7,10424,223,0
SNppxx,ORN_DM3,216,7,10424,223,0
SApp10,SNpp39,166,56,10425,222,0
SApp10,SNch01,166,56,10425,222,0
SApp10,JO-FV,166,55,10426,221,0
SNppxx,ORN_DA3,216,5,10426,221,0
"SApp09,SApp22",JO-ED2_a,164,56,10427,220,0
"SApp09,SApp22",SNpp39,164,56,10427,220,0
"SApp09,SApp22",SNch01,164,56,10427,220,0
"SApp09,SApp22",SApp04,164,56,10427,220,0
JO-EV5,SApp10,54,166,10427,220,0
LgLG3,SNta29,65,155,10427,220,0
"SApp09,SApp22",JO-FV,164,55,10428,219,0
SApp08,SNta37,112,107,10428,219,0
SApp10,SNta30,166,53,10428,219,0
JO-ED2_b,SNta29,64,155,10428,219,0
SNppxx,R8d,216,3,10428,219,0
"SApp09,SApp22",JO-EV5,164,54,10429,218,0
SApp10,SNta25,166,52,10429,218,0
"SApp09,SApp22",SNta30,164,53,10430,217,0
SApp10,SAxx02,166,51,10430,217,0
SApp10,SNxx03,166,51,10430,217,0
JO-EV6,SNta29,62,155,10430,217,0
"SApp09,SApp22",SNta25,164,52,10431,216,0
SNxx23,SApp10,50,166,10431,216,0
SApp10,SNxx04,166,50,10431,216,0
"SApp09,SApp22",SAxx02,164,51,10432,215,0
"SApp09,SApp22",SNxx03,164,51,10432,215,0
SApp08,SNta21,112,103,10432,215,0
SApp10,"SNta11,SNta14",166,49,10432,215,0
"SApp09,SApp22",SNxx23,164,50,10433,214,0
"SApp09,SApp22",SNxx04,164,50,10433,214,0
"SApp09,SApp22","SNta11,SNta14",164,49,10434,213,0
SNpp19,SNxx33,97,116,10434,213,0
SApp10,SAxx01,166,47,10434,213,0
SApp10,SNxx29,166,47,10434,213,0
SApp10,SNta11,166,47,10434,213,0
SApp10,SNpp51,166,47,10434,213,0
"SApp06,SApp15",SNxx33,97,116,10434,213,0
SApp10,aPhM2a,166,46,10435,212,0
SApp10,JO-mz,166,46,10435,212,0
SApp10,SNta03,166,46,10435,212,0
SApp10,SNta28,166,46,10435,212,0
"SApp09,SApp22",SAxx01,164,47,10436,211,0
"SApp09,SApp22",SNxx29,164,47,10436,211,0
"SApp09,SApp22",SNta11,164,47,10436,211,0
"SApp09,SApp22",SNpp51,164,47,10436,211,0
JO-ED2_a,SNta29,56,155,10436,211,0
SNch01,SNta29,56,155,10436,211,0
SNta29,SApp04,155,56,10436,211,0
"SApp09,SApp22",aPhM2a,164,46,10437,210,0
"SApp09,SApp22",JO-mz,164,46,10437,210,0
"SApp09,SApp22",SNta03,164,46,10437,210,0
"SApp09,SApp22",SNta28,164,46,10437,210,0
SApp10,SNxx20,166,44,10437,210,0
SApp10,LgAG1,166,44,10437,210,0
SApp10,SNpp60,166,44,10437,210,0
JO-EV5,SNta29,54,155,10438,209,0
SApp10,"SNta02,SNta09",166,43,10438,209,0
BM_Taste,SNxx33,92,116,10439,208,0
"SApp09,SApp22",SNxx20,164,44,10439,208,0
"SApp09,SApp22",LgAG1,164,44,10439,208,0
"SApp09,SApp22",SNpp60,164,44,10439,208,0
SApp10,JO-EV2,166,42,10439,208,0
SApp10,SNpp32,166,42,10439,208,0
JO-EV3,SNxx33,91,116,10440,207,0
"SApp09,SApp22","SNta02,SNta09",164,43,10440,207,0
SApp10,LgLG1a,166,41,10440,207,0
SApp10,SNpp43,166,41,10440,207,0
TPMN1,SApp10,40,166,10441,206,0
"SApp09,SApp22",JO-EV2,164,42,10441,206,0
"SApp09,SApp22",SNpp32,164,42,10441,206,0
SApp10,SNxx15,166,40,10441,206,0
"SApp09,SApp22",LgLG1a,164,41,10442,205,0
"SApp09,SApp22",SNpp43,164,41,10442,205,0
SNxx23,SNta29,50,155,10442,205,0
SApp10,LgLG1b,166,39,10442,205,0
SApp10,JO-ED2_c,166,39,10442,205,0
SApp10,SNpp47,166,39,10442,205,0
SApp10,SNpp33,166,39,10442,205,0
SApp19,SNta29,50,155,10442,205,0
SNxx04,SNta29,50,155,10442,205,0
SNta04,SNta29,50,155,10442,205,0
TPMN1,"SApp09,SApp22",40,164,10443,204,0
BM_Taste,SApp08,92,112,10443,204,0
"SApp09,SApp22",SNxx15,164,40,10443,204,0
SNpp19,SNta37,97,107,10443,204,0
SApp10,SNxx25,166,38,10443,204,0
"SApp06,SApp15",SNta37,97,107,10443,204,0
"SNta11,SNta14",SNta29,49,155,10443,204,0
JO-EV3,SApp08,91,112,10444,203,0
"SApp09,SApp22",LgLG1b,164,39,10444,203,0
"SApp09,SApp22",JO-ED2_c,164,39,10444,203,0
"SApp09,SApp22",SNpp47,164,39,10444,203,0
"SApp09,SApp22",SNpp33,164,39,10444,203,0
SApp10,claw_tpGRN,166,37,10444,203,0
"SApp09,SApp22",SNxx25,164,38,10445,202,0
SApp10,JO-A2,166,36,10445,202,0
SApp10,SNpp16,166,36,10445,202,0
SApp10,SNxx14,166,36,10445,202,0
SApp10,SNch10,166,36,10445,202,0
SApp10,SNta18,166,36,10445,202,0
SAxx01,SNta29,47,155,10445,202,0
SNxx29,SNta29,47,155,10445,202,0
SNta29,SNta11,155,47,10445,202,0
"SApp09,SApp22",claw_tpGRN,164,37,10446,201,0
SApp10,ORN_DP1m,166,35,10446,201,0
aPhM2a,SNta29,46,155,10446,201,0
JO-mz,SNta29,46,155,10446,201,0
SNta03,SNta29,46,155,10446,201,0
SNxx33,SNpp52,116,85,10446,201,0
"SApp09,SApp22",JO-A2,164,36,10447,200,0
"SApp09,SApp22",SNpp16,164,36,10447,200,0
"SApp09,SApp22",SNxx14,164,36,10447,200,0
"SApp09,SApp22",SNch10,164,36,10447,200,0
"SApp09,SApp22",SNta18,164,36,10447,200,0
SNpp19,SNta21,97,103,10447,200,0
JO-EV1,SNxx33,84,116,10447,200,0
SApp10,ORN_VL2a,166,34,10447,200,0
SApp10,ORN_DA1,166,34,10447,200,0
SApp10,BM_Vib,166,34,10447,200,0
SApp10,PhG1c,166,34,10447,200,0
"SApp06,SApp15",SNta21,97,103,10447,200,0
BM,SNxx33,84,116,10447,200,0
BM_Taste,SNta37,92,107,10448,199,0
"SApp09,SApp22",ORN_DP1m,164,35,10448,199,0
SApp10,WG3,166,33,10448,199,0
SApp10,SNta31,166,33,10448,199,0
SNxx20,SNta29,44,155,10448,199,0
SNpp60,SNta29,44,155,10448,199,0
SNxx07,SApp10,32,166,10449,198,0
JO-EV3,SNta37,91,107,10449,198,0
"SApp09,SApp22",ORN_VL2a,164,34,10449,198,0
"SApp09,SApp22",ORN_DA1,164,34,10449,198,0
"SApp09,SApp22",BM_Vib,164,34,10449,198,0
"SApp09,SApp22",PhG1c,164,34,10449,198,0
SApp10,aPhM3,166,32,10449,198,0
SNta29,"SNta02,SNta09",155,43,10449,198,0
"SApp09,SApp22",WG3,164,33,10450,197,0
"SApp09,SApp22",SNta31,164,33,10450,197,0
SApp08,SNta38,112,85,10450,197,0
SApp08,SNpp52,112,85,10450,197,0
SApp10,HRN_VP4,166,31,10450,197,0
SApp10,HRN_VP1d,166,31,10450,197,0
SApp10,JO-ED1,166,31,10450,197,0
JO-EV2,SNta29,42,155,10450,197,0
SNta29,SNpp32,155,42,10450,197,0
SNxx07,"SApp09,SApp22",32,164,10451,196,0
"SApp09,SApp22",aPhM3,164,32,10451,196,0
SApp08,JO-EV1,112,84,10451,196,0
SApp08,BM,112,84,10451,196,0
SApp10,SNpp23,166,30,10451,196,0
SApp10,JO-CL,166,30,10451,196,0
SApp10,SNpp41,166,30,10451,196,0
TPMN1,SNta29,40,155,10452,195,0
BM_Taste,SNta21,92,103,10452,195,0
"SApp09,SApp22",HRN_VP4,164,31,10452,195,0
"SApp09,SApp22",HRN_VP1d,164,31,10452,195,0
"SApp09,SApp22",JO-ED1,164,31,10452,195,0
"SApp09,SApp22",SApp13,164,31,10452,195,0
aPhM5,SApp10,29,166,10452,195,0
SApp10,SNxx11,166,29,10452,195,0
SApp10,ORN_DC4,166,29,10452,195,0
SApp10,LB1c,166,29,10452,195,0
SApp10,"SNpp29,SNpp63",166,29,10452,195,0
SNxx15,SNta29,40,155,10452,195,0
JO-EV3,SNta21,91,103,10453,194,0
"SApp09,SApp22",SNpp23,164,30,10453,194,0
"SApp09,SApp22",JO-CL,164,30,10453,194,0
"SApp09,SApp22",SNpp41,164,30,10453,194,0
SApp08,SNta20,112,82,10453,194,0
SNpp19,"SApp06,SApp15",97,97,10453,194,0
SApp10,SNta14,166,28,10453,194,0
SApp10,ENS2,166,28,10453,194,0
SApp10,ORN_DP1l,166,28,10453,194,0
SApp10,ORN_VA6,166,28,10453,194,0
SApp10,ENS4,166,28,10453,194,0
SApp10,SNta26,166,28,10453,194,0
JO-ED2_c,SNta29,39,155,10453,194,0
SNpp47,SNta29,39,155,10453,194,0
SNpp33,SNta29,39,155,10453,194,0
"SApp09,SApp22",aPhM5,164,29,10454,193,0
"SApp09,SApp22",SNxx11,164,29,10454,193,0
"SApp09,SApp22",ORN_DC4,164,29,10454,193,0
"SApp09,SApp22",LB1c,164,29,10454,193,0
"SApp09,SApp22","SNpp29,SNpp63",164,29,10454,193,0
SApp10,GNG643,166,27,10454,193,0
SApp10,LB3d,166,27,10454,193,0
SApp10,SNxx02,166,27,10454,193,0
SApp10,BM_Hau,166,27,10454,193,0
SApp10,JO-B4_b,166,27,10454,193,0
SApp10,SApp23,166,27,10454,193,0
SApp10,ORN_VL2p,166,27,10454,193,0
SNxx25,SNta29,38,155,10454,193,0
"SApp09,SApp22",SNta14,164,28,10455,192,0
"SApp09,SApp22",ENS2,164,28,10455,192,0
"SApp09,SApp22",ORN_DP1l,164,28,10455,192,0
"SApp09,SApp22",ORN_VA6,164,28,10455,192,0
"SApp09,SApp22",ENS4,164,28,10455,192,0
"SApp09,SApp22",SNta26,164,28,10455,192,0
SApp10,TPMN2,166,26,10455,192,0
SApp10,ORN_DM1,166,26,10455,192,0
SApp10,SNpp10,166,26,10455,192,0
JO-CM,SNxx33,76,116,10455,192,0
claw_tpGRN,SNta29,37,155,10455,192,0
"SApp09,SApp22",GNG643,164,27,10456,191,0
"SApp09,SApp22",LB3d,164,27,10456,191,0
"SApp09,SApp22",SNxx02,164,27,10456,191,0
"SApp09,SApp22",BM_Hau,164,27,10456,191,0
"SApp09,SApp22",JO-B4_b,164,27,10456,191,0
"SApp09,SApp22",SApp23,164,27,10456,191,0
"SApp09,SApp22",ORN_VL2p,164,27,10456,191,0
JO-EV1,SNta37,84,107,10456,191,0
SApp10,LB3c,166,25,10456,191,0
SApp10,SNxx26,166,25,10456,191,0
SApp10,ORN_VA2,166,25,10456,191,0
JO-A2,SNta29,36,155,10456,191,0
BM,SNta37,84,107,10456,191,0
SNpp16,SNta29,36,155,10456,191,0
SNpp30,SNxx33,75,116,10456,191,0
SNch10,SNta29,36,155,10456,191,0
SNta29,SNta18,155,36,10456,191,0
"SApp09,SApp22",TPMN2,164,26,10457,190,0
"SApp09,SApp22",ORN_DM1,164,26,10457,190,0
"SApp09,SApp22",SNpp10,164,26,10457,190,0
"SApp09,SApp22",SApp01,164,26,10457,190,0
SApp10,TRN_VP1m,166,24,10457,190,0
SApp10,SNpp02,166,24,10457,190,0
ORN_DP1m,SNta29,35,155,10457,190,0
"SApp11,SApp18",SNta29,35,155,10457,190,0
BM_Taste,SNpp19,92,97,10458,189,0
BM_Taste,"SApp06,SApp15",92,97,10458,189,0
"SApp09,SApp22",LB3c,164,25,10458,189,0
"SApp09,SApp22",SNxx26,164,25,10458,189,0
"SApp09,SApp22",ORN_VA2,164,25,10458,189,0
SApp10,WG4,166,23,10458,189,0
SApp10,ORN_D,166,23,10458,189,0
ORN_VL2a,SNta29,34,155,10458,189,0
ORN_DA1,SNta29,34,155,10458,189,0
PhG1c,SNta29,34,155,10458,189,0
JO-EV3,SNpp19,91,97,10459,188,0
JO-EV3,"SApp06,SApp15",91,97,10459,188,0
"SApp09,SApp22",TRN_VP1m,164,24,10459,188,0
"SApp09,SApp22",SNpp02,164,24,10459,188,0
SApp08,JO-CM,112,76,10459,188,0
SApp10,aPhM1,166,22,10459,188,0
SApp10,BM_Vt_PoOc,166,22,10459,188,0
SApp10,PhG9,166,22,10459,188,0
SApp10,ORN_DC1,166,22,10459,188,0
SApp10,SNpp62,166,22,10459,188,0
SApp10,SNpp58,166,22,10459,188,0
SApp10,SNxx19,166,22,10459,188,0
SApp10,SNxx21,166,22,10459,188,0
SApp10,JO-B3,166,22,10459,188,0
WG3,SNta29,33,155,10459,188,0
BM_InOm,SNxx33,72,116,10459,188,0
SNpp40,SNxx33,72,116,10459,188,0
SNta21,SNpp52,103,85,10459,188,0
SNta29,SNta31,155,33,10459,188,0
SNxx07,SNta29,32,155,10460,187,0
"SApp09,SApp22",WG4,164,23,10460,187,0
"SApp09,SApp22",ORN_D,164,23,10460,187,0
SApp08,SNpp30,112,75,10460,187,0
JO-EV1,SNta21,84,103,10460,187,0
SApp10,JO-A3,166,21,10460,187,0
SApp10,ORN_VM6v,166,21,10460,187,0
SApp10,SNxx17,166,21,10460,187,0
SApp10,ORN_DL2v,166,21,10460,187,0
aPhM3,SNta29,32,155,10460,187,0
BM,SNta21,84,103,10460,187,0
SNta29,SApp14,155,32,10460,187,0
SNta29,SNpp07,155,32,10460,187,0
SNxx08,SApp10,20,166,10461,186,0
"SApp09,SApp22",aPhM1,164,22,10461,186,0
"SApp09,SApp22",BM_Vt_PoOc,164,22,10461,186,0
"SApp09,SApp22",PhG9,164,22,10461,186,0
"SApp09,SApp22",ORN_DC1,164,22,10461,186,0
"SApp09,SApp22",SNpp62,164,22,10461,186,0
"SApp09,SApp22",SNpp58,164,22,10461,186,0
"SApp09,SApp22",SNxx19,164,22,10461,186,0
"SApp09,SApp22",SNxx21,164,22,10461,186,0
"SApp09,SApp22",JO-B3,164,22,10461,186,0
SApp10,GNG644,166,20,10461,186,0
SApp10,ORN_DL5,166,20,10461,186,0
SApp10,WG2,166,20,10461,186,0
SApp10,LgAG3,166,20,10461,186,0
SApp10,PhG1b,166,20,10461,186,0
SApp10,BM_vOcci_vPoOr,166,20,10461,186,0
SApp10,LB1e,166,20,10461,186,0
SApp10,SNxx30,166,20,10461,186,0
HRN_VP4,SNta29,31,155,10461,186,0
HRN_VP1d,SNta29,31,155,10461,186,0
JO-ED1,SNta29,31,155,10461,186,0
SNta29,SApp13,155,31,10461,186,0
"SApp09,SApp22",JO-A3,164,21,10462,185,0
"SApp09,SApp22",ORN_VM6v,164,21,10462,185,0
"SApp09,SApp22",SNxx17,164,21,10462,185,0
"SApp09,SApp22",ORN_DL2v,164,21,10462,185,0
SApp10,aPhM4,166,19,10462,185,0
SApp10,LB3a,166,19,10462,185,0
SApp10,LgAG5,166,19,10462,185,0
SApp10,LgAG7,166,19,10462,185,0
SApp10,ORN_DL2d,166,19,10462,185,0
SApp10,JO-B1_a,166,19,10462,185,0
SApp10,SNta13,166,19,10462,185,0
SNpp23,SNta29,30,155,10462,185,0
JO-CL,SNta29,30,155,10462,185,0
SNpp41,SNta29,30,155,10462,185,0
SNta21,SNta20,103,82,10462,185,0
SNxx08,"SApp09,SApp22",20,164,10463,184,0
"SApp09,SApp22",GNG644,164,20,10463,184,0
"SApp09,SApp22",ORN_DL5,164,20,10463,184,0
"SApp09,SApp22",WG2,164,20,10463,184,0
"SApp09,SApp22",LgAG3,164,20,10463,184,0
"SApp09,SApp22",PhG1b,164,20,10463,184,0
"SApp09,SApp22",BM_vOcci_vPoOr,164,20,10463,184,0
"SApp09,SApp22",LB1e,164,20,10463,184,0
"SApp09,SApp22",SNxx30,164,20,10463,184,0
DNx02,SNxx33,68,116,10463,184,0
SApp08,BM_InOm,112,72,10463,184,0
SApp08,SNpp40,112,72,10463,184,0
aPhM5,SNta29,29,155,10463,184,0
SApp10,TRN_VP3a,166,18,10463,184,0
SApp10,TRN_VP2,166,18,10463,184,0
SApp10,aPhM2b,166,18,10463,184,0
SApp10,ORN_VC1,166,18,10463,184,0
SApp10,ORN_VM7d,166,18,10463,184,0
SApp10,LgAG2,166,18,10463,184,0
SApp10,DNx01,166,18,10463,184,0
SNxx11,SNta29,29,155,10463,184,0
ORN_DC4,SNta29,29,155,10463,184,0
LB1c,SNta29,29,155,10463,184,0
"SNpp29,SNpp63",SNta29,29,155,10463,184,0
SNta29,"SNta04,SNta11",155,29,10463,184,0
JO-EV3,BM_Taste,91,92,10464,183,0
"SApp09,SApp22",aPhM4,164,19,10464,183,0
"SApp09,SApp22",LB3a,164,19,10464,183,0
"SApp09,SApp22",LgAG5,164,19,10464,183,0
"SApp09,SApp22",LgAG7,164,19,10464,183,0
"SApp09,SApp22",ORN_DL2d,164,19,10464,183,0
"SApp09,SApp22",JO-B1_a,164,19,10464,183,0
"SApp09,SApp22",SNta13,164,19,10464,183,0
SApp10,LB3b,166,17,10464,183,0
SApp10,ORN_VA1v,166,17,10464,183,0
SApp10,JO-A1,166,17,10464,183,0
SApp10,SNpp05,166,17,10464,183,0
SApp10,SNxx28,166,17,10464,183,0
SApp10,ORN_VM5v,166,17,10464,183,0
SApp10,SNpp31,166,17,10464,183,0
SApp10,SNpp17,166,17,10464,183,0
SApp10,SNpp01,166,17,10464,183,0
JO-CM,SNta37,76,107,10464,183,0
SNta14,SNta29,28,155,10464,183,0
ENS2,SNta29,28,155,10464,183,0
ORN_DP1l,SNta29,28,155,10464,183,0
ORN_VA6,SNta29,28,155,10464,183,0
SNta29,ENS4,155,28,10464,183,0
"SApp09,SApp22",TRN_VP3a,164,18,10465,182,0
"SApp09,SApp22",TRN_VP2,164,18,10465,182,0
"SApp09,SApp22",aPhM2b,164,18,10465,182,0
"SApp09,SApp22",ORN_VC1,164,18,10465,182,0
"SApp09,SApp22",ORN_VM7d,164,18,10465,182,0
"SApp09,SApp22",LgAG2,164,18,10465,182,0
"SApp09,SApp22",DNx01,164,18,10465,182,0
SApp10,GNG642,166,16,10465,182,0
SApp10,ORN_V,166,16,10465,182,0
SApp10,PhG10,166,16,10465,182,0
SApp10,ORN_VL1,166,16,10465,182,0
SApp10,LgLG4,166,16,10465,182,0
SApp10,ORN_VM5d,166,16,10465,182,0
SApp10,SNpp11,166,16,10465,182,0
SApp10,ALBN1,166,16,10465,182,0
SApp10,ENS5,166,16,10465,182,0
SApp10,dorsal_tpGRN,166,16,10465,182,0
SApp10,JO-CA2,166,16,10465,182,0
"SApp06,SApp15",SNta38,97,85,10465,182,0
"SApp06,SApp15",SNpp52,97,85,10465,182,0
GNG643,SNta29,27,155,10465,182,0
LB3d,SNta29,27,155,10465,182,0
SNxx02,SNta29,27,155,10465,182,0
BM_Hau,SNta29,27,155,10465,182,0
JO-B4_b,SNta29,27,155,10465,182,0
SApp23,SNta29,27,155,10465,182,0
ORN_VL2p,SNta29,27,155,10465,182,0
SNpp30,SNta37,75,107,10465,182,0
SNta29,SNta33,155,27,10465,182,0
"SApp09,SApp22",LB3b,164,17,10466,181,0
"SApp09,SApp22",ORN_VA1v,164,17,10466,181,0
"SApp09,SApp22",JO-A1,164,17,10466,181,0
"SApp09,SApp22",SNpp05,164,17,10466,181,0
"SApp09,SApp22",SNxx28,164,17,10466,181,0
"SApp09,SApp22",ORN_VM5v,164,17,10466,181,0
"SApp09,SApp22",SNpp31,164,17,10466,181,0
"SApp09,SApp22",SNpp17,164,17,10466,181,0
"SApp09,SApp22",SNpp01,164,17,10466,181,0
R7_unclear,SApp10,15,166,10466,181,0
SNpp19,JO-EV1,97,84,10466,181,0
SNpp19,BM,97,84,10466,181,0
JO-EV1,"SApp06,SApp15",84,97,10466,181,0
SApp10,WG1,166,15,10466,181,0
SApp10,LgAG9,166,15,10466,181,0
SApp10,ORN_VA1d,166,15,10466,181,0
SApp10,SNpp57,166,15,10466,181,0
SApp10,LB1b,166,15,10466,181,0
SApp10,SNpp12,166,15,10466,181,0
SApp10,PhG8,166,15,10466,181,0
TPMN2,SNta29,26,155,10466,181,0
"SApp06,SApp15",BM,97,84,10466,181,0
ORN_DM1,SNta29,26,155,10466,181,0
SNpp10,SNta29,26,155,10466,181,0
SApp01,SNta29,26,155,10466,181,0
"SApp09,SApp22",GNG642,164,16,10467,180,0
"SApp09,SApp22",ORN_V,164,16,10467,180,0
"SApp09,SApp22",PhG10,164,16,10467,180,0
"SApp09,SApp22",ORN_VL1,164,16,10467,180,0
"SApp09,SApp22",LgLG4,164,16,10467,180,0
"SApp09,SApp22",ORN_VM5d,164,16,10467,180,0
"SApp09,SApp22",SNpp11,164,16,10467,180,0
"SApp09,SApp22",ALBN1,164,16,10467,180,0
"SApp09,SApp22",ENS5,164,16,10467,180,0
"SApp09,SApp22",dorsal_tpGRN,164,16,10467,180,0
"SApp09,SApp22",JO-CA2,164,16,10467,180,0
DNx02,SApp08,68,112,10467,180,0
SApp10,GNG654,166,14,10467,180,0
SApp10,HRN_VP5,166,14,10467,180,0
SApp10,LB4b,166,14,10467,180,0
SApp10,SNxx24,166,14,10467,180,0
SApp10,ORN_VC5,166,14,10467,180,0
SApp10,PhG4,166,14,10467,180,0
SApp10,SNpp06,166,14,10467,180,0
SApp10,BM_MaPa,166,14,10467,180,0
SApp10,PhG14,166,14,10467,180,0
SApp10,SNpp56,166,14,10467,180,0
SApp10,JO-B2,166,14,10467,180,0
SApp10,JO-B1_c,166,14,10467,180,0
JO-ED2_b,SNxx33,64,116,10467,180,0
LB3c,SNta29,25,155,10467,180,0
SNxx33,SNpp45,116,64,10467,180,0
SNxx26,SNta29,25,155,10467,180,0
ORN_VA2,SNta29,25,155,10467,180,0
"SApp09,SApp22",R7_unclear,164,15,10468,179,0
"SApp09,SApp22",WG1,164,15,10468,179,0
"SApp09,SApp22",LgAG9,164,15,10468,179,0
"SApp09,SApp22",ORN_VA1d,164,15,10468,179,0
"SApp09,SApp22",SNpp57,164,15,10468,179,0
"SApp09,SApp22",LB1b,164,15,10468,179,0
"SApp09,SApp22",SNpp12,164,15,10468,179,0
"SApp09,SApp22",PhG8,164,15,10468,179,0
SNpp19,SNta20,97,82,10468,179,0
SApp10,R7d,166,13,10468,179,0
SApp10,LgLG6,166,13,10468,179,0
SApp10,ORN_DM2,166,13,10468,179,0
SApp10,DNg20,166,13,10468,179,0
SApp10,SNxx06,166,13,10468,179,0
SApp10,SNpp15,166,13,10468,179,0
SApp10,ORN_DA2,166,13,10468,179,0
SApp10,PhG16,166,13,10468,179,0
SApp10,SNpp18,166,13,10468,179,0
SApp10,LgAG8,166,13,10468,179,0
"SApp06,SApp15",SNta20,97,82,10468,179,0
JO-CM,SNta21,76,103,10468,179,0
BM_InOm,SNta37,72,107,10468,179,0
SNpp40,SNta37,72,107,10468,179,0
TRN_VP1m,SNta29,24,155,10468,179,0
SNta29,SNpp02,155,24,10468,179,0
"SApp09,SApp22",GNG654,164,14,10469,178,0
"SApp09,SApp22",HRN_VP5,164,14,10469,178,0
"SApp09,SApp22",LB4b,164,14,10469,178,0
"SApp09,SApp22",SNxx24,164,14,10469,178,0
"SApp09,SApp22",ORN_VC5,164,14,10469,178,0
"SApp09,SApp22",PhG4,164,14,10469,178,0
"SApp09,SApp22",SNpp06,164,14,10469,178,0
"SApp09,SApp22",BM_MaPa,164,14,10469,178,0
"SApp09,SApp22",PhG14,164,14,10469,178,0
"SApp09,SApp22",SNpp56,164,14,10469,178,0
"SApp09,SApp22",JO-B2,164,14,10469,178,0
"SApp09,SApp22",JO-B1_c,164,14,10469,178,0
SApp10,ENS3,166,12,10469,178,0
SApp10,ORN_VM4,166,12,10469,178,0
SApp10,ENS1,166,12,10469,178,0
SApp10,PhG13,166,12,10469,178,0
SApp10,ORN_DC2,166,12,10469,178,0
SApp10,SNpp37,166,12,10469,178,0
SApp10,ORN_VC4,166,12,10469,178,0
SApp10,b2 MN,166,12,10469,178,0
JO-EV6,SNxx33,62,116,10469,178,0
WG4,SNta29,23,155,10469,178,0
SNpp30,SNta21,75,103,10469,178,0
SNta29,ORN_D,155,23,10469,178,0
BM_Taste,SNta38,92,85,10470,177,0
BM_Taste,SNpp52,92,85,10470,177,0
"SApp09,SApp22",R7d,164,13,10470,177,0
"SApp09,SApp22",LgLG6,164,13,10470,177,0
"SApp09,SApp22",ORN_DM2,164,13,10470,177,0
"SApp09,SApp22",DNg20,164,13,10470,177,0
"SApp09,SApp22",SNxx06,164,13,10470,177,0
"SApp09,SApp22",SNpp15,164,13,10470,177,0
"SApp09,SApp22",ORN_DA2,164,13,10470,177,0
"SApp09,SApp22",PhG16,164,13,10470,177,0
"SApp09,SApp22",SNpp18,164,13,10470,177,0
"SApp09,SApp22",LgAG8,164,13,10470,177,0
SApp08,LgLG3,112,65,10470,177,0
SApp10,R7y,166,11,10470,177,0
SApp10,R7p,166,11,10470,177,0
SApp10,R8p,166,11,10470,177,0
SApp10,SNxx09,166,11,10470,177,0
SApp10,LgLG2,166,11,10470,177,0
SApp10,R8_unclear,166,11,10470,177,0
SApp10,LB1a,166,11,10470,177,0
SApp10,ORN_VM7v,166,11,10470,177,0
SApp10,ORN_DL1,166,11,10470,177,0
aPhM1,SNta29,22,155,10470,177,0
BM_Vt_PoOc,SNta29,22,155,10470,177,0
PhG9,SNta29,22,155,10470,177,0
ORN_DC1,SNta29,22,155,10470,177,0
SNpp62,SNta29,22,155,10470,177,0
SNta29,SNpp58,155,22,10470,177,0
SNta29,SNxx19,155,22,10470,177,0
SNta29,SNxx21,155,22,10470,177,0
SNta29,JO-B3,155,22,10470,177,0
JO-EV3,SNta38,91,85,10471,176,0
JO-EV3,SNpp52,91,85,10471,176,0
BM_Taste,JO-EV1,92,84,10471,176,0
BM_Taste,BM,92,84,10471,176,0
"SApp09,SApp22",ENS3,164,12,10471,176,0
"SApp09,SApp22",ORN_VM4,164,12,10471,176,0
"SApp09,SApp22",ENS1,164,12,10471,176,0
"SApp09,SApp22",PhG13,164,12,10471,176,0
"SApp09,SApp22",ORN_DC2,164,12,10471,176,0
"SApp09,SApp22",SNpp37,164,12,10471,176,0
"SApp09,SApp22",ORN_VC4,164,12,10471,176,0
SApp08,JO-ED2_b,112,64,10471,176,0
SApp08,SNpp45,112,64,10471,176,0
SApp10,R8y,166,10,10471,176,0
SApp10,HRN_VP1l,166,10,10471,176,0
SApp10,PhG6,166,10,10471,176,0
SApp10,LN-DN1,166,10,10471,176,0
SApp10,ORN_DM4,166,10,10471,176,0
SApp10,ORN_DM6,166,10,10471,176,0
SApp10,ORN_VA3,166,10,10471,176,0
JO-A3,SNta29,21,155,10471,176,0
ORN_VM6v,SNta29,21,155,10471,176,0
SNxx17,SNta29,21,155,10471,176,0
ORN_DL2v,SNta29,21,155,10471,176,0
JO-EV3,JO-EV1,91,84,10472,175,0
JO-EV3,BM,91,84,10472,175,0
SNxx08,SNta29,20,155,10472,175,0
"SApp09,SApp22",R7y,164,11,10472,175,0
"SApp09,SApp22",R7p,164,11,10472,175,0
"SApp09,SApp22",R8p,164,11,10472,175,0
"SApp09,SApp22",SNxx09,164,11,10472,175,0
"SApp09,SApp22",LgLG2,164,11,10472,175,0
"SApp09,SApp22",R8_unclear,164,11,10472,175,0
"SApp09,SApp22",LB1a,164,11,10472,175,0
"SApp09,SApp22",SNpp21,164,11,10472,175,0
"SApp09,SApp22",ORN_VM7v,164,11,10472,175,0
"SApp09,SApp22",ORN_DL1,164,11,10472,175,0
DNx02,SNta37,68,107,10472,175,0
SApp10,LgLG8,166,9,10472,175,0
SApp10,LB4a,166,9,10472,175,0
SApp10,PhG3,166,9,10472,175,0
SApp10,SApp21,166,9,10472,175,0
SApp10,LgAG6,166,9,10472,175,0
SApp10,tpn MN,166,9,10472,175,0
SApp10,JO-B4_a,166,9,10472,175,0
BM_InOm,SNta21,72,103,10472,175,0
GNG644,SNta29,20,155,10472,175,0
ORN_DL5,SNta29,20,155,10472,175,0
WG2,SNta29,20,155,10472,175,0
LgAG3,SNta29,20,155,10472,175,0
PhG1b,SNta29,20,155,10472,175,0
BM_vOcci_vPoOr,SNta29,20,155,10472,175,0
SNta29,LB1e,155,20,10472,175,0
BM_Taste,SNta20,92,82,10473,174,0
"SApp09,SApp22",R8y,164,10,10473,174,0
"SApp09,SApp22",HRN_VP1l,164,10,10473,174,0
"SApp09,SApp22",PhG6,164,10,10473,174,0
"SApp09,SApp22",LN-DN1,164,10,10473,174,0
"SApp09,SApp22",ORN_DM4,164,10,10473,174,0
"SApp09,SApp22",ORN_DM6,164,10,10473,174,0
"SApp09,SApp22",ORN_VA3,164,10,10473,174,0
SApp08,JO-EV6,112,62,10473,174,0
SApp10,LgLG5,166,8,10473,174,0
SApp10,HBeyelet,166,8,10473,174,0
SApp10,PhG1a,166,8,10473,174,0
aPhM4,SNta29,19,155,10473,174,0
LB3a,SNta29,19,155,10473,174,0
SNpp35,SNta29,19,155,10473,174,0
LgAG5,SNta29,19,155,10473,174,0
LgAG7,SNta29,19,155,10473,174,0
ORN_DL2d,SNta29,19,155,10473,174,0
SNta29,JO-B1_a,155,19,10473,174,0
SNta29,SNta13,155,19,10473,174,0
JO-EV3,SNta20,91,82,10474,173,0
"SApp09,SApp22",LgLG8,164,9,10474,173,0
"SApp09,SApp22",LB4a,164,9,10474,173,0
"SApp09,SApp22",PhG3,164,9,10474,173,0
"SApp09,SApp22",SApp21,164,9,10474,173,0
"SApp09,SApp22",LgAG6,164,9,10474,173,0
"SApp09,SApp22",tpn MN,164,9,10474,173,0
"SApp09,SApp22",JO-B4_a,164,9,10474,173,0
SNpp19,JO-CM,97,76,10474,173,0
SApp10,LgLG7,166,7,10474,173,0
SApp10,DNg83,166,7,10474,173,0
SApp10,ORN_DL3,166,7,10474,173,0
SApp10,ORN_DM3,166,7,10474,173,0
"SApp06,SApp15",JO-CM,97,76,10474,173,0
TRN_VP3a,SNta29,18,155,10474,173,0
TRN_VP2,SNta29,18,155,10474,173,0
aPhM2b,SNta29,18,155,10474,173,0
ORN_VC1,SNta29,18,155,10474,173,0
ORN_VM7d,SNta29,18,155,10474,173,0
SNta29,LgAG2,155,18,10474,173,0
SNta29,DNx01,155,18,10474,173,0
"SApp09,SApp22",LgLG5,164,8,10475,172,0
"SApp09,SApp22",HBeyelet,164,8,10475,172,0
"SApp09,SApp22",PhG1a,164,8,10475,172,0
SNpp19,SNpp30,97,75,10475,172,0
JO-ED2_a,SNxx33,56,116,10475,172,0
"SApp06,SApp15",SNpp30,97,75,10475,172,0
SNpp39,SNxx33,56,116,10475,172,0
SNch01,SNxx33,56,116,10475,172,0
LB3b,SNta29,17,155,10475,172,0
LgLG3,SNta37,65,107,10475,172,0
SNxx33,SApp04,116,56,10475,172,0
ORN_VA1v,SNta29,17,155,10475,172,0
JO-A1,SNta29,17,155,10475,172,0
SNta29,SNpp05,155,17,10475,172,0
SNta29,SNxx28,155,17,10475,172,0
SNta29,ORN_VM5v,155,17,10475,172,0
SNta29,SNpp31,155,17,10475,172,0
SNta29,SNpp17,155,17,10475,172,0
SNta29,SNpp01,155,17,10475,172,0
"SApp09,SApp22",LgLG7,164,7,10476,171,0
"SApp09,SApp22",DNg83,164,7,10476,171,0
"SApp09,SApp22",ORN_DL3,164,7,10476,171,0
"SApp09,SApp22",ORN_DM3,164,7,10476,171,0
DNx02,SNta21,68,103,10476,171,0
SApp08,SNpp50,112,59,10476,171,0
SApp10,ORN_DA3,166,5,10476,171,0
JO-FV,SNxx33,55,116,10476,171,0
JO-ED2_b,SNta37,64,107,10476,171,0
GNG642,SNta29,16,155,10476,171,0
ORN_V,SNta29,16,155,10476,171,0
PhG10,SNta29,16,155,10476,171,0
ORN_VL1,SNta29,16,155,10476,171,0
SNta29,LgLG4,155,16,10476,171,0
SNta29,ORN_VM5d,155,16,10476,171,0
SNta29,SNpp11,155,16,10476,171,0
SNta29,ALBN1,155,16,10476,171,0
SNta29,ENS5,155,16,10476,171,0
SNta29,dorsal_tpGRN,155,16,10476,171,0
SNta29,JO-CA2,155,16,10476,171,0
R7_unclear,SNta29,15,155,10477,170,0
JO-EV5,SNxx33,54,116,10477,170,0
WG1,SNta29,15,155,10477,170,0
LgAG9,SNta29,15,155,10477,170,0
SNta29,ORN_VA1d,155,15,10477,170,0
SNta29,SNpp57,155,15,10477,170,0
SNta29,LB1b,155,15,10477,170,0
SNta29,SNpp12,155,15,10477,170,0
SNta29,PhG8,155,15,10477,170,0
"SApp09,SApp22",ORN_DA3,164,5,10478,169,0
SNpp19,BM_InOm,97,72,10478,169,0
SNpp19,SNpp40,97,72,10478,169,0
JO-EV1,SNta38,84,85,10478,169,0
JO-EV1,SNpp52,84,85,10478,169,0
SApp10,R8d,166,3,10478,169,0
"SApp06,SApp15",BM_InOm,97,72,10478,169,0
"SApp06,SApp15",SNpp40,97,72,10478,169,0
JO-EV6,SNta37,62,107,10478,169,0
BM,SNta38,84,85,10478,169,0
GNG654,SNta29,14,155,10478,169,0
HRN_VP5,SNta29,14,155,10478,169,0
LB4b,SNta29,14,155,10478,169,0
SNxx24,SNta29,14,155,10478,169,0
SNta29,ORN_VC5,155,14,10478,169,0
SNta29,PhG4,155,14,10478,169,0
SNta29,SNpp06,155,14,10478,169,0
SNta29,BM_MaPa,155,14,10478,169,0
SNta29,PhG14,155,14,10478,169,0
SNta29,SNpp56,155,14,10478,169,0
SNta29,JO-B2,155,14,10478,169,0
SNta29,JO-B1_c,155,14,10478,169,0
BM_Taste,JO-CM,92,76,10479,168,0
SApp08,JO-ED2_a,112,56,10479,168,0
SApp08,SNpp39,112,56,10479,168,0
SApp08,SNch01,112,56,10479,168,0
JO-EV1,BM,84,84,10479,168,0
R7d,SNta29,13,155,10479,168,0
LgLG6,SNta29,13,155,10479,168,0
LgLG3,SNta21,65,103,10479,168,0
ORN_DM2,SNta29,13,155,10479,168,0
DNg20,SNta29,13,155,10479,168,0
SNta29,SNxx06,155,13,10479,168,0
SNta29,SNpp15,155,13,10479,168,0
SNta29,ORN_DA2,155,13,10479,168,0
SNta29,PhG16,155,13,10479,168,0
SNta29,SNpp18,155,13,10479,168,0
SNta29,LgAG8,155,13,10479,168,0
JO-EV3,JO-CM,91,76,10480,167,0
BM_Taste,SNpp30,92,75,10480,167,0
"SApp09,SApp22",R8d,164,3,10480,167,0
SApp08,JO-FV,112,55,10480,167,0
JO-ED2_b,SNta21,64,103,10480,167,0
SAxx02,SNxx33,51,116,10480,167,0
SNxx03,SNxx33,51,116,10480,167,0
ENS3,SNta29,12,155,10480,167,0
SNta21,SNpp45,103,64,10480,167,0
ORN_VM4,SNta29,12,155,10480,167,0
SNta29,ENS1,155,12,10480,167,0
SNta29,PhG13,155,12,10480,167,0
SNta29,ORN_DC2,155,12,10480,167,0
SNta29,SNpp37,155,12,10480,167,0
SNta29,ORN_VC4,155,12,10480,167,0
SNta29,b2 MN,155,12,10480,167,0
JO-EV3,SNpp30,91,75,10481,166,0
SApp08,JO-EV5,112,54,10481,166,0
SNxx23,SNxx33,50,116,10481,166,0
JO-EV1,SNta20,84,82,10481,166,0
R7y,SNta29,11,155,10481,166,0
R7p,SNta29,11,155,10481,166,0
BM,SNta20,84,82,10481,166,0
R8p,SNta29,11,155,10481,166,0
SNxx09,SNta29,11,155,10481,166,0
LgLG2,SNta29,11,155,10481,166,0
SApp19,SNxx33,50,116,10481,166,0
R8_unclear,SNta29,11,155,10481,166,0
SNxx04,SNxx33,50,116,10481,166,0
SNxx33,SNta04,116,50,10481,166,0
LB1a,SNta29,11,155,10481,166,0
SNta29,SNpp21,155,11,10481,166,0
SNta29,ORN_VM7v,155,11,10481,166,0
SNta29,ORN_DL1,155,11,10481,166,0
DNx02,SNpp19,68,97,10482,165,0
DNx02,"SApp06,SApp15",68,97,10482,165,0
SApp08,SNta30,112,53,10482,165,0
JO-EV6,SNta21,62,103,10482,165,0
R8y,SNta29,10,155,10482,165,0
"SNta11,SNta14",SNxx33,49,116,10482,165,0
HRN_VP1l,SNta29,10,155,10482,165,0
PhG6,SNta29,10,155,10482,165,0
SNta29,LN-DN1,155,10,10482,165,0
SNta29,ORN_DM4,155,10,10482,165,0
SNta29,ORN_DM6,155,10,10482,165,0
SNta29,ORN_VA3,155,10,10482,165,0
BM_Taste,SNpp40,92,72,10483,164,0
SApp08,SNta25,112,52,10483,164,0
LgLG8,SNta29,9,155,10483,164,0
SNta29,LB4a,155,9,10483,164,0
SNta29,PhG3,155,9,10483,164,0
SNta29,SApp21,155,9,10483,164,0
SNta29,LgAG6,155,9,10483,164,0
SNta29,tpn MN,155,9,10483,164,0
SNta29,JO-B4_a,155,9,10483,164,0
JO-EV3,BM_InOm,91,72,10484,163,0
JO-EV3,SNpp40,91,72,10484,163,0
SApp08,SAxx02,112,51,10484,163,0
SApp08,SNxx03,112,51,10484,163,0
JO-ED2_a,SNta37,56,107,10484,163,0
SNpp39,SNta37,56,107,10484,163,0
SNch01,SNta37,56,107,10484,163,0
LgLG5,SNta29,8,155,10484,163,0
SAxx01,SNxx33,47,116,10484,163,0
SNxx29,SNxx33,47,116,10484,163,0
SNxx33,SNta11,116,47,10484,163,0
SNxx33,SNpp51,116,47,10484,163,0
SNta29,HBeyelet,155,8,10484,163,0
SNta29,PhG1a,155,8,10484,163,0
SApp04,SNta37,56,107,10484,163,0
SApp08,SNxx23,112,50,10485,162,0
SApp08,SNxx04,112,50,10485,162,0
SApp08,SNta04,112,50,10485,162,0
SNpp19,LgLG3,97,65,10485,162,0
"SApp06,SApp15",LgLG3,97,65,10485,162,0
JO-FV,SNta37,55,107,10485,162,0
aPhM2a,SNxx33,46,116,10485,162,0
JO-mz,SNxx33,46,116,10485,162,0
SNta03,SNxx33,46,116,10485,162,0
SNta21,SNpp50,103,59,10485,162,0
SNta29,LgLG7,155,7,10485,162,0
SNta29,DNg83,155,7,10485,162,0
SNta29,ORN_DL3,155,7,10485,162,0
SNta29,ORN_DM3,155,7,10485,162,0
SApp08,"SNta11,SNta14",112,49,10486,161,0
SNpp19,JO-ED2_b,97,64,10486,161,0
JO-EV5,SNta37,54,107,10486,161,0
"SApp06,SApp15",JO-ED2_b,97,64,10486,161,0
"SApp06,SApp15",SNpp45,97,64,10486,161,0
JO-CM,SNta38,76,85,10486,161,0
JO-CM,SNpp52,76,85,10486,161,0
BM_Taste,DNx02,92,68,10487,160,0
BM,JO-CM,84,76,10487,160,0
SNxx20,SNxx33,44,116,10487,160,0
SNpp30,SNta38,75,85,10487,160,0
SNta29,ORN_DA3,155,5,10487,160,0
JO-EV3,DNx02,91,68,10488,159,0
SApp08,SAxx01,112,47,10488,159,0
SApp08,SNxx29,112,47,10488,159,0
SApp08,SNta11,112,47,10488,159,0
SApp08,SNpp51,112,47,10488,159,0
SNpp19,JO-EV6,97,62,10488,159,0
JO-EV1,SNpp30,84,75,10488,159,0
JO-ED2_a,SNta21,56,103,10488,159,0
"SApp06,SApp15",JO-EV6,97,62,10488,159,0
SNpp39,SNta21,56,103,10488,159,0
BM,SNpp30,84,75,10488,159,0
SNch01,SNta21,56,103,10488,159,0
SNxx33,"SNta02,SNta09",116,43,10488,159,0
SNta21,SApp04,103,56,10488,159,0
SApp08,aPhM2a,112,46,10489,158,0
SApp08,JO-mz,112,46,10489,158,0
SApp08,SNta03,112,46,10489,158,0
SApp08,SNta28,112,46,10489,158,0
JO-FV,SNta21,55,103,10489,158,0
JO-EV2,SNxx33,42,116,10489,158,0
JO-CM,SNta20,76,82,10489,158,0
SNxx33,SNpp32,116,42,10489,158,0
R8d,SNta29,3,155,10489,158,0
BM_Taste,LgLG3,92,65,10490,157,0
SNxx23,SNta37,50,107,10490,157,0
JO-EV5,SNta21,54,103,10490,157,0
BM_InOm,SNta38,72,85,10490,157,0
SNpp40,SNta38,72,85,10490,157,0
SNpp40,SNpp52,72,85,10490,157,0
SApp19,SNta37,50,107,10490,157,0
SNxx04,SNta37,50,107,10490,157,0
SNpp30,SNta20,75,82,10490,157,0
SNxx33,SNpp43,116,41,10490,157,0
JO-EV3,LgLG3,91,65,10491,156,0
TPMN1,SNxx33,40,116,10491,156,0
BM_Taste,JO-ED2_b,92,64,10491,156,0
BM_Taste,SNpp45,92,64,10491,156,0
SApp08,SNxx20,112,44,10491,156,0
SApp08,LgAG1,112,44,10491,156,0
SApp08,SNpp60,112,44,10491,156,0
SNpp19,SNpp50,97,59,10491,156,0
JO-EV1,BM_InOm,84,72,10491,156,0
JO-EV1,SNpp40,84,72,10491,156,0
"SApp06,SApp15",SNpp50,97,59,10491,156,0
BM,SNpp40,84,72,10491,156,0
SNxx15,SNxx33,40,116,10491,156,0
JO-EV3,SNpp45,91,64,10492,155,0
SApp08,"SNta02,SNta09",112,43,10492,155,0
LgLG1b,SNxx33,39,116,10492,155,0
JO-ED2_c,SNxx33,39,116,10492,155,0
SNpp47,SNxx33,39,116,10492,155,0
SNxx33,SNpp33,116,39,10492,155,0
BM_Taste,JO-EV6,92,62,10493,154,0
SApp08,JO-EV2,112,42,10493,154,0
SApp08,SNpp32,112,42,10493,154,0
SAxx02,SNta21,51,103,10493,154,0
BM_InOm,SNta20,72,82,10493,154,0
SNpp40,SNta20,72,82,10493,154,0
SAxx01,SNta37,47,107,10493,154,0
SNxx03,SNta21,51,103,10493,154,0
SNxx29,SNta37,47,107,10493,154,0
SNxx33,SNxx25,116,38,10493,154,0
JO-EV3,JO-EV6,91,62,10494,153,0
DNx02,SNta38,68,85,10494,153,0
DNx02,SNpp52,68,85,10494,153,0
SApp08,LgLG1a,112,41,10494,153,0
SApp08,SNpp43,112,41,10494,153,0
SNpp19,JO-ED2_a,97,56,10494,153,0
SNpp19,SNpp39,97,56,10494,153,0
SNpp19,SNch01,97,56,10494,153,0
SNxx23,SNta21,50,103,10494,153,0
JO-ED2_a,"SApp06,SApp15",56,97,10494,153,0
"SApp06,SApp15",SNpp39,97,56,10494,153,0
"SApp06,SApp15",SNch01,97,56,10494,153,0
aPhM2a,SNta37,46,107,10494,153,0
claw_tpGRN,SNxx33,37,116,10494,153,0
JO-mz,SNta37,46,107,10494,153,0
SApp19,SNta21,50,103,10494,153,0
SNta03,SNta37,46,107,10494,153,0
SNxx04,SNta21,50,103,10494,153,0
SNta21,SNta04,103,50,10494,153,0
TPMN1,SApp08,40,112,10495,152,0
DNx02,JO-EV1,68,84,10495,152,0
DNx02,BM,68,84,10495,152,0
SApp08,SNxx15,112,40,10495,152,0
SNpp19,JO-FV,97,55,10495,152,0
"SApp06,SApp15",JO-FV,97,55,10495,152,0
JO-A2,SNxx33,36,116,10495,152,0
SNpp16,SNxx33,36,116,10495,152,0
"SNta11,SNta14",SNta21,49,103,10495,152,0
SNxx33,SNxx14,116,36,10495,152,0
SNxx33,SNch10,116,36,10495,152,0
SNxx33,SNta18,116,36,10495,152,0
BM_Taste,SNpp50,92,59,10496,151,0
SApp08,LgLG1b,112,39,10496,151,0
SApp08,JO-ED2_c,112,39,10496,151,0
SApp08,SNpp47,112,39,10496,151,0
SApp08,SNpp33,112,39,10496,151,0
SNpp19,JO-EV5,97,54,10496,151,0
JO-EV5,"SApp06,SApp15",54,97,10496,151,0
SNxx20,SNta37,44,107,10496,151,0
JO-CM,SNpp30,76,75,10496,151,0
SNpp60,SNta37,44,107,10496,151,0
ORN_DP1m,SNxx33,35,116,10496,151,0
SNxx33,"SApp11,SApp18",116,35,10496,151,0
JO-EV3,SNpp50,91,59,10497,150,0
DNx02,SNta20,68,82,10497,150,0
SApp08,SNxx25,112,38,10497,150,0
SNpp19,SNta30,97,53,10497,150,0
"SApp06,SApp15",SNta30,97,53,10497,150,0
ORN_VL2a,SNxx33,34,116,10497,150,0
LgLG3,SNta38,65,85,10497,150,0
LgLG3,SNpp52,65,85,10497,150,0
ORN_DA1,SNxx33,34,116,10497,150,0
SAxx01,SNta21,47,103,10497,150,0
BM_Vib,SNxx33,34,116,10497,150,0
SNxx29,SNta21,47,103,10497,150,0
SNxx33,PhG1c,116,34,10497,150,0
SNta21,SNta11,103,47,10497,150,0
SNta21,SNpp51,103,47,10497,150,0
"SNta02,SNta09",SNta37,43,107,10497,150,0
SApp08,claw_tpGRN,112,37,10498,149,0
SNpp19,SNta25,97,52,10498,149,0
JO-EV1,LgLG3,84,65,10498,149,0
"SApp06,SApp15",SNta25,97,52,10498,149,0
BM,LgLG3,84,65,10498,149,0
JO-EV2,SNta37,42,107,10498,149,0
JO-ED2_b,SNta38,64,85,10498,149,0
JO-ED2_b,SNpp52,64,85,10498,149,0
WG3,SNxx33,33,116,10498,149,0
aPhM2a,SNta21,46,103,10498,149,0
JO-mz,SNta21,46,103,10498,149,0
SNta03,SNta21,46,103,10498,149,0
SNxx33,SNta31,116,33,10498,149,0
SNpp32,SNta37,42,107,10498,149,0
SNxx07,SNxx33,32,116,10499,148,0
BM_Taste,JO-ED2_a,92,56,10499,148,0
BM_Taste,SNpp39,92,56,10499,148,0
BM_Taste,SNch01,92,56,10499,148,0
BM_Taste,SApp04,92,56,10499,148,0
SApp08,JO-A2,112,36,10499,148,0
SApp08,SNpp16,112,36,10499,148,0
SApp08,SNxx14,112,36,10499,148,0
SApp08,SNch10,112,36,10499,148,0
SApp08,SNta18,112,36,10499,148,0
SNpp19,SAxx02,97,51,10499,148,0
SNpp19,SNxx03,97,51,10499,148,0
JO-EV1,JO-ED2_b,84,64,10499,148,0
JO-EV1,SNpp45,84,64,10499,148,0
"SApp06,SApp15",SAxx02,97,51,10499,148,0
"SApp06,SApp15",SNxx03,97,51,10499,148,0
aPhM3,SNxx33,32,116,10499,148,0
BM,JO-ED2_b,84,64,10499,148,0
BM,SNpp45,84,64,10499,148,0
JO-CM,BM_InOm,76,72,10499,148,0
JO-CM,SNpp40,76,72,10499,148,0
SNxx33,SApp14,116,32,10499,148,0
SNxx33,SNpp07,116,32,10499,148,0
SNpp43,SNta37,41,107,10499,148,0
JO-EV3,SNpp39,91,56,10500,147,0
JO-EV3,SNch01,91,56,10500,147,0
JO-EV3,SApp04,91,56,10500,147,0
TPMN1,SNta37,40,107,10500,147,0
BM_Taste,JO-FV,92,55,10500,147,0
SApp08,ORN_DP1m,112,35,10500,147,0
SNpp19,SNxx23,97,50,10500,147,0
SNpp19,SNxx04,97,50,10500,147,0
SNpp19,SNta04,97,50,10500,147,0
SNxx23,"SApp06,SApp15",50,97,10500,147,0
"SApp06,SApp15",SNxx04,97,50,10500,147,0
JO-EV6,SNta38,62,85,10500,147,0
JO-EV6,SNpp52,62,85,10500,147,0
SNxx20,SNta21,44,103,10500,147,0
LgAG1,SNta21,44,103,10500,147,0
HRN_VP4,SNxx33,31,116,10500,147,0
SNxx15,SNta37,40,107,10500,147,0
BM_InOm,SNpp30,72,75,10500,147,0
LgLG3,SNta20,65,82,10500,147,0
HRN_VP1d,SNxx33,31,116,10500,147,0
SNxx33,JO-ED1,116,31,10500,147,0
SNxx33,SApp13,116,31,10500,147,0
JO-EV3,JO-FV,91,55,10501,146,0
BM_Taste,JO-EV5,92,54,10501,146,0
SApp08,ORN_VL2a,112,34,10501,146,0
SApp08,ORN_DA1,112,34,10501,146,0
SApp08,BM_Vib,112,34,10501,146,0
SApp08,PhG1c,112,34,10501,146,0
SNpp19,"SNta11,SNta14",97,49,10501,146,0
"SApp06,SApp15","SNta11,SNta14",97,49,10501,146,0
JO-EV6,BM,62,84,10501,146,0
JO-ED2_b,SNta20,64,82,10501,146,0
SNpp23,SNxx33,30,116,10501,146,0
JO-ED2_c,SNta37,39,107,10501,146,0
SNpp47,SNta37,39,107,10501,146,0
JO-CL,SNxx33,30,116,10501,146,0
SNxx33,SNpp41,116,30,10501,146,0
SNta21,"SNta02,SNta09",103,43,10501,146,0
SNpp33,SNta37,39,107,10501,146,0
BM_Taste,SNta30,92,53,10502,145,0
SApp08,WG3,112,33,10502,145,0
SApp08,SNta31,112,33,10502,145,0
aPhM5,SNxx33,29,116,10502,145,0
JO-EV2,SNta21,42,103,10502,145,0
SNxx11,SNxx33,29,116,10502,145,0
ORN_DC4,SNxx33,29,116,10502,145,0
LB1c,SNxx33,29,116,10502,145,0
SNxx33,"SNpp29,SNpp63",116,29,10502,145,0
SNxx33,"SNta04,SNta11",116,29,10502,145,0
SNta21,SNpp32,103,42,10502,145,0
SNxx25,SNta37,38,107,10502,145,0
SNxx07,SApp08,32,112,10503,144,0
JO-EV3,SNta30,91,53,10503,144,0
BM_Taste,SNta25,92,52,10503,144,0
DNx02,JO-CM,68,76,10503,144,0
SApp08,aPhM3,112,32,10503,144,0
SNpp19,SAxx01,97,47,10503,144,0
SNpp19,SNxx29,97,47,10503,144,0
SNpp19,SNta11,97,47,10503,144,0
SNpp19,SNpp51,97,47,10503,144,0
"SApp06,SApp15",SAxx01,97,47,10503,144,0
"SApp06,SApp15",SNxx29,97,47,10503,144,0
"SApp06,SApp15",SNta11,97,47,10503,144,0
"SApp06,SApp15",SNpp51,97,47,10503,144,0
LgLG1a,SNta21,41,103,10503,144,0
JO-EV6,SNta20,62,82,10503,144,0
BM_InOm,SNpp40,72,72,10503,144,0
SNta14,SNxx33,28,116,10503,144,0
claw_tpGRN,SNta37,37,107,10503,144,0
ENS2,SNxx33,28,116,10503,144,0
ORN_DP1l,SNxx33,28,116,10503,144,0
SNxx33,ORN_VA6,116,28,10503,144,0
SNxx33,ENS4,116,28,10503,144,0
SNpp50,SNpp52,59,85,10503,144,0
JO-EV3,SNta25,91,52,10504,143,0
TPMN1,SNta21,40,103,10504,143,0
BM_Taste,SAxx02,92,51,10504,143,0
BM_Taste,SNxx03,92,51,10504,143,0
DNx02,SNpp30,68,75,10504,143,0
SApp08,HRN_VP4,112,31,10504,143,0
SApp08,HRN_VP1d,112,31,10504,143,0
SApp08,JO-ED1,112,31,10504,143,0
SNpp19,aPhM2a,97,46,10504,143,0
SNpp19,JO-mz,97,46,10504,143,0
SNpp19,SNta03,97,46,10504,143,0
SNpp19,SNta28,97,46,10504,143,0
JO-EV1,SNpp50,84,59,10504,143,0
"SApp06,SApp15",aPhM2a,97,46,10504,143,0
"SApp06,SApp15",JO-mz,97,46,10504,143,0
"SApp06,SApp15",SNta03,97,46,10504,143,0
"SApp06,SApp15",SNta28,97,46,10504,143,0
JO-A2,SNta37,36,107,10504,143,0
BM,SNpp50,84,59,10504,143,0
GNG643,SNxx33,27,116,10504,143,0
SNxx15,SNta21,40,103,10504,143,0
LB3d,SNxx33,27,116,10504,143,0
SNxx02,SNxx33,27,116,10504,143,0
SNpp16,SNta37,36,107,10504,143,0
BM_Hau,SNxx33,27,116,10504,143,0
JO-B4_b,SNxx33,27,116,10504,143,0
SApp23,SNxx33,27,116,10504,143,0
ORN_VL2p,SNxx33,27,116,10504,143,0
SNxx33,SNta33,116,27,10504,143,0
SNch10,SNta37,36,107,10504,143,0
SNta18,SNta37,36,107,10504,143,0
JO-EV3,SAxx02,91,51,10505,142,0
JO-EV3,SNxx03,91,51,10505,142,0
BM_Taste,SNxx23,92,50,10505,142,0
BM_Taste,SApp19,92,50,10505,142,0
BM_Taste,SNxx04,92,50,10505,142,0
BM_Taste,SNta04,92,50,10505,142,0
SApp08,SNpp23,112,30,10505,142,0
SApp08,JO-CL,112,30,10505,142,0
SApp08,SNpp41,112,30,10505,142,0
TPMN2,SNxx33,26,116,10505,142,0
LgLG1b,SNta21,39,103,10505,142,0
ORN_DP1m,SNta37,35,107,10505,142,0
ORN_DM1,SNxx33,26,116,10505,142,0
JO-ED2_c,SNta21,39,103,10505,142,0
SNpp47,SNta21,39,103,10505,142,0
SNxx33,SNpp10,116,26,10505,142,0
SNxx33,SApp01,116,26,10505,142,0
SNta21,SNpp33,103,39,10505,142,0
"SApp11,SApp18",SNta37,35,107,10505,142,0
JO-EV3,SNxx23,91,50,10506,141,0
JO-EV3,SApp19,91,50,10506,141,0
JO-EV3,SNxx04,91,50,10506,141,0
JO-EV3,SNta04,91,50,10506,141,0
BM_Taste,"SNta11,SNta14",92,49,10506,141,0
SApp08,aPhM5,112,29,10506,141,0
SApp08,SNxx11,112,29,10506,141,0
SApp08,ORN_DC4,112,29,10506,141,0
SApp08,LB1c,112,29,10506,141,0
SApp08,"SNpp29,SNpp63",112,29,10506,141,0
SApp08,"SNta04,SNta11",112,29,10506,141,0
SNpp19,SNxx20,97,44,10506,141,0
SNpp19,LgAG1,97,44,10506,141,0
SNpp19,SNpp60,97,44,10506,141,0
JO-ED2_a,SNta38,56,85,10506,141,0
JO-ED2_a,SNpp52,56,85,10506,141,0
"SApp06,SApp15",SNxx20,97,44,10506,141,0
"SApp06,SApp15",LgAG1,97,44,10506,141,0
"SApp06,SApp15",SNpp60,97,44,10506,141,0
SNpp39,SNta38,56,85,10506,141,0
JO-CM,LgLG3,76,65,10506,141,0
SNch01,SNta38,56,85,10506,141,0
SNch01,SNpp52,56,85,10506,141,0
ORN_VL2a,SNta37,34,107,10506,141,0
ORN_DA1,SNta37,34,107,10506,141,0
LB3c,SNxx33,25,116,10506,141,0
BM_Vib,SNta37,34,107,10506,141,0
SNxx33,SNxx26,116,25,10506,141,0
SNxx33,ORN_VA2,116,25,10506,141,0
PhG1c,SNta37,34,107,10506,141,0
SNta21,SNxx25,103,38,10506,141,0
SNta38,SApp04,85,56,10506,141,0
SNpp52,SApp04,85,56,10506,141,0
JO-EV3,"SNta11,SNta14",91,49,10507,140,0
DNx02,BM_InOm,68,72,10507,140,0
DNx02,SNpp40,68,72,10507,140,0
SApp08,SNta14,112,28,10507,140,0
SApp08,ENS2,112,28,10507,140,0
SApp08,ORN_DP1l,112,28,10507,140,0
SApp08,ORN_VA6,112,28,10507,140,0
SApp08,ENS4,112,28,10507,140,0
SApp08,SNta26,112,28,10507,140,0
SNpp19,"SNta02,SNta09",97,43,10507,140,0
JO-EV1,SNpp39,84,56,10507,140,0
JO-EV1,SNch01,84,56,10507,140,0
JO-EV1,SApp04,84,56,10507,140,0
JO-ED2_a,BM,56,84,10507,140,0
"SApp06,SApp15","SNta02,SNta09",97,43,10507,140,0
JO-FV,SNta38,55,85,10507,140,0
JO-FV,SNpp52,55,85,10507,140,0
SNpp39,BM,56,84,10507,140,0
BM,SNch01,84,56,10507,140,0
BM,SApp04,84,56,10507,140,0
JO-CM,JO-ED2_b,76,64,10507,140,0
JO-CM,SNpp45,76,64,10507,140,0
WG3,SNta37,33,107,10507,140,0
LgLG3,SNpp30,65,75,10507,140,0
claw_tpGRN,SNta21,37,103,10507,140,0
TRN_VP1m,SNxx33,24,116,10507,140,0
SNxx33,SNpp02,116,24,10507,140,0
SNta37,SNta31,107,33,10507,140,0
SNxx07,SNta37,32,107,10508,139,0
BM_Taste,SAxx01,92,47,10508,139,0
BM_Taste,SNxx29,92,47,10508,139,0
BM_Taste,SNta11,92,47,10508,139,0
BM_Taste,SNpp51,92,47,10508,139,0
SApp08,GNG643,112,27,10508,139,0
SApp08,LB3d,112,27,10508,139,0
SApp08,SNxx02,112,27,10508,139,0
SApp08,BM_Hau,112,27,10508,139,0
SApp08,JO-B4_b,112,27,10508,139,0
SApp08,SApp23,112,27,10508,139,0
SApp08,ORN_VL2p,112,27,10508,139,0
SApp08,SNta33,112,27,10508,139,0
SNpp19,JO-EV2,97,42,10508,139,0
SNpp19,SNpp32,97,42,10508,139,0
JO-EV1,JO-FV,84,55,10508,139,0
JO-EV5,SNta38,54,85,10508,139,0
JO-EV5,SNpp52,54,85,10508,139,0
"SApp06,SApp15",JO-EV2,97,42,10508,139,0
"SApp06,SApp15",SNpp32,97,42,10508,139,0
aPhM3,SNta37,32,107,10508,139,0
JO-A2,SNta21,36,103,10508,139,0
JO-ED2_b,SNpp30,64,75,10508,139,0
SNpp16,SNta21,36,103,10508,139,0
WG4,SNxx33,23,116,10508,139,0
SNxx33,ORN_D,116,23,10508,139,0
SNta21,SNxx14,103,36,10508,139,0
SNta21,SNch10,103,36,10508,139,0
SNta21,SNta18,103,36,10508,139,0
SApp14,SNta37,32,107,10508,139,0
SNpp07,SNta37,32,107,10508,139,0
JO-EV3,SAxx01,91,47,10509,138,0
JO-EV3,SNxx29,91,47,10509,138,0
JO-EV3,SNta11,91,47,10509,138,0
JO-EV3,SNpp51,91,47,10509,138,0
BM_Taste,JO-mz,92,46,10509,138,0
BM_Taste,SNta03,92,46,10509,138,0
BM_Taste,SNta28,92,46,10509,138,0
SApp08,TPMN2,112,26,10509,138,0
SApp08,ORN_DM1,112,26,10509,138,0
SApp08,SNpp10,112,26,10509,138,0
SNpp19,LgLG1a,97,41,10509,138,0
SNpp19,SNpp43,97,41,10509,138,0
JO-EV1,JO-EV5,84,54,10509,138,0
JO-EV5,BM,54,84,10509,138,0
JO-ED2_a,SNta20,56,82,10509,138,0
"SApp06,SApp15",LgLG1a,97,41,10509,138,0
"SApp06,SApp15",SNpp43,97,41,10509,138,0
SNch01,SNta20,56,82,10509,138,0
HRN_VP4,SNta37,31,107,10509,138,0
aPhM1,SNxx33,22,116,10509,138,0
BM_Vt_PoOc,SNxx33,22,116,10509,138,0
PhG9,SNxx33,22,116,10509,138,0
ORN_DP1m,SNta21,35,103,10509,138,0
HRN_VP1d,SNta37,31,107,10509,138,0
ORN_DC1,SNxx33,22,116,10509,138,0
SNxx33,SNpp62,116,22,10509,138,0
SNxx33,SNpp58,116,22,10509,138,0
SNxx33,SNxx19,116,22,10509,138,0
SNxx33,SNxx21,116,22,10509,138,0
SNxx33,JO-B3,116,22,10509,138,0
SNta21,"SApp11,SApp18",103,35,10509,138,0
JO-ED1,SNta37,31,107,10509,138,0
SApp04,SNta20,56,82,10509,138,0
SApp13,SNta37,31,107,10509,138,0
JO-EV3,aPhM2a,91,46,10510,137,0
JO-EV3,JO-mz,91,46,10510,137,0
JO-EV3,SNta03,91,46,10510,137,0
JO-EV3,SNta28,91,46,10510,137,0
TPMN1,SNpp19,40,97,10510,137,0
TPMN1,"SApp06,SApp15",40,97,10510,137,0
SApp08,LB3c,112,25,10510,137,0
SApp08,SNxx26,112,25,10510,137,0
SApp08,ORN_VA2,112,25,10510,137,0
SNpp19,SNxx15,97,40,10510,137,0
JO-EV1,SNta30,84,53,10510,137,0
"SApp06,SApp15",SNxx15,97,40,10510,137,0
JO-FV,SNta20,55,82,10510,137,0
JO-EV6,SNpp30,62,75,10510,137,0
BM,SNta30,84,53,10510,137,0
ORN_VL2a,SNta21,34,103,10510,137,0
BM_InOm,LgLG3,72,65,10510,137,0
LgLG3,SNpp40,65,72,10510,137,0
JO-A3,SNxx33,21,116,10510,137,0
ORN_DA1,SNta21,34,103,10510,137,0
SNpp23,SNta37,30,107,10510,137,0
ORN_VM6v,SNxx33,21,116,10510,137,0
BM_Vib,SNta21,34,103,10510,137,0
JO-CL,SNta37,30,107,10510,137,0
SNxx33,SNxx17,116,21,10510,137,0
SNxx33,ORN_DL2v,116,21,10510,137,0
PhG1c,SNta21,34,103,10510,137,0
SNpp41,SNta37,30,107,10510,137,0
SNpp52,SNta25,85,52,10510,137,0
SNxx08,SNxx33,20,116,10511,136,0
BM_Taste,SNxx20,92,44,10511,136,0
BM_Taste,LgAG1,92,44,10511,136,0
BM_Taste,SNpp60,92,44,10511,136,0
SApp08,TRN_VP1m,112,24,10511,136,0
SApp08,SNpp02,112,24,10511,136,0
SNpp19,LgLG1b,97,39,10511,136,0
SNpp19,JO-ED2_c,97,39,10511,136,0
SNpp19,SNpp47,97,39,10511,136,0
SNpp19,SNpp33,97,39,10511,136,0
aPhM5,SNta37,29,107,10511,136,0
JO-EV1,SNta25,84,52,10511,136,0
JO-EV5,SNta20,54,82,10511,136,0
"SApp06,SApp15",LgLG1b,97,39,10511,136,0
"SApp06,SApp15",JO-ED2_c,97,39,10511,136,0
"SApp06,SApp15",SNpp47,97,39,10511,136,0
"SApp06,SApp15",SNpp33,97,39,10511,136,0
BM,SNta25,84,52,10511,136,0
JO-ED2_b,BM_InOm,64,72,10511,136,0
JO-ED2_b,SNpp40,64,72,10511,136,0
WG3,SNta21,33,103,10511,136,0
SAxx02,SNta38,51,85,10511,136,0
BM_InOm,SNpp45,72,64,10511,136,0
GNG644,SNxx33,20,116,10511,136,0
SNpp40,SNpp45,72,64,10511,136,0
SNxx03,SNta38,51,85,10511,136,0
SNxx03,SNpp52,51,85,10511,136,0
SNxx11,SNta37,29,107,10511,136,0
ORN_DC4,SNta37,29,107,10511,136,0
LB1c,SNta37,29,107,10511,136,0
SNxx33,ORN_DL5,116,20,10511,136,0
SNxx33,WG2,116,20,10511,136,0
SNxx33,LgAG3,116,20,10511,136,0
SNxx33,PhG1b,116,20,10511,136,0
SNxx33,BM_vOcci_vPoOr,116,20,10511,136,0
SNxx33,LB1e,116,20,10511,136,0
SNxx33,SNxx30,116,20,10511,136,0
SNta21,SNta31,103,33,10511,136,0
"SNpp29,SNpp63",SNta37,29,107,10511,136,0
SNxx07,SNta21,32,103,10512,135,0
JO-EV3,SNxx20,91,44,10512,135,0
JO-EV3,LgAG1,91,44,10512,135,0
JO-EV3,SNpp60,91,44,10512,135,0
BM_Taste,"SNta02,SNta09",92,43,10512,135,0
SApp08,WG4,112,23,10512,135,0
SApp08,ORN_D,112,23,10512,135,0
SNpp19,SNxx25,97,38,10512,135,0
SNxx23,SNta38,50,85,10512,135,0
SNxx23,SNpp52,50,85,10512,135,0
JO-EV1,SAxx02,84,51,10512,135,0
JO-EV1,SNxx03,84,51,10512,135,0
"SApp06,SApp15",SNxx25,97,38,10512,135,0
aPhM3,SNta21,32,103,10512,135,0
aPhM4,SNxx33,19,116,10512,135,0
BM,SAxx02,84,51,10512,135,0
BM,SNxx03,84,51,10512,135,0
JO-CM,SNpp50,76,59,10512,135,0
SNta14,SNta37,28,107,10512,135,0
ENS2,SNta37,28,107,10512,135,0
ORN_DP1l,SNta37,28,107,10512,135,0
LB3a,SNxx33,19,116,10512,135,0
SApp19,SNta38,50,85,10512,135,0
SApp19,SNpp52,50,85,10512,135,0
SNxx04,SNta38,50,85,10512,135,0
SNxx04,SNpp52,50,85,10512,135,0
SNxx33,SNpp35,116,19,10512,135,0
SNxx33,LgAG5,116,19,10512,135,0
SNxx33,LgAG7,116,19,10512,135,0
SNxx33,ORN_DL2d,116,19,10512,135,0
SNxx33,JO-B1_a,116,19,10512,135,0
SNxx33,SNta13,116,19,10512,135,0
SNta21,SApp14,103,32,10512,135,0
SNta21,SNpp07,103,32,10512,135,0
SNta04,SNta38,50,85,10512,135,0
ORN_VA6,SNta37,28,107,10512,135,0
ENS4,SNta37,28,107,10512,135,0
JO-EV3,"SNta02,SNta09",91,43,10513,134,0
BM_Taste,JO-EV2,92,42,10513,134,0
BM_Taste,SNpp32,92,42,10513,134,0
SApp08,aPhM1,112,22,10513,134,0
SApp08,BM_Vt_PoOc,112,22,10513,134,0
SApp08,PhG9,112,22,10513,134,0
SApp08,ORN_DC1,112,22,10513,134,0
SApp08,SNpp62,112,22,10513,134,0
SApp08,SNpp58,112,22,10513,134,0
SApp08,SNxx19,112,22,10513,134,0
SApp08,SNxx21,112,22,10513,134,0
SApp08,JO-B3,112,22,10513,134,0
SNpp19,claw_tpGRN,97,37,10513,134,0
SNxx23,JO-EV1,50,84,10513,134,0
SNxx23,BM,50,84,10513,134,0
JO-EV1,SApp19,84,50,10513,134,0
JO-EV1,SNxx04,84,50,10513,134,0
JO-EV1,SNta04,84,50,10513,134,0
"SApp06,SApp15",claw_tpGRN,97,37,10513,134,0
JO-EV6,BM_InOm,62,72,10513,134,0
JO-EV6,SNpp40,62,72,10513,134,0
BM,SApp19,84,50,10513,134,0
GNG643,SNta37,27,107,10513,134,0
HRN_VP4,SNta21,31,103,10513,134,0
TRN_VP3a,SNxx33,18,116,10513,134,0
LB3d,SNta37,27,107,10513,134,0
SNxx02,SNta37,27,107,10513,134,0
BM_Hau,SNta37,27,107,10513,134,0
JO-B4_b,SNta37,27,107,10513,134,0
"SNta11,SNta14",SNta38,49,85,10513,134,0
HRN_VP1d,SNta21,31,103,10513,134,0
SApp23,SNta37,27,107,10513,134,0
TRN_VP2,SNxx33,18,116,10513,134,0
aPhM2b,SNxx33,18,116,10513,134,0
ORN_VL2p,SNta37,27,107,10513,134,0
SNpp30,SNpp50,75,59,10513,134,0
SNxx33,ORN_VC1,116,18,10513,134,0
SNxx33,ORN_VM7d,116,18,10513,134,0
SNxx33,LgAG2,116,18,10513,134,0
SNxx33,DNx01,116,18,10513,134,0
SNta21,JO-ED1,103,31,10513,134,0
SNta21,SApp13,103,31,10513,134,0
SNta37,SNta33,107,27,10513,134,0
JO-EV3,JO-EV2,91,42,10514,133,0
JO-EV3,SNpp32,91,42,10514,133,0
BM_Taste,LgLG1a,92,41,10514,133,0
BM_Taste,SNpp43,92,41,10514,133,0
DNx02,LgLG3,68,65,10514,133,0
SApp08,JO-A3,112,21,10514,133,0
SApp08,ORN_VM6v,112,21,10514,133,0
SApp08,SNxx17,112,21,10514,133,0
SApp08,ORN_DL2v,112,21,10514,133,0
SNpp19,JO-A2,97,36,10514,133,0
SNpp19,SNpp16,97,36,10514,133,0
SNpp19,SNxx14,97,36,10514,133,0
SNpp19,SNch10,97,36,10514,133,0
SNpp19,SNta18,97,36,10514,133,0
JO-EV1,"SNta11,SNta14",84,49,10514,133,0
TPMN2,SNta37,26,107,10514,133,0
"SApp06,SApp15",JO-A2,97,36,10514,133,0
"SApp06,SApp15",SNpp16,97,36,10514,133,0
"SApp06,SApp15",SNxx14,97,36,10514,133,0
"SApp06,SApp15",SNch10,97,36,10514,133,0
"SApp06,SApp15",SNta18,97,36,10514,133,0
LB3b,SNxx33,17,116,10514,133,0
SNpp23,SNta21,30,103,10514,133,0
ORN_DM1,SNta37,26,107,10514,133,0
SNxx03,SNta20,51,82,10514,133,0
JO-CL,SNta21,30,103,10514,133,0
SNxx33,ORN_VA1v,116,17,10514,133,0
SNxx33,JO-A1,116,17,10514,133,0
SNxx33,SNpp05,116,17,10514,133,0
SNxx33,SNxx28,116,17,10514,133,0
SNxx33,ORN_VM5v,116,17,10514,133,0
SNxx33,SNpp31,116,17,10514,133,0
SNxx33,SNpp17,116,17,10514,133,0
SNxx33,SNpp01,116,17,10514,133,0
SNpp41,SNta21,30,103,10514,133,0
SNpp10,SNta37,26,107,10514,133,0
SApp01,SNta37,26,107,10514,133,0
JO-EV3,LgLG1a,91,41,10515,132,0
JO-EV3,SNpp43,91,41,10515,132,0
SNxx08,SApp08,20,112,10515,132,0
BM_Taste,SNxx15,92,40,10515,132,0
DNx02,JO-ED2_b,68,64,10515,132,0
DNx02,SNpp45,68,64,10515,132,0
SApp08,GNG644,112,20,10515,132,0
SApp08,ORN_DL5,112,20,10515,132,0
SApp08,WG2,112,20,10515,132,0
SApp08,LgAG3,112,20,10515,132,0
SApp08,PhG1b,112,20,10515,132,0
SApp08,BM_vOcci_vPoOr,112,20,10515,132,0
SApp08,LB1e,112,20,10515,132,0
SApp08,SNxx30,112,20,10515,132,0
SNpp19,ORN_DP1m,97,35,10515,132,0
SNpp19,"SApp11,SApp18",97,35,10515,132,0
aPhM5,SNta21,29,103,10515,132,0
SNxx23,SNta20,50,82,10515,132,0
"SApp06,SApp15",ORN_DP1m,97,35,10515,132,0
SNpp39,JO-CM,56,76,10515,132,0
JO-CM,SNch01,76,56,10515,132,0
JO-CM,SApp04,76,56,10515,132,0
LB3c,SNta37,25,107,10515,132,0
SApp19,SNta20,50,82,10515,132,0
SNxx04,SNta20,50,82,10515,132,0
SAxx01,SNta38,47,85,10515,132,0
SAxx01,SNpp52,47,85,10515,132,0
SNxx29,SNta38,47,85,10515,132,0
SNxx29,SNpp52,47,85,10515,132,0
GNG642,SNxx33,16,116,10515,132,0
SNxx11,SNta21,29,103,10515,132,0
ORN_DC4,SNta21,29,103,10515,132,0
LB1c,SNta21,29,103,10515,132,0
SNxx33,ORN_V,116,16,10515,132,0
SNxx33,PhG10,116,16,10515,132,0
SNxx33,ORN_VL1,116,16,10515,132,0
SNxx33,LgLG4,116,16,10515,132,0
SNxx33,ORN_VM5d,116,16,10515,132,0
SNxx33,SNpp11,116,16,10515,132,0
SNxx33,ALBN1,116,16,10515,132,0
SNxx33,ENS5,116,16,10515,132,0
SNxx33,dorsal_tpGRN,116,16,10515,132,0
SNxx33,JO-CA2,116,16,10515,132,0
SNta21,"SNpp29,SNpp63",103,29,10515,132,0
SNta21,"SNta04,SNta11",103,29,10515,132,0
SNxx26,SNta37,25,107,10515,132,0
ORN_VA2,SNta37,25,107,10515,132,0
SNta38,SNta11,85,47,10515,132,0
JO-EV3,TPMN1,91,40,10516,131,0
JO-EV3,SNxx15,91,40,10516,131,0
BM_Taste,LgLG1b,92,39,10516,131,0
BM_Taste,JO-ED2_c,92,39,10516,131,0
BM_Taste,SNpp47,92,39,10516,131,0
BM_Taste,SNpp33,92,39,10516,131,0
R7_unclear,SNxx33,15,116,10516,131,0
SApp08,aPhM4,112,19,10516,131,0
SApp08,LB3a,112,19,10516,131,0
SApp08,LgAG5,112,19,10516,131,0
SApp08,LgAG7,112,19,10516,131,0
SApp08,ORN_DL2d,112,19,10516,131,0
SApp08,JO-B1_a,112,19,10516,131,0
SApp08,SNta13,112,19,10516,131,0
SNpp19,ORN_VL2a,97,34,10516,131,0
SNpp19,ORN_DA1,97,34,10516,131,0
SNpp19,BM_Vib,97,34,10516,131,0
SNpp19,PhG1c,97,34,10516,131,0
JO-EV1,SAxx01,84,47,10516,131,0
JO-EV1,SNxx29,84,47,10516,131,0
JO-EV1,SNta11,84,47,10516,131,0
JO-EV1,SNpp51,84,47,10516,131,0
JO-ED2_a,SNpp30,56,75,10516,131,0
"SApp06,SApp15",ORN_VL2a,97,34,10516,131,0
"SApp06,SApp15",ORN_DA1,97,34,10516,131,0
"SApp06,SApp15",BM_Vib,97,34,10516,131,0
"SApp06,SApp15",PhG1c,97,34,10516,131,0
JO-FV,JO-CM,55,76,10516,131,0
SNpp39,SNpp30,56,75,10516,131,0
BM,SAxx01,84,47,10516,131,0
BM,SNxx29,84,47,10516,131,0
BM,SNpp51,84,47,10516,131,0
SNch01,SNpp30,56,75,10516,131,0
aPhM2a,SNta38,46,85,10516,131,0
aPhM2a,SNpp52,46,85,10516,131,0
BM_InOm,SNpp50,72,59,10516,131,0
WG1,SNxx33,15,116,10516,131,0
SNta14,SNta21,28,103,10516,131,0
SNpp40,SNpp50,72,59,10516,131,0
ENS2,SNta21,28,103,10516,131,0
ORN_DP1l,SNta21,28,103,10516,131,0
TRN_VP1m,SNta37,24,107,10516,131,0
JO-mz,SNta38,46,85,10516,131,0
JO-mz,SNpp52,46,85,10516,131,0
SNta03,SNpp52,46,85,10516,131,0
LgAG9,SNxx33,15,116,10516,131,0
SNpp30,SApp04,75,56,10516,131,0
SNxx33,ORN_VA1d,116,15,10516,131,0
SNxx33,SNpp57,116,15,10516,131,0
SNxx33,LB1b,116,15,10516,131,0
SNxx33,SNpp12,116,15,10516,131,0
SNxx33,PhG8,116,15,10516,131,0
SNta21,ORN_VA6,103,28,10516,131,0
SNta21,ENS4,103,28,10516,131,0
SNta37,SNpp02,107,24,10516,131,0
JO-EV3,LgLG1b,91,39,10517,130,0
JO-EV3,JO-ED2_c,91,39,10517,130,0
JO-EV3,SNpp47,91,39,10517,130,0
JO-EV3,SNpp33,91,39,10517,130,0
BM_Taste,SNxx25,92,38,10517,130,0
DNx02,JO-EV6,68,62,10517,130,0
SApp08,TRN_VP3a,112,18,10517,130,0
SApp08,TRN_VP2,112,18,10517,130,0
SApp08,aPhM2b,112,18,10517,130,0
SApp08,ORN_VC1,112,18,10517,130,0
SApp08,ORN_VM7d,112,18,10517,130,0
SApp08,LgAG2,112,18,10517,130,0
SApp08,DNx01,112,18,10517,130,0
SNpp19,WG3,97,33,10517,130,0
SNpp19,SNta31,97,33,10517,130,0
JO-EV1,aPhM2a,84,46,10517,130,0
JO-EV1,JO-mz,84,46,10517,130,0
JO-EV1,SNta03,84,46,10517,130,0
JO-EV1,SNta28,84,46,10517,130,0
JO-EV5,JO-CM,54,76,10517,130,0
"SApp06,SApp15",WG3,97,33,10517,130,0
"SApp06,SApp15",SNta31,97,33,10517,130,0
JO-FV,SNpp30,55,75,10517,130,0
BM,aPhM2a,84,46,10517,130,0
BM,JO-mz,84,46,10517,130,0
BM,SNta03,84,46,10517,130,0
BM,SNta28,84,46,10517,130,0
GNG643,SNta21,27,103,10517,130,0
LB3d,SNta21,27,103,10517,130,0
SNxx02,SNta21,27,103,10517,130,0
BM_Hau,SNta21,27,103,10517,130,0
JO-B4_b,SNta21,27,103,10517,130,0
WG4,SNta37,23,107,10517,130,0
SApp23,SNta21,27,103,10517,130,0
GNG654,SNxx33,14,116,10517,130,0
ORN_VL2p,SNta21,27,103,10517,130,0
SNxx33,HRN_VP5,116,14,10517,130,0
SNxx33,LB4b,116,14,10517,130,0
SNxx33,SNxx24,116,14,10517,130,0
SNxx33,ORN_VC5,116,14,10517,130,0
SNxx33,PhG4,116,14,10517,130,0
SNxx33,SNpp06,116,14,10517,130,0
SNxx33,BM_MaPa,116,14,10517,130,0
SNxx33,PhG14,116,14,10517,130,0
SNxx33,SNpp56,116,14,10517,130,0
SNxx33,JO-B2,116,14,10517,130,0
SNxx33,JO-B1_c,116,14,10517,130,0
SNta21,SNta33,103,27,10517,130,0
ORN_D,SNta37,23,107,10517,130,0
SNxx07,SNpp19,32,97,10518,129,0
SNxx07,"SApp06,SApp15",32,97,10518,129,0
JO-EV3,SNxx25,91,38,10518,129,0
SApp08,LB3b,112,17,10518,129,0
SApp08,ORN_VA1v,112,17,10518,129,0
SApp08,JO-A1,112,17,10518,129,0
SApp08,SNpp05,112,17,10518,129,0
SApp08,SNxx28,112,17,10518,129,0
SApp08,ORN_VM5v,112,17,10518,129,0
SApp08,SNpp31,112,17,10518,129,0
SApp08,SNpp17,112,17,10518,129,0
SApp08,SNpp01,112,17,10518,129,0
SNpp19,aPhM3,97,32,10518,129,0
SNpp19,SApp14,97,32,10518,129,0
SNpp19,SNpp07,97,32,10518,129,0
JO-EV5,SNpp30,54,75,10518,129,0
TPMN2,SNta21,26,103,10518,129,0
"SApp06,SApp15",aPhM3,97,32,10518,129,0
R7d,SNxx33,13,116,10518,129,0
LgLG6,SNxx33,13,116,10518,129,0
SNxx20,SNta38,44,85,10518,129,0
SNxx20,SNpp52,44,85,10518,129,0
LgAG1,SNta38,44,85,10518,129,0
LgAG1,SNpp52,44,85,10518,129,0
JO-CM,SNta30,76,53,10518,129,0
JO-ED2_b,LgLG3,64,65,10518,129,0
aPhM1,SNta37,22,107,10518,129,0
BM_Vt_PoOc,SNta37,22,107,10518,129,0
LgLG3,SNpp45,65,64,10518,129,0
PhG9,SNta37,22,107,10518,129,0
SNpp60,SNta38,44,85,10518,129,0
SNpp60,SNpp52,44,85,10518,129,0
ORN_DM1,SNta21,26,103,10518,129,0
SAxx01,SNta20,47,82,10518,129,0
SNxx29,SNta20,47,82,10518,129,0
ORN_DC1,SNta37,22,107,10518,129,0
ORN_DM2,SNxx33,13,116,10518,129,0
SNxx33,DNg20,116,13,10518,129,0
SNxx33,SNxx06,116,13,10518,129,0
SNxx33,SNpp15,116,13,10518,129,0
SNxx33,ORN_DA2,116,13,10518,129,0
SNxx33,PhG16,116,13,10518,129,0
SNxx33,SNpp18,116,13,10518,129,0
SNxx33,LgAG8,116,13,10518,129,0
SNta21,SNpp10,103,26,10518,129,0
SNta21,SApp01,103,26,10518,129,0
SNpp62,SNta37,22,107,10518,129,0
SNpp58,SNta37,22,107,10518,129,0
SNxx19,SNta37,22,107,10518,129,0
SNxx21,SNta37,22,107,10518,129,0
SNta37,JO-B3,107,22,10518,129,0
JO-EV3,claw_tpGRN,91,37,10519,128,0
BM_Taste,JO-A2,92,36,10519,128,0
BM_Taste,SNpp16,92,36,10519,128,0
BM_Taste,SNxx14,92,36,10519,128,0
BM_Taste,SNch10,92,36,10519,128,0
BM_Taste,SNta18,92,36,10519,128,0
SApp08,GNG642,112,16,10519,128,0
SApp08,ORN_V,112,16,10519,128,0
SApp08,PhG10,112,16,10519,128,0
SApp08,ORN_VL1,112,16,10519,128,0
SApp08,LgLG4,112,16,10519,128,0
SApp08,ORN_VM5d,112,16,10519,128,0
SApp08,SNpp11,112,16,10519,128,0
SApp08,ALBN1,112,16,10519,128,0
SApp08,ENS5,112,16,10519,128,0
SApp08,dorsal_tpGRN,112,16,10519,128,0
SApp08,JO-CA2,112,16,10519,128,0
SNpp19,HRN_VP4,97,31,10519,128,0
SNpp19,HRN_VP1d,97,31,10519,128,0
SNpp19,JO-ED1,97,31,10519,128,0
JO-EV1,SNxx20,84,44,10519,128,0
JO-EV1,LgAG1,84,44,10519,128,0
JO-EV1,SNpp60,84,44,10519,128,0
JO-ED2_a,BM_InOm,56,72,10519,128,0
JO-ED2_a,SNpp40,56,72,10519,128,0
"SApp06,SApp15",HRN_VP4,97,31,10519,128,0
"SApp06,SApp15",HRN_VP1d,97,31,10519,128,0
"SApp06,SApp15",JO-ED1,97,31,10519,128,0
SNpp39,BM_InOm,56,72,10519,128,0
SNpp39,SNpp40,56,72,10519,128,0
BM,SNxx20,84,44,10519,128,0
BM,LgAG1,84,44,10519,128,0
BM,SNpp60,84,44,10519,128,0
JO-CM,SNta25,76,52,10519,128,0
SNch01,BM_InOm,56,72,10519,128,0
SNch01,SNpp40,56,72,10519,128,0
JO-ED2_b,SNpp45,64,64,10519,128,0
aPhM2a,SNta20,46,82,10519,128,0
BM_InOm,SApp04,72,56,10519,128,0
JO-A3,SNta37,21,107,10519,128,0
SNpp40,SApp04,72,56,10519,128,0
LB3c,SNta21,25,103,10519,128,0
ORN_VM6v,SNta37,21,107,10519,128,0
JO-mz,SNta20,46,82,10519,128,0
SNta03,SNta20,46,82,10519,128,0
SNpp30,SNta30,75,53,10519,128,0
SNxx33,ENS3,116,12,10519,128,0
SNxx33,ORN_VM4,116,12,10519,128,0
SNxx33,ENS1,116,12,10519,128,0
SNxx33,PhG13,116,12,10519,128,0
SNxx33,ORN_DC2,116,12,10519,128,0
SNxx33,SNpp37,116,12,10519,128,0
SNxx33,ORN_VC4,116,12,10519,128,0
SNxx33,b2 MN,116,12,10519,128,0
SNta21,SNxx26,103,25,10519,128,0
SNta21,ORN_VA2,103,25,10519,128,0
SNxx17,SNta37,21,107,10519,128,0
ORN_DL2v,SNta37,21,107,10519,128,0
SNta38,"SNta02,SNta09",85,43,10519,128,0
JO-EV3,JO-A2,91,36,10520,127,0
JO-EV3,SNpp16,91,36,10520,127,0
JO-EV3,SNxx14,91,36,10520,127,0
JO-EV3,SNch10,91,36,10520,127,0
JO-EV3,SNta18,91,36,10520,127,0
SNxx08,SNta37,20,107,10520,127,0
BM_Taste,ORN_DP1m,92,35,10520,127,0
BM_Taste,"SApp11,SApp18",92,35,10520,127,0
DNx02,SNpp50,68,59,10520,127,0
R7_unclear,SApp08,15,112,10520,127,0
SApp08,WG1,112,15,10520,127,0
SApp08,LgAG9,112,15,10520,127,0
SApp08,ORN_VA1d,112,15,10520,127,0
SApp08,SNpp57,112,15,10520,127,0
SApp08,LB1b,112,15,10520,127,0
SApp08,SNpp12,112,15,10520,127,0
SApp08,PhG8,112,15,10520,127,0
SNpp19,SNpp23,97,30,10520,127,0
SNpp19,JO-CL,97,30,10520,127,0
SNpp19,SNpp41,97,30,10520,127,0
JO-EV1,"SNta02,SNta09",84,43,10520,127,0
"SApp06,SApp15",SNpp23,97,30,10520,127,0
"SApp06,SApp15",JO-CL,97,30,10520,127,0
"SApp06,SApp15",SNpp41,97,30,10520,127,0
R7y,SNxx33,11,116,10520,127,0
R7p,SNxx33,11,116,10520,127,0
JO-FV,SNpp40,55,72,10520,127,0
JO-EV6,LgLG3,62,65,10520,127,0
JO-EV2,SNta38,42,85,10520,127,0
JO-EV2,SNpp52,42,85,10520,127,0
JO-CM,SAxx02,76,51,10520,127,0
JO-CM,SNxx03,76,51,10520,127,0
R8p,SNxx33,11,116,10520,127,0
SNxx09,SNxx33,11,116,10520,127,0
GNG644,SNta37,20,107,10520,127,0
LgLG2,SNxx33,11,116,10520,127,0
TRN_VP1m,SNta21,24,103,10520,127,0
R8_unclear,SNxx33,11,116,10520,127,0
SNpp30,SNta25,75,52,10520,127,0
SNxx33,LB1a,116,11,10520,127,0
SNxx33,SNpp21,116,11,10520,127,0
SNxx33,ORN_VM7v,116,11,10520,127,0
SNxx33,ORN_DL1,116,11,10520,127,0
ORN_DL5,SNta37,20,107,10520,127,0
SNta21,SNpp02,103,24,10520,127,0
WG2,SNta37,20,107,10520,127,0
LgAG3,SNta37,20,107,10520,127,0
PhG1b,SNta37,20,107,10520,127,0
BM_vOcci_vPoOr,SNta37,20,107,10520,127,0
LB1e,SNta37,20,107,10520,127,0
SNta38,SNpp32,85,42,10520,127,0
SNpp52,SNpp32,85,42,10520,127,0
SNxx30,SNta37,20,107,10520,127,0
JO-EV3,ORN_DP1m,91,35,10521,126,0
JO-EV3,"SApp11,SApp18",91,35,10521,126,0
BM_Taste,ORN_VL2a,92,34,10521,126,0
BM_Taste,ORN_DA1,92,34,10521,126,0
BM_Taste,PhG1c,92,34,10521,126,0
SApp08,GNG654,112,14,10521,126,0
SApp08,HRN_VP5,112,14,10521,126,0
SApp08,LB4b,112,14,10521,126,0
SApp08,SNxx24,112,14,10521,126,0
SApp08,ORN_VC5,112,14,10521,126,0
SApp08,PhG4,112,14,10521,126,0
SApp08,SNpp06,112,14,10521,126,0
SApp08,BM_MaPa,112,14,10521,126,0
SApp08,PhG14,112,14,10521,126,0
SApp08,SNpp56,112,14,10521,126,0
SApp08,JO-B2,112,14,10521,126,0
SApp08,JO-B1_c,112,14,10521,126,0
SNpp19,aPhM5,97,29,10521,126,0
SNpp19,SNxx11,97,29,10521,126,0
SNpp19,ORN_DC4,97,29,10521,126,0
SNpp19,LB1c,97,29,10521,126,0
SNpp19,"SNpp29,SNpp63",97,29,10521,126,0
SNpp19,"SNta04,SNta11",97,29,10521,126,0
aPhM5,"SApp06,SApp15",29,97,10521,126,0
SNxx23,JO-CM,50,76,10521,126,0
JO-EV1,JO-EV2,84,42,10521,126,0
JO-EV1,SNpp32,84,42,10521,126,0
JO-EV5,BM_InOm,54,72,10521,126,0
JO-EV5,SNpp40,54,72,10521,126,0
"SApp06,SApp15",SNxx11,97,29,10521,126,0
"SApp06,SApp15",ORN_DC4,97,29,10521,126,0
"SApp06,SApp15",LB1c,97,29,10521,126,0
"SApp06,SApp15","SNpp29,SNpp63",97,29,10521,126,0
LgLG1a,SNta38,41,85,10521,126,0
LgLG1a,SNpp52,41,85,10521,126,0
JO-EV6,JO-ED2_b,62,64,10521,126,0
JO-EV6,SNpp45,62,64,10521,126,0
aPhM4,SNta37,19,107,10521,126,0
BM,JO-EV2,84,42,10521,126,0
BM,SNpp32,84,42,10521,126,0
SNxx20,SNta20,44,82,10521,126,0
JO-CM,SApp19,76,50,10521,126,0
JO-CM,SNxx04,76,50,10521,126,0
JO-CM,SNta04,76,50,10521,126,0
SAxx02,SNpp30,51,75,10521,126,0
R8y,SNxx33,10,116,10521,126,0
LB3a,SNta37,19,107,10521,126,0
SNpp60,SNta20,44,82,10521,126,0
WG4,SNta21,23,103,10521,126,0
SNxx03,SNpp30,51,75,10521,126,0
SNxx33,HRN_VP1l,116,10,10521,126,0
SNxx33,PhG6,116,10,10521,126,0
SNxx33,LN-DN1,116,10,10521,126,0
SNxx33,ORN_DM4,116,10,10521,126,0
SNxx33,ORN_DM6,116,10,10521,126,0
SNxx33,ORN_VA3,116,10,10521,126,0
SNpp43,SNpp52,41,85,10521,126,0
SNta21,ORN_D,103,23,10521,126,0
SNpp35,SNta37,19,107,10521,126,0
LgAG5,SNta37,19,107,10521,126,0
LgAG7,SNta37,19,107,10521,126,0
ORN_DL2d,SNta37,19,107,10521,126,0
JO-B1_a,SNta37,19,107,10521,126,0
SNta37,SNta13,107,19,10521,126,0
JO-EV3,ORN_VL2a,91,34,10522,125,0
JO-EV3,ORN_DA1,91,34,10522,125,0
JO-EV3,BM_Vib,91,34,10522,125,0
JO-EV3,PhG1c,91,34,10522,125,0
TPMN1,SNta38,40,85,10522,125,0
TPMN1,SNpp52,40,85,10522,125,0
BM_Taste,WG3,92,33,10522,125,0
BM_Taste,SNta31,92,33,10522,125,0
SApp08,R7d,112,13,10522,125,0
SApp08,LgLG6,112,13,10522,125,0
SApp08,ORN_DM2,112,13,10522,125,0
SApp08,DNg20,112,13,10522,125,0
SApp08,SNxx06,112,13,10522,125,0
SApp08,SNpp15,112,13,10522,125,0
SApp08,ORN_DA2,112,13,10522,125,0
SApp08,PhG16,112,13,10522,125,0
SApp08,SNpp18,112,13,10522,125,0
SApp08,LgAG8,112,13,10522,125,0
SNpp19,SNta14,97,28,10522,125,0
SNpp19,ENS2,97,28,10522,125,0
SNpp19,ORN_DP1l,97,28,10522,125,0
SNpp19,ORN_VA6,97,28,10522,125,0
SNpp19,ENS4,97,28,10522,125,0
SNpp19,SNta26,97,28,10522,125,0
SNxx23,SNpp30,50,75,10522,125,0
JO-EV1,LgLG1a,84,41,10522,125,0
JO-EV1,SNpp43,84,41,10522,125,0
"SApp06,SApp15",SNta14,97,28,10522,125,0
"SApp06,SApp15",ENS2,97,28,10522,125,0
"SApp06,SApp15",ORN_DP1l,97,28,10522,125,0
"SApp06,SApp15",ORN_VA6,97,28,10522,125,0
"SApp06,SApp15",ENS4,97,28,10522,125,0
"SApp06,SApp15",SNta26,97,28,10522,125,0
LgLG1a,BM,41,84,10522,125,0
BM,SNpp43,84,41,10522,125,0
JO-CM,"SNta11,SNta14",76,49,10522,125,0
aPhM1,SNta21,22,103,10522,125,0
SNxx15,SNta38,40,85,10522,125,0
SNxx15,SNpp52,40,85,10522,125,0
BM_InOm,SNta30,72,53,10522,125,0
BM_Vt_PoOc,SNta21,22,103,10522,125,0
SNpp40,SNta30,72,53,10522,125,0
TRN_VP3a,SNta37,18,107,10522,125,0
LgLG8,SNxx33,9,116,10522,125,0
PhG9,SNta21,22,103,10522,125,0
SApp19,SNpp30,50,75,10522,125,0
SNxx04,SNpp30,50,75,10522,125,0
ORN_DC1,SNta21,22,103,10522,125,0
TRN_VP2,SNta37,18,107,10522,125,0
aPhM2b,SNta37,18,107,10522,125,0
SNxx33,LB4a,116,9,10522,125,0
SNxx33,PhG3,116,9,10522,125,0
SNxx33,SApp21,116,9,10522,125,0
SNxx33,LgAG6,116,9,10522,125,0
SNxx33,tpn MN,116,9,10522,125,0
SNxx33,JO-B4_a,116,9,10522,125,0
SNta21,SNpp62,103,22,10522,125,0
SNta21,SNpp58,103,22,10522,125,0
SNta21,SNxx19,103,22,10522,125,0
SNta21,SNxx21,103,22,10522,125,0
SNta21,JO-B3,103,22,10522,125,0
ORN_VC1,SNta37,18,107,10522,125,0
ORN_VM7d,SNta37,18,107,10522,125,0
"SNta02,SNta09",SNta20,43,82,10522,125,0
LgAG2,SNta37,18,107,10522,125,0
SNta37,DNx01,107,18,10522,125,0
SNxx07,BM_Taste,32,92,10523,124,0
JO-EV3,WG3,91,33,10523,124,0
JO-EV3,SNta31,91,33,10523,124,0
TPMN1,JO-EV1,40,84,10523,124,0
TPMN1,BM,40,84,10523,124,0
BM_Taste,aPhM3,92,32,10523,124,0
BM_Taste,SApp14,92,32,10523,124,0
BM_Taste,SNpp07,92,32,10523,124,0
DNx02,JO-ED2_a,68,56,10523,124,0
DNx02,SNpp39,68,56,10523,124,0
DNx02,SNch01,68,56,10523,124,0
DNx02,SApp04,68,56,10523,124,0
SApp08,ENS3,112,12,10523,124,0
SApp08,ORN_VM4,112,12,10523,124,0
SApp08,ENS1,112,12,10523,124,0
SApp08,PhG13,112,12,10523,124,0
SApp08,ORN_DC2,112,12,10523,124,0
SApp08,SNpp37,112,12,10523,124,0
SApp08,ORN_VC4,112,12,10523,124,0
SNpp19,GNG643,97,27,10523,124,0
SNpp19,LB3d,97,27,10523,124,0
SNpp19,SNxx02,97,27,10523,124,0
SNpp19,BM_Hau,97,27,10523,124,0
SNpp19,JO-B4_b,97,27,10523,124,0
SNpp19,SApp23,97,27,10523,124,0
SNpp19,ORN_VL2p,97,27,10523,124,0
SNpp19,SNta33,97,27,10523,124,0
JO-EV1,SNxx15,84,40,10523,124,0
"SApp06,SApp15",GNG643,97,27,10523,124,0
"SApp06,SApp15",LB3d,97,27,10523,124,0
"SApp06,SApp15",SNxx02,97,27,10523,124,0
"SApp06,SApp15",BM_Hau,97,27,10523,124,0
"SApp06,SApp15",JO-B4_b,97,27,10523,124,0
"SApp06,SApp15",SApp23,97,27,10523,124,0
"SApp06,SApp15",ORN_VL2p,97,27,10523,124,0
BM,SNxx15,84,40,10523,124,0
JO-EV2,SNta20,42,82,10523,124,0
LgLG1b,SNta38,39,85,10523,124,0
LB3b,SNta37,17,107,10523,124,0
BM_InOm,SNta25,72,52,10523,124,0
LgLG5,SNxx33,8,116,10523,124,0
LgLG3,SNpp50,65,59,10523,124,0
JO-A3,SNta21,21,103,10523,124,0
SNpp40,SNta25,72,52,10523,124,0
ORN_VM6v,SNta21,21,103,10523,124,0
JO-ED2_c,SNta38,39,85,10523,124,0
JO-ED2_c,SNpp52,39,85,10523,124,0
SNpp47,SNta38,39,85,10523,124,0
SNpp47,SNpp52,39,85,10523,124,0
SNxx33,HBeyelet,116,8,10523,124,0
SNxx33,PhG1a,116,8,10523,124,0
SNta21,SNxx17,103,21,10523,124,0
SNta21,ORN_DL2v,103,21,10523,124,0
ORN_VA1v,SNta37,17,107,10523,124,0
JO-A1,SNta37,17,107,10523,124,0
SNpp33,SNta38,39,85,10523,124,0
SNpp32,SNta20,42,82,10523,124,0
SNta37,SNpp05,107,17,10523,124,0
SNta37,SNxx28,107,17,10523,124,0
SNta37,ORN_VM5v,107,17,10523,124,0
SNta37,SNpp31,107,17,10523,124,0
SNta37,SNpp17,107,17,10523,124,0
SNta37,SNpp01,107,17,10523,124,0
SNxx07,JO-EV3,32,91,10524,123,0
JO-EV3,aPhM3,91,32,10524,123,0
JO-EV3,SApp14,91,32,10524,123,0
JO-EV3,SNpp07,91,32,10524,123,0
SNxx08,SNta21,20,103,10524,123,0
BM_Taste,HRN_VP4,92,31,10524,123,0
BM_Taste,HRN_VP1d,92,31,10524,123,0
BM_Taste,JO-ED1,92,31,10524,123,0
BM_Taste,SApp13,92,31,10524,123,0
DNx02,JO-FV,68,55,10524,123,0
SApp08,R7y,112,11,10524,123,0
SApp08,R7p,112,11,10524,123,0
SApp08,R8p,112,11,10524,123,0
SApp08,SNxx09,112,11,10524,123,0
SApp08,LgLG2,112,11,10524,123,0
SApp08,R8_unclear,112,11,10524,123,0
SApp08,LB1a,112,11,10524,123,0
SApp08,ORN_VM7v,112,11,10524,123,0
SApp08,ORN_DL1,112,11,10524,123,0
SNpp19,TPMN2,97,26,10524,123,0
SNpp19,ORN_DM1,97,26,10524,123,0
SNpp19,SNpp10,97,26,10524,123,0
SNpp19,SApp01,97,26,10524,123,0
JO-EV1,LgLG1b,84,39,10524,123,0
JO-EV1,JO-ED2_c,84,39,10524,123,0
JO-EV1,SNpp47,84,39,10524,123,0
JO-EV1,SNpp33,84,39,10524,123,0
TPMN2,"SApp06,SApp15",26,97,10524,123,0
"SApp06,SApp15",ORN_DM1,97,26,10524,123,0
"SApp06,SApp15",SNpp10,97,26,10524,123,0
BM,LgLG1b,84,39,10524,123,0
BM,JO-ED2_c,84,39,10524,123,0
BM,SNpp47,84,39,10524,123,0
BM,SNpp33,84,39,10524,123,0
JO-CM,SAxx01,76,47,10524,123,0
JO-CM,SNxx29,76,47,10524,123,0
JO-CM,SNta11,76,47,10524,123,0
JO-CM,SNpp51,76,47,10524,123,0
JO-ED2_b,SNpp50,64,59,10524,123,0
SAxx02,BM_InOm,51,72,10524,123,0
SAxx02,SNpp40,51,72,10524,123,0
BM_InOm,SNxx03,72,51,10524,123,0
GNG644,SNta21,20,103,10524,123,0
SNpp40,SNxx03,72,51,10524,123,0
GNG642,SNta37,16,107,10524,123,0
SNxx33,LgLG7,116,7,10524,123,0
SNxx33,DNg83,116,7,10524,123,0
SNxx33,ORN_DL3,116,7,10524,123,0
SNxx33,ORN_DM3,116,7,10524,123,0
ORN_DL5,SNta21,20,103,10524,123,0
SNpp43,SNta20,41,82,10524,123,0
SNta21,WG2,103,20,10524,123,0
SNta21,LgAG3,103,20,10524,123,0
SNta21,PhG1b,103,20,10524,123,0
SNta21,BM_vOcci_vPoOr,103,20,10524,123,0
SNta21,LB1e,103,20,10524,123,0
SNta21,SNxx30,103,20,10524,123,0
SNxx25,SNta38,38,85,10524,123,0
SNxx25,SNpp52,38,85,10524,123,0
ORN_V,SNta37,16,107,10524,123,0
PhG10,SNta37,16,107,10524,123,0
ORN_VL1,SNta37,16,107,10524,123,0
LgLG4,SNta37,16,107,10524,123,0
ORN_VM5d,SNta37,16,107,10524,123,0
SNta37,SNpp11,107,16,10524,123,0
SNta37,ALBN1,107,16,10524,123,0
SNta37,ENS5,107,16,10524,123,0
SNta37,dorsal_tpGRN,107,16,10524,123,0
SNta37,JO-CA2,107,16,10524,123,0
JO-EV3,HRN_VP4,91,31,10525,122,0
JO-EV3,HRN_VP1d,91,31,10525,122,0
JO-EV3,JO-ED1,91,31,10525,122,0
JO-EV3,SApp13,91,31,10525,122,0
TPMN1,SNta20,40,82,10525,122,0
BM_Taste,SNpp23,92,30,10525,122,0
BM_Taste,JO-CL,92,30,10525,122,0
BM_Taste,SNpp41,92,30,10525,122,0
DNx02,JO-EV5,68,54,10525,122,0
R7_unclear,SNta37,15,107,10525,122,0
SApp08,R8y,112,10,10525,122,0
SApp08,HRN_VP1l,112,10,10525,122,0
SApp08,PhG6,112,10,10525,122,0
SApp08,LN-DN1,112,10,10525,122,0
SApp08,ORN_DM4,112,10,10525,122,0
SApp08,ORN_DM6,112,10,10525,122,0
SApp08,ORN_VA3,112,10,10525,122,0
SNpp19,LB3c,97,25,10525,122,0
SNpp19,SNxx26,97,25,10525,122,0
SNpp19,ORN_VA2,97,25,10525,122,0
SNxx23,BM_InOm,50,72,10525,122,0
SNxx23,SNpp40,50,72,10525,122,0
JO-EV1,SNxx25,84,38,10525,122,0
"SApp06,SApp15",LB3c,97,25,10525,122,0
"SApp06,SApp15",SNxx26,97,25,10525,122,0
"SApp06,SApp15",ORN_VA2,97,25,10525,122,0
aPhM4,SNta21,19,103,10525,122,0
BM,SNxx25,84,38,10525,122,0
JO-CM,aPhM2a,76,46,10525,122,0
JO-CM,JO-mz,76,46,10525,122,0
JO-CM,SNta03,76,46,10525,122,0
JO-CM,SNta28,76,46,10525,122,0
SNxx15,SNta20,40,82,10525,122,0
BM_InOm,SApp19,72,50,10525,122,0
BM_InOm,SNxx04,72,50,10525,122,0
WG1,SNta37,15,107,10525,122,0
claw_tpGRN,SNta38,37,85,10525,122,0
claw_tpGRN,SNpp52,37,85,10525,122,0
SNpp40,SApp19,72,50,10525,122,0
SNpp40,SNxx04,72,50,10525,122,0
SNpp40,SNta04,72,50,10525,122,0
LB3a,SNta21,19,103,10525,122,0
SAxx01,SNpp30,47,75,10525,122,0
SNxx29,SNpp30,47,75,10525,122,0
LgAG9,SNta37,15,107,10525,122,0
SNpp30,SNta11,75,47,10525,122,0
SNpp30,SNpp51,75,47,10525,122,0
SNta21,SNpp35,103,19,10525,122,0
SNta21,LgAG5,103,19,10525,122,0
SNta21,LgAG7,103,19,10525,122,0
SNta21,ORN_DL2d,103,19,10525,122,0
SNta21,JO-B1_a,103,19,10525,122,0
SNta21,SNta13,103,19,10525,122,0
ORN_VA1d,SNta37,15,107,10525,122,0
SNpp57,SNta37,15,107,10525,122,0
LB1b,SNta37,15,107,10525,122,0
SNta37,SNpp12,107,15,10525,122,0
SNta37,PhG8,107,15,10525,122,0
JO-EV3,SNpp23,91,30,10526,121,0
JO-EV3,JO-CL,91,30,10526,121,0
JO-EV3,SNpp41,91,30,10526,121,0
BM_Taste,aPhM5,92,29,10526,121,0
BM_Taste,SNxx11,92,29,10526,121,0
BM_Taste,ORN_DC4,92,29,10526,121,0
BM_Taste,LB1c,92,29,10526,121,0
BM_Taste,"SNpp29,SNpp63",92,29,10526,121,0
BM_Taste,"SNta04,SNta11",92,29,10526,121,0
DNx02,SNta30,68,53,10526,121,0
SApp08,LgLG8,112,9,10526,121,0
SApp08,LB4a,112,9,10526,121,0
SApp08,PhG3,112,9,10526,121,0
SApp08,SApp21,112,9,10526,121,0
SApp08,LgAG6,112,9,10526,121,0
SApp08,tpn MN,112,9,10526,121,0
SApp08,JO-B4_a,112,9,10526,121,0
SNpp19,TRN_VP1m,97,24,10526,121,0
SNpp19,SNpp02,97,24,10526,121,0
JO-EV1,claw_tpGRN,84,37,10526,121,0
JO-ED2_a,LgLG3,56,65,10526,121,0
"SApp06,SApp15",TRN_VP1m,97,24,10526,121,0
"SApp06,SApp15",SNpp02,97,24,10526,121,0
SNpp39,LgLG3,56,65,10526,121,0
JO-A2,SNta38,36,85,10526,121,0
JO-A2,SNpp52,36,85,10526,121,0
JO-EV6,SNpp50,62,59,10526,121,0
BM,claw_tpGRN,84,37,10526,121,0
SNch01,LgLG3,56,65,10526,121,0
aPhM2a,SNpp30,46,75,10526,121,0
LgLG3,SApp04,65,56,10526,121,0
SNpp40,"SNta11,SNta14",72,49,10526,121,0
TRN_VP3a,SNta21,18,103,10526,121,0
SNpp16,SNta38,36,85,10526,121,0
SNpp16,SNpp52,36,85,10526,121,0
JO-mz,SNpp30,46,75,10526,121,0
SNta03,SNpp30,46,75,10526,121,0
JO-ED2_c,SNta20,39,82,10526,121,0
GNG654,SNta37,14,107,10526,121,0
SNpp47,SNta20,39,82,10526,121,0
TRN_VP2,SNta21,18,103,10526,121,0
aPhM2b,SNta21,18,103,10526,121,0
SNpp30,SNta28,75,46,10526,121,0
SNxx33,ORN_DA3,116,5,10526,121,0
SNta21,ORN_VC1,103,18,10526,121,0
SNta21,ORN_VM7d,103,18,10526,121,0
SNta21,LgAG2,103,18,10526,121,0
SNta21,DNx01,103,18,10526,121,0
SNxx14,SNta38,36,85,10526,121,0
SNxx14,SNpp52,36,85,10526,121,0
SNch10,SNta38,36,85,10526,121,0
SNch10,SNpp52,36,85,10526,121,0
HRN_VP5,SNta37,14,107,10526,121,0
LB4b,SNta37,14,107,10526,121,0
SNxx24,SNta37,14,107,10526,121,0
SNpp33,SNta20,39,82,10526,121,0
SNta18,SNta38,36,85,10526,121,0
SNta18,SNpp52,36,85,10526,121,0
ORN_VC5,SNta37,14,107,10526,121,0
PhG4,SNta37,14,107,10526,121,0
SNpp06,SNta37,14,107,10526,121,0
SNta37,BM_MaPa,107,14,10526,121,0
SNta37,PhG14,107,14,10526,121,0
SNta37,SNpp56,107,14,10526,121,0
SNta37,JO-B2,107,14,10526,121,0
SNta37,JO-B1_c,107,14,10526,121,0
JO-EV3,aPhM5,91,29,10527,120,0
JO-EV3,SNxx11,91,29,10527,120,0
JO-EV3,ORN_DC4,91,29,10527,120,0
JO-EV3,LB1c,91,29,10527,120,0
JO-EV3,"SNpp29,SNpp63",91,29,10527,120,0
JO-EV3,"SNta04,SNta11",91,29,10527,120,0
BM_Taste,SNta14,92,28,10527,120,0
BM_Taste,ENS2,92,28,10527,120,0
BM_Taste,ORN_DP1l,92,28,10527,120,0
BM_Taste,ORN_VA6,92,28,10527,120,0
BM_Taste,ENS4,92,28,10527,120,0
BM_Taste,SNta26,92,28,10527,120,0
DNx02,SNta25,68,52,10527,120,0
SApp08,LgLG5,112,8,10527,120,0
SApp08,HBeyelet,112,8,10527,120,0
SApp08,PhG1a,112,8,10527,120,0
SNpp19,WG4,97,23,10527,120,0
SNpp19,ORN_D,97,23,10527,120,0
JO-EV1,JO-A2,84,36,10527,120,0
JO-EV1,SNpp16,84,36,10527,120,0
JO-EV1,SNxx14,84,36,10527,120,0
JO-EV1,SNch10,84,36,10527,120,0
JO-EV1,SNta18,84,36,10527,120,0
JO-ED2_a,SNpp45,56,64,10527,120,0
"SApp06,SApp15",WG4,97,23,10527,120,0
"SApp06,SApp15",ORN_D,97,23,10527,120,0
JO-FV,LgLG3,55,65,10527,120,0
R7d,SNta37,13,107,10527,120,0
LgLG6,SNta37,13,107,10527,120,0
SNpp39,JO-ED2_b,56,64,10527,120,0
SNpp39,SNpp45,56,64,10527,120,0
JO-A2,BM,36,84,10527,120,0
BM,SNpp16,84,36,10527,120,0
BM,SNxx14,84,36,10527,120,0
BM,SNch10,84,36,10527,120,0
BM,SNta18,84,36,10527,120,0
SNxx20,JO-CM,44,76,10527,120,0
LgAG1,JO-CM,44,76,10527,120,0
JO-CM,SNpp60,76,44,10527,120,0
SNch01,JO-ED2_b,56,64,10527,120,0
SNch01,SNpp45,56,64,10527,120,0
JO-ED2_b,SApp04,64,56,10527,120,0
LB3b,SNta21,17,103,10527,120,0
ORN_DP1m,SNta38,35,85,10527,120,0
ORN_DP1m,SNpp52,35,85,10527,120,0
ORN_DM2,SNta37,13,107,10527,120,0
SNta21,ORN_VA1v,103,17,10527,120,0
SNta21,JO-A1,103,17,10527,120,0
SNta21,SNpp05,103,17,10527,120,0
SNta21,SNxx28,103,17,10527,120,0
SNta21,ORN_VM5v,103,17,10527,120,0
SNta21,SNpp31,103,17,10527,120,0
SNta21,SNpp17,103,17,10527,120,0
SNta21,SNpp01,103,17,10527,120,0
SNxx25,SNta20,38,82,10527,120,0
"SApp11,SApp18",SNta38,35,85,10527,120,0
"SApp11,SApp18",SNpp52,35,85,10527,120,0
SNpp45,SApp04,64,56,10527,120,0
DNg20,SNta37,13,107,10527,120,0
SNxx06,SNta37,13,107,10527,120,0
SNta37,SNpp15,107,13,10527,120,0
SNta37,ORN_DA2,107,13,10527,120,0
SNta37,PhG16,107,13,10527,120,0
SNta37,SNpp18,107,13,10527,120,0
SNta37,LgAG8,107,13,10527,120,0
JO-EV3,SNta14,91,28,10528,119,0
JO-EV3,ENS2,91,28,10528,119,0
JO-EV3,ORN_DP1l,91,28,10528,119,0
JO-EV3,ORN_VA6,91,28,10528,119,0
JO-EV3,ENS4,91,28,10528,119,0
JO-EV3,SNta26,91,28,10528,119,0
BM_Taste,SNxx02,92,27,10528,119,0
BM_Taste,JO-B4_b,92,27,10528,119,0
BM_Taste,SApp23,92,27,10528,119,0
BM_Taste,ORN_VL2p,92,27,10528,119,0
BM_Taste,SNta33,92,27,10528,119,0
DNx02,SAxx02,68,51,10528,119,0
DNx02,SNxx03,68,51,10528,119,0
SApp08,LgLG7,112,7,10528,119,0
SApp08,DNg83,112,7,10528,119,0
SApp08,ORN_DL3,112,7,10528,119,0
SApp08,ORN_DM3,112,7,10528,119,0
SNpp19,aPhM1,97,22,10528,119,0
SNpp19,BM_Vt_PoOc,97,22,10528,119,0
SNpp19,PhG9,97,22,10528,119,0
SNpp19,ORN_DC1,97,22,10528,119,0
SNpp19,SNpp62,97,22,10528,119,0
SNpp19,SNpp58,97,22,10528,119,0
SNpp19,SNxx19,97,22,10528,119,0
SNpp19,SNxx21,97,22,10528,119,0
SNpp19,JO-B3,97,22,10528,119,0
JO-EV1,ORN_DP1m,84,35,10528,119,0
JO-EV1,"SApp11,SApp18",84,35,10528,119,0
JO-EV5,LgLG3,54,65,10528,119,0
"SApp06,SApp15",aPhM1,97,22,10528,119,0
"SApp06,SApp15",BM_Vt_PoOc,97,22,10528,119,0
"SApp06,SApp15",PhG9,97,22,10528,119,0
"SApp06,SApp15",ORN_DC1,97,22,10528,119,0
"SApp06,SApp15",SNpp62,97,22,10528,119,0
"SApp06,SApp15",SNpp58,97,22,10528,119,0
"SApp06,SApp15",SNxx19,97,22,10528,119,0
"SApp06,SApp15",SNxx21,97,22,10528,119,0
"SApp06,SApp15",JO-B3,97,22,10528,119,0
JO-FV,JO-ED2_b,55,64,10528,119,0
JO-FV,SNpp45,55,64,10528,119,0
BM,ORN_DP1m,84,35,10528,119,0
BM,"SApp11,SApp18",84,35,10528,119,0
SNxx20,SNpp30,44,75,10528,119,0
LgAG1,SNpp30,44,75,10528,119,0
JO-CM,"SNta02,SNta09",76,43,10528,119,0
ORN_VL2a,SNta38,34,85,10528,119,0
ORN_VL2a,SNpp52,34,85,10528,119,0
BM_InOm,SAxx01,72,47,10528,119,0
BM_InOm,SNxx29,72,47,10528,119,0
BM_InOm,SNpp51,72,47,10528,119,0
ORN_DA1,SNta38,34,85,10528,119,0
ORN_DA1,SNpp52,34,85,10528,119,0
claw_tpGRN,SNta20,37,82,10528,119,0
SNpp40,SAxx01,72,47,10528,119,0
SNpp40,SNxx29,72,47,10528,119,0
SNpp40,SNta11,72,47,10528,119,0
SNpp40,SNpp51,72,47,10528,119,0
SNpp60,SNpp30,44,75,10528,119,0
BM_Vib,SNta38,34,85,10528,119,0
BM_Vib,SNpp52,34,85,10528,119,0
GNG642,SNta21,16,103,10528,119,0
SNxx33,R8d,116,3,10528,119,0
ENS3,SNta37,12,107,10528,119,0
PhG1c,SNta38,34,85,10528,119,0
PhG1c,SNpp52,34,85,10528,119,0
SNta21,ORN_V,103,16,10528,119,0
SNta21,PhG10,103,16,10528,119,0
SNta21,ORN_VL1,103,16,10528,119,0
SNta21,LgLG4,103,16,10528,119,0
SNta21,ORN_VM5d,103,16,10528,119,0
SNta21,SNpp11,103,16,10528,119,0
SNta21,ALBN1,103,16,10528,119,0
SNta21,ENS5,103,16,10528,119,0
SNta21,dorsal_tpGRN,103,16,10528,119,0
SNta21,JO-CA2,103,16,10528,119,0
ORN_VM4,SNta37,12,107,10528,119,0
ENS1,SNta37,12,107,10528,119,0
PhG13,SNta37,12,107,10528,119,0
ORN_DC2,SNta37,12,107,10528,119,0
SNta37,SNpp37,107,12,10528,119,0
SNta37,ORN_VC4,107,12,10528,119,0
SNta37,b2 MN,107,12,10528,119,0
JO-EV3,GNG643,91,27,10529,118,0
JO-EV3,LB3d,91,27,10529,118,0
JO-EV3,SNxx02,91,27,10529,118,0
JO-EV3,BM_Hau,91,27,10529,118,0
JO-EV3,JO-B4_b,91,27,10529,118,0
JO-EV3,SApp23,91,27,10529,118,0
JO-EV3,ORN_VL2p,91,27,10529,118,0
JO-EV3,SNta33,91,27,10529,118,0
BM_Taste,TPMN2,92,26,10529,118,0
BM_Taste,ORN_DM1,92,26,10529,118,0
BM_Taste,SNpp10,92,26,10529,118,0
BM_Taste,SApp01,92,26,10529,118,0
DNx02,SNxx23,68,50,10529,118,0
DNx02,SApp19,68,50,10529,118,0
DNx02,SNxx04,68,50,10529,118,0
DNx02,SNta04,68,50,10529,118,0
R7_unclear,SNta21,15,103,10529,118,0
SNpp19,JO-A3,97,21,10529,118,0
SNpp19,ORN_VM6v,97,21,10529,118,0
SNpp19,SNxx17,97,21,10529,118,0
SNpp19,ORN_DL2v,97,21,10529,118,0
JO-EV1,ORN_VL2a,84,34,10529,118,0
JO-EV1,ORN_DA1,84,34,10529,118,0
JO-EV1,BM_Vib,84,34,10529,118,0
JO-EV1,PhG1c,84,34,10529,118,0
JO-EV5,SNpp45,54,64,10529,118,0
"SApp06,SApp15",JO-A3,97,21,10529,118,0
"SApp06,SApp15",ORN_VM6v,97,21,10529,118,0
"SApp06,SApp15",SNxx17,97,21,10529,118,0
"SApp06,SApp15",ORN_DL2v,97,21,10529,118,0
R7y,SNta37,11,107,10529,118,0
R7p,SNta37,11,107,10529,118,0
SNpp39,JO-EV6,56,62,10529,118,0
JO-A2,SNta20,36,82,10529,118,0
JO-EV6,SNch01,62,56,10529,118,0
JO-EV6,SApp04,62,56,10529,118,0
BM,ORN_VL2a,84,34,10529,118,0
BM,ORN_DA1,84,34,10529,118,0
BM,PhG1c,84,34,10529,118,0
JO-EV2,JO-CM,42,76,10529,118,0
JO-CM,SNpp32,76,42,10529,118,0
WG3,SNta38,33,85,10529,118,0
WG3,SNpp52,33,85,10529,118,0
R8p,SNta37,11,107,10529,118,0
SNxx09,SNta37,11,107,10529,118,0
aPhM2a,BM_InOm,46,72,10529,118,0
aPhM2a,SNpp40,46,72,10529,118,0
BM_InOm,JO-mz,72,46,10529,118,0
BM_InOm,SNta03,72,46,10529,118,0
BM_InOm,SNta28,72,46,10529,118,0
LgLG3,SNta30,65,53,10529,118,0
WG1,SNta21,15,103,10529,118,0
SNpp40,JO-mz,72,46,10529,118,0
SNpp40,SNta03,72,46,10529,118,0
SNpp40,SNta28,72,46,10529,118,0
LgLG2,SNta37,11,107,10529,118,0
SNpp16,SNta20,36,82,10529,118,0
R8_unclear,SNta37,11,107,10529,118,0
LgAG9,SNta21,15,103,10529,118,0
SNta21,ORN_VA1d,103,15,10529,118,0
SNta21,SNpp57,103,15,10529,118,0
SNta21,LB1b,103,15,10529,118,0
SNta21,SNpp12,103,15,10529,118,0
SNta21,PhG8,103,15,10529,118,0
SNxx14,SNta20,36,82,10529,118,0
SNch10,SNta20,36,82,10529,118,0
LB1a,SNta37,11,107,10529,118,0
SNta18,SNta20,36,82,10529,118,0
SNta38,SNta31,85,33,10529,118,0
SNpp21,SNta37,11,107,10529,118,0
ORN_VM7v,SNta37,11,107,10529,118,0
SNta37,ORN_DL1,107,11,10529,118,0
SNxx07,SNta38,32,85,10530,117,0
SNxx07,SNpp52,32,85,10530,117,0
JO-EV3,TPMN2,91,26,10530,117,0
JO-EV3,ORN_DM1,91,26,10530,117,0
JO-EV3,SNpp10,91,26,10530,117,0
JO-EV3,SApp01,91,26,10530,117,0
SNxx08,SNpp19,20,97,10530,117,0
SNxx08,"SApp06,SApp15",20,97,10530,117,0
BM_Taste,LB3c,92,25,10530,117,0
BM_Taste,SNxx26,92,25,10530,117,0
BM_Taste,ORN_VA2,92,25,10530,117,0
DNx02,"SNta11,SNta14",68,49,10530,117,0
SApp08,ORN_DA3,112,5,10530,117,0
SNpp19,GNG644,97,20,10530,117,0
SNpp19,ORN_DL5,97,20,10530,117,0
SNpp19,WG2,97,20,10530,117,0
SNpp19,LgAG3,97,20,10530,117,0
SNpp19,PhG1b,97,20,10530,117,0
SNpp19,BM_vOcci_vPoOr,97,20,10530,117,0
SNpp19,LB1e,97,20,10530,117,0
SNpp19,SNxx30,97,20,10530,117,0
JO-EV1,WG3,84,33,10530,117,0
JO-EV1,SNta31,84,33,10530,117,0
"SApp06,SApp15",GNG644,97,20,10530,117,0
"SApp06,SApp15",ORN_DL5,97,20,10530,117,0
"SApp06,SApp15",WG2,97,20,10530,117,0
"SApp06,SApp15",LgAG3,97,20,10530,117,0
"SApp06,SApp15",PhG1b,97,20,10530,117,0
"SApp06,SApp15",BM_vOcci_vPoOr,97,20,10530,117,0
"SApp06,SApp15",LB1e,97,20,10530,117,0
"SApp06,SApp15",SNxx30,97,20,10530,117,0
JO-FV,JO-EV6,55,62,10530,117,0
LgLG1a,JO-CM,41,76,10530,117,0
aPhM3,SNta38,32,85,10530,117,0
aPhM3,SNpp52,32,85,10530,117,0
BM,WG3,84,33,10530,117,0
BM,SNta31,84,33,10530,117,0
JO-EV2,SNpp30,42,75,10530,117,0
JO-CM,SNpp43,76,41,10530,117,0
JO-ED2_b,SNta30,64,53,10530,117,0
R8y,SNta37,10,107,10530,117,0
LgLG3,SNta25,65,52,10530,117,0
ORN_DP1m,SNta20,35,82,10530,117,0
GNG654,SNta21,14,103,10530,117,0
SNta21,HRN_VP5,103,14,10530,117,0
SNta21,LB4b,103,14,10530,117,0
SNta21,SNxx24,103,14,10530,117,0
SNta21,ORN_VC5,103,14,10530,117,0
SNta21,PhG4,103,14,10530,117,0
SNta21,SNpp06,103,14,10530,117,0
SNta21,BM_MaPa,103,14,10530,117,0
SNta21,PhG14,103,14,10530,117,0
SNta21,SNpp56,103,14,10530,117,0
SNta21,JO-B2,103,14,10530,117,0
SNta21,JO-B1_c,103,14,10530,117,0
"SApp11,SApp18",SNta20,35,82,10530,117,0
HRN_VP1l,SNta37,10,107,10530,117,0
PhG6,SNta37,10,107,10530,117,0
SNta38,SApp14,85,32,10530,117,0
SNta38,SNpp07,85,32,10530,117,0
SNpp52,SApp14,85,32,10530,117,0
SNpp52,SNpp07,85,32,10530,117,0
SNta37,LN-DN1,107,10,10530,117,0
SNta37,ORN_DM4,107,10,10530,117,0
SNta37,ORN_DM6,107,10,10530,117,0
SNta37,ORN_VA3,107,10,10530,117,0
SNxx07,JO-EV1,32,84,10531,116,0
SNxx07,BM,32,84,10531,116,0
JO-EV3,LB3c,91,25,10531,116,0
JO-EV3,SNxx26,91,25,10531,116,0
JO-EV3,ORN_VA2,91,25,10531,116,0
TPMN1,JO-CM,40,76,10531,116,0
BM_Taste,TRN_VP1m,92,24,10531,116,0
BM_Taste,SNpp02,92,24,10531,116,0
SNpp19,aPhM4,97,19,10531,116,0
SNpp19,LB3a,97,19,10531,116,0
SNpp19,LgAG5,97,19,10531,116,0
SNpp19,LgAG7,97,19,10531,116,0
SNpp19,ORN_DL2d,97,19,10531,116,0
SNpp19,JO-B1_a,97,19,10531,116,0
SNpp19,SNta13,97,19,10531,116,0
JO-EV1,aPhM3,84,32,10531,116,0
JO-EV1,SApp14,84,32,10531,116,0
JO-EV1,SNpp07,84,32,10531,116,0
JO-EV5,JO-EV6,54,62,10531,116,0
"SApp06,SApp15",aPhM4,97,19,10531,116,0
"SApp06,SApp15",LB3a,97,19,10531,116,0
"SApp06,SApp15",LgAG5,97,19,10531,116,0
"SApp06,SApp15",LgAG7,97,19,10531,116,0
"SApp06,SApp15",ORN_DL2d,97,19,10531,116,0
"SApp06,SApp15",JO-B1_a,97,19,10531,116,0
"SApp06,SApp15",SNta13,97,19,10531,116,0
R7d,SNta21,13,103,10531,116,0
LgLG6,SNta21,13,103,10531,116,0
LgLG1a,SNpp30,41,75,10531,116,0
aPhM3,BM,32,84,10531,116,0
BM,SApp14,84,32,10531,116,0
BM,SNpp07,84,32,10531,116,0
SNxx20,BM_InOm,44,72,10531,116,0
SNxx20,SNpp40,44,72,10531,116,0
LgAG1,BM_InOm,44,72,10531,116,0
LgAG1,SNpp40,44,72,10531,116,0
JO-CM,SNxx15,76,40,10531,116,0
HRN_VP4,SNta38,31,85,10531,116,0
HRN_VP4,SNpp52,31,85,10531,116,0
JO-ED2_b,SNta25,64,52,10531,116,0
ORN_VL2a,SNta20,34,82,10531,116,0
SAxx02,LgLG3,51,65,10531,116,0
BM_InOm,SNpp60,72,44,10531,116,0
LgLG3,SNxx03,65,51,10531,116,0
ORN_DA1,SNta20,34,82,10531,116,0
SNpp40,SNpp60,72,44,10531,116,0
LgLG8,SNta37,9,107,10531,116,0
BM_Vib,SNta20,34,82,10531,116,0
HRN_VP1d,SNta38,31,85,10531,116,0
HRN_VP1d,SNpp52,31,85,10531,116,0
ORN_DM2,SNta21,13,103,10531,116,0
PhG1c,SNta20,34,82,10531,116,0
SNta21,DNg20,103,13,10531,116,0
SNta21,SNxx06,103,13,10531,116,0
SNta21,SNpp15,103,13,10531,116,0
SNta21,ORN_DA2,103,13,10531,116,0
SNta21,PhG16,103,13,10531,116,0
SNta21,SNpp18,103,13,10531,116,0
SNta21,LgAG8,103,13,10531,116,0
JO-ED1,SNta38,31,85,10531,116,0
JO-ED1,SNpp52,31,85,10531,116,0
SNta38,SApp13,85,31,10531,116,0
SNpp52,SApp13,85,31,10531,116,0
SNta37,LB4a,107,9,10531,116,0
SNta37,PhG3,107,9,10531,116,0
SNta37,SApp21,107,9,10531,116,0
SNta37,LgAG6,107,9,10531,116,0
SNta37,tpn MN,107,9,10531,116,0
SNta37,JO-B4_a,107,9,10531,116,0
JO-EV3,TRN_VP1m,91,24,10532,115,0
JO-EV3,SNpp02,91,24,10532,115,0
TPMN1,SNpp30,40,75,10532,115,0
BM_Taste,WG4,92,23,10532,115,0
BM_Taste,ORN_D,92,23,10532,115,0
DNx02,SAxx01,68,47,10532,115,0
DNx02,SNxx29,68,47,10532,115,0
DNx02,SNta11,68,47,10532,115,0
DNx02,SNpp51,68,47,10532,115,0
SApp08,R8d,112,3,10532,115,0
SNpp19,TRN_VP3a,97,18,10532,115,0
SNpp19,TRN_VP2,97,18,10532,115,0
SNpp19,aPhM2b,97,18,10532,115,0
SNpp19,ORN_VC1,97,18,10532,115,0
SNpp19,ORN_VM7d,97,18,10532,115,0
SNpp19,LgAG2,97,18,10532,115,0
SNpp19,DNx01,97,18,10532,115,0
SNxx23,LgLG3,50,65,10532,115,0
JO-EV1,HRN_VP4,84,31,10532,115,0
JO-EV1,HRN_VP1d,84,31,10532,115,0
JO-EV1,JO-ED1,84,31,10532,115,0
JO-EV1,SApp13,84,31,10532,115,0
JO-ED2_a,SNpp50,56,59,10532,115,0
"SApp06,SApp15",TRN_VP3a,97,18,10532,115,0
"SApp06,SApp15",TRN_VP2,97,18,10532,115,0
"SApp06,SApp15",aPhM2b,97,18,10532,115,0
"SApp06,SApp15",ORN_VC1,97,18,10532,115,0
"SApp06,SApp15",ORN_VM7d,97,18,10532,115,0
"SApp06,SApp15",LgAG2,97,18,10532,115,0
"SApp06,SApp15",DNx01,97,18,10532,115,0
JO-EV6,SNta30,62,53,10532,115,0
BM,HRN_VP4,84,31,10532,115,0
BM,HRN_VP1d,84,31,10532,115,0
BM,JO-ED1,84,31,10532,115,0
BM,SApp13,84,31,10532,115,0
JO-CM,LgLG1b,76,39,10532,115,0
JO-CM,JO-ED2_c,76,39,10532,115,0
JO-CM,SNpp47,76,39,10532,115,0
JO-CM,SNpp33,76,39,10532,115,0
SNch01,SNpp50,56,59,10532,115,0
JO-ED2_b,SAxx02,64,51,10532,115,0
JO-ED2_b,SNxx03,64,51,10532,115,0
WG3,SNta20,33,82,10532,115,0
SNxx15,SNpp30,40,75,10532,115,0
LgLG5,SNta37,8,107,10532,115,0
LgLG3,SApp19,65,50,10532,115,0
LgLG3,SNxx04,65,50,10532,115,0
LgLG3,SNta04,65,50,10532,115,0
SNpp23,SNta38,30,85,10532,115,0
SNpp23,SNpp52,30,85,10532,115,0
SNpp40,"SNta02,SNta09",72,43,10532,115,0
SNxx03,SNpp45,51,64,10532,115,0
JO-CL,SNta38,30,85,10532,115,0
JO-CL,SNpp52,30,85,10532,115,0
ENS3,SNta21,12,103,10532,115,0
SNpp41,SNta38,30,85,10532,115,0
SNpp41,SNpp52,30,85,10532,115,0
SNta21,ORN_VM4,103,12,10532,115,0
SNta21,ENS1,103,12,10532,115,0
SNta21,PhG13,103,12,10532,115,0
SNta21,ORN_DC2,103,12,10532,115,0
SNta21,SNpp37,103,12,10532,115,0
SNta21,ORN_VC4,103,12,10532,115,0
SNta21,b2 MN,103,12,10532,115,0
SNpp50,SApp04,59,56,10532,115,0
HBeyelet,SNta37,8,107,10532,115,0
SNta37,PhG1a,107,8,10532,115,0
SNta31,SNta20,33,82,10532,115,0
SNxx07,SNta20,32,82,10533,114,0
JO-EV3,WG4,91,23,10533,114,0
JO-EV3,ORN_D,91,23,10533,114,0
BM_Taste,aPhM1,92,22,10533,114,0
BM_Taste,BM_Vt_PoOc,92,22,10533,114,0
BM_Taste,PhG9,92,22,10533,114,0
BM_Taste,ORN_DC1,92,22,10533,114,0
BM_Taste,SNpp62,92,22,10533,114,0
BM_Taste,SNpp58,92,22,10533,114,0
BM_Taste,SNxx19,92,22,10533,114,0
BM_Taste,SNxx21,92,22,10533,114,0
BM_Taste,JO-B3,92,22,10533,114,0
DNx02,aPhM2a,68,46,10533,114,0
DNx02,JO-mz,68,46,10533,114,0
DNx02,SNta03,68,46,10533,114,0
DNx02,SNta28,68,46,10533,114,0
SNpp19,LB3b,97,17,10533,114,0
SNpp19,ORN_VA1v,97,17,10533,114,0
SNpp19,JO-A1,97,17,10533,114,0
SNpp19,SNpp05,97,17,10533,114,0
SNpp19,SNxx28,97,17,10533,114,0
SNpp19,ORN_VM5v,97,17,10533,114,0
SNpp19,SNpp31,97,17,10533,114,0
SNpp19,SNpp17,97,17,10533,114,0
SNpp19,SNpp01,97,17,10533,114,0
aPhM5,SNta38,29,85,10533,114,0
aPhM5,SNpp52,29,85,10533,114,0
SNxx23,JO-ED2_b,50,64,10533,114,0
SNxx23,SNpp45,50,64,10533,114,0
JO-EV1,SNpp23,84,30,10533,114,0
JO-EV1,JO-CL,84,30,10533,114,0
JO-EV1,SNpp41,84,30,10533,114,0
"SApp06,SApp15",LB3b,97,17,10533,114,0
"SApp06,SApp15",ORN_VA1v,97,17,10533,114,0
"SApp06,SApp15",JO-A1,97,17,10533,114,0
"SApp06,SApp15",SNpp05,97,17,10533,114,0
"SApp06,SApp15",SNxx28,97,17,10533,114,0
"SApp06,SApp15",ORN_VM5v,97,17,10533,114,0
"SApp06,SApp15",SNpp31,97,17,10533,114,0
"SApp06,SApp15",SNpp17,97,17,10533,114,0
"SApp06,SApp15",SNpp01,97,17,10533,114,0
R7y,SNta21,11,103,10533,114,0
R7p,SNta21,11,103,10533,114,0
JO-FV,SNpp50,55,59,10533,114,0
aPhM3,SNta20,32,82,10533,114,0
JO-EV6,SNta25,62,52,10533,114,0
BM,SNpp23,84,30,10533,114,0
BM,JO-CL,84,30,10533,114,0
BM,SNpp41,84,30,10533,114,0
JO-EV2,BM_InOm,42,72,10533,114,0
JO-EV2,SNpp40,42,72,10533,114,0
JO-CM,SNxx25,76,38,10533,114,0
LgLG1b,SNpp30,39,75,10533,114,0
JO-ED2_b,SApp19,64,50,10533,114,0
JO-ED2_b,SNxx04,64,50,10533,114,0
JO-ED2_b,SNta04,64,50,10533,114,0
R8p,SNta21,11,103,10533,114,0
SNxx09,SNta21,11,103,10533,114,0
BM_InOm,SNpp32,72,42,10533,114,0
LgLG3,"SNta11,SNta14",65,49,10533,114,0
SNpp40,SNpp32,72,42,10533,114,0
LgLG2,SNta21,11,103,10533,114,0
SApp19,SNpp45,50,64,10533,114,0
R8_unclear,SNta21,11,103,10533,114,0
SNxx04,SNpp45,50,64,10533,114,0
JO-ED2_c,SNpp30,39,75,10533,114,0
SNxx11,SNta38,29,85,10533,114,0
SNxx11,SNpp52,29,85,10533,114,0
ORN_DC4,SNta38,29,85,10533,114,0
ORN_DC4,SNpp52,29,85,10533,114,0
SNpp47,SNpp30,39,75,10533,114,0
LB1c,SNta38,29,85,10533,114,0
LB1c,SNpp52,29,85,10533,114,0
SNta21,LB1a,103,11,10533,114,0
SNta21,SNpp21,103,11,10533,114,0
SNta21,ORN_VM7v,103,11,10533,114,0
SNta21,ORN_DL1,103,11,10533,114,0
SNta04,SNpp45,50,64,10533,114,0
"SNpp29,SNpp63",SNta38,29,85,10533,114,0
"SNpp29,SNpp63",SNpp52,29,85,10533,114,0
SNta38,"SNta04,SNta11",85,29,10533,114,0
SApp14,SNta20,32,82,10533,114,0
LgLG7,SNta37,7,107,10533,114,0
SNpp07,SNta20,32,82,10533,114,0
DNg83,SNta37,7,107,10533,114,0
SNta37,ORN_DL3,107,7,10533,114,0
SNta37,ORN_DM3,107,7,10533,114,0
JO-EV3,aPhM1,91,22,10534,113,0
JO-EV3,BM_Vt_PoOc,91,22,10534,113,0
JO-EV3,PhG9,91,22,10534,113,0
JO-EV3,ORN_DC1,91,22,10534,113,0
JO-EV3,SNpp62,91,22,10534,113,0
JO-EV3,SNpp58,91,22,10534,113,0
JO-EV3,SNxx19,91,22,10534,113,0
JO-EV3,SNxx21,91,22,10534,113,0
JO-EV3,JO-B3,91,22,10534,113,0
BM_Taste,JO-A3,92,21,10534,113,0
BM_Taste,ORN_VM6v,92,21,10534,113,0
BM_Taste,SNxx17,92,21,10534,113,0
BM_Taste,ORN_DL2v,92,21,10534,113,0
SNpp19,GNG642,97,16,10534,113,0
SNpp19,ORN_V,97,16,10534,113,0
SNpp19,PhG10,97,16,10534,113,0
SNpp19,ORN_VL1,97,16,10534,113,0
SNpp19,LgLG4,97,16,10534,113,0
SNpp19,ORN_VM5d,97,16,10534,113,0
SNpp19,SNpp11,97,16,10534,113,0
SNpp19,ALBN1,97,16,10534,113,0
SNpp19,ENS5,97,16,10534,113,0
SNpp19,dorsal_tpGRN,97,16,10534,113,0
SNpp19,JO-CA2,97,16,10534,113,0
aPhM5,JO-EV1,29,84,10534,113,0
aPhM5,BM,29,84,10534,113,0
JO-EV1,SNxx11,84,29,10534,113,0
JO-EV1,ORN_DC4,84,29,10534,113,0
JO-EV1,LB1c,84,29,10534,113,0
JO-EV1,"SNpp29,SNpp63",84,29,10534,113,0
JO-EV1,"SNta04,SNta11",84,29,10534,113,0
JO-EV5,SNpp50,54,59,10534,113,0
"SApp06,SApp15",GNG642,97,16,10534,113,0
"SApp06,SApp15",ORN_V,97,16,10534,113,0
"SApp06,SApp15",PhG10,97,16,10534,113,0
"SApp06,SApp15",ORN_VL1,97,16,10534,113,0
"SApp06,SApp15",LgLG4,97,16,10534,113,0
"SApp06,SApp15",ORN_VM5d,97,16,10534,113,0
"SApp06,SApp15",SNpp11,97,16,10534,113,0
"SApp06,SApp15",ALBN1,97,16,10534,113,0
"SApp06,SApp15",ENS5,97,16,10534,113,0
"SApp06,SApp15",dorsal_tpGRN,97,16,10534,113,0
"SApp06,SApp15",JO-CA2,97,16,10534,113,0
LgLG1a,BM_InOm,41,72,10534,113,0
LgLG1a,SNpp40,41,72,10534,113,0
JO-EV6,SAxx02,62,51,10534,113,0
JO-EV6,SNxx03,62,51,10534,113,0
BM,SNxx11,84,29,10534,113,0
BM,ORN_DC4,84,29,10534,113,0
BM,LB1c,84,29,10534,113,0
BM,"SNpp29,SNpp63",84,29,10534,113,0
JO-CM,claw_tpGRN,76,37,10534,113,0
HRN_VP4,SNta20,31,82,10534,113,0
JO-ED2_b,"SNta11,SNta14",64,49,10534,113,0
BM_InOm,SNpp43,72,41,10534,113,0
R8y,SNta21,10,103,10534,113,0
SNta14,SNta38,28,85,10534,113,0
SNpp40,SNpp43,72,41,10534,113,0
ENS2,SNta38,28,85,10534,113,0
ENS2,SNpp52,28,85,10534,113,0
ORN_DP1l,SNta38,28,85,10534,113,0
ORN_DP1l,SNpp52,28,85,10534,113,0
"SNta11,SNta14",SNpp45,49,64,10534,113,0
HRN_VP1d,SNta20,31,82,10534,113,0
SNpp30,SNxx25,75,38,10534,113,0
SNta21,HRN_VP1l,103,10,10534,113,0
SNta21,PhG6,103,10,10534,113,0
SNta21,LN-DN1,103,10,10534,113,0
SNta21,ORN_DM4,103,10,10534,113,0
SNta21,ORN_DM6,103,10,10534,113,0
SNta21,ORN_VA3,103,10,10534,113,0
JO-ED1,SNta20,31,82,10534,113,0
ORN_VA6,SNta38,28,85,10534,113,0
ORN_VA6,SNpp52,28,85,10534,113,0
SNta38,ENS4,85,28,10534,113,0
SNpp52,ENS4,85,28,10534,113,0
SNpp52,SNta26,85,28,10534,113,0
SApp13,SNta20,31,82,10534,113,0
JO-EV3,JO-A3,91,21,10535,112,0
JO-EV3,ORN_VM6v,91,21,10535,112,0
JO-EV3,SNxx17,91,21,10535,112,0
JO-EV3,ORN_DL2v,91,21,10535,112,0
SNxx08,BM_Taste,20,92,10535,112,0
TPMN1,BM_InOm,40,72,10535,112,0
TPMN1,SNpp40,40,72,10535,112,0
BM_Taste,GNG644,92,20,10535,112,0
BM_Taste,ORN_DL5,92,20,10535,112,0
BM_Taste,WG2,92,20,10535,112,0
BM_Taste,LgAG3,92,20,10535,112,0
BM_Taste,PhG1b,92,20,10535,112,0
BM_Taste,LB1e,92,20,10535,112,0
BM_Taste,SNxx30,92,20,10535,112,0
DNx02,SNxx20,68,44,10535,112,0
DNx02,LgAG1,68,44,10535,112,0
DNx02,SNpp60,68,44,10535,112,0
R7_unclear,SNpp19,15,97,10535,112,0
R7_unclear,"SApp06,SApp15",15,97,10535,112,0
SNpp19,WG1,97,15,10535,112,0
SNpp19,LgAG9,97,15,10535,112,0
SNpp19,ORN_VA1d,97,15,10535,112,0
SNpp19,SNpp57,97,15,10535,112,0
SNpp19,LB1b,97,15,10535,112,0
SNpp19,SNpp12,97,15,10535,112,0
SNpp19,PhG8,97,15,10535,112,0
SNxx23,JO-EV6,50,62,10535,112,0
JO-EV1,SNta14,84,28,10535,112,0
JO-EV1,ENS2,84,28,10535,112,0
JO-EV1,ORN_DP1l,84,28,10535,112,0
JO-EV1,ORN_VA6,84,28,10535,112,0
JO-EV1,ENS4,84,28,10535,112,0
JO-EV1,SNta26,84,28,10535,112,0
JO-ED2_a,SNpp39,56,56,10535,112,0
JO-ED2_a,SNch01,56,56,10535,112,0
JO-ED2_a,SApp04,56,56,10535,112,0
"SApp06,SApp15",WG1,97,15,10535,112,0
"SApp06,SApp15",LgAG9,97,15,10535,112,0
"SApp06,SApp15",ORN_VA1d,97,15,10535,112,0
"SApp06,SApp15",SNpp57,97,15,10535,112,0
"SApp06,SApp15",LB1b,97,15,10535,112,0
"SApp06,SApp15",SNpp12,97,15,10535,112,0
"SApp06,SApp15",PhG8,97,15,10535,112,0
SNpp39,SNch01,56,56,10535,112,0
SNpp39,SApp04,56,56,10535,112,0
JO-A2,JO-CM,36,76,10535,112,0
JO-EV6,SApp19,62,50,10535,112,0
JO-EV6,SNxx04,62,50,10535,112,0
JO-EV6,SNta04,62,50,10535,112,0
BM,ENS2,84,28,10535,112,0
BM,ORN_DP1l,84,28,10535,112,0
BM,ORN_VA6,84,28,10535,112,0
BM,ENS4,84,28,10535,112,0
BM,SNta26,84,28,10535,112,0
JO-CM,SNpp16,76,36,10535,112,0
JO-CM,SNxx14,76,36,10535,112,0
JO-CM,SNch10,76,36,10535,112,0
JO-CM,SNta18,76,36,10535,112,0
GNG643,SNta38,27,85,10535,112,0
GNG643,SNpp52,27,85,10535,112,0
SNch01,SApp04,56,56,10535,112,0
SNxx15,BM_InOm,40,72,10535,112,0
SNxx15,SNpp40,40,72,10535,112,0
LgLG3,SAxx01,65,47,10535,112,0
LgLG3,SNxx29,65,47,10535,112,0
LgLG3,SNta11,65,47,10535,112,0
LgLG3,SNpp51,65,47,10535,112,0
SNpp23,SNta20,30,82,10535,112,0
claw_tpGRN,SNpp30,37,75,10535,112,0
LB3d,SNta38,27,85,10535,112,0
LB3d,SNpp52,27,85,10535,112,0
SNxx02,SNta38,27,85,10535,112,0
SNxx02,SNpp52,27,85,10535,112,0
LgLG8,SNta21,9,103,10535,112,0
BM_Hau,SNta38,27,85,10535,112,0
BM_Hau,SNpp52,27,85,10535,112,0
JO-B4_b,SNta38,27,85,10535,112,0
JO-B4_b,SNpp52,27,85,10535,112,0
SApp23,SNta38,27,85,10535,112,0
SApp23,SNpp52,27,85,10535,112,0
JO-CL,SNta20,30,82,10535,112,0
ORN_VL2p,SNta38,27,85,10535,112,0
ORN_VL2p,SNpp52,27,85,10535,112,0
SNpp41,SNta20,30,82,10535,112,0
SNta21,LB4a,103,9,10535,112,0
SNta21,PhG3,103,9,10535,112,0
SNta21,SApp21,103,9,10535,112,0
SNta21,LgAG6,103,9,10535,112,0
SNta21,tpn MN,103,9,10535,112,0
SNta21,JO-B4_a,103,9,10535,112,0
SNta38,SNta33,85,27,10535,112,0
SNta37,ORN_DA3,107,5,10535,112,0
JO-EV3,SNxx08,91,20,10536,111,0
JO-EV3,GNG644,91,20,10536,111,0
JO-EV3,ORN_DL5,91,20,10536,111,0
JO-EV3,WG2,91,20,10536,111,0
JO-EV3,LgAG3,91,20,10536,111,0
JO-EV3,PhG1b,91,20,10536,111,0
JO-EV3,BM_vOcci_vPoOr,91,20,10536,111,0
JO-EV3,LB1e,91,20,10536,111,0
JO-EV3,SNxx30,91,20,10536,111,0
BM_Taste,aPhM4,92,19,10536,111,0
BM_Taste,LB3a,92,19,10536,111,0
BM_Taste,SNpp35,92,19,10536,111,0
BM_Taste,LgAG5,92,19,10536,111,0
BM_Taste,LgAG7,92,19,10536,111,0
BM_Taste,ORN_DL2d,92,19,10536,111,0
BM_Taste,JO-B1_a,92,19,10536,111,0
BM_Taste,SNta13,92,19,10536,111,0
DNx02,"SNta02,SNta09",68,43,10536,111,0
SNpp19,GNG654,97,14,10536,111,0
SNpp19,HRN_VP5,97,14,10536,111,0
SNpp19,LB4b,97,14,10536,111,0
SNpp19,SNxx24,97,14,10536,111,0
SNpp19,ORN_VC5,97,14,10536,111,0
SNpp19,PhG4,97,14,10536,111,0
SNpp19,SNpp06,97,14,10536,111,0
SNpp19,BM_MaPa,97,14,10536,111,0
SNpp19,PhG14,97,14,10536,111,0
SNpp19,SNpp56,97,14,10536,111,0
SNpp19,JO-B2,97,14,10536,111,0
SNpp19,JO-B1_c,97,14,10536,111,0
aPhM5,SNta20,29,82,10536,111,0
JO-EV1,GNG643,84,27,10536,111,0
JO-EV1,LB3d,84,27,10536,111,0
JO-EV1,SNxx02,84,27,10536,111,0
JO-EV1,BM_Hau,84,27,10536,111,0
JO-EV1,JO-B4_b,84,27,10536,111,0
JO-EV1,SApp23,84,27,10536,111,0
JO-EV1,ORN_VL2p,84,27,10536,111,0
JO-EV1,SNta33,84,27,10536,111,0
JO-ED2_a,JO-FV,56,55,10536,111,0
TPMN2,SNta38,26,85,10536,111,0
TPMN2,SNpp52,26,85,10536,111,0
"SApp06,SApp15",GNG654,97,14,10536,111,0
"SApp06,SApp15",HRN_VP5,97,14,10536,111,0
"SApp06,SApp15",LB4b,97,14,10536,111,0
"SApp06,SApp15",SNxx24,97,14,10536,111,0
"SApp06,SApp15",ORN_VC5,97,14,10536,111,0
"SApp06,SApp15",PhG4,97,14,10536,111,0
"SApp06,SApp15",SNpp06,97,14,10536,111,0
"SApp06,SApp15",BM_MaPa,97,14,10536,111,0
"SApp06,SApp15",PhG14,97,14,10536,111,0
"SApp06,SApp15",SNpp56,97,14,10536,111,0
"SApp06,SApp15",JO-B2,97,14,10536,111,0
"SApp06,SApp15",JO-B1_c,97,14,10536,111,0
JO-FV,SNpp39,55,56,10536,111,0
JO-FV,SNch01,55,56,10536,111,0
JO-FV,SApp04,55,56,10536,111,0
JO-A2,SNpp30,36,75,10536,111,0
JO-EV6,"SNta11,SNta14",62,49,10536,111,0
BM,LB3d,84,27,10536,111,0
BM,SNxx02,84,27,10536,111,0
BM,BM_Hau,84,27,10536,111,0
BM,JO-B4_b,84,27,10536,111,0
BM,SApp23,84,27,10536,111,0
BM,ORN_VL2p,84,27,10536,111,0
JO-CM,ORN_DP1m,76,35,10536,111,0
JO-CM,"SApp11,SApp18",76,35,10536,111,0
LgLG1b,BM_InOm,39,72,10536,111,0
LgLG1b,SNpp40,39,72,10536,111,0
JO-ED2_b,SAxx01,64,47,10536,111,0
JO-ED2_b,SNxx29,64,47,10536,111,0
JO-ED2_b,SNta11,64,47,10536,111,0
JO-ED2_b,SNpp51,64,47,10536,111,0
aPhM2a,LgLG3,46,65,10536,111,0
BM_InOm,JO-ED2_c,72,39,10536,111,0
BM_InOm,SNpp47,72,39,10536,111,0
BM_InOm,SNpp33,72,39,10536,111,0
LgLG5,SNta21,8,103,10536,111,0
LgLG3,JO-mz,65,46,10536,111,0
LgLG3,SNta03,65,46,10536,111,0
LgLG3,SNta28,65,46,10536,111,0
SNpp40,JO-ED2_c,72,39,10536,111,0
SNpp40,SNpp47,72,39,10536,111,0
SNpp40,SNpp33,72,39,10536,111,0
SNpp16,SNpp30,36,75,10536,111,0
ORN_DM1,SNta38,26,85,10536,111,0
ORN_DM1,SNpp52,26,85,10536,111,0
SAxx01,SNpp45,47,64,10536,111,0
SNxx29,SNpp45,47,64,10536,111,0
SNxx11,SNta20,29,82,10536,111,0
ORN_DC4,SNta20,29,82,10536,111,0
LB1c,SNta20,29,82,10536,111,0
SNpp30,SNxx14,75,36,10536,111,0
SNpp30,SNch10,75,36,10536,111,0
SNpp30,SNta18,75,36,10536,111,0
SNta21,HBeyelet,103,8,10536,111,0
SNta21,PhG1a,103,8,10536,111,0
SNpp10,SNta38,26,85,10536,111,0
SNpp10,SNpp52,26,85,10536,111,0
SApp01,SNta38,26,85,10536,111,0
SApp01,SNpp52,26,85,10536,111,0
"SNpp29,SNpp63",SNta20,29,82,10536,111,0
SNpp45,SNta11,64,47,10536,111,0
JO-EV3,aPhM4,91,19,10537,110,0
JO-EV3,LB3a,91,19,10537,110,0
JO-EV3,SNpp35,91,19,10537,110,0
JO-EV3,LgAG5,91,19,10537,110,0
JO-EV3,LgAG7,91,19,10537,110,0
JO-EV3,ORN_DL2d,91,19,10537,110,0
JO-EV3,JO-B1_a,91,19,10537,110,0
JO-EV3,SNta13,91,19,10537,110,0
BM_Taste,TRN_VP3a,92,18,10537,110,0
BM_Taste,TRN_VP2,92,18,10537,110,0
BM_Taste,aPhM2b,92,18,10537,110,0
BM_Taste,ORN_VC1,92,18,10537,110,0
BM_Taste,ORN_VM7d,92,18,10537,110,0
BM_Taste,LgAG2,92,18,10537,110,0
BM_Taste,DNx01,92,18,10537,110,0
DNx02,JO-EV2,68,42,10537,110,0
DNx02,SNpp32,68,42,10537,110,0
SNpp19,R7d,97,13,10537,110,0
SNpp19,LgLG6,97,13,10537,110,0
SNpp19,ORN_DM2,97,13,10537,110,0
SNpp19,DNg20,97,13,10537,110,0
SNpp19,SNxx06,97,13,10537,110,0
SNpp19,SNpp15,97,13,10537,110,0
SNpp19,ORN_DA2,97,13,10537,110,0
SNpp19,PhG16,97,13,10537,110,0
SNpp19,SNpp18,97,13,10537,110,0
SNpp19,LgAG8,97,13,10537,110,0
JO-EV1,TPMN2,84,26,10537,110,0
JO-EV1,ORN_DM1,84,26,10537,110,0
JO-EV1,SNpp10,84,26,10537,110,0
JO-EV1,SApp01,84,26,10537,110,0
JO-EV5,SNpp39,54,56,10537,110,0
JO-EV5,SNch01,54,56,10537,110,0
JO-EV5,SApp04,54,56,10537,110,0
TPMN2,BM,26,84,10537,110,0
"SApp06,SApp15",R7d,97,13,10537,110,0
"SApp06,SApp15",LgLG6,97,13,10537,110,0
"SApp06,SApp15",ORN_DM2,97,13,10537,110,0
"SApp06,SApp15",DNg20,97,13,10537,110,0
"SApp06,SApp15",SNxx06,97,13,10537,110,0
"SApp06,SApp15",SNpp15,97,13,10537,110,0
"SApp06,SApp15",ORN_DA2,97,13,10537,110,0
"SApp06,SApp15",PhG16,97,13,10537,110,0
"SApp06,SApp15",SNpp18,97,13,10537,110,0
"SApp06,SApp15",LgAG8,97,13,10537,110,0
BM,ORN_DM1,84,26,10537,110,0
BM,SNpp10,84,26,10537,110,0
BM,SApp01,84,26,10537,110,0
JO-CM,ORN_VL2a,76,34,10537,110,0
JO-CM,ORN_DA1,76,34,10537,110,0
JO-CM,BM_Vib,76,34,10537,110,0
JO-CM,PhG1c,76,34,10537,110,0
JO-ED2_b,aPhM2a,64,46,10537,110,0
JO-ED2_b,JO-mz,64,46,10537,110,0
JO-ED2_b,SNta03,64,46,10537,110,0
JO-ED2_b,SNta28,64,46,10537,110,0
aPhM2a,SNpp45,46,64,10537,110,0
SAxx02,SNpp50,51,59,10537,110,0
BM_InOm,SNxx25,72,38,10537,110,0
SNta14,SNta20,28,82,10537,110,0
SNpp40,SNxx25,72,38,10537,110,0
LB3c,SNta38,25,85,10537,110,0
LB3c,SNpp52,25,85,10537,110,0
ENS2,SNta20,28,82,10537,110,0
ORN_DP1l,SNta20,28,82,10537,110,0
JO-mz,SNpp45,46,64,10537,110,0
ORN_DP1m,SNpp30,35,75,10537,110,0
SNta03,SNpp45,46,64,10537,110,0
SNxx03,SNpp50,51,59,10537,110,0
SNpp30,"SApp11,SApp18",75,35,10537,110,0
SNta21,LgLG7,103,7,10537,110,0
SNta21,DNg83,103,7,10537,110,0
SNta21,ORN_DL3,103,7,10537,110,0
SNta21,ORN_DM3,103,7,10537,110,0
SNxx26,SNta38,25,85,10537,110,0
SNxx26,SNpp52,25,85,10537,110,0
ORN_VA2,SNta38,25,85,10537,110,0
ORN_VA2,SNpp52,25,85,10537,110,0
ORN_VA6,SNta20,28,82,10537,110,0
R8d,SNta37,3,107,10537,110,0
ENS4,SNta20,28,82,10537,110,0
JO-EV3,TRN_VP3a,91,18,10538,109,0
JO-EV3,TRN_VP2,91,18,10538,109,0
JO-EV3,aPhM2b,91,18,10538,109,0
JO-EV3,ORN_VC1,91,18,10538,109,0
JO-EV3,ORN_VM7d,91,18,10538,109,0
JO-EV3,LgAG2,91,18,10538,109,0
JO-EV3,DNx01,91,18,10538,109,0
BM_Taste,LB3b,92,17,10538,109,0
BM_Taste,ORN_VA1v,92,17,10538,109,0
BM_Taste,JO-A1,92,17,10538,109,0
BM_Taste,SNpp05,92,17,10538,109,0
BM_Taste,SNxx28,92,17,10538,109,0
BM_Taste,ORN_VM5v,92,17,10538,109,0
BM_Taste,SNpp31,92,17,10538,109,0
BM_Taste,SNpp17,92,17,10538,109,0
BM_Taste,SNpp01,92,17,10538,109,0
DNx02,LgLG1a,68,41,10538,109,0
DNx02,SNpp43,68,41,10538,109,0
SNpp19,ENS3,97,12,10538,109,0
SNpp19,ORN_VM4,97,12,10538,109,0
SNpp19,ENS1,97,12,10538,109,0
SNpp19,PhG13,97,12,10538,109,0
SNpp19,ORN_DC2,97,12,10538,109,0
SNpp19,SNpp37,97,12,10538,109,0
SNpp19,ORN_VC4,97,12,10538,109,0
SNpp19,b2 MN,97,12,10538,109,0
SNxx23,SNpp50,50,59,10538,109,0
JO-EV1,LB3c,84,25,10538,109,0
JO-EV1,SNxx26,84,25,10538,109,0
JO-EV1,ORN_VA2,84,25,10538,109,0
JO-EV5,JO-FV,54,55,10538,109,0
JO-ED2_a,SNta30,56,53,10538,109,0
"SApp06,SApp15",ENS3,97,12,10538,109,0
"SApp06,SApp15",ORN_VM4,97,12,10538,109,0
"SApp06,SApp15",ENS1,97,12,10538,109,0
"SApp06,SApp15",PhG13,97,12,10538,109,0
"SApp06,SApp15",ORN_DC2,97,12,10538,109,0
"SApp06,SApp15",SNpp37,97,12,10538,109,0
"SApp06,SApp15",ORN_VC4,97,12,10538,109,0
SNpp39,SNta30,56,53,10538,109,0
JO-EV6,SAxx01,62,47,10538,109,0
JO-EV6,SNxx29,62,47,10538,109,0
JO-EV6,SNta11,62,47,10538,109,0
JO-EV6,SNpp51,62,47,10538,109,0
BM,LB3c,84,25,10538,109,0
BM,SNxx26,84,25,10538,109,0
BM,ORN_VA2,84,25,10538,109,0
SNxx20,LgLG3,44,65,10538,109,0
LgAG1,LgLG3,44,65,10538,109,0
JO-CM,WG3,76,33,10538,109,0
JO-CM,SNta31,76,33,10538,109,0
GNG643,SNta20,27,82,10538,109,0
SNch01,SNta30,56,53,10538,109,0
ORN_VL2a,SNpp30,34,75,10538,109,0
LgLG3,SNpp60,65,44,10538,109,0
ORN_DA1,SNpp30,34,75,10538,109,0
claw_tpGRN,SNpp40,37,72,10538,109,0
LB3d,SNta20,27,82,10538,109,0
SNxx02,SNta20,27,82,10538,109,0
TRN_VP1m,SNta38,24,85,10538,109,0
TRN_VP1m,SNpp52,24,85,10538,109,0
BM_Hau,SNta20,27,82,10538,109,0
SApp19,SNpp50,50,59,10538,109,0
JO-B4_b,SNta20,27,82,10538,109,0
SNxx04,SNpp50,50,59,10538,109,0
BM_Vib,SNpp30,34,75,10538,109,0
SApp23,SNta20,27,82,10538,109,0
ORN_VL2p,SNta20,27,82,10538,109,0
SNpp30,PhG1c,75,34,10538,109,0
SNpp50,SNta04,59,50,10538,109,0
SNta38,SNpp02,85,24,10538,109,0
SNpp52,SNpp02,85,24,10538,109,0
SApp04,SNta30,56,53,10538,109,0
SNta20,SNta33,82,27,10538,109,0
SNxx07,JO-CM,32,76,10539,108,0
JO-EV3,LB3b,91,17,10539,108,0
JO-EV3,ORN_VA1v,91,17,10539,108,0
JO-EV3,JO-A1,91,17,10539,108,0
JO-EV3,SNpp05,91,17,10539,108,0
JO-EV3,SNxx28,91,17,10539,108,0
JO-EV3,ORN_VM5v,91,17,10539,108,0
JO-EV3,SNpp31,91,17,10539,108,0
JO-EV3,SNpp17,91,17,10539,108,0
JO-EV3,SNpp01,91,17,10539,108,0
TPMN1,DNx02,40,68,10539,108,0
BM_Taste,ORN_V,92,16,10539,108,0
BM_Taste,PhG10,92,16,10539,108,0
BM_Taste,ORN_VL1,92,16,10539,108,0
BM_Taste,LgLG4,92,16,10539,108,0
BM_Taste,ORN_VM5d,92,16,10539,108,0
BM_Taste,SNpp11,92,16,10539,108,0
BM_Taste,ALBN1,92,16,10539,108,0
BM_Taste,ENS5,92,16,10539,108,0
BM_Taste,dorsal_tpGRN,92,16,10539,108,0
BM_Taste,JO-CA2,92,16,10539,108,0
DNx02,SNxx15,68,40,10539,108,0
SNpp19,R7y,97,11,10539,108,0
SNpp19,R7p,97,11,10539,108,0
SNpp19,R8p,97,11,10539,108,0
SNpp19,SNxx09,97,11,10539,108,0
SNpp19,LgLG2,97,11,10539,108,0
SNpp19,R8_unclear,97,11,10539,108,0
SNpp19,LB1a,97,11,10539,108,0
SNpp19,SNpp21,97,11,10539,108,0
SNpp19,ORN_VM7v,97,11,10539,108,0
SNpp19,ORN_DL1,97,11,10539,108,0
JO-EV1,TRN_VP1m,84,24,10539,108,0
JO-EV1,SNpp02,84,24,10539,108,0
JO-ED2_a,SNta25,56,52,10539,108,0
TPMN2,SNta20,26,82,10539,108,0
"SApp06,SApp15",R7y,97,11,10539,108,0
"SApp06,SApp15",R7p,97,11,10539,108,0
"SApp06,SApp15",R8p,97,11,10539,108,0
"SApp06,SApp15",SNxx09,97,11,10539,108,0
"SApp06,SApp15",LgLG2,97,11,10539,108,0
"SApp06,SApp15",R8_unclear,97,11,10539,108,0
"SApp06,SApp15",LB1a,97,11,10539,108,0
"SApp06,SApp15",SNpp21,97,11,10539,108,0
"SApp06,SApp15",ORN_VM7v,97,11,10539,108,0
"SApp06,SApp15",ORN_DL1,97,11,10539,108,0
JO-FV,SNta30,55,53,10539,108,0
aPhM3,JO-CM,32,76,10539,108,0
SNpp39,SNta25,56,52,10539,108,0
JO-A2,BM_InOm,36,72,10539,108,0
JO-A2,SNpp40,36,72,10539,108,0
JO-EV6,aPhM2a,62,46,10539,108,0
JO-EV6,JO-mz,62,46,10539,108,0
JO-EV6,SNta03,62,46,10539,108,0
JO-EV6,SNta28,62,46,10539,108,0
BM,TRN_VP1m,84,24,10539,108,0
BM,SNpp02,84,24,10539,108,0
SNxx20,JO-ED2_b,44,64,10539,108,0
SNxx20,SNpp45,44,64,10539,108,0
LgAG1,JO-ED2_b,44,64,10539,108,0
LgAG1,SNpp45,44,64,10539,108,0
JO-CM,SApp14,76,32,10539,108,0
JO-CM,SNpp07,76,32,10539,108,0
SNch01,SNta25,56,52,10539,108,0
JO-ED2_b,SNpp60,64,44,10539,108,0
BM_InOm,SNpp16,72,36,10539,108,0
BM_InOm,SNxx14,72,36,10539,108,0
BM_InOm,SNch10,72,36,10539,108,0
BM_InOm,SNta18,72,36,10539,108,0
LgLG3,"SNta02,SNta09",65,43,10539,108,0
SNpp40,SNpp16,72,36,10539,108,0
SNpp40,SNxx14,72,36,10539,108,0
SNpp40,SNch10,72,36,10539,108,0
SNpp40,SNta18,72,36,10539,108,0
SNpp60,SNpp45,44,64,10539,108,0
WG4,SNta38,23,85,10539,108,0
"SNta11,SNta14",SNpp50,49,59,10539,108,0
ORN_DM1,SNta20,26,82,10539,108,0
SNpp30,SNta31,75,33,10539,108,0
SNta21,ORN_DA3,103,5,10539,108,0
SNpp10,SNta20,26,82,10539,108,0
SApp01,SNta20,26,82,10539,108,0
ORN_D,SNta38,23,85,10539,108,0
ORN_D,SNpp52,23,85,10539,108,0
SApp04,SNta25,56,52,10539,108,0
SNxx07,SNpp30,32,75,10540,107,0
JO-EV3,GNG642,91,16,10540,107,0
JO-EV3,ORN_V,91,16,10540,107,0
JO-EV3,PhG10,91,16,10540,107,0
JO-EV3,ORN_VL1,91,16,10540,107,0
JO-EV3,LgLG4,91,16,10540,107,0
JO-EV3,ORN_VM5d,91,16,10540,107,0
JO-EV3,SNpp11,91,16,10540,107,0
JO-EV3,ALBN1,91,16,10540,107,0
JO-EV3,ENS5,91,16,10540,107,0
JO-EV3,dorsal_tpGRN,91,16,10540,107,0
JO-EV3,JO-CA2,91,16,10540,107,0
BM_Taste,R7_unclear,92,15,10540,107,0
BM_Taste,WG1,92,15,10540,107,0
BM_Taste,LgAG9,92,15,10540,107,0
BM_Taste,ORN_VA1d,92,15,10540,107,0
BM_Taste,SNpp57,92,15,10540,107,0
BM_Taste,LB1b,92,15,10540,107,0
BM_Taste,SNpp12,92,15,10540,107,0
BM_Taste,PhG8,92,15,10540,107,0
DNx02,LgLG1b,68,39,10540,107,0
DNx02,JO-ED2_c,68,39,10540,107,0
DNx02,SNpp47,68,39,10540,107,0
DNx02,SNpp33,68,39,10540,107,0
SNpp19,R8y,97,10,10540,107,0
SNpp19,HRN_VP1l,97,10,10540,107,0
SNpp19,PhG6,97,10,10540,107,0
SNpp19,LN-DN1,97,10,10540,107,0
SNpp19,ORN_DM4,97,10,10540,107,0
SNpp19,ORN_DM6,97,10,10540,107,0
SNpp19,ORN_VA3,97,10,10540,107,0
JO-EV1,WG4,84,23,10540,107,0
JO-EV1,ORN_D,84,23,10540,107,0
JO-EV5,SNta30,54,53,10540,107,0
JO-ED2_a,SAxx02,56,51,10540,107,0
JO-ED2_a,SNxx03,56,51,10540,107,0
"SApp06,SApp15",R8y,97,10,10540,107,0
"SApp06,SApp15",HRN_VP1l,97,10,10540,107,0
"SApp06,SApp15",PhG6,97,10,10540,107,0
"SApp06,SApp15",LN-DN1,97,10,10540,107,0
"SApp06,SApp15",ORN_DM4,97,10,10540,107,0
"SApp06,SApp15",ORN_DM6,97,10,10540,107,0
"SApp06,SApp15",ORN_VA3,97,10,10540,107,0
JO-FV,SNta25,55,52,10540,107,0
aPhM3,SNpp30,32,75,10540,107,0
SNpp39,SAxx02,56,51,10540,107,0
SNpp39,SNxx03,56,51,10540,107,0
BM,ORN_D,84,23,10540,107,0
JO-EV2,LgLG3,42,65,10540,107,0
JO-CM,HRN_VP4,76,31,10540,107,0
JO-CM,HRN_VP1d,76,31,10540,107,0
JO-CM,JO-ED1,76,31,10540,107,0
JO-CM,SApp13,76,31,10540,107,0
SNch01,SAxx02,56,51,10540,107,0
JO-ED2_b,"SNta02,SNta09",64,43,10540,107,0
aPhM1,SNta38,22,85,10540,107,0
aPhM1,SNpp52,22,85,10540,107,0
SAxx02,SApp04,51,56,10540,107,0
BM_InOm,ORN_DP1m,72,35,10540,107,0
BM_InOm,"SApp11,SApp18",72,35,10540,107,0
BM_Vt_PoOc,SNta38,22,85,10540,107,0
BM_Vt_PoOc,SNpp52,22,85,10540,107,0
LgLG3,SNpp32,65,42,10540,107,0
SNpp40,ORN_DP1m,72,35,10540,107,0
SNpp40,"SApp11,SApp18",72,35,10540,107,0
LB3c,SNta20,25,82,10540,107,0
PhG9,SNta38,22,85,10540,107,0
PhG9,SNpp52,22,85,10540,107,0
SNxx03,SApp04,51,56,10540,107,0
ORN_DC1,SNta38,22,85,10540,107,0
ORN_DC1,SNpp52,22,85,10540,107,0
SNxx26,SNta20,25,82,10540,107,0
ORN_VA2,SNta20,25,82,10540,107,0
SNpp62,SNta38,22,85,10540,107,0
SNpp62,SNpp52,22,85,10540,107,0
SNpp45,"SNta02,SNta09",64,43,10540,107,0
SNta38,SNpp58,85,22,10540,107,0
SNta38,SNxx19,85,22,10540,107,0
SNta38,SNxx21,85,22,10540,107,0
SNta38,JO-B3,85,22,10540,107,0
SNpp52,SNpp58,85,22,10540,107,0
SNpp52,SNxx19,85,22,10540,107,0
SNpp52,SNxx21,85,22,10540,107,0
SNpp52,JO-B3,85,22,10540,107,0
JO-EV3,R7_unclear,91,15,10541,106,0
JO-EV3,WG1,91,15,10541,106,0
JO-EV3,LgAG9,91,15,10541,106,0
JO-EV3,ORN_VA1d,91,15,10541,106,0
JO-EV3,SNpp57,91,15,10541,106,0
JO-EV3,LB1b,91,15,10541,106,0
JO-EV3,SNpp12,91,15,10541,106,0
JO-EV3,PhG8,91,15,10541,106,0
BM_Taste,GNG654,92,14,10541,106,0
BM_Taste,HRN_VP5,92,14,10541,106,0
BM_Taste,LB4b,92,14,10541,106,0
BM_Taste,SNxx24,92,14,10541,106,0
BM_Taste,ORN_VC5,92,14,10541,106,0
BM_Taste,PhG4,92,14,10541,106,0
BM_Taste,SNpp06,92,14,10541,106,0
BM_Taste,PhG14,92,14,10541,106,0
BM_Taste,SNpp56,92,14,10541,106,0
BM_Taste,JO-B2,92,14,10541,106,0
BM_Taste,JO-B1_c,92,14,10541,106,0
DNx02,SNxx25,68,38,10541,106,0
SNpp19,LgLG8,97,9,10541,106,0
SNpp19,LB4a,97,9,10541,106,0
SNpp19,PhG3,97,9,10541,106,0
SNpp19,SApp21,97,9,10541,106,0
SNpp19,LgAG6,97,9,10541,106,0
SNpp19,tpn MN,97,9,10541,106,0
SNpp19,JO-B4_a,97,9,10541,106,0
SNxx23,JO-ED2_a,50,56,10541,106,0
SNxx23,SNpp39,50,56,10541,106,0
SNxx23,SNch01,50,56,10541,106,0
SNxx23,SApp04,50,56,10541,106,0
JO-EV1,aPhM1,84,22,10541,106,0
JO-EV1,BM_Vt_PoOc,84,22,10541,106,0
JO-EV1,PhG9,84,22,10541,106,0
JO-EV1,ORN_DC1,84,22,10541,106,0
JO-EV1,SNpp62,84,22,10541,106,0
JO-EV1,SNpp58,84,22,10541,106,0
JO-EV1,SNxx19,84,22,10541,106,0
JO-EV1,SNxx21,84,22,10541,106,0
JO-EV1,JO-B3,84,22,10541,106,0
JO-EV5,SNta25,54,52,10541,106,0
JO-ED2_a,SApp19,56,50,10541,106,0
JO-ED2_a,SNxx04,56,50,10541,106,0
JO-ED2_a,SNta04,56,50,10541,106,0
"SApp06,SApp15",LgLG8,97,9,10541,106,0
"SApp06,SApp15",LB4a,97,9,10541,106,0
"SApp06,SApp15",PhG3,97,9,10541,106,0
"SApp06,SApp15",SApp21,97,9,10541,106,0
"SApp06,SApp15",LgAG6,97,9,10541,106,0
"SApp06,SApp15",tpn MN,97,9,10541,106,0
"SApp06,SApp15",JO-B4_a,97,9,10541,106,0
JO-FV,SAxx02,55,51,10541,106,0
JO-FV,SNxx03,55,51,10541,106,0
LgLG1a,LgLG3,41,65,10541,106,0
SNpp39,SApp19,56,50,10541,106,0
SNpp39,SNxx04,56,50,10541,106,0
SNpp39,SNta04,56,50,10541,106,0
JO-EV6,SNxx20,62,44,10541,106,0
JO-EV6,LgAG1,62,44,10541,106,0
JO-EV6,SNpp60,62,44,10541,106,0
BM,aPhM1,84,22,10541,106,0
BM,PhG9,84,22,10541,106,0
BM,ORN_DC1,84,22,10541,106,0
BM,SNpp62,84,22,10541,106,0
BM,SNpp58,84,22,10541,106,0
BM,SNxx19,84,22,10541,106,0
BM,SNxx21,84,22,10541,106,0
BM,JO-B3,84,22,10541,106,0
JO-EV2,JO-ED2_b,42,64,10541,106,0
JO-EV2,SNpp45,42,64,10541,106,0
JO-CM,SNpp23,76,30,10541,106,0
JO-CM,JO-CL,76,30,10541,106,0
JO-CM,SNpp41,76,30,10541,106,0
SNch01,SApp19,56,50,10541,106,0
SNch01,SNta04,56,50,10541,106,0
HRN_VP4,SNpp30,31,75,10541,106,0
JO-ED2_b,SNpp32,64,42,10541,106,0
ORN_VL2a,BM_InOm,34,72,10541,106,0
ORN_VL2a,SNpp40,34,72,10541,106,0
BM_InOm,ORN_DA1,72,34,10541,106,0
BM_InOm,PhG1c,72,34,10541,106,0
LgLG3,SNpp43,65,41,10541,106,0
JO-A3,SNta38,21,85,10541,106,0
JO-A3,SNpp52,21,85,10541,106,0
ORN_DA1,SNpp40,34,72,10541,106,0
SNpp40,BM_Vib,72,34,10541,106,0
SNpp40,PhG1c,72,34,10541,106,0
ORN_VM6v,SNta38,21,85,10541,106,0
ORN_VM6v,SNpp52,21,85,10541,106,0
TRN_VP1m,SNta20,24,82,10541,106,0
SNxx04,SApp04,50,56,10541,106,0
SAxx01,SNpp50,47,59,10541,106,0
HRN_VP1d,SNpp30,31,75,10541,106,0
SNxx29,SNpp50,47,59,10541,106,0
SNpp30,JO-ED1,75,31,10541,106,0
SNpp30,SApp13,75,31,10541,106,0
SNta21,R8d,103,3,10541,106,0
SNpp50,SNta11,59,47,10541,106,0
SNxx17,SNta38,21,85,10541,106,0
SNxx17,SNpp52,21,85,10541,106,0
SNta04,SApp04,50,56,10541,106,0
ORN_DL2v,SNta38,21,85,10541,106,0
ORN_DL2v,SNpp52,21,85,10541,106,0
SNpp45,SNpp32,64,42,10541,106,0
SNpp02,SNta20,24,82,10541,106,0
JO-EV3,GNG654,91,14,10542,105,0
JO-EV3,HRN_VP5,91,14,10542,105,0
JO-EV3,LB4b,91,14,10542,105,0
JO-EV3,SNxx24,91,14,10542,105,0
JO-EV3,ORN_VC5,91,14,10542,105,0
JO-EV3,PhG4,91,14,10542,105,0
JO-EV3,SNpp06,91,14,10542,105,0
JO-EV3,BM_MaPa,91,14,10542,105,0
JO-EV3,PhG14,91,14,10542,105,0
JO-EV3,SNpp56,91,14,10542,105,0
JO-EV3,JO-B2,91,14,10542,105,0
JO-EV3,JO-B1_c,91,14,10542,105,0
SNxx08,SNta38,20,85,10542,105,0
SNxx08,SNpp52,20,85,10542,105,0
TPMN1,LgLG3,40,65,10542,105,0
BM_Taste,R7d,92,13,10542,105,0
BM_Taste,LgLG6,92,13,10542,105,0
BM_Taste,ORN_DM2,92,13,10542,105,0
BM_Taste,SNxx06,92,13,10542,105,0
BM_Taste,SNpp15,92,13,10542,105,0
BM_Taste,ORN_DA2,92,13,10542,105,0
BM_Taste,PhG16,92,13,10542,105,0
BM_Taste,SNpp18,92,13,10542,105,0
BM_Taste,LgAG8,92,13,10542,105,0
DNx02,claw_tpGRN,68,37,10542,105,0
SNpp19,LgLG5,97,8,10542,105,0
SNpp19,HBeyelet,97,8,10542,105,0
SNpp19,PhG1a,97,8,10542,105,0
aPhM5,JO-CM,29,76,10542,105,0
SNxx23,JO-FV,50,55,10542,105,0
JO-EV1,JO-A3,84,21,10542,105,0
JO-EV1,ORN_VM6v,84,21,10542,105,0
JO-EV1,SNxx17,84,21,10542,105,0
JO-EV1,ORN_DL2v,84,21,10542,105,0
JO-EV5,SAxx02,54,51,10542,105,0
JO-EV5,SNxx03,54,51,10542,105,0
JO-ED2_a,"SNta11,SNta14",56,49,10542,105,0
"SApp06,SApp15",LgLG5,97,8,10542,105,0
"SApp06,SApp15",HBeyelet,97,8,10542,105,0
"SApp06,SApp15",PhG1a,97,8,10542,105,0
JO-FV,SApp19,55,50,10542,105,0
JO-FV,SNxx04,55,50,10542,105,0
JO-FV,SNta04,55,50,10542,105,0
LgLG1a,JO-ED2_b,41,64,10542,105,0
LgLG1a,SNpp45,41,64,10542,105,0
SNpp39,"SNta11,SNta14",56,49,10542,105,0
JO-EV6,"SNta02,SNta09",62,43,10542,105,0
BM,JO-A3,84,21,10542,105,0
BM,ORN_VM6v,84,21,10542,105,0
BM,SNxx17,84,21,10542,105,0
BM,ORN_DL2v,84,21,10542,105,0
JO-CM,SNxx11,76,29,10542,105,0
JO-CM,ORN_DC4,76,29,10542,105,0
JO-CM,LB1c,76,29,10542,105,0
JO-CM,"SNpp29,SNpp63",76,29,10542,105,0
JO-CM,"SNta04,SNta11",76,29,10542,105,0
SNch01,"SNta11,SNta14",56,49,10542,105,0
JO-ED2_b,SNpp43,64,41,10542,105,0
WG3,BM_InOm,33,72,10542,105,0
WG3,SNpp40,33,72,10542,105,0
SNxx15,LgLG3,40,65,10542,105,0
aPhM2a,SNpp50,46,59,10542,105,0
BM_InOm,SNta31,72,33,10542,105,0
GNG644,SNta38,20,85,10542,105,0
GNG644,SNpp52,20,85,10542,105,0
SNpp23,SNpp30,30,75,10542,105,0
SNpp40,SNta31,72,33,10542,105,0
JO-mz,SNpp50,46,59,10542,105,0
SNta03,SNpp50,46,59,10542,105,0
WG4,SNta20,23,82,10542,105,0
"SNta11,SNta14",SApp04,49,56,10542,105,0
JO-CL,SNpp30,30,75,10542,105,0
SNpp30,SNpp41,75,30,10542,105,0
ORN_DL5,SNta38,20,85,10542,105,0
ORN_DL5,SNpp52,20,85,10542,105,0
SNpp43,SNpp45,41,64,10542,105,0
WG2,SNta38,20,85,10542,105,0
LgAG3,SNta38,20,85,10542,105,0
LgAG3,SNpp52,20,85,10542,105,0
PhG1b,SNta38,20,85,10542,105,0
PhG1b,SNpp52,20,85,10542,105,0
BM_vOcci_vPoOr,SNta38,20,85,10542,105,0
BM_vOcci_vPoOr,SNpp52,20,85,10542,105,0
ORN_D,SNta20,23,82,10542,105,0
LB1e,SNta38,20,85,10542,105,0
LB1e,SNpp52,20,85,10542,105,0
SNta38,SNxx30,85,20,10542,105,0
SNpp52,SNxx30,85,20,10542,105,0
SNxx07,BM_InOm,32,72,10543,104,0
SNxx07,SNpp40,32,72,10543,104,0
JO-EV3,R7d,91,13,10543,104,0
JO-EV3,LgLG6,91,13,10543,104,0
JO-EV3,ORN_DM2,91,13,10543,104,0
JO-EV3,DNg20,91,13,10543,104,0
JO-EV3,SNxx06,91,13,10543,104,0
JO-EV3,SNpp15,91,13,10543,104,0
JO-EV3,ORN_DA2,91,13,10543,104,0
JO-EV3,PhG16,91,13,10543,104,0
JO-EV3,SNpp18,91,13,10543,104,0
JO-EV3,LgAG8,91,13,10543,104,0
SNxx08,JO-EV1,20,84,10543,104,0
SNxx08,BM,20,84,10543,104,0
TPMN1,JO-ED2_b,40,64,10543,104,0
TPMN1,SNpp45,40,64,10543,104,0
BM_Taste,ENS3,92,12,10543,104,0
BM_Taste,ORN_VM4,92,12,10543,104,0
BM_Taste,ENS1,92,12,10543,104,0
BM_Taste,PhG13,92,12,10543,104,0
BM_Taste,ORN_DC2,92,12,10543,104,0
BM_Taste,SNpp37,92,12,10543,104,0
BM_Taste,ORN_VC4,92,12,10543,104,0
BM_Taste,b2 MN,92,12,10543,104,0
DNx02,JO-A2,68,36,10543,104,0
DNx02,SNpp16,68,36,10543,104,0
DNx02,SNxx14,68,36,10543,104,0
DNx02,SNch10,68,36,10543,104,0
DNx02,SNta18,68,36,10543,104,0
SNpp19,LgLG7,97,7,10543,104,0
SNpp19,DNg83,97,7,10543,104,0
SNpp19,ORN_DL3,97,7,10543,104,0
SNpp19,ORN_DM3,97,7,10543,104,0
aPhM5,SNpp30,29,75,10543,104,0
SNxx23,JO-EV5,50,54,10543,104,0
JO-EV1,GNG644,84,20,10543,104,0
JO-EV1,ORN_DL5,84,20,10543,104,0
JO-EV1,WG2,84,20,10543,104,0
JO-EV1,LgAG3,84,20,10543,104,0
JO-EV1,PhG1b,84,20,10543,104,0
JO-EV1,BM_vOcci_vPoOr,84,20,10543,104,0
JO-EV1,LB1e,84,20,10543,104,0
JO-EV1,SNxx30,84,20,10543,104,0
JO-EV5,SApp19,54,50,10543,104,0
JO-EV5,SNxx04,54,50,10543,104,0
JO-EV5,SNta04,54,50,10543,104,0
"SApp06,SApp15",LgLG7,97,7,10543,104,0
"SApp06,SApp15",DNg83,97,7,10543,104,0
"SApp06,SApp15",ORN_DL3,97,7,10543,104,0
"SApp06,SApp15",ORN_DM3,97,7,10543,104,0
JO-FV,"SNta11,SNta14",55,49,10543,104,0
aPhM3,BM_InOm,32,72,10543,104,0
aPhM3,SNpp40,32,72,10543,104,0
JO-EV6,JO-EV2,62,42,10543,104,0
JO-EV6,SNpp32,62,42,10543,104,0
aPhM4,SNta38,19,85,10543,104,0
aPhM4,SNpp52,19,85,10543,104,0
BM,GNG644,84,20,10543,104,0
BM,ORN_DL5,84,20,10543,104,0
BM,WG2,84,20,10543,104,0
BM,LgAG3,84,20,10543,104,0
BM,PhG1b,84,20,10543,104,0
BM,LB1e,84,20,10543,104,0
BM,SNxx30,84,20,10543,104,0
JO-CM,SNta14,76,28,10543,104,0
JO-CM,ENS2,76,28,10543,104,0
JO-CM,ORN_DP1l,76,28,10543,104,0
JO-CM,ORN_VA6,76,28,10543,104,0
JO-CM,ENS4,76,28,10543,104,0
JO-CM,SNta26,76,28,10543,104,0
LgLG1b,LgLG3,39,65,10543,104,0
JO-ED2_b,SNxx15,64,40,10543,104,0
aPhM1,SNta20,22,82,10543,104,0
SNxx15,SNpp45,40,64,10543,104,0
BM_InOm,SApp14,72,32,10543,104,0
BM_InOm,SNpp07,72,32,10543,104,0
BM_Vt_PoOc,SNta20,22,82,10543,104,0
LgLG3,JO-ED2_c,65,39,10543,104,0
LgLG3,SNpp47,65,39,10543,104,0
LgLG3,SNpp33,65,39,10543,104,0
SNpp40,SApp14,72,32,10543,104,0
SNpp40,SNpp07,72,32,10543,104,0
LB3a,SNta38,19,85,10543,104,0
LB3a,SNpp52,19,85,10543,104,0
PhG9,SNta20,22,82,10543,104,0
SNxx03,SNta30,51,53,10543,104,0
ORN_DC1,SNta20,22,82,10543,104,0
SNxx11,SNpp30,29,75,10543,104,0
ORN_DC4,SNpp30,29,75,10543,104,0
LB1c,SNpp30,29,75,10543,104,0
SNpp30,"SNta04,SNta11",75,29,10543,104,0
SNpp35,SNta38,19,85,10543,104,0
SNpp35,SNpp52,19,85,10543,104,0
LgAG5,SNta38,19,85,10543,104,0
LgAG5,SNpp52,19,85,10543,104,0
SNpp62,SNta20,22,82,10543,104,0
LgAG7,SNta38,19,85,10543,104,0
LgAG7,SNpp52,19,85,10543,104,0
ORN_DL2d,SNta38,19,85,10543,104,0
ORN_DL2d,SNpp52,19,85,10543,104,0
SNta38,JO-B1_a,85,19,10543,104,0
SNta38,SNta13,85,19,10543,104,0
SNpp52,JO-B1_a,85,19,10543,104,0
SNpp52,SNta13,85,19,10543,104,0
SNpp58,SNta20,22,82,10543,104,0
SNxx19,SNta20,22,82,10543,104,0
SNxx21,SNta20,22,82,10543,104,0
JO-B3,SNta20,22,82,10543,104,0
JO-EV3,ENS3,91,12,10544,103,0
JO-EV3,ORN_VM4,91,12,10544,103,0
JO-EV3,ENS1,91,12,10544,103,0
JO-EV3,PhG13,91,12,10544,103,0
JO-EV3,ORN_DC2,91,12,10544,103,0
JO-EV3,SNpp37,91,12,10544,103,0
JO-EV3,ORN_VC4,91,12,10544,103,0
JO-EV3,b2 MN,91,12,10544,103,0
BM_Taste,R7y,92,11,10544,103,0
BM_Taste,R7p,92,11,10544,103,0
BM_Taste,R8p,92,11,10544,103,0
BM_Taste,SNxx09,92,11,10544,103,0
BM_Taste,LgLG2,92,11,10544,103,0
BM_Taste,R8_unclear,92,11,10544,103,0
BM_Taste,SNpp21,92,11,10544,103,0
BM_Taste,ORN_VM7v,92,11,10544,103,0
BM_Taste,ORN_DL1,92,11,10544,103,0
DNx02,ORN_DP1m,68,35,10544,103,0
DNx02,"SApp11,SApp18",68,35,10544,103,0
SNxx23,SNta30,50,53,10544,103,0
JO-EV1,aPhM4,84,19,10544,103,0
JO-EV1,LB3a,84,19,10544,103,0
JO-EV1,SNpp35,84,19,10544,103,0
JO-EV1,LgAG5,84,19,10544,103,0
JO-EV1,LgAG7,84,19,10544,103,0
JO-EV1,ORN_DL2d,84,19,10544,103,0
JO-EV1,JO-B1_a,84,19,10544,103,0
JO-EV1,SNta13,84,19,10544,103,0
JO-EV5,"SNta11,SNta14",54,49,10544,103,0
JO-ED2_a,SAxx01,56,47,10544,103,0
JO-ED2_a,SNxx29,56,47,10544,103,0
JO-ED2_a,SNta11,56,47,10544,103,0
JO-ED2_a,SNpp51,56,47,10544,103,0
LgLG1a,JO-EV6,41,62,10544,103,0
SNpp39,SAxx01,56,47,10544,103,0
SNpp39,SNxx29,56,47,10544,103,0
SNpp39,SNta11,56,47,10544,103,0
SNpp39,SNpp51,56,47,10544,103,0
JO-EV6,SNpp43,62,41,10544,103,0
aPhM4,BM,19,84,10544,103,0
BM,LB3a,84,19,10544,103,0
BM,SNpp35,84,19,10544,103,0
BM,LgAG5,84,19,10544,103,0
BM,LgAG7,84,19,10544,103,0
BM,ORN_DL2d,84,19,10544,103,0
BM,JO-B1_a,84,19,10544,103,0
BM,SNta13,84,19,10544,103,0
SNxx20,SNpp50,44,59,10544,103,0
LgAG1,SNpp50,44,59,10544,103,0
JO-CM,GNG643,76,27,10544,103,0
JO-CM,LB3d,76,27,10544,103,0
JO-CM,SNxx02,76,27,10544,103,0
JO-CM,BM_Hau,76,27,10544,103,0
JO-CM,JO-B4_b,76,27,10544,103,0
JO-CM,SApp23,76,27,10544,103,0
JO-CM,ORN_VL2p,76,27,10544,103,0
JO-CM,SNta33,76,27,10544,103,0
LgLG1b,JO-ED2_b,39,64,10544,103,0
LgLG1b,SNpp45,39,64,10544,103,0
SNch01,SAxx01,56,47,10544,103,0
SNch01,SNxx29,56,47,10544,103,0
SNch01,SNta11,56,47,10544,103,0
SNch01,SNpp51,56,47,10544,103,0
HRN_VP4,BM_InOm,31,72,10544,103,0
HRN_VP4,SNpp40,31,72,10544,103,0
JO-ED2_b,SNpp47,64,39,10544,103,0
JO-ED2_b,SNpp33,64,39,10544,103,0
SAxx02,SNta25,51,52,10544,103,0
BM_InOm,HRN_VP1d,72,31,10544,103,0
BM_InOm,JO-ED1,72,31,10544,103,0
BM_InOm,SApp13,72,31,10544,103,0
LgLG3,SNxx25,65,38,10544,103,0
JO-A3,SNta20,21,82,10544,103,0
SNta14,SNpp30,28,75,10544,103,0
SNpp40,HRN_VP1d,72,31,10544,103,0
SNpp40,JO-ED1,72,31,10544,103,0
SNpp40,SApp13,72,31,10544,103,0
TRN_VP3a,SNta38,18,85,10544,103,0
TRN_VP3a,SNpp52,18,85,10544,103,0
ORN_VM6v,SNta20,21,82,10544,103,0
ENS2,SNpp30,28,75,10544,103,0
ORN_DP1l,SNpp30,28,75,10544,103,0
SNpp60,SNpp50,44,59,10544,103,0
SApp19,SNta30,50,53,10544,103,0
SNxx04,SNta30,50,53,10544,103,0
SAxx01,SApp04,47,56,10544,103,0
SNxx03,SNta25,51,52,10544,103,0
JO-ED2_c,SNpp45,39,64,10544,103,0
SNxx29,SApp04,47,56,10544,103,0
SNpp47,SNpp45,39,64,10544,103,0
TRN_VP2,SNta38,18,85,10544,103,0
TRN_VP2,SNpp52,18,85,10544,103,0
aPhM2b,SNta38,18,85,10544,103,0
aPhM2b,SNpp52,18,85,10544,103,0
SNpp30,ORN_VA6,75,28,10544,103,0
SNpp30,ENS4,75,28,10544,103,0
SNpp30,SNta26,75,28,10544,103,0
SNxx17,SNta20,21,82,10544,103,0
SNta04,SNta30,50,53,10544,103,0
ORN_DL2v,SNta20,21,82,10544,103,0
SNpp45,SNpp33,64,39,10544,103,0
ORN_VC1,SNta38,18,85,10544,103,0
ORN_VC1,SNpp52,18,85,10544,103,0
ORN_VM7d,SNta38,18,85,10544,103,0
ORN_VM7d,SNpp52,18,85,10544,103,0
SNta38,LgAG2,85,18,10544,103,0
SNta38,DNx01,85,18,10544,103,0
SNpp52,LgAG2,85,18,10544,103,0
SNta11,SApp04,47,56,10544,103,0
SApp04,SNpp51,56,47,10544,103,0
JO-EV3,R7y,91,11,10545,102,0
JO-EV3,R7p,91,11,10545,102,0
JO-EV3,R8p,91,11,10545,102,0
JO-EV3,SNxx09,91,11,10545,102,0
JO-EV3,LgLG2,91,11,10545,102,0
JO-EV3,R8_unclear,91,11,10545,102,0
JO-EV3,LB1a,91,11,10545,102,0
JO-EV3,SNpp21,91,11,10545,102,0
JO-EV3,ORN_VM7v,91,11,10545,102,0
JO-EV3,ORN_DL1,91,11,10545,102,0
SNxx08,SNta20,20,82,10545,102,0
TPMN1,JO-EV6,40,62,10545,102,0
BM_Taste,R8y,92,10,10545,102,0
BM_Taste,HRN_VP1l,92,10,10545,102,0
BM_Taste,PhG6,92,10,10545,102,0
BM_Taste,ORN_DM4,92,10,10545,102,0
BM_Taste,ORN_DM6,92,10,10545,102,0
BM_Taste,ORN_VA3,92,10,10545,102,0
DNx02,ORN_VL2a,68,34,10545,102,0
DNx02,ORN_DA1,68,34,10545,102,0
DNx02,BM_Vib,68,34,10545,102,0
DNx02,PhG1c,68,34,10545,102,0
SNpp19,ORN_DA3,97,5,10545,102,0
SNxx23,SNta25,50,52,10545,102,0
JO-EV1,TRN_VP3a,84,18,10545,102,0
JO-EV1,TRN_VP2,84,18,10545,102,0
JO-EV1,aPhM2b,84,18,10545,102,0
JO-EV1,ORN_VC1,84,18,10545,102,0
JO-EV1,ORN_VM7d,84,18,10545,102,0
JO-EV1,LgAG2,84,18,10545,102,0
JO-EV1,DNx01,84,18,10545,102,0
JO-ED2_a,aPhM2a,56,46,10545,102,0
JO-ED2_a,JO-mz,56,46,10545,102,0
JO-ED2_a,SNta03,56,46,10545,102,0
JO-ED2_a,SNta28,56,46,10545,102,0
TPMN2,JO-CM,26,76,10545,102,0
"SApp06,SApp15",ORN_DA3,97,5,10545,102,0
JO-FV,SAxx01,55,47,10545,102,0
JO-FV,SNxx29,55,47,10545,102,0
JO-FV,SNta11,55,47,10545,102,0
JO-FV,SNpp51,55,47,10545,102,0
SNpp39,aPhM2a,56,46,10545,102,0
SNpp39,JO-mz,56,46,10545,102,0
SNpp39,SNta03,56,46,10545,102,0
SNpp39,SNta28,56,46,10545,102,0
JO-EV6,SNxx15,62,40,10545,102,0
BM,TRN_VP3a,84,18,10545,102,0
BM,TRN_VP2,84,18,10545,102,0
BM,aPhM2b,84,18,10545,102,0
BM,ORN_VC1,84,18,10545,102,0
BM,ORN_VM7d,84,18,10545,102,0
BM,LgAG2,84,18,10545,102,0
BM,DNx01,84,18,10545,102,0
JO-CM,ORN_DM1,76,26,10545,102,0
JO-CM,SNpp10,76,26,10545,102,0
JO-CM,SApp01,76,26,10545,102,0
GNG643,SNpp30,27,75,10545,102,0
SNch01,aPhM2a,56,46,10545,102,0
SNch01,JO-mz,56,46,10545,102,0
SNch01,SNta03,56,46,10545,102,0
SNch01,SNta28,56,46,10545,102,0
JO-ED2_b,SNxx25,64,38,10545,102,0
LB3b,SNta38,17,85,10545,102,0
LB3b,SNpp52,17,85,10545,102,0
aPhM2a,SApp04,46,56,10545,102,0
SAxx02,SNxx03,51,51,10545,102,0
BM_InOm,SNpp23,72,30,10545,102,0
BM_InOm,JO-CL,72,30,10545,102,0
BM_InOm,SNpp41,72,30,10545,102,0
GNG644,SNta20,20,82,10545,102,0
LgLG3,claw_tpGRN,65,37,10545,102,0
SNpp23,SNpp40,30,72,10545,102,0
SNpp40,JO-CL,72,30,10545,102,0
SNpp40,SNpp41,72,30,10545,102,0
LB3d,SNpp30,27,75,10545,102,0
SNxx02,SNpp30,27,75,10545,102,0
BM_Hau,SNpp30,27,75,10545,102,0
JO-mz,SApp04,46,56,10545,102,0
SApp19,SNta25,50,52,10545,102,0
JO-B4_b,SNpp30,27,75,10545,102,0
SNta03,SApp04,46,56,10545,102,0
SNxx04,SNta25,50,52,10545,102,0
"SNta11,SNta14",SNta30,49,53,10545,102,0
ORN_VL2p,SNpp30,27,75,10545,102,0
SNpp30,SNta33,75,27,10545,102,0
ORN_DL5,SNta20,20,82,10545,102,0
SNxx25,SNpp45,38,64,10545,102,0
SNpp50,"SNta02,SNta09",59,43,10545,102,0
WG2,SNta20,20,82,10545,102,0
LgAG3,SNta20,20,82,10545,102,0
SNta04,SNta25,50,52,10545,102,0
ORN_VA1v,SNta38,17,85,10545,102,0
ORN_VA1v,SNpp52,17,85,10545,102,0
JO-A1,SNta38,17,85,10545,102,0
JO-A1,SNpp52,17,85,10545,102,0
PhG1b,SNta20,20,82,10545,102,0
BM_vOcci_vPoOr,SNta20,20,82,10545,102,0
LB1e,SNta20,20,82,10545,102,0
SNta38,SNpp05,85,17,10545,102,0
SNta38,SNxx28,85,17,10545,102,0
SNta38,ORN_VM5v,85,17,10545,102,0
SNta38,SNpp31,85,17,10545,102,0
SNta38,SNpp17,85,17,10545,102,0
SNta38,SNpp01,85,17,10545,102,0
SNpp52,SNpp05,85,17,10545,102,0
SNpp52,SNxx28,85,17,10545,102,0
SNpp52,ORN_VM5v,85,17,10545,102,0
SNpp52,SNpp31,85,17,10545,102,0
SNpp52,SNpp01,85,17,10545,102,0
SApp04,SNta28,56,46,10545,102,0
JO-EV3,R8y,91,10,10546,101,0
JO-EV3,HRN_VP1l,91,10,10546,101,0
JO-EV3,PhG6,91,10,10546,101,0
JO-EV3,LN-DN1,91,10,10546,101,0
JO-EV3,ORN_DM4,91,10,10546,101,0
JO-EV3,ORN_DM6,91,10,10546,101,0
JO-EV3,ORN_VA3,91,10,10546,101,0
BM_Taste,LgLG8,92,9,10546,101,0
BM_Taste,LB4a,92,9,10546,101,0
BM_Taste,PhG3,92,9,10546,101,0
BM_Taste,SApp21,92,9,10546,101,0
BM_Taste,LgAG6,92,9,10546,101,0
BM_Taste,tpn MN,92,9,10546,101,0
BM_Taste,JO-B4_a,92,9,10546,101,0
DNx02,WG3,68,33,10546,101,0
DNx02,SNta31,68,33,10546,101,0
aPhM5,BM_InOm,29,72,10546,101,0
aPhM5,SNpp40,29,72,10546,101,0
SNxx23,SAxx02,50,51,10546,101,0
SNxx23,SNxx03,50,51,10546,101,0
JO-EV1,LB3b,84,17,10546,101,0
JO-EV1,ORN_VA1v,84,17,10546,101,0
JO-EV1,JO-A1,84,17,10546,101,0
JO-EV1,SNpp05,84,17,10546,101,0
JO-EV1,SNxx28,84,17,10546,101,0
JO-EV1,ORN_VM5v,84,17,10546,101,0
JO-EV1,SNpp31,84,17,10546,101,0
JO-EV1,SNpp17,84,17,10546,101,0
JO-EV1,SNpp01,84,17,10546,101,0
JO-EV5,SAxx01,54,47,10546,101,0
JO-EV5,SNxx29,54,47,10546,101,0
JO-EV5,SNta11,54,47,10546,101,0
JO-EV5,SNpp51,54,47,10546,101,0
TPMN2,SNpp30,26,75,10546,101,0
JO-FV,aPhM2a,55,46,10546,101,0
JO-FV,JO-mz,55,46,10546,101,0
JO-FV,SNta03,55,46,10546,101,0
JO-FV,SNta28,55,46,10546,101,0
JO-A2,LgLG3,36,65,10546,101,0
JO-EV6,LgLG1b,62,39,10546,101,0
JO-EV6,JO-ED2_c,62,39,10546,101,0
JO-EV6,SNpp47,62,39,10546,101,0
JO-EV6,SNpp33,62,39,10546,101,0
aPhM4,SNta20,19,82,10546,101,0
BM,LB3b,84,17,10546,101,0
BM,ORN_VA1v,84,17,10546,101,0
BM,JO-A1,84,17,10546,101,0
BM,SNpp05,84,17,10546,101,0
BM,SNxx28,84,17,10546,101,0
BM,ORN_VM5v,84,17,10546,101,0
BM,SNpp31,84,17,10546,101,0
BM,SNpp01,84,17,10546,101,0
JO-EV2,SNpp50,42,59,10546,101,0
JO-CM,LB3c,76,25,10546,101,0
JO-CM,SNxx26,76,25,10546,101,0
JO-CM,ORN_VA2,76,25,10546,101,0
JO-ED2_b,claw_tpGRN,64,37,10546,101,0
SAxx02,SApp19,51,50,10546,101,0
SAxx02,SNxx04,51,50,10546,101,0
SAxx02,SNta04,51,50,10546,101,0
BM_InOm,SNxx11,72,29,10546,101,0
BM_InOm,ORN_DC4,72,29,10546,101,0
BM_InOm,LB1c,72,29,10546,101,0
BM_InOm,"SNpp29,SNpp63",72,29,10546,101,0
LgLG3,SNpp16,65,36,10546,101,0
LgLG3,SNxx14,65,36,10546,101,0
LgLG3,SNch10,65,36,10546,101,0
LgLG3,SNta18,65,36,10546,101,0
claw_tpGRN,SNpp45,37,64,10546,101,0
SNpp40,SNxx11,72,29,10546,101,0
SNpp40,ORN_DC4,72,29,10546,101,0
SNpp40,LB1c,72,29,10546,101,0
SNpp40,"SNpp29,SNpp63",72,29,10546,101,0
SNpp40,"SNta04,SNta11",72,29,10546,101,0
LB3a,SNta20,19,82,10546,101,0
SApp19,SNxx03,50,51,10546,101,0
"SNta11,SNta14",SNta25,49,52,10546,101,0
ORN_DM1,SNpp30,26,75,10546,101,0
SNxx03,SNta04,51,50,10546,101,0
GNG642,SNta38,16,85,10546,101,0
GNG642,SNpp52,16,85,10546,101,0
SNpp30,SApp01,75,26,10546,101,0
SNpp35,SNta20,19,82,10546,101,0
SNpp50,SNpp32,59,42,10546,101,0
ORN_V,SNta38,16,85,10546,101,0
ORN_V,SNpp52,16,85,10546,101,0
LgAG5,SNta20,19,82,10546,101,0
PhG10,SNta38,16,85,10546,101,0
PhG10,SNpp52,16,85,10546,101,0
LgAG7,SNta20,19,82,10546,101,0
ORN_VL1,SNta38,16,85,10546,101,0
ORN_VL1,SNpp52,16,85,10546,101,0
ORN_DL2d,SNta20,19,82,10546,101,0
SNta38,LgLG4,85,16,10546,101,0
SNta38,ORN_VM5d,85,16,10546,101,0
SNta38,SNpp11,85,16,10546,101,0
SNta38,ALBN1,85,16,10546,101,0
SNta38,ENS5,85,16,10546,101,0
SNta38,dorsal_tpGRN,85,16,10546,101,0
SNta38,JO-CA2,85,16,10546,101,0
SNpp52,LgLG4,85,16,10546,101,0
SNpp52,ORN_VM5d,85,16,10546,101,0
SNpp52,SNpp11,85,16,10546,101,0
SNpp52,ALBN1,85,16,10546,101,0
SNpp52,ENS5,85,16,10546,101,0
SNpp52,dorsal_tpGRN,85,16,10546,101,0
SNpp52,JO-CA2,85,16,10546,101,0
JO-B1_a,SNta20,19,82,10546,101,0
SNta13,SNta20,19,82,10546,101,0
SNxx07,DNx02,32,68,10547,100,0
JO-EV3,LgLG8,91,9,10547,100,0
JO-EV3,LB4a,91,9,10547,100,0
JO-EV3,PhG3,91,9,10547,100,0
JO-EV3,SApp21,91,9,10547,100,0
JO-EV3,LgAG6,91,9,10547,100,0
JO-EV3,tpn MN,91,9,10547,100,0
JO-EV3,JO-B4_a,91,9,10547,100,0
BM_Taste,LgLG5,92,8,10547,100,0
BM_Taste,HBeyelet,92,8,10547,100,0
BM_Taste,PhG1a,92,8,10547,100,0
DNx02,aPhM3,68,32,10547,100,0
DNx02,SApp14,68,32,10547,100,0
DNx02,SNpp07,68,32,10547,100,0
R7_unclear,SNta38,15,85,10547,100,0
R7_unclear,SNpp52,15,85,10547,100,0
SNpp19,R8d,97,3,10547,100,0
SNxx23,SApp19,50,50,10547,100,0
SNxx23,SNxx04,50,50,10547,100,0
SNxx23,SNta04,50,50,10547,100,0
JO-EV1,GNG642,84,16,10547,100,0
JO-EV1,ORN_V,84,16,10547,100,0
JO-EV1,PhG10,84,16,10547,100,0
JO-EV1,ORN_VL1,84,16,10547,100,0
JO-EV1,LgLG4,84,16,10547,100,0
JO-EV1,ORN_VM5d,84,16,10547,100,0
JO-EV1,SNpp11,84,16,10547,100,0
JO-EV1,ALBN1,84,16,10547,100,0
JO-EV1,ENS5,84,16,10547,100,0
JO-EV1,dorsal_tpGRN,84,16,10547,100,0
JO-EV1,JO-CA2,84,16,10547,100,0
JO-EV5,aPhM2a,54,46,10547,100,0
JO-EV5,JO-mz,54,46,10547,100,0
JO-EV5,SNta03,54,46,10547,100,0
JO-EV5,SNta28,54,46,10547,100,0
JO-ED2_a,SNxx20,56,44,10547,100,0
JO-ED2_a,LgAG1,56,44,10547,100,0
JO-ED2_a,SNpp60,56,44,10547,100,0
"SApp06,SApp15",R8d,97,3,10547,100,0
LgLG1a,SNpp50,41,59,10547,100,0
SNpp39,SNxx20,56,44,10547,100,0
SNpp39,LgAG1,56,44,10547,100,0
SNpp39,SNpp60,56,44,10547,100,0
JO-A2,JO-ED2_b,36,64,10547,100,0
JO-A2,SNpp45,36,64,10547,100,0
JO-EV6,SNxx25,62,38,10547,100,0
BM,GNG642,84,16,10547,100,0
BM,ORN_V,84,16,10547,100,0
BM,PhG10,84,16,10547,100,0
BM,ORN_VL1,84,16,10547,100,0
BM,LgLG4,84,16,10547,100,0
BM,ORN_VM5d,84,16,10547,100,0
BM,SNpp11,84,16,10547,100,0
BM,ALBN1,84,16,10547,100,0
BM,ENS5,84,16,10547,100,0
BM,dorsal_tpGRN,84,16,10547,100,0
BM,JO-CA2,84,16,10547,100,0
SNxx20,SNch01,44,56,10547,100,0
SNxx20,SApp04,44,56,10547,100,0
LgAG1,SNch01,44,56,10547,100,0
LgAG1,SApp04,44,56,10547,100,0
JO-CM,TRN_VP1m,76,24,10547,100,0
JO-CM,SNpp02,76,24,10547,100,0
SNch01,SNpp60,56,44,10547,100,0
JO-ED2_b,SNpp16,64,36,10547,100,0
JO-ED2_b,SNxx14,64,36,10547,100,0
JO-ED2_b,SNch10,64,36,10547,100,0
JO-ED2_b,SNta18,64,36,10547,100,0
SAxx02,"SNta11,SNta14",51,49,10547,100,0
BM_InOm,ENS2,72,28,10547,100,0
BM_InOm,ORN_DP1l,72,28,10547,100,0
BM_InOm,ORN_VA6,72,28,10547,100,0
BM_InOm,ENS4,72,28,10547,100,0
BM_InOm,SNta26,72,28,10547,100,0
LgLG3,ORN_DP1m,65,35,10547,100,0
LgLG3,"SApp11,SApp18",65,35,10547,100,0
WG1,SNta38,15,85,10547,100,0
WG1,SNpp52,15,85,10547,100,0
SNta14,SNpp40,28,72,10547,100,0
SNpp40,ENS2,72,28,10547,100,0
SNpp40,ORN_DP1l,72,28,10547,100,0
SNpp40,ORN_VA6,72,28,10547,100,0
SNpp40,ENS4,72,28,10547,100,0
SNpp40,SNta26,72,28,10547,100,0
TRN_VP3a,SNta20,18,82,10547,100,0
LB3c,SNpp30,25,75,10547,100,0
SNpp16,SNpp45,36,64,10547,100,0
SNpp60,SApp04,44,56,10547,100,0
SApp19,SNxx04,50,50,10547,100,0
SNxx04,SNta04,50,50,10547,100,0
"SNta11,SNta14",SNxx03,49,51,10547,100,0
SAxx01,SNta30,47,53,10547,100,0
SNxx29,SNta30,47,53,10547,100,0
TRN_VP2,SNta20,18,82,10547,100,0
aPhM2b,SNta20,18,82,10547,100,0
LgAG9,SNta38,15,85,10547,100,0
LgAG9,SNpp52,15,85,10547,100,0
SNpp30,SNxx26,75,25,10547,100,0
SNpp30,ORN_VA2,75,25,10547,100,0
SNpp43,SNpp50,41,59,10547,100,0
SNxx14,SNpp45,36,64,10547,100,0
SNch10,SNpp45,36,64,10547,100,0
SNpp45,SNta18,64,36,10547,100,0
ORN_VC1,SNta20,18,82,10547,100,0
ORN_VM7d,SNta20,18,82,10547,100,0
SNta38,ORN_VA1d,85,15,10547,100,0
SNta38,SNpp57,85,15,10547,100,0
SNta38,LB1b,85,15,10547,100,0
SNta38,SNpp12,85,15,10547,100,0
SNta38,PhG8,85,15,10547,100,0
SNpp52,ORN_VA1d,85,15,10547,100,0
SNpp52,SNpp57,85,15,10547,100,0
SNpp52,LB1b,85,15,10547,100,0
SNpp52,SNpp12,85,15,10547,100,0
SNpp52,PhG8,85,15,10547,100,0
SNta11,SNta30,47,53,10547,100,0
SNpp51,SNta30,47,53,10547,100,0
LgAG2,SNta20,18,82,10547,100,0
SNta20,DNx01,82,18,10547,100,0
JO-EV3,LgLG5,91,8,10548,99,0
JO-EV3,HBeyelet,91,8,10548,99,0
JO-EV3,PhG1a,91,8,10548,99,0
TPMN1,SNpp50,40,59,10548,99,0
BM_Taste,LgLG7,92,7,10548,99,0
BM_Taste,DNg83,92,7,10548,99,0
BM_Taste,ORN_DL3,92,7,10548,99,0
BM_Taste,ORN_DM3,92,7,10548,99,0
DNx02,HRN_VP4,68,31,10548,99,0
DNx02,HRN_VP1d,68,31,10548,99,0
DNx02,JO-ED1,68,31,10548,99,0
DNx02,SApp13,68,31,10548,99,0
R7_unclear,JO-EV1,15,84,10548,99,0
R7_unclear,BM,15,84,10548,99,0
SNxx23,"SNta11,SNta14",50,49,10548,99,0
JO-EV1,WG1,84,15,10548,99,0
JO-EV1,LgAG9,84,15,10548,99,0
JO-EV1,ORN_VA1d,84,15,10548,99,0
JO-EV1,SNpp57,84,15,10548,99,0
JO-EV1,LB1b,84,15,10548,99,0
JO-EV1,SNpp12,84,15,10548,99,0
JO-EV1,PhG8,84,15,10548,99,0
JO-ED2_a,"SNta02,SNta09",56,43,10548,99,0
JO-FV,SNxx20,55,44,10548,99,0
JO-FV,LgAG1,55,44,10548,99,0
JO-FV,SNpp60,55,44,10548,99,0
SNpp39,"SNta02,SNta09",56,43,10548,99,0
JO-EV6,claw_tpGRN,62,37,10548,99,0
BM,WG1,84,15,10548,99,0
BM,LgAG9,84,15,10548,99,0
BM,ORN_VA1d,84,15,10548,99,0
BM,SNpp57,84,15,10548,99,0
BM,LB1b,84,15,10548,99,0
BM,SNpp12,84,15,10548,99,0
BM,PhG8,84,15,10548,99,0
JO-CM,WG4,76,23,10548,99,0
JO-CM,ORN_D,76,23,10548,99,0
GNG643,SNpp40,27,72,10548,99,0
SNch01,"SNta02,SNta09",56,43,10548,99,0
JO-ED2_b,ORN_DP1m,64,35,10548,99,0
JO-ED2_b,"SApp11,SApp18",64,35,10548,99,0
ORN_VL2a,LgLG3,34,65,10548,99,0
LB3b,SNta20,17,82,10548,99,0
SNxx15,SNpp50,40,59,10548,99,0
aPhM2a,SNta30,46,53,10548,99,0
BM_InOm,SNxx02,72,27,10548,99,0
BM_InOm,JO-B4_b,72,27,10548,99,0
BM_InOm,SApp23,72,27,10548,99,0
BM_InOm,ORN_VL2p,72,27,10548,99,0
LgLG3,ORN_DA1,65,34,10548,99,0
LgLG3,BM_Vib,65,34,10548,99,0
LgLG3,PhG1c,65,34,10548,99,0
SNpp40,LB3d,72,27,10548,99,0
SNpp40,SNxx02,72,27,10548,99,0
SNpp40,BM_Hau,72,27,10548,99,0
SNpp40,JO-B4_b,72,27,10548,99,0
SNpp40,SApp23,72,27,10548,99,0
SNpp40,ORN_VL2p,72,27,10548,99,0
SNpp40,SNta33,72,27,10548,99,0
TRN_VP1m,SNpp30,24,75,10548,99,0
JO-mz,SNta30,46,53,10548,99,0
SApp19,"SNta11,SNta14",50,49,10548,99,0
ORN_DP1m,SNpp45,35,64,10548,99,0
SNta03,SNta30,46,53,10548,99,0
SNxx04,"SNta11,SNta14",50,49,10548,99,0
SAxx01,SNta25,47,52,10548,99,0
SNxx29,SNta25,47,52,10548,99,0
GNG654,SNta38,14,85,10548,99,0
GNG654,SNpp52,14,85,10548,99,0
"SApp11,SApp18",SNpp45,35,64,10548,99,0
ORN_VA1v,SNta20,17,82,10548,99,0
JO-A1,SNta20,17,82,10548,99,0
HRN_VP5,SNta38,14,85,10548,99,0
HRN_VP5,SNpp52,14,85,10548,99,0
LB4b,SNta38,14,85,10548,99,0
LB4b,SNpp52,14,85,10548,99,0
SNxx24,SNta38,14,85,10548,99,0
SNxx24,SNpp52,14,85,10548,99,0
SNta38,ORN_VC5,85,14,10548,99,0
SNta38,PhG4,85,14,10548,99,0
SNta38,SNpp06,85,14,10548,99,0
SNta38,BM_MaPa,85,14,10548,99,0
SNta38,PhG14,85,14,10548,99,0
SNta38,SNpp56,85,14,10548,99,0
SNta38,JO-B2,85,14,10548,99,0
SNta38,JO-B1_c,85,14,10548,99,0
SNpp52,ORN_VC5,85,14,10548,99,0
SNpp52,PhG4,85,14,10548,99,0
SNpp52,SNpp06,85,14,10548,99,0
SNpp52,BM_MaPa,85,14,10548,99,0
SNpp52,PhG14,85,14,10548,99,0
SNpp52,SNpp56,85,14,10548,99,0
SNpp52,JO-B2,85,14,10548,99,0
SNpp52,JO-B1_c,85,14,10548,99,0
SNta11,SNta25,47,52,10548,99,0
SApp04,"SNta02,SNta09",56,43,10548,99,0
SNpp51,SNta25,47,52,10548,99,0
SNpp05,SNta20,17,82,10548,99,0
SNxx28,SNta20,17,82,10548,99,0
ORN_VM5v,SNta20,17,82,10548,99,0
SNta20,SNpp31,82,17,10548,99,0
SNta20,SNpp17,82,17,10548,99,0
SNta20,SNpp01,82,17,10548,99,0
JO-EV3,LgLG7,91,7,10549,98,0
JO-EV3,DNg83,91,7,10549,98,0
JO-EV3,ORN_DL3,91,7,10549,98,0
JO-EV3,ORN_DM3,91,7,10549,98,0
DNx02,SNpp23,68,30,10549,98,0
DNx02,JO-CL,68,30,10549,98,0
DNx02,SNpp41,68,30,10549,98,0
JO-EV1,GNG654,84,14,10549,98,0
JO-EV1,HRN_VP5,84,14,10549,98,0
JO-EV1,LB4b,84,14,10549,98,0
JO-EV1,SNxx24,84,14,10549,98,0
JO-EV1,ORN_VC5,84,14,10549,98,0
JO-EV1,PhG4,84,14,10549,98,0
JO-EV1,SNpp06,84,14,10549,98,0
JO-EV1,BM_MaPa,84,14,10549,98,0
JO-EV1,PhG14,84,14,10549,98,0
JO-EV1,SNpp56,84,14,10549,98,0
JO-EV1,JO-B2,84,14,10549,98,0
JO-EV1,JO-B1_c,84,14,10549,98,0
JO-EV5,SNxx20,54,44,10549,98,0
JO-EV5,LgAG1,54,44,10549,98,0
JO-EV5,SNpp60,54,44,10549,98,0
JO-ED2_a,JO-EV2,56,42,10549,98,0
JO-ED2_a,SNpp32,56,42,10549,98,0
TPMN2,BM_InOm,26,72,10549,98,0
TPMN2,SNpp40,26,72,10549,98,0
JO-FV,"SNta02,SNta09",55,43,10549,98,0
R7d,SNta38,13,85,10549,98,0
R7d,SNpp52,13,85,10549,98,0
LgLG6,SNta38,13,85,10549,98,0
LgLG6,SNpp52,13,85,10549,98,0
SNpp39,JO-EV2,56,42,10549,98,0
SNpp39,SNpp32,56,42,10549,98,0
JO-A2,JO-EV6,36,62,10549,98,0
JO-EV6,SNpp16,62,36,10549,98,0
JO-EV6,SNxx14,62,36,10549,98,0
JO-EV6,SNch10,62,36,10549,98,0
JO-EV6,SNta18,62,36,10549,98,0
BM,GNG654,84,14,10549,98,0
BM,HRN_VP5,84,14,10549,98,0
BM,LB4b,84,14,10549,98,0
BM,SNxx24,84,14,10549,98,0
BM,ORN_VC5,84,14,10549,98,0
BM,PhG4,84,14,10549,98,0
BM,SNpp06,84,14,10549,98,0
BM,BM_MaPa,84,14,10549,98,0
BM,PhG14,84,14,10549,98,0
BM,SNpp56,84,14,10549,98,0
BM,JO-B2,84,14,10549,98,0
BM,JO-B1_c,84,14,10549,98,0
JO-EV2,SNch01,42,56,10549,98,0
JO-EV2,SApp04,42,56,10549,98,0
JO-CM,aPhM1,76,22,10549,98,0
JO-CM,BM_Vt_PoOc,76,22,10549,98,0
JO-CM,PhG9,76,22,10549,98,0
JO-CM,ORN_DC1,76,22,10549,98,0
JO-CM,SNpp62,76,22,10549,98,0
JO-CM,SNpp58,76,22,10549,98,0
JO-CM,SNxx19,76,22,10549,98,0
JO-CM,SNxx21,76,22,10549,98,0
JO-CM,JO-B3,76,22,10549,98,0
LgLG1b,SNpp50,39,59,10549,98,0
SNch01,SNpp32,56,42,10549,98,0
JO-ED2_b,ORN_VL2a,64,34,10549,98,0
JO-ED2_b,ORN_DA1,64,34,10549,98,0
JO-ED2_b,BM_Vib,64,34,10549,98,0
JO-ED2_b,PhG1c,64,34,10549,98,0
WG3,LgLG3,33,65,10549,98,0
ORN_VL2a,SNpp45,34,64,10549,98,0
aPhM2a,SNta25,46,52,10549,98,0
SAxx02,SAxx01,51,47,10549,98,0
SAxx02,SNxx29,51,47,10549,98,0
SAxx02,SNta11,51,47,10549,98,0
SAxx02,SNpp51,51,47,10549,98,0
BM_InOm,ORN_DM1,72,26,10549,98,0
BM_InOm,SNpp10,72,26,10549,98,0
BM_InOm,SApp01,72,26,10549,98,0
LgLG3,SNta31,65,33,10549,98,0
ORN_DA1,SNpp45,34,64,10549,98,0
SNpp40,ORN_DM1,72,26,10549,98,0
SNpp40,SNpp10,72,26,10549,98,0
SNpp40,SApp01,72,26,10549,98,0
JO-mz,SNta25,46,52,10549,98,0
SNta03,SNta25,46,52,10549,98,0
SAxx01,SNxx03,47,51,10549,98,0
SNxx03,SNxx29,51,47,10549,98,0
SNxx03,SNta11,51,47,10549,98,0
SNxx03,SNpp51,51,47,10549,98,0
JO-ED2_c,SNpp50,39,59,10549,98,0
BM_Vib,SNpp45,34,64,10549,98,0
GNG642,SNta20,16,82,10549,98,0
ORN_DM2,SNta38,13,85,10549,98,0
ORN_DM2,SNpp52,13,85,10549,98,0
SNpp47,SNpp50,39,59,10549,98,0
SNpp30,ORN_D,75,23,10549,98,0
PhG1c,SNpp45,34,64,10549,98,0
SNpp50,SNpp33,59,39,10549,98,0
ORN_V,SNta20,16,82,10549,98,0
PhG10,SNta20,16,82,10549,98,0
DNg20,SNta38,13,85,10549,98,0
DNg20,SNpp52,13,85,10549,98,0
ORN_VL1,SNta20,16,82,10549,98,0
SNta38,SNxx06,85,13,10549,98,0
SNta38,SNpp15,85,13,10549,98,0
SNta38,ORN_DA2,85,13,10549,98,0
SNta38,PhG16,85,13,10549,98,0
SNta38,SNpp18,85,13,10549,98,0
SNta38,LgAG8,85,13,10549,98,0
SNpp52,SNxx06,85,13,10549,98,0
SNpp52,SNpp15,85,13,10549,98,0
SNpp52,ORN_DA2,85,13,10549,98,0
SNpp52,PhG16,85,13,10549,98,0
SNpp52,SNpp18,85,13,10549,98,0
SNpp52,LgAG8,85,13,10549,98,0
SApp04,SNpp32,56,42,10549,98,0
LgLG4,SNta20,16,82,10549,98,0
ORN_VM5d,SNta20,16,82,10549,98,0
SNta20,SNpp11,82,16,10549,98,0
SNta20,ALBN1,82,16,10549,98,0
SNta20,ENS5,82,16,10549,98,0
SNta20,dorsal_tpGRN,82,16,10549,98,0
SNta20,JO-CA2,82,16,10549,98,0
SNxx07,LgLG3,32,65,10550,97,0
BM_Taste,ORN_DA3,92,5,10550,97,0
DNx02,aPhM5,68,29,10550,97,0
DNx02,SNxx11,68,29,10550,97,0
DNx02,ORN_DC4,68,29,10550,97,0
DNx02,LB1c,68,29,10550,97,0
DNx02,"SNpp29,SNpp63",68,29,10550,97,0
DNx02,"SNta04,SNta11",68,29,10550,97,0
R7_unclear,SNta20,15,82,10550,97,0
SNxx23,SAxx01,50,47,10550,97,0
SNxx23,SNxx29,50,47,10550,97,0
SNxx23,SNta11,50,47,10550,97,0
SNxx23,SNpp51,50,47,10550,97,0
JO-EV1,R7d,84,13,10550,97,0
JO-EV1,LgLG6,84,13,10550,97,0
JO-EV1,ORN_DM2,84,13,10550,97,0
JO-EV1,DNg20,84,13,10550,97,0
JO-EV1,SNxx06,84,13,10550,97,0
JO-EV1,SNpp15,84,13,10550,97,0
JO-EV1,ORN_DA2,84,13,10550,97,0
JO-EV1,PhG16,84,13,10550,97,0
JO-EV1,SNpp18,84,13,10550,97,0
JO-EV1,LgAG8,84,13,10550,97,0
JO-EV5,"SNta02,SNta09",54,43,10550,97,0
JO-ED2_a,LgLG1a,56,41,10550,97,0
JO-ED2_a,SNpp43,56,41,10550,97,0
JO-FV,JO-EV2,55,42,10550,97,0
JO-FV,SNpp32,55,42,10550,97,0
R7d,BM,13,84,10550,97,0
LgLG6,BM,13,84,10550,97,0
LgLG1a,SNpp39,41,56,10550,97,0
LgLG1a,SNch01,41,56,10550,97,0
LgLG1a,SApp04,41,56,10550,97,0
aPhM3,LgLG3,32,65,10550,97,0
SNpp39,SNpp43,56,41,10550,97,0
JO-EV6,ORN_DP1m,62,35,10550,97,0
JO-EV6,"SApp11,SApp18",62,35,10550,97,0
BM,ORN_DM2,84,13,10550,97,0
BM,SNxx06,84,13,10550,97,0
BM,SNpp15,84,13,10550,97,0
BM,ORN_DA2,84,13,10550,97,0
BM,PhG16,84,13,10550,97,0
BM,SNpp18,84,13,10550,97,0
BM,LgAG8,84,13,10550,97,0
SNxx20,SNta30,44,53,10550,97,0
JO-CM,JO-A3,76,21,10550,97,0
JO-CM,ORN_VM6v,76,21,10550,97,0
JO-CM,SNxx17,76,21,10550,97,0
JO-CM,ORN_DL2v,76,21,10550,97,0
SNch01,SNpp43,56,41,10550,97,0
JO-ED2_b,WG3,64,33,10550,97,0
JO-ED2_b,SNta31,64,33,10550,97,0
WG3,SNpp45,33,64,10550,97,0
aPhM1,SNpp30,22,75,10550,97,0
aPhM2a,SAxx02,46,51,10550,97,0
aPhM2a,SNxx03,46,51,10550,97,0
SAxx02,JO-mz,51,46,10550,97,0
SAxx02,SNta03,51,46,10550,97,0
SAxx02,SNta28,51,46,10550,97,0
BM_InOm,LB3c,72,25,10550,97,0
BM_InOm,SNxx26,72,25,10550,97,0
BM_InOm,ORN_VA2,72,25,10550,97,0
BM_Vt_PoOc,SNpp30,22,75,10550,97,0
LgLG3,SApp14,65,32,10550,97,0
LgLG3,SNpp07,65,32,10550,97,0
WG1,SNta20,15,82,10550,97,0
SNpp40,LB3c,72,25,10550,97,0
SNpp40,SNxx26,72,25,10550,97,0
SNpp40,ORN_VA2,72,25,10550,97,0
PhG9,SNpp30,22,75,10550,97,0
JO-mz,SNxx03,46,51,10550,97,0
SNpp60,SNta30,44,53,10550,97,0
SApp19,SAxx01,50,47,10550,97,0
SApp19,SNxx29,50,47,10550,97,0
SApp19,SNta11,50,47,10550,97,0
SApp19,SNpp51,50,47,10550,97,0
SNta03,SNxx03,46,51,10550,97,0
SNxx04,SAxx01,50,47,10550,97,0
SNxx04,SNxx29,50,47,10550,97,0
SNxx04,SNta11,50,47,10550,97,0
SNxx04,SNpp51,50,47,10550,97,0
SAxx01,SNta04,47,50,10550,97,0
SNxx03,SNta28,51,46,10550,97,0
SNxx29,SNta04,47,50,10550,97,0
ORN_DC1,SNpp30,22,75,10550,97,0
LgAG9,SNta20,15,82,10550,97,0
SNpp30,SNpp58,75,22,10550,97,0
SNpp30,SNxx19,75,22,10550,97,0
SNpp30,SNxx21,75,22,10550,97,0
SNpp30,JO-B3,75,22,10550,97,0
ENS3,SNta38,12,85,10550,97,0
ENS3,SNpp52,12,85,10550,97,0
SNpp43,SApp04,41,56,10550,97,0
SNxx25,SNpp50,38,59,10550,97,0
SNta04,SNpp51,50,47,10550,97,0
SNpp45,SNta31,64,33,10550,97,0
ORN_VM4,SNta38,12,85,10550,97,0
ORN_VM4,SNpp52,12,85,10550,97,0
SNta38,ENS1,85,12,10550,97,0
SNta38,PhG13,85,12,10550,97,0
SNta38,ORN_DC2,85,12,10550,97,0
SNta38,SNpp37,85,12,10550,97,0
SNta38,ORN_VC4,85,12,10550,97,0
SNta38,b2 MN,85,12,10550,97,0
SNpp52,ENS1,85,12,10550,97,0
SNpp52,PhG13,85,12,10550,97,0
SNpp52,ORN_DC2,85,12,10550,97,0
SNpp52,SNpp37,85,12,10550,97,0
SNpp52,ORN_VC4,85,12,10550,97,0
SNpp52,b2 MN,85,12,10550,97,0
ORN_VA1d,SNta20,15,82,10550,97,0
SNpp57,SNta20,15,82,10550,97,0
LB1b,SNta20,15,82,10550,97,0
SNta20,SNpp12,82,15,10550,97,0
SNta20,PhG8,82,15,10550,97,0
SNxx07,JO-ED2_b,32,64,10551,96,0
SNxx07,SNpp45,32,64,10551,96,0
JO-EV3,ORN_DA3,91,5,10551,96,0
SNxx08,JO-CM,20,76,10551,96,0
TPMN1,JO-ED2_a,40,56,10551,96,0
TPMN1,SNpp39,40,56,10551,96,0
TPMN1,SNch01,40,56,10551,96,0
TPMN1,SApp04,40,56,10551,96,0
DNx02,SNta14,68,28,10551,96,0
DNx02,ENS2,68,28,10551,96,0
DNx02,ORN_DP1l,68,28,10551,96,0
DNx02,ORN_VA6,68,28,10551,96,0
DNx02,ENS4,68,28,10551,96,0
DNx02,SNta26,68,28,10551,96,0
SNxx23,aPhM2a,50,46,10551,96,0
SNxx23,JO-mz,50,46,10551,96,0
SNxx23,SNta03,50,46,10551,96,0
SNxx23,SNta28,50,46,10551,96,0
JO-EV1,ENS3,84,12,10551,96,0
JO-EV1,ORN_VM4,84,12,10551,96,0
JO-EV1,ENS1,84,12,10551,96,0
JO-EV1,PhG13,84,12,10551,96,0
JO-EV1,ORN_DC2,84,12,10551,96,0
JO-EV1,SNpp37,84,12,10551,96,0
JO-EV1,ORN_VC4,84,12,10551,96,0
JO-EV1,b2 MN,84,12,10551,96,0
JO-EV5,JO-EV2,54,42,10551,96,0
JO-EV5,SNpp32,54,42,10551,96,0
JO-ED2_a,SNxx15,56,40,10551,96,0
R7y,SNta38,11,85,10551,96,0
R7y,SNpp52,11,85,10551,96,0
R7p,SNta38,11,85,10551,96,0
R7p,SNpp52,11,85,10551,96,0
JO-FV,LgLG1a,55,41,10551,96,0
JO-FV,SNpp43,55,41,10551,96,0
aPhM3,JO-ED2_b,32,64,10551,96,0
aPhM3,SNpp45,32,64,10551,96,0
SNpp39,SNxx15,56,40,10551,96,0
JO-EV6,ORN_VL2a,62,34,10551,96,0
JO-EV6,ORN_DA1,62,34,10551,96,0
JO-EV6,BM_Vib,62,34,10551,96,0
JO-EV6,PhG1c,62,34,10551,96,0
BM,ENS3,84,12,10551,96,0
BM,ORN_VM4,84,12,10551,96,0
BM,ENS1,84,12,10551,96,0
BM,PhG13,84,12,10551,96,0
BM,ORN_DC2,84,12,10551,96,0
BM,SNpp37,84,12,10551,96,0
BM,ORN_VC4,84,12,10551,96,0
BM,b2 MN,84,12,10551,96,0
SNxx20,SNta25,44,52,10551,96,0
LgAG1,SNta25,44,52,10551,96,0
JO-CM,GNG644,76,20,10551,96,0
JO-CM,ORN_DL5,76,20,10551,96,0
JO-CM,WG2,76,20,10551,96,0
JO-CM,LgAG3,76,20,10551,96,0
JO-CM,PhG1b,76,20,10551,96,0
JO-CM,BM_vOcci_vPoOr,76,20,10551,96,0
JO-CM,LB1e,76,20,10551,96,0
JO-CM,SNxx30,76,20,10551,96,0
SNch01,SNxx15,56,40,10551,96,0
HRN_VP4,LgLG3,31,65,10551,96,0
JO-ED2_b,SApp14,64,32,10551,96,0
JO-ED2_b,SNpp07,64,32,10551,96,0
R8p,SNta38,11,85,10551,96,0
R8p,SNpp52,11,85,10551,96,0
SNxx09,SNta38,11,85,10551,96,0
SNxx09,SNpp52,11,85,10551,96,0
SNxx15,SApp04,40,56,10551,96,0
aPhM2a,SApp19,46,50,10551,96,0
aPhM2a,SNxx04,46,50,10551,96,0
aPhM2a,SNta04,46,50,10551,96,0
BM_InOm,TRN_VP1m,72,24,10551,96,0
BM_InOm,SNpp02,72,24,10551,96,0
LgLG3,HRN_VP1d,65,31,10551,96,0
LgLG3,JO-ED1,65,31,10551,96,0
LgLG3,SApp13,65,31,10551,96,0
JO-A3,SNpp30,21,75,10551,96,0
claw_tpGRN,SNpp50,37,59,10551,96,0
SNpp40,TRN_VP1m,72,24,10551,96,0
LgLG2,SNta38,11,85,10551,96,0
LgLG2,SNpp52,11,85,10551,96,0
ORN_VM6v,SNpp30,21,75,10551,96,0
JO-mz,SApp19,46,50,10551,96,0
JO-mz,SNxx04,46,50,10551,96,0
JO-mz,SNta04,46,50,10551,96,0
SNpp60,SNta25,44,52,10551,96,0
SApp19,SNta03,50,46,10551,96,0
SApp19,SNta28,50,46,10551,96,0
SNta03,SNxx04,46,50,10551,96,0
SNta03,SNta04,46,50,10551,96,0
R8_unclear,SNta38,11,85,10551,96,0
R8_unclear,SNpp52,11,85,10551,96,0
SNxx04,SNta28,50,46,10551,96,0
"SNta11,SNta14",SAxx01,49,47,10551,96,0
"SNta11,SNta14",SNxx29,49,47,10551,96,0
"SNta11,SNta14",SNpp51,49,47,10551,96,0
GNG654,SNta20,14,82,10551,96,0
SNpp30,SNxx17,75,21,10551,96,0
SNpp30,ORN_DL2v,75,21,10551,96,0
SNta04,SNta28,50,46,10551,96,0
HRN_VP5,SNta20,14,82,10551,96,0
LB4b,SNta20,14,82,10551,96,0
SNxx24,SNta20,14,82,10551,96,0
SNpp45,SApp14,64,32,10551,96,0
SNpp45,SNpp07,64,32,10551,96,0
LB1a,SNta38,11,85,10551,96,0
LB1a,SNpp52,11,85,10551,96,0
SNta38,SNpp21,85,11,10551,96,0
SNta38,ORN_VM7v,85,11,10551,96,0
SNta38,ORN_DL1,85,11,10551,96,0
SNpp52,SNpp21,85,11,10551,96,0
SNpp52,ORN_VM7v,85,11,10551,96,0
SNpp52,ORN_DL1,85,11,10551,96,0
"SNta02,SNta09",SNta30,43,53,10551,96,0
ORN_VC5,SNta20,14,82,10551,96,0
PhG4,SNta20,14,82,10551,96,0
SNpp06,SNta20,14,82,10551,96,0
BM_MaPa,SNta20,14,82,10551,96,0
PhG14,SNta20,14,82,10551,96,0
SNta20,SNpp56,82,14,10551,96,0
SNta20,JO-B2,82,14,10551,96,0
SNta20,JO-B1_c,82,14,10551,96,0
SNxx08,SNpp30,20,75,10552,95,0
TPMN1,JO-FV,40,55,10552,95,0
BM_Taste,R8d,92,3,10552,95,0
DNx02,GNG643,68,27,10552,95,0
DNx02,LB3d,68,27,10552,95,0
DNx02,SNxx02,68,27,10552,95,0
DNx02,BM_Hau,68,27,10552,95,0
DNx02,JO-B4_b,68,27,10552,95,0
DNx02,SApp23,68,27,10552,95,0
DNx02,ORN_VL2p,68,27,10552,95,0
DNx02,SNta33,68,27,10552,95,0
JO-EV1,R7y,84,11,10552,95,0
JO-EV1,R7p,84,11,10552,95,0
JO-EV1,R8p,84,11,10552,95,0
JO-EV1,SNxx09,84,11,10552,95,0
JO-EV1,LgLG2,84,11,10552,95,0
JO-EV1,R8_unclear,84,11,10552,95,0
JO-EV1,LB1a,84,11,10552,95,0
JO-EV1,SNpp21,84,11,10552,95,0
JO-EV1,ORN_VM7v,84,11,10552,95,0
JO-EV1,ORN_DL1,84,11,10552,95,0
JO-EV5,LgLG1a,54,41,10552,95,0
JO-EV5,SNpp43,54,41,10552,95,0
JO-ED2_a,LgLG1b,56,39,10552,95,0
JO-ED2_a,JO-ED2_c,56,39,10552,95,0
JO-ED2_a,SNpp47,56,39,10552,95,0
JO-ED2_a,SNpp33,56,39,10552,95,0
R7y,BM,11,84,10552,95,0
R7p,BM,11,84,10552,95,0
JO-FV,SNxx15,55,40,10552,95,0
R7d,SNta20,13,82,10552,95,0
LgLG6,SNta20,13,82,10552,95,0
SNpp39,LgLG1b,56,39,10552,95,0
SNpp39,JO-ED2_c,56,39,10552,95,0
SNpp39,SNpp47,56,39,10552,95,0
SNpp39,SNpp33,56,39,10552,95,0
JO-A2,SNpp50,36,59,10552,95,0
JO-EV6,WG3,62,33,10552,95,0
JO-EV6,SNta31,62,33,10552,95,0
aPhM4,JO-CM,19,76,10552,95,0
BM,R8p,84,11,10552,95,0
BM,SNxx09,84,11,10552,95,0
BM,LgLG2,84,11,10552,95,0
BM,R8_unclear,84,11,10552,95,0
BM,LB1a,84,11,10552,95,0
BM,SNpp21,84,11,10552,95,0
BM,ORN_VM7v,84,11,10552,95,0
BM,ORN_DL1,84,11,10552,95,0
JO-EV2,SNta30,42,53,10552,95,0
SNxx20,SAxx02,44,51,10552,95,0
SNxx20,SNxx03,44,51,10552,95,0
LgAG1,SAxx02,44,51,10552,95,0
LgAG1,SNxx03,44,51,10552,95,0
JO-CM,LB3a,76,19,10552,95,0
JO-CM,SNpp35,76,19,10552,95,0
JO-CM,LgAG5,76,19,10552,95,0
JO-CM,LgAG7,76,19,10552,95,0
JO-CM,ORN_DL2d,76,19,10552,95,0
JO-CM,JO-B1_a,76,19,10552,95,0
JO-CM,SNta13,76,19,10552,95,0
LgLG1b,SNch01,39,56,10552,95,0
LgLG1b,SApp04,39,56,10552,95,0
SNch01,JO-ED2_c,56,39,10552,95,0
SNch01,SNpp47,56,39,10552,95,0
SNch01,SNpp33,56,39,10552,95,0
HRN_VP4,JO-ED2_b,31,64,10552,95,0
HRN_VP4,SNpp45,31,64,10552,95,0
JO-ED2_b,HRN_VP1d,64,31,10552,95,0
JO-ED2_b,JO-ED1,64,31,10552,95,0
JO-ED2_b,SApp13,64,31,10552,95,0
aPhM2a,"SNta11,SNta14",46,49,10552,95,0
SAxx02,SNpp60,51,44,10552,95,0
BM_InOm,ORN_D,72,23,10552,95,0
GNG644,SNpp30,20,75,10552,95,0
R8y,SNta38,10,85,10552,95,0
R8y,SNpp52,10,85,10552,95,0
LgLG3,SNpp23,65,30,10552,95,0
LgLG3,JO-CL,65,30,10552,95,0
LgLG3,SNpp41,65,30,10552,95,0
SNpp40,WG4,72,23,10552,95,0
SNpp40,ORN_D,72,23,10552,95,0
SNpp16,SNpp50,36,59,10552,95,0
JO-mz,"SNta11,SNta14",46,49,10552,95,0
SNpp60,SNxx03,44,51,10552,95,0
SNta03,"SNta11,SNta14",46,49,10552,95,0
"SNta11,SNta14",SNta28,49,46,10552,95,0
JO-ED2_c,SApp04,39,56,10552,95,0
HRN_VP1d,SNpp45,31,64,10552,95,0
ORN_DM2,SNta20,13,82,10552,95,0
SNpp47,SApp04,39,56,10552,95,0
SNpp30,ORN_DL5,75,20,10552,95,0
SNpp30,WG2,75,20,10552,95,0
SNpp30,LgAG3,75,20,10552,95,0
SNpp30,PhG1b,75,20,10552,95,0
SNpp30,BM_vOcci_vPoOr,75,20,10552,95,0
SNpp30,LB1e,75,20,10552,95,0
SNpp30,SNxx30,75,20,10552,95,0
JO-ED1,SNpp45,31,64,10552,95,0
SNpp50,SNxx14,59,36,10552,95,0
SNpp50,SNch10,59,36,10552,95,0
SNpp50,SNta18,59,36,10552,95,0
HRN_VP1l,SNta38,10,85,10552,95,0
HRN_VP1l,SNpp52,10,85,10552,95,0
SNpp45,SApp13,64,31,10552,95,0
DNg20,SNta20,13,82,10552,95,0
PhG6,SNta38,10,85,10552,95,0
PhG6,SNpp52,10,85,10552,95,0
SNpp33,SApp04,39,56,10552,95,0
SNta38,LN-DN1,85,10,10552,95,0
SNta38,ORN_DM4,85,10,10552,95,0
SNta38,ORN_DM6,85,10,10552,95,0
SNta38,ORN_VA3,85,10,10552,95,0
SNpp52,LN-DN1,85,10,10552,95,0
SNpp52,ORN_DM4,85,10,10552,95,0
SNpp52,ORN_DM6,85,10,10552,95,0
SNpp52,ORN_VA3,85,10,10552,95,0
"SNta02,SNta09",SNta25,43,52,10552,95,0
SNpp32,SNta30,42,53,10552,95,0
SNxx06,SNta20,13,82,10552,95,0
SNpp15,SNta20,13,82,10552,95,0
ORN_DA2,SNta20,13,82,10552,95,0
PhG16,SNta20,13,82,10552,95,0
SNta20,SNpp18,82,13,10552,95,0
SNta20,LgAG8,82,13,10552,95,0
SNxx07,JO-EV6,32,62,10553,94,0
JO-EV3,R8d,91,3,10553,94,0
TPMN1,JO-EV5,40,54,10553,94,0
DNx02,TPMN2,68,26,10553,94,0
DNx02,ORN_DM1,68,26,10553,94,0
DNx02,SNpp10,68,26,10553,94,0
DNx02,SApp01,68,26,10553,94,0
aPhM5,LgLG3,29,65,10553,94,0
SNxx23,SNxx20,50,44,10553,94,0
SNxx23,LgAG1,50,44,10553,94,0
SNxx23,SNpp60,50,44,10553,94,0
JO-EV1,R8y,84,10,10553,94,0
JO-EV1,HRN_VP1l,84,10,10553,94,0
JO-EV1,PhG6,84,10,10553,94,0
JO-EV1,LN-DN1,84,10,10553,94,0
JO-EV1,ORN_DM4,84,10,10553,94,0
JO-EV1,ORN_DM6,84,10,10553,94,0
JO-EV1,ORN_VA3,84,10,10553,94,0
JO-EV5,SNxx15,54,40,10553,94,0
JO-ED2_a,SNxx25,56,38,10553,94,0
JO-FV,LgLG1b,55,39,10553,94,0
JO-FV,JO-ED2_c,55,39,10553,94,0
JO-FV,SNpp47,55,39,10553,94,0
JO-FV,SNpp33,55,39,10553,94,0
aPhM3,JO-EV6,32,62,10553,94,0
SNpp39,SNxx25,56,38,10553,94,0
JO-EV6,SApp14,62,32,10553,94,0
JO-EV6,SNpp07,62,32,10553,94,0
aPhM4,SNpp30,19,75,10553,94,0
BM,R8y,84,10,10553,94,0
BM,HRN_VP1l,84,10,10553,94,0
BM,PhG6,84,10,10553,94,0
BM,LN-DN1,84,10,10553,94,0
BM,ORN_DM4,84,10,10553,94,0
BM,ORN_DM6,84,10,10553,94,0
BM,ORN_VA3,84,10,10553,94,0
JO-EV2,SNta25,42,52,10553,94,0
SNxx20,SApp19,44,50,10553,94,0
SNxx20,SNxx04,44,50,10553,94,0
SNxx20,SNta04,44,50,10553,94,0
LgAG1,SApp19,44,50,10553,94,0
LgAG1,SNxx04,44,50,10553,94,0
LgAG1,SNta04,44,50,10553,94,0
JO-CM,TRN_VP3a,76,18,10553,94,0
JO-CM,TRN_VP2,76,18,10553,94,0
JO-CM,aPhM2b,76,18,10553,94,0
JO-CM,ORN_VC1,76,18,10553,94,0
JO-CM,ORN_VM7d,76,18,10553,94,0
JO-CM,LgAG2,76,18,10553,94,0
JO-CM,DNx01,76,18,10553,94,0
SNch01,SNxx25,56,38,10553,94,0
JO-ED2_b,SNpp23,64,30,10553,94,0
JO-ED2_b,JO-CL,64,30,10553,94,0
JO-ED2_b,SNpp41,64,30,10553,94,0
aPhM1,BM_InOm,22,72,10553,94,0
aPhM1,SNpp40,22,72,10553,94,0
SAxx02,"SNta02,SNta09",51,43,10553,94,0
BM_InOm,PhG9,72,22,10553,94,0
BM_InOm,ORN_DC1,72,22,10553,94,0
BM_InOm,SNpp62,72,22,10553,94,0
BM_InOm,SNpp58,72,22,10553,94,0
BM_InOm,SNxx19,72,22,10553,94,0
BM_InOm,SNxx21,72,22,10553,94,0
BM_InOm,JO-B3,72,22,10553,94,0
BM_Vt_PoOc,SNpp40,22,72,10553,94,0
LgLG3,SNxx11,65,29,10553,94,0
LgLG3,ORN_DC4,65,29,10553,94,0
LgLG3,LB1c,65,29,10553,94,0
LgLG3,"SNpp29,SNpp63",65,29,10553,94,0
LgLG3,"SNta04,SNta11",65,29,10553,94,0
SNpp23,SNpp45,30,64,10553,94,0
SNpp40,PhG9,72,22,10553,94,0
SNpp40,ORN_DC1,72,22,10553,94,0
SNpp40,SNpp62,72,22,10553,94,0
SNpp40,SNpp58,72,22,10553,94,0
SNpp40,SNxx19,72,22,10553,94,0
SNpp40,SNxx21,72,22,10553,94,0
SNpp40,JO-B3,72,22,10553,94,0
LgLG8,SNta38,9,85,10553,94,0
LgLG8,SNpp52,9,85,10553,94,0
LB3a,SNpp30,19,75,10553,94,0
SNpp60,SApp19,44,50,10553,94,0
SNpp60,SNxx04,44,50,10553,94,0
SNpp60,SNta04,44,50,10553,94,0
ORN_DP1m,SNpp50,35,59,10553,94,0
SAxx01,SNxx29,47,47,10553,94,0
SAxx01,SNta11,47,47,10553,94,0
SAxx01,SNpp51,47,47,10553,94,0
SNxx03,"SNta02,SNta09",51,43,10553,94,0
SNxx29,SNta11,47,47,10553,94,0
SNxx29,SNpp51,47,47,10553,94,0
JO-CL,SNpp45,30,64,10553,94,0
SNpp30,SNpp35,75,19,10553,94,0
SNpp30,LgAG5,75,19,10553,94,0
SNpp30,LgAG7,75,19,10553,94,0
SNpp30,ORN_DL2d,75,19,10553,94,0
SNpp30,JO-B1_a,75,19,10553,94,0
ENS3,SNta20,12,82,10553,94,0
SNpp43,SNta30,41,53,10553,94,0
SNpp41,SNpp45,30,64,10553,94,0
SNxx25,SApp04,38,56,10553,94,0
SNpp50,"SApp11,SApp18",59,35,10553,94,0
ORN_VM4,SNta20,12,82,10553,94,0
SNta38,LB4a,85,9,10553,94,0
SNta38,PhG3,85,9,10553,94,0
SNta38,SApp21,85,9,10553,94,0
SNta38,LgAG6,85,9,10553,94,0
SNta38,tpn MN,85,9,10553,94,0
SNta38,JO-B4_a,85,9,10553,94,0
SNpp52,LB4a,85,9,10553,94,0
SNpp52,PhG3,85,9,10553,94,0
SNpp52,SApp21,85,9,10553,94,0
SNpp52,LgAG6,85,9,10553,94,0
SNpp52,tpn MN,85,9,10553,94,0
SNpp52,JO-B4_a,85,9,10553,94,0
SNta11,SNpp51,47,47,10553,94,0
ENS1,SNta20,12,82,10553,94,0
PhG13,SNta20,12,82,10553,94,0
SNpp32,SNta25,42,52,10553,94,0
ORN_DC2,SNta20,12,82,10553,94,0
SNpp37,SNta20,12,82,10553,94,0
SNta20,ORN_VC4,82,12,10553,94,0
SNta20,b2 MN,82,12,10553,94,0
TPMN1,SNta30,40,53,10554,93,0
DNx02,LB3c,68,25,10554,93,0
DNx02,SNxx26,68,25,10554,93,0
DNx02,ORN_VA2,68,25,10554,93,0
aPhM5,JO-ED2_b,29,64,10554,93,0
aPhM5,SNpp45,29,64,10554,93,0
SNxx23,"SNta02,SNta09",50,43,10554,93,0
JO-EV1,LgLG8,84,9,10554,93,0
JO-EV1,LB4a,84,9,10554,93,0
JO-EV1,PhG3,84,9,10554,93,0
JO-EV1,SApp21,84,9,10554,93,0
JO-EV1,LgAG6,84,9,10554,93,0
JO-EV1,tpn MN,84,9,10554,93,0
JO-EV1,JO-B4_a,84,9,10554,93,0
JO-EV5,LgLG1b,54,39,10554,93,0
JO-EV5,JO-ED2_c,54,39,10554,93,0
JO-EV5,SNpp47,54,39,10554,93,0
JO-EV5,SNpp33,54,39,10554,93,0
JO-ED2_a,claw_tpGRN,56,37,10554,93,0
R7y,SNta20,11,82,10554,93,0
R7p,SNta20,11,82,10554,93,0
JO-FV,SNxx25,55,38,10554,93,0
LgLG1a,SNta25,41,52,10554,93,0
SNpp39,claw_tpGRN,56,37,10554,93,0
JO-EV6,HRN_VP4,62,31,10554,93,0
JO-EV6,HRN_VP1d,62,31,10554,93,0
JO-EV6,JO-ED1,62,31,10554,93,0
JO-EV6,SApp13,62,31,10554,93,0
BM,LgLG8,84,9,10554,93,0
BM,LB4a,84,9,10554,93,0
BM,PhG3,84,9,10554,93,0
BM,SApp21,84,9,10554,93,0
BM,LgAG6,84,9,10554,93,0
BM,tpn MN,84,9,10554,93,0
BM,JO-B4_a,84,9,10554,93,0
JO-EV2,SAxx02,42,51,10554,93,0
JO-EV2,SNxx03,42,51,10554,93,0
SNxx20,"SNta11,SNta14",44,49,10554,93,0
LgAG1,"SNta11,SNta14",44,49,10554,93,0
JO-CM,LB3b,76,17,10554,93,0
JO-CM,ORN_VA1v,76,17,10554,93,0
JO-CM,JO-A1,76,17,10554,93,0
JO-CM,SNpp05,76,17,10554,93,0
JO-CM,SNxx28,76,17,10554,93,0
JO-CM,ORN_VM5v,76,17,10554,93,0
JO-CM,SNpp31,76,17,10554,93,0
JO-CM,SNpp17,76,17,10554,93,0
JO-CM,SNpp01,76,17,10554,93,0
SNch01,claw_tpGRN,56,37,10554,93,0
JO-ED2_b,SNxx11,64,29,10554,93,0
JO-ED2_b,ORN_DC4,64,29,10554,93,0
JO-ED2_b,LB1c,64,29,10554,93,0
JO-ED2_b,"SNpp29,SNpp63",64,29,10554,93,0
JO-ED2_b,"SNta04,SNta11",64,29,10554,93,0
R8p,SNta20,11,82,10554,93,0
SNxx09,SNta20,11,82,10554,93,0
ORN_VL2a,SNpp50,34,59,10554,93,0
SNxx15,SNta30,40,53,10554,93,0
aPhM2a,SAxx01,46,47,10554,93,0
aPhM2a,SNxx29,46,47,10554,93,0
aPhM2a,SNta11,46,47,10554,93,0
aPhM2a,SNpp51,46,47,10554,93,0
SAxx02,SNpp32,51,42,10554,93,0
BM_InOm,JO-A3,72,21,10554,93,0
BM_InOm,ORN_VM6v,72,21,10554,93,0
BM_InOm,SNxx17,72,21,10554,93,0
BM_InOm,ORN_DL2v,72,21,10554,93,0
LgLG5,SNta38,8,85,10554,93,0
LgLG5,SNpp52,8,85,10554,93,0
LgLG3,SNta14,65,28,10554,93,0
LgLG3,ENS2,65,28,10554,93,0
LgLG3,ORN_DP1l,65,28,10554,93,0
LgLG3,ORN_VA6,65,28,10554,93,0
LgLG3,ENS4,65,28,10554,93,0
LgLG3,SNta26,65,28,10554,93,0
JO-A3,SNpp40,21,72,10554,93,0
ORN_DA1,SNpp50,34,59,10554,93,0
claw_tpGRN,SApp04,37,56,10554,93,0
SNpp40,ORN_VM6v,72,21,10554,93,0
SNpp40,SNxx17,72,21,10554,93,0
SNpp40,ORN_DL2v,72,21,10554,93,0
LgLG2,SNta20,11,82,10554,93,0
TRN_VP3a,SNpp30,18,75,10554,93,0
JO-mz,SAxx01,46,47,10554,93,0
JO-mz,SNxx29,46,47,10554,93,0
JO-mz,SNta11,46,47,10554,93,0
JO-mz,SNpp51,46,47,10554,93,0
SNpp60,"SNta11,SNta14",44,49,10554,93,0
SApp19,"SNta02,SNta09",50,43,10554,93,0
SNta03,SAxx01,46,47,10554,93,0
SNta03,SNxx29,46,47,10554,93,0
SNta03,SNta11,46,47,10554,93,0
SNta03,SNpp51,46,47,10554,93,0
R8_unclear,SNta20,11,82,10554,93,0
SNxx04,"SNta02,SNta09",50,43,10554,93,0
SAxx01,SNta28,47,46,10554,93,0
SNxx03,SNpp32,51,42,10554,93,0
BM_Vib,SNpp50,34,59,10554,93,0
SNxx29,SNta28,47,46,10554,93,0
SNxx11,SNpp45,29,64,10554,93,0
ORN_DC4,SNpp45,29,64,10554,93,0
TRN_VP2,SNpp30,18,75,10554,93,0
aPhM2b,SNpp30,18,75,10554,93,0
LB1c,SNpp45,29,64,10554,93,0
SNpp30,ORN_VC1,75,18,10554,93,0
SNpp30,ORN_VM7d,75,18,10554,93,0
SNpp30,LgAG2,75,18,10554,93,0
SNpp43,SNta25,41,52,10554,93,0
PhG1c,SNpp50,34,59,10554,93,0
"SNpp29,SNpp63",SNpp45,29,64,10554,93,0
SNpp45,"SNta04,SNta11",64,29,10554,93,0
LB1a,SNta20,11,82,10554,93,0
SNta38,HBeyelet,85,8,10554,93,0
SNta38,PhG1a,85,8,10554,93,0
SNpp52,HBeyelet,85,8,10554,93,0
SNpp52,PhG1a,85,8,10554,93,0
SNta11,SNta28,47,46,10554,93,0
SNpp51,SNta28,47,46,10554,93,0
SNpp21,SNta20,11,82,10554,93,0
ORN_VM7v,SNta20,11,82,10554,93,0
ORN_DL1,SNta20,11,82,10554,93,0
SNxx08,BM_InOm,20,72,10555,92,0
SNxx08,SNpp40,20,72,10555,92,0
TPMN1,SNta25,40,52,10555,92,0
DNx02,TRN_VP1m,68,24,10555,92,0
DNx02,SNpp02,68,24,10555,92,0
SNxx23,JO-EV2,50,42,10555,92,0
SNxx23,SNpp32,50,42,10555,92,0
JO-EV1,LgLG5,84,8,10555,92,0
JO-EV1,HBeyelet,84,8,10555,92,0
JO-EV1,PhG1a,84,8,10555,92,0
JO-EV5,SNxx25,54,38,10555,92,0
JO-ED2_a,JO-A2,56,36,10555,92,0
JO-ED2_a,SNpp16,56,36,10555,92,0
JO-ED2_a,SNxx14,56,36,10555,92,0
JO-ED2_a,SNch10,56,36,10555,92,0
JO-ED2_a,SNta18,56,36,10555,92,0
JO-FV,claw_tpGRN,55,37,10555,92,0
LgLG1a,SAxx02,41,51,10555,92,0
LgLG1a,SNxx03,41,51,10555,92,0
SNpp39,JO-A2,56,36,10555,92,0
SNpp39,SNpp16,56,36,10555,92,0
SNpp39,SNxx14,56,36,10555,92,0
SNpp39,SNch10,56,36,10555,92,0
SNpp39,SNta18,56,36,10555,92,0
JO-A2,SNch01,36,56,10555,92,0
JO-A2,SApp04,36,56,10555,92,0
JO-EV6,SNpp23,62,30,10555,92,0
JO-EV6,JO-CL,62,30,10555,92,0
JO-EV6,SNpp41,62,30,10555,92,0
BM,LgLG5,84,8,10555,92,0
BM,HBeyelet,84,8,10555,92,0
BM,PhG1a,84,8,10555,92,0
JO-EV2,SApp19,42,50,10555,92,0
JO-EV2,SNxx04,42,50,10555,92,0
JO-EV2,SNta04,42,50,10555,92,0
JO-CM,GNG642,76,16,10555,92,0
JO-CM,ORN_V,76,16,10555,92,0
JO-CM,PhG10,76,16,10555,92,0
JO-CM,ORN_VL1,76,16,10555,92,0
JO-CM,LgLG4,76,16,10555,92,0
JO-CM,ORN_VM5d,76,16,10555,92,0
JO-CM,SNpp11,76,16,10555,92,0
JO-CM,ALBN1,76,16,10555,92,0
JO-CM,ENS5,76,16,10555,92,0
JO-CM,dorsal_tpGRN,76,16,10555,92,0
JO-CM,JO-CA2,76,16,10555,92,0
GNG643,LgLG3,27,65,10555,92,0
SNch01,SNpp16,56,36,10555,92,0
SNch01,SNxx14,56,36,10555,92,0
SNch01,SNch10,56,36,10555,92,0
SNch01,SNta18,56,36,10555,92,0
JO-ED2_b,SNta14,64,28,10555,92,0
JO-ED2_b,ENS2,64,28,10555,92,0
JO-ED2_b,ORN_DP1l,64,28,10555,92,0
JO-ED2_b,ORN_VA6,64,28,10555,92,0
JO-ED2_b,ENS4,64,28,10555,92,0
JO-ED2_b,SNta26,64,28,10555,92,0
WG3,SNpp50,33,59,10555,92,0
LB3b,SNpp30,17,75,10555,92,0
SNxx15,SNta25,40,52,10555,92,0
aPhM2a,JO-mz,46,46,10555,92,0
aPhM2a,SNta03,46,46,10555,92,0
aPhM2a,SNta28,46,46,10555,92,0
SAxx02,SNpp43,51,41,10555,92,0
BM_InOm,GNG644,72,20,10555,92,0
BM_InOm,ORN_DL5,72,20,10555,92,0
BM_InOm,WG2,72,20,10555,92,0
BM_InOm,LgAG3,72,20,10555,92,0
BM_InOm,PhG1b,72,20,10555,92,0
BM_InOm,LB1e,72,20,10555,92,0
BM_InOm,SNxx30,72,20,10555,92,0
GNG644,SNpp40,20,72,10555,92,0
R8y,SNta20,10,82,10555,92,0
LgLG3,LB3d,65,27,10555,92,0
LgLG3,SNxx02,65,27,10555,92,0
LgLG3,BM_Hau,65,27,10555,92,0
LgLG3,JO-B4_b,65,27,10555,92,0
LgLG3,SApp23,65,27,10555,92,0
LgLG3,ORN_VL2p,65,27,10555,92,0
LgLG3,SNta33,65,27,10555,92,0
SNta14,SNpp45,28,64,10555,92,0
SNpp40,ORN_DL5,72,20,10555,92,0
SNpp40,WG2,72,20,10555,92,0
SNpp40,LgAG3,72,20,10555,92,0
SNpp40,PhG1b,72,20,10555,92,0
SNpp40,BM_vOcci_vPoOr,72,20,10555,92,0
SNpp40,LB1e,72,20,10555,92,0
SNpp40,SNxx30,72,20,10555,92,0
ENS2,SNpp45,28,64,10555,92,0
ORN_DP1l,SNpp45,28,64,10555,92,0
SNpp16,SApp04,36,56,10555,92,0
JO-mz,SNta03,46,46,10555,92,0
JO-mz,SNta28,46,46,10555,92,0
SApp19,SNpp32,50,42,10555,92,0
SNta03,SNta28,46,46,10555,92,0
SNxx04,SNpp32,50,42,10555,92,0
SNxx03,SNpp43,51,41,10555,92,0
JO-ED2_c,SNta30,39,53,10555,92,0
SNpp47,SNta30,39,53,10555,92,0
SNpp30,ORN_VA1v,75,17,10555,92,0
SNpp30,JO-A1,75,17,10555,92,0
SNpp30,SNpp05,75,17,10555,92,0
SNpp30,SNxx28,75,17,10555,92,0
SNpp30,ORN_VM5v,75,17,10555,92,0
SNpp30,SNpp31,75,17,10555,92,0
SNpp50,SNta31,59,33,10555,92,0
SNxx14,SApp04,36,56,10555,92,0
SNta04,SNpp32,50,42,10555,92,0
SNch10,SApp04,36,56,10555,92,0
ORN_VA6,SNpp45,28,64,10555,92,0
HRN_VP1l,SNta20,10,82,10555,92,0
SNpp45,ENS4,64,28,10555,92,0
SNpp45,SNta26,64,28,10555,92,0
PhG6,SNta20,10,82,10555,92,0
SNpp33,SNta30,39,53,10555,92,0
SNta18,SApp04,36,56,10555,92,0
SNta38,LgLG7,85,7,10555,92,0
SNta38,DNg83,85,7,10555,92,0
SNta38,ORN_DL3,85,7,10555,92,0
SNta38,ORN_DM3,85,7,10555,92,0
SNpp52,LgLG7,85,7,10555,92,0
SNpp52,DNg83,85,7,10555,92,0
SNpp52,ORN_DL3,85,7,10555,92,0
SNpp52,ORN_DM3,85,7,10555,92,0
LN-DN1,SNta20,10,82,10555,92,0
ORN_DM4,SNta20,10,82,10555,92,0
SNta20,ORN_DM6,82,10,10555,92,0
SNta20,ORN_VA3,82,10,10555,92,0
SNxx07,SNpp50,32,59,10556,91,0
TPMN1,SAxx02,40,51,10556,91,0
TPMN1,SNxx03,40,51,10556,91,0
DNx02,WG4,68,23,10556,91,0
DNx02,ORN_D,68,23,10556,91,0
R7_unclear,JO-CM,15,76,10556,91,0
aPhM5,JO-EV6,29,62,10556,91,0
SNxx23,LgLG1a,50,41,10556,91,0
SNxx23,SNpp43,50,41,10556,91,0
JO-EV1,LgLG7,84,7,10556,91,0
JO-EV1,DNg83,84,7,10556,91,0
JO-EV1,ORN_DL3,84,7,10556,91,0
JO-EV1,ORN_DM3,84,7,10556,91,0
JO-EV5,claw_tpGRN,54,37,10556,91,0
JO-ED2_a,ORN_DP1m,56,35,10556,91,0
JO-ED2_a,"SApp11,SApp18",56,35,10556,91,0
TPMN2,LgLG3,26,65,10556,91,0
JO-FV,JO-A2,55,36,10556,91,0
JO-FV,SNpp16,55,36,10556,91,0
JO-FV,SNxx14,55,36,10556,91,0
JO-FV,SNch10,55,36,10556,91,0
JO-FV,SNta18,55,36,10556,91,0
LgLG1a,SApp19,41,50,10556,91,0
LgLG1a,SNxx04,41,50,10556,91,0
LgLG1a,SNta04,41,50,10556,91,0
aPhM3,SNpp50,32,59,10556,91,0
SNpp39,ORN_DP1m,56,35,10556,91,0
SNpp39,"SApp11,SApp18",56,35,10556,91,0
JO-EV6,SNxx11,62,29,10556,91,0
JO-EV6,ORN_DC4,62,29,10556,91,0
JO-EV6,LB1c,62,29,10556,91,0
JO-EV6,"SNpp29,SNpp63",62,29,10556,91,0
JO-EV6,"SNta04,SNta11",62,29,10556,91,0
aPhM4,BM_InOm,19,72,10556,91,0
aPhM4,SNpp40,19,72,10556,91,0
BM,LgLG7,84,7,10556,91,0
BM,ORN_DL3,84,7,10556,91,0
BM,ORN_DM3,84,7,10556,91,0
JO-EV2,"SNta11,SNta14",42,49,10556,91,0
SNxx20,SAxx01,44,47,10556,91,0
SNxx20,SNxx29,44,47,10556,91,0
SNxx20,SNta11,44,47,10556,91,0
SNxx20,SNpp51,44,47,10556,91,0
LgAG1,SAxx01,44,47,10556,91,0
LgAG1,SNxx29,44,47,10556,91,0
LgAG1,SNta11,44,47,10556,91,0
LgAG1,SNpp51,44,47,10556,91,0
JO-CM,WG1,76,15,10556,91,0
JO-CM,LgAG9,76,15,10556,91,0
JO-CM,ORN_VA1d,76,15,10556,91,0
JO-CM,SNpp57,76,15,10556,91,0
JO-CM,LB1b,76,15,10556,91,0
JO-CM,SNpp12,76,15,10556,91,0
JO-CM,PhG8,76,15,10556,91,0
LgLG1b,SNta25,39,52,10556,91,0
GNG643,JO-ED2_b,27,64,10556,91,0
GNG643,SNpp45,27,64,10556,91,0
SNch01,ORN_DP1m,56,35,10556,91,0
SNch01,"SApp11,SApp18",56,35,10556,91,0
JO-ED2_b,LB3d,64,27,10556,91,0
JO-ED2_b,SNxx02,64,27,10556,91,0
JO-ED2_b,BM_Hau,64,27,10556,91,0
JO-ED2_b,JO-B4_b,64,27,10556,91,0
JO-ED2_b,SApp23,64,27,10556,91,0
JO-ED2_b,ORN_VL2p,64,27,10556,91,0
JO-ED2_b,SNta33,64,27,10556,91,0
SNxx15,SAxx02,40,51,10556,91,0
BM_InOm,LB3a,72,19,10556,91,0
BM_InOm,SNpp35,72,19,10556,91,0
BM_InOm,LgAG5,72,19,10556,91,0
BM_InOm,LgAG7,72,19,10556,91,0
BM_InOm,ORN_DL2d,72,19,10556,91,0
BM_InOm,JO-B1_a,72,19,10556,91,0
BM_InOm,SNta13,72,19,10556,91,0
LgLG3,ORN_DM1,65,26,10556,91,0
LgLG3,SNpp10,65,26,10556,91,0
LgLG3,SApp01,65,26,10556,91,0
SNpp40,LB3a,72,19,10556,91,0
SNpp40,SNpp35,72,19,10556,91,0
SNpp40,LgAG5,72,19,10556,91,0
SNpp40,LgAG7,72,19,10556,91,0
SNpp40,ORN_DL2d,72,19,10556,91,0
SNpp40,JO-B1_a,72,19,10556,91,0
SNpp40,SNta13,72,19,10556,91,0
LB3d,SNpp45,27,64,10556,91,0
SNxx02,SNpp45,27,64,10556,91,0
LgLG8,SNta20,9,82,10556,91,0
BM_Hau,SNpp45,27,64,10556,91,0
SNpp60,SAxx01,44,47,10556,91,0
SNpp60,SNxx29,44,47,10556,91,0
SNpp60,SNta11,44,47,10556,91,0
SNpp60,SNpp51,44,47,10556,91,0
SApp19,SNpp43,50,41,10556,91,0
ORN_DP1m,SApp04,35,56,10556,91,0
JO-B4_b,SNpp45,27,64,10556,91,0
SNxx04,SNpp43,50,41,10556,91,0
"SNta11,SNta14",SNpp32,49,42,10556,91,0
JO-ED2_c,SNta25,39,52,10556,91,0
GNG642,SNpp30,16,75,10556,91,0
SApp23,SNpp45,27,64,10556,91,0
SNpp47,SNta25,39,52,10556,91,0
ORN_VL2p,SNpp45,27,64,10556,91,0
SNpp30,ORN_V,75,16,10556,91,0
SNpp30,PhG10,75,16,10556,91,0
SNpp30,ORN_VL1,75,16,10556,91,0
SNpp30,LgLG4,75,16,10556,91,0
SNpp30,ORN_VM5d,75,16,10556,91,0
SNpp30,SNpp11,75,16,10556,91,0
SNpp30,ALBN1,75,16,10556,91,0
SNpp30,ENS5,75,16,10556,91,0
SNpp30,dorsal_tpGRN,75,16,10556,91,0
SNpp30,JO-CA2,75,16,10556,91,0
SNpp43,SNta04,41,50,10556,91,0
SNxx25,SNta30,38,53,10556,91,0
SNpp50,SApp14,59,32,10556,91,0
SNpp50,SNpp07,59,32,10556,91,0
"SApp11,SApp18",SApp04,35,56,10556,91,0
SNpp45,SNta33,64,27,10556,91,0
SNpp33,SNta25,39,52,10556,91,0
LB4a,SNta20,9,82,10556,91,0
PhG3,SNta20,9,82,10556,91,0
SApp21,SNta20,9,82,10556,91,0
SNta20,LgAG6,82,9,10556,91,0
SNta20,tpn MN,82,9,10556,91,0
SNta20,JO-B4_a,82,9,10556,91,0
TPMN1,SNxx23,40,50,10557,90,0
TPMN1,SApp19,40,50,10557,90,0
TPMN1,SNxx04,40,50,10557,90,0
TPMN1,SNta04,40,50,10557,90,0
DNx02,aPhM1,68,22,10557,90,0
DNx02,BM_Vt_PoOc,68,22,10557,90,0
DNx02,PhG9,68,22,10557,90,0
DNx02,ORN_DC1,68,22,10557,90,0
DNx02,SNpp62,68,22,10557,90,0
DNx02,SNpp58,68,22,10557,90,0
DNx02,SNxx19,68,22,10557,90,0
DNx02,SNxx21,68,22,10557,90,0
DNx02,JO-B3,68,22,10557,90,0
R7_unclear,SNpp30,15,75,10557,90,0
SNxx23,SNxx15,50,40,10557,90,0
JO-EV5,JO-A2,54,36,10557,90,0
JO-EV5,SNpp16,54,36,10557,90,0
JO-EV5,SNxx14,54,36,10557,90,0
JO-EV5,SNch10,54,36,10557,90,0
JO-EV5,SNta18,54,36,10557,90,0
JO-ED2_a,ORN_VL2a,56,34,10557,90,0
JO-ED2_a,ORN_DA1,56,34,10557,90,0
JO-ED2_a,BM_Vib,56,34,10557,90,0
JO-ED2_a,PhG1c,56,34,10557,90,0
TPMN2,JO-ED2_b,26,64,10557,90,0
TPMN2,SNpp45,26,64,10557,90,0
JO-FV,ORN_DP1m,55,35,10557,90,0
JO-FV,"SApp11,SApp18",55,35,10557,90,0
LgLG1a,"SNta11,SNta14",41,49,10557,90,0
SNpp39,ORN_VL2a,56,34,10557,90,0
SNpp39,ORN_DA1,56,34,10557,90,0
SNpp39,BM_Vib,56,34,10557,90,0
SNpp39,PhG1c,56,34,10557,90,0
JO-EV6,SNta14,62,28,10557,90,0
JO-EV6,ENS2,62,28,10557,90,0
JO-EV6,ORN_DP1l,62,28,10557,90,0
JO-EV6,ORN_VA6,62,28,10557,90,0
JO-EV6,ENS4,62,28,10557,90,0
JO-EV6,SNta26,62,28,10557,90,0
SNxx20,aPhM2a,44,46,10557,90,0
SNxx20,JO-mz,44,46,10557,90,0
SNxx20,SNta03,44,46,10557,90,0
SNxx20,SNta28,44,46,10557,90,0
LgAG1,aPhM2a,44,46,10557,90,0
LgAG1,JO-mz,44,46,10557,90,0
LgAG1,SNta03,44,46,10557,90,0
JO-CM,GNG654,76,14,10557,90,0
JO-CM,HRN_VP5,76,14,10557,90,0
JO-CM,LB4b,76,14,10557,90,0
JO-CM,SNxx24,76,14,10557,90,0
JO-CM,ORN_VC5,76,14,10557,90,0
JO-CM,PhG4,76,14,10557,90,0
JO-CM,SNpp06,76,14,10557,90,0
JO-CM,BM_MaPa,76,14,10557,90,0
JO-CM,PhG14,76,14,10557,90,0
JO-CM,SNpp56,76,14,10557,90,0
JO-CM,JO-B2,76,14,10557,90,0
JO-CM,JO-B1_c,76,14,10557,90,0
LgLG1b,SNxx03,39,51,10557,90,0
SNch01,ORN_VL2a,56,34,10557,90,0
SNch01,ORN_DA1,56,34,10557,90,0
SNch01,BM_Vib,56,34,10557,90,0
SNch01,PhG1c,56,34,10557,90,0
HRN_VP4,SNpp50,31,59,10557,90,0
JO-ED2_b,ORN_DM1,64,26,10557,90,0
JO-ED2_b,SNpp10,64,26,10557,90,0
JO-ED2_b,SApp01,64,26,10557,90,0
ORN_VL2a,SApp04,34,56,10557,90,0
SNxx15,SApp19,40,50,10557,90,0
SNxx15,SNta04,40,50,10557,90,0
aPhM2a,SNpp60,46,44,10557,90,0
SAxx02,JO-ED2_c,51,39,10557,90,0
SAxx02,SNpp47,51,39,10557,90,0
SAxx02,SNpp33,51,39,10557,90,0
BM_InOm,TRN_VP3a,72,18,10557,90,0
BM_InOm,TRN_VP2,72,18,10557,90,0
BM_InOm,aPhM2b,72,18,10557,90,0
BM_InOm,ORN_VC1,72,18,10557,90,0
BM_InOm,ORN_VM7d,72,18,10557,90,0
BM_InOm,LgAG2,72,18,10557,90,0
BM_InOm,DNx01,72,18,10557,90,0
LgLG5,SNta20,8,82,10557,90,0
LgLG3,LB3c,65,25,10557,90,0
LgLG3,SNxx26,65,25,10557,90,0
LgLG3,ORN_VA2,65,25,10557,90,0
ORN_DA1,SApp04,34,56,10557,90,0
WG1,SNpp30,15,75,10557,90,0
claw_tpGRN,SNta30,37,53,10557,90,0
SNpp40,TRN_VP3a,72,18,10557,90,0
SNpp40,TRN_VP2,72,18,10557,90,0
SNpp40,aPhM2b,72,18,10557,90,0
SNpp40,ORN_VC1,72,18,10557,90,0
SNpp40,ORN_VM7d,72,18,10557,90,0
SNpp40,LgAG2,72,18,10557,90,0
SNpp40,DNx01,72,18,10557,90,0
JO-mz,SNpp60,46,44,10557,90,0
SNpp60,SNta03,44,46,10557,90,0
SNpp60,SNta28,44,46,10557,90,0
"SNta11,SNta14",SNpp43,49,41,10557,90,0
ORN_DM1,SNpp45,26,64,10557,90,0
SAxx01,"SNta02,SNta09",47,43,10557,90,0
SNxx03,JO-ED2_c,51,39,10557,90,0
SNxx03,SNpp47,51,39,10557,90,0
SNxx03,SNpp33,51,39,10557,90,0
BM_Vib,SApp04,34,56,10557,90,0
HRN_VP1d,SNpp50,31,59,10557,90,0
SNxx29,"SNta02,SNta09",47,43,10557,90,0
LgAG9,SNpp30,15,75,10557,90,0
SNpp30,ORN_VA1d,75,15,10557,90,0
SNpp30,SNpp57,75,15,10557,90,0
SNpp30,LB1b,75,15,10557,90,0
SNpp30,SNpp12,75,15,10557,90,0
SNpp30,PhG8,75,15,10557,90,0
PhG1c,SApp04,34,56,10557,90,0
JO-ED1,SNpp50,31,59,10557,90,0
SNxx25,SNta25,38,52,10557,90,0
SNpp50,SApp13,59,31,10557,90,0
SNpp10,SNpp45,26,64,10557,90,0
SApp01,SNpp45,26,64,10557,90,0
SNta38,ORN_DA3,85,5,10557,90,0
SNpp52,ORN_DA3,85,5,10557,90,0
HBeyelet,SNta20,8,82,10557,90,0
SNpp51,"SNta02,SNta09",47,43,10557,90,0
SNta20,PhG1a,82,8,10557,90,0
TPMN1,"SNta11,SNta14",40,49,10558,89,0
DNx02,JO-A3,68,21,10558,89,0
DNx02,ORN_VM6v,68,21,10558,89,0
DNx02,SNxx17,68,21,10558,89,0
DNx02,ORN_DL2v,68,21,10558,89,0
SNxx23,LgLG1b,50,39,10558,89,0
SNxx23,JO-ED2_c,50,39,10558,89,0
SNxx23,SNpp47,50,39,10558,89,0
SNxx23,SNpp33,50,39,10558,89,0
JO-EV1,ORN_DA3,84,5,10558,89,0
JO-EV5,ORN_DP1m,54,35,10558,89,0
JO-EV5,"SApp11,SApp18",54,35,10558,89,0
JO-ED2_a,WG3,56,33,10558,89,0
JO-ED2_a,SNta31,56,33,10558,89,0
JO-FV,ORN_VL2a,55,34,10558,89,0
JO-FV,ORN_DA1,55,34,10558,89,0
JO-FV,BM_Vib,55,34,10558,89,0
JO-FV,PhG1c,55,34,10558,89,0
R7d,JO-CM,13,76,10558,89,0
LgLG6,JO-CM,13,76,10558,89,0
SNpp39,WG3,56,33,10558,89,0
JO-A2,SNta30,36,53,10558,89,0
JO-EV6,GNG643,62,27,10558,89,0
JO-EV6,LB3d,62,27,10558,89,0
JO-EV6,SNxx02,62,27,10558,89,0
JO-EV6,BM_Hau,62,27,10558,89,0
JO-EV6,JO-B4_b,62,27,10558,89,0
JO-EV6,SApp23,62,27,10558,89,0
JO-EV6,ORN_VL2p,62,27,10558,89,0
JO-EV6,SNta33,62,27,10558,89,0
BM,ORN_DA3,84,5,10558,89,0
JO-EV2,SAxx01,42,47,10558,89,0
JO-EV2,SNxx29,42,47,10558,89,0
JO-EV2,SNta11,42,47,10558,89,0
JO-EV2,SNpp51,42,47,10558,89,0
JO-CM,ORN_DM2,76,13,10558,89,0
JO-CM,DNg20,76,13,10558,89,0
JO-CM,SNxx06,76,13,10558,89,0
JO-CM,SNpp15,76,13,10558,89,0
JO-CM,ORN_DA2,76,13,10558,89,0
JO-CM,PhG16,76,13,10558,89,0
JO-CM,SNpp18,76,13,10558,89,0
JO-CM,LgAG8,76,13,10558,89,0
LgLG1b,SApp19,39,50,10558,89,0
LgLG1b,SNxx04,39,50,10558,89,0
LgLG1b,SNta04,39,50,10558,89,0
SNch01,WG3,56,33,10558,89,0
SNch01,SNta31,56,33,10558,89,0
JO-ED2_b,LB3c,64,25,10558,89,0
JO-ED2_b,SNxx26,64,25,10558,89,0
JO-ED2_b,ORN_VA2,64,25,10558,89,0
WG3,SApp04,33,56,10558,89,0
LB3b,BM_InOm,17,72,10558,89,0
LB3b,SNpp40,17,72,10558,89,0
SNxx15,"SNta11,SNta14",40,49,10558,89,0
aPhM2a,"SNta02,SNta09",46,43,10558,89,0
SAxx02,SNxx25,51,38,10558,89,0
BM_InOm,ORN_VA1v,72,17,10558,89,0
BM_InOm,JO-A1,72,17,10558,89,0
BM_InOm,SNpp05,72,17,10558,89,0
BM_InOm,SNxx28,72,17,10558,89,0
BM_InOm,ORN_VM5v,72,17,10558,89,0
BM_InOm,SNpp31,72,17,10558,89,0
BM_InOm,SNpp17,72,17,10558,89,0
BM_InOm,SNpp01,72,17,10558,89,0
LgLG3,TRN_VP1m,65,24,10558,89,0
LgLG3,SNpp02,65,24,10558,89,0
SNpp23,SNpp50,30,59,10558,89,0
claw_tpGRN,SNta25,37,52,10558,89,0
SNpp40,ORN_VA1v,72,17,10558,89,0
SNpp40,JO-A1,72,17,10558,89,0
SNpp40,SNpp05,72,17,10558,89,0
SNpp40,SNxx28,72,17,10558,89,0
SNpp40,ORN_VM5v,72,17,10558,89,0
SNpp40,SNpp31,72,17,10558,89,0
SNpp40,SNpp17,72,17,10558,89,0
SNpp40,SNpp01,72,17,10558,89,0
LB3c,SNpp45,25,64,10558,89,0
SNpp16,SNta30,36,53,10558,89,0
JO-mz,"SNta02,SNta09",46,43,10558,89,0
SApp19,JO-ED2_c,50,39,10558,89,0
SApp19,SNpp47,50,39,10558,89,0
SApp19,SNpp33,50,39,10558,89,0
SNta03,"SNta02,SNta09",46,43,10558,89,0
SNxx04,JO-ED2_c,50,39,10558,89,0
SNxx04,SNpp47,50,39,10558,89,0
SNxx04,SNpp33,50,39,10558,89,0
SAxx01,SNpp32,47,42,10558,89,0
SNxx03,SNxx25,51,38,10558,89,0
JO-ED2_c,SNta04,39,50,10558,89,0
SNxx29,SNpp32,47,42,10558,89,0
GNG654,SNpp30,14,75,10558,89,0
SNpp47,SNta04,39,50,10558,89,0
JO-CL,SNpp50,30,59,10558,89,0
SNpp30,HRN_VP5,75,14,10558,89,0
SNpp30,LB4b,75,14,10558,89,0
SNpp30,SNxx24,75,14,10558,89,0
SNpp30,ORN_VC5,75,14,10558,89,0
SNpp30,PhG4,75,14,10558,89,0
SNpp30,BM_MaPa,75,14,10558,89,0
SNpp30,PhG14,75,14,10558,89,0
SNpp30,JO-B2,75,14,10558,89,0
SNpp30,JO-B1_c,75,14,10558,89,0
SNpp41,SNpp50,30,59,10558,89,0
SNxx14,SNta30,36,53,10558,89,0
SNta04,SNpp33,50,39,10558,89,0
SNch10,SNta30,36,53,10558,89,0
SNxx26,SNpp45,25,64,10558,89,0
ORN_VA2,SNpp45,25,64,10558,89,0
SNta18,SNta30,36,53,10558,89,0
SNta11,SNpp32,47,42,10558,89,0
SApp04,SNta31,56,33,10558,89,0
LgLG7,SNta20,7,82,10558,89,0
SNpp51,SNpp32,47,42,10558,89,0
"SNta02,SNta09",SNta28,43,46,10558,89,0
DNg83,SNta20,7,82,10558,89,0
SNta20,ORN_DL3,82,7,10558,89,0
SNta20,ORN_DM3,82,7,10558,89,0
SNxx07,JO-ED2_a,32,56,10559,88,0
SNxx07,SNpp39,32,56,10559,88,0
SNxx07,SNch01,32,56,10559,88,0
SNxx07,SApp04,32,56,10559,88,0
SNxx08,DNx02,20,68,10559,88,0
DNx02,GNG644,68,20,10559,88,0
DNx02,ORN_DL5,68,20,10559,88,0
DNx02,WG2,68,20,10559,88,0
DNx02,LgAG3,68,20,10559,88,0
DNx02,PhG1b,68,20,10559,88,0
DNx02,BM_vOcci_vPoOr,68,20,10559,88,0
DNx02,LB1e,68,20,10559,88,0
DNx02,SNxx30,68,20,10559,88,0
aPhM5,SNpp50,29,59,10559,88,0
SNxx23,SNxx25,50,38,10559,88,0
JO-EV5,ORN_VL2a,54,34,10559,88,0
JO-EV5,ORN_DA1,54,34,10559,88,0
JO-EV5,BM_Vib,54,34,10559,88,0
JO-EV5,PhG1c,54,34,10559,88,0
JO-ED2_a,aPhM3,56,32,10559,88,0
JO-ED2_a,SApp14,56,32,10559,88,0
JO-ED2_a,SNpp07,56,32,10559,88,0
TPMN2,JO-EV6,26,62,10559,88,0
JO-FV,WG3,55,33,10559,88,0
JO-FV,SNta31,55,33,10559,88,0
R7d,SNpp30,13,75,10559,88,0
LgLG6,SNpp30,13,75,10559,88,0
LgLG1a,SAxx01,41,47,10559,88,0
LgLG1a,SNxx29,41,47,10559,88,0
LgLG1a,SNta11,41,47,10559,88,0
LgLG1a,SNpp51,41,47,10559,88,0
aPhM3,SNpp39,32,56,10559,88,0
aPhM3,SNch01,32,56,10559,88,0
aPhM3,SApp04,32,56,10559,88,0
SNpp39,SApp14,56,32,10559,88,0
SNpp39,SNpp07,56,32,10559,88,0
JO-A2,SNta25,36,52,10559,88,0
JO-EV6,ORN_DM1,62,26,10559,88,0
JO-EV6,SNpp10,62,26,10559,88,0
JO-EV6,SApp01,62,26,10559,88,0
JO-EV2,aPhM2a,42,46,10559,88,0
JO-EV2,JO-mz,42,46,10559,88,0
JO-EV2,SNta03,42,46,10559,88,0
JO-EV2,SNta28,42,46,10559,88,0
SNxx20,LgAG1,44,44,10559,88,0
SNxx20,SNpp60,44,44,10559,88,0
LgAG1,SNpp60,44,44,10559,88,0
JO-CM,ENS3,76,12,10559,88,0
JO-CM,ORN_VM4,76,12,10559,88,0
JO-CM,ENS1,76,12,10559,88,0
JO-CM,PhG13,76,12,10559,88,0
JO-CM,ORN_DC2,76,12,10559,88,0
JO-CM,SNpp37,76,12,10559,88,0
JO-CM,ORN_VC4,76,12,10559,88,0
JO-CM,b2 MN,76,12,10559,88,0
LgLG1b,"SNta11,SNta14",39,49,10559,88,0
SNch01,SApp14,56,32,10559,88,0
SNch01,SNpp07,56,32,10559,88,0
JO-ED2_b,TRN_VP1m,64,24,10559,88,0
JO-ED2_b,SNpp02,64,24,10559,88,0
aPhM2a,SNpp32,46,42,10559,88,0
SAxx02,claw_tpGRN,51,37,10559,88,0
BM_InOm,ORN_V,72,16,10559,88,0
BM_InOm,PhG10,72,16,10559,88,0
BM_InOm,ORN_VL1,72,16,10559,88,0
BM_InOm,LgLG4,72,16,10559,88,0
BM_InOm,ORN_VM5d,72,16,10559,88,0
BM_InOm,SNpp11,72,16,10559,88,0
BM_InOm,ALBN1,72,16,10559,88,0
BM_InOm,ENS5,72,16,10559,88,0
BM_InOm,dorsal_tpGRN,72,16,10559,88,0
BM_InOm,JO-CA2,72,16,10559,88,0
LgLG3,WG4,65,23,10559,88,0
LgLG3,ORN_D,65,23,10559,88,0
claw_tpGRN,SNxx03,37,51,10559,88,0
SNpp40,GNG642,72,16,10559,88,0
SNpp40,ORN_V,72,16,10559,88,0
SNpp40,PhG10,72,16,10559,88,0
SNpp40,ORN_VL1,72,16,10559,88,0
SNpp40,LgLG4,72,16,10559,88,0
SNpp40,ORN_VM5d,72,16,10559,88,0
SNpp40,SNpp11,72,16,10559,88,0
SNpp40,ALBN1,72,16,10559,88,0
SNpp40,ENS5,72,16,10559,88,0
SNpp40,dorsal_tpGRN,72,16,10559,88,0
SNpp40,JO-CA2,72,16,10559,88,0
SNpp16,SNta25,36,52,10559,88,0
TRN_VP1m,SNpp45,24,64,10559,88,0
JO-mz,SNpp32,46,42,10559,88,0
SApp19,SNxx25,50,38,10559,88,0
ORN_DP1m,SNta30,35,53,10559,88,0
SNta03,SNpp32,46,42,10559,88,0
SNxx04,SNxx25,50,38,10559,88,0
"SNta11,SNta14",JO-ED2_c,49,39,10559,88,0
"SNta11,SNta14",SNpp47,49,39,10559,88,0
"SNta11,SNta14",SNpp33,49,39,10559,88,0
SAxx01,SNpp43,47,41,10559,88,0
SNxx29,SNpp43,47,41,10559,88,0
SNxx11,SNpp50,29,59,10559,88,0
ORN_DC4,SNpp50,29,59,10559,88,0
ORN_DM2,SNpp30,13,75,10559,88,0
LB1c,SNpp50,29,59,10559,88,0
SNpp30,DNg20,75,13,10559,88,0
SNpp30,SNxx06,75,13,10559,88,0
SNpp30,SNpp15,75,13,10559,88,0
SNpp30,ORN_DA2,75,13,10559,88,0
SNpp30,PhG16,75,13,10559,88,0
SNpp30,LgAG8,75,13,10559,88,0
SNpp43,SNta11,41,47,10559,88,0
SNpp43,SNpp51,41,47,10559,88,0
SNxx25,SNta04,38,50,10559,88,0
SNpp50,"SNpp29,SNpp63",59,29,10559,88,0
SNpp50,"SNta04,SNta11",59,29,10559,88,0
"SApp11,SApp18",SNta30,35,53,10559,88,0
SNxx14,SNta25,36,52,10559,88,0
SNch10,SNta25,36,52,10559,88,0
SNpp45,SNpp02,64,24,10559,88,0
R8d,SNta38,3,85,10559,88,0
R8d,SNpp52,3,85,10559,88,0
SNta18,SNta25,36,52,10559,88,0
SApp04,SApp14,56,32,10559,88,0
SNpp32,SNta28,42,46,10559,88,0
SNxx07,JO-FV,32,55,10560,87,0
TPMN1,SAxx01,40,47,10560,87,0
TPMN1,SNxx29,40,47,10560,87,0
TPMN1,SNta11,40,47,10560,87,0
TPMN1,SNpp51,40,47,10560,87,0
DNx02,aPhM4,68,19,10560,87,0
DNx02,LB3a,68,19,10560,87,0
DNx02,SNpp35,68,19,10560,87,0
DNx02,LgAG5,68,19,10560,87,0
DNx02,LgAG7,68,19,10560,87,0
DNx02,ORN_DL2d,68,19,10560,87,0
DNx02,JO-B1_a,68,19,10560,87,0
DNx02,SNta13,68,19,10560,87,0
R7_unclear,BM_InOm,15,72,10560,87,0
R7_unclear,SNpp40,15,72,10560,87,0
SNxx23,claw_tpGRN,50,37,10560,87,0
JO-EV1,R8d,84,3,10560,87,0
JO-EV5,WG3,54,33,10560,87,0
JO-EV5,SNta31,54,33,10560,87,0
JO-ED2_a,HRN_VP4,56,31,10560,87,0
JO-ED2_a,HRN_VP1d,56,31,10560,87,0
JO-ED2_a,JO-ED1,56,31,10560,87,0
JO-ED2_a,SApp13,56,31,10560,87,0
R7y,JO-CM,11,76,10560,87,0
R7p,JO-CM,11,76,10560,87,0
JO-FV,aPhM3,55,32,10560,87,0
JO-FV,SApp14,55,32,10560,87,0
JO-FV,SNpp07,55,32,10560,87,0
LgLG1a,aPhM2a,41,46,10560,87,0
LgLG1a,JO-mz,41,46,10560,87,0
LgLG1a,SNta03,41,46,10560,87,0
SNpp39,HRN_VP4,56,31,10560,87,0
SNpp39,HRN_VP1d,56,31,10560,87,0
SNpp39,JO-ED1,56,31,10560,87,0
SNpp39,SApp13,56,31,10560,87,0
JO-A2,SAxx02,36,51,10560,87,0
JO-A2,SNxx03,36,51,10560,87,0
JO-EV6,LB3c,62,25,10560,87,0
JO-EV6,SNxx26,62,25,10560,87,0
JO-EV6,ORN_VA2,62,25,10560,87,0
BM,R8d,84,3,10560,87,0
SNxx20,"SNta02,SNta09",44,43,10560,87,0
LgAG1,"SNta02,SNta09",44,43,10560,87,0
JO-CM,R8p,76,11,10560,87,0
JO-CM,SNxx09,76,11,10560,87,0
JO-CM,LgLG2,76,11,10560,87,0
JO-CM,R8_unclear,76,11,10560,87,0
JO-CM,LB1a,76,11,10560,87,0
JO-CM,SNpp21,76,11,10560,87,0
JO-CM,ORN_VM7v,76,11,10560,87,0
JO-CM,ORN_DL1,76,11,10560,87,0
SNch01,HRN_VP4,56,31,10560,87,0
SNch01,HRN_VP1d,56,31,10560,87,0
SNch01,JO-ED1,56,31,10560,87,0
SNch01,SApp13,56,31,10560,87,0
HRN_VP4,SApp04,31,56,10560,87,0
JO-ED2_b,WG4,64,23,10560,87,0
JO-ED2_b,ORN_D,64,23,10560,87,0
aPhM1,LgLG3,22,65,10560,87,0
ORN_VL2a,SNta30,34,53,10560,87,0
SNxx15,SAxx01,40,47,10560,87,0
SNxx15,SNxx29,40,47,10560,87,0
SNxx15,SNta11,40,47,10560,87,0
SNxx15,SNpp51,40,47,10560,87,0
aPhM2a,SNpp43,46,41,10560,87,0
SAxx02,SNpp16,51,36,10560,87,0
SAxx02,SNxx14,51,36,10560,87,0
SAxx02,SNch10,51,36,10560,87,0
SAxx02,SNta18,51,36,10560,87,0
BM_InOm,WG1,72,15,10560,87,0
BM_InOm,LgAG9,72,15,10560,87,0
BM_InOm,ORN_VA1d,72,15,10560,87,0
BM_InOm,SNpp57,72,15,10560,87,0
BM_InOm,LB1b,72,15,10560,87,0
BM_InOm,SNpp12,72,15,10560,87,0
BM_InOm,PhG8,72,15,10560,87,0
BM_Vt_PoOc,LgLG3,22,65,10560,87,0
LgLG3,PhG9,65,22,10560,87,0
LgLG3,ORN_DC1,65,22,10560,87,0
LgLG3,SNpp62,65,22,10560,87,0
LgLG3,SNpp58,65,22,10560,87,0
LgLG3,SNxx19,65,22,10560,87,0
LgLG3,SNxx21,65,22,10560,87,0
LgLG3,JO-B3,65,22,10560,87,0
ORN_DA1,SNta30,34,53,10560,87,0
WG1,SNpp40,15,72,10560,87,0
SNta14,SNpp50,28,59,10560,87,0
claw_tpGRN,SApp19,37,50,10560,87,0
claw_tpGRN,SNxx04,37,50,10560,87,0
claw_tpGRN,SNta04,37,50,10560,87,0
SNpp40,LgAG9,72,15,10560,87,0
SNpp40,ORN_VA1d,72,15,10560,87,0
SNpp40,SNpp57,72,15,10560,87,0
SNpp40,LB1b,72,15,10560,87,0
SNpp40,SNpp12,72,15,10560,87,0
SNpp40,PhG8,72,15,10560,87,0
ENS2,SNpp50,28,59,10560,87,0
ORN_DP1l,SNpp50,28,59,10560,87,0
SNpp16,SNxx03,36,51,10560,87,0
JO-mz,SNpp43,46,41,10560,87,0
SNpp60,"SNta02,SNta09",44,43,10560,87,0
ORN_DP1m,SNta25,35,52,10560,87,0
SNta03,SNpp43,46,41,10560,87,0
WG4,SNpp45,23,64,10560,87,0
"SNta11,SNta14",SNxx25,49,38,10560,87,0
SNxx03,SNch10,51,36,10560,87,0
SNxx03,SNta18,51,36,10560,87,0
BM_Vib,SNta30,34,53,10560,87,0
HRN_VP1d,SApp04,31,56,10560,87,0
SNpp30,ENS3,75,12,10560,87,0
SNpp30,ORN_VM4,75,12,10560,87,0
SNpp30,ENS1,75,12,10560,87,0
SNpp30,PhG13,75,12,10560,87,0
SNpp30,ORN_DC2,75,12,10560,87,0
SNpp30,SNpp37,75,12,10560,87,0
SNpp30,ORN_VC4,75,12,10560,87,0
SNpp30,b2 MN,75,12,10560,87,0
SNpp43,SNta28,41,46,10560,87,0
PhG1c,SNta30,34,53,10560,87,0
JO-ED1,SApp04,31,56,10560,87,0
SNpp50,ORN_VA6,59,28,10560,87,0
SNpp50,ENS4,59,28,10560,87,0
"SApp11,SApp18",SNta25,35,52,10560,87,0
SNpp45,ORN_D,64,23,10560,87,0
SNta20,ORN_DA3,82,5,10560,87,0
SNxx07,JO-EV5,32,54,10561,86,0
TPMN1,JO-mz,40,46,10561,86,0
TPMN1,SNta03,40,46,10561,86,0
TPMN1,SNta28,40,46,10561,86,0
DNx02,TRN_VP3a,68,18,10561,86,0
DNx02,TRN_VP2,68,18,10561,86,0
DNx02,aPhM2b,68,18,10561,86,0
DNx02,ORN_VC1,68,18,10561,86,0
DNx02,ORN_VM7d,68,18,10561,86,0
DNx02,LgAG2,68,18,10561,86,0
DNx02,DNx01,68,18,10561,86,0
SNxx23,JO-A2,50,36,10561,86,0
SNxx23,SNpp16,50,36,10561,86,0
SNxx23,SNxx14,50,36,10561,86,0
SNxx23,SNch10,50,36,10561,86,0
SNxx23,SNta18,50,36,10561,86,0
JO-EV5,aPhM3,54,32,10561,86,0
JO-EV5,SApp14,54,32,10561,86,0
JO-EV5,SNpp07,54,32,10561,86,0
JO-ED2_a,SNpp23,56,30,10561,86,0
JO-ED2_a,JO-CL,56,30,10561,86,0
JO-ED2_a,SNpp41,56,30,10561,86,0
R7y,SNpp30,11,75,10561,86,0
R7p,SNpp30,11,75,10561,86,0
JO-FV,HRN_VP4,55,31,10561,86,0
JO-FV,HRN_VP1d,55,31,10561,86,0
JO-FV,JO-ED1,55,31,10561,86,0
JO-FV,SApp13,55,31,10561,86,0
SNpp39,SNpp23,56,30,10561,86,0
SNpp39,JO-CL,56,30,10561,86,0
SNpp39,SNpp41,56,30,10561,86,0
JO-A2,SApp19,36,50,10561,86,0
JO-A2,SNxx04,36,50,10561,86,0
JO-A2,SNta04,36,50,10561,86,0
JO-EV6,TRN_VP1m,62,24,10561,86,0
JO-EV6,SNpp02,62,24,10561,86,0
JO-EV2,SNxx20,42,44,10561,86,0
JO-EV2,LgAG1,42,44,10561,86,0
JO-EV2,SNpp60,42,44,10561,86,0
SNxx20,SNpp32,44,42,10561,86,0
LgAG1,SNpp32,44,42,10561,86,0
JO-CM,R8y,76,10,10561,86,0
JO-CM,HRN_VP1l,76,10,10561,86,0
JO-CM,PhG6,76,10,10561,86,0
JO-CM,LN-DN1,76,10,10561,86,0
JO-CM,ORN_DM4,76,10,10561,86,0
JO-CM,ORN_DM6,76,10,10561,86,0
JO-CM,ORN_VA3,76,10,10561,86,0
LgLG1b,SAxx01,39,47,10561,86,0
LgLG1b,SNxx29,39,47,10561,86,0
LgLG1b,SNta11,39,47,10561,86,0
LgLG1b,SNpp51,39,47,10561,86,0
GNG643,SNpp50,27,59,10561,86,0
SNch01,SNpp23,56,30,10561,86,0
SNch01,JO-CL,56,30,10561,86,0
SNch01,SNpp41,56,30,10561,86,0
JO-ED2_b,aPhM1,64,22,10561,86,0
JO-ED2_b,BM_Vt_PoOc,64,22,10561,86,0
JO-ED2_b,PhG9,64,22,10561,86,0
JO-ED2_b,ORN_DC1,64,22,10561,86,0
JO-ED2_b,SNpp62,64,22,10561,86,0
JO-ED2_b,SNpp58,64,22,10561,86,0
JO-ED2_b,SNxx19,64,22,10561,86,0
JO-ED2_b,SNxx21,64,22,10561,86,0
JO-ED2_b,JO-B3,64,22,10561,86,0
WG3,SNta30,33,53,10561,86,0
R8p,SNpp30,11,75,10561,86,0
aPhM1,SNpp45,22,64,10561,86,0
SNxx09,SNpp30,11,75,10561,86,0
ORN_VL2a,SNta25,34,52,10561,86,0
SNxx15,aPhM2a,40,46,10561,86,0
SNxx15,JO-mz,40,46,10561,86,0
SNxx15,SNta03,40,46,10561,86,0
SNxx15,SNta28,40,46,10561,86,0
SAxx02,ORN_DP1m,51,35,10561,86,0
SAxx02,"SApp11,SApp18",51,35,10561,86,0
BM_InOm,GNG654,72,14,10561,86,0
BM_InOm,HRN_VP5,72,14,10561,86,0
BM_InOm,LB4b,72,14,10561,86,0
BM_InOm,SNxx24,72,14,10561,86,0
BM_InOm,ORN_VC5,72,14,10561,86,0
BM_InOm,PhG4,72,14,10561,86,0
BM_InOm,SNpp06,72,14,10561,86,0
BM_InOm,PhG14,72,14,10561,86,0
BM_InOm,SNpp56,72,14,10561,86,0
BM_InOm,JO-B2,72,14,10561,86,0
BM_InOm,JO-B1_c,72,14,10561,86,0
BM_Vt_PoOc,SNpp45,22,64,10561,86,0
LgLG3,JO-A3,65,21,10561,86,0
LgLG3,ORN_VM6v,65,21,10561,86,0
LgLG3,SNxx17,65,21,10561,86,0
LgLG3,ORN_DL2v,65,21,10561,86,0
ORN_DA1,SNta25,34,52,10561,86,0
SNpp23,SApp04,30,56,10561,86,0
claw_tpGRN,"SNta11,SNta14",37,49,10561,86,0
SNpp40,GNG654,72,14,10561,86,0
SNpp40,HRN_VP5,72,14,10561,86,0
SNpp40,LB4b,72,14,10561,86,0
SNpp40,SNxx24,72,14,10561,86,0
SNpp40,ORN_VC5,72,14,10561,86,0
SNpp40,PhG4,72,14,10561,86,0
SNpp40,SNpp06,72,14,10561,86,0
SNpp40,BM_MaPa,72,14,10561,86,0
SNpp40,PhG14,72,14,10561,86,0
SNpp40,SNpp56,72,14,10561,86,0
SNpp40,JO-B2,72,14,10561,86,0
SNpp40,JO-B1_c,72,14,10561,86,0
LgLG2,SNpp30,11,75,10561,86,0
LB3d,SNpp50,27,59,10561,86,0
SNxx02,SNpp50,27,59,10561,86,0
SNpp16,SApp19,36,50,10561,86,0
SNpp16,SNxx04,36,50,10561,86,0
SNpp16,SNta04,36,50,10561,86,0
PhG9,SNpp45,22,64,10561,86,0
BM_Hau,SNpp50,27,59,10561,86,0
SNpp60,SNpp32,44,42,10561,86,0
SApp19,SNxx14,50,36,10561,86,0
SApp19,SNch10,50,36,10561,86,0
SApp19,SNta18,50,36,10561,86,0
ORN_DP1m,SNxx03,35,51,10561,86,0
JO-B4_b,SNpp50,27,59,10561,86,0
R8_unclear,SNpp30,11,75,10561,86,0
SNxx04,SNxx14,50,36,10561,86,0
SNxx04,SNch10,50,36,10561,86,0
SNxx04,SNta18,50,36,10561,86,0
SAxx01,JO-ED2_c,47,39,10561,86,0
SAxx01,SNpp47,47,39,10561,86,0
SAxx01,SNpp33,47,39,10561,86,0
SNxx03,"SApp11,SApp18",51,35,10561,86,0
JO-ED2_c,SNxx29,39,47,10561,86,0
JO-ED2_c,SNta11,39,47,10561,86,0
JO-ED2_c,SNpp51,39,47,10561,86,0
BM_Vib,SNta25,34,52,10561,86,0
SNxx29,SNpp47,47,39,10561,86,0
SNxx29,SNpp33,47,39,10561,86,0
ORN_DC1,SNpp45,22,64,10561,86,0
SApp23,SNpp50,27,59,10561,86,0
SNpp47,SNta11,39,47,10561,86,0
SNpp47,SNpp51,39,47,10561,86,0
JO-CL,SApp04,30,56,10561,86,0
ORN_VL2p,SNpp50,27,59,10561,86,0
SNpp30,LB1a,75,11,10561,86,0
SNpp30,SNpp21,75,11,10561,86,0
SNpp30,ORN_VM7v,75,11,10561,86,0
SNpp30,ORN_DL1,75,11,10561,86,0
PhG1c,SNta25,34,52,10561,86,0
SNpp41,SApp04,30,56,10561,86,0
SNpp50,SNta33,59,27,10561,86,0
SNxx14,SNta04,36,50,10561,86,0
SNta04,SNch10,50,36,10561,86,0
SNta04,SNta18,50,36,10561,86,0
SNpp62,SNpp45,22,64,10561,86,0
SNpp45,SNpp58,64,22,10561,86,0
SNpp45,SNxx19,64,22,10561,86,0
SNpp45,SNxx21,64,22,10561,86,0
SNpp45,JO-B3,64,22,10561,86,0
SNpp33,SNta11,39,47,10561,86,0
SNpp33,SNpp51,39,47,10561,86,0
SNta30,SNta31,53,33,10561,86,0
SNxx07,SNta30,32,53,10562,85,0
SNxx08,LgLG3,20,65,10562,85,0
DNx02,LB3b,68,17,10562,85,0
DNx02,ORN_VA1v,68,17,10562,85,0
DNx02,JO-A1,68,17,10562,85,0
DNx02,SNpp05,68,17,10562,85,0
DNx02,SNxx28,68,17,10562,85,0
DNx02,ORN_VM5v,68,17,10562,85,0
DNx02,SNpp31,68,17,10562,85,0
DNx02,SNpp17,68,17,10562,85,0
DNx02,SNpp01,68,17,10562,85,0
aPhM5,JO-ED2_a,29,56,10562,85,0
aPhM5,SNpp39,29,56,10562,85,0
aPhM5,SNch01,29,56,10562,85,0
aPhM5,SApp04,29,56,10562,85,0
SNxx23,ORN_DP1m,50,35,10562,85,0
SNxx23,"SApp11,SApp18",50,35,10562,85,0
JO-EV5,HRN_VP4,54,31,10562,85,0
JO-EV5,HRN_VP1d,54,31,10562,85,0
JO-EV5,JO-ED1,54,31,10562,85,0
JO-EV5,SApp13,54,31,10562,85,0
JO-ED2_a,SNxx11,56,29,10562,85,0
JO-ED2_a,ORN_DC4,56,29,10562,85,0
JO-ED2_a,LB1c,56,29,10562,85,0
JO-ED2_a,"SNpp29,SNpp63",56,29,10562,85,0
JO-ED2_a,"SNta04,SNta11",56,29,10562,85,0
TPMN2,SNpp50,26,59,10562,85,0
JO-FV,SNpp23,55,30,10562,85,0
JO-FV,JO-CL,55,30,10562,85,0
JO-FV,SNpp41,55,30,10562,85,0
R7d,BM_InOm,13,72,10562,85,0
R7d,SNpp40,13,72,10562,85,0
LgLG6,BM_InOm,13,72,10562,85,0
LgLG6,SNpp40,13,72,10562,85,0
LgLG1a,SNxx20,41,44,10562,85,0
LgLG1a,SNpp60,41,44,10562,85,0
aPhM3,SNta30,32,53,10562,85,0
SNpp39,SNxx11,56,29,10562,85,0
SNpp39,ORN_DC4,56,29,10562,85,0
SNpp39,LB1c,56,29,10562,85,0
SNpp39,"SNpp29,SNpp63",56,29,10562,85,0
SNpp39,"SNta04,SNta11",56,29,10562,85,0
JO-A2,"SNta11,SNta14",36,49,10562,85,0
JO-EV6,WG4,62,23,10562,85,0
JO-EV6,ORN_D,62,23,10562,85,0
JO-EV2,"SNta02,SNta09",42,43,10562,85,0
SNxx20,SNpp43,44,41,10562,85,0
LgAG1,SNpp43,44,41,10562,85,0
JO-CM,LgLG8,76,9,10562,85,0
JO-CM,LB4a,76,9,10562,85,0
JO-CM,PhG3,76,9,10562,85,0
JO-CM,SApp21,76,9,10562,85,0
JO-CM,LgAG6,76,9,10562,85,0
JO-CM,tpn MN,76,9,10562,85,0
JO-CM,JO-B4_a,76,9,10562,85,0
LgLG1b,aPhM2a,39,46,10562,85,0
LgLG1b,JO-mz,39,46,10562,85,0
LgLG1b,SNta03,39,46,10562,85,0
LgLG1b,SNta28,39,46,10562,85,0
SNch01,SNxx11,56,29,10562,85,0
SNch01,ORN_DC4,56,29,10562,85,0
SNch01,LB1c,56,29,10562,85,0
SNch01,"SNpp29,SNpp63",56,29,10562,85,0
SNch01,"SNta04,SNta11",56,29,10562,85,0
JO-ED2_b,JO-A3,64,21,10562,85,0
JO-ED2_b,ORN_VM6v,64,21,10562,85,0
JO-ED2_b,SNxx17,64,21,10562,85,0
JO-ED2_b,ORN_DL2v,64,21,10562,85,0
WG3,SNta25,33,52,10562,85,0
ORN_VL2a,SAxx02,34,51,10562,85,0
ORN_VL2a,SNxx03,34,51,10562,85,0
aPhM2a,JO-ED2_c,46,39,10562,85,0
aPhM2a,SNpp47,46,39,10562,85,0
aPhM2a,SNpp33,46,39,10562,85,0
SAxx02,ORN_DA1,51,34,10562,85,0
SAxx02,BM_Vib,51,34,10562,85,0
SAxx02,PhG1c,51,34,10562,85,0
BM_InOm,ORN_DM2,72,13,10562,85,0
BM_InOm,SNxx06,72,13,10562,85,0
BM_InOm,SNpp15,72,13,10562,85,0
BM_InOm,ORN_DA2,72,13,10562,85,0
BM_InOm,PhG16,72,13,10562,85,0
BM_InOm,SNpp18,72,13,10562,85,0
BM_InOm,LgAG8,72,13,10562,85,0
GNG644,LgLG3,20,65,10562,85,0
R8y,SNpp30,10,75,10562,85,0
LgLG3,ORN_DL5,65,20,10562,85,0
LgLG3,WG2,65,20,10562,85,0
LgLG3,LgAG3,65,20,10562,85,0
LgLG3,PhG1b,65,20,10562,85,0
LgLG3,BM_vOcci_vPoOr,65,20,10562,85,0
LgLG3,LB1e,65,20,10562,85,0
LgLG3,SNxx30,65,20,10562,85,0
JO-A3,SNpp45,21,64,10562,85,0
ORN_DA1,SNxx03,34,51,10562,85,0
SNpp40,ORN_DM2,72,13,10562,85,0
SNpp40,DNg20,72,13,10562,85,0
SNpp40,SNxx06,72,13,10562,85,0
SNpp40,SNpp15,72,13,10562,85,0
SNpp40,ORN_DA2,72,13,10562,85,0
SNpp40,PhG16,72,13,10562,85,0
SNpp40,SNpp18,72,13,10562,85,0
SNpp40,LgAG8,72,13,10562,85,0
ORN_VM6v,SNpp45,21,64,10562,85,0
SNpp16,"SNta11,SNta14",36,49,10562,85,0
JO-mz,JO-ED2_c,46,39,10562,85,0
JO-mz,SNpp47,46,39,10562,85,0
JO-mz,SNpp33,46,39,10562,85,0
SNpp60,SNpp43,44,41,10562,85,0
SApp19,ORN_DP1m,50,35,10562,85,0
ORN_DP1m,SNxx04,35,50,10562,85,0
ORN_DP1m,SNta04,35,50,10562,85,0
SNta03,JO-ED2_c,46,39,10562,85,0
SNta03,SNpp47,46,39,10562,85,0
SNta03,SNpp33,46,39,10562,85,0
SNxx04,"SApp11,SApp18",50,35,10562,85,0
"SNta11,SNta14",SNxx14,49,36,10562,85,0
"SNta11,SNta14",SNch10,49,36,10562,85,0
"SNta11,SNta14",SNta18,49,36,10562,85,0
ORN_DM1,SNpp50,26,59,10562,85,0
SAxx01,SNxx25,47,38,10562,85,0
SNxx03,BM_Vib,51,34,10562,85,0
SNxx03,PhG1c,51,34,10562,85,0
JO-ED2_c,SNta28,39,46,10562,85,0
SNxx29,SNxx25,47,38,10562,85,0
SNxx11,SApp04,29,56,10562,85,0
ORN_DC4,SApp04,29,56,10562,85,0
SNpp47,SNta28,39,46,10562,85,0
LB1c,SApp04,29,56,10562,85,0
SNpp30,HRN_VP1l,75,10,10562,85,0
SNpp30,PhG6,75,10,10562,85,0
SNpp30,LN-DN1,75,10,10562,85,0
SNpp30,ORN_DM4,75,10,10562,85,0
SNpp30,ORN_DM6,75,10,10562,85,0
SNpp30,ORN_VA3,75,10,10562,85,0
SNxx25,SNta11,38,47,10562,85,0
SNxx25,SNpp51,38,47,10562,85,0
SNpp50,SNpp10,59,26,10562,85,0
SNpp50,SApp01,59,26,10562,85,0
SNxx17,SNpp45,21,64,10562,85,0
ORN_DL2v,SNpp45,21,64,10562,85,0
"SNpp29,SNpp63",SApp04,29,56,10562,85,0
R8d,SNta20,3,82,10562,85,0
SNpp33,SNta28,39,46,10562,85,0
SApp04,"SNta04,SNta11",56,29,10562,85,0
SApp14,SNta30,32,53,10562,85,0
SNpp07,SNta30,32,53,10562,85,0
"SNta02,SNta09",SNpp32,43,42,10562,85,0
SNta25,SNta31,52,33,10562,85,0
SNxx07,SNta25,32,52,10563,84,0
SNxx08,JO-ED2_b,20,64,10563,84,0
SNxx08,SNpp45,20,64,10563,84,0
TPMN1,SNxx20,40,44,10563,84,0
TPMN1,LgAG1,40,44,10563,84,0
TPMN1,SNpp60,40,44,10563,84,0
DNx02,GNG642,68,16,10563,84,0
DNx02,ORN_V,68,16,10563,84,0
DNx02,PhG10,68,16,10563,84,0
DNx02,ORN_VL1,68,16,10563,84,0
DNx02,LgLG4,68,16,10563,84,0
DNx02,ORN_VM5d,68,16,10563,84,0
DNx02,SNpp11,68,16,10563,84,0
DNx02,ALBN1,68,16,10563,84,0
DNx02,ENS5,68,16,10563,84,0
DNx02,dorsal_tpGRN,68,16,10563,84,0
DNx02,JO-CA2,68,16,10563,84,0
aPhM5,JO-FV,29,55,10563,84,0
SNxx23,ORN_VL2a,50,34,10563,84,0
SNxx23,ORN_DA1,50,34,10563,84,0
SNxx23,BM_Vib,50,34,10563,84,0
SNxx23,PhG1c,50,34,10563,84,0
JO-EV5,SNpp23,54,30,10563,84,0
JO-EV5,JO-CL,54,30,10563,84,0
JO-EV5,SNpp41,54,30,10563,84,0
JO-ED2_a,SNta14,56,28,10563,84,0
JO-ED2_a,ENS2,56,28,10563,84,0
JO-ED2_a,ORN_DP1l,56,28,10563,84,0
JO-ED2_a,ORN_VA6,56,28,10563,84,0
JO-ED2_a,ENS4,56,28,10563,84,0
JO-ED2_a,SNta26,56,28,10563,84,0
JO-FV,SNxx11,55,29,10563,84,0
JO-FV,ORN_DC4,55,29,10563,84,0
JO-FV,LB1c,55,29,10563,84,0
JO-FV,"SNpp29,SNpp63",55,29,10563,84,0
JO-FV,"SNta04,SNta11",55,29,10563,84,0
LgLG1a,"SNta02,SNta09",41,43,10563,84,0
aPhM3,SNta25,32,52,10563,84,0
SNpp39,SNta14,56,28,10563,84,0
SNpp39,ENS2,56,28,10563,84,0
SNpp39,ORN_DP1l,56,28,10563,84,0
SNpp39,ORN_VA6,56,28,10563,84,0
SNpp39,ENS4,56,28,10563,84,0
SNpp39,SNta26,56,28,10563,84,0
JO-EV6,aPhM1,62,22,10563,84,0
JO-EV6,BM_Vt_PoOc,62,22,10563,84,0
JO-EV6,PhG9,62,22,10563,84,0
JO-EV6,ORN_DC1,62,22,10563,84,0
JO-EV6,SNpp62,62,22,10563,84,0
JO-EV6,SNpp58,62,22,10563,84,0
JO-EV6,SNxx19,62,22,10563,84,0
JO-EV6,SNxx21,62,22,10563,84,0
JO-EV6,JO-B3,62,22,10563,84,0
aPhM4,LgLG3,19,65,10563,84,0
JO-EV2,SNpp32,42,42,10563,84,0
SNxx20,SNxx15,44,40,10563,84,0
LgAG1,SNxx15,44,40,10563,84,0
JO-CM,LgLG5,76,8,10563,84,0
JO-CM,HBeyelet,76,8,10563,84,0
JO-CM,PhG1a,76,8,10563,84,0
SNch01,SNta14,56,28,10563,84,0
SNch01,ENS2,56,28,10563,84,0
SNch01,ORN_DP1l,56,28,10563,84,0
SNch01,ORN_VA6,56,28,10563,84,0
SNch01,ENS4,56,28,10563,84,0
SNch01,SNta26,56,28,10563,84,0
HRN_VP4,SNta30,31,53,10563,84,0
JO-ED2_b,GNG644,64,20,10563,84,0
JO-ED2_b,ORN_DL5,64,20,10563,84,0
JO-ED2_b,WG2,64,20,10563,84,0
JO-ED2_b,LgAG3,64,20,10563,84,0
JO-ED2_b,PhG1b,64,20,10563,84,0
JO-ED2_b,BM_vOcci_vPoOr,64,20,10563,84,0
JO-ED2_b,LB1e,64,20,10563,84,0
JO-ED2_b,SNxx30,64,20,10563,84,0
WG3,SAxx02,33,51,10563,84,0
WG3,SNxx03,33,51,10563,84,0
ORN_VL2a,SApp19,34,50,10563,84,0
ORN_VL2a,SNxx04,34,50,10563,84,0
ORN_VL2a,SNta04,34,50,10563,84,0
SNxx15,SNpp60,40,44,10563,84,0
aPhM2a,SNxx25,46,38,10563,84,0
SAxx02,SNta31,51,33,10563,84,0
BM_InOm,ENS3,72,12,10563,84,0
BM_InOm,ORN_VM4,72,12,10563,84,0
BM_InOm,ENS1,72,12,10563,84,0
BM_InOm,PhG13,72,12,10563,84,0
BM_InOm,ORN_DC2,72,12,10563,84,0
BM_InOm,SNpp37,72,12,10563,84,0
BM_InOm,ORN_VC4,72,12,10563,84,0
BM_InOm,b2 MN,72,12,10563,84,0
GNG644,SNpp45,20,64,10563,84,0
LgLG3,LB3a,65,19,10563,84,0
LgLG3,SNpp35,65,19,10563,84,0
LgLG3,LgAG5,65,19,10563,84,0
LgLG3,LgAG7,65,19,10563,84,0
LgLG3,ORN_DL2d,65,19,10563,84,0
LgLG3,JO-B1_a,65,19,10563,84,0
LgLG3,SNta13,65,19,10563,84,0
ORN_DA1,SApp19,34,50,10563,84,0
ORN_DA1,SNxx04,34,50,10563,84,0
ORN_DA1,SNta04,34,50,10563,84,0
SNta14,SApp04,28,56,10563,84,0
claw_tpGRN,SAxx01,37,47,10563,84,0
claw_tpGRN,SNxx29,37,47,10563,84,0
claw_tpGRN,SNta11,37,47,10563,84,0
claw_tpGRN,SNpp51,37,47,10563,84,0
SNpp40,ENS3,72,12,10563,84,0
SNpp40,ORN_VM4,72,12,10563,84,0
SNpp40,ENS1,72,12,10563,84,0
SNpp40,PhG13,72,12,10563,84,0
SNpp40,ORN_DC2,72,12,10563,84,0
SNpp40,SNpp37,72,12,10563,84,0
SNpp40,ORN_VC4,72,12,10563,84,0
SNpp40,b2 MN,72,12,10563,84,0
LgLG8,SNpp30,9,75,10563,84,0
LB3c,SNpp50,25,59,10563,84,0
ENS2,SApp04,28,56,10563,84,0
ORN_DP1l,SApp04,28,56,10563,84,0
JO-mz,SNxx25,46,38,10563,84,0
SApp19,BM_Vib,50,34,10563,84,0
SApp19,PhG1c,50,34,10563,84,0
ORN_DP1m,"SNta11,SNta14",35,49,10563,84,0
SNta03,SNxx25,46,38,10563,84,0
SNxx04,PhG1c,50,34,10563,84,0
"SNta11,SNta14","SApp11,SApp18",49,35,10563,84,0
SNxx03,SNta31,51,33,10563,84,0
BM_Vib,SNta04,34,50,10563,84,0
HRN_VP1d,SNta30,31,53,10563,84,0
SNpp30,LB4a,75,9,10563,84,0
SNpp30,PhG3,75,9,10563,84,0
SNpp30,SApp21,75,9,10563,84,0
SNpp30,LgAG6,75,9,10563,84,0
SNpp30,tpn MN,75,9,10563,84,0
SNpp30,JO-B4_a,75,9,10563,84,0
ORN_DL5,SNpp45,20,64,10563,84,0
SNpp43,"SNta02,SNta09",41,43,10563,84,0
PhG1c,SNta04,34,50,10563,84,0
JO-ED1,SNta30,31,53,10563,84,0
SNxx25,SNta28,38,46,10563,84,0
SNpp50,SNxx26,59,25,10563,84,0
SNpp50,ORN_VA2,59,25,10563,84,0
WG2,SNpp45,20,64,10563,84,0
LgAG3,SNpp45,20,64,10563,84,0
PhG1b,SNpp45,20,64,10563,84,0
ORN_VA6,SApp04,28,56,10563,84,0
BM_vOcci_vPoOr,SNpp45,20,64,10563,84,0
SNpp45,LB1e,64,20,10563,84,0
SNpp45,SNxx30,64,20,10563,84,0
SApp04,ENS4,56,28,10563,84,0
SApp04,SNta26,56,28,10563,84,0
SApp14,SNta25,32,52,10563,84,0
SNpp07,SNta25,32,52,10563,84,0
SApp13,SNta30,31,53,10563,84,0
SNxx07,SAxx02,32,51,10564,83,0
SNxx07,SNxx03,32,51,10564,83,0
TPMN1,"SNta02,SNta09",40,43,10564,83,0
DNx02,R7_unclear,68,15,10564,83,0
DNx02,WG1,68,15,10564,83,0
DNx02,LgAG9,68,15,10564,83,0
DNx02,ORN_VA1d,68,15,10564,83,0
DNx02,SNpp57,68,15,10564,83,0
DNx02,LB1b,68,15,10564,83,0
DNx02,SNpp12,68,15,10564,83,0
DNx02,PhG8,68,15,10564,83,0
aPhM5,JO-EV5,29,54,10564,83,0
SNxx23,WG3,50,33,10564,83,0
SNxx23,SNta31,50,33,10564,83,0
JO-EV5,SNxx11,54,29,10564,83,0
JO-EV5,ORN_DC4,54,29,10564,83,0
JO-EV5,LB1c,54,29,10564,83,0
JO-EV5,"SNpp29,SNpp63",54,29,10564,83,0
JO-EV5,"SNta04,SNta11",54,29,10564,83,0
JO-ED2_a,GNG643,56,27,10564,83,0
JO-ED2_a,LB3d,56,27,10564,83,0
JO-ED2_a,SNxx02,56,27,10564,83,0
JO-ED2_a,BM_Hau,56,27,10564,83,0
JO-ED2_a,JO-B4_b,56,27,10564,83,0
JO-ED2_a,SApp23,56,27,10564,83,0
JO-ED2_a,ORN_VL2p,56,27,10564,83,0
JO-ED2_a,SNta33,56,27,10564,83,0
R7y,BM_InOm,11,72,10564,83,0
R7y,SNpp40,11,72,10564,83,0
R7p,BM_InOm,11,72,10564,83,0
R7p,SNpp40,11,72,10564,83,0
JO-FV,SNta14,55,28,10564,83,0
JO-FV,ENS2,55,28,10564,83,0
JO-FV,ORN_DP1l,55,28,10564,83,0
JO-FV,ORN_VA6,55,28,10564,83,0
JO-FV,ENS4,55,28,10564,83,0
JO-FV,SNta26,55,28,10564,83,0
LgLG1a,JO-EV2,41,42,10564,83,0
LgLG1a,SNpp32,41,42,10564,83,0
aPhM3,SAxx02,32,51,10564,83,0
aPhM3,SNxx03,32,51,10564,83,0
SNpp39,GNG643,56,27,10564,83,0
SNpp39,LB3d,56,27,10564,83,0
SNpp39,SNxx02,56,27,10564,83,0
SNpp39,BM_Hau,56,27,10564,83,0
SNpp39,JO-B4_b,56,27,10564,83,0
SNpp39,SApp23,56,27,10564,83,0
SNpp39,ORN_VL2p,56,27,10564,83,0
SNpp39,SNta33,56,27,10564,83,0
JO-A2,SAxx01,36,47,10564,83,0
JO-A2,SNxx29,36,47,10564,83,0
JO-A2,SNta11,36,47,10564,83,0
JO-A2,SNpp51,36,47,10564,83,0
JO-EV6,JO-A3,62,21,10564,83,0
JO-EV6,ORN_VM6v,62,21,10564,83,0
JO-EV6,SNxx17,62,21,10564,83,0
JO-EV6,ORN_DL2v,62,21,10564,83,0
aPhM4,JO-ED2_b,19,64,10564,83,0
aPhM4,SNpp45,19,64,10564,83,0
JO-EV2,SNpp43,42,41,10564,83,0
SNxx20,LgLG1b,44,39,10564,83,0
SNxx20,JO-ED2_c,44,39,10564,83,0
SNxx20,SNpp47,44,39,10564,83,0
SNxx20,SNpp33,44,39,10564,83,0
LgAG1,LgLG1b,44,39,10564,83,0
LgAG1,JO-ED2_c,44,39,10564,83,0
LgAG1,SNpp47,44,39,10564,83,0
LgAG1,SNpp33,44,39,10564,83,0
JO-CM,LgLG7,76,7,10564,83,0
JO-CM,DNg83,76,7,10564,83,0
JO-CM,ORN_DL3,76,7,10564,83,0
JO-CM,ORN_DM3,76,7,10564,83,0
LgLG1b,SNpp60,39,44,10564,83,0
GNG643,SNch01,27,56,10564,83,0
GNG643,SApp04,27,56,10564,83,0
SNch01,LB3d,56,27,10564,83,0
SNch01,SNxx02,56,27,10564,83,0
SNch01,BM_Hau,56,27,10564,83,0
SNch01,JO-B4_b,56,27,10564,83,0
SNch01,SApp23,56,27,10564,83,0
SNch01,ORN_VL2p,56,27,10564,83,0
SNch01,SNta33,56,27,10564,83,0
HRN_VP4,SNta25,31,52,10564,83,0
JO-ED2_b,LB3a,64,19,10564,83,0
JO-ED2_b,SNpp35,64,19,10564,83,0
JO-ED2_b,LgAG5,64,19,10564,83,0
JO-ED2_b,LgAG7,64,19,10564,83,0
JO-ED2_b,ORN_DL2d,64,19,10564,83,0
JO-ED2_b,JO-B1_a,64,19,10564,83,0
JO-ED2_b,SNta13,64,19,10564,83,0
WG3,SApp19,33,50,10564,83,0
WG3,SNxx04,33,50,10564,83,0
WG3,SNta04,33,50,10564,83,0
R8p,BM_InOm,11,72,10564,83,0
R8p,SNpp40,11,72,10564,83,0
SNxx09,BM_InOm,11,72,10564,83,0
SNxx09,SNpp40,11,72,10564,83,0
ORN_VL2a,"SNta11,SNta14",34,49,10564,83,0
SNxx15,"SNta02,SNta09",40,43,10564,83,0
aPhM2a,claw_tpGRN,46,37,10564,83,0
SAxx02,SApp14,51,32,10564,83,0
SAxx02,SNpp07,51,32,10564,83,0
BM_InOm,LgLG2,72,11,10564,83,0
BM_InOm,R8_unclear,72,11,10564,83,0
BM_InOm,LB1a,72,11,10564,83,0
BM_InOm,SNpp21,72,11,10564,83,0
BM_InOm,ORN_VM7v,72,11,10564,83,0
BM_InOm,ORN_DL1,72,11,10564,83,0
LgLG5,SNpp30,8,75,10564,83,0
LgLG3,TRN_VP3a,65,18,10564,83,0
LgLG3,TRN_VP2,65,18,10564,83,0
LgLG3,aPhM2b,65,18,10564,83,0
LgLG3,ORN_VC1,65,18,10564,83,0
LgLG3,ORN_VM7d,65,18,10564,83,0
LgLG3,LgAG2,65,18,10564,83,0
LgLG3,DNx01,65,18,10564,83,0
ORN_DA1,"SNta11,SNta14",34,49,10564,83,0
SNpp23,SNta30,30,53,10564,83,0
claw_tpGRN,JO-mz,37,46,10564,83,0
claw_tpGRN,SNta03,37,46,10564,83,0
claw_tpGRN,SNta28,37,46,10564,83,0
SNpp40,LgLG2,72,11,10564,83,0
SNpp40,R8_unclear,72,11,10564,83,0
SNpp40,LB1a,72,11,10564,83,0
SNpp40,SNpp21,72,11,10564,83,0
SNpp40,ORN_VM7v,72,11,10564,83,0
SNpp40,ORN_DL1,72,11,10564,83,0
LB3d,SApp04,27,56,10564,83,0
SNxx02,SApp04,27,56,10564,83,0
LB3a,SNpp45,19,64,10564,83,0
SNpp16,SAxx01,36,47,10564,83,0
SNpp16,SNxx29,36,47,10564,83,0
SNpp16,SNta11,36,47,10564,83,0
SNpp16,SNpp51,36,47,10564,83,0
TRN_VP1m,SNpp50,24,59,10564,83,0
BM_Hau,SApp04,27,56,10564,83,0
SNpp60,JO-ED2_c,44,39,10564,83,0
SNpp60,SNpp47,44,39,10564,83,0
SNpp60,SNpp33,44,39,10564,83,0
SApp19,SNta31,50,33,10564,83,0
JO-B4_b,SApp04,27,56,10564,83,0
SNxx04,SNta31,50,33,10564,83,0
"SNta11,SNta14",BM_Vib,49,34,10564,83,0
"SNta11,SNta14",PhG1c,49,34,10564,83,0
SAxx01,SNxx14,47,36,10564,83,0
SAxx01,SNch10,47,36,10564,83,0
SAxx01,SNta18,47,36,10564,83,0
SNxx03,SApp14,51,32,10564,83,0
SNxx03,SNpp07,51,32,10564,83,0
HRN_VP1d,SNta25,31,52,10564,83,0
SNxx29,SNxx14,47,36,10564,83,0
SNxx29,SNch10,47,36,10564,83,0
SNxx29,SNta18,47,36,10564,83,0
SApp23,SApp04,27,56,10564,83,0
JO-CL,SNta30,30,53,10564,83,0
ORN_VL2p,SApp04,27,56,10564,83,0
SNpp30,HBeyelet,75,8,10564,83,0
SNpp30,PhG1a,75,8,10564,83,0
SNpp43,SNpp32,41,42,10564,83,0
SNpp41,SNta30,30,53,10564,83,0
JO-ED1,SNta25,31,52,10564,83,0
SNpp35,SNpp45,19,64,10564,83,0
SNpp50,SNpp02,59,24,10564,83,0
SNxx14,SNta11,36,47,10564,83,0
SNxx14,SNpp51,36,47,10564,83,0
SNta04,SNta31,50,33,10564,83,0
SNch10,SNta11,36,47,10564,83,0
SNch10,SNpp51,36,47,10564,83,0
LgAG5,SNpp45,19,64,10564,83,0
LgAG7,SNpp45,19,64,10564,83,0
SNpp45,ORN_DL2d,64,19,10564,83,0
SNpp45,JO-B1_a,64,19,10564,83,0
SNpp45,SNta13,64,19,10564,83,0
SNta18,SNta11,36,47,10564,83,0
SNta18,SNpp51,36,47,10564,83,0
SApp04,SNta33,56,27,10564,83,0
SNta25,SApp13,52,31,10564,83,0
SNxx07,SNxx23,32,50,10565,82,0
SNxx07,SApp19,32,50,10565,82,0
SNxx07,SNxx04,32,50,10565,82,0
SNxx07,SNta04,32,50,10565,82,0
SNxx08,JO-EV6,20,62,10565,82,0
TPMN1,JO-EV2,40,42,10565,82,0
TPMN1,SNpp32,40,42,10565,82,0
DNx02,GNG654,68,14,10565,82,0
DNx02,HRN_VP5,68,14,10565,82,0
DNx02,LB4b,68,14,10565,82,0
DNx02,SNxx24,68,14,10565,82,0
DNx02,ORN_VC5,68,14,10565,82,0
DNx02,PhG4,68,14,10565,82,0
DNx02,SNpp06,68,14,10565,82,0
DNx02,BM_MaPa,68,14,10565,82,0
DNx02,PhG14,68,14,10565,82,0
DNx02,SNpp56,68,14,10565,82,0
DNx02,JO-B2,68,14,10565,82,0
DNx02,JO-B1_c,68,14,10565,82,0
aPhM5,SNta30,29,53,10565,82,0
SNxx23,aPhM3,50,32,10565,82,0
SNxx23,SApp14,50,32,10565,82,0
SNxx23,SNpp07,50,32,10565,82,0
JO-EV5,SNta14,54,28,10565,82,0
JO-EV5,ENS2,54,28,10565,82,0
JO-EV5,ORN_DP1l,54,28,10565,82,0
JO-EV5,ORN_VA6,54,28,10565,82,0
JO-EV5,ENS4,54,28,10565,82,0
JO-EV5,SNta26,54,28,10565,82,0
JO-ED2_a,TPMN2,56,26,10565,82,0
JO-ED2_a,ORN_DM1,56,26,10565,82,0
JO-ED2_a,SNpp10,56,26,10565,82,0
JO-ED2_a,SApp01,56,26,10565,82,0
TPMN2,SNpp39,26,56,10565,82,0
TPMN2,SNch01,26,56,10565,82,0
TPMN2,SApp04,26,56,10565,82,0
JO-FV,LB3d,55,27,10565,82,0
JO-FV,SNxx02,55,27,10565,82,0
JO-FV,BM_Hau,55,27,10565,82,0
JO-FV,JO-B4_b,55,27,10565,82,0
JO-FV,SApp23,55,27,10565,82,0
JO-FV,ORN_VL2p,55,27,10565,82,0
JO-FV,SNta33,55,27,10565,82,0
LgLG1a,SNpp43,41,41,10565,82,0
aPhM3,SApp19,32,50,10565,82,0
aPhM3,SNxx04,32,50,10565,82,0
aPhM3,SNta04,32,50,10565,82,0
SNpp39,ORN_DM1,56,26,10565,82,0
SNpp39,SNpp10,56,26,10565,82,0
SNpp39,SApp01,56,26,10565,82,0
JO-A2,aPhM2a,36,46,10565,82,0
JO-A2,SNta03,36,46,10565,82,0
JO-A2,SNta28,36,46,10565,82,0
JO-EV6,GNG644,62,20,10565,82,0
JO-EV6,ORN_DL5,62,20,10565,82,0
JO-EV6,WG2,62,20,10565,82,0
JO-EV6,LgAG3,62,20,10565,82,0
JO-EV6,PhG1b,62,20,10565,82,0
JO-EV6,BM_vOcci_vPoOr,62,20,10565,82,0
JO-EV6,LB1e,62,20,10565,82,0
JO-EV6,SNxx30,62,20,10565,82,0
JO-EV2,SNxx15,42,40,10565,82,0
SNxx20,SNxx25,44,38,10565,82,0
LgAG1,SNxx25,44,38,10565,82,0
LgLG1b,"SNta02,SNta09",39,43,10565,82,0
SNch01,ORN_DM1,56,26,10565,82,0
SNch01,SNpp10,56,26,10565,82,0
SNch01,SApp01,56,26,10565,82,0
HRN_VP4,SAxx02,31,51,10565,82,0
HRN_VP4,SNxx03,31,51,10565,82,0
JO-ED2_b,TRN_VP3a,64,18,10565,82,0
JO-ED2_b,TRN_VP2,64,18,10565,82,0
JO-ED2_b,aPhM2b,64,18,10565,82,0
JO-ED2_b,ORN_VC1,64,18,10565,82,0
JO-ED2_b,ORN_VM7d,64,18,10565,82,0
JO-ED2_b,LgAG2,64,18,10565,82,0
JO-ED2_b,DNx01,64,18,10565,82,0
WG3,"SNta11,SNta14",33,49,10565,82,0
LB3b,LgLG3,17,65,10565,82,0
SNxx15,SNpp32,40,42,10565,82,0
aPhM2a,SNpp16,46,36,10565,82,0
aPhM2a,SNxx14,46,36,10565,82,0
aPhM2a,SNch10,46,36,10565,82,0
aPhM2a,SNta18,46,36,10565,82,0
SAxx02,HRN_VP1d,51,31,10565,82,0
SAxx02,JO-ED1,51,31,10565,82,0
SAxx02,SApp13,51,31,10565,82,0
BM_InOm,R8y,72,10,10565,82,0
BM_InOm,HRN_VP1l,72,10,10565,82,0
BM_InOm,PhG6,72,10,10565,82,0
BM_InOm,ORN_DM4,72,10,10565,82,0
BM_InOm,ORN_DM6,72,10,10565,82,0
BM_InOm,ORN_VA3,72,10,10565,82,0
R8y,SNpp40,10,72,10565,82,0
LgLG3,ORN_VA1v,65,17,10565,82,0
LgLG3,JO-A1,65,17,10565,82,0
LgLG3,SNpp05,65,17,10565,82,0
LgLG3,SNxx28,65,17,10565,82,0
LgLG3,ORN_VM5v,65,17,10565,82,0
LgLG3,SNpp31,65,17,10565,82,0
LgLG3,SNpp17,65,17,10565,82,0
LgLG3,SNpp01,65,17,10565,82,0
SNpp23,SNta25,30,52,10565,82,0
SNpp40,HRN_VP1l,72,10,10565,82,0
SNpp40,PhG6,72,10,10565,82,0
SNpp40,LN-DN1,72,10,10565,82,0
SNpp40,ORN_DM4,72,10,10565,82,0
SNpp40,ORN_DM6,72,10,10565,82,0
SNpp40,ORN_VA3,72,10,10565,82,0
TRN_VP3a,SNpp45,18,64,10565,82,0
SNpp16,JO-mz,36,46,10565,82,0
SNpp16,SNta03,36,46,10565,82,0
SNpp16,SNta28,36,46,10565,82,0
JO-mz,SNxx14,46,36,10565,82,0
JO-mz,SNch10,46,36,10565,82,0
JO-mz,SNta18,46,36,10565,82,0
SNpp60,SNxx25,44,38,10565,82,0
ORN_DP1m,SAxx01,35,47,10565,82,0
ORN_DP1m,SNxx29,35,47,10565,82,0
ORN_DP1m,SNta11,35,47,10565,82,0
ORN_DP1m,SNpp51,35,47,10565,82,0
SNta03,SNxx14,46,36,10565,82,0
SNta03,SNch10,46,36,10565,82,0
SNta03,SNta18,46,36,10565,82,0
SNxx04,SApp14,50,32,10565,82,0
SNxx04,SNpp07,50,32,10565,82,0
WG4,SNpp50,23,59,10565,82,0
"SNta11,SNta14",SNta31,49,33,10565,82,0
ORN_DM1,SApp04,26,56,10565,82,0
SAxx01,"SApp11,SApp18",47,35,10565,82,0
SNxx03,HRN_VP1d,51,31,10565,82,0
SNxx03,JO-ED1,51,31,10565,82,0
SNxx03,SApp13,51,31,10565,82,0
JO-ED2_c,"SNta02,SNta09",39,43,10565,82,0
SNxx29,"SApp11,SApp18",47,35,10565,82,0
SNxx11,SNta30,29,53,10565,82,0
ORN_DC4,SNta30,29,53,10565,82,0
SNpp47,"SNta02,SNta09",39,43,10565,82,0
TRN_VP2,SNpp45,18,64,10565,82,0
aPhM2b,SNpp45,18,64,10565,82,0
LB1c,SNta30,29,53,10565,82,0
JO-CL,SNta25,30,52,10565,82,0
SNpp30,LgLG7,75,7,10565,82,0
SNpp30,DNg83,75,7,10565,82,0
SNpp30,ORN_DL3,75,7,10565,82,0
SNpp30,ORN_DM3,75,7,10565,82,0
SNpp41,SNta25,30,52,10565,82,0
SNpp50,ORN_D,59,23,10565,82,0
"SApp11,SApp18",SNta11,35,47,10565,82,0
"SApp11,SApp18",SNpp51,35,47,10565,82,0
SNxx14,SNta28,36,46,10565,82,0
SNch10,SNta28,36,46,10565,82,0
SNpp10,SApp04,26,56,10565,82,0
SApp01,SApp04,26,56,10565,82,0
"SNpp29,SNpp63",SNta30,29,53,10565,82,0
SNpp45,ORN_VC1,64,18,10565,82,0
SNpp45,ORN_VM7d,64,18,10565,82,0
SNpp45,LgAG2,64,18,10565,82,0
SNpp33,"SNta02,SNta09",39,43,10565,82,0
SNta18,SNta28,36,46,10565,82,0
SNta30,"SNta04,SNta11",53,29,10565,82,0
SNxx07,"SNta11,SNta14",32,49,10566,81,0
TPMN1,LgLG1a,40,41,10566,81,0
TPMN1,SNpp43,40,41,10566,81,0
DNx02,R7d,68,13,10566,81,0
DNx02,LgLG6,68,13,10566,81,0
DNx02,ORN_DM2,68,13,10566,81,0
DNx02,DNg20,68,13,10566,81,0
DNx02,SNxx06,68,13,10566,81,0
DNx02,SNpp15,68,13,10566,81,0
DNx02,ORN_DA2,68,13,10566,81,0
DNx02,PhG16,68,13,10566,81,0
DNx02,SNpp18,68,13,10566,81,0
DNx02,LgAG8,68,13,10566,81,0
aPhM5,SNta25,29,52,10566,81,0
SNxx23,HRN_VP4,50,31,10566,81,0
SNxx23,HRN_VP1d,50,31,10566,81,0
SNxx23,JO-ED1,50,31,10566,81,0
SNxx23,SApp13,50,31,10566,81,0
JO-EV5,GNG643,54,27,10566,81,0
JO-EV5,LB3d,54,27,10566,81,0
JO-EV5,SNxx02,54,27,10566,81,0
JO-EV5,BM_Hau,54,27,10566,81,0
JO-EV5,JO-B4_b,54,27,10566,81,0
JO-EV5,SApp23,54,27,10566,81,0
JO-EV5,ORN_VL2p,54,27,10566,81,0
JO-EV5,SNta33,54,27,10566,81,0
JO-ED2_a,LB3c,56,25,10566,81,0
JO-ED2_a,SNxx26,56,25,10566,81,0
JO-ED2_a,ORN_VA2,56,25,10566,81,0
TPMN2,JO-FV,26,55,10566,81,0
JO-FV,ORN_DM1,55,26,10566,81,0
JO-FV,SNpp10,55,26,10566,81,0
JO-FV,SApp01,55,26,10566,81,0
LgLG1a,SNxx15,41,40,10566,81,0
aPhM3,"SNta11,SNta14",32,49,10566,81,0
SNpp39,LB3c,56,25,10566,81,0
SNpp39,SNxx26,56,25,10566,81,0
SNpp39,ORN_VA2,56,25,10566,81,0
JO-EV6,aPhM4,62,19,10566,81,0
JO-EV6,LB3a,62,19,10566,81,0
JO-EV6,SNpp35,62,19,10566,81,0
JO-EV6,LgAG5,62,19,10566,81,0
JO-EV6,LgAG7,62,19,10566,81,0
JO-EV6,ORN_DL2d,62,19,10566,81,0
JO-EV6,JO-B1_a,62,19,10566,81,0
JO-EV6,SNta13,62,19,10566,81,0
JO-EV2,LgLG1b,42,39,10566,81,0
JO-EV2,JO-ED2_c,42,39,10566,81,0
JO-EV2,SNpp47,42,39,10566,81,0
JO-EV2,SNpp33,42,39,10566,81,0
SNxx20,claw_tpGRN,44,37,10566,81,0
LgAG1,claw_tpGRN,44,37,10566,81,0
JO-CM,ORN_DA3,76,5,10566,81,0
LgLG1b,SNpp32,39,42,10566,81,0
SNch01,LB3c,56,25,10566,81,0
SNch01,SNxx26,56,25,10566,81,0
SNch01,ORN_VA2,56,25,10566,81,0
HRN_VP4,SApp19,31,50,10566,81,0
HRN_VP4,SNxx04,31,50,10566,81,0
HRN_VP4,SNta04,31,50,10566,81,0
JO-ED2_b,LB3b,64,17,10566,81,0
JO-ED2_b,ORN_VA1v,64,17,10566,81,0
JO-ED2_b,JO-A1,64,17,10566,81,0
JO-ED2_b,SNpp05,64,17,10566,81,0
JO-ED2_b,SNxx28,64,17,10566,81,0
JO-ED2_b,ORN_VM5v,64,17,10566,81,0
JO-ED2_b,SNpp31,64,17,10566,81,0
JO-ED2_b,SNpp17,64,17,10566,81,0
JO-ED2_b,SNpp01,64,17,10566,81,0
aPhM1,SNpp50,22,59,10566,81,0
ORN_VL2a,SAxx01,34,47,10566,81,0
ORN_VL2a,SNxx29,34,47,10566,81,0
ORN_VL2a,SNta11,34,47,10566,81,0
ORN_VL2a,SNpp51,34,47,10566,81,0
LB3b,SNpp45,17,64,10566,81,0
SNxx15,SNpp43,40,41,10566,81,0
aPhM2a,ORN_DP1m,46,35,10566,81,0
aPhM2a,"SApp11,SApp18",46,35,10566,81,0
SAxx02,SNpp23,51,30,10566,81,0
SAxx02,JO-CL,51,30,10566,81,0
SAxx02,SNpp41,51,30,10566,81,0
BM_InOm,LgLG8,72,9,10566,81,0
BM_InOm,LB4a,72,9,10566,81,0
BM_InOm,PhG3,72,9,10566,81,0
BM_InOm,SApp21,72,9,10566,81,0
BM_InOm,LgAG6,72,9,10566,81,0
BM_InOm,tpn MN,72,9,10566,81,0
BM_InOm,JO-B4_a,72,9,10566,81,0
BM_Vt_PoOc,SNpp50,22,59,10566,81,0
LgLG3,GNG642,65,16,10566,81,0
LgLG3,ORN_V,65,16,10566,81,0
LgLG3,PhG10,65,16,10566,81,0
LgLG3,ORN_VL1,65,16,10566,81,0
LgLG3,LgLG4,65,16,10566,81,0
LgLG3,ORN_VM5d,65,16,10566,81,0
LgLG3,SNpp11,65,16,10566,81,0
LgLG3,ALBN1,65,16,10566,81,0
LgLG3,ENS5,65,16,10566,81,0
LgLG3,dorsal_tpGRN,65,16,10566,81,0
LgLG3,JO-CA2,65,16,10566,81,0
ORN_DA1,SAxx01,34,47,10566,81,0
ORN_DA1,SNxx29,34,47,10566,81,0
ORN_DA1,SNta11,34,47,10566,81,0
ORN_DA1,SNpp51,34,47,10566,81,0
SNpp23,SNxx03,30,51,10566,81,0
SNta14,SNta30,28,53,10566,81,0
claw_tpGRN,SNpp60,37,44,10566,81,0
SNpp40,LgLG8,72,9,10566,81,0
SNpp40,LB4a,72,9,10566,81,0
SNpp40,PhG3,72,9,10566,81,0
SNpp40,SApp21,72,9,10566,81,0
SNpp40,LgAG6,72,9,10566,81,0
SNpp40,tpn MN,72,9,10566,81,0
SNpp40,JO-B4_a,72,9,10566,81,0
LB3c,SApp04,25,56,10566,81,0
ENS2,SNta30,28,53,10566,81,0
ORN_DP1l,SNta30,28,53,10566,81,0
PhG9,SNpp50,22,59,10566,81,0
JO-mz,ORN_DP1m,46,35,10566,81,0
JO-mz,"SApp11,SApp18",46,35,10566,81,0
SApp19,HRN_VP1d,50,31,10566,81,0
SApp19,JO-ED1,50,31,10566,81,0
ORN_DP1m,SNta03,35,46,10566,81,0
ORN_DP1m,SNta28,35,46,10566,81,0
SNta03,"SApp11,SApp18",46,35,10566,81,0
SNxx04,HRN_VP1d,50,31,10566,81,0
SNxx04,JO-ED1,50,31,10566,81,0
SNxx04,SApp13,50,31,10566,81,0
"SNta11,SNta14",SApp14,49,32,10566,81,0
"SNta11,SNta14",SNpp07,49,32,10566,81,0
SAxx01,BM_Vib,47,34,10566,81,0
SAxx01,PhG1c,47,34,10566,81,0
SNxx03,JO-CL,51,30,10566,81,0
SNxx03,SNpp41,51,30,10566,81,0
JO-ED2_c,SNpp32,39,42,10566,81,0
BM_Vib,SNxx29,34,47,10566,81,0
BM_Vib,SNta11,34,47,10566,81,0
BM_Vib,SNpp51,34,47,10566,81,0
HRN_VP1d,SNta04,31,50,10566,81,0
SNxx29,PhG1c,47,34,10566,81,0
ORN_DC1,SNpp50,22,59,10566,81,0
SNxx11,SNta25,29,52,10566,81,0
ORN_DC4,SNta25,29,52,10566,81,0
SNpp47,SNpp32,39,42,10566,81,0
LB1c,SNta25,29,52,10566,81,0
PhG1c,SNta11,34,47,10566,81,0
PhG1c,SNpp51,34,47,10566,81,0
JO-ED1,SNta04,31,50,10566,81,0
SNxx25,"SNta02,SNta09",38,43,10566,81,0
SNpp50,SNpp62,59,22,10566,81,0
SNpp50,SNpp58,59,22,10566,81,0
SNpp50,SNxx19,59,22,10566,81,0
SNpp50,SNxx21,59,22,10566,81,0
SNpp50,JO-B3,59,22,10566,81,0
"SApp11,SApp18",SNta28,35,46,10566,81,0
SNta04,SApp13,50,31,10566,81,0
ORN_VA1v,SNpp45,17,64,10566,81,0
JO-A1,SNpp45,17,64,10566,81,0
SNxx26,SApp04,25,56,10566,81,0
ORN_VA2,SApp04,25,56,10566,81,0
ORN_VA6,SNta30,28,53,10566,81,0
"SNpp29,SNpp63",SNta25,29,52,10566,81,0
SNpp45,SNpp05,64,17,10566,81,0
SNpp45,SNxx28,64,17,10566,81,0
SNpp45,ORN_VM5v,64,17,10566,81,0
SNpp45,SNpp31,64,17,10566,81,0
SNpp45,SNpp17,64,17,10566,81,0
SNpp45,SNpp01,64,17,10566,81,0
SNpp33,SNpp32,39,42,10566,81,0
ENS4,SNta30,28,53,10566,81,0
SNta25,"SNta04,SNta11",52,29,10566,81,0
TPMN1,SNxx15,40,40,10567,80,0
DNx02,ENS3,68,12,10567,80,0
DNx02,ORN_VM4,68,12,10567,80,0
DNx02,ENS1,68,12,10567,80,0
DNx02,PhG13,68,12,10567,80,0
DNx02,ORN_DC2,68,12,10567,80,0
DNx02,SNpp37,68,12,10567,80,0
DNx02,ORN_VC4,68,12,10567,80,0
DNx02,b2 MN,68,12,10567,80,0
R7_unclear,LgLG3,15,65,10567,80,0
aPhM5,SAxx02,29,51,10567,80,0
aPhM5,SNxx03,29,51,10567,80,0
SNxx23,SNpp23,50,30,10567,80,0
SNxx23,JO-CL,50,30,10567,80,0
SNxx23,SNpp41,50,30,10567,80,0
JO-EV5,TPMN2,54,26,10567,80,0
JO-EV5,ORN_DM1,54,26,10567,80,0
JO-EV5,SNpp10,54,26,10567,80,0
JO-EV5,SApp01,54,26,10567,80,0
JO-ED2_a,TRN_VP1m,56,24,10567,80,0
JO-ED2_a,SNpp02,56,24,10567,80,0
JO-FV,LB3c,55,25,10567,80,0
JO-FV,SNxx26,55,25,10567,80,0
JO-FV,ORN_VA2,55,25,10567,80,0
LgLG1a,LgLG1b,41,39,10567,80,0
LgLG1a,JO-ED2_c,41,39,10567,80,0
LgLG1a,SNpp47,41,39,10567,80,0
LgLG1a,SNpp33,41,39,10567,80,0
SNpp39,TRN_VP1m,56,24,10567,80,0
SNpp39,SNpp02,56,24,10567,80,0
JO-A2,SNxx20,36,44,10567,80,0
JO-A2,LgAG1,36,44,10567,80,0
JO-A2,SNpp60,36,44,10567,80,0
JO-EV6,TRN_VP3a,62,18,10567,80,0
JO-EV6,TRN_VP2,62,18,10567,80,0
JO-EV6,aPhM2b,62,18,10567,80,0
JO-EV6,ORN_VC1,62,18,10567,80,0
JO-EV6,ORN_VM7d,62,18,10567,80,0
JO-EV6,LgAG2,62,18,10567,80,0
JO-EV6,DNx01,62,18,10567,80,0
JO-EV2,SNxx25,42,38,10567,80,0
SNxx20,SNpp16,44,36,10567,80,0
SNxx20,SNxx14,44,36,10567,80,0
SNxx20,SNch10,44,36,10567,80,0
SNxx20,SNta18,44,36,10567,80,0
LgAG1,SNpp16,44,36,10567,80,0
LgAG1,SNxx14,44,36,10567,80,0
LgAG1,SNch10,44,36,10567,80,0
LgAG1,SNta18,44,36,10567,80,0
LgLG1b,SNpp43,39,41,10567,80,0
GNG643,SNta30,27,53,10567,80,0
SNch01,TRN_VP1m,56,24,10567,80,0
SNch01,SNpp02,56,24,10567,80,0
HRN_VP4,"SNta11,SNta14",31,49,10567,80,0
JO-ED2_b,GNG642,64,16,10567,80,0
JO-ED2_b,ORN_V,64,16,10567,80,0
JO-ED2_b,PhG10,64,16,10567,80,0
JO-ED2_b,ORN_VL1,64,16,10567,80,0
JO-ED2_b,LgLG4,64,16,10567,80,0
JO-ED2_b,ORN_VM5d,64,16,10567,80,0
JO-ED2_b,SNpp11,64,16,10567,80,0
JO-ED2_b,ALBN1,64,16,10567,80,0
JO-ED2_b,ENS5,64,16,10567,80,0
JO-ED2_b,dorsal_tpGRN,64,16,10567,80,0
JO-ED2_b,JO-CA2,64,16,10567,80,0
WG3,SAxx01,33,47,10567,80,0
WG3,SNxx29,33,47,10567,80,0
WG3,SNta11,33,47,10567,80,0
WG3,SNpp51,33,47,10567,80,0
ORN_VL2a,aPhM2a,34,46,10567,80,0
ORN_VL2a,JO-mz,34,46,10567,80,0
ORN_VL2a,SNta03,34,46,10567,80,0
ORN_VL2a,SNta28,34,46,10567,80,0
aPhM2a,ORN_DA1,46,34,10567,80,0
aPhM2a,BM_Vib,46,34,10567,80,0
aPhM2a,PhG1c,46,34,10567,80,0
SAxx02,SNxx11,51,29,10567,80,0
SAxx02,ORN_DC4,51,29,10567,80,0
SAxx02,LB1c,51,29,10567,80,0
SAxx02,"SNpp29,SNpp63",51,29,10567,80,0
SAxx02,"SNta04,SNta11",51,29,10567,80,0
BM_InOm,LgLG5,72,8,10567,80,0
BM_InOm,HBeyelet,72,8,10567,80,0
BM_InOm,PhG1a,72,8,10567,80,0
LgLG5,SNpp40,8,72,10567,80,0
LgLG3,WG1,65,15,10567,80,0
LgLG3,LgAG9,65,15,10567,80,0
LgLG3,ORN_VA1d,65,15,10567,80,0
LgLG3,SNpp57,65,15,10567,80,0
LgLG3,LB1b,65,15,10567,80,0
LgLG3,SNpp12,65,15,10567,80,0
LgLG3,PhG8,65,15,10567,80,0
JO-A3,SNpp50,21,59,10567,80,0
ORN_DA1,JO-mz,34,46,10567,80,0
ORN_DA1,SNta03,34,46,10567,80,0
ORN_DA1,SNta28,34,46,10567,80,0
SNpp23,SApp19,30,50,10567,80,0
SNpp23,SNxx04,30,50,10567,80,0
SNpp23,SNta04,30,50,10567,80,0
SNta14,SNta25,28,52,10567,80,0
claw_tpGRN,"SNta02,SNta09",37,43,10567,80,0
SNpp40,HBeyelet,72,8,10567,80,0
SNpp40,PhG1a,72,8,10567,80,0
LB3d,SNta30,27,53,10567,80,0
SNxx02,SNta30,27,53,10567,80,0
ORN_VM6v,SNpp50,21,59,10567,80,0
ENS2,SNta25,28,52,10567,80,0
ORN_DP1l,SNta25,28,52,10567,80,0
SNpp16,SNpp60,36,44,10567,80,0
TRN_VP1m,SApp04,24,56,10567,80,0
BM_Hau,SNta30,27,53,10567,80,0
JO-mz,BM_Vib,46,34,10567,80,0
JO-mz,PhG1c,46,34,10567,80,0
SNpp60,SNxx14,44,36,10567,80,0
SNpp60,SNch10,44,36,10567,80,0
SNpp60,SNta18,44,36,10567,80,0
SApp19,JO-CL,50,30,10567,80,0
SApp19,SNpp41,50,30,10567,80,0
JO-B4_b,SNta30,27,53,10567,80,0
SNta03,BM_Vib,46,34,10567,80,0
SNta03,PhG1c,46,34,10567,80,0
SNxx04,JO-CL,50,30,10567,80,0
SNxx04,SNpp41,50,30,10567,80,0
"SNta11,SNta14",HRN_VP1d,49,31,10567,80,0
"SNta11,SNta14",JO-ED1,49,31,10567,80,0
"SNta11,SNta14",SApp13,49,31,10567,80,0
SAxx01,SNta31,47,33,10567,80,0
SNxx03,SNxx11,51,29,10567,80,0
SNxx03,ORN_DC4,51,29,10567,80,0
SNxx03,LB1c,51,29,10567,80,0
SNxx03,"SNpp29,SNpp63",51,29,10567,80,0
SNxx03,"SNta04,SNta11",51,29,10567,80,0
JO-ED2_c,SNpp43,39,41,10567,80,0
BM_Vib,SNta28,34,46,10567,80,0
SNxx29,SNta31,47,33,10567,80,0
GNG642,SNpp45,16,64,10567,80,0
SApp23,SNta30,27,53,10567,80,0
SNpp47,SNpp43,39,41,10567,80,0
JO-CL,SNta04,30,50,10567,80,0
ORN_VL2p,SNta30,27,53,10567,80,0
SNpp30,ORN_DA3,75,5,10567,80,0
SNpp43,SNpp33,41,39,10567,80,0
PhG1c,SNta28,34,46,10567,80,0
SNpp41,SNta04,30,50,10567,80,0
SNxx25,SNpp32,38,42,10567,80,0
SNpp50,SNxx17,59,21,10567,80,0
SNpp50,ORN_DL2v,59,21,10567,80,0
ORN_V,SNpp45,16,64,10567,80,0
ORN_VA6,SNta25,28,52,10567,80,0
PhG10,SNpp45,16,64,10567,80,0
SNpp45,ORN_VL1,64,16,10567,80,0
SNpp45,LgLG4,64,16,10567,80,0
SNpp45,ORN_VM5d,64,16,10567,80,0
SNpp45,SNpp11,64,16,10567,80,0
SNpp45,ALBN1,64,16,10567,80,0
SNpp45,ENS5,64,16,10567,80,0
SNpp45,dorsal_tpGRN,64,16,10567,80,0
SNpp45,JO-CA2,64,16,10567,80,0
SNta11,SNta31,47,33,10567,80,0
SApp04,SNpp02,56,24,10567,80,0
ENS4,SNta25,28,52,10567,80,0
SNpp51,SNta31,47,33,10567,80,0
SNta30,SNta33,53,27,10567,80,0
SNxx07,SAxx01,32,47,10568,79,0
SNxx07,SNxx29,32,47,10568,79,0
SNxx07,SNta11,32,47,10568,79,0
SNxx07,SNpp51,32,47,10568,79,0
SNxx08,SNpp50,20,59,10568,79,0
TPMN1,LgLG1b,40,39,10568,79,0
TPMN1,JO-ED2_c,40,39,10568,79,0
TPMN1,SNpp47,40,39,10568,79,0
TPMN1,SNpp33,40,39,10568,79,0
DNx02,R7y,68,11,10568,79,0
DNx02,R7p,68,11,10568,79,0
DNx02,R8p,68,11,10568,79,0
DNx02,SNxx09,68,11,10568,79,0
DNx02,LgLG2,68,11,10568,79,0
DNx02,R8_unclear,68,11,10568,79,0
DNx02,LB1a,68,11,10568,79,0
DNx02,SNpp21,68,11,10568,79,0
DNx02,ORN_VM7v,68,11,10568,79,0
DNx02,ORN_DL1,68,11,10568,79,0
R7_unclear,JO-ED2_b,15,64,10568,79,0
R7_unclear,SNpp45,15,64,10568,79,0
aPhM5,SNxx23,29,50,10568,79,0
aPhM5,SApp19,29,50,10568,79,0
aPhM5,SNxx04,29,50,10568,79,0
aPhM5,SNta04,29,50,10568,79,0
SNxx23,SNxx11,50,29,10568,79,0
SNxx23,ORN_DC4,50,29,10568,79,0
SNxx23,LB1c,50,29,10568,79,0
SNxx23,"SNpp29,SNpp63",50,29,10568,79,0
SNxx23,"SNta04,SNta11",50,29,10568,79,0
JO-EV5,LB3c,54,25,10568,79,0
JO-EV5,SNxx26,54,25,10568,79,0
JO-EV5,ORN_VA2,54,25,10568,79,0
JO-ED2_a,WG4,56,23,10568,79,0
JO-ED2_a,ORN_D,56,23,10568,79,0
TPMN2,SNta30,26,53,10568,79,0
JO-FV,TRN_VP1m,55,24,10568,79,0
JO-FV,SNpp02,55,24,10568,79,0
LgLG1a,SNxx25,41,38,10568,79,0
aPhM3,SAxx01,32,47,10568,79,0
aPhM3,SNxx29,32,47,10568,79,0
aPhM3,SNta11,32,47,10568,79,0
aPhM3,SNpp51,32,47,10568,79,0
SNpp39,WG4,56,23,10568,79,0
SNpp39,ORN_D,56,23,10568,79,0
JO-A2,"SNta02,SNta09",36,43,10568,79,0
JO-EV6,LB3b,62,17,10568,79,0
JO-EV6,ORN_VA1v,62,17,10568,79,0
JO-EV6,JO-A1,62,17,10568,79,0
JO-EV6,SNpp05,62,17,10568,79,0
JO-EV6,SNxx28,62,17,10568,79,0
JO-EV6,ORN_VM5v,62,17,10568,79,0
JO-EV6,SNpp31,62,17,10568,79,0
JO-EV6,SNpp17,62,17,10568,79,0
JO-EV6,SNpp01,62,17,10568,79,0
JO-EV2,claw_tpGRN,42,37,10568,79,0
SNxx20,ORN_DP1m,44,35,10568,79,0
SNxx20,"SApp11,SApp18",44,35,10568,79,0
LgAG1,ORN_DP1m,44,35,10568,79,0
LgAG1,"SApp11,SApp18",44,35,10568,79,0
JO-CM,R8d,76,3,10568,79,0
LgLG1b,SNxx15,39,40,10568,79,0
GNG643,SNta25,27,52,10568,79,0
SNch01,WG4,56,23,10568,79,0
SNch01,ORN_D,56,23,10568,79,0
JO-ED2_b,WG1,64,15,10568,79,0
JO-ED2_b,LgAG9,64,15,10568,79,0
JO-ED2_b,ORN_VA1d,64,15,10568,79,0
JO-ED2_b,SNpp57,64,15,10568,79,0
JO-ED2_b,LB1b,64,15,10568,79,0
JO-ED2_b,SNpp12,64,15,10568,79,0
JO-ED2_b,PhG8,64,15,10568,79,0
WG3,aPhM2a,33,46,10568,79,0
WG3,JO-mz,33,46,10568,79,0
WG3,SNta03,33,46,10568,79,0
WG3,SNta28,33,46,10568,79,0
SNxx15,JO-ED2_c,40,39,10568,79,0
SNxx15,SNpp47,40,39,10568,79,0
SNxx15,SNpp33,40,39,10568,79,0
aPhM2a,SNta31,46,33,10568,79,0
SAxx02,SNta14,51,28,10568,79,0
SAxx02,ENS2,51,28,10568,79,0
SAxx02,ORN_DP1l,51,28,10568,79,0
SAxx02,ORN_VA6,51,28,10568,79,0
SAxx02,ENS4,51,28,10568,79,0
SAxx02,SNta26,51,28,10568,79,0
BM_InOm,LgLG7,72,7,10568,79,0
BM_InOm,ORN_DL3,72,7,10568,79,0
BM_InOm,ORN_DM3,72,7,10568,79,0
GNG644,SNpp50,20,59,10568,79,0
LgLG3,GNG654,65,14,10568,79,0
LgLG3,HRN_VP5,65,14,10568,79,0
LgLG3,LB4b,65,14,10568,79,0
LgLG3,SNxx24,65,14,10568,79,0
LgLG3,ORN_VC5,65,14,10568,79,0
LgLG3,PhG4,65,14,10568,79,0
LgLG3,SNpp06,65,14,10568,79,0
LgLG3,BM_MaPa,65,14,10568,79,0
LgLG3,PhG14,65,14,10568,79,0
LgLG3,SNpp56,65,14,10568,79,0
LgLG3,JO-B2,65,14,10568,79,0
LgLG3,JO-B1_c,65,14,10568,79,0
SNpp23,"SNta11,SNta14",30,49,10568,79,0
WG1,SNpp45,15,64,10568,79,0
SNta14,SNxx03,28,51,10568,79,0
claw_tpGRN,SNpp32,37,42,10568,79,0
SNpp40,LgLG7,72,7,10568,79,0
SNpp40,DNg83,72,7,10568,79,0
SNpp40,ORN_DL3,72,7,10568,79,0
SNpp40,ORN_DM3,72,7,10568,79,0
LB3d,SNta25,27,52,10568,79,0
SNxx02,SNta25,27,52,10568,79,0
ENS2,SNxx03,28,51,10568,79,0
ORN_DP1l,SNxx03,28,51,10568,79,0
SNpp16,"SNta02,SNta09",36,43,10568,79,0
BM_Hau,SNta25,27,52,10568,79,0
JO-mz,SNta31,46,33,10568,79,0
SNpp60,ORN_DP1m,44,35,10568,79,0
SNpp60,"SApp11,SApp18",44,35,10568,79,0
SApp19,SNxx11,50,29,10568,79,0
SApp19,ORN_DC4,50,29,10568,79,0
SApp19,LB1c,50,29,10568,79,0
SApp19,"SNpp29,SNpp63",50,29,10568,79,0
JO-B4_b,SNta25,27,52,10568,79,0
SNta03,SNta31,46,33,10568,79,0
SNxx04,SNxx11,50,29,10568,79,0
SNxx04,ORN_DC4,50,29,10568,79,0
SNxx04,LB1c,50,29,10568,79,0
SNxx04,"SNpp29,SNpp63",50,29,10568,79,0
SNxx04,"SNta04,SNta11",50,29,10568,79,0
WG4,SApp04,23,56,10568,79,0
"SNta11,SNta14",JO-CL,49,30,10568,79,0
"SNta11,SNta14",SNpp41,49,30,10568,79,0
ORN_DM1,SNta30,26,53,10568,79,0
SAxx01,SApp14,47,32,10568,79,0
SAxx01,SNpp07,47,32,10568,79,0
SNxx03,ORN_VA6,51,28,10568,79,0
SNxx03,ENS4,51,28,10568,79,0
SNxx03,SNta26,51,28,10568,79,0
SNxx29,SApp14,47,32,10568,79,0
SNxx29,SNpp07,47,32,10568,79,0
SNxx11,SNta04,29,50,10568,79,0
ORN_DC4,SNta04,29,50,10568,79,0
SApp23,SNta25,27,52,10568,79,0
LB1c,SNta04,29,50,10568,79,0
LgAG9,SNpp45,15,64,10568,79,0
ORN_VL2p,SNta25,27,52,10568,79,0
ORN_DL5,SNpp50,20,59,10568,79,0
SNpp43,SNxx25,41,38,10568,79,0
SNpp50,WG2,59,20,10568,79,0
SNpp50,LgAG3,59,20,10568,79,0
SNpp50,PhG1b,59,20,10568,79,0
SNpp50,BM_vOcci_vPoOr,59,20,10568,79,0
SNpp50,LB1e,59,20,10568,79,0
SNxx14,"SNta02,SNta09",36,43,10568,79,0
SNta04,"SNpp29,SNpp63",50,29,10568,79,0
SNch10,"SNta02,SNta09",36,43,10568,79,0
SNpp10,SNta30,26,53,10568,79,0
SApp01,SNta30,26,53,10568,79,0
SNpp45,ORN_VA1d,64,15,10568,79,0
SNpp45,SNpp57,64,15,10568,79,0
SNpp45,LB1b,64,15,10568,79,0
SNpp45,SNpp12,64,15,10568,79,0
SNpp45,PhG8,64,15,10568,79,0
ORN_D,SApp04,23,56,10568,79,0
SNta18,"SNta02,SNta09",36,43,10568,79,0
SNta11,SApp14,47,32,10568,79,0
SNta11,SNpp07,47,32,10568,79,0
SApp14,SNpp51,32,47,10568,79,0
SNpp51,SNpp07,47,32,10568,79,0
SNta25,SNta33,52,27,10568,79,0
SNta31,SNta28,33,46,10568,79,0
SNxx07,aPhM2a,32,46,10569,78,0
SNxx07,JO-mz,32,46,10569,78,0
SNxx07,SNta03,32,46,10569,78,0
SNxx07,SNta28,32,46,10569,78,0
TPMN1,SNxx25,40,38,10569,78,0
DNx02,R8y,68,10,10569,78,0
DNx02,HRN_VP1l,68,10,10569,78,0
DNx02,PhG6,68,10,10569,78,0
DNx02,LN-DN1,68,10,10569,78,0
DNx02,ORN_DM4,68,10,10569,78,0
DNx02,ORN_DM6,68,10,10569,78,0
DNx02,ORN_VA3,68,10,10569,78,0
aPhM5,"SNta11,SNta14",29,49,10569,78,0
SNxx23,SNta14,50,28,10569,78,0
SNxx23,ENS2,50,28,10569,78,0
SNxx23,ORN_DP1l,50,28,10569,78,0
SNxx23,ORN_VA6,50,28,10569,78,0
SNxx23,ENS4,50,28,10569,78,0
SNxx23,SNta26,50,28,10569,78,0
JO-EV5,TRN_VP1m,54,24,10569,78,0
JO-EV5,SNpp02,54,24,10569,78,0
JO-ED2_a,aPhM1,56,22,10569,78,0
JO-ED2_a,BM_Vt_PoOc,56,22,10569,78,0
JO-ED2_a,PhG9,56,22,10569,78,0
JO-ED2_a,ORN_DC1,56,22,10569,78,0
JO-ED2_a,SNpp62,56,22,10569,78,0
JO-ED2_a,SNpp58,56,22,10569,78,0
JO-ED2_a,SNxx19,56,22,10569,78,0
JO-ED2_a,SNxx21,56,22,10569,78,0
JO-ED2_a,JO-B3,56,22,10569,78,0
TPMN2,SNta25,26,52,10569,78,0
JO-FV,WG4,55,23,10569,78,0
JO-FV,ORN_D,55,23,10569,78,0
R7d,LgLG3,13,65,10569,78,0
LgLG6,LgLG3,13,65,10569,78,0
LgLG1a,claw_tpGRN,41,37,10569,78,0
aPhM3,JO-mz,32,46,10569,78,0
aPhM3,SNta03,32,46,10569,78,0
aPhM3,SNta28,32,46,10569,78,0
SNpp39,aPhM1,56,22,10569,78,0
SNpp39,BM_Vt_PoOc,56,22,10569,78,0
SNpp39,PhG9,56,22,10569,78,0
SNpp39,ORN_DC1,56,22,10569,78,0
SNpp39,SNpp62,56,22,10569,78,0
SNpp39,SNpp58,56,22,10569,78,0
SNpp39,SNxx19,56,22,10569,78,0
SNpp39,SNxx21,56,22,10569,78,0
SNpp39,JO-B3,56,22,10569,78,0
JO-A2,JO-EV2,36,42,10569,78,0
JO-A2,SNpp32,36,42,10569,78,0
JO-EV6,GNG642,62,16,10569,78,0
JO-EV6,ORN_V,62,16,10569,78,0
JO-EV6,PhG10,62,16,10569,78,0
JO-EV6,ORN_VL1,62,16,10569,78,0
JO-EV6,LgLG4,62,16,10569,78,0
JO-EV6,ORN_VM5d,62,16,10569,78,0
JO-EV6,SNpp11,62,16,10569,78,0
JO-EV6,ALBN1,62,16,10569,78,0
JO-EV6,ENS5,62,16,10569,78,0
JO-EV6,dorsal_tpGRN,62,16,10569,78,0
JO-EV6,JO-CA2,62,16,10569,78,0
aPhM4,SNpp50,19,59,10569,78,0
JO-EV2,SNpp16,42,36,10569,78,0
JO-EV2,SNxx14,42,36,10569,78,0
JO-EV2,SNch10,42,36,10569,78,0
JO-EV2,SNta18,42,36,10569,78,0
SNxx20,ORN_VL2a,44,34,10569,78,0
SNxx20,ORN_DA1,44,34,10569,78,0
SNxx20,BM_Vib,44,34,10569,78,0
SNxx20,PhG1c,44,34,10569,78,0
LgAG1,ORN_VL2a,44,34,10569,78,0
LgAG1,ORN_DA1,44,34,10569,78,0
LgAG1,BM_Vib,44,34,10569,78,0
LgAG1,PhG1c,44,34,10569,78,0
LgLG1b,JO-ED2_c,39,39,10569,78,0
LgLG1b,SNpp47,39,39,10569,78,0
LgLG1b,SNpp33,39,39,10569,78,0
GNG643,SAxx02,27,51,10569,78,0
GNG643,SNxx03,27,51,10569,78,0
SNch01,aPhM1,56,22,10569,78,0
SNch01,BM_Vt_PoOc,56,22,10569,78,0
SNch01,PhG9,56,22,10569,78,0
SNch01,ORN_DC1,56,22,10569,78,0
SNch01,SNpp62,56,22,10569,78,0
SNch01,SNpp58,56,22,10569,78,0
SNch01,SNxx19,56,22,10569,78,0
SNch01,JO-B3,56,22,10569,78,0
HRN_VP4,SAxx01,31,47,10569,78,0
HRN_VP4,SNxx29,31,47,10569,78,0
HRN_VP4,SNta11,31,47,10569,78,0
HRN_VP4,SNpp51,31,47,10569,78,0
JO-ED2_b,GNG654,64,14,10569,78,0
JO-ED2_b,HRN_VP5,64,14,10569,78,0
JO-ED2_b,LB4b,64,14,10569,78,0
JO-ED2_b,SNxx24,64,14,10569,78,0
JO-ED2_b,ORN_VC5,64,14,10569,78,0
JO-ED2_b,PhG4,64,14,10569,78,0
JO-ED2_b,SNpp06,64,14,10569,78,0
JO-ED2_b,BM_MaPa,64,14,10569,78,0
JO-ED2_b,PhG14,64,14,10569,78,0
JO-ED2_b,SNpp56,64,14,10569,78,0
JO-ED2_b,JO-B2,64,14,10569,78,0
JO-ED2_b,JO-B1_c,64,14,10569,78,0
aPhM1,SApp04,22,56,10569,78,0
ORN_VL2a,SNpp60,34,44,10569,78,0
SNxx15,SNxx25,40,38,10569,78,0
aPhM2a,SApp14,46,32,10569,78,0
aPhM2a,SNpp07,46,32,10569,78,0
SAxx02,LB3d,51,27,10569,78,0
SAxx02,SNxx02,51,27,10569,78,0
SAxx02,BM_Hau,51,27,10569,78,0
SAxx02,JO-B4_b,51,27,10569,78,0
SAxx02,SApp23,51,27,10569,78,0
SAxx02,ORN_VL2p,51,27,10569,78,0
SAxx02,SNta33,51,27,10569,78,0
BM_Vt_PoOc,SApp04,22,56,10569,78,0
LgLG3,ORN_DM2,65,13,10569,78,0
LgLG3,DNg20,65,13,10569,78,0
LgLG3,SNxx06,65,13,10569,78,0
LgLG3,SNpp15,65,13,10569,78,0
LgLG3,ORN_DA2,65,13,10569,78,0
LgLG3,PhG16,65,13,10569,78,0
LgLG3,SNpp18,65,13,10569,78,0
LgLG3,LgAG8,65,13,10569,78,0
ORN_DA1,SNpp60,34,44,10569,78,0
SNta14,SApp19,28,50,10569,78,0
SNta14,SNxx04,28,50,10569,78,0
claw_tpGRN,SNpp43,37,41,10569,78,0
LB3d,SNxx03,27,51,10569,78,0
SNxx02,SNxx03,27,51,10569,78,0
LB3c,SNta30,25,53,10569,78,0
ENS2,SApp19,28,50,10569,78,0
ENS2,SNxx04,28,50,10569,78,0
ENS2,SNta04,28,50,10569,78,0
ORN_DP1l,SApp19,28,50,10569,78,0
ORN_DP1l,SNxx04,28,50,10569,78,0
ORN_DP1l,SNta04,28,50,10569,78,0
LB3a,SNpp50,19,59,10569,78,0
SNpp16,SNpp32,36,42,10569,78,0
PhG9,SApp04,22,56,10569,78,0
BM_Hau,SNxx03,27,51,10569,78,0
JO-mz,SApp14,46,32,10569,78,0
JO-mz,SNpp07,46,32,10569,78,0
SNpp60,BM_Vib,44,34,10569,78,0
SNpp60,PhG1c,44,34,10569,78,0
SApp19,ORN_VA6,50,28,10569,78,0
SApp19,ENS4,50,28,10569,78,0
SApp19,SNta26,50,28,10569,78,0
ORN_DP1m,"SNta02,SNta09",35,43,10569,78,0
JO-B4_b,SNxx03,27,51,10569,78,0
SNta03,SApp14,46,32,10569,78,0
SNta03,SNpp07,46,32,10569,78,0
SNxx04,ORN_VA6,50,28,10569,78,0
SNxx04,ENS4,50,28,10569,78,0
SNxx04,SNta26,50,28,10569,78,0
"SNta11,SNta14",SNxx11,49,29,10569,78,0
"SNta11,SNta14",ORN_DC4,49,29,10569,78,0
"SNta11,SNta14",LB1c,49,29,10569,78,0
"SNta11,SNta14","SNpp29,SNpp63",49,29,10569,78,0
ORN_DM1,SNta25,26,52,10569,78,0
SAxx01,HRN_VP1d,47,31,10569,78,0
SAxx01,JO-ED1,47,31,10569,78,0
SAxx01,SApp13,47,31,10569,78,0
SNxx03,SApp23,51,27,10569,78,0
SNxx03,ORN_VL2p,51,27,10569,78,0
SNxx03,SNta33,51,27,10569,78,0
JO-ED2_c,SNpp47,39,39,10569,78,0
JO-ED2_c,SNpp33,39,39,10569,78,0
HRN_VP1d,SNxx29,31,47,10569,78,0
HRN_VP1d,SNta11,31,47,10569,78,0
HRN_VP1d,SNpp51,31,47,10569,78,0
SNxx29,JO-ED1,47,31,10569,78,0
SNxx29,SApp13,47,31,10569,78,0
ORN_DC1,SApp04,22,56,10569,78,0
GNG654,SNpp45,14,64,10569,78,0
SNpp47,SNpp33,39,39,10569,78,0
SNpp30,R8d,75,3,10569,78,0
JO-ED1,SNta11,31,47,10569,78,0
JO-ED1,SNpp51,31,47,10569,78,0
SNpp35,SNpp50,19,59,10569,78,0
SNpp50,LgAG5,59,19,10569,78,0
SNpp50,LgAG7,59,19,10569,78,0
SNpp50,ORN_DL2d,59,19,10569,78,0
SNpp50,JO-B1_a,59,19,10569,78,0
SNpp50,SNta13,59,19,10569,78,0
"SApp11,SApp18","SNta02,SNta09",35,43,10569,78,0
SNxx14,SNpp32,36,42,10569,78,0
SNta04,ORN_VA6,50,28,10569,78,0
SNta04,ENS4,50,28,10569,78,0
SNta04,SNta26,50,28,10569,78,0
SNch10,SNpp32,36,42,10569,78,0
SNxx26,SNta30,25,53,10569,78,0
ORN_VA2,SNta30,25,53,10569,78,0
SNpp10,SNta25,26,52,10569,78,0
HRN_VP5,SNpp45,14,64,10569,78,0
SNpp62,SApp04,22,56,10569,78,0
SApp01,SNta25,26,52,10569,78,0
LB4b,SNpp45,14,64,10569,78,0
SNxx24,SNpp45,14,64,10569,78,0
SNpp45,ORN_VC5,64,14,10569,78,0
SNpp45,PhG4,64,14,10569,78,0
SNpp45,SNpp06,64,14,10569,78,0
SNpp45,BM_MaPa,64,14,10569,78,0
SNpp45,PhG14,64,14,10569,78,0
SNpp45,SNpp56,64,14,10569,78,0
SNpp45,JO-B2,64,14,10569,78,0
SNpp45,JO-B1_c,64,14,10569,78,0
SNta18,SNpp32,36,42,10569,78,0
SNta11,SApp13,47,31,10569,78,0
SApp04,SNpp58,56,22,10569,78,0
SApp04,SNxx19,56,22,10569,78,0
SApp04,SNxx21,56,22,10569,78,0
SApp04,JO-B3,56,22,10569,78,0
SApp14,SNta28,32,46,10569,78,0
SNpp51,SApp13,47,31,10569,78,0
SNpp07,SNta28,32,46,10569,78,0
TPMN1,claw_tpGRN,40,37,10570,77,0
DNx02,LgLG8,68,9,10570,77,0
DNx02,LB4a,68,9,10570,77,0
DNx02,PhG3,68,9,10570,77,0
DNx02,SApp21,68,9,10570,77,0
DNx02,LgAG6,68,9,10570,77,0
DNx02,tpn MN,68,9,10570,77,0
DNx02,JO-B4_a,68,9,10570,77,0
R7_unclear,JO-EV6,15,62,10570,77,0
SNxx23,GNG643,50,27,10570,77,0
SNxx23,LB3d,50,27,10570,77,0
SNxx23,SNxx02,50,27,10570,77,0
SNxx23,BM_Hau,50,27,10570,77,0
SNxx23,JO-B4_b,50,27,10570,77,0
SNxx23,SApp23,50,27,10570,77,0
SNxx23,ORN_VL2p,50,27,10570,77,0
SNxx23,SNta33,50,27,10570,77,0
JO-EV5,WG4,54,23,10570,77,0
JO-EV5,ORN_D,54,23,10570,77,0
JO-ED2_a,JO-A3,56,21,10570,77,0
JO-ED2_a,ORN_VM6v,56,21,10570,77,0
JO-ED2_a,SNxx17,56,21,10570,77,0
JO-ED2_a,ORN_DL2v,56,21,10570,77,0
TPMN2,SAxx02,26,51,10570,77,0
TPMN2,SNxx03,26,51,10570,77,0
JO-FV,aPhM1,55,22,10570,77,0
JO-FV,PhG9,55,22,10570,77,0
JO-FV,ORN_DC1,55,22,10570,77,0
JO-FV,SNpp62,55,22,10570,77,0
JO-FV,SNpp58,55,22,10570,77,0
JO-FV,SNxx19,55,22,10570,77,0
JO-FV,SNxx21,55,22,10570,77,0
JO-FV,JO-B3,55,22,10570,77,0
R7d,JO-ED2_b,13,64,10570,77,0
R7d,SNpp45,13,64,10570,77,0
LgLG6,JO-ED2_b,13,64,10570,77,0
LgLG6,SNpp45,13,64,10570,77,0
LgLG1a,JO-A2,41,36,10570,77,0
LgLG1a,SNpp16,41,36,10570,77,0
LgLG1a,SNxx14,41,36,10570,77,0
LgLG1a,SNch10,41,36,10570,77,0
LgLG1a,SNta18,41,36,10570,77,0
SNpp39,JO-A3,56,21,10570,77,0
SNpp39,ORN_VM6v,56,21,10570,77,0
SNpp39,SNxx17,56,21,10570,77,0
SNpp39,ORN_DL2v,56,21,10570,77,0
JO-A2,SNpp43,36,41,10570,77,0
JO-EV6,WG1,62,15,10570,77,0
JO-EV6,LgAG9,62,15,10570,77,0
JO-EV6,ORN_VA1d,62,15,10570,77,0
JO-EV6,SNpp57,62,15,10570,77,0
JO-EV6,LB1b,62,15,10570,77,0
JO-EV6,SNpp12,62,15,10570,77,0
JO-EV6,PhG8,62,15,10570,77,0
JO-EV2,ORN_DP1m,42,35,10570,77,0
JO-EV2,"SApp11,SApp18",42,35,10570,77,0
SNxx20,WG3,44,33,10570,77,0
SNxx20,SNta31,44,33,10570,77,0
LgAG1,WG3,44,33,10570,77,0
LgAG1,SNta31,44,33,10570,77,0
LgLG1b,SNxx25,39,38,10570,77,0
GNG643,SApp19,27,50,10570,77,0
GNG643,SNxx04,27,50,10570,77,0
GNG643,SNta04,27,50,10570,77,0
SNch01,JO-A3,56,21,10570,77,0
SNch01,ORN_VM6v,56,21,10570,77,0
SNch01,SNxx17,56,21,10570,77,0
SNch01,ORN_DL2v,56,21,10570,77,0
HRN_VP4,aPhM2a,31,46,10570,77,0
HRN_VP4,JO-mz,31,46,10570,77,0
HRN_VP4,SNta03,31,46,10570,77,0
HRN_VP4,SNta28,31,46,10570,77,0
JO-ED2_b,ORN_DM2,64,13,10570,77,0
JO-ED2_b,DNg20,64,13,10570,77,0
JO-ED2_b,SNxx06,64,13,10570,77,0
JO-ED2_b,SNpp15,64,13,10570,77,0
JO-ED2_b,ORN_DA2,64,13,10570,77,0
JO-ED2_b,PhG16,64,13,10570,77,0
JO-ED2_b,SNpp18,64,13,10570,77,0
JO-ED2_b,LgAG8,64,13,10570,77,0
WG3,SNpp60,33,44,10570,77,0
ORN_VL2a,"SNta02,SNta09",34,43,10570,77,0
SNxx15,claw_tpGRN,40,37,10570,77,0
aPhM2a,HRN_VP1d,46,31,10570,77,0
aPhM2a,JO-ED1,46,31,10570,77,0
aPhM2a,SApp13,46,31,10570,77,0
SAxx02,ORN_DM1,51,26,10570,77,0
SAxx02,SNpp10,51,26,10570,77,0
SAxx02,SApp01,51,26,10570,77,0
BM_InOm,ORN_DA3,72,5,10570,77,0
LgLG3,ENS3,65,12,10570,77,0
LgLG3,ORN_VM4,65,12,10570,77,0
LgLG3,ENS1,65,12,10570,77,0
LgLG3,PhG13,65,12,10570,77,0
LgLG3,ORN_DC2,65,12,10570,77,0
LgLG3,SNpp37,65,12,10570,77,0
LgLG3,ORN_VC4,65,12,10570,77,0
LgLG3,b2 MN,65,12,10570,77,0
JO-A3,SApp04,21,56,10570,77,0
ORN_DA1,"SNta02,SNta09",34,43,10570,77,0
SNpp23,SAxx01,30,47,10570,77,0
SNpp23,SNxx29,30,47,10570,77,0
SNpp23,SNta11,30,47,10570,77,0
SNpp23,SNpp51,30,47,10570,77,0
SNpp40,ORN_DA3,72,5,10570,77,0
TRN_VP3a,SNpp50,18,59,10570,77,0
LB3d,SApp19,27,50,10570,77,0
LB3d,SNxx04,27,50,10570,77,0
LB3d,SNta04,27,50,10570,77,0
SNxx02,SApp19,27,50,10570,77,0
SNxx02,SNxx04,27,50,10570,77,0
SNxx02,SNta04,27,50,10570,77,0
LB3c,SNta25,25,52,10570,77,0
ORN_VM6v,SApp04,21,56,10570,77,0
ENS2,"SNta11,SNta14",28,49,10570,77,0
ORN_DP1l,"SNta11,SNta14",28,49,10570,77,0
SNpp16,SNpp43,36,41,10570,77,0
TRN_VP1m,SNta30,24,53,10570,77,0
BM_Hau,SApp19,27,50,10570,77,0
BM_Hau,SNxx04,27,50,10570,77,0
BM_Hau,SNta04,27,50,10570,77,0
JO-mz,HRN_VP1d,46,31,10570,77,0
JO-mz,JO-ED1,46,31,10570,77,0
JO-mz,SApp13,46,31,10570,77,0
SNpp60,SNta31,44,33,10570,77,0
SApp19,JO-B4_b,50,27,10570,77,0
SApp19,SApp23,50,27,10570,77,0
SApp19,ORN_VL2p,50,27,10570,77,0
ORN_DP1m,SNpp32,35,42,10570,77,0
JO-B4_b,SNxx04,27,50,10570,77,0
JO-B4_b,SNta04,27,50,10570,77,0
SNta03,HRN_VP1d,46,31,10570,77,0
SNta03,JO-ED1,46,31,10570,77,0
SNta03,SApp13,46,31,10570,77,0
SNxx04,SApp23,50,27,10570,77,0
SNxx04,ORN_VL2p,50,27,10570,77,0
SNxx04,SNta33,50,27,10570,77,0
"SNta11,SNta14",ORN_VA6,49,28,10570,77,0
"SNta11,SNta14",ENS4,49,28,10570,77,0
"SNta11,SNta14",SNta26,49,28,10570,77,0
ORN_DM1,SNxx03,26,51,10570,77,0
SAxx01,JO-CL,47,30,10570,77,0
SAxx01,SNpp41,47,30,10570,77,0
SNxx03,SNpp10,51,26,10570,77,0
SNxx03,SApp01,51,26,10570,77,0
JO-ED2_c,SNxx25,39,38,10570,77,0
BM_Vib,"SNta02,SNta09",34,43,10570,77,0
HRN_VP1d,SNta28,31,46,10570,77,0
SNxx29,JO-CL,47,30,10570,77,0
SNxx29,SNpp41,47,30,10570,77,0
ORN_DM2,SNpp45,13,64,10570,77,0
SApp23,SNta04,27,50,10570,77,0
SNpp47,SNxx25,39,38,10570,77,0
TRN_VP2,SNpp50,18,59,10570,77,0
aPhM2b,SNpp50,18,59,10570,77,0
JO-CL,SNta11,30,47,10570,77,0
JO-CL,SNpp51,30,47,10570,77,0
ORN_VL2p,SNta04,27,50,10570,77,0
SNpp43,SNxx14,41,36,10570,77,0
SNpp43,SNch10,41,36,10570,77,0
SNpp43,SNta18,41,36,10570,77,0
PhG1c,"SNta02,SNta09",34,43,10570,77,0
SNpp41,SNta11,30,47,10570,77,0
SNpp41,SNpp51,30,47,10570,77,0
JO-ED1,SNta28,31,46,10570,77,0
SNxx25,SNpp33,38,39,10570,77,0
SNpp50,ORN_VC1,59,18,10570,77,0
SNpp50,ORN_VM7d,59,18,10570,77,0
SNpp50,LgAG2,59,18,10570,77,0
SNpp50,DNx01,59,18,10570,77,0
"SApp11,SApp18",SNpp32,35,42,10570,77,0
SNxx17,SApp04,21,56,10570,77,0
SNxx26,SNta25,25,52,10570,77,0
ORN_VA2,SNta25,25,52,10570,77,0
ORN_DL2v,SApp04,21,56,10570,77,0
SNpp45,DNg20,64,13,10570,77,0
SNpp45,SNxx06,64,13,10570,77,0
SNpp45,SNpp15,64,13,10570,77,0
SNpp45,ORN_DA2,64,13,10570,77,0
SNpp45,PhG16,64,13,10570,77,0
SNpp45,SNpp18,64,13,10570,77,0
SNpp45,LgAG8,64,13,10570,77,0
SApp13,SNta28,31,46,10570,77,0
SNta30,SNpp02,53,24,10570,77,0
SNxx07,SNxx20,32,44,10571,76,0
SNxx07,LgAG1,32,44,10571,76,0
SNxx07,SNpp60,32,44,10571,76,0
SNxx08,JO-ED2_a,20,56,10571,76,0
SNxx08,SNpp39,20,56,10571,76,0
SNxx08,SNch01,20,56,10571,76,0
SNxx08,SApp04,20,56,10571,76,0
TPMN1,JO-A2,40,36,10571,76,0
TPMN1,SNpp16,40,36,10571,76,0
TPMN1,SNxx14,40,36,10571,76,0
TPMN1,SNch10,40,36,10571,76,0
TPMN1,SNta18,40,36,10571,76,0
DNx02,LgLG5,68,8,10571,76,0
DNx02,HBeyelet,68,8,10571,76,0
DNx02,PhG1a,68,8,10571,76,0
aPhM5,SAxx01,29,47,10571,76,0
aPhM5,SNxx29,29,47,10571,76,0
aPhM5,SNta11,29,47,10571,76,0
aPhM5,SNpp51,29,47,10571,76,0
SNxx23,TPMN2,50,26,10571,76,0
SNxx23,ORN_DM1,50,26,10571,76,0
SNxx23,SNpp10,50,26,10571,76,0
SNxx23,SApp01,50,26,10571,76,0
JO-EV5,aPhM1,54,22,10571,76,0
JO-EV5,BM_Vt_PoOc,54,22,10571,76,0
JO-EV5,PhG9,54,22,10571,76,0
JO-EV5,ORN_DC1,54,22,10571,76,0
JO-EV5,SNpp62,54,22,10571,76,0
JO-EV5,SNpp58,54,22,10571,76,0
JO-EV5,SNxx19,54,22,10571,76,0
JO-EV5,SNxx21,54,22,10571,76,0
JO-EV5,JO-B3,54,22,10571,76,0
JO-ED2_a,GNG644,56,20,10571,76,0
JO-ED2_a,ORN_DL5,56,20,10571,76,0
JO-ED2_a,WG2,56,20,10571,76,0
JO-ED2_a,LgAG3,56,20,10571,76,0
JO-ED2_a,PhG1b,56,20,10571,76,0
JO-ED2_a,BM_vOcci_vPoOr,56,20,10571,76,0
JO-ED2_a,LB1e,56,20,10571,76,0
JO-ED2_a,SNxx30,56,20,10571,76,0
TPMN2,SApp19,26,50,10571,76,0
TPMN2,SNxx04,26,50,10571,76,0
TPMN2,SNta04,26,50,10571,76,0
R7y,LgLG3,11,65,10571,76,0
R7p,LgLG3,11,65,10571,76,0
JO-FV,JO-A3,55,21,10571,76,0
JO-FV,ORN_VM6v,55,21,10571,76,0
JO-FV,SNxx17,55,21,10571,76,0
JO-FV,ORN_DL2v,55,21,10571,76,0
LgLG1a,ORN_DP1m,41,35,10571,76,0
LgLG1a,"SApp11,SApp18",41,35,10571,76,0
aPhM3,SNxx20,32,44,10571,76,0
aPhM3,LgAG1,32,44,10571,76,0
aPhM3,SNpp60,32,44,10571,76,0
SNpp39,GNG644,56,20,10571,76,0
SNpp39,ORN_DL5,56,20,10571,76,0
SNpp39,WG2,56,20,10571,76,0
SNpp39,LgAG3,56,20,10571,76,0
SNpp39,PhG1b,56,20,10571,76,0
SNpp39,BM_vOcci_vPoOr,56,20,10571,76,0
SNpp39,LB1e,56,20,10571,76,0
SNpp39,SNxx30,56,20,10571,76,0
JO-A2,SNxx15,36,40,10571,76,0
JO-EV6,GNG654,62,14,10571,76,0
JO-EV6,HRN_VP5,62,14,10571,76,0
JO-EV6,LB4b,62,14,10571,76,0
JO-EV6,SNxx24,62,14,10571,76,0
JO-EV6,ORN_VC5,62,14,10571,76,0
JO-EV6,PhG4,62,14,10571,76,0
JO-EV6,SNpp06,62,14,10571,76,0
JO-EV6,BM_MaPa,62,14,10571,76,0
JO-EV6,PhG14,62,14,10571,76,0
JO-EV6,SNpp56,62,14,10571,76,0
JO-EV6,JO-B2,62,14,10571,76,0
JO-EV6,JO-B1_c,62,14,10571,76,0
JO-EV2,ORN_VL2a,42,34,10571,76,0
JO-EV2,ORN_DA1,42,34,10571,76,0
JO-EV2,BM_Vib,42,34,10571,76,0
JO-EV2,PhG1c,42,34,10571,76,0
SNxx20,SApp14,44,32,10571,76,0
SNxx20,SNpp07,44,32,10571,76,0
LgAG1,SApp14,44,32,10571,76,0
LgAG1,SNpp07,44,32,10571,76,0
LgLG1b,claw_tpGRN,39,37,10571,76,0
GNG643,"SNta11,SNta14",27,49,10571,76,0
SNch01,GNG644,56,20,10571,76,0
SNch01,ORN_DL5,56,20,10571,76,0
SNch01,WG2,56,20,10571,76,0
SNch01,LgAG3,56,20,10571,76,0
SNch01,PhG1b,56,20,10571,76,0
SNch01,BM_vOcci_vPoOr,56,20,10571,76,0
SNch01,LB1e,56,20,10571,76,0
SNch01,SNxx30,56,20,10571,76,0
JO-ED2_b,ENS3,64,12,10571,76,0
JO-ED2_b,ORN_VM4,64,12,10571,76,0
JO-ED2_b,ENS1,64,12,10571,76,0
JO-ED2_b,PhG13,64,12,10571,76,0
JO-ED2_b,ORN_DC2,64,12,10571,76,0
JO-ED2_b,SNpp37,64,12,10571,76,0
JO-ED2_b,ORN_VC4,64,12,10571,76,0
JO-ED2_b,b2 MN,64,12,10571,76,0
WG3,"SNta02,SNta09",33,43,10571,76,0
R8p,LgLG3,11,65,10571,76,0
SNxx09,LgLG3,11,65,10571,76,0
ORN_VL2a,SNpp32,34,42,10571,76,0
LB3b,SNpp50,17,59,10571,76,0
SNxx15,SNpp16,40,36,10571,76,0
SNxx15,SNxx14,40,36,10571,76,0
SNxx15,SNch10,40,36,10571,76,0
SNxx15,SNta18,40,36,10571,76,0
aPhM2a,SNpp23,46,30,10571,76,0
aPhM2a,JO-CL,46,30,10571,76,0
aPhM2a,SNpp41,46,30,10571,76,0
SAxx02,LB3c,51,25,10571,76,0
SAxx02,SNxx26,51,25,10571,76,0
SAxx02,ORN_VA2,51,25,10571,76,0
GNG644,SApp04,20,56,10571,76,0
LgLG3,LgLG2,65,11,10571,76,0
LgLG3,R8_unclear,65,11,10571,76,0
LgLG3,LB1a,65,11,10571,76,0
LgLG3,SNpp21,65,11,10571,76,0
LgLG3,ORN_VM7v,65,11,10571,76,0
LgLG3,ORN_DL1,65,11,10571,76,0
ORN_DA1,SNpp32,34,42,10571,76,0
SNpp23,JO-mz,30,46,10571,76,0
SNpp23,SNta03,30,46,10571,76,0
SNpp23,SNta28,30,46,10571,76,0
claw_tpGRN,JO-ED2_c,37,39,10571,76,0
claw_tpGRN,SNpp47,37,39,10571,76,0
claw_tpGRN,SNpp33,37,39,10571,76,0
LB3d,"SNta11,SNta14",27,49,10571,76,0
SNxx02,"SNta11,SNta14",27,49,10571,76,0
LB3c,SNxx03,25,51,10571,76,0
TRN_VP1m,SNta25,24,52,10571,76,0
BM_Hau,"SNta11,SNta14",27,49,10571,76,0
JO-mz,JO-CL,46,30,10571,76,0
JO-mz,SNpp41,46,30,10571,76,0
SNpp60,SApp14,44,32,10571,76,0
SNpp60,SNpp07,44,32,10571,76,0
SApp19,ORN_DM1,50,26,10571,76,0
SApp19,SNpp10,50,26,10571,76,0
SApp19,SApp01,50,26,10571,76,0
ORN_DP1m,SNpp43,35,41,10571,76,0
JO-B4_b,"SNta11,SNta14",27,49,10571,76,0
SNta03,JO-CL,46,30,10571,76,0
SNta03,SNpp41,46,30,10571,76,0
SNxx04,ORN_DM1,50,26,10571,76,0
SNxx04,SNpp10,50,26,10571,76,0
SNxx04,SApp01,50,26,10571,76,0
WG4,SNta30,23,53,10571,76,0
"SNta11,SNta14",SApp23,49,27,10571,76,0
"SNta11,SNta14",ORN_VL2p,49,27,10571,76,0
ORN_DM1,SNta04,26,50,10571,76,0
SAxx01,SNxx11,47,29,10571,76,0
SAxx01,ORN_DC4,47,29,10571,76,0
SAxx01,LB1c,47,29,10571,76,0
SAxx01,"SNpp29,SNpp63",47,29,10571,76,0
SAxx01,"SNta04,SNta11",47,29,10571,76,0
SNxx03,SNxx26,51,25,10571,76,0
SNxx03,ORN_VA2,51,25,10571,76,0
BM_Vib,SNpp32,34,42,10571,76,0
SNxx29,SNxx11,47,29,10571,76,0
SNxx29,ORN_DC4,47,29,10571,76,0
SNxx29,LB1c,47,29,10571,76,0
SNxx29,"SNpp29,SNpp63",47,29,10571,76,0
SNxx29,"SNta04,SNta11",47,29,10571,76,0
SNxx11,SNta11,29,47,10571,76,0
SNxx11,SNpp51,29,47,10571,76,0
ORN_DC4,SNta11,29,47,10571,76,0
ORN_DC4,SNpp51,29,47,10571,76,0
LB1c,SNta11,29,47,10571,76,0
LB1c,SNpp51,29,47,10571,76,0
JO-CL,SNta28,30,46,10571,76,0
ORN_DL5,SApp04,20,56,10571,76,0
ENS3,SNpp45,12,64,10571,76,0
SNpp43,"SApp11,SApp18",41,35,10571,76,0
PhG1c,SNpp32,34,42,10571,76,0
SNpp41,SNta28,30,46,10571,76,0
SNpp50,ORN_VA1v,59,17,10571,76,0
SNpp50,JO-A1,59,17,10571,76,0
SNpp50,SNpp05,59,17,10571,76,0
SNpp50,SNxx28,59,17,10571,76,0
SNpp50,ORN_VM5v,59,17,10571,76,0
SNpp50,SNpp31,59,17,10571,76,0
SNpp50,SNpp17,59,17,10571,76,0
SNpp50,SNpp01,59,17,10571,76,0
WG2,SApp04,20,56,10571,76,0
LgAG3,SApp04,20,56,10571,76,0
SNta04,SNpp10,50,26,10571,76,0
SNta04,SApp01,50,26,10571,76,0
PhG1b,SApp04,20,56,10571,76,0
"SNpp29,SNpp63",SNta11,29,47,10571,76,0
"SNpp29,SNpp63",SNpp51,29,47,10571,76,0
BM_vOcci_vPoOr,SApp04,20,56,10571,76,0
SNpp45,ORN_VM4,64,12,10571,76,0
SNpp45,ENS1,64,12,10571,76,0
SNpp45,PhG13,64,12,10571,76,0
SNpp45,ORN_DC2,64,12,10571,76,0
SNpp45,SNpp37,64,12,10571,76,0
SNpp45,ORN_VC4,64,12,10571,76,0
SNpp45,b2 MN,64,12,10571,76,0
ORN_D,SNta30,23,53,10571,76,0
LB1e,SApp04,20,56,10571,76,0
SApp04,SNxx30,56,20,10571,76,0
SNpp51,"SNta04,SNta11",47,29,10571,76,0
"SNta02,SNta09",SNta31,43,33,10571,76,0
SNta25,SNpp02,52,24,10571,76,0
SNxx07,"SNta02,SNta09",32,43,10572,75,0
SNxx08,JO-FV,20,55,10572,75,0
TPMN1,ORN_DP1m,40,35,10572,75,0
TPMN1,"SApp11,SApp18",40,35,10572,75,0
DNx02,LgLG7,68,7,10572,75,0
DNx02,DNg83,68,7,10572,75,0
DNx02,ORN_DL3,68,7,10572,75,0
DNx02,ORN_DM3,68,7,10572,75,0
aPhM5,aPhM2a,29,46,10572,75,0
aPhM5,JO-mz,29,46,10572,75,0
aPhM5,SNta03,29,46,10572,75,0
aPhM5,SNta28,29,46,10572,75,0
SNxx23,LB3c,50,25,10572,75,0
SNxx23,SNxx26,50,25,10572,75,0
SNxx23,ORN_VA2,50,25,10572,75,0
JO-EV5,JO-A3,54,21,10572,75,0
JO-EV5,ORN_VM6v,54,21,10572,75,0
JO-EV5,SNxx17,54,21,10572,75,0
JO-EV5,ORN_DL2v,54,21,10572,75,0
JO-ED2_a,aPhM4,56,19,10572,75,0
JO-ED2_a,LB3a,56,19,10572,75,0
JO-ED2_a,SNpp35,56,19,10572,75,0
JO-ED2_a,LgAG5,56,19,10572,75,0
JO-ED2_a,LgAG7,56,19,10572,75,0
JO-ED2_a,ORN_DL2d,56,19,10572,75,0
JO-ED2_a,JO-B1_a,56,19,10572,75,0
JO-ED2_a,SNta13,56,19,10572,75,0
TPMN2,"SNta11,SNta14",26,49,10572,75,0
R7y,JO-ED2_b,11,64,10572,75,0
R7y,SNpp45,11,64,10572,75,0
R7p,JO-ED2_b,11,64,10572,75,0
R7p,SNpp45,11,64,10572,75,0
JO-FV,GNG644,55,20,10572,75,0
JO-FV,ORN_DL5,55,20,10572,75,0
JO-FV,WG2,55,20,10572,75,0
JO-FV,LgAG3,55,20,10572,75,0
JO-FV,PhG1b,55,20,10572,75,0
JO-FV,BM_vOcci_vPoOr,55,20,10572,75,0
JO-FV,LB1e,55,20,10572,75,0
JO-FV,SNxx30,55,20,10572,75,0
R7d,JO-EV6,13,62,10572,75,0
LgLG6,JO-EV6,13,62,10572,75,0
LgLG1a,ORN_VL2a,41,34,10572,75,0
LgLG1a,ORN_DA1,41,34,10572,75,0
LgLG1a,BM_Vib,41,34,10572,75,0
LgLG1a,PhG1c,41,34,10572,75,0
aPhM3,"SNta02,SNta09",32,43,10572,75,0
SNpp39,aPhM4,56,19,10572,75,0
SNpp39,LB3a,56,19,10572,75,0
SNpp39,SNpp35,56,19,10572,75,0
SNpp39,LgAG5,56,19,10572,75,0
SNpp39,LgAG7,56,19,10572,75,0
SNpp39,ORN_DL2d,56,19,10572,75,0
SNpp39,JO-B1_a,56,19,10572,75,0
SNpp39,SNta13,56,19,10572,75,0
JO-A2,LgLG1b,36,39,10572,75,0
JO-A2,JO-ED2_c,36,39,10572,75,0
JO-A2,SNpp47,36,39,10572,75,0
JO-A2,SNpp33,36,39,10572,75,0
JO-EV6,ORN_DM2,62,13,10572,75,0
JO-EV6,DNg20,62,13,10572,75,0
JO-EV6,SNxx06,62,13,10572,75,0
JO-EV6,SNpp15,62,13,10572,75,0
JO-EV6,ORN_DA2,62,13,10572,75,0
JO-EV6,PhG16,62,13,10572,75,0
JO-EV6,SNpp18,62,13,10572,75,0
JO-EV6,LgAG8,62,13,10572,75,0
aPhM4,SNch01,19,56,10572,75,0
aPhM4,SApp04,19,56,10572,75,0
JO-EV2,WG3,42,33,10572,75,0
JO-EV2,SNta31,42,33,10572,75,0
SNxx20,HRN_VP4,44,31,10572,75,0
SNxx20,HRN_VP1d,44,31,10572,75,0
SNxx20,JO-ED1,44,31,10572,75,0
SNxx20,SApp13,44,31,10572,75,0
LgAG1,HRN_VP4,44,31,10572,75,0
LgAG1,HRN_VP1d,44,31,10572,75,0
LgAG1,JO-ED1,44,31,10572,75,0
LgAG1,SApp13,44,31,10572,75,0
LgLG1b,SNpp16,39,36,10572,75,0
LgLG1b,SNxx14,39,36,10572,75,0
LgLG1b,SNch10,39,36,10572,75,0
LgLG1b,SNta18,39,36,10572,75,0
SNch01,LB3a,56,19,10572,75,0
SNch01,SNpp35,56,19,10572,75,0
SNch01,LgAG5,56,19,10572,75,0
SNch01,LgAG7,56,19,10572,75,0
SNch01,ORN_DL2d,56,19,10572,75,0
SNch01,JO-B1_a,56,19,10572,75,0
SNch01,SNta13,56,19,10572,75,0
HRN_VP4,SNpp60,31,44,10572,75,0
JO-ED2_b,R8p,64,11,10572,75,0
JO-ED2_b,SNxx09,64,11,10572,75,0
JO-ED2_b,LgLG2,64,11,10572,75,0
JO-ED2_b,R8_unclear,64,11,10572,75,0
JO-ED2_b,LB1a,64,11,10572,75,0
JO-ED2_b,SNpp21,64,11,10572,75,0
JO-ED2_b,ORN_VM7v,64,11,10572,75,0
JO-ED2_b,ORN_DL1,64,11,10572,75,0
WG3,SNpp32,33,42,10572,75,0
R8p,SNpp45,11,64,10572,75,0
aPhM1,SNta30,22,53,10572,75,0
SNxx09,SNpp45,11,64,10572,75,0
ORN_VL2a,SNpp43,34,41,10572,75,0
SNxx15,ORN_DP1m,40,35,10572,75,0
SNxx15,"SApp11,SApp18",40,35,10572,75,0
aPhM2a,SNxx11,46,29,10572,75,0
aPhM2a,ORN_DC4,46,29,10572,75,0
aPhM2a,LB1c,46,29,10572,75,0
aPhM2a,"SNpp29,SNpp63",46,29,10572,75,0
aPhM2a,"SNta04,SNta11",46,29,10572,75,0
SAxx02,TRN_VP1m,51,24,10572,75,0
SAxx02,SNpp02,51,24,10572,75,0
BM_InOm,R8d,72,3,10572,75,0
BM_Vt_PoOc,SNta30,22,53,10572,75,0
R8y,LgLG3,10,65,10572,75,0
LgLG3,HRN_VP1l,65,10,10572,75,0
LgLG3,PhG6,65,10,10572,75,0
LgLG3,LN-DN1,65,10,10572,75,0
LgLG3,ORN_DM4,65,10,10572,75,0
LgLG3,ORN_DM6,65,10,10572,75,0
LgLG3,ORN_VA3,65,10,10572,75,0
ORN_DA1,SNpp43,34,41,10572,75,0
SNta14,SAxx01,28,47,10572,75,0
SNta14,SNxx29,28,47,10572,75,0
SNta14,SNpp51,28,47,10572,75,0
claw_tpGRN,SNxx25,37,38,10572,75,0
SNpp40,R8d,72,3,10572,75,0
LgLG2,SNpp45,11,64,10572,75,0
LB3c,SApp19,25,50,10572,75,0
LB3c,SNxx04,25,50,10572,75,0
LB3c,SNta04,25,50,10572,75,0
ENS2,SAxx01,28,47,10572,75,0
ENS2,SNxx29,28,47,10572,75,0
ENS2,SNta11,28,47,10572,75,0
ENS2,SNpp51,28,47,10572,75,0
ORN_DP1l,SAxx01,28,47,10572,75,0
ORN_DP1l,SNxx29,28,47,10572,75,0
ORN_DP1l,SNta11,28,47,10572,75,0
ORN_DP1l,SNpp51,28,47,10572,75,0
LB3a,SApp04,19,56,10572,75,0
SNpp16,JO-ED2_c,36,39,10572,75,0
SNpp16,SNpp47,36,39,10572,75,0
SNpp16,SNpp33,36,39,10572,75,0
TRN_VP1m,SNxx03,24,51,10572,75,0
PhG9,SNta30,22,53,10572,75,0
JO-mz,SNxx11,46,29,10572,75,0
JO-mz,ORN_DC4,46,29,10572,75,0
JO-mz,LB1c,46,29,10572,75,0
JO-mz,"SNpp29,SNpp63",46,29,10572,75,0
JO-mz,"SNta04,SNta11",46,29,10572,75,0
SNpp60,HRN_VP1d,44,31,10572,75,0
SNpp60,JO-ED1,44,31,10572,75,0
SNpp60,SApp13,44,31,10572,75,0
SApp19,SNxx26,50,25,10572,75,0
SApp19,ORN_VA2,50,25,10572,75,0
SNta03,SNxx11,46,29,10572,75,0
SNta03,ORN_DC4,46,29,10572,75,0
SNta03,LB1c,46,29,10572,75,0
SNta03,"SNpp29,SNpp63",46,29,10572,75,0
SNta03,"SNta04,SNta11",46,29,10572,75,0
R8_unclear,SNpp45,11,64,10572,75,0
SNxx04,SNxx26,50,25,10572,75,0
SNxx04,ORN_VA2,50,25,10572,75,0
WG4,SNta25,23,52,10572,75,0
"SNta11,SNta14",ORN_DM1,49,26,10572,75,0
"SNta11,SNta14",SNpp10,49,26,10572,75,0
"SNta11,SNta14",SApp01,49,26,10572,75,0
SAxx01,ORN_VA6,47,28,10572,75,0
SAxx01,ENS4,47,28,10572,75,0
SAxx01,SNta26,47,28,10572,75,0
SNxx03,SNpp02,51,24,10572,75,0
JO-ED2_c,SNxx14,39,36,10572,75,0
JO-ED2_c,SNch10,39,36,10572,75,0
JO-ED2_c,SNta18,39,36,10572,75,0
BM_Vib,SNpp43,34,41,10572,75,0
SNxx29,ORN_VA6,47,28,10572,75,0
SNxx29,ENS4,47,28,10572,75,0
SNxx29,SNta26,47,28,10572,75,0
ORN_DC1,SNta30,22,53,10572,75,0
GNG642,SNpp50,16,59,10572,75,0
SNxx11,SNta28,29,46,10572,75,0
ORN_DC4,SNta28,29,46,10572,75,0
SNpp47,SNxx14,39,36,10572,75,0
SNpp47,SNch10,39,36,10572,75,0
SNpp47,SNta18,39,36,10572,75,0
LB1c,SNta28,29,46,10572,75,0
SNpp43,PhG1c,41,34,10572,75,0
SNpp50,ORN_V,59,16,10572,75,0
SNpp50,PhG10,59,16,10572,75,0
SNpp50,ORN_VL1,59,16,10572,75,0
SNpp50,LgLG4,59,16,10572,75,0
SNpp50,ORN_VM5d,59,16,10572,75,0
SNpp50,SNpp11,59,16,10572,75,0
SNpp50,ALBN1,59,16,10572,75,0
SNpp50,ENS5,59,16,10572,75,0
SNpp50,dorsal_tpGRN,59,16,10572,75,0
SNpp50,JO-CA2,59,16,10572,75,0
SNxx14,SNpp33,36,39,10572,75,0
SNta04,SNxx26,50,25,10572,75,0
SNta04,ORN_VA2,50,25,10572,75,0
SNch10,SNpp33,36,39,10572,75,0
LgAG5,SApp04,19,56,10572,75,0
ORN_VA6,SNta11,28,47,10572,75,0
ORN_VA6,SNpp51,28,47,10572,75,0
SNpp62,SNta30,22,53,10572,75,0
LgAG7,SApp04,19,56,10572,75,0
"SNpp29,SNpp63",SNta28,29,46,10572,75,0
SNpp45,LB1a,64,11,10572,75,0
SNpp45,SNpp21,64,11,10572,75,0
SNpp45,ORN_VM7v,64,11,10572,75,0
SNpp45,ORN_DL1,64,11,10572,75,0
ORN_DL2d,SApp04,19,56,10572,75,0
SNpp33,SNta18,39,36,10572,75,0
ORN_D,SNta25,23,52,10572,75,0
SNta11,ENS4,47,28,10572,75,0
SNta11,SNta26,47,28,10572,75,0
SApp04,JO-B1_a,56,19,10572,75,0
SApp04,SNta13,56,19,10572,75,0
ENS4,SNpp51,28,47,10572,75,0
SApp14,"SNta02,SNta09",32,43,10572,75,0
SNpp58,SNta30,22,53,10572,75,0
SNpp51,SNta26,47,28,10572,75,0
SNpp07,"SNta02,SNta09",32,43,10572,75,0
SNpp32,SNta31,42,33,10572,75,0
SNxx19,SNta30,22,53,10572,75,0
SNxx21,SNta30,22,53,10572,75,0
SNta30,JO-B3,53,22,10572,75,0
"SNta04,SNta11",SNta28,29,46,10572,75,0
SNxx07,JO-EV2,32,42,10573,74,0
SNxx07,SNpp32,32,42,10573,74,0
SNxx08,JO-EV5,20,54,10573,74,0
TPMN1,ORN_VL2a,40,34,10573,74,0
TPMN1,ORN_DA1,40,34,10573,74,0
TPMN1,BM_Vib,40,34,10573,74,0
TPMN1,PhG1c,40,34,10573,74,0
R7_unclear,SNpp50,15,59,10573,74,0
SNxx23,TRN_VP1m,50,24,10573,74,0
SNxx23,SNpp02,50,24,10573,74,0
JO-EV5,GNG644,54,20,10573,74,0
JO-EV5,ORN_DL5,54,20,10573,74,0
JO-EV5,WG2,54,20,10573,74,0
JO-EV5,LgAG3,54,20,10573,74,0
JO-EV5,PhG1b,54,20,10573,74,0
JO-EV5,BM_vOcci_vPoOr,54,20,10573,74,0
JO-EV5,LB1e,54,20,10573,74,0
JO-EV5,SNxx30,54,20,10573,74,0
JO-ED2_a,TRN_VP3a,56,18,10573,74,0
JO-ED2_a,TRN_VP2,56,18,10573,74,0
JO-ED2_a,aPhM2b,56,18,10573,74,0
JO-ED2_a,ORN_VC1,56,18,10573,74,0
JO-ED2_a,ORN_VM7d,56,18,10573,74,0
JO-ED2_a,LgAG2,56,18,10573,74,0
JO-ED2_a,DNx01,56,18,10573,74,0
JO-FV,aPhM4,55,19,10573,74,0
JO-FV,LB3a,55,19,10573,74,0
JO-FV,SNpp35,55,19,10573,74,0
JO-FV,LgAG5,55,19,10573,74,0
JO-FV,LgAG7,55,19,10573,74,0
JO-FV,ORN_DL2d,55,19,10573,74,0
JO-FV,JO-B1_a,55,19,10573,74,0
JO-FV,SNta13,55,19,10573,74,0
LgLG1a,WG3,41,33,10573,74,0
LgLG1a,SNta31,41,33,10573,74,0
aPhM3,JO-EV2,32,42,10573,74,0
aPhM3,SNpp32,32,42,10573,74,0
SNpp39,TRN_VP3a,56,18,10573,74,0
SNpp39,TRN_VP2,56,18,10573,74,0
SNpp39,aPhM2b,56,18,10573,74,0
SNpp39,ORN_VC1,56,18,10573,74,0
SNpp39,ORN_VM7d,56,18,10573,74,0
SNpp39,LgAG2,56,18,10573,74,0
SNpp39,DNx01,56,18,10573,74,0
JO-A2,SNxx25,36,38,10573,74,0
JO-EV6,ENS3,62,12,10573,74,0
JO-EV6,ORN_VM4,62,12,10573,74,0
JO-EV6,ENS1,62,12,10573,74,0
JO-EV6,PhG13,62,12,10573,74,0
JO-EV6,ORN_DC2,62,12,10573,74,0
JO-EV6,SNpp37,62,12,10573,74,0
JO-EV6,ORN_VC4,62,12,10573,74,0
JO-EV6,b2 MN,62,12,10573,74,0
JO-EV2,SApp14,42,32,10573,74,0
JO-EV2,SNpp07,42,32,10573,74,0
SNxx20,SNpp23,44,30,10573,74,0
SNxx20,JO-CL,44,30,10573,74,0
SNxx20,SNpp41,44,30,10573,74,0
LgAG1,SNpp23,44,30,10573,74,0
LgAG1,JO-CL,44,30,10573,74,0
LgAG1,SNpp41,44,30,10573,74,0
LgLG1b,ORN_DP1m,39,35,10573,74,0
LgLG1b,"SApp11,SApp18",39,35,10573,74,0
GNG643,SAxx01,27,47,10573,74,0
GNG643,SNxx29,27,47,10573,74,0
GNG643,SNta11,27,47,10573,74,0
GNG643,SNpp51,27,47,10573,74,0
SNch01,TRN_VP3a,56,18,10573,74,0
SNch01,TRN_VP2,56,18,10573,74,0
SNch01,aPhM2b,56,18,10573,74,0
SNch01,ORN_VC1,56,18,10573,74,0
SNch01,ORN_VM7d,56,18,10573,74,0
SNch01,LgAG2,56,18,10573,74,0
SNch01,DNx01,56,18,10573,74,0
HRN_VP4,"SNta02,SNta09",31,43,10573,74,0
JO-ED2_b,R8y,64,10,10573,74,0
JO-ED2_b,HRN_VP1l,64,10,10573,74,0
JO-ED2_b,PhG6,64,10,10573,74,0
JO-ED2_b,LN-DN1,64,10,10573,74,0
JO-ED2_b,ORN_DM4,64,10,10573,74,0
JO-ED2_b,ORN_DM6,64,10,10573,74,0
JO-ED2_b,ORN_VA3,64,10,10573,74,0
WG3,SNpp43,33,41,10573,74,0
aPhM1,SNta25,22,52,10573,74,0
ORN_VL2a,SNxx15,34,40,10573,74,0
SNxx15,ORN_DA1,40,34,10573,74,0
SNxx15,BM_Vib,40,34,10573,74,0
SNxx15,PhG1c,40,34,10573,74,0
aPhM2a,SNta14,46,28,10573,74,0
aPhM2a,ENS2,46,28,10573,74,0
aPhM2a,ORN_DP1l,46,28,10573,74,0
aPhM2a,ORN_VA6,46,28,10573,74,0
aPhM2a,ENS4,46,28,10573,74,0
aPhM2a,SNta26,46,28,10573,74,0
SAxx02,WG4,51,23,10573,74,0
SAxx02,ORN_D,51,23,10573,74,0
BM_Vt_PoOc,SNta25,22,52,10573,74,0
R8y,SNpp45,10,64,10573,74,0
LgLG3,LgLG8,65,9,10573,74,0
LgLG3,LB4a,65,9,10573,74,0
LgLG3,PhG3,65,9,10573,74,0
LgLG3,SApp21,65,9,10573,74,0
LgLG3,LgAG6,65,9,10573,74,0
LgLG3,tpn MN,65,9,10573,74,0
LgLG3,JO-B4_a,65,9,10573,74,0
JO-A3,SNta30,21,53,10573,74,0
SNpp23,SNpp60,30,44,10573,74,0
WG1,SNpp50,15,59,10573,74,0
SNta14,JO-mz,28,46,10573,74,0
SNta14,SNta03,28,46,10573,74,0
SNta14,SNta28,28,46,10573,74,0
TRN_VP3a,SApp04,18,56,10573,74,0
LB3d,SAxx01,27,47,10573,74,0
LB3d,SNxx29,27,47,10573,74,0
LB3d,SNta11,27,47,10573,74,0
LB3d,SNpp51,27,47,10573,74,0
SNxx02,SAxx01,27,47,10573,74,0
SNxx02,SNxx29,27,47,10573,74,0
SNxx02,SNta11,27,47,10573,74,0
SNxx02,SNpp51,27,47,10573,74,0
LB3c,"SNta11,SNta14",25,49,10573,74,0
ORN_VM6v,SNta30,21,53,10573,74,0
ENS2,JO-mz,28,46,10573,74,0
ENS2,SNta03,28,46,10573,74,0
ENS2,SNta28,28,46,10573,74,0
ORN_DP1l,JO-mz,28,46,10573,74,0
ORN_DP1l,SNta03,28,46,10573,74,0
ORN_DP1l,SNta28,28,46,10573,74,0
SNpp16,SNxx25,36,38,10573,74,0
TRN_VP1m,SApp19,24,50,10573,74,0
TRN_VP1m,SNxx04,24,50,10573,74,0
TRN_VP1m,SNta04,24,50,10573,74,0
PhG9,SNta25,22,52,10573,74,0
BM_Hau,SAxx01,27,47,10573,74,0
BM_Hau,SNxx29,27,47,10573,74,0
BM_Hau,SNta11,27,47,10573,74,0
BM_Hau,SNpp51,27,47,10573,74,0
JO-mz,ORN_VA6,46,28,10573,74,0
JO-mz,ENS4,46,28,10573,74,0
JO-mz,SNta26,46,28,10573,74,0
SNpp60,JO-CL,44,30,10573,74,0
SNpp60,SNpp41,44,30,10573,74,0
SApp19,SNpp02,50,24,10573,74,0
ORN_DP1m,JO-ED2_c,35,39,10573,74,0
ORN_DP1m,SNpp47,35,39,10573,74,0
ORN_DP1m,SNpp33,35,39,10573,74,0
JO-B4_b,SAxx01,27,47,10573,74,0
JO-B4_b,SNxx29,27,47,10573,74,0
JO-B4_b,SNta11,27,47,10573,74,0
JO-B4_b,SNpp51,27,47,10573,74,0
SNta03,ORN_VA6,46,28,10573,74,0
SNta03,ENS4,46,28,10573,74,0
SNta03,SNta26,46,28,10573,74,0
SNxx04,SNpp02,50,24,10573,74,0
WG4,SNxx03,23,51,10573,74,0
"SNta11,SNta14",SNxx26,49,25,10573,74,0
"SNta11,SNta14",ORN_VA2,49,25,10573,74,0
SAxx01,SApp23,47,27,10573,74,0
SAxx01,ORN_VL2p,47,27,10573,74,0
SAxx01,SNta33,47,27,10573,74,0
SNxx03,ORN_D,51,23,10573,74,0
JO-ED2_c,"SApp11,SApp18",39,35,10573,74,0
HRN_VP1d,"SNta02,SNta09",31,43,10573,74,0
SNxx29,SApp23,47,27,10573,74,0
SNxx29,ORN_VL2p,47,27,10573,74,0
SNxx29,SNta33,47,27,10573,74,0
ORN_DC1,SNta25,22,52,10573,74,0
SApp23,SNta11,27,47,10573,74,0
SApp23,SNpp51,27,47,10573,74,0
SNpp47,"SApp11,SApp18",39,35,10573,74,0
TRN_VP2,SApp04,18,56,10573,74,0
aPhM2b,SApp04,18,56,10573,74,0
LgAG9,SNpp50,15,59,10573,74,0
ORN_VL2p,SNta11,27,47,10573,74,0
ORN_VL2p,SNpp51,27,47,10573,74,0
SNpp43,SNta31,41,33,10573,74,0
JO-ED1,"SNta02,SNta09",31,43,10573,74,0
SNxx25,SNxx14,38,36,10573,74,0
SNxx25,SNch10,38,36,10573,74,0
SNxx25,SNta18,38,36,10573,74,0
SNpp50,ORN_VA1d,59,15,10573,74,0
SNpp50,SNpp57,59,15,10573,74,0
SNpp50,LB1b,59,15,10573,74,0
SNpp50,SNpp12,59,15,10573,74,0
SNpp50,PhG8,59,15,10573,74,0
"SApp11,SApp18",SNpp33,35,39,10573,74,0
SNxx17,SNta30,21,53,10573,74,0
SNta04,SNpp02,50,24,10573,74,0
ORN_VA6,SNta28,28,46,10573,74,0
SNpp62,SNta25,22,52,10573,74,0
HRN_VP1l,SNpp45,10,64,10573,74,0
ORN_DL2v,SNta30,21,53,10573,74,0
SNpp45,PhG6,64,10,10573,74,0
SNpp45,LN-DN1,64,10,10573,74,0
SNpp45,ORN_DM4,64,10,10573,74,0
SNpp45,ORN_DM6,64,10,10573,74,0
SNpp45,ORN_VA3,64,10,10573,74,0
ORN_VC1,SApp04,18,56,10573,74,0
ORN_VM7d,SApp04,18,56,10573,74,0
SApp04,LgAG2,56,18,10573,74,0
SApp04,DNx01,56,18,10573,74,0
ENS4,SNta28,28,46,10573,74,0
SApp14,SNpp32,32,42,10573,74,0
SNpp58,SNta25,22,52,10573,74,0
SNpp51,SNta33,47,27,10573,74,0
SNpp07,SNpp32,32,42,10573,74,0
"SNta02,SNta09",SApp13,43,31,10573,74,0
SNta25,SNxx19,52,22,10573,74,0
SNta25,SNxx21,52,22,10573,74,0
SNta25,JO-B3,52,22,10573,74,0
SNxx07,LgLG1a,32,41,10574,73,0
SNxx07,SNpp43,32,41,10574,73,0
SNxx08,SNta30,20,53,10574,73,0
TPMN1,WG3,40,33,10574,73,0
TPMN1,SNta31,40,33,10574,73,0
DNx02,ORN_DA3,68,5,10574,73,0
aPhM5,SNxx20,29,44,10574,73,0
aPhM5,LgAG1,29,44,10574,73,0
aPhM5,SNpp60,29,44,10574,73,0
SNxx23,WG4,50,23,10574,73,0
SNxx23,ORN_D,50,23,10574,73,0
JO-EV5,aPhM4,54,19,10574,73,0
JO-EV5,LB3a,54,19,10574,73,0
JO-EV5,SNpp35,54,19,10574,73,0
JO-EV5,LgAG5,54,19,10574,73,0
JO-EV5,LgAG7,54,19,10574,73,0
JO-EV5,ORN_DL2d,54,19,10574,73,0
JO-EV5,JO-B1_a,54,19,10574,73,0
JO-EV5,SNta13,54,19,10574,73,0
JO-ED2_a,LB3b,56,17,10574,73,0
JO-ED2_a,ORN_VA1v,56,17,10574,73,0
JO-ED2_a,JO-A1,56,17,10574,73,0
JO-ED2_a,SNpp05,56,17,10574,73,0
JO-ED2_a,SNxx28,56,17,10574,73,0
JO-ED2_a,ORN_VM5v,56,17,10574,73,0
JO-ED2_a,SNpp31,56,17,10574,73,0
JO-ED2_a,SNpp17,56,17,10574,73,0
JO-ED2_a,SNpp01,56,17,10574,73,0
TPMN2,SAxx01,26,47,10574,73,0
TPMN2,SNxx29,26,47,10574,73,0
TPMN2,SNta11,26,47,10574,73,0
TPMN2,SNpp51,26,47,10574,73,0
R7y,JO-EV6,11,62,10574,73,0
R7p,JO-EV6,11,62,10574,73,0
JO-FV,TRN_VP3a,55,18,10574,73,0
JO-FV,TRN_VP2,55,18,10574,73,0
JO-FV,aPhM2b,55,18,10574,73,0
JO-FV,ORN_VC1,55,18,10574,73,0
JO-FV,ORN_VM7d,55,18,10574,73,0
JO-FV,LgAG2,55,18,10574,73,0
JO-FV,DNx01,55,18,10574,73,0
LgLG1a,aPhM3,41,32,10574,73,0
LgLG1a,SApp14,41,32,10574,73,0
LgLG1a,SNpp07,41,32,10574,73,0
aPhM3,SNpp43,32,41,10574,73,0
SNpp39,LB3b,56,17,10574,73,0
SNpp39,ORN_VA1v,56,17,10574,73,0
SNpp39,JO-A1,56,17,10574,73,0
SNpp39,SNpp05,56,17,10574,73,0
SNpp39,SNxx28,56,17,10574,73,0
SNpp39,ORN_VM5v,56,17,10574,73,0
SNpp39,SNpp31,56,17,10574,73,0
SNpp39,SNpp17,56,17,10574,73,0
SNpp39,SNpp01,56,17,10574,73,0
JO-A2,claw_tpGRN,36,37,10574,73,0
JO-EV6,R8p,62,11,10574,73,0
JO-EV6,SNxx09,62,11,10574,73,0
JO-EV6,LgLG2,62,11,10574,73,0
JO-EV6,R8_unclear,62,11,10574,73,0
JO-EV6,LB1a,62,11,10574,73,0
JO-EV6,SNpp21,62,11,10574,73,0
JO-EV6,ORN_VM7v,62,11,10574,73,0
JO-EV6,ORN_DL1,62,11,10574,73,0
JO-EV2,HRN_VP4,42,31,10574,73,0
JO-EV2,HRN_VP1d,42,31,10574,73,0
JO-EV2,JO-ED1,42,31,10574,73,0
JO-EV2,SApp13,42,31,10574,73,0
SNxx20,SNxx11,44,29,10574,73,0
SNxx20,ORN_DC4,44,29,10574,73,0
SNxx20,LB1c,44,29,10574,73,0
SNxx20,"SNpp29,SNpp63",44,29,10574,73,0
SNxx20,"SNta04,SNta11",44,29,10574,73,0
LgAG1,SNxx11,44,29,10574,73,0
LgAG1,ORN_DC4,44,29,10574,73,0
LgAG1,"SNpp29,SNpp63",44,29,10574,73,0
LgAG1,"SNta04,SNta11",44,29,10574,73,0
LgLG1b,ORN_VL2a,39,34,10574,73,0
LgLG1b,ORN_DA1,39,34,10574,73,0
LgLG1b,BM_Vib,39,34,10574,73,0
LgLG1b,PhG1c,39,34,10574,73,0
GNG643,aPhM2a,27,46,10574,73,0
GNG643,JO-mz,27,46,10574,73,0
GNG643,SNta03,27,46,10574,73,0
GNG643,SNta28,27,46,10574,73,0
SNch01,LB3b,56,17,10574,73,0
SNch01,ORN_VA1v,56,17,10574,73,0
SNch01,JO-A1,56,17,10574,73,0
SNch01,SNpp05,56,17,10574,73,0
SNch01,SNxx28,56,17,10574,73,0
SNch01,ORN_VM5v,56,17,10574,73,0
SNch01,SNpp31,56,17,10574,73,0
SNch01,SNpp17,56,17,10574,73,0
SNch01,SNpp01,56,17,10574,73,0
HRN_VP4,SNpp32,31,42,10574,73,0
JO-ED2_b,LgLG8,64,9,10574,73,0
JO-ED2_b,LB4a,64,9,10574,73,0
JO-ED2_b,PhG3,64,9,10574,73,0
JO-ED2_b,SApp21,64,9,10574,73,0
JO-ED2_b,LgAG6,64,9,10574,73,0
JO-ED2_b,tpn MN,64,9,10574,73,0
JO-ED2_b,JO-B4_a,64,9,10574,73,0
WG3,SNxx15,33,40,10574,73,0
aPhM1,SAxx02,22,51,10574,73,0
aPhM1,SNxx03,22,51,10574,73,0
ORN_VL2a,JO-ED2_c,34,39,10574,73,0
ORN_VL2a,SNpp47,34,39,10574,73,0
ORN_VL2a,SNpp33,34,39,10574,73,0
LB3b,SApp04,17,56,10574,73,0
SNxx15,SNta31,40,33,10574,73,0
aPhM2a,LB3d,46,27,10574,73,0
aPhM2a,SNxx02,46,27,10574,73,0
aPhM2a,BM_Hau,46,27,10574,73,0
aPhM2a,JO-B4_b,46,27,10574,73,0
aPhM2a,SApp23,46,27,10574,73,0
aPhM2a,ORN_VL2p,46,27,10574,73,0
aPhM2a,SNta33,46,27,10574,73,0
SAxx02,BM_Vt_PoOc,51,22,10574,73,0
SAxx02,PhG9,51,22,10574,73,0
SAxx02,ORN_DC1,51,22,10574,73,0
SAxx02,SNpp62,51,22,10574,73,0
SAxx02,SNpp58,51,22,10574,73,0
SAxx02,SNxx19,51,22,10574,73,0
SAxx02,SNxx21,51,22,10574,73,0
SAxx02,JO-B3,51,22,10574,73,0
BM_Vt_PoOc,SNxx03,22,51,10574,73,0
GNG644,SNta30,20,53,10574,73,0
LgLG5,LgLG3,8,65,10574,73,0
LgLG3,HBeyelet,65,8,10574,73,0
LgLG3,PhG1a,65,8,10574,73,0
JO-A3,SNta25,21,52,10574,73,0
ORN_DA1,JO-ED2_c,34,39,10574,73,0
ORN_DA1,SNpp47,34,39,10574,73,0
ORN_DA1,SNpp33,34,39,10574,73,0
SNpp23,"SNta02,SNta09",30,43,10574,73,0
claw_tpGRN,SNpp16,37,36,10574,73,0
claw_tpGRN,SNxx14,37,36,10574,73,0
claw_tpGRN,SNch10,37,36,10574,73,0
claw_tpGRN,SNta18,37,36,10574,73,0
LB3d,JO-mz,27,46,10574,73,0
LB3d,SNta03,27,46,10574,73,0
LB3d,SNta28,27,46,10574,73,0
SNxx02,JO-mz,27,46,10574,73,0
SNxx02,SNta03,27,46,10574,73,0
SNxx02,SNta28,27,46,10574,73,0
LgLG8,SNpp45,9,64,10574,73,0
ORN_VM6v,SNta25,21,52,10574,73,0
TRN_VP1m,"SNta11,SNta14",24,49,10574,73,0
PhG9,SNxx03,22,51,10574,73,0
BM_Hau,JO-mz,27,46,10574,73,0
BM_Hau,SNta03,27,46,10574,73,0
BM_Hau,SNta28,27,46,10574,73,0
JO-mz,JO-B4_b,46,27,10574,73,0
JO-mz,SApp23,46,27,10574,73,0
JO-mz,ORN_VL2p,46,27,10574,73,0
JO-mz,SNta33,46,27,10574,73,0
SNpp60,SNxx11,44,29,10574,73,0
SNpp60,ORN_DC4,44,29,10574,73,0
SNpp60,LB1c,44,29,10574,73,0
SNpp60,"SNpp29,SNpp63",44,29,10574,73,0
SNpp60,"SNta04,SNta11",44,29,10574,73,0
SApp19,WG4,50,23,10574,73,0
SApp19,ORN_D,50,23,10574,73,0
ORN_DP1m,SNxx25,35,38,10574,73,0
JO-B4_b,SNta03,27,46,10574,73,0
JO-B4_b,SNta28,27,46,10574,73,0
SNta03,SApp23,46,27,10574,73,0
SNta03,ORN_VL2p,46,27,10574,73,0
SNta03,SNta33,46,27,10574,73,0
SNxx04,WG4,50,23,10574,73,0
SNxx04,ORN_D,50,23,10574,73,0
"SNta11,SNta14",SNpp02,49,24,10574,73,0
ORN_DM1,SAxx01,26,47,10574,73,0
ORN_DM1,SNxx29,26,47,10574,73,0
ORN_DM1,SNta11,26,47,10574,73,0
ORN_DM1,SNpp51,26,47,10574,73,0
SAxx01,SNpp10,47,26,10574,73,0
SAxx01,SApp01,47,26,10574,73,0
SNxx03,ORN_DC1,51,22,10574,73,0
SNxx03,SNpp62,51,22,10574,73,0
SNxx03,SNpp58,51,22,10574,73,0
SNxx03,SNxx19,51,22,10574,73,0
SNxx03,JO-B3,51,22,10574,73,0
JO-ED2_c,BM_Vib,39,34,10574,73,0
JO-ED2_c,PhG1c,39,34,10574,73,0
BM_Vib,SNpp47,34,39,10574,73,0
BM_Vib,SNpp33,34,39,10574,73,0
HRN_VP1d,SNpp32,31,42,10574,73,0
SNxx29,SNpp10,47,26,10574,73,0
SNxx29,SApp01,47,26,10574,73,0
SApp23,SNta28,27,46,10574,73,0
GNG654,SNpp50,14,59,10574,73,0
SNpp47,PhG1c,39,34,10574,73,0
JO-CL,"SNta02,SNta09",30,43,10574,73,0
ORN_VL2p,SNta28,27,46,10574,73,0
ORN_DL5,SNta30,20,53,10574,73,0
SNpp43,SApp14,41,32,10574,73,0
SNpp43,SNpp07,41,32,10574,73,0
PhG1c,SNpp33,34,39,10574,73,0
SNpp41,"SNta02,SNta09",30,43,10574,73,0
JO-ED1,SNpp32,31,42,10574,73,0
SNxx25,"SApp11,SApp18",38,35,10574,73,0
SNpp50,HRN_VP5,59,14,10574,73,0
SNpp50,LB4b,59,14,10574,73,0
SNpp50,SNxx24,59,14,10574,73,0
SNpp50,ORN_VC5,59,14,10574,73,0
SNpp50,PhG4,59,14,10574,73,0
SNpp50,SNpp06,59,14,10574,73,0
SNpp50,BM_MaPa,59,14,10574,73,0
SNpp50,PhG14,59,14,10574,73,0
SNpp50,SNpp56,59,14,10574,73,0
SNpp50,JO-B2,59,14,10574,73,0
SNpp50,JO-B1_c,59,14,10574,73,0
WG2,SNta30,20,53,10574,73,0
LgAG3,SNta30,20,53,10574,73,0
SNxx17,SNta25,21,52,10574,73,0
SNta04,ORN_D,50,23,10574,73,0
ORN_VA1v,SApp04,17,56,10574,73,0
JO-A1,SApp04,17,56,10574,73,0
SNpp10,SNta11,26,47,10574,73,0
SNpp10,SNpp51,26,47,10574,73,0
PhG1b,SNta30,20,53,10574,73,0
SApp01,SNta11,26,47,10574,73,0
SApp01,SNpp51,26,47,10574,73,0
ORN_DL2v,SNta25,21,52,10574,73,0
BM_vOcci_vPoOr,SNta30,20,53,10574,73,0
SNpp45,LB4a,64,9,10574,73,0
SNpp45,PhG3,64,9,10574,73,0
SNpp45,SApp21,64,9,10574,73,0
SNpp45,LgAG6,64,9,10574,73,0
SNpp45,tpn MN,64,9,10574,73,0
SNpp45,JO-B4_a,64,9,10574,73,0
LB1e,SNta30,20,53,10574,73,0
SApp04,SNpp05,56,17,10574,73,0
SApp04,SNxx28,56,17,10574,73,0
SApp04,ORN_VM5v,56,17,10574,73,0
SApp04,SNpp31,56,17,10574,73,0
SApp04,SNpp17,56,17,10574,73,0
SApp04,SNpp01,56,17,10574,73,0
SNxx30,SNta30,20,53,10574,73,0
SNpp32,SApp13,42,31,10574,73,0
SNta33,SNta28,27,46,10574,73,0
SNxx07,TPMN1,32,40,10575,72,0
SNxx07,SNxx15,32,40,10575,72,0
SNxx08,SNta25,20,52,10575,72,0
TPMN1,aPhM3,40,32,10575,72,0
TPMN1,SApp14,40,32,10575,72,0
TPMN1,SNpp07,40,32,10575,72,0
aPhM5,"SNta02,SNta09",29,43,10575,72,0
SNxx23,aPhM1,50,22,10575,72,0
SNxx23,BM_Vt_PoOc,50,22,10575,72,0
SNxx23,PhG9,50,22,10575,72,0
SNxx23,ORN_DC1,50,22,10575,72,0
SNxx23,SNpp62,50,22,10575,72,0
SNxx23,SNpp58,50,22,10575,72,0
SNxx23,SNxx19,50,22,10575,72,0
SNxx23,SNxx21,50,22,10575,72,0
SNxx23,JO-B3,50,22,10575,72,0
JO-EV5,TRN_VP3a,54,18,10575,72,0
JO-EV5,TRN_VP2,54,18,10575,72,0
JO-EV5,aPhM2b,54,18,10575,72,0
JO-EV5,ORN_VC1,54,18,10575,72,0
JO-EV5,ORN_VM7d,54,18,10575,72,0
JO-EV5,LgAG2,54,18,10575,72,0
JO-EV5,DNx01,54,18,10575,72,0
JO-ED2_a,GNG642,56,16,10575,72,0
JO-ED2_a,ORN_V,56,16,10575,72,0
JO-ED2_a,PhG10,56,16,10575,72,0
JO-ED2_a,ORN_VL1,56,16,10575,72,0
JO-ED2_a,LgLG4,56,16,10575,72,0
JO-ED2_a,ORN_VM5d,56,16,10575,72,0
JO-ED2_a,SNpp11,56,16,10575,72,0
JO-ED2_a,ALBN1,56,16,10575,72,0
JO-ED2_a,ENS5,56,16,10575,72,0
JO-ED2_a,dorsal_tpGRN,56,16,10575,72,0
JO-ED2_a,JO-CA2,56,16,10575,72,0
TPMN2,aPhM2a,26,46,10575,72,0
TPMN2,JO-mz,26,46,10575,72,0
TPMN2,SNta03,26,46,10575,72,0
TPMN2,SNta28,26,46,10575,72,0
JO-FV,LB3b,55,17,10575,72,0
JO-FV,ORN_VA1v,55,17,10575,72,0
JO-FV,JO-A1,55,17,10575,72,0
JO-FV,SNpp05,55,17,10575,72,0
JO-FV,SNxx28,55,17,10575,72,0
JO-FV,ORN_VM5v,55,17,10575,72,0
JO-FV,SNpp31,55,17,10575,72,0
JO-FV,SNpp17,55,17,10575,72,0
JO-FV,SNpp01,55,17,10575,72,0
R7d,SNpp50,13,59,10575,72,0
LgLG6,SNpp50,13,59,10575,72,0
LgLG1a,HRN_VP4,41,31,10575,72,0
LgLG1a,HRN_VP1d,41,31,10575,72,0
LgLG1a,JO-ED1,41,31,10575,72,0
LgLG1a,SApp13,41,31,10575,72,0
aPhM3,SNxx15,32,40,10575,72,0
SNpp39,GNG642,56,16,10575,72,0
SNpp39,ORN_V,56,16,10575,72,0
SNpp39,PhG10,56,16,10575,72,0
SNpp39,ORN_VL1,56,16,10575,72,0
SNpp39,LgLG4,56,16,10575,72,0
SNpp39,ORN_VM5d,56,16,10575,72,0
SNpp39,SNpp11,56,16,10575,72,0
SNpp39,ALBN1,56,16,10575,72,0
SNpp39,ENS5,56,16,10575,72,0
SNpp39,dorsal_tpGRN,56,16,10575,72,0
SNpp39,JO-CA2,56,16,10575,72,0
JO-A2,SNpp16,36,36,10575,72,0
JO-A2,SNxx14,36,36,10575,72,0
JO-A2,SNch10,36,36,10575,72,0
JO-A2,SNta18,36,36,10575,72,0
JO-EV6,R8y,62,10,10575,72,0
JO-EV6,HRN_VP1l,62,10,10575,72,0
JO-EV6,PhG6,62,10,10575,72,0
JO-EV6,LN-DN1,62,10,10575,72,0
JO-EV6,ORN_DM4,62,10,10575,72,0
JO-EV6,ORN_DM6,62,10,10575,72,0
JO-EV6,ORN_VA3,62,10,10575,72,0
aPhM4,SNta30,19,53,10575,72,0
JO-EV2,SNpp23,42,30,10575,72,0
JO-EV2,JO-CL,42,30,10575,72,0
JO-EV2,SNpp41,42,30,10575,72,0
SNxx20,SNta14,44,28,10575,72,0
SNxx20,ENS2,44,28,10575,72,0
SNxx20,ORN_DP1l,44,28,10575,72,0
SNxx20,ORN_VA6,44,28,10575,72,0
SNxx20,ENS4,44,28,10575,72,0
SNxx20,SNta26,44,28,10575,72,0
LgAG1,SNta14,44,28,10575,72,0
LgAG1,ENS2,44,28,10575,72,0
LgAG1,ORN_DP1l,44,28,10575,72,0
LgAG1,ORN_VA6,44,28,10575,72,0
LgAG1,ENS4,44,28,10575,72,0
LgLG1b,WG3,39,33,10575,72,0
LgLG1b,SNta31,39,33,10575,72,0
SNch01,GNG642,56,16,10575,72,0
SNch01,ORN_V,56,16,10575,72,0
SNch01,PhG10,56,16,10575,72,0
SNch01,ORN_VL1,56,16,10575,72,0
SNch01,LgLG4,56,16,10575,72,0
SNch01,ORN_VM5d,56,16,10575,72,0
SNch01,SNpp11,56,16,10575,72,0
SNch01,ALBN1,56,16,10575,72,0
SNch01,ENS5,56,16,10575,72,0
SNch01,dorsal_tpGRN,56,16,10575,72,0
SNch01,JO-CA2,56,16,10575,72,0
HRN_VP4,SNpp43,31,41,10575,72,0
JO-ED2_b,LgLG5,64,8,10575,72,0
JO-ED2_b,HBeyelet,64,8,10575,72,0
JO-ED2_b,PhG1a,64,8,10575,72,0
WG3,JO-ED2_c,33,39,10575,72,0
WG3,SNpp47,33,39,10575,72,0
WG3,SNpp33,33,39,10575,72,0
aPhM1,SApp19,22,50,10575,72,0
aPhM1,SNxx04,22,50,10575,72,0
aPhM1,SNta04,22,50,10575,72,0
ORN_VL2a,SNxx25,34,38,10575,72,0
SNxx15,SApp14,40,32,10575,72,0
SNxx15,SNpp07,40,32,10575,72,0
aPhM2a,ORN_DM1,46,26,10575,72,0
aPhM2a,SNpp10,46,26,10575,72,0
aPhM2a,SApp01,46,26,10575,72,0
SAxx02,JO-A3,51,21,10575,72,0
SAxx02,ORN_VM6v,51,21,10575,72,0
SAxx02,SNxx17,51,21,10575,72,0
SAxx02,ORN_DL2v,51,21,10575,72,0
BM_Vt_PoOc,SApp19,22,50,10575,72,0
BM_Vt_PoOc,SNxx04,22,50,10575,72,0
BM_Vt_PoOc,SNta04,22,50,10575,72,0
GNG644,SNta25,20,52,10575,72,0
LgLG5,SNpp45,8,64,10575,72,0
LgLG3,LgLG7,65,7,10575,72,0
LgLG3,DNg83,65,7,10575,72,0
LgLG3,ORN_DL3,65,7,10575,72,0
LgLG3,ORN_DM3,65,7,10575,72,0
JO-A3,SNxx03,21,51,10575,72,0
ORN_DA1,SNxx25,34,38,10575,72,0
SNpp23,SNpp32,30,42,10575,72,0
SNta14,SNpp60,28,44,10575,72,0
claw_tpGRN,ORN_DP1m,37,35,10575,72,0
claw_tpGRN,"SApp11,SApp18",37,35,10575,72,0
LB3c,SAxx01,25,47,10575,72,0
LB3c,SNxx29,25,47,10575,72,0
LB3c,SNta11,25,47,10575,72,0
LB3c,SNpp51,25,47,10575,72,0
ORN_VM6v,SNxx03,21,51,10575,72,0
ENS2,SNpp60,28,44,10575,72,0
ORN_DP1l,SNpp60,28,44,10575,72,0
LB3a,SNta30,19,53,10575,72,0
SNpp16,SNxx14,36,36,10575,72,0
SNpp16,SNch10,36,36,10575,72,0
SNpp16,SNta18,36,36,10575,72,0
PhG9,SApp19,22,50,10575,72,0
PhG9,SNxx04,22,50,10575,72,0
PhG9,SNta04,22,50,10575,72,0
JO-mz,ORN_DM1,46,26,10575,72,0
JO-mz,SNpp10,46,26,10575,72,0
JO-mz,SApp01,46,26,10575,72,0
SNpp60,ORN_VA6,44,28,10575,72,0
SNpp60,ENS4,44,28,10575,72,0
SNpp60,SNta26,44,28,10575,72,0
SApp19,ORN_DC1,50,22,10575,72,0
SApp19,SNpp62,50,22,10575,72,0
SApp19,SNpp58,50,22,10575,72,0
SApp19,SNxx19,50,22,10575,72,0
SApp19,SNxx21,50,22,10575,72,0
SApp19,JO-B3,50,22,10575,72,0
SNta03,ORN_DM1,46,26,10575,72,0
SNta03,SNpp10,46,26,10575,72,0
SNta03,SApp01,46,26,10575,72,0
SNxx04,ORN_DC1,50,22,10575,72,0
SNxx04,SNpp62,50,22,10575,72,0
SNxx04,SNpp58,50,22,10575,72,0
SNxx04,SNxx19,50,22,10575,72,0
SNxx04,JO-B3,50,22,10575,72,0
"SNta11,SNta14",ORN_D,49,23,10575,72,0
ORN_DM1,SNta28,26,46,10575,72,0
SAxx01,SNxx26,47,25,10575,72,0
SAxx01,ORN_VA2,47,25,10575,72,0
SNxx03,SNxx17,51,21,10575,72,0
SNxx03,ORN_DL2v,51,21,10575,72,0
JO-ED2_c,SNta31,39,33,10575,72,0
BM_Vib,SNxx25,34,38,10575,72,0
HRN_VP1d,SNpp43,31,41,10575,72,0
SNxx29,SNxx26,47,25,10575,72,0
SNxx29,ORN_VA2,47,25,10575,72,0
ORN_DC1,SNta04,22,50,10575,72,0
GNG642,SApp04,16,56,10575,72,0
SNxx11,"SNta02,SNta09",29,43,10575,72,0
ORN_DC4,"SNta02,SNta09",29,43,10575,72,0
ORN_DM2,SNpp50,13,59,10575,72,0
SNpp47,SNta31,39,33,10575,72,0
LB1c,"SNta02,SNta09",29,43,10575,72,0
JO-CL,SNpp32,30,42,10575,72,0
ORN_DL5,SNta25,20,52,10575,72,0
SNpp43,JO-ED1,41,31,10575,72,0
SNpp43,SApp13,41,31,10575,72,0
PhG1c,SNxx25,34,38,10575,72,0
SNpp41,SNpp32,30,42,10575,72,0
SNpp35,SNta30,19,53,10575,72,0
SNpp50,DNg20,59,13,10575,72,0
SNpp50,SNxx06,59,13,10575,72,0
SNpp50,SNpp15,59,13,10575,72,0
SNpp50,ORN_DA2,59,13,10575,72,0
SNpp50,PhG16,59,13,10575,72,0
SNpp50,SNpp18,59,13,10575,72,0
SNpp50,LgAG8,59,13,10575,72,0
WG2,SNta25,20,52,10575,72,0
LgAG3,SNta25,20,52,10575,72,0
SNxx14,SNch10,36,36,10575,72,0
SNxx14,SNta18,36,36,10575,72,0
ORN_V,SApp04,16,56,10575,72,0
SNta04,SNpp62,50,22,10575,72,0
SNta04,SNpp58,50,22,10575,72,0
SNta04,SNxx19,50,22,10575,72,0
SNta04,SNxx21,50,22,10575,72,0
SNta04,JO-B3,50,22,10575,72,0
SNch10,SNta18,36,36,10575,72,0
SNxx26,SNta11,25,47,10575,72,0
SNxx26,SNpp51,25,47,10575,72,0
ORN_VA2,SNta11,25,47,10575,72,0
ORN_VA2,SNpp51,25,47,10575,72,0
LgAG5,SNta30,19,53,10575,72,0
SNpp10,SNta28,26,46,10575,72,0
PhG1b,SNta25,20,52,10575,72,0
PhG10,SApp04,16,56,10575,72,0
SApp01,SNta28,26,46,10575,72,0
LgAG7,SNta30,19,53,10575,72,0
"SNpp29,SNpp63","SNta02,SNta09",29,43,10575,72,0
BM_vOcci_vPoOr,SNta25,20,52,10575,72,0
SNpp45,HBeyelet,64,8,10575,72,0
SNpp45,PhG1a,64,8,10575,72,0
ORN_VL1,SApp04,16,56,10575,72,0
ORN_DL2d,SNta30,19,53,10575,72,0
SNpp33,SNta31,39,33,10575,72,0
LB1e,SNta25,20,52,10575,72,0
SApp04,LgLG4,56,16,10575,72,0
SApp04,ORN_VM5d,56,16,10575,72,0
SApp04,SNpp11,56,16,10575,72,0
SApp04,ALBN1,56,16,10575,72,0
SApp04,ENS5,56,16,10575,72,0
SApp04,dorsal_tpGRN,56,16,10575,72,0
SApp04,JO-CA2,56,16,10575,72,0
SNxx30,SNta25,20,52,10575,72,0
JO-B1_a,SNta30,19,53,10575,72,0
SNta30,SNta13,53,19,10575,72,0
SNxx07,LgLG1b,32,39,10576,71,0
SNxx07,JO-ED2_c,32,39,10576,71,0
SNxx07,SNpp47,32,39,10576,71,0
SNxx07,SNpp33,32,39,10576,71,0
SNxx08,SAxx02,20,51,10576,71,0
SNxx08,SNxx03,20,51,10576,71,0
TPMN1,HRN_VP4,40,31,10576,71,0
TPMN1,HRN_VP1d,40,31,10576,71,0
TPMN1,JO-ED1,40,31,10576,71,0
TPMN1,SApp13,40,31,10576,71,0
DNx02,R8d,68,3,10576,71,0
R7_unclear,JO-ED2_a,15,56,10576,71,0
R7_unclear,SNpp39,15,56,10576,71,0
R7_unclear,SNch01,15,56,10576,71,0
R7_unclear,SApp04,15,56,10576,71,0
aPhM5,JO-EV2,29,42,10576,71,0
aPhM5,SNpp32,29,42,10576,71,0
SNxx23,JO-A3,50,21,10576,71,0
SNxx23,ORN_VM6v,50,21,10576,71,0
SNxx23,SNxx17,50,21,10576,71,0
SNxx23,ORN_DL2v,50,21,10576,71,0
JO-EV5,LB3b,54,17,10576,71,0
JO-EV5,ORN_VA1v,54,17,10576,71,0
JO-EV5,JO-A1,54,17,10576,71,0
JO-EV5,SNpp05,54,17,10576,71,0
JO-EV5,SNxx28,54,17,10576,71,0
JO-EV5,ORN_VM5v,54,17,10576,71,0
JO-EV5,SNpp31,54,17,10576,71,0
JO-EV5,SNpp17,54,17,10576,71,0
JO-EV5,SNpp01,54,17,10576,71,0
JO-ED2_a,WG1,56,15,10576,71,0
JO-ED2_a,LgAG9,56,15,10576,71,0
JO-ED2_a,ORN_VA1d,56,15,10576,71,0
JO-ED2_a,SNpp57,56,15,10576,71,0
JO-ED2_a,LB1b,56,15,10576,71,0
JO-ED2_a,SNpp12,56,15,10576,71,0
JO-ED2_a,PhG8,56,15,10576,71,0
JO-FV,GNG642,55,16,10576,71,0
JO-FV,ORN_V,55,16,10576,71,0
JO-FV,PhG10,55,16,10576,71,0
JO-FV,ORN_VL1,55,16,10576,71,0
JO-FV,LgLG4,55,16,10576,71,0
JO-FV,ORN_VM5d,55,16,10576,71,0
JO-FV,SNpp11,55,16,10576,71,0
JO-FV,ALBN1,55,16,10576,71,0
JO-FV,ENS5,55,16,10576,71,0
JO-FV,dorsal_tpGRN,55,16,10576,71,0
JO-FV,JO-CA2,55,16,10576,71,0
LgLG1a,SNpp23,41,30,10576,71,0
LgLG1a,JO-CL,41,30,10576,71,0
LgLG1a,SNpp41,41,30,10576,71,0
aPhM3,LgLG1b,32,39,10576,71,0
aPhM3,JO-ED2_c,32,39,10576,71,0
aPhM3,SNpp47,32,39,10576,71,0
aPhM3,SNpp33,32,39,10576,71,0
SNpp39,WG1,56,15,10576,71,0
SNpp39,LgAG9,56,15,10576,71,0
SNpp39,ORN_VA1d,56,15,10576,71,0
SNpp39,SNpp57,56,15,10576,71,0
SNpp39,LB1b,56,15,10576,71,0
SNpp39,SNpp12,56,15,10576,71,0
SNpp39,PhG8,56,15,10576,71,0
JO-A2,ORN_DP1m,36,35,10576,71,0
JO-A2,"SApp11,SApp18",36,35,10576,71,0
JO-EV6,LgLG8,62,9,10576,71,0
JO-EV6,LB4a,62,9,10576,71,0
JO-EV6,PhG3,62,9,10576,71,0
JO-EV6,SApp21,62,9,10576,71,0
JO-EV6,LgAG6,62,9,10576,71,0
JO-EV6,tpn MN,62,9,10576,71,0
JO-EV6,JO-B4_a,62,9,10576,71,0
aPhM4,SNta25,19,52,10576,71,0
JO-EV2,SNxx11,42,29,10576,71,0
JO-EV2,ORN_DC4,42,29,10576,71,0
JO-EV2,LB1c,42,29,10576,71,0
JO-EV2,"SNpp29,SNpp63",42,29,10576,71,0
JO-EV2,"SNta04,SNta11",42,29,10576,71,0
SNxx20,GNG643,44,27,10576,71,0
SNxx20,LB3d,44,27,10576,71,0
SNxx20,SNxx02,44,27,10576,71,0
SNxx20,BM_Hau,44,27,10576,71,0
SNxx20,JO-B4_b,44,27,10576,71,0
SNxx20,SApp23,44,27,10576,71,0
SNxx20,ORN_VL2p,44,27,10576,71,0
SNxx20,SNta33,44,27,10576,71,0
LgAG1,GNG643,44,27,10576,71,0
LgAG1,LB3d,44,27,10576,71,0
LgAG1,SNxx02,44,27,10576,71,0
LgAG1,BM_Hau,44,27,10576,71,0
LgAG1,JO-B4_b,44,27,10576,71,0
LgAG1,SApp23,44,27,10576,71,0
LgAG1,ORN_VL2p,44,27,10576,71,0
LgAG1,SNta33,44,27,10576,71,0
LgLG1b,SApp14,39,32,10576,71,0
LgLG1b,SNpp07,39,32,10576,71,0
GNG643,SNpp60,27,44,10576,71,0
SNch01,WG1,56,15,10576,71,0
SNch01,LgAG9,56,15,10576,71,0
SNch01,ORN_VA1d,56,15,10576,71,0
SNch01,SNpp57,56,15,10576,71,0
SNch01,LB1b,56,15,10576,71,0
SNch01,SNpp12,56,15,10576,71,0
SNch01,PhG8,56,15,10576,71,0
HRN_VP4,SNxx15,31,40,10576,71,0
JO-ED2_b,LgLG7,64,7,10576,71,0
JO-ED2_b,DNg83,64,7,10576,71,0
JO-ED2_b,ORN_DL3,64,7,10576,71,0
JO-ED2_b,ORN_DM3,64,7,10576,71,0
WG3,SNxx25,33,38,10576,71,0
aPhM1,"SNta11,SNta14",22,49,10576,71,0
ORN_VL2a,claw_tpGRN,34,37,10576,71,0
SNxx15,HRN_VP1d,40,31,10576,71,0
SNxx15,JO-ED1,40,31,10576,71,0
SNxx15,SApp13,40,31,10576,71,0
aPhM2a,LB3c,46,25,10576,71,0
aPhM2a,SNxx26,46,25,10576,71,0
aPhM2a,ORN_VA2,46,25,10576,71,0
SAxx02,GNG644,51,20,10576,71,0
SAxx02,ORN_DL5,51,20,10576,71,0
SAxx02,WG2,51,20,10576,71,0
SAxx02,LgAG3,51,20,10576,71,0
SAxx02,PhG1b,51,20,10576,71,0
SAxx02,BM_vOcci_vPoOr,51,20,10576,71,0
SAxx02,LB1e,51,20,10576,71,0
SAxx02,SNxx30,51,20,10576,71,0
BM_Vt_PoOc,"SNta11,SNta14",22,49,10576,71,0
GNG644,SNxx03,20,51,10576,71,0
JO-A3,SApp19,21,50,10576,71,0
JO-A3,SNxx04,21,50,10576,71,0
JO-A3,SNta04,21,50,10576,71,0
ORN_DA1,claw_tpGRN,34,37,10576,71,0
SNpp23,SNpp43,30,41,10576,71,0
WG1,SApp04,15,56,10576,71,0
claw_tpGRN,PhG1c,37,34,10576,71,0
TRN_VP3a,SNta30,18,53,10576,71,0
LB3d,SNpp60,27,44,10576,71,0
SNxx02,SNpp60,27,44,10576,71,0
LB3c,JO-mz,25,46,10576,71,0
LB3c,SNta03,25,46,10576,71,0
LB3c,SNta28,25,46,10576,71,0
ORN_VM6v,SApp19,21,50,10576,71,0
ORN_VM6v,SNxx04,21,50,10576,71,0
ORN_VM6v,SNta04,21,50,10576,71,0
ENS2,"SNta02,SNta09",28,43,10576,71,0
ORN_DP1l,"SNta02,SNta09",28,43,10576,71,0
LB3a,SNta25,19,52,10576,71,0
SNpp16,ORN_DP1m,36,35,10576,71,0
SNpp16,"SApp11,SApp18",36,35,10576,71,0
TRN_VP1m,SAxx01,24,47,10576,71,0
TRN_VP1m,SNxx29,24,47,10576,71,0
TRN_VP1m,SNta11,24,47,10576,71,0
TRN_VP1m,SNpp51,24,47,10576,71,0
PhG9,"SNta11,SNta14",22,49,10576,71,0
BM_Hau,SNpp60,27,44,10576,71,0
JO-mz,SNxx26,46,25,10576,71,0
JO-mz,ORN_VA2,46,25,10576,71,0
SNpp60,JO-B4_b,44,27,10576,71,0
SNpp60,SApp23,44,27,10576,71,0
SNpp60,ORN_VL2p,44,27,10576,71,0
SNpp60,SNta33,44,27,10576,71,0
SApp19,SNxx17,50,21,10576,71,0
SApp19,ORN_DL2v,50,21,10576,71,0
ORN_DP1m,SNxx14,35,36,10576,71,0
ORN_DP1m,SNch10,35,36,10576,71,0
ORN_DP1m,SNta18,35,36,10576,71,0
SNta03,SNxx26,46,25,10576,71,0
SNta03,ORN_VA2,46,25,10576,71,0
SNxx04,SNxx17,50,21,10576,71,0
SNxx04,ORN_DL2v,50,21,10576,71,0
"SNta11,SNta14",ORN_DC1,49,22,10576,71,0
"SNta11,SNta14",SNpp62,49,22,10576,71,0
"SNta11,SNta14",SNpp58,49,22,10576,71,0
"SNta11,SNta14",SNxx19,49,22,10576,71,0
"SNta11,SNta14",SNxx21,49,22,10576,71,0
"SNta11,SNta14",JO-B3,49,22,10576,71,0
SAxx01,SNpp02,47,24,10576,71,0
SNxx03,ORN_DL5,51,20,10576,71,0
SNxx03,WG2,51,20,10576,71,0
SNxx03,LgAG3,51,20,10576,71,0
SNxx03,PhG1b,51,20,10576,71,0
SNxx03,BM_vOcci_vPoOr,51,20,10576,71,0
SNxx03,LB1e,51,20,10576,71,0
SNxx03,SNxx30,51,20,10576,71,0
JO-ED2_c,SApp14,39,32,10576,71,0
JO-ED2_c,SNpp07,39,32,10576,71,0
SNxx29,SNpp02,47,24,10576,71,0
SNxx11,SNpp32,29,42,10576,71,0
ORN_DC4,SNpp32,29,42,10576,71,0
SNpp47,SApp14,39,32,10576,71,0
SNpp47,SNpp07,39,32,10576,71,0
TRN_VP2,SNta30,18,53,10576,71,0
aPhM2b,SNta30,18,53,10576,71,0
LB1c,SNpp32,29,42,10576,71,0
JO-CL,SNpp43,30,41,10576,71,0
LgAG9,SApp04,15,56,10576,71,0
ENS3,SNpp50,12,59,10576,71,0
SNpp43,SNpp41,41,30,10576,71,0
SNxx25,SNta31,38,33,10576,71,0
SNpp35,SNta25,19,52,10576,71,0
SNpp50,ORN_VM4,59,12,10576,71,0
SNpp50,ENS1,59,12,10576,71,0
SNpp50,PhG13,59,12,10576,71,0
SNpp50,ORN_DC2,59,12,10576,71,0
SNpp50,SNpp37,59,12,10576,71,0
SNpp50,ORN_VC4,59,12,10576,71,0
SNpp50,b2 MN,59,12,10576,71,0
"SApp11,SApp18",SNxx14,35,36,10576,71,0
"SApp11,SApp18",SNch10,35,36,10576,71,0
"SApp11,SApp18",SNta18,35,36,10576,71,0
SNxx17,SNta04,21,50,10576,71,0
SNta04,ORN_DL2v,50,21,10576,71,0
SNxx26,SNta28,25,46,10576,71,0
ORN_VA2,SNta28,25,46,10576,71,0
LgAG5,SNta25,19,52,10576,71,0
ORN_VA6,"SNta02,SNta09",28,43,10576,71,0
LgAG7,SNta25,19,52,10576,71,0
"SNpp29,SNpp63",SNpp32,29,42,10576,71,0
SNpp45,LgLG7,64,7,10576,71,0
SNpp45,DNg83,64,7,10576,71,0
SNpp45,ORN_DL3,64,7,10576,71,0
SNpp45,ORN_DM3,64,7,10576,71,0
ORN_VC1,SNta30,18,53,10576,71,0
ORN_DL2d,SNta25,19,52,10576,71,0
ORN_VM7d,SNta30,18,53,10576,71,0
SNpp33,SApp14,39,32,10576,71,0
SNpp33,SNpp07,39,32,10576,71,0
SNta11,SNpp02,47,24,10576,71,0
ORN_VA1d,SApp04,15,56,10576,71,0
SNpp57,SApp04,15,56,10576,71,0
SApp04,LB1b,56,15,10576,71,0
SApp04,SNpp12,56,15,10576,71,0
SApp04,PhG8,56,15,10576,71,0
ENS4,"SNta02,SNta09",28,43,10576,71,0
SNpp51,SNpp02,47,24,10576,71,0
"SNta02,SNta09",SNta26,43,28,10576,71,0
SNpp32,"SNta04,SNta11",42,29,10576,71,0
SNta25,JO-B1_a,52,19,10576,71,0
SNta25,SNta13,52,19,10576,71,0
LgAG2,SNta30,18,53,10576,71,0
SNta30,DNx01,53,18,10576,71,0
SNxx07,SNxx25,32,38,10577,70,0
SNxx08,SNxx23,20,50,10577,70,0
SNxx08,SApp19,20,50,10577,70,0
SNxx08,SNxx04,20,50,10577,70,0
SNxx08,SNta04,20,50,10577,70,0
TPMN1,SNpp23,40,30,10577,70,0
TPMN1,JO-CL,40,30,10577,70,0
TPMN1,SNpp41,40,30,10577,70,0
R7_unclear,JO-FV,15,55,10577,70,0
aPhM5,LgLG1a,29,41,10577,70,0
aPhM5,SNpp43,29,41,10577,70,0
SNxx23,GNG644,50,20,10577,70,0
SNxx23,ORN_DL5,50,20,10577,70,0
SNxx23,WG2,50,20,10577,70,0
SNxx23,LgAG3,50,20,10577,70,0
SNxx23,PhG1b,50,20,10577,70,0
SNxx23,BM_vOcci_vPoOr,50,20,10577,70,0
SNxx23,LB1e,50,20,10577,70,0
SNxx23,SNxx30,50,20,10577,70,0
JO-EV5,GNG642,54,16,10577,70,0
JO-EV5,ORN_V,54,16,10577,70,0
JO-EV5,PhG10,54,16,10577,70,0
JO-EV5,ORN_VL1,54,16,10577,70,0
JO-EV5,LgLG4,54,16,10577,70,0
JO-EV5,ORN_VM5d,54,16,10577,70,0
JO-EV5,SNpp11,54,16,10577,70,0
JO-EV5,ALBN1,54,16,10577,70,0
JO-EV5,ENS5,54,16,10577,70,0
JO-EV5,dorsal_tpGRN,54,16,10577,70,0
JO-EV5,JO-CA2,54,16,10577,70,0
JO-ED2_a,GNG654,56,14,10577,70,0
JO-ED2_a,HRN_VP5,56,14,10577,70,0
JO-ED2_a,LB4b,56,14,10577,70,0
JO-ED2_a,SNxx24,56,14,10577,70,0
JO-ED2_a,ORN_VC5,56,14,10577,70,0
JO-ED2_a,PhG4,56,14,10577,70,0
JO-ED2_a,SNpp06,56,14,10577,70,0
JO-ED2_a,BM_MaPa,56,14,10577,70,0
JO-ED2_a,PhG14,56,14,10577,70,0
JO-ED2_a,SNpp56,56,14,10577,70,0
JO-ED2_a,JO-B2,56,14,10577,70,0
JO-ED2_a,JO-B1_c,56,14,10577,70,0
TPMN2,SNxx20,26,44,10577,70,0
TPMN2,LgAG1,26,44,10577,70,0
TPMN2,SNpp60,26,44,10577,70,0
R7y,SNpp50,11,59,10577,70,0
R7p,SNpp50,11,59,10577,70,0
JO-FV,WG1,55,15,10577,70,0
JO-FV,LgAG9,55,15,10577,70,0
JO-FV,ORN_VA1d,55,15,10577,70,0
JO-FV,SNpp57,55,15,10577,70,0
JO-FV,LB1b,55,15,10577,70,0
JO-FV,SNpp12,55,15,10577,70,0
JO-FV,PhG8,55,15,10577,70,0
LgLG1a,SNxx11,41,29,10577,70,0
LgLG1a,ORN_DC4,41,29,10577,70,0
LgLG1a,LB1c,41,29,10577,70,0
LgLG1a,"SNpp29,SNpp63",41,29,10577,70,0
LgLG1a,"SNta04,SNta11",41,29,10577,70,0
aPhM3,SNxx25,32,38,10577,70,0
SNpp39,GNG654,56,14,10577,70,0
SNpp39,HRN_VP5,56,14,10577,70,0
SNpp39,LB4b,56,14,10577,70,0
SNpp39,SNxx24,56,14,10577,70,0
SNpp39,ORN_VC5,56,14,10577,70,0
SNpp39,PhG4,56,14,10577,70,0
SNpp39,SNpp06,56,14,10577,70,0
SNpp39,BM_MaPa,56,14,10577,70,0
SNpp39,PhG14,56,14,10577,70,0
SNpp39,SNpp56,56,14,10577,70,0
SNpp39,JO-B2,56,14,10577,70,0
SNpp39,JO-B1_c,56,14,10577,70,0
JO-A2,ORN_VL2a,36,34,10577,70,0
JO-A2,ORN_DA1,36,34,10577,70,0
JO-A2,BM_Vib,36,34,10577,70,0
JO-A2,PhG1c,36,34,10577,70,0
JO-EV6,LgLG5,62,8,10577,70,0
JO-EV6,HBeyelet,62,8,10577,70,0
JO-EV6,PhG1a,62,8,10577,70,0
aPhM4,SAxx02,19,51,10577,70,0
aPhM4,SNxx03,19,51,10577,70,0
JO-EV2,SNta14,42,28,10577,70,0
JO-EV2,ENS2,42,28,10577,70,0
JO-EV2,ORN_DP1l,42,28,10577,70,0
JO-EV2,ORN_VA6,42,28,10577,70,0
JO-EV2,ENS4,42,28,10577,70,0
JO-EV2,SNta26,42,28,10577,70,0
SNxx20,ORN_DM1,44,26,10577,70,0
SNxx20,SNpp10,44,26,10577,70,0
SNxx20,SApp01,44,26,10577,70,0
LgAG1,ORN_DM1,44,26,10577,70,0
LgAG1,SNpp10,44,26,10577,70,0
LgAG1,SApp01,44,26,10577,70,0
LgLG1b,HRN_VP4,39,31,10577,70,0
LgLG1b,HRN_VP1d,39,31,10577,70,0
LgLG1b,JO-ED1,39,31,10577,70,0
LgLG1b,SApp13,39,31,10577,70,0
GNG643,"SNta02,SNta09",27,43,10577,70,0
SNch01,GNG654,56,14,10577,70,0
SNch01,HRN_VP5,56,14,10577,70,0
SNch01,LB4b,56,14,10577,70,0
SNch01,SNxx24,56,14,10577,70,0
SNch01,ORN_VC5,56,14,10577,70,0
SNch01,PhG4,56,14,10577,70,0
SNch01,SNpp06,56,14,10577,70,0
SNch01,BM_MaPa,56,14,10577,70,0
SNch01,PhG14,56,14,10577,70,0
SNch01,SNpp56,56,14,10577,70,0
SNch01,JO-B2,56,14,10577,70,0
SNch01,JO-B1_c,56,14,10577,70,0
HRN_VP4,JO-ED2_c,31,39,10577,70,0
HRN_VP4,SNpp47,31,39,10577,70,0
HRN_VP4,SNpp33,31,39,10577,70,0
WG3,claw_tpGRN,33,37,10577,70,0
R8p,SNpp50,11,59,10577,70,0
SNxx09,SNpp50,11,59,10577,70,0
ORN_VL2a,SNpp16,34,36,10577,70,0
ORN_VL2a,SNxx14,34,36,10577,70,0
ORN_VL2a,SNch10,34,36,10577,70,0
ORN_VL2a,SNta18,34,36,10577,70,0
LB3b,SNta30,17,53,10577,70,0
SNxx15,SNpp23,40,30,10577,70,0
SNxx15,JO-CL,40,30,10577,70,0
SNxx15,SNpp41,40,30,10577,70,0
aPhM2a,TRN_VP1m,46,24,10577,70,0
aPhM2a,SNpp02,46,24,10577,70,0
SAxx02,LB3a,51,19,10577,70,0
SAxx02,SNpp35,51,19,10577,70,0
SAxx02,LgAG5,51,19,10577,70,0
SAxx02,LgAG7,51,19,10577,70,0
SAxx02,ORN_DL2d,51,19,10577,70,0
SAxx02,JO-B1_a,51,19,10577,70,0
SAxx02,SNta13,51,19,10577,70,0
GNG644,SApp19,20,50,10577,70,0
GNG644,SNxx04,20,50,10577,70,0
GNG644,SNta04,20,50,10577,70,0
LgLG3,ORN_DA3,65,5,10577,70,0
JO-A3,"SNta11,SNta14",21,49,10577,70,0
ORN_DA1,SNpp16,34,36,10577,70,0
ORN_DA1,SNxx14,34,36,10577,70,0
ORN_DA1,SNch10,34,36,10577,70,0
ORN_DA1,SNta18,34,36,10577,70,0
SNta14,SNpp32,28,42,10577,70,0
claw_tpGRN,SNta31,37,33,10577,70,0
LgLG2,SNpp50,11,59,10577,70,0
TRN_VP3a,SNta25,18,52,10577,70,0
LB3d,"SNta02,SNta09",27,43,10577,70,0
SNxx02,"SNta02,SNta09",27,43,10577,70,0
ORN_VM6v,"SNta11,SNta14",21,49,10577,70,0
ENS2,SNpp32,28,42,10577,70,0
ORN_DP1l,SNpp32,28,42,10577,70,0
LB3a,SNxx03,19,51,10577,70,0
SNpp16,BM_Vib,36,34,10577,70,0
SNpp16,PhG1c,36,34,10577,70,0
TRN_VP1m,JO-mz,24,46,10577,70,0
TRN_VP1m,SNta03,24,46,10577,70,0
TRN_VP1m,SNta28,24,46,10577,70,0
BM_Hau,"SNta02,SNta09",27,43,10577,70,0
JO-mz,SNpp02,46,24,10577,70,0
SNpp60,ORN_DM1,44,26,10577,70,0
SNpp60,SNpp10,44,26,10577,70,0
SNpp60,SApp01,44,26,10577,70,0
SApp19,ORN_DL5,50,20,10577,70,0
SApp19,WG2,50,20,10577,70,0
SApp19,LgAG3,50,20,10577,70,0
SApp19,PhG1b,50,20,10577,70,0
SApp19,BM_vOcci_vPoOr,50,20,10577,70,0
SApp19,LB1e,50,20,10577,70,0
SApp19,SNxx30,50,20,10577,70,0
ORN_DP1m,"SApp11,SApp18",35,35,10577,70,0
JO-B4_b,"SNta02,SNta09",27,43,10577,70,0
SNta03,SNpp02,46,24,10577,70,0
R8_unclear,SNpp50,11,59,10577,70,0
SNxx04,ORN_DL5,50,20,10577,70,0
SNxx04,WG2,50,20,10577,70,0
SNxx04,LgAG3,50,20,10577,70,0
SNxx04,PhG1b,50,20,10577,70,0
SNxx04,BM_vOcci_vPoOr,50,20,10577,70,0
SNxx04,LB1e,50,20,10577,70,0
SNxx04,SNxx30,50,20,10577,70,0
WG4,SAxx01,23,47,10577,70,0
WG4,SNxx29,23,47,10577,70,0
WG4,SNpp51,23,47,10577,70,0
"SNta11,SNta14",SNxx17,49,21,10577,70,0
"SNta11,SNta14",ORN_DL2v,49,21,10577,70,0
SAxx01,ORN_D,47,23,10577,70,0
SNxx03,SNpp35,51,19,10577,70,0
SNxx03,LgAG5,51,19,10577,70,0
SNxx03,LgAG7,51,19,10577,70,0
SNxx03,ORN_DL2d,51,19,10577,70,0
SNxx03,JO-B1_a,51,19,10577,70,0
SNxx03,SNta13,51,19,10577,70,0
JO-ED2_c,HRN_VP1d,39,31,10577,70,0
JO-ED2_c,JO-ED1,39,31,10577,70,0
JO-ED2_c,SApp13,39,31,10577,70,0
BM_Vib,SNxx14,34,36,10577,70,0
BM_Vib,SNch10,34,36,10577,70,0
BM_Vib,SNta18,34,36,10577,70,0
HRN_VP1d,SNpp47,31,39,10577,70,0
HRN_VP1d,SNpp33,31,39,10577,70,0
SNxx29,ORN_D,47,23,10577,70,0
SNxx11,SNpp43,29,41,10577,70,0
ORN_DC4,SNpp43,29,41,10577,70,0
SApp23,"SNta02,SNta09",27,43,10577,70,0
GNG654,SApp04,14,56,10577,70,0
SNpp47,JO-ED1,39,31,10577,70,0
SNpp47,SApp13,39,31,10577,70,0
TRN_VP2,SNta25,18,52,10577,70,0
aPhM2b,SNta25,18,52,10577,70,0
LB1c,SNpp43,29,41,10577,70,0
ORN_VL2p,"SNta02,SNta09",27,43,10577,70,0
ORN_DL5,SNta04,20,50,10577,70,0
SNpp43,"SNpp29,SNpp63",41,29,10577,70,0
SNpp43,"SNta04,SNta11",41,29,10577,70,0
PhG1c,SNxx14,34,36,10577,70,0
PhG1c,SNch10,34,36,10577,70,0
PhG1c,SNta18,34,36,10577,70,0
JO-ED1,SNpp33,31,39,10577,70,0
SNxx25,SApp14,38,32,10577,70,0
SNxx25,SNpp07,38,32,10577,70,0
SNpp50,LB1a,59,11,10577,70,0
SNpp50,SNpp21,59,11,10577,70,0
SNpp50,ORN_VM7v,59,11,10577,70,0
SNpp50,ORN_DL1,59,11,10577,70,0
LgAG3,SNta04,20,50,10577,70,0
SNta04,PhG1b,50,20,10577,70,0
SNta04,BM_vOcci_vPoOr,50,20,10577,70,0
SNta04,LB1e,50,20,10577,70,0
SNta04,SNxx30,50,20,10577,70,0
ORN_VA1v,SNta30,17,53,10577,70,0
JO-A1,SNta30,17,53,10577,70,0
HRN_VP5,SApp04,14,56,10577,70,0
ORN_VA6,SNpp32,28,42,10577,70,0
LB4b,SApp04,14,56,10577,70,0
SNxx24,SApp04,14,56,10577,70,0
ORN_VC1,SNta25,18,52,10577,70,0
ORN_VM7d,SNta25,18,52,10577,70,0
SNpp33,SApp13,39,31,10577,70,0
ORN_D,SNta11,23,47,10577,70,0
ORN_D,SNpp51,23,47,10577,70,0
SApp04,ORN_VC5,56,14,10577,70,0
SApp04,PhG4,56,14,10577,70,0
SApp04,BM_MaPa,56,14,10577,70,0
SApp04,PhG14,56,14,10577,70,0
SApp04,SNpp56,56,14,10577,70,0
SApp04,JO-B2,56,14,10577,70,0
SApp04,JO-B1_c,56,14,10577,70,0
ENS4,SNpp32,28,42,10577,70,0
SNpp32,SNta26,42,28,10577,70,0
SNta25,LgAG2,52,18,10577,70,0
SNta25,DNx01,52,18,10577,70,0
SNta30,SNpp05,53,17,10577,70,0
SNta30,SNxx28,53,17,10577,70,0
SNta30,ORN_VM5v,53,17,10577,70,0
SNta30,SNpp31,53,17,10577,70,0
SNta30,SNpp17,53,17,10577,70,0
SNta30,SNpp01,53,17,10577,70,0
SNpp02,SNta28,24,46,10577,70,0
SNxx07,claw_tpGRN,32,37,10578,69,0
SNxx08,"SNta11,SNta14",20,49,10578,69,0
TPMN1,aPhM5,40,29,10578,69,0
TPMN1,SNxx11,40,29,10578,69,0
TPMN1,ORN_DC4,40,29,10578,69,0
TPMN1,LB1c,40,29,10578,69,0
TPMN1,"SNpp29,SNpp63",40,29,10578,69,0
TPMN1,"SNta04,SNta11",40,29,10578,69,0
R7_unclear,JO-EV5,15,54,10578,69,0
aPhM5,SNxx15,29,40,10578,69,0
SNxx23,aPhM4,50,19,10578,69,0
SNxx23,LB3a,50,19,10578,69,0
SNxx23,SNpp35,50,19,10578,69,0
SNxx23,LgAG5,50,19,10578,69,0
SNxx23,LgAG7,50,19,10578,69,0
SNxx23,ORN_DL2d,50,19,10578,69,0
SNxx23,JO-B1_a,50,19,10578,69,0
SNxx23,SNta13,50,19,10578,69,0
JO-EV5,WG1,54,15,10578,69,0
JO-EV5,LgAG9,54,15,10578,69,0
JO-EV5,ORN_VA1d,54,15,10578,69,0
JO-EV5,SNpp57,54,15,10578,69,0
JO-EV5,LB1b,54,15,10578,69,0
JO-EV5,SNpp12,54,15,10578,69,0
JO-EV5,PhG8,54,15,10578,69,0
JO-ED2_a,R7d,56,13,10578,69,0
JO-ED2_a,LgLG6,56,13,10578,69,0
JO-ED2_a,ORN_DM2,56,13,10578,69,0
JO-ED2_a,DNg20,56,13,10578,69,0
JO-ED2_a,SNxx06,56,13,10578,69,0
JO-ED2_a,SNpp15,56,13,10578,69,0
JO-ED2_a,ORN_DA2,56,13,10578,69,0
JO-ED2_a,PhG16,56,13,10578,69,0
JO-ED2_a,SNpp18,56,13,10578,69,0
JO-ED2_a,LgAG8,56,13,10578,69,0
TPMN2,"SNta02,SNta09",26,43,10578,69,0
JO-FV,GNG654,55,14,10578,69,0
JO-FV,HRN_VP5,55,14,10578,69,0
JO-FV,LB4b,55,14,10578,69,0
JO-FV,SNxx24,55,14,10578,69,0
JO-FV,ORN_VC5,55,14,10578,69,0
JO-FV,PhG4,55,14,10578,69,0
JO-FV,SNpp06,55,14,10578,69,0
JO-FV,BM_MaPa,55,14,10578,69,0
JO-FV,PhG14,55,14,10578,69,0
JO-FV,SNpp56,55,14,10578,69,0
JO-FV,JO-B2,55,14,10578,69,0
JO-FV,JO-B1_c,55,14,10578,69,0
R7d,SNpp39,13,56,10578,69,0
R7d,SNch01,13,56,10578,69,0
R7d,SApp04,13,56,10578,69,0
LgLG6,SNpp39,13,56,10578,69,0
LgLG6,SNch01,13,56,10578,69,0
LgLG6,SApp04,13,56,10578,69,0
LgLG1a,SNta14,41,28,10578,69,0
LgLG1a,ENS2,41,28,10578,69,0
LgLG1a,ORN_DP1l,41,28,10578,69,0
LgLG1a,ORN_VA6,41,28,10578,69,0
LgLG1a,ENS4,41,28,10578,69,0
aPhM3,claw_tpGRN,32,37,10578,69,0
SNpp39,ORN_DM2,56,13,10578,69,0
SNpp39,DNg20,56,13,10578,69,0
SNpp39,SNxx06,56,13,10578,69,0
SNpp39,SNpp15,56,13,10578,69,0
SNpp39,ORN_DA2,56,13,10578,69,0
SNpp39,PhG16,56,13,10578,69,0
SNpp39,SNpp18,56,13,10578,69,0
SNpp39,LgAG8,56,13,10578,69,0
JO-A2,WG3,36,33,10578,69,0
JO-A2,SNta31,36,33,10578,69,0
JO-EV6,LgLG7,62,7,10578,69,0
JO-EV6,DNg83,62,7,10578,69,0
JO-EV6,ORN_DL3,62,7,10578,69,0
JO-EV6,ORN_DM3,62,7,10578,69,0
aPhM4,SApp19,19,50,10578,69,0
aPhM4,SNxx04,19,50,10578,69,0
aPhM4,SNta04,19,50,10578,69,0
JO-EV2,GNG643,42,27,10578,69,0
JO-EV2,LB3d,42,27,10578,69,0
JO-EV2,SNxx02,42,27,10578,69,0
JO-EV2,BM_Hau,42,27,10578,69,0
JO-EV2,JO-B4_b,42,27,10578,69,0
JO-EV2,SApp23,42,27,10578,69,0
JO-EV2,ORN_VL2p,42,27,10578,69,0
JO-EV2,SNta33,42,27,10578,69,0
SNxx20,LB3c,44,25,10578,69,0
SNxx20,SNxx26,44,25,10578,69,0
SNxx20,ORN_VA2,44,25,10578,69,0
LgAG1,LB3c,44,25,10578,69,0
LgAG1,SNxx26,44,25,10578,69,0
LgAG1,ORN_VA2,44,25,10578,69,0
LgLG1b,SNpp23,39,30,10578,69,0
LgLG1b,JO-CL,39,30,10578,69,0
LgLG1b,SNpp41,39,30,10578,69,0
GNG643,SNpp32,27,42,10578,69,0
SNch01,ORN_DM2,56,13,10578,69,0
SNch01,DNg20,56,13,10578,69,0
SNch01,SNpp15,56,13,10578,69,0
SNch01,ORN_DA2,56,13,10578,69,0
SNch01,PhG16,56,13,10578,69,0
SNch01,SNpp18,56,13,10578,69,0
SNch01,LgAG8,56,13,10578,69,0
HRN_VP4,SNxx25,31,38,10578,69,0
JO-ED2_b,ORN_DA3,64,5,10578,69,0
WG3,SNpp16,33,36,10578,69,0
WG3,SNxx14,33,36,10578,69,0
WG3,SNch10,33,36,10578,69,0
WG3,SNta18,33,36,10578,69,0
aPhM1,SAxx01,22,47,10578,69,0
aPhM1,SNxx29,22,47,10578,69,0
aPhM1,SNta11,22,47,10578,69,0
aPhM1,SNpp51,22,47,10578,69,0
ORN_VL2a,ORN_DP1m,34,35,10578,69,0
ORN_VL2a,"SApp11,SApp18",34,35,10578,69,0
LB3b,SNta25,17,52,10578,69,0
SNxx15,SNxx11,40,29,10578,69,0
SNxx15,ORN_DC4,40,29,10578,69,0
SNxx15,LB1c,40,29,10578,69,0
SNxx15,"SNpp29,SNpp63",40,29,10578,69,0
SNxx15,"SNta04,SNta11",40,29,10578,69,0
aPhM2a,WG4,46,23,10578,69,0
aPhM2a,ORN_D,46,23,10578,69,0
SAxx02,TRN_VP3a,51,18,10578,69,0
SAxx02,TRN_VP2,51,18,10578,69,0
SAxx02,aPhM2b,51,18,10578,69,0
SAxx02,ORN_VC1,51,18,10578,69,0
SAxx02,ORN_VM7d,51,18,10578,69,0
SAxx02,LgAG2,51,18,10578,69,0
SAxx02,DNx01,51,18,10578,69,0
BM_Vt_PoOc,SAxx01,22,47,10578,69,0
BM_Vt_PoOc,SNxx29,22,47,10578,69,0
BM_Vt_PoOc,SNta11,22,47,10578,69,0
BM_Vt_PoOc,SNpp51,22,47,10578,69,0
GNG644,"SNta11,SNta14",20,49,10578,69,0
R8y,SNpp50,10,59,10578,69,0
ORN_DA1,ORN_DP1m,34,35,10578,69,0
ORN_DA1,"SApp11,SApp18",34,35,10578,69,0
SNpp23,JO-ED2_c,30,39,10578,69,0
SNpp23,SNpp47,30,39,10578,69,0
SNpp23,SNpp33,30,39,10578,69,0
SNta14,SNpp43,28,41,10578,69,0
claw_tpGRN,SApp14,37,32,10578,69,0
claw_tpGRN,SNpp07,37,32,10578,69,0
TRN_VP3a,SNxx03,18,51,10578,69,0
LB3d,SNpp32,27,42,10578,69,0
SNxx02,SNpp32,27,42,10578,69,0
LB3c,SNpp60,25,44,10578,69,0
ENS2,SNpp43,28,41,10578,69,0
ORN_DP1l,SNpp43,28,41,10578,69,0
LB3a,SApp19,19,50,10578,69,0
LB3a,SNxx04,19,50,10578,69,0
LB3a,SNta04,19,50,10578,69,0
SNpp16,SNta31,36,33,10578,69,0
PhG9,SAxx01,22,47,10578,69,0
PhG9,SNxx29,22,47,10578,69,0
PhG9,SNta11,22,47,10578,69,0
PhG9,SNpp51,22,47,10578,69,0
BM_Hau,SNpp32,27,42,10578,69,0
JO-mz,WG4,46,23,10578,69,0
JO-mz,ORN_D,46,23,10578,69,0
SNpp60,SNxx26,44,25,10578,69,0
SNpp60,ORN_VA2,44,25,10578,69,0
SApp19,LgAG5,50,19,10578,69,0
SApp19,LgAG7,50,19,10578,69,0
SApp19,ORN_DL2d,50,19,10578,69,0
SApp19,JO-B1_a,50,19,10578,69,0
SApp19,SNta13,50,19,10578,69,0
ORN_DP1m,BM_Vib,35,34,10578,69,0
ORN_DP1m,PhG1c,35,34,10578,69,0
JO-B4_b,SNpp32,27,42,10578,69,0
SNta03,WG4,46,23,10578,69,0
SNta03,ORN_D,46,23,10578,69,0
SNxx04,SNpp35,50,19,10578,69,0
SNxx04,LgAG5,50,19,10578,69,0
SNxx04,LgAG7,50,19,10578,69,0
SNxx04,ORN_DL2d,50,19,10578,69,0
SNxx04,JO-B1_a,50,19,10578,69,0
SNxx04,SNta13,50,19,10578,69,0
WG4,SNta28,23,46,10578,69,0
"SNta11,SNta14",ORN_DL5,49,20,10578,69,0
"SNta11,SNta14",LgAG3,49,20,10578,69,0
"SNta11,SNta14",PhG1b,49,20,10578,69,0
"SNta11,SNta14",BM_vOcci_vPoOr,49,20,10578,69,0
"SNta11,SNta14",LB1e,49,20,10578,69,0
"SNta11,SNta14",SNxx30,49,20,10578,69,0
ORN_DM1,"SNta02,SNta09",26,43,10578,69,0
SAxx01,ORN_DC1,47,22,10578,69,0
SAxx01,SNpp62,47,22,10578,69,0
SAxx01,SNpp58,47,22,10578,69,0
SAxx01,SNxx19,47,22,10578,69,0
SAxx01,SNxx21,47,22,10578,69,0
SAxx01,JO-B3,47,22,10578,69,0
SNxx03,TRN_VP2,51,18,10578,69,0
SNxx03,aPhM2b,51,18,10578,69,0
SNxx03,ORN_VC1,51,18,10578,69,0
SNxx03,ORN_VM7d,51,18,10578,69,0
SNxx03,LgAG2,51,18,10578,69,0
SNxx03,DNx01,51,18,10578,69,0
JO-ED2_c,JO-CL,39,30,10578,69,0
JO-ED2_c,SNpp41,39,30,10578,69,0
BM_Vib,"SApp11,SApp18",34,35,10578,69,0
HRN_VP1d,SNxx25,31,38,10578,69,0
SNxx29,ORN_DC1,47,22,10578,69,0
SNxx29,SNpp62,47,22,10578,69,0
SNxx29,SNpp58,47,22,10578,69,0
SNxx29,SNxx19,47,22,10578,69,0
SNxx29,SNxx21,47,22,10578,69,0
SNxx29,JO-B3,47,22,10578,69,0
ORN_DC1,SNta11,22,47,10578,69,0
ORN_DC1,SNpp51,22,47,10578,69,0
GNG642,SNta30,16,53,10578,69,0
ORN_DM2,SApp04,13,56,10578,69,0
SApp23,SNpp32,27,42,10578,69,0
SNpp47,JO-CL,39,30,10578,69,0
SNpp47,SNpp41,39,30,10578,69,0
JO-CL,SNpp33,30,39,10578,69,0
ORN_VL2p,SNpp32,27,42,10578,69,0
SNpp43,ORN_VA6,41,28,10578,69,0
SNpp43,ENS4,41,28,10578,69,0
SNpp43,SNta26,41,28,10578,69,0
PhG1c,"SApp11,SApp18",34,35,10578,69,0
SNpp41,SNpp33,30,39,10578,69,0
JO-ED1,SNxx25,31,38,10578,69,0
SNxx25,SApp13,38,31,10578,69,0
SNpp50,HRN_VP1l,59,10,10578,69,0
SNpp50,PhG6,59,10,10578,69,0
SNpp50,LN-DN1,59,10,10578,69,0
SNpp50,ORN_DM4,59,10,10578,69,0
SNpp50,ORN_DM6,59,10,10578,69,0
SNpp50,ORN_VA3,59,10,10578,69,0
SNxx14,SNta31,36,33,10578,69,0
ORN_V,SNta30,16,53,10578,69,0
SNta04,LgAG5,50,19,10578,69,0
SNta04,LgAG7,50,19,10578,69,0
SNta04,ORN_DL2d,50,19,10578,69,0
SNta04,JO-B1_a,50,19,10578,69,0
SNta04,SNta13,50,19,10578,69,0
ORN_VA1v,SNta25,17,52,10578,69,0
JO-A1,SNta25,17,52,10578,69,0
SNch10,SNta31,36,33,10578,69,0
SNpp10,"SNta02,SNta09",26,43,10578,69,0
SNpp62,SNta11,22,47,10578,69,0
SNpp62,SNpp51,22,47,10578,69,0
PhG10,SNta30,16,53,10578,69,0
SApp01,"SNta02,SNta09",26,43,10578,69,0
SNpp45,ORN_DA3,64,5,10578,69,0
DNg20,SApp04,13,56,10578,69,0
ORN_VL1,SNta30,16,53,10578,69,0
ORN_D,SNta28,23,46,10578,69,0
SNta18,SNta31,36,33,10578,69,0
SNta11,SNpp58,47,22,10578,69,0
SNta11,SNxx19,47,22,10578,69,0
SNta11,SNxx21,47,22,10578,69,0
SNta11,JO-B3,47,22,10578,69,0
SApp04,SNxx06,56,13,10578,69,0
SApp04,SNpp15,56,13,10578,69,0
SApp04,ORN_DA2,56,13,10578,69,0
SApp04,PhG16,56,13,10578,69,0
SApp04,SNpp18,56,13,10578,69,0
SApp04,LgAG8,56,13,10578,69,0
LgLG4,SNta30,16,53,10578,69,0
SNpp58,SNpp51,22,47,10578,69,0
SNpp51,SNxx19,47,22,10578,69,0
SNpp51,SNxx21,47,22,10578,69,0
SNpp51,JO-B3,47,22,10578,69,0
ORN_VM5d,SNta30,16,53,10578,69,0
SNpp32,SNta33,42,27,10578,69,0
SNta25,SNpp05,52,17,10578,69,0
SNta25,SNxx28,52,17,10578,69,0
SNta25,ORN_VM5v,52,17,10578,69,0
SNta25,SNpp31,52,17,10578,69,0
SNta25,SNpp17,52,17,10578,69,0
SNta25,SNpp01,52,17,10578,69,0
SNta30,SNpp11,53,16,10578,69,0
SNta30,ALBN1,53,16,10578,69,0
SNta30,ENS5,53,16,10578,69,0
SNta30,dorsal_tpGRN,53,16,10578,69,0
SNta30,JO-CA2,53,16,10578,69,0
SNxx07,JO-A2,32,36,10579,68,0
SNxx07,SNpp16,32,36,10579,68,0
SNxx07,SNxx14,32,36,10579,68,0
SNxx07,SNch10,32,36,10579,68,0
SNxx07,SNta18,32,36,10579,68,0
TPMN1,SNta14,40,28,10579,68,0
TPMN1,ENS2,40,28,10579,68,0
TPMN1,ORN_DP1l,40,28,10579,68,0
TPMN1,ORN_VA6,40,28,10579,68,0
TPMN1,ENS4,40,28,10579,68,0
TPMN1,SNta26,40,28,10579,68,0
R7_unclear,SNta30,15,53,10579,68,0
aPhM5,LgLG1b,29,39,10579,68,0
aPhM5,JO-ED2_c,29,39,10579,68,0
aPhM5,SNpp47,29,39,10579,68,0
aPhM5,SNpp33,29,39,10579,68,0
SNxx23,TRN_VP3a,50,18,10579,68,0
SNxx23,TRN_VP2,50,18,10579,68,0
SNxx23,aPhM2b,50,18,10579,68,0
SNxx23,ORN_VC1,50,18,10579,68,0
SNxx23,ORN_VM7d,50,18,10579,68,0
SNxx23,LgAG2,50,18,10579,68,0
SNxx23,DNx01,50,18,10579,68,0
JO-EV5,GNG654,54,14,10579,68,0
JO-EV5,HRN_VP5,54,14,10579,68,0
JO-EV5,LB4b,54,14,10579,68,0
JO-EV5,SNxx24,54,14,10579,68,0
JO-EV5,ORN_VC5,54,14,10579,68,0
JO-EV5,PhG4,54,14,10579,68,0
JO-EV5,SNpp06,54,14,10579,68,0
JO-EV5,BM_MaPa,54,14,10579,68,0
JO-EV5,PhG14,54,14,10579,68,0
JO-EV5,SNpp56,54,14,10579,68,0
JO-EV5,JO-B2,54,14,10579,68,0
JO-EV5,JO-B1_c,54,14,10579,68,0
JO-ED2_a,ENS3,56,12,10579,68,0
JO-ED2_a,ORN_VM4,56,12,10579,68,0
JO-ED2_a,ENS1,56,12,10579,68,0
JO-ED2_a,PhG13,56,12,10579,68,0
JO-ED2_a,ORN_DC2,56,12,10579,68,0
JO-ED2_a,SNpp37,56,12,10579,68,0
JO-ED2_a,ORN_VC4,56,12,10579,68,0
JO-ED2_a,b2 MN,56,12,10579,68,0
TPMN2,JO-EV2,26,42,10579,68,0
TPMN2,SNpp32,26,42,10579,68,0
JO-FV,R7d,55,13,10579,68,0
JO-FV,LgLG6,55,13,10579,68,0
JO-FV,ORN_DM2,55,13,10579,68,0
JO-FV,SNxx06,55,13,10579,68,0
JO-FV,SNpp15,55,13,10579,68,0
JO-FV,ORN_DA2,55,13,10579,68,0
JO-FV,PhG16,55,13,10579,68,0
JO-FV,SNpp18,55,13,10579,68,0
JO-FV,LgAG8,55,13,10579,68,0
LgLG1a,GNG643,41,27,10579,68,0
LgLG1a,LB3d,41,27,10579,68,0
LgLG1a,SNxx02,41,27,10579,68,0
LgLG1a,BM_Hau,41,27,10579,68,0
LgLG1a,JO-B4_b,41,27,10579,68,0
LgLG1a,SApp23,41,27,10579,68,0
LgLG1a,ORN_VL2p,41,27,10579,68,0
LgLG1a,SNta33,41,27,10579,68,0
aPhM3,JO-A2,32,36,10579,68,0
aPhM3,SNpp16,32,36,10579,68,0
aPhM3,SNxx14,32,36,10579,68,0
aPhM3,SNch10,32,36,10579,68,0
aPhM3,SNta18,32,36,10579,68,0
SNpp39,ENS3,56,12,10579,68,0
SNpp39,ORN_VM4,56,12,10579,68,0
SNpp39,ENS1,56,12,10579,68,0
SNpp39,PhG13,56,12,10579,68,0
SNpp39,ORN_DC2,56,12,10579,68,0
SNpp39,SNpp37,56,12,10579,68,0
SNpp39,ORN_VC4,56,12,10579,68,0
SNpp39,b2 MN,56,12,10579,68,0
JO-A2,SApp14,36,32,10579,68,0
JO-A2,SNpp07,36,32,10579,68,0
aPhM4,"SNta11,SNta14",19,49,10579,68,0
JO-EV2,ORN_DM1,42,26,10579,68,0
JO-EV2,SNpp10,42,26,10579,68,0
JO-EV2,SApp01,42,26,10579,68,0
SNxx20,TRN_VP1m,44,24,10579,68,0
SNxx20,SNpp02,44,24,10579,68,0
LgAG1,TRN_VP1m,44,24,10579,68,0
LgAG1,SNpp02,44,24,10579,68,0
LgLG1b,SNxx11,39,29,10579,68,0
LgLG1b,ORN_DC4,39,29,10579,68,0
LgLG1b,LB1c,39,29,10579,68,0
LgLG1b,"SNpp29,SNpp63",39,29,10579,68,0
LgLG1b,"SNta04,SNta11",39,29,10579,68,0
GNG643,SNpp43,27,41,10579,68,0
SNch01,ENS3,56,12,10579,68,0
SNch01,ORN_VM4,56,12,10579,68,0
SNch01,ENS1,56,12,10579,68,0
SNch01,PhG13,56,12,10579,68,0
SNch01,ORN_DC2,56,12,10579,68,0
SNch01,SNpp37,56,12,10579,68,0
SNch01,ORN_VC4,56,12,10579,68,0
SNch01,b2 MN,56,12,10579,68,0
HRN_VP4,claw_tpGRN,31,37,10579,68,0
WG3,ORN_DP1m,33,35,10579,68,0
WG3,"SApp11,SApp18",33,35,10579,68,0
aPhM1,aPhM2a,22,46,10579,68,0
aPhM1,JO-mz,22,46,10579,68,0
aPhM1,SNta03,22,46,10579,68,0
aPhM1,SNta28,22,46,10579,68,0
ORN_VL2a,ORN_DA1,34,34,10579,68,0
ORN_VL2a,BM_Vib,34,34,10579,68,0
ORN_VL2a,PhG1c,34,34,10579,68,0
LB3b,SAxx02,17,51,10579,68,0
LB3b,SNxx03,17,51,10579,68,0
SNxx15,SNta14,40,28,10579,68,0
SNxx15,ENS2,40,28,10579,68,0
SNxx15,ORN_DP1l,40,28,10579,68,0
SNxx15,ORN_VA6,40,28,10579,68,0
SNxx15,ENS4,40,28,10579,68,0
SNxx15,SNta26,40,28,10579,68,0
aPhM2a,BM_Vt_PoOc,46,22,10579,68,0
aPhM2a,PhG9,46,22,10579,68,0
aPhM2a,ORN_DC1,46,22,10579,68,0
aPhM2a,SNpp62,46,22,10579,68,0
aPhM2a,SNpp58,46,22,10579,68,0
aPhM2a,SNxx19,46,22,10579,68,0
aPhM2a,SNxx21,46,22,10579,68,0
aPhM2a,JO-B3,46,22,10579,68,0
SAxx02,ORN_VA1v,51,17,10579,68,0
SAxx02,JO-A1,51,17,10579,68,0
SAxx02,SNpp05,51,17,10579,68,0
SAxx02,SNxx28,51,17,10579,68,0
SAxx02,ORN_VM5v,51,17,10579,68,0
SAxx02,SNpp31,51,17,10579,68,0
SAxx02,SNpp17,51,17,10579,68,0
SAxx02,SNpp01,51,17,10579,68,0
BM_Vt_PoOc,JO-mz,22,46,10579,68,0
BM_Vt_PoOc,SNta03,22,46,10579,68,0
BM_Vt_PoOc,SNta28,22,46,10579,68,0
LgLG3,R8d,65,3,10579,68,0
JO-A3,SAxx01,21,47,10579,68,0
JO-A3,SNxx29,21,47,10579,68,0
JO-A3,SNta11,21,47,10579,68,0
JO-A3,SNpp51,21,47,10579,68,0
ORN_DA1,BM_Vib,34,34,10579,68,0
ORN_DA1,PhG1c,34,34,10579,68,0
SNpp23,SNxx25,30,38,10579,68,0
WG1,SNta30,15,53,10579,68,0
claw_tpGRN,HRN_VP1d,37,31,10579,68,0
claw_tpGRN,JO-ED1,37,31,10579,68,0
claw_tpGRN,SApp13,37,31,10579,68,0
TRN_VP3a,SApp19,18,50,10579,68,0
TRN_VP3a,SNxx04,18,50,10579,68,0
TRN_VP3a,SNta04,18,50,10579,68,0
LB3d,SNpp43,27,41,10579,68,0
SNxx02,SNpp43,27,41,10579,68,0
LgLG8,SNpp50,9,59,10579,68,0
LB3c,"SNta02,SNta09",25,43,10579,68,0
ORN_VM6v,SAxx01,21,47,10579,68,0
ORN_VM6v,SNxx29,21,47,10579,68,0
ORN_VM6v,SNta11,21,47,10579,68,0
ORN_VM6v,SNpp51,21,47,10579,68,0
LB3a,"SNta11,SNta14",19,49,10579,68,0
SNpp16,SApp14,36,32,10579,68,0
SNpp16,SNpp07,36,32,10579,68,0
TRN_VP1m,SNpp60,24,44,10579,68,0
PhG9,JO-mz,22,46,10579,68,0
PhG9,SNta03,22,46,10579,68,0
PhG9,SNta28,22,46,10579,68,0
BM_Hau,SNpp43,27,41,10579,68,0
JO-mz,ORN_DC1,46,22,10579,68,0
JO-mz,SNpp62,46,22,10579,68,0
JO-mz,SNpp58,46,22,10579,68,0
JO-mz,SNxx19,46,22,10579,68,0
JO-mz,SNxx21,46,22,10579,68,0
JO-mz,JO-B3,46,22,10579,68,0
SNpp60,SNpp02,44,24,10579,68,0
SApp19,TRN_VP2,50,18,10579,68,0
SApp19,aPhM2b,50,18,10579,68,0
SApp19,ORN_VC1,50,18,10579,68,0
SApp19,ORN_VM7d,50,18,10579,68,0
SApp19,LgAG2,50,18,10579,68,0
SApp19,DNx01,50,18,10579,68,0
ORN_DP1m,SNta31,35,33,10579,68,0
JO-B4_b,SNpp43,27,41,10579,68,0
SNta03,ORN_DC1,46,22,10579,68,0
SNta03,SNpp62,46,22,10579,68,0
SNta03,SNpp58,46,22,10579,68,0
SNta03,SNxx19,46,22,10579,68,0
SNta03,SNxx21,46,22,10579,68,0
SNta03,JO-B3,46,22,10579,68,0
SNxx04,TRN_VP2,50,18,10579,68,0
SNxx04,aPhM2b,50,18,10579,68,0
SNxx04,ORN_VC1,50,18,10579,68,0
SNxx04,ORN_VM7d,50,18,10579,68,0
SNxx04,LgAG2,50,18,10579,68,0
SNxx04,DNx01,50,18,10579,68,0
"SNta11,SNta14",SNpp35,49,19,10579,68,0
"SNta11,SNta14",LgAG5,49,19,10579,68,0
"SNta11,SNta14",LgAG7,49,19,10579,68,0
"SNta11,SNta14",ORN_DL2d,49,19,10579,68,0
"SNta11,SNta14",JO-B1_a,49,19,10579,68,0
"SNta11,SNta14",SNta13,49,19,10579,68,0
ORN_DM1,SNpp32,26,42,10579,68,0
SAxx01,SNxx17,47,21,10579,68,0
SAxx01,ORN_DL2v,47,21,10579,68,0
SNxx03,ORN_VA1v,51,17,10579,68,0
SNxx03,JO-A1,51,17,10579,68,0
SNxx03,SNpp05,51,17,10579,68,0
SNxx03,SNxx28,51,17,10579,68,0
SNxx03,ORN_VM5v,51,17,10579,68,0
SNxx03,SNpp31,51,17,10579,68,0
SNxx03,SNpp17,51,17,10579,68,0
SNxx03,SNpp01,51,17,10579,68,0
JO-ED2_c,SNxx11,39,29,10579,68,0
JO-ED2_c,ORN_DC4,39,29,10579,68,0
JO-ED2_c,LB1c,39,29,10579,68,0
JO-ED2_c,"SNpp29,SNpp63",39,29,10579,68,0
JO-ED2_c,"SNta04,SNta11",39,29,10579,68,0
BM_Vib,PhG1c,34,34,10579,68,0
SNxx29,SNxx17,47,21,10579,68,0
SNxx29,ORN_DL2v,47,21,10579,68,0
ORN_DC1,SNta28,22,46,10579,68,0
GNG642,SNta25,16,52,10579,68,0
SNxx11,SNpp47,29,39,10579,68,0
SNxx11,SNpp33,29,39,10579,68,0
ORN_DC4,SNpp47,29,39,10579,68,0
ORN_DC4,SNpp33,29,39,10579,68,0
SApp23,SNpp43,27,41,10579,68,0
SNpp47,LB1c,39,29,10579,68,0
SNpp47,"SNpp29,SNpp63",39,29,10579,68,0
SNpp47,"SNta04,SNta11",39,29,10579,68,0
TRN_VP2,SNta04,18,50,10579,68,0
aPhM2b,SNta04,18,50,10579,68,0
LB1c,SNpp33,29,39,10579,68,0
JO-CL,SNxx25,30,38,10579,68,0
LgAG9,SNta30,15,53,10579,68,0
ORN_VL2p,SNpp43,27,41,10579,68,0
ENS3,SApp04,12,56,10579,68,0
SNpp43,SNta33,41,27,10579,68,0
SNpp41,SNxx25,30,38,10579,68,0
SNpp50,LB4a,59,9,10579,68,0
SNpp50,PhG3,59,9,10579,68,0
SNpp50,SApp21,59,9,10579,68,0
SNpp50,LgAG6,59,9,10579,68,0
SNpp50,tpn MN,59,9,10579,68,0
SNpp50,JO-B4_a,59,9,10579,68,0
"SApp11,SApp18",SNta31,35,33,10579,68,0
SNxx14,SApp14,36,32,10579,68,0
SNxx14,SNpp07,36,32,10579,68,0
SNxx17,SNta11,21,47,10579,68,0
SNxx17,SNpp51,21,47,10579,68,0
ORN_V,SNta25,16,52,10579,68,0
SNta04,ORN_VC1,50,18,10579,68,0
SNta04,ORN_VM7d,50,18,10579,68,0
SNta04,LgAG2,50,18,10579,68,0
SNta04,DNx01,50,18,10579,68,0
SNch10,SApp14,36,32,10579,68,0
SNch10,SNpp07,36,32,10579,68,0
SNxx26,"SNta02,SNta09",25,43,10579,68,0
ORN_VA2,"SNta02,SNta09",25,43,10579,68,0
SNpp10,SNpp32,26,42,10579,68,0
SNpp62,SNta28,22,46,10579,68,0
PhG10,SNta25,16,52,10579,68,0
SApp01,SNpp32,26,42,10579,68,0
ORN_DL2v,SNta11,21,47,10579,68,0
ORN_DL2v,SNpp51,21,47,10579,68,0
"SNpp29,SNpp63",SNpp33,29,39,10579,68,0
ORN_VL1,SNta25,16,52,10579,68,0
ORN_VM4,SApp04,12,56,10579,68,0
SNpp33,"SNta04,SNta11",39,29,10579,68,0
SNta18,SApp14,36,32,10579,68,0
SNta18,SNpp07,36,32,10579,68,0
ORN_VA1d,SNta30,15,53,10579,68,0
SNpp57,SNta30,15,53,10579,68,0
SApp04,ENS1,56,12,10579,68,0
SApp04,PhG13,56,12,10579,68,0
SApp04,ORN_DC2,56,12,10579,68,0
SApp04,SNpp37,56,12,10579,68,0
SApp04,ORN_VC4,56,12,10579,68,0
SApp04,b2 MN,56,12,10579,68,0
LgLG4,SNta25,16,52,10579,68,0
LB1b,SNta30,15,53,10579,68,0
SNpp58,SNta28,22,46,10579,68,0
ORN_VM5d,SNta25,16,52,10579,68,0
SNta25,SNpp11,52,16,10579,68,0
SNta25,ALBN1,52,16,10579,68,0
SNta25,ENS5,52,16,10579,68,0
SNta25,dorsal_tpGRN,52,16,10579,68,0
SNta25,JO-CA2,52,16,10579,68,0
SNxx19,SNta28,22,46,10579,68,0
SNxx21,SNta28,22,46,10579,68,0
SNta30,SNpp12,53,15,10579,68,0
SNta30,PhG8,53,15,10579,68,0
JO-B3,SNta28,22,46,10579,68,0
SNxx07,ORN_DP1m,32,35,10580,67,0
SNxx07,"SApp11,SApp18",32,35,10580,67,0
SNxx08,SAxx01,20,47,10580,67,0
SNxx08,SNxx29,20,47,10580,67,0
SNxx08,SNta11,20,47,10580,67,0
SNxx08,SNpp51,20,47,10580,67,0
TPMN1,GNG643,40,27,10580,67,0
TPMN1,LB3d,40,27,10580,67,0
TPMN1,SNxx02,40,27,10580,67,0
TPMN1,BM_Hau,40,27,10580,67,0
TPMN1,JO-B4_b,40,27,10580,67,0
TPMN1,SApp23,40,27,10580,67,0
TPMN1,ORN_VL2p,40,27,10580,67,0
TPMN1,SNta33,40,27,10580,67,0
R7_unclear,SNta25,15,52,10580,67,0
aPhM5,SNxx25,29,38,10580,67,0
SNxx23,LB3b,50,17,10580,67,0
SNxx23,ORN_VA1v,50,17,10580,67,0
SNxx23,JO-A1,50,17,10580,67,0
SNxx23,SNpp05,50,17,10580,67,0
SNxx23,SNxx28,50,17,10580,67,0
SNxx23,ORN_VM5v,50,17,10580,67,0
SNxx23,SNpp31,50,17,10580,67,0
SNxx23,SNpp17,50,17,10580,67,0
SNxx23,SNpp01,50,17,10580,67,0
JO-EV5,R7d,54,13,10580,67,0
JO-EV5,LgLG6,54,13,10580,67,0
JO-EV5,ORN_DM2,54,13,10580,67,0
JO-EV5,DNg20,54,13,10580,67,0
JO-EV5,SNxx06,54,13,10580,67,0
JO-EV5,SNpp15,54,13,10580,67,0
JO-EV5,ORN_DA2,54,13,10580,67,0
JO-EV5,PhG16,54,13,10580,67,0
JO-EV5,SNpp18,54,13,10580,67,0
JO-EV5,LgAG8,54,13,10580,67,0
JO-ED2_a,R7y,56,11,10580,67,0
JO-ED2_a,R7p,56,11,10580,67,0
JO-ED2_a,R8p,56,11,10580,67,0
JO-ED2_a,SNxx09,56,11,10580,67,0
JO-ED2_a,LgLG2,56,11,10580,67,0
JO-ED2_a,R8_unclear,56,11,10580,67,0
JO-ED2_a,LB1a,56,11,10580,67,0
JO-ED2_a,SNpp21,56,11,10580,67,0
JO-ED2_a,ORN_VM7v,56,11,10580,67,0
JO-ED2_a,ORN_DL1,56,11,10580,67,0
TPMN2,LgLG1a,26,41,10580,67,0
TPMN2,SNpp43,26,41,10580,67,0
R7y,SNpp39,11,56,10580,67,0
R7y,SNch01,11,56,10580,67,0
R7y,SApp04,11,56,10580,67,0
R7p,SNpp39,11,56,10580,67,0
R7p,SNch01,11,56,10580,67,0
R7p,SApp04,11,56,10580,67,0
JO-FV,ENS3,55,12,10580,67,0
JO-FV,ORN_VM4,55,12,10580,67,0
JO-FV,ENS1,55,12,10580,67,0
JO-FV,PhG13,55,12,10580,67,0
JO-FV,ORN_DC2,55,12,10580,67,0
JO-FV,SNpp37,55,12,10580,67,0
JO-FV,ORN_VC4,55,12,10580,67,0
JO-FV,b2 MN,55,12,10580,67,0
LgLG1a,ORN_DM1,41,26,10580,67,0
LgLG1a,SNpp10,41,26,10580,67,0
LgLG1a,SApp01,41,26,10580,67,0
aPhM3,ORN_DP1m,32,35,10580,67,0
aPhM3,"SApp11,SApp18",32,35,10580,67,0
SNpp39,R8p,56,11,10580,67,0
SNpp39,SNxx09,56,11,10580,67,0
SNpp39,LgLG2,56,11,10580,67,0
SNpp39,R8_unclear,56,11,10580,67,0
SNpp39,LB1a,56,11,10580,67,0
SNpp39,SNpp21,56,11,10580,67,0
SNpp39,ORN_VM7v,56,11,10580,67,0
SNpp39,ORN_DL1,56,11,10580,67,0
JO-A2,HRN_VP4,36,31,10580,67,0
JO-A2,HRN_VP1d,36,31,10580,67,0
JO-A2,JO-ED1,36,31,10580,67,0
JO-A2,SApp13,36,31,10580,67,0
JO-EV6,ORN_DA3,62,5,10580,67,0
JO-EV2,LB3c,42,25,10580,67,0
JO-EV2,SNxx26,42,25,10580,67,0
JO-EV2,ORN_VA2,42,25,10580,67,0
SNxx20,WG4,44,23,10580,67,0
SNxx20,ORN_D,44,23,10580,67,0
LgAG1,WG4,44,23,10580,67,0
LgAG1,ORN_D,44,23,10580,67,0
LgLG1b,SNta14,39,28,10580,67,0
LgLG1b,ENS2,39,28,10580,67,0
LgLG1b,ORN_DP1l,39,28,10580,67,0
LgLG1b,ORN_VA6,39,28,10580,67,0
LgLG1b,ENS4,39,28,10580,67,0
LgLG1b,SNta26,39,28,10580,67,0
GNG643,SNxx15,27,40,10580,67,0
SNch01,R8p,56,11,10580,67,0
SNch01,SNxx09,56,11,10580,67,0
SNch01,LgLG2,56,11,10580,67,0
SNch01,R8_unclear,56,11,10580,67,0
SNch01,LB1a,56,11,10580,67,0
SNch01,SNpp21,56,11,10580,67,0
SNch01,ORN_VM7v,56,11,10580,67,0
SNch01,ORN_DL1,56,11,10580,67,0
HRN_VP4,SNpp16,31,36,10580,67,0
HRN_VP4,SNxx14,31,36,10580,67,0
HRN_VP4,SNch10,31,36,10580,67,0
HRN_VP4,SNta18,31,36,10580,67,0
JO-ED2_b,R8d,64,3,10580,67,0
WG3,ORN_VL2a,33,34,10580,67,0
WG3,ORN_DA1,33,34,10580,67,0
WG3,BM_Vib,33,34,10580,67,0
WG3,PhG1c,33,34,10580,67,0
R8p,SApp04,11,56,10580,67,0
SNxx09,SApp04,11,56,10580,67,0
ORN_VL2a,SNta31,34,33,10580,67,0
LB3b,SApp19,17,50,10580,67,0
LB3b,SNxx04,17,50,10580,67,0
LB3b,SNta04,17,50,10580,67,0
SNxx15,LB3d,40,27,10580,67,0
SNxx15,SNxx02,40,27,10580,67,0
SNxx15,BM_Hau,40,27,10580,67,0
SNxx15,JO-B4_b,40,27,10580,67,0
SNxx15,SApp23,40,27,10580,67,0
SNxx15,ORN_VL2p,40,27,10580,67,0
SNxx15,SNta33,40,27,10580,67,0
aPhM2a,JO-A3,46,21,10580,67,0
aPhM2a,ORN_VM6v,46,21,10580,67,0
aPhM2a,SNxx17,46,21,10580,67,0
aPhM2a,ORN_DL2v,46,21,10580,67,0
SAxx02,GNG642,51,16,10580,67,0
SAxx02,ORN_V,51,16,10580,67,0
SAxx02,PhG10,51,16,10580,67,0
SAxx02,ORN_VL1,51,16,10580,67,0
SAxx02,LgLG4,51,16,10580,67,0
SAxx02,ORN_VM5d,51,16,10580,67,0
SAxx02,SNpp11,51,16,10580,67,0
SAxx02,ALBN1,51,16,10580,67,0
SAxx02,ENS5,51,16,10580,67,0
SAxx02,dorsal_tpGRN,51,16,10580,67,0
SAxx02,JO-CA2,51,16,10580,67,0
GNG644,SAxx01,20,47,10580,67,0
GNG644,SNxx29,20,47,10580,67,0
GNG644,SNta11,20,47,10580,67,0
GNG644,SNpp51,20,47,10580,67,0
LgLG5,SNpp50,8,59,10580,67,0
JO-A3,JO-mz,21,46,10580,67,0
JO-A3,SNta03,21,46,10580,67,0
JO-A3,SNta28,21,46,10580,67,0
ORN_DA1,SNta31,34,33,10580,67,0
SNpp23,claw_tpGRN,30,37,10580,67,0
WG1,SNta25,15,52,10580,67,0
SNta14,JO-ED2_c,28,39,10580,67,0
SNta14,SNpp47,28,39,10580,67,0
SNta14,SNpp33,28,39,10580,67,0
claw_tpGRN,JO-CL,37,30,10580,67,0
claw_tpGRN,SNpp41,37,30,10580,67,0
LgLG2,SApp04,11,56,10580,67,0
TRN_VP3a,"SNta11,SNta14",18,49,10580,67,0
LB3c,SNpp32,25,42,10580,67,0
ORN_VM6v,JO-mz,21,46,10580,67,0
ORN_VM6v,SNta03,21,46,10580,67,0
ORN_VM6v,SNta28,21,46,10580,67,0
ENS2,JO-ED2_c,28,39,10580,67,0
ENS2,SNpp47,28,39,10580,67,0
ENS2,SNpp33,28,39,10580,67,0
ORN_DP1l,JO-ED2_c,28,39,10580,67,0
ORN_DP1l,SNpp47,28,39,10580,67,0
ORN_DP1l,SNpp33,28,39,10580,67,0
SNpp16,HRN_VP1d,36,31,10580,67,0
SNpp16,JO-ED1,36,31,10580,67,0
SNpp16,SApp13,36,31,10580,67,0
TRN_VP1m,"SNta02,SNta09",24,43,10580,67,0
JO-mz,SNxx17,46,21,10580,67,0
JO-mz,ORN_DL2v,46,21,10580,67,0
SNpp60,WG4,44,23,10580,67,0
SNpp60,ORN_D,44,23,10580,67,0
SApp19,ORN_VA1v,50,17,10580,67,0
SApp19,JO-A1,50,17,10580,67,0
SApp19,SNpp05,50,17,10580,67,0
SApp19,SNxx28,50,17,10580,67,0
SApp19,ORN_VM5v,50,17,10580,67,0
SApp19,SNpp31,50,17,10580,67,0
SApp19,SNpp17,50,17,10580,67,0
SApp19,SNpp01,50,17,10580,67,0
ORN_DP1m,SApp14,35,32,10580,67,0
ORN_DP1m,SNpp07,35,32,10580,67,0
SNta03,SNxx17,46,21,10580,67,0
SNta03,ORN_DL2v,46,21,10580,67,0
R8_unclear,SApp04,11,56,10580,67,0
SNxx04,ORN_VA1v,50,17,10580,67,0
SNxx04,JO-A1,50,17,10580,67,0
SNxx04,SNpp05,50,17,10580,67,0
SNxx04,SNxx28,50,17,10580,67,0
SNxx04,ORN_VM5v,50,17,10580,67,0
SNxx04,SNpp31,50,17,10580,67,0
SNxx04,SNpp17,50,17,10580,67,0
SNxx04,SNpp01,50,17,10580,67,0
"SNta11,SNta14",TRN_VP2,49,18,10580,67,0
"SNta11,SNta14",aPhM2b,49,18,10580,67,0
"SNta11,SNta14",ORN_VC1,49,18,10580,67,0
"SNta11,SNta14",ORN_VM7d,49,18,10580,67,0
"SNta11,SNta14",LgAG2,49,18,10580,67,0
ORN_DM1,SNpp43,26,41,10580,67,0
SAxx01,ORN_DL5,47,20,10580,67,0
SAxx01,WG2,47,20,10580,67,0
SAxx01,LgAG3,47,20,10580,67,0
SAxx01,PhG1b,47,20,10580,67,0
SAxx01,BM_vOcci_vPoOr,47,20,10580,67,0
SAxx01,LB1e,47,20,10580,67,0
SAxx01,SNxx30,47,20,10580,67,0
SNxx03,GNG642,51,16,10580,67,0
SNxx03,ORN_V,51,16,10580,67,0
SNxx03,PhG10,51,16,10580,67,0
SNxx03,ORN_VL1,51,16,10580,67,0
SNxx03,LgLG4,51,16,10580,67,0
SNxx03,ORN_VM5d,51,16,10580,67,0
SNxx03,SNpp11,51,16,10580,67,0
SNxx03,ALBN1,51,16,10580,67,0
SNxx03,ENS5,51,16,10580,67,0
SNxx03,dorsal_tpGRN,51,16,10580,67,0
SNxx03,JO-CA2,51,16,10580,67,0
JO-ED2_c,ORN_VA6,39,28,10580,67,0
JO-ED2_c,ENS4,39,28,10580,67,0
JO-ED2_c,SNta26,39,28,10580,67,0
BM_Vib,SNta31,34,33,10580,67,0
HRN_VP1d,SNxx14,31,36,10580,67,0
HRN_VP1d,SNch10,31,36,10580,67,0
HRN_VP1d,SNta18,31,36,10580,67,0
SNxx29,ORN_DL5,47,20,10580,67,0
SNxx29,WG2,47,20,10580,67,0
SNxx29,LgAG3,47,20,10580,67,0
SNxx29,PhG1b,47,20,10580,67,0
SNxx29,BM_vOcci_vPoOr,47,20,10580,67,0
SNxx29,LB1e,47,20,10580,67,0
SNxx29,SNxx30,47,20,10580,67,0
SNxx11,SNxx25,29,38,10580,67,0
ORN_DC4,SNxx25,29,38,10580,67,0
GNG654,SNta30,14,53,10580,67,0
SNpp47,ORN_VA6,39,28,10580,67,0
SNpp47,ENS4,39,28,10580,67,0
SNpp47,SNta26,39,28,10580,67,0
LB1c,SNxx25,29,38,10580,67,0
LgAG9,SNta25,15,52,10580,67,0
ORN_DL5,SNta11,20,47,10580,67,0
ORN_DL5,SNpp51,20,47,10580,67,0
SNpp43,SNpp10,41,26,10580,67,0
SNpp43,SApp01,41,26,10580,67,0
PhG1c,SNta31,34,33,10580,67,0
JO-ED1,SNxx14,31,36,10580,67,0
JO-ED1,SNch10,31,36,10580,67,0
JO-ED1,SNta18,31,36,10580,67,0
SNxx25,"SNpp29,SNpp63",38,29,10580,67,0
SNxx25,"SNta04,SNta11",38,29,10580,67,0
SNpp50,HBeyelet,59,8,10580,67,0
SNpp50,PhG1a,59,8,10580,67,0
WG2,SNpp51,20,47,10580,67,0
LgAG3,SNta11,20,47,10580,67,0
LgAG3,SNpp51,20,47,10580,67,0
SNxx14,SApp13,36,31,10580,67,0
SNxx17,SNta28,21,46,10580,67,0
SNta04,ORN_VA1v,50,17,10580,67,0
SNta04,JO-A1,50,17,10580,67,0
SNta04,SNpp05,50,17,10580,67,0
SNta04,SNxx28,50,17,10580,67,0
SNta04,ORN_VM5v,50,17,10580,67,0
SNta04,SNpp31,50,17,10580,67,0
SNta04,SNpp17,50,17,10580,67,0
SNta04,SNpp01,50,17,10580,67,0
SNch10,SApp13,36,31,10580,67,0
SNxx26,SNpp32,25,42,10580,67,0
ORN_VA2,SNpp32,25,42,10580,67,0
PhG1b,SNta11,20,47,10580,67,0
PhG1b,SNpp51,20,47,10580,67,0
HRN_VP5,SNta30,14,53,10580,67,0
ORN_VA6,SNpp33,28,39,10580,67,0
ORN_DL2v,SNta28,21,46,10580,67,0
LB4b,SNta30,14,53,10580,67,0
SNxx24,SNta30,14,53,10580,67,0
BM_vOcci_vPoOr,SNta11,20,47,10580,67,0
BM_vOcci_vPoOr,SNpp51,20,47,10580,67,0
SNpp45,R8d,64,3,10580,67,0
LB1a,SApp04,11,56,10580,67,0
SNpp33,ENS4,39,28,10580,67,0
SNpp33,SNta26,39,28,10580,67,0
LB1e,SNta11,20,47,10580,67,0
LB1e,SNpp51,20,47,10580,67,0
SNta18,SApp13,36,31,10580,67,0
SNta11,SNxx30,47,20,10580,67,0
ORN_VA1d,SNta25,15,52,10580,67,0
SNpp57,SNta25,15,52,10580,67,0
SApp04,ORN_VM7v,56,11,10580,67,0
SApp04,ORN_DL1,56,11,10580,67,0
LB1b,SNta25,15,52,10580,67,0
SNpp51,SNxx30,47,20,10580,67,0
"SNta02,SNta09",SNpp02,43,24,10580,67,0
SNta25,SNpp12,52,15,10580,67,0
SNta25,PhG8,52,15,10580,67,0
ORN_VC5,SNta30,14,53,10580,67,0
PhG4,SNta30,14,53,10580,67,0
SNta30,SNpp06,53,14,10580,67,0
SNta30,BM_MaPa,53,14,10580,67,0
SNta30,PhG14,53,14,10580,67,0
SNta30,SNpp56,53,14,10580,67,0
SNta30,JO-B2,53,14,10580,67,0
SNta30,JO-B1_c,53,14,10580,67,0
SNxx07,ORN_VL2a,32,34,10581,66,0
SNxx07,ORN_DA1,32,34,10581,66,0
SNxx07,BM_Vib,32,34,10581,66,0
SNxx07,PhG1c,32,34,10581,66,0
SNxx08,aPhM2a,20,46,10581,66,0
SNxx08,JO-mz,20,46,10581,66,0
SNxx08,SNta03,20,46,10581,66,0
SNxx08,SNta28,20,46,10581,66,0
TPMN1,TPMN2,40,26,10581,66,0
TPMN1,ORN_DM1,40,26,10581,66,0
TPMN1,SNpp10,40,26,10581,66,0
TPMN1,SApp01,40,26,10581,66,0
R7_unclear,SAxx02,15,51,10581,66,0
R7_unclear,SNxx03,15,51,10581,66,0
aPhM5,claw_tpGRN,29,37,10581,66,0
SNxx23,GNG642,50,16,10581,66,0
SNxx23,ORN_V,50,16,10581,66,0
SNxx23,PhG10,50,16,10581,66,0
SNxx23,ORN_VL1,50,16,10581,66,0
SNxx23,LgLG4,50,16,10581,66,0
SNxx23,ORN_VM5d,50,16,10581,66,0
SNxx23,SNpp11,50,16,10581,66,0
SNxx23,ALBN1,50,16,10581,66,0
SNxx23,ENS5,50,16,10581,66,0
SNxx23,dorsal_tpGRN,50,16,10581,66,0
SNxx23,JO-CA2,50,16,10581,66,0
JO-EV5,ENS3,54,12,10581,66,0
JO-EV5,ORN_VM4,54,12,10581,66,0
JO-EV5,ENS1,54,12,10581,66,0
JO-EV5,PhG13,54,12,10581,66,0
JO-EV5,ORN_DC2,54,12,10581,66,0
JO-EV5,SNpp37,54,12,10581,66,0
JO-EV5,ORN_VC4,54,12,10581,66,0
JO-EV5,b2 MN,54,12,10581,66,0
JO-ED2_a,R8y,56,10,10581,66,0
JO-ED2_a,HRN_VP1l,56,10,10581,66,0
JO-ED2_a,PhG6,56,10,10581,66,0
JO-ED2_a,LN-DN1,56,10,10581,66,0
JO-ED2_a,ORN_DM4,56,10,10581,66,0
JO-ED2_a,ORN_DM6,56,10,10581,66,0
JO-ED2_a,ORN_VA3,56,10,10581,66,0
TPMN2,SNxx15,26,40,10581,66,0
R7y,JO-FV,11,55,10581,66,0
R7p,JO-FV,11,55,10581,66,0
JO-FV,R8p,55,11,10581,66,0
JO-FV,SNxx09,55,11,10581,66,0
JO-FV,LgLG2,55,11,10581,66,0
JO-FV,R8_unclear,55,11,10581,66,0
JO-FV,LB1a,55,11,10581,66,0
JO-FV,SNpp21,55,11,10581,66,0
JO-FV,ORN_VM7v,55,11,10581,66,0
JO-FV,ORN_DL1,55,11,10581,66,0
R7d,SNta30,13,53,10581,66,0
LgLG6,SNta30,13,53,10581,66,0
LgLG1a,LB3c,41,25,10581,66,0
LgLG1a,SNxx26,41,25,10581,66,0
LgLG1a,ORN_VA2,41,25,10581,66,0
aPhM3,ORN_VL2a,32,34,10581,66,0
aPhM3,ORN_DA1,32,34,10581,66,0
aPhM3,BM_Vib,32,34,10581,66,0
aPhM3,PhG1c,32,34,10581,66,0
SNpp39,R8y,56,10,10581,66,0
SNpp39,HRN_VP1l,56,10,10581,66,0
SNpp39,PhG6,56,10,10581,66,0
SNpp39,LN-DN1,56,10,10581,66,0
SNpp39,ORN_DM4,56,10,10581,66,0
SNpp39,ORN_DM6,56,10,10581,66,0
SNpp39,ORN_VA3,56,10,10581,66,0
JO-A2,SNpp23,36,30,10581,66,0
JO-A2,JO-CL,36,30,10581,66,0
JO-A2,SNpp41,36,30,10581,66,0
aPhM4,SAxx01,19,47,10581,66,0
aPhM4,SNxx29,19,47,10581,66,0
aPhM4,SNta11,19,47,10581,66,0
aPhM4,SNpp51,19,47,10581,66,0
JO-EV2,TRN_VP1m,42,24,10581,66,0
JO-EV2,SNpp02,42,24,10581,66,0
SNxx20,aPhM1,44,22,10581,66,0
SNxx20,BM_Vt_PoOc,44,22,10581,66,0
SNxx20,PhG9,44,22,10581,66,0
SNxx20,ORN_DC1,44,22,10581,66,0
SNxx20,SNpp62,44,22,10581,66,0
SNxx20,SNpp58,44,22,10581,66,0
SNxx20,SNxx19,44,22,10581,66,0
SNxx20,SNxx21,44,22,10581,66,0
SNxx20,JO-B3,44,22,10581,66,0
LgAG1,aPhM1,44,22,10581,66,0
LgAG1,BM_Vt_PoOc,44,22,10581,66,0
LgAG1,PhG9,44,22,10581,66,0
LgAG1,ORN_DC1,44,22,10581,66,0
LgAG1,SNpp62,44,22,10581,66,0
LgAG1,SNpp58,44,22,10581,66,0
LgAG1,SNxx19,44,22,10581,66,0
LgAG1,SNxx21,44,22,10581,66,0
LgAG1,JO-B3,44,22,10581,66,0
LgLG1b,GNG643,39,27,10581,66,0
LgLG1b,LB3d,39,27,10581,66,0
LgLG1b,SNxx02,39,27,10581,66,0
LgLG1b,BM_Hau,39,27,10581,66,0
LgLG1b,JO-B4_b,39,27,10581,66,0
LgLG1b,SApp23,39,27,10581,66,0
LgLG1b,ORN_VL2p,39,27,10581,66,0
LgLG1b,SNta33,39,27,10581,66,0
GNG643,JO-ED2_c,27,39,10581,66,0
GNG643,SNpp47,27,39,10581,66,0
GNG643,SNpp33,27,39,10581,66,0
SNch01,R8y,56,10,10581,66,0
SNch01,HRN_VP1l,56,10,10581,66,0
SNch01,PhG6,56,10,10581,66,0
SNch01,LN-DN1,56,10,10581,66,0
SNch01,ORN_DM4,56,10,10581,66,0
SNch01,ORN_DM6,56,10,10581,66,0
SNch01,ORN_VA3,56,10,10581,66,0
HRN_VP4,ORN_DP1m,31,35,10581,66,0
HRN_VP4,"SApp11,SApp18",31,35,10581,66,0
WG3,SNta31,33,33,10581,66,0
aPhM1,SNpp60,22,44,10581,66,0
ORN_VL2a,SApp14,34,32,10581,66,0
ORN_VL2a,SNpp07,34,32,10581,66,0
LB3b,"SNta11,SNta14",17,49,10581,66,0
SNxx15,ORN_DM1,40,26,10581,66,0
SNxx15,SNpp10,40,26,10581,66,0
SNxx15,SApp01,40,26,10581,66,0
aPhM2a,GNG644,46,20,10581,66,0
aPhM2a,ORN_DL5,46,20,10581,66,0
aPhM2a,WG2,46,20,10581,66,0
aPhM2a,LgAG3,46,20,10581,66,0
aPhM2a,PhG1b,46,20,10581,66,0
aPhM2a,BM_vOcci_vPoOr,46,20,10581,66,0
aPhM2a,LB1e,46,20,10581,66,0
aPhM2a,SNxx30,46,20,10581,66,0
SAxx02,WG1,51,15,10581,66,0
SAxx02,LgAG9,51,15,10581,66,0
SAxx02,ORN_VA1d,51,15,10581,66,0
SAxx02,SNpp57,51,15,10581,66,0
SAxx02,LB1b,51,15,10581,66,0
SAxx02,SNpp12,51,15,10581,66,0
SAxx02,PhG8,51,15,10581,66,0
BM_Vt_PoOc,SNpp60,22,44,10581,66,0
GNG644,JO-mz,20,46,10581,66,0
GNG644,SNta03,20,46,10581,66,0
GNG644,SNta28,20,46,10581,66,0
R8y,SApp04,10,56,10581,66,0
ORN_DA1,SApp14,34,32,10581,66,0
ORN_DA1,SNpp07,34,32,10581,66,0
SNpp23,SNpp16,30,36,10581,66,0
SNpp23,SNxx14,30,36,10581,66,0
SNpp23,SNch10,30,36,10581,66,0
SNpp23,SNta18,30,36,10581,66,0
WG1,SNxx03,15,51,10581,66,0
SNta14,SNxx25,28,38,10581,66,0
claw_tpGRN,SNxx11,37,29,10581,66,0
claw_tpGRN,ORN_DC4,37,29,10581,66,0
claw_tpGRN,LB1c,37,29,10581,66,0
claw_tpGRN,"SNpp29,SNpp63",37,29,10581,66,0
claw_tpGRN,"SNta04,SNta11",37,29,10581,66,0
LB3d,JO-ED2_c,27,39,10581,66,0
LB3d,SNpp47,27,39,10581,66,0
LB3d,SNpp33,27,39,10581,66,0
SNxx02,JO-ED2_c,27,39,10581,66,0
SNxx02,SNpp47,27,39,10581,66,0
SNxx02,SNpp33,27,39,10581,66,0
LB3c,SNpp43,25,41,10581,66,0
ENS2,SNxx25,28,38,10581,66,0
ORN_DP1l,SNxx25,28,38,10581,66,0
LB3a,SAxx01,19,47,10581,66,0
LB3a,SNxx29,19,47,10581,66,0
LB3a,SNta11,19,47,10581,66,0
LB3a,SNpp51,19,47,10581,66,0
SNpp16,JO-CL,36,30,10581,66,0
SNpp16,SNpp41,36,30,10581,66,0
TRN_VP1m,SNpp32,24,42,10581,66,0
PhG9,SNpp60,22,44,10581,66,0
BM_Hau,JO-ED2_c,27,39,10581,66,0
BM_Hau,SNpp47,27,39,10581,66,0
BM_Hau,SNpp33,27,39,10581,66,0
JO-mz,ORN_DL5,46,20,10581,66,0
JO-mz,WG2,46,20,10581,66,0
JO-mz,LgAG3,46,20,10581,66,0
JO-mz,PhG1b,46,20,10581,66,0
JO-mz,BM_vOcci_vPoOr,46,20,10581,66,0
JO-mz,LB1e,46,20,10581,66,0
JO-mz,SNxx30,46,20,10581,66,0
SNpp60,ORN_DC1,44,22,10581,66,0
SNpp60,SNpp62,44,22,10581,66,0
SNpp60,SNpp58,44,22,10581,66,0
SNpp60,SNxx19,44,22,10581,66,0
SNpp60,SNxx21,44,22,10581,66,0
SNpp60,JO-B3,44,22,10581,66,0
SApp19,GNG642,50,16,10581,66,0
SApp19,ORN_V,50,16,10581,66,0
SApp19,PhG10,50,16,10581,66,0
SApp19,ORN_VL1,50,16,10581,66,0
SApp19,LgLG4,50,16,10581,66,0
SApp19,ORN_VM5d,50,16,10581,66,0
SApp19,SNpp11,50,16,10581,66,0
SApp19,ALBN1,50,16,10581,66,0
SApp19,ENS5,50,16,10581,66,0
SApp19,dorsal_tpGRN,50,16,10581,66,0
SApp19,JO-CA2,50,16,10581,66,0
ORN_DP1m,HRN_VP1d,35,31,10581,66,0
ORN_DP1m,JO-ED1,35,31,10581,66,0
ORN_DP1m,SApp13,35,31,10581,66,0
JO-B4_b,JO-ED2_c,27,39,10581,66,0
JO-B4_b,SNpp47,27,39,10581,66,0
JO-B4_b,SNpp33,27,39,10581,66,0
SNta03,ORN_DL5,46,20,10581,66,0
SNta03,WG2,46,20,10581,66,0
SNta03,LgAG3,46,20,10581,66,0
SNta03,PhG1b,46,20,10581,66,0
SNta03,BM_vOcci_vPoOr,46,20,10581,66,0
SNta03,LB1e,46,20,10581,66,0
SNta03,SNxx30,46,20,10581,66,0
SNxx04,GNG642,50,16,10581,66,0
SNxx04,ORN_V,50,16,10581,66,0
SNxx04,PhG10,50,16,10581,66,0
SNxx04,ORN_VL1,50,16,10581,66,0
SNxx04,LgLG4,50,16,10581,66,0
SNxx04,ORN_VM5d,50,16,10581,66,0
SNxx04,SNpp11,50,16,10581,66,0
SNxx04,ALBN1,50,16,10581,66,0
SNxx04,ENS5,50,16,10581,66,0
SNxx04,dorsal_tpGRN,50,16,10581,66,0
SNxx04,JO-CA2,50,16,10581,66,0
"SNta11,SNta14",ORN_VA1v,49,17,10581,66,0
"SNta11,SNta14",JO-A1,49,17,10581,66,0
"SNta11,SNta14",SNpp05,49,17,10581,66,0
"SNta11,SNta14",SNxx28,49,17,10581,66,0
"SNta11,SNta14",ORN_VM5v,49,17,10581,66,0
"SNta11,SNta14",SNpp31,49,17,10581,66,0
"SNta11,SNta14",SNpp01,49,17,10581,66,0
SAxx01,SNpp35,47,19,10581,66,0
SAxx01,LgAG5,47,19,10581,66,0
SAxx01,LgAG7,47,19,10581,66,0
SAxx01,ORN_DL2d,47,19,10581,66,0
SAxx01,JO-B1_a,47,19,10581,66,0
SAxx01,SNta13,47,19,10581,66,0
SNxx03,LgAG9,51,15,10581,66,0
SNxx03,ORN_VA1d,51,15,10581,66,0
SNxx03,SNpp57,51,15,10581,66,0
SNxx03,LB1b,51,15,10581,66,0
SNxx03,SNpp12,51,15,10581,66,0
SNxx03,PhG8,51,15,10581,66,0
JO-ED2_c,SApp23,39,27,10581,66,0
JO-ED2_c,ORN_VL2p,39,27,10581,66,0
JO-ED2_c,SNta33,39,27,10581,66,0
BM_Vib,SApp14,34,32,10581,66,0
BM_Vib,SNpp07,34,32,10581,66,0
HRN_VP1d,"SApp11,SApp18",31,35,10581,66,0
SNxx29,SNpp35,47,19,10581,66,0
SNxx29,LgAG5,47,19,10581,66,0
SNxx29,LgAG7,47,19,10581,66,0
SNxx29,ORN_DL2d,47,19,10581,66,0
SNxx29,JO-B1_a,47,19,10581,66,0
SNxx29,SNta13,47,19,10581,66,0
GNG642,SNta04,16,50,10581,66,0
ORN_DM2,SNta30,13,53,10581,66,0
SApp23,SNpp47,27,39,10581,66,0
SApp23,SNpp33,27,39,10581,66,0
GNG654,SNta25,14,52,10581,66,0
SNpp47,ORN_VL2p,39,27,10581,66,0
SNpp47,SNta33,39,27,10581,66,0
JO-CL,SNxx14,30,36,10581,66,0
JO-CL,SNch10,30,36,10581,66,0
JO-CL,SNta18,30,36,10581,66,0
ORN_VL2p,SNpp33,27,39,10581,66,0
ORN_DL5,SNta28,20,46,10581,66,0
SNpp43,SNxx26,41,25,10581,66,0
SNpp43,ORN_VA2,41,25,10581,66,0
PhG1c,SApp14,34,32,10581,66,0
PhG1c,SNpp07,34,32,10581,66,0
SNpp41,SNxx14,30,36,10581,66,0
SNpp41,SNch10,30,36,10581,66,0
SNpp41,SNta18,30,36,10581,66,0
JO-ED1,"SApp11,SApp18",31,35,10581,66,0
SNxx25,ORN_VA6,38,28,10581,66,0
SNxx25,ENS4,38,28,10581,66,0
SNxx25,SNta26,38,28,10581,66,0
SNpp35,SNta11,19,47,10581,66,0
SNpp35,SNpp51,19,47,10581,66,0
SNpp50,LgLG7,59,7,10581,66,0
SNpp50,DNg83,59,7,10581,66,0
SNpp50,ORN_DL3,59,7,10581,66,0
SNpp50,ORN_DM3,59,7,10581,66,0
WG2,SNta28,20,46,10581,66,0
LgAG3,SNta28,20,46,10581,66,0
"SApp11,SApp18",SApp13,35,31,10581,66,0
ORN_V,SNta04,16,50,10581,66,0
SNta04,PhG10,50,16,10581,66,0
SNta04,ORN_VL1,50,16,10581,66,0
SNta04,LgLG4,50,16,10581,66,0
SNta04,ORN_VM5d,50,16,10581,66,0
SNta04,SNpp11,50,16,10581,66,0
SNta04,ALBN1,50,16,10581,66,0
SNta04,ENS5,50,16,10581,66,0
SNta04,dorsal_tpGRN,50,16,10581,66,0
SNta04,JO-CA2,50,16,10581,66,0
LgAG5,SNta11,19,47,10581,66,0
LgAG5,SNpp51,19,47,10581,66,0
PhG1b,SNta28,20,46,10581,66,0
HRN_VP5,SNta25,14,52,10581,66,0
LgAG7,SNta11,19,47,10581,66,0
LgAG7,SNpp51,19,47,10581,66,0
HRN_VP1l,SApp04,10,56,10581,66,0
LB4b,SNta25,14,52,10581,66,0
SNxx24,SNta25,14,52,10581,66,0
BM_vOcci_vPoOr,SNta28,20,46,10581,66,0
DNg20,SNta30,13,53,10581,66,0
ORN_DL2d,SNta11,19,47,10581,66,0
ORN_DL2d,SNpp51,19,47,10581,66,0
PhG6,SApp04,10,56,10581,66,0
SNpp33,SNta33,39,27,10581,66,0
ORN_D,"SNta02,SNta09",23,43,10581,66,0
LB1e,SNta28,20,46,10581,66,0
SNta11,JO-B1_a,47,19,10581,66,0
SNta11,SNta13,47,19,10581,66,0
SApp04,LN-DN1,56,10,10581,66,0
SApp04,ORN_DM4,56,10,10581,66,0
SApp04,ORN_DM6,56,10,10581,66,0
SApp04,ORN_VA3,56,10,10581,66,0
SNpp51,JO-B1_a,47,19,10581,66,0
SNpp51,SNta13,47,19,10581,66,0
SNxx30,SNta28,20,46,10581,66,0
SNpp32,SNpp02,42,24,10581,66,0
SNta25,ORN_VC5,52,14,10581,66,0
SNta25,PhG4,52,14,10581,66,0
SNta25,SNpp06,52,14,10581,66,0
SNta25,BM_MaPa,52,14,10581,66,0
SNta25,PhG14,52,14,10581,66,0
SNta25,SNpp56,52,14,10581,66,0
SNta25,JO-B2,52,14,10581,66,0
SNta25,JO-B1_c,52,14,10581,66,0
SNxx06,SNta30,13,53,10581,66,0
SNta30,SNpp15,53,13,10581,66,0
SNta30,ORN_DA2,53,13,10581,66,0
SNta30,PhG16,53,13,10581,66,0
SNta30,SNpp18,53,13,10581,66,0
SNta30,LgAG8,53,13,10581,66,0
SNxx07,WG3,32,33,10582,65,0
SNxx07,SNta31,32,33,10582,65,0
TPMN1,LB3c,40,25,10582,65,0
TPMN1,SNxx26,40,25,10582,65,0
TPMN1,ORN_VA2,40,25,10582,65,0
R7_unclear,SNxx23,15,50,10582,65,0
R7_unclear,SApp19,15,50,10582,65,0
R7_unclear,SNxx04,15,50,10582,65,0
R7_unclear,SNta04,15,50,10582,65,0
aPhM5,JO-A2,29,36,10582,65,0
aPhM5,SNpp16,29,36,10582,65,0
aPhM5,SNxx14,29,36,10582,65,0
aPhM5,SNch10,29,36,10582,65,0
aPhM5,SNta18,29,36,10582,65,0
SNxx23,WG1,50,15,10582,65,0
SNxx23,LgAG9,50,15,10582,65,0
SNxx23,ORN_VA1d,50,15,10582,65,0
SNxx23,SNpp57,50,15,10582,65,0
SNxx23,LB1b,50,15,10582,65,0
SNxx23,SNpp12,50,15,10582,65,0
SNxx23,PhG8,50,15,10582,65,0
JO-EV5,R7y,54,11,10582,65,0
JO-EV5,R7p,54,11,10582,65,0
JO-EV5,R8p,54,11,10582,65,0
JO-EV5,SNxx09,54,11,10582,65,0
JO-EV5,LgLG2,54,11,10582,65,0
JO-EV5,R8_unclear,54,11,10582,65,0
JO-EV5,LB1a,54,11,10582,65,0
JO-EV5,SNpp21,54,11,10582,65,0
JO-EV5,ORN_VM7v,54,11,10582,65,0
JO-EV5,ORN_DL1,54,11,10582,65,0
JO-ED2_a,LgLG8,56,9,10582,65,0
JO-ED2_a,LB4a,56,9,10582,65,0
JO-ED2_a,PhG3,56,9,10582,65,0
JO-ED2_a,SApp21,56,9,10582,65,0
JO-ED2_a,LgAG6,56,9,10582,65,0
JO-ED2_a,tpn MN,56,9,10582,65,0
JO-ED2_a,JO-B4_a,56,9,10582,65,0
TPMN2,LgLG1b,26,39,10582,65,0
TPMN2,JO-ED2_c,26,39,10582,65,0
TPMN2,SNpp47,26,39,10582,65,0
TPMN2,SNpp33,26,39,10582,65,0
JO-FV,R8y,55,10,10582,65,0
JO-FV,HRN_VP1l,55,10,10582,65,0
JO-FV,PhG6,55,10,10582,65,0
JO-FV,LN-DN1,55,10,10582,65,0
JO-FV,ORN_DM4,55,10,10582,65,0
JO-FV,ORN_DM6,55,10,10582,65,0
JO-FV,ORN_VA3,55,10,10582,65,0
R7d,SNta25,13,52,10582,65,0
LgLG6,SNta25,13,52,10582,65,0
LgLG1a,TRN_VP1m,41,24,10582,65,0
LgLG1a,SNpp02,41,24,10582,65,0
aPhM3,WG3,32,33,10582,65,0
aPhM3,SNta31,32,33,10582,65,0
SNpp39,LgLG8,56,9,10582,65,0
SNpp39,LB4a,56,9,10582,65,0
SNpp39,PhG3,56,9,10582,65,0
SNpp39,SApp21,56,9,10582,65,0
SNpp39,LgAG6,56,9,10582,65,0
SNpp39,tpn MN,56,9,10582,65,0
SNpp39,JO-B4_a,56,9,10582,65,0
JO-A2,SNxx11,36,29,10582,65,0
JO-A2,ORN_DC4,36,29,10582,65,0
JO-A2,LB1c,36,29,10582,65,0
JO-A2,"SNpp29,SNpp63",36,29,10582,65,0
JO-A2,"SNta04,SNta11",36,29,10582,65,0
JO-EV6,R8d,62,3,10582,65,0
aPhM4,aPhM2a,19,46,10582,65,0
aPhM4,JO-mz,19,46,10582,65,0
aPhM4,SNta03,19,46,10582,65,0
aPhM4,SNta28,19,46,10582,65,0
JO-EV2,WG4,42,23,10582,65,0
JO-EV2,ORN_D,42,23,10582,65,0
SNxx20,JO-A3,44,21,10582,65,0
SNxx20,ORN_VM6v,44,21,10582,65,0
SNxx20,SNxx17,44,21,10582,65,0
SNxx20,ORN_DL2v,44,21,10582,65,0
LgAG1,JO-A3,44,21,10582,65,0
LgAG1,ORN_VM6v,44,21,10582,65,0
LgAG1,SNxx17,44,21,10582,65,0
LgAG1,ORN_DL2v,44,21,10582,65,0
LgLG1b,ORN_DM1,39,26,10582,65,0
LgLG1b,SNpp10,39,26,10582,65,0
LgLG1b,SApp01,39,26,10582,65,0
GNG643,SNxx25,27,38,10582,65,0
SNch01,LgLG8,56,9,10582,65,0
SNch01,LB4a,56,9,10582,65,0
SNch01,PhG3,56,9,10582,65,0
SNch01,SApp21,56,9,10582,65,0
SNch01,LgAG6,56,9,10582,65,0
SNch01,tpn MN,56,9,10582,65,0
SNch01,JO-B4_a,56,9,10582,65,0
HRN_VP4,ORN_VL2a,31,34,10582,65,0
HRN_VP4,ORN_DA1,31,34,10582,65,0
HRN_VP4,BM_Vib,31,34,10582,65,0
HRN_VP4,PhG1c,31,34,10582,65,0
WG3,SApp14,33,32,10582,65,0
WG3,SNpp07,33,32,10582,65,0
aPhM1,"SNta02,SNta09",22,43,10582,65,0
ORN_VL2a,HRN_VP1d,34,31,10582,65,0
ORN_VL2a,JO-ED1,34,31,10582,65,0
ORN_VL2a,SApp13,34,31,10582,65,0
SNxx15,LB3c,40,25,10582,65,0
SNxx15,SNxx26,40,25,10582,65,0
SNxx15,ORN_VA2,40,25,10582,65,0
aPhM2a,LB3a,46,19,10582,65,0
aPhM2a,SNpp35,46,19,10582,65,0
aPhM2a,LgAG5,46,19,10582,65,0
aPhM2a,LgAG7,46,19,10582,65,0
aPhM2a,ORN_DL2d,46,19,10582,65,0
aPhM2a,JO-B1_a,46,19,10582,65,0
aPhM2a,SNta13,46,19,10582,65,0
SAxx02,GNG654,51,14,10582,65,0
SAxx02,HRN_VP5,51,14,10582,65,0
SAxx02,LB4b,51,14,10582,65,0
SAxx02,SNxx24,51,14,10582,65,0
SAxx02,ORN_VC5,51,14,10582,65,0
SAxx02,PhG4,51,14,10582,65,0
SAxx02,SNpp06,51,14,10582,65,0
SAxx02,BM_MaPa,51,14,10582,65,0
SAxx02,PhG14,51,14,10582,65,0
SAxx02,SNpp56,51,14,10582,65,0
SAxx02,JO-B2,51,14,10582,65,0
SAxx02,JO-B1_c,51,14,10582,65,0
BM_Vt_PoOc,"SNta02,SNta09",22,43,10582,65,0
JO-A3,SNpp60,21,44,10582,65,0
ORN_DA1,HRN_VP1d,34,31,10582,65,0
ORN_DA1,JO-ED1,34,31,10582,65,0
ORN_DA1,SApp13,34,31,10582,65,0
SNpp23,ORN_DP1m,30,35,10582,65,0
SNpp23,"SApp11,SApp18",30,35,10582,65,0
WG1,SApp19,15,50,10582,65,0
WG1,SNxx04,15,50,10582,65,0
WG1,SNta04,15,50,10582,65,0
SNta14,claw_tpGRN,28,37,10582,65,0
claw_tpGRN,ENS2,37,28,10582,65,0
claw_tpGRN,ORN_DP1l,37,28,10582,65,0
claw_tpGRN,ORN_VA6,37,28,10582,65,0
claw_tpGRN,ENS4,37,28,10582,65,0
claw_tpGRN,SNta26,37,28,10582,65,0
TRN_VP3a,SAxx01,18,47,10582,65,0
TRN_VP3a,SNxx29,18,47,10582,65,0
TRN_VP3a,SNta11,18,47,10582,65,0
TRN_VP3a,SNpp51,18,47,10582,65,0
LB3d,SNxx25,27,38,10582,65,0
SNxx02,SNxx25,27,38,10582,65,0
LgLG8,SApp04,9,56,10582,65,0
ORN_VM6v,SNpp60,21,44,10582,65,0
LB3a,JO-mz,19,46,10582,65,0
LB3a,SNta03,19,46,10582,65,0
LB3a,SNta28,19,46,10582,65,0
SNpp16,SNxx11,36,29,10582,65,0
SNpp16,ORN_DC4,36,29,10582,65,0
SNpp16,LB1c,36,29,10582,65,0
SNpp16,"SNpp29,SNpp63",36,29,10582,65,0
SNpp16,"SNta04,SNta11",36,29,10582,65,0
TRN_VP1m,SNpp43,24,41,10582,65,0
PhG9,"SNta02,SNta09",22,43,10582,65,0
BM_Hau,SNxx25,27,38,10582,65,0
JO-mz,SNpp35,46,19,10582,65,0
JO-mz,LgAG5,46,19,10582,65,0
JO-mz,LgAG7,46,19,10582,65,0
JO-mz,ORN_DL2d,46,19,10582,65,0
JO-mz,JO-B1_a,46,19,10582,65,0
JO-mz,SNta13,46,19,10582,65,0
SNpp60,SNxx17,44,21,10582,65,0
SNpp60,ORN_DL2v,44,21,10582,65,0
SApp19,LgAG9,50,15,10582,65,0
SApp19,ORN_VA1d,50,15,10582,65,0
SApp19,SNpp57,50,15,10582,65,0
SApp19,LB1b,50,15,10582,65,0
SApp19,SNpp12,50,15,10582,65,0
SApp19,PhG8,50,15,10582,65,0
ORN_DP1m,JO-CL,35,30,10582,65,0
ORN_DP1m,SNpp41,35,30,10582,65,0
JO-B4_b,SNxx25,27,38,10582,65,0
SNta03,SNpp35,46,19,10582,65,0
SNta03,LgAG5,46,19,10582,65,0
SNta03,LgAG7,46,19,10582,65,0
SNta03,ORN_DL2d,46,19,10582,65,0
SNta03,JO-B1_a,46,19,10582,65,0
SNta03,SNta13,46,19,10582,65,0
SNxx04,LgAG9,50,15,10582,65,0
SNxx04,ORN_VA1d,50,15,10582,65,0
SNxx04,SNpp57,50,15,10582,65,0
SNxx04,LB1b,50,15,10582,65,0
SNxx04,SNpp12,50,15,10582,65,0
SNxx04,PhG8,50,15,10582,65,0
WG4,SNpp32,23,42,10582,65,0
"SNta11,SNta14",GNG642,49,16,10582,65,0
"SNta11,SNta14",ORN_V,49,16,10582,65,0
"SNta11,SNta14",PhG10,49,16,10582,65,0
"SNta11,SNta14",ORN_VL1,49,16,10582,65,0
"SNta11,SNta14",LgLG4,49,16,10582,65,0
"SNta11,SNta14",ORN_VM5d,49,16,10582,65,0
"SNta11,SNta14",SNpp11,49,16,10582,65,0
"SNta11,SNta14",ALBN1,49,16,10582,65,0
"SNta11,SNta14",ENS5,49,16,10582,65,0
"SNta11,SNta14",dorsal_tpGRN,49,16,10582,65,0
"SNta11,SNta14",JO-CA2,49,16,10582,65,0
ORN_DM1,JO-ED2_c,26,39,10582,65,0
ORN_DM1,SNpp47,26,39,10582,65,0
ORN_DM1,SNpp33,26,39,10582,65,0
SAxx01,TRN_VP2,47,18,10582,65,0
SAxx01,aPhM2b,47,18,10582,65,0
SAxx01,ORN_VC1,47,18,10582,65,0
SAxx01,ORN_VM7d,47,18,10582,65,0
SAxx01,LgAG2,47,18,10582,65,0
SAxx01,DNx01,47,18,10582,65,0
SNxx03,GNG654,51,14,10582,65,0
SNxx03,HRN_VP5,51,14,10582,65,0
SNxx03,LB4b,51,14,10582,65,0
SNxx03,SNxx24,51,14,10582,65,0
SNxx03,ORN_VC5,51,14,10582,65,0
SNxx03,PhG4,51,14,10582,65,0
SNxx03,SNpp06,51,14,10582,65,0
SNxx03,BM_MaPa,51,14,10582,65,0
SNxx03,PhG14,51,14,10582,65,0
SNxx03,SNpp56,51,14,10582,65,0
SNxx03,JO-B2,51,14,10582,65,0
SNxx03,JO-B1_c,51,14,10582,65,0
JO-ED2_c,SNpp10,39,26,10582,65,0
JO-ED2_c,SApp01,39,26,10582,65,0
BM_Vib,HRN_VP1d,34,31,10582,65,0
BM_Vib,JO-ED1,34,31,10582,65,0
BM_Vib,SApp13,34,31,10582,65,0
HRN_VP1d,PhG1c,31,34,10582,65,0
SNxx29,TRN_VP2,47,18,10582,65,0
SNxx29,aPhM2b,47,18,10582,65,0
SNxx29,ORN_VC1,47,18,10582,65,0
SNxx29,ORN_VM7d,47,18,10582,65,0
SNxx29,LgAG2,47,18,10582,65,0
SNxx29,DNx01,47,18,10582,65,0
ORN_DC1,"SNta02,SNta09",22,43,10582,65,0
SNxx11,SNxx14,29,36,10582,65,0
SNxx11,SNch10,29,36,10582,65,0
SNxx11,SNta18,29,36,10582,65,0
ORN_DC4,SNxx14,29,36,10582,65,0
ORN_DC4,SNch10,29,36,10582,65,0
ORN_DC4,SNta18,29,36,10582,65,0
ORN_DM2,SNta25,13,52,10582,65,0
SApp23,SNxx25,27,38,10582,65,0
SNpp47,SNpp10,39,26,10582,65,0
SNpp47,SApp01,39,26,10582,65,0
TRN_VP2,SNta11,18,47,10582,65,0
TRN_VP2,SNpp51,18,47,10582,65,0
aPhM2b,SNta11,18,47,10582,65,0
aPhM2b,SNpp51,18,47,10582,65,0
LB1c,SNxx14,29,36,10582,65,0
LB1c,SNch10,29,36,10582,65,0
LB1c,SNta18,29,36,10582,65,0
JO-CL,"SApp11,SApp18",30,35,10582,65,0
LgAG9,SNta04,15,50,10582,65,0
ORN_VL2p,SNxx25,27,38,10582,65,0
ENS3,SNta30,12,53,10582,65,0
SNpp43,SNpp02,41,24,10582,65,0
PhG1c,JO-ED1,34,31,10582,65,0
PhG1c,SApp13,34,31,10582,65,0
SNpp41,"SApp11,SApp18",30,35,10582,65,0
SNxx25,SNta33,38,27,10582,65,0
SNpp35,SNta28,19,46,10582,65,0
SNxx14,"SNpp29,SNpp63",36,29,10582,65,0
SNxx14,"SNta04,SNta11",36,29,10582,65,0
SNta04,ORN_VA1d,50,15,10582,65,0
SNta04,SNpp57,50,15,10582,65,0
SNta04,LB1b,50,15,10582,65,0
SNta04,SNpp12,50,15,10582,65,0
SNta04,PhG8,50,15,10582,65,0
SNch10,"SNpp29,SNpp63",36,29,10582,65,0
SNch10,"SNta04,SNta11",36,29,10582,65,0
LgAG5,SNta28,19,46,10582,65,0
SNpp62,"SNta02,SNta09",22,43,10582,65,0
SApp01,SNpp33,26,39,10582,65,0
LgAG7,SNta28,19,46,10582,65,0
"SNpp29,SNpp63",SNta18,29,36,10582,65,0
ORN_VC1,SNta11,18,47,10582,65,0
ORN_VC1,SNpp51,18,47,10582,65,0
DNg20,SNta25,13,52,10582,65,0
ORN_VM4,SNta30,12,53,10582,65,0
ORN_DL2d,SNta28,19,46,10582,65,0
ORN_VM7d,SNta11,18,47,10582,65,0
ORN_VM7d,SNpp51,18,47,10582,65,0
ORN_D,SNpp32,23,42,10582,65,0
SNta18,"SNta04,SNta11",36,29,10582,65,0
SNta11,LgAG2,47,18,10582,65,0
SNta11,DNx01,47,18,10582,65,0
SApp04,LB4a,56,9,10582,65,0
SApp04,PhG3,56,9,10582,65,0
SApp04,SApp21,56,9,10582,65,0
SApp04,LgAG6,56,9,10582,65,0
SApp04,tpn MN,56,9,10582,65,0
SApp04,JO-B4_a,56,9,10582,65,0
ENS1,SNta30,12,53,10582,65,0
PhG13,SNta30,12,53,10582,65,0
SApp14,SNta31,32,33,10582,65,0
SNpp58,"SNta02,SNta09",22,43,10582,65,0
SNpp51,LgAG2,47,18,10582,65,0
SNpp51,DNx01,47,18,10582,65,0
SNpp07,SNta31,32,33,10582,65,0
"SNta02,SNta09",SNxx19,43,22,10582,65,0
"SNta02,SNta09",SNxx21,43,22,10582,65,0
"SNta02,SNta09",JO-B3,43,22,10582,65,0
SNta25,SNxx06,52,13,10582,65,0
SNta25,SNpp15,52,13,10582,65,0
SNta25,ORN_DA2,52,13,10582,65,0
SNta25,PhG16,52,13,10582,65,0
SNta25,SNpp18,52,13,10582,65,0
SNta25,LgAG8,52,13,10582,65,0
ORN_DC2,SNta30,12,53,10582,65,0
JO-B1_a,SNta28,19,46,10582,65,0
SNta30,SNpp37,53,12,10582,65,0
SNta30,ORN_VC4,53,12,10582,65,0
SNta30,b2 MN,53,12,10582,65,0
SNta13,SNta28,19,46,10582,65,0
SNxx07,aPhM3,32,32,10583,64,0
SNxx07,SApp14,32,32,10583,64,0
SNxx07,SNpp07,32,32,10583,64,0
SNxx08,SNxx20,20,44,10583,64,0
SNxx08,LgAG1,20,44,10583,64,0
SNxx08,SNpp60,20,44,10583,64,0
TPMN1,TRN_VP1m,40,24,10583,64,0
TPMN1,SNpp02,40,24,10583,64,0
R7_unclear,"SNta11,SNta14",15,49,10583,64,0
aPhM5,ORN_DP1m,29,35,10583,64,0
aPhM5,"SApp11,SApp18",29,35,10583,64,0
SNxx23,GNG654,50,14,10583,64,0
SNxx23,HRN_VP5,50,14,10583,64,0
SNxx23,LB4b,50,14,10583,64,0
SNxx23,SNxx24,50,14,10583,64,0
SNxx23,ORN_VC5,50,14,10583,64,0
SNxx23,PhG4,50,14,10583,64,0
SNxx23,SNpp06,50,14,10583,64,0
SNxx23,BM_MaPa,50,14,10583,64,0
SNxx23,PhG14,50,14,10583,64,0
SNxx23,SNpp56,50,14,10583,64,0
SNxx23,JO-B2,50,14,10583,64,0
SNxx23,JO-B1_c,50,14,10583,64,0
JO-EV5,R8y,54,10,10583,64,0
JO-EV5,HRN_VP1l,54,10,10583,64,0
JO-EV5,PhG6,54,10,10583,64,0
JO-EV5,LN-DN1,54,10,10583,64,0
JO-EV5,ORN_DM4,54,10,10583,64,0
JO-EV5,ORN_DM6,54,10,10583,64,0
JO-EV5,ORN_VA3,54,10,10583,64,0
JO-ED2_a,LgLG5,56,8,10583,64,0
JO-ED2_a,HBeyelet,56,8,10583,64,0
JO-ED2_a,PhG1a,56,8,10583,64,0
TPMN2,SNxx25,26,38,10583,64,0
R7y,SNta30,11,53,10583,64,0
R7p,SNta30,11,53,10583,64,0
JO-FV,LgLG8,55,9,10583,64,0
JO-FV,LB4a,55,9,10583,64,0
JO-FV,PhG3,55,9,10583,64,0
JO-FV,SApp21,55,9,10583,64,0
JO-FV,LgAG6,55,9,10583,64,0
JO-FV,tpn MN,55,9,10583,64,0
JO-FV,JO-B4_a,55,9,10583,64,0
R7d,SAxx02,13,51,10583,64,0
R7d,SNxx03,13,51,10583,64,0
LgLG6,SAxx02,13,51,10583,64,0
LgLG6,SNxx03,13,51,10583,64,0
LgLG1a,WG4,41,23,10583,64,0
LgLG1a,ORN_D,41,23,10583,64,0
aPhM3,SApp14,32,32,10583,64,0
aPhM3,SNpp07,32,32,10583,64,0
SNpp39,LgLG5,56,8,10583,64,0
SNpp39,HBeyelet,56,8,10583,64,0
SNpp39,PhG1a,56,8,10583,64,0
JO-A2,SNta14,36,28,10583,64,0
JO-A2,ENS2,36,28,10583,64,0
JO-A2,ORN_DP1l,36,28,10583,64,0
JO-A2,ORN_VA6,36,28,10583,64,0
JO-A2,ENS4,36,28,10583,64,0
JO-A2,SNta26,36,28,10583,64,0
JO-EV2,aPhM1,42,22,10583,64,0
JO-EV2,BM_Vt_PoOc,42,22,10583,64,0
JO-EV2,PhG9,42,22,10583,64,0
JO-EV2,ORN_DC1,42,22,10583,64,0
JO-EV2,SNpp62,42,22,10583,64,0
JO-EV2,SNpp58,42,22,10583,64,0
JO-EV2,SNxx19,42,22,10583,64,0
JO-EV2,SNxx21,42,22,10583,64,0
JO-EV2,JO-B3,42,22,10583,64,0
SNxx20,GNG644,44,20,10583,64,0
SNxx20,ORN_DL5,44,20,10583,64,0
SNxx20,WG2,44,20,10583,64,0
SNxx20,LgAG3,44,20,10583,64,0
SNxx20,PhG1b,44,20,10583,64,0
SNxx20,BM_vOcci_vPoOr,44,20,10583,64,0
SNxx20,LB1e,44,20,10583,64,0
SNxx20,SNxx30,44,20,10583,64,0
LgAG1,GNG644,44,20,10583,64,0
LgAG1,ORN_DL5,44,20,10583,64,0
LgAG1,WG2,44,20,10583,64,0
LgAG1,PhG1b,44,20,10583,64,0
LgAG1,BM_vOcci_vPoOr,44,20,10583,64,0
LgAG1,LB1e,44,20,10583,64,0
LgAG1,SNxx30,44,20,10583,64,0
LgLG1b,LB3c,39,25,10583,64,0
LgLG1b,SNxx26,39,25,10583,64,0
LgLG1b,ORN_VA2,39,25,10583,64,0
SNch01,LgLG5,56,8,10583,64,0
SNch01,HBeyelet,56,8,10583,64,0
SNch01,PhG1a,56,8,10583,64,0
HRN_VP4,WG3,31,33,10583,64,0
HRN_VP4,SNta31,31,33,10583,64,0
WG3,HRN_VP1d,33,31,10583,64,0
WG3,JO-ED1,33,31,10583,64,0
WG3,SApp13,33,31,10583,64,0
R8p,SNta30,11,53,10583,64,0
aPhM1,SNpp32,22,42,10583,64,0
SNxx09,SNta30,11,53,10583,64,0
ORN_VL2a,SNpp23,34,30,10583,64,0
ORN_VL2a,JO-CL,34,30,10583,64,0
ORN_VL2a,SNpp41,34,30,10583,64,0
LB3b,SAxx01,17,47,10583,64,0
LB3b,SNxx29,17,47,10583,64,0
LB3b,SNta11,17,47,10583,64,0
LB3b,SNpp51,17,47,10583,64,0
SNxx15,TRN_VP1m,40,24,10583,64,0
SNxx15,SNpp02,40,24,10583,64,0
aPhM2a,TRN_VP3a,46,18,10583,64,0
aPhM2a,TRN_VP2,46,18,10583,64,0
aPhM2a,ORN_VC1,46,18,10583,64,0
aPhM2a,ORN_VM7d,46,18,10583,64,0
aPhM2a,LgAG2,46,18,10583,64,0
aPhM2a,DNx01,46,18,10583,64,0
SAxx02,ORN_DM2,51,13,10583,64,0
SAxx02,DNg20,51,13,10583,64,0
SAxx02,SNxx06,51,13,10583,64,0
SAxx02,SNpp15,51,13,10583,64,0
SAxx02,ORN_DA2,51,13,10583,64,0
SAxx02,PhG16,51,13,10583,64,0
SAxx02,SNpp18,51,13,10583,64,0
SAxx02,LgAG8,51,13,10583,64,0
BM_Vt_PoOc,SNpp32,22,42,10583,64,0
GNG644,SNpp60,20,44,10583,64,0
LgLG5,SApp04,8,56,10583,64,0
JO-A3,"SNta02,SNta09",21,43,10583,64,0
ORN_DA1,SNpp23,34,30,10583,64,0
ORN_DA1,JO-CL,34,30,10583,64,0
ORN_DA1,SNpp41,34,30,10583,64,0
SNpp23,BM_Vib,30,34,10583,64,0
SNpp23,PhG1c,30,34,10583,64,0
WG1,"SNta11,SNta14",15,49,10583,64,0
SNta14,SNpp16,28,36,10583,64,0
SNta14,SNxx14,28,36,10583,64,0
SNta14,SNch10,28,36,10583,64,0
SNta14,SNta18,28,36,10583,64,0
claw_tpGRN,SNxx02,37,27,10583,64,0
claw_tpGRN,JO-B4_b,37,27,10583,64,0
claw_tpGRN,SApp23,37,27,10583,64,0
claw_tpGRN,ORN_VL2p,37,27,10583,64,0
claw_tpGRN,SNta33,37,27,10583,64,0
LgLG2,SNta30,11,53,10583,64,0
TRN_VP3a,JO-mz,18,46,10583,64,0
TRN_VP3a,SNta03,18,46,10583,64,0
TRN_VP3a,SNta28,18,46,10583,64,0
LB3c,JO-ED2_c,25,39,10583,64,0
LB3c,SNpp47,25,39,10583,64,0
LB3c,SNpp33,25,39,10583,64,0
ORN_VM6v,"SNta02,SNta09",21,43,10583,64,0
ENS2,SNpp16,28,36,10583,64,0
ENS2,SNxx14,28,36,10583,64,0
ENS2,SNch10,28,36,10583,64,0
ENS2,SNta18,28,36,10583,64,0
ORN_DP1l,SNpp16,28,36,10583,64,0
ORN_DP1l,SNxx14,28,36,10583,64,0
ORN_DP1l,SNch10,28,36,10583,64,0
ORN_DP1l,SNta18,28,36,10583,64,0
SNpp16,ORN_VA6,36,28,10583,64,0
SNpp16,ENS4,36,28,10583,64,0
SNpp16,SNta26,36,28,10583,64,0
PhG9,SNpp32,22,42,10583,64,0
JO-mz,TRN_VP2,46,18,10583,64,0
JO-mz,aPhM2b,46,18,10583,64,0
JO-mz,ORN_VC1,46,18,10583,64,0
JO-mz,ORN_VM7d,46,18,10583,64,0
JO-mz,LgAG2,46,18,10583,64,0
JO-mz,DNx01,46,18,10583,64,0
SNpp60,ORN_DL5,44,20,10583,64,0
SNpp60,WG2,44,20,10583,64,0
SNpp60,LgAG3,44,20,10583,64,0
SNpp60,PhG1b,44,20,10583,64,0
SNpp60,BM_vOcci_vPoOr,44,20,10583,64,0
SNpp60,LB1e,44,20,10583,64,0
SNpp60,SNxx30,44,20,10583,64,0
SApp19,GNG654,50,14,10583,64,0
SApp19,HRN_VP5,50,14,10583,64,0
SApp19,LB4b,50,14,10583,64,0
SApp19,SNxx24,50,14,10583,64,0
SApp19,ORN_VC5,50,14,10583,64,0
SApp19,PhG4,50,14,10583,64,0
SApp19,SNpp06,50,14,10583,64,0
SApp19,BM_MaPa,50,14,10583,64,0
SApp19,PhG14,50,14,10583,64,0
SApp19,SNpp56,50,14,10583,64,0
SApp19,JO-B2,50,14,10583,64,0
SApp19,JO-B1_c,50,14,10583,64,0
ORN_DP1m,SNxx11,35,29,10583,64,0
ORN_DP1m,ORN_DC4,35,29,10583,64,0
ORN_DP1m,LB1c,35,29,10583,64,0
ORN_DP1m,"SNpp29,SNpp63",35,29,10583,64,0
ORN_DP1m,"SNta04,SNta11",35,29,10583,64,0
SNta03,TRN_VP2,46,18,10583,64,0
SNta03,aPhM2b,46,18,10583,64,0
SNta03,ORN_VC1,46,18,10583,64,0
SNta03,ORN_VM7d,46,18,10583,64,0
SNta03,LgAG2,46,18,10583,64,0
SNta03,DNx01,46,18,10583,64,0
R8_unclear,SNta30,11,53,10583,64,0
SNxx04,GNG654,50,14,10583,64,0
SNxx04,HRN_VP5,50,14,10583,64,0
SNxx04,LB4b,50,14,10583,64,0
SNxx04,SNxx24,50,14,10583,64,0
SNxx04,ORN_VC5,50,14,10583,64,0
SNxx04,PhG4,50,14,10583,64,0
SNxx04,SNpp06,50,14,10583,64,0
SNxx04,BM_MaPa,50,14,10583,64,0
SNxx04,PhG14,50,14,10583,64,0
SNxx04,SNpp56,50,14,10583,64,0
SNxx04,JO-B2,50,14,10583,64,0
SNxx04,JO-B1_c,50,14,10583,64,0
WG4,SNpp43,23,41,10583,64,0
"SNta11,SNta14",LgAG9,49,15,10583,64,0
"SNta11,SNta14",ORN_VA1d,49,15,10583,64,0
"SNta11,SNta14",SNpp57,49,15,10583,64,0
"SNta11,SNta14",LB1b,49,15,10583,64,0
"SNta11,SNta14",SNpp12,49,15,10583,64,0
"SNta11,SNta14",PhG8,49,15,10583,64,0
ORN_DM1,SNxx25,26,38,10583,64,0
SAxx01,ORN_VA1v,47,17,10583,64,0
SAxx01,JO-A1,47,17,10583,64,0
SAxx01,SNpp05,47,17,10583,64,0
SAxx01,SNxx28,47,17,10583,64,0
SAxx01,ORN_VM5v,47,17,10583,64,0
SAxx01,SNpp31,47,17,10583,64,0
SAxx01,SNpp17,47,17,10583,64,0
SAxx01,SNpp01,47,17,10583,64,0
SNxx03,ORN_DM2,51,13,10583,64,0
SNxx03,SNpp15,51,13,10583,64,0
SNxx03,ORN_DA2,51,13,10583,64,0
SNxx03,PhG16,51,13,10583,64,0
SNxx03,SNpp18,51,13,10583,64,0
SNxx03,LgAG8,51,13,10583,64,0
JO-ED2_c,SNxx26,39,25,10583,64,0
JO-ED2_c,ORN_VA2,39,25,10583,64,0
BM_Vib,JO-CL,34,30,10583,64,0
BM_Vib,SNpp41,34,30,10583,64,0
HRN_VP1d,SNta31,31,33,10583,64,0
SNxx29,ORN_VA1v,47,17,10583,64,0
SNxx29,JO-A1,47,17,10583,64,0
SNxx29,SNpp05,47,17,10583,64,0
SNxx29,SNxx28,47,17,10583,64,0
SNxx29,ORN_VM5v,47,17,10583,64,0
SNxx29,SNpp31,47,17,10583,64,0
SNxx29,SNpp17,47,17,10583,64,0
SNxx29,SNpp01,47,17,10583,64,0
ORN_DC1,SNpp32,22,42,10583,64,0
SNxx11,"SApp11,SApp18",29,35,10583,64,0
ORN_DC4,"SApp11,SApp18",29,35,10583,64,0
GNG654,SNta04,14,50,10583,64,0
SNpp47,SNxx26,39,25,10583,64,0
SNpp47,ORN_VA2,39,25,10583,64,0
TRN_VP2,SNta28,18,46,10583,64,0
aPhM2b,SNta28,18,46,10583,64,0
LB1c,"SApp11,SApp18",29,35,10583,64,0
JO-CL,PhG1c,30,34,10583,64,0
ENS3,SNta25,12,52,10583,64,0
SNpp43,ORN_D,41,23,10583,64,0
PhG1c,SNpp41,34,30,10583,64,0
JO-ED1,SNta31,31,33,10583,64,0
SNxx25,SNpp10,38,26,10583,64,0
SNxx25,SApp01,38,26,10583,64,0
SNpp50,ORN_DA3,59,5,10583,64,0
"SApp11,SApp18","SNpp29,SNpp63",35,29,10583,64,0
SNxx14,ORN_VA6,36,28,10583,64,0
SNxx14,ENS4,36,28,10583,64,0
SNxx14,SNta26,36,28,10583,64,0
SNxx17,"SNta02,SNta09",21,43,10583,64,0
SNta04,HRN_VP5,50,14,10583,64,0
SNta04,LB4b,50,14,10583,64,0
SNta04,SNxx24,50,14,10583,64,0
SNta04,ORN_VC5,50,14,10583,64,0
SNta04,PhG4,50,14,10583,64,0
SNta04,SNpp06,50,14,10583,64,0
SNta04,BM_MaPa,50,14,10583,64,0
SNta04,PhG14,50,14,10583,64,0
SNta04,SNpp56,50,14,10583,64,0
SNta04,JO-B2,50,14,10583,64,0
SNta04,JO-B1_c,50,14,10583,64,0
ORN_VA1v,SNta11,17,47,10583,64,0
ORN_VA1v,SNpp51,17,47,10583,64,0
JO-A1,SNta11,17,47,10583,64,0
JO-A1,SNpp51,17,47,10583,64,0
SNch10,ORN_VA6,36,28,10583,64,0
SNch10,ENS4,36,28,10583,64,0
SNch10,SNta26,36,28,10583,64,0
SNxx26,SNpp33,25,39,10583,64,0
ORN_VA2,SNpp33,25,39,10583,64,0
ORN_VA6,SNta18,28,36,10583,64,0
SNpp62,SNpp32,22,42,10583,64,0
ORN_DL2v,"SNta02,SNta09",21,43,10583,64,0
ORN_VC1,SNta28,18,46,10583,64,0
LB1a,SNta30,11,53,10583,64,0
ORN_VM4,SNta25,12,52,10583,64,0
ORN_VM7d,SNta28,18,46,10583,64,0
SNta18,ENS4,36,28,10583,64,0
SNta18,SNta26,36,28,10583,64,0
SNta11,SNpp05,47,17,10583,64,0
SNta11,SNxx28,47,17,10583,64,0
SNta11,ORN_VM5v,47,17,10583,64,0
SNta11,SNpp31,47,17,10583,64,0
SNta11,SNpp17,47,17,10583,64,0
SNta11,SNpp01,47,17,10583,64,0
SApp04,HBeyelet,56,8,10583,64,0
SApp04,PhG1a,56,8,10583,64,0
ENS1,SNta25,12,52,10583,64,0
PhG13,SNta25,12,52,10583,64,0
SNpp58,SNpp32,22,42,10583,64,0
SNpp51,SNpp05,47,17,10583,64,0
SNpp51,SNxx28,47,17,10583,64,0
SNpp51,ORN_VM5v,47,17,10583,64,0
SNpp51,SNpp31,47,17,10583,64,0
SNpp51,SNpp17,47,17,10583,64,0
SNpp51,SNpp01,47,17,10583,64,0
SNpp21,SNta30,11,53,10583,64,0
ORN_VM7v,SNta30,11,53,10583,64,0
SNpp32,SNxx19,42,22,10583,64,0
SNpp32,SNxx21,42,22,10583,64,0
SNpp32,JO-B3,42,22,10583,64,0
SNta25,ORN_DC2,52,12,10583,64,0
SNta25,SNpp37,52,12,10583,64,0
SNta25,ORN_VC4,52,12,10583,64,0
SNta25,b2 MN,52,12,10583,64,0
LgAG2,SNta28,18,46,10583,64,0
SApp13,SNta31,31,33,10583,64,0
SNta30,ORN_DL1,53,11,10583,64,0
DNx01,SNta28,18,46,10583,64,0
SNxx07,HRN_VP4,32,31,10584,63,0
SNxx07,HRN_VP1d,32,31,10584,63,0
SNxx07,JO-ED1,32,31,10584,63,0
SNxx07,SApp13,32,31,10584,63,0
SNxx08,"SNta02,SNta09",20,43,10584,63,0
TPMN1,WG4,40,23,10584,63,0
TPMN1,ORN_D,40,23,10584,63,0
aPhM5,ORN_VL2a,29,34,10584,63,0
aPhM5,ORN_DA1,29,34,10584,63,0
aPhM5,BM_Vib,29,34,10584,63,0
aPhM5,PhG1c,29,34,10584,63,0
SNxx23,R7d,50,13,10584,63,0
SNxx23,LgLG6,50,13,10584,63,0
SNxx23,ORN_DM2,50,13,10584,63,0
SNxx23,DNg20,50,13,10584,63,0
SNxx23,SNxx06,50,13,10584,63,0
SNxx23,SNpp15,50,13,10584,63,0
SNxx23,ORN_DA2,50,13,10584,63,0
SNxx23,PhG16,50,13,10584,63,0
SNxx23,SNpp18,50,13,10584,63,0
SNxx23,LgAG8,50,13,10584,63,0
JO-EV5,LgLG8,54,9,10584,63,0
JO-EV5,LB4a,54,9,10584,63,0
JO-EV5,PhG3,54,9,10584,63,0
JO-EV5,SApp21,54,9,10584,63,0
JO-EV5,LgAG6,54,9,10584,63,0
JO-EV5,tpn MN,54,9,10584,63,0
JO-EV5,JO-B4_a,54,9,10584,63,0
JO-ED2_a,LgLG7,56,7,10584,63,0
JO-ED2_a,DNg83,56,7,10584,63,0
JO-ED2_a,ORN_DL3,56,7,10584,63,0
JO-ED2_a,ORN_DM3,56,7,10584,63,0
TPMN2,claw_tpGRN,26,37,10584,63,0
R7y,SNta25,11,52,10584,63,0
R7p,SNta25,11,52,10584,63,0
JO-FV,LgLG5,55,8,10584,63,0
JO-FV,HBeyelet,55,8,10584,63,0
JO-FV,PhG1a,55,8,10584,63,0
R7d,SApp19,13,50,10584,63,0
R7d,SNxx04,13,50,10584,63,0
R7d,SNta04,13,50,10584,63,0
LgLG6,SApp19,13,50,10584,63,0
LgLG6,SNxx04,13,50,10584,63,0
LgLG6,SNta04,13,50,10584,63,0
LgLG1a,aPhM1,41,22,10584,63,0
LgLG1a,BM_Vt_PoOc,41,22,10584,63,0
LgLG1a,PhG9,41,22,10584,63,0
LgLG1a,ORN_DC1,41,22,10584,63,0
LgLG1a,SNpp62,41,22,10584,63,0
LgLG1a,SNpp58,41,22,10584,63,0
LgLG1a,SNxx19,41,22,10584,63,0
LgLG1a,SNxx21,41,22,10584,63,0
LgLG1a,JO-B3,41,22,10584,63,0
aPhM3,HRN_VP4,32,31,10584,63,0
aPhM3,HRN_VP1d,32,31,10584,63,0
aPhM3,JO-ED1,32,31,10584,63,0
aPhM3,SApp13,32,31,10584,63,0
SNpp39,LgLG7,56,7,10584,63,0
SNpp39,DNg83,56,7,10584,63,0
SNpp39,ORN_DL3,56,7,10584,63,0
SNpp39,ORN_DM3,56,7,10584,63,0
JO-A2,GNG643,36,27,10584,63,0
JO-A2,LB3d,36,27,10584,63,0
JO-A2,SNxx02,36,27,10584,63,0
JO-A2,BM_Hau,36,27,10584,63,0
JO-A2,JO-B4_b,36,27,10584,63,0
JO-A2,SApp23,36,27,10584,63,0
JO-A2,ORN_VL2p,36,27,10584,63,0
JO-A2,SNta33,36,27,10584,63,0
aPhM4,SNxx20,19,44,10584,63,0
aPhM4,LgAG1,19,44,10584,63,0
aPhM4,SNpp60,19,44,10584,63,0
JO-EV2,JO-A3,42,21,10584,63,0
JO-EV2,ORN_VM6v,42,21,10584,63,0
JO-EV2,SNxx17,42,21,10584,63,0
JO-EV2,ORN_DL2v,42,21,10584,63,0
SNxx20,LB3a,44,19,10584,63,0
SNxx20,SNpp35,44,19,10584,63,0
SNxx20,LgAG5,44,19,10584,63,0
SNxx20,LgAG7,44,19,10584,63,0
SNxx20,ORN_DL2d,44,19,10584,63,0
SNxx20,JO-B1_a,44,19,10584,63,0
SNxx20,SNta13,44,19,10584,63,0
LgAG1,LB3a,44,19,10584,63,0
LgAG1,SNpp35,44,19,10584,63,0
LgAG1,LgAG5,44,19,10584,63,0
LgAG1,LgAG7,44,19,10584,63,0
LgAG1,ORN_DL2d,44,19,10584,63,0
LgAG1,JO-B1_a,44,19,10584,63,0
LgAG1,SNta13,44,19,10584,63,0
LgLG1b,TRN_VP1m,39,24,10584,63,0
LgLG1b,SNpp02,39,24,10584,63,0
GNG643,SNpp16,27,36,10584,63,0
GNG643,SNxx14,27,36,10584,63,0
GNG643,SNch10,27,36,10584,63,0
GNG643,SNta18,27,36,10584,63,0
SNch01,LgLG7,56,7,10584,63,0
SNch01,DNg83,56,7,10584,63,0
SNch01,ORN_DL3,56,7,10584,63,0
SNch01,ORN_DM3,56,7,10584,63,0
HRN_VP4,SApp14,31,32,10584,63,0
HRN_VP4,SNpp07,31,32,10584,63,0
WG3,SNpp23,33,30,10584,63,0
WG3,JO-CL,33,30,10584,63,0
WG3,SNpp41,33,30,10584,63,0
R8p,SNta25,11,52,10584,63,0
aPhM1,SNpp43,22,41,10584,63,0
SNxx09,SNta25,11,52,10584,63,0
ORN_VL2a,SNxx11,34,29,10584,63,0
ORN_VL2a,ORN_DC4,34,29,10584,63,0
ORN_VL2a,LB1c,34,29,10584,63,0
ORN_VL2a,"SNpp29,SNpp63",34,29,10584,63,0
ORN_VL2a,"SNta04,SNta11",34,29,10584,63,0
LB3b,aPhM2a,17,46,10584,63,0
LB3b,JO-mz,17,46,10584,63,0
LB3b,SNta03,17,46,10584,63,0
LB3b,SNta28,17,46,10584,63,0
SNxx15,WG4,40,23,10584,63,0
SNxx15,ORN_D,40,23,10584,63,0
aPhM2a,ORN_VA1v,46,17,10584,63,0
aPhM2a,JO-A1,46,17,10584,63,0
aPhM2a,SNpp05,46,17,10584,63,0
aPhM2a,SNxx28,46,17,10584,63,0
aPhM2a,ORN_VM5v,46,17,10584,63,0
aPhM2a,SNpp31,46,17,10584,63,0
aPhM2a,SNpp17,46,17,10584,63,0
aPhM2a,SNpp01,46,17,10584,63,0
SAxx02,ENS3,51,12,10584,63,0
SAxx02,ORN_VM4,51,12,10584,63,0
SAxx02,ENS1,51,12,10584,63,0
SAxx02,PhG13,51,12,10584,63,0
SAxx02,ORN_DC2,51,12,10584,63,0
SAxx02,SNpp37,51,12,10584,63,0
SAxx02,ORN_VC4,51,12,10584,63,0
SAxx02,b2 MN,51,12,10584,63,0
BM_Vt_PoOc,SNpp43,22,41,10584,63,0
GNG644,"SNta02,SNta09",20,43,10584,63,0
R8y,SNta30,10,53,10584,63,0
JO-A3,SNpp32,21,42,10584,63,0
ORN_DA1,SNxx11,34,29,10584,63,0
ORN_DA1,ORN_DC4,34,29,10584,63,0
ORN_DA1,LB1c,34,29,10584,63,0
ORN_DA1,"SNpp29,SNpp63",34,29,10584,63,0
ORN_DA1,"SNta04,SNta11",34,29,10584,63,0
SNpp23,SNta31,30,33,10584,63,0
SNta14,ORN_DP1m,28,35,10584,63,0
SNta14,"SApp11,SApp18",28,35,10584,63,0
claw_tpGRN,ORN_DM1,37,26,10584,63,0
claw_tpGRN,SNpp10,37,26,10584,63,0
claw_tpGRN,SApp01,37,26,10584,63,0
LgLG2,SNta25,11,52,10584,63,0
LB3d,SNpp16,27,36,10584,63,0
LB3d,SNxx14,27,36,10584,63,0
LB3d,SNch10,27,36,10584,63,0
LB3d,SNta18,27,36,10584,63,0
SNxx02,SNpp16,27,36,10584,63,0
SNxx02,SNxx14,27,36,10584,63,0
SNxx02,SNch10,27,36,10584,63,0
SNxx02,SNta18,27,36,10584,63,0
LB3c,SNxx25,25,38,10584,63,0
ORN_VM6v,SNpp32,21,42,10584,63,0
ENS2,ORN_DP1m,28,35,10584,63,0
ENS2,"SApp11,SApp18",28,35,10584,63,0
ORN_DP1l,ORN_DP1m,28,35,10584,63,0
ORN_DP1l,"SApp11,SApp18",28,35,10584,63,0
LB3a,SNpp60,19,44,10584,63,0
SNpp16,BM_Hau,36,27,10584,63,0
SNpp16,JO-B4_b,36,27,10584,63,0
SNpp16,SApp23,36,27,10584,63,0
SNpp16,ORN_VL2p,36,27,10584,63,0
SNpp16,SNta33,36,27,10584,63,0
TRN_VP1m,JO-ED2_c,24,39,10584,63,0
TRN_VP1m,SNpp47,24,39,10584,63,0
TRN_VP1m,SNpp33,24,39,10584,63,0
PhG9,SNpp43,22,41,10584,63,0
BM_Hau,SNxx14,27,36,10584,63,0
BM_Hau,SNch10,27,36,10584,63,0
BM_Hau,SNta18,27,36,10584,63,0
JO-mz,ORN_VA1v,46,17,10584,63,0
JO-mz,JO-A1,46,17,10584,63,0
JO-mz,SNpp05,46,17,10584,63,0
JO-mz,SNxx28,46,17,10584,63,0
JO-mz,ORN_VM5v,46,17,10584,63,0
JO-mz,SNpp31,46,17,10584,63,0
JO-mz,SNpp17,46,17,10584,63,0
JO-mz,SNpp01,46,17,10584,63,0
SNpp60,SNpp35,44,19,10584,63,0
SNpp60,LgAG5,44,19,10584,63,0
SNpp60,LgAG7,44,19,10584,63,0
SNpp60,ORN_DL2d,44,19,10584,63,0
SNpp60,JO-B1_a,44,19,10584,63,0
SNpp60,SNta13,44,19,10584,63,0
SApp19,ORN_DM2,50,13,10584,63,0
SApp19,DNg20,50,13,10584,63,0
SApp19,SNxx06,50,13,10584,63,0
SApp19,SNpp15,50,13,10584,63,0
SApp19,ORN_DA2,50,13,10584,63,0
SApp19,PhG16,50,13,10584,63,0
SApp19,SNpp18,50,13,10584,63,0
SApp19,LgAG8,50,13,10584,63,0
ORN_DP1m,ORN_VA6,35,28,10584,63,0
ORN_DP1m,ENS4,35,28,10584,63,0
ORN_DP1m,SNta26,35,28,10584,63,0
JO-B4_b,SNxx14,27,36,10584,63,0
JO-B4_b,SNch10,27,36,10584,63,0
JO-B4_b,SNta18,27,36,10584,63,0
SNta03,ORN_VA1v,46,17,10584,63,0
SNta03,JO-A1,46,17,10584,63,0
SNta03,SNpp05,46,17,10584,63,0
SNta03,SNxx28,46,17,10584,63,0
SNta03,ORN_VM5v,46,17,10584,63,0
SNta03,SNpp31,46,17,10584,63,0
SNta03,SNpp17,46,17,10584,63,0
SNta03,SNpp01,46,17,10584,63,0
R8_unclear,SNta25,11,52,10584,63,0
SNxx04,ORN_DM2,50,13,10584,63,0
SNxx04,SNpp15,50,13,10584,63,0
SNxx04,ORN_DA2,50,13,10584,63,0
SNxx04,PhG16,50,13,10584,63,0
SNxx04,SNpp18,50,13,10584,63,0
SNxx04,LgAG8,50,13,10584,63,0
"SNta11,SNta14",GNG654,49,14,10584,63,0
"SNta11,SNta14",HRN_VP5,49,14,10584,63,0
"SNta11,SNta14",LB4b,49,14,10584,63,0
"SNta11,SNta14",SNxx24,49,14,10584,63,0
"SNta11,SNta14",ORN_VC5,49,14,10584,63,0
"SNta11,SNta14",PhG4,49,14,10584,63,0
"SNta11,SNta14",SNpp06,49,14,10584,63,0
"SNta11,SNta14",BM_MaPa,49,14,10584,63,0
"SNta11,SNta14",PhG14,49,14,10584,63,0
"SNta11,SNta14",SNpp56,49,14,10584,63,0
"SNta11,SNta14",JO-B2,49,14,10584,63,0
"SNta11,SNta14",JO-B1_c,49,14,10584,63,0
SAxx01,GNG642,47,16,10584,63,0
SAxx01,ORN_V,47,16,10584,63,0
SAxx01,PhG10,47,16,10584,63,0
SAxx01,ORN_VL1,47,16,10584,63,0
SAxx01,LgLG4,47,16,10584,63,0
SAxx01,ORN_VM5d,47,16,10584,63,0
SAxx01,SNpp11,47,16,10584,63,0
SAxx01,ALBN1,47,16,10584,63,0
SAxx01,ENS5,47,16,10584,63,0
SAxx01,dorsal_tpGRN,47,16,10584,63,0
SAxx01,JO-CA2,47,16,10584,63,0
SNxx03,ENS3,51,12,10584,63,0
SNxx03,ORN_VM4,51,12,10584,63,0
SNxx03,ENS1,51,12,10584,63,0
SNxx03,PhG13,51,12,10584,63,0
SNxx03,ORN_DC2,51,12,10584,63,0
SNxx03,SNpp37,51,12,10584,63,0
SNxx03,ORN_VC4,51,12,10584,63,0
SNxx03,b2 MN,51,12,10584,63,0
JO-ED2_c,SNpp02,39,24,10584,63,0
BM_Vib,SNxx11,34,29,10584,63,0
BM_Vib,ORN_DC4,34,29,10584,63,0
BM_Vib,LB1c,34,29,10584,63,0
BM_Vib,"SNpp29,SNpp63",34,29,10584,63,0
BM_Vib,"SNta04,SNta11",34,29,10584,63,0
HRN_VP1d,SApp14,31,32,10584,63,0
HRN_VP1d,SNpp07,31,32,10584,63,0
SNxx29,GNG642,47,16,10584,63,0
SNxx29,ORN_V,47,16,10584,63,0
SNxx29,PhG10,47,16,10584,63,0
SNxx29,ORN_VL1,47,16,10584,63,0
SNxx29,LgLG4,47,16,10584,63,0
SNxx29,ORN_VM5d,47,16,10584,63,0
SNxx29,SNpp11,47,16,10584,63,0
SNxx29,ALBN1,47,16,10584,63,0
SNxx29,ENS5,47,16,10584,63,0
SNxx29,dorsal_tpGRN,47,16,10584,63,0
SNxx29,JO-CA2,47,16,10584,63,0
ORN_DC1,SNpp43,22,41,10584,63,0
GNG642,SNta11,16,47,10584,63,0
GNG642,SNpp51,16,47,10584,63,0
SNxx11,PhG1c,29,34,10584,63,0
ORN_DC4,PhG1c,29,34,10584,63,0
ORN_DM2,SNta04,13,50,10584,63,0
SApp23,SNxx14,27,36,10584,63,0
SApp23,SNch10,27,36,10584,63,0
SApp23,SNta18,27,36,10584,63,0
SNpp47,SNpp02,39,24,10584,63,0
LB1c,PhG1c,29,34,10584,63,0
JO-CL,SNta31,30,33,10584,63,0
ORN_VL2p,SNxx14,27,36,10584,63,0
ORN_VL2p,SNch10,27,36,10584,63,0
ORN_VL2p,SNta18,27,36,10584,63,0
ORN_DL5,"SNta02,SNta09",20,43,10584,63,0
SNpp43,SNpp62,41,22,10584,63,0
SNpp43,SNxx19,41,22,10584,63,0
SNpp43,SNxx21,41,22,10584,63,0
SNpp43,JO-B3,41,22,10584,63,0
PhG1c,"SNpp29,SNpp63",34,29,10584,63,0
PhG1c,"SNta04,SNta11",34,29,10584,63,0
SNpp41,SNta31,30,33,10584,63,0
JO-ED1,SApp14,31,32,10584,63,0
JO-ED1,SNpp07,31,32,10584,63,0
SNxx25,SNxx26,38,25,10584,63,0
SNxx25,ORN_VA2,38,25,10584,63,0
WG2,"SNta02,SNta09",20,43,10584,63,0
LgAG3,"SNta02,SNta09",20,43,10584,63,0
"SApp11,SApp18",ORN_VA6,35,28,10584,63,0
"SApp11,SApp18",ENS4,35,28,10584,63,0
"SApp11,SApp18",SNta26,35,28,10584,63,0
SNxx14,SNta33,36,27,10584,63,0
SNxx17,SNpp32,21,42,10584,63,0
ORN_V,SNta11,16,47,10584,63,0
ORN_V,SNpp51,16,47,10584,63,0
SNta04,DNg20,50,13,10584,63,0
SNta04,SNxx06,50,13,10584,63,0
SNta04,SNpp15,50,13,10584,63,0
SNta04,ORN_DA2,50,13,10584,63,0
SNta04,PhG16,50,13,10584,63,0
SNta04,SNpp18,50,13,10584,63,0
SNta04,LgAG8,50,13,10584,63,0
ORN_VA1v,SNta28,17,46,10584,63,0
JO-A1,SNta28,17,46,10584,63,0
SNch10,SNta33,36,27,10584,63,0
PhG1b,"SNta02,SNta09",20,43,10584,63,0
PhG10,SNta11,16,47,10584,63,0
PhG10,SNpp51,16,47,10584,63,0
HRN_VP1l,SNta30,10,53,10584,63,0
ORN_DL2v,SNpp32,21,42,10584,63,0
BM_vOcci_vPoOr,"SNta02,SNta09",20,43,10584,63,0
LB1a,SNta25,11,52,10584,63,0
ORN_VL1,SNta11,16,47,10584,63,0
ORN_VL1,SNpp51,16,47,10584,63,0
PhG6,SNta30,10,53,10584,63,0
SNpp33,SNpp02,39,24,10584,63,0
LB1e,"SNta02,SNta09",20,43,10584,63,0
SNta18,SNta33,36,27,10584,63,0
SNta11,LgLG4,47,16,10584,63,0
SNta11,ORN_VM5d,47,16,10584,63,0
SNta11,SNpp11,47,16,10584,63,0
SNta11,ALBN1,47,16,10584,63,0
SNta11,ENS5,47,16,10584,63,0
SNta11,dorsal_tpGRN,47,16,10584,63,0
SNta11,JO-CA2,47,16,10584,63,0
SApp04,LgLG7,56,7,10584,63,0
SApp04,DNg83,56,7,10584,63,0
SApp04,ORN_DL3,56,7,10584,63,0
SApp04,ORN_DM3,56,7,10584,63,0
SApp14,SApp13,32,31,10584,63,0
LgLG4,SNpp51,16,47,10584,63,0
SNpp51,ORN_VM5d,47,16,10584,63,0
SNpp51,SNpp11,47,16,10584,63,0
SNpp51,ALBN1,47,16,10584,63,0
SNpp51,ENS5,47,16,10584,63,0
SNpp51,dorsal_tpGRN,47,16,10584,63,0
SNpp51,JO-CA2,47,16,10584,63,0
SNxx30,"SNta02,SNta09",20,43,10584,63,0
SNpp21,SNta25,11,52,10584,63,0
ORN_VM7v,SNta25,11,52,10584,63,0
SNta25,ORN_DL1,52,11,10584,63,0
SNta30,LN-DN1,53,10,10584,63,0
SNta30,ORN_DM4,53,10,10584,63,0
SNta30,ORN_DM6,53,10,10584,63,0
SNta30,ORN_VA3,53,10,10584,63,0
SNpp05,SNta28,17,46,10584,63,0
SNxx28,SNta28,17,46,10584,63,0
ORN_VM5v,SNta28,17,46,10584,63,0
SNpp31,SNta28,17,46,10584,63,0
SNpp17,SNta28,17,46,10584,63,0
SNpp01,SNta28,17,46,10584,63,0
SNxx07,SNpp23,32,30,10585,62,0
SNxx07,JO-CL,32,30,10585,62,0
SNxx07,SNpp41,32,30,10585,62,0
SNxx08,JO-EV2,20,42,10585,62,0
SNxx08,SNpp32,20,42,10585,62,0
TPMN1,aPhM1,40,22,10585,62,0
TPMN1,BM_Vt_PoOc,40,22,10585,62,0
TPMN1,PhG9,40,22,10585,62,0
TPMN1,ORN_DC1,40,22,10585,62,0
TPMN1,SNpp62,40,22,10585,62,0
TPMN1,SNpp58,40,22,10585,62,0
TPMN1,SNxx19,40,22,10585,62,0
TPMN1,SNxx21,40,22,10585,62,0
TPMN1,JO-B3,40,22,10585,62,0
R7_unclear,SAxx01,15,47,10585,62,0
R7_unclear,SNxx29,15,47,10585,62,0
R7_unclear,SNta11,15,47,10585,62,0
R7_unclear,SNpp51,15,47,10585,62,0
aPhM5,WG3,29,33,10585,62,0
aPhM5,SNta31,29,33,10585,62,0
SNxx23,ENS3,50,12,10585,62,0
SNxx23,ORN_VM4,50,12,10585,62,0
SNxx23,ENS1,50,12,10585,62,0
SNxx23,PhG13,50,12,10585,62,0
SNxx23,ORN_DC2,50,12,10585,62,0
SNxx23,SNpp37,50,12,10585,62,0
SNxx23,ORN_VC4,50,12,10585,62,0
SNxx23,b2 MN,50,12,10585,62,0
JO-EV5,LgLG5,54,8,10585,62,0
JO-EV5,HBeyelet,54,8,10585,62,0
JO-EV5,PhG1a,54,8,10585,62,0
TPMN2,JO-A2,26,36,10585,62,0
TPMN2,SNpp16,26,36,10585,62,0
TPMN2,SNxx14,26,36,10585,62,0
TPMN2,SNch10,26,36,10585,62,0
TPMN2,SNta18,26,36,10585,62,0
R7y,SAxx02,11,51,10585,62,0
R7y,SNxx03,11,51,10585,62,0
R7p,SAxx02,11,51,10585,62,0
R7p,SNxx03,11,51,10585,62,0
JO-FV,LgLG7,55,7,10585,62,0
JO-FV,ORN_DL3,55,7,10585,62,0
JO-FV,ORN_DM3,55,7,10585,62,0
R7d,"SNta11,SNta14",13,49,10585,62,0
LgLG6,"SNta11,SNta14",13,49,10585,62,0
LgLG1a,JO-A3,41,21,10585,62,0
LgLG1a,ORN_VM6v,41,21,10585,62,0
LgLG1a,SNxx17,41,21,10585,62,0
LgLG1a,ORN_DL2v,41,21,10585,62,0
aPhM3,SNpp23,32,30,10585,62,0
aPhM3,JO-CL,32,30,10585,62,0
aPhM3,SNpp41,32,30,10585,62,0
JO-A2,ORN_DM1,36,26,10585,62,0
JO-A2,SNpp10,36,26,10585,62,0
JO-A2,SApp01,36,26,10585,62,0
aPhM4,"SNta02,SNta09",19,43,10585,62,0
JO-EV2,GNG644,42,20,10585,62,0
JO-EV2,ORN_DL5,42,20,10585,62,0
JO-EV2,WG2,42,20,10585,62,0
JO-EV2,LgAG3,42,20,10585,62,0
JO-EV2,PhG1b,42,20,10585,62,0
JO-EV2,BM_vOcci_vPoOr,42,20,10585,62,0
JO-EV2,LB1e,42,20,10585,62,0
JO-EV2,SNxx30,42,20,10585,62,0
SNxx20,TRN_VP3a,44,18,10585,62,0
SNxx20,TRN_VP2,44,18,10585,62,0
SNxx20,aPhM2b,44,18,10585,62,0
SNxx20,ORN_VC1,44,18,10585,62,0
SNxx20,ORN_VM7d,44,18,10585,62,0
SNxx20,LgAG2,44,18,10585,62,0
SNxx20,DNx01,44,18,10585,62,0
LgAG1,TRN_VP3a,44,18,10585,62,0
LgAG1,TRN_VP2,44,18,10585,62,0
LgAG1,aPhM2b,44,18,10585,62,0
LgAG1,ORN_VC1,44,18,10585,62,0
LgAG1,ORN_VM7d,44,18,10585,62,0
LgAG1,LgAG2,44,18,10585,62,0
LgAG1,DNx01,44,18,10585,62,0
LgLG1b,WG4,39,23,10585,62,0
LgLG1b,ORN_D,39,23,10585,62,0
GNG643,ORN_DP1m,27,35,10585,62,0
GNG643,"SApp11,SApp18",27,35,10585,62,0
HRN_VP4,JO-ED1,31,31,10585,62,0
HRN_VP4,SApp13,31,31,10585,62,0
WG3,SNxx11,33,29,10585,62,0
WG3,ORN_DC4,33,29,10585,62,0
WG3,LB1c,33,29,10585,62,0
WG3,"SNpp29,SNpp63",33,29,10585,62,0
WG3,"SNta04,SNta11",33,29,10585,62,0
R8p,SAxx02,11,51,10585,62,0
R8p,SNxx03,11,51,10585,62,0
aPhM1,SNxx15,22,40,10585,62,0
SNxx09,SAxx02,11,51,10585,62,0
SNxx09,SNxx03,11,51,10585,62,0
ORN_VL2a,SNta14,34,28,10585,62,0
ORN_VL2a,ENS2,34,28,10585,62,0
ORN_VL2a,ORN_DP1l,34,28,10585,62,0
ORN_VL2a,ORN_VA6,34,28,10585,62,0
ORN_VL2a,ENS4,34,28,10585,62,0
ORN_VL2a,SNta26,34,28,10585,62,0
SNxx15,BM_Vt_PoOc,40,22,10585,62,0
SNxx15,PhG9,40,22,10585,62,0
SNxx15,ORN_DC1,40,22,10585,62,0
SNxx15,SNpp62,40,22,10585,62,0
SNxx15,SNpp58,40,22,10585,62,0
SNxx15,JO-B3,40,22,10585,62,0
aPhM2a,GNG642,46,16,10585,62,0
aPhM2a,ORN_V,46,16,10585,62,0
aPhM2a,PhG10,46,16,10585,62,0
aPhM2a,ORN_VL1,46,16,10585,62,0
aPhM2a,LgLG4,46,16,10585,62,0
aPhM2a,ORN_VM5d,46,16,10585,62,0
aPhM2a,SNpp11,46,16,10585,62,0
aPhM2a,ALBN1,46,16,10585,62,0
aPhM2a,ENS5,46,16,10585,62,0
aPhM2a,dorsal_tpGRN,46,16,10585,62,0
aPhM2a,JO-CA2,46,16,10585,62,0
SAxx02,LgLG2,51,11,10585,62,0
SAxx02,R8_unclear,51,11,10585,62,0
SAxx02,LB1a,51,11,10585,62,0
SAxx02,SNpp21,51,11,10585,62,0
SAxx02,ORN_VM7v,51,11,10585,62,0
SAxx02,ORN_DL1,51,11,10585,62,0
GNG644,SNpp32,20,42,10585,62,0
R8y,SNta25,10,52,10585,62,0
JO-A3,SNpp43,21,41,10585,62,0
ORN_DA1,SNta14,34,28,10585,62,0
ORN_DA1,ENS2,34,28,10585,62,0
ORN_DA1,ORN_DP1l,34,28,10585,62,0
ORN_DA1,ORN_VA6,34,28,10585,62,0
ORN_DA1,ENS4,34,28,10585,62,0
ORN_DA1,SNta26,34,28,10585,62,0
SNpp23,SApp14,30,32,10585,62,0
SNpp23,SNpp07,30,32,10585,62,0
WG1,SAxx01,15,47,10585,62,0
WG1,SNxx29,15,47,10585,62,0
WG1,SNta11,15,47,10585,62,0
WG1,SNpp51,15,47,10585,62,0
SNta14,BM_Vib,28,34,10585,62,0
SNta14,PhG1c,28,34,10585,62,0
claw_tpGRN,LB3c,37,25,10585,62,0
claw_tpGRN,SNxx26,37,25,10585,62,0
claw_tpGRN,ORN_VA2,37,25,10585,62,0
LgLG2,SNxx03,11,51,10585,62,0
TRN_VP3a,SNpp60,18,44,10585,62,0
LB3d,ORN_DP1m,27,35,10585,62,0
LB3d,"SApp11,SApp18",27,35,10585,62,0
SNxx02,ORN_DP1m,27,35,10585,62,0
SNxx02,"SApp11,SApp18",27,35,10585,62,0
LgLG8,SNta30,9,53,10585,62,0
ORN_VM6v,SNpp43,21,41,10585,62,0
ENS2,BM_Vib,28,34,10585,62,0
ENS2,PhG1c,28,34,10585,62,0
ORN_DP1l,BM_Vib,28,34,10585,62,0
ORN_DP1l,PhG1c,28,34,10585,62,0
LB3a,"SNta02,SNta09",19,43,10585,62,0
SNpp16,ORN_DM1,36,26,10585,62,0
SNpp16,SNpp10,36,26,10585,62,0
SNpp16,SApp01,36,26,10585,62,0
TRN_VP1m,SNxx25,24,38,10585,62,0
BM_Hau,ORN_DP1m,27,35,10585,62,0
BM_Hau,"SApp11,SApp18",27,35,10585,62,0
JO-mz,GNG642,46,16,10585,62,0
JO-mz,ORN_V,46,16,10585,62,0
JO-mz,PhG10,46,16,10585,62,0
JO-mz,ORN_VL1,46,16,10585,62,0
JO-mz,LgLG4,46,16,10585,62,0
JO-mz,ORN_VM5d,46,16,10585,62,0
JO-mz,SNpp11,46,16,10585,62,0
JO-mz,ALBN1,46,16,10585,62,0
JO-mz,ENS5,46,16,10585,62,0
JO-mz,dorsal_tpGRN,46,16,10585,62,0
JO-mz,JO-CA2,46,16,10585,62,0
SNpp60,TRN_VP2,44,18,10585,62,0
SNpp60,aPhM2b,44,18,10585,62,0
SNpp60,ORN_VC1,44,18,10585,62,0
SNpp60,ORN_VM7d,44,18,10585,62,0
SNpp60,LgAG2,44,18,10585,62,0
SNpp60,DNx01,44,18,10585,62,0
SApp19,ENS3,50,12,10585,62,0
SApp19,ORN_VM4,50,12,10585,62,0
SApp19,ENS1,50,12,10585,62,0
SApp19,PhG13,50,12,10585,62,0
SApp19,ORN_DC2,50,12,10585,62,0
SApp19,SNpp37,50,12,10585,62,0
SApp19,ORN_VC4,50,12,10585,62,0
SApp19,b2 MN,50,12,10585,62,0
ORN_DP1m,JO-B4_b,35,27,10585,62,0
ORN_DP1m,SApp23,35,27,10585,62,0
ORN_DP1m,ORN_VL2p,35,27,10585,62,0
ORN_DP1m,SNta33,35,27,10585,62,0
JO-B4_b,"SApp11,SApp18",27,35,10585,62,0
SNta03,GNG642,46,16,10585,62,0
SNta03,ORN_V,46,16,10585,62,0
SNta03,PhG10,46,16,10585,62,0
SNta03,ORN_VL1,46,16,10585,62,0
SNta03,LgLG4,46,16,10585,62,0
SNta03,ORN_VM5d,46,16,10585,62,0
SNta03,SNpp11,46,16,10585,62,0
SNta03,ALBN1,46,16,10585,62,0
SNta03,ENS5,46,16,10585,62,0
SNta03,dorsal_tpGRN,46,16,10585,62,0
SNta03,JO-CA2,46,16,10585,62,0
R8_unclear,SNxx03,11,51,10585,62,0
SNxx04,ENS3,50,12,10585,62,0
SNxx04,ORN_VM4,50,12,10585,62,0
SNxx04,ENS1,50,12,10585,62,0
SNxx04,PhG13,50,12,10585,62,0
SNxx04,ORN_DC2,50,12,10585,62,0
SNxx04,SNpp37,50,12,10585,62,0
SNxx04,ORN_VC4,50,12,10585,62,0
SNxx04,b2 MN,50,12,10585,62,0
WG4,JO-ED2_c,23,39,10585,62,0
WG4,SNpp47,23,39,10585,62,0
WG4,SNpp33,23,39,10585,62,0
"SNta11,SNta14",ORN_DM2,49,13,10585,62,0
"SNta11,SNta14",DNg20,49,13,10585,62,0
"SNta11,SNta14",SNxx06,49,13,10585,62,0
"SNta11,SNta14",SNpp15,49,13,10585,62,0
"SNta11,SNta14",ORN_DA2,49,13,10585,62,0
"SNta11,SNta14",PhG16,49,13,10585,62,0
"SNta11,SNta14",SNpp18,49,13,10585,62,0
"SNta11,SNta14",LgAG8,49,13,10585,62,0
ORN_DM1,SNxx14,26,36,10585,62,0
ORN_DM1,SNch10,26,36,10585,62,0
ORN_DM1,SNta18,26,36,10585,62,0
SAxx01,LgAG9,47,15,10585,62,0
SAxx01,ORN_VA1d,47,15,10585,62,0
SAxx01,SNpp57,47,15,10585,62,0
SAxx01,LB1b,47,15,10585,62,0
SAxx01,SNpp12,47,15,10585,62,0
SAxx01,PhG8,47,15,10585,62,0
SNxx03,LB1a,51,11,10585,62,0
SNxx03,SNpp21,51,11,10585,62,0
SNxx03,ORN_VM7v,51,11,10585,62,0
SNxx03,ORN_DL1,51,11,10585,62,0
JO-ED2_c,ORN_D,39,23,10585,62,0
BM_Vib,ORN_VA6,34,28,10585,62,0
BM_Vib,ENS4,34,28,10585,62,0
BM_Vib,SNta26,34,28,10585,62,0
HRN_VP1d,JO-ED1,31,31,10585,62,0
HRN_VP1d,SApp13,31,31,10585,62,0
SNxx29,LgAG9,47,15,10585,62,0
SNxx29,ORN_VA1d,47,15,10585,62,0
SNxx29,SNpp57,47,15,10585,62,0
SNxx29,LB1b,47,15,10585,62,0
SNxx29,SNpp12,47,15,10585,62,0
SNxx29,PhG8,47,15,10585,62,0
GNG642,SNta28,16,46,10585,62,0
SNxx11,SNta31,29,33,10585,62,0
ORN_DC4,SNta31,29,33,10585,62,0
SApp23,"SApp11,SApp18",27,35,10585,62,0
SNpp47,ORN_D,39,23,10585,62,0
LB1c,SNta31,29,33,10585,62,0
JO-CL,SApp14,30,32,10585,62,0
JO-CL,SNpp07,30,32,10585,62,0
LgAG9,SNta11,15,47,10585,62,0
LgAG9,SNpp51,15,47,10585,62,0
ORN_VL2p,"SApp11,SApp18",27,35,10585,62,0
ORN_DL5,SNpp32,20,42,10585,62,0
ENS3,SNta04,12,50,10585,62,0
SNpp43,SNxx17,41,21,10585,62,0
SNpp43,ORN_DL2v,41,21,10585,62,0
PhG1c,ORN_VA6,34,28,10585,62,0
PhG1c,ENS4,34,28,10585,62,0
PhG1c,SNta26,34,28,10585,62,0
SNpp41,SApp14,30,32,10585,62,0
SNpp41,SNpp07,30,32,10585,62,0
JO-ED1,SApp13,31,31,10585,62,0
SNxx25,SNpp02,38,24,10585,62,0
SNpp35,"SNta02,SNta09",19,43,10585,62,0
SNpp50,R8d,59,3,10585,62,0
WG2,SNpp32,20,42,10585,62,0
LgAG3,SNpp32,20,42,10585,62,0
SNxx14,SNpp10,36,26,10585,62,0
SNxx14,SApp01,36,26,10585,62,0
ORN_V,SNta28,16,46,10585,62,0
SNta04,ORN_VM4,50,12,10585,62,0
SNta04,ENS1,50,12,10585,62,0
SNta04,PhG13,50,12,10585,62,0
SNta04,ORN_DC2,50,12,10585,62,0
SNta04,SNpp37,50,12,10585,62,0
SNta04,ORN_VC4,50,12,10585,62,0
SNta04,b2 MN,50,12,10585,62,0
SNch10,SNpp10,36,26,10585,62,0
SNch10,SApp01,36,26,10585,62,0
LgAG5,"SNta02,SNta09",19,43,10585,62,0
SNpp10,SNta18,26,36,10585,62,0
PhG1b,SNpp32,20,42,10585,62,0
PhG10,SNta28,16,46,10585,62,0
SApp01,SNta18,26,36,10585,62,0
LgAG7,"SNta02,SNta09",19,43,10585,62,0
HRN_VP1l,SNta25,10,52,10585,62,0
"SNpp29,SNpp63",SNta31,29,33,10585,62,0
BM_vOcci_vPoOr,SNpp32,20,42,10585,62,0
ORN_VL1,SNta28,16,46,10585,62,0
ORN_DL2d,"SNta02,SNta09",19,43,10585,62,0
PhG6,SNta25,10,52,10585,62,0
SNpp33,ORN_D,39,23,10585,62,0
LB1e,SNpp32,20,42,10585,62,0
SNta11,ORN_VA1d,47,15,10585,62,0
SNta11,SNpp57,47,15,10585,62,0
SNta11,LB1b,47,15,10585,62,0
SNta11,SNpp12,47,15,10585,62,0
SNta11,PhG8,47,15,10585,62,0
ORN_VA1d,SNpp51,15,47,10585,62,0
SNpp57,SNpp51,15,47,10585,62,0
LgLG4,SNta28,16,46,10585,62,0
LB1b,SNpp51,15,47,10585,62,0
SNpp51,SNpp12,47,15,10585,62,0
SNpp51,PhG8,47,15,10585,62,0
SNxx30,SNpp32,20,42,10585,62,0
"SNta02,SNta09",JO-B1_a,43,19,10585,62,0
"SNta02,SNta09",SNta13,43,19,10585,62,0
ORN_VM5d,SNta28,16,46,10585,62,0
SNta25,LN-DN1,52,10,10585,62,0
SNta25,ORN_DM4,52,10,10585,62,0
SNta25,ORN_DM6,52,10,10585,62,0
SNta25,ORN_VA3,52,10,10585,62,0
SNta30,LB4a,53,9,10585,62,0
SNta30,PhG3,53,9,10585,62,0
SNta30,SApp21,53,9,10585,62,0
SNta30,LgAG6,53,9,10585,62,0
SNta30,tpn MN,53,9,10585,62,0
SNta30,JO-B4_a,53,9,10585,62,0
"SNta04,SNta11",SNta31,29,33,10585,62,0
SNpp11,SNta28,16,46,10585,62,0
ALBN1,SNta28,16,46,10585,62,0
ENS5,SNta28,16,46,10585,62,0
dorsal_tpGRN,SNta28,16,46,10585,62,0
JO-CA2,SNta28,16,46,10585,62,0
SNxx07,aPhM5,32,29,10586,61,0
SNxx07,SNxx11,32,29,10586,61,0
SNxx07,ORN_DC4,32,29,10586,61,0
SNxx07,LB1c,32,29,10586,61,0
SNxx07,"SNpp29,SNpp63",32,29,10586,61,0
SNxx07,"SNta04,SNta11",32,29,10586,61,0
SNxx08,LgLG1a,20,41,10586,61,0
SNxx08,SNpp43,20,41,10586,61,0
TPMN1,JO-A3,40,21,10586,61,0
TPMN1,ORN_VM6v,40,21,10586,61,0
TPMN1,SNxx17,40,21,10586,61,0
TPMN1,ORN_DL2v,40,21,10586,61,0
R7_unclear,aPhM2a,15,46,10586,61,0
R7_unclear,JO-mz,15,46,10586,61,0
R7_unclear,SNta03,15,46,10586,61,0
R7_unclear,SNta28,15,46,10586,61,0
aPhM5,aPhM3,29,32,10586,61,0
aPhM5,SApp14,29,32,10586,61,0
aPhM5,SNpp07,29,32,10586,61,0
SNxx23,R7y,50,11,10586,61,0
SNxx23,R7p,50,11,10586,61,0
SNxx23,R8p,50,11,10586,61,0
SNxx23,SNxx09,50,11,10586,61,0
SNxx23,LgLG2,50,11,10586,61,0
SNxx23,R8_unclear,50,11,10586,61,0
SNxx23,LB1a,50,11,10586,61,0
SNxx23,SNpp21,50,11,10586,61,0
SNxx23,ORN_VM7v,50,11,10586,61,0
SNxx23,ORN_DL1,50,11,10586,61,0
JO-EV5,LgLG7,54,7,10586,61,0
JO-EV5,DNg83,54,7,10586,61,0
JO-EV5,ORN_DL3,54,7,10586,61,0
JO-EV5,ORN_DM3,54,7,10586,61,0
JO-ED2_a,ORN_DA3,56,5,10586,61,0
TPMN2,ORN_DP1m,26,35,10586,61,0
TPMN2,"SApp11,SApp18",26,35,10586,61,0
R7y,SApp19,11,50,10586,61,0
R7y,SNxx04,11,50,10586,61,0
R7y,SNta04,11,50,10586,61,0
R7p,SApp19,11,50,10586,61,0
R7p,SNxx04,11,50,10586,61,0
R7p,SNta04,11,50,10586,61,0
LgLG1a,GNG644,41,20,10586,61,0
LgLG1a,ORN_DL5,41,20,10586,61,0
LgLG1a,WG2,41,20,10586,61,0
LgLG1a,LgAG3,41,20,10586,61,0
LgLG1a,PhG1b,41,20,10586,61,0
LgLG1a,BM_vOcci_vPoOr,41,20,10586,61,0
LgLG1a,LB1e,41,20,10586,61,0
LgLG1a,SNxx30,41,20,10586,61,0
aPhM3,SNxx11,32,29,10586,61,0
aPhM3,ORN_DC4,32,29,10586,61,0
aPhM3,LB1c,32,29,10586,61,0
aPhM3,"SNpp29,SNpp63",32,29,10586,61,0
aPhM3,"SNta04,SNta11",32,29,10586,61,0
SNpp39,ORN_DA3,56,5,10586,61,0
JO-A2,LB3c,36,25,10586,61,0
JO-A2,SNxx26,36,25,10586,61,0
JO-A2,ORN_VA2,36,25,10586,61,0
aPhM4,JO-EV2,19,42,10586,61,0
aPhM4,SNpp32,19,42,10586,61,0
JO-EV2,LB3a,42,19,10586,61,0
JO-EV2,SNpp35,42,19,10586,61,0
JO-EV2,LgAG5,42,19,10586,61,0
JO-EV2,LgAG7,42,19,10586,61,0
JO-EV2,ORN_DL2d,42,19,10586,61,0
JO-EV2,JO-B1_a,42,19,10586,61,0
JO-EV2,SNta13,42,19,10586,61,0
SNxx20,LB3b,44,17,10586,61,0
SNxx20,ORN_VA1v,44,17,10586,61,0
SNxx20,JO-A1,44,17,10586,61,0
SNxx20,SNpp05,44,17,10586,61,0
SNxx20,SNxx28,44,17,10586,61,0
SNxx20,ORN_VM5v,44,17,10586,61,0
SNxx20,SNpp31,44,17,10586,61,0
SNxx20,SNpp17,44,17,10586,61,0
SNxx20,SNpp01,44,17,10586,61,0
LgAG1,LB3b,44,17,10586,61,0
LgAG1,ORN_VA1v,44,17,10586,61,0
LgAG1,JO-A1,44,17,10586,61,0
LgAG1,SNpp05,44,17,10586,61,0
LgAG1,SNxx28,44,17,10586,61,0
LgAG1,ORN_VM5v,44,17,10586,61,0
LgAG1,SNpp31,44,17,10586,61,0
LgAG1,SNpp17,44,17,10586,61,0
LgAG1,SNpp01,44,17,10586,61,0
LgLG1b,aPhM1,39,22,10586,61,0
LgLG1b,BM_Vt_PoOc,39,22,10586,61,0
LgLG1b,PhG9,39,22,10586,61,0
LgLG1b,ORN_DC1,39,22,10586,61,0
LgLG1b,SNpp62,39,22,10586,61,0
LgLG1b,SNpp58,39,22,10586,61,0
LgLG1b,SNxx19,39,22,10586,61,0
LgLG1b,SNxx21,39,22,10586,61,0
LgLG1b,JO-B3,39,22,10586,61,0
GNG643,ORN_VL2a,27,34,10586,61,0
GNG643,ORN_DA1,27,34,10586,61,0
GNG643,PhG1c,27,34,10586,61,0
SNch01,ORN_DA3,56,5,10586,61,0
HRN_VP4,SNpp23,31,30,10586,61,0
HRN_VP4,JO-CL,31,30,10586,61,0
HRN_VP4,SNpp41,31,30,10586,61,0
WG3,SNta14,33,28,10586,61,0
WG3,ENS2,33,28,10586,61,0
WG3,ORN_DP1l,33,28,10586,61,0
WG3,ORN_VA6,33,28,10586,61,0
WG3,ENS4,33,28,10586,61,0
WG3,SNta26,33,28,10586,61,0
R8p,SApp19,11,50,10586,61,0
R8p,SNxx04,11,50,10586,61,0
R8p,SNta04,11,50,10586,61,0
aPhM1,JO-ED2_c,22,39,10586,61,0
aPhM1,SNpp47,22,39,10586,61,0
aPhM1,SNpp33,22,39,10586,61,0
SNxx09,SApp19,11,50,10586,61,0
SNxx09,SNxx04,11,50,10586,61,0
SNxx09,SNta04,11,50,10586,61,0
ORN_VL2a,LB3d,34,27,10586,61,0
ORN_VL2a,SNxx02,34,27,10586,61,0
ORN_VL2a,BM_Hau,34,27,10586,61,0
ORN_VL2a,JO-B4_b,34,27,10586,61,0
ORN_VL2a,SApp23,34,27,10586,61,0
ORN_VL2a,ORN_VL2p,34,27,10586,61,0
ORN_VL2a,SNta33,34,27,10586,61,0
LB3b,SNpp60,17,44,10586,61,0
SNxx15,JO-A3,40,21,10586,61,0
SNxx15,ORN_VM6v,40,21,10586,61,0
SNxx15,SNxx17,40,21,10586,61,0
SNxx15,ORN_DL2v,40,21,10586,61,0
aPhM2a,WG1,46,15,10586,61,0
aPhM2a,LgAG9,46,15,10586,61,0
aPhM2a,ORN_VA1d,46,15,10586,61,0
aPhM2a,SNpp57,46,15,10586,61,0
aPhM2a,LB1b,46,15,10586,61,0
aPhM2a,SNpp12,46,15,10586,61,0
aPhM2a,PhG8,46,15,10586,61,0
SAxx02,R8y,51,10,10586,61,0
SAxx02,HRN_VP1l,51,10,10586,61,0
SAxx02,PhG6,51,10,10586,61,0
SAxx02,LN-DN1,51,10,10586,61,0
SAxx02,ORN_DM4,51,10,10586,61,0
SAxx02,ORN_DM6,51,10,10586,61,0
SAxx02,ORN_VA3,51,10,10586,61,0
BM_Vt_PoOc,JO-ED2_c,22,39,10586,61,0
BM_Vt_PoOc,SNpp47,22,39,10586,61,0
BM_Vt_PoOc,SNpp33,22,39,10586,61,0
GNG644,SNpp43,20,41,10586,61,0
R8y,SNxx03,10,51,10586,61,0
LgLG5,SNta30,8,53,10586,61,0
ORN_DA1,LB3d,34,27,10586,61,0
ORN_DA1,SNxx02,34,27,10586,61,0
ORN_DA1,BM_Hau,34,27,10586,61,0
ORN_DA1,JO-B4_b,34,27,10586,61,0
ORN_DA1,SApp23,34,27,10586,61,0
ORN_DA1,ORN_VL2p,34,27,10586,61,0
ORN_DA1,SNta33,34,27,10586,61,0
SNpp23,HRN_VP1d,30,31,10586,61,0
SNpp23,JO-ED1,30,31,10586,61,0
SNpp23,SApp13,30,31,10586,61,0
WG1,JO-mz,15,46,10586,61,0
WG1,SNta03,15,46,10586,61,0
WG1,SNta28,15,46,10586,61,0
SNta14,SNta31,28,33,10586,61,0
claw_tpGRN,TRN_VP1m,37,24,10586,61,0
claw_tpGRN,SNpp02,37,24,10586,61,0
LgLG2,SApp19,11,50,10586,61,0
LgLG2,SNxx04,11,50,10586,61,0
LgLG2,SNta04,11,50,10586,61,0
TRN_VP3a,"SNta02,SNta09",18,43,10586,61,0
LB3d,PhG1c,27,34,10586,61,0
SNxx02,BM_Vib,27,34,10586,61,0
SNxx02,PhG1c,27,34,10586,61,0
LgLG8,SNta25,9,52,10586,61,0
LB3c,SNpp16,25,36,10586,61,0
LB3c,SNxx14,25,36,10586,61,0
LB3c,SNch10,25,36,10586,61,0
LB3c,SNta18,25,36,10586,61,0
ENS2,SNta31,28,33,10586,61,0
ORN_DP1l,SNta31,28,33,10586,61,0
LB3a,SNpp32,19,42,10586,61,0
SNpp16,SNxx26,36,25,10586,61,0
SNpp16,ORN_VA2,36,25,10586,61,0
PhG9,JO-ED2_c,22,39,10586,61,0
PhG9,SNpp47,22,39,10586,61,0
PhG9,SNpp33,22,39,10586,61,0
BM_Hau,PhG1c,27,34,10586,61,0
JO-mz,LgAG9,46,15,10586,61,0
JO-mz,ORN_VA1d,46,15,10586,61,0
JO-mz,SNpp57,46,15,10586,61,0
JO-mz,LB1b,46,15,10586,61,0
JO-mz,SNpp12,46,15,10586,61,0
JO-mz,PhG8,46,15,10586,61,0
SNpp60,ORN_VA1v,44,17,10586,61,0
SNpp60,JO-A1,44,17,10586,61,0
SNpp60,SNpp05,44,17,10586,61,0
SNpp60,SNxx28,44,17,10586,61,0
SNpp60,ORN_VM5v,44,17,10586,61,0
SNpp60,SNpp31,44,17,10586,61,0
SNpp60,SNpp17,44,17,10586,61,0
SNpp60,SNpp01,44,17,10586,61,0
SApp19,R8_unclear,50,11,10586,61,0
SApp19,LB1a,50,11,10586,61,0
SApp19,SNpp21,50,11,10586,61,0
SApp19,ORN_VM7v,50,11,10586,61,0
SApp19,ORN_DL1,50,11,10586,61,0
ORN_DP1m,SNpp10,35,26,10586,61,0
ORN_DP1m,SApp01,35,26,10586,61,0
JO-B4_b,BM_Vib,27,34,10586,61,0
JO-B4_b,PhG1c,27,34,10586,61,0
SNta03,LgAG9,46,15,10586,61,0
SNta03,ORN_VA1d,46,15,10586,61,0
SNta03,SNpp57,46,15,10586,61,0
SNta03,LB1b,46,15,10586,61,0
SNta03,SNpp12,46,15,10586,61,0
SNta03,PhG8,46,15,10586,61,0
R8_unclear,SNxx04,11,50,10586,61,0
R8_unclear,SNta04,11,50,10586,61,0
SNxx04,LB1a,50,11,10586,61,0
SNxx04,SNpp21,50,11,10586,61,0
SNxx04,ORN_VM7v,50,11,10586,61,0
SNxx04,ORN_DL1,50,11,10586,61,0
WG4,SNxx25,23,38,10586,61,0
"SNta11,SNta14",ENS3,49,12,10586,61,0
"SNta11,SNta14",ORN_VM4,49,12,10586,61,0
"SNta11,SNta14",ENS1,49,12,10586,61,0
"SNta11,SNta14",PhG13,49,12,10586,61,0
"SNta11,SNta14",ORN_DC2,49,12,10586,61,0
"SNta11,SNta14",SNpp37,49,12,10586,61,0
"SNta11,SNta14",ORN_VC4,49,12,10586,61,0
"SNta11,SNta14",b2 MN,49,12,10586,61,0
ORN_DM1,"SApp11,SApp18",26,35,10586,61,0
SAxx01,GNG654,47,14,10586,61,0
SAxx01,HRN_VP5,47,14,10586,61,0
SAxx01,LB4b,47,14,10586,61,0
SAxx01,SNxx24,47,14,10586,61,0
SAxx01,ORN_VC5,47,14,10586,61,0
SAxx01,PhG4,47,14,10586,61,0
SAxx01,SNpp06,47,14,10586,61,0
SAxx01,BM_MaPa,47,14,10586,61,0
SAxx01,PhG14,47,14,10586,61,0
SAxx01,SNpp56,47,14,10586,61,0
SAxx01,JO-B2,47,14,10586,61,0
SAxx01,JO-B1_c,47,14,10586,61,0
SNxx03,HRN_VP1l,51,10,10586,61,0
SNxx03,PhG6,51,10,10586,61,0
SNxx03,LN-DN1,51,10,10586,61,0
SNxx03,ORN_DM4,51,10,10586,61,0
SNxx03,ORN_DM6,51,10,10586,61,0
SNxx03,ORN_VA3,51,10,10586,61,0
JO-ED2_c,ORN_DC1,39,22,10586,61,0
JO-ED2_c,SNpp62,39,22,10586,61,0
JO-ED2_c,SNpp58,39,22,10586,61,0
JO-ED2_c,SNxx19,39,22,10586,61,0
JO-ED2_c,SNxx21,39,22,10586,61,0
JO-ED2_c,JO-B3,39,22,10586,61,0
BM_Vib,SApp23,34,27,10586,61,0
BM_Vib,ORN_VL2p,34,27,10586,61,0
BM_Vib,SNta33,34,27,10586,61,0
HRN_VP1d,JO-CL,31,30,10586,61,0
HRN_VP1d,SNpp41,31,30,10586,61,0
SNxx29,GNG654,47,14,10586,61,0
SNxx29,HRN_VP5,47,14,10586,61,0
SNxx29,LB4b,47,14,10586,61,0
SNxx29,SNxx24,47,14,10586,61,0
SNxx29,ORN_VC5,47,14,10586,61,0
SNxx29,PhG4,47,14,10586,61,0
SNxx29,SNpp06,47,14,10586,61,0
SNxx29,BM_MaPa,47,14,10586,61,0
SNxx29,PhG14,47,14,10586,61,0
SNxx29,SNpp56,47,14,10586,61,0
SNxx29,JO-B2,47,14,10586,61,0
SNxx29,JO-B1_c,47,14,10586,61,0
ORN_DC1,SNpp47,22,39,10586,61,0
ORN_DC1,SNpp33,22,39,10586,61,0
SNxx11,SApp14,29,32,10586,61,0
SNxx11,SNpp07,29,32,10586,61,0
ORN_DC4,SApp14,29,32,10586,61,0
ORN_DC4,SNpp07,29,32,10586,61,0
SApp23,PhG1c,27,34,10586,61,0
GNG654,SNta11,14,47,10586,61,0
GNG654,SNpp51,14,47,10586,61,0
SNpp47,SNpp62,39,22,10586,61,0
SNpp47,SNpp58,39,22,10586,61,0
SNpp47,SNxx19,39,22,10586,61,0
SNpp47,SNxx21,39,22,10586,61,0
SNpp47,JO-B3,39,22,10586,61,0
TRN_VP2,"SNta02,SNta09",18,43,10586,61,0
aPhM2b,"SNta02,SNta09",18,43,10586,61,0
LB1c,SApp14,29,32,10586,61,0
LB1c,SNpp07,29,32,10586,61,0
JO-CL,JO-ED1,30,31,10586,61,0
JO-CL,SApp13,30,31,10586,61,0
LgAG9,SNta28,15,46,10586,61,0
ORN_VL2p,PhG1c,27,34,10586,61,0
ORN_DL5,SNpp43,20,41,10586,61,0
SNpp43,WG2,41,20,10586,61,0
SNpp43,LgAG3,41,20,10586,61,0
SNpp43,PhG1b,41,20,10586,61,0
SNpp43,BM_vOcci_vPoOr,41,20,10586,61,0
SNpp43,LB1e,41,20,10586,61,0
SNpp43,SNxx30,41,20,10586,61,0
PhG1c,SNta33,34,27,10586,61,0
SNpp41,JO-ED1,30,31,10586,61,0
SNpp41,SApp13,30,31,10586,61,0
SNxx25,ORN_D,38,23,10586,61,0
SNpp35,SNpp32,19,42,10586,61,0
"SApp11,SApp18",SNpp10,35,26,10586,61,0
SNxx14,SNxx26,36,25,10586,61,0
SNxx14,ORN_VA2,36,25,10586,61,0
SNta04,LB1a,50,11,10586,61,0
SNta04,SNpp21,50,11,10586,61,0
SNta04,ORN_VM7v,50,11,10586,61,0
SNta04,ORN_DL1,50,11,10586,61,0
SNch10,SNxx26,36,25,10586,61,0
SNch10,ORN_VA2,36,25,10586,61,0
SNxx26,SNta18,25,36,10586,61,0
ORN_VA2,SNta18,25,36,10586,61,0
LgAG5,SNpp32,19,42,10586,61,0
HRN_VP5,SNta11,14,47,10586,61,0
HRN_VP5,SNpp51,14,47,10586,61,0
ORN_VA6,SNta31,28,33,10586,61,0
SNpp62,SNpp33,22,39,10586,61,0
LgAG7,SNpp32,19,42,10586,61,0
LB4b,SNta11,14,47,10586,61,0
LB4b,SNpp51,14,47,10586,61,0
SNxx24,SNta11,14,47,10586,61,0
SNxx24,SNpp51,14,47,10586,61,0
"SNpp29,SNpp63",SApp14,29,32,10586,61,0
"SNpp29,SNpp63",SNpp07,29,32,10586,61,0
ORN_VC1,"SNta02,SNta09",18,43,10586,61,0
ORN_DL2d,SNpp32,19,42,10586,61,0
ORN_VM7d,"SNta02,SNta09",18,43,10586,61,0
SNpp33,SNpp58,39,22,10586,61,0
SNpp33,SNxx19,39,22,10586,61,0
SNpp33,SNxx21,39,22,10586,61,0
SNpp33,JO-B3,39,22,10586,61,0
SNta11,ORN_VC5,47,14,10586,61,0
SNta11,PhG4,47,14,10586,61,0
SNta11,SNpp06,47,14,10586,61,0
SNta11,BM_MaPa,47,14,10586,61,0
SNta11,PhG14,47,14,10586,61,0
SNta11,SNpp56,47,14,10586,61,0
SNta11,JO-B2,47,14,10586,61,0
SNta11,JO-B1_c,47,14,10586,61,0
ORN_VA1d,SNta28,15,46,10586,61,0
SNpp57,SNta28,15,46,10586,61,0
SApp04,ORN_DA3,56,5,10586,61,0
ENS4,SNta31,28,33,10586,61,0
HBeyelet,SNta30,8,53,10586,61,0
LB1b,SNta28,15,46,10586,61,0
SNpp51,ORN_VC5,47,14,10586,61,0
SNpp51,PhG4,47,14,10586,61,0
SNpp51,SNpp06,47,14,10586,61,0
SNpp51,BM_MaPa,47,14,10586,61,0
SNpp51,PhG14,47,14,10586,61,0
SNpp51,SNpp56,47,14,10586,61,0
SNpp51,JO-B2,47,14,10586,61,0
SNpp51,JO-B1_c,47,14,10586,61,0
"SNta02,SNta09",LgAG2,43,18,10586,61,0
SNpp32,JO-B1_a,42,19,10586,61,0
SNpp32,SNta13,42,19,10586,61,0
SNta25,LB4a,52,9,10586,61,0
SNta25,PhG3,52,9,10586,61,0
SNta25,SApp21,52,9,10586,61,0
SNta25,LgAG6,52,9,10586,61,0
SNta25,tpn MN,52,9,10586,61,0
SNta25,JO-B4_a,52,9,10586,61,0
SNta30,PhG1a,53,8,10586,61,0
SNta31,SNta26,33,28,10586,61,0
SNpp12,SNta28,15,46,10586,61,0
PhG8,SNta28,15,46,10586,61,0
SNxx07,SNta14,32,28,10587,60,0
SNxx07,ENS2,32,28,10587,60,0
SNxx07,ORN_DP1l,32,28,10587,60,0
SNxx07,ORN_VA6,32,28,10587,60,0
SNxx07,ENS4,32,28,10587,60,0
SNxx07,SNta26,32,28,10587,60,0
SNxx08,TPMN1,20,40,10587,60,0
SNxx08,SNxx15,20,40,10587,60,0
TPMN1,GNG644,40,20,10587,60,0
TPMN1,ORN_DL5,40,20,10587,60,0
TPMN1,WG2,40,20,10587,60,0
TPMN1,LgAG3,40,20,10587,60,0
TPMN1,PhG1b,40,20,10587,60,0
TPMN1,BM_vOcci_vPoOr,40,20,10587,60,0
TPMN1,LB1e,40,20,10587,60,0
TPMN1,SNxx30,40,20,10587,60,0
aPhM5,HRN_VP4,29,31,10587,60,0
aPhM5,HRN_VP1d,29,31,10587,60,0
aPhM5,JO-ED1,29,31,10587,60,0
aPhM5,SApp13,29,31,10587,60,0
SNxx23,R8y,50,10,10587,60,0
SNxx23,HRN_VP1l,50,10,10587,60,0
SNxx23,PhG6,50,10,10587,60,0
SNxx23,LN-DN1,50,10,10587,60,0
SNxx23,ORN_DM4,50,10,10587,60,0
SNxx23,ORN_DM6,50,10,10587,60,0
SNxx23,ORN_VA3,50,10,10587,60,0
TPMN2,ORN_VL2a,26,34,10587,60,0
TPMN2,ORN_DA1,26,34,10587,60,0
TPMN2,BM_Vib,26,34,10587,60,0
TPMN2,PhG1c,26,34,10587,60,0
R7y,"SNta11,SNta14",11,49,10587,60,0
R7p,"SNta11,SNta14",11,49,10587,60,0
JO-FV,ORN_DA3,55,5,10587,60,0
R7d,SAxx01,13,47,10587,60,0
R7d,SNxx29,13,47,10587,60,0
R7d,SNta11,13,47,10587,60,0
R7d,SNpp51,13,47,10587,60,0
LgLG6,SAxx01,13,47,10587,60,0
LgLG6,SNxx29,13,47,10587,60,0
LgLG6,SNta11,13,47,10587,60,0
LgLG6,SNpp51,13,47,10587,60,0
LgLG1a,aPhM4,41,19,10587,60,0
LgLG1a,LB3a,41,19,10587,60,0
LgLG1a,SNpp35,41,19,10587,60,0
LgLG1a,LgAG5,41,19,10587,60,0
LgLG1a,LgAG7,41,19,10587,60,0
LgLG1a,ORN_DL2d,41,19,10587,60,0
LgLG1a,JO-B1_a,41,19,10587,60,0
LgLG1a,SNta13,41,19,10587,60,0
aPhM3,SNta14,32,28,10587,60,0
aPhM3,ENS2,32,28,10587,60,0
aPhM3,ORN_DP1l,32,28,10587,60,0
aPhM3,ORN_VA6,32,28,10587,60,0
aPhM3,ENS4,32,28,10587,60,0
aPhM3,SNta26,32,28,10587,60,0
JO-A2,TRN_VP1m,36,24,10587,60,0
JO-A2,SNpp02,36,24,10587,60,0
aPhM4,SNpp43,19,41,10587,60,0
JO-EV2,TRN_VP3a,42,18,10587,60,0
JO-EV2,TRN_VP2,42,18,10587,60,0
JO-EV2,aPhM2b,42,18,10587,60,0
JO-EV2,ORN_VC1,42,18,10587,60,0
JO-EV2,ORN_VM7d,42,18,10587,60,0
JO-EV2,LgAG2,42,18,10587,60,0
JO-EV2,DNx01,42,18,10587,60,0
SNxx20,GNG642,44,16,10587,60,0
SNxx20,ORN_V,44,16,10587,60,0
SNxx20,PhG10,44,16,10587,60,0
SNxx20,ORN_VL1,44,16,10587,60,0
SNxx20,LgLG4,44,16,10587,60,0
SNxx20,ORN_VM5d,44,16,10587,60,0
SNxx20,SNpp11,44,16,10587,60,0
SNxx20,ALBN1,44,16,10587,60,0
SNxx20,ENS5,44,16,10587,60,0
SNxx20,dorsal_tpGRN,44,16,10587,60,0
SNxx20,JO-CA2,44,16,10587,60,0
LgAG1,GNG642,44,16,10587,60,0
LgAG1,ORN_V,44,16,10587,60,0
LgAG1,ORN_VL1,44,16,10587,60,0
LgAG1,LgLG4,44,16,10587,60,0
LgAG1,ORN_VM5d,44,16,10587,60,0
LgAG1,SNpp11,44,16,10587,60,0
LgAG1,ALBN1,44,16,10587,60,0
LgAG1,ENS5,44,16,10587,60,0
LgAG1,dorsal_tpGRN,44,16,10587,60,0
LgAG1,JO-CA2,44,16,10587,60,0
LgLG1b,JO-A3,39,21,10587,60,0
LgLG1b,ORN_VM6v,39,21,10587,60,0
LgLG1b,SNxx17,39,21,10587,60,0
LgLG1b,ORN_DL2v,39,21,10587,60,0
GNG643,WG3,27,33,10587,60,0
GNG643,SNta31,27,33,10587,60,0
HRN_VP4,SNxx11,31,29,10587,60,0
HRN_VP4,ORN_DC4,31,29,10587,60,0
HRN_VP4,LB1c,31,29,10587,60,0
HRN_VP4,"SNpp29,SNpp63",31,29,10587,60,0
HRN_VP4,"SNta04,SNta11",31,29,10587,60,0
WG3,LB3d,33,27,10587,60,0
WG3,SNxx02,33,27,10587,60,0
WG3,BM_Hau,33,27,10587,60,0
WG3,JO-B4_b,33,27,10587,60,0
WG3,SApp23,33,27,10587,60,0
WG3,ORN_VL2p,33,27,10587,60,0
WG3,SNta33,33,27,10587,60,0
R8p,"SNta11,SNta14",11,49,10587,60,0
aPhM1,SNxx25,22,38,10587,60,0
SNxx09,"SNta11,SNta14",11,49,10587,60,0
ORN_VL2a,ORN_DM1,34,26,10587,60,0
ORN_VL2a,SNpp10,34,26,10587,60,0
ORN_VL2a,SApp01,34,26,10587,60,0
LB3b,"SNta02,SNta09",17,43,10587,60,0
SNxx15,GNG644,40,20,10587,60,0
SNxx15,ORN_DL5,40,20,10587,60,0
SNxx15,WG2,40,20,10587,60,0
SNxx15,LgAG3,40,20,10587,60,0
SNxx15,PhG1b,40,20,10587,60,0
SNxx15,BM_vOcci_vPoOr,40,20,10587,60,0
SNxx15,LB1e,40,20,10587,60,0
SNxx15,SNxx30,40,20,10587,60,0
aPhM2a,GNG654,46,14,10587,60,0
aPhM2a,HRN_VP5,46,14,10587,60,0
aPhM2a,LB4b,46,14,10587,60,0
aPhM2a,SNxx24,46,14,10587,60,0
aPhM2a,ORN_VC5,46,14,10587,60,0
aPhM2a,PhG4,46,14,10587,60,0
aPhM2a,SNpp06,46,14,10587,60,0
aPhM2a,BM_MaPa,46,14,10587,60,0
aPhM2a,PhG14,46,14,10587,60,0
aPhM2a,SNpp56,46,14,10587,60,0
aPhM2a,JO-B2,46,14,10587,60,0
aPhM2a,JO-B1_c,46,14,10587,60,0
SAxx02,LgLG8,51,9,10587,60,0
SAxx02,LB4a,51,9,10587,60,0
SAxx02,PhG3,51,9,10587,60,0
SAxx02,SApp21,51,9,10587,60,0
SAxx02,LgAG6,51,9,10587,60,0
SAxx02,tpn MN,51,9,10587,60,0
SAxx02,JO-B4_a,51,9,10587,60,0
BM_Vt_PoOc,SNxx25,22,38,10587,60,0
R8y,SApp19,10,50,10587,60,0
R8y,SNxx04,10,50,10587,60,0
R8y,SNta04,10,50,10587,60,0
LgLG5,SNta25,8,52,10587,60,0
JO-A3,JO-ED2_c,21,39,10587,60,0
JO-A3,SNpp47,21,39,10587,60,0
JO-A3,SNpp33,21,39,10587,60,0
ORN_DA1,ORN_DM1,34,26,10587,60,0
ORN_DA1,SNpp10,34,26,10587,60,0
ORN_DA1,SApp01,34,26,10587,60,0
SNpp23,JO-CL,30,30,10587,60,0
SNpp23,SNpp41,30,30,10587,60,0
SNta14,SApp14,28,32,10587,60,0
SNta14,SNpp07,28,32,10587,60,0
claw_tpGRN,WG4,37,23,10587,60,0
claw_tpGRN,ORN_D,37,23,10587,60,0
LgLG2,"SNta11,SNta14",11,49,10587,60,0
TRN_VP3a,SNpp32,18,42,10587,60,0
LB3d,SNta31,27,33,10587,60,0
SNxx02,SNta31,27,33,10587,60,0
LgLG8,SNxx03,9,51,10587,60,0
LB3c,ORN_DP1m,25,35,10587,60,0
LB3c,"SApp11,SApp18",25,35,10587,60,0
ORN_VM6v,JO-ED2_c,21,39,10587,60,0
ORN_VM6v,SNpp47,21,39,10587,60,0
ORN_VM6v,SNpp33,21,39,10587,60,0
ENS2,SApp14,28,32,10587,60,0
ENS2,SNpp07,28,32,10587,60,0
ORN_DP1l,SApp14,28,32,10587,60,0
ORN_DP1l,SNpp07,28,32,10587,60,0
LB3a,SNpp43,19,41,10587,60,0
SNpp16,TRN_VP1m,36,24,10587,60,0
SNpp16,SNpp02,36,24,10587,60,0
TRN_VP1m,SNxx14,24,36,10587,60,0
TRN_VP1m,SNch10,24,36,10587,60,0
TRN_VP1m,SNta18,24,36,10587,60,0
PhG9,SNxx25,22,38,10587,60,0
BM_Hau,SNta31,27,33,10587,60,0
JO-mz,GNG654,46,14,10587,60,0
JO-mz,HRN_VP5,46,14,10587,60,0
JO-mz,LB4b,46,14,10587,60,0
JO-mz,SNxx24,46,14,10587,60,0
JO-mz,ORN_VC5,46,14,10587,60,0
JO-mz,PhG4,46,14,10587,60,0
JO-mz,SNpp06,46,14,10587,60,0
JO-mz,BM_MaPa,46,14,10587,60,0
JO-mz,PhG14,46,14,10587,60,0
JO-mz,SNpp56,46,14,10587,60,0
JO-mz,JO-B2,46,14,10587,60,0
JO-mz,JO-B1_c,46,14,10587,60,0
SNpp60,GNG642,44,16,10587,60,0
SNpp60,ORN_V,44,16,10587,60,0
SNpp60,PhG10,44,16,10587,60,0
SNpp60,ORN_VL1,44,16,10587,60,0
SNpp60,LgLG4,44,16,10587,60,0
SNpp60,ORN_VM5d,44,16,10587,60,0
SNpp60,SNpp11,44,16,10587,60,0
SNpp60,ALBN1,44,16,10587,60,0
SNpp60,ENS5,44,16,10587,60,0
SNpp60,dorsal_tpGRN,44,16,10587,60,0
SNpp60,JO-CA2,44,16,10587,60,0
SApp19,HRN_VP1l,50,10,10587,60,0
SApp19,PhG6,50,10,10587,60,0
SApp19,LN-DN1,50,10,10587,60,0
SApp19,ORN_DM4,50,10,10587,60,0
SApp19,ORN_DM6,50,10,10587,60,0
SApp19,ORN_VA3,50,10,10587,60,0
ORN_DP1m,SNxx26,35,25,10587,60,0
JO-B4_b,SNta31,27,33,10587,60,0
SNta03,GNG654,46,14,10587,60,0
SNta03,HRN_VP5,46,14,10587,60,0
SNta03,LB4b,46,14,10587,60,0
SNta03,SNxx24,46,14,10587,60,0
SNta03,ORN_VC5,46,14,10587,60,0
SNta03,PhG4,46,14,10587,60,0
SNta03,SNpp06,46,14,10587,60,0
SNta03,BM_MaPa,46,14,10587,60,0
SNta03,PhG14,46,14,10587,60,0
SNta03,SNpp56,46,14,10587,60,0
SNta03,JO-B2,46,14,10587,60,0
SNta03,JO-B1_c,46,14,10587,60,0
R8_unclear,"SNta11,SNta14",11,49,10587,60,0
SNxx04,HRN_VP1l,50,10,10587,60,0
SNxx04,PhG6,50,10,10587,60,0
SNxx04,LN-DN1,50,10,10587,60,0
SNxx04,ORN_DM4,50,10,10587,60,0
SNxx04,ORN_DM6,50,10,10587,60,0
SNxx04,ORN_VA3,50,10,10587,60,0
"SNta11,SNta14",LB1a,49,11,10587,60,0
"SNta11,SNta14",SNpp21,49,11,10587,60,0
"SNta11,SNta14",ORN_VM7v,49,11,10587,60,0
"SNta11,SNta14",ORN_DL1,49,11,10587,60,0
ORN_DM1,BM_Vib,26,34,10587,60,0
ORN_DM1,PhG1c,26,34,10587,60,0
SAxx01,ORN_DM2,47,13,10587,60,0
SAxx01,DNg20,47,13,10587,60,0
SAxx01,SNxx06,47,13,10587,60,0
SAxx01,SNpp15,47,13,10587,60,0
SAxx01,ORN_DA2,47,13,10587,60,0
SAxx01,PhG16,47,13,10587,60,0
SAxx01,SNpp18,47,13,10587,60,0
SAxx01,LgAG8,47,13,10587,60,0
SNxx03,LB4a,51,9,10587,60,0
SNxx03,PhG3,51,9,10587,60,0
SNxx03,SApp21,51,9,10587,60,0
SNxx03,LgAG6,51,9,10587,60,0
SNxx03,tpn MN,51,9,10587,60,0
SNxx03,JO-B4_a,51,9,10587,60,0
JO-ED2_c,SNxx17,39,21,10587,60,0
JO-ED2_c,ORN_DL2v,39,21,10587,60,0
BM_Vib,SNpp10,34,26,10587,60,0
BM_Vib,SApp01,34,26,10587,60,0
HRN_VP1d,SNxx11,31,29,10587,60,0
HRN_VP1d,ORN_DC4,31,29,10587,60,0
HRN_VP1d,LB1c,31,29,10587,60,0
HRN_VP1d,"SNpp29,SNpp63",31,29,10587,60,0
HRN_VP1d,"SNta04,SNta11",31,29,10587,60,0
SNxx29,ORN_DM2,47,13,10587,60,0
SNxx29,DNg20,47,13,10587,60,0
SNxx29,SNxx06,47,13,10587,60,0
SNxx29,SNpp15,47,13,10587,60,0
SNxx29,ORN_DA2,47,13,10587,60,0
SNxx29,PhG16,47,13,10587,60,0
SNxx29,SNpp18,47,13,10587,60,0
SNxx29,LgAG8,47,13,10587,60,0
ORN_DC1,SNxx25,22,38,10587,60,0
SNxx11,JO-ED1,29,31,10587,60,0
SNxx11,SApp13,29,31,10587,60,0
ORN_DC4,JO-ED1,29,31,10587,60,0
ORN_DC4,SApp13,29,31,10587,60,0
ORN_DM2,SNta11,13,47,10587,60,0
ORN_DM2,SNpp51,13,47,10587,60,0
SApp23,SNta31,27,33,10587,60,0
GNG654,SNta28,14,46,10587,60,0
SNpp47,SNxx17,39,21,10587,60,0
SNpp47,ORN_DL2v,39,21,10587,60,0
TRN_VP2,SNpp32,18,42,10587,60,0
aPhM2b,SNpp32,18,42,10587,60,0
LB1c,JO-ED1,29,31,10587,60,0
LB1c,SApp13,29,31,10587,60,0
JO-CL,SNpp41,30,30,10587,60,0
ORN_VL2p,SNta31,27,33,10587,60,0
SNpp43,SNpp35,41,19,10587,60,0
SNpp43,LgAG5,41,19,10587,60,0
SNpp43,LgAG7,41,19,10587,60,0
SNpp43,ORN_DL2d,41,19,10587,60,0
SNpp43,JO-B1_a,41,19,10587,60,0
SNpp43,SNta13,41,19,10587,60,0
PhG1c,SNpp10,34,26,10587,60,0
PhG1c,SApp01,34,26,10587,60,0
JO-ED1,"SNpp29,SNpp63",31,29,10587,60,0
JO-ED1,"SNta04,SNta11",31,29,10587,60,0
SNxx25,SNpp62,38,22,10587,60,0
SNxx25,SNpp58,38,22,10587,60,0
SNxx25,SNxx19,38,22,10587,60,0
SNxx25,SNxx21,38,22,10587,60,0
SNxx25,JO-B3,38,22,10587,60,0
"SApp11,SApp18",SNxx26,35,25,10587,60,0
"SApp11,SApp18",ORN_VA2,35,25,10587,60,0
SNxx14,SNpp02,36,24,10587,60,0
SNxx17,SNpp33,21,39,10587,60,0
SNta04,HRN_VP1l,50,10,10587,60,0
SNta04,PhG6,50,10,10587,60,0
SNta04,LN-DN1,50,10,10587,60,0
SNta04,ORN_DM4,50,10,10587,60,0
SNta04,ORN_DM6,50,10,10587,60,0
SNta04,ORN_VA3,50,10,10587,60,0
ORN_VA1v,"SNta02,SNta09",17,43,10587,60,0
JO-A1,"SNta02,SNta09",17,43,10587,60,0
SNch10,SNpp02,36,24,10587,60,0
HRN_VP5,SNta28,14,46,10587,60,0
ORN_VA6,SApp14,28,32,10587,60,0
ORN_VA6,SNpp07,28,32,10587,60,0
ORN_DL2v,SNpp33,21,39,10587,60,0
LB4b,SNta28,14,46,10587,60,0
SNxx24,SNta28,14,46,10587,60,0
"SNpp29,SNpp63",SApp13,29,31,10587,60,0
ORN_VC1,SNpp32,18,42,10587,60,0
DNg20,SNta11,13,47,10587,60,0
DNg20,SNpp51,13,47,10587,60,0
ORN_VM7d,SNpp32,18,42,10587,60,0
SNta18,SNpp02,36,24,10587,60,0
SNta11,SNxx06,47,13,10587,60,0
SNta11,SNpp15,47,13,10587,60,0
SNta11,ORN_DA2,47,13,10587,60,0
SNta11,PhG16,47,13,10587,60,0
SNta11,SNpp18,47,13,10587,60,0
SNta11,LgAG8,47,13,10587,60,0
ENS4,SApp14,28,32,10587,60,0
ENS4,SNpp07,28,32,10587,60,0
SApp14,SNta26,32,28,10587,60,0
HBeyelet,SNta25,8,52,10587,60,0
LgLG7,SNta30,7,53,10587,60,0
SNpp51,SNxx06,47,13,10587,60,0
SNpp51,SNpp15,47,13,10587,60,0
SNpp51,ORN_DA2,47,13,10587,60,0
SNpp51,PhG16,47,13,10587,60,0
SNpp51,SNpp18,47,13,10587,60,0
SNpp51,LgAG8,47,13,10587,60,0
SNpp07,SNta26,32,28,10587,60,0
"SNta02,SNta09",SNpp05,43,17,10587,60,0
"SNta02,SNta09",SNxx28,43,17,10587,60,0
"SNta02,SNta09",ORN_VM5v,43,17,10587,60,0
"SNta02,SNta09",SNpp31,43,17,10587,60,0
"SNta02,SNta09",SNpp17,43,17,10587,60,0
"SNta02,SNta09",SNpp01,43,17,10587,60,0
SNpp32,LgAG2,42,18,10587,60,0
SNpp32,DNx01,42,18,10587,60,0
SNta25,PhG1a,52,8,10587,60,0
ORN_VC5,SNta28,14,46,10587,60,0
PhG4,SNta28,14,46,10587,60,0
SApp13,"SNta04,SNta11",31,29,10587,60,0
SNta30,DNg83,53,7,10587,60,0
SNta30,ORN_DL3,53,7,10587,60,0
SNta30,ORN_DM3,53,7,10587,60,0
SNpp06,SNta28,14,46,10587,60,0
BM_MaPa,SNta28,14,46,10587,60,0
PhG14,SNta28,14,46,10587,60,0
SNta31,SNta33,33,27,10587,60,0
SNpp56,SNta28,14,46,10587,60,0
JO-B2,SNta28,14,46,10587,60,0
JO-B1_c,SNta28,14,46,10587,60,0
SNxx07,GNG643,32,27,10588,59,0
SNxx07,LB3d,32,27,10588,59,0
SNxx07,SNxx02,32,27,10588,59,0
SNxx07,BM_Hau,32,27,10588,59,0
SNxx07,JO-B4_b,32,27,10588,59,0
SNxx07,SApp23,32,27,10588,59,0
SNxx07,ORN_VL2p,32,27,10588,59,0
SNxx07,SNta33,32,27,10588,59,0
SNxx08,LgLG1b,20,39,10588,59,0
SNxx08,JO-ED2_c,20,39,10588,59,0
SNxx08,SNpp47,20,39,10588,59,0
SNxx08,SNpp33,20,39,10588,59,0
TPMN1,aPhM4,40,19,10588,59,0
TPMN1,LB3a,40,19,10588,59,0
TPMN1,SNpp35,40,19,10588,59,0
TPMN1,LgAG5,40,19,10588,59,0
TPMN1,LgAG7,40,19,10588,59,0
TPMN1,ORN_DL2d,40,19,10588,59,0
TPMN1,JO-B1_a,40,19,10588,59,0
TPMN1,SNta13,40,19,10588,59,0
R7_unclear,SNxx20,15,44,10588,59,0
R7_unclear,LgAG1,15,44,10588,59,0
R7_unclear,SNpp60,15,44,10588,59,0
aPhM5,SNpp23,29,30,10588,59,0
aPhM5,JO-CL,29,30,10588,59,0
aPhM5,SNpp41,29,30,10588,59,0
SNxx23,LgLG8,50,9,10588,59,0
SNxx23,LB4a,50,9,10588,59,0
SNxx23,PhG3,50,9,10588,59,0
SNxx23,SApp21,50,9,10588,59,0
SNxx23,LgAG6,50,9,10588,59,0
SNxx23,tpn MN,50,9,10588,59,0
SNxx23,JO-B4_a,50,9,10588,59,0
JO-EV5,ORN_DA3,54,5,10588,59,0
JO-ED2_a,R8d,56,3,10588,59,0
TPMN2,WG3,26,33,10588,59,0
TPMN2,SNta31,26,33,10588,59,0
R7d,aPhM2a,13,46,10588,59,0
R7d,JO-mz,13,46,10588,59,0
R7d,SNta03,13,46,10588,59,0
R7d,SNta28,13,46,10588,59,0
LgLG6,aPhM2a,13,46,10588,59,0
LgLG6,JO-mz,13,46,10588,59,0
LgLG6,SNta03,13,46,10588,59,0
LgLG6,SNta28,13,46,10588,59,0
LgLG1a,TRN_VP3a,41,18,10588,59,0
LgLG1a,TRN_VP2,41,18,10588,59,0
LgLG1a,aPhM2b,41,18,10588,59,0
LgLG1a,ORN_VC1,41,18,10588,59,0
LgLG1a,ORN_VM7d,41,18,10588,59,0
LgLG1a,LgAG2,41,18,10588,59,0
LgLG1a,DNx01,41,18,10588,59,0
aPhM3,GNG643,32,27,10588,59,0
aPhM3,LB3d,32,27,10588,59,0
aPhM3,SNxx02,32,27,10588,59,0
aPhM3,BM_Hau,32,27,10588,59,0
aPhM3,JO-B4_b,32,27,10588,59,0
aPhM3,SApp23,32,27,10588,59,0
aPhM3,ORN_VL2p,32,27,10588,59,0
aPhM3,SNta33,32,27,10588,59,0
SNpp39,R8d,56,3,10588,59,0
JO-A2,WG4,36,23,10588,59,0
JO-A2,ORN_D,36,23,10588,59,0
aPhM4,SNxx15,19,40,10588,59,0
JO-EV2,LB3b,42,17,10588,59,0
JO-EV2,ORN_VA1v,42,17,10588,59,0
JO-EV2,JO-A1,42,17,10588,59,0
JO-EV2,SNpp05,42,17,10588,59,0
JO-EV2,SNxx28,42,17,10588,59,0
JO-EV2,ORN_VM5v,42,17,10588,59,0
JO-EV2,SNpp31,42,17,10588,59,0
JO-EV2,SNpp17,42,17,10588,59,0
JO-EV2,SNpp01,42,17,10588,59,0
SNxx20,WG1,44,15,10588,59,0
SNxx20,LgAG9,44,15,10588,59,0
SNxx20,ORN_VA1d,44,15,10588,59,0
SNxx20,SNpp57,44,15,10588,59,0
SNxx20,LB1b,44,15,10588,59,0
SNxx20,SNpp12,44,15,10588,59,0
SNxx20,PhG8,44,15,10588,59,0
LgAG1,WG1,44,15,10588,59,0
LgAG1,ORN_VA1d,44,15,10588,59,0
LgAG1,SNpp57,44,15,10588,59,0
LgAG1,SNpp12,44,15,10588,59,0
LgLG1b,GNG644,39,20,10588,59,0
LgLG1b,ORN_DL5,39,20,10588,59,0
LgLG1b,WG2,39,20,10588,59,0
LgLG1b,LgAG3,39,20,10588,59,0
LgLG1b,PhG1b,39,20,10588,59,0
LgLG1b,BM_vOcci_vPoOr,39,20,10588,59,0
LgLG1b,LB1e,39,20,10588,59,0
LgLG1b,SNxx30,39,20,10588,59,0
GNG643,SApp14,27,32,10588,59,0
GNG643,SNpp07,27,32,10588,59,0
SNch01,R8d,56,3,10588,59,0
HRN_VP4,SNta14,31,28,10588,59,0
HRN_VP4,ENS2,31,28,10588,59,0
HRN_VP4,ORN_DP1l,31,28,10588,59,0
HRN_VP4,ORN_VA6,31,28,10588,59,0
HRN_VP4,ENS4,31,28,10588,59,0
HRN_VP4,SNta26,31,28,10588,59,0
WG3,ORN_DM1,33,26,10588,59,0
WG3,SNpp10,33,26,10588,59,0
WG3,SApp01,33,26,10588,59,0
aPhM1,claw_tpGRN,22,37,10588,59,0
ORN_VL2a,LB3c,34,25,10588,59,0
ORN_VL2a,SNxx26,34,25,10588,59,0
ORN_VL2a,ORN_VA2,34,25,10588,59,0
LB3b,SNpp32,17,42,10588,59,0
SNxx15,LB3a,40,19,10588,59,0
SNxx15,SNpp35,40,19,10588,59,0
SNxx15,LgAG5,40,19,10588,59,0
SNxx15,LgAG7,40,19,10588,59,0
SNxx15,ORN_DL2d,40,19,10588,59,0
SNxx15,JO-B1_a,40,19,10588,59,0
SNxx15,SNta13,40,19,10588,59,0
aPhM2a,ORN_DM2,46,13,10588,59,0
aPhM2a,DNg20,46,13,10588,59,0
aPhM2a,SNxx06,46,13,10588,59,0
aPhM2a,SNpp15,46,13,10588,59,0
aPhM2a,ORN_DA2,46,13,10588,59,0
aPhM2a,PhG16,46,13,10588,59,0
aPhM2a,SNpp18,46,13,10588,59,0
aPhM2a,LgAG8,46,13,10588,59,0
SAxx02,LgLG5,51,8,10588,59,0
SAxx02,HBeyelet,51,8,10588,59,0
SAxx02,PhG1a,51,8,10588,59,0
BM_Vt_PoOc,claw_tpGRN,22,37,10588,59,0
GNG644,JO-ED2_c,20,39,10588,59,0
GNG644,SNpp47,20,39,10588,59,0
GNG644,SNpp33,20,39,10588,59,0
R8y,"SNta11,SNta14",10,49,10588,59,0
LgLG5,SNxx03,8,51,10588,59,0
JO-A3,SNxx25,21,38,10588,59,0
ORN_DA1,LB3c,34,25,10588,59,0
ORN_DA1,SNxx26,34,25,10588,59,0
ORN_DA1,ORN_VA2,34,25,10588,59,0
SNpp23,SNxx11,30,29,10588,59,0
SNpp23,ORN_DC4,30,29,10588,59,0
SNpp23,LB1c,30,29,10588,59,0
SNpp23,"SNpp29,SNpp63",30,29,10588,59,0
SNpp23,"SNta04,SNta11",30,29,10588,59,0
WG1,SNpp60,15,44,10588,59,0
SNta14,HRN_VP1d,28,31,10588,59,0
SNta14,JO-ED1,28,31,10588,59,0
SNta14,SApp13,28,31,10588,59,0
claw_tpGRN,PhG9,37,22,10588,59,0
claw_tpGRN,ORN_DC1,37,22,10588,59,0
claw_tpGRN,SNpp62,37,22,10588,59,0
claw_tpGRN,SNpp58,37,22,10588,59,0
claw_tpGRN,SNxx19,37,22,10588,59,0
claw_tpGRN,SNxx21,37,22,10588,59,0
claw_tpGRN,JO-B3,37,22,10588,59,0
TRN_VP3a,SNpp43,18,41,10588,59,0
LB3d,SApp14,27,32,10588,59,0
LB3d,SNpp07,27,32,10588,59,0
SNxx02,SApp14,27,32,10588,59,0
SNxx02,SNpp07,27,32,10588,59,0
LgLG8,SApp19,9,50,10588,59,0
LgLG8,SNxx04,9,50,10588,59,0
LgLG8,SNta04,9,50,10588,59,0
LB3c,BM_Vib,25,34,10588,59,0
LB3c,PhG1c,25,34,10588,59,0
ORN_VM6v,SNxx25,21,38,10588,59,0
ENS2,HRN_VP1d,28,31,10588,59,0
ENS2,JO-ED1,28,31,10588,59,0
ENS2,SApp13,28,31,10588,59,0
ORN_DP1l,HRN_VP1d,28,31,10588,59,0
ORN_DP1l,JO-ED1,28,31,10588,59,0
ORN_DP1l,SApp13,28,31,10588,59,0
SNpp16,WG4,36,23,10588,59,0
SNpp16,ORN_D,36,23,10588,59,0
TRN_VP1m,ORN_DP1m,24,35,10588,59,0
TRN_VP1m,"SApp11,SApp18",24,35,10588,59,0
BM_Hau,SApp14,27,32,10588,59,0
BM_Hau,SNpp07,27,32,10588,59,0
JO-mz,ORN_DM2,46,13,10588,59,0
JO-mz,DNg20,46,13,10588,59,0
JO-mz,SNxx06,46,13,10588,59,0
JO-mz,SNpp15,46,13,10588,59,0
JO-mz,ORN_DA2,46,13,10588,59,0
JO-mz,PhG16,46,13,10588,59,0
JO-mz,SNpp18,46,13,10588,59,0
JO-mz,LgAG8,46,13,10588,59,0
SNpp60,LgAG9,44,15,10588,59,0
SNpp60,ORN_VA1d,44,15,10588,59,0
SNpp60,SNpp57,44,15,10588,59,0
SNpp60,LB1b,44,15,10588,59,0
SNpp60,SNpp12,44,15,10588,59,0
SNpp60,PhG8,44,15,10588,59,0
SApp19,LB4a,50,9,10588,59,0
SApp19,PhG3,50,9,10588,59,0
SApp19,SApp21,50,9,10588,59,0
SApp19,LgAG6,50,9,10588,59,0
SApp19,tpn MN,50,9,10588,59,0
SApp19,JO-B4_a,50,9,10588,59,0
ORN_DP1m,SNpp02,35,24,10588,59,0
JO-B4_b,SApp14,27,32,10588,59,0
JO-B4_b,SNpp07,27,32,10588,59,0
SNta03,ORN_DM2,46,13,10588,59,0
SNta03,DNg20,46,13,10588,59,0
SNta03,SNxx06,46,13,10588,59,0
SNta03,SNpp15,46,13,10588,59,0
SNta03,ORN_DA2,46,13,10588,59,0
SNta03,PhG16,46,13,10588,59,0
SNta03,SNpp18,46,13,10588,59,0
SNta03,LgAG8,46,13,10588,59,0
SNxx04,LB4a,50,9,10588,59,0
SNxx04,PhG3,50,9,10588,59,0
SNxx04,SApp21,50,9,10588,59,0
SNxx04,LgAG6,50,9,10588,59,0
SNxx04,tpn MN,50,9,10588,59,0
SNxx04,JO-B4_a,50,9,10588,59,0
WG4,SNxx14,23,36,10588,59,0
WG4,SNch10,23,36,10588,59,0
WG4,SNta18,23,36,10588,59,0
"SNta11,SNta14",HRN_VP1l,49,10,10588,59,0
"SNta11,SNta14",PhG6,49,10,10588,59,0
"SNta11,SNta14",LN-DN1,49,10,10588,59,0
"SNta11,SNta14",ORN_DM4,49,10,10588,59,0
"SNta11,SNta14",ORN_DM6,49,10,10588,59,0
"SNta11,SNta14",ORN_VA3,49,10,10588,59,0
ORN_DM1,SNta31,26,33,10588,59,0
SAxx01,ENS3,47,12,10588,59,0
SAxx01,ORN_VM4,47,12,10588,59,0
SAxx01,ENS1,47,12,10588,59,0
SAxx01,PhG13,47,12,10588,59,0
SAxx01,ORN_DC2,47,12,10588,59,0
SAxx01,SNpp37,47,12,10588,59,0
SAxx01,ORN_VC4,47,12,10588,59,0
SAxx01,b2 MN,47,12,10588,59,0
SNxx03,HBeyelet,51,8,10588,59,0
SNxx03,PhG1a,51,8,10588,59,0
JO-ED2_c,ORN_DL5,39,20,10588,59,0
JO-ED2_c,WG2,39,20,10588,59,0
JO-ED2_c,LgAG3,39,20,10588,59,0
JO-ED2_c,PhG1b,39,20,10588,59,0
JO-ED2_c,BM_vOcci_vPoOr,39,20,10588,59,0
JO-ED2_c,LB1e,39,20,10588,59,0
JO-ED2_c,SNxx30,39,20,10588,59,0
BM_Vib,SNxx26,34,25,10588,59,0
BM_Vib,ORN_VA2,34,25,10588,59,0
HRN_VP1d,ORN_VA6,31,28,10588,59,0
HRN_VP1d,ENS4,31,28,10588,59,0
HRN_VP1d,SNta26,31,28,10588,59,0
SNxx29,ENS3,47,12,10588,59,0
SNxx29,ORN_VM4,47,12,10588,59,0
SNxx29,ENS1,47,12,10588,59,0
SNxx29,PhG13,47,12,10588,59,0
SNxx29,ORN_DC2,47,12,10588,59,0
SNxx29,SNpp37,47,12,10588,59,0
SNxx29,ORN_VC4,47,12,10588,59,0
SNxx29,b2 MN,47,12,10588,59,0
GNG642,"SNta02,SNta09",16,43,10588,59,0
SNxx11,JO-CL,29,30,10588,59,0
SNxx11,SNpp41,29,30,10588,59,0
ORN_DC4,JO-CL,29,30,10588,59,0
ORN_DC4,SNpp41,29,30,10588,59,0
ORN_DM2,SNta28,13,46,10588,59,0
SApp23,SApp14,27,32,10588,59,0
SApp23,SNpp07,27,32,10588,59,0
SNpp47,ORN_DL5,39,20,10588,59,0
SNpp47,WG2,39,20,10588,59,0
SNpp47,LgAG3,39,20,10588,59,0
SNpp47,PhG1b,39,20,10588,59,0
SNpp47,BM_vOcci_vPoOr,39,20,10588,59,0
SNpp47,LB1e,39,20,10588,59,0
SNpp47,SNxx30,39,20,10588,59,0
TRN_VP2,SNpp43,18,41,10588,59,0
aPhM2b,SNpp43,18,41,10588,59,0
LB1c,JO-CL,29,30,10588,59,0
LB1c,SNpp41,29,30,10588,59,0
JO-CL,"SNpp29,SNpp63",30,29,10588,59,0
JO-CL,"SNta04,SNta11",30,29,10588,59,0
ORN_VL2p,SApp14,27,32,10588,59,0
ORN_VL2p,SNpp07,27,32,10588,59,0
ORN_DL5,SNpp33,20,39,10588,59,0
ENS3,SNta11,12,47,10588,59,0
ENS3,SNpp51,12,47,10588,59,0
SNpp43,ORN_VC1,41,18,10588,59,0
SNpp43,ORN_VM7d,41,18,10588,59,0
SNpp43,LgAG2,41,18,10588,59,0
SNpp43,DNx01,41,18,10588,59,0
PhG1c,SNxx26,34,25,10588,59,0
PhG1c,ORN_VA2,34,25,10588,59,0
SNpp41,"SNpp29,SNpp63",30,29,10588,59,0
SNpp41,"SNta04,SNta11",30,29,10588,59,0
JO-ED1,ORN_VA6,31,28,10588,59,0
JO-ED1,ENS4,31,28,10588,59,0
JO-ED1,SNta26,31,28,10588,59,0
SNxx25,SNxx17,38,21,10588,59,0
SNxx25,ORN_DL2v,38,21,10588,59,0
WG2,SNpp33,20,39,10588,59,0
LgAG3,SNpp33,20,39,10588,59,0
"SApp11,SApp18",SNpp02,35,24,10588,59,0
SNxx14,ORN_D,36,23,10588,59,0
ORN_V,"SNta02,SNta09",16,43,10588,59,0
SNta04,LB4a,50,9,10588,59,0
SNta04,PhG3,50,9,10588,59,0
SNta04,SApp21,50,9,10588,59,0
SNta04,LgAG6,50,9,10588,59,0
SNta04,tpn MN,50,9,10588,59,0
SNta04,JO-B4_a,50,9,10588,59,0
ORN_VA1v,SNpp32,17,42,10588,59,0
JO-A1,SNpp32,17,42,10588,59,0
SNch10,ORN_D,36,23,10588,59,0
SNpp10,SNta31,26,33,10588,59,0
PhG1b,SNpp33,20,39,10588,59,0
ORN_VA6,SApp13,28,31,10588,59,0
PhG10,"SNta02,SNta09",16,43,10588,59,0
SApp01,SNta31,26,33,10588,59,0
BM_vOcci_vPoOr,SNpp33,20,39,10588,59,0
DNg20,SNta28,13,46,10588,59,0
ORN_VL1,"SNta02,SNta09",16,43,10588,59,0
ORN_VM4,SNta11,12,47,10588,59,0
ORN_VM4,SNpp51,12,47,10588,59,0
R8d,SApp04,3,56,10588,59,0
SNpp33,LB1e,39,20,10588,59,0
SNpp33,SNxx30,39,20,10588,59,0
ORN_D,SNta18,23,36,10588,59,0
SNta11,ENS1,47,12,10588,59,0
SNta11,PhG13,47,12,10588,59,0
SNta11,ORN_DC2,47,12,10588,59,0
SNta11,SNpp37,47,12,10588,59,0
SNta11,ORN_VC4,47,12,10588,59,0
SNta11,b2 MN,47,12,10588,59,0
ENS4,SApp13,28,31,10588,59,0
ENS1,SNpp51,12,47,10588,59,0
PhG13,SNpp51,12,47,10588,59,0
LgLG4,"SNta02,SNta09",16,43,10588,59,0
LgLG7,SNta25,7,52,10588,59,0
SNpp51,ORN_DC2,47,12,10588,59,0
SNpp51,SNpp37,47,12,10588,59,0
SNpp51,ORN_VC4,47,12,10588,59,0
SNpp51,b2 MN,47,12,10588,59,0
"SNta02,SNta09",ORN_VM5d,43,16,10588,59,0
"SNta02,SNta09",SNpp11,43,16,10588,59,0
"SNta02,SNta09",ALBN1,43,16,10588,59,0
"SNta02,SNta09",ENS5,43,16,10588,59,0
"SNta02,SNta09",dorsal_tpGRN,43,16,10588,59,0
"SNta02,SNta09",JO-CA2,43,16,10588,59,0
SNpp32,SNpp05,42,17,10588,59,0
SNpp32,SNxx28,42,17,10588,59,0
SNpp32,ORN_VM5v,42,17,10588,59,0
SNpp32,SNpp31,42,17,10588,59,0
SNpp32,SNpp17,42,17,10588,59,0
SNpp32,SNpp01,42,17,10588,59,0
SNta25,DNg83,52,7,10588,59,0
SNta25,ORN_DL3,52,7,10588,59,0
SNta25,ORN_DM3,52,7,10588,59,0
SApp13,SNta26,31,28,10588,59,0
SNxx06,SNta28,13,46,10588,59,0
SNpp15,SNta28,13,46,10588,59,0
ORN_DA2,SNta28,13,46,10588,59,0
PhG16,SNta28,13,46,10588,59,0
SNpp18,SNta28,13,46,10588,59,0
LgAG8,SNta28,13,46,10588,59,0
SNxx07,TPMN2,32,26,10589,58,0
SNxx07,ORN_DM1,32,26,10589,58,0
SNxx07,SNpp10,32,26,10589,58,0
SNxx07,SApp01,32,26,10589,58,0
SNxx08,SNxx25,20,38,10589,58,0
TPMN1,TRN_VP3a,40,18,10589,58,0
TPMN1,TRN_VP2,40,18,10589,58,0
TPMN1,aPhM2b,40,18,10589,58,0
TPMN1,ORN_VC1,40,18,10589,58,0
TPMN1,ORN_VM7d,40,18,10589,58,0
TPMN1,LgAG2,40,18,10589,58,0
TPMN1,DNx01,40,18,10589,58,0
R7_unclear,"SNta02,SNta09",15,43,10589,58,0
aPhM5,SNxx11,29,29,10589,58,0
aPhM5,ORN_DC4,29,29,10589,58,0
aPhM5,LB1c,29,29,10589,58,0
aPhM5,"SNpp29,SNpp63",29,29,10589,58,0
aPhM5,"SNta04,SNta11",29,29,10589,58,0
SNxx23,LgLG5,50,8,10589,58,0
SNxx23,HBeyelet,50,8,10589,58,0
SNxx23,PhG1a,50,8,10589,58,0
TPMN2,aPhM3,26,32,10589,58,0
TPMN2,SApp14,26,32,10589,58,0
TPMN2,SNpp07,26,32,10589,58,0
R7y,SAxx01,11,47,10589,58,0
R7y,SNxx29,11,47,10589,58,0
R7y,SNta11,11,47,10589,58,0
R7y,SNpp51,11,47,10589,58,0
R7p,SAxx01,11,47,10589,58,0
R7p,SNxx29,11,47,10589,58,0
R7p,SNta11,11,47,10589,58,0
R7p,SNpp51,11,47,10589,58,0
JO-FV,R8d,55,3,10589,58,0
LgLG1a,LB3b,41,17,10589,58,0
LgLG1a,ORN_VA1v,41,17,10589,58,0
LgLG1a,JO-A1,41,17,10589,58,0
LgLG1a,SNpp05,41,17,10589,58,0
LgLG1a,SNxx28,41,17,10589,58,0
LgLG1a,ORN_VM5v,41,17,10589,58,0
LgLG1a,SNpp31,41,17,10589,58,0
LgLG1a,SNpp17,41,17,10589,58,0
LgLG1a,SNpp01,41,17,10589,58,0
aPhM3,ORN_DM1,32,26,10589,58,0
aPhM3,SNpp10,32,26,10589,58,0
aPhM3,SApp01,32,26,10589,58,0
JO-A2,aPhM1,36,22,10589,58,0
JO-A2,BM_Vt_PoOc,36,22,10589,58,0
JO-A2,PhG9,36,22,10589,58,0
JO-A2,ORN_DC1,36,22,10589,58,0
JO-A2,SNpp62,36,22,10589,58,0
JO-A2,SNpp58,36,22,10589,58,0
JO-A2,SNxx19,36,22,10589,58,0
JO-A2,SNxx21,36,22,10589,58,0
JO-A2,JO-B3,36,22,10589,58,0
aPhM4,LgLG1b,19,39,10589,58,0
aPhM4,JO-ED2_c,19,39,10589,58,0
aPhM4,SNpp47,19,39,10589,58,0
aPhM4,SNpp33,19,39,10589,58,0
JO-EV2,GNG642,42,16,10589,58,0
JO-EV2,ORN_V,42,16,10589,58,0
JO-EV2,PhG10,42,16,10589,58,0
JO-EV2,ORN_VL1,42,16,10589,58,0
JO-EV2,LgLG4,42,16,10589,58,0
JO-EV2,ORN_VM5d,42,16,10589,58,0
JO-EV2,SNpp11,42,16,10589,58,0
JO-EV2,ALBN1,42,16,10589,58,0
JO-EV2,ENS5,42,16,10589,58,0
JO-EV2,dorsal_tpGRN,42,16,10589,58,0
JO-EV2,JO-CA2,42,16,10589,58,0
SNxx20,GNG654,44,14,10589,58,0
SNxx20,HRN_VP5,44,14,10589,58,0
SNxx20,LB4b,44,14,10589,58,0
SNxx20,SNxx24,44,14,10589,58,0
SNxx20,ORN_VC5,44,14,10589,58,0
SNxx20,PhG4,44,14,10589,58,0
SNxx20,SNpp06,44,14,10589,58,0
SNxx20,BM_MaPa,44,14,10589,58,0
SNxx20,PhG14,44,14,10589,58,0
SNxx20,SNpp56,44,14,10589,58,0
SNxx20,JO-B2,44,14,10589,58,0
SNxx20,JO-B1_c,44,14,10589,58,0
LgAG1,GNG654,44,14,10589,58,0
LgAG1,HRN_VP5,44,14,10589,58,0
LgAG1,LB4b,44,14,10589,58,0
LgAG1,SNxx24,44,14,10589,58,0
LgAG1,ORN_VC5,44,14,10589,58,0
LgAG1,PhG4,44,14,10589,58,0
LgAG1,SNpp06,44,14,10589,58,0
LgAG1,BM_MaPa,44,14,10589,58,0
LgAG1,SNpp56,44,14,10589,58,0
LgAG1,JO-B2,44,14,10589,58,0
LgAG1,JO-B1_c,44,14,10589,58,0
LgLG1b,LB3a,39,19,10589,58,0
LgLG1b,SNpp35,39,19,10589,58,0
LgLG1b,LgAG5,39,19,10589,58,0
LgLG1b,LgAG7,39,19,10589,58,0
LgLG1b,ORN_DL2d,39,19,10589,58,0
LgLG1b,JO-B1_a,39,19,10589,58,0
LgLG1b,SNta13,39,19,10589,58,0
GNG643,HRN_VP4,27,31,10589,58,0
GNG643,HRN_VP1d,27,31,10589,58,0
GNG643,JO-ED1,27,31,10589,58,0
GNG643,SApp13,27,31,10589,58,0
HRN_VP4,LB3d,31,27,10589,58,0
HRN_VP4,SNxx02,31,27,10589,58,0
HRN_VP4,BM_Hau,31,27,10589,58,0
HRN_VP4,JO-B4_b,31,27,10589,58,0
HRN_VP4,SApp23,31,27,10589,58,0
HRN_VP4,ORN_VL2p,31,27,10589,58,0
HRN_VP4,SNta33,31,27,10589,58,0
WG3,LB3c,33,25,10589,58,0
WG3,SNxx26,33,25,10589,58,0
WG3,ORN_VA2,33,25,10589,58,0
R8p,SAxx01,11,47,10589,58,0
R8p,SNxx29,11,47,10589,58,0
R8p,SNta11,11,47,10589,58,0
R8p,SNpp51,11,47,10589,58,0
aPhM1,SNpp16,22,36,10589,58,0
aPhM1,SNxx14,22,36,10589,58,0
aPhM1,SNch10,22,36,10589,58,0
aPhM1,SNta18,22,36,10589,58,0
SNxx09,SAxx01,11,47,10589,58,0
SNxx09,SNxx29,11,47,10589,58,0
SNxx09,SNta11,11,47,10589,58,0
SNxx09,SNpp51,11,47,10589,58,0
ORN_VL2a,TRN_VP1m,34,24,10589,58,0
ORN_VL2a,SNpp02,34,24,10589,58,0
LB3b,SNpp43,17,41,10589,58,0
SNxx15,TRN_VP3a,40,18,10589,58,0
SNxx15,TRN_VP2,40,18,10589,58,0
SNxx15,aPhM2b,40,18,10589,58,0
SNxx15,ORN_VC1,40,18,10589,58,0
SNxx15,ORN_VM7d,40,18,10589,58,0
SNxx15,LgAG2,40,18,10589,58,0
SNxx15,DNx01,40,18,10589,58,0
aPhM2a,ENS3,46,12,10589,58,0
aPhM2a,ORN_VM4,46,12,10589,58,0
aPhM2a,ENS1,46,12,10589,58,0
aPhM2a,PhG13,46,12,10589,58,0
aPhM2a,ORN_DC2,46,12,10589,58,0
aPhM2a,SNpp37,46,12,10589,58,0
aPhM2a,ORN_VC4,46,12,10589,58,0
aPhM2a,b2 MN,46,12,10589,58,0
SAxx02,LgLG7,51,7,10589,58,0
SAxx02,DNg83,51,7,10589,58,0
SAxx02,ORN_DL3,51,7,10589,58,0
SAxx02,ORN_DM3,51,7,10589,58,0
BM_Vt_PoOc,SNpp16,22,36,10589,58,0
BM_Vt_PoOc,SNxx14,22,36,10589,58,0
BM_Vt_PoOc,SNch10,22,36,10589,58,0
BM_Vt_PoOc,SNta18,22,36,10589,58,0
GNG644,SNxx25,20,38,10589,58,0
LgLG5,SApp19,8,50,10589,58,0
LgLG5,SNxx04,8,50,10589,58,0
LgLG5,SNta04,8,50,10589,58,0
JO-A3,claw_tpGRN,21,37,10589,58,0
ORN_DA1,TRN_VP1m,34,24,10589,58,0
ORN_DA1,SNpp02,34,24,10589,58,0
SNpp23,SNta14,30,28,10589,58,0
SNpp23,ENS2,30,28,10589,58,0
SNpp23,ORN_DP1l,30,28,10589,58,0
SNpp23,ORN_VA6,30,28,10589,58,0
SNpp23,ENS4,30,28,10589,58,0
SNpp23,SNta26,30,28,10589,58,0
WG1,"SNta02,SNta09",15,43,10589,58,0
SNta14,JO-CL,28,30,10589,58,0
SNta14,SNpp41,28,30,10589,58,0
claw_tpGRN,ORN_VM6v,37,21,10589,58,0
claw_tpGRN,SNxx17,37,21,10589,58,0
claw_tpGRN,ORN_DL2v,37,21,10589,58,0
LgLG2,SAxx01,11,47,10589,58,0
LgLG2,SNxx29,11,47,10589,58,0
LgLG2,SNta11,11,47,10589,58,0
LgLG2,SNpp51,11,47,10589,58,0
LB3d,HRN_VP1d,27,31,10589,58,0
LB3d,JO-ED1,27,31,10589,58,0
LB3d,SApp13,27,31,10589,58,0
SNxx02,HRN_VP1d,27,31,10589,58,0
SNxx02,JO-ED1,27,31,10589,58,0
SNxx02,SApp13,27,31,10589,58,0
LgLG8,"SNta11,SNta14",9,49,10589,58,0
LB3c,SNta31,25,33,10589,58,0
ENS2,JO-CL,28,30,10589,58,0
ENS2,SNpp41,28,30,10589,58,0
ORN_DP1l,JO-CL,28,30,10589,58,0
ORN_DP1l,SNpp41,28,30,10589,58,0
LB3a,JO-ED2_c,19,39,10589,58,0
LB3a,SNpp47,19,39,10589,58,0
LB3a,SNpp33,19,39,10589,58,0
SNpp16,PhG9,36,22,10589,58,0
SNpp16,ORN_DC1,36,22,10589,58,0
SNpp16,SNpp62,36,22,10589,58,0
SNpp16,SNpp58,36,22,10589,58,0
SNpp16,SNxx19,36,22,10589,58,0
SNpp16,SNxx21,36,22,10589,58,0
SNpp16,JO-B3,36,22,10589,58,0
TRN_VP1m,BM_Vib,24,34,10589,58,0
TRN_VP1m,PhG1c,24,34,10589,58,0
PhG9,SNxx14,22,36,10589,58,0
PhG9,SNch10,22,36,10589,58,0
PhG9,SNta18,22,36,10589,58,0
BM_Hau,HRN_VP1d,27,31,10589,58,0
BM_Hau,JO-ED1,27,31,10589,58,0
BM_Hau,SApp13,27,31,10589,58,0
JO-mz,ENS3,46,12,10589,58,0
JO-mz,ORN_VM4,46,12,10589,58,0
JO-mz,ENS1,46,12,10589,58,0
JO-mz,PhG13,46,12,10589,58,0
JO-mz,ORN_DC2,46,12,10589,58,0
JO-mz,SNpp37,46,12,10589,58,0
JO-mz,ORN_VC4,46,12,10589,58,0
JO-mz,b2 MN,46,12,10589,58,0
SNpp60,GNG654,44,14,10589,58,0
SNpp60,HRN_VP5,44,14,10589,58,0
SNpp60,LB4b,44,14,10589,58,0
SNpp60,SNxx24,44,14,10589,58,0
SNpp60,ORN_VC5,44,14,10589,58,0
SNpp60,PhG4,44,14,10589,58,0
SNpp60,SNpp06,44,14,10589,58,0
SNpp60,BM_MaPa,44,14,10589,58,0
SNpp60,PhG14,44,14,10589,58,0
SNpp60,SNpp56,44,14,10589,58,0
SNpp60,JO-B2,44,14,10589,58,0
SNpp60,JO-B1_c,44,14,10589,58,0
SApp19,HBeyelet,50,8,10589,58,0
SApp19,PhG1a,50,8,10589,58,0
ORN_DP1m,WG4,35,23,10589,58,0
ORN_DP1m,ORN_D,35,23,10589,58,0
JO-B4_b,HRN_VP1d,27,31,10589,58,0
JO-B4_b,JO-ED1,27,31,10589,58,0
JO-B4_b,SApp13,27,31,10589,58,0
SNta03,ENS3,46,12,10589,58,0
SNta03,ORN_VM4,46,12,10589,58,0
SNta03,ENS1,46,12,10589,58,0
SNta03,PhG13,46,12,10589,58,0
SNta03,ORN_DC2,46,12,10589,58,0
SNta03,SNpp37,46,12,10589,58,0
SNta03,ORN_VC4,46,12,10589,58,0
SNta03,b2 MN,46,12,10589,58,0
R8_unclear,SAxx01,11,47,10589,58,0
R8_unclear,SNxx29,11,47,10589,58,0
R8_unclear,SNta11,11,47,10589,58,0
R8_unclear,SNpp51,11,47,10589,58,0
SNxx04,HBeyelet,50,8,10589,58,0
SNxx04,PhG1a,50,8,10589,58,0
WG4,"SApp11,SApp18",23,35,10589,58,0
"SNta11,SNta14",LB4a,49,9,10589,58,0
"SNta11,SNta14",PhG3,49,9,10589,58,0
"SNta11,SNta14",SApp21,49,9,10589,58,0
"SNta11,SNta14",LgAG6,49,9,10589,58,0
"SNta11,SNta14",tpn MN,49,9,10589,58,0
"SNta11,SNta14",JO-B4_a,49,9,10589,58,0
ORN_DM1,SApp14,26,32,10589,58,0
ORN_DM1,SNpp07,26,32,10589,58,0
SAxx01,LB1a,47,11,10589,58,0
SAxx01,SNpp21,47,11,10589,58,0
SAxx01,ORN_VM7v,47,11,10589,58,0
SAxx01,ORN_DL1,47,11,10589,58,0
SNxx03,LgLG7,51,7,10589,58,0
SNxx03,DNg83,51,7,10589,58,0
SNxx03,ORN_DL3,51,7,10589,58,0
SNxx03,ORN_DM3,51,7,10589,58,0
JO-ED2_c,SNpp35,39,19,10589,58,0
JO-ED2_c,LgAG5,39,19,10589,58,0
JO-ED2_c,LgAG7,39,19,10589,58,0
JO-ED2_c,ORN_DL2d,39,19,10589,58,0
JO-ED2_c,JO-B1_a,39,19,10589,58,0
JO-ED2_c,SNta13,39,19,10589,58,0
BM_Vib,SNpp02,34,24,10589,58,0
HRN_VP1d,SApp23,31,27,10589,58,0
HRN_VP1d,ORN_VL2p,31,27,10589,58,0
HRN_VP1d,SNta33,31,27,10589,58,0
SNxx29,LB1a,47,11,10589,58,0
SNxx29,SNpp21,47,11,10589,58,0
SNxx29,ORN_VM7v,47,11,10589,58,0
SNxx29,ORN_DL1,47,11,10589,58,0
ORN_DC1,SNxx14,22,36,10589,58,0
ORN_DC1,SNch10,22,36,10589,58,0
ORN_DC1,SNta18,22,36,10589,58,0
GNG642,SNpp32,16,42,10589,58,0
SNxx11,ORN_DC4,29,29,10589,58,0
SNxx11,LB1c,29,29,10589,58,0
SNxx11,"SNpp29,SNpp63",29,29,10589,58,0
SNxx11,"SNta04,SNta11",29,29,10589,58,0
ORN_DC4,LB1c,29,29,10589,58,0
ORN_DC4,"SNpp29,SNpp63",29,29,10589,58,0
ORN_DC4,"SNta04,SNta11",29,29,10589,58,0
SApp23,JO-ED1,27,31,10589,58,0
SApp23,SApp13,27,31,10589,58,0
SNpp47,SNpp35,39,19,10589,58,0
SNpp47,LgAG5,39,19,10589,58,0
SNpp47,LgAG7,39,19,10589,58,0
SNpp47,ORN_DL2d,39,19,10589,58,0
SNpp47,JO-B1_a,39,19,10589,58,0
SNpp47,SNta13,39,19,10589,58,0
LB1c,"SNpp29,SNpp63",29,29,10589,58,0
LB1c,"SNta04,SNta11",29,29,10589,58,0
JO-CL,ORN_VA6,30,28,10589,58,0
JO-CL,ENS4,30,28,10589,58,0
JO-CL,SNta26,30,28,10589,58,0
LgAG9,"SNta02,SNta09",15,43,10589,58,0
ORN_VL2p,JO-ED1,27,31,10589,58,0
ORN_VL2p,SApp13,27,31,10589,58,0
ORN_DL5,SNxx25,20,38,10589,58,0
ENS3,SNta28,12,46,10589,58,0
SNpp43,ORN_VA1v,41,17,10589,58,0
SNpp43,JO-A1,41,17,10589,58,0
SNpp43,SNpp05,41,17,10589,58,0
SNpp43,SNxx28,41,17,10589,58,0
SNpp43,ORN_VM5v,41,17,10589,58,0
SNpp43,SNpp31,41,17,10589,58,0
SNpp43,SNpp17,41,17,10589,58,0
SNpp43,SNpp01,41,17,10589,58,0
PhG1c,SNpp02,34,24,10589,58,0
SNpp41,ORN_VA6,30,28,10589,58,0
SNpp41,ENS4,30,28,10589,58,0
SNpp41,SNta26,30,28,10589,58,0
JO-ED1,SNta33,31,27,10589,58,0
SNxx25,WG2,38,20,10589,58,0
SNxx25,LgAG3,38,20,10589,58,0
SNxx25,PhG1b,38,20,10589,58,0
SNxx25,BM_vOcci_vPoOr,38,20,10589,58,0
SNxx25,LB1e,38,20,10589,58,0
SNxx25,SNxx30,38,20,10589,58,0
SNpp35,SNpp33,19,39,10589,58,0
"SApp11,SApp18",ORN_D,35,23,10589,58,0
SNxx14,SNpp62,36,22,10589,58,0
SNxx14,SNpp58,36,22,10589,58,0
SNxx14,SNxx19,36,22,10589,58,0
SNxx14,SNxx21,36,22,10589,58,0
SNxx14,JO-B3,36,22,10589,58,0
ORN_V,SNpp32,16,42,10589,58,0
SNta04,HBeyelet,50,8,10589,58,0
SNta04,PhG1a,50,8,10589,58,0
SNch10,SNpp62,36,22,10589,58,0
SNch10,SNpp58,36,22,10589,58,0
SNch10,SNxx19,36,22,10589,58,0
SNch10,SNxx21,36,22,10589,58,0
SNch10,JO-B3,36,22,10589,58,0
SNxx26,SNta31,25,33,10589,58,0
ORN_VA2,SNta31,25,33,10589,58,0
LgAG5,SNpp33,19,39,10589,58,0
SNpp10,SApp14,26,32,10589,58,0
SNpp10,SNpp07,26,32,10589,58,0
SNpp62,SNta18,22,36,10589,58,0
PhG10,SNpp32,16,42,10589,58,0
LgAG7,SNpp33,19,39,10589,58,0
"SNpp29,SNpp63","SNta04,SNta11",29,29,10589,58,0
LB1a,SNta11,11,47,10589,58,0
LB1a,SNpp51,11,47,10589,58,0
ORN_VL1,SNpp32,16,42,10589,58,0
ORN_VM4,SNta28,12,46,10589,58,0
ORN_DL2d,SNpp33,19,39,10589,58,0
SNpp33,JO-B1_a,39,19,10589,58,0
SNpp33,SNta13,39,19,10589,58,0
SNta18,SNpp58,36,22,10589,58,0
SNta18,SNxx19,36,22,10589,58,0
SNta18,SNxx21,36,22,10589,58,0
SNta18,JO-B3,36,22,10589,58,0
SNta11,SNpp21,47,11,10589,58,0
SNta11,ORN_VM7v,47,11,10589,58,0
SNta11,ORN_DL1,47,11,10589,58,0
ORN_VA1d,"SNta02,SNta09",15,43,10589,58,0
SNpp57,"SNta02,SNta09",15,43,10589,58,0
ENS1,SNta28,12,46,10589,58,0
PhG13,SNta28,12,46,10589,58,0
LgLG4,SNpp32,16,42,10589,58,0
LB1b,"SNta02,SNta09",15,43,10589,58,0
SNpp51,SNpp21,47,11,10589,58,0
SNpp51,ORN_VM7v,47,11,10589,58,0
SNpp51,ORN_DL1,47,11,10589,58,0
"SNta02,SNta09",SNpp12,43,15,10589,58,0
"SNta02,SNta09",PhG8,43,15,10589,58,0
ORN_VM5d,SNpp32,16,42,10589,58,0
SNpp32,SNpp11,42,16,10589,58,0
SNpp32,ALBN1,42,16,10589,58,0
SNpp32,ENS5,42,16,10589,58,0
SNpp32,dorsal_tpGRN,42,16,10589,58,0
SNpp32,JO-CA2,42,16,10589,58,0
SApp13,SNta33,31,27,10589,58,0
ORN_DC2,SNta28,12,46,10589,58,0
SNta30,ORN_DA3,53,5,10589,58,0
SNpp37,SNta28,12,46,10589,58,0
ORN_VC4,SNta28,12,46,10589,58,0
b2 MN,SNta28,12,46,10589,58,0
SNxx07,LB3c,32,25,10590,57,0
SNxx07,SNxx26,32,25,10590,57,0
SNxx07,ORN_VA2,32,25,10590,57,0
SNxx08,claw_tpGRN,20,37,10590,57,0
TPMN1,LB3b,40,17,10590,57,0
TPMN1,ORN_VA1v,40,17,10590,57,0
TPMN1,JO-A1,40,17,10590,57,0
TPMN1,SNpp05,40,17,10590,57,0
TPMN1,SNxx28,40,17,10590,57,0
TPMN1,ORN_VM5v,40,17,10590,57,0
TPMN1,SNpp31,40,17,10590,57,0
TPMN1,SNpp17,40,17,10590,57,0
TPMN1,SNpp01,40,17,10590,57,0
R7_unclear,JO-EV2,15,42,10590,57,0
R7_unclear,SNpp32,15,42,10590,57,0
aPhM5,SNta14,29,28,10590,57,0
aPhM5,ENS2,29,28,10590,57,0
aPhM5,ORN_DP1l,29,28,10590,57,0
aPhM5,ORN_VA6,29,28,10590,57,0
aPhM5,ENS4,29,28,10590,57,0
aPhM5,SNta26,29,28,10590,57,0
SNxx23,LgLG7,50,7,10590,57,0
SNxx23,DNg83,50,7,10590,57,0
SNxx23,ORN_DL3,50,7,10590,57,0
SNxx23,ORN_DM3,50,7,10590,57,0
JO-EV5,R8d,54,3,10590,57,0
TPMN2,HRN_VP4,26,31,10590,57,0
TPMN2,HRN_VP1d,26,31,10590,57,0
TPMN2,JO-ED1,26,31,10590,57,0
TPMN2,SApp13,26,31,10590,57,0
R7y,aPhM2a,11,46,10590,57,0
R7y,JO-mz,11,46,10590,57,0
R7y,SNta03,11,46,10590,57,0
R7y,SNta28,11,46,10590,57,0
R7p,aPhM2a,11,46,10590,57,0
R7p,JO-mz,11,46,10590,57,0
R7p,SNta03,11,46,10590,57,0
R7p,SNta28,11,46,10590,57,0
R7d,SNxx20,13,44,10590,57,0
R7d,LgAG1,13,44,10590,57,0
R7d,SNpp60,13,44,10590,57,0
LgLG6,SNxx20,13,44,10590,57,0
LgLG6,LgAG1,13,44,10590,57,0
LgLG6,SNpp60,13,44,10590,57,0
LgLG1a,GNG642,41,16,10590,57,0
LgLG1a,ORN_V,41,16,10590,57,0
LgLG1a,PhG10,41,16,10590,57,0
LgLG1a,ORN_VL1,41,16,10590,57,0
LgLG1a,LgLG4,41,16,10590,57,0
LgLG1a,ORN_VM5d,41,16,10590,57,0
LgLG1a,SNpp11,41,16,10590,57,0
LgLG1a,ALBN1,41,16,10590,57,0
LgLG1a,ENS5,41,16,10590,57,0
LgLG1a,dorsal_tpGRN,41,16,10590,57,0
LgLG1a,JO-CA2,41,16,10590,57,0
aPhM3,LB3c,32,25,10590,57,0
aPhM3,SNxx26,32,25,10590,57,0
aPhM3,ORN_VA2,32,25,10590,57,0
JO-A2,JO-A3,36,21,10590,57,0
JO-A2,ORN_VM6v,36,21,10590,57,0
JO-A2,SNxx17,36,21,10590,57,0
JO-A2,ORN_DL2v,36,21,10590,57,0
aPhM4,SNxx25,19,38,10590,57,0
JO-EV2,WG1,42,15,10590,57,0
JO-EV2,LgAG9,42,15,10590,57,0
JO-EV2,ORN_VA1d,42,15,10590,57,0
JO-EV2,SNpp57,42,15,10590,57,0
JO-EV2,LB1b,42,15,10590,57,0
JO-EV2,SNpp12,42,15,10590,57,0
JO-EV2,PhG8,42,15,10590,57,0
SNxx20,ORN_DM2,44,13,10590,57,0
SNxx20,DNg20,44,13,10590,57,0
SNxx20,SNxx06,44,13,10590,57,0
SNxx20,SNpp15,44,13,10590,57,0
SNxx20,ORN_DA2,44,13,10590,57,0
SNxx20,PhG16,44,13,10590,57,0
SNxx20,SNpp18,44,13,10590,57,0
SNxx20,LgAG8,44,13,10590,57,0
LgAG1,ORN_DM2,44,13,10590,57,0
LgAG1,DNg20,44,13,10590,57,0
LgAG1,SNxx06,44,13,10590,57,0
LgAG1,SNpp15,44,13,10590,57,0
LgAG1,ORN_DA2,44,13,10590,57,0
LgAG1,PhG16,44,13,10590,57,0
LgAG1,SNpp18,44,13,10590,57,0
LgLG1b,TRN_VP3a,39,18,10590,57,0
LgLG1b,TRN_VP2,39,18,10590,57,0
LgLG1b,aPhM2b,39,18,10590,57,0
LgLG1b,ORN_VC1,39,18,10590,57,0
LgLG1b,ORN_VM7d,39,18,10590,57,0
LgLG1b,LgAG2,39,18,10590,57,0
LgLG1b,DNx01,39,18,10590,57,0
GNG643,SNpp23,27,30,10590,57,0
GNG643,JO-CL,27,30,10590,57,0
GNG643,SNpp41,27,30,10590,57,0
HRN_VP4,ORN_DM1,31,26,10590,57,0
HRN_VP4,SNpp10,31,26,10590,57,0
HRN_VP4,SApp01,31,26,10590,57,0
WG3,TRN_VP1m,33,24,10590,57,0
WG3,SNpp02,33,24,10590,57,0
R8p,aPhM2a,11,46,10590,57,0
R8p,JO-mz,11,46,10590,57,0
R8p,SNta03,11,46,10590,57,0
R8p,SNta28,11,46,10590,57,0
aPhM1,ORN_DP1m,22,35,10590,57,0
aPhM1,"SApp11,SApp18",22,35,10590,57,0
SNxx09,aPhM2a,11,46,10590,57,0
SNxx09,JO-mz,11,46,10590,57,0
SNxx09,SNta03,11,46,10590,57,0
SNxx09,SNta28,11,46,10590,57,0
ORN_VL2a,WG4,34,23,10590,57,0
ORN_VL2a,ORN_D,34,23,10590,57,0
LB3b,SNxx15,17,40,10590,57,0
SNxx15,ORN_VA1v,40,17,10590,57,0
SNxx15,JO-A1,40,17,10590,57,0
SNxx15,SNpp05,40,17,10590,57,0
SNxx15,SNxx28,40,17,10590,57,0
SNxx15,ORN_VM5v,40,17,10590,57,0
SNxx15,SNpp31,40,17,10590,57,0
SNxx15,SNpp17,40,17,10590,57,0
SNxx15,SNpp01,40,17,10590,57,0
aPhM2a,LgLG2,46,11,10590,57,0
aPhM2a,R8_unclear,46,11,10590,57,0
aPhM2a,SNpp21,46,11,10590,57,0
aPhM2a,ORN_VM7v,46,11,10590,57,0
aPhM2a,ORN_DL1,46,11,10590,57,0
BM_Vt_PoOc,ORN_DP1m,22,35,10590,57,0
BM_Vt_PoOc,"SApp11,SApp18",22,35,10590,57,0
GNG644,claw_tpGRN,20,37,10590,57,0
R8y,SAxx01,10,47,10590,57,0
R8y,SNxx29,10,47,10590,57,0
R8y,SNta11,10,47,10590,57,0
R8y,SNpp51,10,47,10590,57,0
LgLG5,"SNta11,SNta14",8,49,10590,57,0
JO-A3,SNpp16,21,36,10590,57,0
JO-A3,SNxx14,21,36,10590,57,0
JO-A3,SNch10,21,36,10590,57,0
JO-A3,SNta18,21,36,10590,57,0
ORN_DA1,WG4,34,23,10590,57,0
ORN_DA1,ORN_D,34,23,10590,57,0
SNpp23,LB3d,30,27,10590,57,0
SNpp23,SNxx02,30,27,10590,57,0
SNpp23,BM_Hau,30,27,10590,57,0
SNpp23,JO-B4_b,30,27,10590,57,0
SNpp23,SApp23,30,27,10590,57,0
SNpp23,ORN_VL2p,30,27,10590,57,0
SNpp23,SNta33,30,27,10590,57,0
WG1,SNpp32,15,42,10590,57,0
SNta14,SNxx11,28,29,10590,57,0
SNta14,ORN_DC4,28,29,10590,57,0
SNta14,LB1c,28,29,10590,57,0
SNta14,"SNpp29,SNpp63",28,29,10590,57,0
claw_tpGRN,ORN_DL5,37,20,10590,57,0
claw_tpGRN,WG2,37,20,10590,57,0
claw_tpGRN,LgAG3,37,20,10590,57,0
claw_tpGRN,PhG1b,37,20,10590,57,0
claw_tpGRN,BM_vOcci_vPoOr,37,20,10590,57,0
claw_tpGRN,LB1e,37,20,10590,57,0
claw_tpGRN,SNxx30,37,20,10590,57,0
LgLG2,JO-mz,11,46,10590,57,0
LgLG2,SNta03,11,46,10590,57,0
LgLG2,SNta28,11,46,10590,57,0
TRN_VP3a,JO-ED2_c,18,39,10590,57,0
TRN_VP3a,SNpp47,18,39,10590,57,0
TRN_VP3a,SNpp33,18,39,10590,57,0
LB3d,JO-CL,27,30,10590,57,0
LB3d,SNpp41,27,30,10590,57,0
SNxx02,JO-CL,27,30,10590,57,0
SNxx02,SNpp41,27,30,10590,57,0
LB3c,SApp14,25,32,10590,57,0
LB3c,SNpp07,25,32,10590,57,0
ORN_VM6v,SNpp16,21,36,10590,57,0
ORN_VM6v,SNxx14,21,36,10590,57,0
ORN_VM6v,SNch10,21,36,10590,57,0
ORN_VM6v,SNta18,21,36,10590,57,0
ENS2,SNxx11,28,29,10590,57,0
ENS2,ORN_DC4,28,29,10590,57,0
ENS2,LB1c,28,29,10590,57,0
ENS2,"SNpp29,SNpp63",28,29,10590,57,0
ENS2,"SNta04,SNta11",28,29,10590,57,0
ORN_DP1l,SNxx11,28,29,10590,57,0
ORN_DP1l,ORN_DC4,28,29,10590,57,0
ORN_DP1l,LB1c,28,29,10590,57,0
ORN_DP1l,"SNpp29,SNpp63",28,29,10590,57,0
ORN_DP1l,"SNta04,SNta11",28,29,10590,57,0
LB3a,SNxx25,19,38,10590,57,0
SNpp16,SNxx17,36,21,10590,57,0
SNpp16,ORN_DL2v,36,21,10590,57,0
TRN_VP1m,SNta31,24,33,10590,57,0
PhG9,ORN_DP1m,22,35,10590,57,0
PhG9,"SApp11,SApp18",22,35,10590,57,0
BM_Hau,JO-CL,27,30,10590,57,0
BM_Hau,SNpp41,27,30,10590,57,0
JO-mz,R8_unclear,46,11,10590,57,0
JO-mz,LB1a,46,11,10590,57,0
JO-mz,SNpp21,46,11,10590,57,0
JO-mz,ORN_VM7v,46,11,10590,57,0
JO-mz,ORN_DL1,46,11,10590,57,0
SNpp60,ORN_DM2,44,13,10590,57,0
SNpp60,DNg20,44,13,10590,57,0
SNpp60,SNxx06,44,13,10590,57,0
SNpp60,SNpp15,44,13,10590,57,0
SNpp60,ORN_DA2,44,13,10590,57,0
SNpp60,PhG16,44,13,10590,57,0
SNpp60,SNpp18,44,13,10590,57,0
SNpp60,LgAG8,44,13,10590,57,0
SApp19,LgLG7,50,7,10590,57,0
SApp19,DNg83,50,7,10590,57,0
SApp19,ORN_DL3,50,7,10590,57,0
SApp19,ORN_DM3,50,7,10590,57,0
ORN_DP1m,ORN_DC1,35,22,10590,57,0
ORN_DP1m,SNpp62,35,22,10590,57,0
ORN_DP1m,SNpp58,35,22,10590,57,0
ORN_DP1m,SNxx19,35,22,10590,57,0
ORN_DP1m,SNxx21,35,22,10590,57,0
ORN_DP1m,JO-B3,35,22,10590,57,0
JO-B4_b,JO-CL,27,30,10590,57,0
JO-B4_b,SNpp41,27,30,10590,57,0
SNta03,R8_unclear,46,11,10590,57,0
SNta03,LB1a,46,11,10590,57,0
SNta03,SNpp21,46,11,10590,57,0
SNta03,ORN_VM7v,46,11,10590,57,0
SNta03,ORN_DL1,46,11,10590,57,0
R8_unclear,SNta28,11,46,10590,57,0
SNxx04,LgLG7,50,7,10590,57,0
SNxx04,DNg83,50,7,10590,57,0
SNxx04,ORN_DL3,50,7,10590,57,0
SNxx04,ORN_DM3,50,7,10590,57,0
WG4,BM_Vib,23,34,10590,57,0
WG4,PhG1c,23,34,10590,57,0
"SNta11,SNta14",HBeyelet,49,8,10590,57,0
"SNta11,SNta14",PhG1a,49,8,10590,57,0
ORN_DM1,HRN_VP1d,26,31,10590,57,0
ORN_DM1,JO-ED1,26,31,10590,57,0
ORN_DM1,SApp13,26,31,10590,57,0
SAxx01,HRN_VP1l,47,10,10590,57,0
SAxx01,PhG6,47,10,10590,57,0
SAxx01,LN-DN1,47,10,10590,57,0
SAxx01,ORN_DM4,47,10,10590,57,0
SAxx01,ORN_DM6,47,10,10590,57,0
SAxx01,ORN_VA3,47,10,10590,57,0
JO-ED2_c,TRN_VP2,39,18,10590,57,0
JO-ED2_c,aPhM2b,39,18,10590,57,0
JO-ED2_c,ORN_VC1,39,18,10590,57,0
JO-ED2_c,ORN_VM7d,39,18,10590,57,0
JO-ED2_c,LgAG2,39,18,10590,57,0
JO-ED2_c,DNx01,39,18,10590,57,0
BM_Vib,ORN_D,34,23,10590,57,0
HRN_VP1d,SNpp10,31,26,10590,57,0
HRN_VP1d,SApp01,31,26,10590,57,0
SNxx29,HRN_VP1l,47,10,10590,57,0
SNxx29,PhG6,47,10,10590,57,0
SNxx29,LN-DN1,47,10,10590,57,0
SNxx29,ORN_DM4,47,10,10590,57,0
SNxx29,ORN_DM6,47,10,10590,57,0
SNxx29,ORN_VA3,47,10,10590,57,0
ORN_DC1,"SApp11,SApp18",22,35,10590,57,0
GNG642,SNpp43,16,41,10590,57,0
SNxx11,ORN_VA6,29,28,10590,57,0
SNxx11,ENS4,29,28,10590,57,0
SNxx11,SNta26,29,28,10590,57,0
ORN_DC4,ORN_VA6,29,28,10590,57,0
ORN_DC4,ENS4,29,28,10590,57,0
ORN_DC4,SNta26,29,28,10590,57,0
SApp23,JO-CL,27,30,10590,57,0
SApp23,SNpp41,27,30,10590,57,0
GNG654,"SNta02,SNta09",14,43,10590,57,0
SNpp47,TRN_VP2,39,18,10590,57,0
SNpp47,aPhM2b,39,18,10590,57,0
SNpp47,ORN_VC1,39,18,10590,57,0
SNpp47,ORN_VM7d,39,18,10590,57,0
SNpp47,LgAG2,39,18,10590,57,0
SNpp47,DNx01,39,18,10590,57,0
TRN_VP2,SNpp33,18,39,10590,57,0
aPhM2b,SNpp33,18,39,10590,57,0
LB1c,ORN_VA6,29,28,10590,57,0
LB1c,ENS4,29,28,10590,57,0
LB1c,SNta26,29,28,10590,57,0
JO-CL,ORN_VL2p,30,27,10590,57,0
JO-CL,SNta33,30,27,10590,57,0
LgAG9,SNpp32,15,42,10590,57,0
ORN_VL2p,SNpp41,27,30,10590,57,0
SNpp43,ORN_V,41,16,10590,57,0
SNpp43,PhG10,41,16,10590,57,0
SNpp43,ORN_VL1,41,16,10590,57,0
SNpp43,LgLG4,41,16,10590,57,0
SNpp43,ORN_VM5d,41,16,10590,57,0
SNpp43,SNpp11,41,16,10590,57,0
SNpp43,ALBN1,41,16,10590,57,0
SNpp43,ENS5,41,16,10590,57,0
SNpp43,dorsal_tpGRN,41,16,10590,57,0
SNpp43,JO-CA2,41,16,10590,57,0
PhG1c,ORN_D,34,23,10590,57,0
SNpp41,SNta33,30,27,10590,57,0
JO-ED1,SNpp10,31,26,10590,57,0
JO-ED1,SApp01,31,26,10590,57,0
SNxx25,SNpp35,38,19,10590,57,0
SNxx25,LgAG5,38,19,10590,57,0
SNxx25,LgAG7,38,19,10590,57,0
SNxx25,ORN_DL2d,38,19,10590,57,0
SNxx25,JO-B1_a,38,19,10590,57,0
SNxx25,SNta13,38,19,10590,57,0
"SApp11,SApp18",SNpp62,35,22,10590,57,0
"SApp11,SApp18",SNpp58,35,22,10590,57,0
"SApp11,SApp18",SNxx19,35,22,10590,57,0
"SApp11,SApp18",SNxx21,35,22,10590,57,0
"SApp11,SApp18",JO-B3,35,22,10590,57,0
SNxx14,SNxx17,36,21,10590,57,0
SNxx14,ORN_DL2v,36,21,10590,57,0
SNxx17,SNch10,21,36,10590,57,0
SNxx17,SNta18,21,36,10590,57,0
SNta04,LgLG7,50,7,10590,57,0
SNta04,DNg83,50,7,10590,57,0
SNta04,ORN_DL3,50,7,10590,57,0
SNta04,ORN_DM3,50,7,10590,57,0
SNch10,ORN_DL2v,36,21,10590,57,0
SNxx26,SApp14,25,32,10590,57,0
SNxx26,SNpp07,25,32,10590,57,0
ORN_VA2,SApp14,25,32,10590,57,0
ORN_VA2,SNpp07,25,32,10590,57,0
SNpp10,SApp13,26,31,10590,57,0
HRN_VP5,"SNta02,SNta09",14,43,10590,57,0
ORN_VA6,"SNpp29,SNpp63",28,29,10590,57,0
ORN_VA6,"SNta04,SNta11",28,29,10590,57,0
SApp01,SApp13,26,31,10590,57,0
HRN_VP1l,SNta11,10,47,10590,57,0
HRN_VP1l,SNpp51,10,47,10590,57,0
ORN_DL2v,SNta18,21,36,10590,57,0
LB4b,"SNta02,SNta09",14,43,10590,57,0
SNxx24,"SNta02,SNta09",14,43,10590,57,0
"SNpp29,SNpp63",ENS4,29,28,10590,57,0
"SNpp29,SNpp63",SNta26,29,28,10590,57,0
ORN_VC1,SNpp33,18,39,10590,57,0
LB1a,SNta28,11,46,10590,57,0
PhG6,SNta11,10,47,10590,57,0
PhG6,SNpp51,10,47,10590,57,0
ORN_VM7d,SNpp33,18,39,10590,57,0
SNpp33,LgAG2,39,18,10590,57,0
SNta11,LN-DN1,47,10,10590,57,0
SNta11,ORN_DM4,47,10,10590,57,0
SNta11,ORN_DM6,47,10,10590,57,0
SNta11,ORN_VA3,47,10,10590,57,0
ORN_VA1d,SNpp32,15,42,10590,57,0
SNpp57,SNpp32,15,42,10590,57,0
ENS4,"SNta04,SNta11",28,29,10590,57,0
LB1b,SNpp32,15,42,10590,57,0
SNpp51,LN-DN1,47,10,10590,57,0
SNpp51,ORN_DM4,47,10,10590,57,0
SNpp51,ORN_DM6,47,10,10590,57,0
SNpp51,ORN_VA3,47,10,10590,57,0
SNpp21,SNta28,11,46,10590,57,0
ORN_VM7v,SNta28,11,46,10590,57,0
"SNta02,SNta09",ORN_VC5,43,14,10590,57,0
"SNta02,SNta09",PhG4,43,14,10590,57,0
"SNta02,SNta09",SNpp06,43,14,10590,57,0
"SNta02,SNta09",BM_MaPa,43,14,10590,57,0
"SNta02,SNta09",PhG14,43,14,10590,57,0
"SNta02,SNta09",SNpp56,43,14,10590,57,0
"SNta02,SNta09",JO-B2,43,14,10590,57,0
"SNta02,SNta09",JO-B1_c,43,14,10590,57,0
SNpp32,SNpp12,42,15,10590,57,0
SNpp32,PhG8,42,15,10590,57,0
SNta25,ORN_DA3,52,5,10590,57,0
SNpp02,SNta31,24,33,10590,57,0
ORN_DL1,SNta28,11,46,10590,57,0
"SNta04,SNta11",SNta26,29,28,10590,57,0
SNxx07,TRN_VP1m,32,24,10591,56,0
SNxx07,SNpp02,32,24,10591,56,0
SNxx08,JO-A2,20,36,10591,56,0
SNxx08,SNpp16,20,36,10591,56,0
SNxx08,SNxx14,20,36,10591,56,0
SNxx08,SNch10,20,36,10591,56,0
SNxx08,SNta18,20,36,10591,56,0
TPMN1,GNG642,40,16,10591,56,0
TPMN1,ORN_V,40,16,10591,56,0
TPMN1,PhG10,40,16,10591,56,0
TPMN1,ORN_VL1,40,16,10591,56,0
TPMN1,LgLG4,40,16,10591,56,0
TPMN1,ORN_VM5d,40,16,10591,56,0
TPMN1,SNpp11,40,16,10591,56,0
TPMN1,ALBN1,40,16,10591,56,0
TPMN1,ENS5,40,16,10591,56,0
TPMN1,dorsal_tpGRN,40,16,10591,56,0
TPMN1,JO-CA2,40,16,10591,56,0
R7_unclear,LgLG1a,15,41,10591,56,0
R7_unclear,SNpp43,15,41,10591,56,0
aPhM5,GNG643,29,27,10591,56,0
aPhM5,LB3d,29,27,10591,56,0
aPhM5,SNxx02,29,27,10591,56,0
aPhM5,BM_Hau,29,27,10591,56,0
aPhM5,JO-B4_b,29,27,10591,56,0
aPhM5,SApp23,29,27,10591,56,0
aPhM5,ORN_VL2p,29,27,10591,56,0
aPhM5,SNta33,29,27,10591,56,0
TPMN2,SNpp23,26,30,10591,56,0
TPMN2,JO-CL,26,30,10591,56,0
TPMN2,SNpp41,26,30,10591,56,0
R7d,"SNta02,SNta09",13,43,10591,56,0
LgLG6,"SNta02,SNta09",13,43,10591,56,0
LgLG1a,WG1,41,15,10591,56,0
LgLG1a,LgAG9,41,15,10591,56,0
LgLG1a,ORN_VA1d,41,15,10591,56,0
LgLG1a,SNpp57,41,15,10591,56,0
LgLG1a,LB1b,41,15,10591,56,0
LgLG1a,SNpp12,41,15,10591,56,0
LgLG1a,PhG8,41,15,10591,56,0
aPhM3,TRN_VP1m,32,24,10591,56,0
aPhM3,SNpp02,32,24,10591,56,0
JO-A2,GNG644,36,20,10591,56,0
JO-A2,ORN_DL5,36,20,10591,56,0
JO-A2,WG2,36,20,10591,56,0
JO-A2,LgAG3,36,20,10591,56,0
JO-A2,PhG1b,36,20,10591,56,0
JO-A2,BM_vOcci_vPoOr,36,20,10591,56,0
JO-A2,LB1e,36,20,10591,56,0
JO-A2,SNxx30,36,20,10591,56,0
aPhM4,claw_tpGRN,19,37,10591,56,0
JO-EV2,GNG654,42,14,10591,56,0
JO-EV2,HRN_VP5,42,14,10591,56,0
JO-EV2,LB4b,42,14,10591,56,0
JO-EV2,SNxx24,42,14,10591,56,0
JO-EV2,ORN_VC5,42,14,10591,56,0
JO-EV2,PhG4,42,14,10591,56,0
JO-EV2,SNpp06,42,14,10591,56,0
JO-EV2,BM_MaPa,42,14,10591,56,0
JO-EV2,PhG14,42,14,10591,56,0
JO-EV2,SNpp56,42,14,10591,56,0
JO-EV2,JO-B2,42,14,10591,56,0
JO-EV2,JO-B1_c,42,14,10591,56,0
SNxx20,ENS3,44,12,10591,56,0
SNxx20,ORN_VM4,44,12,10591,56,0
SNxx20,ENS1,44,12,10591,56,0
SNxx20,PhG13,44,12,10591,56,0
SNxx20,ORN_DC2,44,12,10591,56,0
SNxx20,SNpp37,44,12,10591,56,0
SNxx20,ORN_VC4,44,12,10591,56,0
SNxx20,b2 MN,44,12,10591,56,0
LgAG1,ENS3,44,12,10591,56,0
LgAG1,ORN_VM4,44,12,10591,56,0
LgAG1,ENS1,44,12,10591,56,0
LgAG1,PhG13,44,12,10591,56,0
LgAG1,ORN_DC2,44,12,10591,56,0
LgAG1,SNpp37,44,12,10591,56,0
LgAG1,ORN_VC4,44,12,10591,56,0
LgAG1,b2 MN,44,12,10591,56,0
LgLG1b,LB3b,39,17,10591,56,0
LgLG1b,ORN_VA1v,39,17,10591,56,0
LgLG1b,JO-A1,39,17,10591,56,0
LgLG1b,SNpp05,39,17,10591,56,0
LgLG1b,SNxx28,39,17,10591,56,0
LgLG1b,ORN_VM5v,39,17,10591,56,0
LgLG1b,SNpp31,39,17,10591,56,0
LgLG1b,SNpp17,39,17,10591,56,0
LgLG1b,SNpp01,39,17,10591,56,0
GNG643,SNxx11,27,29,10591,56,0
GNG643,ORN_DC4,27,29,10591,56,0
GNG643,LB1c,27,29,10591,56,0
GNG643,"SNpp29,SNpp63",27,29,10591,56,0
GNG643,"SNta04,SNta11",27,29,10591,56,0
HRN_VP4,LB3c,31,25,10591,56,0
HRN_VP4,SNxx26,31,25,10591,56,0
HRN_VP4,ORN_VA2,31,25,10591,56,0
WG3,WG4,33,23,10591,56,0
WG3,ORN_D,33,23,10591,56,0
aPhM1,ORN_VL2a,22,34,10591,56,0
aPhM1,ORN_DA1,22,34,10591,56,0
aPhM1,BM_Vib,22,34,10591,56,0
aPhM1,PhG1c,22,34,10591,56,0
ORN_VL2a,BM_Vt_PoOc,34,22,10591,56,0
ORN_VL2a,PhG9,34,22,10591,56,0
ORN_VL2a,ORN_DC1,34,22,10591,56,0
ORN_VL2a,SNpp62,34,22,10591,56,0
ORN_VL2a,SNpp58,34,22,10591,56,0
ORN_VL2a,SNxx19,34,22,10591,56,0
ORN_VL2a,SNxx21,34,22,10591,56,0
ORN_VL2a,JO-B3,34,22,10591,56,0
LB3b,JO-ED2_c,17,39,10591,56,0
LB3b,SNpp47,17,39,10591,56,0
LB3b,SNpp33,17,39,10591,56,0
SNxx15,GNG642,40,16,10591,56,0
SNxx15,ORN_V,40,16,10591,56,0
SNxx15,PhG10,40,16,10591,56,0
SNxx15,ORN_VL1,40,16,10591,56,0
SNxx15,LgLG4,40,16,10591,56,0
SNxx15,ORN_VM5d,40,16,10591,56,0
SNxx15,SNpp11,40,16,10591,56,0
SNxx15,ALBN1,40,16,10591,56,0
SNxx15,ENS5,40,16,10591,56,0
SNxx15,dorsal_tpGRN,40,16,10591,56,0
SNxx15,JO-CA2,40,16,10591,56,0
aPhM2a,R8y,46,10,10591,56,0
aPhM2a,HRN_VP1l,46,10,10591,56,0
aPhM2a,PhG6,46,10,10591,56,0
aPhM2a,LN-DN1,46,10,10591,56,0
aPhM2a,ORN_DM4,46,10,10591,56,0
aPhM2a,ORN_DM6,46,10,10591,56,0
aPhM2a,ORN_VA3,46,10,10591,56,0
SAxx02,ORN_DA3,51,5,10591,56,0
BM_Vt_PoOc,ORN_DA1,22,34,10591,56,0
BM_Vt_PoOc,BM_Vib,22,34,10591,56,0
BM_Vt_PoOc,PhG1c,22,34,10591,56,0
GNG644,SNpp16,20,36,10591,56,0
GNG644,SNxx14,20,36,10591,56,0
GNG644,SNch10,20,36,10591,56,0
GNG644,SNta18,20,36,10591,56,0
R8y,JO-mz,10,46,10591,56,0
R8y,SNta03,10,46,10591,56,0
R8y,SNta28,10,46,10591,56,0
JO-A3,ORN_DP1m,21,35,10591,56,0
JO-A3,"SApp11,SApp18",21,35,10591,56,0
ORN_DA1,PhG9,34,22,10591,56,0
ORN_DA1,ORN_DC1,34,22,10591,56,0
ORN_DA1,SNpp62,34,22,10591,56,0
ORN_DA1,SNpp58,34,22,10591,56,0
ORN_DA1,SNxx19,34,22,10591,56,0
ORN_DA1,SNxx21,34,22,10591,56,0
ORN_DA1,JO-B3,34,22,10591,56,0
SNpp23,ORN_DM1,30,26,10591,56,0
SNpp23,SNpp10,30,26,10591,56,0
SNpp23,SApp01,30,26,10591,56,0
WG1,SNpp43,15,41,10591,56,0
SNta14,ENS2,28,28,10591,56,0
SNta14,ORN_DP1l,28,28,10591,56,0
SNta14,ORN_VA6,28,28,10591,56,0
SNta14,ENS4,28,28,10591,56,0
SNta14,SNta26,28,28,10591,56,0
claw_tpGRN,LB3a,37,19,10591,56,0
claw_tpGRN,SNpp35,37,19,10591,56,0
claw_tpGRN,LgAG5,37,19,10591,56,0
claw_tpGRN,LgAG7,37,19,10591,56,0
claw_tpGRN,ORN_DL2d,37,19,10591,56,0
claw_tpGRN,JO-B1_a,37,19,10591,56,0
claw_tpGRN,SNta13,37,19,10591,56,0
TRN_VP3a,SNxx25,18,38,10591,56,0
LB3d,SNxx11,27,29,10591,56,0
LB3d,ORN_DC4,27,29,10591,56,0
LB3d,LB1c,27,29,10591,56,0
LB3d,"SNpp29,SNpp63",27,29,10591,56,0
LB3d,"SNta04,SNta11",27,29,10591,56,0
SNxx02,SNxx11,27,29,10591,56,0
SNxx02,ORN_DC4,27,29,10591,56,0
SNxx02,LB1c,27,29,10591,56,0
SNxx02,"SNpp29,SNpp63",27,29,10591,56,0
SNxx02,"SNta04,SNta11",27,29,10591,56,0
LgLG8,SAxx01,9,47,10591,56,0
LgLG8,SNxx29,9,47,10591,56,0
LgLG8,SNta11,9,47,10591,56,0
LgLG8,SNpp51,9,47,10591,56,0
LB3c,HRN_VP1d,25,31,10591,56,0
LB3c,JO-ED1,25,31,10591,56,0
LB3c,SApp13,25,31,10591,56,0
ORN_VM6v,ORN_DP1m,21,35,10591,56,0
ORN_VM6v,"SApp11,SApp18",21,35,10591,56,0
ENS2,ORN_DP1l,28,28,10591,56,0
ENS2,ORN_VA6,28,28,10591,56,0
ENS2,ENS4,28,28,10591,56,0
ENS2,SNta26,28,28,10591,56,0
ORN_DP1l,ORN_VA6,28,28,10591,56,0
ORN_DP1l,ENS4,28,28,10591,56,0
ORN_DP1l,SNta26,28,28,10591,56,0
SNpp16,ORN_DL5,36,20,10591,56,0
SNpp16,WG2,36,20,10591,56,0
SNpp16,LgAG3,36,20,10591,56,0
SNpp16,PhG1b,36,20,10591,56,0
SNpp16,BM_vOcci_vPoOr,36,20,10591,56,0
SNpp16,LB1e,36,20,10591,56,0
SNpp16,SNxx30,36,20,10591,56,0
TRN_VP1m,SApp14,24,32,10591,56,0
TRN_VP1m,SNpp07,24,32,10591,56,0
PhG9,BM_Vib,22,34,10591,56,0
PhG9,PhG1c,22,34,10591,56,0
BM_Hau,SNxx11,27,29,10591,56,0
BM_Hau,ORN_DC4,27,29,10591,56,0
BM_Hau,LB1c,27,29,10591,56,0
BM_Hau,"SNpp29,SNpp63",27,29,10591,56,0
BM_Hau,"SNta04,SNta11",27,29,10591,56,0
JO-mz,HRN_VP1l,46,10,10591,56,0
JO-mz,PhG6,46,10,10591,56,0
JO-mz,LN-DN1,46,10,10591,56,0
JO-mz,ORN_DM4,46,10,10591,56,0
JO-mz,ORN_DM6,46,10,10591,56,0
JO-mz,ORN_VA3,46,10,10591,56,0
SNpp60,ENS3,44,12,10591,56,0
SNpp60,ORN_VM4,44,12,10591,56,0
SNpp60,ENS1,44,12,10591,56,0
SNpp60,PhG13,44,12,10591,56,0
SNpp60,ORN_DC2,44,12,10591,56,0
SNpp60,SNpp37,44,12,10591,56,0
SNpp60,ORN_VC4,44,12,10591,56,0
SNpp60,b2 MN,44,12,10591,56,0
ORN_DP1m,SNxx17,35,21,10591,56,0
ORN_DP1m,ORN_DL2v,35,21,10591,56,0
JO-B4_b,SNxx11,27,29,10591,56,0
JO-B4_b,ORN_DC4,27,29,10591,56,0
JO-B4_b,LB1c,27,29,10591,56,0
JO-B4_b,"SNpp29,SNpp63",27,29,10591,56,0
JO-B4_b,"SNta04,SNta11",27,29,10591,56,0
SNta03,HRN_VP1l,46,10,10591,56,0
SNta03,PhG6,46,10,10591,56,0
SNta03,LN-DN1,46,10,10591,56,0
SNta03,ORN_DM4,46,10,10591,56,0
SNta03,ORN_DM6,46,10,10591,56,0
SNta03,ORN_VA3,46,10,10591,56,0
WG4,SNta31,23,33,10591,56,0
"SNta11,SNta14",LgLG7,49,7,10591,56,0
"SNta11,SNta14",DNg83,49,7,10591,56,0
"SNta11,SNta14",ORN_DL3,49,7,10591,56,0
"SNta11,SNta14",ORN_DM3,49,7,10591,56,0
ORN_DM1,JO-CL,26,30,10591,56,0
ORN_DM1,SNpp41,26,30,10591,56,0
SAxx01,LB4a,47,9,10591,56,0
SAxx01,PhG3,47,9,10591,56,0
SAxx01,SApp21,47,9,10591,56,0
SAxx01,LgAG6,47,9,10591,56,0
SAxx01,tpn MN,47,9,10591,56,0
SAxx01,JO-B4_a,47,9,10591,56,0
SNxx03,ORN_DA3,51,5,10591,56,0
JO-ED2_c,ORN_VA1v,39,17,10591,56,0
JO-ED2_c,JO-A1,39,17,10591,56,0
JO-ED2_c,SNpp05,39,17,10591,56,0
JO-ED2_c,SNxx28,39,17,10591,56,0
JO-ED2_c,ORN_VM5v,39,17,10591,56,0
JO-ED2_c,SNpp31,39,17,10591,56,0
JO-ED2_c,SNpp17,39,17,10591,56,0
JO-ED2_c,SNpp01,39,17,10591,56,0
BM_Vib,ORN_DC1,34,22,10591,56,0
BM_Vib,SNpp62,34,22,10591,56,0
BM_Vib,SNpp58,34,22,10591,56,0
BM_Vib,SNxx19,34,22,10591,56,0
BM_Vib,SNxx21,34,22,10591,56,0
BM_Vib,JO-B3,34,22,10591,56,0
HRN_VP1d,SNxx26,31,25,10591,56,0
HRN_VP1d,ORN_VA2,31,25,10591,56,0
SNxx29,LB4a,47,9,10591,56,0
SNxx29,PhG3,47,9,10591,56,0
SNxx29,SApp21,47,9,10591,56,0
SNxx29,LgAG6,47,9,10591,56,0
SNxx29,tpn MN,47,9,10591,56,0
SNxx29,JO-B4_a,47,9,10591,56,0
ORN_DC1,PhG1c,22,34,10591,56,0
SNxx11,SApp23,29,27,10591,56,0
SNxx11,ORN_VL2p,29,27,10591,56,0
SNxx11,SNta33,29,27,10591,56,0
ORN_DC4,SApp23,29,27,10591,56,0
ORN_DC4,ORN_VL2p,29,27,10591,56,0
ORN_DC4,SNta33,29,27,10591,56,0
ORN_DM2,"SNta02,SNta09",13,43,10591,56,0
SApp23,LB1c,27,29,10591,56,0
SApp23,"SNpp29,SNpp63",27,29,10591,56,0
SApp23,"SNta04,SNta11",27,29,10591,56,0
GNG654,SNpp32,14,42,10591,56,0
SNpp47,ORN_VA1v,39,17,10591,56,0
SNpp47,JO-A1,39,17,10591,56,0
SNpp47,SNpp05,39,17,10591,56,0
SNpp47,SNxx28,39,17,10591,56,0
SNpp47,ORN_VM5v,39,17,10591,56,0
SNpp47,SNpp31,39,17,10591,56,0
SNpp47,SNpp17,39,17,10591,56,0
SNpp47,SNpp01,39,17,10591,56,0
TRN_VP2,SNxx25,18,38,10591,56,0
aPhM2b,SNxx25,18,38,10591,56,0
LB1c,ORN_VL2p,29,27,10591,56,0
LB1c,SNta33,29,27,10591,56,0
JO-CL,SNpp10,30,26,10591,56,0
JO-CL,SApp01,30,26,10591,56,0
LgAG9,SNpp43,15,41,10591,56,0
ORN_VL2p,"SNpp29,SNpp63",27,29,10591,56,0
ORN_VL2p,"SNta04,SNta11",27,29,10591,56,0
ORN_DL5,SNxx14,20,36,10591,56,0
ORN_DL5,SNch10,20,36,10591,56,0
ORN_DL5,SNta18,20,36,10591,56,0
SNpp43,ORN_VA1d,41,15,10591,56,0
SNpp43,SNpp57,41,15,10591,56,0
SNpp43,LB1b,41,15,10591,56,0
SNpp43,SNpp12,41,15,10591,56,0
SNpp43,PhG8,41,15,10591,56,0
PhG1c,SNpp62,34,22,10591,56,0
PhG1c,SNpp58,34,22,10591,56,0
PhG1c,SNxx19,34,22,10591,56,0
PhG1c,SNxx21,34,22,10591,56,0
PhG1c,JO-B3,34,22,10591,56,0
SNpp41,SNpp10,30,26,10591,56,0
SNpp41,SApp01,30,26,10591,56,0
JO-ED1,SNxx26,31,25,10591,56,0
JO-ED1,ORN_VA2,31,25,10591,56,0
SNxx25,ORN_VC1,38,18,10591,56,0
SNxx25,ORN_VM7d,38,18,10591,56,0
SNxx25,LgAG2,38,18,10591,56,0
SNxx25,DNx01,38,18,10591,56,0
WG2,SNxx14,20,36,10591,56,0
WG2,SNch10,20,36,10591,56,0
WG2,SNta18,20,36,10591,56,0
LgAG3,SNxx14,20,36,10591,56,0
LgAG3,SNch10,20,36,10591,56,0
LgAG3,SNta18,20,36,10591,56,0
"SApp11,SApp18",SNxx17,35,21,10591,56,0
"SApp11,SApp18",ORN_DL2v,35,21,10591,56,0
SNxx14,PhG1b,36,20,10591,56,0
SNxx14,BM_vOcci_vPoOr,36,20,10591,56,0
SNxx14,LB1e,36,20,10591,56,0
SNxx14,SNxx30,36,20,10591,56,0
ORN_VA1v,SNpp33,17,39,10591,56,0
JO-A1,SNpp33,17,39,10591,56,0
SNch10,PhG1b,36,20,10591,56,0
SNch10,BM_vOcci_vPoOr,36,20,10591,56,0
SNch10,LB1e,36,20,10591,56,0
SNch10,SNxx30,36,20,10591,56,0
SNxx26,SApp13,25,31,10591,56,0
ORN_VA2,SApp13,25,31,10591,56,0
PhG1b,SNta18,20,36,10591,56,0
HRN_VP5,SNpp32,14,42,10591,56,0
ORN_VA6,ENS4,28,28,10591,56,0
ORN_VA6,SNta26,28,28,10591,56,0
HRN_VP1l,SNta28,10,46,10591,56,0
LB4b,SNpp32,14,42,10591,56,0
SNxx24,SNpp32,14,42,10591,56,0
"SNpp29,SNpp63",SNta33,29,27,10591,56,0
BM_vOcci_vPoOr,SNta18,20,36,10591,56,0
PhG6,SNta28,10,46,10591,56,0
R8d,SNta30,3,53,10591,56,0
SNpp33,SNpp05,39,17,10591,56,0
SNpp33,SNxx28,39,17,10591,56,0
SNpp33,ORN_VM5v,39,17,10591,56,0
SNpp33,SNpp31,39,17,10591,56,0
SNpp33,SNpp01,39,17,10591,56,0
ORN_D,SNta31,23,33,10591,56,0
LB1e,SNta18,20,36,10591,56,0
SNta18,SNxx30,36,20,10591,56,0
SNta11,LB4a,47,9,10591,56,0
SNta11,PhG3,47,9,10591,56,0
SNta11,SApp21,47,9,10591,56,0
SNta11,LgAG6,47,9,10591,56,0
SNta11,tpn MN,47,9,10591,56,0
SNta11,JO-B4_a,47,9,10591,56,0
ENS4,SNta26,28,28,10591,56,0
SApp14,SNpp02,32,24,10591,56,0
SNpp51,LB4a,47,9,10591,56,0
SNpp51,PhG3,47,9,10591,56,0
SNpp51,SApp21,47,9,10591,56,0
SNpp51,LgAG6,47,9,10591,56,0
SNpp51,tpn MN,47,9,10591,56,0
SNpp51,JO-B4_a,47,9,10591,56,0
SNpp07,SNpp02,32,24,10591,56,0
"SNta02,SNta09",SNxx06,43,13,10591,56,0
"SNta02,SNta09",SNpp15,43,13,10591,56,0
"SNta02,SNta09",ORN_DA2,43,13,10591,56,0
"SNta02,SNta09",PhG16,43,13,10591,56,0
"SNta02,SNta09",SNpp18,43,13,10591,56,0
"SNta02,SNta09",LgAG8,43,13,10591,56,0
SNpp32,ORN_VC5,42,14,10591,56,0
SNpp32,PhG4,42,14,10591,56,0
SNpp32,SNpp06,42,14,10591,56,0
SNpp32,BM_MaPa,42,14,10591,56,0
SNpp32,PhG14,42,14,10591,56,0
SNpp32,SNpp56,42,14,10591,56,0
SNpp32,JO-B2,42,14,10591,56,0
SNpp32,JO-B1_c,42,14,10591,56,0
LN-DN1,SNta28,10,46,10591,56,0
ORN_DM4,SNta28,10,46,10591,56,0
ORN_DM6,SNta28,10,46,10591,56,0
ORN_VA3,SNta28,10,46,10591,56,0
SNxx07,WG4,32,23,10592,55,0
SNxx07,ORN_D,32,23,10592,55,0
SNxx08,ORN_DP1m,20,35,10592,55,0
SNxx08,"SApp11,SApp18",20,35,10592,55,0
TPMN1,R7_unclear,40,15,10592,55,0
TPMN1,WG1,40,15,10592,55,0
TPMN1,LgAG9,40,15,10592,55,0
TPMN1,ORN_VA1d,40,15,10592,55,0
TPMN1,SNpp57,40,15,10592,55,0
TPMN1,LB1b,40,15,10592,55,0
TPMN1,SNpp12,40,15,10592,55,0
TPMN1,PhG8,40,15,10592,55,0
R7_unclear,SNxx15,15,40,10592,55,0
aPhM5,TPMN2,29,26,10592,55,0
aPhM5,ORN_DM1,29,26,10592,55,0
aPhM5,SNpp10,29,26,10592,55,0
aPhM5,SApp01,29,26,10592,55,0
SNxx23,ORN_DA3,50,5,10592,55,0
TPMN2,SNxx11,26,29,10592,55,0
TPMN2,ORN_DC4,26,29,10592,55,0
TPMN2,LB1c,26,29,10592,55,0
TPMN2,"SNpp29,SNpp63",26,29,10592,55,0
TPMN2,"SNta04,SNta11",26,29,10592,55,0
R7y,SNxx20,11,44,10592,55,0
R7y,LgAG1,11,44,10592,55,0
R7y,SNpp60,11,44,10592,55,0
R7p,SNxx20,11,44,10592,55,0
R7p,LgAG1,11,44,10592,55,0
R7p,SNpp60,11,44,10592,55,0
R7d,JO-EV2,13,42,10592,55,0
R7d,SNpp32,13,42,10592,55,0
LgLG6,JO-EV2,13,42,10592,55,0
LgLG6,SNpp32,13,42,10592,55,0
LgLG1a,GNG654,41,14,10592,55,0
LgLG1a,HRN_VP5,41,14,10592,55,0
LgLG1a,LB4b,41,14,10592,55,0
LgLG1a,SNxx24,41,14,10592,55,0
LgLG1a,ORN_VC5,41,14,10592,55,0
LgLG1a,PhG4,41,14,10592,55,0
LgLG1a,SNpp06,41,14,10592,55,0
LgLG1a,BM_MaPa,41,14,10592,55,0
LgLG1a,PhG14,41,14,10592,55,0
LgLG1a,SNpp56,41,14,10592,55,0
LgLG1a,JO-B2,41,14,10592,55,0
LgLG1a,JO-B1_c,41,14,10592,55,0
aPhM3,WG4,32,23,10592,55,0
aPhM3,ORN_D,32,23,10592,55,0
JO-A2,aPhM4,36,19,10592,55,0
JO-A2,LB3a,36,19,10592,55,0
JO-A2,SNpp35,36,19,10592,55,0
JO-A2,LgAG5,36,19,10592,55,0
JO-A2,LgAG7,36,19,10592,55,0
JO-A2,ORN_DL2d,36,19,10592,55,0
JO-A2,JO-B1_a,36,19,10592,55,0
JO-A2,SNta13,36,19,10592,55,0
aPhM4,SNpp16,19,36,10592,55,0
aPhM4,SNxx14,19,36,10592,55,0
aPhM4,SNch10,19,36,10592,55,0
aPhM4,SNta18,19,36,10592,55,0
JO-EV2,ORN_DM2,42,13,10592,55,0
JO-EV2,DNg20,42,13,10592,55,0
JO-EV2,SNxx06,42,13,10592,55,0
JO-EV2,SNpp15,42,13,10592,55,0
JO-EV2,ORN_DA2,42,13,10592,55,0
JO-EV2,PhG16,42,13,10592,55,0
JO-EV2,SNpp18,42,13,10592,55,0
JO-EV2,LgAG8,42,13,10592,55,0
SNxx20,R8p,44,11,10592,55,0
SNxx20,SNxx09,44,11,10592,55,0
SNxx20,LgLG2,44,11,10592,55,0
SNxx20,R8_unclear,44,11,10592,55,0
SNxx20,LB1a,44,11,10592,55,0
SNxx20,SNpp21,44,11,10592,55,0
SNxx20,ORN_VM7v,44,11,10592,55,0
SNxx20,ORN_DL1,44,11,10592,55,0
LgAG1,R8p,44,11,10592,55,0
LgAG1,SNxx09,44,11,10592,55,0
LgAG1,LgLG2,44,11,10592,55,0
LgAG1,R8_unclear,44,11,10592,55,0
LgAG1,LB1a,44,11,10592,55,0
LgAG1,SNpp21,44,11,10592,55,0
LgAG1,ORN_VM7v,44,11,10592,55,0
LgAG1,ORN_DL1,44,11,10592,55,0
LgLG1b,GNG642,39,16,10592,55,0
LgLG1b,ORN_V,39,16,10592,55,0
LgLG1b,PhG10,39,16,10592,55,0
LgLG1b,ORN_VL1,39,16,10592,55,0
LgLG1b,LgLG4,39,16,10592,55,0
LgLG1b,ORN_VM5d,39,16,10592,55,0
LgLG1b,SNpp11,39,16,10592,55,0
LgLG1b,ALBN1,39,16,10592,55,0
LgLG1b,ENS5,39,16,10592,55,0
LgLG1b,dorsal_tpGRN,39,16,10592,55,0
LgLG1b,JO-CA2,39,16,10592,55,0
GNG643,SNta14,27,28,10592,55,0
GNG643,ENS2,27,28,10592,55,0
GNG643,ORN_DP1l,27,28,10592,55,0
GNG643,ORN_VA6,27,28,10592,55,0
GNG643,ENS4,27,28,10592,55,0
GNG643,SNta26,27,28,10592,55,0
HRN_VP4,TRN_VP1m,31,24,10592,55,0
HRN_VP4,SNpp02,31,24,10592,55,0
WG3,aPhM1,33,22,10592,55,0
WG3,BM_Vt_PoOc,33,22,10592,55,0
WG3,PhG9,33,22,10592,55,0
WG3,ORN_DC1,33,22,10592,55,0
WG3,SNpp62,33,22,10592,55,0
WG3,SNpp58,33,22,10592,55,0
WG3,SNxx19,33,22,10592,55,0
WG3,SNxx21,33,22,10592,55,0
WG3,JO-B3,33,22,10592,55,0
R8p,SNpp60,11,44,10592,55,0
aPhM1,SNta31,22,33,10592,55,0
SNxx09,SNpp60,11,44,10592,55,0
ORN_VL2a,JO-A3,34,21,10592,55,0
ORN_VL2a,ORN_VM6v,34,21,10592,55,0
ORN_VL2a,SNxx17,34,21,10592,55,0
ORN_VL2a,ORN_DL2v,34,21,10592,55,0
LB3b,SNxx25,17,38,10592,55,0
SNxx15,WG1,40,15,10592,55,0
SNxx15,LgAG9,40,15,10592,55,0
SNxx15,ORN_VA1d,40,15,10592,55,0
SNxx15,SNpp57,40,15,10592,55,0
SNxx15,LB1b,40,15,10592,55,0
SNxx15,SNpp12,40,15,10592,55,0
SNxx15,PhG8,40,15,10592,55,0
aPhM2a,LgLG8,46,9,10592,55,0
aPhM2a,LB4a,46,9,10592,55,0
aPhM2a,PhG3,46,9,10592,55,0
aPhM2a,SApp21,46,9,10592,55,0
aPhM2a,LgAG6,46,9,10592,55,0
aPhM2a,tpn MN,46,9,10592,55,0
aPhM2a,JO-B4_a,46,9,10592,55,0
BM_Vt_PoOc,SNta31,22,33,10592,55,0
GNG644,ORN_DP1m,20,35,10592,55,0
GNG644,"SApp11,SApp18",20,35,10592,55,0
LgLG5,SAxx01,8,47,10592,55,0
LgLG5,SNxx29,8,47,10592,55,0
LgLG5,SNta11,8,47,10592,55,0
LgLG5,SNpp51,8,47,10592,55,0
JO-A3,ORN_DA1,21,34,10592,55,0
JO-A3,BM_Vib,21,34,10592,55,0
JO-A3,PhG1c,21,34,10592,55,0
ORN_DA1,ORN_VM6v,34,21,10592,55,0
ORN_DA1,SNxx17,34,21,10592,55,0
ORN_DA1,ORN_DL2v,34,21,10592,55,0
SNpp23,LB3c,30,25,10592,55,0
SNpp23,SNxx26,30,25,10592,55,0
SNpp23,ORN_VA2,30,25,10592,55,0
SNta14,LB3d,28,27,10592,55,0
SNta14,SNxx02,28,27,10592,55,0
SNta14,BM_Hau,28,27,10592,55,0
SNta14,JO-B4_b,28,27,10592,55,0
SNta14,SApp23,28,27,10592,55,0
SNta14,ORN_VL2p,28,27,10592,55,0
claw_tpGRN,TRN_VP3a,37,18,10592,55,0
claw_tpGRN,TRN_VP2,37,18,10592,55,0
claw_tpGRN,aPhM2b,37,18,10592,55,0
claw_tpGRN,ORN_VC1,37,18,10592,55,0
claw_tpGRN,ORN_VM7d,37,18,10592,55,0
claw_tpGRN,LgAG2,37,18,10592,55,0
claw_tpGRN,DNx01,37,18,10592,55,0
LgLG2,SNpp60,11,44,10592,55,0
LB3d,ENS2,27,28,10592,55,0
LB3d,ORN_DP1l,27,28,10592,55,0
LB3d,ORN_VA6,27,28,10592,55,0
LB3d,ENS4,27,28,10592,55,0
LB3d,SNta26,27,28,10592,55,0
SNxx02,ENS2,27,28,10592,55,0
SNxx02,ORN_DP1l,27,28,10592,55,0
SNxx02,ORN_VA6,27,28,10592,55,0
SNxx02,ENS4,27,28,10592,55,0
SNxx02,SNta26,27,28,10592,55,0
LgLG8,JO-mz,9,46,10592,55,0
LgLG8,SNta03,9,46,10592,55,0
LgLG8,SNta28,9,46,10592,55,0
LB3c,JO-CL,25,30,10592,55,0
LB3c,SNpp41,25,30,10592,55,0
ORN_VM6v,BM_Vib,21,34,10592,55,0
ORN_VM6v,PhG1c,21,34,10592,55,0
ENS2,BM_Hau,28,27,10592,55,0
ENS2,JO-B4_b,28,27,10592,55,0
ENS2,SApp23,28,27,10592,55,0
ENS2,ORN_VL2p,28,27,10592,55,0
ENS2,SNta33,28,27,10592,55,0
ORN_DP1l,BM_Hau,28,27,10592,55,0
ORN_DP1l,JO-B4_b,28,27,10592,55,0
ORN_DP1l,SApp23,28,27,10592,55,0
ORN_DP1l,ORN_VL2p,28,27,10592,55,0
ORN_DP1l,SNta33,28,27,10592,55,0
LB3a,SNpp16,19,36,10592,55,0
LB3a,SNxx14,19,36,10592,55,0
LB3a,SNch10,19,36,10592,55,0
LB3a,SNta18,19,36,10592,55,0
SNpp16,SNpp35,36,19,10592,55,0
SNpp16,LgAG5,36,19,10592,55,0
SNpp16,LgAG7,36,19,10592,55,0
SNpp16,ORN_DL2d,36,19,10592,55,0
SNpp16,JO-B1_a,36,19,10592,55,0
SNpp16,SNta13,36,19,10592,55,0
TRN_VP1m,HRN_VP1d,24,31,10592,55,0
TRN_VP1m,JO-ED1,24,31,10592,55,0
TRN_VP1m,SApp13,24,31,10592,55,0
PhG9,SNta31,22,33,10592,55,0
BM_Hau,ORN_VA6,27,28,10592,55,0
BM_Hau,ENS4,27,28,10592,55,0
BM_Hau,SNta26,27,28,10592,55,0
JO-mz,LB4a,46,9,10592,55,0
JO-mz,PhG3,46,9,10592,55,0
JO-mz,SApp21,46,9,10592,55,0
JO-mz,LgAG6,46,9,10592,55,0
JO-mz,tpn MN,46,9,10592,55,0
JO-mz,JO-B4_a,46,9,10592,55,0
SNpp60,R8_unclear,44,11,10592,55,0
SNpp60,LB1a,44,11,10592,55,0
SNpp60,SNpp21,44,11,10592,55,0
SNpp60,ORN_VM7v,44,11,10592,55,0
SNpp60,ORN_DL1,44,11,10592,55,0
SApp19,ORN_DA3,50,5,10592,55,0
ORN_DP1m,ORN_DL5,35,20,10592,55,0
ORN_DP1m,WG2,35,20,10592,55,0
ORN_DP1m,LgAG3,35,20,10592,55,0
ORN_DP1m,PhG1b,35,20,10592,55,0
ORN_DP1m,BM_vOcci_vPoOr,35,20,10592,55,0
ORN_DP1m,LB1e,35,20,10592,55,0
ORN_DP1m,SNxx30,35,20,10592,55,0
JO-B4_b,ORN_VA6,27,28,10592,55,0
JO-B4_b,ENS4,27,28,10592,55,0
JO-B4_b,SNta26,27,28,10592,55,0
SNta03,LB4a,46,9,10592,55,0
SNta03,PhG3,46,9,10592,55,0
SNta03,SApp21,46,9,10592,55,0
SNta03,LgAG6,46,9,10592,55,0
SNta03,tpn MN,46,9,10592,55,0
SNta03,JO-B4_a,46,9,10592,55,0
SNxx04,ORN_DA3,50,5,10592,55,0
WG4,SApp14,23,32,10592,55,0
WG4,SNpp07,23,32,10592,55,0
ORN_DM1,SNxx11,26,29,10592,55,0
ORN_DM1,ORN_DC4,26,29,10592,55,0
ORN_DM1,LB1c,26,29,10592,55,0
ORN_DM1,"SNpp29,SNpp63",26,29,10592,55,0
ORN_DM1,"SNta04,SNta11",26,29,10592,55,0
SAxx01,HBeyelet,47,8,10592,55,0
SAxx01,PhG1a,47,8,10592,55,0
JO-ED2_c,GNG642,39,16,10592,55,0
JO-ED2_c,ORN_V,39,16,10592,55,0
JO-ED2_c,PhG10,39,16,10592,55,0
JO-ED2_c,ORN_VL1,39,16,10592,55,0
JO-ED2_c,LgLG4,39,16,10592,55,0
JO-ED2_c,ORN_VM5d,39,16,10592,55,0
JO-ED2_c,SNpp11,39,16,10592,55,0
JO-ED2_c,ALBN1,39,16,10592,55,0
JO-ED2_c,ENS5,39,16,10592,55,0
JO-ED2_c,dorsal_tpGRN,39,16,10592,55,0
JO-ED2_c,JO-CA2,39,16,10592,55,0
BM_Vib,SNxx17,34,21,10592,55,0
BM_Vib,ORN_DL2v,34,21,10592,55,0
HRN_VP1d,SNpp02,31,24,10592,55,0
SNxx29,HBeyelet,47,8,10592,55,0
SNxx29,PhG1a,47,8,10592,55,0
ORN_DC1,SNta31,22,33,10592,55,0
GNG642,SNpp47,16,39,10592,55,0
GNG642,SNpp33,16,39,10592,55,0
SNxx11,SNpp10,29,26,10592,55,0
SNxx11,SApp01,29,26,10592,55,0
ORN_DC4,SNpp10,29,26,10592,55,0
ORN_DC4,SApp01,29,26,10592,55,0
ORN_DM2,SNpp32,13,42,10592,55,0
SApp23,ORN_VA6,27,28,10592,55,0
SApp23,ENS4,27,28,10592,55,0
SApp23,SNta26,27,28,10592,55,0
GNG654,SNpp43,14,41,10592,55,0
SNpp47,ORN_V,39,16,10592,55,0
SNpp47,PhG10,39,16,10592,55,0
SNpp47,ORN_VL1,39,16,10592,55,0
SNpp47,LgLG4,39,16,10592,55,0
SNpp47,ORN_VM5d,39,16,10592,55,0
SNpp47,SNpp11,39,16,10592,55,0
SNpp47,ALBN1,39,16,10592,55,0
SNpp47,ENS5,39,16,10592,55,0
SNpp47,dorsal_tpGRN,39,16,10592,55,0
SNpp47,JO-CA2,39,16,10592,55,0
LB1c,SNpp10,29,26,10592,55,0
LB1c,SApp01,29,26,10592,55,0
JO-CL,SNxx26,30,25,10592,55,0
JO-CL,ORN_VA2,30,25,10592,55,0
ORN_VL2p,ORN_VA6,27,28,10592,55,0
ORN_VL2p,ENS4,27,28,10592,55,0
ORN_VL2p,SNta26,27,28,10592,55,0
ORN_DL5,"SApp11,SApp18",20,35,10592,55,0
ENS3,"SNta02,SNta09",12,43,10592,55,0
SNpp43,HRN_VP5,41,14,10592,55,0
SNpp43,LB4b,41,14,10592,55,0
SNpp43,SNxx24,41,14,10592,55,0
SNpp43,ORN_VC5,41,14,10592,55,0
SNpp43,PhG4,41,14,10592,55,0
SNpp43,SNpp06,41,14,10592,55,0
SNpp43,BM_MaPa,41,14,10592,55,0
SNpp43,PhG14,41,14,10592,55,0
SNpp43,SNpp56,41,14,10592,55,0
SNpp43,JO-B2,41,14,10592,55,0
SNpp43,JO-B1_c,41,14,10592,55,0
PhG1c,SNxx17,34,21,10592,55,0
PhG1c,ORN_DL2v,34,21,10592,55,0
SNpp41,SNxx26,30,25,10592,55,0
SNpp41,ORN_VA2,30,25,10592,55,0
JO-ED1,SNpp02,31,24,10592,55,0
SNxx25,ORN_VA1v,38,17,10592,55,0
SNxx25,JO-A1,38,17,10592,55,0
SNxx25,SNpp05,38,17,10592,55,0
SNxx25,SNxx28,38,17,10592,55,0
SNxx25,ORN_VM5v,38,17,10592,55,0
SNxx25,SNpp31,38,17,10592,55,0
SNxx25,SNpp17,38,17,10592,55,0
SNxx25,SNpp01,38,17,10592,55,0
SNpp35,SNxx14,19,36,10592,55,0
SNpp35,SNch10,19,36,10592,55,0
SNpp35,SNta18,19,36,10592,55,0
WG2,"SApp11,SApp18",20,35,10592,55,0
LgAG3,"SApp11,SApp18",20,35,10592,55,0
"SApp11,SApp18",PhG1b,35,20,10592,55,0
"SApp11,SApp18",BM_vOcci_vPoOr,35,20,10592,55,0
"SApp11,SApp18",LB1e,35,20,10592,55,0
"SApp11,SApp18",SNxx30,35,20,10592,55,0
SNxx14,LgAG5,36,19,10592,55,0
SNxx14,LgAG7,36,19,10592,55,0
SNxx14,ORN_DL2d,36,19,10592,55,0
SNxx14,JO-B1_a,36,19,10592,55,0
SNxx14,SNta13,36,19,10592,55,0
ORN_V,SNpp33,16,39,10592,55,0
SNta04,ORN_DA3,50,5,10592,55,0
SNch10,LgAG5,36,19,10592,55,0
SNch10,LgAG7,36,19,10592,55,0
SNch10,ORN_DL2d,36,19,10592,55,0
SNch10,JO-B1_a,36,19,10592,55,0
SNch10,SNta13,36,19,10592,55,0
LgAG5,SNta18,19,36,10592,55,0
SNpp10,"SNpp29,SNpp63",26,29,10592,55,0
SNpp10,"SNta04,SNta11",26,29,10592,55,0
ORN_VA6,SNta33,28,27,10592,55,0
SNpp62,SNta31,22,33,10592,55,0
PhG10,SNpp33,16,39,10592,55,0
SApp01,"SNpp29,SNpp63",26,29,10592,55,0
SApp01,"SNta04,SNta11",26,29,10592,55,0
LgAG7,SNta18,19,36,10592,55,0
DNg20,SNpp32,13,42,10592,55,0
ORN_VL1,SNpp33,16,39,10592,55,0
ORN_VM4,"SNta02,SNta09",12,43,10592,55,0
ORN_DL2d,SNta18,19,36,10592,55,0
R8d,SNta25,3,52,10592,55,0
SNpp33,LgLG4,39,16,10592,55,0
SNpp33,ORN_VM5d,39,16,10592,55,0
SNpp33,SNpp11,39,16,10592,55,0
SNpp33,ALBN1,39,16,10592,55,0
SNpp33,ENS5,39,16,10592,55,0
SNpp33,dorsal_tpGRN,39,16,10592,55,0
SNpp33,JO-CA2,39,16,10592,55,0
ORN_D,SApp14,23,32,10592,55,0
ORN_D,SNpp07,23,32,10592,55,0
SNta18,JO-B1_a,36,19,10592,55,0
SNta18,SNta13,36,19,10592,55,0
SNta11,HBeyelet,47,8,10592,55,0
SNta11,PhG1a,47,8,10592,55,0
ENS4,SNta33,28,27,10592,55,0
ENS1,"SNta02,SNta09",12,43,10592,55,0
PhG13,"SNta02,SNta09",12,43,10592,55,0
HBeyelet,SNpp51,8,47,10592,55,0
SNpp58,SNta31,22,33,10592,55,0
SNpp51,PhG1a,47,8,10592,55,0
"SNta02,SNta09",ORN_DC2,43,12,10592,55,0
"SNta02,SNta09",SNpp37,43,12,10592,55,0
"SNta02,SNta09",ORN_VC4,43,12,10592,55,0
"SNta02,SNta09",b2 MN,43,12,10592,55,0
SNpp32,SNxx06,42,13,10592,55,0
SNpp32,SNpp15,42,13,10592,55,0
SNpp32,ORN_DA2,42,13,10592,55,0
SNpp32,PhG16,42,13,10592,55,0
SNpp32,SNpp18,42,13,10592,55,0
SNpp32,LgAG8,42,13,10592,55,0
SApp13,SNpp02,31,24,10592,55,0
SNxx19,SNta31,22,33,10592,55,0
SNxx21,SNta31,22,33,10592,55,0
JO-B3,SNta31,22,33,10592,55,0
LB4a,SNta28,9,46,10592,55,0
PhG3,SNta28,9,46,10592,55,0
SApp21,SNta28,9,46,10592,55,0
LgAG6,SNta28,9,46,10592,55,0
tpn MN,SNta28,9,46,10592,55,0
SNta26,SNta33,28,27,10592,55,0
JO-B4_a,SNta28,9,46,10592,55,0
SNxx07,aPhM1,32,22,10593,54,0
SNxx07,BM_Vt_PoOc,32,22,10593,54,0
SNxx07,PhG9,32,22,10593,54,0
SNxx07,ORN_DC1,32,22,10593,54,0
SNxx07,SNpp62,32,22,10593,54,0
SNxx07,SNpp58,32,22,10593,54,0
SNxx07,SNxx19,32,22,10593,54,0
SNxx07,SNxx21,32,22,10593,54,0
SNxx07,JO-B3,32,22,10593,54,0
SNxx08,ORN_VL2a,20,34,10593,54,0
SNxx08,ORN_DA1,20,34,10593,54,0
SNxx08,BM_Vib,20,34,10593,54,0
SNxx08,PhG1c,20,34,10593,54,0
TPMN1,GNG654,40,14,10593,54,0
TPMN1,HRN_VP5,40,14,10593,54,0
TPMN1,LB4b,40,14,10593,54,0
TPMN1,SNxx24,40,14,10593,54,0
TPMN1,ORN_VC5,40,14,10593,54,0
TPMN1,PhG4,40,14,10593,54,0
TPMN1,SNpp06,40,14,10593,54,0
TPMN1,BM_MaPa,40,14,10593,54,0
TPMN1,PhG14,40,14,10593,54,0
TPMN1,SNpp56,40,14,10593,54,0
TPMN1,JO-B2,40,14,10593,54,0
TPMN1,JO-B1_c,40,14,10593,54,0
R7_unclear,LgLG1b,15,39,10593,54,0
R7_unclear,JO-ED2_c,15,39,10593,54,0
R7_unclear,SNpp47,15,39,10593,54,0
R7_unclear,SNpp33,15,39,10593,54,0
aPhM5,LB3c,29,25,10593,54,0
aPhM5,SNxx26,29,25,10593,54,0
aPhM5,ORN_VA2,29,25,10593,54,0
TPMN2,SNta14,26,28,10593,54,0
TPMN2,ENS2,26,28,10593,54,0
TPMN2,ORN_DP1l,26,28,10593,54,0
TPMN2,ORN_VA6,26,28,10593,54,0
TPMN2,ENS4,26,28,10593,54,0
TPMN2,SNta26,26,28,10593,54,0
R7y,"SNta02,SNta09",11,43,10593,54,0
R7p,"SNta02,SNta09",11,43,10593,54,0
R7d,LgLG1a,13,41,10593,54,0
R7d,SNpp43,13,41,10593,54,0
LgLG6,LgLG1a,13,41,10593,54,0
LgLG6,SNpp43,13,41,10593,54,0
LgLG1a,ORN_DM2,41,13,10593,54,0
LgLG1a,DNg20,41,13,10593,54,0
LgLG1a,SNxx06,41,13,10593,54,0
LgLG1a,SNpp15,41,13,10593,54,0
LgLG1a,ORN_DA2,41,13,10593,54,0
LgLG1a,PhG16,41,13,10593,54,0
LgLG1a,SNpp18,41,13,10593,54,0
LgLG1a,LgAG8,41,13,10593,54,0
aPhM3,aPhM1,32,22,10593,54,0
aPhM3,BM_Vt_PoOc,32,22,10593,54,0
aPhM3,PhG9,32,22,10593,54,0
aPhM3,ORN_DC1,32,22,10593,54,0
aPhM3,SNpp62,32,22,10593,54,0
aPhM3,SNpp58,32,22,10593,54,0
aPhM3,SNxx19,32,22,10593,54,0
aPhM3,SNxx21,32,22,10593,54,0
aPhM3,JO-B3,32,22,10593,54,0
JO-A2,TRN_VP3a,36,18,10593,54,0
JO-A2,TRN_VP2,36,18,10593,54,0
JO-A2,aPhM2b,36,18,10593,54,0
JO-A2,ORN_VC1,36,18,10593,54,0
JO-A2,ORN_VM7d,36,18,10593,54,0
JO-A2,LgAG2,36,18,10593,54,0
JO-A2,DNx01,36,18,10593,54,0
aPhM4,ORN_DP1m,19,35,10593,54,0
aPhM4,"SApp11,SApp18",19,35,10593,54,0
JO-EV2,ENS3,42,12,10593,54,0
JO-EV2,ORN_VM4,42,12,10593,54,0
JO-EV2,ENS1,42,12,10593,54,0
JO-EV2,PhG13,42,12,10593,54,0
JO-EV2,ORN_DC2,42,12,10593,54,0
JO-EV2,SNpp37,42,12,10593,54,0
JO-EV2,ORN_VC4,42,12,10593,54,0
JO-EV2,b2 MN,42,12,10593,54,0
SNxx20,R8y,44,10,10593,54,0
SNxx20,HRN_VP1l,44,10,10593,54,0
SNxx20,PhG6,44,10,10593,54,0
SNxx20,LN-DN1,44,10,10593,54,0
SNxx20,ORN_DM4,44,10,10593,54,0
SNxx20,ORN_DM6,44,10,10593,54,0
SNxx20,ORN_VA3,44,10,10593,54,0
LgAG1,R8y,44,10,10593,54,0
LgAG1,HRN_VP1l,44,10,10593,54,0
LgAG1,PhG6,44,10,10593,54,0
LgAG1,LN-DN1,44,10,10593,54,0
LgAG1,ORN_DM4,44,10,10593,54,0
LgAG1,ORN_DM6,44,10,10593,54,0
LgAG1,ORN_VA3,44,10,10593,54,0
LgLG1b,WG1,39,15,10593,54,0
LgLG1b,LgAG9,39,15,10593,54,0
LgLG1b,ORN_VA1d,39,15,10593,54,0
LgLG1b,SNpp57,39,15,10593,54,0
LgLG1b,LB1b,39,15,10593,54,0
LgLG1b,SNpp12,39,15,10593,54,0
LgLG1b,PhG8,39,15,10593,54,0
GNG643,SNxx02,27,27,10593,54,0
GNG643,JO-B4_b,27,27,10593,54,0
GNG643,SApp23,27,27,10593,54,0
GNG643,ORN_VL2p,27,27,10593,54,0
GNG643,SNta33,27,27,10593,54,0
HRN_VP4,WG4,31,23,10593,54,0
HRN_VP4,ORN_D,31,23,10593,54,0
WG3,JO-A3,33,21,10593,54,0
WG3,ORN_VM6v,33,21,10593,54,0
WG3,SNxx17,33,21,10593,54,0
WG3,ORN_DL2v,33,21,10593,54,0
R8p,"SNta02,SNta09",11,43,10593,54,0
aPhM1,SApp14,22,32,10593,54,0
aPhM1,SNpp07,22,32,10593,54,0
SNxx09,"SNta02,SNta09",11,43,10593,54,0
ORN_VL2a,GNG644,34,20,10593,54,0
ORN_VL2a,ORN_DL5,34,20,10593,54,0
ORN_VL2a,WG2,34,20,10593,54,0
ORN_VL2a,LgAG3,34,20,10593,54,0
ORN_VL2a,PhG1b,34,20,10593,54,0
ORN_VL2a,BM_vOcci_vPoOr,34,20,10593,54,0
ORN_VL2a,LB1e,34,20,10593,54,0
ORN_VL2a,SNxx30,34,20,10593,54,0
LB3b,claw_tpGRN,17,37,10593,54,0
SNxx15,GNG654,40,14,10593,54,0
SNxx15,HRN_VP5,40,14,10593,54,0
SNxx15,LB4b,40,14,10593,54,0
SNxx15,SNxx24,40,14,10593,54,0
SNxx15,ORN_VC5,40,14,10593,54,0
SNxx15,PhG4,40,14,10593,54,0
SNxx15,SNpp06,40,14,10593,54,0
SNxx15,BM_MaPa,40,14,10593,54,0
SNxx15,PhG14,40,14,10593,54,0
SNxx15,SNpp56,40,14,10593,54,0
SNxx15,JO-B2,40,14,10593,54,0
SNxx15,JO-B1_c,40,14,10593,54,0
aPhM2a,LgLG5,46,8,10593,54,0
aPhM2a,HBeyelet,46,8,10593,54,0
aPhM2a,PhG1a,46,8,10593,54,0
SAxx02,R8d,51,3,10593,54,0
BM_Vt_PoOc,SApp14,22,32,10593,54,0
BM_Vt_PoOc,SNpp07,22,32,10593,54,0
GNG644,ORN_DA1,20,34,10593,54,0
GNG644,BM_Vib,20,34,10593,54,0
GNG644,PhG1c,20,34,10593,54,0
R8y,SNpp60,10,44,10593,54,0
LgLG5,JO-mz,8,46,10593,54,0
LgLG5,SNta03,8,46,10593,54,0
LgLG5,SNta28,8,46,10593,54,0
JO-A3,SNta31,21,33,10593,54,0
ORN_DA1,ORN_DL5,34,20,10593,54,0
ORN_DA1,WG2,34,20,10593,54,0
ORN_DA1,LgAG3,34,20,10593,54,0
ORN_DA1,PhG1b,34,20,10593,54,0
ORN_DA1,BM_vOcci_vPoOr,34,20,10593,54,0
ORN_DA1,LB1e,34,20,10593,54,0
ORN_DA1,SNxx30,34,20,10593,54,0
SNpp23,TRN_VP1m,30,24,10593,54,0
SNpp23,SNpp02,30,24,10593,54,0
WG1,JO-ED2_c,15,39,10593,54,0
WG1,SNpp47,15,39,10593,54,0
WG1,SNpp33,15,39,10593,54,0
SNta14,ORN_DM1,28,26,10593,54,0
SNta14,SNpp10,28,26,10593,54,0
SNta14,SApp01,28,26,10593,54,0
claw_tpGRN,ORN_VA1v,37,17,10593,54,0
claw_tpGRN,JO-A1,37,17,10593,54,0
claw_tpGRN,SNpp05,37,17,10593,54,0
claw_tpGRN,SNxx28,37,17,10593,54,0
claw_tpGRN,ORN_VM5v,37,17,10593,54,0
claw_tpGRN,SNpp31,37,17,10593,54,0
claw_tpGRN,SNpp17,37,17,10593,54,0
claw_tpGRN,SNpp01,37,17,10593,54,0
LgLG2,"SNta02,SNta09",11,43,10593,54,0
TRN_VP3a,SNpp16,18,36,10593,54,0
TRN_VP3a,SNxx14,18,36,10593,54,0
TRN_VP3a,SNch10,18,36,10593,54,0
TRN_VP3a,SNta18,18,36,10593,54,0
LB3d,SNxx02,27,27,10593,54,0
LB3d,JO-B4_b,27,27,10593,54,0
LB3d,SApp23,27,27,10593,54,0
LB3d,ORN_VL2p,27,27,10593,54,0
LB3d,SNta33,27,27,10593,54,0
SNxx02,BM_Hau,27,27,10593,54,0
SNxx02,JO-B4_b,27,27,10593,54,0
SNxx02,SApp23,27,27,10593,54,0
SNxx02,ORN_VL2p,27,27,10593,54,0
SNxx02,SNta33,27,27,10593,54,0
LB3c,SNxx11,25,29,10593,54,0
LB3c,ORN_DC4,25,29,10593,54,0
LB3c,LB1c,25,29,10593,54,0
LB3c,"SNpp29,SNpp63",25,29,10593,54,0
LB3c,"SNta04,SNta11",25,29,10593,54,0
ORN_VM6v,SNta31,21,33,10593,54,0
ENS2,ORN_DM1,28,26,10593,54,0
ENS2,SNpp10,28,26,10593,54,0
ENS2,SApp01,28,26,10593,54,0
ORN_DP1l,ORN_DM1,28,26,10593,54,0
ORN_DP1l,SNpp10,28,26,10593,54,0
ORN_DP1l,SApp01,28,26,10593,54,0
LB3a,ORN_DP1m,19,35,10593,54,0
LB3a,"SApp11,SApp18",19,35,10593,54,0
SNpp16,TRN_VP2,36,18,10593,54,0
SNpp16,aPhM2b,36,18,10593,54,0
SNpp16,ORN_VC1,36,18,10593,54,0
SNpp16,ORN_VM7d,36,18,10593,54,0
SNpp16,LgAG2,36,18,10593,54,0
SNpp16,DNx01,36,18,10593,54,0
TRN_VP1m,JO-CL,24,30,10593,54,0
TRN_VP1m,SNpp41,24,30,10593,54,0
PhG9,SApp14,22,32,10593,54,0
PhG9,SNpp07,22,32,10593,54,0
BM_Hau,JO-B4_b,27,27,10593,54,0
BM_Hau,SApp23,27,27,10593,54,0
BM_Hau,ORN_VL2p,27,27,10593,54,0
BM_Hau,SNta33,27,27,10593,54,0
JO-mz,HBeyelet,46,8,10593,54,0
JO-mz,PhG1a,46,8,10593,54,0
SNpp60,HRN_VP1l,44,10,10593,54,0
SNpp60,PhG6,44,10,10593,54,0
SNpp60,LN-DN1,44,10,10593,54,0
SNpp60,ORN_DM4,44,10,10593,54,0
SNpp60,ORN_DM6,44,10,10593,54,0
SNpp60,ORN_VA3,44,10,10593,54,0
ORN_DP1m,SNpp35,35,19,10593,54,0
ORN_DP1m,LgAG5,35,19,10593,54,0
ORN_DP1m,LgAG7,35,19,10593,54,0
ORN_DP1m,ORN_DL2d,35,19,10593,54,0
ORN_DP1m,JO-B1_a,35,19,10593,54,0
ORN_DP1m,SNta13,35,19,10593,54,0
JO-B4_b,SApp23,27,27,10593,54,0
JO-B4_b,ORN_VL2p,27,27,10593,54,0
JO-B4_b,SNta33,27,27,10593,54,0
SNta03,HBeyelet,46,8,10593,54,0
SNta03,PhG1a,46,8,10593,54,0
R8_unclear,"SNta02,SNta09",11,43,10593,54,0
WG4,HRN_VP1d,23,31,10593,54,0
WG4,JO-ED1,23,31,10593,54,0
WG4,SApp13,23,31,10593,54,0
"SNta11,SNta14",ORN_DA3,49,5,10593,54,0
ORN_DM1,ORN_VA6,26,28,10593,54,0
ORN_DM1,ENS4,26,28,10593,54,0
ORN_DM1,SNta26,26,28,10593,54,0
SAxx01,LgLG7,47,7,10593,54,0
SAxx01,DNg83,47,7,10593,54,0
SAxx01,ORN_DL3,47,7,10593,54,0
SAxx01,ORN_DM3,47,7,10593,54,0
SNxx03,R8d,51,3,10593,54,0
JO-ED2_c,LgAG9,39,15,10593,54,0
JO-ED2_c,ORN_VA1d,39,15,10593,54,0
JO-ED2_c,SNpp57,39,15,10593,54,0
JO-ED2_c,LB1b,39,15,10593,54,0
JO-ED2_c,SNpp12,39,15,10593,54,0
JO-ED2_c,PhG8,39,15,10593,54,0
BM_Vib,ORN_DL5,34,20,10593,54,0
BM_Vib,WG2,34,20,10593,54,0
BM_Vib,LgAG3,34,20,10593,54,0
BM_Vib,PhG1b,34,20,10593,54,0
BM_Vib,BM_vOcci_vPoOr,34,20,10593,54,0
BM_Vib,LB1e,34,20,10593,54,0
BM_Vib,SNxx30,34,20,10593,54,0
HRN_VP1d,ORN_D,31,23,10593,54,0
SNxx29,LgLG7,47,7,10593,54,0
SNxx29,DNg83,47,7,10593,54,0
SNxx29,ORN_DL3,47,7,10593,54,0
SNxx29,ORN_DM3,47,7,10593,54,0
ORN_DC1,SApp14,22,32,10593,54,0
ORN_DC1,SNpp07,22,32,10593,54,0
GNG642,SNxx25,16,38,10593,54,0
SNxx11,SNxx26,29,25,10593,54,0
SNxx11,ORN_VA2,29,25,10593,54,0
ORN_DC4,SNxx26,29,25,10593,54,0
ORN_DC4,ORN_VA2,29,25,10593,54,0
ORN_DM2,SNpp43,13,41,10593,54,0
SApp23,ORN_VL2p,27,27,10593,54,0
SApp23,SNta33,27,27,10593,54,0
SNpp47,LgAG9,39,15,10593,54,0
SNpp47,ORN_VA1d,39,15,10593,54,0
SNpp47,SNpp57,39,15,10593,54,0
SNpp47,LB1b,39,15,10593,54,0
SNpp47,SNpp12,39,15,10593,54,0
SNpp47,PhG8,39,15,10593,54,0
TRN_VP2,SNxx14,18,36,10593,54,0
TRN_VP2,SNch10,18,36,10593,54,0
TRN_VP2,SNta18,18,36,10593,54,0
aPhM2b,SNxx14,18,36,10593,54,0
aPhM2b,SNch10,18,36,10593,54,0
aPhM2b,SNta18,18,36,10593,54,0
LB1c,SNxx26,29,25,10593,54,0
LB1c,ORN_VA2,29,25,10593,54,0
JO-CL,SNpp02,30,24,10593,54,0
LgAG9,SNpp33,15,39,10593,54,0
ORN_VL2p,SNta33,27,27,10593,54,0
ORN_DL5,PhG1c,20,34,10593,54,0
ENS3,SNpp32,12,42,10593,54,0
SNpp43,DNg20,41,13,10593,54,0
SNpp43,SNxx06,41,13,10593,54,0
SNpp43,SNpp15,41,13,10593,54,0
SNpp43,ORN_DA2,41,13,10593,54,0
SNpp43,PhG16,41,13,10593,54,0
SNpp43,SNpp18,41,13,10593,54,0
SNpp43,LgAG8,41,13,10593,54,0
PhG1c,WG2,34,20,10593,54,0
PhG1c,LgAG3,34,20,10593,54,0
PhG1c,BM_vOcci_vPoOr,34,20,10593,54,0
PhG1c,LB1e,34,20,10593,54,0
PhG1c,SNxx30,34,20,10593,54,0
SNpp41,SNpp02,30,24,10593,54,0
JO-ED1,ORN_D,31,23,10593,54,0
SNxx25,ORN_V,38,16,10593,54,0
SNxx25,PhG10,38,16,10593,54,0
SNxx25,ORN_VL1,38,16,10593,54,0
SNxx25,LgLG4,38,16,10593,54,0
SNxx25,ORN_VM5d,38,16,10593,54,0
SNxx25,SNpp11,38,16,10593,54,0
SNxx25,ALBN1,38,16,10593,54,0
SNxx25,ENS5,38,16,10593,54,0
SNxx25,dorsal_tpGRN,38,16,10593,54,0
SNxx25,JO-CA2,38,16,10593,54,0
"SApp11,SApp18",LgAG5,35,19,10593,54,0
"SApp11,SApp18",LgAG7,35,19,10593,54,0
"SApp11,SApp18",ORN_DL2d,35,19,10593,54,0
"SApp11,SApp18",JO-B1_a,35,19,10593,54,0
"SApp11,SApp18",SNta13,35,19,10593,54,0
SNxx14,ORN_VC1,36,18,10593,54,0
SNxx14,ORN_VM7d,36,18,10593,54,0
SNxx14,LgAG2,36,18,10593,54,0
SNxx14,DNx01,36,18,10593,54,0
SNxx17,SNta31,21,33,10593,54,0
SNch10,ORN_VC1,36,18,10593,54,0
SNch10,ORN_VM7d,36,18,10593,54,0
SNch10,LgAG2,36,18,10593,54,0
SNch10,DNx01,36,18,10593,54,0
SNxx26,"SNpp29,SNpp63",25,29,10593,54,0
SNxx26,"SNta04,SNta11",25,29,10593,54,0
ORN_VA2,"SNpp29,SNpp63",25,29,10593,54,0
ORN_VA2,"SNta04,SNta11",25,29,10593,54,0
SNpp10,ORN_VA6,26,28,10593,54,0
SNpp10,ENS4,26,28,10593,54,0
SNpp10,SNta26,26,28,10593,54,0
ORN_VA6,SApp01,28,26,10593,54,0
SNpp62,SApp14,22,32,10593,54,0
SNpp62,SNpp07,22,32,10593,54,0
SApp01,ENS4,26,28,10593,54,0
SApp01,SNta26,26,28,10593,54,0
ORN_DL2v,SNta31,21,33,10593,54,0
ORN_VC1,SNta18,18,36,10593,54,0
LB1a,"SNta02,SNta09",11,43,10593,54,0
ORN_VM4,SNpp32,12,42,10593,54,0
ORN_VM7d,SNta18,18,36,10593,54,0
SNpp33,ORN_VA1d,39,15,10593,54,0
SNpp33,SNpp57,39,15,10593,54,0
SNpp33,LB1b,39,15,10593,54,0
SNpp33,SNpp12,39,15,10593,54,0
SNpp33,PhG8,39,15,10593,54,0
ORN_D,SApp13,23,31,10593,54,0
SNta18,LgAG2,36,18,10593,54,0
SNta18,DNx01,36,18,10593,54,0
SNta11,LgLG7,47,7,10593,54,0
SNta11,DNg83,47,7,10593,54,0
SNta11,ORN_DL3,47,7,10593,54,0
SNta11,ORN_DM3,47,7,10593,54,0
ENS1,SNpp32,12,42,10593,54,0
PhG13,SNpp32,12,42,10593,54,0
SApp14,SNpp58,32,22,10593,54,0
SApp14,SNxx19,32,22,10593,54,0
SApp14,SNxx21,32,22,10593,54,0
SApp14,JO-B3,32,22,10593,54,0
HBeyelet,SNta28,8,46,10593,54,0
SNpp58,SNpp07,22,32,10593,54,0
LgLG7,SNpp51,7,47,10593,54,0
SNpp51,DNg83,47,7,10593,54,0
SNpp51,ORN_DL3,47,7,10593,54,0
SNpp51,ORN_DM3,47,7,10593,54,0
SNpp07,SNxx19,32,22,10593,54,0
SNpp07,SNxx21,32,22,10593,54,0
SNpp07,JO-B3,32,22,10593,54,0
SNpp21,"SNta02,SNta09",11,43,10593,54,0
ORN_VM7v,"SNta02,SNta09",11,43,10593,54,0
"SNta02,SNta09",ORN_DL1,43,11,10593,54,0
SNpp32,ORN_DC2,42,12,10593,54,0
SNpp32,SNpp37,42,12,10593,54,0
SNpp32,ORN_VC4,42,12,10593,54,0
SNpp32,b2 MN,42,12,10593,54,0
PhG1a,SNta28,8,46,10593,54,0
SNxx07,JO-A3,32,21,10594,53,0
SNxx07,ORN_VM6v,32,21,10594,53,0
SNxx07,SNxx17,32,21,10594,53,0
SNxx07,ORN_DL2v,32,21,10594,53,0
SNxx08,WG3,20,33,10594,53,0
SNxx08,SNta31,20,33,10594,53,0
TPMN1,R7d,40,13,10594,53,0
TPMN1,LgLG6,40,13,10594,53,0
TPMN1,ORN_DM2,40,13,10594,53,0
TPMN1,DNg20,40,13,10594,53,0
TPMN1,SNxx06,40,13,10594,53,0
TPMN1,SNpp15,40,13,10594,53,0
TPMN1,ORN_DA2,40,13,10594,53,0
TPMN1,PhG16,40,13,10594,53,0
TPMN1,SNpp18,40,13,10594,53,0
TPMN1,LgAG8,40,13,10594,53,0
R7_unclear,SNxx25,15,38,10594,53,0
aPhM5,TRN_VP1m,29,24,10594,53,0
aPhM5,SNpp02,29,24,10594,53,0
SNxx23,R8d,50,3,10594,53,0
TPMN2,GNG643,26,27,10594,53,0
TPMN2,LB3d,26,27,10594,53,0
TPMN2,SNxx02,26,27,10594,53,0
TPMN2,BM_Hau,26,27,10594,53,0
TPMN2,JO-B4_b,26,27,10594,53,0
TPMN2,SApp23,26,27,10594,53,0
TPMN2,ORN_VL2p,26,27,10594,53,0
TPMN2,SNta33,26,27,10594,53,0
R7y,JO-EV2,11,42,10594,53,0
R7y,SNpp32,11,42,10594,53,0
R7p,JO-EV2,11,42,10594,53,0
R7p,SNpp32,11,42,10594,53,0
R7d,SNxx15,13,40,10594,53,0
LgLG6,SNxx15,13,40,10594,53,0
LgLG1a,ENS3,41,12,10594,53,0
LgLG1a,ORN_VM4,41,12,10594,53,0
LgLG1a,ENS1,41,12,10594,53,0
LgLG1a,PhG13,41,12,10594,53,0
LgLG1a,ORN_DC2,41,12,10594,53,0
LgLG1a,SNpp37,41,12,10594,53,0
LgLG1a,ORN_VC4,41,12,10594,53,0
LgLG1a,b2 MN,41,12,10594,53,0
aPhM3,JO-A3,32,21,10594,53,0
aPhM3,ORN_VM6v,32,21,10594,53,0
aPhM3,SNxx17,32,21,10594,53,0
aPhM3,ORN_DL2v,32,21,10594,53,0
JO-A2,LB3b,36,17,10594,53,0
JO-A2,ORN_VA1v,36,17,10594,53,0
JO-A2,JO-A1,36,17,10594,53,0
JO-A2,SNpp05,36,17,10594,53,0
JO-A2,SNxx28,36,17,10594,53,0
JO-A2,ORN_VM5v,36,17,10594,53,0
JO-A2,SNpp31,36,17,10594,53,0
JO-A2,SNpp17,36,17,10594,53,0
JO-A2,SNpp01,36,17,10594,53,0
aPhM4,ORN_VL2a,19,34,10594,53,0
aPhM4,ORN_DA1,19,34,10594,53,0
aPhM4,BM_Vib,19,34,10594,53,0
aPhM4,PhG1c,19,34,10594,53,0
JO-EV2,R8p,42,11,10594,53,0
JO-EV2,SNxx09,42,11,10594,53,0
JO-EV2,LgLG2,42,11,10594,53,0
JO-EV2,R8_unclear,42,11,10594,53,0
JO-EV2,LB1a,42,11,10594,53,0
JO-EV2,SNpp21,42,11,10594,53,0
JO-EV2,ORN_VM7v,42,11,10594,53,0
JO-EV2,ORN_DL1,42,11,10594,53,0
SNxx20,LgLG8,44,9,10594,53,0
SNxx20,LB4a,44,9,10594,53,0
SNxx20,PhG3,44,9,10594,53,0
SNxx20,SApp21,44,9,10594,53,0
SNxx20,LgAG6,44,9,10594,53,0
SNxx20,tpn MN,44,9,10594,53,0
SNxx20,JO-B4_a,44,9,10594,53,0
LgAG1,LgLG8,44,9,10594,53,0
LgAG1,LB4a,44,9,10594,53,0
LgAG1,PhG3,44,9,10594,53,0
LgAG1,SApp21,44,9,10594,53,0
LgAG1,tpn MN,44,9,10594,53,0
LgAG1,JO-B4_a,44,9,10594,53,0
LgLG1b,GNG654,39,14,10594,53,0
LgLG1b,HRN_VP5,39,14,10594,53,0
LgLG1b,LB4b,39,14,10594,53,0
LgLG1b,SNxx24,39,14,10594,53,0
LgLG1b,ORN_VC5,39,14,10594,53,0
LgLG1b,PhG4,39,14,10594,53,0
LgLG1b,SNpp06,39,14,10594,53,0
LgLG1b,BM_MaPa,39,14,10594,53,0
LgLG1b,PhG14,39,14,10594,53,0
LgLG1b,SNpp56,39,14,10594,53,0
LgLG1b,JO-B2,39,14,10594,53,0
LgLG1b,JO-B1_c,39,14,10594,53,0
GNG643,ORN_DM1,27,26,10594,53,0
GNG643,SNpp10,27,26,10594,53,0
GNG643,SApp01,27,26,10594,53,0
HRN_VP4,aPhM1,31,22,10594,53,0
HRN_VP4,BM_Vt_PoOc,31,22,10594,53,0
HRN_VP4,PhG9,31,22,10594,53,0
HRN_VP4,ORN_DC1,31,22,10594,53,0
HRN_VP4,SNpp62,31,22,10594,53,0
HRN_VP4,SNpp58,31,22,10594,53,0
HRN_VP4,SNxx19,31,22,10594,53,0
HRN_VP4,SNxx21,31,22,10594,53,0
HRN_VP4,JO-B3,31,22,10594,53,0
WG3,GNG644,33,20,10594,53,0
WG3,ORN_DL5,33,20,10594,53,0
WG3,WG2,33,20,10594,53,0
WG3,LgAG3,33,20,10594,53,0
WG3,PhG1b,33,20,10594,53,0
WG3,BM_vOcci_vPoOr,33,20,10594,53,0
WG3,LB1e,33,20,10594,53,0
WG3,SNxx30,33,20,10594,53,0
R8p,SNpp32,11,42,10594,53,0
aPhM1,HRN_VP1d,22,31,10594,53,0
aPhM1,JO-ED1,22,31,10594,53,0
aPhM1,SApp13,22,31,10594,53,0
SNxx09,SNpp32,11,42,10594,53,0
ORN_VL2a,LB3a,34,19,10594,53,0
ORN_VL2a,SNpp35,34,19,10594,53,0
ORN_VL2a,LgAG5,34,19,10594,53,0
ORN_VL2a,LgAG7,34,19,10594,53,0
ORN_VL2a,ORN_DL2d,34,19,10594,53,0
ORN_VL2a,JO-B1_a,34,19,10594,53,0
ORN_VL2a,SNta13,34,19,10594,53,0
LB3b,SNpp16,17,36,10594,53,0
LB3b,SNxx14,17,36,10594,53,0
LB3b,SNch10,17,36,10594,53,0
LB3b,SNta18,17,36,10594,53,0
SNxx15,ORN_DM2,40,13,10594,53,0
SNxx15,DNg20,40,13,10594,53,0
SNxx15,SNpp15,40,13,10594,53,0
SNxx15,ORN_DA2,40,13,10594,53,0
SNxx15,PhG16,40,13,10594,53,0
SNxx15,SNpp18,40,13,10594,53,0
SNxx15,LgAG8,40,13,10594,53,0
aPhM2a,LgLG7,46,7,10594,53,0
aPhM2a,DNg83,46,7,10594,53,0
aPhM2a,ORN_DL3,46,7,10594,53,0
aPhM2a,ORN_DM3,46,7,10594,53,0
BM_Vt_PoOc,HRN_VP1d,22,31,10594,53,0
BM_Vt_PoOc,JO-ED1,22,31,10594,53,0
BM_Vt_PoOc,SApp13,22,31,10594,53,0
GNG644,SNta31,20,33,10594,53,0
R8y,"SNta02,SNta09",10,43,10594,53,0
JO-A3,SApp14,21,32,10594,53,0
JO-A3,SNpp07,21,32,10594,53,0
ORN_DA1,LB3a,34,19,10594,53,0
ORN_DA1,SNpp35,34,19,10594,53,0
ORN_DA1,LgAG5,34,19,10594,53,0
ORN_DA1,LgAG7,34,19,10594,53,0
ORN_DA1,ORN_DL2d,34,19,10594,53,0
ORN_DA1,JO-B1_a,34,19,10594,53,0
ORN_DA1,SNta13,34,19,10594,53,0
SNpp23,WG4,30,23,10594,53,0
SNpp23,ORN_D,30,23,10594,53,0
WG1,SNxx25,15,38,10594,53,0
SNta14,LB3c,28,25,10594,53,0
SNta14,SNxx26,28,25,10594,53,0
SNta14,ORN_VA2,28,25,10594,53,0
claw_tpGRN,GNG642,37,16,10594,53,0
claw_tpGRN,ORN_V,37,16,10594,53,0
claw_tpGRN,PhG10,37,16,10594,53,0
claw_tpGRN,ORN_VL1,37,16,10594,53,0
claw_tpGRN,LgLG4,37,16,10594,53,0
claw_tpGRN,ORN_VM5d,37,16,10594,53,0
claw_tpGRN,SNpp11,37,16,10594,53,0
claw_tpGRN,ALBN1,37,16,10594,53,0
claw_tpGRN,ENS5,37,16,10594,53,0
claw_tpGRN,JO-CA2,37,16,10594,53,0
LgLG2,SNpp32,11,42,10594,53,0
TRN_VP3a,ORN_DP1m,18,35,10594,53,0
TRN_VP3a,"SApp11,SApp18",18,35,10594,53,0
LB3d,ORN_DM1,27,26,10594,53,0
LB3d,SNpp10,27,26,10594,53,0
LB3d,SApp01,27,26,10594,53,0
SNxx02,ORN_DM1,27,26,10594,53,0
SNxx02,SNpp10,27,26,10594,53,0
SNxx02,SApp01,27,26,10594,53,0
LgLG8,SNpp60,9,44,10594,53,0
LB3c,ENS2,25,28,10594,53,0
LB3c,ORN_DP1l,25,28,10594,53,0
LB3c,ORN_VA6,25,28,10594,53,0
LB3c,ENS4,25,28,10594,53,0
LB3c,SNta26,25,28,10594,53,0
ORN_VM6v,SApp14,21,32,10594,53,0
ORN_VM6v,SNpp07,21,32,10594,53,0
ENS2,SNxx26,28,25,10594,53,0
ENS2,ORN_VA2,28,25,10594,53,0
ORN_DP1l,SNxx26,28,25,10594,53,0
ORN_DP1l,ORN_VA2,28,25,10594,53,0
LB3a,BM_Vib,19,34,10594,53,0
LB3a,PhG1c,19,34,10594,53,0
SNpp16,ORN_VA1v,36,17,10594,53,0
SNpp16,JO-A1,36,17,10594,53,0
SNpp16,SNpp05,36,17,10594,53,0
SNpp16,SNxx28,36,17,10594,53,0
SNpp16,ORN_VM5v,36,17,10594,53,0
SNpp16,SNpp31,36,17,10594,53,0
SNpp16,SNpp17,36,17,10594,53,0
SNpp16,SNpp01,36,17,10594,53,0
TRN_VP1m,SNxx11,24,29,10594,53,0
TRN_VP1m,ORN_DC4,24,29,10594,53,0
TRN_VP1m,LB1c,24,29,10594,53,0
TRN_VP1m,"SNpp29,SNpp63",24,29,10594,53,0
TRN_VP1m,"SNta04,SNta11",24,29,10594,53,0
PhG9,HRN_VP1d,22,31,10594,53,0
PhG9,JO-ED1,22,31,10594,53,0
PhG9,SApp13,22,31,10594,53,0
BM_Hau,ORN_DM1,27,26,10594,53,0
BM_Hau,SNpp10,27,26,10594,53,0
BM_Hau,SApp01,27,26,10594,53,0
JO-mz,LgLG7,46,7,10594,53,0
JO-mz,DNg83,46,7,10594,53,0
JO-mz,ORN_DL3,46,7,10594,53,0
JO-mz,ORN_DM3,46,7,10594,53,0
SNpp60,LB4a,44,9,10594,53,0
SNpp60,PhG3,44,9,10594,53,0
SNpp60,SApp21,44,9,10594,53,0
SNpp60,LgAG6,44,9,10594,53,0
SNpp60,tpn MN,44,9,10594,53,0
SNpp60,JO-B4_a,44,9,10594,53,0
SApp19,R8d,50,3,10594,53,0
ORN_DP1m,TRN_VP2,35,18,10594,53,0
ORN_DP1m,aPhM2b,35,18,10594,53,0
ORN_DP1m,ORN_VC1,35,18,10594,53,0
ORN_DP1m,ORN_VM7d,35,18,10594,53,0
ORN_DP1m,LgAG2,35,18,10594,53,0
ORN_DP1m,DNx01,35,18,10594,53,0
JO-B4_b,ORN_DM1,27,26,10594,53,0
JO-B4_b,SNpp10,27,26,10594,53,0
JO-B4_b,SApp01,27,26,10594,53,0
SNta03,LgLG7,46,7,10594,53,0
SNta03,DNg83,46,7,10594,53,0
SNta03,ORN_DL3,46,7,10594,53,0
SNta03,ORN_DM3,46,7,10594,53,0
R8_unclear,SNpp32,11,42,10594,53,0
SNxx04,R8d,50,3,10594,53,0
WG4,JO-CL,23,30,10594,53,0
WG4,SNpp41,23,30,10594,53,0
ORN_DM1,SApp23,26,27,10594,53,0
ORN_DM1,ORN_VL2p,26,27,10594,53,0
ORN_DM1,SNta33,26,27,10594,53,0
JO-ED2_c,GNG654,39,14,10594,53,0
JO-ED2_c,HRN_VP5,39,14,10594,53,0
JO-ED2_c,LB4b,39,14,10594,53,0
JO-ED2_c,SNxx24,39,14,10594,53,0
JO-ED2_c,ORN_VC5,39,14,10594,53,0
JO-ED2_c,PhG4,39,14,10594,53,0
JO-ED2_c,SNpp06,39,14,10594,53,0
JO-ED2_c,BM_MaPa,39,14,10594,53,0
JO-ED2_c,PhG14,39,14,10594,53,0
JO-ED2_c,SNpp56,39,14,10594,53,0
JO-ED2_c,JO-B2,39,14,10594,53,0
JO-ED2_c,JO-B1_c,39,14,10594,53,0
BM_Vib,SNpp35,34,19,10594,53,0
BM_Vib,LgAG5,34,19,10594,53,0
BM_Vib,LgAG7,34,19,10594,53,0
BM_Vib,ORN_DL2d,34,19,10594,53,0
BM_Vib,JO-B1_a,34,19,10594,53,0
BM_Vib,SNta13,34,19,10594,53,0
HRN_VP1d,ORN_DC1,31,22,10594,53,0
HRN_VP1d,SNpp62,31,22,10594,53,0
HRN_VP1d,SNpp58,31,22,10594,53,0
HRN_VP1d,SNxx19,31,22,10594,53,0
HRN_VP1d,SNxx21,31,22,10594,53,0
HRN_VP1d,JO-B3,31,22,10594,53,0
ORN_DC1,JO-ED1,22,31,10594,53,0
ORN_DC1,SApp13,22,31,10594,53,0
SNxx11,SNpp02,29,24,10594,53,0
ORN_DC4,SNpp02,29,24,10594,53,0
SApp23,SNpp10,27,26,10594,53,0
SApp23,SApp01,27,26,10594,53,0
GNG654,SNpp47,14,39,10594,53,0
GNG654,SNpp33,14,39,10594,53,0
SNpp47,HRN_VP5,39,14,10594,53,0
SNpp47,LB4b,39,14,10594,53,0
SNpp47,SNxx24,39,14,10594,53,0
SNpp47,ORN_VC5,39,14,10594,53,0
SNpp47,PhG4,39,14,10594,53,0
SNpp47,SNpp06,39,14,10594,53,0
SNpp47,BM_MaPa,39,14,10594,53,0
SNpp47,PhG14,39,14,10594,53,0
SNpp47,SNpp56,39,14,10594,53,0
SNpp47,JO-B2,39,14,10594,53,0
SNpp47,JO-B1_c,39,14,10594,53,0
TRN_VP2,"SApp11,SApp18",18,35,10594,53,0
aPhM2b,"SApp11,SApp18",18,35,10594,53,0
LB1c,SNpp02,29,24,10594,53,0
JO-CL,ORN_D,30,23,10594,53,0
LgAG9,SNxx25,15,38,10594,53,0
ORN_VL2p,SNpp10,27,26,10594,53,0
ORN_VL2p,SApp01,27,26,10594,53,0
ORN_DL5,SNta31,20,33,10594,53,0
ENS3,SNpp43,12,41,10594,53,0
SNpp43,ORN_VM4,41,12,10594,53,0
SNpp43,ENS1,41,12,10594,53,0
SNpp43,PhG13,41,12,10594,53,0
SNpp43,ORN_DC2,41,12,10594,53,0
SNpp43,SNpp37,41,12,10594,53,0
SNpp43,ORN_VC4,41,12,10594,53,0
SNpp43,b2 MN,41,12,10594,53,0
PhG1c,SNpp35,34,19,10594,53,0
PhG1c,LgAG5,34,19,10594,53,0
PhG1c,LgAG7,34,19,10594,53,0
PhG1c,ORN_DL2d,34,19,10594,53,0
PhG1c,JO-B1_a,34,19,10594,53,0
PhG1c,SNta13,34,19,10594,53,0
SNpp41,ORN_D,30,23,10594,53,0
JO-ED1,SNpp62,31,22,10594,53,0
JO-ED1,SNpp58,31,22,10594,53,0
JO-ED1,SNxx19,31,22,10594,53,0
JO-ED1,SNxx21,31,22,10594,53,0
JO-ED1,JO-B3,31,22,10594,53,0
SNxx25,ORN_VA1d,38,15,10594,53,0
SNxx25,SNpp57,38,15,10594,53,0
SNxx25,LB1b,38,15,10594,53,0
SNxx25,SNpp12,38,15,10594,53,0
SNxx25,PhG8,38,15,10594,53,0
WG2,SNta31,20,33,10594,53,0
LgAG3,SNta31,20,33,10594,53,0
"SApp11,SApp18",ORN_VC1,35,18,10594,53,0
"SApp11,SApp18",ORN_VM7d,35,18,10594,53,0
"SApp11,SApp18",LgAG2,35,18,10594,53,0
"SApp11,SApp18",DNx01,35,18,10594,53,0
SNxx14,ORN_VA1v,36,17,10594,53,0
SNxx14,JO-A1,36,17,10594,53,0
SNxx14,SNpp05,36,17,10594,53,0
SNxx14,SNxx28,36,17,10594,53,0
SNxx14,ORN_VM5v,36,17,10594,53,0
SNxx14,SNpp31,36,17,10594,53,0
SNxx14,SNpp17,36,17,10594,53,0
SNxx14,SNpp01,36,17,10594,53,0
SNxx17,SApp14,21,32,10594,53,0
SNxx17,SNpp07,21,32,10594,53,0
SNta04,R8d,50,3,10594,53,0
ORN_VA1v,SNch10,17,36,10594,53,0
ORN_VA1v,SNta18,17,36,10594,53,0
JO-A1,SNch10,17,36,10594,53,0
JO-A1,SNta18,17,36,10594,53,0
SNch10,SNpp05,36,17,10594,53,0
SNch10,SNxx28,36,17,10594,53,0
SNch10,ORN_VM5v,36,17,10594,53,0
SNch10,SNpp31,36,17,10594,53,0
SNch10,SNpp17,36,17,10594,53,0
SNch10,SNpp01,36,17,10594,53,0
SNxx26,ORN_VA6,25,28,10594,53,0
SNxx26,ENS4,25,28,10594,53,0
SNxx26,SNta26,25,28,10594,53,0
ORN_VA2,ORN_VA6,25,28,10594,53,0
ORN_VA2,ENS4,25,28,10594,53,0
ORN_VA2,SNta26,25,28,10594,53,0
SNpp10,SNta33,26,27,10594,53,0
PhG1b,SNta31,20,33,10594,53,0
HRN_VP5,SNpp33,14,39,10594,53,0
SNpp62,SApp13,22,31,10594,53,0
SApp01,SNta33,26,27,10594,53,0
HRN_VP1l,"SNta02,SNta09",10,43,10594,53,0
ORN_DL2v,SApp14,21,32,10594,53,0
ORN_DL2v,SNpp07,21,32,10594,53,0
LB4b,SNpp33,14,39,10594,53,0
SNxx24,SNpp33,14,39,10594,53,0
BM_vOcci_vPoOr,SNta31,20,33,10594,53,0
LB1a,SNpp32,11,42,10594,53,0
PhG6,"SNta02,SNta09",10,43,10594,53,0
SNpp33,ORN_VC5,39,14,10594,53,0
SNpp33,PhG4,39,14,10594,53,0
SNpp33,BM_MaPa,39,14,10594,53,0
SNpp33,PhG14,39,14,10594,53,0
SNpp33,SNpp56,39,14,10594,53,0
SNpp33,JO-B2,39,14,10594,53,0
SNpp33,JO-B1_c,39,14,10594,53,0
LB1e,SNta31,20,33,10594,53,0
SNta18,SNpp05,36,17,10594,53,0
SNta18,SNxx28,36,17,10594,53,0
SNta18,ORN_VM5v,36,17,10594,53,0
SNta18,SNpp31,36,17,10594,53,0
SNta18,SNpp17,36,17,10594,53,0
SNta18,SNpp01,36,17,10594,53,0
SNpp58,SApp13,22,31,10594,53,0
LgLG7,SNta28,7,46,10594,53,0
SNxx30,SNta31,20,33,10594,53,0
SNpp21,SNpp32,11,42,10594,53,0
ORN_VM7v,SNpp32,11,42,10594,53,0
"SNta02,SNta09",LN-DN1,43,10,10594,53,0
"SNta02,SNta09",ORN_DM4,43,10,10594,53,0
"SNta02,SNta09",ORN_DM6,43,10,10594,53,0
"SNta02,SNta09",ORN_VA3,43,10,10594,53,0
SNpp32,ORN_DL1,42,11,10594,53,0
SApp13,SNxx19,31,22,10594,53,0
SApp13,SNxx21,31,22,10594,53,0
SApp13,JO-B3,31,22,10594,53,0
DNg83,SNta28,7,46,10594,53,0
SNpp02,"SNta04,SNta11",24,29,10594,53,0
ORN_DL3,SNta28,7,46,10594,53,0
SNta28,ORN_DM3,46,7,10594,53,0
SNxx07,SNxx08,32,20,10595,52,0
SNxx07,GNG644,32,20,10595,52,0
SNxx07,ORN_DL5,32,20,10595,52,0
SNxx07,WG2,32,20,10595,52,0
SNxx07,LgAG3,32,20,10595,52,0
SNxx07,PhG1b,32,20,10595,52,0
SNxx07,BM_vOcci_vPoOr,32,20,10595,52,0
SNxx07,LB1e,32,20,10595,52,0
SNxx07,SNxx30,32,20,10595,52,0
SNxx08,aPhM3,20,32,10595,52,0
SNxx08,SApp14,20,32,10595,52,0
SNxx08,SNpp07,20,32,10595,52,0
TPMN1,ENS3,40,12,10595,52,0
TPMN1,ORN_VM4,40,12,10595,52,0
TPMN1,ENS1,40,12,10595,52,0
TPMN1,PhG13,40,12,10595,52,0
TPMN1,ORN_DC2,40,12,10595,52,0
TPMN1,SNpp37,40,12,10595,52,0
TPMN1,ORN_VC4,40,12,10595,52,0
TPMN1,b2 MN,40,12,10595,52,0
R7_unclear,claw_tpGRN,15,37,10595,52,0
aPhM5,WG4,29,23,10595,52,0
aPhM5,ORN_D,29,23,10595,52,0
TPMN2,ORN_DM1,26,26,10595,52,0
TPMN2,SNpp10,26,26,10595,52,0
TPMN2,SApp01,26,26,10595,52,0
R7y,LgLG1a,11,41,10595,52,0
R7y,SNpp43,11,41,10595,52,0
R7p,LgLG1a,11,41,10595,52,0
R7p,SNpp43,11,41,10595,52,0
R7d,LgLG1b,13,39,10595,52,0
R7d,JO-ED2_c,13,39,10595,52,0
R7d,SNpp47,13,39,10595,52,0
R7d,SNpp33,13,39,10595,52,0
LgLG6,LgLG1b,13,39,10595,52,0
LgLG6,JO-ED2_c,13,39,10595,52,0
LgLG6,SNpp47,13,39,10595,52,0
LgLG6,SNpp33,13,39,10595,52,0
LgLG1a,R8p,41,11,10595,52,0
LgLG1a,SNxx09,41,11,10595,52,0
LgLG1a,LgLG2,41,11,10595,52,0
LgLG1a,R8_unclear,41,11,10595,52,0
LgLG1a,LB1a,41,11,10595,52,0
LgLG1a,SNpp21,41,11,10595,52,0
LgLG1a,ORN_VM7v,41,11,10595,52,0
LgLG1a,ORN_DL1,41,11,10595,52,0
aPhM3,GNG644,32,20,10595,52,0
aPhM3,ORN_DL5,32,20,10595,52,0
aPhM3,WG2,32,20,10595,52,0
aPhM3,LgAG3,32,20,10595,52,0
aPhM3,PhG1b,32,20,10595,52,0
aPhM3,BM_vOcci_vPoOr,32,20,10595,52,0
aPhM3,LB1e,32,20,10595,52,0
aPhM3,SNxx30,32,20,10595,52,0
JO-A2,GNG642,36,16,10595,52,0
JO-A2,ORN_V,36,16,10595,52,0
JO-A2,PhG10,36,16,10595,52,0
JO-A2,ORN_VL1,36,16,10595,52,0
JO-A2,LgLG4,36,16,10595,52,0
JO-A2,ORN_VM5d,36,16,10595,52,0
JO-A2,SNpp11,36,16,10595,52,0
JO-A2,ALBN1,36,16,10595,52,0
JO-A2,ENS5,36,16,10595,52,0
JO-A2,dorsal_tpGRN,36,16,10595,52,0
JO-A2,JO-CA2,36,16,10595,52,0
aPhM4,WG3,19,33,10595,52,0
aPhM4,SNta31,19,33,10595,52,0
JO-EV2,R8y,42,10,10595,52,0
JO-EV2,HRN_VP1l,42,10,10595,52,0
JO-EV2,PhG6,42,10,10595,52,0
JO-EV2,LN-DN1,42,10,10595,52,0
JO-EV2,ORN_DM4,42,10,10595,52,0
JO-EV2,ORN_DM6,42,10,10595,52,0
JO-EV2,ORN_VA3,42,10,10595,52,0
SNxx20,LgLG5,44,8,10595,52,0
SNxx20,HBeyelet,44,8,10595,52,0
SNxx20,PhG1a,44,8,10595,52,0
LgAG1,LgLG5,44,8,10595,52,0
LgAG1,HBeyelet,44,8,10595,52,0
LgAG1,PhG1a,44,8,10595,52,0
LgLG1b,ORN_DM2,39,13,10595,52,0
LgLG1b,DNg20,39,13,10595,52,0
LgLG1b,SNxx06,39,13,10595,52,0
LgLG1b,SNpp15,39,13,10595,52,0
LgLG1b,ORN_DA2,39,13,10595,52,0
LgLG1b,PhG16,39,13,10595,52,0
LgLG1b,SNpp18,39,13,10595,52,0
LgLG1b,LgAG8,39,13,10595,52,0
GNG643,LB3c,27,25,10595,52,0
GNG643,SNxx26,27,25,10595,52,0
GNG643,ORN_VA2,27,25,10595,52,0
HRN_VP4,JO-A3,31,21,10595,52,0
HRN_VP4,ORN_VM6v,31,21,10595,52,0
HRN_VP4,SNxx17,31,21,10595,52,0
HRN_VP4,ORN_DL2v,31,21,10595,52,0
WG3,LB3a,33,19,10595,52,0
WG3,SNpp35,33,19,10595,52,0
WG3,LgAG5,33,19,10595,52,0
WG3,LgAG7,33,19,10595,52,0
WG3,ORN_DL2d,33,19,10595,52,0
WG3,JO-B1_a,33,19,10595,52,0
WG3,SNta13,33,19,10595,52,0
R8p,SNpp43,11,41,10595,52,0
aPhM1,SNpp23,22,30,10595,52,0
aPhM1,JO-CL,22,30,10595,52,0
aPhM1,SNpp41,22,30,10595,52,0
SNxx09,SNpp43,11,41,10595,52,0
ORN_VL2a,TRN_VP3a,34,18,10595,52,0
ORN_VL2a,TRN_VP2,34,18,10595,52,0
ORN_VL2a,aPhM2b,34,18,10595,52,0
ORN_VL2a,ORN_VC1,34,18,10595,52,0
ORN_VL2a,ORN_VM7d,34,18,10595,52,0
ORN_VL2a,LgAG2,34,18,10595,52,0
ORN_VL2a,DNx01,34,18,10595,52,0
LB3b,ORN_DP1m,17,35,10595,52,0
LB3b,"SApp11,SApp18",17,35,10595,52,0
SNxx15,ENS3,40,12,10595,52,0
SNxx15,ORN_VM4,40,12,10595,52,0
SNxx15,ENS1,40,12,10595,52,0
SNxx15,PhG13,40,12,10595,52,0
SNxx15,ORN_DC2,40,12,10595,52,0
SNxx15,SNpp37,40,12,10595,52,0
SNxx15,ORN_VC4,40,12,10595,52,0
SNxx15,b2 MN,40,12,10595,52,0
BM_Vt_PoOc,SNpp23,22,30,10595,52,0
BM_Vt_PoOc,JO-CL,22,30,10595,52,0
BM_Vt_PoOc,SNpp41,22,30,10595,52,0
GNG644,SApp14,20,32,10595,52,0
GNG644,SNpp07,20,32,10595,52,0
R8y,SNpp32,10,42,10595,52,0
LgLG5,SNpp60,8,44,10595,52,0
JO-A3,HRN_VP1d,21,31,10595,52,0
JO-A3,JO-ED1,21,31,10595,52,0
JO-A3,SApp13,21,31,10595,52,0
ORN_DA1,TRN_VP3a,34,18,10595,52,0
ORN_DA1,TRN_VP2,34,18,10595,52,0
ORN_DA1,aPhM2b,34,18,10595,52,0
ORN_DA1,ORN_VC1,34,18,10595,52,0
ORN_DA1,ORN_VM7d,34,18,10595,52,0
ORN_DA1,LgAG2,34,18,10595,52,0
ORN_DA1,DNx01,34,18,10595,52,0
SNpp23,PhG9,30,22,10595,52,0
SNpp23,ORN_DC1,30,22,10595,52,0
SNpp23,SNpp62,30,22,10595,52,0
SNpp23,SNpp58,30,22,10595,52,0
SNpp23,SNxx19,30,22,10595,52,0
SNpp23,SNxx21,30,22,10595,52,0
SNpp23,JO-B3,30,22,10595,52,0
WG1,claw_tpGRN,15,37,10595,52,0
SNta14,TRN_VP1m,28,24,10595,52,0
SNta14,SNpp02,28,24,10595,52,0
claw_tpGRN,LgAG9,37,15,10595,52,0
claw_tpGRN,ORN_VA1d,37,15,10595,52,0
claw_tpGRN,SNpp57,37,15,10595,52,0
claw_tpGRN,LB1b,37,15,10595,52,0
claw_tpGRN,SNpp12,37,15,10595,52,0
claw_tpGRN,PhG8,37,15,10595,52,0
LgLG2,SNpp43,11,41,10595,52,0
TRN_VP3a,BM_Vib,18,34,10595,52,0
TRN_VP3a,PhG1c,18,34,10595,52,0
LB3d,LB3c,27,25,10595,52,0
LB3d,SNxx26,27,25,10595,52,0
LB3d,ORN_VA2,27,25,10595,52,0
SNxx02,LB3c,27,25,10595,52,0
SNxx02,SNxx26,27,25,10595,52,0
SNxx02,ORN_VA2,27,25,10595,52,0
LgLG8,"SNta02,SNta09",9,43,10595,52,0
LB3c,BM_Hau,25,27,10595,52,0
LB3c,JO-B4_b,25,27,10595,52,0
LB3c,SApp23,25,27,10595,52,0
LB3c,ORN_VL2p,25,27,10595,52,0
LB3c,SNta33,25,27,10595,52,0
ORN_VM6v,HRN_VP1d,21,31,10595,52,0
ORN_VM6v,JO-ED1,21,31,10595,52,0
ORN_VM6v,SApp13,21,31,10595,52,0
ENS2,TRN_VP1m,28,24,10595,52,0
ENS2,SNpp02,28,24,10595,52,0
ORN_DP1l,TRN_VP1m,28,24,10595,52,0
ORN_DP1l,SNpp02,28,24,10595,52,0
LB3a,SNta31,19,33,10595,52,0
SNpp16,GNG642,36,16,10595,52,0
SNpp16,ORN_V,36,16,10595,52,0
SNpp16,PhG10,36,16,10595,52,0
SNpp16,ORN_VL1,36,16,10595,52,0
SNpp16,LgLG4,36,16,10595,52,0
SNpp16,ORN_VM5d,36,16,10595,52,0
SNpp16,SNpp11,36,16,10595,52,0
SNpp16,ALBN1,36,16,10595,52,0
SNpp16,ENS5,36,16,10595,52,0
SNpp16,dorsal_tpGRN,36,16,10595,52,0
SNpp16,JO-CA2,36,16,10595,52,0
TRN_VP1m,ORN_VA6,24,28,10595,52,0
TRN_VP1m,ENS4,24,28,10595,52,0
TRN_VP1m,SNta26,24,28,10595,52,0
PhG9,JO-CL,22,30,10595,52,0
PhG9,SNpp41,22,30,10595,52,0
BM_Hau,SNxx26,27,25,10595,52,0
BM_Hau,ORN_VA2,27,25,10595,52,0
SNpp60,HBeyelet,44,8,10595,52,0
SNpp60,PhG1a,44,8,10595,52,0
ORN_DP1m,ORN_VA1v,35,17,10595,52,0
ORN_DP1m,JO-A1,35,17,10595,52,0
ORN_DP1m,SNpp05,35,17,10595,52,0
ORN_DP1m,SNxx28,35,17,10595,52,0
ORN_DP1m,ORN_VM5v,35,17,10595,52,0
ORN_DP1m,SNpp31,35,17,10595,52,0
ORN_DP1m,SNpp17,35,17,10595,52,0
ORN_DP1m,SNpp01,35,17,10595,52,0
JO-B4_b,SNxx26,27,25,10595,52,0
JO-B4_b,ORN_VA2,27,25,10595,52,0
R8_unclear,SNpp43,11,41,10595,52,0
WG4,SNxx11,23,29,10595,52,0
WG4,ORN_DC4,23,29,10595,52,0
WG4,LB1c,23,29,10595,52,0
WG4,"SNpp29,SNpp63",23,29,10595,52,0
"SNta11,SNta14",R8d,49,3,10595,52,0
ORN_DM1,SNpp10,26,26,10595,52,0
ORN_DM1,SApp01,26,26,10595,52,0
SAxx01,ORN_DA3,47,5,10595,52,0
JO-ED2_c,ORN_DM2,39,13,10595,52,0
JO-ED2_c,DNg20,39,13,10595,52,0
JO-ED2_c,SNxx06,39,13,10595,52,0
JO-ED2_c,SNpp15,39,13,10595,52,0
JO-ED2_c,ORN_DA2,39,13,10595,52,0
JO-ED2_c,PhG16,39,13,10595,52,0
JO-ED2_c,SNpp18,39,13,10595,52,0
JO-ED2_c,LgAG8,39,13,10595,52,0
BM_Vib,TRN_VP2,34,18,10595,52,0
BM_Vib,aPhM2b,34,18,10595,52,0
BM_Vib,ORN_VC1,34,18,10595,52,0
BM_Vib,ORN_VM7d,34,18,10595,52,0
BM_Vib,LgAG2,34,18,10595,52,0
BM_Vib,DNx01,34,18,10595,52,0
HRN_VP1d,SNxx17,31,21,10595,52,0
HRN_VP1d,ORN_DL2v,31,21,10595,52,0
SNxx29,ORN_DA3,47,5,10595,52,0
ORN_DC1,JO-CL,22,30,10595,52,0
ORN_DC1,SNpp41,22,30,10595,52,0
GNG642,SNxx14,16,36,10595,52,0
GNG642,SNch10,16,36,10595,52,0
GNG642,SNta18,16,36,10595,52,0
SNxx11,ORN_D,29,23,10595,52,0
ORN_DC4,ORN_D,29,23,10595,52,0
ORN_DM2,SNpp47,13,39,10595,52,0
ORN_DM2,SNpp33,13,39,10595,52,0
SApp23,SNxx26,27,25,10595,52,0
SApp23,ORN_VA2,27,25,10595,52,0
GNG654,SNxx25,14,38,10595,52,0
SNpp47,DNg20,39,13,10595,52,0
SNpp47,SNxx06,39,13,10595,52,0
SNpp47,SNpp15,39,13,10595,52,0
SNpp47,ORN_DA2,39,13,10595,52,0
SNpp47,PhG16,39,13,10595,52,0
SNpp47,SNpp18,39,13,10595,52,0
SNpp47,LgAG8,39,13,10595,52,0
TRN_VP2,PhG1c,18,34,10595,52,0
aPhM2b,PhG1c,18,34,10595,52,0
LB1c,ORN_D,29,23,10595,52,0
JO-CL,SNpp62,30,22,10595,52,0
JO-CL,SNpp58,30,22,10595,52,0
JO-CL,SNxx19,30,22,10595,52,0
JO-CL,SNxx21,30,22,10595,52,0
JO-CL,JO-B3,30,22,10595,52,0
ORN_VL2p,SNxx26,27,25,10595,52,0
ORN_VL2p,ORN_VA2,27,25,10595,52,0
ORN_DL5,SApp14,20,32,10595,52,0
ORN_DL5,SNpp07,20,32,10595,52,0
SNpp43,LB1a,41,11,10595,52,0
SNpp43,SNpp21,41,11,10595,52,0
SNpp43,ORN_VM7v,41,11,10595,52,0
SNpp43,ORN_DL1,41,11,10595,52,0
PhG1c,ORN_VC1,34,18,10595,52,0
PhG1c,ORN_VM7d,34,18,10595,52,0
PhG1c,LgAG2,34,18,10595,52,0
PhG1c,DNx01,34,18,10595,52,0
SNpp41,SNpp62,30,22,10595,52,0
SNpp41,SNpp58,30,22,10595,52,0
SNpp41,SNxx19,30,22,10595,52,0
SNpp41,SNxx21,30,22,10595,52,0
SNpp41,JO-B3,30,22,10595,52,0
JO-ED1,SNxx17,31,21,10595,52,0
JO-ED1,ORN_DL2v,31,21,10595,52,0
SNxx25,HRN_VP5,38,14,10595,52,0
SNxx25,LB4b,38,14,10595,52,0
SNxx25,SNxx24,38,14,10595,52,0
SNxx25,ORN_VC5,38,14,10595,52,0
SNxx25,PhG4,38,14,10595,52,0
SNxx25,SNpp06,38,14,10595,52,0
SNxx25,BM_MaPa,38,14,10595,52,0
SNxx25,PhG14,38,14,10595,52,0
SNxx25,SNpp56,38,14,10595,52,0
SNxx25,JO-B2,38,14,10595,52,0
SNxx25,JO-B1_c,38,14,10595,52,0
SNpp35,SNta31,19,33,10595,52,0
WG2,SApp14,20,32,10595,52,0
WG2,SNpp07,20,32,10595,52,0
LgAG3,SApp14,20,32,10595,52,0
LgAG3,SNpp07,20,32,10595,52,0
"SApp11,SApp18",ORN_VA1v,35,17,10595,52,0
"SApp11,SApp18",JO-A1,35,17,10595,52,0
"SApp11,SApp18",SNpp05,35,17,10595,52,0
"SApp11,SApp18",SNxx28,35,17,10595,52,0
"SApp11,SApp18",ORN_VM5v,35,17,10595,52,0
"SApp11,SApp18",SNpp31,35,17,10595,52,0
"SApp11,SApp18",SNpp17,35,17,10595,52,0
"SApp11,SApp18",SNpp01,35,17,10595,52,0
SNxx14,ORN_V,36,16,10595,52,0
SNxx14,PhG10,36,16,10595,52,0
SNxx14,ORN_VL1,36,16,10595,52,0
SNxx14,LgLG4,36,16,10595,52,0
SNxx14,ORN_VM5d,36,16,10595,52,0
SNxx14,SNpp11,36,16,10595,52,0
SNxx14,ALBN1,36,16,10595,52,0
SNxx14,ENS5,36,16,10595,52,0
SNxx14,dorsal_tpGRN,36,16,10595,52,0
SNxx14,JO-CA2,36,16,10595,52,0
SNxx17,SApp13,21,31,10595,52,0
ORN_V,SNch10,16,36,10595,52,0
ORN_V,SNta18,16,36,10595,52,0
SNch10,PhG10,36,16,10595,52,0
SNch10,ORN_VL1,36,16,10595,52,0
SNch10,LgLG4,36,16,10595,52,0
SNch10,ORN_VM5d,36,16,10595,52,0
SNch10,SNpp11,36,16,10595,52,0
SNch10,ALBN1,36,16,10595,52,0
SNch10,ENS5,36,16,10595,52,0
SNch10,dorsal_tpGRN,36,16,10595,52,0
SNch10,JO-CA2,36,16,10595,52,0
SNxx26,SNta33,25,27,10595,52,0
ORN_VA2,SNta33,25,27,10595,52,0
LgAG5,SNta31,19,33,10595,52,0
SNpp10,SApp01,26,26,10595,52,0
PhG1b,SApp14,20,32,10595,52,0
PhG1b,SNpp07,20,32,10595,52,0
ORN_VA6,SNpp02,28,24,10595,52,0
PhG10,SNta18,16,36,10595,52,0
LgAG7,SNta31,19,33,10595,52,0
HRN_VP1l,SNpp32,10,42,10595,52,0
ORN_DL2v,SApp13,21,31,10595,52,0
"SNpp29,SNpp63",ORN_D,29,23,10595,52,0
BM_vOcci_vPoOr,SApp14,20,32,10595,52,0
BM_vOcci_vPoOr,SNpp07,20,32,10595,52,0
DNg20,SNpp33,13,39,10595,52,0
ORN_VL1,SNta18,16,36,10595,52,0
ORN_DL2d,SNta31,19,33,10595,52,0
PhG6,SNpp32,10,42,10595,52,0
SNpp33,SNxx06,39,13,10595,52,0
SNpp33,SNpp15,39,13,10595,52,0
SNpp33,ORN_DA2,39,13,10595,52,0
SNpp33,PhG16,39,13,10595,52,0
SNpp33,SNpp18,39,13,10595,52,0
SNpp33,LgAG8,39,13,10595,52,0
ORN_D,"SNta04,SNta11",23,29,10595,52,0
LB1e,SApp14,20,32,10595,52,0
LB1e,SNpp07,20,32,10595,52,0
SNta18,LgLG4,36,16,10595,52,0
SNta18,ORN_VM5d,36,16,10595,52,0
SNta18,SNpp11,36,16,10595,52,0
SNta18,ALBN1,36,16,10595,52,0
SNta18,ENS5,36,16,10595,52,0
SNta18,dorsal_tpGRN,36,16,10595,52,0
SNta18,JO-CA2,36,16,10595,52,0
SNta11,ORN_DA3,47,5,10595,52,0
ENS4,SNpp02,28,24,10595,52,0
SApp14,SNxx30,32,20,10595,52,0
SNpp51,ORN_DA3,47,5,10595,52,0
SNxx30,SNpp07,20,32,10595,52,0
"SNta02,SNta09",LB4a,43,9,10595,52,0
"SNta02,SNta09",PhG3,43,9,10595,52,0
"SNta02,SNta09",SApp21,43,9,10595,52,0
"SNta02,SNta09",LgAG6,43,9,10595,52,0
"SNta02,SNta09",tpn MN,43,9,10595,52,0
"SNta02,SNta09",JO-B4_a,43,9,10595,52,0
SNpp32,LN-DN1,42,10,10595,52,0
SNpp32,ORN_DM4,42,10,10595,52,0
SNpp32,ORN_DM6,42,10,10595,52,0
SNpp32,ORN_VA3,42,10,10595,52,0
JO-B1_a,SNta31,19,33,10595,52,0
SNpp02,SNta26,24,28,10595,52,0
SNta13,SNta31,19,33,10595,52,0
SNxx07,aPhM4,32,19,10596,51,0
SNxx07,LB3a,32,19,10596,51,0
SNxx07,SNpp35,32,19,10596,51,0
SNxx07,LgAG5,32,19,10596,51,0
SNxx07,LgAG7,32,19,10596,51,0
SNxx07,ORN_DL2d,32,19,10596,51,0
SNxx07,JO-B1_a,32,19,10596,51,0
SNxx07,SNta13,32,19,10596,51,0
SNxx08,HRN_VP4,20,31,10596,51,0
SNxx08,HRN_VP1d,20,31,10596,51,0
SNxx08,JO-ED1,20,31,10596,51,0
SNxx08,SApp13,20,31,10596,51,0
TPMN1,R7y,40,11,10596,51,0
TPMN1,R7p,40,11,10596,51,0
TPMN1,R8p,40,11,10596,51,0
TPMN1,SNxx09,40,11,10596,51,0
TPMN1,LgLG2,40,11,10596,51,0
TPMN1,R8_unclear,40,11,10596,51,0
TPMN1,SNpp21,40,11,10596,51,0
TPMN1,ORN_VM7v,40,11,10596,51,0
TPMN1,ORN_DL1,40,11,10596,51,0
R7_unclear,JO-A2,15,36,10596,51,0
R7_unclear,SNpp16,15,36,10596,51,0
R7_unclear,SNxx14,15,36,10596,51,0
R7_unclear,SNch10,15,36,10596,51,0
R7_unclear,SNta18,15,36,10596,51,0
aPhM5,aPhM1,29,22,10596,51,0
aPhM5,BM_Vt_PoOc,29,22,10596,51,0
aPhM5,PhG9,29,22,10596,51,0
aPhM5,ORN_DC1,29,22,10596,51,0
aPhM5,SNpp62,29,22,10596,51,0
aPhM5,SNpp58,29,22,10596,51,0
aPhM5,SNxx19,29,22,10596,51,0
aPhM5,SNxx21,29,22,10596,51,0
aPhM5,JO-B3,29,22,10596,51,0
TPMN2,LB3c,26,25,10596,51,0
TPMN2,SNxx26,26,25,10596,51,0
TPMN2,ORN_VA2,26,25,10596,51,0
R7y,SNxx15,11,40,10596,51,0
R7p,SNxx15,11,40,10596,51,0
R7d,SNxx25,13,38,10596,51,0
LgLG6,SNxx25,13,38,10596,51,0
LgLG1a,R8y,41,10,10596,51,0
LgLG1a,HRN_VP1l,41,10,10596,51,0
LgLG1a,PhG6,41,10,10596,51,0
LgLG1a,LN-DN1,41,10,10596,51,0
LgLG1a,ORN_DM4,41,10,10596,51,0
LgLG1a,ORN_DM6,41,10,10596,51,0
LgLG1a,ORN_VA3,41,10,10596,51,0
aPhM3,aPhM4,32,19,10596,51,0
aPhM3,LB3a,32,19,10596,51,0
aPhM3,SNpp35,32,19,10596,51,0
aPhM3,LgAG5,32,19,10596,51,0
aPhM3,LgAG7,32,19,10596,51,0
aPhM3,ORN_DL2d,32,19,10596,51,0
aPhM3,JO-B1_a,32,19,10596,51,0
aPhM3,SNta13,32,19,10596,51,0
JO-A2,WG1,36,15,10596,51,0
JO-A2,LgAG9,36,15,10596,51,0
JO-A2,ORN_VA1d,36,15,10596,51,0
JO-A2,SNpp57,36,15,10596,51,0
JO-A2,LB1b,36,15,10596,51,0
JO-A2,SNpp12,36,15,10596,51,0
JO-A2,PhG8,36,15,10596,51,0
aPhM4,SApp14,19,32,10596,51,0
aPhM4,SNpp07,19,32,10596,51,0
JO-EV2,LgLG8,42,9,10596,51,0
JO-EV2,LB4a,42,9,10596,51,0
JO-EV2,PhG3,42,9,10596,51,0
JO-EV2,SApp21,42,9,10596,51,0
JO-EV2,LgAG6,42,9,10596,51,0
JO-EV2,tpn MN,42,9,10596,51,0
JO-EV2,JO-B4_a,42,9,10596,51,0
SNxx20,LgLG7,44,7,10596,51,0
SNxx20,DNg83,44,7,10596,51,0
SNxx20,ORN_DL3,44,7,10596,51,0
SNxx20,ORN_DM3,44,7,10596,51,0
LgAG1,LgLG7,44,7,10596,51,0
LgAG1,DNg83,44,7,10596,51,0
LgAG1,ORN_DL3,44,7,10596,51,0
LgAG1,ORN_DM3,44,7,10596,51,0
LgLG1b,ENS3,39,12,10596,51,0
LgLG1b,ORN_VM4,39,12,10596,51,0
LgLG1b,ENS1,39,12,10596,51,0
LgLG1b,PhG13,39,12,10596,51,0
LgLG1b,ORN_DC2,39,12,10596,51,0
LgLG1b,SNpp37,39,12,10596,51,0
LgLG1b,ORN_VC4,39,12,10596,51,0
LgLG1b,b2 MN,39,12,10596,51,0
GNG643,TRN_VP1m,27,24,10596,51,0
GNG643,SNpp02,27,24,10596,51,0
HRN_VP4,GNG644,31,20,10596,51,0
HRN_VP4,ORN_DL5,31,20,10596,51,0
HRN_VP4,WG2,31,20,10596,51,0
HRN_VP4,LgAG3,31,20,10596,51,0
HRN_VP4,PhG1b,31,20,10596,51,0
HRN_VP4,BM_vOcci_vPoOr,31,20,10596,51,0
HRN_VP4,LB1e,31,20,10596,51,0
HRN_VP4,SNxx30,31,20,10596,51,0
WG3,TRN_VP3a,33,18,10596,51,0
WG3,TRN_VP2,33,18,10596,51,0
WG3,aPhM2b,33,18,10596,51,0
WG3,ORN_VC1,33,18,10596,51,0
WG3,ORN_VM7d,33,18,10596,51,0
WG3,LgAG2,33,18,10596,51,0
WG3,DNx01,33,18,10596,51,0
R8p,SNxx15,11,40,10596,51,0
aPhM1,SNxx11,22,29,10596,51,0
aPhM1,ORN_DC4,22,29,10596,51,0
aPhM1,LB1c,22,29,10596,51,0
aPhM1,"SNpp29,SNpp63",22,29,10596,51,0
aPhM1,"SNta04,SNta11",22,29,10596,51,0
SNxx09,SNxx15,11,40,10596,51,0
ORN_VL2a,LB3b,34,17,10596,51,0
ORN_VL2a,ORN_VA1v,34,17,10596,51,0
ORN_VL2a,JO-A1,34,17,10596,51,0
ORN_VL2a,SNpp05,34,17,10596,51,0
ORN_VL2a,SNxx28,34,17,10596,51,0
ORN_VL2a,ORN_VM5v,34,17,10596,51,0
ORN_VL2a,SNpp31,34,17,10596,51,0
ORN_VL2a,SNpp17,34,17,10596,51,0
ORN_VL2a,SNpp01,34,17,10596,51,0
LB3b,ORN_DA1,17,34,10596,51,0
LB3b,BM_Vib,17,34,10596,51,0
LB3b,PhG1c,17,34,10596,51,0
SNxx15,LgLG2,40,11,10596,51,0
SNxx15,R8_unclear,40,11,10596,51,0
SNxx15,LB1a,40,11,10596,51,0
SNxx15,SNpp21,40,11,10596,51,0
SNxx15,ORN_VM7v,40,11,10596,51,0
SNxx15,ORN_DL1,40,11,10596,51,0
aPhM2a,ORN_DA3,46,5,10596,51,0
BM_Vt_PoOc,SNxx11,22,29,10596,51,0
BM_Vt_PoOc,ORN_DC4,22,29,10596,51,0
BM_Vt_PoOc,LB1c,22,29,10596,51,0
BM_Vt_PoOc,"SNpp29,SNpp63",22,29,10596,51,0
BM_Vt_PoOc,"SNta04,SNta11",22,29,10596,51,0
GNG644,HRN_VP1d,20,31,10596,51,0
GNG644,JO-ED1,20,31,10596,51,0
GNG644,SApp13,20,31,10596,51,0
R8y,SNpp43,10,41,10596,51,0
LgLG5,"SNta02,SNta09",8,43,10596,51,0
JO-A3,SNpp23,21,30,10596,51,0
JO-A3,JO-CL,21,30,10596,51,0
JO-A3,SNpp41,21,30,10596,51,0
ORN_DA1,ORN_VA1v,34,17,10596,51,0
ORN_DA1,JO-A1,34,17,10596,51,0
ORN_DA1,SNpp05,34,17,10596,51,0
ORN_DA1,SNxx28,34,17,10596,51,0
ORN_DA1,ORN_VM5v,34,17,10596,51,0
ORN_DA1,SNpp31,34,17,10596,51,0
ORN_DA1,SNpp17,34,17,10596,51,0
ORN_DA1,SNpp01,34,17,10596,51,0
SNpp23,ORN_VM6v,30,21,10596,51,0
SNpp23,SNxx17,30,21,10596,51,0
SNpp23,ORN_DL2v,30,21,10596,51,0
WG1,SNpp16,15,36,10596,51,0
WG1,SNxx14,15,36,10596,51,0
WG1,SNch10,15,36,10596,51,0
WG1,SNta18,15,36,10596,51,0
SNta14,ORN_D,28,23,10596,51,0
claw_tpGRN,GNG654,37,14,10596,51,0
claw_tpGRN,HRN_VP5,37,14,10596,51,0
claw_tpGRN,LB4b,37,14,10596,51,0
claw_tpGRN,SNxx24,37,14,10596,51,0
claw_tpGRN,ORN_VC5,37,14,10596,51,0
claw_tpGRN,SNpp06,37,14,10596,51,0
claw_tpGRN,PhG14,37,14,10596,51,0
claw_tpGRN,SNpp56,37,14,10596,51,0
claw_tpGRN,JO-B2,37,14,10596,51,0
claw_tpGRN,JO-B1_c,37,14,10596,51,0
TRN_VP3a,SNta31,18,33,10596,51,0
LB3d,TRN_VP1m,27,24,10596,51,0
LB3d,SNpp02,27,24,10596,51,0
SNxx02,TRN_VP1m,27,24,10596,51,0
SNxx02,SNpp02,27,24,10596,51,0
LgLG8,SNpp32,9,42,10596,51,0
LB3c,ORN_DM1,25,26,10596,51,0
LB3c,SNpp10,25,26,10596,51,0
LB3c,SApp01,25,26,10596,51,0
ORN_VM6v,JO-CL,21,30,10596,51,0
ORN_VM6v,SNpp41,21,30,10596,51,0
ENS2,WG4,28,23,10596,51,0
ENS2,ORN_D,28,23,10596,51,0
ORN_DP1l,WG4,28,23,10596,51,0
ORN_DP1l,ORN_D,28,23,10596,51,0
LB3a,SApp14,19,32,10596,51,0
LB3a,SNpp07,19,32,10596,51,0
SNpp16,LgAG9,36,15,10596,51,0
SNpp16,ORN_VA1d,36,15,10596,51,0
SNpp16,SNpp57,36,15,10596,51,0
SNpp16,LB1b,36,15,10596,51,0
SNpp16,SNpp12,36,15,10596,51,0
SNpp16,PhG8,36,15,10596,51,0
TRN_VP1m,BM_Hau,24,27,10596,51,0
TRN_VP1m,JO-B4_b,24,27,10596,51,0
TRN_VP1m,SApp23,24,27,10596,51,0
TRN_VP1m,ORN_VL2p,24,27,10596,51,0
TRN_VP1m,SNta33,24,27,10596,51,0
PhG9,SNxx11,22,29,10596,51,0
PhG9,ORN_DC4,22,29,10596,51,0
PhG9,LB1c,22,29,10596,51,0
PhG9,"SNpp29,SNpp63",22,29,10596,51,0
PhG9,"SNta04,SNta11",22,29,10596,51,0
BM_Hau,SNpp02,27,24,10596,51,0
JO-mz,ORN_DA3,46,5,10596,51,0
SNpp60,LgLG7,44,7,10596,51,0
SNpp60,DNg83,44,7,10596,51,0
SNpp60,ORN_DL3,44,7,10596,51,0
SNpp60,ORN_DM3,44,7,10596,51,0
ORN_DP1m,GNG642,35,16,10596,51,0
ORN_DP1m,ORN_V,35,16,10596,51,0
ORN_DP1m,PhG10,35,16,10596,51,0
ORN_DP1m,ORN_VL1,35,16,10596,51,0
ORN_DP1m,LgLG4,35,16,10596,51,0
ORN_DP1m,ORN_VM5d,35,16,10596,51,0
ORN_DP1m,SNpp11,35,16,10596,51,0
ORN_DP1m,ENS5,35,16,10596,51,0
ORN_DP1m,dorsal_tpGRN,35,16,10596,51,0
ORN_DP1m,JO-CA2,35,16,10596,51,0
JO-B4_b,SNpp02,27,24,10596,51,0
SNta03,ORN_DA3,46,5,10596,51,0
WG4,ORN_VA6,23,28,10596,51,0
WG4,ENS4,23,28,10596,51,0
WG4,SNta26,23,28,10596,51,0
ORN_DM1,SNxx26,26,25,10596,51,0
JO-ED2_c,ENS3,39,12,10596,51,0
JO-ED2_c,ORN_VM4,39,12,10596,51,0
JO-ED2_c,ENS1,39,12,10596,51,0
JO-ED2_c,PhG13,39,12,10596,51,0
JO-ED2_c,ORN_DC2,39,12,10596,51,0
JO-ED2_c,SNpp37,39,12,10596,51,0
JO-ED2_c,ORN_VC4,39,12,10596,51,0
JO-ED2_c,b2 MN,39,12,10596,51,0
BM_Vib,ORN_VA1v,34,17,10596,51,0
BM_Vib,JO-A1,34,17,10596,51,0
BM_Vib,SNpp05,34,17,10596,51,0
BM_Vib,SNxx28,34,17,10596,51,0
BM_Vib,ORN_VM5v,34,17,10596,51,0
BM_Vib,SNpp31,34,17,10596,51,0
BM_Vib,SNpp17,34,17,10596,51,0
BM_Vib,SNpp01,34,17,10596,51,0
HRN_VP1d,ORN_DL5,31,20,10596,51,0
HRN_VP1d,WG2,31,20,10596,51,0
HRN_VP1d,LgAG3,31,20,10596,51,0
HRN_VP1d,PhG1b,31,20,10596,51,0
HRN_VP1d,BM_vOcci_vPoOr,31,20,10596,51,0
HRN_VP1d,LB1e,31,20,10596,51,0
HRN_VP1d,SNxx30,31,20,10596,51,0
ORN_DC1,SNxx11,22,29,10596,51,0
ORN_DC1,ORN_DC4,22,29,10596,51,0
ORN_DC1,LB1c,22,29,10596,51,0
ORN_DC1,"SNpp29,SNpp63",22,29,10596,51,0
ORN_DC1,"SNta04,SNta11",22,29,10596,51,0
GNG642,"SApp11,SApp18",16,35,10596,51,0
SNxx11,SNpp62,29,22,10596,51,0
SNxx11,SNpp58,29,22,10596,51,0
SNxx11,SNxx19,29,22,10596,51,0
SNxx11,SNxx21,29,22,10596,51,0
SNxx11,JO-B3,29,22,10596,51,0
ORN_DC4,SNpp62,29,22,10596,51,0
ORN_DC4,SNpp58,29,22,10596,51,0
ORN_DC4,SNxx19,29,22,10596,51,0
ORN_DC4,SNxx21,29,22,10596,51,0
ORN_DC4,JO-B3,29,22,10596,51,0
ORN_DM2,SNxx25,13,38,10596,51,0
SNpp47,ENS3,39,12,10596,51,0
SNpp47,ORN_VM4,39,12,10596,51,0
SNpp47,ENS1,39,12,10596,51,0
SNpp47,PhG13,39,12,10596,51,0
SNpp47,ORN_DC2,39,12,10596,51,0
SNpp47,SNpp37,39,12,10596,51,0
SNpp47,ORN_VC4,39,12,10596,51,0
SNpp47,b2 MN,39,12,10596,51,0
TRN_VP2,SNta31,18,33,10596,51,0
aPhM2b,SNta31,18,33,10596,51,0
LB1c,SNpp62,29,22,10596,51,0
LB1c,SNpp58,29,22,10596,51,0
LB1c,SNxx19,29,22,10596,51,0
LB1c,SNxx21,29,22,10596,51,0
LB1c,JO-B3,29,22,10596,51,0
JO-CL,SNxx17,30,21,10596,51,0
JO-CL,ORN_DL2v,30,21,10596,51,0
LgAG9,SNxx14,15,36,10596,51,0
LgAG9,SNch10,15,36,10596,51,0
LgAG9,SNta18,15,36,10596,51,0
ORN_VL2p,SNpp02,27,24,10596,51,0
ORN_DL5,JO-ED1,20,31,10596,51,0
ORN_DL5,SApp13,20,31,10596,51,0
ENS3,SNpp33,12,39,10596,51,0
SNpp43,HRN_VP1l,41,10,10596,51,0
SNpp43,PhG6,41,10,10596,51,0
SNpp43,LN-DN1,41,10,10596,51,0
SNpp43,ORN_DM4,41,10,10596,51,0
SNpp43,ORN_DM6,41,10,10596,51,0
SNpp43,ORN_VA3,41,10,10596,51,0
PhG1c,ORN_VA1v,34,17,10596,51,0
PhG1c,JO-A1,34,17,10596,51,0
PhG1c,SNpp05,34,17,10596,51,0
PhG1c,SNxx28,34,17,10596,51,0
PhG1c,ORN_VM5v,34,17,10596,51,0
PhG1c,SNpp31,34,17,10596,51,0
PhG1c,SNpp17,34,17,10596,51,0
PhG1c,SNpp01,34,17,10596,51,0
SNpp41,SNxx17,30,21,10596,51,0
SNpp41,ORN_DL2v,30,21,10596,51,0
JO-ED1,WG2,31,20,10596,51,0
JO-ED1,LgAG3,31,20,10596,51,0
JO-ED1,PhG1b,31,20,10596,51,0
JO-ED1,BM_vOcci_vPoOr,31,20,10596,51,0
JO-ED1,LB1e,31,20,10596,51,0
JO-ED1,SNxx30,31,20,10596,51,0
SNxx25,DNg20,38,13,10596,51,0
SNxx25,SNxx06,38,13,10596,51,0
SNxx25,SNpp15,38,13,10596,51,0
SNxx25,ORN_DA2,38,13,10596,51,0
SNxx25,PhG16,38,13,10596,51,0
SNxx25,SNpp18,38,13,10596,51,0
SNxx25,LgAG8,38,13,10596,51,0
WG2,SApp13,20,31,10596,51,0
LgAG3,SApp13,20,31,10596,51,0
"SApp11,SApp18",ORN_V,35,16,10596,51,0
"SApp11,SApp18",PhG10,35,16,10596,51,0
"SApp11,SApp18",ORN_VL1,35,16,10596,51,0
"SApp11,SApp18",LgLG4,35,16,10596,51,0
"SApp11,SApp18",ORN_VM5d,35,16,10596,51,0
"SApp11,SApp18",SNpp11,35,16,10596,51,0
"SApp11,SApp18",ALBN1,35,16,10596,51,0
"SApp11,SApp18",ENS5,35,16,10596,51,0
"SApp11,SApp18",dorsal_tpGRN,35,16,10596,51,0
"SApp11,SApp18",JO-CA2,35,16,10596,51,0
SNxx14,ORN_VA1d,36,15,10596,51,0
SNxx14,SNpp57,36,15,10596,51,0
SNxx14,LB1b,36,15,10596,51,0
SNxx14,SNpp12,36,15,10596,51,0
SNxx14,PhG8,36,15,10596,51,0
SNch10,ORN_VA1d,36,15,10596,51,0
SNch10,SNpp57,36,15,10596,51,0
SNch10,LB1b,36,15,10596,51,0
SNch10,SNpp12,36,15,10596,51,0
SNch10,PhG8,36,15,10596,51,0
SNxx26,SNpp10,25,26,10596,51,0
SNxx26,SApp01,25,26,10596,51,0
ORN_VA2,SNpp10,25,26,10596,51,0
ORN_VA2,SApp01,25,26,10596,51,0
LgAG5,SApp14,19,32,10596,51,0
LgAG5,SNpp07,19,32,10596,51,0
PhG1b,SApp13,20,31,10596,51,0
ORN_VA6,ORN_D,28,23,10596,51,0
SNpp62,"SNpp29,SNpp63",22,29,10596,51,0
SNpp62,"SNta04,SNta11",22,29,10596,51,0
LgAG7,SApp14,19,32,10596,51,0
LgAG7,SNpp07,19,32,10596,51,0
"SNpp29,SNpp63",SNpp58,29,22,10596,51,0
"SNpp29,SNpp63",SNxx19,29,22,10596,51,0
"SNpp29,SNpp63",SNxx21,29,22,10596,51,0
"SNpp29,SNpp63",JO-B3,29,22,10596,51,0
BM_vOcci_vPoOr,SApp13,20,31,10596,51,0
ORN_VC1,SNta31,18,33,10596,51,0
ORN_VM4,SNpp33,12,39,10596,51,0
ORN_DL2d,SApp14,19,32,10596,51,0
ORN_DL2d,SNpp07,19,32,10596,51,0
ORN_VM7d,SNta31,18,33,10596,51,0
SNpp33,ENS1,39,12,10596,51,0
SNpp33,PhG13,39,12,10596,51,0
SNpp33,ORN_DC2,39,12,10596,51,0
SNpp33,SNpp37,39,12,10596,51,0
SNpp33,ORN_VC4,39,12,10596,51,0
SNpp33,b2 MN,39,12,10596,51,0
ORN_D,ENS4,23,28,10596,51,0
ORN_D,SNta26,23,28,10596,51,0
LB1e,SApp13,20,31,10596,51,0
SNta18,ORN_VA1d,36,15,10596,51,0
SNta18,SNpp57,36,15,10596,51,0
SNta18,LB1b,36,15,10596,51,0
SNta18,SNpp12,36,15,10596,51,0
SNta18,PhG8,36,15,10596,51,0
SApp14,JO-B1_a,32,19,10596,51,0
SApp14,SNta13,32,19,10596,51,0
HBeyelet,"SNta02,SNta09",8,43,10596,51,0
SNpp58,"SNta04,SNta11",22,29,10596,51,0
SNxx30,SApp13,20,31,10596,51,0
SNpp07,JO-B1_a,32,19,10596,51,0
SNpp07,SNta13,32,19,10596,51,0
"SNta02,SNta09",PhG1a,43,8,10596,51,0
SNpp32,LB4a,42,9,10596,51,0
SNpp32,PhG3,42,9,10596,51,0
SNpp32,SApp21,42,9,10596,51,0
SNpp32,LgAG6,42,9,10596,51,0
SNpp32,tpn MN,42,9,10596,51,0
SNpp32,JO-B4_a,42,9,10596,51,0
LgAG2,SNta31,18,33,10596,51,0
SNxx19,"SNta04,SNta11",22,29,10596,51,0
SNxx21,"SNta04,SNta11",22,29,10596,51,0
JO-B3,"SNta04,SNta11",22,29,10596,51,0
SNpp02,SNta33,24,27,10596,51,0
SNta31,DNx01,33,18,10596,51,0
ORN_DA3,SNta28,5,46,10596,51,0
SNxx07,TRN_VP3a,32,18,10597,50,0
SNxx07,TRN_VP2,32,18,10597,50,0
SNxx07,aPhM2b,32,18,10597,50,0
SNxx07,ORN_VC1,32,18,10597,50,0
SNxx07,ORN_VM7d,32,18,10597,50,0
SNxx07,LgAG2,32,18,10597,50,0
SNxx07,DNx01,32,18,10597,50,0
SNxx08,SNpp23,20,30,10597,50,0
SNxx08,JO-CL,20,30,10597,50,0
SNxx08,SNpp41,20,30,10597,50,0
TPMN1,R8y,40,10,10597,50,0
TPMN1,HRN_VP1l,40,10,10597,50,0
TPMN1,PhG6,40,10,10597,50,0
TPMN1,LN-DN1,40,10,10597,50,0
TPMN1,ORN_DM4,40,10,10597,50,0
TPMN1,ORN_DM6,40,10,10597,50,0
TPMN1,ORN_VA3,40,10,10597,50,0
R7_unclear,ORN_DP1m,15,35,10597,50,0
R7_unclear,"SApp11,SApp18",15,35,10597,50,0
aPhM5,JO-A3,29,21,10597,50,0
aPhM5,ORN_VM6v,29,21,10597,50,0
aPhM5,SNxx17,29,21,10597,50,0
aPhM5,ORN_DL2v,29,21,10597,50,0
TPMN2,TRN_VP1m,26,24,10597,50,0
TPMN2,SNpp02,26,24,10597,50,0
R7y,LgLG1b,11,39,10597,50,0
R7y,JO-ED2_c,11,39,10597,50,0
R7y,SNpp47,11,39,10597,50,0
R7y,SNpp33,11,39,10597,50,0
R7p,LgLG1b,11,39,10597,50,0
R7p,JO-ED2_c,11,39,10597,50,0
R7p,SNpp47,11,39,10597,50,0
R7p,SNpp33,11,39,10597,50,0
R7d,claw_tpGRN,13,37,10597,50,0
LgLG6,claw_tpGRN,13,37,10597,50,0
LgLG1a,LgLG8,41,9,10597,50,0
LgLG1a,LB4a,41,9,10597,50,0
LgLG1a,PhG3,41,9,10597,50,0
LgLG1a,SApp21,41,9,10597,50,0
LgLG1a,LgAG6,41,9,10597,50,0
LgLG1a,tpn MN,41,9,10597,50,0
LgLG1a,JO-B4_a,41,9,10597,50,0
aPhM3,TRN_VP3a,32,18,10597,50,0
aPhM3,TRN_VP2,32,18,10597,50,0
aPhM3,ORN_VC1,32,18,10597,50,0
aPhM3,ORN_VM7d,32,18,10597,50,0
aPhM3,LgAG2,32,18,10597,50,0
aPhM3,DNx01,32,18,10597,50,0
JO-A2,GNG654,36,14,10597,50,0
JO-A2,HRN_VP5,36,14,10597,50,0
JO-A2,LB4b,36,14,10597,50,0
JO-A2,SNxx24,36,14,10597,50,0
JO-A2,ORN_VC5,36,14,10597,50,0
JO-A2,PhG4,36,14,10597,50,0
JO-A2,SNpp06,36,14,10597,50,0
JO-A2,BM_MaPa,36,14,10597,50,0
JO-A2,PhG14,36,14,10597,50,0
JO-A2,SNpp56,36,14,10597,50,0
JO-A2,JO-B2,36,14,10597,50,0
JO-A2,JO-B1_c,36,14,10597,50,0
aPhM4,HRN_VP4,19,31,10597,50,0
aPhM4,HRN_VP1d,19,31,10597,50,0
aPhM4,JO-ED1,19,31,10597,50,0
aPhM4,SApp13,19,31,10597,50,0
JO-EV2,LgLG5,42,8,10597,50,0
JO-EV2,HBeyelet,42,8,10597,50,0
JO-EV2,PhG1a,42,8,10597,50,0
LgLG1b,R8p,39,11,10597,50,0
LgLG1b,SNxx09,39,11,10597,50,0
LgLG1b,LgLG2,39,11,10597,50,0
LgLG1b,R8_unclear,39,11,10597,50,0
LgLG1b,LB1a,39,11,10597,50,0
LgLG1b,SNpp21,39,11,10597,50,0
LgLG1b,ORN_VM7v,39,11,10597,50,0
LgLG1b,ORN_DL1,39,11,10597,50,0
GNG643,WG4,27,23,10597,50,0
GNG643,ORN_D,27,23,10597,50,0
HRN_VP4,LB3a,31,19,10597,50,0
HRN_VP4,SNpp35,31,19,10597,50,0
HRN_VP4,LgAG5,31,19,10597,50,0
HRN_VP4,LgAG7,31,19,10597,50,0
HRN_VP4,ORN_DL2d,31,19,10597,50,0
HRN_VP4,JO-B1_a,31,19,10597,50,0
HRN_VP4,SNta13,31,19,10597,50,0
WG3,LB3b,33,17,10597,50,0
WG3,ORN_VA1v,33,17,10597,50,0
WG3,JO-A1,33,17,10597,50,0
WG3,SNpp05,33,17,10597,50,0
WG3,SNxx28,33,17,10597,50,0
WG3,ORN_VM5v,33,17,10597,50,0
WG3,SNpp31,33,17,10597,50,0
WG3,SNpp17,33,17,10597,50,0
WG3,SNpp01,33,17,10597,50,0
R8p,JO-ED2_c,11,39,10597,50,0
R8p,SNpp47,11,39,10597,50,0
R8p,SNpp33,11,39,10597,50,0
aPhM1,SNta14,22,28,10597,50,0
aPhM1,ENS2,22,28,10597,50,0
aPhM1,ORN_DP1l,22,28,10597,50,0
aPhM1,ORN_VA6,22,28,10597,50,0
aPhM1,ENS4,22,28,10597,50,0
aPhM1,SNta26,22,28,10597,50,0
SNxx09,JO-ED2_c,11,39,10597,50,0
SNxx09,SNpp47,11,39,10597,50,0
SNxx09,SNpp33,11,39,10597,50,0
ORN_VL2a,GNG642,34,16,10597,50,0
ORN_VL2a,ORN_V,34,16,10597,50,0
ORN_VL2a,PhG10,34,16,10597,50,0
ORN_VL2a,ORN_VL1,34,16,10597,50,0
ORN_VL2a,LgLG4,34,16,10597,50,0
ORN_VL2a,ORN_VM5d,34,16,10597,50,0
ORN_VL2a,SNpp11,34,16,10597,50,0
ORN_VL2a,ALBN1,34,16,10597,50,0
ORN_VL2a,ENS5,34,16,10597,50,0
ORN_VL2a,dorsal_tpGRN,34,16,10597,50,0
ORN_VL2a,JO-CA2,34,16,10597,50,0
LB3b,SNta31,17,33,10597,50,0
SNxx15,R8y,40,10,10597,50,0
SNxx15,HRN_VP1l,40,10,10597,50,0
SNxx15,PhG6,40,10,10597,50,0
SNxx15,LN-DN1,40,10,10597,50,0
SNxx15,ORN_DM4,40,10,10597,50,0
SNxx15,ORN_DM6,40,10,10597,50,0
SNxx15,ORN_VA3,40,10,10597,50,0
BM_Vt_PoOc,SNta14,22,28,10597,50,0
BM_Vt_PoOc,ENS2,22,28,10597,50,0
BM_Vt_PoOc,ORN_DP1l,22,28,10597,50,0
BM_Vt_PoOc,ORN_VA6,22,28,10597,50,0
BM_Vt_PoOc,ENS4,22,28,10597,50,0
BM_Vt_PoOc,SNta26,22,28,10597,50,0
GNG644,SNpp23,20,30,10597,50,0
GNG644,JO-CL,20,30,10597,50,0
GNG644,SNpp41,20,30,10597,50,0
LgLG5,SNpp32,8,42,10597,50,0
JO-A3,SNxx11,21,29,10597,50,0
JO-A3,ORN_DC4,21,29,10597,50,0
JO-A3,LB1c,21,29,10597,50,0
JO-A3,"SNpp29,SNpp63",21,29,10597,50,0
JO-A3,"SNta04,SNta11",21,29,10597,50,0
ORN_DA1,GNG642,34,16,10597,50,0
ORN_DA1,ORN_V,34,16,10597,50,0
ORN_DA1,PhG10,34,16,10597,50,0
ORN_DA1,ORN_VL1,34,16,10597,50,0
ORN_DA1,LgLG4,34,16,10597,50,0
ORN_DA1,ORN_VM5d,34,16,10597,50,0
ORN_DA1,SNpp11,34,16,10597,50,0
ORN_DA1,ENS5,34,16,10597,50,0
ORN_DA1,dorsal_tpGRN,34,16,10597,50,0
ORN_DA1,JO-CA2,34,16,10597,50,0
SNpp23,ORN_DL5,30,20,10597,50,0
SNpp23,WG2,30,20,10597,50,0
SNpp23,LgAG3,30,20,10597,50,0
SNpp23,PhG1b,30,20,10597,50,0
SNpp23,BM_vOcci_vPoOr,30,20,10597,50,0
SNpp23,LB1e,30,20,10597,50,0
SNpp23,SNxx30,30,20,10597,50,0
WG1,ORN_DP1m,15,35,10597,50,0
WG1,"SApp11,SApp18",15,35,10597,50,0
SNta14,PhG9,28,22,10597,50,0
SNta14,ORN_DC1,28,22,10597,50,0
SNta14,SNpp62,28,22,10597,50,0
SNta14,SNpp58,28,22,10597,50,0
SNta14,SNxx19,28,22,10597,50,0
SNta14,SNxx21,28,22,10597,50,0
SNta14,JO-B3,28,22,10597,50,0
claw_tpGRN,ORN_DM2,37,13,10597,50,0
claw_tpGRN,DNg20,37,13,10597,50,0
claw_tpGRN,SNxx06,37,13,10597,50,0
claw_tpGRN,SNpp15,37,13,10597,50,0
claw_tpGRN,ORN_DA2,37,13,10597,50,0
claw_tpGRN,PhG16,37,13,10597,50,0
claw_tpGRN,SNpp18,37,13,10597,50,0
claw_tpGRN,LgAG8,37,13,10597,50,0
LgLG2,JO-ED2_c,11,39,10597,50,0
LgLG2,SNpp47,11,39,10597,50,0
LgLG2,SNpp33,11,39,10597,50,0
TRN_VP3a,SApp14,18,32,10597,50,0
TRN_VP3a,SNpp07,18,32,10597,50,0
LB3d,WG4,27,23,10597,50,0
LB3d,ORN_D,27,23,10597,50,0
SNxx02,WG4,27,23,10597,50,0
SNxx02,ORN_D,27,23,10597,50,0
LgLG8,SNpp43,9,41,10597,50,0
LB3c,SNxx26,25,25,10597,50,0
LB3c,ORN_VA2,25,25,10597,50,0
ORN_VM6v,SNxx11,21,29,10597,50,0
ORN_VM6v,ORN_DC4,21,29,10597,50,0
ORN_VM6v,LB1c,21,29,10597,50,0
ORN_VM6v,"SNpp29,SNpp63",21,29,10597,50,0
ORN_VM6v,"SNta04,SNta11",21,29,10597,50,0
ENS2,PhG9,28,22,10597,50,0
ENS2,ORN_DC1,28,22,10597,50,0
ENS2,SNpp62,28,22,10597,50,0
ENS2,SNpp58,28,22,10597,50,0
ENS2,SNxx19,28,22,10597,50,0
ENS2,SNxx21,28,22,10597,50,0
ENS2,JO-B3,28,22,10597,50,0
ORN_DP1l,PhG9,28,22,10597,50,0
ORN_DP1l,ORN_DC1,28,22,10597,50,0
ORN_DP1l,SNpp62,28,22,10597,50,0
ORN_DP1l,SNpp58,28,22,10597,50,0
ORN_DP1l,SNxx19,28,22,10597,50,0
ORN_DP1l,SNxx21,28,22,10597,50,0
ORN_DP1l,JO-B3,28,22,10597,50,0
LB3a,HRN_VP1d,19,31,10597,50,0
LB3a,JO-ED1,19,31,10597,50,0
LB3a,SApp13,19,31,10597,50,0
SNpp16,GNG654,36,14,10597,50,0
SNpp16,HRN_VP5,36,14,10597,50,0
SNpp16,LB4b,36,14,10597,50,0
SNpp16,SNxx24,36,14,10597,50,0
SNpp16,ORN_VC5,36,14,10597,50,0
SNpp16,PhG4,36,14,10597,50,0
SNpp16,SNpp06,36,14,10597,50,0
SNpp16,BM_MaPa,36,14,10597,50,0
SNpp16,PhG14,36,14,10597,50,0
SNpp16,SNpp56,36,14,10597,50,0
SNpp16,JO-B2,36,14,10597,50,0
SNpp16,JO-B1_c,36,14,10597,50,0
TRN_VP1m,ORN_DM1,24,26,10597,50,0
TRN_VP1m,SNpp10,24,26,10597,50,0
TRN_VP1m,SApp01,24,26,10597,50,0
PhG9,ORN_VA6,22,28,10597,50,0
PhG9,ENS4,22,28,10597,50,0
PhG9,SNta26,22,28,10597,50,0
BM_Hau,WG4,27,23,10597,50,0
BM_Hau,ORN_D,27,23,10597,50,0
ORN_DP1m,LgAG9,35,15,10597,50,0
ORN_DP1m,ORN_VA1d,35,15,10597,50,0
ORN_DP1m,SNpp57,35,15,10597,50,0
ORN_DP1m,LB1b,35,15,10597,50,0
ORN_DP1m,SNpp12,35,15,10597,50,0
ORN_DP1m,PhG8,35,15,10597,50,0
JO-B4_b,WG4,27,23,10597,50,0
JO-B4_b,ORN_D,27,23,10597,50,0
R8_unclear,JO-ED2_c,11,39,10597,50,0
R8_unclear,SNpp47,11,39,10597,50,0
R8_unclear,SNpp33,11,39,10597,50,0
WG4,SApp23,23,27,10597,50,0
WG4,ORN_VL2p,23,27,10597,50,0
ORN_DM1,SNpp02,26,24,10597,50,0
SAxx01,R8d,47,3,10597,50,0
JO-ED2_c,LB1a,39,11,10597,50,0
JO-ED2_c,SNpp21,39,11,10597,50,0
JO-ED2_c,ORN_VM7v,39,11,10597,50,0
JO-ED2_c,ORN_DL1,39,11,10597,50,0
BM_Vib,GNG642,34,16,10597,50,0
BM_Vib,ORN_V,34,16,10597,50,0
BM_Vib,PhG10,34,16,10597,50,0
BM_Vib,ORN_VL1,34,16,10597,50,0
BM_Vib,LgLG4,34,16,10597,50,0
BM_Vib,ORN_VM5d,34,16,10597,50,0
BM_Vib,SNpp11,34,16,10597,50,0
BM_Vib,ALBN1,34,16,10597,50,0
BM_Vib,ENS5,34,16,10597,50,0
BM_Vib,dorsal_tpGRN,34,16,10597,50,0
BM_Vib,JO-CA2,34,16,10597,50,0
HRN_VP1d,SNpp35,31,19,10597,50,0
HRN_VP1d,LgAG5,31,19,10597,50,0
HRN_VP1d,LgAG7,31,19,10597,50,0
HRN_VP1d,ORN_DL2d,31,19,10597,50,0
HRN_VP1d,JO-B1_a,31,19,10597,50,0
HRN_VP1d,SNta13,31,19,10597,50,0
SNxx29,R8d,47,3,10597,50,0
ORN_DC1,ORN_VA6,22,28,10597,50,0
ORN_DC1,ENS4,22,28,10597,50,0
ORN_DC1,SNta26,22,28,10597,50,0
GNG642,PhG1c,16,34,10597,50,0
SNxx11,SNxx17,29,21,10597,50,0
SNxx11,ORN_DL2v,29,21,10597,50,0
ORN_DC4,SNxx17,29,21,10597,50,0
ORN_DC4,ORN_DL2v,29,21,10597,50,0
SApp23,ORN_D,27,23,10597,50,0
GNG654,SNxx14,14,36,10597,50,0
GNG654,SNch10,14,36,10597,50,0
GNG654,SNta18,14,36,10597,50,0
SNpp47,LB1a,39,11,10597,50,0
SNpp47,SNpp21,39,11,10597,50,0
SNpp47,ORN_VM7v,39,11,10597,50,0
SNpp47,ORN_DL1,39,11,10597,50,0
TRN_VP2,SApp14,18,32,10597,50,0
TRN_VP2,SNpp07,18,32,10597,50,0
aPhM2b,SApp14,18,32,10597,50,0
aPhM2b,SNpp07,18,32,10597,50,0
LB1c,SNxx17,29,21,10597,50,0
LB1c,ORN_DL2v,29,21,10597,50,0
JO-CL,ORN_DL5,30,20,10597,50,0
JO-CL,WG2,30,20,10597,50,0
JO-CL,LgAG3,30,20,10597,50,0
JO-CL,PhG1b,30,20,10597,50,0
JO-CL,BM_vOcci_vPoOr,30,20,10597,50,0
JO-CL,LB1e,30,20,10597,50,0
JO-CL,SNxx30,30,20,10597,50,0
LgAG9,"SApp11,SApp18",15,35,10597,50,0
ORN_VL2p,ORN_D,27,23,10597,50,0
ORN_DL5,SNpp41,20,30,10597,50,0
ENS3,SNxx25,12,38,10597,50,0
SNpp43,LB4a,41,9,10597,50,0
SNpp43,PhG3,41,9,10597,50,0
SNpp43,SApp21,41,9,10597,50,0
SNpp43,LgAG6,41,9,10597,50,0
SNpp43,tpn MN,41,9,10597,50,0
SNpp43,JO-B4_a,41,9,10597,50,0
PhG1c,ORN_V,34,16,10597,50,0
PhG1c,PhG10,34,16,10597,50,0
PhG1c,ORN_VL1,34,16,10597,50,0
PhG1c,LgLG4,34,16,10597,50,0
PhG1c,ORN_VM5d,34,16,10597,50,0
PhG1c,SNpp11,34,16,10597,50,0
PhG1c,ALBN1,34,16,10597,50,0
PhG1c,ENS5,34,16,10597,50,0
PhG1c,JO-CA2,34,16,10597,50,0
SNpp41,WG2,30,20,10597,50,0
SNpp41,LgAG3,30,20,10597,50,0
SNpp41,PhG1b,30,20,10597,50,0
SNpp41,BM_vOcci_vPoOr,30,20,10597,50,0
SNpp41,LB1e,30,20,10597,50,0
SNpp41,SNxx30,30,20,10597,50,0
JO-ED1,SNpp35,31,19,10597,50,0
JO-ED1,LgAG5,31,19,10597,50,0
JO-ED1,LgAG7,31,19,10597,50,0
JO-ED1,ORN_DL2d,31,19,10597,50,0
JO-ED1,JO-B1_a,31,19,10597,50,0
JO-ED1,SNta13,31,19,10597,50,0
SNxx25,ORN_VM4,38,12,10597,50,0
SNxx25,ENS1,38,12,10597,50,0
SNxx25,PhG13,38,12,10597,50,0
SNxx25,ORN_DC2,38,12,10597,50,0
SNxx25,SNpp37,38,12,10597,50,0
SNxx25,ORN_VC4,38,12,10597,50,0
SNxx25,b2 MN,38,12,10597,50,0
"SApp11,SApp18",ORN_VA1d,35,15,10597,50,0
"SApp11,SApp18",SNpp57,35,15,10597,50,0
"SApp11,SApp18",LB1b,35,15,10597,50,0
"SApp11,SApp18",SNpp12,35,15,10597,50,0
"SApp11,SApp18",PhG8,35,15,10597,50,0
SNxx14,HRN_VP5,36,14,10597,50,0
SNxx14,LB4b,36,14,10597,50,0
SNxx14,SNxx24,36,14,10597,50,0
SNxx14,ORN_VC5,36,14,10597,50,0
SNxx14,PhG4,36,14,10597,50,0
SNxx14,SNpp06,36,14,10597,50,0
SNxx14,BM_MaPa,36,14,10597,50,0
SNxx14,PhG14,36,14,10597,50,0
SNxx14,SNpp56,36,14,10597,50,0
SNxx14,JO-B2,36,14,10597,50,0
SNxx14,JO-B1_c,36,14,10597,50,0
SNxx17,"SNpp29,SNpp63",21,29,10597,50,0
SNxx17,"SNta04,SNta11",21,29,10597,50,0
ORN_VA1v,SNta31,17,33,10597,50,0
JO-A1,SNta31,17,33,10597,50,0
SNch10,HRN_VP5,36,14,10597,50,0
SNch10,LB4b,36,14,10597,50,0
SNch10,SNxx24,36,14,10597,50,0
SNch10,ORN_VC5,36,14,10597,50,0
SNch10,PhG4,36,14,10597,50,0
SNch10,SNpp06,36,14,10597,50,0
SNch10,BM_MaPa,36,14,10597,50,0
SNch10,PhG14,36,14,10597,50,0
SNch10,SNpp56,36,14,10597,50,0
SNch10,JO-B2,36,14,10597,50,0
SNch10,JO-B1_c,36,14,10597,50,0
SNxx26,ORN_VA2,25,25,10597,50,0
LgAG5,SApp13,19,31,10597,50,0
SNpp10,SNpp02,26,24,10597,50,0
HRN_VP5,SNta18,14,36,10597,50,0
ORN_VA6,SNpp62,28,22,10597,50,0
ORN_VA6,SNpp58,28,22,10597,50,0
ORN_VA6,SNxx19,28,22,10597,50,0
ORN_VA6,SNxx21,28,22,10597,50,0
ORN_VA6,JO-B3,28,22,10597,50,0
SNpp62,ENS4,22,28,10597,50,0
SNpp62,SNta26,22,28,10597,50,0
SApp01,SNpp02,26,24,10597,50,0
LgAG7,SApp13,19,31,10597,50,0
ORN_DL2v,"SNpp29,SNpp63",21,29,10597,50,0
ORN_DL2v,"SNta04,SNta11",21,29,10597,50,0
LB4b,SNta18,14,36,10597,50,0
SNxx24,SNta18,14,36,10597,50,0
ORN_VC1,SApp14,18,32,10597,50,0
ORN_VC1,SNpp07,18,32,10597,50,0
LB1a,SNpp33,11,39,10597,50,0
ORN_DL2d,SApp13,19,31,10597,50,0
R8d,SNta11,3,47,10597,50,0
R8d,SNpp51,3,47,10597,50,0
ORN_VM7d,SApp14,18,32,10597,50,0
ORN_VM7d,SNpp07,18,32,10597,50,0
SNpp33,SNpp21,39,11,10597,50,0
SNpp33,ORN_VM7v,39,11,10597,50,0
SNpp33,ORN_DL1,39,11,10597,50,0
ORN_D,SNta33,23,27,10597,50,0
SNta18,ORN_VC5,36,14,10597,50,0
SNta18,PhG4,36,14,10597,50,0
SNta18,SNpp06,36,14,10597,50,0
SNta18,BM_MaPa,36,14,10597,50,0
SNta18,PhG14,36,14,10597,50,0
SNta18,SNpp56,36,14,10597,50,0
SNta18,JO-B2,36,14,10597,50,0
SNta18,JO-B1_c,36,14,10597,50,0
ENS4,SNpp58,28,22,10597,50,0
ENS4,SNxx19,28,22,10597,50,0
ENS4,SNxx21,28,22,10597,50,0
ENS4,JO-B3,28,22,10597,50,0
SApp14,LgAG2,32,18,10597,50,0
SApp14,DNx01,32,18,10597,50,0
HBeyelet,SNpp32,8,42,10597,50,0
SNpp58,SNta26,22,28,10597,50,0
LgLG7,"SNta02,SNta09",7,43,10597,50,0
SNpp07,LgAG2,32,18,10597,50,0
SNpp07,DNx01,32,18,10597,50,0
"SNta02,SNta09",DNg83,43,7,10597,50,0
"SNta02,SNta09",ORN_DL3,43,7,10597,50,0
"SNta02,SNta09",ORN_DM3,43,7,10597,50,0
SNpp32,PhG1a,42,8,10597,50,0
SApp13,JO-B1_a,31,19,10597,50,0
SApp13,SNta13,31,19,10597,50,0
SNxx19,SNta26,22,28,10597,50,0
SNxx21,SNta26,22,28,10597,50,0
SNpp05,SNta31,17,33,10597,50,0
JO-B3,SNta26,22,28,10597,50,0
SNxx28,SNta31,17,33,10597,50,0
ORN_VM5v,SNta31,17,33,10597,50,0
SNta31,SNpp31,33,17,10597,50,0
SNta31,SNpp17,33,17,10597,50,0
SNta31,SNpp01,33,17,10597,50,0
SNxx07,LB3b,32,17,10598,49,0
SNxx07,ORN_VA1v,32,17,10598,49,0
SNxx07,JO-A1,32,17,10598,49,0
SNxx07,SNpp05,32,17,10598,49,0
SNxx07,SNxx28,32,17,10598,49,0
SNxx07,ORN_VM5v,32,17,10598,49,0
SNxx07,SNpp31,32,17,10598,49,0
SNxx07,SNpp17,32,17,10598,49,0
SNxx07,SNpp01,32,17,10598,49,0
SNxx08,aPhM5,20,29,10598,49,0
SNxx08,SNxx11,20,29,10598,49,0
SNxx08,ORN_DC4,20,29,10598,49,0
SNxx08,LB1c,20,29,10598,49,0
SNxx08,"SNpp29,SNpp63",20,29,10598,49,0
SNxx08,"SNta04,SNta11",20,29,10598,49,0
TPMN1,LgLG8,40,9,10598,49,0
TPMN1,LB4a,40,9,10598,49,0
TPMN1,PhG3,40,9,10598,49,0
TPMN1,SApp21,40,9,10598,49,0
TPMN1,LgAG6,40,9,10598,49,0
TPMN1,tpn MN,40,9,10598,49,0
TPMN1,JO-B4_a,40,9,10598,49,0
R7_unclear,ORN_VL2a,15,34,10598,49,0
R7_unclear,ORN_DA1,15,34,10598,49,0
R7_unclear,BM_Vib,15,34,10598,49,0
R7_unclear,PhG1c,15,34,10598,49,0
aPhM5,GNG644,29,20,10598,49,0
aPhM5,ORN_DL5,29,20,10598,49,0
aPhM5,WG2,29,20,10598,49,0
aPhM5,LgAG3,29,20,10598,49,0
aPhM5,PhG1b,29,20,10598,49,0
aPhM5,BM_vOcci_vPoOr,29,20,10598,49,0
aPhM5,LB1e,29,20,10598,49,0
aPhM5,SNxx30,29,20,10598,49,0
TPMN2,WG4,26,23,10598,49,0
TPMN2,ORN_D,26,23,10598,49,0
R7y,SNxx25,11,38,10598,49,0
R7p,SNxx25,11,38,10598,49,0
R7d,JO-A2,13,36,10598,49,0
R7d,SNpp16,13,36,10598,49,0
R7d,SNxx14,13,36,10598,49,0
R7d,SNch10,13,36,10598,49,0
R7d,SNta18,13,36,10598,49,0
LgLG6,JO-A2,13,36,10598,49,0
LgLG6,SNpp16,13,36,10598,49,0
LgLG6,SNxx14,13,36,10598,49,0
LgLG6,SNch10,13,36,10598,49,0
LgLG6,SNta18,13,36,10598,49,0
LgLG1a,LgLG5,41,8,10598,49,0
LgLG1a,HBeyelet,41,8,10598,49,0
LgLG1a,PhG1a,41,8,10598,49,0
aPhM3,LB3b,32,17,10598,49,0
aPhM3,ORN_VA1v,32,17,10598,49,0
aPhM3,JO-A1,32,17,10598,49,0
aPhM3,SNpp05,32,17,10598,49,0
aPhM3,SNxx28,32,17,10598,49,0
aPhM3,ORN_VM5v,32,17,10598,49,0
aPhM3,SNpp31,32,17,10598,49,0
aPhM3,SNpp17,32,17,10598,49,0
aPhM3,SNpp01,32,17,10598,49,0
JO-A2,ORN_DM2,36,13,10598,49,0
JO-A2,DNg20,36,13,10598,49,0
JO-A2,SNxx06,36,13,10598,49,0
JO-A2,SNpp15,36,13,10598,49,0
JO-A2,ORN_DA2,36,13,10598,49,0
JO-A2,PhG16,36,13,10598,49,0
JO-A2,SNpp18,36,13,10598,49,0
JO-A2,LgAG8,36,13,10598,49,0
aPhM4,SNpp23,19,30,10598,49,0
aPhM4,JO-CL,19,30,10598,49,0
aPhM4,SNpp41,19,30,10598,49,0
JO-EV2,LgLG7,42,7,10598,49,0
JO-EV2,DNg83,42,7,10598,49,0
JO-EV2,ORN_DL3,42,7,10598,49,0
JO-EV2,ORN_DM3,42,7,10598,49,0
SNxx20,ORN_DA3,44,5,10598,49,0
LgAG1,ORN_DA3,44,5,10598,49,0
LgLG1b,R8y,39,10,10598,49,0
LgLG1b,HRN_VP1l,39,10,10598,49,0
LgLG1b,PhG6,39,10,10598,49,0
LgLG1b,LN-DN1,39,10,10598,49,0
LgLG1b,ORN_DM4,39,10,10598,49,0
LgLG1b,ORN_DM6,39,10,10598,49,0
LgLG1b,ORN_VA3,39,10,10598,49,0
GNG643,aPhM1,27,22,10598,49,0
GNG643,PhG9,27,22,10598,49,0
GNG643,ORN_DC1,27,22,10598,49,0
GNG643,SNpp62,27,22,10598,49,0
GNG643,SNpp58,27,22,10598,49,0
GNG643,SNxx19,27,22,10598,49,0
GNG643,SNxx21,27,22,10598,49,0
GNG643,JO-B3,27,22,10598,49,0
HRN_VP4,TRN_VP3a,31,18,10598,49,0
HRN_VP4,TRN_VP2,31,18,10598,49,0
HRN_VP4,aPhM2b,31,18,10598,49,0
HRN_VP4,ORN_VC1,31,18,10598,49,0
HRN_VP4,ORN_VM7d,31,18,10598,49,0
HRN_VP4,LgAG2,31,18,10598,49,0
HRN_VP4,DNx01,31,18,10598,49,0
WG3,GNG642,33,16,10598,49,0
WG3,ORN_V,33,16,10598,49,0
WG3,PhG10,33,16,10598,49,0
WG3,ORN_VL1,33,16,10598,49,0
WG3,LgLG4,33,16,10598,49,0
WG3,ORN_VM5d,33,16,10598,49,0
WG3,SNpp11,33,16,10598,49,0
WG3,ALBN1,33,16,10598,49,0
WG3,ENS5,33,16,10598,49,0
WG3,dorsal_tpGRN,33,16,10598,49,0
WG3,JO-CA2,33,16,10598,49,0
R8p,SNxx25,11,38,10598,49,0
aPhM1,LB3d,22,27,10598,49,0
aPhM1,SNxx02,22,27,10598,49,0
aPhM1,BM_Hau,22,27,10598,49,0
aPhM1,JO-B4_b,22,27,10598,49,0
aPhM1,SApp23,22,27,10598,49,0
aPhM1,ORN_VL2p,22,27,10598,49,0
aPhM1,SNta33,22,27,10598,49,0
SNxx09,SNxx25,11,38,10598,49,0
ORN_VL2a,WG1,34,15,10598,49,0
ORN_VL2a,LgAG9,34,15,10598,49,0
ORN_VL2a,ORN_VA1d,34,15,10598,49,0
ORN_VL2a,SNpp57,34,15,10598,49,0
ORN_VL2a,LB1b,34,15,10598,49,0
ORN_VL2a,SNpp12,34,15,10598,49,0
ORN_VL2a,PhG8,34,15,10598,49,0
LB3b,SApp14,17,32,10598,49,0
LB3b,SNpp07,17,32,10598,49,0
SNxx15,LgLG8,40,9,10598,49,0
SNxx15,LB4a,40,9,10598,49,0
SNxx15,PhG3,40,9,10598,49,0
SNxx15,SApp21,40,9,10598,49,0
SNxx15,LgAG6,40,9,10598,49,0
SNxx15,tpn MN,40,9,10598,49,0
SNxx15,JO-B4_a,40,9,10598,49,0
aPhM2a,R8d,46,3,10598,49,0
BM_Vt_PoOc,LB3d,22,27,10598,49,0
BM_Vt_PoOc,SNxx02,22,27,10598,49,0
BM_Vt_PoOc,BM_Hau,22,27,10598,49,0
BM_Vt_PoOc,JO-B4_b,22,27,10598,49,0
BM_Vt_PoOc,SApp23,22,27,10598,49,0
BM_Vt_PoOc,ORN_VL2p,22,27,10598,49,0
BM_Vt_PoOc,SNta33,22,27,10598,49,0
GNG644,SNxx11,20,29,10598,49,0
GNG644,ORN_DC4,20,29,10598,49,0
GNG644,LB1c,20,29,10598,49,0
GNG644,"SNpp29,SNpp63",20,29,10598,49,0
GNG644,"SNta04,SNta11",20,29,10598,49,0
R8y,JO-ED2_c,10,39,10598,49,0
R8y,SNpp47,10,39,10598,49,0
R8y,SNpp33,10,39,10598,49,0
LgLG5,SNpp43,8,41,10598,49,0
JO-A3,SNta14,21,28,10598,49,0
JO-A3,ENS2,21,28,10598,49,0
JO-A3,ORN_DP1l,21,28,10598,49,0
JO-A3,ORN_VA6,21,28,10598,49,0
JO-A3,ENS4,21,28,10598,49,0
JO-A3,SNta26,21,28,10598,49,0
ORN_DA1,WG1,34,15,10598,49,0
ORN_DA1,LgAG9,34,15,10598,49,0
ORN_DA1,ORN_VA1d,34,15,10598,49,0
ORN_DA1,SNpp57,34,15,10598,49,0
ORN_DA1,LB1b,34,15,10598,49,0
ORN_DA1,SNpp12,34,15,10598,49,0
ORN_DA1,PhG8,34,15,10598,49,0
SNpp23,LB3a,30,19,10598,49,0
SNpp23,SNpp35,30,19,10598,49,0
SNpp23,LgAG5,30,19,10598,49,0
SNpp23,LgAG7,30,19,10598,49,0
SNpp23,ORN_DL2d,30,19,10598,49,0
SNpp23,JO-B1_a,30,19,10598,49,0
SNpp23,SNta13,30,19,10598,49,0
WG1,BM_Vib,15,34,10598,49,0
WG1,PhG1c,15,34,10598,49,0
SNta14,ORN_VM6v,28,21,10598,49,0
SNta14,SNxx17,28,21,10598,49,0
SNta14,ORN_DL2v,28,21,10598,49,0
claw_tpGRN,ENS3,37,12,10598,49,0
claw_tpGRN,ORN_VM4,37,12,10598,49,0
claw_tpGRN,ENS1,37,12,10598,49,0
claw_tpGRN,PhG13,37,12,10598,49,0
claw_tpGRN,ORN_DC2,37,12,10598,49,0
claw_tpGRN,SNpp37,37,12,10598,49,0
claw_tpGRN,ORN_VC4,37,12,10598,49,0
claw_tpGRN,b2 MN,37,12,10598,49,0
LgLG2,SNxx25,11,38,10598,49,0
TRN_VP3a,HRN_VP1d,18,31,10598,49,0
TRN_VP3a,JO-ED1,18,31,10598,49,0
TRN_VP3a,SApp13,18,31,10598,49,0
LB3d,PhG9,27,22,10598,49,0
LB3d,ORN_DC1,27,22,10598,49,0
LB3d,SNpp62,27,22,10598,49,0
LB3d,SNpp58,27,22,10598,49,0
LB3d,SNxx19,27,22,10598,49,0
LB3d,SNxx21,27,22,10598,49,0
LB3d,JO-B3,27,22,10598,49,0
SNxx02,PhG9,27,22,10598,49,0
SNxx02,ORN_DC1,27,22,10598,49,0
SNxx02,SNpp62,27,22,10598,49,0
SNxx02,SNpp58,27,22,10598,49,0
SNxx02,SNxx19,27,22,10598,49,0
SNxx02,SNxx21,27,22,10598,49,0
SNxx02,JO-B3,27,22,10598,49,0
LB3c,TRN_VP1m,25,24,10598,49,0
LB3c,SNpp02,25,24,10598,49,0
ORN_VM6v,ENS2,21,28,10598,49,0
ORN_VM6v,ORN_DP1l,21,28,10598,49,0
ORN_VM6v,ORN_VA6,21,28,10598,49,0
ORN_VM6v,ENS4,21,28,10598,49,0
ORN_VM6v,SNta26,21,28,10598,49,0
ENS2,SNxx17,28,21,10598,49,0
ENS2,ORN_DL2v,28,21,10598,49,0
ORN_DP1l,SNxx17,28,21,10598,49,0
ORN_DP1l,ORN_DL2v,28,21,10598,49,0
LB3a,JO-CL,19,30,10598,49,0
LB3a,SNpp41,19,30,10598,49,0
SNpp16,ORN_DM2,36,13,10598,49,0
SNpp16,DNg20,36,13,10598,49,0
SNpp16,SNxx06,36,13,10598,49,0
SNpp16,SNpp15,36,13,10598,49,0
SNpp16,ORN_DA2,36,13,10598,49,0
SNpp16,PhG16,36,13,10598,49,0
SNpp16,SNpp18,36,13,10598,49,0
SNpp16,LgAG8,36,13,10598,49,0
TRN_VP1m,SNxx26,24,25,10598,49,0
TRN_VP1m,ORN_VA2,24,25,10598,49,0
PhG9,BM_Hau,22,27,10598,49,0
PhG9,JO-B4_b,22,27,10598,49,0
PhG9,SApp23,22,27,10598,49,0
PhG9,ORN_VL2p,22,27,10598,49,0
PhG9,SNta33,22,27,10598,49,0
BM_Hau,ORN_DC1,27,22,10598,49,0
BM_Hau,SNpp62,27,22,10598,49,0
BM_Hau,SNpp58,27,22,10598,49,0
BM_Hau,SNxx19,27,22,10598,49,0
BM_Hau,SNxx21,27,22,10598,49,0
BM_Hau,JO-B3,27,22,10598,49,0
JO-mz,R8d,46,3,10598,49,0
SNpp60,ORN_DA3,44,5,10598,49,0
ORN_DP1m,GNG654,35,14,10598,49,0
ORN_DP1m,HRN_VP5,35,14,10598,49,0
ORN_DP1m,LB4b,35,14,10598,49,0
ORN_DP1m,SNxx24,35,14,10598,49,0
ORN_DP1m,ORN_VC5,35,14,10598,49,0
ORN_DP1m,PhG4,35,14,10598,49,0
ORN_DP1m,SNpp06,35,14,10598,49,0
ORN_DP1m,BM_MaPa,35,14,10598,49,0
ORN_DP1m,PhG14,35,14,10598,49,0
ORN_DP1m,SNpp56,35,14,10598,49,0
ORN_DP1m,JO-B2,35,14,10598,49,0
ORN_DP1m,JO-B1_c,35,14,10598,49,0
JO-B4_b,ORN_DC1,27,22,10598,49,0
JO-B4_b,SNpp62,27,22,10598,49,0
JO-B4_b,SNpp58,27,22,10598,49,0
JO-B4_b,SNxx19,27,22,10598,49,0
JO-B4_b,SNxx21,27,22,10598,49,0
JO-B4_b,JO-B3,27,22,10598,49,0
SNta03,R8d,46,3,10598,49,0
R8_unclear,SNxx25,11,38,10598,49,0
WG4,ORN_DM1,23,26,10598,49,0
WG4,SNpp10,23,26,10598,49,0
WG4,SApp01,23,26,10598,49,0
ORN_DM1,ORN_D,26,23,10598,49,0
JO-ED2_c,HRN_VP1l,39,10,10598,49,0
JO-ED2_c,PhG6,39,10,10598,49,0
JO-ED2_c,LN-DN1,39,10,10598,49,0
JO-ED2_c,ORN_DM4,39,10,10598,49,0
JO-ED2_c,ORN_DM6,39,10,10598,49,0
JO-ED2_c,ORN_VA3,39,10,10598,49,0
BM_Vib,LgAG9,34,15,10598,49,0
BM_Vib,ORN_VA1d,34,15,10598,49,0
BM_Vib,SNpp57,34,15,10598,49,0
BM_Vib,LB1b,34,15,10598,49,0
BM_Vib,SNpp12,34,15,10598,49,0
BM_Vib,PhG8,34,15,10598,49,0
HRN_VP1d,TRN_VP2,31,18,10598,49,0
HRN_VP1d,aPhM2b,31,18,10598,49,0
HRN_VP1d,ORN_VC1,31,18,10598,49,0
HRN_VP1d,ORN_VM7d,31,18,10598,49,0
HRN_VP1d,LgAG2,31,18,10598,49,0
HRN_VP1d,DNx01,31,18,10598,49,0
ORN_DC1,SApp23,22,27,10598,49,0
ORN_DC1,ORN_VL2p,22,27,10598,49,0
ORN_DC1,SNta33,22,27,10598,49,0
GNG642,SNta31,16,33,10598,49,0
SNxx11,ORN_DL5,29,20,10598,49,0
SNxx11,WG2,29,20,10598,49,0
SNxx11,LgAG3,29,20,10598,49,0
SNxx11,PhG1b,29,20,10598,49,0
SNxx11,BM_vOcci_vPoOr,29,20,10598,49,0
SNxx11,LB1e,29,20,10598,49,0
SNxx11,SNxx30,29,20,10598,49,0
ORN_DC4,ORN_DL5,29,20,10598,49,0
ORN_DC4,WG2,29,20,10598,49,0
ORN_DC4,LgAG3,29,20,10598,49,0
ORN_DC4,PhG1b,29,20,10598,49,0
ORN_DC4,BM_vOcci_vPoOr,29,20,10598,49,0
ORN_DC4,LB1e,29,20,10598,49,0
ORN_DC4,SNxx30,29,20,10598,49,0
ORN_DM2,SNxx14,13,36,10598,49,0
ORN_DM2,SNch10,13,36,10598,49,0
ORN_DM2,SNta18,13,36,10598,49,0
SApp23,SNpp62,27,22,10598,49,0
SApp23,SNpp58,27,22,10598,49,0
SApp23,SNxx19,27,22,10598,49,0
SApp23,SNxx21,27,22,10598,49,0
SApp23,JO-B3,27,22,10598,49,0
GNG654,"SApp11,SApp18",14,35,10598,49,0
SNpp47,HRN_VP1l,39,10,10598,49,0
SNpp47,PhG6,39,10,10598,49,0
SNpp47,LN-DN1,39,10,10598,49,0
SNpp47,ORN_DM4,39,10,10598,49,0
SNpp47,ORN_DM6,39,10,10598,49,0
SNpp47,ORN_VA3,39,10,10598,49,0
TRN_VP2,JO-ED1,18,31,10598,49,0
TRN_VP2,SApp13,18,31,10598,49,0
aPhM2b,JO-ED1,18,31,10598,49,0
aPhM2b,SApp13,18,31,10598,49,0
LB1c,ORN_DL5,29,20,10598,49,0
LB1c,WG2,29,20,10598,49,0
LB1c,PhG1b,29,20,10598,49,0
LB1c,BM_vOcci_vPoOr,29,20,10598,49,0
LB1c,LB1e,29,20,10598,49,0
LB1c,SNxx30,29,20,10598,49,0
JO-CL,SNpp35,30,19,10598,49,0
JO-CL,LgAG5,30,19,10598,49,0
JO-CL,LgAG7,30,19,10598,49,0
JO-CL,ORN_DL2d,30,19,10598,49,0
JO-CL,JO-B1_a,30,19,10598,49,0
JO-CL,SNta13,30,19,10598,49,0
LgAG9,PhG1c,15,34,10598,49,0
ORN_VL2p,SNpp62,27,22,10598,49,0
ORN_VL2p,SNpp58,27,22,10598,49,0
ORN_VL2p,SNxx19,27,22,10598,49,0
ORN_VL2p,SNxx21,27,22,10598,49,0
ORN_VL2p,JO-B3,27,22,10598,49,0
ORN_DL5,"SNpp29,SNpp63",20,29,10598,49,0
ORN_DL5,"SNta04,SNta11",20,29,10598,49,0
SNpp43,HBeyelet,41,8,10598,49,0
SNpp43,PhG1a,41,8,10598,49,0
PhG1c,ORN_VA1d,34,15,10598,49,0
PhG1c,SNpp57,34,15,10598,49,0
PhG1c,LB1b,34,15,10598,49,0
PhG1c,SNpp12,34,15,10598,49,0
PhG1c,PhG8,34,15,10598,49,0
SNpp41,SNpp35,30,19,10598,49,0
SNpp41,LgAG5,30,19,10598,49,0
SNpp41,LgAG7,30,19,10598,49,0
SNpp41,ORN_DL2d,30,19,10598,49,0
SNpp41,JO-B1_a,30,19,10598,49,0
SNpp41,SNta13,30,19,10598,49,0
JO-ED1,ORN_VC1,31,18,10598,49,0
JO-ED1,ORN_VM7d,31,18,10598,49,0
JO-ED1,LgAG2,31,18,10598,49,0
JO-ED1,DNx01,31,18,10598,49,0
SNxx25,LB1a,38,11,10598,49,0
SNxx25,SNpp21,38,11,10598,49,0
SNxx25,ORN_VM7v,38,11,10598,49,0
SNxx25,ORN_DL1,38,11,10598,49,0
WG2,"SNpp29,SNpp63",20,29,10598,49,0
LgAG3,"SNpp29,SNpp63",20,29,10598,49,0
LgAG3,"SNta04,SNta11",20,29,10598,49,0
"SApp11,SApp18",HRN_VP5,35,14,10598,49,0
"SApp11,SApp18",LB4b,35,14,10598,49,0
"SApp11,SApp18",SNxx24,35,14,10598,49,0
"SApp11,SApp18",ORN_VC5,35,14,10598,49,0
"SApp11,SApp18",PhG4,35,14,10598,49,0
"SApp11,SApp18",SNpp06,35,14,10598,49,0
"SApp11,SApp18",BM_MaPa,35,14,10598,49,0
"SApp11,SApp18",PhG14,35,14,10598,49,0
"SApp11,SApp18",SNpp56,35,14,10598,49,0
"SApp11,SApp18",JO-B2,35,14,10598,49,0
"SApp11,SApp18",JO-B1_c,35,14,10598,49,0
SNxx14,DNg20,36,13,10598,49,0
SNxx14,SNxx06,36,13,10598,49,0
SNxx14,SNpp15,36,13,10598,49,0
SNxx14,ORN_DA2,36,13,10598,49,0
SNxx14,PhG16,36,13,10598,49,0
SNxx14,SNpp18,36,13,10598,49,0
SNxx14,LgAG8,36,13,10598,49,0
SNxx17,ORN_VA6,21,28,10598,49,0
SNxx17,ENS4,21,28,10598,49,0
SNxx17,SNta26,21,28,10598,49,0
ORN_V,SNta31,16,33,10598,49,0
ORN_VA1v,SApp14,17,32,10598,49,0
ORN_VA1v,SNpp07,17,32,10598,49,0
JO-A1,SApp14,17,32,10598,49,0
JO-A1,SNpp07,17,32,10598,49,0
SNch10,DNg20,36,13,10598,49,0
SNch10,SNxx06,36,13,10598,49,0
SNch10,SNpp15,36,13,10598,49,0
SNch10,ORN_DA2,36,13,10598,49,0
SNch10,PhG16,36,13,10598,49,0
SNch10,SNpp18,36,13,10598,49,0
SNch10,LgAG8,36,13,10598,49,0
SNxx26,SNpp02,25,24,10598,49,0
ORN_VA2,SNpp02,25,24,10598,49,0
SNpp10,ORN_D,26,23,10598,49,0
PhG1b,"SNpp29,SNpp63",20,29,10598,49,0
PhG1b,"SNta04,SNta11",20,29,10598,49,0
ORN_VA6,ORN_DL2v,28,21,10598,49,0
SNpp62,SNta33,22,27,10598,49,0
PhG10,SNta31,16,33,10598,49,0
SApp01,ORN_D,26,23,10598,49,0
HRN_VP1l,SNpp33,10,39,10598,49,0
ORN_DL2v,ENS4,21,28,10598,49,0
ORN_DL2v,SNta26,21,28,10598,49,0
"SNpp29,SNpp63",BM_vOcci_vPoOr,29,20,10598,49,0
"SNpp29,SNpp63",LB1e,29,20,10598,49,0
"SNpp29,SNpp63",SNxx30,29,20,10598,49,0
BM_vOcci_vPoOr,"SNta04,SNta11",20,29,10598,49,0
ORN_VC1,SApp13,18,31,10598,49,0
DNg20,SNta18,13,36,10598,49,0
ORN_VL1,SNta31,16,33,10598,49,0
PhG6,SNpp33,10,39,10598,49,0
R8d,SNta28,3,46,10598,49,0
ORN_VM7d,SApp13,18,31,10598,49,0
SNpp33,LN-DN1,39,10,10598,49,0
SNpp33,ORN_DM4,39,10,10598,49,0
SNpp33,ORN_DM6,39,10,10598,49,0
SNpp33,ORN_VA3,39,10,10598,49,0
LB1e,"SNta04,SNta11",20,29,10598,49,0
SNta18,SNxx06,36,13,10598,49,0
SNta18,SNpp15,36,13,10598,49,0
SNta18,ORN_DA2,36,13,10598,49,0
SNta18,PhG16,36,13,10598,49,0
SNta18,SNpp18,36,13,10598,49,0
SNta18,LgAG8,36,13,10598,49,0
SApp14,SNpp05,32,17,10598,49,0
SApp14,SNxx28,32,17,10598,49,0
SApp14,ORN_VM5v,32,17,10598,49,0
SApp14,SNpp31,32,17,10598,49,0
SApp14,SNpp17,32,17,10598,49,0
SApp14,SNpp01,32,17,10598,49,0
LgLG4,SNta31,16,33,10598,49,0
SNpp58,SNta33,22,27,10598,49,0
LgLG7,SNpp32,7,42,10598,49,0
SNxx30,"SNta04,SNta11",20,29,10598,49,0
SNpp07,SNpp05,32,17,10598,49,0
SNpp07,SNxx28,32,17,10598,49,0
SNpp07,ORN_VM5v,32,17,10598,49,0
SNpp07,SNpp31,32,17,10598,49,0
SNpp07,SNpp17,32,17,10598,49,0
SNpp07,SNpp01,32,17,10598,49,0
ORN_VM5d,SNta31,16,33,10598,49,0
SNpp32,DNg83,42,7,10598,49,0
SNpp32,ORN_DL3,42,7,10598,49,0
SNpp32,ORN_DM3,42,7,10598,49,0
LgAG2,SApp13,18,31,10598,49,0
SApp13,DNx01,31,18,10598,49,0
SNxx19,SNta33,22,27,10598,49,0
SNxx21,SNta33,22,27,10598,49,0
JO-B3,SNta33,22,27,10598,49,0
SNta31,SNpp11,33,16,10598,49,0
SNta31,ALBN1,33,16,10598,49,0
SNta31,ENS5,33,16,10598,49,0
SNta31,dorsal_tpGRN,33,16,10598,49,0
SNta31,JO-CA2,33,16,10598,49,0
SNxx07,GNG642,32,16,10599,48,0
SNxx07,ORN_V,32,16,10599,48,0
SNxx07,PhG10,32,16,10599,48,0
SNxx07,ORN_VL1,32,16,10599,48,0
SNxx07,LgLG4,32,16,10599,48,0
SNxx07,ORN_VM5d,32,16,10599,48,0
SNxx07,SNpp11,32,16,10599,48,0
SNxx07,ALBN1,32,16,10599,48,0
SNxx07,ENS5,32,16,10599,48,0
SNxx07,dorsal_tpGRN,32,16,10599,48,0
SNxx07,JO-CA2,32,16,10599,48,0
SNxx08,SNta14,20,28,10599,48,0
SNxx08,ENS2,20,28,10599,48,0
SNxx08,ORN_DP1l,20,28,10599,48,0
SNxx08,ORN_VA6,20,28,10599,48,0
SNxx08,ENS4,20,28,10599,48,0
SNxx08,SNta26,20,28,10599,48,0
TPMN1,LgLG5,40,8,10599,48,0
TPMN1,HBeyelet,40,8,10599,48,0
TPMN1,PhG1a,40,8,10599,48,0
R7_unclear,WG3,15,33,10599,48,0
R7_unclear,SNta31,15,33,10599,48,0
aPhM5,aPhM4,29,19,10599,48,0
aPhM5,LB3a,29,19,10599,48,0
aPhM5,SNpp35,29,19,10599,48,0
aPhM5,LgAG5,29,19,10599,48,0
aPhM5,LgAG7,29,19,10599,48,0
aPhM5,ORN_DL2d,29,19,10599,48,0
aPhM5,JO-B1_a,29,19,10599,48,0
aPhM5,SNta13,29,19,10599,48,0
TPMN2,aPhM1,26,22,10599,48,0
TPMN2,BM_Vt_PoOc,26,22,10599,48,0
TPMN2,PhG9,26,22,10599,48,0
TPMN2,ORN_DC1,26,22,10599,48,0
TPMN2,SNpp62,26,22,10599,48,0
TPMN2,SNpp58,26,22,10599,48,0
TPMN2,SNxx19,26,22,10599,48,0
TPMN2,SNxx21,26,22,10599,48,0
TPMN2,JO-B3,26,22,10599,48,0
R7y,claw_tpGRN,11,37,10599,48,0
R7p,claw_tpGRN,11,37,10599,48,0
R7d,ORN_DP1m,13,35,10599,48,0
R7d,"SApp11,SApp18",13,35,10599,48,0
LgLG6,ORN_DP1m,13,35,10599,48,0
LgLG6,"SApp11,SApp18",13,35,10599,48,0
LgLG1a,LgLG7,41,7,10599,48,0
LgLG1a,DNg83,41,7,10599,48,0
LgLG1a,ORN_DL3,41,7,10599,48,0
LgLG1a,ORN_DM3,41,7,10599,48,0
aPhM3,GNG642,32,16,10599,48,0
aPhM3,ORN_V,32,16,10599,48,0
aPhM3,PhG10,32,16,10599,48,0
aPhM3,ORN_VL1,32,16,10599,48,0
aPhM3,LgLG4,32,16,10599,48,0
aPhM3,ORN_VM5d,32,16,10599,48,0
aPhM3,SNpp11,32,16,10599,48,0
aPhM3,ALBN1,32,16,10599,48,0
aPhM3,ENS5,32,16,10599,48,0
aPhM3,dorsal_tpGRN,32,16,10599,48,0
aPhM3,JO-CA2,32,16,10599,48,0
JO-A2,ENS3,36,12,10599,48,0
JO-A2,ORN_VM4,36,12,10599,48,0
JO-A2,ENS1,36,12,10599,48,0
JO-A2,PhG13,36,12,10599,48,0
JO-A2,ORN_DC2,36,12,10599,48,0
JO-A2,SNpp37,36,12,10599,48,0
JO-A2,ORN_VC4,36,12,10599,48,0
JO-A2,b2 MN,36,12,10599,48,0
aPhM4,SNxx11,19,29,10599,48,0
aPhM4,ORN_DC4,19,29,10599,48,0
aPhM4,LB1c,19,29,10599,48,0
aPhM4,"SNpp29,SNpp63",19,29,10599,48,0
aPhM4,"SNta04,SNta11",19,29,10599,48,0
LgLG1b,LgLG8,39,9,10599,48,0
LgLG1b,LB4a,39,9,10599,48,0
LgLG1b,PhG3,39,9,10599,48,0
LgLG1b,SApp21,39,9,10599,48,0
LgLG1b,LgAG6,39,9,10599,48,0
LgLG1b,tpn MN,39,9,10599,48,0
LgLG1b,JO-B4_a,39,9,10599,48,0
GNG643,JO-A3,27,21,10599,48,0
GNG643,ORN_VM6v,27,21,10599,48,0
GNG643,SNxx17,27,21,10599,48,0
GNG643,ORN_DL2v,27,21,10599,48,0
HRN_VP4,LB3b,31,17,10599,48,0
HRN_VP4,ORN_VA1v,31,17,10599,48,0
HRN_VP4,JO-A1,31,17,10599,48,0
HRN_VP4,SNpp05,31,17,10599,48,0
HRN_VP4,SNxx28,31,17,10599,48,0
HRN_VP4,ORN_VM5v,31,17,10599,48,0
HRN_VP4,SNpp31,31,17,10599,48,0
HRN_VP4,SNpp17,31,17,10599,48,0
HRN_VP4,SNpp01,31,17,10599,48,0
WG3,WG1,33,15,10599,48,0
WG3,LgAG9,33,15,10599,48,0
WG3,ORN_VA1d,33,15,10599,48,0
WG3,SNpp57,33,15,10599,48,0
WG3,LB1b,33,15,10599,48,0
WG3,SNpp12,33,15,10599,48,0
WG3,PhG8,33,15,10599,48,0
R8p,claw_tpGRN,11,37,10599,48,0
aPhM1,ORN_DM1,22,26,10599,48,0
aPhM1,SNpp10,22,26,10599,48,0
aPhM1,SApp01,22,26,10599,48,0
SNxx09,claw_tpGRN,11,37,10599,48,0
ORN_VL2a,GNG654,34,14,10599,48,0
ORN_VL2a,HRN_VP5,34,14,10599,48,0
ORN_VL2a,LB4b,34,14,10599,48,0
ORN_VL2a,SNxx24,34,14,10599,48,0
ORN_VL2a,ORN_VC5,34,14,10599,48,0
ORN_VL2a,PhG4,34,14,10599,48,0
ORN_VL2a,SNpp06,34,14,10599,48,0
ORN_VL2a,BM_MaPa,34,14,10599,48,0
ORN_VL2a,PhG14,34,14,10599,48,0
ORN_VL2a,SNpp56,34,14,10599,48,0
ORN_VL2a,JO-B2,34,14,10599,48,0
ORN_VL2a,JO-B1_c,34,14,10599,48,0
LB3b,HRN_VP1d,17,31,10599,48,0
LB3b,JO-ED1,17,31,10599,48,0
LB3b,SApp13,17,31,10599,48,0
SNxx15,LgLG5,40,8,10599,48,0
SNxx15,HBeyelet,40,8,10599,48,0
SNxx15,PhG1a,40,8,10599,48,0
BM_Vt_PoOc,ORN_DM1,22,26,10599,48,0
BM_Vt_PoOc,SNpp10,22,26,10599,48,0
BM_Vt_PoOc,SApp01,22,26,10599,48,0
GNG644,SNta14,20,28,10599,48,0
GNG644,ENS2,20,28,10599,48,0
GNG644,ORN_DP1l,20,28,10599,48,0
GNG644,ORN_VA6,20,28,10599,48,0
GNG644,ENS4,20,28,10599,48,0
GNG644,SNta26,20,28,10599,48,0
R8y,SNxx25,10,38,10599,48,0
JO-A3,LB3d,21,27,10599,48,0
JO-A3,SNxx02,21,27,10599,48,0
JO-A3,BM_Hau,21,27,10599,48,0
JO-A3,JO-B4_b,21,27,10599,48,0
JO-A3,SApp23,21,27,10599,48,0
JO-A3,ORN_VL2p,21,27,10599,48,0
JO-A3,SNta33,21,27,10599,48,0
ORN_DA1,GNG654,34,14,10599,48,0
ORN_DA1,HRN_VP5,34,14,10599,48,0
ORN_DA1,LB4b,34,14,10599,48,0
ORN_DA1,SNxx24,34,14,10599,48,0
ORN_DA1,ORN_VC5,34,14,10599,48,0
ORN_DA1,PhG4,34,14,10599,48,0
ORN_DA1,SNpp06,34,14,10599,48,0
ORN_DA1,BM_MaPa,34,14,10599,48,0
ORN_DA1,PhG14,34,14,10599,48,0
ORN_DA1,SNpp56,34,14,10599,48,0
ORN_DA1,JO-B2,34,14,10599,48,0
ORN_DA1,JO-B1_c,34,14,10599,48,0
SNpp23,TRN_VP3a,30,18,10599,48,0
SNpp23,TRN_VP2,30,18,10599,48,0
SNpp23,aPhM2b,30,18,10599,48,0
SNpp23,ORN_VC1,30,18,10599,48,0
SNpp23,ORN_VM7d,30,18,10599,48,0
SNpp23,LgAG2,30,18,10599,48,0
SNpp23,DNx01,30,18,10599,48,0
WG1,SNta31,15,33,10599,48,0
SNta14,ORN_DL5,28,20,10599,48,0
SNta14,WG2,28,20,10599,48,0
SNta14,LgAG3,28,20,10599,48,0
SNta14,PhG1b,28,20,10599,48,0
SNta14,BM_vOcci_vPoOr,28,20,10599,48,0
SNta14,LB1e,28,20,10599,48,0
SNta14,SNxx30,28,20,10599,48,0
claw_tpGRN,LgLG2,37,11,10599,48,0
claw_tpGRN,R8_unclear,37,11,10599,48,0
claw_tpGRN,LB1a,37,11,10599,48,0
claw_tpGRN,SNpp21,37,11,10599,48,0
claw_tpGRN,ORN_VM7v,37,11,10599,48,0
claw_tpGRN,ORN_DL1,37,11,10599,48,0
TRN_VP3a,JO-CL,18,30,10599,48,0
TRN_VP3a,SNpp41,18,30,10599,48,0
LB3d,ORN_VM6v,27,21,10599,48,0
LB3d,SNxx17,27,21,10599,48,0
LB3d,ORN_DL2v,27,21,10599,48,0
SNxx02,ORN_VM6v,27,21,10599,48,0
SNxx02,SNxx17,27,21,10599,48,0
SNxx02,ORN_DL2v,27,21,10599,48,0
LgLG8,JO-ED2_c,9,39,10599,48,0
LgLG8,SNpp47,9,39,10599,48,0
LgLG8,SNpp33,9,39,10599,48,0
LB3c,WG4,25,23,10599,48,0
LB3c,ORN_D,25,23,10599,48,0
ORN_VM6v,BM_Hau,21,27,10599,48,0
ORN_VM6v,JO-B4_b,21,27,10599,48,0
ORN_VM6v,SApp23,21,27,10599,48,0
ORN_VM6v,ORN_VL2p,21,27,10599,48,0
ORN_VM6v,SNta33,21,27,10599,48,0
ENS2,ORN_DL5,28,20,10599,48,0
ENS2,WG2,28,20,10599,48,0
ENS2,LgAG3,28,20,10599,48,0
ENS2,PhG1b,28,20,10599,48,0
ENS2,BM_vOcci_vPoOr,28,20,10599,48,0
ENS2,LB1e,28,20,10599,48,0
ENS2,SNxx30,28,20,10599,48,0
ORN_DP1l,ORN_DL5,28,20,10599,48,0
ORN_DP1l,WG2,28,20,10599,48,0
ORN_DP1l,LgAG3,28,20,10599,48,0
ORN_DP1l,PhG1b,28,20,10599,48,0
ORN_DP1l,BM_vOcci_vPoOr,28,20,10599,48,0
ORN_DP1l,LB1e,28,20,10599,48,0
ORN_DP1l,SNxx30,28,20,10599,48,0
LB3a,SNxx11,19,29,10599,48,0
LB3a,ORN_DC4,19,29,10599,48,0
LB3a,LB1c,19,29,10599,48,0
LB3a,"SNpp29,SNpp63",19,29,10599,48,0
LB3a,"SNta04,SNta11",19,29,10599,48,0
SNpp16,ENS3,36,12,10599,48,0
SNpp16,ORN_VM4,36,12,10599,48,0
SNpp16,ENS1,36,12,10599,48,0
SNpp16,PhG13,36,12,10599,48,0
SNpp16,ORN_DC2,36,12,10599,48,0
SNpp16,SNpp37,36,12,10599,48,0
SNpp16,ORN_VC4,36,12,10599,48,0
SNpp16,b2 MN,36,12,10599,48,0
TRN_VP1m,SNpp02,24,24,10599,48,0
PhG9,ORN_DM1,22,26,10599,48,0
PhG9,SNpp10,22,26,10599,48,0
PhG9,SApp01,22,26,10599,48,0
BM_Hau,SNxx17,27,21,10599,48,0
BM_Hau,ORN_DL2v,27,21,10599,48,0
ORN_DP1m,ORN_DM2,35,13,10599,48,0
ORN_DP1m,DNg20,35,13,10599,48,0
ORN_DP1m,SNxx06,35,13,10599,48,0
ORN_DP1m,SNpp15,35,13,10599,48,0
ORN_DP1m,ORN_DA2,35,13,10599,48,0
ORN_DP1m,PhG16,35,13,10599,48,0
ORN_DP1m,SNpp18,35,13,10599,48,0
ORN_DP1m,LgAG8,35,13,10599,48,0
JO-B4_b,SNxx17,27,21,10599,48,0
JO-B4_b,ORN_DL2v,27,21,10599,48,0
WG4,SNxx26,23,25,10599,48,0
WG4,ORN_VA2,23,25,10599,48,0
ORN_DM1,ORN_DC1,26,22,10599,48,0
ORN_DM1,SNpp62,26,22,10599,48,0
ORN_DM1,SNpp58,26,22,10599,48,0
ORN_DM1,SNxx19,26,22,10599,48,0
ORN_DM1,SNxx21,26,22,10599,48,0
ORN_DM1,JO-B3,26,22,10599,48,0
JO-ED2_c,LB4a,39,9,10599,48,0
JO-ED2_c,PhG3,39,9,10599,48,0
JO-ED2_c,SApp21,39,9,10599,48,0
JO-ED2_c,LgAG6,39,9,10599,48,0
JO-ED2_c,tpn MN,39,9,10599,48,0
JO-ED2_c,JO-B4_a,39,9,10599,48,0
BM_Vib,GNG654,34,14,10599,48,0
BM_Vib,HRN_VP5,34,14,10599,48,0
BM_Vib,LB4b,34,14,10599,48,0
BM_Vib,SNxx24,34,14,10599,48,0
BM_Vib,ORN_VC5,34,14,10599,48,0
BM_Vib,PhG4,34,14,10599,48,0
BM_Vib,SNpp06,34,14,10599,48,0
BM_Vib,PhG14,34,14,10599,48,0
BM_Vib,SNpp56,34,14,10599,48,0
BM_Vib,JO-B2,34,14,10599,48,0
BM_Vib,JO-B1_c,34,14,10599,48,0
HRN_VP1d,ORN_VA1v,31,17,10599,48,0
HRN_VP1d,JO-A1,31,17,10599,48,0
HRN_VP1d,SNpp05,31,17,10599,48,0
HRN_VP1d,SNxx28,31,17,10599,48,0
HRN_VP1d,ORN_VM5v,31,17,10599,48,0
HRN_VP1d,SNpp31,31,17,10599,48,0
HRN_VP1d,SNpp17,31,17,10599,48,0
HRN_VP1d,SNpp01,31,17,10599,48,0
ORN_DC1,SNpp10,22,26,10599,48,0
ORN_DC1,SApp01,22,26,10599,48,0
GNG642,SApp14,16,32,10599,48,0
GNG642,SNpp07,16,32,10599,48,0
SNxx11,SNpp35,29,19,10599,48,0
SNxx11,LgAG5,29,19,10599,48,0
SNxx11,LgAG7,29,19,10599,48,0
SNxx11,ORN_DL2d,29,19,10599,48,0
SNxx11,JO-B1_a,29,19,10599,48,0
SNxx11,SNta13,29,19,10599,48,0
ORN_DC4,SNpp35,29,19,10599,48,0
ORN_DC4,LgAG5,29,19,10599,48,0
ORN_DC4,LgAG7,29,19,10599,48,0
ORN_DC4,ORN_DL2d,29,19,10599,48,0
ORN_DC4,JO-B1_a,29,19,10599,48,0
ORN_DC4,SNta13,29,19,10599,48,0
ORN_DM2,"SApp11,SApp18",13,35,10599,48,0
SApp23,SNxx17,27,21,10599,48,0
SApp23,ORN_DL2v,27,21,10599,48,0
GNG654,PhG1c,14,34,10599,48,0
SNpp47,LB4a,39,9,10599,48,0
SNpp47,PhG3,39,9,10599,48,0
SNpp47,SApp21,39,9,10599,48,0
SNpp47,LgAG6,39,9,10599,48,0
SNpp47,tpn MN,39,9,10599,48,0
SNpp47,JO-B4_a,39,9,10599,48,0
TRN_VP2,JO-CL,18,30,10599,48,0
TRN_VP2,SNpp41,18,30,10599,48,0
aPhM2b,JO-CL,18,30,10599,48,0
aPhM2b,SNpp41,18,30,10599,48,0
LB1c,SNpp35,29,19,10599,48,0
LB1c,LgAG7,29,19,10599,48,0
LB1c,ORN_DL2d,29,19,10599,48,0
LB1c,JO-B1_a,29,19,10599,48,0
LB1c,SNta13,29,19,10599,48,0
JO-CL,ORN_VC1,30,18,10599,48,0
JO-CL,ORN_VM7d,30,18,10599,48,0
JO-CL,LgAG2,30,18,10599,48,0
JO-CL,DNx01,30,18,10599,48,0
LgAG9,SNta31,15,33,10599,48,0
ORN_VL2p,SNxx17,27,21,10599,48,0
ORN_VL2p,ORN_DL2v,27,21,10599,48,0
ORN_DL5,ORN_VA6,20,28,10599,48,0
ORN_DL5,ENS4,20,28,10599,48,0
ORN_DL5,SNta26,20,28,10599,48,0
ENS3,SNxx14,12,36,10599,48,0
ENS3,SNch10,12,36,10599,48,0
ENS3,SNta18,12,36,10599,48,0
SNpp43,LgLG7,41,7,10599,48,0
SNpp43,DNg83,41,7,10599,48,0
SNpp43,ORN_DL3,41,7,10599,48,0
SNpp43,ORN_DM3,41,7,10599,48,0
PhG1c,HRN_VP5,34,14,10599,48,0
PhG1c,LB4b,34,14,10599,48,0
PhG1c,SNxx24,34,14,10599,48,0
PhG1c,ORN_VC5,34,14,10599,48,0
PhG1c,SNpp06,34,14,10599,48,0
PhG1c,BM_MaPa,34,14,10599,48,0
PhG1c,PhG14,34,14,10599,48,0
PhG1c,SNpp56,34,14,10599,48,0
PhG1c,JO-B2,34,14,10599,48,0
PhG1c,JO-B1_c,34,14,10599,48,0
SNpp41,ORN_VC1,30,18,10599,48,0
SNpp41,ORN_VM7d,30,18,10599,48,0
SNpp41,LgAG2,30,18,10599,48,0
SNpp41,DNx01,30,18,10599,48,0
JO-ED1,ORN_VA1v,31,17,10599,48,0
JO-ED1,JO-A1,31,17,10599,48,0
JO-ED1,SNpp05,31,17,10599,48,0
JO-ED1,SNxx28,31,17,10599,48,0
JO-ED1,ORN_VM5v,31,17,10599,48,0
JO-ED1,SNpp31,31,17,10599,48,0
JO-ED1,SNpp17,31,17,10599,48,0
JO-ED1,SNpp01,31,17,10599,48,0
SNxx25,HRN_VP1l,38,10,10599,48,0
SNxx25,PhG6,38,10,10599,48,0
SNxx25,LN-DN1,38,10,10599,48,0
SNxx25,ORN_DM4,38,10,10599,48,0
SNxx25,ORN_DM6,38,10,10599,48,0
SNxx25,ORN_VA3,38,10,10599,48,0
SNpp35,"SNpp29,SNpp63",19,29,10599,48,0
WG2,ORN_VA6,20,28,10599,48,0
WG2,ENS4,20,28,10599,48,0
WG2,SNta26,20,28,10599,48,0
LgAG3,ORN_VA6,20,28,10599,48,0
LgAG3,ENS4,20,28,10599,48,0
LgAG3,SNta26,20,28,10599,48,0
"SApp11,SApp18",DNg20,35,13,10599,48,0
"SApp11,SApp18",SNxx06,35,13,10599,48,0
"SApp11,SApp18",SNpp15,35,13,10599,48,0
"SApp11,SApp18",ORN_DA2,35,13,10599,48,0
"SApp11,SApp18",PhG16,35,13,10599,48,0
"SApp11,SApp18",SNpp18,35,13,10599,48,0
"SApp11,SApp18",LgAG8,35,13,10599,48,0
SNxx14,ORN_VM4,36,12,10599,48,0
SNxx14,ENS1,36,12,10599,48,0
SNxx14,PhG13,36,12,10599,48,0
SNxx14,ORN_DC2,36,12,10599,48,0
SNxx14,SNpp37,36,12,10599,48,0
SNxx14,ORN_VC4,36,12,10599,48,0
SNxx14,b2 MN,36,12,10599,48,0
SNxx17,SNta33,21,27,10599,48,0
ORN_V,SApp14,16,32,10599,48,0
ORN_V,SNpp07,16,32,10599,48,0
ORN_VA1v,SApp13,17,31,10599,48,0
JO-A1,SApp13,17,31,10599,48,0
SNch10,ORN_VM4,36,12,10599,48,0
SNch10,ENS1,36,12,10599,48,0
SNch10,PhG13,36,12,10599,48,0
SNch10,ORN_DC2,36,12,10599,48,0
SNch10,SNpp37,36,12,10599,48,0
SNch10,ORN_VC4,36,12,10599,48,0
SNch10,b2 MN,36,12,10599,48,0
SNxx26,ORN_D,25,23,10599,48,0
ORN_VA2,ORN_D,25,23,10599,48,0
LgAG5,"SNpp29,SNpp63",19,29,10599,48,0
LgAG5,"SNta04,SNta11",19,29,10599,48,0
SNpp10,SNpp62,26,22,10599,48,0
SNpp10,SNpp58,26,22,10599,48,0
SNpp10,SNxx19,26,22,10599,48,0
SNpp10,SNxx21,26,22,10599,48,0
SNpp10,JO-B3,26,22,10599,48,0
PhG1b,ORN_VA6,20,28,10599,48,0
PhG1b,ENS4,20,28,10599,48,0
PhG1b,SNta26,20,28,10599,48,0
ORN_VA6,BM_vOcci_vPoOr,28,20,10599,48,0
ORN_VA6,LB1e,28,20,10599,48,0
ORN_VA6,SNxx30,28,20,10599,48,0
SNpp62,SApp01,22,26,10599,48,0
PhG10,SApp14,16,32,10599,48,0
PhG10,SNpp07,16,32,10599,48,0
SApp01,SNpp58,26,22,10599,48,0
SApp01,SNxx19,26,22,10599,48,0
SApp01,SNxx21,26,22,10599,48,0
SApp01,JO-B3,26,22,10599,48,0
LgAG7,"SNpp29,SNpp63",19,29,10599,48,0
LgAG7,"SNta04,SNta11",19,29,10599,48,0
ORN_DL2v,SNta33,21,27,10599,48,0
"SNpp29,SNpp63",ORN_DL2d,29,19,10599,48,0
"SNpp29,SNpp63",JO-B1_a,29,19,10599,48,0
BM_vOcci_vPoOr,ENS4,20,28,10599,48,0
BM_vOcci_vPoOr,SNta26,20,28,10599,48,0
ORN_VL1,SApp14,16,32,10599,48,0
ORN_VL1,SNpp07,16,32,10599,48,0
ORN_VM4,SNta18,12,36,10599,48,0
ORN_DL2d,"SNta04,SNta11",19,29,10599,48,0
SNpp33,LB4a,39,9,10599,48,0
SNpp33,PhG3,39,9,10599,48,0
SNpp33,SApp21,39,9,10599,48,0
SNpp33,LgAG6,39,9,10599,48,0
SNpp33,tpn MN,39,9,10599,48,0
SNpp33,JO-B4_a,39,9,10599,48,0
LB1e,ENS4,20,28,10599,48,0
LB1e,SNta26,20,28,10599,48,0
SNta18,ENS1,36,12,10599,48,0
SNta18,PhG13,36,12,10599,48,0
SNta18,ORN_DC2,36,12,10599,48,0
SNta18,SNpp37,36,12,10599,48,0
SNta18,ORN_VC4,36,12,10599,48,0
SNta18,b2 MN,36,12,10599,48,0
ORN_VA1d,SNta31,15,33,10599,48,0
SNpp57,SNta31,15,33,10599,48,0
ENS4,SNxx30,28,20,10599,48,0
SApp14,LgLG4,32,16,10599,48,0
SApp14,ORN_VM5d,32,16,10599,48,0
SApp14,SNpp11,32,16,10599,48,0
SApp14,ALBN1,32,16,10599,48,0
SApp14,ENS5,32,16,10599,48,0
SApp14,dorsal_tpGRN,32,16,10599,48,0
SApp14,JO-CA2,32,16,10599,48,0
LgLG4,SNpp07,16,32,10599,48,0
LB1b,SNta31,15,33,10599,48,0
SNxx30,SNta26,20,28,10599,48,0
SNpp07,ORN_VM5d,32,16,10599,48,0
SNpp07,SNpp11,32,16,10599,48,0
SNpp07,ALBN1,32,16,10599,48,0
SNpp07,ENS5,32,16,10599,48,0
SNpp07,dorsal_tpGRN,32,16,10599,48,0
SNpp07,JO-CA2,32,16,10599,48,0
"SNta02,SNta09",ORN_DA3,43,5,10599,48,0
SApp13,SNpp05,31,17,10599,48,0
SApp13,SNxx28,31,17,10599,48,0
SApp13,ORN_VM5v,31,17,10599,48,0
SApp13,SNpp31,31,17,10599,48,0
SApp13,SNpp17,31,17,10599,48,0
SApp13,SNpp01,31,17,10599,48,0
JO-B1_a,"SNta04,SNta11",19,29,10599,48,0
SNta13,"SNta04,SNta11",19,29,10599,48,0
SNta31,SNpp12,33,15,10599,48,0
SNta31,PhG8,33,15,10599,48,0
SNxx07,R7_unclear,32,15,10600,47,0
SNxx07,WG1,32,15,10600,47,0
SNxx07,LgAG9,32,15,10600,47,0
SNxx07,ORN_VA1d,32,15,10600,47,0
SNxx07,SNpp57,32,15,10600,47,0
SNxx07,LB1b,32,15,10600,47,0
SNxx07,SNpp12,32,15,10600,47,0
SNxx07,PhG8,32,15,10600,47,0
SNxx08,GNG643,20,27,10600,47,0
SNxx08,LB3d,20,27,10600,47,0
SNxx08,SNxx02,20,27,10600,47,0
SNxx08,BM_Hau,20,27,10600,47,0
SNxx08,JO-B4_b,20,27,10600,47,0
SNxx08,SApp23,20,27,10600,47,0
SNxx08,ORN_VL2p,20,27,10600,47,0
SNxx08,SNta33,20,27,10600,47,0
TPMN1,LgLG7,40,7,10600,47,0
TPMN1,DNg83,40,7,10600,47,0
TPMN1,ORN_DL3,40,7,10600,47,0
TPMN1,ORN_DM3,40,7,10600,47,0
R7_unclear,aPhM3,15,32,10600,47,0
R7_unclear,SApp14,15,32,10600,47,0
R7_unclear,SNpp07,15,32,10600,47,0
aPhM5,TRN_VP3a,29,18,10600,47,0
aPhM5,TRN_VP2,29,18,10600,47,0
aPhM5,aPhM2b,29,18,10600,47,0
aPhM5,ORN_VC1,29,18,10600,47,0
aPhM5,ORN_VM7d,29,18,10600,47,0
aPhM5,LgAG2,29,18,10600,47,0
aPhM5,DNx01,29,18,10600,47,0
TPMN2,JO-A3,26,21,10600,47,0
TPMN2,ORN_VM6v,26,21,10600,47,0
TPMN2,SNxx17,26,21,10600,47,0
TPMN2,ORN_DL2v,26,21,10600,47,0
R7y,JO-A2,11,36,10600,47,0
R7y,SNpp16,11,36,10600,47,0
R7y,SNxx14,11,36,10600,47,0
R7y,SNch10,11,36,10600,47,0
R7y,SNta18,11,36,10600,47,0
R7p,JO-A2,11,36,10600,47,0
R7p,SNpp16,11,36,10600,47,0
R7p,SNxx14,11,36,10600,47,0
R7p,SNch10,11,36,10600,47,0
R7p,SNta18,11,36,10600,47,0
R7d,ORN_VL2a,13,34,10600,47,0
R7d,ORN_DA1,13,34,10600,47,0
R7d,BM_Vib,13,34,10600,47,0
R7d,PhG1c,13,34,10600,47,0
LgLG6,ORN_VL2a,13,34,10600,47,0
LgLG6,ORN_DA1,13,34,10600,47,0
LgLG6,BM_Vib,13,34,10600,47,0
LgLG6,PhG1c,13,34,10600,47,0
aPhM3,WG1,32,15,10600,47,0
aPhM3,LgAG9,32,15,10600,47,0
aPhM3,ORN_VA1d,32,15,10600,47,0
aPhM3,SNpp57,32,15,10600,47,0
aPhM3,LB1b,32,15,10600,47,0
aPhM3,SNpp12,32,15,10600,47,0
aPhM3,PhG8,32,15,10600,47,0
JO-A2,R8p,36,11,10600,47,0
JO-A2,SNxx09,36,11,10600,47,0
JO-A2,LgLG2,36,11,10600,47,0
JO-A2,R8_unclear,36,11,10600,47,0
JO-A2,LB1a,36,11,10600,47,0
JO-A2,SNpp21,36,11,10600,47,0
JO-A2,ORN_VM7v,36,11,10600,47,0
JO-A2,ORN_DL1,36,11,10600,47,0
aPhM4,SNta14,19,28,10600,47,0
aPhM4,ENS2,19,28,10600,47,0
aPhM4,ORN_DP1l,19,28,10600,47,0
aPhM4,ORN_VA6,19,28,10600,47,0
aPhM4,ENS4,19,28,10600,47,0
aPhM4,SNta26,19,28,10600,47,0
JO-EV2,ORN_DA3,42,5,10600,47,0
SNxx20,R8d,44,3,10600,47,0
LgAG1,R8d,44,3,10600,47,0
LgLG1b,LgLG5,39,8,10600,47,0
LgLG1b,HBeyelet,39,8,10600,47,0
LgLG1b,PhG1a,39,8,10600,47,0
GNG643,GNG644,27,20,10600,47,0
GNG643,ORN_DL5,27,20,10600,47,0
GNG643,WG2,27,20,10600,47,0
GNG643,LgAG3,27,20,10600,47,0
GNG643,PhG1b,27,20,10600,47,0
GNG643,BM_vOcci_vPoOr,27,20,10600,47,0
GNG643,LB1e,27,20,10600,47,0
GNG643,SNxx30,27,20,10600,47,0
HRN_VP4,GNG642,31,16,10600,47,0
HRN_VP4,ORN_V,31,16,10600,47,0
HRN_VP4,PhG10,31,16,10600,47,0
HRN_VP4,ORN_VL1,31,16,10600,47,0
HRN_VP4,LgLG4,31,16,10600,47,0
HRN_VP4,ORN_VM5d,31,16,10600,47,0
HRN_VP4,SNpp11,31,16,10600,47,0
HRN_VP4,ALBN1,31,16,10600,47,0
HRN_VP4,ENS5,31,16,10600,47,0
HRN_VP4,dorsal_tpGRN,31,16,10600,47,0
HRN_VP4,JO-CA2,31,16,10600,47,0
WG3,GNG654,33,14,10600,47,0
WG3,HRN_VP5,33,14,10600,47,0
WG3,LB4b,33,14,10600,47,0
WG3,SNxx24,33,14,10600,47,0
WG3,ORN_VC5,33,14,10600,47,0
WG3,PhG4,33,14,10600,47,0
WG3,SNpp06,33,14,10600,47,0
WG3,BM_MaPa,33,14,10600,47,0
WG3,PhG14,33,14,10600,47,0
WG3,SNpp56,33,14,10600,47,0
WG3,JO-B2,33,14,10600,47,0
WG3,JO-B1_c,33,14,10600,47,0
R8p,SNpp16,11,36,10600,47,0
R8p,SNxx14,11,36,10600,47,0
R8p,SNch10,11,36,10600,47,0
R8p,SNta18,11,36,10600,47,0
aPhM1,LB3c,22,25,10600,47,0
aPhM1,SNxx26,22,25,10600,47,0
aPhM1,ORN_VA2,22,25,10600,47,0
SNxx09,SNpp16,11,36,10600,47,0
SNxx09,SNxx14,11,36,10600,47,0
SNxx09,SNch10,11,36,10600,47,0
SNxx09,SNta18,11,36,10600,47,0
ORN_VL2a,ORN_DM2,34,13,10600,47,0
ORN_VL2a,DNg20,34,13,10600,47,0
ORN_VL2a,SNxx06,34,13,10600,47,0
ORN_VL2a,SNpp15,34,13,10600,47,0
ORN_VL2a,ORN_DA2,34,13,10600,47,0
ORN_VL2a,PhG16,34,13,10600,47,0
ORN_VL2a,SNpp18,34,13,10600,47,0
ORN_VL2a,LgAG8,34,13,10600,47,0
LB3b,SNpp23,17,30,10600,47,0
LB3b,JO-CL,17,30,10600,47,0
LB3b,SNpp41,17,30,10600,47,0
SNxx15,LgLG7,40,7,10600,47,0
SNxx15,DNg83,40,7,10600,47,0
SNxx15,ORN_DL3,40,7,10600,47,0
SNxx15,ORN_DM3,40,7,10600,47,0
BM_Vt_PoOc,LB3c,22,25,10600,47,0
BM_Vt_PoOc,SNxx26,22,25,10600,47,0
BM_Vt_PoOc,ORN_VA2,22,25,10600,47,0
GNG644,LB3d,20,27,10600,47,0
GNG644,SNxx02,20,27,10600,47,0
GNG644,BM_Hau,20,27,10600,47,0
GNG644,JO-B4_b,20,27,10600,47,0
GNG644,SApp23,20,27,10600,47,0
GNG644,ORN_VL2p,20,27,10600,47,0
GNG644,SNta33,20,27,10600,47,0
R8y,claw_tpGRN,10,37,10600,47,0
LgLG5,JO-ED2_c,8,39,10600,47,0
LgLG5,SNpp47,8,39,10600,47,0
LgLG5,SNpp33,8,39,10600,47,0
JO-A3,ORN_DM1,21,26,10600,47,0
JO-A3,SNpp10,21,26,10600,47,0
JO-A3,SApp01,21,26,10600,47,0
ORN_DA1,ORN_DM2,34,13,10600,47,0
ORN_DA1,DNg20,34,13,10600,47,0
ORN_DA1,SNxx06,34,13,10600,47,0
ORN_DA1,SNpp15,34,13,10600,47,0
ORN_DA1,ORN_DA2,34,13,10600,47,0
ORN_DA1,PhG16,34,13,10600,47,0
ORN_DA1,SNpp18,34,13,10600,47,0
ORN_DA1,LgAG8,34,13,10600,47,0
SNpp23,ORN_VA1v,30,17,10600,47,0
SNpp23,JO-A1,30,17,10600,47,0
SNpp23,SNpp05,30,17,10600,47,0
SNpp23,SNxx28,30,17,10600,47,0
SNpp23,ORN_VM5v,30,17,10600,47,0
SNpp23,SNpp31,30,17,10600,47,0
SNpp23,SNpp17,30,17,10600,47,0
SNpp23,SNpp01,30,17,10600,47,0
WG1,SApp14,15,32,10600,47,0
WG1,SNpp07,15,32,10600,47,0
SNta14,LB3a,28,19,10600,47,0
SNta14,SNpp35,28,19,10600,47,0
SNta14,LgAG5,28,19,10600,47,0
SNta14,LgAG7,28,19,10600,47,0
SNta14,ORN_DL2d,28,19,10600,47,0
SNta14,JO-B1_a,28,19,10600,47,0
SNta14,SNta13,28,19,10600,47,0
claw_tpGRN,HRN_VP1l,37,10,10600,47,0
claw_tpGRN,PhG6,37,10,10600,47,0
claw_tpGRN,LN-DN1,37,10,10600,47,0
claw_tpGRN,ORN_DM4,37,10,10600,47,0
claw_tpGRN,ORN_DM6,37,10,10600,47,0
claw_tpGRN,ORN_VA3,37,10,10600,47,0
LgLG2,SNpp16,11,36,10600,47,0
LgLG2,SNxx14,11,36,10600,47,0
LgLG2,SNch10,11,36,10600,47,0
LgLG2,SNta18,11,36,10600,47,0
TRN_VP3a,SNxx11,18,29,10600,47,0
TRN_VP3a,ORN_DC4,18,29,10600,47,0
TRN_VP3a,LB1c,18,29,10600,47,0
TRN_VP3a,"SNpp29,SNpp63",18,29,10600,47,0
TRN_VP3a,"SNta04,SNta11",18,29,10600,47,0
LB3d,ORN_DL5,27,20,10600,47,0
LB3d,WG2,27,20,10600,47,0
LB3d,LgAG3,27,20,10600,47,0
LB3d,PhG1b,27,20,10600,47,0
LB3d,BM_vOcci_vPoOr,27,20,10600,47,0
LB3d,LB1e,27,20,10600,47,0
LB3d,SNxx30,27,20,10600,47,0
SNxx02,ORN_DL5,27,20,10600,47,0
SNxx02,WG2,27,20,10600,47,0
SNxx02,LgAG3,27,20,10600,47,0
SNxx02,PhG1b,27,20,10600,47,0
SNxx02,BM_vOcci_vPoOr,27,20,10600,47,0
SNxx02,LB1e,27,20,10600,47,0
SNxx02,SNxx30,27,20,10600,47,0
LgLG8,SNxx25,9,38,10600,47,0
LB3c,PhG9,25,22,10600,47,0
LB3c,ORN_DC1,25,22,10600,47,0
LB3c,SNpp62,25,22,10600,47,0
LB3c,SNpp58,25,22,10600,47,0
LB3c,SNxx19,25,22,10600,47,0
LB3c,SNxx21,25,22,10600,47,0
LB3c,JO-B3,25,22,10600,47,0
ORN_VM6v,ORN_DM1,21,26,10600,47,0
ORN_VM6v,SNpp10,21,26,10600,47,0
ORN_VM6v,SApp01,21,26,10600,47,0
ENS2,LB3a,28,19,10600,47,0
ENS2,SNpp35,28,19,10600,47,0
ENS2,LgAG5,28,19,10600,47,0
ENS2,LgAG7,28,19,10600,47,0
ENS2,ORN_DL2d,28,19,10600,47,0
ENS2,JO-B1_a,28,19,10600,47,0
ENS2,SNta13,28,19,10600,47,0
ORN_DP1l,LB3a,28,19,10600,47,0
ORN_DP1l,SNpp35,28,19,10600,47,0
ORN_DP1l,LgAG5,28,19,10600,47,0
ORN_DP1l,LgAG7,28,19,10600,47,0
ORN_DP1l,ORN_DL2d,28,19,10600,47,0
ORN_DP1l,JO-B1_a,28,19,10600,47,0
ORN_DP1l,SNta13,28,19,10600,47,0
LB3a,ORN_VA6,19,28,10600,47,0
LB3a,ENS4,19,28,10600,47,0
LB3a,SNta26,19,28,10600,47,0
SNpp16,R8_unclear,36,11,10600,47,0
SNpp16,LB1a,36,11,10600,47,0
SNpp16,SNpp21,36,11,10600,47,0
SNpp16,ORN_VM7v,36,11,10600,47,0
SNpp16,ORN_DL1,36,11,10600,47,0
TRN_VP1m,WG4,24,23,10600,47,0
TRN_VP1m,ORN_D,24,23,10600,47,0
PhG9,SNxx26,22,25,10600,47,0
PhG9,ORN_VA2,22,25,10600,47,0
BM_Hau,ORN_DL5,27,20,10600,47,0
BM_Hau,WG2,27,20,10600,47,0
BM_Hau,LgAG3,27,20,10600,47,0
BM_Hau,PhG1b,27,20,10600,47,0
BM_Hau,LB1e,27,20,10600,47,0
BM_Hau,SNxx30,27,20,10600,47,0
SNpp60,R8d,44,3,10600,47,0
ORN_DP1m,ENS3,35,12,10600,47,0
ORN_DP1m,ORN_VM4,35,12,10600,47,0
ORN_DP1m,ENS1,35,12,10600,47,0
ORN_DP1m,PhG13,35,12,10600,47,0
ORN_DP1m,ORN_DC2,35,12,10600,47,0
ORN_DP1m,SNpp37,35,12,10600,47,0
ORN_DP1m,ORN_VC4,35,12,10600,47,0
ORN_DP1m,b2 MN,35,12,10600,47,0
JO-B4_b,ORN_DL5,27,20,10600,47,0
JO-B4_b,WG2,27,20,10600,47,0
JO-B4_b,LgAG3,27,20,10600,47,0
JO-B4_b,PhG1b,27,20,10600,47,0
JO-B4_b,BM_vOcci_vPoOr,27,20,10600,47,0
JO-B4_b,LB1e,27,20,10600,47,0
JO-B4_b,SNxx30,27,20,10600,47,0
R8_unclear,SNxx14,11,36,10600,47,0
R8_unclear,SNch10,11,36,10600,47,0
R8_unclear,SNta18,11,36,10600,47,0
WG4,SNpp02,23,24,10600,47,0
ORN_DM1,SNxx17,26,21,10600,47,0
ORN_DM1,ORN_DL2v,26,21,10600,47,0
JO-ED2_c,HBeyelet,39,8,10600,47,0
JO-ED2_c,PhG1a,39,8,10600,47,0
BM_Vib,ORN_DM2,34,13,10600,47,0
BM_Vib,SNxx06,34,13,10600,47,0
BM_Vib,SNpp15,34,13,10600,47,0
BM_Vib,ORN_DA2,34,13,10600,47,0
BM_Vib,PhG16,34,13,10600,47,0
BM_Vib,SNpp18,34,13,10600,47,0
BM_Vib,LgAG8,34,13,10600,47,0
HRN_VP1d,GNG642,31,16,10600,47,0
HRN_VP1d,ORN_V,31,16,10600,47,0
HRN_VP1d,PhG10,31,16,10600,47,0
HRN_VP1d,ORN_VL1,31,16,10600,47,0
HRN_VP1d,LgLG4,31,16,10600,47,0
HRN_VP1d,ORN_VM5d,31,16,10600,47,0
HRN_VP1d,SNpp11,31,16,10600,47,0
HRN_VP1d,ALBN1,31,16,10600,47,0
HRN_VP1d,ENS5,31,16,10600,47,0
HRN_VP1d,dorsal_tpGRN,31,16,10600,47,0
HRN_VP1d,JO-CA2,31,16,10600,47,0
ORN_DC1,SNxx26,22,25,10600,47,0
ORN_DC1,ORN_VA2,22,25,10600,47,0
GNG642,JO-ED1,16,31,10600,47,0
GNG642,SApp13,16,31,10600,47,0
SNxx11,TRN_VP2,29,18,10600,47,0
SNxx11,aPhM2b,29,18,10600,47,0
SNxx11,ORN_VC1,29,18,10600,47,0
SNxx11,ORN_VM7d,29,18,10600,47,0
SNxx11,LgAG2,29,18,10600,47,0
SNxx11,DNx01,29,18,10600,47,0
ORN_DC4,TRN_VP2,29,18,10600,47,0
ORN_DC4,aPhM2b,29,18,10600,47,0
ORN_DC4,ORN_VC1,29,18,10600,47,0
ORN_DC4,ORN_VM7d,29,18,10600,47,0
ORN_DC4,LgAG2,29,18,10600,47,0
ORN_DC4,DNx01,29,18,10600,47,0
ORN_DM2,PhG1c,13,34,10600,47,0
SApp23,ORN_DL5,27,20,10600,47,0
SApp23,WG2,27,20,10600,47,0
SApp23,LgAG3,27,20,10600,47,0
SApp23,PhG1b,27,20,10600,47,0
SApp23,BM_vOcci_vPoOr,27,20,10600,47,0
SApp23,LB1e,27,20,10600,47,0
SApp23,SNxx30,27,20,10600,47,0
GNG654,SNta31,14,33,10600,47,0
SNpp47,HBeyelet,39,8,10600,47,0
SNpp47,PhG1a,39,8,10600,47,0
TRN_VP2,LB1c,18,29,10600,47,0
TRN_VP2,"SNpp29,SNpp63",18,29,10600,47,0
TRN_VP2,"SNta04,SNta11",18,29,10600,47,0
aPhM2b,LB1c,18,29,10600,47,0
aPhM2b,"SNpp29,SNpp63",18,29,10600,47,0
aPhM2b,"SNta04,SNta11",18,29,10600,47,0
LB1c,ORN_VC1,29,18,10600,47,0
LB1c,ORN_VM7d,29,18,10600,47,0
LB1c,LgAG2,29,18,10600,47,0
LB1c,DNx01,29,18,10600,47,0
JO-CL,ORN_VA1v,30,17,10600,47,0
JO-CL,JO-A1,30,17,10600,47,0
JO-CL,SNpp05,30,17,10600,47,0
JO-CL,SNxx28,30,17,10600,47,0
JO-CL,ORN_VM5v,30,17,10600,47,0
JO-CL,SNpp31,30,17,10600,47,0
JO-CL,SNpp17,30,17,10600,47,0
JO-CL,SNpp01,30,17,10600,47,0
LgAG9,SApp14,15,32,10600,47,0
LgAG9,SNpp07,15,32,10600,47,0
ORN_VL2p,ORN_DL5,27,20,10600,47,0
ORN_VL2p,WG2,27,20,10600,47,0
ORN_VL2p,LgAG3,27,20,10600,47,0
ORN_VL2p,PhG1b,27,20,10600,47,0
ORN_VL2p,BM_vOcci_vPoOr,27,20,10600,47,0
ORN_VL2p,LB1e,27,20,10600,47,0
ORN_VL2p,SNxx30,27,20,10600,47,0
ORN_DL5,SNta33,20,27,10600,47,0
ENS3,"SApp11,SApp18",12,35,10600,47,0
PhG1c,DNg20,34,13,10600,47,0
PhG1c,SNxx06,34,13,10600,47,0
PhG1c,SNpp15,34,13,10600,47,0
PhG1c,ORN_DA2,34,13,10600,47,0
PhG1c,PhG16,34,13,10600,47,0
PhG1c,SNpp18,34,13,10600,47,0
PhG1c,LgAG8,34,13,10600,47,0
SNpp41,ORN_VA1v,30,17,10600,47,0
SNpp41,JO-A1,30,17,10600,47,0
SNpp41,SNpp05,30,17,10600,47,0
SNpp41,SNxx28,30,17,10600,47,0
SNpp41,ORN_VM5v,30,17,10600,47,0
SNpp41,SNpp31,30,17,10600,47,0
SNpp41,SNpp17,30,17,10600,47,0
SNpp41,SNpp01,30,17,10600,47,0
JO-ED1,ORN_V,31,16,10600,47,0
JO-ED1,PhG10,31,16,10600,47,0
JO-ED1,ORN_VL1,31,16,10600,47,0
JO-ED1,LgLG4,31,16,10600,47,0
JO-ED1,ORN_VM5d,31,16,10600,47,0
JO-ED1,SNpp11,31,16,10600,47,0
JO-ED1,ALBN1,31,16,10600,47,0
JO-ED1,ENS5,31,16,10600,47,0
JO-ED1,dorsal_tpGRN,31,16,10600,47,0
JO-ED1,JO-CA2,31,16,10600,47,0
SNxx25,LB4a,38,9,10600,47,0
SNxx25,PhG3,38,9,10600,47,0
SNxx25,SApp21,38,9,10600,47,0
SNxx25,LgAG6,38,9,10600,47,0
SNxx25,tpn MN,38,9,10600,47,0
SNxx25,JO-B4_a,38,9,10600,47,0
SNpp35,ORN_VA6,19,28,10600,47,0
SNpp35,ENS4,19,28,10600,47,0
SNpp35,SNta26,19,28,10600,47,0
WG2,SNta33,20,27,10600,47,0
LgAG3,SNta33,20,27,10600,47,0
"SApp11,SApp18",ORN_VM4,35,12,10600,47,0
"SApp11,SApp18",ENS1,35,12,10600,47,0
"SApp11,SApp18",PhG13,35,12,10600,47,0
"SApp11,SApp18",ORN_DC2,35,12,10600,47,0
"SApp11,SApp18",SNpp37,35,12,10600,47,0
"SApp11,SApp18",ORN_VC4,35,12,10600,47,0
"SApp11,SApp18",b2 MN,35,12,10600,47,0
SNxx14,LB1a,36,11,10600,47,0
SNxx14,SNpp21,36,11,10600,47,0
SNxx14,ORN_VM7v,36,11,10600,47,0
SNxx14,ORN_DL1,36,11,10600,47,0
SNxx17,SNpp10,21,26,10600,47,0
SNxx17,SApp01,21,26,10600,47,0
ORN_V,SApp13,16,31,10600,47,0
SNch10,LB1a,36,11,10600,47,0
SNch10,SNpp21,36,11,10600,47,0
SNch10,ORN_VM7v,36,11,10600,47,0
SNch10,ORN_DL1,36,11,10600,47,0
SNxx26,SNpp62,25,22,10600,47,0
SNxx26,SNpp58,25,22,10600,47,0
SNxx26,SNxx19,25,22,10600,47,0
SNxx26,SNxx21,25,22,10600,47,0
SNxx26,JO-B3,25,22,10600,47,0
ORN_VA2,SNpp62,25,22,10600,47,0
ORN_VA2,SNpp58,25,22,10600,47,0
ORN_VA2,SNxx19,25,22,10600,47,0
ORN_VA2,SNxx21,25,22,10600,47,0
ORN_VA2,JO-B3,25,22,10600,47,0
LgAG5,ORN_VA6,19,28,10600,47,0
LgAG5,ENS4,19,28,10600,47,0
LgAG5,SNta26,19,28,10600,47,0
SNpp10,ORN_DL2v,26,21,10600,47,0
PhG1b,SNta33,20,27,10600,47,0
HRN_VP5,SNta31,14,33,10600,47,0
ORN_VA6,LgAG7,28,19,10600,47,0
ORN_VA6,ORN_DL2d,28,19,10600,47,0
ORN_VA6,JO-B1_a,28,19,10600,47,0
ORN_VA6,SNta13,28,19,10600,47,0
PhG10,SApp13,16,31,10600,47,0
SApp01,ORN_DL2v,26,21,10600,47,0
LgAG7,ENS4,19,28,10600,47,0
LgAG7,SNta26,19,28,10600,47,0
LB4b,SNta31,14,33,10600,47,0
SNxx24,SNta31,14,33,10600,47,0
"SNpp29,SNpp63",ORN_VC1,29,18,10600,47,0
"SNpp29,SNpp63",ORN_VM7d,29,18,10600,47,0
"SNpp29,SNpp63",LgAG2,29,18,10600,47,0
"SNpp29,SNpp63",DNx01,29,18,10600,47,0
BM_vOcci_vPoOr,SNta33,20,27,10600,47,0
ORN_VC1,"SNta04,SNta11",18,29,10600,47,0
LB1a,SNta18,11,36,10600,47,0
ORN_VL1,SApp13,16,31,10600,47,0
ORN_DL2d,ENS4,19,28,10600,47,0
ORN_DL2d,SNta26,19,28,10600,47,0
ORN_VM7d,"SNta04,SNta11",18,29,10600,47,0
SNpp33,HBeyelet,39,8,10600,47,0
SNpp33,PhG1a,39,8,10600,47,0
ORN_D,SNpp02,23,24,10600,47,0
LB1e,SNta33,20,27,10600,47,0
SNta18,SNpp21,36,11,10600,47,0
SNta18,ORN_VM7v,36,11,10600,47,0
SNta18,ORN_DL1,36,11,10600,47,0
ORN_VA1d,SApp14,15,32,10600,47,0
ORN_VA1d,SNpp07,15,32,10600,47,0
SNpp57,SApp14,15,32,10600,47,0
SNpp57,SNpp07,15,32,10600,47,0
ENS4,JO-B1_a,28,19,10600,47,0
ENS4,SNta13,28,19,10600,47,0
SApp14,LB1b,32,15,10600,47,0
SApp14,SNpp12,32,15,10600,47,0
SApp14,PhG8,32,15,10600,47,0
LgLG4,SApp13,16,31,10600,47,0
LB1b,SNpp07,15,32,10600,47,0
SNxx30,SNta33,20,27,10600,47,0
SNpp07,SNpp12,32,15,10600,47,0
SNpp07,PhG8,32,15,10600,47,0
ORN_VM5d,SApp13,16,31,10600,47,0
SNpp32,ORN_DA3,42,5,10600,47,0
ORN_VC5,SNta31,14,33,10600,47,0
PhG4,SNta31,14,33,10600,47,0
LgAG2,"SNta04,SNta11",18,29,10600,47,0
SApp13,SNpp11,31,16,10600,47,0
SApp13,ALBN1,31,16,10600,47,0
SApp13,ENS5,31,16,10600,47,0
SApp13,dorsal_tpGRN,31,16,10600,47,0
SApp13,JO-CA2,31,16,10600,47,0
JO-B1_a,SNta26,19,28,10600,47,0
SNpp06,SNta31,14,33,10600,47,0
BM_MaPa,SNta31,14,33,10600,47,0
PhG14,SNta31,14,33,10600,47,0
SNta13,SNta26,19,28,10600,47,0
"SNta04,SNta11",DNx01,29,18,10600,47,0
SNta31,SNpp56,33,14,10600,47,0
SNta31,JO-B2,33,14,10600,47,0
SNta31,JO-B1_c,33,14,10600,47,0
SNxx07,GNG654,32,14,10601,46,0
SNxx07,HRN_VP5,32,14,10601,46,0
SNxx07,LB4b,32,14,10601,46,0
SNxx07,SNxx24,32,14,10601,46,0
SNxx07,ORN_VC5,32,14,10601,46,0
SNxx07,PhG4,32,14,10601,46,0
SNxx07,SNpp06,32,14,10601,46,0
SNxx07,BM_MaPa,32,14,10601,46,0
SNxx07,PhG14,32,14,10601,46,0
SNxx07,SNpp56,32,14,10601,46,0
SNxx07,JO-B2,32,14,10601,46,0
SNxx07,JO-B1_c,32,14,10601,46,0
SNxx08,TPMN2,20,26,10601,46,0
SNxx08,ORN_DM1,20,26,10601,46,0
SNxx08,SNpp10,20,26,10601,46,0
SNxx08,SApp01,20,26,10601,46,0
R7_unclear,HRN_VP4,15,31,10601,46,0
R7_unclear,HRN_VP1d,15,31,10601,46,0
R7_unclear,JO-ED1,15,31,10601,46,0
R7_unclear,SApp13,15,31,10601,46,0
aPhM5,LB3b,29,17,10601,46,0
aPhM5,ORN_VA1v,29,17,10601,46,0
aPhM5,JO-A1,29,17,10601,46,0
aPhM5,SNpp05,29,17,10601,46,0
aPhM5,SNxx28,29,17,10601,46,0
aPhM5,ORN_VM5v,29,17,10601,46,0
aPhM5,SNpp31,29,17,10601,46,0
aPhM5,SNpp17,29,17,10601,46,0
aPhM5,SNpp01,29,17,10601,46,0
TPMN2,GNG644,26,20,10601,46,0
TPMN2,ORN_DL5,26,20,10601,46,0
TPMN2,WG2,26,20,10601,46,0
TPMN2,LgAG3,26,20,10601,46,0
TPMN2,PhG1b,26,20,10601,46,0
TPMN2,BM_vOcci_vPoOr,26,20,10601,46,0
TPMN2,LB1e,26,20,10601,46,0
TPMN2,SNxx30,26,20,10601,46,0
R7y,ORN_DP1m,11,35,10601,46,0
R7y,"SApp11,SApp18",11,35,10601,46,0
R7p,ORN_DP1m,11,35,10601,46,0
R7p,"SApp11,SApp18",11,35,10601,46,0
R7d,WG3,13,33,10601,46,0
R7d,SNta31,13,33,10601,46,0
LgLG6,WG3,13,33,10601,46,0
LgLG6,SNta31,13,33,10601,46,0
LgLG1a,ORN_DA3,41,5,10601,46,0
aPhM3,GNG654,32,14,10601,46,0
aPhM3,HRN_VP5,32,14,10601,46,0
aPhM3,LB4b,32,14,10601,46,0
aPhM3,SNxx24,32,14,10601,46,0
aPhM3,ORN_VC5,32,14,10601,46,0
aPhM3,PhG4,32,14,10601,46,0
aPhM3,SNpp06,32,14,10601,46,0
aPhM3,BM_MaPa,32,14,10601,46,0
aPhM3,PhG14,32,14,10601,46,0
aPhM3,SNpp56,32,14,10601,46,0
aPhM3,JO-B2,32,14,10601,46,0
aPhM3,JO-B1_c,32,14,10601,46,0
JO-A2,R8y,36,10,10601,46,0
JO-A2,HRN_VP1l,36,10,10601,46,0
JO-A2,PhG6,36,10,10601,46,0
JO-A2,LN-DN1,36,10,10601,46,0
JO-A2,ORN_DM4,36,10,10601,46,0
JO-A2,ORN_DM6,36,10,10601,46,0
JO-A2,ORN_VA3,36,10,10601,46,0
aPhM4,GNG643,19,27,10601,46,0
aPhM4,LB3d,19,27,10601,46,0
aPhM4,SNxx02,19,27,10601,46,0
aPhM4,BM_Hau,19,27,10601,46,0
aPhM4,JO-B4_b,19,27,10601,46,0
aPhM4,SApp23,19,27,10601,46,0
aPhM4,ORN_VL2p,19,27,10601,46,0
aPhM4,SNta33,19,27,10601,46,0
LgLG1b,LgLG7,39,7,10601,46,0
LgLG1b,DNg83,39,7,10601,46,0
LgLG1b,ORN_DL3,39,7,10601,46,0
LgLG1b,ORN_DM3,39,7,10601,46,0
GNG643,LB3a,27,19,10601,46,0
GNG643,SNpp35,27,19,10601,46,0
GNG643,LgAG5,27,19,10601,46,0
GNG643,LgAG7,27,19,10601,46,0
GNG643,ORN_DL2d,27,19,10601,46,0
GNG643,JO-B1_a,27,19,10601,46,0
GNG643,SNta13,27,19,10601,46,0
HRN_VP4,WG1,31,15,10601,46,0
HRN_VP4,LgAG9,31,15,10601,46,0
HRN_VP4,ORN_VA1d,31,15,10601,46,0
HRN_VP4,SNpp57,31,15,10601,46,0
HRN_VP4,LB1b,31,15,10601,46,0
HRN_VP4,SNpp12,31,15,10601,46,0
HRN_VP4,PhG8,31,15,10601,46,0
WG3,ORN_DM2,33,13,10601,46,0
WG3,DNg20,33,13,10601,46,0
WG3,SNxx06,33,13,10601,46,0
WG3,SNpp15,33,13,10601,46,0
WG3,ORN_DA2,33,13,10601,46,0
WG3,PhG16,33,13,10601,46,0
WG3,SNpp18,33,13,10601,46,0
WG3,LgAG8,33,13,10601,46,0
R8p,ORN_DP1m,11,35,10601,46,0
R8p,"SApp11,SApp18",11,35,10601,46,0
aPhM1,TRN_VP1m,22,24,10601,46,0
aPhM1,SNpp02,22,24,10601,46,0
SNxx09,ORN_DP1m,11,35,10601,46,0
SNxx09,"SApp11,SApp18",11,35,10601,46,0
ORN_VL2a,ENS3,34,12,10601,46,0
ORN_VL2a,ORN_VM4,34,12,10601,46,0
ORN_VL2a,ENS1,34,12,10601,46,0
ORN_VL2a,PhG13,34,12,10601,46,0
ORN_VL2a,ORN_DC2,34,12,10601,46,0
ORN_VL2a,SNpp37,34,12,10601,46,0
ORN_VL2a,ORN_VC4,34,12,10601,46,0
ORN_VL2a,b2 MN,34,12,10601,46,0
LB3b,SNxx11,17,29,10601,46,0
LB3b,ORN_DC4,17,29,10601,46,0
LB3b,LB1c,17,29,10601,46,0
LB3b,"SNpp29,SNpp63",17,29,10601,46,0
LB3b,"SNta04,SNta11",17,29,10601,46,0
BM_Vt_PoOc,TRN_VP1m,22,24,10601,46,0
BM_Vt_PoOc,SNpp02,22,24,10601,46,0
GNG644,ORN_DM1,20,26,10601,46,0
GNG644,SNpp10,20,26,10601,46,0
GNG644,SApp01,20,26,10601,46,0
R8y,SNpp16,10,36,10601,46,0
R8y,SNxx14,10,36,10601,46,0
R8y,SNch10,10,36,10601,46,0
R8y,SNta18,10,36,10601,46,0
LgLG5,SNxx25,8,38,10601,46,0
JO-A3,LB3c,21,25,10601,46,0
JO-A3,SNxx26,21,25,10601,46,0
JO-A3,ORN_VA2,21,25,10601,46,0
ORN_DA1,ENS3,34,12,10601,46,0
ORN_DA1,ORN_VM4,34,12,10601,46,0
ORN_DA1,ENS1,34,12,10601,46,0
ORN_DA1,PhG13,34,12,10601,46,0
ORN_DA1,ORN_DC2,34,12,10601,46,0
ORN_DA1,SNpp37,34,12,10601,46,0
ORN_DA1,ORN_VC4,34,12,10601,46,0
ORN_DA1,b2 MN,34,12,10601,46,0
SNpp23,GNG642,30,16,10601,46,0
SNpp23,ORN_V,30,16,10601,46,0
SNpp23,PhG10,30,16,10601,46,0
SNpp23,ORN_VL1,30,16,10601,46,0
SNpp23,LgLG4,30,16,10601,46,0
SNpp23,ORN_VM5d,30,16,10601,46,0
SNpp23,SNpp11,30,16,10601,46,0
SNpp23,ALBN1,30,16,10601,46,0
SNpp23,ENS5,30,16,10601,46,0
SNpp23,dorsal_tpGRN,30,16,10601,46,0
SNpp23,JO-CA2,30,16,10601,46,0
WG1,HRN_VP1d,15,31,10601,46,0
WG1,JO-ED1,15,31,10601,46,0
WG1,SApp13,15,31,10601,46,0
SNta14,TRN_VP3a,28,18,10601,46,0
SNta14,TRN_VP2,28,18,10601,46,0
SNta14,aPhM2b,28,18,10601,46,0
SNta14,ORN_VC1,28,18,10601,46,0
SNta14,ORN_VM7d,28,18,10601,46,0
SNta14,LgAG2,28,18,10601,46,0
SNta14,DNx01,28,18,10601,46,0
claw_tpGRN,LgLG8,37,9,10601,46,0
claw_tpGRN,LB4a,37,9,10601,46,0
claw_tpGRN,PhG3,37,9,10601,46,0
claw_tpGRN,SApp21,37,9,10601,46,0
claw_tpGRN,LgAG6,37,9,10601,46,0
claw_tpGRN,tpn MN,37,9,10601,46,0
claw_tpGRN,JO-B4_a,37,9,10601,46,0
LgLG2,ORN_DP1m,11,35,10601,46,0
LgLG2,"SApp11,SApp18",11,35,10601,46,0
TRN_VP3a,ENS2,18,28,10601,46,0
TRN_VP3a,ORN_DP1l,18,28,10601,46,0
TRN_VP3a,ORN_VA6,18,28,10601,46,0
TRN_VP3a,ENS4,18,28,10601,46,0
TRN_VP3a,SNta26,18,28,10601,46,0
LB3d,LB3a,27,19,10601,46,0
LB3d,SNpp35,27,19,10601,46,0
LB3d,LgAG5,27,19,10601,46,0
LB3d,LgAG7,27,19,10601,46,0
LB3d,ORN_DL2d,27,19,10601,46,0
LB3d,JO-B1_a,27,19,10601,46,0
LB3d,SNta13,27,19,10601,46,0
SNxx02,LB3a,27,19,10601,46,0
SNxx02,SNpp35,27,19,10601,46,0
SNxx02,LgAG5,27,19,10601,46,0
SNxx02,LgAG7,27,19,10601,46,0
SNxx02,ORN_DL2d,27,19,10601,46,0
SNxx02,JO-B1_a,27,19,10601,46,0
SNxx02,SNta13,27,19,10601,46,0
LB3c,ORN_VM6v,25,21,10601,46,0
LB3c,SNxx17,25,21,10601,46,0
LB3c,ORN_DL2v,25,21,10601,46,0
ORN_VM6v,SNxx26,21,25,10601,46,0
ORN_VM6v,ORN_VA2,21,25,10601,46,0
ENS2,TRN_VP2,28,18,10601,46,0
ENS2,aPhM2b,28,18,10601,46,0
ENS2,ORN_VC1,28,18,10601,46,0
ENS2,ORN_VM7d,28,18,10601,46,0
ENS2,LgAG2,28,18,10601,46,0
ENS2,DNx01,28,18,10601,46,0
ORN_DP1l,TRN_VP2,28,18,10601,46,0
ORN_DP1l,aPhM2b,28,18,10601,46,0
ORN_DP1l,ORN_VC1,28,18,10601,46,0
ORN_DP1l,ORN_VM7d,28,18,10601,46,0
ORN_DP1l,LgAG2,28,18,10601,46,0
ORN_DP1l,DNx01,28,18,10601,46,0
LB3a,BM_Hau,19,27,10601,46,0
LB3a,JO-B4_b,19,27,10601,46,0
LB3a,SApp23,19,27,10601,46,0
LB3a,ORN_VL2p,19,27,10601,46,0
LB3a,SNta33,19,27,10601,46,0
SNpp16,HRN_VP1l,36,10,10601,46,0
SNpp16,PhG6,36,10,10601,46,0
SNpp16,LN-DN1,36,10,10601,46,0
SNpp16,ORN_DM4,36,10,10601,46,0
SNpp16,ORN_DM6,36,10,10601,46,0
SNpp16,ORN_VA3,36,10,10601,46,0
TRN_VP1m,PhG9,24,22,10601,46,0
TRN_VP1m,ORN_DC1,24,22,10601,46,0
TRN_VP1m,SNpp62,24,22,10601,46,0
TRN_VP1m,SNpp58,24,22,10601,46,0
TRN_VP1m,SNxx19,24,22,10601,46,0
TRN_VP1m,SNxx21,24,22,10601,46,0
TRN_VP1m,JO-B3,24,22,10601,46,0
PhG9,SNpp02,22,24,10601,46,0
BM_Hau,SNpp35,27,19,10601,46,0
BM_Hau,LgAG5,27,19,10601,46,0
BM_Hau,LgAG7,27,19,10601,46,0
BM_Hau,ORN_DL2d,27,19,10601,46,0
BM_Hau,JO-B1_a,27,19,10601,46,0
BM_Hau,SNta13,27,19,10601,46,0
ORN_DP1m,R8_unclear,35,11,10601,46,0
ORN_DP1m,LB1a,35,11,10601,46,0
ORN_DP1m,SNpp21,35,11,10601,46,0
ORN_DP1m,ORN_VM7v,35,11,10601,46,0
ORN_DP1m,ORN_DL1,35,11,10601,46,0
JO-B4_b,SNpp35,27,19,10601,46,0
JO-B4_b,LgAG5,27,19,10601,46,0
JO-B4_b,LgAG7,27,19,10601,46,0
JO-B4_b,ORN_DL2d,27,19,10601,46,0
JO-B4_b,JO-B1_a,27,19,10601,46,0
JO-B4_b,SNta13,27,19,10601,46,0
R8_unclear,"SApp11,SApp18",11,35,10601,46,0
WG4,ORN_D,23,23,10601,46,0
ORN_DM1,ORN_DL5,26,20,10601,46,0
ORN_DM1,WG2,26,20,10601,46,0
ORN_DM1,LgAG3,26,20,10601,46,0
ORN_DM1,PhG1b,26,20,10601,46,0
ORN_DM1,BM_vOcci_vPoOr,26,20,10601,46,0
ORN_DM1,LB1e,26,20,10601,46,0
ORN_DM1,SNxx30,26,20,10601,46,0
JO-ED2_c,LgLG7,39,7,10601,46,0
JO-ED2_c,DNg83,39,7,10601,46,0
JO-ED2_c,ORN_DL3,39,7,10601,46,0
JO-ED2_c,ORN_DM3,39,7,10601,46,0
BM_Vib,ENS3,34,12,10601,46,0
BM_Vib,ORN_VM4,34,12,10601,46,0
BM_Vib,ENS1,34,12,10601,46,0
BM_Vib,PhG13,34,12,10601,46,0
BM_Vib,ORN_DC2,34,12,10601,46,0
BM_Vib,SNpp37,34,12,10601,46,0
BM_Vib,ORN_VC4,34,12,10601,46,0
BM_Vib,b2 MN,34,12,10601,46,0
HRN_VP1d,LgAG9,31,15,10601,46,0
HRN_VP1d,ORN_VA1d,31,15,10601,46,0
HRN_VP1d,SNpp57,31,15,10601,46,0
HRN_VP1d,LB1b,31,15,10601,46,0
HRN_VP1d,SNpp12,31,15,10601,46,0
HRN_VP1d,PhG8,31,15,10601,46,0
ORN_DC1,SNpp02,22,24,10601,46,0
GNG642,JO-CL,16,30,10601,46,0
GNG642,SNpp41,16,30,10601,46,0
SNxx11,ORN_VA1v,29,17,10601,46,0
SNxx11,JO-A1,29,17,10601,46,0
SNxx11,SNpp05,29,17,10601,46,0
SNxx11,SNxx28,29,17,10601,46,0
SNxx11,ORN_VM5v,29,17,10601,46,0
SNxx11,SNpp31,29,17,10601,46,0
SNxx11,SNpp17,29,17,10601,46,0
SNxx11,SNpp01,29,17,10601,46,0
ORN_DC4,ORN_VA1v,29,17,10601,46,0
ORN_DC4,JO-A1,29,17,10601,46,0
ORN_DC4,SNpp05,29,17,10601,46,0
ORN_DC4,SNxx28,29,17,10601,46,0
ORN_DC4,ORN_VM5v,29,17,10601,46,0
ORN_DC4,SNpp31,29,17,10601,46,0
ORN_DC4,SNpp17,29,17,10601,46,0
ORN_DC4,SNpp01,29,17,10601,46,0
ORN_DM2,SNta31,13,33,10601,46,0
SApp23,SNpp35,27,19,10601,46,0
SApp23,LgAG5,27,19,10601,46,0
SApp23,LgAG7,27,19,10601,46,0
SApp23,ORN_DL2d,27,19,10601,46,0
SApp23,JO-B1_a,27,19,10601,46,0
SApp23,SNta13,27,19,10601,46,0
GNG654,SApp14,14,32,10601,46,0
GNG654,SNpp07,14,32,10601,46,0
SNpp47,LgLG7,39,7,10601,46,0
SNpp47,DNg83,39,7,10601,46,0
SNpp47,ORN_DL3,39,7,10601,46,0
SNpp47,ORN_DM3,39,7,10601,46,0
TRN_VP2,ORN_VA6,18,28,10601,46,0
TRN_VP2,ENS4,18,28,10601,46,0
TRN_VP2,SNta26,18,28,10601,46,0
aPhM2b,ORN_VA6,18,28,10601,46,0
aPhM2b,ENS4,18,28,10601,46,0
aPhM2b,SNta26,18,28,10601,46,0
LB1c,ORN_VA1v,29,17,10601,46,0
LB1c,JO-A1,29,17,10601,46,0
LB1c,SNpp05,29,17,10601,46,0
LB1c,SNxx28,29,17,10601,46,0
LB1c,ORN_VM5v,29,17,10601,46,0
LB1c,SNpp31,29,17,10601,46,0
LB1c,SNpp17,29,17,10601,46,0
LB1c,SNpp01,29,17,10601,46,0
JO-CL,ORN_V,30,16,10601,46,0
JO-CL,PhG10,30,16,10601,46,0
JO-CL,ORN_VL1,30,16,10601,46,0
JO-CL,LgLG4,30,16,10601,46,0
JO-CL,ORN_VM5d,30,16,10601,46,0
JO-CL,SNpp11,30,16,10601,46,0
JO-CL,ALBN1,30,16,10601,46,0
JO-CL,ENS5,30,16,10601,46,0
JO-CL,dorsal_tpGRN,30,16,10601,46,0
JO-CL,JO-CA2,30,16,10601,46,0
LgAG9,JO-ED1,15,31,10601,46,0
LgAG9,SApp13,15,31,10601,46,0
ORN_VL2p,SNpp35,27,19,10601,46,0
ORN_VL2p,LgAG5,27,19,10601,46,0
ORN_VL2p,LgAG7,27,19,10601,46,0
ORN_VL2p,ORN_DL2d,27,19,10601,46,0
ORN_VL2p,JO-B1_a,27,19,10601,46,0
ORN_VL2p,SNta13,27,19,10601,46,0
ORN_DL5,SNpp10,20,26,10601,46,0
ORN_DL5,SApp01,20,26,10601,46,0
ENS3,PhG1c,12,34,10601,46,0
SNpp43,ORN_DA3,41,5,10601,46,0
PhG1c,ORN_VM4,34,12,10601,46,0
PhG1c,ENS1,34,12,10601,46,0
PhG1c,PhG13,34,12,10601,46,0
PhG1c,ORN_DC2,34,12,10601,46,0
PhG1c,SNpp37,34,12,10601,46,0
PhG1c,ORN_VC4,34,12,10601,46,0
PhG1c,b2 MN,34,12,10601,46,0
SNpp41,ORN_V,30,16,10601,46,0
SNpp41,PhG10,30,16,10601,46,0
SNpp41,ORN_VL1,30,16,10601,46,0
SNpp41,LgLG4,30,16,10601,46,0
SNpp41,ORN_VM5d,30,16,10601,46,0
SNpp41,SNpp11,30,16,10601,46,0
SNpp41,ALBN1,30,16,10601,46,0
SNpp41,ENS5,30,16,10601,46,0
SNpp41,dorsal_tpGRN,30,16,10601,46,0
SNpp41,JO-CA2,30,16,10601,46,0
JO-ED1,ORN_VA1d,31,15,10601,46,0
JO-ED1,SNpp57,31,15,10601,46,0
JO-ED1,LB1b,31,15,10601,46,0
JO-ED1,SNpp12,31,15,10601,46,0
JO-ED1,PhG8,31,15,10601,46,0
SNxx25,HBeyelet,38,8,10601,46,0
SNxx25,PhG1a,38,8,10601,46,0
WG2,SNpp10,20,26,10601,46,0
WG2,SApp01,20,26,10601,46,0
LgAG3,SNpp10,20,26,10601,46,0
LgAG3,SApp01,20,26,10601,46,0
"SApp11,SApp18",LB1a,35,11,10601,46,0
"SApp11,SApp18",SNpp21,35,11,10601,46,0
"SApp11,SApp18",ORN_VM7v,35,11,10601,46,0
"SApp11,SApp18",ORN_DL1,35,11,10601,46,0
SNxx14,HRN_VP1l,36,10,10601,46,0
SNxx14,PhG6,36,10,10601,46,0
SNxx14,LN-DN1,36,10,10601,46,0
SNxx14,ORN_DM4,36,10,10601,46,0
SNxx14,ORN_DM6,36,10,10601,46,0
SNxx14,ORN_VA3,36,10,10601,46,0
SNxx17,SNxx26,21,25,10601,46,0
SNxx17,ORN_VA2,21,25,10601,46,0
ORN_VA1v,"SNpp29,SNpp63",17,29,10601,46,0
ORN_VA1v,"SNta04,SNta11",17,29,10601,46,0
JO-A1,"SNpp29,SNpp63",17,29,10601,46,0
JO-A1,"SNta04,SNta11",17,29,10601,46,0
SNch10,HRN_VP1l,36,10,10601,46,0
SNch10,PhG6,36,10,10601,46,0
SNch10,LN-DN1,36,10,10601,46,0
SNch10,ORN_DM4,36,10,10601,46,0
SNch10,ORN_DM6,36,10,10601,46,0
SNch10,ORN_VA3,36,10,10601,46,0
SNxx26,ORN_DL2v,25,21,10601,46,0
ORN_VA2,ORN_DL2v,25,21,10601,46,0
LgAG5,SNta33,19,27,10601,46,0
SNpp10,PhG1b,26,20,10601,46,0
SNpp10,BM_vOcci_vPoOr,26,20,10601,46,0
SNpp10,LB1e,26,20,10601,46,0
SNpp10,SNxx30,26,20,10601,46,0
PhG1b,SApp01,20,26,10601,46,0
HRN_VP5,SApp14,14,32,10601,46,0
HRN_VP5,SNpp07,14,32,10601,46,0
ORN_VA6,ORN_VC1,28,18,10601,46,0
ORN_VA6,ORN_VM7d,28,18,10601,46,0
ORN_VA6,LgAG2,28,18,10601,46,0
ORN_VA6,DNx01,28,18,10601,46,0
SNpp62,SNpp02,22,24,10601,46,0
SApp01,BM_vOcci_vPoOr,26,20,10601,46,0
SApp01,LB1e,26,20,10601,46,0
SApp01,SNxx30,26,20,10601,46,0
LgAG7,SNta33,19,27,10601,46,0
HRN_VP1l,SNta18,10,36,10601,46,0
LB4b,SApp14,14,32,10601,46,0
LB4b,SNpp07,14,32,10601,46,0
SNxx24,SApp14,14,32,10601,46,0
SNxx24,SNpp07,14,32,10601,46,0
"SNpp29,SNpp63",SNpp05,29,17,10601,46,0
"SNpp29,SNpp63",SNxx28,29,17,10601,46,0
"SNpp29,SNpp63",ORN_VM5v,29,17,10601,46,0
"SNpp29,SNpp63",SNpp31,29,17,10601,46,0
"SNpp29,SNpp63",SNpp17,29,17,10601,46,0
ORN_VC1,ENS4,18,28,10601,46,0
ORN_VC1,SNta26,18,28,10601,46,0
DNg20,SNta31,13,33,10601,46,0
ORN_DL2d,SNta33,19,27,10601,46,0
PhG6,SNta18,10,36,10601,46,0
R8d,"SNta02,SNta09",3,43,10601,46,0
ORN_VM7d,ENS4,18,28,10601,46,0
ORN_VM7d,SNta26,18,28,10601,46,0
SNpp33,LgLG7,39,7,10601,46,0
SNpp33,DNg83,39,7,10601,46,0
SNpp33,ORN_DL3,39,7,10601,46,0
SNpp33,ORN_DM3,39,7,10601,46,0
SNta18,LN-DN1,36,10,10601,46,0
SNta18,ORN_DM4,36,10,10601,46,0
SNta18,ORN_DM6,36,10,10601,46,0
SNta18,ORN_VA3,36,10,10601,46,0
ORN_VA1d,SApp13,15,31,10601,46,0
SNpp57,SApp13,15,31,10601,46,0
ENS4,LgAG2,28,18,10601,46,0
ENS4,DNx01,28,18,10601,46,0
SApp14,ORN_VC5,32,14,10601,46,0
SApp14,PhG4,32,14,10601,46,0
SApp14,SNpp06,32,14,10601,46,0
SApp14,BM_MaPa,32,14,10601,46,0
SApp14,PhG14,32,14,10601,46,0
SApp14,SNpp56,32,14,10601,46,0
SApp14,JO-B2,32,14,10601,46,0
SApp14,JO-B1_c,32,14,10601,46,0
LB1b,SApp13,15,31,10601,46,0
SNpp58,SNpp02,22,24,10601,46,0
SNpp07,ORN_VC5,32,14,10601,46,0
SNpp07,PhG4,32,14,10601,46,0
SNpp07,SNpp06,32,14,10601,46,0
SNpp07,BM_MaPa,32,14,10601,46,0
SNpp07,PhG14,32,14,10601,46,0
SNpp07,SNpp56,32,14,10601,46,0
SNpp07,JO-B2,32,14,10601,46,0
SNpp07,JO-B1_c,32,14,10601,46,0
LgAG2,SNta26,18,28,10601,46,0
SApp13,SNpp12,31,15,10601,46,0
SApp13,PhG8,31,15,10601,46,0
SNxx19,SNpp02,22,24,10601,46,0
SNxx06,SNta31,13,33,10601,46,0
JO-B1_a,SNta33,19,27,10601,46,0
SNxx21,SNpp02,22,24,10601,46,0
SNpp05,"SNta04,SNta11",17,29,10601,46,0
SNpp15,SNta31,13,33,10601,46,0
ORN_DA2,SNta31,13,33,10601,46,0
JO-B3,SNpp02,22,24,10601,46,0
SNxx28,"SNta04,SNta11",17,29,10601,46,0
ORN_VM5v,"SNta04,SNta11",17,29,10601,46,0
SNta13,SNta33,19,27,10601,46,0
"SNta04,SNta11",SNpp31,29,17,10601,46,0
"SNta04,SNta11",SNpp17,29,17,10601,46,0
"SNta04,SNta11",SNpp01,29,17,10601,46,0
PhG16,SNta31,13,33,10601,46,0
SNta31,SNpp18,33,13,10601,46,0
SNta31,LgAG8,33,13,10601,46,0
SNta26,DNx01,28,18,10601,46,0
SNxx07,R7d,32,13,10602,45,0
SNxx07,LgLG6,32,13,10602,45,0
SNxx07,ORN_DM2,32,13,10602,45,0
SNxx07,DNg20,32,13,10602,45,0
SNxx07,SNxx06,32,13,10602,45,0
SNxx07,SNpp15,32,13,10602,45,0
SNxx07,ORN_DA2,32,13,10602,45,0
SNxx07,PhG16,32,13,10602,45,0
SNxx07,SNpp18,32,13,10602,45,0
SNxx07,LgAG8,32,13,10602,45,0
SNxx08,LB3c,20,25,10602,45,0
SNxx08,SNxx26,20,25,10602,45,0
SNxx08,ORN_VA2,20,25,10602,45,0
TPMN1,ORN_DA3,40,5,10602,45,0
R7_unclear,SNpp23,15,30,10602,45,0
R7_unclear,JO-CL,15,30,10602,45,0
R7_unclear,SNpp41,15,30,10602,45,0
aPhM5,GNG642,29,16,10602,45,0
aPhM5,ORN_V,29,16,10602,45,0
aPhM5,PhG10,29,16,10602,45,0
aPhM5,ORN_VL1,29,16,10602,45,0
aPhM5,LgLG4,29,16,10602,45,0
aPhM5,ORN_VM5d,29,16,10602,45,0
aPhM5,SNpp11,29,16,10602,45,0
aPhM5,ALBN1,29,16,10602,45,0
aPhM5,ENS5,29,16,10602,45,0
aPhM5,dorsal_tpGRN,29,16,10602,45,0
aPhM5,JO-CA2,29,16,10602,45,0
TPMN2,aPhM4,26,19,10602,45,0
TPMN2,LB3a,26,19,10602,45,0
TPMN2,SNpp35,26,19,10602,45,0
TPMN2,LgAG5,26,19,10602,45,0
TPMN2,LgAG7,26,19,10602,45,0
TPMN2,ORN_DL2d,26,19,10602,45,0
TPMN2,JO-B1_a,26,19,10602,45,0
TPMN2,SNta13,26,19,10602,45,0
R7y,ORN_VL2a,11,34,10602,45,0
R7y,ORN_DA1,11,34,10602,45,0
R7y,BM_Vib,11,34,10602,45,0
R7y,PhG1c,11,34,10602,45,0
R7p,ORN_VL2a,11,34,10602,45,0
R7p,ORN_DA1,11,34,10602,45,0
R7p,BM_Vib,11,34,10602,45,0
R7p,PhG1c,11,34,10602,45,0
R7d,aPhM3,13,32,10602,45,0
R7d,SApp14,13,32,10602,45,0
R7d,SNpp07,13,32,10602,45,0
LgLG6,aPhM3,13,32,10602,45,0
LgLG6,SApp14,13,32,10602,45,0
LgLG6,SNpp07,13,32,10602,45,0
aPhM3,ORN_DM2,32,13,10602,45,0
aPhM3,DNg20,32,13,10602,45,0
aPhM3,SNxx06,32,13,10602,45,0
aPhM3,SNpp15,32,13,10602,45,0
aPhM3,ORN_DA2,32,13,10602,45,0
aPhM3,PhG16,32,13,10602,45,0
aPhM3,SNpp18,32,13,10602,45,0
aPhM3,LgAG8,32,13,10602,45,0
JO-A2,LgLG8,36,9,10602,45,0
JO-A2,LB4a,36,9,10602,45,0
JO-A2,PhG3,36,9,10602,45,0
JO-A2,SApp21,36,9,10602,45,0
JO-A2,LgAG6,36,9,10602,45,0
JO-A2,tpn MN,36,9,10602,45,0
JO-A2,JO-B4_a,36,9,10602,45,0
aPhM4,ORN_DM1,19,26,10602,45,0
aPhM4,SNpp10,19,26,10602,45,0
aPhM4,SApp01,19,26,10602,45,0
JO-EV2,R8d,42,3,10602,45,0
GNG643,TRN_VP3a,27,18,10602,45,0
GNG643,TRN_VP2,27,18,10602,45,0
GNG643,aPhM2b,27,18,10602,45,0
GNG643,ORN_VC1,27,18,10602,45,0
GNG643,ORN_VM7d,27,18,10602,45,0
GNG643,LgAG2,27,18,10602,45,0
GNG643,DNx01,27,18,10602,45,0
HRN_VP4,GNG654,31,14,10602,45,0
HRN_VP4,HRN_VP5,31,14,10602,45,0
HRN_VP4,LB4b,31,14,10602,45,0
HRN_VP4,SNxx24,31,14,10602,45,0
HRN_VP4,ORN_VC5,31,14,10602,45,0
HRN_VP4,PhG4,31,14,10602,45,0
HRN_VP4,SNpp06,31,14,10602,45,0
HRN_VP4,BM_MaPa,31,14,10602,45,0
HRN_VP4,PhG14,31,14,10602,45,0
HRN_VP4,SNpp56,31,14,10602,45,0
HRN_VP4,JO-B2,31,14,10602,45,0
HRN_VP4,JO-B1_c,31,14,10602,45,0
WG3,ENS3,33,12,10602,45,0
WG3,ORN_VM4,33,12,10602,45,0
WG3,ENS1,33,12,10602,45,0
WG3,PhG13,33,12,10602,45,0
WG3,ORN_DC2,33,12,10602,45,0
WG3,SNpp37,33,12,10602,45,0
WG3,ORN_VC4,33,12,10602,45,0
WG3,b2 MN,33,12,10602,45,0
R8p,ORN_VL2a,11,34,10602,45,0
R8p,ORN_DA1,11,34,10602,45,0
R8p,BM_Vib,11,34,10602,45,0
R8p,PhG1c,11,34,10602,45,0
aPhM1,WG4,22,23,10602,45,0
aPhM1,ORN_D,22,23,10602,45,0
SNxx09,ORN_VL2a,11,34,10602,45,0
SNxx09,ORN_DA1,11,34,10602,45,0
SNxx09,BM_Vib,11,34,10602,45,0
SNxx09,PhG1c,11,34,10602,45,0
ORN_VL2a,LgLG2,34,11,10602,45,0
ORN_VL2a,R8_unclear,34,11,10602,45,0
ORN_VL2a,LB1a,34,11,10602,45,0
ORN_VL2a,SNpp21,34,11,10602,45,0
ORN_VL2a,ORN_VM7v,34,11,10602,45,0
ORN_VL2a,ORN_DL1,34,11,10602,45,0
LB3b,SNta14,17,28,10602,45,0
LB3b,ENS2,17,28,10602,45,0
LB3b,ORN_DP1l,17,28,10602,45,0
LB3b,ORN_VA6,17,28,10602,45,0
LB3b,ENS4,17,28,10602,45,0
LB3b,SNta26,17,28,10602,45,0
SNxx15,ORN_DA3,40,5,10602,45,0
BM_Vt_PoOc,WG4,22,23,10602,45,0
BM_Vt_PoOc,ORN_D,22,23,10602,45,0
GNG644,LB3c,20,25,10602,45,0
GNG644,SNxx26,20,25,10602,45,0
GNG644,ORN_VA2,20,25,10602,45,0
R8y,ORN_DP1m,10,35,10602,45,0
R8y,"SApp11,SApp18",10,35,10602,45,0
LgLG5,claw_tpGRN,8,37,10602,45,0
JO-A3,TRN_VP1m,21,24,10602,45,0
JO-A3,SNpp02,21,24,10602,45,0
ORN_DA1,LgLG2,34,11,10602,45,0
ORN_DA1,R8_unclear,34,11,10602,45,0
ORN_DA1,LB1a,34,11,10602,45,0
ORN_DA1,SNpp21,34,11,10602,45,0
ORN_DA1,ORN_VM7v,34,11,10602,45,0
ORN_DA1,ORN_DL1,34,11,10602,45,0
SNpp23,WG1,30,15,10602,45,0
SNpp23,LgAG9,30,15,10602,45,0
SNpp23,ORN_VA1d,30,15,10602,45,0
SNpp23,SNpp57,30,15,10602,45,0
SNpp23,LB1b,30,15,10602,45,0
SNpp23,SNpp12,30,15,10602,45,0
SNpp23,PhG8,30,15,10602,45,0
WG1,JO-CL,15,30,10602,45,0
WG1,SNpp41,15,30,10602,45,0
SNta14,ORN_VA1v,28,17,10602,45,0
SNta14,JO-A1,28,17,10602,45,0
SNta14,SNpp05,28,17,10602,45,0
SNta14,SNxx28,28,17,10602,45,0
SNta14,ORN_VM5v,28,17,10602,45,0
SNta14,SNpp31,28,17,10602,45,0
SNta14,SNpp17,28,17,10602,45,0
SNta14,SNpp01,28,17,10602,45,0
claw_tpGRN,HBeyelet,37,8,10602,45,0
claw_tpGRN,PhG1a,37,8,10602,45,0
LgLG2,BM_Vib,11,34,10602,45,0
LgLG2,PhG1c,11,34,10602,45,0
TRN_VP3a,LB3d,18,27,10602,45,0
TRN_VP3a,SNxx02,18,27,10602,45,0
TRN_VP3a,BM_Hau,18,27,10602,45,0
TRN_VP3a,JO-B4_b,18,27,10602,45,0
TRN_VP3a,SApp23,18,27,10602,45,0
TRN_VP3a,ORN_VL2p,18,27,10602,45,0
TRN_VP3a,SNta33,18,27,10602,45,0
LB3d,TRN_VP2,27,18,10602,45,0
LB3d,aPhM2b,27,18,10602,45,0
LB3d,ORN_VC1,27,18,10602,45,0
LB3d,ORN_VM7d,27,18,10602,45,0
LB3d,LgAG2,27,18,10602,45,0
LB3d,DNx01,27,18,10602,45,0
SNxx02,TRN_VP2,27,18,10602,45,0
SNxx02,aPhM2b,27,18,10602,45,0
SNxx02,ORN_VC1,27,18,10602,45,0
SNxx02,ORN_VM7d,27,18,10602,45,0
SNxx02,LgAG2,27,18,10602,45,0
SNxx02,DNx01,27,18,10602,45,0
LgLG8,SNpp16,9,36,10602,45,0
LgLG8,SNxx14,9,36,10602,45,0
LgLG8,SNch10,9,36,10602,45,0
LgLG8,SNta18,9,36,10602,45,0
LB3c,ORN_DL5,25,20,10602,45,0
LB3c,WG2,25,20,10602,45,0
LB3c,LgAG3,25,20,10602,45,0
LB3c,PhG1b,25,20,10602,45,0
LB3c,BM_vOcci_vPoOr,25,20,10602,45,0
LB3c,LB1e,25,20,10602,45,0
LB3c,SNxx30,25,20,10602,45,0
ORN_VM6v,TRN_VP1m,21,24,10602,45,0
ORN_VM6v,SNpp02,21,24,10602,45,0
ENS2,ORN_VA1v,28,17,10602,45,0
ENS2,JO-A1,28,17,10602,45,0
ENS2,SNpp05,28,17,10602,45,0
ENS2,SNxx28,28,17,10602,45,0
ENS2,ORN_VM5v,28,17,10602,45,0
ENS2,SNpp31,28,17,10602,45,0
ENS2,SNpp17,28,17,10602,45,0
ENS2,SNpp01,28,17,10602,45,0
ORN_DP1l,ORN_VA1v,28,17,10602,45,0
ORN_DP1l,JO-A1,28,17,10602,45,0
ORN_DP1l,SNpp05,28,17,10602,45,0
ORN_DP1l,SNxx28,28,17,10602,45,0
ORN_DP1l,ORN_VM5v,28,17,10602,45,0
ORN_DP1l,SNpp31,28,17,10602,45,0
ORN_DP1l,SNpp17,28,17,10602,45,0
ORN_DP1l,SNpp01,28,17,10602,45,0
LB3a,ORN_DM1,19,26,10602,45,0
LB3a,SNpp10,19,26,10602,45,0
LB3a,SApp01,19,26,10602,45,0
SNpp16,LB4a,36,9,10602,45,0
SNpp16,PhG3,36,9,10602,45,0
SNpp16,SApp21,36,9,10602,45,0
SNpp16,LgAG6,36,9,10602,45,0
SNpp16,tpn MN,36,9,10602,45,0
SNpp16,JO-B4_a,36,9,10602,45,0
TRN_VP1m,SNxx17,24,21,10602,45,0
TRN_VP1m,ORN_DL2v,24,21,10602,45,0
PhG9,WG4,22,23,10602,45,0
PhG9,ORN_D,22,23,10602,45,0
BM_Hau,TRN_VP2,27,18,10602,45,0
BM_Hau,aPhM2b,27,18,10602,45,0
BM_Hau,ORN_VC1,27,18,10602,45,0
BM_Hau,ORN_VM7d,27,18,10602,45,0
BM_Hau,LgAG2,27,18,10602,45,0
BM_Hau,DNx01,27,18,10602,45,0
ORN_DP1m,HRN_VP1l,35,10,10602,45,0
ORN_DP1m,PhG6,35,10,10602,45,0
ORN_DP1m,LN-DN1,35,10,10602,45,0
ORN_DP1m,ORN_DM4,35,10,10602,45,0
ORN_DP1m,ORN_DM6,35,10,10602,45,0
ORN_DP1m,ORN_VA3,35,10,10602,45,0
JO-B4_b,TRN_VP2,27,18,10602,45,0
JO-B4_b,aPhM2b,27,18,10602,45,0
JO-B4_b,ORN_VC1,27,18,10602,45,0
JO-B4_b,ORN_VM7d,27,18,10602,45,0
JO-B4_b,LgAG2,27,18,10602,45,0
JO-B4_b,DNx01,27,18,10602,45,0
R8_unclear,BM_Vib,11,34,10602,45,0
R8_unclear,PhG1c,11,34,10602,45,0
WG4,ORN_DC1,23,22,10602,45,0
WG4,SNpp62,23,22,10602,45,0
WG4,SNpp58,23,22,10602,45,0
WG4,SNxx19,23,22,10602,45,0
WG4,SNxx21,23,22,10602,45,0
WG4,JO-B3,23,22,10602,45,0
ORN_DM1,SNpp35,26,19,10602,45,0
ORN_DM1,LgAG5,26,19,10602,45,0
ORN_DM1,LgAG7,26,19,10602,45,0
ORN_DM1,ORN_DL2d,26,19,10602,45,0
ORN_DM1,JO-B1_a,26,19,10602,45,0
ORN_DM1,SNta13,26,19,10602,45,0
BM_Vib,LB1a,34,11,10602,45,0
BM_Vib,SNpp21,34,11,10602,45,0
BM_Vib,ORN_VM7v,34,11,10602,45,0
BM_Vib,ORN_DL1,34,11,10602,45,0
HRN_VP1d,GNG654,31,14,10602,45,0
HRN_VP1d,HRN_VP5,31,14,10602,45,0
HRN_VP1d,LB4b,31,14,10602,45,0
HRN_VP1d,SNxx24,31,14,10602,45,0
HRN_VP1d,ORN_VC5,31,14,10602,45,0
HRN_VP1d,PhG4,31,14,10602,45,0
HRN_VP1d,SNpp06,31,14,10602,45,0
HRN_VP1d,BM_MaPa,31,14,10602,45,0
HRN_VP1d,PhG14,31,14,10602,45,0
HRN_VP1d,SNpp56,31,14,10602,45,0
HRN_VP1d,JO-B2,31,14,10602,45,0
HRN_VP1d,JO-B1_c,31,14,10602,45,0
ORN_DC1,ORN_D,22,23,10602,45,0
GNG642,SNxx11,16,29,10602,45,0
GNG642,ORN_DC4,16,29,10602,45,0
GNG642,LB1c,16,29,10602,45,0
GNG642,"SNpp29,SNpp63",16,29,10602,45,0
GNG642,"SNta04,SNta11",16,29,10602,45,0
SNxx11,ORN_V,29,16,10602,45,0
SNxx11,PhG10,29,16,10602,45,0
SNxx11,ORN_VL1,29,16,10602,45,0
SNxx11,LgLG4,29,16,10602,45,0
SNxx11,ORN_VM5d,29,16,10602,45,0
SNxx11,SNpp11,29,16,10602,45,0
SNxx11,ALBN1,29,16,10602,45,0
SNxx11,ENS5,29,16,10602,45,0
SNxx11,dorsal_tpGRN,29,16,10602,45,0
SNxx11,JO-CA2,29,16,10602,45,0
ORN_DC4,ORN_V,29,16,10602,45,0
ORN_DC4,PhG10,29,16,10602,45,0
ORN_DC4,ORN_VL1,29,16,10602,45,0
ORN_DC4,LgLG4,29,16,10602,45,0
ORN_DC4,ORN_VM5d,29,16,10602,45,0
ORN_DC4,SNpp11,29,16,10602,45,0
ORN_DC4,ENS5,29,16,10602,45,0
ORN_DC4,dorsal_tpGRN,29,16,10602,45,0
ORN_DC4,JO-CA2,29,16,10602,45,0
ORN_DM2,SApp14,13,32,10602,45,0
ORN_DM2,SNpp07,13,32,10602,45,0
SApp23,TRN_VP2,27,18,10602,45,0
SApp23,aPhM2b,27,18,10602,45,0
SApp23,ORN_VC1,27,18,10602,45,0
SApp23,ORN_VM7d,27,18,10602,45,0
SApp23,LgAG2,27,18,10602,45,0
SApp23,DNx01,27,18,10602,45,0
GNG654,JO-ED1,14,31,10602,45,0
GNG654,SApp13,14,31,10602,45,0
TRN_VP2,ORN_VL2p,18,27,10602,45,0
TRN_VP2,SNta33,18,27,10602,45,0
aPhM2b,ORN_VL2p,18,27,10602,45,0
aPhM2b,SNta33,18,27,10602,45,0
LB1c,ORN_V,29,16,10602,45,0
LB1c,ORN_VL1,29,16,10602,45,0
LB1c,LgLG4,29,16,10602,45,0
LB1c,ORN_VM5d,29,16,10602,45,0
LB1c,SNpp11,29,16,10602,45,0
LB1c,ALBN1,29,16,10602,45,0
LB1c,dorsal_tpGRN,29,16,10602,45,0
LB1c,JO-CA2,29,16,10602,45,0
JO-CL,LgAG9,30,15,10602,45,0
JO-CL,ORN_VA1d,30,15,10602,45,0
JO-CL,SNpp57,30,15,10602,45,0
JO-CL,LB1b,30,15,10602,45,0
JO-CL,SNpp12,30,15,10602,45,0
JO-CL,PhG8,30,15,10602,45,0
LgAG9,SNpp41,15,30,10602,45,0
ORN_VL2p,ORN_VC1,27,18,10602,45,0
ORN_VL2p,ORN_VM7d,27,18,10602,45,0
ORN_VL2p,LgAG2,27,18,10602,45,0
ORN_VL2p,DNx01,27,18,10602,45,0
ORN_DL5,SNxx26,20,25,10602,45,0
ORN_DL5,ORN_VA2,20,25,10602,45,0
ENS3,SNta31,12,33,10602,45,0
PhG1c,LB1a,34,11,10602,45,0
PhG1c,SNpp21,34,11,10602,45,0
PhG1c,ORN_VM7v,34,11,10602,45,0
PhG1c,ORN_DL1,34,11,10602,45,0
SNpp41,ORN_VA1d,30,15,10602,45,0
SNpp41,SNpp57,30,15,10602,45,0
SNpp41,LB1b,30,15,10602,45,0
SNpp41,SNpp12,30,15,10602,45,0
SNpp41,PhG8,30,15,10602,45,0
JO-ED1,HRN_VP5,31,14,10602,45,0
JO-ED1,LB4b,31,14,10602,45,0
JO-ED1,SNxx24,31,14,10602,45,0
JO-ED1,ORN_VC5,31,14,10602,45,0
JO-ED1,PhG4,31,14,10602,45,0
JO-ED1,SNpp06,31,14,10602,45,0
JO-ED1,BM_MaPa,31,14,10602,45,0
JO-ED1,PhG14,31,14,10602,45,0
JO-ED1,SNpp56,31,14,10602,45,0
JO-ED1,JO-B2,31,14,10602,45,0
JO-ED1,JO-B1_c,31,14,10602,45,0
SNxx25,LgLG7,38,7,10602,45,0
SNxx25,DNg83,38,7,10602,45,0
SNxx25,ORN_DL3,38,7,10602,45,0
SNxx25,ORN_DM3,38,7,10602,45,0
SNpp35,SNpp10,19,26,10602,45,0
WG2,SNxx26,20,25,10602,45,0
WG2,ORN_VA2,20,25,10602,45,0
LgAG3,SNxx26,20,25,10602,45,0
LgAG3,ORN_VA2,20,25,10602,45,0
"SApp11,SApp18",HRN_VP1l,35,10,10602,45,0
"SApp11,SApp18",PhG6,35,10,10602,45,0
"SApp11,SApp18",LN-DN1,35,10,10602,45,0
"SApp11,SApp18",ORN_DM4,35,10,10602,45,0
"SApp11,SApp18",ORN_DM6,35,10,10602,45,0
"SApp11,SApp18",ORN_VA3,35,10,10602,45,0
SNxx14,LB4a,36,9,10602,45,0
SNxx14,PhG3,36,9,10602,45,0
SNxx14,SApp21,36,9,10602,45,0
SNxx14,LgAG6,36,9,10602,45,0
SNxx14,tpn MN,36,9,10602,45,0
SNxx14,JO-B4_a,36,9,10602,45,0
SNxx17,SNpp02,21,24,10602,45,0
ORN_V,"SNpp29,SNpp63",16,29,10602,45,0
ORN_V,"SNta04,SNta11",16,29,10602,45,0
ORN_VA1v,ORN_VA6,17,28,10602,45,0
ORN_VA1v,ENS4,17,28,10602,45,0
ORN_VA1v,SNta26,17,28,10602,45,0
JO-A1,ORN_VA6,17,28,10602,45,0
JO-A1,ENS4,17,28,10602,45,0
JO-A1,SNta26,17,28,10602,45,0
SNch10,LB4a,36,9,10602,45,0
SNch10,PhG3,36,9,10602,45,0
SNch10,SApp21,36,9,10602,45,0
SNch10,LgAG6,36,9,10602,45,0
SNch10,tpn MN,36,9,10602,45,0
SNch10,JO-B4_a,36,9,10602,45,0
SNxx26,PhG1b,25,20,10602,45,0
SNxx26,BM_vOcci_vPoOr,25,20,10602,45,0
SNxx26,LB1e,25,20,10602,45,0
SNxx26,SNxx30,25,20,10602,45,0
ORN_VA2,PhG1b,25,20,10602,45,0
ORN_VA2,BM_vOcci_vPoOr,25,20,10602,45,0
ORN_VA2,LB1e,25,20,10602,45,0
ORN_VA2,SNxx30,25,20,10602,45,0
LgAG5,SNpp10,19,26,10602,45,0
LgAG5,SApp01,19,26,10602,45,0
SNpp10,LgAG7,26,19,10602,45,0
SNpp10,ORN_DL2d,26,19,10602,45,0
SNpp10,JO-B1_a,26,19,10602,45,0
SNpp10,SNta13,26,19,10602,45,0
HRN_VP5,SApp13,14,31,10602,45,0
ORN_VA6,SNpp05,28,17,10602,45,0
ORN_VA6,SNxx28,28,17,10602,45,0
ORN_VA6,ORN_VM5v,28,17,10602,45,0
ORN_VA6,SNpp31,28,17,10602,45,0
ORN_VA6,SNpp17,28,17,10602,45,0
ORN_VA6,SNpp01,28,17,10602,45,0
SNpp62,ORN_D,22,23,10602,45,0
PhG10,"SNpp29,SNpp63",16,29,10602,45,0
PhG10,"SNta04,SNta11",16,29,10602,45,0
SApp01,LgAG7,26,19,10602,45,0
SApp01,ORN_DL2d,26,19,10602,45,0
SApp01,JO-B1_a,26,19,10602,45,0
SApp01,SNta13,26,19,10602,45,0
ORN_DL2v,SNpp02,21,24,10602,45,0
LB4b,SApp13,14,31,10602,45,0
SNxx24,SApp13,14,31,10602,45,0
"SNpp29,SNpp63",ORN_VL1,29,16,10602,45,0
"SNpp29,SNpp63",LgLG4,29,16,10602,45,0
"SNpp29,SNpp63",ORN_VM5d,29,16,10602,45,0
"SNpp29,SNpp63",SNpp11,29,16,10602,45,0
"SNpp29,SNpp63",ALBN1,29,16,10602,45,0
"SNpp29,SNpp63",ENS5,29,16,10602,45,0
"SNpp29,SNpp63",dorsal_tpGRN,29,16,10602,45,0
"SNpp29,SNpp63",JO-CA2,29,16,10602,45,0
ORN_VC1,SNta33,18,27,10602,45,0
DNg20,SApp14,13,32,10602,45,0
DNg20,SNpp07,13,32,10602,45,0
ORN_VL1,"SNta04,SNta11",16,29,10602,45,0
ORN_VM4,SNta31,12,33,10602,45,0
R8d,SNpp32,3,42,10602,45,0
ORN_VM7d,SNta33,18,27,10602,45,0
ORN_D,SNpp58,23,22,10602,45,0
ORN_D,SNxx19,23,22,10602,45,0
ORN_D,SNxx21,23,22,10602,45,0
ORN_D,JO-B3,23,22,10602,45,0
SNta18,LB4a,36,9,10602,45,0
SNta18,PhG3,36,9,10602,45,0
SNta18,SApp21,36,9,10602,45,0
SNta18,LgAG6,36,9,10602,45,0
SNta18,tpn MN,36,9,10602,45,0
SNta18,JO-B4_a,36,9,10602,45,0
ENS4,SNpp05,28,17,10602,45,0
ENS4,SNxx28,28,17,10602,45,0
ENS4,ORN_VM5v,28,17,10602,45,0
ENS4,SNpp31,28,17,10602,45,0
ENS4,SNpp17,28,17,10602,45,0
ENS4,SNpp01,28,17,10602,45,0
ENS1,SNta31,12,33,10602,45,0
PhG13,SNta31,12,33,10602,45,0
SApp14,SNxx06,32,13,10602,45,0
SApp14,SNpp15,32,13,10602,45,0
SApp14,ORN_DA2,32,13,10602,45,0
SApp14,PhG16,32,13,10602,45,0
SApp14,SNpp18,32,13,10602,45,0
SApp14,LgAG8,32,13,10602,45,0
LgLG4,"SNta04,SNta11",16,29,10602,45,0
SNpp07,SNxx06,32,13,10602,45,0
SNpp07,SNpp15,32,13,10602,45,0
SNpp07,ORN_DA2,32,13,10602,45,0
SNpp07,PhG16,32,13,10602,45,0
SNpp07,SNpp18,32,13,10602,45,0
SNpp07,LgAG8,32,13,10602,45,0
ORN_VM5d,"SNta04,SNta11",16,29,10602,45,0
ORN_VC5,SApp13,14,31,10602,45,0
PhG4,SApp13,14,31,10602,45,0
LgAG2,SNta33,18,27,10602,45,0
SApp13,SNpp06,31,14,10602,45,0
SApp13,BM_MaPa,31,14,10602,45,0
SApp13,PhG14,31,14,10602,45,0
SApp13,SNpp56,31,14,10602,45,0
SApp13,JO-B2,31,14,10602,45,0
SApp13,JO-B1_c,31,14,10602,45,0
ORN_DC2,SNta31,12,33,10602,45,0
SNpp05,SNta26,17,28,10602,45,0
SNxx28,SNta26,17,28,10602,45,0
ORN_VM5v,SNta26,17,28,10602,45,0
"SNta04,SNta11",SNpp11,29,16,10602,45,0
"SNta04,SNta11",ALBN1,29,16,10602,45,0
"SNta04,SNta11",ENS5,29,16,10602,45,0
"SNta04,SNta11",dorsal_tpGRN,29,16,10602,45,0
"SNta04,SNta11",JO-CA2,29,16,10602,45,0
SNpp37,SNta31,12,33,10602,45,0
SNta31,ORN_VC4,33,12,10602,45,0
SNta31,b2 MN,33,12,10602,45,0
SNpp31,SNta26,17,28,10602,45,0
SNta26,SNpp17,28,17,10602,45,0
SNta26,SNpp01,28,17,10602,45,0
SNta33,DNx01,27,18,10602,45,0
SNxx07,ENS3,32,12,10603,44,0
SNxx07,ORN_VM4,32,12,10603,44,0
SNxx07,ENS1,32,12,10603,44,0
SNxx07,PhG13,32,12,10603,44,0
SNxx07,ORN_DC2,32,12,10603,44,0
SNxx07,SNpp37,32,12,10603,44,0
SNxx07,ORN_VC4,32,12,10603,44,0
SNxx07,b2 MN,32,12,10603,44,0
SNxx08,TRN_VP1m,20,24,10603,44,0
SNxx08,SNpp02,20,24,10603,44,0
R7_unclear,aPhM5,15,29,10603,44,0
R7_unclear,SNxx11,15,29,10603,44,0
R7_unclear,ORN_DC4,15,29,10603,44,0
R7_unclear,LB1c,15,29,10603,44,0
R7_unclear,"SNpp29,SNpp63",15,29,10603,44,0
R7_unclear,"SNta04,SNta11",15,29,10603,44,0
aPhM5,WG1,29,15,10603,44,0
aPhM5,LgAG9,29,15,10603,44,0
aPhM5,ORN_VA1d,29,15,10603,44,0
aPhM5,SNpp57,29,15,10603,44,0
aPhM5,LB1b,29,15,10603,44,0
aPhM5,SNpp12,29,15,10603,44,0
aPhM5,PhG8,29,15,10603,44,0
TPMN2,TRN_VP3a,26,18,10603,44,0
TPMN2,TRN_VP2,26,18,10603,44,0
TPMN2,aPhM2b,26,18,10603,44,0
TPMN2,ORN_VC1,26,18,10603,44,0
TPMN2,ORN_VM7d,26,18,10603,44,0
TPMN2,LgAG2,26,18,10603,44,0
TPMN2,DNx01,26,18,10603,44,0
R7y,WG3,11,33,10603,44,0
R7y,SNta31,11,33,10603,44,0
R7p,WG3,11,33,10603,44,0
R7p,SNta31,11,33,10603,44,0
R7d,HRN_VP4,13,31,10603,44,0
R7d,HRN_VP1d,13,31,10603,44,0
R7d,JO-ED1,13,31,10603,44,0
R7d,SApp13,13,31,10603,44,0
LgLG6,HRN_VP4,13,31,10603,44,0
LgLG6,HRN_VP1d,13,31,10603,44,0
LgLG6,JO-ED1,13,31,10603,44,0
LgLG6,SApp13,13,31,10603,44,0
LgLG1a,R8d,41,3,10603,44,0
aPhM3,ENS3,32,12,10603,44,0
aPhM3,ORN_VM4,32,12,10603,44,0
aPhM3,ENS1,32,12,10603,44,0
aPhM3,PhG13,32,12,10603,44,0
aPhM3,ORN_DC2,32,12,10603,44,0
aPhM3,SNpp37,32,12,10603,44,0
aPhM3,ORN_VC4,32,12,10603,44,0
aPhM3,b2 MN,32,12,10603,44,0
JO-A2,LgLG5,36,8,10603,44,0
JO-A2,HBeyelet,36,8,10603,44,0
JO-A2,PhG1a,36,8,10603,44,0
aPhM4,LB3c,19,25,10603,44,0
aPhM4,SNxx26,19,25,10603,44,0
aPhM4,ORN_VA2,19,25,10603,44,0
LgLG1b,ORN_DA3,39,5,10603,44,0
GNG643,LB3b,27,17,10603,44,0
GNG643,ORN_VA1v,27,17,10603,44,0
GNG643,JO-A1,27,17,10603,44,0
GNG643,SNpp05,27,17,10603,44,0
GNG643,SNxx28,27,17,10603,44,0
GNG643,ORN_VM5v,27,17,10603,44,0
GNG643,SNpp31,27,17,10603,44,0
GNG643,SNpp17,27,17,10603,44,0
GNG643,SNpp01,27,17,10603,44,0
HRN_VP4,ORN_DM2,31,13,10603,44,0
HRN_VP4,DNg20,31,13,10603,44,0
HRN_VP4,SNxx06,31,13,10603,44,0
HRN_VP4,SNpp15,31,13,10603,44,0
HRN_VP4,ORN_DA2,31,13,10603,44,0
HRN_VP4,PhG16,31,13,10603,44,0
HRN_VP4,SNpp18,31,13,10603,44,0
HRN_VP4,LgAG8,31,13,10603,44,0
WG3,R8p,33,11,10603,44,0
WG3,SNxx09,33,11,10603,44,0
WG3,LgLG2,33,11,10603,44,0
WG3,R8_unclear,33,11,10603,44,0
WG3,LB1a,33,11,10603,44,0
WG3,SNpp21,33,11,10603,44,0
WG3,ORN_VM7v,33,11,10603,44,0
WG3,ORN_DL1,33,11,10603,44,0
R8p,SNta31,11,33,10603,44,0
aPhM1,BM_Vt_PoOc,22,22,10603,44,0
aPhM1,PhG9,22,22,10603,44,0
aPhM1,ORN_DC1,22,22,10603,44,0
aPhM1,SNpp62,22,22,10603,44,0
aPhM1,SNpp58,22,22,10603,44,0
aPhM1,SNxx19,22,22,10603,44,0
aPhM1,SNxx21,22,22,10603,44,0
aPhM1,JO-B3,22,22,10603,44,0
SNxx09,SNta31,11,33,10603,44,0
ORN_VL2a,R8y,34,10,10603,44,0
ORN_VL2a,HRN_VP1l,34,10,10603,44,0
ORN_VL2a,PhG6,34,10,10603,44,0
ORN_VL2a,LN-DN1,34,10,10603,44,0
ORN_VL2a,ORN_DM4,34,10,10603,44,0
ORN_VL2a,ORN_DM6,34,10,10603,44,0
ORN_VL2a,ORN_VA3,34,10,10603,44,0
LB3b,LB3d,17,27,10603,44,0
LB3b,SNxx02,17,27,10603,44,0
LB3b,BM_Hau,17,27,10603,44,0
LB3b,JO-B4_b,17,27,10603,44,0
LB3b,SApp23,17,27,10603,44,0
LB3b,ORN_VL2p,17,27,10603,44,0
LB3b,SNta33,17,27,10603,44,0
BM_Vt_PoOc,PhG9,22,22,10603,44,0
BM_Vt_PoOc,ORN_DC1,22,22,10603,44,0
BM_Vt_PoOc,SNpp62,22,22,10603,44,0
BM_Vt_PoOc,SNpp58,22,22,10603,44,0
BM_Vt_PoOc,SNxx19,22,22,10603,44,0
BM_Vt_PoOc,SNxx21,22,22,10603,44,0
BM_Vt_PoOc,JO-B3,22,22,10603,44,0
GNG644,TRN_VP1m,20,24,10603,44,0
GNG644,SNpp02,20,24,10603,44,0
R8y,ORN_DA1,10,34,10603,44,0
R8y,BM_Vib,10,34,10603,44,0
R8y,PhG1c,10,34,10603,44,0
LgLG5,SNpp16,8,36,10603,44,0
LgLG5,SNxx14,8,36,10603,44,0
LgLG5,SNch10,8,36,10603,44,0
LgLG5,SNta18,8,36,10603,44,0
JO-A3,WG4,21,23,10603,44,0
JO-A3,ORN_D,21,23,10603,44,0
ORN_DA1,HRN_VP1l,34,10,10603,44,0
ORN_DA1,PhG6,34,10,10603,44,0
ORN_DA1,LN-DN1,34,10,10603,44,0
ORN_DA1,ORN_DM4,34,10,10603,44,0
ORN_DA1,ORN_DM6,34,10,10603,44,0
ORN_DA1,ORN_VA3,34,10,10603,44,0
SNpp23,GNG654,30,14,10603,44,0
SNpp23,HRN_VP5,30,14,10603,44,0
SNpp23,LB4b,30,14,10603,44,0
SNpp23,SNxx24,30,14,10603,44,0
SNpp23,ORN_VC5,30,14,10603,44,0
SNpp23,PhG4,30,14,10603,44,0
SNpp23,SNpp06,30,14,10603,44,0
SNpp23,BM_MaPa,30,14,10603,44,0
SNpp23,PhG14,30,14,10603,44,0
SNpp23,SNpp56,30,14,10603,44,0
SNpp23,JO-B2,30,14,10603,44,0
SNpp23,JO-B1_c,30,14,10603,44,0
WG1,SNxx11,15,29,10603,44,0
WG1,ORN_DC4,15,29,10603,44,0
WG1,LB1c,15,29,10603,44,0
WG1,"SNpp29,SNpp63",15,29,10603,44,0
WG1,"SNta04,SNta11",15,29,10603,44,0
SNta14,GNG642,28,16,10603,44,0
SNta14,ORN_V,28,16,10603,44,0
SNta14,PhG10,28,16,10603,44,0
SNta14,ORN_VL1,28,16,10603,44,0
SNta14,LgLG4,28,16,10603,44,0
SNta14,ORN_VM5d,28,16,10603,44,0
SNta14,SNpp11,28,16,10603,44,0
SNta14,ALBN1,28,16,10603,44,0
SNta14,ENS5,28,16,10603,44,0
SNta14,dorsal_tpGRN,28,16,10603,44,0
SNta14,JO-CA2,28,16,10603,44,0
claw_tpGRN,LgLG7,37,7,10603,44,0
claw_tpGRN,DNg83,37,7,10603,44,0
claw_tpGRN,ORN_DL3,37,7,10603,44,0
claw_tpGRN,ORN_DM3,37,7,10603,44,0
LgLG2,SNta31,11,33,10603,44,0
TRN_VP3a,ORN_DM1,18,26,10603,44,0
TRN_VP3a,SNpp10,18,26,10603,44,0
TRN_VP3a,SApp01,18,26,10603,44,0
LB3d,ORN_VA1v,27,17,10603,44,0
LB3d,JO-A1,27,17,10603,44,0
LB3d,SNpp05,27,17,10603,44,0
LB3d,SNxx28,27,17,10603,44,0
LB3d,ORN_VM5v,27,17,10603,44,0
LB3d,SNpp31,27,17,10603,44,0
LB3d,SNpp17,27,17,10603,44,0
LB3d,SNpp01,27,17,10603,44,0
SNxx02,ORN_VA1v,27,17,10603,44,0
SNxx02,JO-A1,27,17,10603,44,0
SNxx02,SNpp05,27,17,10603,44,0
SNxx02,SNxx28,27,17,10603,44,0
SNxx02,ORN_VM5v,27,17,10603,44,0
SNxx02,SNpp31,27,17,10603,44,0
SNxx02,SNpp17,27,17,10603,44,0
SNxx02,SNpp01,27,17,10603,44,0
LgLG8,ORN_DP1m,9,35,10603,44,0
LgLG8,"SApp11,SApp18",9,35,10603,44,0
LB3c,LB3a,25,19,10603,44,0
LB3c,SNpp35,25,19,10603,44,0
LB3c,LgAG5,25,19,10603,44,0
LB3c,LgAG7,25,19,10603,44,0
LB3c,ORN_DL2d,25,19,10603,44,0
LB3c,JO-B1_a,25,19,10603,44,0
LB3c,SNta13,25,19,10603,44,0
ORN_VM6v,WG4,21,23,10603,44,0
ORN_VM6v,ORN_D,21,23,10603,44,0
ENS2,GNG642,28,16,10603,44,0
ENS2,ORN_V,28,16,10603,44,0
ENS2,PhG10,28,16,10603,44,0
ENS2,ORN_VL1,28,16,10603,44,0
ENS2,LgLG4,28,16,10603,44,0
ENS2,ORN_VM5d,28,16,10603,44,0
ENS2,SNpp11,28,16,10603,44,0
ENS2,ALBN1,28,16,10603,44,0
ENS2,ENS5,28,16,10603,44,0
ENS2,dorsal_tpGRN,28,16,10603,44,0
ENS2,JO-CA2,28,16,10603,44,0
ORN_DP1l,GNG642,28,16,10603,44,0
ORN_DP1l,ORN_V,28,16,10603,44,0
ORN_DP1l,PhG10,28,16,10603,44,0
ORN_DP1l,ORN_VL1,28,16,10603,44,0
ORN_DP1l,LgLG4,28,16,10603,44,0
ORN_DP1l,ORN_VM5d,28,16,10603,44,0
ORN_DP1l,SNpp11,28,16,10603,44,0
ORN_DP1l,ENS5,28,16,10603,44,0
ORN_DP1l,dorsal_tpGRN,28,16,10603,44,0
ORN_DP1l,JO-CA2,28,16,10603,44,0
LB3a,SNxx26,19,25,10603,44,0
LB3a,ORN_VA2,19,25,10603,44,0
SNpp16,HBeyelet,36,8,10603,44,0
SNpp16,PhG1a,36,8,10603,44,0
TRN_VP1m,ORN_DL5,24,20,10603,44,0
TRN_VP1m,WG2,24,20,10603,44,0
TRN_VP1m,LgAG3,24,20,10603,44,0
TRN_VP1m,PhG1b,24,20,10603,44,0
TRN_VP1m,BM_vOcci_vPoOr,24,20,10603,44,0
TRN_VP1m,LB1e,24,20,10603,44,0
TRN_VP1m,SNxx30,24,20,10603,44,0
PhG9,ORN_DC1,22,22,10603,44,0
PhG9,SNpp62,22,22,10603,44,0
PhG9,SNpp58,22,22,10603,44,0
PhG9,SNxx19,22,22,10603,44,0
PhG9,SNxx21,22,22,10603,44,0
PhG9,JO-B3,22,22,10603,44,0
BM_Hau,ORN_VA1v,27,17,10603,44,0
BM_Hau,JO-A1,27,17,10603,44,0
BM_Hau,SNpp05,27,17,10603,44,0
BM_Hau,SNxx28,27,17,10603,44,0
BM_Hau,ORN_VM5v,27,17,10603,44,0
BM_Hau,SNpp31,27,17,10603,44,0
BM_Hau,SNpp17,27,17,10603,44,0
BM_Hau,SNpp01,27,17,10603,44,0
ORN_DP1m,LB4a,35,9,10603,44,0
ORN_DP1m,PhG3,35,9,10603,44,0
ORN_DP1m,SApp21,35,9,10603,44,0
ORN_DP1m,LgAG6,35,9,10603,44,0
ORN_DP1m,tpn MN,35,9,10603,44,0
ORN_DP1m,JO-B4_a,35,9,10603,44,0
JO-B4_b,ORN_VA1v,27,17,10603,44,0
JO-B4_b,JO-A1,27,17,10603,44,0
JO-B4_b,SNpp05,27,17,10603,44,0
JO-B4_b,SNxx28,27,17,10603,44,0
JO-B4_b,ORN_VM5v,27,17,10603,44,0
JO-B4_b,SNpp31,27,17,10603,44,0
JO-B4_b,SNpp17,27,17,10603,44,0
JO-B4_b,SNpp01,27,17,10603,44,0
R8_unclear,SNta31,11,33,10603,44,0
WG4,SNxx17,23,21,10603,44,0
WG4,ORN_DL2v,23,21,10603,44,0
ORN_DM1,TRN_VP2,26,18,10603,44,0
ORN_DM1,aPhM2b,26,18,10603,44,0
ORN_DM1,ORN_VC1,26,18,10603,44,0
ORN_DM1,ORN_VM7d,26,18,10603,44,0
ORN_DM1,LgAG2,26,18,10603,44,0
ORN_DM1,DNx01,26,18,10603,44,0
JO-ED2_c,ORN_DA3,39,5,10603,44,0
BM_Vib,HRN_VP1l,34,10,10603,44,0
BM_Vib,PhG6,34,10,10603,44,0
BM_Vib,LN-DN1,34,10,10603,44,0
BM_Vib,ORN_DM4,34,10,10603,44,0
BM_Vib,ORN_DM6,34,10,10603,44,0
BM_Vib,ORN_VA3,34,10,10603,44,0
HRN_VP1d,ORN_DM2,31,13,10603,44,0
HRN_VP1d,DNg20,31,13,10603,44,0
HRN_VP1d,SNxx06,31,13,10603,44,0
HRN_VP1d,SNpp15,31,13,10603,44,0
HRN_VP1d,ORN_DA2,31,13,10603,44,0
HRN_VP1d,PhG16,31,13,10603,44,0
HRN_VP1d,SNpp18,31,13,10603,44,0
HRN_VP1d,LgAG8,31,13,10603,44,0
ORN_DC1,SNpp62,22,22,10603,44,0
ORN_DC1,SNpp58,22,22,10603,44,0
ORN_DC1,SNxx19,22,22,10603,44,0
ORN_DC1,SNxx21,22,22,10603,44,0
ORN_DC1,JO-B3,22,22,10603,44,0
GNG642,ORN_VA6,16,28,10603,44,0
GNG642,ENS4,16,28,10603,44,0
GNG642,SNta26,16,28,10603,44,0
SNxx11,LgAG9,29,15,10603,44,0
SNxx11,ORN_VA1d,29,15,10603,44,0
SNxx11,SNpp57,29,15,10603,44,0
SNxx11,LB1b,29,15,10603,44,0
SNxx11,SNpp12,29,15,10603,44,0
SNxx11,PhG8,29,15,10603,44,0
ORN_DC4,LgAG9,29,15,10603,44,0
ORN_DC4,ORN_VA1d,29,15,10603,44,0
ORN_DC4,SNpp57,29,15,10603,44,0
ORN_DC4,LB1b,29,15,10603,44,0
ORN_DC4,SNpp12,29,15,10603,44,0
ORN_DC4,PhG8,29,15,10603,44,0
ORN_DM2,JO-ED1,13,31,10603,44,0
ORN_DM2,SApp13,13,31,10603,44,0
SApp23,ORN_VA1v,27,17,10603,44,0
SApp23,JO-A1,27,17,10603,44,0
SApp23,SNpp05,27,17,10603,44,0
SApp23,SNxx28,27,17,10603,44,0
SApp23,ORN_VM5v,27,17,10603,44,0
SApp23,SNpp31,27,17,10603,44,0
SApp23,SNpp17,27,17,10603,44,0
SApp23,SNpp01,27,17,10603,44,0
GNG654,JO-CL,14,30,10603,44,0
GNG654,SNpp41,14,30,10603,44,0
SNpp47,ORN_DA3,39,5,10603,44,0
TRN_VP2,SNpp10,18,26,10603,44,0
TRN_VP2,SApp01,18,26,10603,44,0
aPhM2b,SNpp10,18,26,10603,44,0
aPhM2b,SApp01,18,26,10603,44,0
LB1c,ORN_VA1d,29,15,10603,44,0
LB1c,SNpp57,29,15,10603,44,0
LB1c,SNpp12,29,15,10603,44,0
JO-CL,HRN_VP5,30,14,10603,44,0
JO-CL,LB4b,30,14,10603,44,0
JO-CL,SNxx24,30,14,10603,44,0
JO-CL,ORN_VC5,30,14,10603,44,0
JO-CL,PhG4,30,14,10603,44,0
JO-CL,SNpp06,30,14,10603,44,0
JO-CL,BM_MaPa,30,14,10603,44,0
JO-CL,PhG14,30,14,10603,44,0
JO-CL,SNpp56,30,14,10603,44,0
JO-CL,JO-B2,30,14,10603,44,0
JO-CL,JO-B1_c,30,14,10603,44,0
LgAG9,"SNpp29,SNpp63",15,29,10603,44,0
LgAG9,"SNta04,SNta11",15,29,10603,44,0
ORN_VL2p,ORN_VA1v,27,17,10603,44,0
ORN_VL2p,JO-A1,27,17,10603,44,0
ORN_VL2p,SNpp05,27,17,10603,44,0
ORN_VL2p,SNxx28,27,17,10603,44,0
ORN_VL2p,ORN_VM5v,27,17,10603,44,0
ORN_VL2p,SNpp31,27,17,10603,44,0
ORN_VL2p,SNpp17,27,17,10603,44,0
ORN_VL2p,SNpp01,27,17,10603,44,0
ORN_DL5,SNpp02,20,24,10603,44,0
ENS3,SApp14,12,32,10603,44,0
ENS3,SNpp07,12,32,10603,44,0
SNpp43,R8d,41,3,10603,44,0
PhG1c,HRN_VP1l,34,10,10603,44,0
PhG1c,PhG6,34,10,10603,44,0
PhG1c,LN-DN1,34,10,10603,44,0
PhG1c,ORN_DM4,34,10,10603,44,0
PhG1c,ORN_DM6,34,10,10603,44,0
PhG1c,ORN_VA3,34,10,10603,44,0
SNpp41,HRN_VP5,30,14,10603,44,0
SNpp41,LB4b,30,14,10603,44,0
SNpp41,SNxx24,30,14,10603,44,0
SNpp41,ORN_VC5,30,14,10603,44,0
SNpp41,PhG4,30,14,10603,44,0
SNpp41,SNpp06,30,14,10603,44,0
SNpp41,BM_MaPa,30,14,10603,44,0
SNpp41,PhG14,30,14,10603,44,0
SNpp41,SNpp56,30,14,10603,44,0
SNpp41,JO-B2,30,14,10603,44,0
SNpp41,JO-B1_c,30,14,10603,44,0
JO-ED1,DNg20,31,13,10603,44,0
JO-ED1,SNxx06,31,13,10603,44,0
JO-ED1,SNpp15,31,13,10603,44,0
JO-ED1,ORN_DA2,31,13,10603,44,0
JO-ED1,PhG16,31,13,10603,44,0
JO-ED1,SNpp18,31,13,10603,44,0
JO-ED1,LgAG8,31,13,10603,44,0
SNpp35,SNxx26,19,25,10603,44,0
SNpp35,ORN_VA2,19,25,10603,44,0
WG2,SNpp02,20,24,10603,44,0
LgAG3,SNpp02,20,24,10603,44,0
"SApp11,SApp18",LB4a,35,9,10603,44,0
"SApp11,SApp18",PhG3,35,9,10603,44,0
"SApp11,SApp18",SApp21,35,9,10603,44,0
"SApp11,SApp18",LgAG6,35,9,10603,44,0
"SApp11,SApp18",tpn MN,35,9,10603,44,0
"SApp11,SApp18",JO-B4_a,35,9,10603,44,0
SNxx14,HBeyelet,36,8,10603,44,0
SNxx14,PhG1a,36,8,10603,44,0
SNxx17,ORN_D,21,23,10603,44,0
ORN_V,ORN_VA6,16,28,10603,44,0
ORN_V,ENS4,16,28,10603,44,0
ORN_V,SNta26,16,28,10603,44,0
ORN_VA1v,SNta33,17,27,10603,44,0
JO-A1,SNta33,17,27,10603,44,0
SNch10,HBeyelet,36,8,10603,44,0
SNch10,PhG1a,36,8,10603,44,0
SNxx26,LgAG5,25,19,10603,44,0
SNxx26,LgAG7,25,19,10603,44,0
SNxx26,ORN_DL2d,25,19,10603,44,0
SNxx26,JO-B1_a,25,19,10603,44,0
SNxx26,SNta13,25,19,10603,44,0
ORN_VA2,LgAG5,25,19,10603,44,0
ORN_VA2,LgAG7,25,19,10603,44,0
ORN_VA2,ORN_DL2d,25,19,10603,44,0
ORN_VA2,JO-B1_a,25,19,10603,44,0
ORN_VA2,SNta13,25,19,10603,44,0
SNpp10,ORN_VC1,26,18,10603,44,0
SNpp10,ORN_VM7d,26,18,10603,44,0
SNpp10,LgAG2,26,18,10603,44,0
SNpp10,DNx01,26,18,10603,44,0
PhG1b,SNpp02,20,24,10603,44,0
ORN_VA6,PhG10,28,16,10603,44,0
ORN_VA6,ORN_VL1,28,16,10603,44,0
ORN_VA6,LgLG4,28,16,10603,44,0
ORN_VA6,SNpp11,28,16,10603,44,0
ORN_VA6,ENS5,28,16,10603,44,0
ORN_VA6,dorsal_tpGRN,28,16,10603,44,0
ORN_VA6,JO-CA2,28,16,10603,44,0
SNpp62,SNpp58,22,22,10603,44,0
SNpp62,SNxx19,22,22,10603,44,0
SNpp62,SNxx21,22,22,10603,44,0
SNpp62,JO-B3,22,22,10603,44,0
PhG10,ENS4,16,28,10603,44,0
PhG10,SNta26,16,28,10603,44,0
SApp01,ORN_VC1,26,18,10603,44,0
SApp01,ORN_VM7d,26,18,10603,44,0
SApp01,LgAG2,26,18,10603,44,0
SApp01,DNx01,26,18,10603,44,0
ORN_DL2v,ORN_D,21,23,10603,44,0
"SNpp29,SNpp63",ORN_VA1d,29,15,10603,44,0
"SNpp29,SNpp63",SNpp57,29,15,10603,44,0
"SNpp29,SNpp63",LB1b,29,15,10603,44,0
"SNpp29,SNpp63",SNpp12,29,15,10603,44,0
"SNpp29,SNpp63",PhG8,29,15,10603,44,0
BM_vOcci_vPoOr,SNpp02,20,24,10603,44,0
LB1a,SNta31,11,33,10603,44,0
DNg20,SApp13,13,31,10603,44,0
ORN_VL1,ENS4,16,28,10603,44,0
ORN_VL1,SNta26,16,28,10603,44,0
ORN_VM4,SApp14,12,32,10603,44,0
ORN_VM4,SNpp07,12,32,10603,44,0
SNpp33,ORN_DA3,39,5,10603,44,0
LB1e,SNpp02,20,24,10603,44,0
SNta18,HBeyelet,36,8,10603,44,0
SNta18,PhG1a,36,8,10603,44,0
ORN_VA1d,"SNta04,SNta11",15,29,10603,44,0
SNpp57,"SNta04,SNta11",15,29,10603,44,0
ENS4,LgLG4,28,16,10603,44,0
ENS4,ORN_VM5d,28,16,10603,44,0
ENS4,SNpp11,28,16,10603,44,0
ENS4,ALBN1,28,16,10603,44,0
ENS4,ENS5,28,16,10603,44,0
ENS4,dorsal_tpGRN,28,16,10603,44,0
ENS4,JO-CA2,28,16,10603,44,0
ENS1,SApp14,12,32,10603,44,0
ENS1,SNpp07,12,32,10603,44,0
PhG13,SApp14,12,32,10603,44,0
PhG13,SNpp07,12,32,10603,44,0
SApp14,ORN_DC2,32,12,10603,44,0
SApp14,SNpp37,32,12,10603,44,0
SApp14,ORN_VC4,32,12,10603,44,0
SApp14,b2 MN,32,12,10603,44,0
LgLG4,SNta26,16,28,10603,44,0
LB1b,"SNta04,SNta11",15,29,10603,44,0
SNpp58,SNxx19,22,22,10603,44,0
SNpp58,SNxx21,22,22,10603,44,0
SNpp58,JO-B3,22,22,10603,44,0
SNxx30,SNpp02,20,24,10603,44,0
SNpp07,ORN_DC2,32,12,10603,44,0
SNpp07,SNpp37,32,12,10603,44,0
SNpp07,ORN_VC4,32,12,10603,44,0
SNpp07,b2 MN,32,12,10603,44,0
SNpp21,SNta31,11,33,10603,44,0
ORN_VM7v,SNta31,11,33,10603,44,0
ORN_VM5d,SNta26,16,28,10603,44,0
SApp13,SNxx06,31,13,10603,44,0
SApp13,SNpp15,31,13,10603,44,0
SApp13,ORN_DA2,31,13,10603,44,0
SApp13,PhG16,31,13,10603,44,0
SApp13,SNpp18,31,13,10603,44,0
SApp13,LgAG8,31,13,10603,44,0
SNxx19,SNxx21,22,22,10603,44,0
SNxx19,JO-B3,22,22,10603,44,0
SNxx21,JO-B3,22,22,10603,44,0
SNpp05,SNta33,17,27,10603,44,0
SNxx28,SNta33,17,27,10603,44,0
ORN_VM5v,SNta33,17,27,10603,44,0
ORN_DL1,SNta31,11,33,10603,44,0
"SNta04,SNta11",SNpp12,29,15,10603,44,0
"SNta04,SNta11",PhG8,29,15,10603,44,0
SNpp11,SNta26,16,28,10603,44,0
SNpp31,SNta33,17,27,10603,44,0
ALBN1,SNta26,16,28,10603,44,0
ENS5,SNta26,16,28,10603,44,0
dorsal_tpGRN,SNta26,16,28,10603,44,0
SNta26,JO-CA2,28,16,10603,44,0
SNta33,SNpp17,27,17,10603,44,0
SNta33,SNpp01,27,17,10603,44,0
SNxx07,R7y,32,11,10604,43,0
SNxx07,R7p,32,11,10604,43,0
SNxx07,R8p,32,11,10604,43,0
SNxx07,SNxx09,32,11,10604,43,0
SNxx07,LgLG2,32,11,10604,43,0
SNxx07,R8_unclear,32,11,10604,43,0
SNxx07,LB1a,32,11,10604,43,0
SNxx07,SNpp21,32,11,10604,43,0
SNxx07,ORN_VM7v,32,11,10604,43,0
SNxx07,ORN_DL1,32,11,10604,43,0
SNxx08,WG4,20,23,10604,43,0
SNxx08,ORN_D,20,23,10604,43,0
TPMN1,R8d,40,3,10604,43,0
R7_unclear,SNta14,15,28,10604,43,0
R7_unclear,ENS2,15,28,10604,43,0
R7_unclear,ORN_DP1l,15,28,10604,43,0
R7_unclear,ORN_VA6,15,28,10604,43,0
R7_unclear,ENS4,15,28,10604,43,0
R7_unclear,SNta26,15,28,10604,43,0
aPhM5,GNG654,29,14,10604,43,0
aPhM5,HRN_VP5,29,14,10604,43,0
aPhM5,LB4b,29,14,10604,43,0
aPhM5,SNxx24,29,14,10604,43,0
aPhM5,ORN_VC5,29,14,10604,43,0
aPhM5,PhG4,29,14,10604,43,0
aPhM5,SNpp06,29,14,10604,43,0
aPhM5,BM_MaPa,29,14,10604,43,0
aPhM5,PhG14,29,14,10604,43,0
aPhM5,SNpp56,29,14,10604,43,0
aPhM5,JO-B2,29,14,10604,43,0
aPhM5,JO-B1_c,29,14,10604,43,0
TPMN2,LB3b,26,17,10604,43,0
TPMN2,ORN_VA1v,26,17,10604,43,0
TPMN2,JO-A1,26,17,10604,43,0
TPMN2,SNpp05,26,17,10604,43,0
TPMN2,SNxx28,26,17,10604,43,0
TPMN2,ORN_VM5v,26,17,10604,43,0
TPMN2,SNpp31,26,17,10604,43,0
TPMN2,SNpp17,26,17,10604,43,0
TPMN2,SNpp01,26,17,10604,43,0
R7y,aPhM3,11,32,10604,43,0
R7y,SApp14,11,32,10604,43,0
R7y,SNpp07,11,32,10604,43,0
R7p,aPhM3,11,32,10604,43,0
R7p,SApp14,11,32,10604,43,0
R7p,SNpp07,11,32,10604,43,0
R7d,SNpp23,13,30,10604,43,0
R7d,JO-CL,13,30,10604,43,0
R7d,SNpp41,13,30,10604,43,0
LgLG6,SNpp23,13,30,10604,43,0
LgLG6,JO-CL,13,30,10604,43,0
LgLG6,SNpp41,13,30,10604,43,0
aPhM3,R8p,32,11,10604,43,0
aPhM3,SNxx09,32,11,10604,43,0
aPhM3,LgLG2,32,11,10604,43,0
aPhM3,R8_unclear,32,11,10604,43,0
aPhM3,LB1a,32,11,10604,43,0
aPhM3,SNpp21,32,11,10604,43,0
aPhM3,ORN_VM7v,32,11,10604,43,0
aPhM3,ORN_DL1,32,11,10604,43,0
JO-A2,LgLG7,36,7,10604,43,0
JO-A2,DNg83,36,7,10604,43,0
JO-A2,ORN_DL3,36,7,10604,43,0
JO-A2,ORN_DM3,36,7,10604,43,0
aPhM4,TRN_VP1m,19,24,10604,43,0
aPhM4,SNpp02,19,24,10604,43,0
GNG643,GNG642,27,16,10604,43,0
GNG643,ORN_V,27,16,10604,43,0
GNG643,PhG10,27,16,10604,43,0
GNG643,ORN_VL1,27,16,10604,43,0
GNG643,LgLG4,27,16,10604,43,0
GNG643,ORN_VM5d,27,16,10604,43,0
GNG643,SNpp11,27,16,10604,43,0
GNG643,ALBN1,27,16,10604,43,0
GNG643,ENS5,27,16,10604,43,0
GNG643,dorsal_tpGRN,27,16,10604,43,0
GNG643,JO-CA2,27,16,10604,43,0
HRN_VP4,ENS3,31,12,10604,43,0
HRN_VP4,ORN_VM4,31,12,10604,43,0
HRN_VP4,ENS1,31,12,10604,43,0
HRN_VP4,PhG13,31,12,10604,43,0
HRN_VP4,ORN_DC2,31,12,10604,43,0
HRN_VP4,SNpp37,31,12,10604,43,0
HRN_VP4,ORN_VC4,31,12,10604,43,0
HRN_VP4,b2 MN,31,12,10604,43,0
WG3,R8y,33,10,10604,43,0
WG3,HRN_VP1l,33,10,10604,43,0
WG3,PhG6,33,10,10604,43,0
WG3,LN-DN1,33,10,10604,43,0
WG3,ORN_DM4,33,10,10604,43,0
WG3,ORN_DM6,33,10,10604,43,0
WG3,ORN_VA3,33,10,10604,43,0
R8p,SApp14,11,32,10604,43,0
R8p,SNpp07,11,32,10604,43,0
aPhM1,JO-A3,22,21,10604,43,0
aPhM1,ORN_VM6v,22,21,10604,43,0
aPhM1,SNxx17,22,21,10604,43,0
aPhM1,ORN_DL2v,22,21,10604,43,0
SNxx09,SApp14,11,32,10604,43,0
SNxx09,SNpp07,11,32,10604,43,0
ORN_VL2a,LgLG8,34,9,10604,43,0
ORN_VL2a,LB4a,34,9,10604,43,0
ORN_VL2a,PhG3,34,9,10604,43,0
ORN_VL2a,SApp21,34,9,10604,43,0
ORN_VL2a,LgAG6,34,9,10604,43,0
ORN_VL2a,tpn MN,34,9,10604,43,0
ORN_VL2a,JO-B4_a,34,9,10604,43,0
LB3b,ORN_DM1,17,26,10604,43,0
LB3b,SNpp10,17,26,10604,43,0
LB3b,SApp01,17,26,10604,43,0
SNxx15,R8d,40,3,10604,43,0
BM_Vt_PoOc,JO-A3,22,21,10604,43,0
BM_Vt_PoOc,ORN_VM6v,22,21,10604,43,0
BM_Vt_PoOc,SNxx17,22,21,10604,43,0
BM_Vt_PoOc,ORN_DL2v,22,21,10604,43,0
GNG644,WG4,20,23,10604,43,0
GNG644,ORN_D,20,23,10604,43,0
R8y,SNta31,10,33,10604,43,0
LgLG5,ORN_DP1m,8,35,10604,43,0
LgLG5,"SApp11,SApp18",8,35,10604,43,0
JO-A3,PhG9,21,22,10604,43,0
JO-A3,ORN_DC1,21,22,10604,43,0
JO-A3,SNpp62,21,22,10604,43,0
JO-A3,SNpp58,21,22,10604,43,0
JO-A3,SNxx19,21,22,10604,43,0
JO-A3,SNxx21,21,22,10604,43,0
JO-A3,JO-B3,21,22,10604,43,0
ORN_DA1,LgLG8,34,9,10604,43,0
ORN_DA1,LB4a,34,9,10604,43,0
ORN_DA1,PhG3,34,9,10604,43,0
ORN_DA1,SApp21,34,9,10604,43,0
ORN_DA1,LgAG6,34,9,10604,43,0
ORN_DA1,tpn MN,34,9,10604,43,0
ORN_DA1,JO-B4_a,34,9,10604,43,0
SNpp23,ORN_DM2,30,13,10604,43,0
SNpp23,DNg20,30,13,10604,43,0
SNpp23,SNxx06,30,13,10604,43,0
SNpp23,SNpp15,30,13,10604,43,0
SNpp23,ORN_DA2,30,13,10604,43,0
SNpp23,PhG16,30,13,10604,43,0
SNpp23,SNpp18,30,13,10604,43,0
SNpp23,LgAG8,30,13,10604,43,0
WG1,SNta14,15,28,10604,43,0
WG1,ENS2,15,28,10604,43,0
WG1,ORN_DP1l,15,28,10604,43,0
WG1,ORN_VA6,15,28,10604,43,0
WG1,ENS4,15,28,10604,43,0
WG1,SNta26,15,28,10604,43,0
SNta14,LgAG9,28,15,10604,43,0
SNta14,ORN_VA1d,28,15,10604,43,0
SNta14,SNpp57,28,15,10604,43,0
SNta14,LB1b,28,15,10604,43,0
SNta14,SNpp12,28,15,10604,43,0
SNta14,PhG8,28,15,10604,43,0
LgLG2,SApp14,11,32,10604,43,0
LgLG2,SNpp07,11,32,10604,43,0
TRN_VP3a,LB3c,18,25,10604,43,0
TRN_VP3a,SNxx26,18,25,10604,43,0
TRN_VP3a,ORN_VA2,18,25,10604,43,0
LB3d,GNG642,27,16,10604,43,0
LB3d,ORN_V,27,16,10604,43,0
LB3d,PhG10,27,16,10604,43,0
LB3d,ORN_VL1,27,16,10604,43,0
LB3d,LgLG4,27,16,10604,43,0
LB3d,ORN_VM5d,27,16,10604,43,0
LB3d,SNpp11,27,16,10604,43,0
LB3d,ALBN1,27,16,10604,43,0
LB3d,ENS5,27,16,10604,43,0
LB3d,dorsal_tpGRN,27,16,10604,43,0
LB3d,JO-CA2,27,16,10604,43,0
SNxx02,GNG642,27,16,10604,43,0
SNxx02,ORN_V,27,16,10604,43,0
SNxx02,PhG10,27,16,10604,43,0
SNxx02,ORN_VL1,27,16,10604,43,0
SNxx02,LgLG4,27,16,10604,43,0
SNxx02,ORN_VM5d,27,16,10604,43,0
SNxx02,SNpp11,27,16,10604,43,0
SNxx02,ALBN1,27,16,10604,43,0
SNxx02,ENS5,27,16,10604,43,0
SNxx02,dorsal_tpGRN,27,16,10604,43,0
SNxx02,JO-CA2,27,16,10604,43,0
LgLG8,BM_Vib,9,34,10604,43,0
LgLG8,PhG1c,9,34,10604,43,0
LB3c,TRN_VP2,25,18,10604,43,0
LB3c,aPhM2b,25,18,10604,43,0
LB3c,ORN_VC1,25,18,10604,43,0
LB3c,ORN_VM7d,25,18,10604,43,0
LB3c,LgAG2,25,18,10604,43,0
LB3c,DNx01,25,18,10604,43,0
ORN_VM6v,PhG9,21,22,10604,43,0
ORN_VM6v,ORN_DC1,21,22,10604,43,0
ORN_VM6v,SNpp62,21,22,10604,43,0
ORN_VM6v,SNpp58,21,22,10604,43,0
ORN_VM6v,SNxx19,21,22,10604,43,0
ORN_VM6v,SNxx21,21,22,10604,43,0
ORN_VM6v,JO-B3,21,22,10604,43,0
ENS2,LgAG9,28,15,10604,43,0
ENS2,ORN_VA1d,28,15,10604,43,0
ENS2,SNpp57,28,15,10604,43,0
ENS2,LB1b,28,15,10604,43,0
ENS2,SNpp12,28,15,10604,43,0
ENS2,PhG8,28,15,10604,43,0
ORN_DP1l,LgAG9,28,15,10604,43,0
ORN_DP1l,ORN_VA1d,28,15,10604,43,0
ORN_DP1l,SNpp57,28,15,10604,43,0
ORN_DP1l,LB1b,28,15,10604,43,0
ORN_DP1l,SNpp12,28,15,10604,43,0
ORN_DP1l,PhG8,28,15,10604,43,0
LB3a,TRN_VP1m,19,24,10604,43,0
LB3a,SNpp02,19,24,10604,43,0
SNpp16,LgLG7,36,7,10604,43,0
SNpp16,DNg83,36,7,10604,43,0
SNpp16,ORN_DL3,36,7,10604,43,0
SNpp16,ORN_DM3,36,7,10604,43,0
TRN_VP1m,SNpp35,24,19,10604,43,0
TRN_VP1m,LgAG5,24,19,10604,43,0
TRN_VP1m,LgAG7,24,19,10604,43,0
TRN_VP1m,ORN_DL2d,24,19,10604,43,0
TRN_VP1m,JO-B1_a,24,19,10604,43,0
TRN_VP1m,SNta13,24,19,10604,43,0
PhG9,SNxx17,22,21,10604,43,0
PhG9,ORN_DL2v,22,21,10604,43,0
BM_Hau,ORN_V,27,16,10604,43,0
BM_Hau,PhG10,27,16,10604,43,0
BM_Hau,ORN_VL1,27,16,10604,43,0
BM_Hau,LgLG4,27,16,10604,43,0
BM_Hau,ORN_VM5d,27,16,10604,43,0
BM_Hau,SNpp11,27,16,10604,43,0
BM_Hau,ALBN1,27,16,10604,43,0
BM_Hau,ENS5,27,16,10604,43,0
BM_Hau,dorsal_tpGRN,27,16,10604,43,0
BM_Hau,JO-CA2,27,16,10604,43,0
ORN_DP1m,HBeyelet,35,8,10604,43,0
ORN_DP1m,PhG1a,35,8,10604,43,0
JO-B4_b,GNG642,27,16,10604,43,0
JO-B4_b,ORN_V,27,16,10604,43,0
JO-B4_b,PhG10,27,16,10604,43,0
JO-B4_b,ORN_VL1,27,16,10604,43,0
JO-B4_b,LgLG4,27,16,10604,43,0
JO-B4_b,ORN_VM5d,27,16,10604,43,0
JO-B4_b,SNpp11,27,16,10604,43,0
JO-B4_b,ALBN1,27,16,10604,43,0
JO-B4_b,ENS5,27,16,10604,43,0
JO-B4_b,dorsal_tpGRN,27,16,10604,43,0
JO-B4_b,JO-CA2,27,16,10604,43,0
R8_unclear,SApp14,11,32,10604,43,0
R8_unclear,SNpp07,11,32,10604,43,0
WG4,ORN_DL5,23,20,10604,43,0
WG4,WG2,23,20,10604,43,0
WG4,LgAG3,23,20,10604,43,0
WG4,PhG1b,23,20,10604,43,0
WG4,BM_vOcci_vPoOr,23,20,10604,43,0
WG4,LB1e,23,20,10604,43,0
WG4,SNxx30,23,20,10604,43,0
ORN_DM1,ORN_VA1v,26,17,10604,43,0
ORN_DM1,JO-A1,26,17,10604,43,0
ORN_DM1,SNpp05,26,17,10604,43,0
ORN_DM1,SNxx28,26,17,10604,43,0
ORN_DM1,ORN_VM5v,26,17,10604,43,0
ORN_DM1,SNpp31,26,17,10604,43,0
ORN_DM1,SNpp17,26,17,10604,43,0
ORN_DM1,SNpp01,26,17,10604,43,0
BM_Vib,LB4a,34,9,10604,43,0
BM_Vib,PhG3,34,9,10604,43,0
BM_Vib,SApp21,34,9,10604,43,0
BM_Vib,LgAG6,34,9,10604,43,0
BM_Vib,tpn MN,34,9,10604,43,0
BM_Vib,JO-B4_a,34,9,10604,43,0
HRN_VP1d,ENS3,31,12,10604,43,0
HRN_VP1d,ORN_VM4,31,12,10604,43,0
HRN_VP1d,ENS1,31,12,10604,43,0
HRN_VP1d,PhG13,31,12,10604,43,0
HRN_VP1d,ORN_DC2,31,12,10604,43,0
HRN_VP1d,SNpp37,31,12,10604,43,0
HRN_VP1d,ORN_VC4,31,12,10604,43,0
HRN_VP1d,b2 MN,31,12,10604,43,0
ORN_DC1,SNxx17,22,21,10604,43,0
ORN_DC1,ORN_DL2v,22,21,10604,43,0
GNG642,SApp23,16,27,10604,43,0
GNG642,ORN_VL2p,16,27,10604,43,0
GNG642,SNta33,16,27,10604,43,0
SNxx11,GNG654,29,14,10604,43,0
SNxx11,HRN_VP5,29,14,10604,43,0
SNxx11,LB4b,29,14,10604,43,0
SNxx11,SNxx24,29,14,10604,43,0
SNxx11,ORN_VC5,29,14,10604,43,0
SNxx11,PhG4,29,14,10604,43,0
SNxx11,SNpp06,29,14,10604,43,0
SNxx11,BM_MaPa,29,14,10604,43,0
SNxx11,PhG14,29,14,10604,43,0
SNxx11,SNpp56,29,14,10604,43,0
SNxx11,JO-B2,29,14,10604,43,0
SNxx11,JO-B1_c,29,14,10604,43,0
ORN_DC4,GNG654,29,14,10604,43,0
ORN_DC4,HRN_VP5,29,14,10604,43,0
ORN_DC4,LB4b,29,14,10604,43,0
ORN_DC4,SNxx24,29,14,10604,43,0
ORN_DC4,ORN_VC5,29,14,10604,43,0
ORN_DC4,PhG4,29,14,10604,43,0
ORN_DC4,SNpp06,29,14,10604,43,0
ORN_DC4,BM_MaPa,29,14,10604,43,0
ORN_DC4,PhG14,29,14,10604,43,0
ORN_DC4,SNpp56,29,14,10604,43,0
ORN_DC4,JO-B2,29,14,10604,43,0
ORN_DC4,JO-B1_c,29,14,10604,43,0
ORN_DM2,JO-CL,13,30,10604,43,0
ORN_DM2,SNpp41,13,30,10604,43,0
SApp23,ORN_V,27,16,10604,43,0
SApp23,PhG10,27,16,10604,43,0
SApp23,ORN_VL1,27,16,10604,43,0
SApp23,LgLG4,27,16,10604,43,0
SApp23,ORN_VM5d,27,16,10604,43,0
SApp23,SNpp11,27,16,10604,43,0
SApp23,ALBN1,27,16,10604,43,0
SApp23,ENS5,27,16,10604,43,0
SApp23,dorsal_tpGRN,27,16,10604,43,0
SApp23,JO-CA2,27,16,10604,43,0
GNG654,LB1c,14,29,10604,43,0
GNG654,"SNpp29,SNpp63",14,29,10604,43,0
GNG654,"SNta04,SNta11",14,29,10604,43,0
TRN_VP2,SNxx26,18,25,10604,43,0
TRN_VP2,ORN_VA2,18,25,10604,43,0
aPhM2b,SNxx26,18,25,10604,43,0
aPhM2b,ORN_VA2,18,25,10604,43,0
LB1c,HRN_VP5,29,14,10604,43,0
LB1c,LB4b,29,14,10604,43,0
LB1c,SNxx24,29,14,10604,43,0
LB1c,ORN_VC5,29,14,10604,43,0
LB1c,PhG4,29,14,10604,43,0
LB1c,SNpp06,29,14,10604,43,0
LB1c,BM_MaPa,29,14,10604,43,0
LB1c,SNpp56,29,14,10604,43,0
LB1c,JO-B2,29,14,10604,43,0
LB1c,JO-B1_c,29,14,10604,43,0
JO-CL,DNg20,30,13,10604,43,0
JO-CL,SNxx06,30,13,10604,43,0
JO-CL,SNpp15,30,13,10604,43,0
JO-CL,ORN_DA2,30,13,10604,43,0
JO-CL,PhG16,30,13,10604,43,0
JO-CL,SNpp18,30,13,10604,43,0
JO-CL,LgAG8,30,13,10604,43,0
LgAG9,ORN_VA6,15,28,10604,43,0
LgAG9,ENS4,15,28,10604,43,0
LgAG9,SNta26,15,28,10604,43,0
ORN_VL2p,ORN_V,27,16,10604,43,0
ORN_VL2p,PhG10,27,16,10604,43,0
ORN_VL2p,ORN_VL1,27,16,10604,43,0
ORN_VL2p,LgLG4,27,16,10604,43,0
ORN_VL2p,ORN_VM5d,27,16,10604,43,0
ORN_VL2p,SNpp11,27,16,10604,43,0
ORN_VL2p,ALBN1,27,16,10604,43,0
ORN_VL2p,ENS5,27,16,10604,43,0
ORN_VL2p,dorsal_tpGRN,27,16,10604,43,0
ORN_VL2p,JO-CA2,27,16,10604,43,0
ORN_DL5,ORN_D,20,23,10604,43,0
ENS3,JO-ED1,12,31,10604,43,0
ENS3,SApp13,12,31,10604,43,0
PhG1c,LB4a,34,9,10604,43,0
PhG1c,SApp21,34,9,10604,43,0
PhG1c,LgAG6,34,9,10604,43,0
PhG1c,tpn MN,34,9,10604,43,0
PhG1c,JO-B4_a,34,9,10604,43,0
SNpp41,DNg20,30,13,10604,43,0
SNpp41,SNxx06,30,13,10604,43,0
SNpp41,SNpp15,30,13,10604,43,0
SNpp41,ORN_DA2,30,13,10604,43,0
SNpp41,PhG16,30,13,10604,43,0
SNpp41,SNpp18,30,13,10604,43,0
SNpp41,LgAG8,30,13,10604,43,0
JO-ED1,ORN_VM4,31,12,10604,43,0
JO-ED1,ENS1,31,12,10604,43,0
JO-ED1,PhG13,31,12,10604,43,0
JO-ED1,ORN_DC2,31,12,10604,43,0
JO-ED1,SNpp37,31,12,10604,43,0
JO-ED1,ORN_VC4,31,12,10604,43,0
JO-ED1,b2 MN,31,12,10604,43,0
SNxx25,ORN_DA3,38,5,10604,43,0
SNpp35,SNpp02,19,24,10604,43,0
WG2,ORN_D,20,23,10604,43,0
LgAG3,ORN_D,20,23,10604,43,0
"SApp11,SApp18",HBeyelet,35,8,10604,43,0
"SApp11,SApp18",PhG1a,35,8,10604,43,0
SNxx14,LgLG7,36,7,10604,43,0
SNxx14,DNg83,36,7,10604,43,0
SNxx14,ORN_DL3,36,7,10604,43,0
SNxx14,ORN_DM3,36,7,10604,43,0
SNxx17,SNpp62,21,22,10604,43,0
SNxx17,SNpp58,21,22,10604,43,0
SNxx17,SNxx19,21,22,10604,43,0
SNxx17,SNxx21,21,22,10604,43,0
SNxx17,JO-B3,21,22,10604,43,0
ORN_V,SNta33,16,27,10604,43,0
ORN_VA1v,SNpp10,17,26,10604,43,0
ORN_VA1v,SApp01,17,26,10604,43,0
JO-A1,SNpp10,17,26,10604,43,0
JO-A1,SApp01,17,26,10604,43,0
SNch10,LgLG7,36,7,10604,43,0
SNch10,DNg83,36,7,10604,43,0
SNch10,ORN_DL3,36,7,10604,43,0
SNch10,ORN_DM3,36,7,10604,43,0
SNxx26,ORN_VC1,25,18,10604,43,0
SNxx26,ORN_VM7d,25,18,10604,43,0
SNxx26,LgAG2,25,18,10604,43,0
SNxx26,DNx01,25,18,10604,43,0
ORN_VA2,ORN_VC1,25,18,10604,43,0
ORN_VA2,ORN_VM7d,25,18,10604,43,0
ORN_VA2,LgAG2,25,18,10604,43,0
ORN_VA2,DNx01,25,18,10604,43,0
LgAG5,SNpp02,19,24,10604,43,0
SNpp10,SNpp05,26,17,10604,43,0
SNpp10,SNxx28,26,17,10604,43,0
SNpp10,ORN_VM5v,26,17,10604,43,0
SNpp10,SNpp31,26,17,10604,43,0
SNpp10,SNpp01,26,17,10604,43,0
PhG1b,ORN_D,20,23,10604,43,0
HRN_VP5,"SNpp29,SNpp63",14,29,10604,43,0
HRN_VP5,"SNta04,SNta11",14,29,10604,43,0
ORN_VA6,ORN_VA1d,28,15,10604,43,0
ORN_VA6,SNpp57,28,15,10604,43,0
ORN_VA6,LB1b,28,15,10604,43,0
ORN_VA6,SNpp12,28,15,10604,43,0
ORN_VA6,PhG8,28,15,10604,43,0
SNpp62,ORN_DL2v,22,21,10604,43,0
PhG10,SNta33,16,27,10604,43,0
SApp01,SNpp05,26,17,10604,43,0
SApp01,SNxx28,26,17,10604,43,0
SApp01,ORN_VM5v,26,17,10604,43,0
SApp01,SNpp31,26,17,10604,43,0
SApp01,SNpp17,26,17,10604,43,0
SApp01,SNpp01,26,17,10604,43,0
LgAG7,SNpp02,19,24,10604,43,0
HRN_VP1l,SNta31,10,33,10604,43,0
ORN_DL2v,SNpp58,21,22,10604,43,0
ORN_DL2v,SNxx19,21,22,10604,43,0
ORN_DL2v,SNxx21,21,22,10604,43,0
ORN_DL2v,JO-B3,21,22,10604,43,0
LB4b,"SNpp29,SNpp63",14,29,10604,43,0
LB4b,"SNta04,SNta11",14,29,10604,43,0
SNxx24,"SNpp29,SNpp63",14,29,10604,43,0
SNxx24,"SNta04,SNta11",14,29,10604,43,0
"SNpp29,SNpp63",ORN_VC5,29,14,10604,43,0
"SNpp29,SNpp63",PhG4,29,14,10604,43,0
"SNpp29,SNpp63",SNpp06,29,14,10604,43,0
"SNpp29,SNpp63",BM_MaPa,29,14,10604,43,0
"SNpp29,SNpp63",PhG14,29,14,10604,43,0
"SNpp29,SNpp63",SNpp56,29,14,10604,43,0
"SNpp29,SNpp63",JO-B2,29,14,10604,43,0
"SNpp29,SNpp63",JO-B1_c,29,14,10604,43,0
BM_vOcci_vPoOr,ORN_D,20,23,10604,43,0
LB1a,SApp14,11,32,10604,43,0
LB1a,SNpp07,11,32,10604,43,0
ORN_VL1,SNta33,16,27,10604,43,0
ORN_VM4,SApp13,12,31,10604,43,0
ORN_DL2d,SNpp02,19,24,10604,43,0
PhG6,SNta31,10,33,10604,43,0
ORN_D,LB1e,23,20,10604,43,0
ORN_D,SNxx30,23,20,10604,43,0
SNta18,LgLG7,36,7,10604,43,0
SNta18,DNg83,36,7,10604,43,0
SNta18,ORN_DL3,36,7,10604,43,0
SNta18,ORN_DM3,36,7,10604,43,0
ORN_VA1d,ENS4,15,28,10604,43,0
ORN_VA1d,SNta26,15,28,10604,43,0
SNpp57,ENS4,15,28,10604,43,0
SNpp57,SNta26,15,28,10604,43,0
ENS4,LB1b,28,15,10604,43,0
ENS4,SNpp12,28,15,10604,43,0
ENS4,PhG8,28,15,10604,43,0
ENS1,SApp13,12,31,10604,43,0
PhG13,SApp13,12,31,10604,43,0
SApp14,SNpp21,32,11,10604,43,0
SApp14,ORN_VM7v,32,11,10604,43,0
SApp14,ORN_DL1,32,11,10604,43,0
LgLG4,SNta33,16,27,10604,43,0
LB1b,SNta26,15,28,10604,43,0
SNpp07,SNpp21,32,11,10604,43,0
SNpp07,ORN_VM7v,32,11,10604,43,0
SNpp07,ORN_DL1,32,11,10604,43,0
ORN_VM5d,SNta33,16,27,10604,43,0
ORN_VC5,"SNta04,SNta11",14,29,10604,43,0
PhG4,"SNta04,SNta11",14,29,10604,43,0
SApp13,ORN_DC2,31,12,10604,43,0
SApp13,SNpp37,31,12,10604,43,0
SApp13,ORN_VC4,31,12,10604,43,0
SApp13,b2 MN,31,12,10604,43,0
JO-B1_a,SNpp02,19,24,10604,43,0
SNpp06,"SNta04,SNta11",14,29,10604,43,0
LN-DN1,SNta31,10,33,10604,43,0
ORN_DM4,SNta31,10,33,10604,43,0
SNpp02,SNta13,24,19,10604,43,0
BM_MaPa,"SNta04,SNta11",14,29,10604,43,0
PhG14,"SNta04,SNta11",14,29,10604,43,0
"SNta04,SNta11",SNpp56,29,14,10604,43,0
"SNta04,SNta11",JO-B2,29,14,10604,43,0
"SNta04,SNta11",JO-B1_c,29,14,10604,43,0
SNta31,ORN_DM6,33,10,10604,43,0
SNta31,ORN_VA3,33,10,10604,43,0
SNpp12,SNta26,15,28,10604,43,0
SNpp11,SNta33,16,27,10604,43,0
ALBN1,SNta33,16,27,10604,43,0
ENS5,SNta33,16,27,10604,43,0
dorsal_tpGRN,SNta33,16,27,10604,43,0
SNta26,PhG8,28,15,10604,43,0
SNta33,JO-CA2,27,16,10604,43,0
SNxx07,R8y,32,10,10605,42,0
SNxx07,HRN_VP1l,32,10,10605,42,0
SNxx07,PhG6,32,10,10605,42,0
SNxx07,LN-DN1,32,10,10605,42,0
SNxx07,ORN_DM4,32,10,10605,42,0
SNxx07,ORN_DM6,32,10,10605,42,0
SNxx07,ORN_VA3,32,10,10605,42,0
SNxx08,aPhM1,20,22,10605,42,0
SNxx08,BM_Vt_PoOc,20,22,10605,42,0
SNxx08,PhG9,20,22,10605,42,0
SNxx08,ORN_DC1,20,22,10605,42,0
SNxx08,SNpp62,20,22,10605,42,0
SNxx08,SNpp58,20,22,10605,42,0
SNxx08,SNxx19,20,22,10605,42,0
SNxx08,SNxx21,20,22,10605,42,0
SNxx08,JO-B3,20,22,10605,42,0
R7_unclear,GNG643,15,27,10605,42,0
R7_unclear,LB3d,15,27,10605,42,0
R7_unclear,SNxx02,15,27,10605,42,0
R7_unclear,BM_Hau,15,27,10605,42,0
R7_unclear,JO-B4_b,15,27,10605,42,0
R7_unclear,SApp23,15,27,10605,42,0
R7_unclear,ORN_VL2p,15,27,10605,42,0
R7_unclear,SNta33,15,27,10605,42,0
aPhM5,R7d,29,13,10605,42,0
aPhM5,LgLG6,29,13,10605,42,0
aPhM5,ORN_DM2,29,13,10605,42,0
aPhM5,DNg20,29,13,10605,42,0
aPhM5,SNxx06,29,13,10605,42,0
aPhM5,SNpp15,29,13,10605,42,0
aPhM5,ORN_DA2,29,13,10605,42,0
aPhM5,PhG16,29,13,10605,42,0
aPhM5,SNpp18,29,13,10605,42,0
aPhM5,LgAG8,29,13,10605,42,0
TPMN2,GNG642,26,16,10605,42,0
TPMN2,ORN_V,26,16,10605,42,0
TPMN2,PhG10,26,16,10605,42,0
TPMN2,ORN_VL1,26,16,10605,42,0
TPMN2,LgLG4,26,16,10605,42,0
TPMN2,ORN_VM5d,26,16,10605,42,0
TPMN2,SNpp11,26,16,10605,42,0
TPMN2,ALBN1,26,16,10605,42,0
TPMN2,ENS5,26,16,10605,42,0
TPMN2,dorsal_tpGRN,26,16,10605,42,0
TPMN2,JO-CA2,26,16,10605,42,0
R7y,HRN_VP4,11,31,10605,42,0
R7y,HRN_VP1d,11,31,10605,42,0
R7y,JO-ED1,11,31,10605,42,0
R7y,SApp13,11,31,10605,42,0
R7p,HRN_VP4,11,31,10605,42,0
R7p,HRN_VP1d,11,31,10605,42,0
R7p,JO-ED1,11,31,10605,42,0
R7p,SApp13,11,31,10605,42,0
R7d,SNxx11,13,29,10605,42,0
R7d,ORN_DC4,13,29,10605,42,0
R7d,LB1c,13,29,10605,42,0
R7d,"SNpp29,SNpp63",13,29,10605,42,0
R7d,"SNta04,SNta11",13,29,10605,42,0
LgLG6,SNxx11,13,29,10605,42,0
LgLG6,ORN_DC4,13,29,10605,42,0
LgLG6,LB1c,13,29,10605,42,0
LgLG6,"SNpp29,SNpp63",13,29,10605,42,0
LgLG6,"SNta04,SNta11",13,29,10605,42,0
aPhM3,R8y,32,10,10605,42,0
aPhM3,HRN_VP1l,32,10,10605,42,0
aPhM3,PhG6,32,10,10605,42,0
aPhM3,LN-DN1,32,10,10605,42,0
aPhM3,ORN_DM4,32,10,10605,42,0
aPhM3,ORN_DM6,32,10,10605,42,0
aPhM3,ORN_VA3,32,10,10605,42,0
aPhM4,WG4,19,23,10605,42,0
aPhM4,ORN_D,19,23,10605,42,0
LgLG1b,R8d,39,3,10605,42,0
GNG643,WG1,27,15,10605,42,0
GNG643,LgAG9,27,15,10605,42,0
GNG643,ORN_VA1d,27,15,10605,42,0
GNG643,SNpp57,27,15,10605,42,0
GNG643,LB1b,27,15,10605,42,0
GNG643,SNpp12,27,15,10605,42,0
GNG643,PhG8,27,15,10605,42,0
HRN_VP4,R8p,31,11,10605,42,0
HRN_VP4,SNxx09,31,11,10605,42,0
HRN_VP4,LgLG2,31,11,10605,42,0
HRN_VP4,R8_unclear,31,11,10605,42,0
HRN_VP4,LB1a,31,11,10605,42,0
HRN_VP4,SNpp21,31,11,10605,42,0
HRN_VP4,ORN_VM7v,31,11,10605,42,0
HRN_VP4,ORN_DL1,31,11,10605,42,0
WG3,LgLG8,33,9,10605,42,0
WG3,LB4a,33,9,10605,42,0
WG3,PhG3,33,9,10605,42,0
WG3,SApp21,33,9,10605,42,0
WG3,LgAG6,33,9,10605,42,0
WG3,tpn MN,33,9,10605,42,0
WG3,JO-B4_a,33,9,10605,42,0
R8p,HRN_VP1d,11,31,10605,42,0
R8p,JO-ED1,11,31,10605,42,0
R8p,SApp13,11,31,10605,42,0
aPhM1,GNG644,22,20,10605,42,0
aPhM1,ORN_DL5,22,20,10605,42,0
aPhM1,WG2,22,20,10605,42,0
aPhM1,LgAG3,22,20,10605,42,0
aPhM1,PhG1b,22,20,10605,42,0
aPhM1,BM_vOcci_vPoOr,22,20,10605,42,0
aPhM1,LB1e,22,20,10605,42,0
aPhM1,SNxx30,22,20,10605,42,0
SNxx09,HRN_VP1d,11,31,10605,42,0
SNxx09,JO-ED1,11,31,10605,42,0
SNxx09,SApp13,11,31,10605,42,0
ORN_VL2a,LgLG5,34,8,10605,42,0
ORN_VL2a,HBeyelet,34,8,10605,42,0
ORN_VL2a,PhG1a,34,8,10605,42,0
LB3b,LB3c,17,25,10605,42,0
LB3b,SNxx26,17,25,10605,42,0
LB3b,ORN_VA2,17,25,10605,42,0
BM_Vt_PoOc,GNG644,22,20,10605,42,0
BM_Vt_PoOc,ORN_DL5,22,20,10605,42,0
BM_Vt_PoOc,WG2,22,20,10605,42,0
BM_Vt_PoOc,LgAG3,22,20,10605,42,0
BM_Vt_PoOc,PhG1b,22,20,10605,42,0
BM_Vt_PoOc,BM_vOcci_vPoOr,22,20,10605,42,0
BM_Vt_PoOc,LB1e,22,20,10605,42,0
BM_Vt_PoOc,SNxx30,22,20,10605,42,0
GNG644,PhG9,20,22,10605,42,0
GNG644,ORN_DC1,20,22,10605,42,0
GNG644,SNpp62,20,22,10605,42,0
GNG644,SNpp58,20,22,10605,42,0
GNG644,SNxx19,20,22,10605,42,0
GNG644,SNxx21,20,22,10605,42,0
GNG644,JO-B3,20,22,10605,42,0
R8y,SApp14,10,32,10605,42,0
R8y,SNpp07,10,32,10605,42,0
LgLG5,ORN_DA1,8,34,10605,42,0
LgLG5,BM_Vib,8,34,10605,42,0
LgLG5,PhG1c,8,34,10605,42,0
JO-A3,ORN_VM6v,21,21,10605,42,0
JO-A3,SNxx17,21,21,10605,42,0
JO-A3,ORN_DL2v,21,21,10605,42,0
ORN_DA1,HBeyelet,34,8,10605,42,0
ORN_DA1,PhG1a,34,8,10605,42,0
SNpp23,ENS3,30,12,10605,42,0
SNpp23,ORN_VM4,30,12,10605,42,0
SNpp23,ENS1,30,12,10605,42,0
SNpp23,PhG13,30,12,10605,42,0
SNpp23,ORN_DC2,30,12,10605,42,0
SNpp23,SNpp37,30,12,10605,42,0
SNpp23,ORN_VC4,30,12,10605,42,0
SNpp23,b2 MN,30,12,10605,42,0
WG1,LB3d,15,27,10605,42,0
WG1,SNxx02,15,27,10605,42,0
WG1,BM_Hau,15,27,10605,42,0
WG1,JO-B4_b,15,27,10605,42,0
WG1,SApp23,15,27,10605,42,0
WG1,ORN_VL2p,15,27,10605,42,0
WG1,SNta33,15,27,10605,42,0
SNta14,GNG654,28,14,10605,42,0
SNta14,HRN_VP5,28,14,10605,42,0
SNta14,LB4b,28,14,10605,42,0
SNta14,SNxx24,28,14,10605,42,0
SNta14,ORN_VC5,28,14,10605,42,0
SNta14,PhG4,28,14,10605,42,0
SNta14,SNpp06,28,14,10605,42,0
SNta14,BM_MaPa,28,14,10605,42,0
SNta14,PhG14,28,14,10605,42,0
SNta14,SNpp56,28,14,10605,42,0
SNta14,JO-B2,28,14,10605,42,0
SNta14,JO-B1_c,28,14,10605,42,0
claw_tpGRN,ORN_DA3,37,5,10605,42,0
LgLG2,HRN_VP1d,11,31,10605,42,0
LgLG2,JO-ED1,11,31,10605,42,0
LgLG2,SApp13,11,31,10605,42,0
TRN_VP3a,TRN_VP1m,18,24,10605,42,0
TRN_VP3a,SNpp02,18,24,10605,42,0
LB3d,LgAG9,27,15,10605,42,0
LB3d,ORN_VA1d,27,15,10605,42,0
LB3d,SNpp57,27,15,10605,42,0
LB3d,LB1b,27,15,10605,42,0
LB3d,SNpp12,27,15,10605,42,0
LB3d,PhG8,27,15,10605,42,0
SNxx02,LgAG9,27,15,10605,42,0
SNxx02,ORN_VA1d,27,15,10605,42,0
SNxx02,SNpp57,27,15,10605,42,0
SNxx02,LB1b,27,15,10605,42,0
SNxx02,SNpp12,27,15,10605,42,0
SNxx02,PhG8,27,15,10605,42,0
LgLG8,SNta31,9,33,10605,42,0
LB3c,ORN_VA1v,25,17,10605,42,0
LB3c,JO-A1,25,17,10605,42,0
LB3c,SNpp05,25,17,10605,42,0
LB3c,SNxx28,25,17,10605,42,0
LB3c,ORN_VM5v,25,17,10605,42,0
LB3c,SNpp31,25,17,10605,42,0
LB3c,SNpp17,25,17,10605,42,0
LB3c,SNpp01,25,17,10605,42,0
ORN_VM6v,SNxx17,21,21,10605,42,0
ORN_VM6v,ORN_DL2v,21,21,10605,42,0
ENS2,GNG654,28,14,10605,42,0
ENS2,HRN_VP5,28,14,10605,42,0
ENS2,LB4b,28,14,10605,42,0
ENS2,SNxx24,28,14,10605,42,0
ENS2,ORN_VC5,28,14,10605,42,0
ENS2,PhG4,28,14,10605,42,0
ENS2,SNpp06,28,14,10605,42,0
ENS2,BM_MaPa,28,14,10605,42,0
ENS2,PhG14,28,14,10605,42,0
ENS2,SNpp56,28,14,10605,42,0
ENS2,JO-B2,28,14,10605,42,0
ENS2,JO-B1_c,28,14,10605,42,0
ORN_DP1l,GNG654,28,14,10605,42,0
ORN_DP1l,HRN_VP5,28,14,10605,42,0
ORN_DP1l,LB4b,28,14,10605,42,0
ORN_DP1l,SNxx24,28,14,10605,42,0
ORN_DP1l,ORN_VC5,28,14,10605,42,0
ORN_DP1l,PhG4,28,14,10605,42,0
ORN_DP1l,SNpp06,28,14,10605,42,0
ORN_DP1l,BM_MaPa,28,14,10605,42,0
ORN_DP1l,PhG14,28,14,10605,42,0
ORN_DP1l,SNpp56,28,14,10605,42,0
ORN_DP1l,JO-B2,28,14,10605,42,0
ORN_DP1l,JO-B1_c,28,14,10605,42,0
LB3a,WG4,19,23,10605,42,0
LB3a,ORN_D,19,23,10605,42,0
TRN_VP1m,TRN_VP2,24,18,10605,42,0
TRN_VP1m,aPhM2b,24,18,10605,42,0
TRN_VP1m,ORN_VC1,24,18,10605,42,0
TRN_VP1m,ORN_VM7d,24,18,10605,42,0
TRN_VP1m,LgAG2,24,18,10605,42,0
TRN_VP1m,DNx01,24,18,10605,42,0
PhG9,ORN_DL5,22,20,10605,42,0
PhG9,WG2,22,20,10605,42,0
PhG9,PhG1b,22,20,10605,42,0
PhG9,BM_vOcci_vPoOr,22,20,10605,42,0
PhG9,LB1e,22,20,10605,42,0
PhG9,SNxx30,22,20,10605,42,0
BM_Hau,LgAG9,27,15,10605,42,0
BM_Hau,ORN_VA1d,27,15,10605,42,0
BM_Hau,SNpp57,27,15,10605,42,0
BM_Hau,LB1b,27,15,10605,42,0
BM_Hau,SNpp12,27,15,10605,42,0
BM_Hau,PhG8,27,15,10605,42,0
ORN_DP1m,LgLG7,35,7,10605,42,0
ORN_DP1m,DNg83,35,7,10605,42,0
ORN_DP1m,ORN_DL3,35,7,10605,42,0
ORN_DP1m,ORN_DM3,35,7,10605,42,0
JO-B4_b,LgAG9,27,15,10605,42,0
JO-B4_b,ORN_VA1d,27,15,10605,42,0
JO-B4_b,SNpp57,27,15,10605,42,0
JO-B4_b,LB1b,27,15,10605,42,0
JO-B4_b,SNpp12,27,15,10605,42,0
JO-B4_b,PhG8,27,15,10605,42,0
R8_unclear,HRN_VP1d,11,31,10605,42,0
R8_unclear,JO-ED1,11,31,10605,42,0
R8_unclear,SApp13,11,31,10605,42,0
WG4,SNpp35,23,19,10605,42,0
WG4,LgAG5,23,19,10605,42,0
WG4,LgAG7,23,19,10605,42,0
WG4,ORN_DL2d,23,19,10605,42,0
WG4,JO-B1_a,23,19,10605,42,0
WG4,SNta13,23,19,10605,42,0
ORN_DM1,GNG642,26,16,10605,42,0
ORN_DM1,ORN_V,26,16,10605,42,0
ORN_DM1,PhG10,26,16,10605,42,0
ORN_DM1,ORN_VL1,26,16,10605,42,0
ORN_DM1,LgLG4,26,16,10605,42,0
ORN_DM1,ORN_VM5d,26,16,10605,42,0
ORN_DM1,SNpp11,26,16,10605,42,0
ORN_DM1,ENS5,26,16,10605,42,0
ORN_DM1,dorsal_tpGRN,26,16,10605,42,0
ORN_DM1,JO-CA2,26,16,10605,42,0
JO-ED2_c,R8d,39,3,10605,42,0
BM_Vib,HBeyelet,34,8,10605,42,0
BM_Vib,PhG1a,34,8,10605,42,0
HRN_VP1d,LB1a,31,11,10605,42,0
HRN_VP1d,SNpp21,31,11,10605,42,0
HRN_VP1d,ORN_VM7v,31,11,10605,42,0
HRN_VP1d,ORN_DL1,31,11,10605,42,0
ORN_DC1,ORN_DL5,22,20,10605,42,0
ORN_DC1,WG2,22,20,10605,42,0
ORN_DC1,LgAG3,22,20,10605,42,0
ORN_DC1,PhG1b,22,20,10605,42,0
ORN_DC1,BM_vOcci_vPoOr,22,20,10605,42,0
ORN_DC1,LB1e,22,20,10605,42,0
ORN_DC1,SNxx30,22,20,10605,42,0
GNG642,SNpp10,16,26,10605,42,0
GNG642,SApp01,16,26,10605,42,0
SNxx11,ORN_DM2,29,13,10605,42,0
SNxx11,DNg20,29,13,10605,42,0
SNxx11,SNxx06,29,13,10605,42,0
SNxx11,SNpp15,29,13,10605,42,0
SNxx11,ORN_DA2,29,13,10605,42,0
SNxx11,PhG16,29,13,10605,42,0
SNxx11,SNpp18,29,13,10605,42,0
SNxx11,LgAG8,29,13,10605,42,0
ORN_DC4,ORN_DM2,29,13,10605,42,0
ORN_DC4,DNg20,29,13,10605,42,0
ORN_DC4,SNxx06,29,13,10605,42,0
ORN_DC4,SNpp15,29,13,10605,42,0
ORN_DC4,ORN_DA2,29,13,10605,42,0
ORN_DC4,PhG16,29,13,10605,42,0
ORN_DC4,SNpp18,29,13,10605,42,0
ORN_DC4,LgAG8,29,13,10605,42,0
ORN_DM2,LB1c,13,29,10605,42,0
ORN_DM2,"SNpp29,SNpp63",13,29,10605,42,0
ORN_DM2,"SNta04,SNta11",13,29,10605,42,0
SApp23,LgAG9,27,15,10605,42,0
SApp23,ORN_VA1d,27,15,10605,42,0
SApp23,SNpp57,27,15,10605,42,0
SApp23,LB1b,27,15,10605,42,0
SApp23,SNpp12,27,15,10605,42,0
SApp23,PhG8,27,15,10605,42,0
GNG654,ORN_VA6,14,28,10605,42,0
GNG654,ENS4,14,28,10605,42,0
GNG654,SNta26,14,28,10605,42,0
SNpp47,R8d,39,3,10605,42,0
TRN_VP2,SNpp02,18,24,10605,42,0
aPhM2b,SNpp02,18,24,10605,42,0
LB1c,DNg20,29,13,10605,42,0
LB1c,SNxx06,29,13,10605,42,0
LB1c,SNpp15,29,13,10605,42,0
LB1c,ORN_DA2,29,13,10605,42,0
LB1c,PhG16,29,13,10605,42,0
LB1c,SNpp18,29,13,10605,42,0
JO-CL,ENS3,30,12,10605,42,0
JO-CL,ORN_VM4,30,12,10605,42,0
JO-CL,ENS1,30,12,10605,42,0
JO-CL,PhG13,30,12,10605,42,0
JO-CL,ORN_DC2,30,12,10605,42,0
JO-CL,SNpp37,30,12,10605,42,0
JO-CL,ORN_VC4,30,12,10605,42,0
JO-CL,b2 MN,30,12,10605,42,0
LgAG9,ORN_VL2p,15,27,10605,42,0
LgAG9,SNta33,15,27,10605,42,0
ORN_VL2p,ORN_VA1d,27,15,10605,42,0
ORN_VL2p,SNpp57,27,15,10605,42,0
ORN_VL2p,LB1b,27,15,10605,42,0
ORN_VL2p,SNpp12,27,15,10605,42,0
ORN_VL2p,PhG8,27,15,10605,42,0
ORN_DL5,SNpp62,20,22,10605,42,0
ORN_DL5,SNpp58,20,22,10605,42,0
ORN_DL5,SNxx19,20,22,10605,42,0
ORN_DL5,SNxx21,20,22,10605,42,0
ORN_DL5,JO-B3,20,22,10605,42,0
ENS3,SNpp41,12,30,10605,42,0
PhG1c,HBeyelet,34,8,10605,42,0
SNpp41,ORN_VM4,30,12,10605,42,0
SNpp41,ENS1,30,12,10605,42,0
SNpp41,PhG13,30,12,10605,42,0
SNpp41,ORN_DC2,30,12,10605,42,0
SNpp41,SNpp37,30,12,10605,42,0
SNpp41,ORN_VC4,30,12,10605,42,0
SNpp41,b2 MN,30,12,10605,42,0
JO-ED1,LB1a,31,11,10605,42,0
JO-ED1,SNpp21,31,11,10605,42,0
JO-ED1,ORN_VM7v,31,11,10605,42,0
JO-ED1,ORN_DL1,31,11,10605,42,0
SNpp35,ORN_D,19,23,10605,42,0
WG2,SNpp62,20,22,10605,42,0
WG2,SNpp58,20,22,10605,42,0
WG2,SNxx19,20,22,10605,42,0
WG2,SNxx21,20,22,10605,42,0
WG2,JO-B3,20,22,10605,42,0
LgAG3,SNpp62,20,22,10605,42,0
LgAG3,SNpp58,20,22,10605,42,0
LgAG3,SNxx19,20,22,10605,42,0
LgAG3,SNxx21,20,22,10605,42,0
LgAG3,JO-B3,20,22,10605,42,0
"SApp11,SApp18",LgLG7,35,7,10605,42,0
"SApp11,SApp18",DNg83,35,7,10605,42,0
"SApp11,SApp18",ORN_DL3,35,7,10605,42,0
"SApp11,SApp18",ORN_DM3,35,7,10605,42,0
SNxx17,ORN_DL2v,21,21,10605,42,0
ORN_V,SNpp10,16,26,10605,42,0
ORN_V,SApp01,16,26,10605,42,0
ORN_VA1v,SNxx26,17,25,10605,42,0
ORN_VA1v,ORN_VA2,17,25,10605,42,0
JO-A1,SNxx26,17,25,10605,42,0
JO-A1,ORN_VA2,17,25,10605,42,0
SNxx26,SNpp05,25,17,10605,42,0
SNxx26,SNxx28,25,17,10605,42,0
SNxx26,ORN_VM5v,25,17,10605,42,0
SNxx26,SNpp31,25,17,10605,42,0
SNxx26,SNpp17,25,17,10605,42,0
SNxx26,SNpp01,25,17,10605,42,0
ORN_VA2,SNpp05,25,17,10605,42,0
ORN_VA2,SNxx28,25,17,10605,42,0
ORN_VA2,ORN_VM5v,25,17,10605,42,0
ORN_VA2,SNpp31,25,17,10605,42,0
ORN_VA2,SNpp17,25,17,10605,42,0
ORN_VA2,SNpp01,25,17,10605,42,0
LgAG5,ORN_D,19,23,10605,42,0
SNpp10,PhG10,26,16,10605,42,0
SNpp10,ORN_VL1,26,16,10605,42,0
SNpp10,LgLG4,26,16,10605,42,0
SNpp10,ORN_VM5d,26,16,10605,42,0
SNpp10,SNpp11,26,16,10605,42,0
SNpp10,ALBN1,26,16,10605,42,0
SNpp10,ENS5,26,16,10605,42,0
SNpp10,dorsal_tpGRN,26,16,10605,42,0
SNpp10,JO-CA2,26,16,10605,42,0
PhG1b,SNpp62,20,22,10605,42,0
PhG1b,SNpp58,20,22,10605,42,0
PhG1b,SNxx19,20,22,10605,42,0
PhG1b,SNxx21,20,22,10605,42,0
PhG1b,JO-B3,20,22,10605,42,0
HRN_VP5,ORN_VA6,14,28,10605,42,0
HRN_VP5,ENS4,14,28,10605,42,0
HRN_VP5,SNta26,14,28,10605,42,0
ORN_VA6,LB4b,28,14,10605,42,0
ORN_VA6,SNxx24,28,14,10605,42,0
ORN_VA6,ORN_VC5,28,14,10605,42,0
ORN_VA6,PhG4,28,14,10605,42,0
ORN_VA6,SNpp06,28,14,10605,42,0
ORN_VA6,BM_MaPa,28,14,10605,42,0
ORN_VA6,PhG14,28,14,10605,42,0
ORN_VA6,SNpp56,28,14,10605,42,0
ORN_VA6,JO-B2,28,14,10605,42,0
ORN_VA6,JO-B1_c,28,14,10605,42,0
SNpp62,BM_vOcci_vPoOr,22,20,10605,42,0
SNpp62,LB1e,22,20,10605,42,0
SNpp62,SNxx30,22,20,10605,42,0
PhG10,SApp01,16,26,10605,42,0
SApp01,ORN_VL1,26,16,10605,42,0
SApp01,LgLG4,26,16,10605,42,0
SApp01,ORN_VM5d,26,16,10605,42,0
SApp01,SNpp11,26,16,10605,42,0
SApp01,ALBN1,26,16,10605,42,0
SApp01,ENS5,26,16,10605,42,0
SApp01,dorsal_tpGRN,26,16,10605,42,0
SApp01,JO-CA2,26,16,10605,42,0
LgAG7,ORN_D,19,23,10605,42,0
HRN_VP1l,SApp14,10,32,10605,42,0
HRN_VP1l,SNpp07,10,32,10605,42,0
LB4b,ENS4,14,28,10605,42,0
LB4b,SNta26,14,28,10605,42,0
SNxx24,ENS4,14,28,10605,42,0
SNxx24,SNta26,14,28,10605,42,0
"SNpp29,SNpp63",DNg20,29,13,10605,42,0
"SNpp29,SNpp63",SNxx06,29,13,10605,42,0
"SNpp29,SNpp63",SNpp15,29,13,10605,42,0
"SNpp29,SNpp63",ORN_DA2,29,13,10605,42,0
"SNpp29,SNpp63",PhG16,29,13,10605,42,0
"SNpp29,SNpp63",LgAG8,29,13,10605,42,0
BM_vOcci_vPoOr,SNpp58,20,22,10605,42,0
BM_vOcci_vPoOr,SNxx19,20,22,10605,42,0
BM_vOcci_vPoOr,SNxx21,20,22,10605,42,0
BM_vOcci_vPoOr,JO-B3,20,22,10605,42,0
ORN_VC1,SNpp02,18,24,10605,42,0
LB1a,SApp13,11,31,10605,42,0
DNg20,"SNta04,SNta11",13,29,10605,42,0
ORN_DL2d,ORN_D,19,23,10605,42,0
PhG6,SApp14,10,32,10605,42,0
PhG6,SNpp07,10,32,10605,42,0
R8d,SNpp33,3,39,10605,42,0
ORN_VM7d,SNpp02,18,24,10605,42,0
ORN_D,JO-B1_a,23,19,10605,42,0
ORN_D,SNta13,23,19,10605,42,0
LB1e,SNpp58,20,22,10605,42,0
LB1e,SNxx19,20,22,10605,42,0
LB1e,SNxx21,20,22,10605,42,0
LB1e,JO-B3,20,22,10605,42,0
ORN_VA1d,SNta33,15,27,10605,42,0
SNpp57,SNta33,15,27,10605,42,0
ENS4,ORN_VC5,28,14,10605,42,0
ENS4,PhG4,28,14,10605,42,0
ENS4,SNpp06,28,14,10605,42,0
ENS4,BM_MaPa,28,14,10605,42,0
ENS4,PhG14,28,14,10605,42,0
ENS4,SNpp56,28,14,10605,42,0
ENS4,JO-B2,28,14,10605,42,0
ENS4,JO-B1_c,28,14,10605,42,0
SApp14,LN-DN1,32,10,10605,42,0
SApp14,ORN_DM4,32,10,10605,42,0
SApp14,ORN_DM6,32,10,10605,42,0
SApp14,ORN_VA3,32,10,10605,42,0
LB1b,SNta33,15,27,10605,42,0
SNpp58,SNxx30,22,20,10605,42,0
SNxx30,SNxx19,20,22,10605,42,0
SNxx30,SNxx21,20,22,10605,42,0
SNxx30,JO-B3,20,22,10605,42,0
SNpp07,LN-DN1,32,10,10605,42,0
SNpp07,ORN_DM4,32,10,10605,42,0
SNpp07,ORN_DM6,32,10,10605,42,0
SNpp07,ORN_VA3,32,10,10605,42,0
SNpp21,SApp13,11,31,10605,42,0
ORN_VM7v,SApp13,11,31,10605,42,0
ORN_VC5,SNta26,14,28,10605,42,0
PhG4,SNta26,14,28,10605,42,0
LgAG2,SNpp02,18,24,10605,42,0
SApp13,ORN_DL1,31,11,10605,42,0
SNxx06,"SNta04,SNta11",13,29,10605,42,0
SNpp06,SNta26,14,28,10605,42,0
SNpp15,"SNta04,SNta11",13,29,10605,42,0
ORN_DA2,"SNta04,SNta11",13,29,10605,42,0
SNpp02,DNx01,24,18,10605,42,0
BM_MaPa,SNta26,14,28,10605,42,0
PhG14,SNta26,14,28,10605,42,0
"SNta04,SNta11",PhG16,29,13,10605,42,0
"SNta04,SNta11",SNpp18,29,13,10605,42,0
"SNta04,SNta11",LgAG8,29,13,10605,42,0
SNta31,LB4a,33,9,10605,42,0
SNta31,PhG3,33,9,10605,42,0
SNta31,SApp21,33,9,10605,42,0
SNta31,LgAG6,33,9,10605,42,0
SNta31,tpn MN,33,9,10605,42,0
SNta31,JO-B4_a,33,9,10605,42,0
SNpp12,SNta33,15,27,10605,42,0
SNpp56,SNta26,14,28,10605,42,0
JO-B2,SNta26,14,28,10605,42,0
SNta26,JO-B1_c,28,14,10605,42,0
SNta33,PhG8,27,15,10605,42,0
SNxx07,LgLG8,32,9,10606,41,0
SNxx07,LB4a,32,9,10606,41,0
SNxx07,PhG3,32,9,10606,41,0
SNxx07,SApp21,32,9,10606,41,0
SNxx07,LgAG6,32,9,10606,41,0
SNxx07,tpn MN,32,9,10606,41,0
SNxx07,JO-B4_a,32,9,10606,41,0
SNxx08,JO-A3,20,21,10606,41,0
SNxx08,ORN_VM6v,20,21,10606,41,0
SNxx08,SNxx17,20,21,10606,41,0
SNxx08,ORN_DL2v,20,21,10606,41,0
R7_unclear,TPMN2,15,26,10606,41,0
R7_unclear,ORN_DM1,15,26,10606,41,0
R7_unclear,SNpp10,15,26,10606,41,0
R7_unclear,SApp01,15,26,10606,41,0
aPhM5,ENS3,29,12,10606,41,0
aPhM5,ORN_VM4,29,12,10606,41,0
aPhM5,ENS1,29,12,10606,41,0
aPhM5,PhG13,29,12,10606,41,0
aPhM5,ORN_DC2,29,12,10606,41,0
aPhM5,SNpp37,29,12,10606,41,0
aPhM5,ORN_VC4,29,12,10606,41,0
aPhM5,b2 MN,29,12,10606,41,0
TPMN2,WG1,26,15,10606,41,0
TPMN2,LgAG9,26,15,10606,41,0
TPMN2,ORN_VA1d,26,15,10606,41,0
TPMN2,SNpp57,26,15,10606,41,0
TPMN2,LB1b,26,15,10606,41,0
TPMN2,SNpp12,26,15,10606,41,0
TPMN2,PhG8,26,15,10606,41,0
R7y,SNpp23,11,30,10606,41,0
R7y,JO-CL,11,30,10606,41,0
R7y,SNpp41,11,30,10606,41,0
R7p,SNpp23,11,30,10606,41,0
R7p,JO-CL,11,30,10606,41,0
R7p,SNpp41,11,30,10606,41,0
R7d,SNta14,13,28,10606,41,0
R7d,ENS2,13,28,10606,41,0
R7d,ORN_DP1l,13,28,10606,41,0
R7d,ORN_VA6,13,28,10606,41,0
R7d,ENS4,13,28,10606,41,0
R7d,SNta26,13,28,10606,41,0
LgLG6,SNta14,13,28,10606,41,0
LgLG6,ENS2,13,28,10606,41,0
LgLG6,ORN_DP1l,13,28,10606,41,0
LgLG6,ORN_VA6,13,28,10606,41,0
LgLG6,ENS4,13,28,10606,41,0
LgLG6,SNta26,13,28,10606,41,0
aPhM3,LgLG8,32,9,10606,41,0
aPhM3,LB4a,32,9,10606,41,0
aPhM3,PhG3,32,9,10606,41,0
aPhM3,SApp21,32,9,10606,41,0
aPhM3,LgAG6,32,9,10606,41,0
aPhM3,tpn MN,32,9,10606,41,0
aPhM3,JO-B4_a,32,9,10606,41,0
JO-A2,ORN_DA3,36,5,10606,41,0
aPhM4,aPhM1,19,22,10606,41,0
aPhM4,BM_Vt_PoOc,19,22,10606,41,0
aPhM4,PhG9,19,22,10606,41,0
aPhM4,ORN_DC1,19,22,10606,41,0
aPhM4,SNpp62,19,22,10606,41,0
aPhM4,SNpp58,19,22,10606,41,0
aPhM4,SNxx19,19,22,10606,41,0
aPhM4,SNxx21,19,22,10606,41,0
aPhM4,JO-B3,19,22,10606,41,0
GNG643,GNG654,27,14,10606,41,0
GNG643,HRN_VP5,27,14,10606,41,0
GNG643,LB4b,27,14,10606,41,0
GNG643,SNxx24,27,14,10606,41,0
GNG643,ORN_VC5,27,14,10606,41,0
GNG643,PhG4,27,14,10606,41,0
GNG643,SNpp06,27,14,10606,41,0
GNG643,PhG14,27,14,10606,41,0
GNG643,SNpp56,27,14,10606,41,0
GNG643,JO-B2,27,14,10606,41,0
GNG643,JO-B1_c,27,14,10606,41,0
HRN_VP4,R8y,31,10,10606,41,0
HRN_VP4,HRN_VP1l,31,10,10606,41,0
HRN_VP4,PhG6,31,10,10606,41,0
HRN_VP4,LN-DN1,31,10,10606,41,0
HRN_VP4,ORN_DM4,31,10,10606,41,0
HRN_VP4,ORN_DM6,31,10,10606,41,0
HRN_VP4,ORN_VA3,31,10,10606,41,0
WG3,LgLG5,33,8,10606,41,0
WG3,HBeyelet,33,8,10606,41,0
WG3,PhG1a,33,8,10606,41,0
R8p,SNpp23,11,30,10606,41,0
R8p,JO-CL,11,30,10606,41,0
R8p,SNpp41,11,30,10606,41,0
aPhM1,LB3a,22,19,10606,41,0
aPhM1,SNpp35,22,19,10606,41,0
aPhM1,LgAG5,22,19,10606,41,0
aPhM1,LgAG7,22,19,10606,41,0
aPhM1,ORN_DL2d,22,19,10606,41,0
aPhM1,JO-B1_a,22,19,10606,41,0
aPhM1,SNta13,22,19,10606,41,0
SNxx09,SNpp23,11,30,10606,41,0
SNxx09,JO-CL,11,30,10606,41,0
SNxx09,SNpp41,11,30,10606,41,0
ORN_VL2a,LgLG7,34,7,10606,41,0
ORN_VL2a,DNg83,34,7,10606,41,0
ORN_VL2a,ORN_DL3,34,7,10606,41,0
ORN_VL2a,ORN_DM3,34,7,10606,41,0
LB3b,TRN_VP1m,17,24,10606,41,0
LB3b,SNpp02,17,24,10606,41,0
BM_Vt_PoOc,LB3a,22,19,10606,41,0
BM_Vt_PoOc,SNpp35,22,19,10606,41,0
BM_Vt_PoOc,LgAG5,22,19,10606,41,0
BM_Vt_PoOc,LgAG7,22,19,10606,41,0
BM_Vt_PoOc,ORN_DL2d,22,19,10606,41,0
BM_Vt_PoOc,JO-B1_a,22,19,10606,41,0
BM_Vt_PoOc,SNta13,22,19,10606,41,0
GNG644,JO-A3,20,21,10606,41,0
GNG644,ORN_VM6v,20,21,10606,41,0
GNG644,SNxx17,20,21,10606,41,0
GNG644,ORN_DL2v,20,21,10606,41,0
R8y,HRN_VP1d,10,31,10606,41,0
R8y,JO-ED1,10,31,10606,41,0
R8y,SApp13,10,31,10606,41,0
LgLG5,SNta31,8,33,10606,41,0
JO-A3,ORN_DL5,21,20,10606,41,0
JO-A3,WG2,21,20,10606,41,0
JO-A3,LgAG3,21,20,10606,41,0
JO-A3,PhG1b,21,20,10606,41,0
JO-A3,BM_vOcci_vPoOr,21,20,10606,41,0
JO-A3,LB1e,21,20,10606,41,0
JO-A3,SNxx30,21,20,10606,41,0
ORN_DA1,LgLG7,34,7,10606,41,0
ORN_DA1,DNg83,34,7,10606,41,0
ORN_DA1,ORN_DL3,34,7,10606,41,0
ORN_DA1,ORN_DM3,34,7,10606,41,0
SNpp23,LgLG2,30,11,10606,41,0
SNpp23,R8_unclear,30,11,10606,41,0
SNpp23,LB1a,30,11,10606,41,0
SNpp23,SNpp21,30,11,10606,41,0
SNpp23,ORN_VM7v,30,11,10606,41,0
SNpp23,ORN_DL1,30,11,10606,41,0
WG1,ORN_DM1,15,26,10606,41,0
WG1,SNpp10,15,26,10606,41,0
WG1,SApp01,15,26,10606,41,0
SNta14,ORN_DM2,28,13,10606,41,0
SNta14,DNg20,28,13,10606,41,0
SNta14,SNxx06,28,13,10606,41,0
SNta14,SNpp15,28,13,10606,41,0
SNta14,ORN_DA2,28,13,10606,41,0
SNta14,PhG16,28,13,10606,41,0
SNta14,SNpp18,28,13,10606,41,0
SNta14,LgAG8,28,13,10606,41,0
LgLG2,JO-CL,11,30,10606,41,0
LgLG2,SNpp41,11,30,10606,41,0
TRN_VP3a,WG4,18,23,10606,41,0
TRN_VP3a,ORN_D,18,23,10606,41,0
LB3d,GNG654,27,14,10606,41,0
LB3d,HRN_VP5,27,14,10606,41,0
LB3d,LB4b,27,14,10606,41,0
LB3d,SNxx24,27,14,10606,41,0
LB3d,ORN_VC5,27,14,10606,41,0
LB3d,PhG4,27,14,10606,41,0
LB3d,SNpp06,27,14,10606,41,0
LB3d,PhG14,27,14,10606,41,0
LB3d,SNpp56,27,14,10606,41,0
LB3d,JO-B2,27,14,10606,41,0
LB3d,JO-B1_c,27,14,10606,41,0
SNxx02,GNG654,27,14,10606,41,0
SNxx02,HRN_VP5,27,14,10606,41,0
SNxx02,LB4b,27,14,10606,41,0
SNxx02,SNxx24,27,14,10606,41,0
SNxx02,ORN_VC5,27,14,10606,41,0
SNxx02,PhG4,27,14,10606,41,0
SNxx02,SNpp06,27,14,10606,41,0
SNxx02,BM_MaPa,27,14,10606,41,0
SNxx02,PhG14,27,14,10606,41,0
SNxx02,SNpp56,27,14,10606,41,0
SNxx02,JO-B2,27,14,10606,41,0
SNxx02,JO-B1_c,27,14,10606,41,0
LgLG8,SApp14,9,32,10606,41,0
LgLG8,SNpp07,9,32,10606,41,0
LB3c,GNG642,25,16,10606,41,0
LB3c,ORN_V,25,16,10606,41,0
LB3c,PhG10,25,16,10606,41,0
LB3c,ORN_VL1,25,16,10606,41,0
LB3c,LgLG4,25,16,10606,41,0
LB3c,ORN_VM5d,25,16,10606,41,0
LB3c,SNpp11,25,16,10606,41,0
LB3c,ALBN1,25,16,10606,41,0
LB3c,ENS5,25,16,10606,41,0
LB3c,dorsal_tpGRN,25,16,10606,41,0
LB3c,JO-CA2,25,16,10606,41,0
ORN_VM6v,ORN_DL5,21,20,10606,41,0
ORN_VM6v,WG2,21,20,10606,41,0
ORN_VM6v,LgAG3,21,20,10606,41,0
ORN_VM6v,PhG1b,21,20,10606,41,0
ORN_VM6v,BM_vOcci_vPoOr,21,20,10606,41,0
ORN_VM6v,LB1e,21,20,10606,41,0
ORN_VM6v,SNxx30,21,20,10606,41,0
ENS2,ORN_DM2,28,13,10606,41,0
ENS2,DNg20,28,13,10606,41,0
ENS2,SNxx06,28,13,10606,41,0
ENS2,SNpp15,28,13,10606,41,0
ENS2,ORN_DA2,28,13,10606,41,0
ENS2,PhG16,28,13,10606,41,0
ENS2,SNpp18,28,13,10606,41,0
ENS2,LgAG8,28,13,10606,41,0
ORN_DP1l,ORN_DM2,28,13,10606,41,0
ORN_DP1l,DNg20,28,13,10606,41,0
ORN_DP1l,SNxx06,28,13,10606,41,0
ORN_DP1l,SNpp15,28,13,10606,41,0
ORN_DP1l,ORN_DA2,28,13,10606,41,0
ORN_DP1l,PhG16,28,13,10606,41,0
ORN_DP1l,SNpp18,28,13,10606,41,0
ORN_DP1l,LgAG8,28,13,10606,41,0
LB3a,PhG9,19,22,10606,41,0
LB3a,ORN_DC1,19,22,10606,41,0
LB3a,SNpp62,19,22,10606,41,0
LB3a,SNpp58,19,22,10606,41,0
LB3a,SNxx19,19,22,10606,41,0
LB3a,SNxx21,19,22,10606,41,0
LB3a,JO-B3,19,22,10606,41,0
SNpp16,ORN_DA3,36,5,10606,41,0
TRN_VP1m,ORN_VA1v,24,17,10606,41,0
TRN_VP1m,JO-A1,24,17,10606,41,0
TRN_VP1m,SNpp05,24,17,10606,41,0
TRN_VP1m,SNxx28,24,17,10606,41,0
TRN_VP1m,ORN_VM5v,24,17,10606,41,0
TRN_VP1m,SNpp31,24,17,10606,41,0
TRN_VP1m,SNpp17,24,17,10606,41,0
TRN_VP1m,SNpp01,24,17,10606,41,0
PhG9,SNpp35,22,19,10606,41,0
PhG9,LgAG5,22,19,10606,41,0
PhG9,LgAG7,22,19,10606,41,0
PhG9,ORN_DL2d,22,19,10606,41,0
PhG9,JO-B1_a,22,19,10606,41,0
PhG9,SNta13,22,19,10606,41,0
BM_Hau,GNG654,27,14,10606,41,0
BM_Hau,HRN_VP5,27,14,10606,41,0
BM_Hau,LB4b,27,14,10606,41,0
BM_Hau,SNxx24,27,14,10606,41,0
BM_Hau,ORN_VC5,27,14,10606,41,0
BM_Hau,PhG4,27,14,10606,41,0
BM_Hau,SNpp06,27,14,10606,41,0
BM_Hau,PhG14,27,14,10606,41,0
BM_Hau,SNpp56,27,14,10606,41,0
BM_Hau,JO-B2,27,14,10606,41,0
BM_Hau,JO-B1_c,27,14,10606,41,0
JO-B4_b,GNG654,27,14,10606,41,0
JO-B4_b,HRN_VP5,27,14,10606,41,0
JO-B4_b,LB4b,27,14,10606,41,0
JO-B4_b,SNxx24,27,14,10606,41,0
JO-B4_b,ORN_VC5,27,14,10606,41,0
JO-B4_b,PhG4,27,14,10606,41,0
JO-B4_b,SNpp06,27,14,10606,41,0
JO-B4_b,BM_MaPa,27,14,10606,41,0
JO-B4_b,PhG14,27,14,10606,41,0
JO-B4_b,SNpp56,27,14,10606,41,0
JO-B4_b,JO-B2,27,14,10606,41,0
JO-B4_b,JO-B1_c,27,14,10606,41,0
R8_unclear,JO-CL,11,30,10606,41,0
R8_unclear,SNpp41,11,30,10606,41,0
WG4,TRN_VP2,23,18,10606,41,0
WG4,aPhM2b,23,18,10606,41,0
WG4,ORN_VC1,23,18,10606,41,0
WG4,ORN_VM7d,23,18,10606,41,0
WG4,LgAG2,23,18,10606,41,0
WG4,DNx01,23,18,10606,41,0
ORN_DM1,LgAG9,26,15,10606,41,0
ORN_DM1,ORN_VA1d,26,15,10606,41,0
ORN_DM1,SNpp57,26,15,10606,41,0
ORN_DM1,LB1b,26,15,10606,41,0
ORN_DM1,SNpp12,26,15,10606,41,0
ORN_DM1,PhG8,26,15,10606,41,0
BM_Vib,LgLG7,34,7,10606,41,0
BM_Vib,ORN_DL3,34,7,10606,41,0
BM_Vib,ORN_DM3,34,7,10606,41,0
HRN_VP1d,HRN_VP1l,31,10,10606,41,0
HRN_VP1d,PhG6,31,10,10606,41,0
HRN_VP1d,LN-DN1,31,10,10606,41,0
HRN_VP1d,ORN_DM4,31,10,10606,41,0
HRN_VP1d,ORN_DM6,31,10,10606,41,0
HRN_VP1d,ORN_VA3,31,10,10606,41,0
ORN_DC1,SNpp35,22,19,10606,41,0
ORN_DC1,LgAG5,22,19,10606,41,0
ORN_DC1,LgAG7,22,19,10606,41,0
ORN_DC1,ORN_DL2d,22,19,10606,41,0
ORN_DC1,JO-B1_a,22,19,10606,41,0
ORN_DC1,SNta13,22,19,10606,41,0
GNG642,SNxx26,16,25,10606,41,0
GNG642,ORN_VA2,16,25,10606,41,0
SNxx11,ENS3,29,12,10606,41,0
SNxx11,ORN_VM4,29,12,10606,41,0
SNxx11,ENS1,29,12,10606,41,0
SNxx11,PhG13,29,12,10606,41,0
SNxx11,ORN_DC2,29,12,10606,41,0
SNxx11,SNpp37,29,12,10606,41,0
SNxx11,ORN_VC4,29,12,10606,41,0
SNxx11,b2 MN,29,12,10606,41,0
ORN_DC4,ENS3,29,12,10606,41,0
ORN_DC4,ORN_VM4,29,12,10606,41,0
ORN_DC4,ENS1,29,12,10606,41,0
ORN_DC4,PhG13,29,12,10606,41,0
ORN_DC4,ORN_DC2,29,12,10606,41,0
ORN_DC4,SNpp37,29,12,10606,41,0
ORN_DC4,ORN_VC4,29,12,10606,41,0
ORN_DC4,b2 MN,29,12,10606,41,0
ORN_DM2,ORN_VA6,13,28,10606,41,0
ORN_DM2,ENS4,13,28,10606,41,0
ORN_DM2,SNta26,13,28,10606,41,0
SApp23,GNG654,27,14,10606,41,0
SApp23,HRN_VP5,27,14,10606,41,0
SApp23,LB4b,27,14,10606,41,0
SApp23,SNxx24,27,14,10606,41,0
SApp23,ORN_VC5,27,14,10606,41,0
SApp23,PhG4,27,14,10606,41,0
SApp23,SNpp06,27,14,10606,41,0
SApp23,BM_MaPa,27,14,10606,41,0
SApp23,PhG14,27,14,10606,41,0
SApp23,SNpp56,27,14,10606,41,0
SApp23,JO-B2,27,14,10606,41,0
SApp23,JO-B1_c,27,14,10606,41,0
GNG654,ORN_VL2p,14,27,10606,41,0
GNG654,SNta33,14,27,10606,41,0
TRN_VP2,ORN_D,18,23,10606,41,0
aPhM2b,ORN_D,18,23,10606,41,0
LB1c,ENS3,29,12,10606,41,0
LB1c,ORN_VM4,29,12,10606,41,0
LB1c,ENS1,29,12,10606,41,0
LB1c,PhG13,29,12,10606,41,0
LB1c,ORN_DC2,29,12,10606,41,0
LB1c,SNpp37,29,12,10606,41,0
LB1c,ORN_VC4,29,12,10606,41,0
LB1c,b2 MN,29,12,10606,41,0
JO-CL,LB1a,30,11,10606,41,0
JO-CL,SNpp21,30,11,10606,41,0
JO-CL,ORN_VM7v,30,11,10606,41,0
JO-CL,ORN_DL1,30,11,10606,41,0
LgAG9,SNpp10,15,26,10606,41,0
LgAG9,SApp01,15,26,10606,41,0
ORN_VL2p,HRN_VP5,27,14,10606,41,0
ORN_VL2p,LB4b,27,14,10606,41,0
ORN_VL2p,SNxx24,27,14,10606,41,0
ORN_VL2p,ORN_VC5,27,14,10606,41,0
ORN_VL2p,PhG4,27,14,10606,41,0
ORN_VL2p,SNpp06,27,14,10606,41,0
ORN_VL2p,BM_MaPa,27,14,10606,41,0
ORN_VL2p,PhG14,27,14,10606,41,0
ORN_VL2p,SNpp56,27,14,10606,41,0
ORN_VL2p,JO-B2,27,14,10606,41,0
ORN_VL2p,JO-B1_c,27,14,10606,41,0
ORN_DL5,SNxx17,20,21,10606,41,0
ORN_DL5,ORN_DL2v,20,21,10606,41,0
ENS3,"SNpp29,SNpp63",12,29,10606,41,0
ENS3,"SNta04,SNta11",12,29,10606,41,0
PhG1c,LgLG7,34,7,10606,41,0
PhG1c,DNg83,34,7,10606,41,0
PhG1c,ORN_DL3,34,7,10606,41,0
PhG1c,ORN_DM3,34,7,10606,41,0
SNpp41,LB1a,30,11,10606,41,0
SNpp41,SNpp21,30,11,10606,41,0
SNpp41,ORN_VM7v,30,11,10606,41,0
SNpp41,ORN_DL1,30,11,10606,41,0
JO-ED1,HRN_VP1l,31,10,10606,41,0
JO-ED1,PhG6,31,10,10606,41,0
JO-ED1,LN-DN1,31,10,10606,41,0
JO-ED1,ORN_DM4,31,10,10606,41,0
JO-ED1,ORN_DM6,31,10,10606,41,0
JO-ED1,ORN_VA3,31,10,10606,41,0
SNxx25,R8d,38,3,10606,41,0
SNpp35,SNpp62,19,22,10606,41,0
SNpp35,SNpp58,19,22,10606,41,0
SNpp35,SNxx19,19,22,10606,41,0
SNpp35,SNxx21,19,22,10606,41,0
SNpp35,JO-B3,19,22,10606,41,0
WG2,SNxx17,20,21,10606,41,0
WG2,ORN_DL2v,20,21,10606,41,0
LgAG3,SNxx17,20,21,10606,41,0
LgAG3,ORN_DL2v,20,21,10606,41,0
SNxx14,ORN_DA3,36,5,10606,41,0
SNxx17,PhG1b,21,20,10606,41,0
SNxx17,BM_vOcci_vPoOr,21,20,10606,41,0
SNxx17,LB1e,21,20,10606,41,0
SNxx17,SNxx30,21,20,10606,41,0
ORN_V,SNxx26,16,25,10606,41,0
ORN_V,ORN_VA2,16,25,10606,41,0
ORN_VA1v,SNpp02,17,24,10606,41,0
JO-A1,SNpp02,17,24,10606,41,0
SNch10,ORN_DA3,36,5,10606,41,0
SNxx26,PhG10,25,16,10606,41,0
SNxx26,ORN_VL1,25,16,10606,41,0
SNxx26,LgLG4,25,16,10606,41,0
SNxx26,ORN_VM5d,25,16,10606,41,0
SNxx26,SNpp11,25,16,10606,41,0
SNxx26,ALBN1,25,16,10606,41,0
SNxx26,ENS5,25,16,10606,41,0
SNxx26,dorsal_tpGRN,25,16,10606,41,0
SNxx26,JO-CA2,25,16,10606,41,0
ORN_VA2,PhG10,25,16,10606,41,0
ORN_VA2,ORN_VL1,25,16,10606,41,0
ORN_VA2,LgLG4,25,16,10606,41,0
ORN_VA2,ORN_VM5d,25,16,10606,41,0
ORN_VA2,SNpp11,25,16,10606,41,0
ORN_VA2,ENS5,25,16,10606,41,0
ORN_VA2,dorsal_tpGRN,25,16,10606,41,0
ORN_VA2,JO-CA2,25,16,10606,41,0
LgAG5,SNpp62,19,22,10606,41,0
LgAG5,SNpp58,19,22,10606,41,0
LgAG5,SNxx19,19,22,10606,41,0
LgAG5,SNxx21,19,22,10606,41,0
LgAG5,JO-B3,19,22,10606,41,0
SNpp10,ORN_VA1d,26,15,10606,41,0
SNpp10,SNpp57,26,15,10606,41,0
SNpp10,LB1b,26,15,10606,41,0
SNpp10,SNpp12,26,15,10606,41,0
SNpp10,PhG8,26,15,10606,41,0
PhG1b,ORN_DL2v,20,21,10606,41,0
HRN_VP5,SNta33,14,27,10606,41,0
ORN_VA6,DNg20,28,13,10606,41,0
ORN_VA6,SNxx06,28,13,10606,41,0
ORN_VA6,SNpp15,28,13,10606,41,0
ORN_VA6,PhG16,28,13,10606,41,0
ORN_VA6,SNpp18,28,13,10606,41,0
ORN_VA6,LgAG8,28,13,10606,41,0
SNpp62,LgAG7,22,19,10606,41,0
SNpp62,ORN_DL2d,22,19,10606,41,0
SNpp62,JO-B1_a,22,19,10606,41,0
SNpp62,SNta13,22,19,10606,41,0
SApp01,ORN_VA1d,26,15,10606,41,0
SApp01,SNpp57,26,15,10606,41,0
SApp01,LB1b,26,15,10606,41,0
SApp01,SNpp12,26,15,10606,41,0
SApp01,PhG8,26,15,10606,41,0
LgAG7,SNpp58,19,22,10606,41,0
LgAG7,SNxx19,19,22,10606,41,0
LgAG7,SNxx21,19,22,10606,41,0
LgAG7,JO-B3,19,22,10606,41,0
HRN_VP1l,SApp13,10,31,10606,41,0
ORN_DL2v,BM_vOcci_vPoOr,21,20,10606,41,0
ORN_DL2v,LB1e,21,20,10606,41,0
ORN_DL2v,SNxx30,21,20,10606,41,0
LB4b,SNta33,14,27,10606,41,0
SNxx24,SNta33,14,27,10606,41,0
"SNpp29,SNpp63",ORN_VM4,29,12,10606,41,0
"SNpp29,SNpp63",ENS1,29,12,10606,41,0
"SNpp29,SNpp63",PhG13,29,12,10606,41,0
"SNpp29,SNpp63",ORN_DC2,29,12,10606,41,0
"SNpp29,SNpp63",SNpp37,29,12,10606,41,0
"SNpp29,SNpp63",ORN_VC4,29,12,10606,41,0
"SNpp29,SNpp63",b2 MN,29,12,10606,41,0
ORN_VC1,ORN_D,18,23,10606,41,0
DNg20,ENS4,13,28,10606,41,0
DNg20,SNta26,13,28,10606,41,0
ORN_VM4,"SNta04,SNta11",12,29,10606,41,0
ORN_DL2d,SNpp58,19,22,10606,41,0
ORN_DL2d,SNxx19,19,22,10606,41,0
ORN_DL2d,SNxx21,19,22,10606,41,0
ORN_DL2d,JO-B3,19,22,10606,41,0
PhG6,SApp13,10,31,10606,41,0
ORN_VM7d,ORN_D,18,23,10606,41,0
ORN_D,LgAG2,23,18,10606,41,0
ORN_D,DNx01,23,18,10606,41,0
SNta18,ORN_DA3,36,5,10606,41,0
ENS4,SNxx06,28,13,10606,41,0
ENS4,SNpp15,28,13,10606,41,0
ENS4,ORN_DA2,28,13,10606,41,0
ENS4,PhG16,28,13,10606,41,0
ENS4,SNpp18,28,13,10606,41,0
ENS4,LgAG8,28,13,10606,41,0
ENS1,"SNta04,SNta11",12,29,10606,41,0
PhG13,"SNta04,SNta11",12,29,10606,41,0
SApp14,LB4a,32,9,10606,41,0
SApp14,PhG3,32,9,10606,41,0
SApp14,SApp21,32,9,10606,41,0
SApp14,LgAG6,32,9,10606,41,0
SApp14,tpn MN,32,9,10606,41,0
SApp14,JO-B4_a,32,9,10606,41,0
HBeyelet,SNta31,8,33,10606,41,0
SNpp58,JO-B1_a,22,19,10606,41,0
SNpp58,SNta13,22,19,10606,41,0
SNpp07,LB4a,32,9,10606,41,0
SNpp07,PhG3,32,9,10606,41,0
SNpp07,SApp21,32,9,10606,41,0
SNpp07,LgAG6,32,9,10606,41,0
SNpp07,tpn MN,32,9,10606,41,0
SNpp07,JO-B4_a,32,9,10606,41,0
ORN_VC5,SNta33,14,27,10606,41,0
PhG4,SNta33,14,27,10606,41,0
SApp13,LN-DN1,31,10,10606,41,0
SApp13,ORN_DM4,31,10,10606,41,0
SApp13,ORN_DM6,31,10,10606,41,0
SApp13,ORN_VA3,31,10,10606,41,0
SNxx19,JO-B1_a,22,19,10606,41,0
SNxx19,SNta13,22,19,10606,41,0
SNxx06,SNta26,13,28,10606,41,0
ORN_DC2,"SNta04,SNta11",12,29,10606,41,0
JO-B1_a,SNxx21,19,22,10606,41,0
JO-B1_a,JO-B3,19,22,10606,41,0
SNxx21,SNta13,22,19,10606,41,0
SNpp06,SNta33,14,27,10606,41,0
SNpp05,SNpp02,17,24,10606,41,0
SNpp15,SNta26,13,28,10606,41,0
ORN_DA2,SNta26,13,28,10606,41,0
JO-B3,SNta13,22,19,10606,41,0
SNpp02,SNxx28,24,17,10606,41,0
SNpp02,ORN_VM5v,24,17,10606,41,0
SNpp02,SNpp31,24,17,10606,41,0
SNpp02,SNpp17,24,17,10606,41,0
SNpp02,SNpp01,24,17,10606,41,0
BM_MaPa,SNta33,14,27,10606,41,0
PhG14,SNta33,14,27,10606,41,0
"SNta04,SNta11",SNpp37,29,12,10606,41,0
"SNta04,SNta11",ORN_VC4,29,12,10606,41,0
"SNta04,SNta11",b2 MN,29,12,10606,41,0
PhG16,SNta26,13,28,10606,41,0
SNta31,PhG1a,33,8,10606,41,0
SNpp18,SNta26,13,28,10606,41,0
SNpp56,SNta33,14,27,10606,41,0
LgAG8,SNta26,13,28,10606,41,0
JO-B2,SNta33,14,27,10606,41,0
SNta33,JO-B1_c,27,14,10606,41,0
SNxx07,LgLG5,32,8,10607,40,0
SNxx07,HBeyelet,32,8,10607,40,0
SNxx07,PhG1a,32,8,10607,40,0
SNxx08,GNG644,20,20,10607,40,0
SNxx08,ORN_DL5,20,20,10607,40,0
SNxx08,WG2,20,20,10607,40,0
SNxx08,LgAG3,20,20,10607,40,0
SNxx08,PhG1b,20,20,10607,40,0
SNxx08,BM_vOcci_vPoOr,20,20,10607,40,0
SNxx08,LB1e,20,20,10607,40,0
SNxx08,SNxx30,20,20,10607,40,0
R7_unclear,LB3c,15,25,10607,40,0
R7_unclear,SNxx26,15,25,10607,40,0
R7_unclear,ORN_VA2,15,25,10607,40,0
aPhM5,R7y,29,11,10607,40,0
aPhM5,R7p,29,11,10607,40,0
aPhM5,R8p,29,11,10607,40,0
aPhM5,SNxx09,29,11,10607,40,0
aPhM5,LgLG2,29,11,10607,40,0
aPhM5,R8_unclear,29,11,10607,40,0
aPhM5,LB1a,29,11,10607,40,0
aPhM5,SNpp21,29,11,10607,40,0
aPhM5,ORN_VM7v,29,11,10607,40,0
aPhM5,ORN_DL1,29,11,10607,40,0
TPMN2,GNG654,26,14,10607,40,0
TPMN2,HRN_VP5,26,14,10607,40,0
TPMN2,LB4b,26,14,10607,40,0
TPMN2,SNxx24,26,14,10607,40,0
TPMN2,ORN_VC5,26,14,10607,40,0
TPMN2,PhG4,26,14,10607,40,0
TPMN2,SNpp06,26,14,10607,40,0
TPMN2,BM_MaPa,26,14,10607,40,0
TPMN2,PhG14,26,14,10607,40,0
TPMN2,SNpp56,26,14,10607,40,0
TPMN2,JO-B2,26,14,10607,40,0
TPMN2,JO-B1_c,26,14,10607,40,0
R7y,SNxx11,11,29,10607,40,0
R7y,ORN_DC4,11,29,10607,40,0
R7y,LB1c,11,29,10607,40,0
R7y,"SNpp29,SNpp63",11,29,10607,40,0
R7y,"SNta04,SNta11",11,29,10607,40,0
R7p,SNxx11,11,29,10607,40,0
R7p,ORN_DC4,11,29,10607,40,0
R7p,LB1c,11,29,10607,40,0
R7p,"SNpp29,SNpp63",11,29,10607,40,0
R7p,"SNta04,SNta11",11,29,10607,40,0
R7d,GNG643,13,27,10607,40,0
R7d,LB3d,13,27,10607,40,0
R7d,SNxx02,13,27,10607,40,0
R7d,BM_Hau,13,27,10607,40,0
R7d,JO-B4_b,13,27,10607,40,0
R7d,SApp23,13,27,10607,40,0
R7d,ORN_VL2p,13,27,10607,40,0
R7d,SNta33,13,27,10607,40,0
LgLG6,GNG643,13,27,10607,40,0
LgLG6,LB3d,13,27,10607,40,0
LgLG6,SNxx02,13,27,10607,40,0
LgLG6,BM_Hau,13,27,10607,40,0
LgLG6,JO-B4_b,13,27,10607,40,0
LgLG6,SApp23,13,27,10607,40,0
LgLG6,ORN_VL2p,13,27,10607,40,0
LgLG6,SNta33,13,27,10607,40,0
aPhM3,LgLG5,32,8,10607,40,0
aPhM3,HBeyelet,32,8,10607,40,0
aPhM3,PhG1a,32,8,10607,40,0
aPhM4,JO-A3,19,21,10607,40,0
aPhM4,ORN_VM6v,19,21,10607,40,0
aPhM4,SNxx17,19,21,10607,40,0
aPhM4,ORN_DL2v,19,21,10607,40,0
GNG643,ORN_DM2,27,13,10607,40,0
GNG643,DNg20,27,13,10607,40,0
GNG643,SNxx06,27,13,10607,40,0
GNG643,SNpp15,27,13,10607,40,0
GNG643,ORN_DA2,27,13,10607,40,0
GNG643,PhG16,27,13,10607,40,0
GNG643,SNpp18,27,13,10607,40,0
GNG643,LgAG8,27,13,10607,40,0
HRN_VP4,LgLG8,31,9,10607,40,0
HRN_VP4,LB4a,31,9,10607,40,0
HRN_VP4,PhG3,31,9,10607,40,0
HRN_VP4,SApp21,31,9,10607,40,0
HRN_VP4,LgAG6,31,9,10607,40,0
HRN_VP4,tpn MN,31,9,10607,40,0
HRN_VP4,JO-B4_a,31,9,10607,40,0
WG3,LgLG7,33,7,10607,40,0
WG3,DNg83,33,7,10607,40,0
WG3,ORN_DL3,33,7,10607,40,0
WG3,ORN_DM3,33,7,10607,40,0
R8p,SNxx11,11,29,10607,40,0
R8p,ORN_DC4,11,29,10607,40,0
R8p,LB1c,11,29,10607,40,0
R8p,"SNpp29,SNpp63",11,29,10607,40,0
R8p,"SNta04,SNta11",11,29,10607,40,0
aPhM1,TRN_VP3a,22,18,10607,40,0
aPhM1,TRN_VP2,22,18,10607,40,0
aPhM1,aPhM2b,22,18,10607,40,0
aPhM1,ORN_VC1,22,18,10607,40,0
aPhM1,ORN_VM7d,22,18,10607,40,0
aPhM1,LgAG2,22,18,10607,40,0
aPhM1,DNx01,22,18,10607,40,0
SNxx09,SNxx11,11,29,10607,40,0
SNxx09,ORN_DC4,11,29,10607,40,0
SNxx09,LB1c,11,29,10607,40,0
SNxx09,"SNpp29,SNpp63",11,29,10607,40,0
SNxx09,"SNta04,SNta11",11,29,10607,40,0
LB3b,WG4,17,23,10607,40,0
LB3b,ORN_D,17,23,10607,40,0
BM_Vt_PoOc,TRN_VP3a,22,18,10607,40,0
BM_Vt_PoOc,TRN_VP2,22,18,10607,40,0
BM_Vt_PoOc,aPhM2b,22,18,10607,40,0
BM_Vt_PoOc,ORN_VC1,22,18,10607,40,0
BM_Vt_PoOc,ORN_VM7d,22,18,10607,40,0
BM_Vt_PoOc,LgAG2,22,18,10607,40,0
BM_Vt_PoOc,DNx01,22,18,10607,40,0
GNG644,ORN_DL5,20,20,10607,40,0
GNG644,WG2,20,20,10607,40,0
GNG644,LgAG3,20,20,10607,40,0
GNG644,PhG1b,20,20,10607,40,0
GNG644,BM_vOcci_vPoOr,20,20,10607,40,0
GNG644,LB1e,20,20,10607,40,0
GNG644,SNxx30,20,20,10607,40,0
R8y,SNpp23,10,30,10607,40,0
R8y,JO-CL,10,30,10607,40,0
R8y,SNpp41,10,30,10607,40,0
LgLG5,SApp14,8,32,10607,40,0
LgLG5,SNpp07,8,32,10607,40,0
JO-A3,LB3a,21,19,10607,40,0
JO-A3,SNpp35,21,19,10607,40,0
JO-A3,LgAG5,21,19,10607,40,0
JO-A3,LgAG7,21,19,10607,40,0
JO-A3,ORN_DL2d,21,19,10607,40,0
JO-A3,JO-B1_a,21,19,10607,40,0
JO-A3,SNta13,21,19,10607,40,0
SNpp23,HRN_VP1l,30,10,10607,40,0
SNpp23,PhG6,30,10,10607,40,0
SNpp23,LN-DN1,30,10,10607,40,0
SNpp23,ORN_DM4,30,10,10607,40,0
SNpp23,ORN_DM6,30,10,10607,40,0
SNpp23,ORN_VA3,30,10,10607,40,0
WG1,LB3c,15,25,10607,40,0
WG1,SNxx26,15,25,10607,40,0
WG1,ORN_VA2,15,25,10607,40,0
SNta14,ENS3,28,12,10607,40,0
SNta14,ORN_VM4,28,12,10607,40,0
SNta14,ENS1,28,12,10607,40,0
SNta14,PhG13,28,12,10607,40,0
SNta14,ORN_DC2,28,12,10607,40,0
SNta14,SNpp37,28,12,10607,40,0
SNta14,ORN_VC4,28,12,10607,40,0
SNta14,b2 MN,28,12,10607,40,0
claw_tpGRN,R8d,37,3,10607,40,0
LgLG2,SNxx11,11,29,10607,40,0
LgLG2,ORN_DC4,11,29,10607,40,0
LgLG2,LB1c,11,29,10607,40,0
LgLG2,"SNpp29,SNpp63",11,29,10607,40,0
LgLG2,"SNta04,SNta11",11,29,10607,40,0
TRN_VP3a,PhG9,18,22,10607,40,0
TRN_VP3a,ORN_DC1,18,22,10607,40,0
TRN_VP3a,SNpp62,18,22,10607,40,0
TRN_VP3a,SNpp58,18,22,10607,40,0
TRN_VP3a,SNxx19,18,22,10607,40,0
TRN_VP3a,SNxx21,18,22,10607,40,0
TRN_VP3a,JO-B3,18,22,10607,40,0
LB3d,ORN_DM2,27,13,10607,40,0
LB3d,DNg20,27,13,10607,40,0
LB3d,SNxx06,27,13,10607,40,0
LB3d,SNpp15,27,13,10607,40,0
LB3d,ORN_DA2,27,13,10607,40,0
LB3d,PhG16,27,13,10607,40,0
LB3d,SNpp18,27,13,10607,40,0
LB3d,LgAG8,27,13,10607,40,0
SNxx02,ORN_DM2,27,13,10607,40,0
SNxx02,DNg20,27,13,10607,40,0
SNxx02,SNxx06,27,13,10607,40,0
SNxx02,SNpp15,27,13,10607,40,0
SNxx02,ORN_DA2,27,13,10607,40,0
SNxx02,PhG16,27,13,10607,40,0
SNxx02,SNpp18,27,13,10607,40,0
SNxx02,LgAG8,27,13,10607,40,0
LgLG8,HRN_VP1d,9,31,10607,40,0
LgLG8,JO-ED1,9,31,10607,40,0
LgLG8,SApp13,9,31,10607,40,0
LB3c,LgAG9,25,15,10607,40,0
LB3c,ORN_VA1d,25,15,10607,40,0
LB3c,SNpp57,25,15,10607,40,0
LB3c,LB1b,25,15,10607,40,0
LB3c,SNpp12,25,15,10607,40,0
LB3c,PhG8,25,15,10607,40,0
ORN_VM6v,LB3a,21,19,10607,40,0
ORN_VM6v,SNpp35,21,19,10607,40,0
ORN_VM6v,LgAG5,21,19,10607,40,0
ORN_VM6v,LgAG7,21,19,10607,40,0
ORN_VM6v,ORN_DL2d,21,19,10607,40,0
ORN_VM6v,JO-B1_a,21,19,10607,40,0
ORN_VM6v,SNta13,21,19,10607,40,0
ENS2,ENS3,28,12,10607,40,0
ENS2,ORN_VM4,28,12,10607,40,0
ENS2,ENS1,28,12,10607,40,0
ENS2,PhG13,28,12,10607,40,0
ENS2,ORN_DC2,28,12,10607,40,0
ENS2,SNpp37,28,12,10607,40,0
ENS2,ORN_VC4,28,12,10607,40,0
ENS2,b2 MN,28,12,10607,40,0
ORN_DP1l,ENS3,28,12,10607,40,0
ORN_DP1l,ORN_VM4,28,12,10607,40,0
ORN_DP1l,ENS1,28,12,10607,40,0
ORN_DP1l,PhG13,28,12,10607,40,0
ORN_DP1l,ORN_DC2,28,12,10607,40,0
ORN_DP1l,SNpp37,28,12,10607,40,0
ORN_DP1l,ORN_VC4,28,12,10607,40,0
ORN_DP1l,b2 MN,28,12,10607,40,0
LB3a,SNxx17,19,21,10607,40,0
LB3a,ORN_DL2v,19,21,10607,40,0
TRN_VP1m,GNG642,24,16,10607,40,0
TRN_VP1m,ORN_V,24,16,10607,40,0
TRN_VP1m,PhG10,24,16,10607,40,0
TRN_VP1m,ORN_VL1,24,16,10607,40,0
TRN_VP1m,LgLG4,24,16,10607,40,0
TRN_VP1m,ORN_VM5d,24,16,10607,40,0
TRN_VP1m,SNpp11,24,16,10607,40,0
TRN_VP1m,ALBN1,24,16,10607,40,0
TRN_VP1m,ENS5,24,16,10607,40,0
TRN_VP1m,dorsal_tpGRN,24,16,10607,40,0
TRN_VP1m,JO-CA2,24,16,10607,40,0
PhG9,TRN_VP2,22,18,10607,40,0
PhG9,aPhM2b,22,18,10607,40,0
PhG9,ORN_VC1,22,18,10607,40,0
PhG9,ORN_VM7d,22,18,10607,40,0
PhG9,LgAG2,22,18,10607,40,0
PhG9,DNx01,22,18,10607,40,0
BM_Hau,ORN_DM2,27,13,10607,40,0
BM_Hau,DNg20,27,13,10607,40,0
BM_Hau,SNxx06,27,13,10607,40,0
BM_Hau,SNpp15,27,13,10607,40,0
BM_Hau,ORN_DA2,27,13,10607,40,0
BM_Hau,PhG16,27,13,10607,40,0
BM_Hau,SNpp18,27,13,10607,40,0
BM_Hau,LgAG8,27,13,10607,40,0
ORN_DP1m,ORN_DA3,35,5,10607,40,0
JO-B4_b,ORN_DM2,27,13,10607,40,0
JO-B4_b,DNg20,27,13,10607,40,0
JO-B4_b,SNxx06,27,13,10607,40,0
JO-B4_b,SNpp15,27,13,10607,40,0
JO-B4_b,ORN_DA2,27,13,10607,40,0
JO-B4_b,PhG16,27,13,10607,40,0
JO-B4_b,SNpp18,27,13,10607,40,0
JO-B4_b,LgAG8,27,13,10607,40,0
R8_unclear,SNxx11,11,29,10607,40,0
R8_unclear,ORN_DC4,11,29,10607,40,0
R8_unclear,LB1c,11,29,10607,40,0
R8_unclear,"SNpp29,SNpp63",11,29,10607,40,0
R8_unclear,"SNta04,SNta11",11,29,10607,40,0
WG4,ORN_VA1v,23,17,10607,40,0
WG4,JO-A1,23,17,10607,40,0
WG4,SNpp05,23,17,10607,40,0
WG4,SNxx28,23,17,10607,40,0
WG4,ORN_VM5v,23,17,10607,40,0
WG4,SNpp31,23,17,10607,40,0
WG4,SNpp01,23,17,10607,40,0
ORN_DM1,GNG654,26,14,10607,40,0
ORN_DM1,HRN_VP5,26,14,10607,40,0
ORN_DM1,LB4b,26,14,10607,40,0
ORN_DM1,SNxx24,26,14,10607,40,0
ORN_DM1,ORN_VC5,26,14,10607,40,0
ORN_DM1,PhG4,26,14,10607,40,0
ORN_DM1,SNpp06,26,14,10607,40,0
ORN_DM1,BM_MaPa,26,14,10607,40,0
ORN_DM1,PhG14,26,14,10607,40,0
ORN_DM1,SNpp56,26,14,10607,40,0
ORN_DM1,JO-B2,26,14,10607,40,0
ORN_DM1,JO-B1_c,26,14,10607,40,0
HRN_VP1d,LB4a,31,9,10607,40,0
HRN_VP1d,PhG3,31,9,10607,40,0
HRN_VP1d,SApp21,31,9,10607,40,0
HRN_VP1d,LgAG6,31,9,10607,40,0
HRN_VP1d,tpn MN,31,9,10607,40,0
HRN_VP1d,JO-B4_a,31,9,10607,40,0
ORN_DC1,TRN_VP2,22,18,10607,40,0
ORN_DC1,aPhM2b,22,18,10607,40,0
ORN_DC1,ORN_VC1,22,18,10607,40,0
ORN_DC1,ORN_VM7d,22,18,10607,40,0
ORN_DC1,LgAG2,22,18,10607,40,0
ORN_DC1,DNx01,22,18,10607,40,0
GNG642,SNpp02,16,24,10607,40,0
SNxx11,LB1a,29,11,10607,40,0
SNxx11,SNpp21,29,11,10607,40,0
SNxx11,ORN_VM7v,29,11,10607,40,0
SNxx11,ORN_DL1,29,11,10607,40,0
ORN_DC4,LB1a,29,11,10607,40,0
ORN_DC4,SNpp21,29,11,10607,40,0
ORN_DC4,ORN_VM7v,29,11,10607,40,0
ORN_DC4,ORN_DL1,29,11,10607,40,0
ORN_DM2,SApp23,13,27,10607,40,0
ORN_DM2,ORN_VL2p,13,27,10607,40,0
ORN_DM2,SNta33,13,27,10607,40,0
SApp23,DNg20,27,13,10607,40,0
SApp23,SNxx06,27,13,10607,40,0
SApp23,SNpp15,27,13,10607,40,0
SApp23,ORN_DA2,27,13,10607,40,0
SApp23,PhG16,27,13,10607,40,0
SApp23,SNpp18,27,13,10607,40,0
SApp23,LgAG8,27,13,10607,40,0
GNG654,SNpp10,14,26,10607,40,0
GNG654,SApp01,14,26,10607,40,0
TRN_VP2,SNpp62,18,22,10607,40,0
TRN_VP2,SNpp58,18,22,10607,40,0
TRN_VP2,SNxx19,18,22,10607,40,0
TRN_VP2,SNxx21,18,22,10607,40,0
TRN_VP2,JO-B3,18,22,10607,40,0
aPhM2b,SNpp62,18,22,10607,40,0
aPhM2b,SNpp58,18,22,10607,40,0
aPhM2b,SNxx19,18,22,10607,40,0
aPhM2b,SNxx21,18,22,10607,40,0
aPhM2b,JO-B3,18,22,10607,40,0
LB1c,LB1a,29,11,10607,40,0
LB1c,SNpp21,29,11,10607,40,0
LB1c,ORN_VM7v,29,11,10607,40,0
LB1c,ORN_DL1,29,11,10607,40,0
JO-CL,HRN_VP1l,30,10,10607,40,0
JO-CL,PhG6,30,10,10607,40,0
JO-CL,LN-DN1,30,10,10607,40,0
JO-CL,ORN_DM4,30,10,10607,40,0
JO-CL,ORN_DM6,30,10,10607,40,0
JO-CL,ORN_VA3,30,10,10607,40,0
LgAG9,SNxx26,15,25,10607,40,0
LgAG9,ORN_VA2,15,25,10607,40,0
ORN_VL2p,DNg20,27,13,10607,40,0
ORN_VL2p,SNxx06,27,13,10607,40,0
ORN_VL2p,SNpp15,27,13,10607,40,0
ORN_VL2p,ORN_DA2,27,13,10607,40,0
ORN_VL2p,PhG16,27,13,10607,40,0
ORN_VL2p,SNpp18,27,13,10607,40,0
ORN_VL2p,LgAG8,27,13,10607,40,0
ORN_DL5,WG2,20,20,10607,40,0
ORN_DL5,LgAG3,20,20,10607,40,0
ORN_DL5,PhG1b,20,20,10607,40,0
ORN_DL5,BM_vOcci_vPoOr,20,20,10607,40,0
ORN_DL5,LB1e,20,20,10607,40,0
ORN_DL5,SNxx30,20,20,10607,40,0
ENS3,ORN_VA6,12,28,10607,40,0
ENS3,ENS4,12,28,10607,40,0
ENS3,SNta26,12,28,10607,40,0
SNpp41,HRN_VP1l,30,10,10607,40,0
SNpp41,PhG6,30,10,10607,40,0
SNpp41,LN-DN1,30,10,10607,40,0
SNpp41,ORN_DM4,30,10,10607,40,0
SNpp41,ORN_DM6,30,10,10607,40,0
SNpp41,ORN_VA3,30,10,10607,40,0
JO-ED1,LB4a,31,9,10607,40,0
JO-ED1,PhG3,31,9,10607,40,0
JO-ED1,SApp21,31,9,10607,40,0
JO-ED1,LgAG6,31,9,10607,40,0
JO-ED1,tpn MN,31,9,10607,40,0
JO-ED1,JO-B4_a,31,9,10607,40,0
SNpp35,SNxx17,19,21,10607,40,0
SNpp35,ORN_DL2v,19,21,10607,40,0
WG2,LgAG3,20,20,10607,40,0
WG2,PhG1b,20,20,10607,40,0
WG2,BM_vOcci_vPoOr,20,20,10607,40,0
WG2,LB1e,20,20,10607,40,0
WG2,SNxx30,20,20,10607,40,0
LgAG3,PhG1b,20,20,10607,40,0
LgAG3,BM_vOcci_vPoOr,20,20,10607,40,0
LgAG3,LB1e,20,20,10607,40,0
LgAG3,SNxx30,20,20,10607,40,0
"SApp11,SApp18",ORN_DA3,35,5,10607,40,0
SNxx17,LgAG5,21,19,10607,40,0
SNxx17,LgAG7,21,19,10607,40,0
SNxx17,ORN_DL2d,21,19,10607,40,0
SNxx17,JO-B1_a,21,19,10607,40,0
SNxx17,SNta13,21,19,10607,40,0
ORN_V,SNpp02,16,24,10607,40,0
ORN_VA1v,ORN_D,17,23,10607,40,0
JO-A1,ORN_D,17,23,10607,40,0
SNxx26,ORN_VA1d,25,15,10607,40,0
SNxx26,SNpp57,25,15,10607,40,0
SNxx26,LB1b,25,15,10607,40,0
SNxx26,SNpp12,25,15,10607,40,0
SNxx26,PhG8,25,15,10607,40,0
ORN_VA2,ORN_VA1d,25,15,10607,40,0
ORN_VA2,SNpp57,25,15,10607,40,0
ORN_VA2,LB1b,25,15,10607,40,0
ORN_VA2,SNpp12,25,15,10607,40,0
ORN_VA2,PhG8,25,15,10607,40,0
LgAG5,ORN_DL2v,19,21,10607,40,0
SNpp10,HRN_VP5,26,14,10607,40,0
SNpp10,LB4b,26,14,10607,40,0
SNpp10,SNxx24,26,14,10607,40,0
SNpp10,ORN_VC5,26,14,10607,40,0
SNpp10,PhG4,26,14,10607,40,0
SNpp10,BM_MaPa,26,14,10607,40,0
SNpp10,PhG14,26,14,10607,40,0
SNpp10,SNpp56,26,14,10607,40,0
SNpp10,JO-B2,26,14,10607,40,0
SNpp10,JO-B1_c,26,14,10607,40,0
PhG1b,BM_vOcci_vPoOr,20,20,10607,40,0
PhG1b,LB1e,20,20,10607,40,0
PhG1b,SNxx30,20,20,10607,40,0
HRN_VP5,SApp01,14,26,10607,40,0
ORN_VA6,ORN_VM4,28,12,10607,40,0
ORN_VA6,ENS1,28,12,10607,40,0
ORN_VA6,PhG13,28,12,10607,40,0
ORN_VA6,SNpp37,28,12,10607,40,0
ORN_VA6,ORN_VC4,28,12,10607,40,0
ORN_VA6,b2 MN,28,12,10607,40,0
SNpp62,ORN_VC1,22,18,10607,40,0
SNpp62,ORN_VM7d,22,18,10607,40,0
SNpp62,LgAG2,22,18,10607,40,0
SNpp62,DNx01,22,18,10607,40,0
PhG10,SNpp02,16,24,10607,40,0
SApp01,LB4b,26,14,10607,40,0
SApp01,SNxx24,26,14,10607,40,0
SApp01,ORN_VC5,26,14,10607,40,0
SApp01,PhG4,26,14,10607,40,0
SApp01,SNpp06,26,14,10607,40,0
SApp01,BM_MaPa,26,14,10607,40,0
SApp01,PhG14,26,14,10607,40,0
SApp01,SNpp56,26,14,10607,40,0
SApp01,JO-B2,26,14,10607,40,0
SApp01,JO-B1_c,26,14,10607,40,0
LgAG7,ORN_DL2v,19,21,10607,40,0
ORN_DL2v,ORN_DL2d,21,19,10607,40,0
ORN_DL2v,JO-B1_a,21,19,10607,40,0
ORN_DL2v,SNta13,21,19,10607,40,0
"SNpp29,SNpp63",LB1a,29,11,10607,40,0
"SNpp29,SNpp63",SNpp21,29,11,10607,40,0
"SNpp29,SNpp63",ORN_VM7v,29,11,10607,40,0
"SNpp29,SNpp63",ORN_DL1,29,11,10607,40,0
BM_vOcci_vPoOr,LB1e,20,20,10607,40,0
BM_vOcci_vPoOr,SNxx30,20,20,10607,40,0
ORN_VC1,SNpp58,18,22,10607,40,0
ORN_VC1,SNxx19,18,22,10607,40,0
ORN_VC1,SNxx21,18,22,10607,40,0
ORN_VC1,JO-B3,18,22,10607,40,0
LB1a,"SNta04,SNta11",11,29,10607,40,0
ORN_VL1,SNpp02,16,24,10607,40,0
ORN_VM4,ENS4,12,28,10607,40,0
ORN_VM4,SNta26,12,28,10607,40,0
ORN_VM7d,SNpp58,18,22,10607,40,0
ORN_VM7d,SNxx19,18,22,10607,40,0
ORN_VM7d,SNxx21,18,22,10607,40,0
ORN_VM7d,JO-B3,18,22,10607,40,0
ORN_D,SNpp05,23,17,10607,40,0
ORN_D,SNxx28,23,17,10607,40,0
ORN_D,ORN_VM5v,23,17,10607,40,0
ORN_D,SNpp31,23,17,10607,40,0
ORN_D,SNpp17,23,17,10607,40,0
ORN_D,SNpp01,23,17,10607,40,0
LB1e,SNxx30,20,20,10607,40,0
ENS4,ENS1,28,12,10607,40,0
ENS4,PhG13,28,12,10607,40,0
ENS4,ORN_DC2,28,12,10607,40,0
ENS4,SNpp37,28,12,10607,40,0
ENS4,ORN_VC4,28,12,10607,40,0
ENS4,b2 MN,28,12,10607,40,0
ENS1,SNta26,12,28,10607,40,0
PhG13,SNta26,12,28,10607,40,0
SApp14,HBeyelet,32,8,10607,40,0
SApp14,PhG1a,32,8,10607,40,0
LgLG4,SNpp02,16,24,10607,40,0
HBeyelet,SNpp07,8,32,10607,40,0
SNpp58,LgAG2,22,18,10607,40,0
SNpp58,DNx01,22,18,10607,40,0
LgLG7,SNta31,7,33,10607,40,0
SNpp07,PhG1a,32,8,10607,40,0
SNpp21,"SNta04,SNta11",11,29,10607,40,0
ORN_VM7v,"SNta04,SNta11",11,29,10607,40,0
ORN_VM5d,SNpp02,16,24,10607,40,0
LgAG2,SNxx19,18,22,10607,40,0
LgAG2,SNxx21,18,22,10607,40,0
LgAG2,JO-B3,18,22,10607,40,0
SApp13,LB4a,31,9,10607,40,0
SApp13,PhG3,31,9,10607,40,0
SApp13,SApp21,31,9,10607,40,0
SApp13,LgAG6,31,9,10607,40,0
SApp13,JO-B4_a,31,9,10607,40,0
SNxx19,DNx01,22,18,10607,40,0
SNxx06,SNta33,13,27,10607,40,0
ORN_DC2,SNta26,12,28,10607,40,0
SNxx21,DNx01,22,18,10607,40,0
DNg83,SNta31,7,33,10607,40,0
SNpp15,SNta33,13,27,10607,40,0
ORN_DA2,SNta33,13,27,10607,40,0
JO-B3,DNx01,22,18,10607,40,0
SNpp02,SNpp11,24,16,10607,40,0
SNpp02,ALBN1,24,16,10607,40,0
SNpp02,ENS5,24,16,10607,40,0
SNpp02,dorsal_tpGRN,24,16,10607,40,0
SNpp02,JO-CA2,24,16,10607,40,0
ORN_DL1,"SNta04,SNta11",11,29,10607,40,0
PhG16,SNta33,13,27,10607,40,0
SNpp37,SNta26,12,28,10607,40,0
SNta31,ORN_DL3,33,7,10607,40,0
SNta31,ORN_DM3,33,7,10607,40,0
SNpp18,SNta33,13,27,10607,40,0
ORN_VC4,SNta26,12,28,10607,40,0
b2 MN,SNta26,12,28,10607,40,0
LgAG8,SNta33,13,27,10607,40,0
SNxx07,LgLG7,32,7,10608,39,0
SNxx07,DNg83,32,7,10608,39,0
SNxx07,ORN_DL3,32,7,10608,39,0
SNxx07,ORN_DM3,32,7,10608,39,0
SNxx08,aPhM4,20,19,10608,39,0
SNxx08,LB3a,20,19,10608,39,0
SNxx08,SNpp35,20,19,10608,39,0
SNxx08,LgAG5,20,19,10608,39,0
SNxx08,LgAG7,20,19,10608,39,0
SNxx08,ORN_DL2d,20,19,10608,39,0
SNxx08,JO-B1_a,20,19,10608,39,0
SNxx08,SNta13,20,19,10608,39,0
R7_unclear,TRN_VP1m,15,24,10608,39,0
R7_unclear,SNpp02,15,24,10608,39,0
aPhM5,R8y,29,10,10608,39,0
aPhM5,HRN_VP1l,29,10,10608,39,0
aPhM5,PhG6,29,10,10608,39,0
aPhM5,LN-DN1,29,10,10608,39,0
aPhM5,ORN_DM4,29,10,10608,39,0
aPhM5,ORN_DM6,29,10,10608,39,0
aPhM5,ORN_VA3,29,10,10608,39,0
TPMN2,R7d,26,13,10608,39,0
TPMN2,LgLG6,26,13,10608,39,0
TPMN2,ORN_DM2,26,13,10608,39,0
TPMN2,DNg20,26,13,10608,39,0
TPMN2,SNxx06,26,13,10608,39,0
TPMN2,SNpp15,26,13,10608,39,0
TPMN2,ORN_DA2,26,13,10608,39,0
TPMN2,PhG16,26,13,10608,39,0
TPMN2,SNpp18,26,13,10608,39,0
TPMN2,LgAG8,26,13,10608,39,0
R7y,SNta14,11,28,10608,39,0
R7y,ENS2,11,28,10608,39,0
R7y,ORN_DP1l,11,28,10608,39,0
R7y,ORN_VA6,11,28,10608,39,0
R7y,ENS4,11,28,10608,39,0
R7y,SNta26,11,28,10608,39,0
R7p,SNta14,11,28,10608,39,0
R7p,ENS2,11,28,10608,39,0
R7p,ORN_DP1l,11,28,10608,39,0
R7p,ORN_VA6,11,28,10608,39,0
R7p,ENS4,11,28,10608,39,0
R7p,SNta26,11,28,10608,39,0
R7d,ORN_DM1,13,26,10608,39,0
R7d,SNpp10,13,26,10608,39,0
R7d,SApp01,13,26,10608,39,0
LgLG6,ORN_DM1,13,26,10608,39,0
LgLG6,SNpp10,13,26,10608,39,0
LgLG6,SApp01,13,26,10608,39,0
aPhM3,LgLG7,32,7,10608,39,0
aPhM3,DNg83,32,7,10608,39,0
aPhM3,ORN_DL3,32,7,10608,39,0
aPhM3,ORN_DM3,32,7,10608,39,0
JO-A2,R8d,36,3,10608,39,0
aPhM4,GNG644,19,20,10608,39,0
aPhM4,ORN_DL5,19,20,10608,39,0
aPhM4,WG2,19,20,10608,39,0
aPhM4,LgAG3,19,20,10608,39,0
aPhM4,PhG1b,19,20,10608,39,0
aPhM4,BM_vOcci_vPoOr,19,20,10608,39,0
aPhM4,LB1e,19,20,10608,39,0
aPhM4,SNxx30,19,20,10608,39,0
GNG643,ENS3,27,12,10608,39,0
GNG643,ORN_VM4,27,12,10608,39,0
GNG643,ENS1,27,12,10608,39,0
GNG643,PhG13,27,12,10608,39,0
GNG643,ORN_DC2,27,12,10608,39,0
GNG643,SNpp37,27,12,10608,39,0
GNG643,ORN_VC4,27,12,10608,39,0
GNG643,b2 MN,27,12,10608,39,0
HRN_VP4,LgLG5,31,8,10608,39,0
HRN_VP4,HBeyelet,31,8,10608,39,0
HRN_VP4,PhG1a,31,8,10608,39,0
R8p,SNta14,11,28,10608,39,0
R8p,ENS2,11,28,10608,39,0
R8p,ORN_DP1l,11,28,10608,39,0
R8p,ORN_VA6,11,28,10608,39,0
R8p,ENS4,11,28,10608,39,0
R8p,SNta26,11,28,10608,39,0
aPhM1,LB3b,22,17,10608,39,0
aPhM1,ORN_VA1v,22,17,10608,39,0
aPhM1,JO-A1,22,17,10608,39,0
aPhM1,SNpp05,22,17,10608,39,0
aPhM1,SNxx28,22,17,10608,39,0
aPhM1,ORN_VM5v,22,17,10608,39,0
aPhM1,SNpp31,22,17,10608,39,0
aPhM1,SNpp17,22,17,10608,39,0
aPhM1,SNpp01,22,17,10608,39,0
SNxx09,SNta14,11,28,10608,39,0
SNxx09,ENS2,11,28,10608,39,0
SNxx09,ORN_DP1l,11,28,10608,39,0
SNxx09,ORN_VA6,11,28,10608,39,0
SNxx09,ENS4,11,28,10608,39,0
SNxx09,SNta26,11,28,10608,39,0
ORN_VL2a,ORN_DA3,34,5,10608,39,0
LB3b,BM_Vt_PoOc,17,22,10608,39,0
LB3b,PhG9,17,22,10608,39,0
LB3b,ORN_DC1,17,22,10608,39,0
LB3b,SNpp62,17,22,10608,39,0
LB3b,SNpp58,17,22,10608,39,0
LB3b,SNxx19,17,22,10608,39,0
LB3b,SNxx21,17,22,10608,39,0
LB3b,JO-B3,17,22,10608,39,0
BM_Vt_PoOc,ORN_VA1v,22,17,10608,39,0
BM_Vt_PoOc,JO-A1,22,17,10608,39,0
BM_Vt_PoOc,SNpp05,22,17,10608,39,0
BM_Vt_PoOc,SNxx28,22,17,10608,39,0
BM_Vt_PoOc,ORN_VM5v,22,17,10608,39,0
BM_Vt_PoOc,SNpp31,22,17,10608,39,0
BM_Vt_PoOc,SNpp17,22,17,10608,39,0
BM_Vt_PoOc,SNpp01,22,17,10608,39,0
GNG644,LB3a,20,19,10608,39,0
GNG644,SNpp35,20,19,10608,39,0
GNG644,LgAG5,20,19,10608,39,0
GNG644,LgAG7,20,19,10608,39,0
GNG644,ORN_DL2d,20,19,10608,39,0
GNG644,JO-B1_a,20,19,10608,39,0
GNG644,SNta13,20,19,10608,39,0
R8y,SNxx11,10,29,10608,39,0
R8y,ORN_DC4,10,29,10608,39,0
R8y,LB1c,10,29,10608,39,0
R8y,"SNpp29,SNpp63",10,29,10608,39,0
R8y,"SNta04,SNta11",10,29,10608,39,0
LgLG5,HRN_VP1d,8,31,10608,39,0
LgLG5,JO-ED1,8,31,10608,39,0
LgLG5,SApp13,8,31,10608,39,0
JO-A3,TRN_VP3a,21,18,10608,39,0
JO-A3,TRN_VP2,21,18,10608,39,0
JO-A3,aPhM2b,21,18,10608,39,0
JO-A3,ORN_VC1,21,18,10608,39,0
JO-A3,ORN_VM7d,21,18,10608,39,0
JO-A3,LgAG2,21,18,10608,39,0
JO-A3,DNx01,21,18,10608,39,0
ORN_DA1,ORN_DA3,34,5,10608,39,0
SNpp23,LgLG8,30,9,10608,39,0
SNpp23,LB4a,30,9,10608,39,0
SNpp23,PhG3,30,9,10608,39,0
SNpp23,SApp21,30,9,10608,39,0
SNpp23,LgAG6,30,9,10608,39,0
SNpp23,tpn MN,30,9,10608,39,0
SNpp23,JO-B4_a,30,9,10608,39,0
WG1,TRN_VP1m,15,24,10608,39,0
WG1,SNpp02,15,24,10608,39,0
SNta14,LgLG2,28,11,10608,39,0
SNta14,R8_unclear,28,11,10608,39,0
SNta14,LB1a,28,11,10608,39,0
SNta14,SNpp21,28,11,10608,39,0
SNta14,ORN_VM7v,28,11,10608,39,0
SNta14,ORN_DL1,28,11,10608,39,0
LgLG2,ENS2,11,28,10608,39,0
LgLG2,ORN_DP1l,11,28,10608,39,0
LgLG2,ORN_VA6,11,28,10608,39,0
LgLG2,ENS4,11,28,10608,39,0
LgLG2,SNta26,11,28,10608,39,0
TRN_VP3a,ORN_VM6v,18,21,10608,39,0
TRN_VP3a,SNxx17,18,21,10608,39,0
TRN_VP3a,ORN_DL2v,18,21,10608,39,0
LB3d,ENS3,27,12,10608,39,0
LB3d,ORN_VM4,27,12,10608,39,0
LB3d,ENS1,27,12,10608,39,0
LB3d,PhG13,27,12,10608,39,0
LB3d,ORN_DC2,27,12,10608,39,0
LB3d,SNpp37,27,12,10608,39,0
LB3d,ORN_VC4,27,12,10608,39,0
LB3d,b2 MN,27,12,10608,39,0
SNxx02,ENS3,27,12,10608,39,0
SNxx02,ORN_VM4,27,12,10608,39,0
SNxx02,ENS1,27,12,10608,39,0
SNxx02,PhG13,27,12,10608,39,0
SNxx02,ORN_DC2,27,12,10608,39,0
SNxx02,SNpp37,27,12,10608,39,0
SNxx02,ORN_VC4,27,12,10608,39,0
SNxx02,b2 MN,27,12,10608,39,0
LgLG8,JO-CL,9,30,10608,39,0
LgLG8,SNpp41,9,30,10608,39,0
LB3c,GNG654,25,14,10608,39,0
LB3c,HRN_VP5,25,14,10608,39,0
LB3c,LB4b,25,14,10608,39,0
LB3c,SNxx24,25,14,10608,39,0
LB3c,ORN_VC5,25,14,10608,39,0
LB3c,PhG4,25,14,10608,39,0
LB3c,SNpp06,25,14,10608,39,0
LB3c,BM_MaPa,25,14,10608,39,0
LB3c,PhG14,25,14,10608,39,0
LB3c,SNpp56,25,14,10608,39,0
LB3c,JO-B2,25,14,10608,39,0
LB3c,JO-B1_c,25,14,10608,39,0
ORN_VM6v,TRN_VP2,21,18,10608,39,0
ORN_VM6v,aPhM2b,21,18,10608,39,0
ORN_VM6v,ORN_VC1,21,18,10608,39,0
ORN_VM6v,ORN_VM7d,21,18,10608,39,0
ORN_VM6v,LgAG2,21,18,10608,39,0
ORN_VM6v,DNx01,21,18,10608,39,0
ENS2,R8_unclear,28,11,10608,39,0
ENS2,LB1a,28,11,10608,39,0
ENS2,SNpp21,28,11,10608,39,0
ENS2,ORN_VM7v,28,11,10608,39,0
ENS2,ORN_DL1,28,11,10608,39,0
ORN_DP1l,R8_unclear,28,11,10608,39,0
ORN_DP1l,LB1a,28,11,10608,39,0
ORN_DP1l,SNpp21,28,11,10608,39,0
ORN_DP1l,ORN_VM7v,28,11,10608,39,0
ORN_DP1l,ORN_DL1,28,11,10608,39,0
LB3a,ORN_DL5,19,20,10608,39,0
LB3a,WG2,19,20,10608,39,0
LB3a,LgAG3,19,20,10608,39,0
LB3a,PhG1b,19,20,10608,39,0
LB3a,BM_vOcci_vPoOr,19,20,10608,39,0
LB3a,LB1e,19,20,10608,39,0
LB3a,SNxx30,19,20,10608,39,0
SNpp16,R8d,36,3,10608,39,0
TRN_VP1m,LgAG9,24,15,10608,39,0
TRN_VP1m,ORN_VA1d,24,15,10608,39,0
TRN_VP1m,SNpp57,24,15,10608,39,0
TRN_VP1m,LB1b,24,15,10608,39,0
TRN_VP1m,SNpp12,24,15,10608,39,0
TRN_VP1m,PhG8,24,15,10608,39,0
PhG9,ORN_VA1v,22,17,10608,39,0
PhG9,JO-A1,22,17,10608,39,0
PhG9,SNpp05,22,17,10608,39,0
PhG9,SNxx28,22,17,10608,39,0
PhG9,ORN_VM5v,22,17,10608,39,0
PhG9,SNpp31,22,17,10608,39,0
PhG9,SNpp17,22,17,10608,39,0
PhG9,SNpp01,22,17,10608,39,0
BM_Hau,ENS3,27,12,10608,39,0
BM_Hau,ORN_VM4,27,12,10608,39,0
BM_Hau,ENS1,27,12,10608,39,0
BM_Hau,PhG13,27,12,10608,39,0
BM_Hau,ORN_DC2,27,12,10608,39,0
BM_Hau,SNpp37,27,12,10608,39,0
BM_Hau,ORN_VC4,27,12,10608,39,0
BM_Hau,b2 MN,27,12,10608,39,0
JO-B4_b,ENS3,27,12,10608,39,0
JO-B4_b,ORN_VM4,27,12,10608,39,0
JO-B4_b,ENS1,27,12,10608,39,0
JO-B4_b,PhG13,27,12,10608,39,0
JO-B4_b,ORN_DC2,27,12,10608,39,0
JO-B4_b,SNpp37,27,12,10608,39,0
JO-B4_b,ORN_VC4,27,12,10608,39,0
JO-B4_b,b2 MN,27,12,10608,39,0
R8_unclear,ORN_VA6,11,28,10608,39,0
R8_unclear,ENS4,11,28,10608,39,0
R8_unclear,SNta26,11,28,10608,39,0
WG4,GNG642,23,16,10608,39,0
WG4,ORN_V,23,16,10608,39,0
WG4,PhG10,23,16,10608,39,0
WG4,ORN_VL1,23,16,10608,39,0
WG4,LgLG4,23,16,10608,39,0
WG4,ORN_VM5d,23,16,10608,39,0
WG4,SNpp11,23,16,10608,39,0
WG4,ALBN1,23,16,10608,39,0
WG4,ENS5,23,16,10608,39,0
WG4,dorsal_tpGRN,23,16,10608,39,0
WG4,JO-CA2,23,16,10608,39,0
ORN_DM1,ORN_DM2,26,13,10608,39,0
ORN_DM1,DNg20,26,13,10608,39,0
ORN_DM1,SNxx06,26,13,10608,39,0
ORN_DM1,SNpp15,26,13,10608,39,0
ORN_DM1,ORN_DA2,26,13,10608,39,0
ORN_DM1,PhG16,26,13,10608,39,0
ORN_DM1,SNpp18,26,13,10608,39,0
ORN_DM1,LgAG8,26,13,10608,39,0
BM_Vib,ORN_DA3,34,5,10608,39,0
HRN_VP1d,HBeyelet,31,8,10608,39,0
HRN_VP1d,PhG1a,31,8,10608,39,0
ORN_DC1,ORN_VA1v,22,17,10608,39,0
ORN_DC1,JO-A1,22,17,10608,39,0
ORN_DC1,SNpp05,22,17,10608,39,0
ORN_DC1,SNxx28,22,17,10608,39,0
ORN_DC1,ORN_VM5v,22,17,10608,39,0
ORN_DC1,SNpp31,22,17,10608,39,0
ORN_DC1,SNpp17,22,17,10608,39,0
ORN_DC1,SNpp01,22,17,10608,39,0
GNG642,ORN_D,16,23,10608,39,0
SNxx11,HRN_VP1l,29,10,10608,39,0
SNxx11,PhG6,29,10,10608,39,0
SNxx11,LN-DN1,29,10,10608,39,0
SNxx11,ORN_DM4,29,10,10608,39,0
SNxx11,ORN_DM6,29,10,10608,39,0
SNxx11,ORN_VA3,29,10,10608,39,0
ORN_DC4,HRN_VP1l,29,10,10608,39,0
ORN_DC4,PhG6,29,10,10608,39,0
ORN_DC4,LN-DN1,29,10,10608,39,0
ORN_DC4,ORN_DM4,29,10,10608,39,0
ORN_DC4,ORN_DM6,29,10,10608,39,0
ORN_DC4,ORN_VA3,29,10,10608,39,0
ORN_DM2,SNpp10,13,26,10608,39,0
ORN_DM2,SApp01,13,26,10608,39,0
SApp23,ENS3,27,12,10608,39,0
SApp23,ORN_VM4,27,12,10608,39,0
SApp23,ENS1,27,12,10608,39,0
SApp23,PhG13,27,12,10608,39,0
SApp23,ORN_DC2,27,12,10608,39,0
SApp23,SNpp37,27,12,10608,39,0
SApp23,ORN_VC4,27,12,10608,39,0
SApp23,b2 MN,27,12,10608,39,0
GNG654,SNxx26,14,25,10608,39,0
GNG654,ORN_VA2,14,25,10608,39,0
TRN_VP2,SNxx17,18,21,10608,39,0
TRN_VP2,ORN_DL2v,18,21,10608,39,0
aPhM2b,SNxx17,18,21,10608,39,0
aPhM2b,ORN_DL2v,18,21,10608,39,0
LB1c,HRN_VP1l,29,10,10608,39,0
LB1c,PhG6,29,10,10608,39,0
LB1c,LN-DN1,29,10,10608,39,0
LB1c,ORN_DM4,29,10,10608,39,0
LB1c,ORN_DM6,29,10,10608,39,0
LB1c,ORN_VA3,29,10,10608,39,0
JO-CL,LB4a,30,9,10608,39,0
JO-CL,PhG3,30,9,10608,39,0
JO-CL,SApp21,30,9,10608,39,0
JO-CL,LgAG6,30,9,10608,39,0
JO-CL,tpn MN,30,9,10608,39,0
JO-CL,JO-B4_a,30,9,10608,39,0
LgAG9,SNpp02,15,24,10608,39,0
ORN_VL2p,ENS3,27,12,10608,39,0
ORN_VL2p,ORN_VM4,27,12,10608,39,0
ORN_VL2p,ENS1,27,12,10608,39,0
ORN_VL2p,PhG13,27,12,10608,39,0
ORN_VL2p,ORN_DC2,27,12,10608,39,0
ORN_VL2p,SNpp37,27,12,10608,39,0
ORN_VL2p,ORN_VC4,27,12,10608,39,0
ORN_VL2p,b2 MN,27,12,10608,39,0
ORN_DL5,SNpp35,20,19,10608,39,0
ORN_DL5,LgAG5,20,19,10608,39,0
ORN_DL5,LgAG7,20,19,10608,39,0
ORN_DL5,ORN_DL2d,20,19,10608,39,0
ORN_DL5,JO-B1_a,20,19,10608,39,0
ORN_DL5,SNta13,20,19,10608,39,0
ENS3,SNta33,12,27,10608,39,0
PhG1c,ORN_DA3,34,5,10608,39,0
SNpp41,LB4a,30,9,10608,39,0
SNpp41,PhG3,30,9,10608,39,0
SNpp41,SApp21,30,9,10608,39,0
SNpp41,LgAG6,30,9,10608,39,0
SNpp41,tpn MN,30,9,10608,39,0
SNpp41,JO-B4_a,30,9,10608,39,0
JO-ED1,HBeyelet,31,8,10608,39,0
JO-ED1,PhG1a,31,8,10608,39,0
SNpp35,WG2,19,20,10608,39,0
SNpp35,LgAG3,19,20,10608,39,0
SNpp35,PhG1b,19,20,10608,39,0
SNpp35,BM_vOcci_vPoOr,19,20,10608,39,0
SNpp35,LB1e,19,20,10608,39,0
SNpp35,SNxx30,19,20,10608,39,0
WG2,LgAG5,20,19,10608,39,0
WG2,LgAG7,20,19,10608,39,0
WG2,ORN_DL2d,20,19,10608,39,0
WG2,JO-B1_a,20,19,10608,39,0
WG2,SNta13,20,19,10608,39,0
LgAG3,LgAG5,20,19,10608,39,0
LgAG3,LgAG7,20,19,10608,39,0
LgAG3,ORN_DL2d,20,19,10608,39,0
LgAG3,JO-B1_a,20,19,10608,39,0
LgAG3,SNta13,20,19,10608,39,0
SNxx14,R8d,36,3,10608,39,0
SNxx17,ORN_VC1,21,18,10608,39,0
SNxx17,ORN_VM7d,21,18,10608,39,0
SNxx17,LgAG2,21,18,10608,39,0
SNxx17,DNx01,21,18,10608,39,0
ORN_V,ORN_D,16,23,10608,39,0
ORN_VA1v,SNpp62,17,22,10608,39,0
ORN_VA1v,SNpp58,17,22,10608,39,0
ORN_VA1v,SNxx19,17,22,10608,39,0
ORN_VA1v,SNxx21,17,22,10608,39,0
ORN_VA1v,JO-B3,17,22,10608,39,0
JO-A1,SNpp62,17,22,10608,39,0
JO-A1,SNpp58,17,22,10608,39,0
JO-A1,SNxx19,17,22,10608,39,0
JO-A1,SNxx21,17,22,10608,39,0
JO-A1,JO-B3,17,22,10608,39,0
SNch10,R8d,36,3,10608,39,0
SNxx26,HRN_VP5,25,14,10608,39,0
SNxx26,LB4b,25,14,10608,39,0
SNxx26,SNxx24,25,14,10608,39,0
SNxx26,ORN_VC5,25,14,10608,39,0
SNxx26,PhG4,25,14,10608,39,0
SNxx26,SNpp06,25,14,10608,39,0
SNxx26,BM_MaPa,25,14,10608,39,0
SNxx26,PhG14,25,14,10608,39,0
SNxx26,SNpp56,25,14,10608,39,0
SNxx26,JO-B2,25,14,10608,39,0
SNxx26,JO-B1_c,25,14,10608,39,0
ORN_VA2,HRN_VP5,25,14,10608,39,0
ORN_VA2,LB4b,25,14,10608,39,0
ORN_VA2,SNxx24,25,14,10608,39,0
ORN_VA2,ORN_VC5,25,14,10608,39,0
ORN_VA2,PhG4,25,14,10608,39,0
ORN_VA2,SNpp06,25,14,10608,39,0
ORN_VA2,BM_MaPa,25,14,10608,39,0
ORN_VA2,PhG14,25,14,10608,39,0
ORN_VA2,SNpp56,25,14,10608,39,0
ORN_VA2,JO-B2,25,14,10608,39,0
ORN_VA2,JO-B1_c,25,14,10608,39,0
LgAG5,PhG1b,19,20,10608,39,0
LgAG5,BM_vOcci_vPoOr,19,20,10608,39,0
LgAG5,LB1e,19,20,10608,39,0
LgAG5,SNxx30,19,20,10608,39,0
SNpp10,DNg20,26,13,10608,39,0
SNpp10,SNxx06,26,13,10608,39,0
SNpp10,SNpp15,26,13,10608,39,0
SNpp10,ORN_DA2,26,13,10608,39,0
SNpp10,PhG16,26,13,10608,39,0
SNpp10,SNpp18,26,13,10608,39,0
SNpp10,LgAG8,26,13,10608,39,0
PhG1b,LgAG7,20,19,10608,39,0
PhG1b,ORN_DL2d,20,19,10608,39,0
PhG1b,JO-B1_a,20,19,10608,39,0
PhG1b,SNta13,20,19,10608,39,0
ORN_VA6,LB1a,28,11,10608,39,0
ORN_VA6,SNpp21,28,11,10608,39,0
ORN_VA6,ORN_DL1,28,11,10608,39,0
SNpp62,SNpp05,22,17,10608,39,0
SNpp62,SNxx28,22,17,10608,39,0
SNpp62,ORN_VM5v,22,17,10608,39,0
SNpp62,SNpp31,22,17,10608,39,0
SNpp62,SNpp17,22,17,10608,39,0
SNpp62,SNpp01,22,17,10608,39,0
PhG10,ORN_D,16,23,10608,39,0
SApp01,DNg20,26,13,10608,39,0
SApp01,SNxx06,26,13,10608,39,0
SApp01,SNpp15,26,13,10608,39,0
SApp01,ORN_DA2,26,13,10608,39,0
SApp01,PhG16,26,13,10608,39,0
SApp01,SNpp18,26,13,10608,39,0
SApp01,LgAG8,26,13,10608,39,0
LgAG7,BM_vOcci_vPoOr,19,20,10608,39,0
LgAG7,LB1e,19,20,10608,39,0
LgAG7,SNxx30,19,20,10608,39,0
HRN_VP1l,"SNpp29,SNpp63",10,29,10608,39,0
HRN_VP1l,"SNta04,SNta11",10,29,10608,39,0
ORN_DL2v,ORN_VC1,21,18,10608,39,0
ORN_DL2v,ORN_VM7d,21,18,10608,39,0
ORN_DL2v,LgAG2,21,18,10608,39,0
ORN_DL2v,DNx01,21,18,10608,39,0
"SNpp29,SNpp63",PhG6,29,10,10608,39,0
"SNpp29,SNpp63",LN-DN1,29,10,10608,39,0
"SNpp29,SNpp63",ORN_DM4,29,10,10608,39,0
"SNpp29,SNpp63",ORN_DM6,29,10,10608,39,0
"SNpp29,SNpp63",ORN_VA3,29,10,10608,39,0
BM_vOcci_vPoOr,ORN_DL2d,20,19,10608,39,0
BM_vOcci_vPoOr,JO-B1_a,20,19,10608,39,0
BM_vOcci_vPoOr,SNta13,20,19,10608,39,0
LB1a,ENS4,11,28,10608,39,0
LB1a,SNta26,11,28,10608,39,0
ORN_VL1,ORN_D,16,23,10608,39,0
ORN_VM4,SNta33,12,27,10608,39,0
ORN_DL2d,LB1e,19,20,10608,39,0
ORN_DL2d,SNxx30,19,20,10608,39,0
PhG6,"SNta04,SNta11",10,29,10608,39,0
R8d,SNta18,3,36,10608,39,0
ORN_D,LgLG4,23,16,10608,39,0
ORN_D,ORN_VM5d,23,16,10608,39,0
ORN_D,SNpp11,23,16,10608,39,0
ORN_D,ENS5,23,16,10608,39,0
ORN_D,dorsal_tpGRN,23,16,10608,39,0
ORN_D,JO-CA2,23,16,10608,39,0
LB1e,JO-B1_a,20,19,10608,39,0
LB1e,SNta13,20,19,10608,39,0
ORN_VA1d,SNpp02,15,24,10608,39,0
SNpp57,SNpp02,15,24,10608,39,0
ENS4,SNpp21,28,11,10608,39,0
ENS4,ORN_VM7v,28,11,10608,39,0
ENS4,ORN_DL1,28,11,10608,39,0
ENS1,SNta33,12,27,10608,39,0
PhG13,SNta33,12,27,10608,39,0
SApp14,LgLG7,32,7,10608,39,0
SApp14,DNg83,32,7,10608,39,0
SApp14,ORN_DL3,32,7,10608,39,0
SApp14,ORN_DM3,32,7,10608,39,0
HBeyelet,SApp13,8,31,10608,39,0
LB1b,SNpp02,15,24,10608,39,0
SNpp58,SNpp05,22,17,10608,39,0
SNpp58,SNxx28,22,17,10608,39,0
SNpp58,ORN_VM5v,22,17,10608,39,0
SNpp58,SNpp31,22,17,10608,39,0
SNpp58,SNpp17,22,17,10608,39,0
SNpp58,SNpp01,22,17,10608,39,0
LgLG7,SNpp07,7,32,10608,39,0
SNxx30,JO-B1_a,20,19,10608,39,0
SNxx30,SNta13,20,19,10608,39,0
SNpp07,DNg83,32,7,10608,39,0
SNpp07,ORN_DL3,32,7,10608,39,0
SNpp07,ORN_DM3,32,7,10608,39,0
SNpp21,SNta26,11,28,10608,39,0
ORN_VM7v,SNta26,11,28,10608,39,0
SApp13,PhG1a,31,8,10608,39,0
SNxx19,SNpp05,22,17,10608,39,0
SNxx19,SNxx28,22,17,10608,39,0
SNxx19,ORN_VM5v,22,17,10608,39,0
SNxx19,SNpp31,22,17,10608,39,0
SNxx19,SNpp17,22,17,10608,39,0
SNxx19,SNpp01,22,17,10608,39,0
ORN_DC2,SNta33,12,27,10608,39,0
SNxx21,SNpp05,22,17,10608,39,0
SNxx21,SNxx28,22,17,10608,39,0
SNxx21,ORN_VM5v,22,17,10608,39,0
SNxx21,SNpp31,22,17,10608,39,0
SNxx21,SNpp17,22,17,10608,39,0
SNxx21,SNpp01,22,17,10608,39,0
SNpp05,JO-B3,17,22,10608,39,0
LN-DN1,"SNta04,SNta11",10,29,10608,39,0
ORN_DM4,"SNta04,SNta11",10,29,10608,39,0
JO-B3,SNxx28,22,17,10608,39,0
JO-B3,ORN_VM5v,22,17,10608,39,0
JO-B3,SNpp31,22,17,10608,39,0
JO-B3,SNpp17,22,17,10608,39,0
JO-B3,SNpp01,22,17,10608,39,0
SNpp02,SNpp12,24,15,10608,39,0
SNpp02,PhG8,24,15,10608,39,0
ORN_DL1,SNta26,11,28,10608,39,0
"SNta04,SNta11",ORN_DM6,29,10,10608,39,0
"SNta04,SNta11",ORN_VA3,29,10,10608,39,0
SNpp37,SNta33,12,27,10608,39,0
ORN_VC4,SNta33,12,27,10608,39,0
b2 MN,SNta33,12,27,10608,39,0
SNxx08,TRN_VP3a,20,18,10609,38,0
SNxx08,TRN_VP2,20,18,10609,38,0
SNxx08,aPhM2b,20,18,10609,38,0
SNxx08,ORN_VC1,20,18,10609,38,0
SNxx08,ORN_VM7d,20,18,10609,38,0
SNxx08,LgAG2,20,18,10609,38,0
SNxx08,DNx01,20,18,10609,38,0
R7_unclear,WG4,15,23,10609,38,0
R7_unclear,ORN_D,15,23,10609,38,0
aPhM5,LgLG8,29,9,10609,38,0
aPhM5,LB4a,29,9,10609,38,0
aPhM5,PhG3,29,9,10609,38,0
aPhM5,SApp21,29,9,10609,38,0
aPhM5,LgAG6,29,9,10609,38,0
aPhM5,tpn MN,29,9,10609,38,0
aPhM5,JO-B4_a,29,9,10609,38,0
TPMN2,ENS3,26,12,10609,38,0
TPMN2,ORN_VM4,26,12,10609,38,0
TPMN2,ENS1,26,12,10609,38,0
TPMN2,PhG13,26,12,10609,38,0
TPMN2,ORN_DC2,26,12,10609,38,0
TPMN2,SNpp37,26,12,10609,38,0
TPMN2,ORN_VC4,26,12,10609,38,0
TPMN2,b2 MN,26,12,10609,38,0
R7y,GNG643,11,27,10609,38,0
R7y,LB3d,11,27,10609,38,0
R7y,SNxx02,11,27,10609,38,0
R7y,BM_Hau,11,27,10609,38,0
R7y,JO-B4_b,11,27,10609,38,0
R7y,SApp23,11,27,10609,38,0
R7y,ORN_VL2p,11,27,10609,38,0
R7y,SNta33,11,27,10609,38,0
R7p,GNG643,11,27,10609,38,0
R7p,LB3d,11,27,10609,38,0
R7p,SNxx02,11,27,10609,38,0
R7p,BM_Hau,11,27,10609,38,0
R7p,JO-B4_b,11,27,10609,38,0
R7p,SApp23,11,27,10609,38,0
R7p,ORN_VL2p,11,27,10609,38,0
R7p,SNta33,11,27,10609,38,0
R7d,LB3c,13,25,10609,38,0
R7d,SNxx26,13,25,10609,38,0
R7d,ORN_VA2,13,25,10609,38,0
LgLG6,LB3c,13,25,10609,38,0
LgLG6,SNxx26,13,25,10609,38,0
LgLG6,ORN_VA2,13,25,10609,38,0
aPhM4,LB3a,19,19,10609,38,0
aPhM4,SNpp35,19,19,10609,38,0
aPhM4,LgAG5,19,19,10609,38,0
aPhM4,LgAG7,19,19,10609,38,0
aPhM4,ORN_DL2d,19,19,10609,38,0
aPhM4,JO-B1_a,19,19,10609,38,0
aPhM4,SNta13,19,19,10609,38,0
GNG643,R8p,27,11,10609,38,0
GNG643,SNxx09,27,11,10609,38,0
GNG643,LgLG2,27,11,10609,38,0
GNG643,R8_unclear,27,11,10609,38,0
GNG643,LB1a,27,11,10609,38,0
GNG643,SNpp21,27,11,10609,38,0
GNG643,ORN_VM7v,27,11,10609,38,0
GNG643,ORN_DL1,27,11,10609,38,0
HRN_VP4,LgLG7,31,7,10609,38,0
HRN_VP4,DNg83,31,7,10609,38,0
HRN_VP4,ORN_DL3,31,7,10609,38,0
HRN_VP4,ORN_DM3,31,7,10609,38,0
WG3,ORN_DA3,33,5,10609,38,0
R8p,LB3d,11,27,10609,38,0
R8p,SNxx02,11,27,10609,38,0
R8p,BM_Hau,11,27,10609,38,0
R8p,JO-B4_b,11,27,10609,38,0
R8p,SApp23,11,27,10609,38,0
R8p,ORN_VL2p,11,27,10609,38,0
R8p,SNta33,11,27,10609,38,0
aPhM1,GNG642,22,16,10609,38,0
aPhM1,ORN_V,22,16,10609,38,0
aPhM1,PhG10,22,16,10609,38,0
aPhM1,ORN_VL1,22,16,10609,38,0
aPhM1,LgLG4,22,16,10609,38,0
aPhM1,ORN_VM5d,22,16,10609,38,0
aPhM1,SNpp11,22,16,10609,38,0
aPhM1,ALBN1,22,16,10609,38,0
aPhM1,ENS5,22,16,10609,38,0
aPhM1,dorsal_tpGRN,22,16,10609,38,0
aPhM1,JO-CA2,22,16,10609,38,0
SNxx09,LB3d,11,27,10609,38,0
SNxx09,SNxx02,11,27,10609,38,0
SNxx09,BM_Hau,11,27,10609,38,0
SNxx09,JO-B4_b,11,27,10609,38,0
SNxx09,SApp23,11,27,10609,38,0
SNxx09,ORN_VL2p,11,27,10609,38,0
SNxx09,SNta33,11,27,10609,38,0
LB3b,JO-A3,17,21,10609,38,0
LB3b,ORN_VM6v,17,21,10609,38,0
LB3b,SNxx17,17,21,10609,38,0
LB3b,ORN_DL2v,17,21,10609,38,0
BM_Vt_PoOc,GNG642,22,16,10609,38,0
BM_Vt_PoOc,ORN_V,22,16,10609,38,0
BM_Vt_PoOc,PhG10,22,16,10609,38,0
BM_Vt_PoOc,ORN_VL1,22,16,10609,38,0
BM_Vt_PoOc,LgLG4,22,16,10609,38,0
BM_Vt_PoOc,ORN_VM5d,22,16,10609,38,0
BM_Vt_PoOc,SNpp11,22,16,10609,38,0
BM_Vt_PoOc,ALBN1,22,16,10609,38,0
BM_Vt_PoOc,ENS5,22,16,10609,38,0
BM_Vt_PoOc,dorsal_tpGRN,22,16,10609,38,0
BM_Vt_PoOc,JO-CA2,22,16,10609,38,0
GNG644,TRN_VP3a,20,18,10609,38,0
GNG644,TRN_VP2,20,18,10609,38,0
GNG644,aPhM2b,20,18,10609,38,0
GNG644,ORN_VC1,20,18,10609,38,0
GNG644,ORN_VM7d,20,18,10609,38,0
GNG644,LgAG2,20,18,10609,38,0
GNG644,DNx01,20,18,10609,38,0
R8y,SNta14,10,28,10609,38,0
R8y,ENS2,10,28,10609,38,0
R8y,ORN_DP1l,10,28,10609,38,0
R8y,ORN_VA6,10,28,10609,38,0
R8y,ENS4,10,28,10609,38,0
R8y,SNta26,10,28,10609,38,0
LgLG5,SNpp23,8,30,10609,38,0
LgLG5,JO-CL,8,30,10609,38,0
LgLG5,SNpp41,8,30,10609,38,0
JO-A3,ORN_VA1v,21,17,10609,38,0
JO-A3,JO-A1,21,17,10609,38,0
JO-A3,SNpp05,21,17,10609,38,0
JO-A3,SNxx28,21,17,10609,38,0
JO-A3,ORN_VM5v,21,17,10609,38,0
JO-A3,SNpp31,21,17,10609,38,0
JO-A3,SNpp17,21,17,10609,38,0
JO-A3,SNpp01,21,17,10609,38,0
SNpp23,HBeyelet,30,8,10609,38,0
SNpp23,PhG1a,30,8,10609,38,0
WG1,WG4,15,23,10609,38,0
WG1,ORN_D,15,23,10609,38,0
SNta14,HRN_VP1l,28,10,10609,38,0
SNta14,PhG6,28,10,10609,38,0
SNta14,LN-DN1,28,10,10609,38,0
SNta14,ORN_DM4,28,10,10609,38,0
SNta14,ORN_DM6,28,10,10609,38,0
SNta14,ORN_VA3,28,10,10609,38,0
LgLG2,LB3d,11,27,10609,38,0
LgLG2,SNxx02,11,27,10609,38,0
LgLG2,BM_Hau,11,27,10609,38,0
LgLG2,JO-B4_b,11,27,10609,38,0
LgLG2,SApp23,11,27,10609,38,0
LgLG2,ORN_VL2p,11,27,10609,38,0
LgLG2,SNta33,11,27,10609,38,0
TRN_VP3a,ORN_DL5,18,20,10609,38,0
TRN_VP3a,WG2,18,20,10609,38,0
TRN_VP3a,LgAG3,18,20,10609,38,0
TRN_VP3a,PhG1b,18,20,10609,38,0
TRN_VP3a,BM_vOcci_vPoOr,18,20,10609,38,0
TRN_VP3a,LB1e,18,20,10609,38,0
TRN_VP3a,SNxx30,18,20,10609,38,0
LB3d,R8_unclear,27,11,10609,38,0
LB3d,LB1a,27,11,10609,38,0
LB3d,SNpp21,27,11,10609,38,0
LB3d,ORN_VM7v,27,11,10609,38,0
LB3d,ORN_DL1,27,11,10609,38,0
SNxx02,R8_unclear,27,11,10609,38,0
SNxx02,LB1a,27,11,10609,38,0
SNxx02,SNpp21,27,11,10609,38,0
SNxx02,ORN_VM7v,27,11,10609,38,0
SNxx02,ORN_DL1,27,11,10609,38,0
LgLG8,SNxx11,9,29,10609,38,0
LgLG8,ORN_DC4,9,29,10609,38,0
LgLG8,LB1c,9,29,10609,38,0
LgLG8,"SNpp29,SNpp63",9,29,10609,38,0
LgLG8,"SNta04,SNta11",9,29,10609,38,0
LB3c,ORN_DM2,25,13,10609,38,0
LB3c,DNg20,25,13,10609,38,0
LB3c,SNxx06,25,13,10609,38,0
LB3c,SNpp15,25,13,10609,38,0
LB3c,ORN_DA2,25,13,10609,38,0
LB3c,PhG16,25,13,10609,38,0
LB3c,SNpp18,25,13,10609,38,0
LB3c,LgAG8,25,13,10609,38,0
ORN_VM6v,ORN_VA1v,21,17,10609,38,0
ORN_VM6v,JO-A1,21,17,10609,38,0
ORN_VM6v,SNpp05,21,17,10609,38,0
ORN_VM6v,SNxx28,21,17,10609,38,0
ORN_VM6v,ORN_VM5v,21,17,10609,38,0
ORN_VM6v,SNpp31,21,17,10609,38,0
ORN_VM6v,SNpp17,21,17,10609,38,0
ORN_VM6v,SNpp01,21,17,10609,38,0
ENS2,HRN_VP1l,28,10,10609,38,0
ENS2,PhG6,28,10,10609,38,0
ENS2,LN-DN1,28,10,10609,38,0
ENS2,ORN_DM4,28,10,10609,38,0
ENS2,ORN_DM6,28,10,10609,38,0
ENS2,ORN_VA3,28,10,10609,38,0
ORN_DP1l,HRN_VP1l,28,10,10609,38,0
ORN_DP1l,PhG6,28,10,10609,38,0
ORN_DP1l,LN-DN1,28,10,10609,38,0
ORN_DP1l,ORN_DM4,28,10,10609,38,0
ORN_DP1l,ORN_DM6,28,10,10609,38,0
ORN_DP1l,ORN_VA3,28,10,10609,38,0
LB3a,SNpp35,19,19,10609,38,0
LB3a,LgAG5,19,19,10609,38,0
LB3a,LgAG7,19,19,10609,38,0
LB3a,ORN_DL2d,19,19,10609,38,0
LB3a,JO-B1_a,19,19,10609,38,0
LB3a,SNta13,19,19,10609,38,0
TRN_VP1m,GNG654,24,14,10609,38,0
TRN_VP1m,HRN_VP5,24,14,10609,38,0
TRN_VP1m,LB4b,24,14,10609,38,0
TRN_VP1m,SNxx24,24,14,10609,38,0
TRN_VP1m,ORN_VC5,24,14,10609,38,0
TRN_VP1m,PhG4,24,14,10609,38,0
TRN_VP1m,SNpp06,24,14,10609,38,0
TRN_VP1m,BM_MaPa,24,14,10609,38,0
TRN_VP1m,PhG14,24,14,10609,38,0
TRN_VP1m,SNpp56,24,14,10609,38,0
TRN_VP1m,JO-B2,24,14,10609,38,0
TRN_VP1m,JO-B1_c,24,14,10609,38,0
PhG9,GNG642,22,16,10609,38,0
PhG9,ORN_V,22,16,10609,38,0
PhG9,PhG10,22,16,10609,38,0
PhG9,ORN_VL1,22,16,10609,38,0
PhG9,LgLG4,22,16,10609,38,0
PhG9,ORN_VM5d,22,16,10609,38,0
PhG9,SNpp11,22,16,10609,38,0
PhG9,ALBN1,22,16,10609,38,0
PhG9,ENS5,22,16,10609,38,0
PhG9,dorsal_tpGRN,22,16,10609,38,0
PhG9,JO-CA2,22,16,10609,38,0
BM_Hau,R8_unclear,27,11,10609,38,0
BM_Hau,LB1a,27,11,10609,38,0
BM_Hau,SNpp21,27,11,10609,38,0
BM_Hau,ORN_VM7v,27,11,10609,38,0
BM_Hau,ORN_DL1,27,11,10609,38,0
ORN_DP1m,R8d,35,3,10609,38,0
JO-B4_b,R8_unclear,27,11,10609,38,0
JO-B4_b,LB1a,27,11,10609,38,0
JO-B4_b,SNpp21,27,11,10609,38,0
JO-B4_b,ORN_VM7v,27,11,10609,38,0
JO-B4_b,ORN_DL1,27,11,10609,38,0
R8_unclear,SApp23,11,27,10609,38,0
R8_unclear,ORN_VL2p,11,27,10609,38,0
R8_unclear,SNta33,11,27,10609,38,0
WG4,LgAG9,23,15,10609,38,0
WG4,ORN_VA1d,23,15,10609,38,0
WG4,SNpp57,23,15,10609,38,0
WG4,LB1b,23,15,10609,38,0
WG4,SNpp12,23,15,10609,38,0
WG4,PhG8,23,15,10609,38,0
ORN_DM1,ENS3,26,12,10609,38,0
ORN_DM1,ORN_VM4,26,12,10609,38,0
ORN_DM1,ENS1,26,12,10609,38,0
ORN_DM1,PhG13,26,12,10609,38,0
ORN_DM1,ORN_DC2,26,12,10609,38,0
ORN_DM1,SNpp37,26,12,10609,38,0
ORN_DM1,ORN_VC4,26,12,10609,38,0
ORN_DM1,b2 MN,26,12,10609,38,0
HRN_VP1d,LgLG7,31,7,10609,38,0
HRN_VP1d,DNg83,31,7,10609,38,0
HRN_VP1d,ORN_DL3,31,7,10609,38,0
HRN_VP1d,ORN_DM3,31,7,10609,38,0
ORN_DC1,GNG642,22,16,10609,38,0
ORN_DC1,ORN_V,22,16,10609,38,0
ORN_DC1,PhG10,22,16,10609,38,0
ORN_DC1,ORN_VL1,22,16,10609,38,0
ORN_DC1,LgLG4,22,16,10609,38,0
ORN_DC1,ORN_VM5d,22,16,10609,38,0
ORN_DC1,SNpp11,22,16,10609,38,0
ORN_DC1,ENS5,22,16,10609,38,0
ORN_DC1,dorsal_tpGRN,22,16,10609,38,0
ORN_DC1,JO-CA2,22,16,10609,38,0
GNG642,SNpp62,16,22,10609,38,0
GNG642,SNpp58,16,22,10609,38,0
GNG642,SNxx19,16,22,10609,38,0
GNG642,SNxx21,16,22,10609,38,0
GNG642,JO-B3,16,22,10609,38,0
SNxx11,LB4a,29,9,10609,38,0
SNxx11,PhG3,29,9,10609,38,0
SNxx11,SApp21,29,9,10609,38,0
SNxx11,LgAG6,29,9,10609,38,0
SNxx11,tpn MN,29,9,10609,38,0
SNxx11,JO-B4_a,29,9,10609,38,0
ORN_DC4,LB4a,29,9,10609,38,0
ORN_DC4,PhG3,29,9,10609,38,0
ORN_DC4,SApp21,29,9,10609,38,0
ORN_DC4,LgAG6,29,9,10609,38,0
ORN_DC4,tpn MN,29,9,10609,38,0
ORN_DC4,JO-B4_a,29,9,10609,38,0
ORN_DM2,SNxx26,13,25,10609,38,0
ORN_DM2,ORN_VA2,13,25,10609,38,0
SApp23,LB1a,27,11,10609,38,0
SApp23,SNpp21,27,11,10609,38,0
SApp23,ORN_VM7v,27,11,10609,38,0
SApp23,ORN_DL1,27,11,10609,38,0
GNG654,SNpp02,14,24,10609,38,0
TRN_VP2,ORN_DL5,18,20,10609,38,0
TRN_VP2,WG2,18,20,10609,38,0
TRN_VP2,LgAG3,18,20,10609,38,0
TRN_VP2,PhG1b,18,20,10609,38,0
TRN_VP2,BM_vOcci_vPoOr,18,20,10609,38,0
TRN_VP2,LB1e,18,20,10609,38,0
TRN_VP2,SNxx30,18,20,10609,38,0
aPhM2b,ORN_DL5,18,20,10609,38,0
aPhM2b,WG2,18,20,10609,38,0
aPhM2b,LgAG3,18,20,10609,38,0
aPhM2b,PhG1b,18,20,10609,38,0
aPhM2b,BM_vOcci_vPoOr,18,20,10609,38,0
aPhM2b,LB1e,18,20,10609,38,0
aPhM2b,SNxx30,18,20,10609,38,0
LB1c,LB4a,29,9,10609,38,0
LB1c,PhG3,29,9,10609,38,0
LB1c,SApp21,29,9,10609,38,0
LB1c,tpn MN,29,9,10609,38,0
LB1c,JO-B4_a,29,9,10609,38,0
JO-CL,HBeyelet,30,8,10609,38,0
JO-CL,PhG1a,30,8,10609,38,0
LgAG9,ORN_D,15,23,10609,38,0
ORN_VL2p,LB1a,27,11,10609,38,0
ORN_VL2p,SNpp21,27,11,10609,38,0
ORN_VL2p,ORN_VM7v,27,11,10609,38,0
ORN_VL2p,ORN_DL1,27,11,10609,38,0
ORN_DL5,ORN_VC1,20,18,10609,38,0
ORN_DL5,ORN_VM7d,20,18,10609,38,0
ORN_DL5,LgAG2,20,18,10609,38,0
ORN_DL5,DNx01,20,18,10609,38,0
ENS3,SNpp10,12,26,10609,38,0
ENS3,SApp01,12,26,10609,38,0
SNpp41,HBeyelet,30,8,10609,38,0
SNpp41,PhG1a,30,8,10609,38,0
JO-ED1,LgLG7,31,7,10609,38,0
JO-ED1,DNg83,31,7,10609,38,0
JO-ED1,ORN_DL3,31,7,10609,38,0
JO-ED1,ORN_DM3,31,7,10609,38,0
SNpp35,LgAG5,19,19,10609,38,0
SNpp35,LgAG7,19,19,10609,38,0
SNpp35,ORN_DL2d,19,19,10609,38,0
SNpp35,JO-B1_a,19,19,10609,38,0
SNpp35,SNta13,19,19,10609,38,0
WG2,ORN_VC1,20,18,10609,38,0
WG2,ORN_VM7d,20,18,10609,38,0
WG2,LgAG2,20,18,10609,38,0
WG2,DNx01,20,18,10609,38,0
LgAG3,ORN_VC1,20,18,10609,38,0
LgAG3,ORN_VM7d,20,18,10609,38,0
LgAG3,LgAG2,20,18,10609,38,0
LgAG3,DNx01,20,18,10609,38,0
"SApp11,SApp18",R8d,35,3,10609,38,0
SNxx17,ORN_VA1v,21,17,10609,38,0
SNxx17,JO-A1,21,17,10609,38,0
SNxx17,SNpp05,21,17,10609,38,0
SNxx17,SNxx28,21,17,10609,38,0
SNxx17,ORN_VM5v,21,17,10609,38,0
SNxx17,SNpp31,21,17,10609,38,0
SNxx17,SNpp17,21,17,10609,38,0
SNxx17,SNpp01,21,17,10609,38,0
ORN_V,SNpp62,16,22,10609,38,0
ORN_V,SNpp58,16,22,10609,38,0
ORN_V,SNxx19,16,22,10609,38,0
ORN_V,SNxx21,16,22,10609,38,0
ORN_V,JO-B3,16,22,10609,38,0
ORN_VA1v,ORN_DL2v,17,21,10609,38,0
JO-A1,ORN_DL2v,17,21,10609,38,0
SNxx26,DNg20,25,13,10609,38,0
SNxx26,SNxx06,25,13,10609,38,0
SNxx26,SNpp15,25,13,10609,38,0
SNxx26,ORN_DA2,25,13,10609,38,0
SNxx26,PhG16,25,13,10609,38,0
SNxx26,SNpp18,25,13,10609,38,0
SNxx26,LgAG8,25,13,10609,38,0
ORN_VA2,DNg20,25,13,10609,38,0
ORN_VA2,SNxx06,25,13,10609,38,0
ORN_VA2,SNpp15,25,13,10609,38,0
ORN_VA2,ORN_DA2,25,13,10609,38,0
ORN_VA2,PhG16,25,13,10609,38,0
ORN_VA2,SNpp18,25,13,10609,38,0
ORN_VA2,LgAG8,25,13,10609,38,0
LgAG5,LgAG7,19,19,10609,38,0
LgAG5,ORN_DL2d,19,19,10609,38,0
LgAG5,JO-B1_a,19,19,10609,38,0
LgAG5,SNta13,19,19,10609,38,0
SNpp10,ORN_VM4,26,12,10609,38,0
SNpp10,ENS1,26,12,10609,38,0
SNpp10,PhG13,26,12,10609,38,0
SNpp10,ORN_DC2,26,12,10609,38,0
SNpp10,SNpp37,26,12,10609,38,0
SNpp10,ORN_VC4,26,12,10609,38,0
SNpp10,b2 MN,26,12,10609,38,0
PhG1b,ORN_VC1,20,18,10609,38,0
PhG1b,ORN_VM7d,20,18,10609,38,0
PhG1b,LgAG2,20,18,10609,38,0
PhG1b,DNx01,20,18,10609,38,0
HRN_VP5,SNpp02,14,24,10609,38,0
ORN_VA6,HRN_VP1l,28,10,10609,38,0
ORN_VA6,PhG6,28,10,10609,38,0
ORN_VA6,LN-DN1,28,10,10609,38,0
ORN_VA6,ORN_DM4,28,10,10609,38,0
ORN_VA6,ORN_DM6,28,10,10609,38,0
ORN_VA6,ORN_VA3,28,10,10609,38,0
SNpp62,PhG10,22,16,10609,38,0
SNpp62,ORN_VL1,22,16,10609,38,0
SNpp62,LgLG4,22,16,10609,38,0
SNpp62,ORN_VM5d,22,16,10609,38,0
SNpp62,SNpp11,22,16,10609,38,0
SNpp62,ALBN1,22,16,10609,38,0
SNpp62,ENS5,22,16,10609,38,0
SNpp62,dorsal_tpGRN,22,16,10609,38,0
SNpp62,JO-CA2,22,16,10609,38,0
PhG10,SNpp58,16,22,10609,38,0
PhG10,SNxx19,16,22,10609,38,0
PhG10,SNxx21,16,22,10609,38,0
PhG10,JO-B3,16,22,10609,38,0
SApp01,ORN_VM4,26,12,10609,38,0
SApp01,ENS1,26,12,10609,38,0
SApp01,PhG13,26,12,10609,38,0
SApp01,ORN_DC2,26,12,10609,38,0
SApp01,SNpp37,26,12,10609,38,0
SApp01,ORN_VC4,26,12,10609,38,0
SApp01,b2 MN,26,12,10609,38,0
LgAG7,ORN_DL2d,19,19,10609,38,0
LgAG7,JO-B1_a,19,19,10609,38,0
LgAG7,SNta13,19,19,10609,38,0
HRN_VP1l,ENS4,10,28,10609,38,0
HRN_VP1l,SNta26,10,28,10609,38,0
ORN_DL2v,SNpp05,21,17,10609,38,0
ORN_DL2v,SNxx28,21,17,10609,38,0
ORN_DL2v,ORN_VM5v,21,17,10609,38,0
ORN_DL2v,SNpp31,21,17,10609,38,0
ORN_DL2v,SNpp17,21,17,10609,38,0
ORN_DL2v,SNpp01,21,17,10609,38,0
LB4b,SNpp02,14,24,10609,38,0
SNxx24,SNpp02,14,24,10609,38,0
"SNpp29,SNpp63",LB4a,29,9,10609,38,0
"SNpp29,SNpp63",PhG3,29,9,10609,38,0
"SNpp29,SNpp63",SApp21,29,9,10609,38,0
"SNpp29,SNpp63",LgAG6,29,9,10609,38,0
"SNpp29,SNpp63",tpn MN,29,9,10609,38,0
"SNpp29,SNpp63",JO-B4_a,29,9,10609,38,0
BM_vOcci_vPoOr,ORN_VC1,20,18,10609,38,0
BM_vOcci_vPoOr,ORN_VM7d,20,18,10609,38,0
BM_vOcci_vPoOr,LgAG2,20,18,10609,38,0
BM_vOcci_vPoOr,DNx01,20,18,10609,38,0
ORN_VC1,LB1e,18,20,10609,38,0
ORN_VC1,SNxx30,18,20,10609,38,0
LB1a,SNta33,11,27,10609,38,0
ORN_VL1,SNpp58,16,22,10609,38,0
ORN_VL1,SNxx19,16,22,10609,38,0
ORN_VL1,SNxx21,16,22,10609,38,0
ORN_VL1,JO-B3,16,22,10609,38,0
ORN_DL2d,JO-B1_a,19,19,10609,38,0
ORN_DL2d,SNta13,19,19,10609,38,0
PhG6,ENS4,10,28,10609,38,0
PhG6,SNta26,10,28,10609,38,0
ORN_VM7d,LB1e,18,20,10609,38,0
ORN_VM7d,SNxx30,18,20,10609,38,0
ORN_D,ORN_VA1d,23,15,10609,38,0
ORN_D,SNpp57,23,15,10609,38,0
ORN_D,LB1b,23,15,10609,38,0
ORN_D,SNpp12,23,15,10609,38,0
ORN_D,PhG8,23,15,10609,38,0
LB1e,LgAG2,20,18,10609,38,0
LB1e,DNx01,20,18,10609,38,0
ENS4,LN-DN1,28,10,10609,38,0
ENS4,ORN_DM4,28,10,10609,38,0
ENS4,ORN_DM6,28,10,10609,38,0
ENS4,ORN_VA3,28,10,10609,38,0
LgLG4,SNpp58,16,22,10609,38,0
LgLG4,SNxx19,16,22,10609,38,0
LgLG4,SNxx21,16,22,10609,38,0
LgLG4,JO-B3,16,22,10609,38,0
SNpp58,ORN_VM5d,22,16,10609,38,0
SNpp58,SNpp11,22,16,10609,38,0
SNpp58,ALBN1,22,16,10609,38,0
SNpp58,ENS5,22,16,10609,38,0
SNpp58,dorsal_tpGRN,22,16,10609,38,0
SNpp58,JO-CA2,22,16,10609,38,0
LgLG7,SApp13,7,31,10609,38,0
SNxx30,LgAG2,20,18,10609,38,0
SNxx30,DNx01,20,18,10609,38,0
SNpp21,SNta33,11,27,10609,38,0
ORN_VM7v,SNta33,11,27,10609,38,0
ORN_VM5d,SNxx19,16,22,10609,38,0
ORN_VM5d,SNxx21,16,22,10609,38,0
ORN_VM5d,JO-B3,16,22,10609,38,0
ORN_VC5,SNpp02,14,24,10609,38,0
PhG4,SNpp02,14,24,10609,38,0
SApp13,DNg83,31,7,10609,38,0
SApp13,ORN_DL3,31,7,10609,38,0
SApp13,ORN_DM3,31,7,10609,38,0
SNxx19,SNpp11,22,16,10609,38,0
SNxx19,ALBN1,22,16,10609,38,0
SNxx19,ENS5,22,16,10609,38,0
SNxx19,dorsal_tpGRN,22,16,10609,38,0
SNxx19,JO-CA2,22,16,10609,38,0
JO-B1_a,SNta13,19,19,10609,38,0
SNxx21,SNpp11,22,16,10609,38,0
SNxx21,ALBN1,22,16,10609,38,0
SNxx21,ENS5,22,16,10609,38,0
SNxx21,dorsal_tpGRN,22,16,10609,38,0
SNxx21,JO-CA2,22,16,10609,38,0
SNpp06,SNpp02,14,24,10609,38,0
LN-DN1,SNta26,10,28,10609,38,0
ORN_DM4,SNta26,10,28,10609,38,0
JO-B3,SNpp11,22,16,10609,38,0
JO-B3,ALBN1,22,16,10609,38,0
JO-B3,ENS5,22,16,10609,38,0
JO-B3,dorsal_tpGRN,22,16,10609,38,0
JO-B3,JO-CA2,22,16,10609,38,0
SNpp02,BM_MaPa,24,14,10609,38,0
SNpp02,PhG14,24,14,10609,38,0
SNpp02,SNpp56,24,14,10609,38,0
SNpp02,JO-B2,24,14,10609,38,0
SNpp02,JO-B1_c,24,14,10609,38,0
ORN_DL1,SNta33,11,27,10609,38,0
"SNta04,SNta11",LB4a,29,9,10609,38,0
"SNta04,SNta11",PhG3,29,9,10609,38,0
"SNta04,SNta11",SApp21,29,9,10609,38,0
"SNta04,SNta11",LgAG6,29,9,10609,38,0
"SNta04,SNta11",tpn MN,29,9,10609,38,0
"SNta04,SNta11",JO-B4_a,29,9,10609,38,0
SNta31,ORN_DA3,33,5,10609,38,0
SNta26,ORN_DM6,28,10,10609,38,0
SNta26,ORN_VA3,28,10,10609,38,0
SNxx07,ORN_DA3,32,5,10610,37,0
SNxx08,LB3b,20,17,10610,37,0
SNxx08,ORN_VA1v,20,17,10610,37,0
SNxx08,JO-A1,20,17,10610,37,0
SNxx08,SNpp05,20,17,10610,37,0
SNxx08,SNxx28,20,17,10610,37,0
SNxx08,ORN_VM5v,20,17,10610,37,0
SNxx08,SNpp31,20,17,10610,37,0
SNxx08,SNpp17,20,17,10610,37,0
SNxx08,SNpp01,20,17,10610,37,0
R7_unclear,aPhM1,15,22,10610,37,0
R7_unclear,BM_Vt_PoOc,15,22,10610,37,0
R7_unclear,PhG9,15,22,10610,37,0
R7_unclear,ORN_DC1,15,22,10610,37,0
R7_unclear,SNpp62,15,22,10610,37,0
R7_unclear,SNpp58,15,22,10610,37,0
R7_unclear,SNxx19,15,22,10610,37,0
R7_unclear,SNxx21,15,22,10610,37,0
R7_unclear,JO-B3,15,22,10610,37,0
aPhM5,LgLG5,29,8,10610,37,0
aPhM5,HBeyelet,29,8,10610,37,0
aPhM5,PhG1a,29,8,10610,37,0
TPMN2,R7y,26,11,10610,37,0
TPMN2,R7p,26,11,10610,37,0
TPMN2,R8p,26,11,10610,37,0
TPMN2,SNxx09,26,11,10610,37,0
TPMN2,LgLG2,26,11,10610,37,0
TPMN2,R8_unclear,26,11,10610,37,0
TPMN2,LB1a,26,11,10610,37,0
TPMN2,SNpp21,26,11,10610,37,0
TPMN2,ORN_VM7v,26,11,10610,37,0
TPMN2,ORN_DL1,26,11,10610,37,0
R7y,ORN_DM1,11,26,10610,37,0
R7y,SNpp10,11,26,10610,37,0
R7y,SApp01,11,26,10610,37,0
R7p,ORN_DM1,11,26,10610,37,0
R7p,SNpp10,11,26,10610,37,0
R7p,SApp01,11,26,10610,37,0
R7d,TRN_VP1m,13,24,10610,37,0
R7d,SNpp02,13,24,10610,37,0
LgLG6,TRN_VP1m,13,24,10610,37,0
LgLG6,SNpp02,13,24,10610,37,0
aPhM3,ORN_DA3,32,5,10610,37,0
aPhM4,TRN_VP3a,19,18,10610,37,0
aPhM4,TRN_VP2,19,18,10610,37,0
aPhM4,aPhM2b,19,18,10610,37,0
aPhM4,ORN_VC1,19,18,10610,37,0
aPhM4,ORN_VM7d,19,18,10610,37,0
aPhM4,LgAG2,19,18,10610,37,0
aPhM4,DNx01,19,18,10610,37,0
GNG643,R8y,27,10,10610,37,0
GNG643,HRN_VP1l,27,10,10610,37,0
GNG643,PhG6,27,10,10610,37,0
GNG643,LN-DN1,27,10,10610,37,0
GNG643,ORN_DM4,27,10,10610,37,0
GNG643,ORN_DM6,27,10,10610,37,0
GNG643,ORN_VA3,27,10,10610,37,0
R8p,ORN_DM1,11,26,10610,37,0
R8p,SNpp10,11,26,10610,37,0
R8p,SApp01,11,26,10610,37,0
aPhM1,WG1,22,15,10610,37,0
aPhM1,LgAG9,22,15,10610,37,0
aPhM1,ORN_VA1d,22,15,10610,37,0
aPhM1,SNpp57,22,15,10610,37,0
aPhM1,LB1b,22,15,10610,37,0
aPhM1,SNpp12,22,15,10610,37,0
aPhM1,PhG8,22,15,10610,37,0
SNxx09,ORN_DM1,11,26,10610,37,0
SNxx09,SNpp10,11,26,10610,37,0
SNxx09,SApp01,11,26,10610,37,0
ORN_VL2a,R8d,34,3,10610,37,0
LB3b,GNG644,17,20,10610,37,0
LB3b,ORN_DL5,17,20,10610,37,0
LB3b,WG2,17,20,10610,37,0
LB3b,LgAG3,17,20,10610,37,0
LB3b,PhG1b,17,20,10610,37,0
LB3b,BM_vOcci_vPoOr,17,20,10610,37,0
LB3b,LB1e,17,20,10610,37,0
LB3b,SNxx30,17,20,10610,37,0
BM_Vt_PoOc,WG1,22,15,10610,37,0
BM_Vt_PoOc,LgAG9,22,15,10610,37,0
BM_Vt_PoOc,ORN_VA1d,22,15,10610,37,0
BM_Vt_PoOc,SNpp57,22,15,10610,37,0
BM_Vt_PoOc,LB1b,22,15,10610,37,0
BM_Vt_PoOc,SNpp12,22,15,10610,37,0
BM_Vt_PoOc,PhG8,22,15,10610,37,0
GNG644,ORN_VA1v,20,17,10610,37,0
GNG644,JO-A1,20,17,10610,37,0
GNG644,SNpp05,20,17,10610,37,0
GNG644,SNxx28,20,17,10610,37,0
GNG644,ORN_VM5v,20,17,10610,37,0
GNG644,SNpp31,20,17,10610,37,0
GNG644,SNpp17,20,17,10610,37,0
GNG644,SNpp01,20,17,10610,37,0
R8y,LB3d,10,27,10610,37,0
R8y,SNxx02,10,27,10610,37,0
R8y,BM_Hau,10,27,10610,37,0
R8y,JO-B4_b,10,27,10610,37,0
R8y,SApp23,10,27,10610,37,0
R8y,ORN_VL2p,10,27,10610,37,0
R8y,SNta33,10,27,10610,37,0
LgLG5,SNxx11,8,29,10610,37,0
LgLG5,ORN_DC4,8,29,10610,37,0
LgLG5,LB1c,8,29,10610,37,0
LgLG5,"SNpp29,SNpp63",8,29,10610,37,0
LgLG5,"SNta04,SNta11",8,29,10610,37,0
JO-A3,GNG642,21,16,10610,37,0
JO-A3,ORN_V,21,16,10610,37,0
JO-A3,PhG10,21,16,10610,37,0
JO-A3,ORN_VL1,21,16,10610,37,0
JO-A3,LgLG4,21,16,10610,37,0
JO-A3,ORN_VM5d,21,16,10610,37,0
JO-A3,SNpp11,21,16,10610,37,0
JO-A3,ALBN1,21,16,10610,37,0
JO-A3,ENS5,21,16,10610,37,0
JO-A3,dorsal_tpGRN,21,16,10610,37,0
JO-A3,JO-CA2,21,16,10610,37,0
ORN_DA1,R8d,34,3,10610,37,0
SNpp23,LgLG7,30,7,10610,37,0
SNpp23,DNg83,30,7,10610,37,0
SNpp23,ORN_DL3,30,7,10610,37,0
SNpp23,ORN_DM3,30,7,10610,37,0
WG1,PhG9,15,22,10610,37,0
WG1,ORN_DC1,15,22,10610,37,0
WG1,SNpp62,15,22,10610,37,0
WG1,SNpp58,15,22,10610,37,0
WG1,SNxx19,15,22,10610,37,0
WG1,SNxx21,15,22,10610,37,0
WG1,JO-B3,15,22,10610,37,0
SNta14,LgLG8,28,9,10610,37,0
SNta14,LB4a,28,9,10610,37,0
SNta14,PhG3,28,9,10610,37,0
SNta14,SApp21,28,9,10610,37,0
SNta14,LgAG6,28,9,10610,37,0
SNta14,tpn MN,28,9,10610,37,0
SNta14,JO-B4_a,28,9,10610,37,0
LgLG2,ORN_DM1,11,26,10610,37,0
LgLG2,SNpp10,11,26,10610,37,0
LgLG2,SApp01,11,26,10610,37,0
TRN_VP3a,LB3a,18,19,10610,37,0
TRN_VP3a,SNpp35,18,19,10610,37,0
TRN_VP3a,LgAG5,18,19,10610,37,0
TRN_VP3a,LgAG7,18,19,10610,37,0
TRN_VP3a,ORN_DL2d,18,19,10610,37,0
TRN_VP3a,JO-B1_a,18,19,10610,37,0
TRN_VP3a,SNta13,18,19,10610,37,0
LB3d,HRN_VP1l,27,10,10610,37,0
LB3d,PhG6,27,10,10610,37,0
LB3d,LN-DN1,27,10,10610,37,0
LB3d,ORN_DM4,27,10,10610,37,0
LB3d,ORN_DM6,27,10,10610,37,0
LB3d,ORN_VA3,27,10,10610,37,0
SNxx02,HRN_VP1l,27,10,10610,37,0
SNxx02,PhG6,27,10,10610,37,0
SNxx02,LN-DN1,27,10,10610,37,0
SNxx02,ORN_DM4,27,10,10610,37,0
SNxx02,ORN_DM6,27,10,10610,37,0
SNxx02,ORN_VA3,27,10,10610,37,0
LgLG8,ENS2,9,28,10610,37,0
LgLG8,ORN_DP1l,9,28,10610,37,0
LgLG8,ORN_VA6,9,28,10610,37,0
LgLG8,ENS4,9,28,10610,37,0
LgLG8,SNta26,9,28,10610,37,0
LB3c,ENS3,25,12,10610,37,0
LB3c,ORN_VM4,25,12,10610,37,0
LB3c,ENS1,25,12,10610,37,0
LB3c,PhG13,25,12,10610,37,0
LB3c,ORN_DC2,25,12,10610,37,0
LB3c,SNpp37,25,12,10610,37,0
LB3c,ORN_VC4,25,12,10610,37,0
LB3c,b2 MN,25,12,10610,37,0
ORN_VM6v,GNG642,21,16,10610,37,0
ORN_VM6v,ORN_V,21,16,10610,37,0
ORN_VM6v,PhG10,21,16,10610,37,0
ORN_VM6v,ORN_VL1,21,16,10610,37,0
ORN_VM6v,LgLG4,21,16,10610,37,0
ORN_VM6v,ORN_VM5d,21,16,10610,37,0
ORN_VM6v,SNpp11,21,16,10610,37,0
ORN_VM6v,ALBN1,21,16,10610,37,0
ORN_VM6v,ENS5,21,16,10610,37,0
ORN_VM6v,dorsal_tpGRN,21,16,10610,37,0
ORN_VM6v,JO-CA2,21,16,10610,37,0
ENS2,LB4a,28,9,10610,37,0
ENS2,PhG3,28,9,10610,37,0
ENS2,SApp21,28,9,10610,37,0
ENS2,LgAG6,28,9,10610,37,0
ENS2,tpn MN,28,9,10610,37,0
ENS2,JO-B4_a,28,9,10610,37,0
ORN_DP1l,LB4a,28,9,10610,37,0
ORN_DP1l,PhG3,28,9,10610,37,0
ORN_DP1l,SApp21,28,9,10610,37,0
ORN_DP1l,LgAG6,28,9,10610,37,0
ORN_DP1l,tpn MN,28,9,10610,37,0
ORN_DP1l,JO-B4_a,28,9,10610,37,0
LB3a,TRN_VP2,19,18,10610,37,0
LB3a,aPhM2b,19,18,10610,37,0
LB3a,ORN_VC1,19,18,10610,37,0
LB3a,ORN_VM7d,19,18,10610,37,0
LB3a,LgAG2,19,18,10610,37,0
LB3a,DNx01,19,18,10610,37,0
TRN_VP1m,ORN_DM2,24,13,10610,37,0
TRN_VP1m,DNg20,24,13,10610,37,0
TRN_VP1m,SNxx06,24,13,10610,37,0
TRN_VP1m,SNpp15,24,13,10610,37,0
TRN_VP1m,ORN_DA2,24,13,10610,37,0
TRN_VP1m,PhG16,24,13,10610,37,0
TRN_VP1m,SNpp18,24,13,10610,37,0
TRN_VP1m,LgAG8,24,13,10610,37,0
PhG9,LgAG9,22,15,10610,37,0
PhG9,ORN_VA1d,22,15,10610,37,0
PhG9,SNpp57,22,15,10610,37,0
PhG9,LB1b,22,15,10610,37,0
PhG9,SNpp12,22,15,10610,37,0
BM_Hau,HRN_VP1l,27,10,10610,37,0
BM_Hau,PhG6,27,10,10610,37,0
BM_Hau,ORN_DM4,27,10,10610,37,0
BM_Hau,ORN_DM6,27,10,10610,37,0
BM_Hau,ORN_VA3,27,10,10610,37,0
JO-B4_b,HRN_VP1l,27,10,10610,37,0
JO-B4_b,PhG6,27,10,10610,37,0
JO-B4_b,LN-DN1,27,10,10610,37,0
JO-B4_b,ORN_DM4,27,10,10610,37,0
JO-B4_b,ORN_DM6,27,10,10610,37,0
JO-B4_b,ORN_VA3,27,10,10610,37,0
R8_unclear,ORN_DM1,11,26,10610,37,0
R8_unclear,SNpp10,11,26,10610,37,0
R8_unclear,SApp01,11,26,10610,37,0
WG4,GNG654,23,14,10610,37,0
WG4,HRN_VP5,23,14,10610,37,0
WG4,LB4b,23,14,10610,37,0
WG4,SNxx24,23,14,10610,37,0
WG4,ORN_VC5,23,14,10610,37,0
WG4,PhG4,23,14,10610,37,0
WG4,SNpp06,23,14,10610,37,0
WG4,BM_MaPa,23,14,10610,37,0
WG4,PhG14,23,14,10610,37,0
WG4,SNpp56,23,14,10610,37,0
WG4,JO-B2,23,14,10610,37,0
WG4,JO-B1_c,23,14,10610,37,0
ORN_DM1,LB1a,26,11,10610,37,0
ORN_DM1,SNpp21,26,11,10610,37,0
ORN_DM1,ORN_VM7v,26,11,10610,37,0
ORN_DM1,ORN_DL1,26,11,10610,37,0
BM_Vib,R8d,34,3,10610,37,0
ORN_DC1,LgAG9,22,15,10610,37,0
ORN_DC1,ORN_VA1d,22,15,10610,37,0
ORN_DC1,SNpp57,22,15,10610,37,0
ORN_DC1,LB1b,22,15,10610,37,0
ORN_DC1,SNpp12,22,15,10610,37,0
ORN_DC1,PhG8,22,15,10610,37,0
GNG642,SNxx17,16,21,10610,37,0
GNG642,ORN_DL2v,16,21,10610,37,0
SNxx11,HBeyelet,29,8,10610,37,0
SNxx11,PhG1a,29,8,10610,37,0
ORN_DC4,HBeyelet,29,8,10610,37,0
ORN_DC4,PhG1a,29,8,10610,37,0
ORN_DM2,SNpp02,13,24,10610,37,0
SApp23,HRN_VP1l,27,10,10610,37,0
SApp23,PhG6,27,10,10610,37,0
SApp23,LN-DN1,27,10,10610,37,0
SApp23,ORN_DM4,27,10,10610,37,0
SApp23,ORN_DM6,27,10,10610,37,0
SApp23,ORN_VA3,27,10,10610,37,0
GNG654,ORN_D,14,23,10610,37,0
TRN_VP2,SNpp35,18,19,10610,37,0
TRN_VP2,LgAG5,18,19,10610,37,0
TRN_VP2,LgAG7,18,19,10610,37,0
TRN_VP2,ORN_DL2d,18,19,10610,37,0
TRN_VP2,JO-B1_a,18,19,10610,37,0
TRN_VP2,SNta13,18,19,10610,37,0
aPhM2b,SNpp35,18,19,10610,37,0
aPhM2b,LgAG5,18,19,10610,37,0
aPhM2b,LgAG7,18,19,10610,37,0
aPhM2b,ORN_DL2d,18,19,10610,37,0
aPhM2b,JO-B1_a,18,19,10610,37,0
aPhM2b,SNta13,18,19,10610,37,0
LB1c,HBeyelet,29,8,10610,37,0
LB1c,PhG1a,29,8,10610,37,0
JO-CL,LgLG7,30,7,10610,37,0
JO-CL,DNg83,30,7,10610,37,0
JO-CL,ORN_DL3,30,7,10610,37,0
JO-CL,ORN_DM3,30,7,10610,37,0
LgAG9,SNpp62,15,22,10610,37,0
LgAG9,SNpp58,15,22,10610,37,0
LgAG9,SNxx19,15,22,10610,37,0
LgAG9,SNxx21,15,22,10610,37,0
LgAG9,JO-B3,15,22,10610,37,0
ORN_VL2p,HRN_VP1l,27,10,10610,37,0
ORN_VL2p,PhG6,27,10,10610,37,0
ORN_VL2p,LN-DN1,27,10,10610,37,0
ORN_VL2p,ORN_DM4,27,10,10610,37,0
ORN_VL2p,ORN_DM6,27,10,10610,37,0
ORN_VL2p,ORN_VA3,27,10,10610,37,0
ORN_DL5,ORN_VA1v,20,17,10610,37,0
ORN_DL5,JO-A1,20,17,10610,37,0
ORN_DL5,SNpp05,20,17,10610,37,0
ORN_DL5,SNxx28,20,17,10610,37,0
ORN_DL5,ORN_VM5v,20,17,10610,37,0
ORN_DL5,SNpp31,20,17,10610,37,0
ORN_DL5,SNpp17,20,17,10610,37,0
ORN_DL5,SNpp01,20,17,10610,37,0
ENS3,SNxx26,12,25,10610,37,0
ENS3,ORN_VA2,12,25,10610,37,0
PhG1c,R8d,34,3,10610,37,0
SNpp41,LgLG7,30,7,10610,37,0
SNpp41,DNg83,30,7,10610,37,0
SNpp41,ORN_DL3,30,7,10610,37,0
SNpp41,ORN_DM3,30,7,10610,37,0
SNpp35,ORN_VC1,19,18,10610,37,0
SNpp35,ORN_VM7d,19,18,10610,37,0
SNpp35,LgAG2,19,18,10610,37,0
SNpp35,DNx01,19,18,10610,37,0
WG2,ORN_VA1v,20,17,10610,37,0
WG2,JO-A1,20,17,10610,37,0
WG2,SNpp05,20,17,10610,37,0
WG2,SNxx28,20,17,10610,37,0
WG2,ORN_VM5v,20,17,10610,37,0
WG2,SNpp31,20,17,10610,37,0
WG2,SNpp17,20,17,10610,37,0
WG2,SNpp01,20,17,10610,37,0
LgAG3,ORN_VA1v,20,17,10610,37,0
LgAG3,JO-A1,20,17,10610,37,0
LgAG3,SNpp05,20,17,10610,37,0
LgAG3,SNxx28,20,17,10610,37,0
LgAG3,ORN_VM5v,20,17,10610,37,0
LgAG3,SNpp31,20,17,10610,37,0
LgAG3,SNpp17,20,17,10610,37,0
LgAG3,SNpp01,20,17,10610,37,0
SNxx17,ORN_V,21,16,10610,37,0
SNxx17,PhG10,21,16,10610,37,0
SNxx17,ORN_VL1,21,16,10610,37,0
SNxx17,LgLG4,21,16,10610,37,0
SNxx17,ORN_VM5d,21,16,10610,37,0
SNxx17,SNpp11,21,16,10610,37,0
SNxx17,ALBN1,21,16,10610,37,0
SNxx17,ENS5,21,16,10610,37,0
SNxx17,dorsal_tpGRN,21,16,10610,37,0
SNxx17,JO-CA2,21,16,10610,37,0
ORN_V,ORN_DL2v,16,21,10610,37,0
ORN_VA1v,PhG1b,17,20,10610,37,0
ORN_VA1v,BM_vOcci_vPoOr,17,20,10610,37,0
ORN_VA1v,LB1e,17,20,10610,37,0
ORN_VA1v,SNxx30,17,20,10610,37,0
JO-A1,PhG1b,17,20,10610,37,0
JO-A1,BM_vOcci_vPoOr,17,20,10610,37,0
JO-A1,LB1e,17,20,10610,37,0
JO-A1,SNxx30,17,20,10610,37,0
SNxx26,ORN_VM4,25,12,10610,37,0
SNxx26,ENS1,25,12,10610,37,0
SNxx26,PhG13,25,12,10610,37,0
SNxx26,ORN_DC2,25,12,10610,37,0
SNxx26,SNpp37,25,12,10610,37,0
SNxx26,ORN_VC4,25,12,10610,37,0
SNxx26,b2 MN,25,12,10610,37,0
ORN_VA2,ORN_VM4,25,12,10610,37,0
ORN_VA2,ENS1,25,12,10610,37,0
ORN_VA2,PhG13,25,12,10610,37,0
ORN_VA2,ORN_DC2,25,12,10610,37,0
ORN_VA2,SNpp37,25,12,10610,37,0
ORN_VA2,ORN_VC4,25,12,10610,37,0
ORN_VA2,b2 MN,25,12,10610,37,0
LgAG5,ORN_VC1,19,18,10610,37,0
LgAG5,ORN_VM7d,19,18,10610,37,0
LgAG5,LgAG2,19,18,10610,37,0
LgAG5,DNx01,19,18,10610,37,0
SNpp10,LB1a,26,11,10610,37,0
SNpp10,SNpp21,26,11,10610,37,0
SNpp10,ORN_VM7v,26,11,10610,37,0
SNpp10,ORN_DL1,26,11,10610,37,0
PhG1b,SNpp05,20,17,10610,37,0
PhG1b,SNxx28,20,17,10610,37,0
PhG1b,ORN_VM5v,20,17,10610,37,0
PhG1b,SNpp31,20,17,10610,37,0
PhG1b,SNpp17,20,17,10610,37,0
PhG1b,SNpp01,20,17,10610,37,0
HRN_VP5,ORN_D,14,23,10610,37,0
ORN_VA6,LB4a,28,9,10610,37,0
ORN_VA6,PhG3,28,9,10610,37,0
ORN_VA6,SApp21,28,9,10610,37,0
ORN_VA6,LgAG6,28,9,10610,37,0
ORN_VA6,tpn MN,28,9,10610,37,0
ORN_VA6,JO-B4_a,28,9,10610,37,0
SNpp62,ORN_VA1d,22,15,10610,37,0
SNpp62,SNpp57,22,15,10610,37,0
SNpp62,LB1b,22,15,10610,37,0
SNpp62,SNpp12,22,15,10610,37,0
SNpp62,PhG8,22,15,10610,37,0
PhG10,ORN_DL2v,16,21,10610,37,0
SApp01,LB1a,26,11,10610,37,0
SApp01,SNpp21,26,11,10610,37,0
SApp01,ORN_VM7v,26,11,10610,37,0
SApp01,ORN_DL1,26,11,10610,37,0
LgAG7,ORN_VC1,19,18,10610,37,0
LgAG7,ORN_VM7d,19,18,10610,37,0
LgAG7,LgAG2,19,18,10610,37,0
LgAG7,DNx01,19,18,10610,37,0
HRN_VP1l,SNta33,10,27,10610,37,0
ORN_DL2v,ORN_VL1,21,16,10610,37,0
ORN_DL2v,LgLG4,21,16,10610,37,0
ORN_DL2v,ORN_VM5d,21,16,10610,37,0
ORN_DL2v,SNpp11,21,16,10610,37,0
ORN_DL2v,ALBN1,21,16,10610,37,0
ORN_DL2v,ENS5,21,16,10610,37,0
ORN_DL2v,dorsal_tpGRN,21,16,10610,37,0
ORN_DL2v,JO-CA2,21,16,10610,37,0
LB4b,ORN_D,14,23,10610,37,0
SNxx24,ORN_D,14,23,10610,37,0
"SNpp29,SNpp63",HBeyelet,29,8,10610,37,0
"SNpp29,SNpp63",PhG1a,29,8,10610,37,0
BM_vOcci_vPoOr,SNpp05,20,17,10610,37,0
BM_vOcci_vPoOr,SNxx28,20,17,10610,37,0
BM_vOcci_vPoOr,ORN_VM5v,20,17,10610,37,0
BM_vOcci_vPoOr,SNpp31,20,17,10610,37,0
BM_vOcci_vPoOr,SNpp17,20,17,10610,37,0
BM_vOcci_vPoOr,SNpp01,20,17,10610,37,0
ORN_VC1,ORN_DL2d,18,19,10610,37,0
ORN_VC1,JO-B1_a,18,19,10610,37,0
ORN_VC1,SNta13,18,19,10610,37,0
DNg20,SNpp02,13,24,10610,37,0
ORN_DL2d,ORN_VM7d,19,18,10610,37,0
ORN_DL2d,LgAG2,19,18,10610,37,0
ORN_DL2d,DNx01,19,18,10610,37,0
PhG6,SNta33,10,27,10610,37,0
ORN_VM7d,JO-B1_a,18,19,10610,37,0
ORN_VM7d,SNta13,18,19,10610,37,0
ORN_D,ORN_VC5,23,14,10610,37,0
ORN_D,PhG4,23,14,10610,37,0
ORN_D,SNpp06,23,14,10610,37,0
ORN_D,BM_MaPa,23,14,10610,37,0
ORN_D,PhG14,23,14,10610,37,0
ORN_D,SNpp56,23,14,10610,37,0
ORN_D,JO-B2,23,14,10610,37,0
ORN_D,JO-B1_c,23,14,10610,37,0
LB1e,SNpp05,20,17,10610,37,0
LB1e,SNxx28,20,17,10610,37,0
LB1e,ORN_VM5v,20,17,10610,37,0
LB1e,SNpp31,20,17,10610,37,0
LB1e,SNpp17,20,17,10610,37,0
LB1e,SNpp01,20,17,10610,37,0
ORN_VA1d,SNpp58,15,22,10610,37,0
ORN_VA1d,SNxx19,15,22,10610,37,0
ORN_VA1d,SNxx21,15,22,10610,37,0
ORN_VA1d,JO-B3,15,22,10610,37,0
SNpp57,SNpp58,15,22,10610,37,0
SNpp57,SNxx19,15,22,10610,37,0
SNpp57,SNxx21,15,22,10610,37,0
SNpp57,JO-B3,15,22,10610,37,0
ENS4,LB4a,28,9,10610,37,0
ENS4,PhG3,28,9,10610,37,0
ENS4,SApp21,28,9,10610,37,0
ENS4,LgAG6,28,9,10610,37,0
ENS4,tpn MN,28,9,10610,37,0
ENS4,JO-B4_a,28,9,10610,37,0
SApp14,ORN_DA3,32,5,10610,37,0
HBeyelet,"SNta04,SNta11",8,29,10610,37,0
LB1b,SNpp58,15,22,10610,37,0
LB1b,SNxx19,15,22,10610,37,0
LB1b,SNxx21,15,22,10610,37,0
LB1b,JO-B3,15,22,10610,37,0
SNpp58,SNpp12,22,15,10610,37,0
SNpp58,PhG8,22,15,10610,37,0
SNxx30,SNpp05,20,17,10610,37,0
SNxx30,SNxx28,20,17,10610,37,0
SNxx30,ORN_VM5v,20,17,10610,37,0
SNxx30,SNpp31,20,17,10610,37,0
SNxx30,SNpp17,20,17,10610,37,0
SNxx30,SNpp01,20,17,10610,37,0
SNpp07,ORN_DA3,32,5,10610,37,0
LgAG2,JO-B1_a,18,19,10610,37,0
LgAG2,SNta13,18,19,10610,37,0
SNxx19,SNpp12,22,15,10610,37,0
SNxx19,PhG8,22,15,10610,37,0
SNxx06,SNpp02,13,24,10610,37,0
JO-B1_a,DNx01,19,18,10610,37,0
SNxx21,SNpp12,22,15,10610,37,0
SNxx21,PhG8,22,15,10610,37,0
LN-DN1,SNta33,10,27,10610,37,0
ORN_DM4,SNta33,10,27,10610,37,0
SNpp15,SNpp02,13,24,10610,37,0
ORN_DA2,SNpp02,13,24,10610,37,0
JO-B3,SNpp12,22,15,10610,37,0
JO-B3,PhG8,22,15,10610,37,0
SNpp02,PhG16,24,13,10610,37,0
SNpp02,SNpp18,24,13,10610,37,0
SNpp02,LgAG8,24,13,10610,37,0
SNta13,DNx01,19,18,10610,37,0
"SNta04,SNta11",PhG1a,29,8,10610,37,0
LB4a,SNta26,9,28,10610,37,0
PhG3,SNta26,9,28,10610,37,0
SApp21,SNta26,9,28,10610,37,0
LgAG6,SNta26,9,28,10610,37,0
tpn MN,SNta26,9,28,10610,37,0
SNta26,JO-B4_a,28,9,10610,37,0
SNta33,ORN_DM6,27,10,10610,37,0
SNta33,ORN_VA3,27,10,10610,37,0
SNxx08,GNG642,20,16,10611,36,0
SNxx08,ORN_V,20,16,10611,36,0
SNxx08,PhG10,20,16,10611,36,0
SNxx08,ORN_VL1,20,16,10611,36,0
SNxx08,LgLG4,20,16,10611,36,0
SNxx08,ORN_VM5d,20,16,10611,36,0
SNxx08,SNpp11,20,16,10611,36,0
SNxx08,ALBN1,20,16,10611,36,0
SNxx08,ENS5,20,16,10611,36,0
SNxx08,dorsal_tpGRN,20,16,10611,36,0
SNxx08,JO-CA2,20,16,10611,36,0
R7_unclear,JO-A3,15,21,10611,36,0
R7_unclear,ORN_VM6v,15,21,10611,36,0
R7_unclear,SNxx17,15,21,10611,36,0
R7_unclear,ORN_DL2v,15,21,10611,36,0
aPhM5,LgLG7,29,7,10611,36,0
aPhM5,DNg83,29,7,10611,36,0
aPhM5,ORN_DL3,29,7,10611,36,0
aPhM5,ORN_DM3,29,7,10611,36,0
TPMN2,R8y,26,10,10611,36,0
TPMN2,HRN_VP1l,26,10,10611,36,0
TPMN2,PhG6,26,10,10611,36,0
TPMN2,LN-DN1,26,10,10611,36,0
TPMN2,ORN_DM4,26,10,10611,36,0
TPMN2,ORN_DM6,26,10,10611,36,0
TPMN2,ORN_VA3,26,10,10611,36,0
R7y,LB3c,11,25,10611,36,0
R7y,SNxx26,11,25,10611,36,0
R7y,ORN_VA2,11,25,10611,36,0
R7p,LB3c,11,25,10611,36,0
R7p,SNxx26,11,25,10611,36,0
R7p,ORN_VA2,11,25,10611,36,0
R7d,WG4,13,23,10611,36,0
R7d,ORN_D,13,23,10611,36,0
LgLG6,WG4,13,23,10611,36,0
LgLG6,ORN_D,13,23,10611,36,0
aPhM4,LB3b,19,17,10611,36,0
aPhM4,ORN_VA1v,19,17,10611,36,0
aPhM4,JO-A1,19,17,10611,36,0
aPhM4,SNpp05,19,17,10611,36,0
aPhM4,SNxx28,19,17,10611,36,0
aPhM4,ORN_VM5v,19,17,10611,36,0
aPhM4,SNpp31,19,17,10611,36,0
aPhM4,SNpp17,19,17,10611,36,0
aPhM4,SNpp01,19,17,10611,36,0
GNG643,LgLG8,27,9,10611,36,0
GNG643,LB4a,27,9,10611,36,0
GNG643,PhG3,27,9,10611,36,0
GNG643,SApp21,27,9,10611,36,0
GNG643,LgAG6,27,9,10611,36,0
GNG643,tpn MN,27,9,10611,36,0
GNG643,JO-B4_a,27,9,10611,36,0
HRN_VP4,ORN_DA3,31,5,10611,36,0
WG3,R8d,33,3,10611,36,0
R8p,LB3c,11,25,10611,36,0
R8p,SNxx26,11,25,10611,36,0
R8p,ORN_VA2,11,25,10611,36,0
aPhM1,GNG654,22,14,10611,36,0
aPhM1,HRN_VP5,22,14,10611,36,0
aPhM1,LB4b,22,14,10611,36,0
aPhM1,SNxx24,22,14,10611,36,0
aPhM1,ORN_VC5,22,14,10611,36,0
aPhM1,PhG4,22,14,10611,36,0
aPhM1,SNpp06,22,14,10611,36,0
aPhM1,BM_MaPa,22,14,10611,36,0
aPhM1,PhG14,22,14,10611,36,0
aPhM1,SNpp56,22,14,10611,36,0
aPhM1,JO-B2,22,14,10611,36,0
aPhM1,JO-B1_c,22,14,10611,36,0
SNxx09,LB3c,11,25,10611,36,0
SNxx09,SNxx26,11,25,10611,36,0
SNxx09,ORN_VA2,11,25,10611,36,0
LB3b,LB3a,17,19,10611,36,0
LB3b,SNpp35,17,19,10611,36,0
LB3b,LgAG5,17,19,10611,36,0
LB3b,LgAG7,17,19,10611,36,0
LB3b,ORN_DL2d,17,19,10611,36,0
LB3b,JO-B1_a,17,19,10611,36,0
LB3b,SNta13,17,19,10611,36,0
BM_Vt_PoOc,GNG654,22,14,10611,36,0
BM_Vt_PoOc,HRN_VP5,22,14,10611,36,0
BM_Vt_PoOc,LB4b,22,14,10611,36,0
BM_Vt_PoOc,SNxx24,22,14,10611,36,0
BM_Vt_PoOc,ORN_VC5,22,14,10611,36,0
BM_Vt_PoOc,PhG4,22,14,10611,36,0
BM_Vt_PoOc,SNpp06,22,14,10611,36,0
BM_Vt_PoOc,BM_MaPa,22,14,10611,36,0
BM_Vt_PoOc,PhG14,22,14,10611,36,0
BM_Vt_PoOc,SNpp56,22,14,10611,36,0
BM_Vt_PoOc,JO-B2,22,14,10611,36,0
BM_Vt_PoOc,JO-B1_c,22,14,10611,36,0
GNG644,GNG642,20,16,10611,36,0
GNG644,ORN_V,20,16,10611,36,0
GNG644,PhG10,20,16,10611,36,0
GNG644,ORN_VL1,20,16,10611,36,0
GNG644,LgLG4,20,16,10611,36,0
GNG644,ORN_VM5d,20,16,10611,36,0
GNG644,SNpp11,20,16,10611,36,0
GNG644,ALBN1,20,16,10611,36,0
GNG644,ENS5,20,16,10611,36,0
GNG644,dorsal_tpGRN,20,16,10611,36,0
GNG644,JO-CA2,20,16,10611,36,0
R8y,ORN_DM1,10,26,10611,36,0
R8y,SNpp10,10,26,10611,36,0
R8y,SApp01,10,26,10611,36,0
LgLG5,SNta14,8,28,10611,36,0
LgLG5,ENS2,8,28,10611,36,0
LgLG5,ORN_DP1l,8,28,10611,36,0
LgLG5,ORN_VA6,8,28,10611,36,0
LgLG5,ENS4,8,28,10611,36,0
LgLG5,SNta26,8,28,10611,36,0
JO-A3,WG1,21,15,10611,36,0
JO-A3,LgAG9,21,15,10611,36,0
JO-A3,ORN_VA1d,21,15,10611,36,0
JO-A3,SNpp57,21,15,10611,36,0
JO-A3,LB1b,21,15,10611,36,0
JO-A3,SNpp12,21,15,10611,36,0
JO-A3,PhG8,21,15,10611,36,0
WG1,ORN_VM6v,15,21,10611,36,0
WG1,SNxx17,15,21,10611,36,0
WG1,ORN_DL2v,15,21,10611,36,0
SNta14,HBeyelet,28,8,10611,36,0
SNta14,PhG1a,28,8,10611,36,0
LgLG2,LB3c,11,25,10611,36,0
LgLG2,SNxx26,11,25,10611,36,0
LgLG2,ORN_VA2,11,25,10611,36,0
TRN_VP3a,TRN_VP2,18,18,10611,36,0
TRN_VP3a,aPhM2b,18,18,10611,36,0
TRN_VP3a,ORN_VC1,18,18,10611,36,0
TRN_VP3a,ORN_VM7d,18,18,10611,36,0
TRN_VP3a,LgAG2,18,18,10611,36,0
TRN_VP3a,DNx01,18,18,10611,36,0
LB3d,LgLG8,27,9,10611,36,0
LB3d,LB4a,27,9,10611,36,0
LB3d,PhG3,27,9,10611,36,0
LB3d,SApp21,27,9,10611,36,0
LB3d,LgAG6,27,9,10611,36,0
LB3d,tpn MN,27,9,10611,36,0
LB3d,JO-B4_a,27,9,10611,36,0
SNxx02,LgLG8,27,9,10611,36,0
SNxx02,LB4a,27,9,10611,36,0
SNxx02,PhG3,27,9,10611,36,0
SNxx02,SApp21,27,9,10611,36,0
SNxx02,LgAG6,27,9,10611,36,0
SNxx02,tpn MN,27,9,10611,36,0
SNxx02,JO-B4_a,27,9,10611,36,0
LgLG8,BM_Hau,9,27,10611,36,0
LgLG8,JO-B4_b,9,27,10611,36,0
LgLG8,SApp23,9,27,10611,36,0
LgLG8,ORN_VL2p,9,27,10611,36,0
LgLG8,SNta33,9,27,10611,36,0
LB3c,R8_unclear,25,11,10611,36,0
LB3c,LB1a,25,11,10611,36,0
LB3c,SNpp21,25,11,10611,36,0
LB3c,ORN_VM7v,25,11,10611,36,0
LB3c,ORN_DL1,25,11,10611,36,0
ORN_VM6v,LgAG9,21,15,10611,36,0
ORN_VM6v,ORN_VA1d,21,15,10611,36,0
ORN_VM6v,SNpp57,21,15,10611,36,0
ORN_VM6v,LB1b,21,15,10611,36,0
ORN_VM6v,SNpp12,21,15,10611,36,0
ORN_VM6v,PhG8,21,15,10611,36,0
ENS2,HBeyelet,28,8,10611,36,0
ENS2,PhG1a,28,8,10611,36,0
ORN_DP1l,HBeyelet,28,8,10611,36,0
ORN_DP1l,PhG1a,28,8,10611,36,0
LB3a,ORN_VA1v,19,17,10611,36,0
LB3a,JO-A1,19,17,10611,36,0
LB3a,SNpp05,19,17,10611,36,0
LB3a,SNxx28,19,17,10611,36,0
LB3a,ORN_VM5v,19,17,10611,36,0
LB3a,SNpp31,19,17,10611,36,0
LB3a,SNpp17,19,17,10611,36,0
LB3a,SNpp01,19,17,10611,36,0
TRN_VP1m,ENS3,24,12,10611,36,0
TRN_VP1m,ORN_VM4,24,12,10611,36,0
TRN_VP1m,ENS1,24,12,10611,36,0
TRN_VP1m,PhG13,24,12,10611,36,0
TRN_VP1m,ORN_DC2,24,12,10611,36,0
TRN_VP1m,SNpp37,24,12,10611,36,0
TRN_VP1m,ORN_VC4,24,12,10611,36,0
TRN_VP1m,b2 MN,24,12,10611,36,0
PhG9,GNG654,22,14,10611,36,0
PhG9,HRN_VP5,22,14,10611,36,0
PhG9,LB4b,22,14,10611,36,0
PhG9,SNxx24,22,14,10611,36,0
PhG9,ORN_VC5,22,14,10611,36,0
PhG9,PhG4,22,14,10611,36,0
PhG9,SNpp06,22,14,10611,36,0
PhG9,BM_MaPa,22,14,10611,36,0
PhG9,SNpp56,22,14,10611,36,0
PhG9,JO-B2,22,14,10611,36,0
PhG9,JO-B1_c,22,14,10611,36,0
BM_Hau,LB4a,27,9,10611,36,0
BM_Hau,PhG3,27,9,10611,36,0
BM_Hau,SApp21,27,9,10611,36,0
BM_Hau,LgAG6,27,9,10611,36,0
BM_Hau,tpn MN,27,9,10611,36,0
BM_Hau,JO-B4_a,27,9,10611,36,0
JO-B4_b,LB4a,27,9,10611,36,0
JO-B4_b,PhG3,27,9,10611,36,0
JO-B4_b,SApp21,27,9,10611,36,0
JO-B4_b,LgAG6,27,9,10611,36,0
JO-B4_b,tpn MN,27,9,10611,36,0
JO-B4_b,JO-B4_a,27,9,10611,36,0
R8_unclear,SNxx26,11,25,10611,36,0
R8_unclear,ORN_VA2,11,25,10611,36,0
WG4,ORN_DM2,23,13,10611,36,0
WG4,DNg20,23,13,10611,36,0
WG4,SNxx06,23,13,10611,36,0
WG4,SNpp15,23,13,10611,36,0
WG4,ORN_DA2,23,13,10611,36,0
WG4,PhG16,23,13,10611,36,0
WG4,SNpp18,23,13,10611,36,0
WG4,LgAG8,23,13,10611,36,0
ORN_DM1,HRN_VP1l,26,10,10611,36,0
ORN_DM1,PhG6,26,10,10611,36,0
ORN_DM1,LN-DN1,26,10,10611,36,0
ORN_DM1,ORN_DM4,26,10,10611,36,0
ORN_DM1,ORN_DM6,26,10,10611,36,0
ORN_DM1,ORN_VA3,26,10,10611,36,0
HRN_VP1d,ORN_DA3,31,5,10611,36,0
ORN_DC1,GNG654,22,14,10611,36,0
ORN_DC1,HRN_VP5,22,14,10611,36,0
ORN_DC1,LB4b,22,14,10611,36,0
ORN_DC1,SNxx24,22,14,10611,36,0
ORN_DC1,ORN_VC5,22,14,10611,36,0
ORN_DC1,PhG4,22,14,10611,36,0
ORN_DC1,SNpp06,22,14,10611,36,0
ORN_DC1,BM_MaPa,22,14,10611,36,0
ORN_DC1,PhG14,22,14,10611,36,0
ORN_DC1,SNpp56,22,14,10611,36,0
ORN_DC1,JO-B2,22,14,10611,36,0
ORN_DC1,JO-B1_c,22,14,10611,36,0
GNG642,ORN_DL5,16,20,10611,36,0
GNG642,WG2,16,20,10611,36,0
GNG642,LgAG3,16,20,10611,36,0
GNG642,PhG1b,16,20,10611,36,0
GNG642,LB1e,16,20,10611,36,0
GNG642,SNxx30,16,20,10611,36,0
SNxx11,LgLG7,29,7,10611,36,0
SNxx11,DNg83,29,7,10611,36,0
SNxx11,ORN_DL3,29,7,10611,36,0
SNxx11,ORN_DM3,29,7,10611,36,0
ORN_DC4,LgLG7,29,7,10611,36,0
ORN_DC4,DNg83,29,7,10611,36,0
ORN_DC4,ORN_DL3,29,7,10611,36,0
ORN_DC4,ORN_DM3,29,7,10611,36,0
ORN_DM2,ORN_D,13,23,10611,36,0
SApp23,LB4a,27,9,10611,36,0
SApp23,PhG3,27,9,10611,36,0
SApp23,SApp21,27,9,10611,36,0
SApp23,LgAG6,27,9,10611,36,0
SApp23,tpn MN,27,9,10611,36,0
SApp23,JO-B4_a,27,9,10611,36,0
GNG654,SNpp62,14,22,10611,36,0
GNG654,SNpp58,14,22,10611,36,0
GNG654,SNxx19,14,22,10611,36,0
GNG654,SNxx21,14,22,10611,36,0
GNG654,JO-B3,14,22,10611,36,0
TRN_VP2,aPhM2b,18,18,10611,36,0
TRN_VP2,ORN_VC1,18,18,10611,36,0
TRN_VP2,ORN_VM7d,18,18,10611,36,0
TRN_VP2,LgAG2,18,18,10611,36,0
TRN_VP2,DNx01,18,18,10611,36,0
aPhM2b,ORN_VC1,18,18,10611,36,0
aPhM2b,ORN_VM7d,18,18,10611,36,0
aPhM2b,LgAG2,18,18,10611,36,0
aPhM2b,DNx01,18,18,10611,36,0
LB1c,LgLG7,29,7,10611,36,0
LB1c,DNg83,29,7,10611,36,0
LB1c,ORN_DL3,29,7,10611,36,0
LB1c,ORN_DM3,29,7,10611,36,0
LgAG9,SNxx17,15,21,10611,36,0
LgAG9,ORN_DL2v,15,21,10611,36,0
ORN_VL2p,LB4a,27,9,10611,36,0
ORN_VL2p,PhG3,27,9,10611,36,0
ORN_VL2p,SApp21,27,9,10611,36,0
ORN_VL2p,LgAG6,27,9,10611,36,0
ORN_VL2p,tpn MN,27,9,10611,36,0
ORN_VL2p,JO-B4_a,27,9,10611,36,0
ORN_DL5,ORN_V,20,16,10611,36,0
ORN_DL5,PhG10,20,16,10611,36,0
ORN_DL5,ORN_VL1,20,16,10611,36,0
ORN_DL5,LgLG4,20,16,10611,36,0
ORN_DL5,ORN_VM5d,20,16,10611,36,0
ORN_DL5,SNpp11,20,16,10611,36,0
ORN_DL5,ENS5,20,16,10611,36,0
ORN_DL5,dorsal_tpGRN,20,16,10611,36,0
ORN_DL5,JO-CA2,20,16,10611,36,0
ENS3,SNpp02,12,24,10611,36,0
JO-ED1,ORN_DA3,31,5,10611,36,0
SNpp35,ORN_VA1v,19,17,10611,36,0
SNpp35,JO-A1,19,17,10611,36,0
SNpp35,SNpp05,19,17,10611,36,0
SNpp35,SNxx28,19,17,10611,36,0
SNpp35,ORN_VM5v,19,17,10611,36,0
SNpp35,SNpp31,19,17,10611,36,0
SNpp35,SNpp17,19,17,10611,36,0
SNpp35,SNpp01,19,17,10611,36,0
WG2,ORN_V,20,16,10611,36,0
WG2,PhG10,20,16,10611,36,0
WG2,ORN_VL1,20,16,10611,36,0
WG2,LgLG4,20,16,10611,36,0
WG2,ORN_VM5d,20,16,10611,36,0
WG2,SNpp11,20,16,10611,36,0
WG2,ALBN1,20,16,10611,36,0
WG2,ENS5,20,16,10611,36,0
WG2,dorsal_tpGRN,20,16,10611,36,0
WG2,JO-CA2,20,16,10611,36,0
LgAG3,ORN_V,20,16,10611,36,0
LgAG3,ORN_VL1,20,16,10611,36,0
LgAG3,LgLG4,20,16,10611,36,0
LgAG3,ORN_VM5d,20,16,10611,36,0
LgAG3,SNpp11,20,16,10611,36,0
LgAG3,ALBN1,20,16,10611,36,0
LgAG3,ENS5,20,16,10611,36,0
LgAG3,dorsal_tpGRN,20,16,10611,36,0
LgAG3,JO-CA2,20,16,10611,36,0
SNxx17,ORN_VA1d,21,15,10611,36,0
SNxx17,SNpp57,21,15,10611,36,0
SNxx17,LB1b,21,15,10611,36,0
SNxx17,SNpp12,21,15,10611,36,0
SNxx17,PhG8,21,15,10611,36,0
ORN_V,PhG1b,16,20,10611,36,0
ORN_V,BM_vOcci_vPoOr,16,20,10611,36,0
ORN_V,LB1e,16,20,10611,36,0
ORN_V,SNxx30,16,20,10611,36,0
ORN_VA1v,LgAG5,17,19,10611,36,0
ORN_VA1v,LgAG7,17,19,10611,36,0
ORN_VA1v,ORN_DL2d,17,19,10611,36,0
ORN_VA1v,JO-B1_a,17,19,10611,36,0
ORN_VA1v,SNta13,17,19,10611,36,0
JO-A1,LgAG5,17,19,10611,36,0
JO-A1,LgAG7,17,19,10611,36,0
JO-A1,ORN_DL2d,17,19,10611,36,0
JO-A1,JO-B1_a,17,19,10611,36,0
JO-A1,SNta13,17,19,10611,36,0
SNxx26,LB1a,25,11,10611,36,0
SNxx26,SNpp21,25,11,10611,36,0
SNxx26,ORN_VM7v,25,11,10611,36,0
SNxx26,ORN_DL1,25,11,10611,36,0
ORN_VA2,LB1a,25,11,10611,36,0
ORN_VA2,SNpp21,25,11,10611,36,0
ORN_VA2,ORN_VM7v,25,11,10611,36,0
ORN_VA2,ORN_DL1,25,11,10611,36,0
LgAG5,SNpp05,19,17,10611,36,0
LgAG5,SNxx28,19,17,10611,36,0
LgAG5,ORN_VM5v,19,17,10611,36,0
LgAG5,SNpp31,19,17,10611,36,0
LgAG5,SNpp17,19,17,10611,36,0
LgAG5,SNpp01,19,17,10611,36,0
SNpp10,HRN_VP1l,26,10,10611,36,0
SNpp10,PhG6,26,10,10611,36,0
SNpp10,LN-DN1,26,10,10611,36,0
SNpp10,ORN_DM4,26,10,10611,36,0
SNpp10,ORN_DM6,26,10,10611,36,0
SNpp10,ORN_VA3,26,10,10611,36,0
PhG1b,PhG10,20,16,10611,36,0
PhG1b,ORN_VL1,20,16,10611,36,0
PhG1b,LgLG4,20,16,10611,36,0
PhG1b,ORN_VM5d,20,16,10611,36,0
PhG1b,SNpp11,20,16,10611,36,0
PhG1b,ALBN1,20,16,10611,36,0
PhG1b,ENS5,20,16,10611,36,0
PhG1b,JO-CA2,20,16,10611,36,0
HRN_VP5,SNpp62,14,22,10611,36,0
HRN_VP5,SNpp58,14,22,10611,36,0
HRN_VP5,SNxx19,14,22,10611,36,0
HRN_VP5,SNxx21,14,22,10611,36,0
HRN_VP5,JO-B3,14,22,10611,36,0
ORN_VA6,HBeyelet,28,8,10611,36,0
ORN_VA6,PhG1a,28,8,10611,36,0
SNpp62,LB4b,22,14,10611,36,0
SNpp62,SNxx24,22,14,10611,36,0
SNpp62,ORN_VC5,22,14,10611,36,0
SNpp62,PhG4,22,14,10611,36,0
SNpp62,SNpp06,22,14,10611,36,0
SNpp62,BM_MaPa,22,14,10611,36,0
SNpp62,PhG14,22,14,10611,36,0
SNpp62,SNpp56,22,14,10611,36,0
SNpp62,JO-B2,22,14,10611,36,0
SNpp62,JO-B1_c,22,14,10611,36,0
PhG10,BM_vOcci_vPoOr,16,20,10611,36,0
PhG10,LB1e,16,20,10611,36,0
PhG10,SNxx30,16,20,10611,36,0
SApp01,HRN_VP1l,26,10,10611,36,0
SApp01,PhG6,26,10,10611,36,0
SApp01,LN-DN1,26,10,10611,36,0
SApp01,ORN_DM4,26,10,10611,36,0
SApp01,ORN_DM6,26,10,10611,36,0
SApp01,ORN_VA3,26,10,10611,36,0
LgAG7,SNpp05,19,17,10611,36,0
LgAG7,SNxx28,19,17,10611,36,0
LgAG7,ORN_VM5v,19,17,10611,36,0
LgAG7,SNpp31,19,17,10611,36,0
LgAG7,SNpp17,19,17,10611,36,0
LgAG7,SNpp01,19,17,10611,36,0
ORN_DL2v,ORN_VA1d,21,15,10611,36,0
ORN_DL2v,SNpp57,21,15,10611,36,0
ORN_DL2v,LB1b,21,15,10611,36,0
ORN_DL2v,SNpp12,21,15,10611,36,0
ORN_DL2v,PhG8,21,15,10611,36,0
LB4b,SNpp58,14,22,10611,36,0
LB4b,SNxx19,14,22,10611,36,0
LB4b,SNxx21,14,22,10611,36,0
LB4b,JO-B3,14,22,10611,36,0
SNxx24,SNpp58,14,22,10611,36,0
SNxx24,SNxx19,14,22,10611,36,0
SNxx24,SNxx21,14,22,10611,36,0
SNxx24,JO-B3,14,22,10611,36,0
"SNpp29,SNpp63",LgLG7,29,7,10611,36,0
"SNpp29,SNpp63",DNg83,29,7,10611,36,0
"SNpp29,SNpp63",ORN_DL3,29,7,10611,36,0
"SNpp29,SNpp63",ORN_DM3,29,7,10611,36,0
BM_vOcci_vPoOr,ORN_VL1,20,16,10611,36,0
BM_vOcci_vPoOr,LgLG4,20,16,10611,36,0
BM_vOcci_vPoOr,ORN_VM5d,20,16,10611,36,0
BM_vOcci_vPoOr,SNpp11,20,16,10611,36,0
BM_vOcci_vPoOr,ALBN1,20,16,10611,36,0
BM_vOcci_vPoOr,ENS5,20,16,10611,36,0
BM_vOcci_vPoOr,dorsal_tpGRN,20,16,10611,36,0
BM_vOcci_vPoOr,JO-CA2,20,16,10611,36,0
ORN_VC1,ORN_VM7d,18,18,10611,36,0
ORN_VC1,LgAG2,18,18,10611,36,0
ORN_VC1,DNx01,18,18,10611,36,0
DNg20,ORN_D,13,23,10611,36,0
ORN_VL1,LB1e,16,20,10611,36,0
ORN_VL1,SNxx30,16,20,10611,36,0
ORN_VM4,SNpp02,12,24,10611,36,0
ORN_DL2d,SNpp05,19,17,10611,36,0
ORN_DL2d,SNxx28,19,17,10611,36,0
ORN_DL2d,ORN_VM5v,19,17,10611,36,0
ORN_DL2d,SNpp31,19,17,10611,36,0
ORN_DL2d,SNpp17,19,17,10611,36,0
ORN_DL2d,SNpp01,19,17,10611,36,0
R8d,SNta31,3,33,10611,36,0
ORN_VM7d,LgAG2,18,18,10611,36,0
ORN_VM7d,DNx01,18,18,10611,36,0
ORN_D,SNxx06,23,13,10611,36,0
ORN_D,SNpp15,23,13,10611,36,0
ORN_D,ORN_DA2,23,13,10611,36,0
ORN_D,PhG16,23,13,10611,36,0
ORN_D,SNpp18,23,13,10611,36,0
ORN_D,LgAG8,23,13,10611,36,0
LB1e,LgLG4,20,16,10611,36,0
LB1e,ORN_VM5d,20,16,10611,36,0
LB1e,SNpp11,20,16,10611,36,0
LB1e,ALBN1,20,16,10611,36,0
LB1e,ENS5,20,16,10611,36,0
LB1e,dorsal_tpGRN,20,16,10611,36,0
LB1e,JO-CA2,20,16,10611,36,0
ENS4,HBeyelet,28,8,10611,36,0
ENS4,PhG1a,28,8,10611,36,0
ENS1,SNpp02,12,24,10611,36,0
PhG13,SNpp02,12,24,10611,36,0
LgLG4,SNxx30,16,20,10611,36,0
HBeyelet,SNta26,8,28,10611,36,0
SNpp58,ORN_VC5,22,14,10611,36,0
SNpp58,PhG4,22,14,10611,36,0
SNpp58,SNpp06,22,14,10611,36,0
SNpp58,BM_MaPa,22,14,10611,36,0
SNpp58,PhG14,22,14,10611,36,0
SNpp58,SNpp56,22,14,10611,36,0
SNpp58,JO-B2,22,14,10611,36,0
SNpp58,JO-B1_c,22,14,10611,36,0
LgLG7,"SNta04,SNta11",7,29,10611,36,0
SNxx30,ORN_VM5d,20,16,10611,36,0
SNxx30,SNpp11,20,16,10611,36,0
SNxx30,ALBN1,20,16,10611,36,0
SNxx30,ENS5,20,16,10611,36,0
SNxx30,dorsal_tpGRN,20,16,10611,36,0
SNxx30,JO-CA2,20,16,10611,36,0
ORN_VC5,SNxx19,14,22,10611,36,0
ORN_VC5,SNxx21,14,22,10611,36,0
ORN_VC5,JO-B3,14,22,10611,36,0
PhG4,SNxx19,14,22,10611,36,0
PhG4,SNxx21,14,22,10611,36,0
PhG4,JO-B3,14,22,10611,36,0
LgAG2,DNx01,18,18,10611,36,0
SApp13,ORN_DA3,31,5,10611,36,0
SNxx19,SNpp06,22,14,10611,36,0
SNxx19,BM_MaPa,22,14,10611,36,0
SNxx19,PhG14,22,14,10611,36,0
SNxx19,SNpp56,22,14,10611,36,0
SNxx19,JO-B2,22,14,10611,36,0
SNxx19,JO-B1_c,22,14,10611,36,0
ORN_DC2,SNpp02,12,24,10611,36,0
JO-B1_a,SNpp05,19,17,10611,36,0
JO-B1_a,SNxx28,19,17,10611,36,0
JO-B1_a,ORN_VM5v,19,17,10611,36,0
JO-B1_a,SNpp31,19,17,10611,36,0
JO-B1_a,SNpp17,19,17,10611,36,0
JO-B1_a,SNpp01,19,17,10611,36,0
SNxx21,SNpp06,22,14,10611,36,0
SNxx21,BM_MaPa,22,14,10611,36,0
SNxx21,PhG14,22,14,10611,36,0
SNxx21,SNpp56,22,14,10611,36,0
SNxx21,JO-B2,22,14,10611,36,0
SNxx21,JO-B1_c,22,14,10611,36,0
DNg83,"SNta04,SNta11",7,29,10611,36,0
SNpp06,JO-B3,14,22,10611,36,0
SNpp05,SNta13,17,19,10611,36,0
JO-B3,BM_MaPa,22,14,10611,36,0
JO-B3,PhG14,22,14,10611,36,0
JO-B3,SNpp56,22,14,10611,36,0
JO-B3,JO-B2,22,14,10611,36,0
JO-B3,JO-B1_c,22,14,10611,36,0
SNpp02,SNpp37,24,12,10611,36,0
SNpp02,ORN_VC4,24,12,10611,36,0
SNpp02,b2 MN,24,12,10611,36,0
SNxx28,SNta13,17,19,10611,36,0
ORN_VM5v,SNta13,17,19,10611,36,0
SNta13,SNpp31,19,17,10611,36,0
SNta13,SNpp17,19,17,10611,36,0
SNta13,SNpp01,19,17,10611,36,0
"SNta04,SNta11",ORN_DL3,29,7,10611,36,0
"SNta04,SNta11",ORN_DM3,29,7,10611,36,0
LB4a,SNta33,9,27,10611,36,0
PhG3,SNta33,9,27,10611,36,0
SApp21,SNta33,9,27,10611,36,0
LgAG6,SNta33,9,27,10611,36,0
tpn MN,SNta33,9,27,10611,36,0
SNta26,PhG1a,28,8,10611,36,0
SNta33,JO-B4_a,27,9,10611,36,0
SNxx07,R8d,32,3,10612,35,0
SNxx08,R7_unclear,20,15,10612,35,0
SNxx08,WG1,20,15,10612,35,0
SNxx08,LgAG9,20,15,10612,35,0
SNxx08,ORN_VA1d,20,15,10612,35,0
SNxx08,SNpp57,20,15,10612,35,0
SNxx08,LB1b,20,15,10612,35,0
SNxx08,SNpp12,20,15,10612,35,0
SNxx08,PhG8,20,15,10612,35,0
R7_unclear,GNG644,15,20,10612,35,0
R7_unclear,ORN_DL5,15,20,10612,35,0
R7_unclear,WG2,15,20,10612,35,0
R7_unclear,LgAG3,15,20,10612,35,0
R7_unclear,PhG1b,15,20,10612,35,0
R7_unclear,BM_vOcci_vPoOr,15,20,10612,35,0
R7_unclear,LB1e,15,20,10612,35,0
R7_unclear,SNxx30,15,20,10612,35,0
TPMN2,LgLG8,26,9,10612,35,0
TPMN2,LB4a,26,9,10612,35,0
TPMN2,PhG3,26,9,10612,35,0
TPMN2,SApp21,26,9,10612,35,0
TPMN2,LgAG6,26,9,10612,35,0
TPMN2,tpn MN,26,9,10612,35,0
TPMN2,JO-B4_a,26,9,10612,35,0
R7y,TRN_VP1m,11,24,10612,35,0
R7y,SNpp02,11,24,10612,35,0
R7p,TRN_VP1m,11,24,10612,35,0
R7p,SNpp02,11,24,10612,35,0
R7d,aPhM1,13,22,10612,35,0
R7d,BM_Vt_PoOc,13,22,10612,35,0
R7d,PhG9,13,22,10612,35,0
R7d,ORN_DC1,13,22,10612,35,0
R7d,SNpp62,13,22,10612,35,0
R7d,SNpp58,13,22,10612,35,0
R7d,SNxx19,13,22,10612,35,0
R7d,SNxx21,13,22,10612,35,0
R7d,JO-B3,13,22,10612,35,0
LgLG6,aPhM1,13,22,10612,35,0
LgLG6,BM_Vt_PoOc,13,22,10612,35,0
LgLG6,PhG9,13,22,10612,35,0
LgLG6,ORN_DC1,13,22,10612,35,0
LgLG6,SNpp62,13,22,10612,35,0
LgLG6,SNpp58,13,22,10612,35,0
LgLG6,SNxx19,13,22,10612,35,0
LgLG6,SNxx21,13,22,10612,35,0
LgLG6,JO-B3,13,22,10612,35,0
aPhM3,R8d,32,3,10612,35,0
aPhM4,GNG642,19,16,10612,35,0
aPhM4,ORN_V,19,16,10612,35,0
aPhM4,PhG10,19,16,10612,35,0
aPhM4,ORN_VL1,19,16,10612,35,0
aPhM4,LgLG4,19,16,10612,35,0
aPhM4,ORN_VM5d,19,16,10612,35,0
aPhM4,SNpp11,19,16,10612,35,0
aPhM4,ALBN1,19,16,10612,35,0
aPhM4,ENS5,19,16,10612,35,0
aPhM4,dorsal_tpGRN,19,16,10612,35,0
aPhM4,JO-CA2,19,16,10612,35,0
GNG643,LgLG5,27,8,10612,35,0
GNG643,HBeyelet,27,8,10612,35,0
GNG643,PhG1a,27,8,10612,35,0
R8p,TRN_VP1m,11,24,10612,35,0
R8p,SNpp02,11,24,10612,35,0
aPhM1,ORN_DM2,22,13,10612,35,0
aPhM1,DNg20,22,13,10612,35,0
aPhM1,SNxx06,22,13,10612,35,0
aPhM1,SNpp15,22,13,10612,35,0
aPhM1,ORN_DA2,22,13,10612,35,0
aPhM1,PhG16,22,13,10612,35,0
aPhM1,SNpp18,22,13,10612,35,0
aPhM1,LgAG8,22,13,10612,35,0
SNxx09,TRN_VP1m,11,24,10612,35,0
SNxx09,SNpp02,11,24,10612,35,0
LB3b,TRN_VP3a,17,18,10612,35,0
LB3b,TRN_VP2,17,18,10612,35,0
LB3b,aPhM2b,17,18,10612,35,0
LB3b,ORN_VC1,17,18,10612,35,0
LB3b,ORN_VM7d,17,18,10612,35,0
LB3b,LgAG2,17,18,10612,35,0
LB3b,DNx01,17,18,10612,35,0
BM_Vt_PoOc,ORN_DM2,22,13,10612,35,0
BM_Vt_PoOc,SNxx06,22,13,10612,35,0
BM_Vt_PoOc,SNpp15,22,13,10612,35,0
BM_Vt_PoOc,ORN_DA2,22,13,10612,35,0
BM_Vt_PoOc,PhG16,22,13,10612,35,0
BM_Vt_PoOc,SNpp18,22,13,10612,35,0
BM_Vt_PoOc,LgAG8,22,13,10612,35,0
GNG644,WG1,20,15,10612,35,0
GNG644,LgAG9,20,15,10612,35,0
GNG644,ORN_VA1d,20,15,10612,35,0
GNG644,SNpp57,20,15,10612,35,0
GNG644,LB1b,20,15,10612,35,0
GNG644,SNpp12,20,15,10612,35,0
GNG644,PhG8,20,15,10612,35,0
R8y,LB3c,10,25,10612,35,0
R8y,SNxx26,10,25,10612,35,0
R8y,ORN_VA2,10,25,10612,35,0
LgLG5,LB3d,8,27,10612,35,0
LgLG5,SNxx02,8,27,10612,35,0
LgLG5,BM_Hau,8,27,10612,35,0
LgLG5,JO-B4_b,8,27,10612,35,0
LgLG5,SApp23,8,27,10612,35,0
LgLG5,ORN_VL2p,8,27,10612,35,0
LgLG5,SNta33,8,27,10612,35,0
JO-A3,GNG654,21,14,10612,35,0
JO-A3,HRN_VP5,21,14,10612,35,0
JO-A3,LB4b,21,14,10612,35,0
JO-A3,SNxx24,21,14,10612,35,0
JO-A3,ORN_VC5,21,14,10612,35,0
JO-A3,PhG4,21,14,10612,35,0
JO-A3,SNpp06,21,14,10612,35,0
JO-A3,BM_MaPa,21,14,10612,35,0
JO-A3,PhG14,21,14,10612,35,0
JO-A3,SNpp56,21,14,10612,35,0
JO-A3,JO-B2,21,14,10612,35,0
JO-A3,JO-B1_c,21,14,10612,35,0
SNpp23,ORN_DA3,30,5,10612,35,0
WG1,ORN_DL5,15,20,10612,35,0
WG1,WG2,15,20,10612,35,0
WG1,LgAG3,15,20,10612,35,0
WG1,PhG1b,15,20,10612,35,0
WG1,BM_vOcci_vPoOr,15,20,10612,35,0
WG1,LB1e,15,20,10612,35,0
WG1,SNxx30,15,20,10612,35,0
SNta14,LgLG7,28,7,10612,35,0
SNta14,DNg83,28,7,10612,35,0
SNta14,ORN_DL3,28,7,10612,35,0
SNta14,ORN_DM3,28,7,10612,35,0
LgLG2,TRN_VP1m,11,24,10612,35,0
LgLG2,SNpp02,11,24,10612,35,0
TRN_VP3a,ORN_VA1v,18,17,10612,35,0
TRN_VP3a,JO-A1,18,17,10612,35,0
TRN_VP3a,SNpp05,18,17,10612,35,0
TRN_VP3a,SNxx28,18,17,10612,35,0
TRN_VP3a,ORN_VM5v,18,17,10612,35,0
TRN_VP3a,SNpp31,18,17,10612,35,0
TRN_VP3a,SNpp17,18,17,10612,35,0
TRN_VP3a,SNpp01,18,17,10612,35,0
LB3d,HBeyelet,27,8,10612,35,0
LB3d,PhG1a,27,8,10612,35,0
SNxx02,HBeyelet,27,8,10612,35,0
SNxx02,PhG1a,27,8,10612,35,0
LgLG8,ORN_DM1,9,26,10612,35,0
LgLG8,SNpp10,9,26,10612,35,0
LgLG8,SApp01,9,26,10612,35,0
LB3c,HRN_VP1l,25,10,10612,35,0
LB3c,PhG6,25,10,10612,35,0
LB3c,LN-DN1,25,10,10612,35,0
LB3c,ORN_DM4,25,10,10612,35,0
LB3c,ORN_DM6,25,10,10612,35,0
LB3c,ORN_VA3,25,10,10612,35,0
ORN_VM6v,GNG654,21,14,10612,35,0
ORN_VM6v,HRN_VP5,21,14,10612,35,0
ORN_VM6v,LB4b,21,14,10612,35,0
ORN_VM6v,SNxx24,21,14,10612,35,0
ORN_VM6v,ORN_VC5,21,14,10612,35,0
ORN_VM6v,PhG4,21,14,10612,35,0
ORN_VM6v,SNpp06,21,14,10612,35,0
ORN_VM6v,BM_MaPa,21,14,10612,35,0
ORN_VM6v,PhG14,21,14,10612,35,0
ORN_VM6v,SNpp56,21,14,10612,35,0
ORN_VM6v,JO-B2,21,14,10612,35,0
ORN_VM6v,JO-B1_c,21,14,10612,35,0
ENS2,LgLG7,28,7,10612,35,0
ENS2,DNg83,28,7,10612,35,0
ENS2,ORN_DL3,28,7,10612,35,0
ENS2,ORN_DM3,28,7,10612,35,0
ORN_DP1l,LgLG7,28,7,10612,35,0
ORN_DP1l,DNg83,28,7,10612,35,0
ORN_DP1l,ORN_DL3,28,7,10612,35,0
ORN_DP1l,ORN_DM3,28,7,10612,35,0
LB3a,GNG642,19,16,10612,35,0
LB3a,ORN_V,19,16,10612,35,0
LB3a,PhG10,19,16,10612,35,0
LB3a,ORN_VL1,19,16,10612,35,0
LB3a,LgLG4,19,16,10612,35,0
LB3a,ORN_VM5d,19,16,10612,35,0
LB3a,SNpp11,19,16,10612,35,0
LB3a,ALBN1,19,16,10612,35,0
LB3a,ENS5,19,16,10612,35,0
LB3a,dorsal_tpGRN,19,16,10612,35,0
LB3a,JO-CA2,19,16,10612,35,0
TRN_VP1m,R8_unclear,24,11,10612,35,0
TRN_VP1m,LB1a,24,11,10612,35,0
TRN_VP1m,SNpp21,24,11,10612,35,0
TRN_VP1m,ORN_VM7v,24,11,10612,35,0
TRN_VP1m,ORN_DL1,24,11,10612,35,0
PhG9,ORN_DM2,22,13,10612,35,0
PhG9,DNg20,22,13,10612,35,0
PhG9,SNxx06,22,13,10612,35,0
PhG9,SNpp15,22,13,10612,35,0
PhG9,ORN_DA2,22,13,10612,35,0
PhG9,PhG16,22,13,10612,35,0
PhG9,SNpp18,22,13,10612,35,0
PhG9,LgAG8,22,13,10612,35,0
BM_Hau,HBeyelet,27,8,10612,35,0
BM_Hau,PhG1a,27,8,10612,35,0
JO-B4_b,HBeyelet,27,8,10612,35,0
JO-B4_b,PhG1a,27,8,10612,35,0
R8_unclear,SNpp02,11,24,10612,35,0
WG4,ENS3,23,12,10612,35,0
WG4,ORN_VM4,23,12,10612,35,0
WG4,ENS1,23,12,10612,35,0
WG4,PhG13,23,12,10612,35,0
WG4,ORN_DC2,23,12,10612,35,0
WG4,SNpp37,23,12,10612,35,0
WG4,ORN_VC4,23,12,10612,35,0
WG4,b2 MN,23,12,10612,35,0
ORN_DM1,LB4a,26,9,10612,35,0
ORN_DM1,PhG3,26,9,10612,35,0
ORN_DM1,SApp21,26,9,10612,35,0
ORN_DM1,LgAG6,26,9,10612,35,0
ORN_DM1,tpn MN,26,9,10612,35,0
ORN_DM1,JO-B4_a,26,9,10612,35,0
ORN_DC1,ORN_DM2,22,13,10612,35,0
ORN_DC1,DNg20,22,13,10612,35,0
ORN_DC1,SNxx06,22,13,10612,35,0
ORN_DC1,SNpp15,22,13,10612,35,0
ORN_DC1,ORN_DA2,22,13,10612,35,0
ORN_DC1,PhG16,22,13,10612,35,0
ORN_DC1,SNpp18,22,13,10612,35,0
ORN_DC1,LgAG8,22,13,10612,35,0
GNG642,SNpp35,16,19,10612,35,0
GNG642,LgAG5,16,19,10612,35,0
GNG642,LgAG7,16,19,10612,35,0
GNG642,ORN_DL2d,16,19,10612,35,0
GNG642,JO-B1_a,16,19,10612,35,0
GNG642,SNta13,16,19,10612,35,0
ORN_DM2,SNpp62,13,22,10612,35,0
ORN_DM2,SNpp58,13,22,10612,35,0
ORN_DM2,SNxx19,13,22,10612,35,0
ORN_DM2,SNxx21,13,22,10612,35,0
ORN_DM2,JO-B3,13,22,10612,35,0
SApp23,HBeyelet,27,8,10612,35,0
SApp23,PhG1a,27,8,10612,35,0
GNG654,SNxx17,14,21,10612,35,0
GNG654,ORN_DL2v,14,21,10612,35,0
TRN_VP2,ORN_VA1v,18,17,10612,35,0
TRN_VP2,JO-A1,18,17,10612,35,0
TRN_VP2,SNpp05,18,17,10612,35,0
TRN_VP2,SNxx28,18,17,10612,35,0
TRN_VP2,ORN_VM5v,18,17,10612,35,0
TRN_VP2,SNpp31,18,17,10612,35,0
TRN_VP2,SNpp17,18,17,10612,35,0
TRN_VP2,SNpp01,18,17,10612,35,0
aPhM2b,ORN_VA1v,18,17,10612,35,0
aPhM2b,JO-A1,18,17,10612,35,0
aPhM2b,SNpp05,18,17,10612,35,0
aPhM2b,SNxx28,18,17,10612,35,0
aPhM2b,ORN_VM5v,18,17,10612,35,0
aPhM2b,SNpp31,18,17,10612,35,0
aPhM2b,SNpp17,18,17,10612,35,0
aPhM2b,SNpp01,18,17,10612,35,0
JO-CL,ORN_DA3,30,5,10612,35,0
LgAG9,ORN_DL5,15,20,10612,35,0
LgAG9,WG2,15,20,10612,35,0
LgAG9,PhG1b,15,20,10612,35,0
LgAG9,BM_vOcci_vPoOr,15,20,10612,35,0
LgAG9,LB1e,15,20,10612,35,0
LgAG9,SNxx30,15,20,10612,35,0
ORN_VL2p,HBeyelet,27,8,10612,35,0
ORN_VL2p,PhG1a,27,8,10612,35,0
ORN_DL5,ORN_VA1d,20,15,10612,35,0
ORN_DL5,SNpp57,20,15,10612,35,0
ORN_DL5,LB1b,20,15,10612,35,0
ORN_DL5,SNpp12,20,15,10612,35,0
ORN_DL5,PhG8,20,15,10612,35,0
ENS3,ORN_D,12,23,10612,35,0
SNpp41,ORN_DA3,30,5,10612,35,0
SNpp35,ORN_V,19,16,10612,35,0
SNpp35,PhG10,19,16,10612,35,0
SNpp35,ORN_VL1,19,16,10612,35,0
SNpp35,LgLG4,19,16,10612,35,0
SNpp35,ORN_VM5d,19,16,10612,35,0
SNpp35,SNpp11,19,16,10612,35,0
SNpp35,ALBN1,19,16,10612,35,0
SNpp35,ENS5,19,16,10612,35,0
SNpp35,dorsal_tpGRN,19,16,10612,35,0
SNpp35,JO-CA2,19,16,10612,35,0
WG2,ORN_VA1d,20,15,10612,35,0
WG2,SNpp57,20,15,10612,35,0
WG2,LB1b,20,15,10612,35,0
WG2,SNpp12,20,15,10612,35,0
WG2,PhG8,20,15,10612,35,0
LgAG3,ORN_VA1d,20,15,10612,35,0
LgAG3,SNpp57,20,15,10612,35,0
LgAG3,SNpp12,20,15,10612,35,0
SNxx17,HRN_VP5,21,14,10612,35,0
SNxx17,LB4b,21,14,10612,35,0
SNxx17,SNxx24,21,14,10612,35,0
SNxx17,ORN_VC5,21,14,10612,35,0
SNxx17,PhG4,21,14,10612,35,0
SNxx17,SNpp06,21,14,10612,35,0
SNxx17,BM_MaPa,21,14,10612,35,0
SNxx17,PhG14,21,14,10612,35,0
SNxx17,SNpp56,21,14,10612,35,0
SNxx17,JO-B2,21,14,10612,35,0
SNxx17,JO-B1_c,21,14,10612,35,0
ORN_V,LgAG5,16,19,10612,35,0
ORN_V,LgAG7,16,19,10612,35,0
ORN_V,ORN_DL2d,16,19,10612,35,0
ORN_V,JO-B1_a,16,19,10612,35,0
ORN_V,SNta13,16,19,10612,35,0
ORN_VA1v,ORN_VC1,17,18,10612,35,0
ORN_VA1v,ORN_VM7d,17,18,10612,35,0
ORN_VA1v,LgAG2,17,18,10612,35,0
ORN_VA1v,DNx01,17,18,10612,35,0
JO-A1,ORN_VC1,17,18,10612,35,0
JO-A1,ORN_VM7d,17,18,10612,35,0
JO-A1,LgAG2,17,18,10612,35,0
JO-A1,DNx01,17,18,10612,35,0
SNxx26,HRN_VP1l,25,10,10612,35,0
SNxx26,PhG6,25,10,10612,35,0
SNxx26,LN-DN1,25,10,10612,35,0
SNxx26,ORN_DM4,25,10,10612,35,0
SNxx26,ORN_DM6,25,10,10612,35,0
SNxx26,ORN_VA3,25,10,10612,35,0
ORN_VA2,HRN_VP1l,25,10,10612,35,0
ORN_VA2,PhG6,25,10,10612,35,0
ORN_VA2,LN-DN1,25,10,10612,35,0
ORN_VA2,ORN_DM4,25,10,10612,35,0
ORN_VA2,ORN_DM6,25,10,10612,35,0
ORN_VA2,ORN_VA3,25,10,10612,35,0
LgAG5,PhG10,19,16,10612,35,0
LgAG5,ORN_VL1,19,16,10612,35,0
LgAG5,LgLG4,19,16,10612,35,0
LgAG5,ORN_VM5d,19,16,10612,35,0
LgAG5,SNpp11,19,16,10612,35,0
LgAG5,ALBN1,19,16,10612,35,0
LgAG5,dorsal_tpGRN,19,16,10612,35,0
LgAG5,JO-CA2,19,16,10612,35,0
SNpp10,LB4a,26,9,10612,35,0
SNpp10,PhG3,26,9,10612,35,0
SNpp10,SApp21,26,9,10612,35,0
SNpp10,LgAG6,26,9,10612,35,0
SNpp10,tpn MN,26,9,10612,35,0
SNpp10,JO-B4_a,26,9,10612,35,0
PhG1b,ORN_VA1d,20,15,10612,35,0
PhG1b,SNpp57,20,15,10612,35,0
PhG1b,LB1b,20,15,10612,35,0
PhG1b,SNpp12,20,15,10612,35,0
PhG1b,PhG8,20,15,10612,35,0
HRN_VP5,ORN_DL2v,14,21,10612,35,0
ORN_VA6,LgLG7,28,7,10612,35,0
ORN_VA6,DNg83,28,7,10612,35,0
ORN_VA6,ORN_DL3,28,7,10612,35,0
ORN_VA6,ORN_DM3,28,7,10612,35,0
SNpp62,DNg20,22,13,10612,35,0
SNpp62,SNxx06,22,13,10612,35,0
SNpp62,SNpp15,22,13,10612,35,0
SNpp62,ORN_DA2,22,13,10612,35,0
SNpp62,PhG16,22,13,10612,35,0
SNpp62,SNpp18,22,13,10612,35,0
SNpp62,LgAG8,22,13,10612,35,0
PhG10,LgAG7,16,19,10612,35,0
PhG10,ORN_DL2d,16,19,10612,35,0
PhG10,JO-B1_a,16,19,10612,35,0
PhG10,SNta13,16,19,10612,35,0
SApp01,LB4a,26,9,10612,35,0
SApp01,PhG3,26,9,10612,35,0
SApp01,SApp21,26,9,10612,35,0
SApp01,LgAG6,26,9,10612,35,0
SApp01,tpn MN,26,9,10612,35,0
SApp01,JO-B4_a,26,9,10612,35,0
LgAG7,ORN_VL1,19,16,10612,35,0
LgAG7,LgLG4,19,16,10612,35,0
LgAG7,ORN_VM5d,19,16,10612,35,0
LgAG7,SNpp11,19,16,10612,35,0
LgAG7,ALBN1,19,16,10612,35,0
LgAG7,ENS5,19,16,10612,35,0
LgAG7,JO-CA2,19,16,10612,35,0
ORN_DL2v,LB4b,21,14,10612,35,0
ORN_DL2v,SNxx24,21,14,10612,35,0
ORN_DL2v,ORN_VC5,21,14,10612,35,0
ORN_DL2v,PhG4,21,14,10612,35,0
ORN_DL2v,SNpp06,21,14,10612,35,0
ORN_DL2v,BM_MaPa,21,14,10612,35,0
ORN_DL2v,PhG14,21,14,10612,35,0
ORN_DL2v,SNpp56,21,14,10612,35,0
ORN_DL2v,JO-B2,21,14,10612,35,0
ORN_DL2v,JO-B1_c,21,14,10612,35,0
BM_vOcci_vPoOr,ORN_VA1d,20,15,10612,35,0
BM_vOcci_vPoOr,SNpp57,20,15,10612,35,0
BM_vOcci_vPoOr,LB1b,20,15,10612,35,0
BM_vOcci_vPoOr,SNpp12,20,15,10612,35,0
BM_vOcci_vPoOr,PhG8,20,15,10612,35,0
ORN_VC1,SNpp05,18,17,10612,35,0
ORN_VC1,SNxx28,18,17,10612,35,0
ORN_VC1,ORN_VM5v,18,17,10612,35,0
ORN_VC1,SNpp31,18,17,10612,35,0
ORN_VC1,SNpp17,18,17,10612,35,0
ORN_VC1,SNpp01,18,17,10612,35,0
LB1a,SNpp02,11,24,10612,35,0
DNg20,SNpp58,13,22,10612,35,0
DNg20,SNxx19,13,22,10612,35,0
DNg20,SNxx21,13,22,10612,35,0
DNg20,JO-B3,13,22,10612,35,0
ORN_VL1,ORN_DL2d,16,19,10612,35,0
ORN_VL1,JO-B1_a,16,19,10612,35,0
ORN_VL1,SNta13,16,19,10612,35,0
ORN_VM4,ORN_D,12,23,10612,35,0
ORN_DL2d,LgLG4,19,16,10612,35,0
ORN_DL2d,ORN_VM5d,19,16,10612,35,0
ORN_DL2d,SNpp11,19,16,10612,35,0
ORN_DL2d,ALBN1,19,16,10612,35,0
ORN_DL2d,ENS5,19,16,10612,35,0
ORN_DL2d,dorsal_tpGRN,19,16,10612,35,0
ORN_DL2d,JO-CA2,19,16,10612,35,0
R8d,SApp14,3,32,10612,35,0
R8d,SNpp07,3,32,10612,35,0
ORN_VM7d,SNpp05,18,17,10612,35,0
ORN_VM7d,SNxx28,18,17,10612,35,0
ORN_VM7d,ORN_VM5v,18,17,10612,35,0
ORN_VM7d,SNpp31,18,17,10612,35,0
ORN_VM7d,SNpp17,18,17,10612,35,0
ORN_VM7d,SNpp01,18,17,10612,35,0
ORN_D,ENS1,23,12,10612,35,0
ORN_D,PhG13,23,12,10612,35,0
ORN_D,ORN_DC2,23,12,10612,35,0
ORN_D,SNpp37,23,12,10612,35,0
ORN_D,ORN_VC4,23,12,10612,35,0
ORN_D,b2 MN,23,12,10612,35,0
LB1e,ORN_VA1d,20,15,10612,35,0
LB1e,SNpp57,20,15,10612,35,0
LB1e,LB1b,20,15,10612,35,0
LB1e,SNpp12,20,15,10612,35,0
LB1e,PhG8,20,15,10612,35,0
ORN_VA1d,SNxx30,15,20,10612,35,0
SNpp57,SNxx30,15,20,10612,35,0
ENS4,LgLG7,28,7,10612,35,0
ENS4,DNg83,28,7,10612,35,0
ENS4,ORN_DL3,28,7,10612,35,0
ENS4,ORN_DM3,28,7,10612,35,0
LgLG4,JO-B1_a,16,19,10612,35,0
LgLG4,SNta13,16,19,10612,35,0
HBeyelet,SNta33,8,27,10612,35,0
LB1b,SNxx30,15,20,10612,35,0
SNpp58,SNxx06,22,13,10612,35,0
SNpp58,SNpp15,22,13,10612,35,0
SNpp58,ORN_DA2,22,13,10612,35,0
SNpp58,PhG16,22,13,10612,35,0
SNpp58,SNpp18,22,13,10612,35,0
SNpp58,LgAG8,22,13,10612,35,0
LgLG7,SNta26,7,28,10612,35,0
SNxx30,SNpp12,20,15,10612,35,0
SNxx30,PhG8,20,15,10612,35,0
SNpp21,SNpp02,11,24,10612,35,0
ORN_VM7v,SNpp02,11,24,10612,35,0
ORN_VM5d,JO-B1_a,16,19,10612,35,0
ORN_VM5d,SNta13,16,19,10612,35,0
LgAG2,SNpp05,18,17,10612,35,0
LgAG2,SNxx28,18,17,10612,35,0
LgAG2,ORN_VM5v,18,17,10612,35,0
LgAG2,SNpp31,18,17,10612,35,0
LgAG2,SNpp17,18,17,10612,35,0
LgAG2,SNpp01,18,17,10612,35,0
SNxx19,SNxx06,22,13,10612,35,0
SNxx19,SNpp15,22,13,10612,35,0
SNxx19,ORN_DA2,22,13,10612,35,0
SNxx19,PhG16,22,13,10612,35,0
SNxx19,SNpp18,22,13,10612,35,0
SNxx19,LgAG8,22,13,10612,35,0
SNxx06,JO-B3,13,22,10612,35,0
JO-B1_a,SNpp11,19,16,10612,35,0
JO-B1_a,ALBN1,19,16,10612,35,0
JO-B1_a,ENS5,19,16,10612,35,0
JO-B1_a,dorsal_tpGRN,19,16,10612,35,0
JO-B1_a,JO-CA2,19,16,10612,35,0
SNxx21,SNpp15,22,13,10612,35,0
SNxx21,ORN_DA2,22,13,10612,35,0
SNxx21,PhG16,22,13,10612,35,0
SNxx21,SNpp18,22,13,10612,35,0
SNxx21,LgAG8,22,13,10612,35,0
DNg83,SNta26,7,28,10612,35,0
SNpp05,DNx01,17,18,10612,35,0
SNpp15,JO-B3,13,22,10612,35,0
ORN_DA2,JO-B3,13,22,10612,35,0
JO-B3,PhG16,22,13,10612,35,0
JO-B3,SNpp18,22,13,10612,35,0
JO-B3,LgAG8,22,13,10612,35,0
SNpp02,ORN_DL1,24,11,10612,35,0
SNxx28,DNx01,17,18,10612,35,0
ORN_VM5v,DNx01,17,18,10612,35,0
SNta13,SNpp11,19,16,10612,35,0
SNta13,ALBN1,19,16,10612,35,0
SNta13,ENS5,19,16,10612,35,0
SNta13,dorsal_tpGRN,19,16,10612,35,0
SNta13,JO-CA2,19,16,10612,35,0
SNpp31,DNx01,17,18,10612,35,0
ORN_DL3,SNta26,7,28,10612,35,0
SNta26,ORN_DM3,28,7,10612,35,0
SNta33,PhG1a,27,8,10612,35,0
DNx01,SNpp01,18,17,10612,35,0
SNxx08,GNG654,20,14,10613,34,0
SNxx08,HRN_VP5,20,14,10613,34,0
SNxx08,LB4b,20,14,10613,34,0
SNxx08,SNxx24,20,14,10613,34,0
SNxx08,ORN_VC5,20,14,10613,34,0
SNxx08,PhG4,20,14,10613,34,0
SNxx08,SNpp06,20,14,10613,34,0
SNxx08,BM_MaPa,20,14,10613,34,0
SNxx08,PhG14,20,14,10613,34,0
SNxx08,SNpp56,20,14,10613,34,0
SNxx08,JO-B2,20,14,10613,34,0
SNxx08,JO-B1_c,20,14,10613,34,0
R7_unclear,aPhM4,15,19,10613,34,0
R7_unclear,LB3a,15,19,10613,34,0
R7_unclear,SNpp35,15,19,10613,34,0
R7_unclear,LgAG5,15,19,10613,34,0
R7_unclear,LgAG7,15,19,10613,34,0
R7_unclear,ORN_DL2d,15,19,10613,34,0
R7_unclear,JO-B1_a,15,19,10613,34,0
R7_unclear,SNta13,15,19,10613,34,0
aPhM5,ORN_DA3,29,5,10613,34,0
TPMN2,LgLG5,26,8,10613,34,0
TPMN2,HBeyelet,26,8,10613,34,0
TPMN2,PhG1a,26,8,10613,34,0
R7y,WG4,11,23,10613,34,0
R7y,ORN_D,11,23,10613,34,0
R7p,WG4,11,23,10613,34,0
R7p,ORN_D,11,23,10613,34,0
R7d,JO-A3,13,21,10613,34,0
R7d,ORN_VM6v,13,21,10613,34,0
R7d,SNxx17,13,21,10613,34,0
R7d,ORN_DL2v,13,21,10613,34,0
LgLG6,JO-A3,13,21,10613,34,0
LgLG6,ORN_VM6v,13,21,10613,34,0
LgLG6,SNxx17,13,21,10613,34,0
LgLG6,ORN_DL2v,13,21,10613,34,0
aPhM4,WG1,19,15,10613,34,0
aPhM4,LgAG9,19,15,10613,34,0
aPhM4,ORN_VA1d,19,15,10613,34,0
aPhM4,SNpp57,19,15,10613,34,0
aPhM4,LB1b,19,15,10613,34,0
aPhM4,SNpp12,19,15,10613,34,0
aPhM4,PhG8,19,15,10613,34,0
GNG643,LgLG7,27,7,10613,34,0
GNG643,DNg83,27,7,10613,34,0
GNG643,ORN_DL3,27,7,10613,34,0
GNG643,ORN_DM3,27,7,10613,34,0
HRN_VP4,R8d,31,3,10613,34,0
R8p,WG4,11,23,10613,34,0
R8p,ORN_D,11,23,10613,34,0
aPhM1,ENS3,22,12,10613,34,0
aPhM1,ORN_VM4,22,12,10613,34,0
aPhM1,ENS1,22,12,10613,34,0
aPhM1,PhG13,22,12,10613,34,0
aPhM1,ORN_DC2,22,12,10613,34,0
aPhM1,SNpp37,22,12,10613,34,0
aPhM1,ORN_VC4,22,12,10613,34,0
aPhM1,b2 MN,22,12,10613,34,0
SNxx09,WG4,11,23,10613,34,0
SNxx09,ORN_D,11,23,10613,34,0
LB3b,ORN_VA1v,17,17,10613,34,0
LB3b,JO-A1,17,17,10613,34,0
LB3b,SNpp05,17,17,10613,34,0
LB3b,SNxx28,17,17,10613,34,0
LB3b,ORN_VM5v,17,17,10613,34,0
LB3b,SNpp31,17,17,10613,34,0
LB3b,SNpp17,17,17,10613,34,0
LB3b,SNpp01,17,17,10613,34,0
BM_Vt_PoOc,ENS3,22,12,10613,34,0
BM_Vt_PoOc,ORN_VM4,22,12,10613,34,0
BM_Vt_PoOc,ENS1,22,12,10613,34,0
BM_Vt_PoOc,PhG13,22,12,10613,34,0
BM_Vt_PoOc,ORN_DC2,22,12,10613,34,0
BM_Vt_PoOc,SNpp37,22,12,10613,34,0
BM_Vt_PoOc,ORN_VC4,22,12,10613,34,0
BM_Vt_PoOc,b2 MN,22,12,10613,34,0
GNG644,GNG654,20,14,10613,34,0
GNG644,HRN_VP5,20,14,10613,34,0
GNG644,LB4b,20,14,10613,34,0
GNG644,SNxx24,20,14,10613,34,0
GNG644,ORN_VC5,20,14,10613,34,0
GNG644,PhG4,20,14,10613,34,0
GNG644,SNpp06,20,14,10613,34,0
GNG644,BM_MaPa,20,14,10613,34,0
GNG644,PhG14,20,14,10613,34,0
GNG644,SNpp56,20,14,10613,34,0
GNG644,JO-B2,20,14,10613,34,0
GNG644,JO-B1_c,20,14,10613,34,0
R8y,TRN_VP1m,10,24,10613,34,0
R8y,SNpp02,10,24,10613,34,0
LgLG5,ORN_DM1,8,26,10613,34,0
LgLG5,SNpp10,8,26,10613,34,0
LgLG5,SApp01,8,26,10613,34,0
JO-A3,ORN_DM2,21,13,10613,34,0
JO-A3,DNg20,21,13,10613,34,0
JO-A3,SNxx06,21,13,10613,34,0
JO-A3,SNpp15,21,13,10613,34,0
JO-A3,ORN_DA2,21,13,10613,34,0
JO-A3,PhG16,21,13,10613,34,0
JO-A3,SNpp18,21,13,10613,34,0
JO-A3,LgAG8,21,13,10613,34,0
WG1,LB3a,15,19,10613,34,0
WG1,SNpp35,15,19,10613,34,0
WG1,LgAG5,15,19,10613,34,0
WG1,LgAG7,15,19,10613,34,0
WG1,ORN_DL2d,15,19,10613,34,0
WG1,JO-B1_a,15,19,10613,34,0
WG1,SNta13,15,19,10613,34,0
LgLG2,WG4,11,23,10613,34,0
LgLG2,ORN_D,11,23,10613,34,0
TRN_VP3a,GNG642,18,16,10613,34,0
TRN_VP3a,ORN_V,18,16,10613,34,0
TRN_VP3a,PhG10,18,16,10613,34,0
TRN_VP3a,ORN_VL1,18,16,10613,34,0
TRN_VP3a,LgLG4,18,16,10613,34,0
TRN_VP3a,ORN_VM5d,18,16,10613,34,0
TRN_VP3a,SNpp11,18,16,10613,34,0
TRN_VP3a,ALBN1,18,16,10613,34,0
TRN_VP3a,ENS5,18,16,10613,34,0
TRN_VP3a,dorsal_tpGRN,18,16,10613,34,0
TRN_VP3a,JO-CA2,18,16,10613,34,0
LB3d,LgLG7,27,7,10613,34,0
LB3d,DNg83,27,7,10613,34,0
LB3d,ORN_DL3,27,7,10613,34,0
LB3d,ORN_DM3,27,7,10613,34,0
SNxx02,LgLG7,27,7,10613,34,0
SNxx02,DNg83,27,7,10613,34,0
SNxx02,ORN_DL3,27,7,10613,34,0
SNxx02,ORN_DM3,27,7,10613,34,0
LgLG8,LB3c,9,25,10613,34,0
LgLG8,SNxx26,9,25,10613,34,0
LgLG8,ORN_VA2,9,25,10613,34,0
LB3c,LB4a,25,9,10613,34,0
LB3c,PhG3,25,9,10613,34,0
LB3c,SApp21,25,9,10613,34,0
LB3c,LgAG6,25,9,10613,34,0
LB3c,tpn MN,25,9,10613,34,0
LB3c,JO-B4_a,25,9,10613,34,0
ORN_VM6v,ORN_DM2,21,13,10613,34,0
ORN_VM6v,DNg20,21,13,10613,34,0
ORN_VM6v,SNxx06,21,13,10613,34,0
ORN_VM6v,SNpp15,21,13,10613,34,0
ORN_VM6v,ORN_DA2,21,13,10613,34,0
ORN_VM6v,PhG16,21,13,10613,34,0
ORN_VM6v,SNpp18,21,13,10613,34,0
ORN_VM6v,LgAG8,21,13,10613,34,0
LB3a,LgAG9,19,15,10613,34,0
LB3a,ORN_VA1d,19,15,10613,34,0
LB3a,SNpp57,19,15,10613,34,0
LB3a,LB1b,19,15,10613,34,0
LB3a,SNpp12,19,15,10613,34,0
LB3a,PhG8,19,15,10613,34,0
TRN_VP1m,HRN_VP1l,24,10,10613,34,0
TRN_VP1m,PhG6,24,10,10613,34,0
TRN_VP1m,LN-DN1,24,10,10613,34,0
TRN_VP1m,ORN_DM4,24,10,10613,34,0
TRN_VP1m,ORN_DM6,24,10,10613,34,0
TRN_VP1m,ORN_VA3,24,10,10613,34,0
PhG9,ENS3,22,12,10613,34,0
PhG9,ORN_VM4,22,12,10613,34,0
PhG9,ENS1,22,12,10613,34,0
PhG9,PhG13,22,12,10613,34,0
PhG9,ORN_DC2,22,12,10613,34,0
PhG9,SNpp37,22,12,10613,34,0
PhG9,ORN_VC4,22,12,10613,34,0
PhG9,b2 MN,22,12,10613,34,0
BM_Hau,LgLG7,27,7,10613,34,0
BM_Hau,DNg83,27,7,10613,34,0
BM_Hau,ORN_DL3,27,7,10613,34,0
BM_Hau,ORN_DM3,27,7,10613,34,0
JO-B4_b,LgLG7,27,7,10613,34,0
JO-B4_b,DNg83,27,7,10613,34,0
JO-B4_b,ORN_DL3,27,7,10613,34,0
JO-B4_b,ORN_DM3,27,7,10613,34,0
R8_unclear,WG4,11,23,10613,34,0
R8_unclear,ORN_D,11,23,10613,34,0
WG4,LB1a,23,11,10613,34,0
WG4,SNpp21,23,11,10613,34,0
WG4,ORN_VM7v,23,11,10613,34,0
WG4,ORN_DL1,23,11,10613,34,0
ORN_DM1,HBeyelet,26,8,10613,34,0
ORN_DM1,PhG1a,26,8,10613,34,0
HRN_VP1d,R8d,31,3,10613,34,0
ORN_DC1,ENS3,22,12,10613,34,0
ORN_DC1,ORN_VM4,22,12,10613,34,0
ORN_DC1,ENS1,22,12,10613,34,0
ORN_DC1,PhG13,22,12,10613,34,0
ORN_DC1,ORN_DC2,22,12,10613,34,0
ORN_DC1,SNpp37,22,12,10613,34,0
ORN_DC1,ORN_VC4,22,12,10613,34,0
ORN_DC1,b2 MN,22,12,10613,34,0
GNG642,TRN_VP2,16,18,10613,34,0
GNG642,aPhM2b,16,18,10613,34,0
GNG642,ORN_VC1,16,18,10613,34,0
GNG642,ORN_VM7d,16,18,10613,34,0
GNG642,LgAG2,16,18,10613,34,0
GNG642,DNx01,16,18,10613,34,0
SNxx11,ORN_DA3,29,5,10613,34,0
ORN_DC4,ORN_DA3,29,5,10613,34,0
ORN_DM2,SNxx17,13,21,10613,34,0
ORN_DM2,ORN_DL2v,13,21,10613,34,0
SApp23,LgLG7,27,7,10613,34,0
SApp23,DNg83,27,7,10613,34,0
SApp23,ORN_DL3,27,7,10613,34,0
SApp23,ORN_DM3,27,7,10613,34,0
GNG654,ORN_DL5,14,20,10613,34,0
GNG654,WG2,14,20,10613,34,0
GNG654,LgAG3,14,20,10613,34,0
GNG654,PhG1b,14,20,10613,34,0
GNG654,BM_vOcci_vPoOr,14,20,10613,34,0
GNG654,LB1e,14,20,10613,34,0
GNG654,SNxx30,14,20,10613,34,0
TRN_VP2,ORN_V,18,16,10613,34,0
TRN_VP2,PhG10,18,16,10613,34,0
TRN_VP2,ORN_VL1,18,16,10613,34,0
TRN_VP2,LgLG4,18,16,10613,34,0
TRN_VP2,ORN_VM5d,18,16,10613,34,0
TRN_VP2,SNpp11,18,16,10613,34,0
TRN_VP2,ALBN1,18,16,10613,34,0
TRN_VP2,ENS5,18,16,10613,34,0
TRN_VP2,dorsal_tpGRN,18,16,10613,34,0
TRN_VP2,JO-CA2,18,16,10613,34,0
aPhM2b,ORN_V,18,16,10613,34,0
aPhM2b,PhG10,18,16,10613,34,0
aPhM2b,ORN_VL1,18,16,10613,34,0
aPhM2b,LgLG4,18,16,10613,34,0
aPhM2b,ORN_VM5d,18,16,10613,34,0
aPhM2b,SNpp11,18,16,10613,34,0
aPhM2b,ALBN1,18,16,10613,34,0
aPhM2b,ENS5,18,16,10613,34,0
aPhM2b,dorsal_tpGRN,18,16,10613,34,0
aPhM2b,JO-CA2,18,16,10613,34,0
LB1c,ORN_DA3,29,5,10613,34,0
LgAG9,SNpp35,15,19,10613,34,0
LgAG9,LgAG5,15,19,10613,34,0
LgAG9,LgAG7,15,19,10613,34,0
LgAG9,ORN_DL2d,15,19,10613,34,0
LgAG9,JO-B1_a,15,19,10613,34,0
LgAG9,SNta13,15,19,10613,34,0
ORN_VL2p,LgLG7,27,7,10613,34,0
ORN_VL2p,DNg83,27,7,10613,34,0
ORN_VL2p,ORN_DL3,27,7,10613,34,0
ORN_VL2p,ORN_DM3,27,7,10613,34,0
ORN_DL5,HRN_VP5,20,14,10613,34,0
ORN_DL5,LB4b,20,14,10613,34,0
ORN_DL5,SNxx24,20,14,10613,34,0
ORN_DL5,ORN_VC5,20,14,10613,34,0
ORN_DL5,PhG4,20,14,10613,34,0
ORN_DL5,SNpp06,20,14,10613,34,0
ORN_DL5,BM_MaPa,20,14,10613,34,0
ORN_DL5,PhG14,20,14,10613,34,0
ORN_DL5,SNpp56,20,14,10613,34,0
ORN_DL5,JO-B2,20,14,10613,34,0
ORN_DL5,JO-B1_c,20,14,10613,34,0
ENS3,SNpp62,12,22,10613,34,0
ENS3,SNpp58,12,22,10613,34,0
ENS3,SNxx19,12,22,10613,34,0
ENS3,SNxx21,12,22,10613,34,0
ENS3,JO-B3,12,22,10613,34,0
JO-ED1,R8d,31,3,10613,34,0
SNpp35,ORN_VA1d,19,15,10613,34,0
SNpp35,SNpp57,19,15,10613,34,0
SNpp35,LB1b,19,15,10613,34,0
SNpp35,SNpp12,19,15,10613,34,0
SNpp35,PhG8,19,15,10613,34,0
WG2,HRN_VP5,20,14,10613,34,0
WG2,LB4b,20,14,10613,34,0
WG2,SNxx24,20,14,10613,34,0
WG2,ORN_VC5,20,14,10613,34,0
WG2,PhG4,20,14,10613,34,0
WG2,SNpp06,20,14,10613,34,0
WG2,BM_MaPa,20,14,10613,34,0
WG2,PhG14,20,14,10613,34,0
WG2,SNpp56,20,14,10613,34,0
WG2,JO-B2,20,14,10613,34,0
WG2,JO-B1_c,20,14,10613,34,0
LgAG3,HRN_VP5,20,14,10613,34,0
LgAG3,LB4b,20,14,10613,34,0
LgAG3,SNxx24,20,14,10613,34,0
LgAG3,ORN_VC5,20,14,10613,34,0
LgAG3,PhG4,20,14,10613,34,0
LgAG3,SNpp06,20,14,10613,34,0
LgAG3,BM_MaPa,20,14,10613,34,0
LgAG3,SNpp56,20,14,10613,34,0
LgAG3,JO-B2,20,14,10613,34,0
LgAG3,JO-B1_c,20,14,10613,34,0
SNxx17,DNg20,21,13,10613,34,0
SNxx17,SNxx06,21,13,10613,34,0
SNxx17,SNpp15,21,13,10613,34,0
SNxx17,ORN_DA2,21,13,10613,34,0
SNxx17,PhG16,21,13,10613,34,0
SNxx17,SNpp18,21,13,10613,34,0
SNxx17,LgAG8,21,13,10613,34,0
ORN_V,ORN_VC1,16,18,10613,34,0
ORN_V,ORN_VM7d,16,18,10613,34,0
ORN_V,LgAG2,16,18,10613,34,0
ORN_V,DNx01,16,18,10613,34,0
ORN_VA1v,JO-A1,17,17,10613,34,0
ORN_VA1v,SNpp05,17,17,10613,34,0
ORN_VA1v,SNxx28,17,17,10613,34,0
ORN_VA1v,ORN_VM5v,17,17,10613,34,0
ORN_VA1v,SNpp31,17,17,10613,34,0
ORN_VA1v,SNpp17,17,17,10613,34,0
ORN_VA1v,SNpp01,17,17,10613,34,0
JO-A1,SNpp05,17,17,10613,34,0
JO-A1,SNxx28,17,17,10613,34,0
JO-A1,ORN_VM5v,17,17,10613,34,0
JO-A1,SNpp31,17,17,10613,34,0
JO-A1,SNpp17,17,17,10613,34,0
JO-A1,SNpp01,17,17,10613,34,0
SNxx26,LB4a,25,9,10613,34,0
SNxx26,PhG3,25,9,10613,34,0
SNxx26,SApp21,25,9,10613,34,0
SNxx26,LgAG6,25,9,10613,34,0
SNxx26,tpn MN,25,9,10613,34,0
SNxx26,JO-B4_a,25,9,10613,34,0
ORN_VA2,LB4a,25,9,10613,34,0
ORN_VA2,PhG3,25,9,10613,34,0
ORN_VA2,SApp21,25,9,10613,34,0
ORN_VA2,LgAG6,25,9,10613,34,0
ORN_VA2,tpn MN,25,9,10613,34,0
ORN_VA2,JO-B4_a,25,9,10613,34,0
LgAG5,ORN_VA1d,19,15,10613,34,0
LgAG5,SNpp57,19,15,10613,34,0
LgAG5,SNpp12,19,15,10613,34,0
SNpp10,HBeyelet,26,8,10613,34,0
SNpp10,PhG1a,26,8,10613,34,0
PhG1b,HRN_VP5,20,14,10613,34,0
PhG1b,LB4b,20,14,10613,34,0
PhG1b,SNxx24,20,14,10613,34,0
PhG1b,ORN_VC5,20,14,10613,34,0
PhG1b,SNpp06,20,14,10613,34,0
PhG1b,BM_MaPa,20,14,10613,34,0
PhG1b,PhG14,20,14,10613,34,0
PhG1b,SNpp56,20,14,10613,34,0
PhG1b,JO-B2,20,14,10613,34,0
PhG1b,JO-B1_c,20,14,10613,34,0
HRN_VP5,BM_vOcci_vPoOr,14,20,10613,34,0
HRN_VP5,LB1e,14,20,10613,34,0
HRN_VP5,SNxx30,14,20,10613,34,0
SNpp62,ORN_VM4,22,12,10613,34,0
SNpp62,ENS1,22,12,10613,34,0
SNpp62,PhG13,22,12,10613,34,0
SNpp62,ORN_DC2,22,12,10613,34,0
SNpp62,SNpp37,22,12,10613,34,0
SNpp62,ORN_VC4,22,12,10613,34,0
SNpp62,b2 MN,22,12,10613,34,0
PhG10,ORN_VC1,16,18,10613,34,0
PhG10,ORN_VM7d,16,18,10613,34,0
PhG10,LgAG2,16,18,10613,34,0
PhG10,DNx01,16,18,10613,34,0
SApp01,HBeyelet,26,8,10613,34,0
SApp01,PhG1a,26,8,10613,34,0
LgAG7,ORN_VA1d,19,15,10613,34,0
LgAG7,SNpp57,19,15,10613,34,0
LgAG7,LB1b,19,15,10613,34,0
LgAG7,SNpp12,19,15,10613,34,0
LgAG7,PhG8,19,15,10613,34,0
HRN_VP1l,SNpp02,10,24,10613,34,0
ORN_DL2v,DNg20,21,13,10613,34,0
ORN_DL2v,SNxx06,21,13,10613,34,0
ORN_DL2v,SNpp15,21,13,10613,34,0
ORN_DL2v,ORN_DA2,21,13,10613,34,0
ORN_DL2v,PhG16,21,13,10613,34,0
ORN_DL2v,SNpp18,21,13,10613,34,0
ORN_DL2v,LgAG8,21,13,10613,34,0
LB4b,BM_vOcci_vPoOr,14,20,10613,34,0
LB4b,LB1e,14,20,10613,34,0
LB4b,SNxx30,14,20,10613,34,0
SNxx24,BM_vOcci_vPoOr,14,20,10613,34,0
SNxx24,LB1e,14,20,10613,34,0
SNxx24,SNxx30,14,20,10613,34,0
"SNpp29,SNpp63",ORN_DA3,29,5,10613,34,0
BM_vOcci_vPoOr,ORN_VC5,20,14,10613,34,0
BM_vOcci_vPoOr,PhG4,20,14,10613,34,0
BM_vOcci_vPoOr,SNpp06,20,14,10613,34,0
BM_vOcci_vPoOr,PhG14,20,14,10613,34,0
BM_vOcci_vPoOr,SNpp56,20,14,10613,34,0
BM_vOcci_vPoOr,JO-B2,20,14,10613,34,0
BM_vOcci_vPoOr,JO-B1_c,20,14,10613,34,0
ORN_VC1,ORN_VL1,18,16,10613,34,0
ORN_VC1,LgLG4,18,16,10613,34,0
ORN_VC1,ORN_VM5d,18,16,10613,34,0
ORN_VC1,SNpp11,18,16,10613,34,0
ORN_VC1,ALBN1,18,16,10613,34,0
ORN_VC1,ENS5,18,16,10613,34,0
ORN_VC1,dorsal_tpGRN,18,16,10613,34,0
ORN_VC1,JO-CA2,18,16,10613,34,0
LB1a,ORN_D,11,23,10613,34,0
ORN_VL1,ORN_VM7d,16,18,10613,34,0
ORN_VL1,LgAG2,16,18,10613,34,0
ORN_VL1,DNx01,16,18,10613,34,0
ORN_VM4,SNpp58,12,22,10613,34,0
ORN_VM4,SNxx19,12,22,10613,34,0
ORN_VM4,SNxx21,12,22,10613,34,0
ORN_VM4,JO-B3,12,22,10613,34,0
ORN_DL2d,ORN_VA1d,19,15,10613,34,0
ORN_DL2d,SNpp57,19,15,10613,34,0
ORN_DL2d,LB1b,19,15,10613,34,0
ORN_DL2d,SNpp12,19,15,10613,34,0
ORN_DL2d,PhG8,19,15,10613,34,0
PhG6,SNpp02,10,24,10613,34,0
R8d,SApp13,3,31,10613,34,0
ORN_VM7d,LgLG4,18,16,10613,34,0
ORN_VM7d,ORN_VM5d,18,16,10613,34,0
ORN_VM7d,SNpp11,18,16,10613,34,0
ORN_VM7d,ENS5,18,16,10613,34,0
ORN_VM7d,dorsal_tpGRN,18,16,10613,34,0
ORN_VM7d,JO-CA2,18,16,10613,34,0
ORN_D,SNpp21,23,11,10613,34,0
ORN_D,ORN_VM7v,23,11,10613,34,0
ORN_D,ORN_DL1,23,11,10613,34,0
LB1e,ORN_VC5,20,14,10613,34,0
LB1e,PhG4,20,14,10613,34,0
LB1e,SNpp06,20,14,10613,34,0
LB1e,BM_MaPa,20,14,10613,34,0
LB1e,PhG14,20,14,10613,34,0
LB1e,SNpp56,20,14,10613,34,0
LB1e,JO-B2,20,14,10613,34,0
LB1e,JO-B1_c,20,14,10613,34,0
ORN_VA1d,JO-B1_a,15,19,10613,34,0
ORN_VA1d,SNta13,15,19,10613,34,0
SNpp57,JO-B1_a,15,19,10613,34,0
SNpp57,SNta13,15,19,10613,34,0
ENS1,SNpp58,12,22,10613,34,0
ENS1,SNxx19,12,22,10613,34,0
ENS1,SNxx21,12,22,10613,34,0
ENS1,JO-B3,12,22,10613,34,0
PhG13,SNpp58,12,22,10613,34,0
PhG13,SNxx19,12,22,10613,34,0
PhG13,SNxx21,12,22,10613,34,0
PhG13,JO-B3,12,22,10613,34,0
LgLG4,LgAG2,16,18,10613,34,0
LgLG4,DNx01,16,18,10613,34,0
LB1b,JO-B1_a,15,19,10613,34,0
LB1b,SNta13,15,19,10613,34,0
SNpp58,ORN_DC2,22,12,10613,34,0
SNpp58,SNpp37,22,12,10613,34,0
SNpp58,ORN_VC4,22,12,10613,34,0
SNpp58,b2 MN,22,12,10613,34,0
LgLG7,SNta33,7,27,10613,34,0
SNxx30,ORN_VC5,20,14,10613,34,0
SNxx30,PhG4,20,14,10613,34,0
SNxx30,SNpp06,20,14,10613,34,0
SNxx30,BM_MaPa,20,14,10613,34,0
SNxx30,PhG14,20,14,10613,34,0
SNxx30,SNpp56,20,14,10613,34,0
SNxx30,JO-B2,20,14,10613,34,0
SNxx30,JO-B1_c,20,14,10613,34,0
ORN_VM5d,LgAG2,16,18,10613,34,0
ORN_VM5d,DNx01,16,18,10613,34,0
LgAG2,SNpp11,18,16,10613,34,0
LgAG2,ALBN1,18,16,10613,34,0
LgAG2,ENS5,18,16,10613,34,0
LgAG2,dorsal_tpGRN,18,16,10613,34,0
LgAG2,JO-CA2,18,16,10613,34,0
SNxx19,ORN_DC2,22,12,10613,34,0
SNxx19,SNpp37,22,12,10613,34,0
SNxx19,ORN_VC4,22,12,10613,34,0
SNxx19,b2 MN,22,12,10613,34,0
ORN_DC2,SNxx21,12,22,10613,34,0
ORN_DC2,JO-B3,12,22,10613,34,0
JO-B1_a,SNpp12,19,15,10613,34,0
JO-B1_a,PhG8,19,15,10613,34,0
SNxx21,SNpp37,22,12,10613,34,0
SNxx21,ORN_VC4,22,12,10613,34,0
SNxx21,b2 MN,22,12,10613,34,0
SNpp05,SNxx28,17,17,10613,34,0
SNpp05,ORN_VM5v,17,17,10613,34,0
SNpp05,SNpp31,17,17,10613,34,0
SNpp05,SNpp17,17,17,10613,34,0
SNpp05,SNpp01,17,17,10613,34,0
LN-DN1,SNpp02,10,24,10613,34,0
ORN_DM4,SNpp02,10,24,10613,34,0
JO-B3,SNpp37,22,12,10613,34,0
JO-B3,ORN_VC4,22,12,10613,34,0
JO-B3,b2 MN,22,12,10613,34,0
SNpp02,ORN_DM6,24,10,10613,34,0
SNpp02,ORN_VA3,24,10,10613,34,0
SNxx28,ORN_VM5v,17,17,10613,34,0
SNxx28,SNpp31,17,17,10613,34,0
SNxx28,SNpp17,17,17,10613,34,0
SNxx28,SNpp01,17,17,10613,34,0
ORN_VM5v,SNpp31,17,17,10613,34,0
ORN_VM5v,SNpp17,17,17,10613,34,0
ORN_VM5v,SNpp01,17,17,10613,34,0
SNta13,SNpp12,19,15,10613,34,0
SNta13,PhG8,19,15,10613,34,0
"SNta04,SNta11",ORN_DA3,29,5,10613,34,0
SNpp11,DNx01,16,18,10613,34,0
SNpp31,SNpp17,17,17,10613,34,0
SNpp31,SNpp01,17,17,10613,34,0
ALBN1,DNx01,16,18,10613,34,0
ENS5,DNx01,16,18,10613,34,0
dorsal_tpGRN,DNx01,16,18,10613,34,0
ORN_DL3,SNta33,7,27,10613,34,0
SNta33,ORN_DM3,27,7,10613,34,0
DNx01,JO-CA2,18,16,10613,34,0
SNpp17,SNpp01,17,17,10613,34,0
SNxx08,R7d,20,13,10614,33,0
SNxx08,LgLG6,20,13,10614,33,0
SNxx08,ORN_DM2,20,13,10614,33,0
SNxx08,DNg20,20,13,10614,33,0
SNxx08,SNxx06,20,13,10614,33,0
SNxx08,SNpp15,20,13,10614,33,0
SNxx08,ORN_DA2,20,13,10614,33,0
SNxx08,PhG16,20,13,10614,33,0
SNxx08,SNpp18,20,13,10614,33,0
SNxx08,LgAG8,20,13,10614,33,0
R7_unclear,TRN_VP3a,15,18,10614,33,0
R7_unclear,TRN_VP2,15,18,10614,33,0
R7_unclear,aPhM2b,15,18,10614,33,0
R7_unclear,ORN_VC1,15,18,10614,33,0
R7_unclear,ORN_VM7d,15,18,10614,33,0
R7_unclear,LgAG2,15,18,10614,33,0
R7_unclear,DNx01,15,18,10614,33,0
TPMN2,LgLG7,26,7,10614,33,0
TPMN2,DNg83,26,7,10614,33,0
TPMN2,ORN_DL3,26,7,10614,33,0
TPMN2,ORN_DM3,26,7,10614,33,0
R7y,aPhM1,11,22,10614,33,0
R7y,BM_Vt_PoOc,11,22,10614,33,0
R7y,PhG9,11,22,10614,33,0
R7y,ORN_DC1,11,22,10614,33,0
R7y,SNpp62,11,22,10614,33,0
R7y,SNpp58,11,22,10614,33,0
R7y,SNxx19,11,22,10614,33,0
R7y,SNxx21,11,22,10614,33,0
R7y,JO-B3,11,22,10614,33,0
R7p,aPhM1,11,22,10614,33,0
R7p,BM_Vt_PoOc,11,22,10614,33,0
R7p,PhG9,11,22,10614,33,0
R7p,ORN_DC1,11,22,10614,33,0
R7p,SNpp62,11,22,10614,33,0
R7p,SNpp58,11,22,10614,33,0
R7p,SNxx19,11,22,10614,33,0
R7p,SNxx21,11,22,10614,33,0
R7p,JO-B3,11,22,10614,33,0
R7d,GNG644,13,20,10614,33,0
R7d,ORN_DL5,13,20,10614,33,0
R7d,WG2,13,20,10614,33,0
R7d,LgAG3,13,20,10614,33,0
R7d,PhG1b,13,20,10614,33,0
R7d,BM_vOcci_vPoOr,13,20,10614,33,0
R7d,LB1e,13,20,10614,33,0
R7d,SNxx30,13,20,10614,33,0
LgLG6,GNG644,13,20,10614,33,0
LgLG6,ORN_DL5,13,20,10614,33,0
LgLG6,WG2,13,20,10614,33,0
LgLG6,LgAG3,13,20,10614,33,0
LgLG6,PhG1b,13,20,10614,33,0
LgLG6,BM_vOcci_vPoOr,13,20,10614,33,0
LgLG6,LB1e,13,20,10614,33,0
LgLG6,SNxx30,13,20,10614,33,0
aPhM4,GNG654,19,14,10614,33,0
aPhM4,HRN_VP5,19,14,10614,33,0
aPhM4,LB4b,19,14,10614,33,0
aPhM4,SNxx24,19,14,10614,33,0
aPhM4,ORN_VC5,19,14,10614,33,0
aPhM4,PhG4,19,14,10614,33,0
aPhM4,SNpp06,19,14,10614,33,0
aPhM4,BM_MaPa,19,14,10614,33,0
aPhM4,PhG14,19,14,10614,33,0
aPhM4,SNpp56,19,14,10614,33,0
aPhM4,JO-B2,19,14,10614,33,0
aPhM4,JO-B1_c,19,14,10614,33,0
R8p,aPhM1,11,22,10614,33,0
R8p,BM_Vt_PoOc,11,22,10614,33,0
R8p,PhG9,11,22,10614,33,0
R8p,ORN_DC1,11,22,10614,33,0
R8p,SNpp62,11,22,10614,33,0
R8p,SNpp58,11,22,10614,33,0
R8p,SNxx19,11,22,10614,33,0
R8p,SNxx21,11,22,10614,33,0
R8p,JO-B3,11,22,10614,33,0
aPhM1,SNxx09,22,11,10614,33,0
aPhM1,LgLG2,22,11,10614,33,0
aPhM1,R8_unclear,22,11,10614,33,0
aPhM1,LB1a,22,11,10614,33,0
aPhM1,SNpp21,22,11,10614,33,0
aPhM1,ORN_VM7v,22,11,10614,33,0
aPhM1,ORN_DL1,22,11,10614,33,0
SNxx09,BM_Vt_PoOc,11,22,10614,33,0
SNxx09,PhG9,11,22,10614,33,0
SNxx09,ORN_DC1,11,22,10614,33,0
SNxx09,SNpp62,11,22,10614,33,0
SNxx09,SNpp58,11,22,10614,33,0
SNxx09,SNxx19,11,22,10614,33,0
SNxx09,SNxx21,11,22,10614,33,0
SNxx09,JO-B3,11,22,10614,33,0
LB3b,GNG642,17,16,10614,33,0
LB3b,ORN_V,17,16,10614,33,0
LB3b,PhG10,17,16,10614,33,0
LB3b,ORN_VL1,17,16,10614,33,0
LB3b,LgLG4,17,16,10614,33,0
LB3b,ORN_VM5d,17,16,10614,33,0
LB3b,SNpp11,17,16,10614,33,0
LB3b,ALBN1,17,16,10614,33,0
LB3b,ENS5,17,16,10614,33,0
LB3b,dorsal_tpGRN,17,16,10614,33,0
LB3b,JO-CA2,17,16,10614,33,0
BM_Vt_PoOc,LgLG2,22,11,10614,33,0
BM_Vt_PoOc,R8_unclear,22,11,10614,33,0
BM_Vt_PoOc,LB1a,22,11,10614,33,0
BM_Vt_PoOc,SNpp21,22,11,10614,33,0
BM_Vt_PoOc,ORN_VM7v,22,11,10614,33,0
BM_Vt_PoOc,ORN_DL1,22,11,10614,33,0
GNG644,ORN_DM2,20,13,10614,33,0
GNG644,DNg20,20,13,10614,33,0
GNG644,SNxx06,20,13,10614,33,0
GNG644,SNpp15,20,13,10614,33,0
GNG644,ORN_DA2,20,13,10614,33,0
GNG644,PhG16,20,13,10614,33,0
GNG644,SNpp18,20,13,10614,33,0
GNG644,LgAG8,20,13,10614,33,0
R8y,WG4,10,23,10614,33,0
R8y,ORN_D,10,23,10614,33,0
LgLG5,LB3c,8,25,10614,33,0
LgLG5,SNxx26,8,25,10614,33,0
LgLG5,ORN_VA2,8,25,10614,33,0
JO-A3,ENS3,21,12,10614,33,0
JO-A3,ORN_VM4,21,12,10614,33,0
JO-A3,ENS1,21,12,10614,33,0
JO-A3,PhG13,21,12,10614,33,0
JO-A3,ORN_DC2,21,12,10614,33,0
JO-A3,SNpp37,21,12,10614,33,0
JO-A3,ORN_VC4,21,12,10614,33,0
JO-A3,b2 MN,21,12,10614,33,0
SNpp23,R8d,30,3,10614,33,0
WG1,TRN_VP3a,15,18,10614,33,0
WG1,TRN_VP2,15,18,10614,33,0
WG1,aPhM2b,15,18,10614,33,0
WG1,ORN_VC1,15,18,10614,33,0
WG1,ORN_VM7d,15,18,10614,33,0
WG1,LgAG2,15,18,10614,33,0
WG1,DNx01,15,18,10614,33,0
SNta14,ORN_DA3,28,5,10614,33,0
LgLG2,PhG9,11,22,10614,33,0
LgLG2,ORN_DC1,11,22,10614,33,0
LgLG2,SNpp62,11,22,10614,33,0
LgLG2,SNpp58,11,22,10614,33,0
LgLG2,SNxx19,11,22,10614,33,0
LgLG2,SNxx21,11,22,10614,33,0
LgLG2,JO-B3,11,22,10614,33,0
TRN_VP3a,LgAG9,18,15,10614,33,0
TRN_VP3a,ORN_VA1d,18,15,10614,33,0
TRN_VP3a,SNpp57,18,15,10614,33,0
TRN_VP3a,LB1b,18,15,10614,33,0
TRN_VP3a,SNpp12,18,15,10614,33,0
TRN_VP3a,PhG8,18,15,10614,33,0
LgLG8,TRN_VP1m,9,24,10614,33,0
LgLG8,SNpp02,9,24,10614,33,0
LB3c,HBeyelet,25,8,10614,33,0
LB3c,PhG1a,25,8,10614,33,0
ORN_VM6v,ENS3,21,12,10614,33,0
ORN_VM6v,ORN_VM4,21,12,10614,33,0
ORN_VM6v,ENS1,21,12,10614,33,0
ORN_VM6v,PhG13,21,12,10614,33,0
ORN_VM6v,ORN_DC2,21,12,10614,33,0
ORN_VM6v,SNpp37,21,12,10614,33,0
ORN_VM6v,ORN_VC4,21,12,10614,33,0
ORN_VM6v,b2 MN,21,12,10614,33,0
ENS2,ORN_DA3,28,5,10614,33,0
ORN_DP1l,ORN_DA3,28,5,10614,33,0
LB3a,GNG654,19,14,10614,33,0
LB3a,HRN_VP5,19,14,10614,33,0
LB3a,LB4b,19,14,10614,33,0
LB3a,SNxx24,19,14,10614,33,0
LB3a,ORN_VC5,19,14,10614,33,0
LB3a,PhG4,19,14,10614,33,0
LB3a,SNpp06,19,14,10614,33,0
LB3a,BM_MaPa,19,14,10614,33,0
LB3a,PhG14,19,14,10614,33,0
LB3a,SNpp56,19,14,10614,33,0
LB3a,JO-B2,19,14,10614,33,0
LB3a,JO-B1_c,19,14,10614,33,0
TRN_VP1m,LB4a,24,9,10614,33,0
TRN_VP1m,PhG3,24,9,10614,33,0
TRN_VP1m,SApp21,24,9,10614,33,0
TRN_VP1m,LgAG6,24,9,10614,33,0
TRN_VP1m,tpn MN,24,9,10614,33,0
TRN_VP1m,JO-B4_a,24,9,10614,33,0
PhG9,R8_unclear,22,11,10614,33,0
PhG9,LB1a,22,11,10614,33,0
PhG9,SNpp21,22,11,10614,33,0
PhG9,ORN_VM7v,22,11,10614,33,0
PhG9,ORN_DL1,22,11,10614,33,0
R8_unclear,ORN_DC1,11,22,10614,33,0
R8_unclear,SNpp62,11,22,10614,33,0
R8_unclear,SNpp58,11,22,10614,33,0
R8_unclear,SNxx19,11,22,10614,33,0
R8_unclear,SNxx21,11,22,10614,33,0
R8_unclear,JO-B3,11,22,10614,33,0
WG4,HRN_VP1l,23,10,10614,33,0
WG4,PhG6,23,10,10614,33,0
WG4,LN-DN1,23,10,10614,33,0
WG4,ORN_DM4,23,10,10614,33,0
WG4,ORN_DM6,23,10,10614,33,0
WG4,ORN_VA3,23,10,10614,33,0
ORN_DM1,LgLG7,26,7,10614,33,0
ORN_DM1,DNg83,26,7,10614,33,0
ORN_DM1,ORN_DL3,26,7,10614,33,0
ORN_DM1,ORN_DM3,26,7,10614,33,0
ORN_DC1,LB1a,22,11,10614,33,0
ORN_DC1,SNpp21,22,11,10614,33,0
ORN_DC1,ORN_VM7v,22,11,10614,33,0
ORN_DC1,ORN_DL1,22,11,10614,33,0
GNG642,ORN_VA1v,16,17,10614,33,0
GNG642,JO-A1,16,17,10614,33,0
GNG642,SNpp05,16,17,10614,33,0
GNG642,SNxx28,16,17,10614,33,0
GNG642,ORN_VM5v,16,17,10614,33,0
GNG642,SNpp31,16,17,10614,33,0
GNG642,SNpp17,16,17,10614,33,0
GNG642,SNpp01,16,17,10614,33,0
ORN_DM2,ORN_DL5,13,20,10614,33,0
ORN_DM2,WG2,13,20,10614,33,0
ORN_DM2,LgAG3,13,20,10614,33,0
ORN_DM2,PhG1b,13,20,10614,33,0
ORN_DM2,BM_vOcci_vPoOr,13,20,10614,33,0
ORN_DM2,LB1e,13,20,10614,33,0
ORN_DM2,SNxx30,13,20,10614,33,0
GNG654,SNpp35,14,19,10614,33,0
GNG654,LgAG5,14,19,10614,33,0
GNG654,LgAG7,14,19,10614,33,0
GNG654,ORN_DL2d,14,19,10614,33,0
GNG654,JO-B1_a,14,19,10614,33,0
GNG654,SNta13,14,19,10614,33,0
TRN_VP2,LgAG9,18,15,10614,33,0
TRN_VP2,ORN_VA1d,18,15,10614,33,0
TRN_VP2,SNpp57,18,15,10614,33,0
TRN_VP2,LB1b,18,15,10614,33,0
TRN_VP2,SNpp12,18,15,10614,33,0
TRN_VP2,PhG8,18,15,10614,33,0
aPhM2b,LgAG9,18,15,10614,33,0
aPhM2b,ORN_VA1d,18,15,10614,33,0
aPhM2b,SNpp57,18,15,10614,33,0
aPhM2b,LB1b,18,15,10614,33,0
aPhM2b,SNpp12,18,15,10614,33,0
aPhM2b,PhG8,18,15,10614,33,0
JO-CL,R8d,30,3,10614,33,0
LgAG9,ORN_VC1,15,18,10614,33,0
LgAG9,ORN_VM7d,15,18,10614,33,0
LgAG9,LgAG2,15,18,10614,33,0
LgAG9,DNx01,15,18,10614,33,0
ORN_DL5,DNg20,20,13,10614,33,0
ORN_DL5,SNxx06,20,13,10614,33,0
ORN_DL5,SNpp15,20,13,10614,33,0
ORN_DL5,ORN_DA2,20,13,10614,33,0
ORN_DL5,PhG16,20,13,10614,33,0
ORN_DL5,SNpp18,20,13,10614,33,0
ORN_DL5,LgAG8,20,13,10614,33,0
ENS3,SNxx17,12,21,10614,33,0
ENS3,ORN_DL2v,12,21,10614,33,0
SNpp41,R8d,30,3,10614,33,0
SNpp35,HRN_VP5,19,14,10614,33,0
SNpp35,LB4b,19,14,10614,33,0
SNpp35,SNxx24,19,14,10614,33,0
SNpp35,ORN_VC5,19,14,10614,33,0
SNpp35,PhG4,19,14,10614,33,0
SNpp35,SNpp06,19,14,10614,33,0
SNpp35,BM_MaPa,19,14,10614,33,0
SNpp35,PhG14,19,14,10614,33,0
SNpp35,SNpp56,19,14,10614,33,0
SNpp35,JO-B2,19,14,10614,33,0
SNpp35,JO-B1_c,19,14,10614,33,0
WG2,DNg20,20,13,10614,33,0
WG2,SNxx06,20,13,10614,33,0
WG2,SNpp15,20,13,10614,33,0
WG2,ORN_DA2,20,13,10614,33,0
WG2,PhG16,20,13,10614,33,0
WG2,SNpp18,20,13,10614,33,0
WG2,LgAG8,20,13,10614,33,0
LgAG3,DNg20,20,13,10614,33,0
LgAG3,SNxx06,20,13,10614,33,0
LgAG3,SNpp15,20,13,10614,33,0
LgAG3,ORN_DA2,20,13,10614,33,0
LgAG3,PhG16,20,13,10614,33,0
LgAG3,SNpp18,20,13,10614,33,0
SNxx17,ORN_VM4,21,12,10614,33,0
SNxx17,ENS1,21,12,10614,33,0
SNxx17,PhG13,21,12,10614,33,0
SNxx17,ORN_DC2,21,12,10614,33,0
SNxx17,SNpp37,21,12,10614,33,0
SNxx17,ORN_VC4,21,12,10614,33,0
SNxx17,b2 MN,21,12,10614,33,0
ORN_V,ORN_VA1v,16,17,10614,33,0
ORN_V,JO-A1,16,17,10614,33,0
ORN_V,SNpp05,16,17,10614,33,0
ORN_V,SNxx28,16,17,10614,33,0
ORN_V,ORN_VM5v,16,17,10614,33,0
ORN_V,SNpp31,16,17,10614,33,0
ORN_V,SNpp17,16,17,10614,33,0
ORN_V,SNpp01,16,17,10614,33,0
ORN_VA1v,PhG10,17,16,10614,33,0
ORN_VA1v,ORN_VL1,17,16,10614,33,0
ORN_VA1v,LgLG4,17,16,10614,33,0
ORN_VA1v,ORN_VM5d,17,16,10614,33,0
ORN_VA1v,SNpp11,17,16,10614,33,0
ORN_VA1v,ALBN1,17,16,10614,33,0
ORN_VA1v,ENS5,17,16,10614,33,0
ORN_VA1v,dorsal_tpGRN,17,16,10614,33,0
ORN_VA1v,JO-CA2,17,16,10614,33,0
JO-A1,PhG10,17,16,10614,33,0
JO-A1,ORN_VL1,17,16,10614,33,0
JO-A1,LgLG4,17,16,10614,33,0
JO-A1,ORN_VM5d,17,16,10614,33,0
JO-A1,SNpp11,17,16,10614,33,0
JO-A1,ALBN1,17,16,10614,33,0
JO-A1,ENS5,17,16,10614,33,0
JO-A1,dorsal_tpGRN,17,16,10614,33,0
JO-A1,JO-CA2,17,16,10614,33,0
SNxx26,HBeyelet,25,8,10614,33,0
SNxx26,PhG1a,25,8,10614,33,0
ORN_VA2,HBeyelet,25,8,10614,33,0
ORN_VA2,PhG1a,25,8,10614,33,0
LgAG5,HRN_VP5,19,14,10614,33,0
LgAG5,LB4b,19,14,10614,33,0
LgAG5,SNxx24,19,14,10614,33,0
LgAG5,ORN_VC5,19,14,10614,33,0
LgAG5,PhG4,19,14,10614,33,0
LgAG5,SNpp06,19,14,10614,33,0
LgAG5,BM_MaPa,19,14,10614,33,0
LgAG5,PhG14,19,14,10614,33,0
LgAG5,SNpp56,19,14,10614,33,0
LgAG5,JO-B2,19,14,10614,33,0
LgAG5,JO-B1_c,19,14,10614,33,0
SNpp10,LgLG7,26,7,10614,33,0
SNpp10,DNg83,26,7,10614,33,0
SNpp10,ORN_DL3,26,7,10614,33,0
SNpp10,ORN_DM3,26,7,10614,33,0
PhG1b,DNg20,20,13,10614,33,0
PhG1b,SNxx06,20,13,10614,33,0
PhG1b,SNpp15,20,13,10614,33,0
PhG1b,ORN_DA2,20,13,10614,33,0
PhG1b,PhG16,20,13,10614,33,0
PhG1b,SNpp18,20,13,10614,33,0
PhG1b,LgAG8,20,13,10614,33,0
HRN_VP5,LgAG7,14,19,10614,33,0
HRN_VP5,ORN_DL2d,14,19,10614,33,0
HRN_VP5,JO-B1_a,14,19,10614,33,0
HRN_VP5,SNta13,14,19,10614,33,0
ORN_VA6,ORN_DA3,28,5,10614,33,0
SNpp62,LB1a,22,11,10614,33,0
SNpp62,SNpp21,22,11,10614,33,0
SNpp62,ORN_VM7v,22,11,10614,33,0
SNpp62,ORN_DL1,22,11,10614,33,0
PhG10,SNpp05,16,17,10614,33,0
PhG10,SNxx28,16,17,10614,33,0
PhG10,ORN_VM5v,16,17,10614,33,0
PhG10,SNpp31,16,17,10614,33,0
PhG10,SNpp17,16,17,10614,33,0
PhG10,SNpp01,16,17,10614,33,0
SApp01,LgLG7,26,7,10614,33,0
SApp01,DNg83,26,7,10614,33,0
SApp01,ORN_DL3,26,7,10614,33,0
SApp01,ORN_DM3,26,7,10614,33,0
LgAG7,LB4b,19,14,10614,33,0
LgAG7,SNxx24,19,14,10614,33,0
LgAG7,ORN_VC5,19,14,10614,33,0
LgAG7,SNpp06,19,14,10614,33,0
LgAG7,BM_MaPa,19,14,10614,33,0
LgAG7,PhG14,19,14,10614,33,0
LgAG7,SNpp56,19,14,10614,33,0
LgAG7,JO-B2,19,14,10614,33,0
LgAG7,JO-B1_c,19,14,10614,33,0
HRN_VP1l,ORN_D,10,23,10614,33,0
ORN_DL2v,ORN_VM4,21,12,10614,33,0
ORN_DL2v,ENS1,21,12,10614,33,0
ORN_DL2v,PhG13,21,12,10614,33,0
ORN_DL2v,ORN_DC2,21,12,10614,33,0
ORN_DL2v,SNpp37,21,12,10614,33,0
ORN_DL2v,ORN_VC4,21,12,10614,33,0
ORN_DL2v,b2 MN,21,12,10614,33,0
LB4b,ORN_DL2d,14,19,10614,33,0
LB4b,JO-B1_a,14,19,10614,33,0
LB4b,SNta13,14,19,10614,33,0
SNxx24,ORN_DL2d,14,19,10614,33,0
SNxx24,JO-B1_a,14,19,10614,33,0
SNxx24,SNta13,14,19,10614,33,0
BM_vOcci_vPoOr,SNxx06,20,13,10614,33,0
BM_vOcci_vPoOr,SNpp15,20,13,10614,33,0
BM_vOcci_vPoOr,ORN_DA2,20,13,10614,33,0
BM_vOcci_vPoOr,PhG16,20,13,10614,33,0
BM_vOcci_vPoOr,SNpp18,20,13,10614,33,0
BM_vOcci_vPoOr,LgAG8,20,13,10614,33,0
ORN_VC1,ORN_VA1d,18,15,10614,33,0
ORN_VC1,SNpp57,18,15,10614,33,0
ORN_VC1,LB1b,18,15,10614,33,0
ORN_VC1,SNpp12,18,15,10614,33,0
ORN_VC1,PhG8,18,15,10614,33,0
LB1a,SNpp58,11,22,10614,33,0
LB1a,SNxx19,11,22,10614,33,0
LB1a,SNxx21,11,22,10614,33,0
LB1a,JO-B3,11,22,10614,33,0
DNg20,LB1e,13,20,10614,33,0
DNg20,SNxx30,13,20,10614,33,0
ORN_VL1,SNpp05,16,17,10614,33,0
ORN_VL1,SNxx28,16,17,10614,33,0
ORN_VL1,ORN_VM5v,16,17,10614,33,0
ORN_VL1,SNpp31,16,17,10614,33,0
ORN_VL1,SNpp17,16,17,10614,33,0
ORN_VL1,SNpp01,16,17,10614,33,0
ORN_DL2d,ORN_VC5,19,14,10614,33,0
ORN_DL2d,PhG4,19,14,10614,33,0
ORN_DL2d,SNpp06,19,14,10614,33,0
ORN_DL2d,BM_MaPa,19,14,10614,33,0
ORN_DL2d,PhG14,19,14,10614,33,0
ORN_DL2d,SNpp56,19,14,10614,33,0
ORN_DL2d,JO-B2,19,14,10614,33,0
ORN_DL2d,JO-B1_c,19,14,10614,33,0
PhG6,ORN_D,10,23,10614,33,0
ORN_VM7d,ORN_VA1d,18,15,10614,33,0
ORN_VM7d,SNpp57,18,15,10614,33,0
ORN_VM7d,LB1b,18,15,10614,33,0
ORN_VM7d,SNpp12,18,15,10614,33,0
ORN_VM7d,PhG8,18,15,10614,33,0
ORN_D,LN-DN1,23,10,10614,33,0
ORN_D,ORN_DM4,23,10,10614,33,0
ORN_D,ORN_DM6,23,10,10614,33,0
ORN_D,ORN_VA3,23,10,10614,33,0
LB1e,SNxx06,20,13,10614,33,0
LB1e,SNpp15,20,13,10614,33,0
LB1e,ORN_DA2,20,13,10614,33,0
LB1e,PhG16,20,13,10614,33,0
LB1e,SNpp18,20,13,10614,33,0
LB1e,LgAG8,20,13,10614,33,0
ORN_VA1d,LgAG2,15,18,10614,33,0
ORN_VA1d,DNx01,15,18,10614,33,0
SNpp57,LgAG2,15,18,10614,33,0
SNpp57,DNx01,15,18,10614,33,0
ENS4,ORN_DA3,28,5,10614,33,0
LgLG4,SNpp05,16,17,10614,33,0
LgLG4,SNxx28,16,17,10614,33,0
LgLG4,ORN_VM5v,16,17,10614,33,0
LgLG4,SNpp31,16,17,10614,33,0
LgLG4,SNpp17,16,17,10614,33,0
LgLG4,SNpp01,16,17,10614,33,0
LB1b,LgAG2,15,18,10614,33,0
LB1b,DNx01,15,18,10614,33,0
SNpp58,SNpp21,22,11,10614,33,0
SNpp58,ORN_VM7v,22,11,10614,33,0
SNpp58,ORN_DL1,22,11,10614,33,0
SNxx30,SNxx06,20,13,10614,33,0
SNxx30,SNpp15,20,13,10614,33,0
SNxx30,ORN_DA2,20,13,10614,33,0
SNxx30,PhG16,20,13,10614,33,0
SNxx30,SNpp18,20,13,10614,33,0
SNxx30,LgAG8,20,13,10614,33,0
SNpp21,SNxx19,11,22,10614,33,0
SNpp21,SNxx21,11,22,10614,33,0
SNpp21,JO-B3,11,22,10614,33,0
ORN_VM7v,SNxx19,11,22,10614,33,0
ORN_VM7v,SNxx21,11,22,10614,33,0
ORN_VM7v,JO-B3,11,22,10614,33,0
ORN_VM5d,SNpp05,16,17,10614,33,0
ORN_VM5d,SNxx28,16,17,10614,33,0
ORN_VM5d,ORN_VM5v,16,17,10614,33,0
ORN_VM5d,SNpp31,16,17,10614,33,0
ORN_VM5d,SNpp17,16,17,10614,33,0
ORN_VM5d,SNpp01,16,17,10614,33,0
ORN_VC5,JO-B1_a,14,19,10614,33,0
ORN_VC5,SNta13,14,19,10614,33,0
PhG4,JO-B1_a,14,19,10614,33,0
PhG4,SNta13,14,19,10614,33,0
LgAG2,SNpp12,18,15,10614,33,0
LgAG2,PhG8,18,15,10614,33,0
SNxx19,ORN_DL1,22,11,10614,33,0
JO-B1_a,SNpp06,19,14,10614,33,0
JO-B1_a,BM_MaPa,19,14,10614,33,0
JO-B1_a,PhG14,19,14,10614,33,0
JO-B1_a,SNpp56,19,14,10614,33,0
JO-B1_a,JO-B2,19,14,10614,33,0
JO-B1_a,JO-B1_c,19,14,10614,33,0
SNxx21,ORN_DL1,22,11,10614,33,0
SNpp05,SNpp11,17,16,10614,33,0
SNpp05,ALBN1,17,16,10614,33,0
SNpp05,ENS5,17,16,10614,33,0
SNpp05,dorsal_tpGRN,17,16,10614,33,0
SNpp05,JO-CA2,17,16,10614,33,0
JO-B3,ORN_DL1,22,11,10614,33,0
SNpp02,LB4a,24,9,10614,33,0
SNpp02,PhG3,24,9,10614,33,0
SNpp02,SApp21,24,9,10614,33,0
SNpp02,LgAG6,24,9,10614,33,0
SNpp02,tpn MN,24,9,10614,33,0
SNpp02,JO-B4_a,24,9,10614,33,0
SNxx28,SNpp11,17,16,10614,33,0
SNxx28,ALBN1,17,16,10614,33,0
SNxx28,ENS5,17,16,10614,33,0
SNxx28,dorsal_tpGRN,17,16,10614,33,0
SNxx28,JO-CA2,17,16,10614,33,0
ORN_VM5v,SNpp11,17,16,10614,33,0
ORN_VM5v,ALBN1,17,16,10614,33,0
ORN_VM5v,ENS5,17,16,10614,33,0
ORN_VM5v,dorsal_tpGRN,17,16,10614,33,0
ORN_VM5v,JO-CA2,17,16,10614,33,0
BM_MaPa,SNta13,14,19,10614,33,0
PhG14,SNta13,14,19,10614,33,0
SNta13,SNpp56,19,14,10614,33,0
SNta13,JO-B2,19,14,10614,33,0
SNta13,JO-B1_c,19,14,10614,33,0
SNpp12,DNx01,15,18,10614,33,0
SNpp11,SNpp31,16,17,10614,33,0
SNpp11,SNpp17,16,17,10614,33,0
SNpp11,SNpp01,16,17,10614,33,0
SNpp31,ALBN1,17,16,10614,33,0
SNpp31,ENS5,17,16,10614,33,0
SNpp31,dorsal_tpGRN,17,16,10614,33,0
SNpp31,JO-CA2,17,16,10614,33,0
ALBN1,SNpp17,16,17,10614,33,0
ALBN1,SNpp01,16,17,10614,33,0
ENS5,SNpp17,16,17,10614,33,0
ENS5,SNpp01,16,17,10614,33,0
dorsal_tpGRN,SNpp17,16,17,10614,33,0
dorsal_tpGRN,SNpp01,16,17,10614,33,0
SNta26,ORN_DA3,28,5,10614,33,0
DNx01,PhG8,18,15,10614,33,0
SNpp17,JO-CA2,17,16,10614,33,0
SNpp01,JO-CA2,17,16,10614,33,0
SNxx08,ENS3,20,12,10615,32,0
SNxx08,ORN_VM4,20,12,10615,32,0
SNxx08,ENS1,20,12,10615,32,0
SNxx08,PhG13,20,12,10615,32,0
SNxx08,ORN_DC2,20,12,10615,32,0
SNxx08,SNpp37,20,12,10615,32,0
SNxx08,ORN_VC4,20,12,10615,32,0
SNxx08,b2 MN,20,12,10615,32,0
R7_unclear,LB3b,15,17,10615,32,0
R7_unclear,ORN_VA1v,15,17,10615,32,0
R7_unclear,JO-A1,15,17,10615,32,0
R7_unclear,SNpp05,15,17,10615,32,0
R7_unclear,SNxx28,15,17,10615,32,0
R7_unclear,ORN_VM5v,15,17,10615,32,0
R7_unclear,SNpp31,15,17,10615,32,0
R7_unclear,SNpp17,15,17,10615,32,0
R7_unclear,SNpp01,15,17,10615,32,0
aPhM5,R8d,29,3,10615,32,0
R7y,JO-A3,11,21,10615,32,0
R7y,ORN_VM6v,11,21,10615,32,0
R7y,SNxx17,11,21,10615,32,0
R7y,ORN_DL2v,11,21,10615,32,0
R7p,JO-A3,11,21,10615,32,0
R7p,ORN_VM6v,11,21,10615,32,0
R7p,SNxx17,11,21,10615,32,0
R7p,ORN_DL2v,11,21,10615,32,0
R7d,aPhM4,13,19,10615,32,0
R7d,LB3a,13,19,10615,32,0
R7d,SNpp35,13,19,10615,32,0
R7d,LgAG5,13,19,10615,32,0
R7d,LgAG7,13,19,10615,32,0
R7d,ORN_DL2d,13,19,10615,32,0
R7d,JO-B1_a,13,19,10615,32,0
R7d,SNta13,13,19,10615,32,0
LgLG6,aPhM4,13,19,10615,32,0
LgLG6,LB3a,13,19,10615,32,0
LgLG6,SNpp35,13,19,10615,32,0
LgLG6,LgAG5,13,19,10615,32,0
LgLG6,LgAG7,13,19,10615,32,0
LgLG6,ORN_DL2d,13,19,10615,32,0
LgLG6,JO-B1_a,13,19,10615,32,0
LgLG6,SNta13,13,19,10615,32,0
aPhM4,ORN_DM2,19,13,10615,32,0
aPhM4,DNg20,19,13,10615,32,0
aPhM4,SNxx06,19,13,10615,32,0
aPhM4,SNpp15,19,13,10615,32,0
aPhM4,ORN_DA2,19,13,10615,32,0
aPhM4,PhG16,19,13,10615,32,0
aPhM4,SNpp18,19,13,10615,32,0
aPhM4,LgAG8,19,13,10615,32,0
GNG643,ORN_DA3,27,5,10615,32,0
R8p,JO-A3,11,21,10615,32,0
R8p,ORN_VM6v,11,21,10615,32,0
R8p,SNxx17,11,21,10615,32,0
R8p,ORN_DL2v,11,21,10615,32,0
aPhM1,R8y,22,10,10615,32,0
aPhM1,HRN_VP1l,22,10,10615,32,0
aPhM1,PhG6,22,10,10615,32,0
aPhM1,LN-DN1,22,10,10615,32,0
aPhM1,ORN_DM4,22,10,10615,32,0
aPhM1,ORN_DM6,22,10,10615,32,0
aPhM1,ORN_VA3,22,10,10615,32,0
SNxx09,JO-A3,11,21,10615,32,0
SNxx09,ORN_VM6v,11,21,10615,32,0
SNxx09,SNxx17,11,21,10615,32,0
SNxx09,ORN_DL2v,11,21,10615,32,0
LB3b,WG1,17,15,10615,32,0
LB3b,LgAG9,17,15,10615,32,0
LB3b,ORN_VA1d,17,15,10615,32,0
LB3b,SNpp57,17,15,10615,32,0
LB3b,LB1b,17,15,10615,32,0
LB3b,SNpp12,17,15,10615,32,0
LB3b,PhG8,17,15,10615,32,0
BM_Vt_PoOc,R8y,22,10,10615,32,0
BM_Vt_PoOc,HRN_VP1l,22,10,10615,32,0
BM_Vt_PoOc,PhG6,22,10,10615,32,0
BM_Vt_PoOc,LN-DN1,22,10,10615,32,0
BM_Vt_PoOc,ORN_DM4,22,10,10615,32,0
BM_Vt_PoOc,ORN_DM6,22,10,10615,32,0
BM_Vt_PoOc,ORN_VA3,22,10,10615,32,0
GNG644,ENS3,20,12,10615,32,0
GNG644,ORN_VM4,20,12,10615,32,0
GNG644,ENS1,20,12,10615,32,0
GNG644,PhG13,20,12,10615,32,0
GNG644,ORN_DC2,20,12,10615,32,0
GNG644,SNpp37,20,12,10615,32,0
GNG644,ORN_VC4,20,12,10615,32,0
GNG644,b2 MN,20,12,10615,32,0
R8y,PhG9,10,22,10615,32,0
R8y,ORN_DC1,10,22,10615,32,0
R8y,SNpp62,10,22,10615,32,0
R8y,SNpp58,10,22,10615,32,0
R8y,SNxx19,10,22,10615,32,0
R8y,SNxx21,10,22,10615,32,0
R8y,JO-B3,10,22,10615,32,0
LgLG5,TRN_VP1m,8,24,10615,32,0
LgLG5,SNpp02,8,24,10615,32,0
JO-A3,LgLG2,21,11,10615,32,0
JO-A3,R8_unclear,21,11,10615,32,0
JO-A3,LB1a,21,11,10615,32,0
JO-A3,SNpp21,21,11,10615,32,0
JO-A3,ORN_VM7v,21,11,10615,32,0
JO-A3,ORN_DL1,21,11,10615,32,0
WG1,ORN_VA1v,15,17,10615,32,0
WG1,JO-A1,15,17,10615,32,0
WG1,SNpp05,15,17,10615,32,0
WG1,SNxx28,15,17,10615,32,0
WG1,ORN_VM5v,15,17,10615,32,0
WG1,SNpp31,15,17,10615,32,0
WG1,SNpp17,15,17,10615,32,0
WG1,SNpp01,15,17,10615,32,0
LgLG2,ORN_VM6v,11,21,10615,32,0
LgLG2,SNxx17,11,21,10615,32,0
LgLG2,ORN_DL2v,11,21,10615,32,0
TRN_VP3a,GNG654,18,14,10615,32,0
TRN_VP3a,HRN_VP5,18,14,10615,32,0
TRN_VP3a,LB4b,18,14,10615,32,0
TRN_VP3a,SNxx24,18,14,10615,32,0
TRN_VP3a,ORN_VC5,18,14,10615,32,0
TRN_VP3a,PhG4,18,14,10615,32,0
TRN_VP3a,SNpp06,18,14,10615,32,0
TRN_VP3a,BM_MaPa,18,14,10615,32,0
TRN_VP3a,PhG14,18,14,10615,32,0
TRN_VP3a,SNpp56,18,14,10615,32,0
TRN_VP3a,JO-B2,18,14,10615,32,0
TRN_VP3a,JO-B1_c,18,14,10615,32,0
LB3d,ORN_DA3,27,5,10615,32,0
SNxx02,ORN_DA3,27,5,10615,32,0
LgLG8,WG4,9,23,10615,32,0
LgLG8,ORN_D,9,23,10615,32,0
LB3c,LgLG7,25,7,10615,32,0
LB3c,DNg83,25,7,10615,32,0
LB3c,ORN_DL3,25,7,10615,32,0
LB3c,ORN_DM3,25,7,10615,32,0
ORN_VM6v,R8_unclear,21,11,10615,32,0
ORN_VM6v,LB1a,21,11,10615,32,0
ORN_VM6v,SNpp21,21,11,10615,32,0
ORN_VM6v,ORN_VM7v,21,11,10615,32,0
ORN_VM6v,ORN_DL1,21,11,10615,32,0
LB3a,ORN_DM2,19,13,10615,32,0
LB3a,DNg20,19,13,10615,32,0
LB3a,SNxx06,19,13,10615,32,0
LB3a,SNpp15,19,13,10615,32,0
LB3a,ORN_DA2,19,13,10615,32,0
LB3a,PhG16,19,13,10615,32,0
LB3a,SNpp18,19,13,10615,32,0
LB3a,LgAG8,19,13,10615,32,0
TRN_VP1m,HBeyelet,24,8,10615,32,0
TRN_VP1m,PhG1a,24,8,10615,32,0
PhG9,HRN_VP1l,22,10,10615,32,0
PhG9,PhG6,22,10,10615,32,0
PhG9,LN-DN1,22,10,10615,32,0
PhG9,ORN_DM4,22,10,10615,32,0
PhG9,ORN_DM6,22,10,10615,32,0
PhG9,ORN_VA3,22,10,10615,32,0
BM_Hau,ORN_DA3,27,5,10615,32,0
JO-B4_b,ORN_DA3,27,5,10615,32,0
R8_unclear,SNxx17,11,21,10615,32,0
R8_unclear,ORN_DL2v,11,21,10615,32,0
WG4,LB4a,23,9,10615,32,0
WG4,PhG3,23,9,10615,32,0
WG4,SApp21,23,9,10615,32,0
WG4,LgAG6,23,9,10615,32,0
WG4,tpn MN,23,9,10615,32,0
WG4,JO-B4_a,23,9,10615,32,0
ORN_DC1,HRN_VP1l,22,10,10615,32,0
ORN_DC1,PhG6,22,10,10615,32,0
ORN_DC1,LN-DN1,22,10,10615,32,0
ORN_DC1,ORN_DM4,22,10,10615,32,0
ORN_DC1,ORN_DM6,22,10,10615,32,0
ORN_DC1,ORN_VA3,22,10,10615,32,0
GNG642,ORN_V,16,16,10615,32,0
GNG642,PhG10,16,16,10615,32,0
GNG642,ORN_VL1,16,16,10615,32,0
GNG642,LgLG4,16,16,10615,32,0
GNG642,ORN_VM5d,16,16,10615,32,0
GNG642,SNpp11,16,16,10615,32,0
GNG642,ALBN1,16,16,10615,32,0
GNG642,ENS5,16,16,10615,32,0
GNG642,dorsal_tpGRN,16,16,10615,32,0
GNG642,JO-CA2,16,16,10615,32,0
SNxx11,R8d,29,3,10615,32,0
ORN_DC4,R8d,29,3,10615,32,0
ORN_DM2,SNpp35,13,19,10615,32,0
ORN_DM2,LgAG5,13,19,10615,32,0
ORN_DM2,LgAG7,13,19,10615,32,0
ORN_DM2,ORN_DL2d,13,19,10615,32,0
ORN_DM2,JO-B1_a,13,19,10615,32,0
ORN_DM2,SNta13,13,19,10615,32,0
SApp23,ORN_DA3,27,5,10615,32,0
GNG654,TRN_VP2,14,18,10615,32,0
GNG654,aPhM2b,14,18,10615,32,0
GNG654,ORN_VC1,14,18,10615,32,0
GNG654,ORN_VM7d,14,18,10615,32,0
GNG654,LgAG2,14,18,10615,32,0
GNG654,DNx01,14,18,10615,32,0
TRN_VP2,HRN_VP5,18,14,10615,32,0
TRN_VP2,LB4b,18,14,10615,32,0
TRN_VP2,SNxx24,18,14,10615,32,0
TRN_VP2,ORN_VC5,18,14,10615,32,0
TRN_VP2,PhG4,18,14,10615,32,0
TRN_VP2,SNpp06,18,14,10615,32,0
TRN_VP2,BM_MaPa,18,14,10615,32,0
TRN_VP2,PhG14,18,14,10615,32,0
TRN_VP2,SNpp56,18,14,10615,32,0
TRN_VP2,JO-B2,18,14,10615,32,0
TRN_VP2,JO-B1_c,18,14,10615,32,0
aPhM2b,HRN_VP5,18,14,10615,32,0
aPhM2b,LB4b,18,14,10615,32,0
aPhM2b,SNxx24,18,14,10615,32,0
aPhM2b,ORN_VC5,18,14,10615,32,0
aPhM2b,PhG4,18,14,10615,32,0
aPhM2b,SNpp06,18,14,10615,32,0
aPhM2b,BM_MaPa,18,14,10615,32,0
aPhM2b,PhG14,18,14,10615,32,0
aPhM2b,SNpp56,18,14,10615,32,0
aPhM2b,JO-B2,18,14,10615,32,0
aPhM2b,JO-B1_c,18,14,10615,32,0
LB1c,R8d,29,3,10615,32,0
LgAG9,ORN_VA1v,15,17,10615,32,0
LgAG9,JO-A1,15,17,10615,32,0
LgAG9,SNpp05,15,17,10615,32,0
LgAG9,SNxx28,15,17,10615,32,0
LgAG9,ORN_VM5v,15,17,10615,32,0
LgAG9,SNpp31,15,17,10615,32,0
LgAG9,SNpp17,15,17,10615,32,0
LgAG9,SNpp01,15,17,10615,32,0
ORN_VL2p,ORN_DA3,27,5,10615,32,0
ORN_DL5,ENS3,20,12,10615,32,0
ORN_DL5,ORN_VM4,20,12,10615,32,0
ORN_DL5,ENS1,20,12,10615,32,0
ORN_DL5,PhG13,20,12,10615,32,0
ORN_DL5,ORN_DC2,20,12,10615,32,0
ORN_DL5,SNpp37,20,12,10615,32,0
ORN_DL5,ORN_VC4,20,12,10615,32,0
ORN_DL5,b2 MN,20,12,10615,32,0
ENS3,WG2,12,20,10615,32,0
ENS3,LgAG3,12,20,10615,32,0
ENS3,PhG1b,12,20,10615,32,0
ENS3,BM_vOcci_vPoOr,12,20,10615,32,0
ENS3,LB1e,12,20,10615,32,0
ENS3,SNxx30,12,20,10615,32,0
SNpp35,DNg20,19,13,10615,32,0
SNpp35,SNxx06,19,13,10615,32,0
SNpp35,SNpp15,19,13,10615,32,0
SNpp35,ORN_DA2,19,13,10615,32,0
SNpp35,PhG16,19,13,10615,32,0
SNpp35,SNpp18,19,13,10615,32,0
SNpp35,LgAG8,19,13,10615,32,0
WG2,ORN_VM4,20,12,10615,32,0
WG2,ENS1,20,12,10615,32,0
WG2,PhG13,20,12,10615,32,0
WG2,ORN_DC2,20,12,10615,32,0
WG2,SNpp37,20,12,10615,32,0
WG2,ORN_VC4,20,12,10615,32,0
WG2,b2 MN,20,12,10615,32,0
LgAG3,ORN_VM4,20,12,10615,32,0
LgAG3,ENS1,20,12,10615,32,0
LgAG3,ORN_DC2,20,12,10615,32,0
LgAG3,SNpp37,20,12,10615,32,0
LgAG3,ORN_VC4,20,12,10615,32,0
LgAG3,b2 MN,20,12,10615,32,0
SNxx17,LB1a,21,11,10615,32,0
SNxx17,SNpp21,21,11,10615,32,0
SNxx17,ORN_VM7v,21,11,10615,32,0
SNxx17,ORN_DL1,21,11,10615,32,0
ORN_V,PhG10,16,16,10615,32,0
ORN_V,ORN_VL1,16,16,10615,32,0
ORN_V,LgLG4,16,16,10615,32,0
ORN_V,ORN_VM5d,16,16,10615,32,0
ORN_V,SNpp11,16,16,10615,32,0
ORN_V,ALBN1,16,16,10615,32,0
ORN_V,ENS5,16,16,10615,32,0
ORN_V,dorsal_tpGRN,16,16,10615,32,0
ORN_V,JO-CA2,16,16,10615,32,0
ORN_VA1v,ORN_VA1d,17,15,10615,32,0
ORN_VA1v,SNpp57,17,15,10615,32,0
ORN_VA1v,LB1b,17,15,10615,32,0
ORN_VA1v,SNpp12,17,15,10615,32,0
ORN_VA1v,PhG8,17,15,10615,32,0
JO-A1,ORN_VA1d,17,15,10615,32,0
JO-A1,SNpp57,17,15,10615,32,0
JO-A1,LB1b,17,15,10615,32,0
JO-A1,SNpp12,17,15,10615,32,0
JO-A1,PhG8,17,15,10615,32,0
SNxx26,LgLG7,25,7,10615,32,0
SNxx26,DNg83,25,7,10615,32,0
SNxx26,ORN_DL3,25,7,10615,32,0
SNxx26,ORN_DM3,25,7,10615,32,0
ORN_VA2,LgLG7,25,7,10615,32,0
ORN_VA2,DNg83,25,7,10615,32,0
ORN_VA2,ORN_DL3,25,7,10615,32,0
ORN_VA2,ORN_DM3,25,7,10615,32,0
LgAG5,DNg20,19,13,10615,32,0
LgAG5,SNxx06,19,13,10615,32,0
LgAG5,SNpp15,19,13,10615,32,0
LgAG5,ORN_DA2,19,13,10615,32,0
LgAG5,PhG16,19,13,10615,32,0
LgAG5,SNpp18,19,13,10615,32,0
LgAG5,LgAG8,19,13,10615,32,0
PhG1b,ORN_VM4,20,12,10615,32,0
PhG1b,ENS1,20,12,10615,32,0
PhG1b,PhG13,20,12,10615,32,0
PhG1b,ORN_DC2,20,12,10615,32,0
PhG1b,SNpp37,20,12,10615,32,0
PhG1b,ORN_VC4,20,12,10615,32,0
PhG1b,b2 MN,20,12,10615,32,0
HRN_VP5,ORN_VC1,14,18,10615,32,0
HRN_VP5,ORN_VM7d,14,18,10615,32,0
HRN_VP5,LgAG2,14,18,10615,32,0
HRN_VP5,DNx01,14,18,10615,32,0
SNpp62,HRN_VP1l,22,10,10615,32,0
SNpp62,PhG6,22,10,10615,32,0
SNpp62,LN-DN1,22,10,10615,32,0
SNpp62,ORN_DM4,22,10,10615,32,0
SNpp62,ORN_DM6,22,10,10615,32,0
SNpp62,ORN_VA3,22,10,10615,32,0
PhG10,ORN_VL1,16,16,10615,32,0
PhG10,LgLG4,16,16,10615,32,0
PhG10,ORN_VM5d,16,16,10615,32,0
PhG10,SNpp11,16,16,10615,32,0
PhG10,ALBN1,16,16,10615,32,0
PhG10,ENS5,16,16,10615,32,0
PhG10,dorsal_tpGRN,16,16,10615,32,0
PhG10,JO-CA2,16,16,10615,32,0
LgAG7,DNg20,19,13,10615,32,0
LgAG7,SNxx06,19,13,10615,32,0
LgAG7,SNpp15,19,13,10615,32,0
LgAG7,ORN_DA2,19,13,10615,32,0
LgAG7,PhG16,19,13,10615,32,0
LgAG7,SNpp18,19,13,10615,32,0
LgAG7,LgAG8,19,13,10615,32,0
HRN_VP1l,SNpp58,10,22,10615,32,0
HRN_VP1l,SNxx19,10,22,10615,32,0
HRN_VP1l,SNxx21,10,22,10615,32,0
HRN_VP1l,JO-B3,10,22,10615,32,0
ORN_DL2v,LB1a,21,11,10615,32,0
ORN_DL2v,SNpp21,21,11,10615,32,0
ORN_DL2v,ORN_VM7v,21,11,10615,32,0
ORN_DL2v,ORN_DL1,21,11,10615,32,0
LB4b,ORN_VC1,14,18,10615,32,0
LB4b,ORN_VM7d,14,18,10615,32,0
LB4b,LgAG2,14,18,10615,32,0
LB4b,DNx01,14,18,10615,32,0
SNxx24,ORN_VC1,14,18,10615,32,0
SNxx24,ORN_VM7d,14,18,10615,32,0
SNxx24,LgAG2,14,18,10615,32,0
SNxx24,DNx01,14,18,10615,32,0
"SNpp29,SNpp63",R8d,29,3,10615,32,0
BM_vOcci_vPoOr,ORN_VM4,20,12,10615,32,0
BM_vOcci_vPoOr,ENS1,20,12,10615,32,0
BM_vOcci_vPoOr,PhG13,20,12,10615,32,0
BM_vOcci_vPoOr,ORN_DC2,20,12,10615,32,0
BM_vOcci_vPoOr,SNpp37,20,12,10615,32,0
BM_vOcci_vPoOr,ORN_VC4,20,12,10615,32,0
BM_vOcci_vPoOr,b2 MN,20,12,10615,32,0
ORN_VC1,ORN_VC5,18,14,10615,32,0
ORN_VC1,PhG4,18,14,10615,32,0
ORN_VC1,SNpp06,18,14,10615,32,0
ORN_VC1,BM_MaPa,18,14,10615,32,0
ORN_VC1,PhG14,18,14,10615,32,0
ORN_VC1,SNpp56,18,14,10615,32,0
ORN_VC1,JO-B2,18,14,10615,32,0
ORN_VC1,JO-B1_c,18,14,10615,32,0
DNg20,ORN_DL2d,13,19,10615,32,0
DNg20,JO-B1_a,13,19,10615,32,0
DNg20,SNta13,13,19,10615,32,0
ORN_VL1,LgLG4,16,16,10615,32,0
ORN_VL1,ORN_VM5d,16,16,10615,32,0
ORN_VL1,SNpp11,16,16,10615,32,0
ORN_VL1,ALBN1,16,16,10615,32,0
ORN_VL1,ENS5,16,16,10615,32,0
ORN_VL1,dorsal_tpGRN,16,16,10615,32,0
ORN_VL1,JO-CA2,16,16,10615,32,0
ORN_VM4,LB1e,12,20,10615,32,0
ORN_VM4,SNxx30,12,20,10615,32,0
ORN_DL2d,SNxx06,19,13,10615,32,0
ORN_DL2d,SNpp15,19,13,10615,32,0
ORN_DL2d,ORN_DA2,19,13,10615,32,0
ORN_DL2d,PhG16,19,13,10615,32,0
ORN_DL2d,SNpp18,19,13,10615,32,0
ORN_DL2d,LgAG8,19,13,10615,32,0
PhG6,SNpp58,10,22,10615,32,0
PhG6,SNxx19,10,22,10615,32,0
PhG6,SNxx21,10,22,10615,32,0
PhG6,JO-B3,10,22,10615,32,0
R8d,"SNta04,SNta11",3,29,10615,32,0
ORN_VM7d,ORN_VC5,18,14,10615,32,0
ORN_VM7d,PhG4,18,14,10615,32,0
ORN_VM7d,SNpp06,18,14,10615,32,0
ORN_VM7d,BM_MaPa,18,14,10615,32,0
ORN_VM7d,PhG14,18,14,10615,32,0
ORN_VM7d,SNpp56,18,14,10615,32,0
ORN_VM7d,JO-B2,18,14,10615,32,0
ORN_VM7d,JO-B1_c,18,14,10615,32,0
ORN_D,LB4a,23,9,10615,32,0
ORN_D,PhG3,23,9,10615,32,0
ORN_D,SApp21,23,9,10615,32,0
ORN_D,LgAG6,23,9,10615,32,0
ORN_D,tpn MN,23,9,10615,32,0
ORN_D,JO-B4_a,23,9,10615,32,0
LB1e,ENS1,20,12,10615,32,0
LB1e,PhG13,20,12,10615,32,0
LB1e,ORN_DC2,20,12,10615,32,0
LB1e,SNpp37,20,12,10615,32,0
LB1e,ORN_VC4,20,12,10615,32,0
LB1e,b2 MN,20,12,10615,32,0
ORN_VA1d,SNpp05,15,17,10615,32,0
ORN_VA1d,SNxx28,15,17,10615,32,0
ORN_VA1d,ORN_VM5v,15,17,10615,32,0
ORN_VA1d,SNpp31,15,17,10615,32,0
ORN_VA1d,SNpp17,15,17,10615,32,0
ORN_VA1d,SNpp01,15,17,10615,32,0
SNpp57,SNpp05,15,17,10615,32,0
SNpp57,SNxx28,15,17,10615,32,0
SNpp57,ORN_VM5v,15,17,10615,32,0
SNpp57,SNpp31,15,17,10615,32,0
SNpp57,SNpp17,15,17,10615,32,0
SNpp57,SNpp01,15,17,10615,32,0
ENS1,SNxx30,12,20,10615,32,0
PhG13,SNxx30,12,20,10615,32,0
LgLG4,ORN_VM5d,16,16,10615,32,0
LgLG4,SNpp11,16,16,10615,32,0
LgLG4,ALBN1,16,16,10615,32,0
LgLG4,ENS5,16,16,10615,32,0
LgLG4,dorsal_tpGRN,16,16,10615,32,0
LgLG4,JO-CA2,16,16,10615,32,0
HBeyelet,SNpp02,8,24,10615,32,0
LB1b,SNpp05,15,17,10615,32,0
LB1b,SNxx28,15,17,10615,32,0
LB1b,ORN_VM5v,15,17,10615,32,0
LB1b,SNpp31,15,17,10615,32,0
LB1b,SNpp17,15,17,10615,32,0
LB1b,SNpp01,15,17,10615,32,0
SNpp58,LN-DN1,22,10,10615,32,0
SNpp58,ORN_DM4,22,10,10615,32,0
SNpp58,ORN_DM6,22,10,10615,32,0
SNpp58,ORN_VA3,22,10,10615,32,0
SNxx30,ORN_DC2,20,12,10615,32,0
SNxx30,SNpp37,20,12,10615,32,0
SNxx30,ORN_VC4,20,12,10615,32,0
SNxx30,b2 MN,20,12,10615,32,0
ORN_VM5d,SNpp11,16,16,10615,32,0
ORN_VM5d,ALBN1,16,16,10615,32,0
ORN_VM5d,ENS5,16,16,10615,32,0
ORN_VM5d,dorsal_tpGRN,16,16,10615,32,0
ORN_VM5d,JO-CA2,16,16,10615,32,0
ORN_VC5,LgAG2,14,18,10615,32,0
ORN_VC5,DNx01,14,18,10615,32,0
PhG4,LgAG2,14,18,10615,32,0
PhG4,DNx01,14,18,10615,32,0
LgAG2,SNpp06,18,14,10615,32,0
LgAG2,BM_MaPa,18,14,10615,32,0
LgAG2,PhG14,18,14,10615,32,0
LgAG2,SNpp56,18,14,10615,32,0
LgAG2,JO-B2,18,14,10615,32,0
LgAG2,JO-B1_c,18,14,10615,32,0
SNxx19,LN-DN1,22,10,10615,32,0
SNxx19,ORN_DM4,22,10,10615,32,0
SNxx19,ORN_DM6,22,10,10615,32,0
SNxx19,ORN_VA3,22,10,10615,32,0
SNxx06,JO-B1_a,13,19,10615,32,0
SNxx06,SNta13,13,19,10615,32,0
JO-B1_a,SNpp15,19,13,10615,32,0
JO-B1_a,ORN_DA2,19,13,10615,32,0
JO-B1_a,PhG16,19,13,10615,32,0
JO-B1_a,SNpp18,19,13,10615,32,0
JO-B1_a,LgAG8,19,13,10615,32,0
SNxx21,LN-DN1,22,10,10615,32,0
SNxx21,ORN_DM4,22,10,10615,32,0
SNxx21,ORN_DM6,22,10,10615,32,0
SNxx21,ORN_VA3,22,10,10615,32,0
SNpp06,DNx01,14,18,10615,32,0
SNpp05,SNpp12,17,15,10615,32,0
SNpp05,PhG8,17,15,10615,32,0
LN-DN1,JO-B3,10,22,10615,32,0
ORN_DM4,JO-B3,10,22,10615,32,0
SNpp15,SNta13,13,19,10615,32,0
ORN_DA2,SNta13,13,19,10615,32,0
JO-B3,ORN_DM6,22,10,10615,32,0
JO-B3,ORN_VA3,22,10,10615,32,0
SNpp02,PhG1a,24,8,10615,32,0
SNxx28,SNpp12,17,15,10615,32,0
SNxx28,PhG8,17,15,10615,32,0
ORN_VM5v,SNpp12,17,15,10615,32,0
ORN_VM5v,PhG8,17,15,10615,32,0
BM_MaPa,DNx01,14,18,10615,32,0
PhG14,DNx01,14,18,10615,32,0
SNta13,PhG16,19,13,10615,32,0
SNta13,SNpp18,19,13,10615,32,0
SNta13,LgAG8,19,13,10615,32,0
SNpp12,SNpp31,15,17,10615,32,0
SNpp12,SNpp17,15,17,10615,32,0
SNpp12,SNpp01,15,17,10615,32,0
SNpp11,ALBN1,16,16,10615,32,0
SNpp11,ENS5,16,16,10615,32,0
SNpp11,dorsal_tpGRN,16,16,10615,32,0
SNpp11,JO-CA2,16,16,10615,32,0
SNpp56,DNx01,14,18,10615,32,0
SNpp31,PhG8,17,15,10615,32,0
ALBN1,ENS5,16,16,10615,32,0
ALBN1,dorsal_tpGRN,16,16,10615,32,0
ALBN1,JO-CA2,16,16,10615,32,0
ENS5,dorsal_tpGRN,16,16,10615,32,0
ENS5,JO-CA2,16,16,10615,32,0
dorsal_tpGRN,JO-CA2,16,16,10615,32,0
JO-B2,DNx01,14,18,10615,32,0
SNta33,ORN_DA3,27,5,10615,32,0
DNx01,JO-B1_c,18,14,10615,32,0
SNpp17,PhG8,17,15,10615,32,0
SNpp01,PhG8,17,15,10615,32,0
SNxx08,R7y,20,11,10616,31,0
SNxx08,R7p,20,11,10616,31,0
SNxx08,R8p,20,11,10616,31,0
SNxx08,SNxx09,20,11,10616,31,0
SNxx08,LgLG2,20,11,10616,31,0
SNxx08,R8_unclear,20,11,10616,31,0
SNxx08,LB1a,20,11,10616,31,0
SNxx08,SNpp21,20,11,10616,31,0
SNxx08,ORN_VM7v,20,11,10616,31,0
SNxx08,ORN_DL1,20,11,10616,31,0
R7_unclear,GNG642,15,16,10616,31,0
R7_unclear,ORN_V,15,16,10616,31,0
R7_unclear,PhG10,15,16,10616,31,0
R7_unclear,ORN_VL1,15,16,10616,31,0
R7_unclear,LgLG4,15,16,10616,31,0
R7_unclear,ORN_VM5d,15,16,10616,31,0
R7_unclear,SNpp11,15,16,10616,31,0
R7_unclear,ALBN1,15,16,10616,31,0
R7_unclear,ENS5,15,16,10616,31,0
R7_unclear,dorsal_tpGRN,15,16,10616,31,0
R7_unclear,JO-CA2,15,16,10616,31,0
TPMN2,ORN_DA3,26,5,10616,31,0
R7y,GNG644,11,20,10616,31,0
R7y,ORN_DL5,11,20,10616,31,0
R7y,WG2,11,20,10616,31,0
R7y,LgAG3,11,20,10616,31,0
R7y,PhG1b,11,20,10616,31,0
R7y,BM_vOcci_vPoOr,11,20,10616,31,0
R7y,LB1e,11,20,10616,31,0
R7y,SNxx30,11,20,10616,31,0
R7p,GNG644,11,20,10616,31,0
R7p,ORN_DL5,11,20,10616,31,0
R7p,WG2,11,20,10616,31,0
R7p,LgAG3,11,20,10616,31,0
R7p,PhG1b,11,20,10616,31,0
R7p,BM_vOcci_vPoOr,11,20,10616,31,0
R7p,LB1e,11,20,10616,31,0
R7p,SNxx30,11,20,10616,31,0
R7d,TRN_VP3a,13,18,10616,31,0
R7d,TRN_VP2,13,18,10616,31,0
R7d,aPhM2b,13,18,10616,31,0
R7d,ORN_VC1,13,18,10616,31,0
R7d,ORN_VM7d,13,18,10616,31,0
R7d,LgAG2,13,18,10616,31,0
R7d,DNx01,13,18,10616,31,0
LgLG6,TRN_VP3a,13,18,10616,31,0
LgLG6,TRN_VP2,13,18,10616,31,0
LgLG6,aPhM2b,13,18,10616,31,0
LgLG6,ORN_VC1,13,18,10616,31,0
LgLG6,ORN_VM7d,13,18,10616,31,0
LgLG6,LgAG2,13,18,10616,31,0
LgLG6,DNx01,13,18,10616,31,0
aPhM4,ENS3,19,12,10616,31,0
aPhM4,ORN_VM4,19,12,10616,31,0
aPhM4,ENS1,19,12,10616,31,0
aPhM4,PhG13,19,12,10616,31,0
aPhM4,ORN_DC2,19,12,10616,31,0
aPhM4,SNpp37,19,12,10616,31,0
aPhM4,ORN_VC4,19,12,10616,31,0
aPhM4,b2 MN,19,12,10616,31,0
R8p,GNG644,11,20,10616,31,0
R8p,ORN_DL5,11,20,10616,31,0
R8p,WG2,11,20,10616,31,0
R8p,LgAG3,11,20,10616,31,0
R8p,PhG1b,11,20,10616,31,0
R8p,BM_vOcci_vPoOr,11,20,10616,31,0
R8p,LB1e,11,20,10616,31,0
R8p,SNxx30,11,20,10616,31,0
aPhM1,LgLG8,22,9,10616,31,0
aPhM1,LB4a,22,9,10616,31,0
aPhM1,PhG3,22,9,10616,31,0
aPhM1,SApp21,22,9,10616,31,0
aPhM1,LgAG6,22,9,10616,31,0
aPhM1,tpn MN,22,9,10616,31,0
aPhM1,JO-B4_a,22,9,10616,31,0
SNxx09,GNG644,11,20,10616,31,0
SNxx09,ORN_DL5,11,20,10616,31,0
SNxx09,WG2,11,20,10616,31,0
SNxx09,LgAG3,11,20,10616,31,0
SNxx09,PhG1b,11,20,10616,31,0
SNxx09,BM_vOcci_vPoOr,11,20,10616,31,0
SNxx09,LB1e,11,20,10616,31,0
SNxx09,SNxx30,11,20,10616,31,0
LB3b,GNG654,17,14,10616,31,0
LB3b,HRN_VP5,17,14,10616,31,0
LB3b,LB4b,17,14,10616,31,0
LB3b,SNxx24,17,14,10616,31,0
LB3b,ORN_VC5,17,14,10616,31,0
LB3b,PhG4,17,14,10616,31,0
LB3b,SNpp06,17,14,10616,31,0
LB3b,BM_MaPa,17,14,10616,31,0
LB3b,PhG14,17,14,10616,31,0
LB3b,SNpp56,17,14,10616,31,0
LB3b,JO-B2,17,14,10616,31,0
LB3b,JO-B1_c,17,14,10616,31,0
BM_Vt_PoOc,LgLG8,22,9,10616,31,0
BM_Vt_PoOc,LB4a,22,9,10616,31,0
BM_Vt_PoOc,PhG3,22,9,10616,31,0
BM_Vt_PoOc,SApp21,22,9,10616,31,0
BM_Vt_PoOc,LgAG6,22,9,10616,31,0
BM_Vt_PoOc,tpn MN,22,9,10616,31,0
BM_Vt_PoOc,JO-B4_a,22,9,10616,31,0
GNG644,LgLG2,20,11,10616,31,0
GNG644,R8_unclear,20,11,10616,31,0
GNG644,LB1a,20,11,10616,31,0
GNG644,SNpp21,20,11,10616,31,0
GNG644,ORN_VM7v,20,11,10616,31,0
GNG644,ORN_DL1,20,11,10616,31,0
R8y,JO-A3,10,21,10616,31,0
R8y,ORN_VM6v,10,21,10616,31,0
R8y,SNxx17,10,21,10616,31,0
R8y,ORN_DL2v,10,21,10616,31,0
LgLG5,WG4,8,23,10616,31,0
LgLG5,ORN_D,8,23,10616,31,0
JO-A3,HRN_VP1l,21,10,10616,31,0
JO-A3,PhG6,21,10,10616,31,0
JO-A3,LN-DN1,21,10,10616,31,0
JO-A3,ORN_DM4,21,10,10616,31,0
JO-A3,ORN_DM6,21,10,10616,31,0
JO-A3,ORN_VA3,21,10,10616,31,0
WG1,GNG642,15,16,10616,31,0
WG1,ORN_V,15,16,10616,31,0
WG1,PhG10,15,16,10616,31,0
WG1,ORN_VL1,15,16,10616,31,0
WG1,LgLG4,15,16,10616,31,0
WG1,ORN_VM5d,15,16,10616,31,0
WG1,SNpp11,15,16,10616,31,0
WG1,ALBN1,15,16,10616,31,0
WG1,ENS5,15,16,10616,31,0
WG1,dorsal_tpGRN,15,16,10616,31,0
WG1,JO-CA2,15,16,10616,31,0
SNta14,R8d,28,3,10616,31,0
LgLG2,ORN_DL5,11,20,10616,31,0
LgLG2,WG2,11,20,10616,31,0
LgLG2,LgAG3,11,20,10616,31,0
LgLG2,PhG1b,11,20,10616,31,0
LgLG2,BM_vOcci_vPoOr,11,20,10616,31,0
LgLG2,LB1e,11,20,10616,31,0
LgLG2,SNxx30,11,20,10616,31,0
TRN_VP3a,ORN_DM2,18,13,10616,31,0
TRN_VP3a,DNg20,18,13,10616,31,0
TRN_VP3a,SNxx06,18,13,10616,31,0
TRN_VP3a,SNpp15,18,13,10616,31,0
TRN_VP3a,ORN_DA2,18,13,10616,31,0
TRN_VP3a,PhG16,18,13,10616,31,0
TRN_VP3a,SNpp18,18,13,10616,31,0
TRN_VP3a,LgAG8,18,13,10616,31,0
LgLG8,PhG9,9,22,10616,31,0
LgLG8,ORN_DC1,9,22,10616,31,0
LgLG8,SNpp62,9,22,10616,31,0
LgLG8,SNpp58,9,22,10616,31,0
LgLG8,SNxx19,9,22,10616,31,0
LgLG8,SNxx21,9,22,10616,31,0
LgLG8,JO-B3,9,22,10616,31,0
ORN_VM6v,HRN_VP1l,21,10,10616,31,0
ORN_VM6v,PhG6,21,10,10616,31,0
ORN_VM6v,LN-DN1,21,10,10616,31,0
ORN_VM6v,ORN_DM4,21,10,10616,31,0
ORN_VM6v,ORN_DM6,21,10,10616,31,0
ORN_VM6v,ORN_VA3,21,10,10616,31,0
ENS2,R8d,28,3,10616,31,0
ORN_DP1l,R8d,28,3,10616,31,0
LB3a,ENS3,19,12,10616,31,0
LB3a,ORN_VM4,19,12,10616,31,0
LB3a,ENS1,19,12,10616,31,0
LB3a,PhG13,19,12,10616,31,0
LB3a,ORN_DC2,19,12,10616,31,0
LB3a,SNpp37,19,12,10616,31,0
LB3a,ORN_VC4,19,12,10616,31,0
LB3a,b2 MN,19,12,10616,31,0
TRN_VP1m,LgLG7,24,7,10616,31,0
TRN_VP1m,DNg83,24,7,10616,31,0
TRN_VP1m,ORN_DL3,24,7,10616,31,0
TRN_VP1m,ORN_DM3,24,7,10616,31,0
PhG9,LB4a,22,9,10616,31,0
PhG9,PhG3,22,9,10616,31,0
PhG9,SApp21,22,9,10616,31,0
PhG9,LgAG6,22,9,10616,31,0
PhG9,tpn MN,22,9,10616,31,0
PhG9,JO-B4_a,22,9,10616,31,0
R8_unclear,ORN_DL5,11,20,10616,31,0
R8_unclear,WG2,11,20,10616,31,0
R8_unclear,LgAG3,11,20,10616,31,0
R8_unclear,PhG1b,11,20,10616,31,0
R8_unclear,BM_vOcci_vPoOr,11,20,10616,31,0
R8_unclear,LB1e,11,20,10616,31,0
R8_unclear,SNxx30,11,20,10616,31,0
WG4,HBeyelet,23,8,10616,31,0
WG4,PhG1a,23,8,10616,31,0
ORN_DM1,ORN_DA3,26,5,10616,31,0
ORN_DC1,LB4a,22,9,10616,31,0
ORN_DC1,PhG3,22,9,10616,31,0
ORN_DC1,SApp21,22,9,10616,31,0
ORN_DC1,LgAG6,22,9,10616,31,0
ORN_DC1,tpn MN,22,9,10616,31,0
ORN_DC1,JO-B4_a,22,9,10616,31,0
GNG642,LgAG9,16,15,10616,31,0
GNG642,ORN_VA1d,16,15,10616,31,0
GNG642,SNpp57,16,15,10616,31,0
GNG642,LB1b,16,15,10616,31,0
GNG642,SNpp12,16,15,10616,31,0
GNG642,PhG8,16,15,10616,31,0
ORN_DM2,TRN_VP2,13,18,10616,31,0
ORN_DM2,aPhM2b,13,18,10616,31,0
ORN_DM2,ORN_VC1,13,18,10616,31,0
ORN_DM2,ORN_VM7d,13,18,10616,31,0
ORN_DM2,LgAG2,13,18,10616,31,0
ORN_DM2,DNx01,13,18,10616,31,0
GNG654,ORN_VA1v,14,17,10616,31,0
GNG654,JO-A1,14,17,10616,31,0
GNG654,SNpp05,14,17,10616,31,0
GNG654,SNxx28,14,17,10616,31,0
GNG654,ORN_VM5v,14,17,10616,31,0
GNG654,SNpp31,14,17,10616,31,0
GNG654,SNpp17,14,17,10616,31,0
GNG654,SNpp01,14,17,10616,31,0
TRN_VP2,DNg20,18,13,10616,31,0
TRN_VP2,SNxx06,18,13,10616,31,0
TRN_VP2,SNpp15,18,13,10616,31,0
TRN_VP2,ORN_DA2,18,13,10616,31,0
TRN_VP2,PhG16,18,13,10616,31,0
TRN_VP2,SNpp18,18,13,10616,31,0
TRN_VP2,LgAG8,18,13,10616,31,0
aPhM2b,DNg20,18,13,10616,31,0
aPhM2b,SNxx06,18,13,10616,31,0
aPhM2b,SNpp15,18,13,10616,31,0
aPhM2b,ORN_DA2,18,13,10616,31,0
aPhM2b,PhG16,18,13,10616,31,0
aPhM2b,SNpp18,18,13,10616,31,0
aPhM2b,LgAG8,18,13,10616,31,0
LgAG9,ORN_V,15,16,10616,31,0
LgAG9,ORN_VL1,15,16,10616,31,0
LgAG9,LgLG4,15,16,10616,31,0
LgAG9,ORN_VM5d,15,16,10616,31,0
LgAG9,SNpp11,15,16,10616,31,0
LgAG9,ALBN1,15,16,10616,31,0
LgAG9,ENS5,15,16,10616,31,0
LgAG9,dorsal_tpGRN,15,16,10616,31,0
LgAG9,JO-CA2,15,16,10616,31,0
ORN_DL5,LB1a,20,11,10616,31,0
ORN_DL5,SNpp21,20,11,10616,31,0
ORN_DL5,ORN_VM7v,20,11,10616,31,0
ORN_DL5,ORN_DL1,20,11,10616,31,0
ENS3,SNpp35,12,19,10616,31,0
ENS3,LgAG5,12,19,10616,31,0
ENS3,LgAG7,12,19,10616,31,0
ENS3,ORN_DL2d,12,19,10616,31,0
ENS3,JO-B1_a,12,19,10616,31,0
ENS3,SNta13,12,19,10616,31,0
SNpp35,ORN_VM4,19,12,10616,31,0
SNpp35,ENS1,19,12,10616,31,0
SNpp35,PhG13,19,12,10616,31,0
SNpp35,ORN_DC2,19,12,10616,31,0
SNpp35,SNpp37,19,12,10616,31,0
SNpp35,ORN_VC4,19,12,10616,31,0
SNpp35,b2 MN,19,12,10616,31,0
WG2,LB1a,20,11,10616,31,0
WG2,SNpp21,20,11,10616,31,0
WG2,ORN_VM7v,20,11,10616,31,0
WG2,ORN_DL1,20,11,10616,31,0
LgAG3,LB1a,20,11,10616,31,0
LgAG3,SNpp21,20,11,10616,31,0
LgAG3,ORN_VM7v,20,11,10616,31,0
LgAG3,ORN_DL1,20,11,10616,31,0
SNxx17,HRN_VP1l,21,10,10616,31,0
SNxx17,PhG6,21,10,10616,31,0
SNxx17,LN-DN1,21,10,10616,31,0
SNxx17,ORN_DM4,21,10,10616,31,0
SNxx17,ORN_DM6,21,10,10616,31,0
SNxx17,ORN_VA3,21,10,10616,31,0
ORN_V,ORN_VA1d,16,15,10616,31,0
ORN_V,SNpp57,16,15,10616,31,0
ORN_V,LB1b,16,15,10616,31,0
ORN_V,SNpp12,16,15,10616,31,0
ORN_V,PhG8,16,15,10616,31,0
ORN_VA1v,HRN_VP5,17,14,10616,31,0
ORN_VA1v,LB4b,17,14,10616,31,0
ORN_VA1v,SNxx24,17,14,10616,31,0
ORN_VA1v,ORN_VC5,17,14,10616,31,0
ORN_VA1v,PhG4,17,14,10616,31,0
ORN_VA1v,SNpp06,17,14,10616,31,0
ORN_VA1v,BM_MaPa,17,14,10616,31,0
ORN_VA1v,PhG14,17,14,10616,31,0
ORN_VA1v,SNpp56,17,14,10616,31,0
ORN_VA1v,JO-B2,17,14,10616,31,0
ORN_VA1v,JO-B1_c,17,14,10616,31,0
JO-A1,HRN_VP5,17,14,10616,31,0
JO-A1,LB4b,17,14,10616,31,0
JO-A1,SNxx24,17,14,10616,31,0
JO-A1,ORN_VC5,17,14,10616,31,0
JO-A1,PhG4,17,14,10616,31,0
JO-A1,SNpp06,17,14,10616,31,0
JO-A1,BM_MaPa,17,14,10616,31,0
JO-A1,PhG14,17,14,10616,31,0
JO-A1,SNpp56,17,14,10616,31,0
JO-A1,JO-B2,17,14,10616,31,0
JO-A1,JO-B1_c,17,14,10616,31,0
LgAG5,ORN_VM4,19,12,10616,31,0
LgAG5,ENS1,19,12,10616,31,0
LgAG5,PhG13,19,12,10616,31,0
LgAG5,ORN_DC2,19,12,10616,31,0
LgAG5,SNpp37,19,12,10616,31,0
LgAG5,ORN_VC4,19,12,10616,31,0
LgAG5,b2 MN,19,12,10616,31,0
SNpp10,ORN_DA3,26,5,10616,31,0
PhG1b,LB1a,20,11,10616,31,0
PhG1b,SNpp21,20,11,10616,31,0
PhG1b,ORN_VM7v,20,11,10616,31,0
PhG1b,ORN_DL1,20,11,10616,31,0
HRN_VP5,SNpp05,14,17,10616,31,0
HRN_VP5,SNxx28,14,17,10616,31,0
HRN_VP5,ORN_VM5v,14,17,10616,31,0
HRN_VP5,SNpp31,14,17,10616,31,0
HRN_VP5,SNpp17,14,17,10616,31,0
HRN_VP5,SNpp01,14,17,10616,31,0
ORN_VA6,R8d,28,3,10616,31,0
SNpp62,LB4a,22,9,10616,31,0
SNpp62,PhG3,22,9,10616,31,0
SNpp62,SApp21,22,9,10616,31,0
SNpp62,LgAG6,22,9,10616,31,0
SNpp62,tpn MN,22,9,10616,31,0
SNpp62,JO-B4_a,22,9,10616,31,0
PhG10,ORN_VA1d,16,15,10616,31,0
PhG10,SNpp57,16,15,10616,31,0
PhG10,SNpp12,16,15,10616,31,0
SApp01,ORN_DA3,26,5,10616,31,0
LgAG7,ORN_VM4,19,12,10616,31,0
LgAG7,ENS1,19,12,10616,31,0
LgAG7,PhG13,19,12,10616,31,0
LgAG7,ORN_DC2,19,12,10616,31,0
LgAG7,SNpp37,19,12,10616,31,0
LgAG7,ORN_VC4,19,12,10616,31,0
LgAG7,b2 MN,19,12,10616,31,0
HRN_VP1l,ORN_DL2v,10,21,10616,31,0
ORN_DL2v,PhG6,21,10,10616,31,0
ORN_DL2v,LN-DN1,21,10,10616,31,0
ORN_DL2v,ORN_DM4,21,10,10616,31,0
ORN_DL2v,ORN_DM6,21,10,10616,31,0
ORN_DL2v,ORN_VA3,21,10,10616,31,0
LB4b,SNpp05,14,17,10616,31,0
LB4b,SNxx28,14,17,10616,31,0
LB4b,ORN_VM5v,14,17,10616,31,0
LB4b,SNpp31,14,17,10616,31,0
LB4b,SNpp17,14,17,10616,31,0
LB4b,SNpp01,14,17,10616,31,0
SNxx24,SNpp05,14,17,10616,31,0
SNxx24,SNxx28,14,17,10616,31,0
SNxx24,ORN_VM5v,14,17,10616,31,0
SNxx24,SNpp31,14,17,10616,31,0
SNxx24,SNpp17,14,17,10616,31,0
SNxx24,SNpp01,14,17,10616,31,0
BM_vOcci_vPoOr,LB1a,20,11,10616,31,0
BM_vOcci_vPoOr,SNpp21,20,11,10616,31,0
BM_vOcci_vPoOr,ORN_VM7v,20,11,10616,31,0
BM_vOcci_vPoOr,ORN_DL1,20,11,10616,31,0
ORN_VC1,DNg20,18,13,10616,31,0
ORN_VC1,SNxx06,18,13,10616,31,0
ORN_VC1,SNpp15,18,13,10616,31,0
ORN_VC1,ORN_DA2,18,13,10616,31,0
ORN_VC1,PhG16,18,13,10616,31,0
ORN_VC1,SNpp18,18,13,10616,31,0
ORN_VC1,LgAG8,18,13,10616,31,0
LB1a,LB1e,11,20,10616,31,0
LB1a,SNxx30,11,20,10616,31,0
DNg20,ORN_VM7d,13,18,10616,31,0
DNg20,LgAG2,13,18,10616,31,0
DNg20,DNx01,13,18,10616,31,0
ORN_VL1,ORN_VA1d,16,15,10616,31,0
ORN_VL1,SNpp57,16,15,10616,31,0
ORN_VL1,LB1b,16,15,10616,31,0
ORN_VL1,SNpp12,16,15,10616,31,0
ORN_VL1,PhG8,16,15,10616,31,0
ORN_VM4,ORN_DL2d,12,19,10616,31,0
ORN_VM4,JO-B1_a,12,19,10616,31,0
ORN_VM4,SNta13,12,19,10616,31,0
ORN_DL2d,ENS1,19,12,10616,31,0
ORN_DL2d,PhG13,19,12,10616,31,0
ORN_DL2d,ORN_DC2,19,12,10616,31,0
ORN_DL2d,SNpp37,19,12,10616,31,0
ORN_DL2d,ORN_VC4,19,12,10616,31,0
ORN_DL2d,b2 MN,19,12,10616,31,0
R8d,ENS4,3,28,10616,31,0
R8d,SNta26,3,28,10616,31,0
ORN_VM7d,SNxx06,18,13,10616,31,0
ORN_VM7d,SNpp15,18,13,10616,31,0
ORN_VM7d,ORN_DA2,18,13,10616,31,0
ORN_VM7d,PhG16,18,13,10616,31,0
ORN_VM7d,SNpp18,18,13,10616,31,0
ORN_VM7d,LgAG8,18,13,10616,31,0
ORN_D,HBeyelet,23,8,10616,31,0
ORN_D,PhG1a,23,8,10616,31,0
LB1e,SNpp21,20,11,10616,31,0
LB1e,ORN_VM7v,20,11,10616,31,0
LB1e,ORN_DL1,20,11,10616,31,0
ORN_VA1d,LgLG4,15,16,10616,31,0
ORN_VA1d,ORN_VM5d,15,16,10616,31,0
ORN_VA1d,SNpp11,15,16,10616,31,0
ORN_VA1d,ALBN1,15,16,10616,31,0
ORN_VA1d,ENS5,15,16,10616,31,0
ORN_VA1d,dorsal_tpGRN,15,16,10616,31,0
ORN_VA1d,JO-CA2,15,16,10616,31,0
SNpp57,LgLG4,15,16,10616,31,0
SNpp57,ORN_VM5d,15,16,10616,31,0
SNpp57,SNpp11,15,16,10616,31,0
SNpp57,ALBN1,15,16,10616,31,0
SNpp57,ENS5,15,16,10616,31,0
SNpp57,dorsal_tpGRN,15,16,10616,31,0
SNpp57,JO-CA2,15,16,10616,31,0
ENS1,JO-B1_a,12,19,10616,31,0
ENS1,SNta13,12,19,10616,31,0
PhG13,JO-B1_a,12,19,10616,31,0
PhG13,SNta13,12,19,10616,31,0
LgLG4,LB1b,16,15,10616,31,0
LgLG4,SNpp12,16,15,10616,31,0
LgLG4,PhG8,16,15,10616,31,0
LB1b,ORN_VM5d,15,16,10616,31,0
LB1b,SNpp11,15,16,10616,31,0
LB1b,ALBN1,15,16,10616,31,0
LB1b,dorsal_tpGRN,15,16,10616,31,0
LB1b,JO-CA2,15,16,10616,31,0
SNpp58,LB4a,22,9,10616,31,0
SNpp58,PhG3,22,9,10616,31,0
SNpp58,SApp21,22,9,10616,31,0
SNpp58,LgAG6,22,9,10616,31,0
SNpp58,tpn MN,22,9,10616,31,0
SNpp58,JO-B4_a,22,9,10616,31,0
LgLG7,SNpp02,7,24,10616,31,0
SNxx30,SNpp21,20,11,10616,31,0
SNxx30,ORN_VM7v,20,11,10616,31,0
SNxx30,ORN_DL1,20,11,10616,31,0
ORN_VM5d,SNpp12,16,15,10616,31,0
ORN_VM5d,PhG8,16,15,10616,31,0
ORN_VC5,SNpp05,14,17,10616,31,0
ORN_VC5,SNxx28,14,17,10616,31,0
ORN_VC5,ORN_VM5v,14,17,10616,31,0
ORN_VC5,SNpp31,14,17,10616,31,0
ORN_VC5,SNpp17,14,17,10616,31,0
ORN_VC5,SNpp01,14,17,10616,31,0
PhG4,SNpp05,14,17,10616,31,0
PhG4,SNxx28,14,17,10616,31,0
PhG4,ORN_VM5v,14,17,10616,31,0
PhG4,SNpp31,14,17,10616,31,0
PhG4,SNpp17,14,17,10616,31,0
PhG4,SNpp01,14,17,10616,31,0
LgAG2,SNxx06,18,13,10616,31,0
LgAG2,SNpp15,18,13,10616,31,0
LgAG2,ORN_DA2,18,13,10616,31,0
LgAG2,PhG16,18,13,10616,31,0
LgAG2,SNpp18,18,13,10616,31,0
LgAG2,LgAG8,18,13,10616,31,0
SNxx19,LB4a,22,9,10616,31,0
SNxx19,PhG3,22,9,10616,31,0
SNxx19,SApp21,22,9,10616,31,0
SNxx19,LgAG6,22,9,10616,31,0
SNxx19,tpn MN,22,9,10616,31,0
SNxx19,JO-B4_a,22,9,10616,31,0
SNxx06,DNx01,13,18,10616,31,0
ORN_DC2,JO-B1_a,12,19,10616,31,0
ORN_DC2,SNta13,12,19,10616,31,0
JO-B1_a,SNpp37,19,12,10616,31,0
JO-B1_a,ORN_VC4,19,12,10616,31,0
JO-B1_a,b2 MN,19,12,10616,31,0
SNxx21,LB4a,22,9,10616,31,0
SNxx21,PhG3,22,9,10616,31,0
SNxx21,SApp21,22,9,10616,31,0
SNxx21,LgAG6,22,9,10616,31,0
SNxx21,tpn MN,22,9,10616,31,0
SNxx21,JO-B4_a,22,9,10616,31,0
DNg83,SNpp02,7,24,10616,31,0
SNpp06,SNpp05,14,17,10616,31,0
SNpp06,ORN_VM5v,14,17,10616,31,0
SNpp06,SNpp31,14,17,10616,31,0
SNpp06,SNpp01,14,17,10616,31,0
SNpp05,BM_MaPa,17,14,10616,31,0
SNpp05,PhG14,17,14,10616,31,0
SNpp05,SNpp56,17,14,10616,31,0
SNpp05,JO-B2,17,14,10616,31,0
SNpp05,JO-B1_c,17,14,10616,31,0
SNpp15,DNx01,13,18,10616,31,0
ORN_DA2,DNx01,13,18,10616,31,0
JO-B3,LB4a,22,9,10616,31,0
JO-B3,PhG3,22,9,10616,31,0
JO-B3,SApp21,22,9,10616,31,0
JO-B3,LgAG6,22,9,10616,31,0
JO-B3,tpn MN,22,9,10616,31,0
JO-B3,JO-B4_a,22,9,10616,31,0
SNpp02,ORN_DL3,24,7,10616,31,0
SNpp02,ORN_DM3,24,7,10616,31,0
SNxx28,BM_MaPa,17,14,10616,31,0
SNxx28,PhG14,17,14,10616,31,0
SNxx28,SNpp56,17,14,10616,31,0
SNxx28,JO-B2,17,14,10616,31,0
SNxx28,JO-B1_c,17,14,10616,31,0
ORN_VM5v,BM_MaPa,17,14,10616,31,0
ORN_VM5v,PhG14,17,14,10616,31,0
ORN_VM5v,SNpp56,17,14,10616,31,0
ORN_VM5v,JO-B2,17,14,10616,31,0
ORN_VM5v,JO-B1_c,17,14,10616,31,0
BM_MaPa,SNpp31,14,17,10616,31,0
BM_MaPa,SNpp17,14,17,10616,31,0
BM_MaPa,SNpp01,14,17,10616,31,0
PhG14,SNpp31,14,17,10616,31,0
PhG14,SNpp17,14,17,10616,31,0
PhG14,SNpp01,14,17,10616,31,0
SNta13,SNpp37,19,12,10616,31,0
SNta13,ORN_VC4,19,12,10616,31,0
SNta13,b2 MN,19,12,10616,31,0
PhG16,DNx01,13,18,10616,31,0
SNpp18,DNx01,13,18,10616,31,0
SNpp12,SNpp11,15,16,10616,31,0
SNpp12,ALBN1,15,16,10616,31,0
SNpp12,ENS5,15,16,10616,31,0
SNpp12,dorsal_tpGRN,15,16,10616,31,0
SNpp12,JO-CA2,15,16,10616,31,0
SNpp11,PhG8,16,15,10616,31,0
SNpp56,SNpp31,14,17,10616,31,0
SNpp56,SNpp17,14,17,10616,31,0
SNpp56,SNpp01,14,17,10616,31,0
SNpp31,JO-B2,17,14,10616,31,0
SNpp31,JO-B1_c,17,14,10616,31,0
LgAG8,DNx01,13,18,10616,31,0
ALBN1,PhG8,16,15,10616,31,0
dorsal_tpGRN,PhG8,16,15,10616,31,0
JO-B2,SNpp17,14,17,10616,31,0
JO-B2,SNpp01,14,17,10616,31,0
JO-B1_c,SNpp17,14,17,10616,31,0
JO-B1_c,SNpp01,14,17,10616,31,0
PhG8,JO-CA2,15,16,10616,31,0
SNxx08,R8y,20,10,10617,30,0
SNxx08,HRN_VP1l,20,10,10617,30,0
SNxx08,PhG6,20,10,10617,30,0
SNxx08,LN-DN1,20,10,10617,30,0
SNxx08,ORN_DM4,20,10,10617,30,0
SNxx08,ORN_DM6,20,10,10617,30,0
SNxx08,ORN_VA3,20,10,10617,30,0
R7_unclear,WG1,15,15,10617,30,0
R7_unclear,LgAG9,15,15,10617,30,0
R7_unclear,ORN_VA1d,15,15,10617,30,0
R7_unclear,SNpp57,15,15,10617,30,0
R7_unclear,LB1b,15,15,10617,30,0
R7_unclear,SNpp12,15,15,10617,30,0
R7_unclear,PhG8,15,15,10617,30,0
R7y,aPhM4,11,19,10617,30,0
R7y,LB3a,11,19,10617,30,0
R7y,SNpp35,11,19,10617,30,0
R7y,LgAG5,11,19,10617,30,0
R7y,LgAG7,11,19,10617,30,0
R7y,ORN_DL2d,11,19,10617,30,0
R7y,JO-B1_a,11,19,10617,30,0
R7y,SNta13,11,19,10617,30,0
R7p,aPhM4,11,19,10617,30,0
R7p,LB3a,11,19,10617,30,0
R7p,SNpp35,11,19,10617,30,0
R7p,LgAG5,11,19,10617,30,0
R7p,LgAG7,11,19,10617,30,0
R7p,ORN_DL2d,11,19,10617,30,0
R7p,JO-B1_a,11,19,10617,30,0
R7p,SNta13,11,19,10617,30,0
R7d,LB3b,13,17,10617,30,0
R7d,ORN_VA1v,13,17,10617,30,0
R7d,JO-A1,13,17,10617,30,0
R7d,SNpp05,13,17,10617,30,0
R7d,SNxx28,13,17,10617,30,0
R7d,ORN_VM5v,13,17,10617,30,0
R7d,SNpp31,13,17,10617,30,0
R7d,SNpp17,13,17,10617,30,0
R7d,SNpp01,13,17,10617,30,0
LgLG6,LB3b,13,17,10617,30,0
LgLG6,ORN_VA1v,13,17,10617,30,0
LgLG6,JO-A1,13,17,10617,30,0
LgLG6,SNpp05,13,17,10617,30,0
LgLG6,SNxx28,13,17,10617,30,0
LgLG6,ORN_VM5v,13,17,10617,30,0
LgLG6,SNpp31,13,17,10617,30,0
LgLG6,SNpp17,13,17,10617,30,0
LgLG6,SNpp01,13,17,10617,30,0
aPhM4,R8p,19,11,10617,30,0
aPhM4,SNxx09,19,11,10617,30,0
aPhM4,LgLG2,19,11,10617,30,0
aPhM4,R8_unclear,19,11,10617,30,0
aPhM4,LB1a,19,11,10617,30,0
aPhM4,SNpp21,19,11,10617,30,0
aPhM4,ORN_VM7v,19,11,10617,30,0
aPhM4,ORN_DL1,19,11,10617,30,0
GNG643,R8d,27,3,10617,30,0
R8p,LB3a,11,19,10617,30,0
R8p,SNpp35,11,19,10617,30,0
R8p,LgAG5,11,19,10617,30,0
R8p,LgAG7,11,19,10617,30,0
R8p,ORN_DL2d,11,19,10617,30,0
R8p,JO-B1_a,11,19,10617,30,0
R8p,SNta13,11,19,10617,30,0
aPhM1,LgLG5,22,8,10617,30,0
aPhM1,HBeyelet,22,8,10617,30,0
aPhM1,PhG1a,22,8,10617,30,0
SNxx09,LB3a,11,19,10617,30,0
SNxx09,SNpp35,11,19,10617,30,0
SNxx09,LgAG5,11,19,10617,30,0
SNxx09,LgAG7,11,19,10617,30,0
SNxx09,ORN_DL2d,11,19,10617,30,0
SNxx09,JO-B1_a,11,19,10617,30,0
SNxx09,SNta13,11,19,10617,30,0
LB3b,ORN_DM2,17,13,10617,30,0
LB3b,DNg20,17,13,10617,30,0
LB3b,SNxx06,17,13,10617,30,0
LB3b,SNpp15,17,13,10617,30,0
LB3b,ORN_DA2,17,13,10617,30,0
LB3b,PhG16,17,13,10617,30,0
LB3b,SNpp18,17,13,10617,30,0
LB3b,LgAG8,17,13,10617,30,0
BM_Vt_PoOc,LgLG5,22,8,10617,30,0
BM_Vt_PoOc,HBeyelet,22,8,10617,30,0
BM_Vt_PoOc,PhG1a,22,8,10617,30,0
GNG644,R8y,20,10,10617,30,0
GNG644,HRN_VP1l,20,10,10617,30,0
GNG644,PhG6,20,10,10617,30,0
GNG644,LN-DN1,20,10,10617,30,0
GNG644,ORN_DM4,20,10,10617,30,0
GNG644,ORN_DM6,20,10,10617,30,0
GNG644,ORN_VA3,20,10,10617,30,0
R8y,ORN_DL5,10,20,10617,30,0
R8y,WG2,10,20,10617,30,0
R8y,LgAG3,10,20,10617,30,0
R8y,PhG1b,10,20,10617,30,0
R8y,BM_vOcci_vPoOr,10,20,10617,30,0
R8y,LB1e,10,20,10617,30,0
R8y,SNxx30,10,20,10617,30,0
LgLG5,PhG9,8,22,10617,30,0
LgLG5,ORN_DC1,8,22,10617,30,0
LgLG5,SNpp62,8,22,10617,30,0
LgLG5,SNpp58,8,22,10617,30,0
LgLG5,SNxx19,8,22,10617,30,0
LgLG5,SNxx21,8,22,10617,30,0
LgLG5,JO-B3,8,22,10617,30,0
JO-A3,LgLG8,21,9,10617,30,0
JO-A3,LB4a,21,9,10617,30,0
JO-A3,PhG3,21,9,10617,30,0
JO-A3,SApp21,21,9,10617,30,0
JO-A3,LgAG6,21,9,10617,30,0
JO-A3,tpn MN,21,9,10617,30,0
JO-A3,JO-B4_a,21,9,10617,30,0
WG1,LgAG9,15,15,10617,30,0
WG1,ORN_VA1d,15,15,10617,30,0
WG1,SNpp57,15,15,10617,30,0
WG1,LB1b,15,15,10617,30,0
WG1,SNpp12,15,15,10617,30,0
WG1,PhG8,15,15,10617,30,0
LgLG2,LB3a,11,19,10617,30,0
LgLG2,SNpp35,11,19,10617,30,0
LgLG2,LgAG5,11,19,10617,30,0
LgLG2,LgAG7,11,19,10617,30,0
LgLG2,ORN_DL2d,11,19,10617,30,0
LgLG2,JO-B1_a,11,19,10617,30,0
LgLG2,SNta13,11,19,10617,30,0
TRN_VP3a,ENS3,18,12,10617,30,0
TRN_VP3a,ORN_VM4,18,12,10617,30,0
TRN_VP3a,ENS1,18,12,10617,30,0
TRN_VP3a,PhG13,18,12,10617,30,0
TRN_VP3a,ORN_DC2,18,12,10617,30,0
TRN_VP3a,SNpp37,18,12,10617,30,0
TRN_VP3a,ORN_VC4,18,12,10617,30,0
TRN_VP3a,b2 MN,18,12,10617,30,0
LB3d,R8d,27,3,10617,30,0
SNxx02,R8d,27,3,10617,30,0
LgLG8,ORN_VM6v,9,21,10617,30,0
LgLG8,SNxx17,9,21,10617,30,0
LgLG8,ORN_DL2v,9,21,10617,30,0
LB3c,ORN_DA3,25,5,10617,30,0
ORN_VM6v,LB4a,21,9,10617,30,0
ORN_VM6v,PhG3,21,9,10617,30,0
ORN_VM6v,SApp21,21,9,10617,30,0
ORN_VM6v,LgAG6,21,9,10617,30,0
ORN_VM6v,tpn MN,21,9,10617,30,0
ORN_VM6v,JO-B4_a,21,9,10617,30,0
LB3a,R8_unclear,19,11,10617,30,0
LB3a,LB1a,19,11,10617,30,0
LB3a,SNpp21,19,11,10617,30,0
LB3a,ORN_VM7v,19,11,10617,30,0
LB3a,ORN_DL1,19,11,10617,30,0
PhG9,HBeyelet,22,8,10617,30,0
PhG9,PhG1a,22,8,10617,30,0
BM_Hau,R8d,27,3,10617,30,0
JO-B4_b,R8d,27,3,10617,30,0
R8_unclear,SNpp35,11,19,10617,30,0
R8_unclear,LgAG5,11,19,10617,30,0
R8_unclear,LgAG7,11,19,10617,30,0
R8_unclear,ORN_DL2d,11,19,10617,30,0
R8_unclear,JO-B1_a,11,19,10617,30,0
R8_unclear,SNta13,11,19,10617,30,0
WG4,LgLG7,23,7,10617,30,0
WG4,DNg83,23,7,10617,30,0
WG4,ORN_DL3,23,7,10617,30,0
WG4,ORN_DM3,23,7,10617,30,0
ORN_DC1,HBeyelet,22,8,10617,30,0
ORN_DC1,PhG1a,22,8,10617,30,0
GNG642,GNG654,16,14,10617,30,0
GNG642,HRN_VP5,16,14,10617,30,0
GNG642,LB4b,16,14,10617,30,0
GNG642,SNxx24,16,14,10617,30,0
GNG642,ORN_VC5,16,14,10617,30,0
GNG642,PhG4,16,14,10617,30,0
GNG642,SNpp06,16,14,10617,30,0
GNG642,PhG14,16,14,10617,30,0
GNG642,SNpp56,16,14,10617,30,0
GNG642,JO-B2,16,14,10617,30,0
GNG642,JO-B1_c,16,14,10617,30,0
ORN_DM2,ORN_VA1v,13,17,10617,30,0
ORN_DM2,JO-A1,13,17,10617,30,0
ORN_DM2,SNpp05,13,17,10617,30,0
ORN_DM2,SNxx28,13,17,10617,30,0
ORN_DM2,ORN_VM5v,13,17,10617,30,0
ORN_DM2,SNpp31,13,17,10617,30,0
ORN_DM2,SNpp17,13,17,10617,30,0
ORN_DM2,SNpp01,13,17,10617,30,0
SApp23,R8d,27,3,10617,30,0
GNG654,ORN_V,14,16,10617,30,0
GNG654,PhG10,14,16,10617,30,0
GNG654,ORN_VL1,14,16,10617,30,0
GNG654,LgLG4,14,16,10617,30,0
GNG654,ORN_VM5d,14,16,10617,30,0
GNG654,SNpp11,14,16,10617,30,0
GNG654,ALBN1,14,16,10617,30,0
GNG654,ENS5,14,16,10617,30,0
GNG654,dorsal_tpGRN,14,16,10617,30,0
GNG654,JO-CA2,14,16,10617,30,0
TRN_VP2,ENS3,18,12,10617,30,0
TRN_VP2,ORN_VM4,18,12,10617,30,0
TRN_VP2,ENS1,18,12,10617,30,0
TRN_VP2,PhG13,18,12,10617,30,0
TRN_VP2,ORN_DC2,18,12,10617,30,0
TRN_VP2,SNpp37,18,12,10617,30,0
TRN_VP2,ORN_VC4,18,12,10617,30,0
TRN_VP2,b2 MN,18,12,10617,30,0
aPhM2b,ENS3,18,12,10617,30,0
aPhM2b,ORN_VM4,18,12,10617,30,0
aPhM2b,ENS1,18,12,10617,30,0
aPhM2b,PhG13,18,12,10617,30,0
aPhM2b,ORN_DC2,18,12,10617,30,0
aPhM2b,SNpp37,18,12,10617,30,0
aPhM2b,ORN_VC4,18,12,10617,30,0
aPhM2b,b2 MN,18,12,10617,30,0
LgAG9,ORN_VA1d,15,15,10617,30,0
LgAG9,SNpp57,15,15,10617,30,0
LgAG9,SNpp12,15,15,10617,30,0
ORN_VL2p,R8d,27,3,10617,30,0
ORN_DL5,HRN_VP1l,20,10,10617,30,0
ORN_DL5,PhG6,20,10,10617,30,0
ORN_DL5,LN-DN1,20,10,10617,30,0
ORN_DL5,ORN_DM4,20,10,10617,30,0
ORN_DL5,ORN_DM6,20,10,10617,30,0
ORN_DL5,ORN_VA3,20,10,10617,30,0
ENS3,ORN_VC1,12,18,10617,30,0
ENS3,ORN_VM7d,12,18,10617,30,0
ENS3,LgAG2,12,18,10617,30,0
ENS3,DNx01,12,18,10617,30,0
SNpp35,LB1a,19,11,10617,30,0
SNpp35,SNpp21,19,11,10617,30,0
SNpp35,ORN_VM7v,19,11,10617,30,0
SNpp35,ORN_DL1,19,11,10617,30,0
WG2,HRN_VP1l,20,10,10617,30,0
WG2,PhG6,20,10,10617,30,0
WG2,LN-DN1,20,10,10617,30,0
WG2,ORN_DM4,20,10,10617,30,0
WG2,ORN_DM6,20,10,10617,30,0
WG2,ORN_VA3,20,10,10617,30,0
LgAG3,HRN_VP1l,20,10,10617,30,0
LgAG3,PhG6,20,10,10617,30,0
LgAG3,LN-DN1,20,10,10617,30,0
LgAG3,ORN_DM4,20,10,10617,30,0
LgAG3,ORN_DM6,20,10,10617,30,0
LgAG3,ORN_VA3,20,10,10617,30,0
SNxx17,LB4a,21,9,10617,30,0
SNxx17,PhG3,21,9,10617,30,0
SNxx17,SApp21,21,9,10617,30,0
SNxx17,LgAG6,21,9,10617,30,0
SNxx17,tpn MN,21,9,10617,30,0
SNxx17,JO-B4_a,21,9,10617,30,0
ORN_V,HRN_VP5,16,14,10617,30,0
ORN_V,LB4b,16,14,10617,30,0
ORN_V,SNxx24,16,14,10617,30,0
ORN_V,ORN_VC5,16,14,10617,30,0
ORN_V,PhG4,16,14,10617,30,0
ORN_V,SNpp06,16,14,10617,30,0
ORN_V,BM_MaPa,16,14,10617,30,0
ORN_V,PhG14,16,14,10617,30,0
ORN_V,SNpp56,16,14,10617,30,0
ORN_V,JO-B2,16,14,10617,30,0
ORN_V,JO-B1_c,16,14,10617,30,0
ORN_VA1v,DNg20,17,13,10617,30,0
ORN_VA1v,SNxx06,17,13,10617,30,0
ORN_VA1v,SNpp15,17,13,10617,30,0
ORN_VA1v,ORN_DA2,17,13,10617,30,0
ORN_VA1v,PhG16,17,13,10617,30,0
ORN_VA1v,SNpp18,17,13,10617,30,0
ORN_VA1v,LgAG8,17,13,10617,30,0
JO-A1,DNg20,17,13,10617,30,0
JO-A1,SNxx06,17,13,10617,30,0
JO-A1,SNpp15,17,13,10617,30,0
JO-A1,ORN_DA2,17,13,10617,30,0
JO-A1,PhG16,17,13,10617,30,0
JO-A1,SNpp18,17,13,10617,30,0
JO-A1,LgAG8,17,13,10617,30,0
SNxx26,ORN_DA3,25,5,10617,30,0
ORN_VA2,ORN_DA3,25,5,10617,30,0
LgAG5,LB1a,19,11,10617,30,0
LgAG5,SNpp21,19,11,10617,30,0
LgAG5,ORN_VM7v,19,11,10617,30,0
LgAG5,ORN_DL1,19,11,10617,30,0
PhG1b,HRN_VP1l,20,10,10617,30,0
PhG1b,PhG6,20,10,10617,30,0
PhG1b,LN-DN1,20,10,10617,30,0
PhG1b,ORN_DM4,20,10,10617,30,0
PhG1b,ORN_DM6,20,10,10617,30,0
PhG1b,ORN_VA3,20,10,10617,30,0
HRN_VP5,PhG10,14,16,10617,30,0
HRN_VP5,ORN_VL1,14,16,10617,30,0
HRN_VP5,LgLG4,14,16,10617,30,0
HRN_VP5,ORN_VM5d,14,16,10617,30,0
HRN_VP5,SNpp11,14,16,10617,30,0
HRN_VP5,ALBN1,14,16,10617,30,0
HRN_VP5,ENS5,14,16,10617,30,0
HRN_VP5,dorsal_tpGRN,14,16,10617,30,0
HRN_VP5,JO-CA2,14,16,10617,30,0
SNpp62,HBeyelet,22,8,10617,30,0
SNpp62,PhG1a,22,8,10617,30,0
PhG10,LB4b,16,14,10617,30,0
PhG10,SNxx24,16,14,10617,30,0
PhG10,ORN_VC5,16,14,10617,30,0
PhG10,PhG4,16,14,10617,30,0
PhG10,SNpp06,16,14,10617,30,0
PhG10,BM_MaPa,16,14,10617,30,0
PhG10,SNpp56,16,14,10617,30,0
PhG10,JO-B2,16,14,10617,30,0
PhG10,JO-B1_c,16,14,10617,30,0
LgAG7,LB1a,19,11,10617,30,0
LgAG7,SNpp21,19,11,10617,30,0
LgAG7,ORN_VM7v,19,11,10617,30,0
LgAG7,ORN_DL1,19,11,10617,30,0
HRN_VP1l,BM_vOcci_vPoOr,10,20,10617,30,0
HRN_VP1l,LB1e,10,20,10617,30,0
HRN_VP1l,SNxx30,10,20,10617,30,0
ORN_DL2v,LB4a,21,9,10617,30,0
ORN_DL2v,PhG3,21,9,10617,30,0
ORN_DL2v,SApp21,21,9,10617,30,0
ORN_DL2v,LgAG6,21,9,10617,30,0
ORN_DL2v,tpn MN,21,9,10617,30,0
ORN_DL2v,JO-B4_a,21,9,10617,30,0
LB4b,ORN_VL1,14,16,10617,30,0
LB4b,LgLG4,14,16,10617,30,0
LB4b,ORN_VM5d,14,16,10617,30,0
LB4b,SNpp11,14,16,10617,30,0
LB4b,ALBN1,14,16,10617,30,0
LB4b,ENS5,14,16,10617,30,0
LB4b,dorsal_tpGRN,14,16,10617,30,0
LB4b,JO-CA2,14,16,10617,30,0
SNxx24,ORN_VL1,14,16,10617,30,0
SNxx24,LgLG4,14,16,10617,30,0
SNxx24,ORN_VM5d,14,16,10617,30,0
SNxx24,SNpp11,14,16,10617,30,0
SNxx24,ALBN1,14,16,10617,30,0
SNxx24,ENS5,14,16,10617,30,0
SNxx24,dorsal_tpGRN,14,16,10617,30,0
SNxx24,JO-CA2,14,16,10617,30,0
BM_vOcci_vPoOr,PhG6,20,10,10617,30,0
BM_vOcci_vPoOr,ORN_DM4,20,10,10617,30,0
BM_vOcci_vPoOr,ORN_DM6,20,10,10617,30,0
BM_vOcci_vPoOr,ORN_VA3,20,10,10617,30,0
ORN_VC1,ORN_VM4,18,12,10617,30,0
ORN_VC1,ENS1,18,12,10617,30,0
ORN_VC1,PhG13,18,12,10617,30,0
ORN_VC1,ORN_DC2,18,12,10617,30,0
ORN_VC1,SNpp37,18,12,10617,30,0
ORN_VC1,ORN_VC4,18,12,10617,30,0
ORN_VC1,b2 MN,18,12,10617,30,0
LB1a,ORN_DL2d,11,19,10617,30,0
LB1a,JO-B1_a,11,19,10617,30,0
LB1a,SNta13,11,19,10617,30,0
DNg20,SNpp05,13,17,10617,30,0
DNg20,SNxx28,13,17,10617,30,0
DNg20,ORN_VM5v,13,17,10617,30,0
DNg20,SNpp31,13,17,10617,30,0
DNg20,SNpp17,13,17,10617,30,0
DNg20,SNpp01,13,17,10617,30,0
ORN_VL1,ORN_VC5,16,14,10617,30,0
ORN_VL1,PhG4,16,14,10617,30,0
ORN_VL1,SNpp06,16,14,10617,30,0
ORN_VL1,BM_MaPa,16,14,10617,30,0
ORN_VL1,PhG14,16,14,10617,30,0
ORN_VL1,SNpp56,16,14,10617,30,0
ORN_VL1,JO-B2,16,14,10617,30,0
ORN_VL1,JO-B1_c,16,14,10617,30,0
ORN_VM4,ORN_VM7d,12,18,10617,30,0
ORN_VM4,LgAG2,12,18,10617,30,0
ORN_VM4,DNx01,12,18,10617,30,0
ORN_DL2d,SNpp21,19,11,10617,30,0
ORN_DL2d,ORN_VM7v,19,11,10617,30,0
ORN_DL2d,ORN_DL1,19,11,10617,30,0
PhG6,LB1e,10,20,10617,30,0
PhG6,SNxx30,10,20,10617,30,0
R8d,SNta33,3,27,10617,30,0
ORN_VM7d,ENS1,18,12,10617,30,0
ORN_VM7d,PhG13,18,12,10617,30,0
ORN_VM7d,ORN_DC2,18,12,10617,30,0
ORN_VM7d,SNpp37,18,12,10617,30,0
ORN_VM7d,ORN_VC4,18,12,10617,30,0
ORN_VM7d,b2 MN,18,12,10617,30,0
ORN_D,LgLG7,23,7,10617,30,0
ORN_D,DNg83,23,7,10617,30,0
ORN_D,ORN_DL3,23,7,10617,30,0
ORN_D,ORN_DM3,23,7,10617,30,0
LB1e,LN-DN1,20,10,10617,30,0
LB1e,ORN_DM4,20,10,10617,30,0
LB1e,ORN_DM6,20,10,10617,30,0
LB1e,ORN_VA3,20,10,10617,30,0
ORN_VA1d,SNpp57,15,15,10617,30,0
ORN_VA1d,LB1b,15,15,10617,30,0
ORN_VA1d,SNpp12,15,15,10617,30,0
ORN_VA1d,PhG8,15,15,10617,30,0
SNpp57,LB1b,15,15,10617,30,0
SNpp57,SNpp12,15,15,10617,30,0
SNpp57,PhG8,15,15,10617,30,0
ENS1,LgAG2,12,18,10617,30,0
ENS1,DNx01,12,18,10617,30,0
PhG13,LgAG2,12,18,10617,30,0
PhG13,DNx01,12,18,10617,30,0
LgLG4,ORN_VC5,16,14,10617,30,0
LgLG4,PhG4,16,14,10617,30,0
LgLG4,SNpp06,16,14,10617,30,0
LgLG4,BM_MaPa,16,14,10617,30,0
LgLG4,PhG14,16,14,10617,30,0
LgLG4,SNpp56,16,14,10617,30,0
LgLG4,JO-B2,16,14,10617,30,0
LgLG4,JO-B1_c,16,14,10617,30,0
HBeyelet,SNpp58,8,22,10617,30,0
HBeyelet,SNxx19,8,22,10617,30,0
HBeyelet,SNxx21,8,22,10617,30,0
HBeyelet,JO-B3,8,22,10617,30,0
LB1b,SNpp12,15,15,10617,30,0
SNpp58,PhG1a,22,8,10617,30,0
SNxx30,LN-DN1,20,10,10617,30,0
SNxx30,ORN_DM4,20,10,10617,30,0
SNxx30,ORN_DM6,20,10,10617,30,0
SNxx30,ORN_VA3,20,10,10617,30,0
SNpp21,JO-B1_a,11,19,10617,30,0
SNpp21,SNta13,11,19,10617,30,0
ORN_VM7v,JO-B1_a,11,19,10617,30,0
ORN_VM7v,SNta13,11,19,10617,30,0
ORN_VM5d,ORN_VC5,16,14,10617,30,0
ORN_VM5d,PhG4,16,14,10617,30,0
ORN_VM5d,SNpp06,16,14,10617,30,0
ORN_VM5d,BM_MaPa,16,14,10617,30,0
ORN_VM5d,PhG14,16,14,10617,30,0
ORN_VM5d,SNpp56,16,14,10617,30,0
ORN_VM5d,JO-B2,16,14,10617,30,0
ORN_VM5d,JO-B1_c,16,14,10617,30,0
ORN_VC5,SNpp11,14,16,10617,30,0
ORN_VC5,ENS5,14,16,10617,30,0
ORN_VC5,dorsal_tpGRN,14,16,10617,30,0
ORN_VC5,JO-CA2,14,16,10617,30,0
PhG4,SNpp11,14,16,10617,30,0
PhG4,ALBN1,14,16,10617,30,0
PhG4,ENS5,14,16,10617,30,0
PhG4,JO-CA2,14,16,10617,30,0
LgAG2,ORN_DC2,18,12,10617,30,0
LgAG2,SNpp37,18,12,10617,30,0
LgAG2,ORN_VC4,18,12,10617,30,0
LgAG2,b2 MN,18,12,10617,30,0
SNxx19,PhG1a,22,8,10617,30,0
SNxx06,SNpp05,13,17,10617,30,0
SNxx06,SNxx28,13,17,10617,30,0
SNxx06,ORN_VM5v,13,17,10617,30,0
SNxx06,SNpp31,13,17,10617,30,0
SNxx06,SNpp17,13,17,10617,30,0
SNxx06,SNpp01,13,17,10617,30,0
ORN_DC2,DNx01,12,18,10617,30,0
JO-B1_a,ORN_DL1,19,11,10617,30,0
SNxx21,PhG1a,22,8,10617,30,0
SNpp06,SNpp11,14,16,10617,30,0
SNpp06,ALBN1,14,16,10617,30,0
SNpp06,ENS5,14,16,10617,30,0
SNpp06,dorsal_tpGRN,14,16,10617,30,0
SNpp06,JO-CA2,14,16,10617,30,0
SNpp05,SNpp15,17,13,10617,30,0
SNpp05,ORN_DA2,17,13,10617,30,0
SNpp05,PhG16,17,13,10617,30,0
SNpp05,SNpp18,17,13,10617,30,0
SNpp05,LgAG8,17,13,10617,30,0
SNpp15,SNxx28,13,17,10617,30,0
SNpp15,ORN_VM5v,13,17,10617,30,0
SNpp15,SNpp31,13,17,10617,30,0
SNpp15,SNpp17,13,17,10617,30,0
SNpp15,SNpp01,13,17,10617,30,0
ORN_DA2,SNxx28,13,17,10617,30,0
ORN_DA2,ORN_VM5v,13,17,10617,30,0
ORN_DA2,SNpp31,13,17,10617,30,0
ORN_DA2,SNpp17,13,17,10617,30,0
ORN_DA2,SNpp01,13,17,10617,30,0
JO-B3,PhG1a,22,8,10617,30,0
SNxx28,PhG16,17,13,10617,30,0
SNxx28,SNpp18,17,13,10617,30,0
SNxx28,LgAG8,17,13,10617,30,0
ORN_VM5v,PhG16,17,13,10617,30,0
ORN_VM5v,SNpp18,17,13,10617,30,0
ORN_VM5v,LgAG8,17,13,10617,30,0
BM_MaPa,SNpp11,14,16,10617,30,0
BM_MaPa,ALBN1,14,16,10617,30,0
BM_MaPa,ENS5,14,16,10617,30,0
BM_MaPa,dorsal_tpGRN,14,16,10617,30,0
BM_MaPa,JO-CA2,14,16,10617,30,0
PhG14,SNpp11,14,16,10617,30,0
PhG14,ALBN1,14,16,10617,30,0
PhG14,ENS5,14,16,10617,30,0
PhG14,dorsal_tpGRN,14,16,10617,30,0
PhG14,JO-CA2,14,16,10617,30,0
ORN_DL1,SNta13,11,19,10617,30,0
PhG16,SNpp31,13,17,10617,30,0
PhG16,SNpp17,13,17,10617,30,0
PhG16,SNpp01,13,17,10617,30,0
SNpp37,DNx01,12,18,10617,30,0
SNpp18,SNpp31,13,17,10617,30,0
SNpp18,SNpp17,13,17,10617,30,0
SNpp18,SNpp01,13,17,10617,30,0
SNpp12,PhG8,15,15,10617,30,0
SNpp11,SNpp56,16,14,10617,30,0
SNpp11,JO-B2,16,14,10617,30,0
SNpp11,JO-B1_c,16,14,10617,30,0
SNpp56,ALBN1,14,16,10617,30,0
SNpp56,ENS5,14,16,10617,30,0
SNpp56,dorsal_tpGRN,14,16,10617,30,0
SNpp56,JO-CA2,14,16,10617,30,0
ORN_VC4,DNx01,12,18,10617,30,0
b2 MN,DNx01,12,18,10617,30,0
SNpp31,LgAG8,17,13,10617,30,0
LgAG8,SNpp17,13,17,10617,30,0
LgAG8,SNpp01,13,17,10617,30,0
ALBN1,JO-B2,16,14,10617,30,0
ALBN1,JO-B1_c,16,14,10617,30,0
ENS5,JO-B2,16,14,10617,30,0
ENS5,JO-B1_c,16,14,10617,30,0
dorsal_tpGRN,JO-B2,16,14,10617,30,0
dorsal_tpGRN,JO-B1_c,16,14,10617,30,0
JO-B2,JO-CA2,14,16,10617,30,0
JO-B1_c,JO-CA2,14,16,10617,30,0
SNxx08,LgLG8,20,9,10618,29,0
SNxx08,LB4a,20,9,10618,29,0
SNxx08,PhG3,20,9,10618,29,0
SNxx08,SApp21,20,9,10618,29,0
SNxx08,LgAG6,20,9,10618,29,0
SNxx08,tpn MN,20,9,10618,29,0
SNxx08,JO-B4_a,20,9,10618,29,0
R7_unclear,GNG654,15,14,10618,29,0
R7_unclear,HRN_VP5,15,14,10618,29,0
R7_unclear,LB4b,15,14,10618,29,0
R7_unclear,SNxx24,15,14,10618,29,0
R7_unclear,ORN_VC5,15,14,10618,29,0
R7_unclear,PhG4,15,14,10618,29,0
R7_unclear,SNpp06,15,14,10618,29,0
R7_unclear,BM_MaPa,15,14,10618,29,0
R7_unclear,PhG14,15,14,10618,29,0
R7_unclear,SNpp56,15,14,10618,29,0
R7_unclear,JO-B2,15,14,10618,29,0
R7_unclear,JO-B1_c,15,14,10618,29,0
TPMN2,R8d,26,3,10618,29,0
R7y,TRN_VP3a,11,18,10618,29,0
R7y,TRN_VP2,11,18,10618,29,0
R7y,aPhM2b,11,18,10618,29,0
R7y,ORN_VC1,11,18,10618,29,0
R7y,ORN_VM7d,11,18,10618,29,0
R7y,LgAG2,11,18,10618,29,0
R7y,DNx01,11,18,10618,29,0
R7p,TRN_VP3a,11,18,10618,29,0
R7p,TRN_VP2,11,18,10618,29,0
R7p,aPhM2b,11,18,10618,29,0
R7p,ORN_VC1,11,18,10618,29,0
R7p,ORN_VM7d,11,18,10618,29,0
R7p,LgAG2,11,18,10618,29,0
R7p,DNx01,11,18,10618,29,0
R7d,GNG642,13,16,10618,29,0
R7d,ORN_V,13,16,10618,29,0
R7d,PhG10,13,16,10618,29,0
R7d,ORN_VL1,13,16,10618,29,0
R7d,LgLG4,13,16,10618,29,0
R7d,ORN_VM5d,13,16,10618,29,0
R7d,SNpp11,13,16,10618,29,0
R7d,ALBN1,13,16,10618,29,0
R7d,ENS5,13,16,10618,29,0
R7d,dorsal_tpGRN,13,16,10618,29,0
R7d,JO-CA2,13,16,10618,29,0
LgLG6,GNG642,13,16,10618,29,0
LgLG6,ORN_V,13,16,10618,29,0
LgLG6,PhG10,13,16,10618,29,0
LgLG6,ORN_VL1,13,16,10618,29,0
LgLG6,LgLG4,13,16,10618,29,0
LgLG6,ORN_VM5d,13,16,10618,29,0
LgLG6,SNpp11,13,16,10618,29,0
LgLG6,ALBN1,13,16,10618,29,0
LgLG6,ENS5,13,16,10618,29,0
LgLG6,dorsal_tpGRN,13,16,10618,29,0
LgLG6,JO-CA2,13,16,10618,29,0
aPhM4,R8y,19,10,10618,29,0
aPhM4,HRN_VP1l,19,10,10618,29,0
aPhM4,PhG6,19,10,10618,29,0
aPhM4,LN-DN1,19,10,10618,29,0
aPhM4,ORN_DM4,19,10,10618,29,0
aPhM4,ORN_DM6,19,10,10618,29,0
aPhM4,ORN_VA3,19,10,10618,29,0
R8p,TRN_VP3a,11,18,10618,29,0
R8p,TRN_VP2,11,18,10618,29,0
R8p,aPhM2b,11,18,10618,29,0
R8p,ORN_VC1,11,18,10618,29,0
R8p,ORN_VM7d,11,18,10618,29,0
R8p,LgAG2,11,18,10618,29,0
R8p,DNx01,11,18,10618,29,0
aPhM1,LgLG7,22,7,10618,29,0
aPhM1,DNg83,22,7,10618,29,0
aPhM1,ORN_DL3,22,7,10618,29,0
aPhM1,ORN_DM3,22,7,10618,29,0
SNxx09,TRN_VP3a,11,18,10618,29,0
SNxx09,TRN_VP2,11,18,10618,29,0
SNxx09,aPhM2b,11,18,10618,29,0
SNxx09,ORN_VC1,11,18,10618,29,0
SNxx09,ORN_VM7d,11,18,10618,29,0
SNxx09,LgAG2,11,18,10618,29,0
SNxx09,DNx01,11,18,10618,29,0
LB3b,ENS3,17,12,10618,29,0
LB3b,ORN_VM4,17,12,10618,29,0
LB3b,ENS1,17,12,10618,29,0
LB3b,PhG13,17,12,10618,29,0
LB3b,ORN_DC2,17,12,10618,29,0
LB3b,SNpp37,17,12,10618,29,0
LB3b,ORN_VC4,17,12,10618,29,0
LB3b,b2 MN,17,12,10618,29,0
BM_Vt_PoOc,LgLG7,22,7,10618,29,0
BM_Vt_PoOc,DNg83,22,7,10618,29,0
BM_Vt_PoOc,ORN_DL3,22,7,10618,29,0
BM_Vt_PoOc,ORN_DM3,22,7,10618,29,0
GNG644,LgLG8,20,9,10618,29,0
GNG644,LB4a,20,9,10618,29,0
GNG644,PhG3,20,9,10618,29,0
GNG644,SApp21,20,9,10618,29,0
GNG644,LgAG6,20,9,10618,29,0
GNG644,tpn MN,20,9,10618,29,0
GNG644,JO-B4_a,20,9,10618,29,0
R8y,LB3a,10,19,10618,29,0
R8y,SNpp35,10,19,10618,29,0
R8y,LgAG5,10,19,10618,29,0
R8y,LgAG7,10,19,10618,29,0
R8y,ORN_DL2d,10,19,10618,29,0
R8y,JO-B1_a,10,19,10618,29,0
R8y,SNta13,10,19,10618,29,0
LgLG5,JO-A3,8,21,10618,29,0
LgLG5,ORN_VM6v,8,21,10618,29,0
LgLG5,SNxx17,8,21,10618,29,0
LgLG5,ORN_DL2v,8,21,10618,29,0
JO-A3,HBeyelet,21,8,10618,29,0
JO-A3,PhG1a,21,8,10618,29,0
WG1,GNG654,15,14,10618,29,0
WG1,HRN_VP5,15,14,10618,29,0
WG1,LB4b,15,14,10618,29,0
WG1,SNxx24,15,14,10618,29,0
WG1,ORN_VC5,15,14,10618,29,0
WG1,PhG4,15,14,10618,29,0
WG1,SNpp06,15,14,10618,29,0
WG1,BM_MaPa,15,14,10618,29,0
WG1,PhG14,15,14,10618,29,0
WG1,SNpp56,15,14,10618,29,0
WG1,JO-B2,15,14,10618,29,0
WG1,JO-B1_c,15,14,10618,29,0
LgLG2,TRN_VP3a,11,18,10618,29,0
LgLG2,TRN_VP2,11,18,10618,29,0
LgLG2,aPhM2b,11,18,10618,29,0
LgLG2,ORN_VC1,11,18,10618,29,0
LgLG2,ORN_VM7d,11,18,10618,29,0
LgLG2,LgAG2,11,18,10618,29,0
LgLG2,DNx01,11,18,10618,29,0
TRN_VP3a,R8_unclear,18,11,10618,29,0
TRN_VP3a,LB1a,18,11,10618,29,0
TRN_VP3a,SNpp21,18,11,10618,29,0
TRN_VP3a,ORN_VM7v,18,11,10618,29,0
TRN_VP3a,ORN_DL1,18,11,10618,29,0
LgLG8,ORN_DL5,9,20,10618,29,0
LgLG8,WG2,9,20,10618,29,0
LgLG8,LgAG3,9,20,10618,29,0
LgLG8,PhG1b,9,20,10618,29,0
LgLG8,BM_vOcci_vPoOr,9,20,10618,29,0
LgLG8,LB1e,9,20,10618,29,0
LgLG8,SNxx30,9,20,10618,29,0
ORN_VM6v,HBeyelet,21,8,10618,29,0
ORN_VM6v,PhG1a,21,8,10618,29,0
LB3a,HRN_VP1l,19,10,10618,29,0
LB3a,PhG6,19,10,10618,29,0
LB3a,LN-DN1,19,10,10618,29,0
LB3a,ORN_DM4,19,10,10618,29,0
LB3a,ORN_DM6,19,10,10618,29,0
LB3a,ORN_VA3,19,10,10618,29,0
TRN_VP1m,ORN_DA3,24,5,10618,29,0
PhG9,LgLG7,22,7,10618,29,0
PhG9,DNg83,22,7,10618,29,0
PhG9,ORN_DL3,22,7,10618,29,0
PhG9,ORN_DM3,22,7,10618,29,0
R8_unclear,TRN_VP2,11,18,10618,29,0
R8_unclear,aPhM2b,11,18,10618,29,0
R8_unclear,ORN_VC1,11,18,10618,29,0
R8_unclear,ORN_VM7d,11,18,10618,29,0
R8_unclear,LgAG2,11,18,10618,29,0
R8_unclear,DNx01,11,18,10618,29,0
ORN_DM1,R8d,26,3,10618,29,0
ORN_DC1,LgLG7,22,7,10618,29,0
ORN_DC1,DNg83,22,7,10618,29,0
ORN_DC1,ORN_DL3,22,7,10618,29,0
ORN_DC1,ORN_DM3,22,7,10618,29,0
GNG642,ORN_DM2,16,13,10618,29,0
GNG642,DNg20,16,13,10618,29,0
GNG642,SNxx06,16,13,10618,29,0
GNG642,SNpp15,16,13,10618,29,0
GNG642,ORN_DA2,16,13,10618,29,0
GNG642,PhG16,16,13,10618,29,0
GNG642,SNpp18,16,13,10618,29,0
GNG642,LgAG8,16,13,10618,29,0
ORN_DM2,ORN_V,13,16,10618,29,0
ORN_DM2,PhG10,13,16,10618,29,0
ORN_DM2,ORN_VL1,13,16,10618,29,0
ORN_DM2,LgLG4,13,16,10618,29,0
ORN_DM2,ORN_VM5d,13,16,10618,29,0
ORN_DM2,SNpp11,13,16,10618,29,0
ORN_DM2,ENS5,13,16,10618,29,0
ORN_DM2,dorsal_tpGRN,13,16,10618,29,0
ORN_DM2,JO-CA2,13,16,10618,29,0
GNG654,LgAG9,14,15,10618,29,0
GNG654,ORN_VA1d,14,15,10618,29,0
GNG654,SNpp57,14,15,10618,29,0
GNG654,LB1b,14,15,10618,29,0
GNG654,SNpp12,14,15,10618,29,0
GNG654,PhG8,14,15,10618,29,0
TRN_VP2,LB1a,18,11,10618,29,0
TRN_VP2,SNpp21,18,11,10618,29,0
TRN_VP2,ORN_VM7v,18,11,10618,29,0
TRN_VP2,ORN_DL1,18,11,10618,29,0
aPhM2b,LB1a,18,11,10618,29,0
aPhM2b,SNpp21,18,11,10618,29,0
aPhM2b,ORN_VM7v,18,11,10618,29,0
aPhM2b,ORN_DL1,18,11,10618,29,0
LgAG9,HRN_VP5,15,14,10618,29,0
LgAG9,LB4b,15,14,10618,29,0
LgAG9,SNxx24,15,14,10618,29,0
LgAG9,ORN_VC5,15,14,10618,29,0
LgAG9,PhG4,15,14,10618,29,0
LgAG9,SNpp06,15,14,10618,29,0
LgAG9,BM_MaPa,15,14,10618,29,0
LgAG9,SNpp56,15,14,10618,29,0
LgAG9,JO-B2,15,14,10618,29,0
LgAG9,JO-B1_c,15,14,10618,29,0
ORN_DL5,LB4a,20,9,10618,29,0
ORN_DL5,PhG3,20,9,10618,29,0
ORN_DL5,SApp21,20,9,10618,29,0
ORN_DL5,LgAG6,20,9,10618,29,0
ORN_DL5,tpn MN,20,9,10618,29,0
ORN_DL5,JO-B4_a,20,9,10618,29,0
ENS3,ORN_VA1v,12,17,10618,29,0
ENS3,JO-A1,12,17,10618,29,0
ENS3,SNpp05,12,17,10618,29,0
ENS3,SNxx28,12,17,10618,29,0
ENS3,ORN_VM5v,12,17,10618,29,0
ENS3,SNpp31,12,17,10618,29,0
ENS3,SNpp17,12,17,10618,29,0
ENS3,SNpp01,12,17,10618,29,0
SNpp35,HRN_VP1l,19,10,10618,29,0
SNpp35,PhG6,19,10,10618,29,0
SNpp35,LN-DN1,19,10,10618,29,0
SNpp35,ORN_DM4,19,10,10618,29,0
SNpp35,ORN_DM6,19,10,10618,29,0
SNpp35,ORN_VA3,19,10,10618,29,0
WG2,LB4a,20,9,10618,29,0
WG2,PhG3,20,9,10618,29,0
WG2,SApp21,20,9,10618,29,0
WG2,LgAG6,20,9,10618,29,0
WG2,tpn MN,20,9,10618,29,0
WG2,JO-B4_a,20,9,10618,29,0
LgAG3,LB4a,20,9,10618,29,0
LgAG3,PhG3,20,9,10618,29,0
LgAG3,SApp21,20,9,10618,29,0
LgAG3,tpn MN,20,9,10618,29,0
LgAG3,JO-B4_a,20,9,10618,29,0
SNxx17,HBeyelet,21,8,10618,29,0
SNxx17,PhG1a,21,8,10618,29,0
ORN_V,DNg20,16,13,10618,29,0
ORN_V,SNxx06,16,13,10618,29,0
ORN_V,SNpp15,16,13,10618,29,0
ORN_V,ORN_DA2,16,13,10618,29,0
ORN_V,PhG16,16,13,10618,29,0
ORN_V,SNpp18,16,13,10618,29,0
ORN_V,LgAG8,16,13,10618,29,0
ORN_VA1v,ORN_VM4,17,12,10618,29,0
ORN_VA1v,ENS1,17,12,10618,29,0
ORN_VA1v,PhG13,17,12,10618,29,0
ORN_VA1v,ORN_DC2,17,12,10618,29,0
ORN_VA1v,SNpp37,17,12,10618,29,0
ORN_VA1v,ORN_VC4,17,12,10618,29,0
ORN_VA1v,b2 MN,17,12,10618,29,0
JO-A1,ORN_VM4,17,12,10618,29,0
JO-A1,ENS1,17,12,10618,29,0
JO-A1,PhG13,17,12,10618,29,0
JO-A1,ORN_DC2,17,12,10618,29,0
JO-A1,SNpp37,17,12,10618,29,0
JO-A1,ORN_VC4,17,12,10618,29,0
JO-A1,b2 MN,17,12,10618,29,0
LgAG5,HRN_VP1l,19,10,10618,29,0
LgAG5,PhG6,19,10,10618,29,0
LgAG5,LN-DN1,19,10,10618,29,0
LgAG5,ORN_DM4,19,10,10618,29,0
LgAG5,ORN_DM6,19,10,10618,29,0
LgAG5,ORN_VA3,19,10,10618,29,0
SNpp10,R8d,26,3,10618,29,0
PhG1b,LB4a,20,9,10618,29,0
PhG1b,SApp21,20,9,10618,29,0
PhG1b,LgAG6,20,9,10618,29,0
PhG1b,tpn MN,20,9,10618,29,0
PhG1b,JO-B4_a,20,9,10618,29,0
HRN_VP5,ORN_VA1d,14,15,10618,29,0
HRN_VP5,SNpp57,14,15,10618,29,0
HRN_VP5,LB1b,14,15,10618,29,0
HRN_VP5,SNpp12,14,15,10618,29,0
HRN_VP5,PhG8,14,15,10618,29,0
SNpp62,LgLG7,22,7,10618,29,0
SNpp62,DNg83,22,7,10618,29,0
SNpp62,ORN_DL3,22,7,10618,29,0
SNpp62,ORN_DM3,22,7,10618,29,0
PhG10,DNg20,16,13,10618,29,0
PhG10,SNxx06,16,13,10618,29,0
PhG10,SNpp15,16,13,10618,29,0
PhG10,ORN_DA2,16,13,10618,29,0
PhG10,PhG16,16,13,10618,29,0
PhG10,SNpp18,16,13,10618,29,0
SApp01,R8d,26,3,10618,29,0
LgAG7,HRN_VP1l,19,10,10618,29,0
LgAG7,PhG6,19,10,10618,29,0
LgAG7,LN-DN1,19,10,10618,29,0
LgAG7,ORN_DM4,19,10,10618,29,0
LgAG7,ORN_DM6,19,10,10618,29,0
LgAG7,ORN_VA3,19,10,10618,29,0
HRN_VP1l,ORN_DL2d,10,19,10618,29,0
HRN_VP1l,JO-B1_a,10,19,10618,29,0
HRN_VP1l,SNta13,10,19,10618,29,0
ORN_DL2v,HBeyelet,21,8,10618,29,0
ORN_DL2v,PhG1a,21,8,10618,29,0
LB4b,ORN_VA1d,14,15,10618,29,0
LB4b,SNpp57,14,15,10618,29,0
LB4b,LB1b,14,15,10618,29,0
LB4b,SNpp12,14,15,10618,29,0
LB4b,PhG8,14,15,10618,29,0
SNxx24,ORN_VA1d,14,15,10618,29,0
SNxx24,SNpp57,14,15,10618,29,0
SNxx24,LB1b,14,15,10618,29,0
SNxx24,SNpp12,14,15,10618,29,0
SNxx24,PhG8,14,15,10618,29,0
BM_vOcci_vPoOr,LB4a,20,9,10618,29,0
BM_vOcci_vPoOr,PhG3,20,9,10618,29,0
BM_vOcci_vPoOr,SApp21,20,9,10618,29,0
BM_vOcci_vPoOr,LgAG6,20,9,10618,29,0
BM_vOcci_vPoOr,tpn MN,20,9,10618,29,0
BM_vOcci_vPoOr,JO-B4_a,20,9,10618,29,0
ORN_VC1,LB1a,18,11,10618,29,0
ORN_VC1,SNpp21,18,11,10618,29,0
ORN_VC1,ORN_VM7v,18,11,10618,29,0
ORN_VC1,ORN_DL1,18,11,10618,29,0
LB1a,ORN_VM7d,11,18,10618,29,0
LB1a,LgAG2,11,18,10618,29,0
LB1a,DNx01,11,18,10618,29,0
DNg20,ORN_VL1,13,16,10618,29,0
DNg20,LgLG4,13,16,10618,29,0
DNg20,ORN_VM5d,13,16,10618,29,0
DNg20,SNpp11,13,16,10618,29,0
DNg20,ALBN1,13,16,10618,29,0
DNg20,ENS5,13,16,10618,29,0
DNg20,dorsal_tpGRN,13,16,10618,29,0
DNg20,JO-CA2,13,16,10618,29,0
ORN_VL1,SNxx06,16,13,10618,29,0
ORN_VL1,SNpp15,16,13,10618,29,0
ORN_VL1,ORN_DA2,16,13,10618,29,0
ORN_VL1,PhG16,16,13,10618,29,0
ORN_VL1,SNpp18,16,13,10618,29,0
ORN_VL1,LgAG8,16,13,10618,29,0
ORN_VM4,SNpp05,12,17,10618,29,0
ORN_VM4,SNxx28,12,17,10618,29,0
ORN_VM4,ORN_VM5v,12,17,10618,29,0
ORN_VM4,SNpp31,12,17,10618,29,0
ORN_VM4,SNpp17,12,17,10618,29,0
ORN_VM4,SNpp01,12,17,10618,29,0
ORN_DL2d,PhG6,19,10,10618,29,0
ORN_DL2d,LN-DN1,19,10,10618,29,0
ORN_DL2d,ORN_DM4,19,10,10618,29,0
ORN_DL2d,ORN_DM6,19,10,10618,29,0
ORN_DL2d,ORN_VA3,19,10,10618,29,0
PhG6,JO-B1_a,10,19,10618,29,0
PhG6,SNta13,10,19,10618,29,0
ORN_VM7d,SNpp21,18,11,10618,29,0
ORN_VM7d,ORN_VM7v,18,11,10618,29,0
ORN_VM7d,ORN_DL1,18,11,10618,29,0
LB1e,LB4a,20,9,10618,29,0
LB1e,PhG3,20,9,10618,29,0
LB1e,SApp21,20,9,10618,29,0
LB1e,LgAG6,20,9,10618,29,0
LB1e,tpn MN,20,9,10618,29,0
LB1e,JO-B4_a,20,9,10618,29,0
ORN_VA1d,ORN_VC5,15,14,10618,29,0
ORN_VA1d,PhG4,15,14,10618,29,0
ORN_VA1d,SNpp06,15,14,10618,29,0
ORN_VA1d,BM_MaPa,15,14,10618,29,0
ORN_VA1d,PhG14,15,14,10618,29,0
ORN_VA1d,SNpp56,15,14,10618,29,0
ORN_VA1d,JO-B2,15,14,10618,29,0
ORN_VA1d,JO-B1_c,15,14,10618,29,0
SNpp57,ORN_VC5,15,14,10618,29,0
SNpp57,PhG4,15,14,10618,29,0
SNpp57,SNpp06,15,14,10618,29,0
SNpp57,BM_MaPa,15,14,10618,29,0
SNpp57,PhG14,15,14,10618,29,0
SNpp57,SNpp56,15,14,10618,29,0
SNpp57,JO-B2,15,14,10618,29,0
SNpp57,JO-B1_c,15,14,10618,29,0
ENS1,SNpp05,12,17,10618,29,0
ENS1,SNxx28,12,17,10618,29,0
ENS1,ORN_VM5v,12,17,10618,29,0
ENS1,SNpp31,12,17,10618,29,0
ENS1,SNpp17,12,17,10618,29,0
ENS1,SNpp01,12,17,10618,29,0
PhG13,SNpp05,12,17,10618,29,0
PhG13,SNxx28,12,17,10618,29,0
PhG13,ORN_VM5v,12,17,10618,29,0
PhG13,SNpp31,12,17,10618,29,0
PhG13,SNpp17,12,17,10618,29,0
PhG13,SNpp01,12,17,10618,29,0
LgLG4,SNxx06,16,13,10618,29,0
LgLG4,SNpp15,16,13,10618,29,0
LgLG4,ORN_DA2,16,13,10618,29,0
LgLG4,PhG16,16,13,10618,29,0
LgLG4,SNpp18,16,13,10618,29,0
LgLG4,LgAG8,16,13,10618,29,0
LB1b,ORN_VC5,15,14,10618,29,0
LB1b,PhG4,15,14,10618,29,0
LB1b,SNpp06,15,14,10618,29,0
LB1b,BM_MaPa,15,14,10618,29,0
LB1b,SNpp56,15,14,10618,29,0
LB1b,JO-B2,15,14,10618,29,0
LB1b,JO-B1_c,15,14,10618,29,0
SNpp58,LgLG7,22,7,10618,29,0
SNpp58,DNg83,22,7,10618,29,0
SNpp58,ORN_DL3,22,7,10618,29,0
SNpp58,ORN_DM3,22,7,10618,29,0
LgLG7,SNxx19,7,22,10618,29,0
LgLG7,SNxx21,7,22,10618,29,0
LgLG7,JO-B3,7,22,10618,29,0
SNxx30,LB4a,20,9,10618,29,0
SNxx30,PhG3,20,9,10618,29,0
SNxx30,SApp21,20,9,10618,29,0
SNxx30,LgAG6,20,9,10618,29,0
SNxx30,tpn MN,20,9,10618,29,0
SNxx30,JO-B4_a,20,9,10618,29,0
SNpp21,LgAG2,11,18,10618,29,0
SNpp21,DNx01,11,18,10618,29,0
ORN_VM7v,LgAG2,11,18,10618,29,0
ORN_VM7v,DNx01,11,18,10618,29,0
ORN_VM5d,SNxx06,16,13,10618,29,0
ORN_VM5d,SNpp15,16,13,10618,29,0
ORN_VM5d,PhG16,16,13,10618,29,0
ORN_VM5d,SNpp18,16,13,10618,29,0
ORN_VM5d,LgAG8,16,13,10618,29,0
ORN_VC5,SNpp12,14,15,10618,29,0
ORN_VC5,PhG8,14,15,10618,29,0
PhG4,SNpp12,14,15,10618,29,0
PhG4,PhG8,14,15,10618,29,0
LgAG2,ORN_DL1,18,11,10618,29,0
SNxx19,DNg83,22,7,10618,29,0
SNxx19,ORN_DL3,22,7,10618,29,0
SNxx19,ORN_DM3,22,7,10618,29,0
SNxx06,SNpp11,13,16,10618,29,0
SNxx06,ALBN1,13,16,10618,29,0
SNxx06,ENS5,13,16,10618,29,0
SNxx06,dorsal_tpGRN,13,16,10618,29,0
SNxx06,JO-CA2,13,16,10618,29,0
ORN_DC2,SNpp05,12,17,10618,29,0
ORN_DC2,SNxx28,12,17,10618,29,0
ORN_DC2,ORN_VM5v,12,17,10618,29,0
ORN_DC2,SNpp31,12,17,10618,29,0
ORN_DC2,SNpp17,12,17,10618,29,0
ORN_DC2,SNpp01,12,17,10618,29,0
JO-B1_a,LN-DN1,19,10,10618,29,0
JO-B1_a,ORN_DM4,19,10,10618,29,0
JO-B1_a,ORN_DM6,19,10,10618,29,0
JO-B1_a,ORN_VA3,19,10,10618,29,0
SNxx21,DNg83,22,7,10618,29,0
SNxx21,ORN_DL3,22,7,10618,29,0
SNxx21,ORN_DM3,22,7,10618,29,0
DNg83,JO-B3,7,22,10618,29,0
SNpp06,SNpp12,14,15,10618,29,0
SNpp06,PhG8,14,15,10618,29,0
SNpp05,SNpp37,17,12,10618,29,0
SNpp05,ORN_VC4,17,12,10618,29,0
SNpp05,b2 MN,17,12,10618,29,0
LN-DN1,SNta13,10,19,10618,29,0
ORN_DM4,SNta13,10,19,10618,29,0
SNpp15,SNpp11,13,16,10618,29,0
SNpp15,ALBN1,13,16,10618,29,0
SNpp15,ENS5,13,16,10618,29,0
SNpp15,dorsal_tpGRN,13,16,10618,29,0
SNpp15,JO-CA2,13,16,10618,29,0
ORN_DA2,SNpp11,13,16,10618,29,0
ORN_DA2,ALBN1,13,16,10618,29,0
ORN_DA2,ENS5,13,16,10618,29,0
ORN_DA2,dorsal_tpGRN,13,16,10618,29,0
ORN_DA2,JO-CA2,13,16,10618,29,0
JO-B3,ORN_DL3,22,7,10618,29,0
JO-B3,ORN_DM3,22,7,10618,29,0
SNpp02,ORN_DA3,24,5,10618,29,0
SNxx28,SNpp37,17,12,10618,29,0
SNxx28,ORN_VC4,17,12,10618,29,0
SNxx28,b2 MN,17,12,10618,29,0
ORN_VM5v,SNpp37,17,12,10618,29,0
ORN_VM5v,ORN_VC4,17,12,10618,29,0
ORN_VM5v,b2 MN,17,12,10618,29,0
BM_MaPa,SNpp12,14,15,10618,29,0
BM_MaPa,PhG8,14,15,10618,29,0
PhG14,SNpp12,14,15,10618,29,0
ORN_DL1,DNx01,11,18,10618,29,0
SNta13,ORN_DM6,19,10,10618,29,0
SNta13,ORN_VA3,19,10,10618,29,0
PhG16,SNpp11,13,16,10618,29,0
PhG16,ALBN1,13,16,10618,29,0
PhG16,ENS5,13,16,10618,29,0
PhG16,dorsal_tpGRN,13,16,10618,29,0
PhG16,JO-CA2,13,16,10618,29,0
SNpp37,SNpp31,12,17,10618,29,0
SNpp37,SNpp17,12,17,10618,29,0
SNpp37,SNpp01,12,17,10618,29,0
SNpp18,SNpp11,13,16,10618,29,0
SNpp18,ALBN1,13,16,10618,29,0
SNpp18,ENS5,13,16,10618,29,0
SNpp18,dorsal_tpGRN,13,16,10618,29,0
SNpp18,JO-CA2,13,16,10618,29,0
SNpp12,SNpp56,15,14,10618,29,0
SNpp12,JO-B2,15,14,10618,29,0
SNpp12,JO-B1_c,15,14,10618,29,0
SNpp11,LgAG8,16,13,10618,29,0
SNpp56,PhG8,14,15,10618,29,0
ORN_VC4,SNpp31,12,17,10618,29,0
ORN_VC4,SNpp17,12,17,10618,29,0
ORN_VC4,SNpp01,12,17,10618,29,0
b2 MN,SNpp31,12,17,10618,29,0
b2 MN,SNpp17,12,17,10618,29,0
b2 MN,SNpp01,12,17,10618,29,0
LgAG8,ALBN1,13,16,10618,29,0
LgAG8,ENS5,13,16,10618,29,0
LgAG8,dorsal_tpGRN,13,16,10618,29,0
LgAG8,JO-CA2,13,16,10618,29,0
JO-B2,PhG8,14,15,10618,29,0
JO-B1_c,PhG8,14,15,10618,29,0
SNxx08,LgLG5,20,8,10619,28,0
SNxx08,HBeyelet,20,8,10619,28,0
SNxx08,PhG1a,20,8,10619,28,0
R7_unclear,R7d,15,13,10619,28,0
R7_unclear,LgLG6,15,13,10619,28,0
R7_unclear,ORN_DM2,15,13,10619,28,0
R7_unclear,DNg20,15,13,10619,28,0
R7_unclear,SNxx06,15,13,10619,28,0
R7_unclear,SNpp15,15,13,10619,28,0
R7_unclear,ORN_DA2,15,13,10619,28,0
R7_unclear,PhG16,15,13,10619,28,0
R7_unclear,SNpp18,15,13,10619,28,0
R7_unclear,LgAG8,15,13,10619,28,0
R7y,LB3b,11,17,10619,28,0
R7y,ORN_VA1v,11,17,10619,28,0
R7y,JO-A1,11,17,10619,28,0
R7y,SNpp05,11,17,10619,28,0
R7y,SNxx28,11,17,10619,28,0
R7y,ORN_VM5v,11,17,10619,28,0
R7y,SNpp31,11,17,10619,28,0
R7y,SNpp17,11,17,10619,28,0
R7y,SNpp01,11,17,10619,28,0
R7p,LB3b,11,17,10619,28,0
R7p,ORN_VA1v,11,17,10619,28,0
R7p,JO-A1,11,17,10619,28,0
R7p,SNpp05,11,17,10619,28,0
R7p,SNxx28,11,17,10619,28,0
R7p,ORN_VM5v,11,17,10619,28,0
R7p,SNpp31,11,17,10619,28,0
R7p,SNpp17,11,17,10619,28,0
R7p,SNpp01,11,17,10619,28,0
R7d,WG1,13,15,10619,28,0
R7d,LgAG9,13,15,10619,28,0
R7d,ORN_VA1d,13,15,10619,28,0
R7d,SNpp57,13,15,10619,28,0
R7d,LB1b,13,15,10619,28,0
R7d,SNpp12,13,15,10619,28,0
R7d,PhG8,13,15,10619,28,0
LgLG6,WG1,13,15,10619,28,0
LgLG6,LgAG9,13,15,10619,28,0
LgLG6,ORN_VA1d,13,15,10619,28,0
LgLG6,SNpp57,13,15,10619,28,0
LgLG6,LB1b,13,15,10619,28,0
LgLG6,SNpp12,13,15,10619,28,0
LgLG6,PhG8,13,15,10619,28,0
aPhM4,LgLG8,19,9,10619,28,0
aPhM4,LB4a,19,9,10619,28,0
aPhM4,PhG3,19,9,10619,28,0
aPhM4,SApp21,19,9,10619,28,0
aPhM4,LgAG6,19,9,10619,28,0
aPhM4,tpn MN,19,9,10619,28,0
aPhM4,JO-B4_a,19,9,10619,28,0
R8p,LB3b,11,17,10619,28,0
R8p,ORN_VA1v,11,17,10619,28,0
R8p,JO-A1,11,17,10619,28,0
R8p,SNpp05,11,17,10619,28,0
R8p,SNxx28,11,17,10619,28,0
R8p,ORN_VM5v,11,17,10619,28,0
R8p,SNpp31,11,17,10619,28,0
R8p,SNpp17,11,17,10619,28,0
R8p,SNpp01,11,17,10619,28,0
SNxx09,LB3b,11,17,10619,28,0
SNxx09,ORN_VA1v,11,17,10619,28,0
SNxx09,JO-A1,11,17,10619,28,0
SNxx09,SNpp05,11,17,10619,28,0
SNxx09,SNxx28,11,17,10619,28,0
SNxx09,ORN_VM5v,11,17,10619,28,0
SNxx09,SNpp31,11,17,10619,28,0
SNxx09,SNpp17,11,17,10619,28,0
SNxx09,SNpp01,11,17,10619,28,0
LB3b,LgLG2,17,11,10619,28,0
LB3b,R8_unclear,17,11,10619,28,0
LB3b,LB1a,17,11,10619,28,0
LB3b,SNpp21,17,11,10619,28,0
LB3b,ORN_VM7v,17,11,10619,28,0
LB3b,ORN_DL1,17,11,10619,28,0
GNG644,LgLG5,20,8,10619,28,0
GNG644,HBeyelet,20,8,10619,28,0
GNG644,PhG1a,20,8,10619,28,0
R8y,TRN_VP3a,10,18,10619,28,0
R8y,TRN_VP2,10,18,10619,28,0
R8y,aPhM2b,10,18,10619,28,0
R8y,ORN_VC1,10,18,10619,28,0
R8y,ORN_VM7d,10,18,10619,28,0
R8y,LgAG2,10,18,10619,28,0
R8y,DNx01,10,18,10619,28,0
LgLG5,ORN_DL5,8,20,10619,28,0
LgLG5,WG2,8,20,10619,28,0
LgLG5,LgAG3,8,20,10619,28,0
LgLG5,PhG1b,8,20,10619,28,0
LgLG5,BM_vOcci_vPoOr,8,20,10619,28,0
LgLG5,LB1e,8,20,10619,28,0
LgLG5,SNxx30,8,20,10619,28,0
JO-A3,LgLG7,21,7,10619,28,0
JO-A3,DNg83,21,7,10619,28,0
JO-A3,ORN_DL3,21,7,10619,28,0
JO-A3,ORN_DM3,21,7,10619,28,0
WG1,ORN_DM2,15,13,10619,28,0
WG1,DNg20,15,13,10619,28,0
WG1,SNxx06,15,13,10619,28,0
WG1,SNpp15,15,13,10619,28,0
WG1,ORN_DA2,15,13,10619,28,0
WG1,PhG16,15,13,10619,28,0
WG1,SNpp18,15,13,10619,28,0
WG1,LgAG8,15,13,10619,28,0
LgLG2,ORN_VA1v,11,17,10619,28,0
LgLG2,JO-A1,11,17,10619,28,0
LgLG2,SNpp05,11,17,10619,28,0
LgLG2,SNxx28,11,17,10619,28,0
LgLG2,ORN_VM5v,11,17,10619,28,0
LgLG2,SNpp31,11,17,10619,28,0
LgLG2,SNpp17,11,17,10619,28,0
LgLG2,SNpp01,11,17,10619,28,0
TRN_VP3a,HRN_VP1l,18,10,10619,28,0
TRN_VP3a,PhG6,18,10,10619,28,0
TRN_VP3a,LN-DN1,18,10,10619,28,0
TRN_VP3a,ORN_DM4,18,10,10619,28,0
TRN_VP3a,ORN_DM6,18,10,10619,28,0
TRN_VP3a,ORN_VA3,18,10,10619,28,0
LgLG8,LB3a,9,19,10619,28,0
LgLG8,SNpp35,9,19,10619,28,0
LgLG8,LgAG5,9,19,10619,28,0
LgLG8,LgAG7,9,19,10619,28,0
LgLG8,ORN_DL2d,9,19,10619,28,0
LgLG8,JO-B1_a,9,19,10619,28,0
LgLG8,SNta13,9,19,10619,28,0
LB3c,R8d,25,3,10619,28,0
ORN_VM6v,LgLG7,21,7,10619,28,0
ORN_VM6v,DNg83,21,7,10619,28,0
ORN_VM6v,ORN_DL3,21,7,10619,28,0
ORN_VM6v,ORN_DM3,21,7,10619,28,0
LB3a,LB4a,19,9,10619,28,0
LB3a,PhG3,19,9,10619,28,0
LB3a,SApp21,19,9,10619,28,0
LB3a,LgAG6,19,9,10619,28,0
LB3a,tpn MN,19,9,10619,28,0
LB3a,JO-B4_a,19,9,10619,28,0
R8_unclear,ORN_VA1v,11,17,10619,28,0
R8_unclear,JO-A1,11,17,10619,28,0
R8_unclear,SNpp05,11,17,10619,28,0
R8_unclear,SNxx28,11,17,10619,28,0
R8_unclear,ORN_VM5v,11,17,10619,28,0
R8_unclear,SNpp31,11,17,10619,28,0
R8_unclear,SNpp17,11,17,10619,28,0
R8_unclear,SNpp01,11,17,10619,28,0
WG4,ORN_DA3,23,5,10619,28,0
GNG642,ENS3,16,12,10619,28,0
GNG642,ORN_VM4,16,12,10619,28,0
GNG642,ENS1,16,12,10619,28,0
GNG642,PhG13,16,12,10619,28,0
GNG642,ORN_DC2,16,12,10619,28,0
GNG642,SNpp37,16,12,10619,28,0
GNG642,ORN_VC4,16,12,10619,28,0
GNG642,b2 MN,16,12,10619,28,0
ORN_DM2,LgAG9,13,15,10619,28,0
ORN_DM2,ORN_VA1d,13,15,10619,28,0
ORN_DM2,SNpp57,13,15,10619,28,0
ORN_DM2,LB1b,13,15,10619,28,0
ORN_DM2,SNpp12,13,15,10619,28,0
ORN_DM2,PhG8,13,15,10619,28,0
GNG654,HRN_VP5,14,14,10619,28,0
GNG654,LB4b,14,14,10619,28,0
GNG654,SNxx24,14,14,10619,28,0
GNG654,ORN_VC5,14,14,10619,28,0
GNG654,PhG4,14,14,10619,28,0
GNG654,SNpp06,14,14,10619,28,0
GNG654,BM_MaPa,14,14,10619,28,0
GNG654,PhG14,14,14,10619,28,0
GNG654,SNpp56,14,14,10619,28,0
GNG654,JO-B2,14,14,10619,28,0
GNG654,JO-B1_c,14,14,10619,28,0
TRN_VP2,HRN_VP1l,18,10,10619,28,0
TRN_VP2,PhG6,18,10,10619,28,0
TRN_VP2,LN-DN1,18,10,10619,28,0
TRN_VP2,ORN_DM4,18,10,10619,28,0
TRN_VP2,ORN_DM6,18,10,10619,28,0
TRN_VP2,ORN_VA3,18,10,10619,28,0
aPhM2b,HRN_VP1l,18,10,10619,28,0
aPhM2b,PhG6,18,10,10619,28,0
aPhM2b,LN-DN1,18,10,10619,28,0
aPhM2b,ORN_DM4,18,10,10619,28,0
aPhM2b,ORN_DM6,18,10,10619,28,0
aPhM2b,ORN_VA3,18,10,10619,28,0
LgAG9,DNg20,15,13,10619,28,0
LgAG9,SNxx06,15,13,10619,28,0
LgAG9,SNpp15,15,13,10619,28,0
LgAG9,ORN_DA2,15,13,10619,28,0
LgAG9,PhG16,15,13,10619,28,0
LgAG9,SNpp18,15,13,10619,28,0
ORN_DL5,HBeyelet,20,8,10619,28,0
ORN_DL5,PhG1a,20,8,10619,28,0
ENS3,ORN_V,12,16,10619,28,0
ENS3,PhG10,12,16,10619,28,0
ENS3,ORN_VL1,12,16,10619,28,0
ENS3,LgLG4,12,16,10619,28,0
ENS3,ORN_VM5d,12,16,10619,28,0
ENS3,SNpp11,12,16,10619,28,0
ENS3,ALBN1,12,16,10619,28,0
ENS3,ENS5,12,16,10619,28,0
ENS3,dorsal_tpGRN,12,16,10619,28,0
ENS3,JO-CA2,12,16,10619,28,0
SNpp35,LB4a,19,9,10619,28,0
SNpp35,PhG3,19,9,10619,28,0
SNpp35,SApp21,19,9,10619,28,0
SNpp35,LgAG6,19,9,10619,28,0
SNpp35,tpn MN,19,9,10619,28,0
SNpp35,JO-B4_a,19,9,10619,28,0
WG2,HBeyelet,20,8,10619,28,0
WG2,PhG1a,20,8,10619,28,0
LgAG3,HBeyelet,20,8,10619,28,0
LgAG3,PhG1a,20,8,10619,28,0
SNxx17,LgLG7,21,7,10619,28,0
SNxx17,DNg83,21,7,10619,28,0
SNxx17,ORN_DL3,21,7,10619,28,0
SNxx17,ORN_DM3,21,7,10619,28,0
ORN_V,ORN_VM4,16,12,10619,28,0
ORN_V,ENS1,16,12,10619,28,0
ORN_V,PhG13,16,12,10619,28,0
ORN_V,ORN_DC2,16,12,10619,28,0
ORN_V,SNpp37,16,12,10619,28,0
ORN_V,ORN_VC4,16,12,10619,28,0
ORN_V,b2 MN,16,12,10619,28,0
ORN_VA1v,LB1a,17,11,10619,28,0
ORN_VA1v,SNpp21,17,11,10619,28,0
ORN_VA1v,ORN_VM7v,17,11,10619,28,0
ORN_VA1v,ORN_DL1,17,11,10619,28,0
JO-A1,LB1a,17,11,10619,28,0
JO-A1,SNpp21,17,11,10619,28,0
JO-A1,ORN_VM7v,17,11,10619,28,0
JO-A1,ORN_DL1,17,11,10619,28,0
SNxx26,R8d,25,3,10619,28,0
ORN_VA2,R8d,25,3,10619,28,0
LgAG5,LB4a,19,9,10619,28,0
LgAG5,PhG3,19,9,10619,28,0
LgAG5,SApp21,19,9,10619,28,0
LgAG5,LgAG6,19,9,10619,28,0
LgAG5,tpn MN,19,9,10619,28,0
LgAG5,JO-B4_a,19,9,10619,28,0
PhG1b,HBeyelet,20,8,10619,28,0
HRN_VP5,LB4b,14,14,10619,28,0
HRN_VP5,SNxx24,14,14,10619,28,0
HRN_VP5,ORN_VC5,14,14,10619,28,0
HRN_VP5,PhG4,14,14,10619,28,0
HRN_VP5,SNpp06,14,14,10619,28,0
HRN_VP5,BM_MaPa,14,14,10619,28,0
HRN_VP5,PhG14,14,14,10619,28,0
HRN_VP5,SNpp56,14,14,10619,28,0
HRN_VP5,JO-B2,14,14,10619,28,0
HRN_VP5,JO-B1_c,14,14,10619,28,0
PhG10,ORN_VM4,16,12,10619,28,0
PhG10,ENS1,16,12,10619,28,0
PhG10,PhG13,16,12,10619,28,0
PhG10,ORN_DC2,16,12,10619,28,0
PhG10,SNpp37,16,12,10619,28,0
PhG10,ORN_VC4,16,12,10619,28,0
PhG10,b2 MN,16,12,10619,28,0
LgAG7,LB4a,19,9,10619,28,0
LgAG7,PhG3,19,9,10619,28,0
LgAG7,SApp21,19,9,10619,28,0
LgAG7,LgAG6,19,9,10619,28,0
LgAG7,tpn MN,19,9,10619,28,0
LgAG7,JO-B4_a,19,9,10619,28,0
HRN_VP1l,ORN_VC1,10,18,10619,28,0
HRN_VP1l,ORN_VM7d,10,18,10619,28,0
HRN_VP1l,LgAG2,10,18,10619,28,0
HRN_VP1l,DNx01,10,18,10619,28,0
ORN_DL2v,LgLG7,21,7,10619,28,0
ORN_DL2v,DNg83,21,7,10619,28,0
ORN_DL2v,ORN_DL3,21,7,10619,28,0
ORN_DL2v,ORN_DM3,21,7,10619,28,0
LB4b,SNxx24,14,14,10619,28,0
LB4b,ORN_VC5,14,14,10619,28,0
LB4b,PhG4,14,14,10619,28,0
LB4b,SNpp06,14,14,10619,28,0
LB4b,BM_MaPa,14,14,10619,28,0
LB4b,PhG14,14,14,10619,28,0
LB4b,SNpp56,14,14,10619,28,0
LB4b,JO-B2,14,14,10619,28,0
LB4b,JO-B1_c,14,14,10619,28,0
SNxx24,ORN_VC5,14,14,10619,28,0
SNxx24,PhG4,14,14,10619,28,0
SNxx24,SNpp06,14,14,10619,28,0
SNxx24,BM_MaPa,14,14,10619,28,0
SNxx24,PhG14,14,14,10619,28,0
SNxx24,SNpp56,14,14,10619,28,0
SNxx24,JO-B2,14,14,10619,28,0
SNxx24,JO-B1_c,14,14,10619,28,0
BM_vOcci_vPoOr,HBeyelet,20,8,10619,28,0
BM_vOcci_vPoOr,PhG1a,20,8,10619,28,0
ORN_VC1,PhG6,18,10,10619,28,0
ORN_VC1,LN-DN1,18,10,10619,28,0
ORN_VC1,ORN_DM4,18,10,10619,28,0
ORN_VC1,ORN_DM6,18,10,10619,28,0
ORN_VC1,ORN_VA3,18,10,10619,28,0
LB1a,SNpp05,11,17,10619,28,0
LB1a,SNxx28,11,17,10619,28,0
LB1a,ORN_VM5v,11,17,10619,28,0
LB1a,SNpp31,11,17,10619,28,0
LB1a,SNpp17,11,17,10619,28,0
LB1a,SNpp01,11,17,10619,28,0
DNg20,ORN_VA1d,13,15,10619,28,0
DNg20,SNpp57,13,15,10619,28,0
DNg20,LB1b,13,15,10619,28,0
DNg20,SNpp12,13,15,10619,28,0
DNg20,PhG8,13,15,10619,28,0
ORN_VL1,ORN_VM4,16,12,10619,28,0
ORN_VL1,ENS1,16,12,10619,28,0
ORN_VL1,PhG13,16,12,10619,28,0
ORN_VL1,ORN_DC2,16,12,10619,28,0
ORN_VL1,SNpp37,16,12,10619,28,0
ORN_VL1,ORN_VC4,16,12,10619,28,0
ORN_VL1,b2 MN,16,12,10619,28,0
ORN_VM4,LgLG4,12,16,10619,28,0
ORN_VM4,ORN_VM5d,12,16,10619,28,0
ORN_VM4,SNpp11,12,16,10619,28,0
ORN_VM4,ALBN1,12,16,10619,28,0
ORN_VM4,ENS5,12,16,10619,28,0
ORN_VM4,dorsal_tpGRN,12,16,10619,28,0
ORN_VM4,JO-CA2,12,16,10619,28,0
ORN_DL2d,LB4a,19,9,10619,28,0
ORN_DL2d,PhG3,19,9,10619,28,0
ORN_DL2d,SApp21,19,9,10619,28,0
ORN_DL2d,LgAG6,19,9,10619,28,0
ORN_DL2d,tpn MN,19,9,10619,28,0
ORN_DL2d,JO-B4_a,19,9,10619,28,0
PhG6,ORN_VM7d,10,18,10619,28,0
PhG6,LgAG2,10,18,10619,28,0
PhG6,DNx01,10,18,10619,28,0
ORN_VM7d,LN-DN1,18,10,10619,28,0
ORN_VM7d,ORN_DM4,18,10,10619,28,0
ORN_VM7d,ORN_DM6,18,10,10619,28,0
ORN_VM7d,ORN_VA3,18,10,10619,28,0
ORN_D,ORN_DA3,23,5,10619,28,0
LB1e,HBeyelet,20,8,10619,28,0
LB1e,PhG1a,20,8,10619,28,0
ORN_VA1d,SNxx06,15,13,10619,28,0
ORN_VA1d,SNpp15,15,13,10619,28,0
ORN_VA1d,ORN_DA2,15,13,10619,28,0
ORN_VA1d,PhG16,15,13,10619,28,0
ORN_VA1d,SNpp18,15,13,10619,28,0
ORN_VA1d,LgAG8,15,13,10619,28,0
SNpp57,SNxx06,15,13,10619,28,0
SNpp57,SNpp15,15,13,10619,28,0
SNpp57,ORN_DA2,15,13,10619,28,0
SNpp57,PhG16,15,13,10619,28,0
SNpp57,SNpp18,15,13,10619,28,0
SNpp57,LgAG8,15,13,10619,28,0
ENS1,LgLG4,12,16,10619,28,0
ENS1,ORN_VM5d,12,16,10619,28,0
ENS1,SNpp11,12,16,10619,28,0
ENS1,ALBN1,12,16,10619,28,0
ENS1,ENS5,12,16,10619,28,0
ENS1,dorsal_tpGRN,12,16,10619,28,0
ENS1,JO-CA2,12,16,10619,28,0
PhG13,LgLG4,12,16,10619,28,0
PhG13,ORN_VM5d,12,16,10619,28,0
PhG13,SNpp11,12,16,10619,28,0
PhG13,ALBN1,12,16,10619,28,0
PhG13,ENS5,12,16,10619,28,0
PhG13,dorsal_tpGRN,12,16,10619,28,0
PhG13,JO-CA2,12,16,10619,28,0
LgLG4,ORN_DC2,16,12,10619,28,0
LgLG4,SNpp37,16,12,10619,28,0
LgLG4,ORN_VC4,16,12,10619,28,0
LgLG4,b2 MN,16,12,10619,28,0
HBeyelet,SNxx30,8,20,10619,28,0
LB1b,SNxx06,15,13,10619,28,0
LB1b,SNpp15,15,13,10619,28,0
LB1b,ORN_DA2,15,13,10619,28,0
LB1b,PhG16,15,13,10619,28,0
LB1b,SNpp18,15,13,10619,28,0
SNxx30,PhG1a,20,8,10619,28,0
SNpp21,SNpp05,11,17,10619,28,0
SNpp21,SNxx28,11,17,10619,28,0
SNpp21,ORN_VM5v,11,17,10619,28,0
SNpp21,SNpp31,11,17,10619,28,0
SNpp21,SNpp17,11,17,10619,28,0
SNpp21,SNpp01,11,17,10619,28,0
ORN_VM7v,SNpp05,11,17,10619,28,0
ORN_VM7v,SNxx28,11,17,10619,28,0
ORN_VM7v,ORN_VM5v,11,17,10619,28,0
ORN_VM7v,SNpp31,11,17,10619,28,0
ORN_VM7v,SNpp17,11,17,10619,28,0
ORN_VM7v,SNpp01,11,17,10619,28,0
ORN_VM5d,SNpp37,16,12,10619,28,0
ORN_VM5d,ORN_VC4,16,12,10619,28,0
ORN_VM5d,b2 MN,16,12,10619,28,0
ORN_VC5,PhG4,14,14,10619,28,0
ORN_VC5,SNpp06,14,14,10619,28,0
ORN_VC5,BM_MaPa,14,14,10619,28,0
ORN_VC5,PhG14,14,14,10619,28,0
ORN_VC5,SNpp56,14,14,10619,28,0
ORN_VC5,JO-B2,14,14,10619,28,0
ORN_VC5,JO-B1_c,14,14,10619,28,0
PhG4,SNpp06,14,14,10619,28,0
PhG4,BM_MaPa,14,14,10619,28,0
PhG4,PhG14,14,14,10619,28,0
PhG4,SNpp56,14,14,10619,28,0
PhG4,JO-B2,14,14,10619,28,0
PhG4,JO-B1_c,14,14,10619,28,0
LgAG2,LN-DN1,18,10,10619,28,0
LgAG2,ORN_DM4,18,10,10619,28,0
LgAG2,ORN_DM6,18,10,10619,28,0
LgAG2,ORN_VA3,18,10,10619,28,0
SNxx06,SNpp12,13,15,10619,28,0
SNxx06,PhG8,13,15,10619,28,0
ORN_DC2,SNpp11,12,16,10619,28,0
ORN_DC2,ALBN1,12,16,10619,28,0
ORN_DC2,ENS5,12,16,10619,28,0
ORN_DC2,dorsal_tpGRN,12,16,10619,28,0
ORN_DC2,JO-CA2,12,16,10619,28,0
JO-B1_a,LB4a,19,9,10619,28,0
JO-B1_a,PhG3,19,9,10619,28,0
JO-B1_a,SApp21,19,9,10619,28,0
JO-B1_a,LgAG6,19,9,10619,28,0
JO-B1_a,tpn MN,19,9,10619,28,0
JO-B1_a,JO-B4_a,19,9,10619,28,0
SNpp06,BM_MaPa,14,14,10619,28,0
SNpp06,PhG14,14,14,10619,28,0
SNpp06,SNpp56,14,14,10619,28,0
SNpp06,JO-B2,14,14,10619,28,0
SNpp06,JO-B1_c,14,14,10619,28,0
SNpp05,ORN_DL1,17,11,10619,28,0
LN-DN1,DNx01,10,18,10619,28,0
ORN_DM4,DNx01,10,18,10619,28,0
SNpp15,SNpp12,13,15,10619,28,0
SNpp15,PhG8,13,15,10619,28,0
ORN_DA2,SNpp12,13,15,10619,28,0
ORN_DA2,PhG8,13,15,10619,28,0
SNxx28,ORN_DL1,17,11,10619,28,0
ORN_VM5v,ORN_DL1,17,11,10619,28,0
BM_MaPa,PhG14,14,14,10619,28,0
BM_MaPa,SNpp56,14,14,10619,28,0
BM_MaPa,JO-B2,14,14,10619,28,0
BM_MaPa,JO-B1_c,14,14,10619,28,0
PhG14,SNpp56,14,14,10619,28,0
PhG14,JO-B2,14,14,10619,28,0
PhG14,JO-B1_c,14,14,10619,28,0
ORN_DL1,SNpp31,11,17,10619,28,0
ORN_DL1,SNpp17,11,17,10619,28,0
ORN_DL1,SNpp01,11,17,10619,28,0
SNta13,LB4a,19,9,10619,28,0
SNta13,PhG3,19,9,10619,28,0
SNta13,SApp21,19,9,10619,28,0
SNta13,LgAG6,19,9,10619,28,0
SNta13,tpn MN,19,9,10619,28,0
SNta13,JO-B4_a,19,9,10619,28,0
PhG16,SNpp12,13,15,10619,28,0
PhG16,PhG8,13,15,10619,28,0
SNpp37,SNpp11,12,16,10619,28,0
SNpp37,ALBN1,12,16,10619,28,0
SNpp37,ENS5,12,16,10619,28,0
SNpp37,dorsal_tpGRN,12,16,10619,28,0
SNpp37,JO-CA2,12,16,10619,28,0
SNpp18,SNpp12,13,15,10619,28,0
SNpp18,PhG8,13,15,10619,28,0
SNpp12,LgAG8,15,13,10619,28,0
SNpp11,ORN_VC4,16,12,10619,28,0
SNpp11,b2 MN,16,12,10619,28,0
SNpp56,JO-B2,14,14,10619,28,0
SNpp56,JO-B1_c,14,14,10619,28,0
ORN_VC4,ENS5,12,16,10619,28,0
ORN_VC4,dorsal_tpGRN,12,16,10619,28,0
ORN_VC4,JO-CA2,12,16,10619,28,0
b2 MN,ALBN1,12,16,10619,28,0
b2 MN,ENS5,12,16,10619,28,0
b2 MN,dorsal_tpGRN,12,16,10619,28,0
b2 MN,JO-CA2,12,16,10619,28,0
JO-B2,JO-B1_c,14,14,10619,28,0
ORN_DM6,DNx01,10,18,10619,28,0
ORN_VA3,DNx01,10,18,10619,28,0
SNxx08,LgLG7,20,7,10620,27,0
SNxx08,DNg83,20,7,10620,27,0
SNxx08,ORN_DL3,20,7,10620,27,0
SNxx08,ORN_DM3,20,7,10620,27,0
R7_unclear,ENS3,15,12,10620,27,0
R7_unclear,ORN_VM4,15,12,10620,27,0
R7_unclear,ENS1,15,12,10620,27,0
R7_unclear,PhG13,15,12,10620,27,0
R7_unclear,ORN_DC2,15,12,10620,27,0
R7_unclear,SNpp37,15,12,10620,27,0
R7_unclear,ORN_VC4,15,12,10620,27,0
R7_unclear,b2 MN,15,12,10620,27,0
R7y,GNG642,11,16,10620,27,0
R7y,ORN_V,11,16,10620,27,0
R7y,PhG10,11,16,10620,27,0
R7y,ORN_VL1,11,16,10620,27,0
R7y,LgLG4,11,16,10620,27,0
R7y,ORN_VM5d,11,16,10620,27,0
R7y,SNpp11,11,16,10620,27,0
R7y,ALBN1,11,16,10620,27,0
R7y,ENS5,11,16,10620,27,0
R7y,dorsal_tpGRN,11,16,10620,27,0
R7y,JO-CA2,11,16,10620,27,0
R7p,GNG642,11,16,10620,27,0
R7p,ORN_V,11,16,10620,27,0
R7p,PhG10,11,16,10620,27,0
R7p,ORN_VL1,11,16,10620,27,0
R7p,LgLG4,11,16,10620,27,0
R7p,ORN_VM5d,11,16,10620,27,0
R7p,SNpp11,11,16,10620,27,0
R7p,ALBN1,11,16,10620,27,0
R7p,ENS5,11,16,10620,27,0
R7p,dorsal_tpGRN,11,16,10620,27,0
R7p,JO-CA2,11,16,10620,27,0
R7d,GNG654,13,14,10620,27,0
R7d,HRN_VP5,13,14,10620,27,0
R7d,LB4b,13,14,10620,27,0
R7d,SNxx24,13,14,10620,27,0
R7d,ORN_VC5,13,14,10620,27,0
R7d,PhG4,13,14,10620,27,0
R7d,SNpp06,13,14,10620,27,0
R7d,BM_MaPa,13,14,10620,27,0
R7d,PhG14,13,14,10620,27,0
R7d,SNpp56,13,14,10620,27,0
R7d,JO-B2,13,14,10620,27,0
R7d,JO-B1_c,13,14,10620,27,0
LgLG6,GNG654,13,14,10620,27,0
LgLG6,HRN_VP5,13,14,10620,27,0
LgLG6,LB4b,13,14,10620,27,0
LgLG6,SNxx24,13,14,10620,27,0
LgLG6,ORN_VC5,13,14,10620,27,0
LgLG6,PhG4,13,14,10620,27,0
LgLG6,SNpp06,13,14,10620,27,0
LgLG6,BM_MaPa,13,14,10620,27,0
LgLG6,PhG14,13,14,10620,27,0
LgLG6,SNpp56,13,14,10620,27,0
LgLG6,JO-B2,13,14,10620,27,0
LgLG6,JO-B1_c,13,14,10620,27,0
aPhM4,LgLG5,19,8,10620,27,0
aPhM4,HBeyelet,19,8,10620,27,0
aPhM4,PhG1a,19,8,10620,27,0
R8p,GNG642,11,16,10620,27,0
R8p,ORN_V,11,16,10620,27,0
R8p,PhG10,11,16,10620,27,0
R8p,ORN_VL1,11,16,10620,27,0
R8p,LgLG4,11,16,10620,27,0
R8p,ORN_VM5d,11,16,10620,27,0
R8p,SNpp11,11,16,10620,27,0
R8p,ALBN1,11,16,10620,27,0
R8p,ENS5,11,16,10620,27,0
R8p,dorsal_tpGRN,11,16,10620,27,0
R8p,JO-CA2,11,16,10620,27,0
aPhM1,ORN_DA3,22,5,10620,27,0
SNxx09,GNG642,11,16,10620,27,0
SNxx09,ORN_V,11,16,10620,27,0
SNxx09,PhG10,11,16,10620,27,0
SNxx09,ORN_VL1,11,16,10620,27,0
SNxx09,LgLG4,11,16,10620,27,0
SNxx09,ORN_VM5d,11,16,10620,27,0
SNxx09,SNpp11,11,16,10620,27,0
SNxx09,ALBN1,11,16,10620,27,0
SNxx09,ENS5,11,16,10620,27,0
SNxx09,dorsal_tpGRN,11,16,10620,27,0
SNxx09,JO-CA2,11,16,10620,27,0
LB3b,R8y,17,10,10620,27,0
LB3b,HRN_VP1l,17,10,10620,27,0
LB3b,PhG6,17,10,10620,27,0
LB3b,LN-DN1,17,10,10620,27,0
LB3b,ORN_DM4,17,10,10620,27,0
LB3b,ORN_DM6,17,10,10620,27,0
LB3b,ORN_VA3,17,10,10620,27,0
BM_Vt_PoOc,ORN_DA3,22,5,10620,27,0
GNG644,LgLG7,20,7,10620,27,0
GNG644,DNg83,20,7,10620,27,0
GNG644,ORN_DL3,20,7,10620,27,0
GNG644,ORN_DM3,20,7,10620,27,0
R8y,ORN_VA1v,10,17,10620,27,0
R8y,JO-A1,10,17,10620,27,0
R8y,SNpp05,10,17,10620,27,0
R8y,SNxx28,10,17,10620,27,0
R8y,ORN_VM5v,10,17,10620,27,0
R8y,SNpp31,10,17,10620,27,0
R8y,SNpp17,10,17,10620,27,0
R8y,SNpp01,10,17,10620,27,0
LgLG5,LB3a,8,19,10620,27,0
LgLG5,SNpp35,8,19,10620,27,0
LgLG5,LgAG5,8,19,10620,27,0
LgLG5,LgAG7,8,19,10620,27,0
LgLG5,ORN_DL2d,8,19,10620,27,0
LgLG5,JO-B1_a,8,19,10620,27,0
LgLG5,SNta13,8,19,10620,27,0
WG1,ENS3,15,12,10620,27,0
WG1,ORN_VM4,15,12,10620,27,0
WG1,ENS1,15,12,10620,27,0
WG1,PhG13,15,12,10620,27,0
WG1,ORN_DC2,15,12,10620,27,0
WG1,SNpp37,15,12,10620,27,0
WG1,ORN_VC4,15,12,10620,27,0
WG1,b2 MN,15,12,10620,27,0
LgLG2,GNG642,11,16,10620,27,0
LgLG2,ORN_V,11,16,10620,27,0
LgLG2,PhG10,11,16,10620,27,0
LgLG2,ORN_VL1,11,16,10620,27,0
LgLG2,LgLG4,11,16,10620,27,0
LgLG2,ORN_VM5d,11,16,10620,27,0
LgLG2,SNpp11,11,16,10620,27,0
LgLG2,ALBN1,11,16,10620,27,0
LgLG2,ENS5,11,16,10620,27,0
LgLG2,dorsal_tpGRN,11,16,10620,27,0
LgLG2,JO-CA2,11,16,10620,27,0
TRN_VP3a,LgLG8,18,9,10620,27,0
TRN_VP3a,LB4a,18,9,10620,27,0
TRN_VP3a,PhG3,18,9,10620,27,0
TRN_VP3a,SApp21,18,9,10620,27,0
TRN_VP3a,LgAG6,18,9,10620,27,0
TRN_VP3a,tpn MN,18,9,10620,27,0
TRN_VP3a,JO-B4_a,18,9,10620,27,0
LgLG8,TRN_VP2,9,18,10620,27,0
LgLG8,aPhM2b,9,18,10620,27,0
LgLG8,ORN_VC1,9,18,10620,27,0
LgLG8,ORN_VM7d,9,18,10620,27,0
LgLG8,LgAG2,9,18,10620,27,0
LgLG8,DNx01,9,18,10620,27,0
LB3a,HBeyelet,19,8,10620,27,0
LB3a,PhG1a,19,8,10620,27,0
TRN_VP1m,R8d,24,3,10620,27,0
PhG9,ORN_DA3,22,5,10620,27,0
R8_unclear,GNG642,11,16,10620,27,0
R8_unclear,ORN_V,11,16,10620,27,0
R8_unclear,PhG10,11,16,10620,27,0
R8_unclear,ORN_VL1,11,16,10620,27,0
R8_unclear,LgLG4,11,16,10620,27,0
R8_unclear,ORN_VM5d,11,16,10620,27,0
R8_unclear,SNpp11,11,16,10620,27,0
R8_unclear,ALBN1,11,16,10620,27,0
R8_unclear,ENS5,11,16,10620,27,0
R8_unclear,dorsal_tpGRN,11,16,10620,27,0
R8_unclear,JO-CA2,11,16,10620,27,0
ORN_DC1,ORN_DA3,22,5,10620,27,0
GNG642,LB1a,16,11,10620,27,0
GNG642,SNpp21,16,11,10620,27,0
GNG642,ORN_VM7v,16,11,10620,27,0
GNG642,ORN_DL1,16,11,10620,27,0
ORN_DM2,GNG654,13,14,10620,27,0
ORN_DM2,HRN_VP5,13,14,10620,27,0
ORN_DM2,LB4b,13,14,10620,27,0
ORN_DM2,SNxx24,13,14,10620,27,0
ORN_DM2,ORN_VC5,13,14,10620,27,0
ORN_DM2,PhG4,13,14,10620,27,0
ORN_DM2,SNpp06,13,14,10620,27,0
ORN_DM2,BM_MaPa,13,14,10620,27,0
ORN_DM2,PhG14,13,14,10620,27,0
ORN_DM2,SNpp56,13,14,10620,27,0
ORN_DM2,JO-B2,13,14,10620,27,0
ORN_DM2,JO-B1_c,13,14,10620,27,0
GNG654,DNg20,14,13,10620,27,0
GNG654,SNxx06,14,13,10620,27,0
GNG654,SNpp15,14,13,10620,27,0
GNG654,ORN_DA2,14,13,10620,27,0
GNG654,PhG16,14,13,10620,27,0
GNG654,SNpp18,14,13,10620,27,0
GNG654,LgAG8,14,13,10620,27,0
TRN_VP2,LB4a,18,9,10620,27,0
TRN_VP2,PhG3,18,9,10620,27,0
TRN_VP2,SApp21,18,9,10620,27,0
TRN_VP2,LgAG6,18,9,10620,27,0
TRN_VP2,tpn MN,18,9,10620,27,0
TRN_VP2,JO-B4_a,18,9,10620,27,0
aPhM2b,LB4a,18,9,10620,27,0
aPhM2b,PhG3,18,9,10620,27,0
aPhM2b,SApp21,18,9,10620,27,0
aPhM2b,LgAG6,18,9,10620,27,0
aPhM2b,tpn MN,18,9,10620,27,0
aPhM2b,JO-B4_a,18,9,10620,27,0
LgAG9,ENS3,15,12,10620,27,0
LgAG9,ORN_VM4,15,12,10620,27,0
LgAG9,ENS1,15,12,10620,27,0
LgAG9,PhG13,15,12,10620,27,0
LgAG9,ORN_DC2,15,12,10620,27,0
LgAG9,SNpp37,15,12,10620,27,0
LgAG9,ORN_VC4,15,12,10620,27,0
LgAG9,b2 MN,15,12,10620,27,0
ORN_DL5,LgLG7,20,7,10620,27,0
ORN_DL5,DNg83,20,7,10620,27,0
ORN_DL5,ORN_DL3,20,7,10620,27,0
ORN_DL5,ORN_DM3,20,7,10620,27,0
ENS3,ORN_VA1d,12,15,10620,27,0
ENS3,SNpp57,12,15,10620,27,0
ENS3,LB1b,12,15,10620,27,0
ENS3,SNpp12,12,15,10620,27,0
ENS3,PhG8,12,15,10620,27,0
SNpp35,HBeyelet,19,8,10620,27,0
SNpp35,PhG1a,19,8,10620,27,0
WG2,LgLG7,20,7,10620,27,0
WG2,DNg83,20,7,10620,27,0
WG2,ORN_DL3,20,7,10620,27,0
WG2,ORN_DM3,20,7,10620,27,0
LgAG3,LgLG7,20,7,10620,27,0
LgAG3,DNg83,20,7,10620,27,0
LgAG3,ORN_DL3,20,7,10620,27,0
LgAG3,ORN_DM3,20,7,10620,27,0
ORN_V,LB1a,16,11,10620,27,0
ORN_V,SNpp21,16,11,10620,27,0
ORN_V,ORN_VM7v,16,11,10620,27,0
ORN_V,ORN_DL1,16,11,10620,27,0
ORN_VA1v,HRN_VP1l,17,10,10620,27,0
ORN_VA1v,PhG6,17,10,10620,27,0
ORN_VA1v,LN-DN1,17,10,10620,27,0
ORN_VA1v,ORN_DM4,17,10,10620,27,0
ORN_VA1v,ORN_DM6,17,10,10620,27,0
ORN_VA1v,ORN_VA3,17,10,10620,27,0
JO-A1,HRN_VP1l,17,10,10620,27,0
JO-A1,PhG6,17,10,10620,27,0
JO-A1,LN-DN1,17,10,10620,27,0
JO-A1,ORN_DM4,17,10,10620,27,0
JO-A1,ORN_DM6,17,10,10620,27,0
JO-A1,ORN_VA3,17,10,10620,27,0
LgAG5,HBeyelet,19,8,10620,27,0
LgAG5,PhG1a,19,8,10620,27,0
PhG1b,LgLG7,20,7,10620,27,0
PhG1b,DNg83,20,7,10620,27,0
PhG1b,ORN_DL3,20,7,10620,27,0
PhG1b,ORN_DM3,20,7,10620,27,0
HRN_VP5,DNg20,14,13,10620,27,0
HRN_VP5,SNxx06,14,13,10620,27,0
HRN_VP5,SNpp15,14,13,10620,27,0
HRN_VP5,ORN_DA2,14,13,10620,27,0
HRN_VP5,PhG16,14,13,10620,27,0
HRN_VP5,SNpp18,14,13,10620,27,0
HRN_VP5,LgAG8,14,13,10620,27,0
SNpp62,ORN_DA3,22,5,10620,27,0
PhG10,LB1a,16,11,10620,27,0
PhG10,SNpp21,16,11,10620,27,0
PhG10,ORN_VM7v,16,11,10620,27,0
PhG10,ORN_DL1,16,11,10620,27,0
LgAG7,HBeyelet,19,8,10620,27,0
LgAG7,PhG1a,19,8,10620,27,0
HRN_VP1l,SNpp05,10,17,10620,27,0
HRN_VP1l,SNxx28,10,17,10620,27,0
HRN_VP1l,ORN_VM5v,10,17,10620,27,0
HRN_VP1l,SNpp31,10,17,10620,27,0
HRN_VP1l,SNpp17,10,17,10620,27,0
HRN_VP1l,SNpp01,10,17,10620,27,0
LB4b,DNg20,14,13,10620,27,0
LB4b,SNxx06,14,13,10620,27,0
LB4b,SNpp15,14,13,10620,27,0
LB4b,ORN_DA2,14,13,10620,27,0
LB4b,PhG16,14,13,10620,27,0
LB4b,SNpp18,14,13,10620,27,0
LB4b,LgAG8,14,13,10620,27,0
SNxx24,DNg20,14,13,10620,27,0
SNxx24,SNxx06,14,13,10620,27,0
SNxx24,SNpp15,14,13,10620,27,0
SNxx24,ORN_DA2,14,13,10620,27,0
SNxx24,PhG16,14,13,10620,27,0
SNxx24,SNpp18,14,13,10620,27,0
SNxx24,LgAG8,14,13,10620,27,0
BM_vOcci_vPoOr,LgLG7,20,7,10620,27,0
BM_vOcci_vPoOr,ORN_DL3,20,7,10620,27,0
BM_vOcci_vPoOr,ORN_DM3,20,7,10620,27,0
ORN_VC1,LB4a,18,9,10620,27,0
ORN_VC1,PhG3,18,9,10620,27,0
ORN_VC1,SApp21,18,9,10620,27,0
ORN_VC1,LgAG6,18,9,10620,27,0
ORN_VC1,tpn MN,18,9,10620,27,0
ORN_VC1,JO-B4_a,18,9,10620,27,0
LB1a,ORN_VL1,11,16,10620,27,0
LB1a,LgLG4,11,16,10620,27,0
LB1a,ORN_VM5d,11,16,10620,27,0
LB1a,SNpp11,11,16,10620,27,0
LB1a,ALBN1,11,16,10620,27,0
LB1a,ENS5,11,16,10620,27,0
LB1a,dorsal_tpGRN,11,16,10620,27,0
LB1a,JO-CA2,11,16,10620,27,0
DNg20,ORN_VC5,13,14,10620,27,0
DNg20,PhG4,13,14,10620,27,0
DNg20,SNpp06,13,14,10620,27,0
DNg20,BM_MaPa,13,14,10620,27,0
DNg20,PhG14,13,14,10620,27,0
DNg20,SNpp56,13,14,10620,27,0
DNg20,JO-B2,13,14,10620,27,0
DNg20,JO-B1_c,13,14,10620,27,0
ORN_VL1,SNpp21,16,11,10620,27,0
ORN_VL1,ORN_VM7v,16,11,10620,27,0
ORN_VL1,ORN_DL1,16,11,10620,27,0
ORN_VM4,ORN_VA1d,12,15,10620,27,0
ORN_VM4,SNpp57,12,15,10620,27,0
ORN_VM4,LB1b,12,15,10620,27,0
ORN_VM4,SNpp12,12,15,10620,27,0
ORN_VM4,PhG8,12,15,10620,27,0
ORN_DL2d,HBeyelet,19,8,10620,27,0
ORN_DL2d,PhG1a,19,8,10620,27,0
PhG6,SNpp05,10,17,10620,27,0
PhG6,SNxx28,10,17,10620,27,0
PhG6,ORN_VM5v,10,17,10620,27,0
PhG6,SNpp31,10,17,10620,27,0
PhG6,SNpp17,10,17,10620,27,0
PhG6,SNpp01,10,17,10620,27,0
R8d,SNpp02,3,24,10620,27,0
ORN_VM7d,LB4a,18,9,10620,27,0
ORN_VM7d,PhG3,18,9,10620,27,0
ORN_VM7d,SApp21,18,9,10620,27,0
ORN_VM7d,LgAG6,18,9,10620,27,0
ORN_VM7d,tpn MN,18,9,10620,27,0
ORN_VM7d,JO-B4_a,18,9,10620,27,0
LB1e,LgLG7,20,7,10620,27,0
LB1e,DNg83,20,7,10620,27,0
LB1e,ORN_DL3,20,7,10620,27,0
LB1e,ORN_DM3,20,7,10620,27,0
ORN_VA1d,ENS1,15,12,10620,27,0
ORN_VA1d,PhG13,15,12,10620,27,0
ORN_VA1d,ORN_DC2,15,12,10620,27,0
ORN_VA1d,SNpp37,15,12,10620,27,0
ORN_VA1d,ORN_VC4,15,12,10620,27,0
ORN_VA1d,b2 MN,15,12,10620,27,0
SNpp57,ENS1,15,12,10620,27,0
SNpp57,PhG13,15,12,10620,27,0
SNpp57,ORN_DC2,15,12,10620,27,0
SNpp57,SNpp37,15,12,10620,27,0
SNpp57,ORN_VC4,15,12,10620,27,0
SNpp57,b2 MN,15,12,10620,27,0
ENS1,LB1b,12,15,10620,27,0
ENS1,SNpp12,12,15,10620,27,0
ENS1,PhG8,12,15,10620,27,0
PhG13,LB1b,12,15,10620,27,0
PhG13,SNpp12,12,15,10620,27,0
LgLG4,SNpp21,16,11,10620,27,0
LgLG4,ORN_VM7v,16,11,10620,27,0
LgLG4,ORN_DL1,16,11,10620,27,0
HBeyelet,JO-B1_a,8,19,10620,27,0
HBeyelet,SNta13,8,19,10620,27,0
LB1b,ORN_DC2,15,12,10620,27,0
LB1b,SNpp37,15,12,10620,27,0
LB1b,ORN_VC4,15,12,10620,27,0
LB1b,b2 MN,15,12,10620,27,0
SNpp58,ORN_DA3,22,5,10620,27,0
LgLG7,SNxx30,7,20,10620,27,0
SNxx30,DNg83,20,7,10620,27,0
SNxx30,ORN_DL3,20,7,10620,27,0
SNxx30,ORN_DM3,20,7,10620,27,0
SNpp21,ORN_VM5d,11,16,10620,27,0
SNpp21,SNpp11,11,16,10620,27,0
SNpp21,ALBN1,11,16,10620,27,0
SNpp21,ENS5,11,16,10620,27,0
SNpp21,dorsal_tpGRN,11,16,10620,27,0
SNpp21,JO-CA2,11,16,10620,27,0
ORN_VM7v,SNpp11,11,16,10620,27,0
ORN_VM7v,ALBN1,11,16,10620,27,0
ORN_VM7v,ENS5,11,16,10620,27,0
ORN_VM7v,dorsal_tpGRN,11,16,10620,27,0
ORN_VM7v,JO-CA2,11,16,10620,27,0
ORN_VM5d,ORN_DL1,16,11,10620,27,0
ORN_VC5,SNxx06,14,13,10620,27,0
ORN_VC5,SNpp15,14,13,10620,27,0
ORN_VC5,ORN_DA2,14,13,10620,27,0
ORN_VC5,PhG16,14,13,10620,27,0
ORN_VC5,SNpp18,14,13,10620,27,0
ORN_VC5,LgAG8,14,13,10620,27,0
PhG4,SNxx06,14,13,10620,27,0
PhG4,SNpp15,14,13,10620,27,0
PhG4,ORN_DA2,14,13,10620,27,0
PhG4,PhG16,14,13,10620,27,0
PhG4,SNpp18,14,13,10620,27,0
PhG4,LgAG8,14,13,10620,27,0
LgAG2,LB4a,18,9,10620,27,0
LgAG2,PhG3,18,9,10620,27,0
LgAG2,SApp21,18,9,10620,27,0
LgAG2,LgAG6,18,9,10620,27,0
LgAG2,tpn MN,18,9,10620,27,0
LgAG2,JO-B4_a,18,9,10620,27,0
SNxx19,ORN_DA3,22,5,10620,27,0
SNxx06,SNpp06,13,14,10620,27,0
SNxx06,BM_MaPa,13,14,10620,27,0
SNxx06,PhG14,13,14,10620,27,0
SNxx06,SNpp56,13,14,10620,27,0
SNxx06,JO-B2,13,14,10620,27,0
SNxx06,JO-B1_c,13,14,10620,27,0
ORN_DC2,SNpp12,12,15,10620,27,0
ORN_DC2,PhG8,12,15,10620,27,0
JO-B1_a,PhG1a,19,8,10620,27,0
SNxx21,ORN_DA3,22,5,10620,27,0
SNpp06,SNpp15,14,13,10620,27,0
SNpp06,ORN_DA2,14,13,10620,27,0
SNpp06,PhG16,14,13,10620,27,0
SNpp06,SNpp18,14,13,10620,27,0
SNpp06,LgAG8,14,13,10620,27,0
SNpp05,LN-DN1,17,10,10620,27,0
SNpp05,ORN_DM4,17,10,10620,27,0
SNpp05,ORN_DM6,17,10,10620,27,0
SNpp05,ORN_VA3,17,10,10620,27,0
LN-DN1,SNxx28,10,17,10620,27,0
LN-DN1,ORN_VM5v,10,17,10620,27,0
LN-DN1,SNpp31,10,17,10620,27,0
LN-DN1,SNpp17,10,17,10620,27,0
LN-DN1,SNpp01,10,17,10620,27,0
ORN_DM4,SNxx28,10,17,10620,27,0
ORN_DM4,ORN_VM5v,10,17,10620,27,0
ORN_DM4,SNpp31,10,17,10620,27,0
ORN_DM4,SNpp17,10,17,10620,27,0
ORN_DM4,SNpp01,10,17,10620,27,0
SNpp15,BM_MaPa,13,14,10620,27,0
SNpp15,PhG14,13,14,10620,27,0
SNpp15,SNpp56,13,14,10620,27,0
SNpp15,JO-B2,13,14,10620,27,0
SNpp15,JO-B1_c,13,14,10620,27,0
ORN_DA2,BM_MaPa,13,14,10620,27,0
ORN_DA2,PhG14,13,14,10620,27,0
ORN_DA2,SNpp56,13,14,10620,27,0
ORN_DA2,JO-B2,13,14,10620,27,0
ORN_DA2,JO-B1_c,13,14,10620,27,0
JO-B3,ORN_DA3,22,5,10620,27,0
SNxx28,ORN_DM6,17,10,10620,27,0
SNxx28,ORN_VA3,17,10,10620,27,0
ORN_VM5v,ORN_DM6,17,10,10620,27,0
ORN_VM5v,ORN_VA3,17,10,10620,27,0
BM_MaPa,PhG16,14,13,10620,27,0
BM_MaPa,SNpp18,14,13,10620,27,0
BM_MaPa,LgAG8,14,13,10620,27,0
PhG14,PhG16,14,13,10620,27,0
PhG14,SNpp18,14,13,10620,27,0
ORN_DL1,SNpp11,11,16,10620,27,0
ORN_DL1,ALBN1,11,16,10620,27,0
ORN_DL1,ENS5,11,16,10620,27,0
ORN_DL1,dorsal_tpGRN,11,16,10620,27,0
ORN_DL1,JO-CA2,11,16,10620,27,0
SNta13,PhG1a,19,8,10620,27,0
PhG16,SNpp56,13,14,10620,27,0
PhG16,JO-B2,13,14,10620,27,0
PhG16,JO-B1_c,13,14,10620,27,0
SNpp37,SNpp12,12,15,10620,27,0
SNpp37,PhG8,12,15,10620,27,0
LB4a,DNx01,9,18,10620,27,0
PhG3,DNx01,9,18,10620,27,0
SApp21,DNx01,9,18,10620,27,0
SNpp18,SNpp56,13,14,10620,27,0
SNpp18,JO-B2,13,14,10620,27,0
SNpp18,JO-B1_c,13,14,10620,27,0
SNpp12,ORN_VC4,15,12,10620,27,0
SNpp12,b2 MN,15,12,10620,27,0
SNpp56,LgAG8,14,13,10620,27,0
ORN_VC4,PhG8,12,15,10620,27,0
b2 MN,PhG8,12,15,10620,27,0
SNpp31,ORN_DM6,17,10,10620,27,0
SNpp31,ORN_VA3,17,10,10620,27,0
LgAG8,JO-B2,13,14,10620,27,0
LgAG8,JO-B1_c,13,14,10620,27,0
LgAG6,DNx01,9,18,10620,27,0
tpn MN,DNx01,9,18,10620,27,0
ORN_DM6,SNpp17,10,17,10620,27,0
ORN_DM6,SNpp01,10,17,10620,27,0
ORN_VA3,SNpp17,10,17,10620,27,0
ORN_VA3,SNpp01,10,17,10620,27,0
DNx01,JO-B4_a,18,9,10620,27,0
R7_unclear,R7y,15,11,10621,26,0
R7_unclear,R7p,15,11,10621,26,0
R7_unclear,R8p,15,11,10621,26,0
R7_unclear,SNxx09,15,11,10621,26,0
R7_unclear,LgLG2,15,11,10621,26,0
R7_unclear,R8_unclear,15,11,10621,26,0
R7_unclear,LB1a,15,11,10621,26,0
R7_unclear,SNpp21,15,11,10621,26,0
R7_unclear,ORN_VM7v,15,11,10621,26,0
R7_unclear,ORN_DL1,15,11,10621,26,0
R7y,WG1,11,15,10621,26,0
R7y,LgAG9,11,15,10621,26,0
R7y,ORN_VA1d,11,15,10621,26,0
R7y,SNpp57,11,15,10621,26,0
R7y,LB1b,11,15,10621,26,0
R7y,SNpp12,11,15,10621,26,0
R7y,PhG8,11,15,10621,26,0
R7p,WG1,11,15,10621,26,0
R7p,LgAG9,11,15,10621,26,0
R7p,ORN_VA1d,11,15,10621,26,0
R7p,SNpp57,11,15,10621,26,0
R7p,LB1b,11,15,10621,26,0
R7p,SNpp12,11,15,10621,26,0
R7p,PhG8,11,15,10621,26,0
R7d,LgLG6,13,13,10621,26,0
R7d,ORN_DM2,13,13,10621,26,0
R7d,DNg20,13,13,10621,26,0
R7d,SNxx06,13,13,10621,26,0
R7d,SNpp15,13,13,10621,26,0
R7d,ORN_DA2,13,13,10621,26,0
R7d,PhG16,13,13,10621,26,0
R7d,SNpp18,13,13,10621,26,0
R7d,LgAG8,13,13,10621,26,0
LgLG6,ORN_DM2,13,13,10621,26,0
LgLG6,DNg20,13,13,10621,26,0
LgLG6,SNxx06,13,13,10621,26,0
LgLG6,SNpp15,13,13,10621,26,0
LgLG6,ORN_DA2,13,13,10621,26,0
LgLG6,PhG16,13,13,10621,26,0
LgLG6,SNpp18,13,13,10621,26,0
LgLG6,LgAG8,13,13,10621,26,0
aPhM4,LgLG7,19,7,10621,26,0
aPhM4,DNg83,19,7,10621,26,0
aPhM4,ORN_DL3,19,7,10621,26,0
aPhM4,ORN_DM3,19,7,10621,26,0
R8p,WG1,11,15,10621,26,0
R8p,LgAG9,11,15,10621,26,0
R8p,ORN_VA1d,11,15,10621,26,0
R8p,SNpp57,11,15,10621,26,0
R8p,LB1b,11,15,10621,26,0
R8p,SNpp12,11,15,10621,26,0
R8p,PhG8,11,15,10621,26,0
SNxx09,WG1,11,15,10621,26,0
SNxx09,LgAG9,11,15,10621,26,0
SNxx09,ORN_VA1d,11,15,10621,26,0
SNxx09,SNpp57,11,15,10621,26,0
SNxx09,LB1b,11,15,10621,26,0
SNxx09,SNpp12,11,15,10621,26,0
SNxx09,PhG8,11,15,10621,26,0
LB3b,LgLG8,17,9,10621,26,0
LB3b,LB4a,17,9,10621,26,0
LB3b,PhG3,17,9,10621,26,0
LB3b,SApp21,17,9,10621,26,0
LB3b,LgAG6,17,9,10621,26,0
LB3b,tpn MN,17,9,10621,26,0
LB3b,JO-B4_a,17,9,10621,26,0
R8y,GNG642,10,16,10621,26,0
R8y,ORN_V,10,16,10621,26,0
R8y,PhG10,10,16,10621,26,0
R8y,ORN_VL1,10,16,10621,26,0
R8y,LgLG4,10,16,10621,26,0
R8y,ORN_VM5d,10,16,10621,26,0
R8y,SNpp11,10,16,10621,26,0
R8y,ALBN1,10,16,10621,26,0
R8y,ENS5,10,16,10621,26,0
R8y,dorsal_tpGRN,10,16,10621,26,0
R8y,JO-CA2,10,16,10621,26,0
LgLG5,TRN_VP3a,8,18,10621,26,0
LgLG5,TRN_VP2,8,18,10621,26,0
LgLG5,aPhM2b,8,18,10621,26,0
LgLG5,ORN_VC1,8,18,10621,26,0
LgLG5,ORN_VM7d,8,18,10621,26,0
LgLG5,LgAG2,8,18,10621,26,0
LgLG5,DNx01,8,18,10621,26,0
JO-A3,ORN_DA3,21,5,10621,26,0
WG1,LgLG2,15,11,10621,26,0
WG1,R8_unclear,15,11,10621,26,0
WG1,LB1a,15,11,10621,26,0
WG1,SNpp21,15,11,10621,26,0
WG1,ORN_VM7v,15,11,10621,26,0
WG1,ORN_DL1,15,11,10621,26,0
LgLG2,LgAG9,11,15,10621,26,0
LgLG2,ORN_VA1d,11,15,10621,26,0
LgLG2,SNpp57,11,15,10621,26,0
LgLG2,LB1b,11,15,10621,26,0
LgLG2,SNpp12,11,15,10621,26,0
LgLG2,PhG8,11,15,10621,26,0
TRN_VP3a,HBeyelet,18,8,10621,26,0
TRN_VP3a,PhG1a,18,8,10621,26,0
LgLG8,ORN_VA1v,9,17,10621,26,0
LgLG8,JO-A1,9,17,10621,26,0
LgLG8,SNpp05,9,17,10621,26,0
LgLG8,SNxx28,9,17,10621,26,0
LgLG8,ORN_VM5v,9,17,10621,26,0
LgLG8,SNpp31,9,17,10621,26,0
LgLG8,SNpp17,9,17,10621,26,0
LgLG8,SNpp01,9,17,10621,26,0
ORN_VM6v,ORN_DA3,21,5,10621,26,0
LB3a,LgLG7,19,7,10621,26,0
LB3a,DNg83,19,7,10621,26,0
LB3a,ORN_DL3,19,7,10621,26,0
LB3a,ORN_DM3,19,7,10621,26,0
R8_unclear,LgAG9,11,15,10621,26,0
R8_unclear,ORN_VA1d,11,15,10621,26,0
R8_unclear,SNpp57,11,15,10621,26,0
R8_unclear,LB1b,11,15,10621,26,0
R8_unclear,SNpp12,11,15,10621,26,0
R8_unclear,PhG8,11,15,10621,26,0
WG4,R8d,23,3,10621,26,0
GNG642,HRN_VP1l,16,10,10621,26,0
GNG642,PhG6,16,10,10621,26,0
GNG642,ORN_DM4,16,10,10621,26,0
GNG642,ORN_DM6,16,10,10621,26,0
GNG642,ORN_VA3,16,10,10621,26,0
ORN_DM2,DNg20,13,13,10621,26,0
ORN_DM2,SNxx06,13,13,10621,26,0
ORN_DM2,SNpp15,13,13,10621,26,0
ORN_DM2,ORN_DA2,13,13,10621,26,0
ORN_DM2,PhG16,13,13,10621,26,0
ORN_DM2,SNpp18,13,13,10621,26,0
ORN_DM2,LgAG8,13,13,10621,26,0
GNG654,ENS3,14,12,10621,26,0
GNG654,ORN_VM4,14,12,10621,26,0
GNG654,ENS1,14,12,10621,26,0
GNG654,PhG13,14,12,10621,26,0
GNG654,ORN_DC2,14,12,10621,26,0
GNG654,SNpp37,14,12,10621,26,0
GNG654,ORN_VC4,14,12,10621,26,0
GNG654,b2 MN,14,12,10621,26,0
TRN_VP2,HBeyelet,18,8,10621,26,0
TRN_VP2,PhG1a,18,8,10621,26,0
aPhM2b,HBeyelet,18,8,10621,26,0
aPhM2b,PhG1a,18,8,10621,26,0
LgAG9,LB1a,15,11,10621,26,0
LgAG9,SNpp21,15,11,10621,26,0
LgAG9,ORN_VM7v,15,11,10621,26,0
LgAG9,ORN_DL1,15,11,10621,26,0
ENS3,HRN_VP5,12,14,10621,26,0
ENS3,LB4b,12,14,10621,26,0
ENS3,SNxx24,12,14,10621,26,0
ENS3,ORN_VC5,12,14,10621,26,0
ENS3,PhG4,12,14,10621,26,0
ENS3,SNpp06,12,14,10621,26,0
ENS3,BM_MaPa,12,14,10621,26,0
ENS3,PhG14,12,14,10621,26,0
ENS3,SNpp56,12,14,10621,26,0
ENS3,JO-B2,12,14,10621,26,0
ENS3,JO-B1_c,12,14,10621,26,0
SNpp35,LgLG7,19,7,10621,26,0
SNpp35,DNg83,19,7,10621,26,0
SNpp35,ORN_DL3,19,7,10621,26,0
SNpp35,ORN_DM3,19,7,10621,26,0
SNxx17,ORN_DA3,21,5,10621,26,0
ORN_V,HRN_VP1l,16,10,10621,26,0
ORN_V,PhG6,16,10,10621,26,0
ORN_V,LN-DN1,16,10,10621,26,0
ORN_V,ORN_DM4,16,10,10621,26,0
ORN_V,ORN_DM6,16,10,10621,26,0
ORN_V,ORN_VA3,16,10,10621,26,0
ORN_VA1v,LB4a,17,9,10621,26,0
ORN_VA1v,PhG3,17,9,10621,26,0
ORN_VA1v,SApp21,17,9,10621,26,0
ORN_VA1v,LgAG6,17,9,10621,26,0
ORN_VA1v,tpn MN,17,9,10621,26,0
ORN_VA1v,JO-B4_a,17,9,10621,26,0
JO-A1,LB4a,17,9,10621,26,0
JO-A1,PhG3,17,9,10621,26,0
JO-A1,SApp21,17,9,10621,26,0
JO-A1,LgAG6,17,9,10621,26,0
JO-A1,tpn MN,17,9,10621,26,0
JO-A1,JO-B4_a,17,9,10621,26,0
LgAG5,LgLG7,19,7,10621,26,0
LgAG5,DNg83,19,7,10621,26,0
LgAG5,ORN_DL3,19,7,10621,26,0
LgAG5,ORN_DM3,19,7,10621,26,0
HRN_VP5,ORN_VM4,14,12,10621,26,0
HRN_VP5,ENS1,14,12,10621,26,0
HRN_VP5,PhG13,14,12,10621,26,0
HRN_VP5,ORN_DC2,14,12,10621,26,0
HRN_VP5,SNpp37,14,12,10621,26,0
HRN_VP5,ORN_VC4,14,12,10621,26,0
HRN_VP5,b2 MN,14,12,10621,26,0
PhG10,HRN_VP1l,16,10,10621,26,0
PhG10,PhG6,16,10,10621,26,0
PhG10,LN-DN1,16,10,10621,26,0
PhG10,ORN_DM4,16,10,10621,26,0
PhG10,ORN_DM6,16,10,10621,26,0
PhG10,ORN_VA3,16,10,10621,26,0
LgAG7,LgLG7,19,7,10621,26,0
LgAG7,DNg83,19,7,10621,26,0
LgAG7,ORN_DL3,19,7,10621,26,0
LgAG7,ORN_DM3,19,7,10621,26,0
HRN_VP1l,ORN_VL1,10,16,10621,26,0
HRN_VP1l,LgLG4,10,16,10621,26,0
HRN_VP1l,ORN_VM5d,10,16,10621,26,0
HRN_VP1l,SNpp11,10,16,10621,26,0
HRN_VP1l,ALBN1,10,16,10621,26,0
HRN_VP1l,ENS5,10,16,10621,26,0
HRN_VP1l,dorsal_tpGRN,10,16,10621,26,0
HRN_VP1l,JO-CA2,10,16,10621,26,0
ORN_DL2v,ORN_DA3,21,5,10621,26,0
LB4b,ORN_VM4,14,12,10621,26,0
LB4b,ENS1,14,12,10621,26,0
LB4b,PhG13,14,12,10621,26,0
LB4b,ORN_DC2,14,12,10621,26,0
LB4b,SNpp37,14,12,10621,26,0
LB4b,ORN_VC4,14,12,10621,26,0
LB4b,b2 MN,14,12,10621,26,0
SNxx24,ORN_VM4,14,12,10621,26,0
SNxx24,ENS1,14,12,10621,26,0
SNxx24,PhG13,14,12,10621,26,0
SNxx24,ORN_DC2,14,12,10621,26,0
SNxx24,SNpp37,14,12,10621,26,0
SNxx24,ORN_VC4,14,12,10621,26,0
SNxx24,b2 MN,14,12,10621,26,0
ORN_VC1,HBeyelet,18,8,10621,26,0
ORN_VC1,PhG1a,18,8,10621,26,0
LB1a,ORN_VA1d,11,15,10621,26,0
LB1a,SNpp57,11,15,10621,26,0
LB1a,LB1b,11,15,10621,26,0
LB1a,SNpp12,11,15,10621,26,0
LB1a,PhG8,11,15,10621,26,0
DNg20,SNxx06,13,13,10621,26,0
DNg20,SNpp15,13,13,10621,26,0
DNg20,ORN_DA2,13,13,10621,26,0
DNg20,PhG16,13,13,10621,26,0
DNg20,SNpp18,13,13,10621,26,0
DNg20,LgAG8,13,13,10621,26,0
ORN_VL1,PhG6,16,10,10621,26,0
ORN_VL1,LN-DN1,16,10,10621,26,0
ORN_VL1,ORN_DM4,16,10,10621,26,0
ORN_VL1,ORN_DM6,16,10,10621,26,0
ORN_VL1,ORN_VA3,16,10,10621,26,0
ORN_VM4,ORN_VC5,12,14,10621,26,0
ORN_VM4,PhG4,12,14,10621,26,0
ORN_VM4,SNpp06,12,14,10621,26,0
ORN_VM4,BM_MaPa,12,14,10621,26,0
ORN_VM4,PhG14,12,14,10621,26,0
ORN_VM4,SNpp56,12,14,10621,26,0
ORN_VM4,JO-B2,12,14,10621,26,0
ORN_VM4,JO-B1_c,12,14,10621,26,0
ORN_DL2d,LgLG7,19,7,10621,26,0
ORN_DL2d,DNg83,19,7,10621,26,0
ORN_DL2d,ORN_DL3,19,7,10621,26,0
ORN_DL2d,ORN_DM3,19,7,10621,26,0
PhG6,LgLG4,10,16,10621,26,0
PhG6,ORN_VM5d,10,16,10621,26,0
PhG6,SNpp11,10,16,10621,26,0
PhG6,ALBN1,10,16,10621,26,0
PhG6,ENS5,10,16,10621,26,0
PhG6,JO-CA2,10,16,10621,26,0
R8d,ORN_D,3,23,10621,26,0
ORN_VM7d,HBeyelet,18,8,10621,26,0
ORN_VM7d,PhG1a,18,8,10621,26,0
ORN_VA1d,SNpp21,15,11,10621,26,0
ORN_VA1d,ORN_VM7v,15,11,10621,26,0
ORN_VA1d,ORN_DL1,15,11,10621,26,0
SNpp57,SNpp21,15,11,10621,26,0
SNpp57,ORN_VM7v,15,11,10621,26,0
SNpp57,ORN_DL1,15,11,10621,26,0
ENS1,ORN_VC5,12,14,10621,26,0
ENS1,PhG4,12,14,10621,26,0
ENS1,SNpp06,12,14,10621,26,0
ENS1,BM_MaPa,12,14,10621,26,0
ENS1,PhG14,12,14,10621,26,0
ENS1,SNpp56,12,14,10621,26,0
ENS1,JO-B2,12,14,10621,26,0
ENS1,JO-B1_c,12,14,10621,26,0
PhG13,ORN_VC5,12,14,10621,26,0
PhG13,PhG4,12,14,10621,26,0
PhG13,SNpp06,12,14,10621,26,0
PhG13,BM_MaPa,12,14,10621,26,0
PhG13,SNpp56,12,14,10621,26,0
PhG13,JO-B2,12,14,10621,26,0
PhG13,JO-B1_c,12,14,10621,26,0
LgLG4,LN-DN1,16,10,10621,26,0
LgLG4,ORN_DM4,16,10,10621,26,0
LgLG4,ORN_DM6,16,10,10621,26,0
LgLG4,ORN_VA3,16,10,10621,26,0
HBeyelet,LgAG2,8,18,10621,26,0
HBeyelet,DNx01,8,18,10621,26,0
LB1b,SNpp21,15,11,10621,26,0
LB1b,ORN_VM7v,15,11,10621,26,0
LB1b,ORN_DL1,15,11,10621,26,0
LgLG7,JO-B1_a,7,19,10621,26,0
LgLG7,SNta13,7,19,10621,26,0
SNpp21,SNpp12,11,15,10621,26,0
SNpp21,PhG8,11,15,10621,26,0
ORN_VM7v,SNpp12,11,15,10621,26,0
ORN_VM7v,PhG8,11,15,10621,26,0
ORN_VM5d,LN-DN1,16,10,10621,26,0
ORN_VM5d,ORN_DM4,16,10,10621,26,0
ORN_VM5d,ORN_DM6,16,10,10621,26,0
ORN_VM5d,ORN_VA3,16,10,10621,26,0
ORN_VC5,ORN_DC2,14,12,10621,26,0
ORN_VC5,SNpp37,14,12,10621,26,0
ORN_VC5,ORN_VC4,14,12,10621,26,0
ORN_VC5,b2 MN,14,12,10621,26,0
PhG4,ORN_DC2,14,12,10621,26,0
PhG4,SNpp37,14,12,10621,26,0
PhG4,ORN_VC4,14,12,10621,26,0
PhG4,b2 MN,14,12,10621,26,0
LgAG2,PhG1a,18,8,10621,26,0
SNxx06,SNpp15,13,13,10621,26,0
SNxx06,ORN_DA2,13,13,10621,26,0
SNxx06,PhG16,13,13,10621,26,0
SNxx06,SNpp18,13,13,10621,26,0
SNxx06,LgAG8,13,13,10621,26,0
ORN_DC2,SNpp06,12,14,10621,26,0
ORN_DC2,BM_MaPa,12,14,10621,26,0
ORN_DC2,PhG14,12,14,10621,26,0
ORN_DC2,SNpp56,12,14,10621,26,0
ORN_DC2,JO-B2,12,14,10621,26,0
ORN_DC2,JO-B1_c,12,14,10621,26,0
JO-B1_a,DNg83,19,7,10621,26,0
JO-B1_a,ORN_DL3,19,7,10621,26,0
JO-B1_a,ORN_DM3,19,7,10621,26,0
DNg83,SNta13,7,19,10621,26,0
SNpp06,ORN_VC4,14,12,10621,26,0
SNpp06,b2 MN,14,12,10621,26,0
SNpp05,LB4a,17,9,10621,26,0
SNpp05,PhG3,17,9,10621,26,0
SNpp05,SApp21,17,9,10621,26,0
SNpp05,LgAG6,17,9,10621,26,0
SNpp05,tpn MN,17,9,10621,26,0
SNpp05,JO-B4_a,17,9,10621,26,0
LN-DN1,SNpp11,10,16,10621,26,0
LN-DN1,ALBN1,10,16,10621,26,0
LN-DN1,ENS5,10,16,10621,26,0
LN-DN1,dorsal_tpGRN,10,16,10621,26,0
LN-DN1,JO-CA2,10,16,10621,26,0
ORN_DM4,SNpp11,10,16,10621,26,0
ORN_DM4,ENS5,10,16,10621,26,0
ORN_DM4,dorsal_tpGRN,10,16,10621,26,0
ORN_DM4,JO-CA2,10,16,10621,26,0
SNpp15,ORN_DA2,13,13,10621,26,0
SNpp15,PhG16,13,13,10621,26,0
SNpp15,SNpp18,13,13,10621,26,0
SNpp15,LgAG8,13,13,10621,26,0
ORN_DA2,PhG16,13,13,10621,26,0
ORN_DA2,SNpp18,13,13,10621,26,0
ORN_DA2,LgAG8,13,13,10621,26,0
SNxx28,LB4a,17,9,10621,26,0
SNxx28,PhG3,17,9,10621,26,0
SNxx28,SApp21,17,9,10621,26,0
SNxx28,LgAG6,17,9,10621,26,0
SNxx28,tpn MN,17,9,10621,26,0
SNxx28,JO-B4_a,17,9,10621,26,0
ORN_VM5v,LB4a,17,9,10621,26,0
ORN_VM5v,PhG3,17,9,10621,26,0
ORN_VM5v,SApp21,17,9,10621,26,0
ORN_VM5v,LgAG6,17,9,10621,26,0
ORN_VM5v,tpn MN,17,9,10621,26,0
ORN_VM5v,JO-B4_a,17,9,10621,26,0
BM_MaPa,SNpp37,14,12,10621,26,0
BM_MaPa,ORN_VC4,14,12,10621,26,0
BM_MaPa,b2 MN,14,12,10621,26,0
PhG14,SNpp37,14,12,10621,26,0
PhG14,ORN_VC4,14,12,10621,26,0
PhG14,b2 MN,14,12,10621,26,0
ORN_DL1,SNpp12,11,15,10621,26,0
ORN_DL1,PhG8,11,15,10621,26,0
SNta13,ORN_DL3,19,7,10621,26,0
SNta13,ORN_DM3,19,7,10621,26,0
PhG16,SNpp18,13,13,10621,26,0
PhG16,LgAG8,13,13,10621,26,0
SNpp37,SNpp56,12,14,10621,26,0
SNpp37,JO-B2,12,14,10621,26,0
SNpp37,JO-B1_c,12,14,10621,26,0
LB4a,SNpp31,9,17,10621,26,0
LB4a,SNpp17,9,17,10621,26,0
LB4a,SNpp01,9,17,10621,26,0
PhG3,SNpp31,9,17,10621,26,0
PhG3,SNpp17,9,17,10621,26,0
PhG3,SNpp01,9,17,10621,26,0
SApp21,SNpp31,9,17,10621,26,0
SApp21,SNpp17,9,17,10621,26,0
SApp21,SNpp01,9,17,10621,26,0
SNpp18,LgAG8,13,13,10621,26,0
SNpp11,ORN_DM6,16,10,10621,26,0
SNpp11,ORN_VA3,16,10,10621,26,0
SNpp56,ORN_VC4,14,12,10621,26,0
SNpp56,b2 MN,14,12,10621,26,0
ORN_VC4,JO-B2,12,14,10621,26,0
ORN_VC4,JO-B1_c,12,14,10621,26,0
b2 MN,JO-B2,12,14,10621,26,0
b2 MN,JO-B1_c,12,14,10621,26,0
SNpp31,LgAG6,17,9,10621,26,0
SNpp31,tpn MN,17,9,10621,26,0
SNpp31,JO-B4_a,17,9,10621,26,0
LgAG6,SNpp17,9,17,10621,26,0
LgAG6,SNpp01,9,17,10621,26,0
tpn MN,SNpp17,9,17,10621,26,0
tpn MN,SNpp01,9,17,10621,26,0
ALBN1,ORN_DM6,16,10,10621,26,0
ALBN1,ORN_VA3,16,10,10621,26,0
ENS5,ORN_DM6,16,10,10621,26,0
ENS5,ORN_VA3,16,10,10621,26,0
dorsal_tpGRN,ORN_DM6,16,10,10621,26,0
dorsal_tpGRN,ORN_VA3,16,10,10621,26,0
ORN_DM6,JO-CA2,10,16,10621,26,0
ORN_VA3,JO-CA2,10,16,10621,26,0
DNx01,PhG1a,18,8,10621,26,0
SNpp17,JO-B4_a,17,9,10621,26,0
SNpp01,JO-B4_a,17,9,10621,26,0
SNxx08,ORN_DA3,20,5,10622,25,0
R7_unclear,R8y,15,10,10622,25,0
R7_unclear,HRN_VP1l,15,10,10622,25,0
R7_unclear,PhG6,15,10,10622,25,0
R7_unclear,LN-DN1,15,10,10622,25,0
R7_unclear,ORN_DM4,15,10,10622,25,0
R7_unclear,ORN_DM6,15,10,10622,25,0
R7_unclear,ORN_VA3,15,10,10622,25,0
R7y,GNG654,11,14,10622,25,0
R7y,HRN_VP5,11,14,10622,25,0
R7y,LB4b,11,14,10622,25,0
R7y,SNxx24,11,14,10622,25,0
R7y,ORN_VC5,11,14,10622,25,0
R7y,PhG4,11,14,10622,25,0
R7y,SNpp06,11,14,10622,25,0
R7y,BM_MaPa,11,14,10622,25,0
R7y,PhG14,11,14,10622,25,0
R7y,SNpp56,11,14,10622,25,0
R7y,JO-B2,11,14,10622,25,0
R7y,JO-B1_c,11,14,10622,25,0
R7p,GNG654,11,14,10622,25,0
R7p,HRN_VP5,11,14,10622,25,0
R7p,LB4b,11,14,10622,25,0
R7p,SNxx24,11,14,10622,25,0
R7p,ORN_VC5,11,14,10622,25,0
R7p,PhG4,11,14,10622,25,0
R7p,SNpp06,11,14,10622,25,0
R7p,BM_MaPa,11,14,10622,25,0
R7p,PhG14,11,14,10622,25,0
R7p,SNpp56,11,14,10622,25,0
R7p,JO-B2,11,14,10622,25,0
R7p,JO-B1_c,11,14,10622,25,0
R7d,ENS3,13,12,10622,25,0
R7d,ORN_VM4,13,12,10622,25,0
R7d,ENS1,13,12,10622,25,0
R7d,PhG13,13,12,10622,25,0
R7d,ORN_DC2,13,12,10622,25,0
R7d,SNpp37,13,12,10622,25,0
R7d,ORN_VC4,13,12,10622,25,0
R7d,b2 MN,13,12,10622,25,0
LgLG6,ENS3,13,12,10622,25,0
LgLG6,ORN_VM4,13,12,10622,25,0
LgLG6,ENS1,13,12,10622,25,0
LgLG6,PhG13,13,12,10622,25,0
LgLG6,ORN_DC2,13,12,10622,25,0
LgLG6,SNpp37,13,12,10622,25,0
LgLG6,ORN_VC4,13,12,10622,25,0
LgLG6,b2 MN,13,12,10622,25,0
R8p,GNG654,11,14,10622,25,0
R8p,HRN_VP5,11,14,10622,25,0
R8p,LB4b,11,14,10622,25,0
R8p,SNxx24,11,14,10622,25,0
R8p,ORN_VC5,11,14,10622,25,0
R8p,PhG4,11,14,10622,25,0
R8p,SNpp06,11,14,10622,25,0
R8p,BM_MaPa,11,14,10622,25,0
R8p,PhG14,11,14,10622,25,0
R8p,SNpp56,11,14,10622,25,0
R8p,JO-B2,11,14,10622,25,0
R8p,JO-B1_c,11,14,10622,25,0
aPhM1,R8d,22,3,10622,25,0
SNxx09,GNG654,11,14,10622,25,0
SNxx09,HRN_VP5,11,14,10622,25,0
SNxx09,LB4b,11,14,10622,25,0
SNxx09,SNxx24,11,14,10622,25,0
SNxx09,ORN_VC5,11,14,10622,25,0
SNxx09,PhG4,11,14,10622,25,0
SNxx09,SNpp06,11,14,10622,25,0
SNxx09,BM_MaPa,11,14,10622,25,0
SNxx09,PhG14,11,14,10622,25,0
SNxx09,SNpp56,11,14,10622,25,0
SNxx09,JO-B2,11,14,10622,25,0
SNxx09,JO-B1_c,11,14,10622,25,0
LB3b,LgLG5,17,8,10622,25,0
LB3b,HBeyelet,17,8,10622,25,0
LB3b,PhG1a,17,8,10622,25,0
BM_Vt_PoOc,R8d,22,3,10622,25,0
GNG644,ORN_DA3,20,5,10622,25,0
R8y,WG1,10,15,10622,25,0
R8y,LgAG9,10,15,10622,25,0
R8y,ORN_VA1d,10,15,10622,25,0
R8y,SNpp57,10,15,10622,25,0
R8y,LB1b,10,15,10622,25,0
R8y,SNpp12,10,15,10622,25,0
R8y,PhG8,10,15,10622,25,0
LgLG5,ORN_VA1v,8,17,10622,25,0
LgLG5,JO-A1,8,17,10622,25,0
LgLG5,SNpp05,8,17,10622,25,0
LgLG5,SNxx28,8,17,10622,25,0
LgLG5,ORN_VM5v,8,17,10622,25,0
LgLG5,SNpp31,8,17,10622,25,0
LgLG5,SNpp17,8,17,10622,25,0
LgLG5,SNpp01,8,17,10622,25,0
WG1,HRN_VP1l,15,10,10622,25,0
WG1,PhG6,15,10,10622,25,0
WG1,LN-DN1,15,10,10622,25,0
WG1,ORN_DM4,15,10,10622,25,0
WG1,ORN_DM6,15,10,10622,25,0
WG1,ORN_VA3,15,10,10622,25,0
LgLG2,GNG654,11,14,10622,25,0
LgLG2,HRN_VP5,11,14,10622,25,0
LgLG2,LB4b,11,14,10622,25,0
LgLG2,SNxx24,11,14,10622,25,0
LgLG2,ORN_VC5,11,14,10622,25,0
LgLG2,PhG4,11,14,10622,25,0
LgLG2,SNpp06,11,14,10622,25,0
LgLG2,BM_MaPa,11,14,10622,25,0
LgLG2,PhG14,11,14,10622,25,0
LgLG2,SNpp56,11,14,10622,25,0
LgLG2,JO-B2,11,14,10622,25,0
LgLG2,JO-B1_c,11,14,10622,25,0
TRN_VP3a,LgLG7,18,7,10622,25,0
TRN_VP3a,DNg83,18,7,10622,25,0
TRN_VP3a,ORN_DL3,18,7,10622,25,0
TRN_VP3a,ORN_DM3,18,7,10622,25,0
LgLG8,GNG642,9,16,10622,25,0
LgLG8,ORN_V,9,16,10622,25,0
LgLG8,PhG10,9,16,10622,25,0
LgLG8,ORN_VL1,9,16,10622,25,0
LgLG8,LgLG4,9,16,10622,25,0
LgLG8,ORN_VM5d,9,16,10622,25,0
LgLG8,SNpp11,9,16,10622,25,0
LgLG8,ALBN1,9,16,10622,25,0
LgLG8,ENS5,9,16,10622,25,0
LgLG8,dorsal_tpGRN,9,16,10622,25,0
LgLG8,JO-CA2,9,16,10622,25,0
PhG9,R8d,22,3,10622,25,0
R8_unclear,GNG654,11,14,10622,25,0
R8_unclear,HRN_VP5,11,14,10622,25,0
R8_unclear,LB4b,11,14,10622,25,0
R8_unclear,SNxx24,11,14,10622,25,0
R8_unclear,ORN_VC5,11,14,10622,25,0
R8_unclear,PhG4,11,14,10622,25,0
R8_unclear,SNpp06,11,14,10622,25,0
R8_unclear,BM_MaPa,11,14,10622,25,0
R8_unclear,PhG14,11,14,10622,25,0
R8_unclear,SNpp56,11,14,10622,25,0
R8_unclear,JO-B2,11,14,10622,25,0
R8_unclear,JO-B1_c,11,14,10622,25,0
ORN_DC1,R8d,22,3,10622,25,0
GNG642,LB4a,16,9,10622,25,0
GNG642,PhG3,16,9,10622,25,0
GNG642,SApp21,16,9,10622,25,0
GNG642,LgAG6,16,9,10622,25,0
GNG642,tpn MN,16,9,10622,25,0
GNG642,JO-B4_a,16,9,10622,25,0
ORN_DM2,ENS3,13,12,10622,25,0
ORN_DM2,ORN_VM4,13,12,10622,25,0
ORN_DM2,ENS1,13,12,10622,25,0
ORN_DM2,PhG13,13,12,10622,25,0
ORN_DM2,ORN_DC2,13,12,10622,25,0
ORN_DM2,SNpp37,13,12,10622,25,0
ORN_DM2,ORN_VC4,13,12,10622,25,0
ORN_DM2,b2 MN,13,12,10622,25,0
GNG654,LB1a,14,11,10622,25,0
GNG654,SNpp21,14,11,10622,25,0
GNG654,ORN_VM7v,14,11,10622,25,0
GNG654,ORN_DL1,14,11,10622,25,0
TRN_VP2,LgLG7,18,7,10622,25,0
TRN_VP2,DNg83,18,7,10622,25,0
TRN_VP2,ORN_DL3,18,7,10622,25,0
TRN_VP2,ORN_DM3,18,7,10622,25,0
aPhM2b,LgLG7,18,7,10622,25,0
aPhM2b,DNg83,18,7,10622,25,0
aPhM2b,ORN_DL3,18,7,10622,25,0
aPhM2b,ORN_DM3,18,7,10622,25,0
LgAG9,HRN_VP1l,15,10,10622,25,0
LgAG9,PhG6,15,10,10622,25,0
LgAG9,LN-DN1,15,10,10622,25,0
LgAG9,ORN_DM4,15,10,10622,25,0
LgAG9,ORN_DM6,15,10,10622,25,0
LgAG9,ORN_VA3,15,10,10622,25,0
ORN_DL5,ORN_DA3,20,5,10622,25,0
ENS3,DNg20,12,13,10622,25,0
ENS3,SNxx06,12,13,10622,25,0
ENS3,SNpp15,12,13,10622,25,0
ENS3,ORN_DA2,12,13,10622,25,0
ENS3,PhG16,12,13,10622,25,0
ENS3,SNpp18,12,13,10622,25,0
ENS3,LgAG8,12,13,10622,25,0
WG2,ORN_DA3,20,5,10622,25,0
LgAG3,ORN_DA3,20,5,10622,25,0
ORN_V,LB4a,16,9,10622,25,0
ORN_V,PhG3,16,9,10622,25,0
ORN_V,SApp21,16,9,10622,25,0
ORN_V,LgAG6,16,9,10622,25,0
ORN_V,tpn MN,16,9,10622,25,0
ORN_V,JO-B4_a,16,9,10622,25,0
ORN_VA1v,HBeyelet,17,8,10622,25,0
ORN_VA1v,PhG1a,17,8,10622,25,0
JO-A1,HBeyelet,17,8,10622,25,0
JO-A1,PhG1a,17,8,10622,25,0
PhG1b,ORN_DA3,20,5,10622,25,0
HRN_VP5,LB1a,14,11,10622,25,0
HRN_VP5,SNpp21,14,11,10622,25,0
HRN_VP5,ORN_VM7v,14,11,10622,25,0
HRN_VP5,ORN_DL1,14,11,10622,25,0
SNpp62,R8d,22,3,10622,25,0
PhG10,LB4a,16,9,10622,25,0
PhG10,PhG3,16,9,10622,25,0
PhG10,SApp21,16,9,10622,25,0
PhG10,tpn MN,16,9,10622,25,0
PhG10,JO-B4_a,16,9,10622,25,0
HRN_VP1l,ORN_VA1d,10,15,10622,25,0
HRN_VP1l,SNpp57,10,15,10622,25,0
HRN_VP1l,LB1b,10,15,10622,25,0
HRN_VP1l,SNpp12,10,15,10622,25,0
HRN_VP1l,PhG8,10,15,10622,25,0
LB4b,LB1a,14,11,10622,25,0
LB4b,SNpp21,14,11,10622,25,0
LB4b,ORN_VM7v,14,11,10622,25,0
LB4b,ORN_DL1,14,11,10622,25,0
SNxx24,LB1a,14,11,10622,25,0
SNxx24,SNpp21,14,11,10622,25,0
SNxx24,ORN_VM7v,14,11,10622,25,0
SNxx24,ORN_DL1,14,11,10622,25,0
BM_vOcci_vPoOr,ORN_DA3,20,5,10622,25,0
ORN_VC1,LgLG7,18,7,10622,25,0
ORN_VC1,DNg83,18,7,10622,25,0
ORN_VC1,ORN_DL3,18,7,10622,25,0
ORN_VC1,ORN_DM3,18,7,10622,25,0
LB1a,ORN_VC5,11,14,10622,25,0
LB1a,PhG4,11,14,10622,25,0
LB1a,SNpp06,11,14,10622,25,0
LB1a,BM_MaPa,11,14,10622,25,0
LB1a,PhG14,11,14,10622,25,0
LB1a,SNpp56,11,14,10622,25,0
LB1a,JO-B2,11,14,10622,25,0
LB1a,JO-B1_c,11,14,10622,25,0
DNg20,ORN_VM4,13,12,10622,25,0
DNg20,ENS1,13,12,10622,25,0
DNg20,PhG13,13,12,10622,25,0
DNg20,ORN_DC2,13,12,10622,25,0
DNg20,SNpp37,13,12,10622,25,0
DNg20,ORN_VC4,13,12,10622,25,0
DNg20,b2 MN,13,12,10622,25,0
ORN_VL1,LB4a,16,9,10622,25,0
ORN_VL1,PhG3,16,9,10622,25,0
ORN_VL1,SApp21,16,9,10622,25,0
ORN_VL1,LgAG6,16,9,10622,25,0
ORN_VL1,tpn MN,16,9,10622,25,0
ORN_VL1,JO-B4_a,16,9,10622,25,0
ORN_VM4,SNxx06,12,13,10622,25,0
ORN_VM4,SNpp15,12,13,10622,25,0
ORN_VM4,ORN_DA2,12,13,10622,25,0
ORN_VM4,PhG16,12,13,10622,25,0
ORN_VM4,SNpp18,12,13,10622,25,0
ORN_VM4,LgAG8,12,13,10622,25,0
PhG6,ORN_VA1d,10,15,10622,25,0
PhG6,SNpp57,10,15,10622,25,0
PhG6,LB1b,10,15,10622,25,0
PhG6,SNpp12,10,15,10622,25,0
PhG6,PhG8,10,15,10622,25,0
R8d,SNpp58,3,22,10622,25,0
R8d,SNxx19,3,22,10622,25,0
R8d,SNxx21,3,22,10622,25,0
R8d,JO-B3,3,22,10622,25,0
ORN_VM7d,LgLG7,18,7,10622,25,0
ORN_VM7d,DNg83,18,7,10622,25,0
ORN_VM7d,ORN_DL3,18,7,10622,25,0
ORN_VM7d,ORN_DM3,18,7,10622,25,0
LB1e,ORN_DA3,20,5,10622,25,0
ORN_VA1d,LN-DN1,15,10,10622,25,0
ORN_VA1d,ORN_DM4,15,10,10622,25,0
ORN_VA1d,ORN_DM6,15,10,10622,25,0
ORN_VA1d,ORN_VA3,15,10,10622,25,0
SNpp57,LN-DN1,15,10,10622,25,0
SNpp57,ORN_DM4,15,10,10622,25,0
SNpp57,ORN_DM6,15,10,10622,25,0
SNpp57,ORN_VA3,15,10,10622,25,0
ENS1,SNxx06,12,13,10622,25,0
ENS1,SNpp15,12,13,10622,25,0
ENS1,ORN_DA2,12,13,10622,25,0
ENS1,PhG16,12,13,10622,25,0
ENS1,SNpp18,12,13,10622,25,0
ENS1,LgAG8,12,13,10622,25,0
PhG13,SNxx06,12,13,10622,25,0
PhG13,SNpp15,12,13,10622,25,0
PhG13,ORN_DA2,12,13,10622,25,0
PhG13,PhG16,12,13,10622,25,0
PhG13,SNpp18,12,13,10622,25,0
PhG13,LgAG8,12,13,10622,25,0
LgLG4,LB4a,16,9,10622,25,0
LgLG4,PhG3,16,9,10622,25,0
LgLG4,SApp21,16,9,10622,25,0
LgLG4,LgAG6,16,9,10622,25,0
LgLG4,tpn MN,16,9,10622,25,0
LgLG4,JO-B4_a,16,9,10622,25,0
HBeyelet,SNpp05,8,17,10622,25,0
HBeyelet,SNxx28,8,17,10622,25,0
HBeyelet,ORN_VM5v,8,17,10622,25,0
HBeyelet,SNpp31,8,17,10622,25,0
HBeyelet,SNpp17,8,17,10622,25,0
HBeyelet,SNpp01,8,17,10622,25,0
LB1b,LN-DN1,15,10,10622,25,0
LB1b,ORN_DM4,15,10,10622,25,0
LB1b,ORN_DM6,15,10,10622,25,0
LB1b,ORN_VA3,15,10,10622,25,0
LgLG7,LgAG2,7,18,10622,25,0
LgLG7,DNx01,7,18,10622,25,0
SNxx30,ORN_DA3,20,5,10622,25,0
SNpp21,ORN_VC5,11,14,10622,25,0
SNpp21,PhG4,11,14,10622,25,0
SNpp21,SNpp06,11,14,10622,25,0
SNpp21,BM_MaPa,11,14,10622,25,0
SNpp21,PhG14,11,14,10622,25,0
SNpp21,SNpp56,11,14,10622,25,0
SNpp21,JO-B2,11,14,10622,25,0
SNpp21,JO-B1_c,11,14,10622,25,0
ORN_VM7v,ORN_VC5,11,14,10622,25,0
ORN_VM7v,PhG4,11,14,10622,25,0
ORN_VM7v,SNpp06,11,14,10622,25,0
ORN_VM7v,BM_MaPa,11,14,10622,25,0
ORN_VM7v,PhG14,11,14,10622,25,0
ORN_VM7v,SNpp56,11,14,10622,25,0
ORN_VM7v,JO-B2,11,14,10622,25,0
ORN_VM7v,JO-B1_c,11,14,10622,25,0
ORN_VM5d,LB4a,16,9,10622,25,0
ORN_VM5d,PhG3,16,9,10622,25,0
ORN_VM5d,SApp21,16,9,10622,25,0
ORN_VM5d,LgAG6,16,9,10622,25,0
ORN_VM5d,tpn MN,16,9,10622,25,0
ORN_VM5d,JO-B4_a,16,9,10622,25,0
ORN_VC5,ORN_DL1,14,11,10622,25,0
PhG4,ORN_DL1,14,11,10622,25,0
LgAG2,DNg83,18,7,10622,25,0
LgAG2,ORN_DL3,18,7,10622,25,0
LgAG2,ORN_DM3,18,7,10622,25,0
SNxx06,ORN_DC2,13,12,10622,25,0
SNxx06,SNpp37,13,12,10622,25,0
SNxx06,ORN_VC4,13,12,10622,25,0
SNxx06,b2 MN,13,12,10622,25,0
ORN_DC2,SNpp15,12,13,10622,25,0
ORN_DC2,PhG16,12,13,10622,25,0
ORN_DC2,SNpp18,12,13,10622,25,0
ORN_DC2,LgAG8,12,13,10622,25,0
DNg83,DNx01,7,18,10622,25,0
SNpp06,ORN_DL1,14,11,10622,25,0
SNpp05,PhG1a,17,8,10622,25,0
LN-DN1,SNpp12,10,15,10622,25,0
LN-DN1,PhG8,10,15,10622,25,0
ORN_DM4,SNpp12,10,15,10622,25,0
ORN_DM4,PhG8,10,15,10622,25,0
SNpp15,SNpp37,13,12,10622,25,0
SNpp15,ORN_VC4,13,12,10622,25,0
SNpp15,b2 MN,13,12,10622,25,0
ORN_DA2,SNpp37,13,12,10622,25,0
ORN_DA2,ORN_VC4,13,12,10622,25,0
ORN_DA2,b2 MN,13,12,10622,25,0
SNxx28,PhG1a,17,8,10622,25,0
ORN_VM5v,PhG1a,17,8,10622,25,0
BM_MaPa,ORN_DL1,14,11,10622,25,0
PhG14,ORN_DL1,14,11,10622,25,0
ORN_DL1,SNpp56,11,14,10622,25,0
ORN_DL1,JO-B2,11,14,10622,25,0
ORN_DL1,JO-B1_c,11,14,10622,25,0
PhG16,SNpp37,13,12,10622,25,0
PhG16,ORN_VC4,13,12,10622,25,0
PhG16,b2 MN,13,12,10622,25,0
SNpp37,SNpp18,12,13,10622,25,0
SNpp37,LgAG8,12,13,10622,25,0
LB4a,SNpp11,9,16,10622,25,0
LB4a,ALBN1,9,16,10622,25,0
LB4a,ENS5,9,16,10622,25,0
LB4a,dorsal_tpGRN,9,16,10622,25,0
LB4a,JO-CA2,9,16,10622,25,0
PhG3,SNpp11,9,16,10622,25,0
PhG3,ALBN1,9,16,10622,25,0
PhG3,ENS5,9,16,10622,25,0
PhG3,JO-CA2,9,16,10622,25,0
SApp21,SNpp11,9,16,10622,25,0
SApp21,ALBN1,9,16,10622,25,0
SApp21,ENS5,9,16,10622,25,0
SApp21,dorsal_tpGRN,9,16,10622,25,0
SApp21,JO-CA2,9,16,10622,25,0
SNpp18,ORN_VC4,13,12,10622,25,0
SNpp18,b2 MN,13,12,10622,25,0
SNpp12,ORN_DM6,15,10,10622,25,0
SNpp12,ORN_VA3,15,10,10622,25,0
SNpp11,LgAG6,16,9,10622,25,0
SNpp11,tpn MN,16,9,10622,25,0
SNpp11,JO-B4_a,16,9,10622,25,0
ORN_VC4,LgAG8,12,13,10622,25,0
b2 MN,LgAG8,12,13,10622,25,0
SNpp31,PhG1a,17,8,10622,25,0
LgAG6,ALBN1,9,16,10622,25,0
LgAG6,ENS5,9,16,10622,25,0
LgAG6,JO-CA2,9,16,10622,25,0
tpn MN,ALBN1,9,16,10622,25,0
tpn MN,ENS5,9,16,10622,25,0
tpn MN,dorsal_tpGRN,9,16,10622,25,0
tpn MN,JO-CA2,9,16,10622,25,0
ALBN1,JO-B4_a,16,9,10622,25,0
ENS5,JO-B4_a,16,9,10622,25,0
dorsal_tpGRN,JO-B4_a,16,9,10622,25,0
ORN_DL3,DNx01,7,18,10622,25,0
ORN_DM6,PhG8,10,15,10622,25,0
ORN_VA3,PhG8,10,15,10622,25,0
DNx01,ORN_DM3,18,7,10622,25,0
PhG1a,SNpp17,8,17,10622,25,0
PhG1a,SNpp01,8,17,10622,25,0
JO-B4_a,JO-CA2,9,16,10622,25,0
R7_unclear,LgLG8,15,9,10623,24,0
R7_unclear,LB4a,15,9,10623,24,0
R7_unclear,PhG3,15,9,10623,24,0
R7_unclear,SApp21,15,9,10623,24,0
R7_unclear,LgAG6,15,9,10623,24,0
R7_unclear,tpn MN,15,9,10623,24,0
R7_unclear,JO-B4_a,15,9,10623,24,0
R7y,R7d,11,13,10623,24,0
R7y,LgLG6,11,13,10623,24,0
R7y,ORN_DM2,11,13,10623,24,0
R7y,DNg20,11,13,10623,24,0
R7y,SNxx06,11,13,10623,24,0
R7y,SNpp15,11,13,10623,24,0
R7y,ORN_DA2,11,13,10623,24,0
R7y,PhG16,11,13,10623,24,0
R7y,SNpp18,11,13,10623,24,0
R7y,LgAG8,11,13,10623,24,0
R7p,R7d,11,13,10623,24,0
R7p,LgLG6,11,13,10623,24,0
R7p,ORN_DM2,11,13,10623,24,0
R7p,DNg20,11,13,10623,24,0
R7p,SNxx06,11,13,10623,24,0
R7p,SNpp15,11,13,10623,24,0
R7p,ORN_DA2,11,13,10623,24,0
R7p,PhG16,11,13,10623,24,0
R7p,SNpp18,11,13,10623,24,0
R7p,LgAG8,11,13,10623,24,0
R7d,R8p,13,11,10623,24,0
R7d,SNxx09,13,11,10623,24,0
R7d,LgLG2,13,11,10623,24,0
R7d,R8_unclear,13,11,10623,24,0
R7d,LB1a,13,11,10623,24,0
R7d,SNpp21,13,11,10623,24,0
R7d,ORN_VM7v,13,11,10623,24,0
R7d,ORN_DL1,13,11,10623,24,0
LgLG6,R8p,13,11,10623,24,0
LgLG6,SNxx09,13,11,10623,24,0
LgLG6,LgLG2,13,11,10623,24,0
LgLG6,R8_unclear,13,11,10623,24,0
LgLG6,LB1a,13,11,10623,24,0
LgLG6,SNpp21,13,11,10623,24,0
LgLG6,ORN_VM7v,13,11,10623,24,0
LgLG6,ORN_DL1,13,11,10623,24,0
aPhM4,ORN_DA3,19,5,10623,24,0
R8p,ORN_DM2,11,13,10623,24,0
R8p,DNg20,11,13,10623,24,0
R8p,SNxx06,11,13,10623,24,0
R8p,SNpp15,11,13,10623,24,0
R8p,ORN_DA2,11,13,10623,24,0
R8p,PhG16,11,13,10623,24,0
R8p,SNpp18,11,13,10623,24,0
R8p,LgAG8,11,13,10623,24,0
SNxx09,ORN_DM2,11,13,10623,24,0
SNxx09,DNg20,11,13,10623,24,0
SNxx09,SNxx06,11,13,10623,24,0
SNxx09,SNpp15,11,13,10623,24,0
SNxx09,ORN_DA2,11,13,10623,24,0
SNxx09,PhG16,11,13,10623,24,0
SNxx09,SNpp18,11,13,10623,24,0
SNxx09,LgAG8,11,13,10623,24,0
LB3b,LgLG7,17,7,10623,24,0
LB3b,DNg83,17,7,10623,24,0
LB3b,ORN_DL3,17,7,10623,24,0
LB3b,ORN_DM3,17,7,10623,24,0
R8y,GNG654,10,14,10623,24,0
R8y,HRN_VP5,10,14,10623,24,0
R8y,LB4b,10,14,10623,24,0
R8y,SNxx24,10,14,10623,24,0
R8y,ORN_VC5,10,14,10623,24,0
R8y,PhG4,10,14,10623,24,0
R8y,SNpp06,10,14,10623,24,0
R8y,BM_MaPa,10,14,10623,24,0
R8y,PhG14,10,14,10623,24,0
R8y,SNpp56,10,14,10623,24,0
R8y,JO-B2,10,14,10623,24,0
R8y,JO-B1_c,10,14,10623,24,0
LgLG5,GNG642,8,16,10623,24,0
LgLG5,ORN_V,8,16,10623,24,0
LgLG5,PhG10,8,16,10623,24,0
LgLG5,ORN_VL1,8,16,10623,24,0
LgLG5,LgLG4,8,16,10623,24,0
LgLG5,ORN_VM5d,8,16,10623,24,0
LgLG5,SNpp11,8,16,10623,24,0
LgLG5,ALBN1,8,16,10623,24,0
LgLG5,ENS5,8,16,10623,24,0
LgLG5,dorsal_tpGRN,8,16,10623,24,0
LgLG5,JO-CA2,8,16,10623,24,0
JO-A3,R8d,21,3,10623,24,0
WG1,LgLG8,15,9,10623,24,0
WG1,LB4a,15,9,10623,24,0
WG1,PhG3,15,9,10623,24,0
WG1,SApp21,15,9,10623,24,0
WG1,LgAG6,15,9,10623,24,0
WG1,tpn MN,15,9,10623,24,0
WG1,JO-B4_a,15,9,10623,24,0
LgLG2,ORN_DM2,11,13,10623,24,0
LgLG2,DNg20,11,13,10623,24,0
LgLG2,SNxx06,11,13,10623,24,0
LgLG2,SNpp15,11,13,10623,24,0
LgLG2,ORN_DA2,11,13,10623,24,0
LgLG2,PhG16,11,13,10623,24,0
LgLG2,SNpp18,11,13,10623,24,0
LgLG2,LgAG8,11,13,10623,24,0
LgLG8,LgAG9,9,15,10623,24,0
LgLG8,ORN_VA1d,9,15,10623,24,0
LgLG8,SNpp57,9,15,10623,24,0
LgLG8,LB1b,9,15,10623,24,0
LgLG8,SNpp12,9,15,10623,24,0
LgLG8,PhG8,9,15,10623,24,0
ORN_VM6v,R8d,21,3,10623,24,0
LB3a,ORN_DA3,19,5,10623,24,0
R8_unclear,ORN_DM2,11,13,10623,24,0
R8_unclear,DNg20,11,13,10623,24,0
R8_unclear,SNxx06,11,13,10623,24,0
R8_unclear,SNpp15,11,13,10623,24,0
R8_unclear,ORN_DA2,11,13,10623,24,0
R8_unclear,PhG16,11,13,10623,24,0
R8_unclear,SNpp18,11,13,10623,24,0
R8_unclear,LgAG8,11,13,10623,24,0
GNG642,HBeyelet,16,8,10623,24,0
GNG642,PhG1a,16,8,10623,24,0
ORN_DM2,LB1a,13,11,10623,24,0
ORN_DM2,SNpp21,13,11,10623,24,0
ORN_DM2,ORN_VM7v,13,11,10623,24,0
ORN_DM2,ORN_DL1,13,11,10623,24,0
GNG654,HRN_VP1l,14,10,10623,24,0
GNG654,PhG6,14,10,10623,24,0
GNG654,LN-DN1,14,10,10623,24,0
GNG654,ORN_DM4,14,10,10623,24,0
GNG654,ORN_DM6,14,10,10623,24,0
GNG654,ORN_VA3,14,10,10623,24,0
LgAG9,LB4a,15,9,10623,24,0
LgAG9,PhG3,15,9,10623,24,0
LgAG9,SApp21,15,9,10623,24,0
LgAG9,tpn MN,15,9,10623,24,0
LgAG9,JO-B4_a,15,9,10623,24,0
ENS3,ORN_VM4,12,12,10623,24,0
ENS3,ENS1,12,12,10623,24,0
ENS3,PhG13,12,12,10623,24,0
ENS3,ORN_DC2,12,12,10623,24,0
ENS3,SNpp37,12,12,10623,24,0
ENS3,ORN_VC4,12,12,10623,24,0
ENS3,b2 MN,12,12,10623,24,0
SNpp35,ORN_DA3,19,5,10623,24,0
SNxx17,R8d,21,3,10623,24,0
ORN_V,HBeyelet,16,8,10623,24,0
ORN_V,PhG1a,16,8,10623,24,0
ORN_VA1v,LgLG7,17,7,10623,24,0
ORN_VA1v,DNg83,17,7,10623,24,0
ORN_VA1v,ORN_DL3,17,7,10623,24,0
ORN_VA1v,ORN_DM3,17,7,10623,24,0
JO-A1,LgLG7,17,7,10623,24,0
JO-A1,DNg83,17,7,10623,24,0
JO-A1,ORN_DL3,17,7,10623,24,0
JO-A1,ORN_DM3,17,7,10623,24,0
LgAG5,ORN_DA3,19,5,10623,24,0
HRN_VP5,HRN_VP1l,14,10,10623,24,0
HRN_VP5,PhG6,14,10,10623,24,0
HRN_VP5,LN-DN1,14,10,10623,24,0
HRN_VP5,ORN_DM4,14,10,10623,24,0
HRN_VP5,ORN_DM6,14,10,10623,24,0
HRN_VP5,ORN_VA3,14,10,10623,24,0
PhG10,HBeyelet,16,8,10623,24,0
PhG10,PhG1a,16,8,10623,24,0
LgAG7,ORN_DA3,19,5,10623,24,0
HRN_VP1l,LB4b,10,14,10623,24,0
HRN_VP1l,SNxx24,10,14,10623,24,0
HRN_VP1l,ORN_VC5,10,14,10623,24,0
HRN_VP1l,PhG4,10,14,10623,24,0
HRN_VP1l,SNpp06,10,14,10623,24,0
HRN_VP1l,BM_MaPa,10,14,10623,24,0
HRN_VP1l,PhG14,10,14,10623,24,0
HRN_VP1l,SNpp56,10,14,10623,24,0
HRN_VP1l,JO-B2,10,14,10623,24,0
HRN_VP1l,JO-B1_c,10,14,10623,24,0
ORN_DL2v,R8d,21,3,10623,24,0
LB4b,PhG6,14,10,10623,24,0
LB4b,LN-DN1,14,10,10623,24,0
LB4b,ORN_DM4,14,10,10623,24,0
LB4b,ORN_DM6,14,10,10623,24,0
LB4b,ORN_VA3,14,10,10623,24,0
SNxx24,PhG6,14,10,10623,24,0
SNxx24,LN-DN1,14,10,10623,24,0
SNxx24,ORN_DM4,14,10,10623,24,0
SNxx24,ORN_DM6,14,10,10623,24,0
SNxx24,ORN_VA3,14,10,10623,24,0
LB1a,DNg20,11,13,10623,24,0
LB1a,SNxx06,11,13,10623,24,0
LB1a,SNpp15,11,13,10623,24,0
LB1a,ORN_DA2,11,13,10623,24,0
LB1a,PhG16,11,13,10623,24,0
LB1a,SNpp18,11,13,10623,24,0
LB1a,LgAG8,11,13,10623,24,0
DNg20,SNpp21,13,11,10623,24,0
DNg20,ORN_VM7v,13,11,10623,24,0
DNg20,ORN_DL1,13,11,10623,24,0
ORN_VL1,HBeyelet,16,8,10623,24,0
ORN_VL1,PhG1a,16,8,10623,24,0
ORN_VM4,ENS1,12,12,10623,24,0
ORN_VM4,PhG13,12,12,10623,24,0
ORN_VM4,ORN_DC2,12,12,10623,24,0
ORN_VM4,SNpp37,12,12,10623,24,0
ORN_VM4,ORN_VC4,12,12,10623,24,0
ORN_VM4,b2 MN,12,12,10623,24,0
ORN_DL2d,ORN_DA3,19,5,10623,24,0
PhG6,ORN_VC5,10,14,10623,24,0
PhG6,SNpp06,10,14,10623,24,0
PhG6,BM_MaPa,10,14,10623,24,0
PhG6,PhG14,10,14,10623,24,0
PhG6,SNpp56,10,14,10623,24,0
PhG6,JO-B2,10,14,10623,24,0
PhG6,JO-B1_c,10,14,10623,24,0
ORN_VA1d,LB4a,15,9,10623,24,0
ORN_VA1d,PhG3,15,9,10623,24,0
ORN_VA1d,SApp21,15,9,10623,24,0
ORN_VA1d,LgAG6,15,9,10623,24,0
ORN_VA1d,tpn MN,15,9,10623,24,0
ORN_VA1d,JO-B4_a,15,9,10623,24,0
SNpp57,LB4a,15,9,10623,24,0
SNpp57,PhG3,15,9,10623,24,0
SNpp57,SApp21,15,9,10623,24,0
SNpp57,LgAG6,15,9,10623,24,0
SNpp57,tpn MN,15,9,10623,24,0
SNpp57,JO-B4_a,15,9,10623,24,0
ENS1,PhG13,12,12,10623,24,0
ENS1,ORN_DC2,12,12,10623,24,0
ENS1,SNpp37,12,12,10623,24,0
ENS1,ORN_VC4,12,12,10623,24,0
ENS1,b2 MN,12,12,10623,24,0
PhG13,ORN_DC2,12,12,10623,24,0
PhG13,SNpp37,12,12,10623,24,0
PhG13,ORN_VC4,12,12,10623,24,0
PhG13,b2 MN,12,12,10623,24,0
LgLG4,HBeyelet,16,8,10623,24,0
LgLG4,PhG1a,16,8,10623,24,0
HBeyelet,ORN_VM5d,8,16,10623,24,0
HBeyelet,SNpp11,8,16,10623,24,0
HBeyelet,ALBN1,8,16,10623,24,0
HBeyelet,ENS5,8,16,10623,24,0
HBeyelet,dorsal_tpGRN,8,16,10623,24,0
HBeyelet,JO-CA2,8,16,10623,24,0
LB1b,LB4a,15,9,10623,24,0
LB1b,PhG3,15,9,10623,24,0
LB1b,SApp21,15,9,10623,24,0
LB1b,tpn MN,15,9,10623,24,0
LB1b,JO-B4_a,15,9,10623,24,0
LgLG7,SNpp05,7,17,10623,24,0
LgLG7,SNxx28,7,17,10623,24,0
LgLG7,ORN_VM5v,7,17,10623,24,0
LgLG7,SNpp31,7,17,10623,24,0
LgLG7,SNpp17,7,17,10623,24,0
LgLG7,SNpp01,7,17,10623,24,0
SNpp21,SNxx06,11,13,10623,24,0
SNpp21,SNpp15,11,13,10623,24,0
SNpp21,ORN_DA2,11,13,10623,24,0
SNpp21,PhG16,11,13,10623,24,0
SNpp21,SNpp18,11,13,10623,24,0
SNpp21,LgAG8,11,13,10623,24,0
ORN_VM7v,SNxx06,11,13,10623,24,0
ORN_VM7v,SNpp15,11,13,10623,24,0
ORN_VM7v,PhG16,11,13,10623,24,0
ORN_VM7v,SNpp18,11,13,10623,24,0
ORN_VM7v,LgAG8,11,13,10623,24,0
ORN_VM5d,PhG1a,16,8,10623,24,0
ORN_VC5,LN-DN1,14,10,10623,24,0
ORN_VC5,ORN_DM4,14,10,10623,24,0
ORN_VC5,ORN_DM6,14,10,10623,24,0
ORN_VC5,ORN_VA3,14,10,10623,24,0
PhG4,LN-DN1,14,10,10623,24,0
PhG4,ORN_DM4,14,10,10623,24,0
PhG4,ORN_DM6,14,10,10623,24,0
PhG4,ORN_VA3,14,10,10623,24,0
SNxx06,ORN_DL1,13,11,10623,24,0
ORN_DC2,SNpp37,12,12,10623,24,0
ORN_DC2,ORN_VC4,12,12,10623,24,0
ORN_DC2,b2 MN,12,12,10623,24,0
JO-B1_a,ORN_DA3,19,5,10623,24,0
DNg83,SNpp05,7,17,10623,24,0
DNg83,SNxx28,7,17,10623,24,0
DNg83,ORN_VM5v,7,17,10623,24,0
DNg83,SNpp31,7,17,10623,24,0
DNg83,SNpp17,7,17,10623,24,0
DNg83,SNpp01,7,17,10623,24,0
SNpp06,LN-DN1,14,10,10623,24,0
SNpp06,ORN_DM4,14,10,10623,24,0
SNpp06,ORN_DM6,14,10,10623,24,0
SNpp06,ORN_VA3,14,10,10623,24,0
SNpp05,ORN_DL3,17,7,10623,24,0
SNpp05,ORN_DM3,17,7,10623,24,0
LN-DN1,PhG14,10,14,10623,24,0
LN-DN1,SNpp56,10,14,10623,24,0
LN-DN1,JO-B2,10,14,10623,24,0
LN-DN1,JO-B1_c,10,14,10623,24,0
ORN_DM4,BM_MaPa,10,14,10623,24,0
ORN_DM4,PhG14,10,14,10623,24,0
ORN_DM4,SNpp56,10,14,10623,24,0
ORN_DM4,JO-B2,10,14,10623,24,0
ORN_DM4,JO-B1_c,10,14,10623,24,0
SNpp15,ORN_DL1,13,11,10623,24,0
ORN_DA2,ORN_DL1,13,11,10623,24,0
SNxx28,ORN_DL3,17,7,10623,24,0
SNxx28,ORN_DM3,17,7,10623,24,0
ORN_VM5v,ORN_DL3,17,7,10623,24,0
ORN_VM5v,ORN_DM3,17,7,10623,24,0
BM_MaPa,ORN_DM6,14,10,10623,24,0
BM_MaPa,ORN_VA3,14,10,10623,24,0
PhG14,ORN_DM6,14,10,10623,24,0
PhG14,ORN_VA3,14,10,10623,24,0
ORN_DL1,PhG16,11,13,10623,24,0
ORN_DL1,SNpp18,11,13,10623,24,0
ORN_DL1,LgAG8,11,13,10623,24,0
SNta13,ORN_DA3,19,5,10623,24,0
SNpp37,ORN_VC4,12,12,10623,24,0
LB4a,SNpp12,9,15,10623,24,0
LB4a,PhG8,9,15,10623,24,0
PhG3,SNpp12,9,15,10623,24,0
PhG3,PhG8,9,15,10623,24,0
SApp21,SNpp12,9,15,10623,24,0
SApp21,PhG8,9,15,10623,24,0
SNpp12,LgAG6,15,9,10623,24,0
SNpp12,tpn MN,15,9,10623,24,0
SNpp12,JO-B4_a,15,9,10623,24,0
SNpp11,PhG1a,16,8,10623,24,0
SNpp56,ORN_DM6,14,10,10623,24,0
SNpp56,ORN_VA3,14,10,10623,24,0
ORN_VC4,b2 MN,12,12,10623,24,0
SNpp31,ORN_DL3,17,7,10623,24,0
SNpp31,ORN_DM3,17,7,10623,24,0
tpn MN,PhG8,9,15,10623,24,0
ALBN1,PhG1a,16,8,10623,24,0
ENS5,PhG1a,16,8,10623,24,0
ORN_DL3,SNpp17,7,17,10623,24,0
ORN_DL3,SNpp01,7,17,10623,24,0
JO-B2,ORN_DM6,14,10,10623,24,0
JO-B2,ORN_VA3,14,10,10623,24,0
ORN_DM6,JO-B1_c,10,14,10623,24,0
ORN_VA3,JO-B1_c,10,14,10623,24,0
PhG1a,JO-CA2,8,16,10623,24,0
SNpp17,ORN_DM3,17,7,10623,24,0
SNpp01,ORN_DM3,17,7,10623,24,0
PhG8,JO-B4_a,15,9,10623,24,0
SNxx08,R8d,20,3,10624,23,0
R7_unclear,LgLG5,15,8,10624,23,0
R7_unclear,HBeyelet,15,8,10624,23,0
R7_unclear,PhG1a,15,8,10624,23,0
R7y,ENS3,11,12,10624,23,0
R7y,ORN_VM4,11,12,10624,23,0
R7y,ENS1,11,12,10624,23,0
R7y,PhG13,11,12,10624,23,0
R7y,ORN_DC2,11,12,10624,23,0
R7y,SNpp37,11,12,10624,23,0
R7y,ORN_VC4,11,12,10624,23,0
R7y,b2 MN,11,12,10624,23,0
R7p,ENS3,11,12,10624,23,0
R7p,ORN_VM4,11,12,10624,23,0
R7p,ENS1,11,12,10624,23,0
R7p,PhG13,11,12,10624,23,0
R7p,ORN_DC2,11,12,10624,23,0
R7p,SNpp37,11,12,10624,23,0
R7p,ORN_VC4,11,12,10624,23,0
R7p,b2 MN,11,12,10624,23,0
R7d,R8y,13,10,10624,23,0
R7d,HRN_VP1l,13,10,10624,23,0
R7d,PhG6,13,10,10624,23,0
R7d,LN-DN1,13,10,10624,23,0
R7d,ORN_DM4,13,10,10624,23,0
R7d,ORN_DM6,13,10,10624,23,0
R7d,ORN_VA3,13,10,10624,23,0
LgLG6,R8y,13,10,10624,23,0
LgLG6,HRN_VP1l,13,10,10624,23,0
LgLG6,PhG6,13,10,10624,23,0
LgLG6,LN-DN1,13,10,10624,23,0
LgLG6,ORN_DM4,13,10,10624,23,0
LgLG6,ORN_DM6,13,10,10624,23,0
LgLG6,ORN_VA3,13,10,10624,23,0
R8p,ENS3,11,12,10624,23,0
R8p,ORN_VM4,11,12,10624,23,0
R8p,ENS1,11,12,10624,23,0
R8p,PhG13,11,12,10624,23,0
R8p,ORN_DC2,11,12,10624,23,0
R8p,SNpp37,11,12,10624,23,0
R8p,ORN_VC4,11,12,10624,23,0
R8p,b2 MN,11,12,10624,23,0
SNxx09,ENS3,11,12,10624,23,0
SNxx09,ORN_VM4,11,12,10624,23,0
SNxx09,ENS1,11,12,10624,23,0
SNxx09,PhG13,11,12,10624,23,0
SNxx09,ORN_DC2,11,12,10624,23,0
SNxx09,SNpp37,11,12,10624,23,0
SNxx09,ORN_VC4,11,12,10624,23,0
SNxx09,b2 MN,11,12,10624,23,0
GNG644,R8d,20,3,10624,23,0
R8y,ORN_DM2,10,13,10624,23,0
R8y,DNg20,10,13,10624,23,0
R8y,SNxx06,10,13,10624,23,0
R8y,SNpp15,10,13,10624,23,0
R8y,ORN_DA2,10,13,10624,23,0
R8y,PhG16,10,13,10624,23,0
R8y,SNpp18,10,13,10624,23,0
R8y,LgAG8,10,13,10624,23,0
LgLG5,WG1,8,15,10624,23,0
LgLG5,LgAG9,8,15,10624,23,0
LgLG5,ORN_VA1d,8,15,10624,23,0
LgLG5,SNpp57,8,15,10624,23,0
LgLG5,LB1b,8,15,10624,23,0
LgLG5,SNpp12,8,15,10624,23,0
LgLG5,PhG8,8,15,10624,23,0
WG1,HBeyelet,15,8,10624,23,0
WG1,PhG1a,15,8,10624,23,0
LgLG2,ENS3,11,12,10624,23,0
LgLG2,ORN_VM4,11,12,10624,23,0
LgLG2,ENS1,11,12,10624,23,0
LgLG2,PhG13,11,12,10624,23,0
LgLG2,ORN_DC2,11,12,10624,23,0
LgLG2,SNpp37,11,12,10624,23,0
LgLG2,ORN_VC4,11,12,10624,23,0
LgLG2,b2 MN,11,12,10624,23,0
TRN_VP3a,ORN_DA3,18,5,10624,23,0
LgLG8,GNG654,9,14,10624,23,0
LgLG8,HRN_VP5,9,14,10624,23,0
LgLG8,LB4b,9,14,10624,23,0
LgLG8,SNxx24,9,14,10624,23,0
LgLG8,ORN_VC5,9,14,10624,23,0
LgLG8,PhG4,9,14,10624,23,0
LgLG8,SNpp06,9,14,10624,23,0
LgLG8,BM_MaPa,9,14,10624,23,0
LgLG8,PhG14,9,14,10624,23,0
LgLG8,SNpp56,9,14,10624,23,0
LgLG8,JO-B2,9,14,10624,23,0
LgLG8,JO-B1_c,9,14,10624,23,0
R8_unclear,ENS3,11,12,10624,23,0
R8_unclear,ORN_VM4,11,12,10624,23,0
R8_unclear,ENS1,11,12,10624,23,0
R8_unclear,PhG13,11,12,10624,23,0
R8_unclear,ORN_DC2,11,12,10624,23,0
R8_unclear,SNpp37,11,12,10624,23,0
R8_unclear,ORN_VC4,11,12,10624,23,0
R8_unclear,b2 MN,11,12,10624,23,0
GNG642,LgLG7,16,7,10624,23,0
GNG642,DNg83,16,7,10624,23,0
GNG642,ORN_DL3,16,7,10624,23,0
GNG642,ORN_DM3,16,7,10624,23,0
ORN_DM2,HRN_VP1l,13,10,10624,23,0
ORN_DM2,PhG6,13,10,10624,23,0
ORN_DM2,LN-DN1,13,10,10624,23,0
ORN_DM2,ORN_DM4,13,10,10624,23,0
ORN_DM2,ORN_DM6,13,10,10624,23,0
ORN_DM2,ORN_VA3,13,10,10624,23,0
GNG654,LB4a,14,9,10624,23,0
GNG654,PhG3,14,9,10624,23,0
GNG654,SApp21,14,9,10624,23,0
GNG654,LgAG6,14,9,10624,23,0
GNG654,tpn MN,14,9,10624,23,0
GNG654,JO-B4_a,14,9,10624,23,0
TRN_VP2,ORN_DA3,18,5,10624,23,0
aPhM2b,ORN_DA3,18,5,10624,23,0
LgAG9,HBeyelet,15,8,10624,23,0
LgAG9,PhG1a,15,8,10624,23,0
ORN_DL5,R8d,20,3,10624,23,0
ENS3,LB1a,12,11,10624,23,0
ENS3,SNpp21,12,11,10624,23,0
ENS3,ORN_VM7v,12,11,10624,23,0
ENS3,ORN_DL1,12,11,10624,23,0
WG2,R8d,20,3,10624,23,0
LgAG3,R8d,20,3,10624,23,0
ORN_V,LgLG7,16,7,10624,23,0
ORN_V,DNg83,16,7,10624,23,0
ORN_V,ORN_DL3,16,7,10624,23,0
ORN_V,ORN_DM3,16,7,10624,23,0
PhG1b,R8d,20,3,10624,23,0
HRN_VP5,LB4a,14,9,10624,23,0
HRN_VP5,PhG3,14,9,10624,23,0
HRN_VP5,SApp21,14,9,10624,23,0
HRN_VP5,LgAG6,14,9,10624,23,0
HRN_VP5,tpn MN,14,9,10624,23,0
HRN_VP5,JO-B4_a,14,9,10624,23,0
PhG10,LgLG7,16,7,10624,23,0
PhG10,DNg83,16,7,10624,23,0
PhG10,ORN_DL3,16,7,10624,23,0
PhG10,ORN_DM3,16,7,10624,23,0
HRN_VP1l,DNg20,10,13,10624,23,0
HRN_VP1l,SNxx06,10,13,10624,23,0
HRN_VP1l,SNpp15,10,13,10624,23,0
HRN_VP1l,ORN_DA2,10,13,10624,23,0
HRN_VP1l,PhG16,10,13,10624,23,0
HRN_VP1l,SNpp18,10,13,10624,23,0
HRN_VP1l,LgAG8,10,13,10624,23,0
LB4b,LB4a,14,9,10624,23,0
LB4b,PhG3,14,9,10624,23,0
LB4b,SApp21,14,9,10624,23,0
LB4b,LgAG6,14,9,10624,23,0
LB4b,tpn MN,14,9,10624,23,0
LB4b,JO-B4_a,14,9,10624,23,0
SNxx24,LB4a,14,9,10624,23,0
SNxx24,PhG3,14,9,10624,23,0
SNxx24,SApp21,14,9,10624,23,0
SNxx24,LgAG6,14,9,10624,23,0
SNxx24,tpn MN,14,9,10624,23,0
SNxx24,JO-B4_a,14,9,10624,23,0
BM_vOcci_vPoOr,R8d,20,3,10624,23,0
ORN_VC1,ORN_DA3,18,5,10624,23,0
LB1a,ORN_VM4,11,12,10624,23,0
LB1a,ENS1,11,12,10624,23,0
LB1a,PhG13,11,12,10624,23,0
LB1a,ORN_DC2,11,12,10624,23,0
LB1a,SNpp37,11,12,10624,23,0
LB1a,ORN_VC4,11,12,10624,23,0
LB1a,b2 MN,11,12,10624,23,0
DNg20,PhG6,13,10,10624,23,0
DNg20,LN-DN1,13,10,10624,23,0
DNg20,ORN_DM4,13,10,10624,23,0
DNg20,ORN_DM6,13,10,10624,23,0
DNg20,ORN_VA3,13,10,10624,23,0
ORN_VL1,LgLG7,16,7,10624,23,0
ORN_VL1,DNg83,16,7,10624,23,0
ORN_VL1,ORN_DL3,16,7,10624,23,0
ORN_VL1,ORN_DM3,16,7,10624,23,0
ORN_VM4,SNpp21,12,11,10624,23,0
ORN_VM4,ORN_VM7v,12,11,10624,23,0
ORN_VM4,ORN_DL1,12,11,10624,23,0
PhG6,SNxx06,10,13,10624,23,0
PhG6,SNpp15,10,13,10624,23,0
PhG6,ORN_DA2,10,13,10624,23,0
PhG6,PhG16,10,13,10624,23,0
PhG6,SNpp18,10,13,10624,23,0
PhG6,LgAG8,10,13,10624,23,0
R8d,LB1e,3,20,10624,23,0
R8d,SNxx30,3,20,10624,23,0
ORN_VM7d,ORN_DA3,18,5,10624,23,0
ORN_VA1d,HBeyelet,15,8,10624,23,0
ORN_VA1d,PhG1a,15,8,10624,23,0
SNpp57,HBeyelet,15,8,10624,23,0
SNpp57,PhG1a,15,8,10624,23,0
ENS1,SNpp21,12,11,10624,23,0
ENS1,ORN_VM7v,12,11,10624,23,0
ENS1,ORN_DL1,12,11,10624,23,0
PhG13,SNpp21,12,11,10624,23,0
PhG13,ORN_VM7v,12,11,10624,23,0
PhG13,ORN_DL1,12,11,10624,23,0
LgLG4,LgLG7,16,7,10624,23,0
LgLG4,DNg83,16,7,10624,23,0
LgLG4,ORN_DL3,16,7,10624,23,0
LgLG4,ORN_DM3,16,7,10624,23,0
HBeyelet,LB1b,8,15,10624,23,0
HBeyelet,SNpp12,8,15,10624,23,0
HBeyelet,PhG8,8,15,10624,23,0
LB1b,PhG1a,15,8,10624,23,0
LgLG7,ORN_VM5d,7,16,10624,23,0
LgLG7,SNpp11,7,16,10624,23,0
LgLG7,ALBN1,7,16,10624,23,0
LgLG7,ENS5,7,16,10624,23,0
LgLG7,dorsal_tpGRN,7,16,10624,23,0
LgLG7,JO-CA2,7,16,10624,23,0
SNpp21,ORN_DC2,11,12,10624,23,0
SNpp21,SNpp37,11,12,10624,23,0
SNpp21,ORN_VC4,11,12,10624,23,0
SNpp21,b2 MN,11,12,10624,23,0
ORN_VM7v,SNpp37,11,12,10624,23,0
ORN_VM7v,ORN_VC4,11,12,10624,23,0
ORN_VM7v,b2 MN,11,12,10624,23,0
ORN_VM5d,DNg83,16,7,10624,23,0
ORN_VM5d,ORN_DL3,16,7,10624,23,0
ORN_VM5d,ORN_DM3,16,7,10624,23,0
ORN_VC5,LB4a,14,9,10624,23,0
ORN_VC5,PhG3,14,9,10624,23,0
ORN_VC5,SApp21,14,9,10624,23,0
ORN_VC5,LgAG6,14,9,10624,23,0
ORN_VC5,tpn MN,14,9,10624,23,0
ORN_VC5,JO-B4_a,14,9,10624,23,0
PhG4,LB4a,14,9,10624,23,0
PhG4,SApp21,14,9,10624,23,0
PhG4,tpn MN,14,9,10624,23,0
PhG4,JO-B4_a,14,9,10624,23,0
LgAG2,ORN_DA3,18,5,10624,23,0
SNxx06,LN-DN1,13,10,10624,23,0
SNxx06,ORN_DM4,13,10,10624,23,0
SNxx06,ORN_DM6,13,10,10624,23,0
SNxx06,ORN_VA3,13,10,10624,23,0
ORN_DC2,ORN_DL1,12,11,10624,23,0
DNg83,SNpp11,7,16,10624,23,0
DNg83,ALBN1,7,16,10624,23,0
DNg83,ENS5,7,16,10624,23,0
DNg83,dorsal_tpGRN,7,16,10624,23,0
DNg83,JO-CA2,7,16,10624,23,0
SNpp06,LB4a,14,9,10624,23,0
SNpp06,PhG3,14,9,10624,23,0
SNpp06,SApp21,14,9,10624,23,0
SNpp06,LgAG6,14,9,10624,23,0
SNpp06,tpn MN,14,9,10624,23,0
SNpp06,JO-B4_a,14,9,10624,23,0
LN-DN1,SNpp15,10,13,10624,23,0
LN-DN1,ORN_DA2,10,13,10624,23,0
LN-DN1,PhG16,10,13,10624,23,0
LN-DN1,SNpp18,10,13,10624,23,0
LN-DN1,LgAG8,10,13,10624,23,0
ORN_DM4,SNpp15,10,13,10624,23,0
ORN_DM4,ORN_DA2,10,13,10624,23,0
ORN_DM4,PhG16,10,13,10624,23,0
ORN_DM4,SNpp18,10,13,10624,23,0
ORN_DM4,LgAG8,10,13,10624,23,0
SNpp15,ORN_DM6,13,10,10624,23,0
SNpp15,ORN_VA3,13,10,10624,23,0
ORN_DA2,ORN_DM6,13,10,10624,23,0
ORN_DA2,ORN_VA3,13,10,10624,23,0
BM_MaPa,LB4a,14,9,10624,23,0
BM_MaPa,PhG3,14,9,10624,23,0
BM_MaPa,SApp21,14,9,10624,23,0
BM_MaPa,LgAG6,14,9,10624,23,0
BM_MaPa,tpn MN,14,9,10624,23,0
BM_MaPa,JO-B4_a,14,9,10624,23,0
PhG14,LB4a,14,9,10624,23,0
PhG14,PhG3,14,9,10624,23,0
PhG14,SApp21,14,9,10624,23,0
PhG14,tpn MN,14,9,10624,23,0
PhG14,JO-B4_a,14,9,10624,23,0
ORN_DL1,SNpp37,11,12,10624,23,0
ORN_DL1,ORN_VC4,11,12,10624,23,0
ORN_DL1,b2 MN,11,12,10624,23,0
PhG16,ORN_DM6,13,10,10624,23,0
PhG16,ORN_VA3,13,10,10624,23,0
LB4a,SNpp56,9,14,10624,23,0
LB4a,JO-B2,9,14,10624,23,0
LB4a,JO-B1_c,9,14,10624,23,0
PhG3,SNpp56,9,14,10624,23,0
PhG3,JO-B2,9,14,10624,23,0
PhG3,JO-B1_c,9,14,10624,23,0
SApp21,SNpp56,9,14,10624,23,0
SApp21,JO-B2,9,14,10624,23,0
SApp21,JO-B1_c,9,14,10624,23,0
SNpp18,ORN_DM6,13,10,10624,23,0
SNpp18,ORN_VA3,13,10,10624,23,0
SNpp12,PhG1a,15,8,10624,23,0
SNpp11,ORN_DL3,16,7,10624,23,0
SNpp11,ORN_DM3,16,7,10624,23,0
SNpp56,LgAG6,14,9,10624,23,0
SNpp56,tpn MN,14,9,10624,23,0
SNpp56,JO-B4_a,14,9,10624,23,0
LgAG8,ORN_DM6,13,10,10624,23,0
LgAG8,ORN_VA3,13,10,10624,23,0
LgAG6,JO-B2,9,14,10624,23,0
LgAG6,JO-B1_c,9,14,10624,23,0
tpn MN,JO-B2,9,14,10624,23,0
tpn MN,JO-B1_c,9,14,10624,23,0
ALBN1,ORN_DL3,16,7,10624,23,0
ENS5,ORN_DL3,16,7,10624,23,0
ENS5,ORN_DM3,16,7,10624,23,0
dorsal_tpGRN,ORN_DL3,16,7,10624,23,0
dorsal_tpGRN,ORN_DM3,16,7,10624,23,0
ORN_DL3,JO-CA2,7,16,10624,23,0
JO-B2,JO-B4_a,14,9,10624,23,0
ORN_DA3,DNx01,5,18,10624,23,0
PhG1a,PhG8,8,15,10624,23,0
JO-B1_c,JO-B4_a,14,9,10624,23,0
JO-CA2,ORN_DM3,16,7,10624,23,0
R7_unclear,LgLG7,15,7,10625,22,0
R7_unclear,DNg83,15,7,10625,22,0
R7_unclear,ORN_DL3,15,7,10625,22,0
R7_unclear,ORN_DM3,15,7,10625,22,0
R7y,R7p,11,11,10625,22,0
R7y,R8p,11,11,10625,22,0
R7y,SNxx09,11,11,10625,22,0
R7y,LgLG2,11,11,10625,22,0
R7y,R8_unclear,11,11,10625,22,0
R7y,LB1a,11,11,10625,22,0
R7y,SNpp21,11,11,10625,22,0
R7y,ORN_VM7v,11,11,10625,22,0
R7y,ORN_DL1,11,11,10625,22,0
R7p,R8p,11,11,10625,22,0
R7p,SNxx09,11,11,10625,22,0
R7p,LgLG2,11,11,10625,22,0
R7p,R8_unclear,11,11,10625,22,0
R7p,LB1a,11,11,10625,22,0
R7p,SNpp21,11,11,10625,22,0
R7p,ORN_VM7v,11,11,10625,22,0
R7p,ORN_DL1,11,11,10625,22,0
R7d,LgLG8,13,9,10625,22,0
R7d,LB4a,13,9,10625,22,0
R7d,PhG3,13,9,10625,22,0
R7d,SApp21,13,9,10625,22,0
R7d,LgAG6,13,9,10625,22,0
R7d,tpn MN,13,9,10625,22,0
R7d,JO-B4_a,13,9,10625,22,0
LgLG6,LgLG8,13,9,10625,22,0
LgLG6,LB4a,13,9,10625,22,0
LgLG6,PhG3,13,9,10625,22,0
LgLG6,SApp21,13,9,10625,22,0
LgLG6,LgAG6,13,9,10625,22,0
LgLG6,tpn MN,13,9,10625,22,0
LgLG6,JO-B4_a,13,9,10625,22,0
aPhM4,R8d,19,3,10625,22,0
R8p,SNxx09,11,11,10625,22,0
R8p,LgLG2,11,11,10625,22,0
R8p,R8_unclear,11,11,10625,22,0
R8p,LB1a,11,11,10625,22,0
R8p,SNpp21,11,11,10625,22,0
R8p,ORN_VM7v,11,11,10625,22,0
R8p,ORN_DL1,11,11,10625,22,0
SNxx09,LgLG2,11,11,10625,22,0
SNxx09,R8_unclear,11,11,10625,22,0
SNxx09,LB1a,11,11,10625,22,0
SNxx09,SNpp21,11,11,10625,22,0
SNxx09,ORN_VM7v,11,11,10625,22,0
SNxx09,ORN_DL1,11,11,10625,22,0
LB3b,ORN_DA3,17,5,10625,22,0
R8y,ENS3,10,12,10625,22,0
R8y,ORN_VM4,10,12,10625,22,0
R8y,ENS1,10,12,10625,22,0
R8y,PhG13,10,12,10625,22,0
R8y,ORN_DC2,10,12,10625,22,0
R8y,SNpp37,10,12,10625,22,0
R8y,ORN_VC4,10,12,10625,22,0
R8y,b2 MN,10,12,10625,22,0
LgLG5,GNG654,8,14,10625,22,0
LgLG5,HRN_VP5,8,14,10625,22,0
LgLG5,LB4b,8,14,10625,22,0
LgLG5,SNxx24,8,14,10625,22,0
LgLG5,ORN_VC5,8,14,10625,22,0
LgLG5,PhG4,8,14,10625,22,0
LgLG5,SNpp06,8,14,10625,22,0
LgLG5,BM_MaPa,8,14,10625,22,0
LgLG5,PhG14,8,14,10625,22,0
LgLG5,SNpp56,8,14,10625,22,0
LgLG5,JO-B2,8,14,10625,22,0
LgLG5,JO-B1_c,8,14,10625,22,0
WG1,LgLG7,15,7,10625,22,0
WG1,DNg83,15,7,10625,22,0
WG1,ORN_DL3,15,7,10625,22,0
WG1,ORN_DM3,15,7,10625,22,0
LgLG2,R8_unclear,11,11,10625,22,0
LgLG2,LB1a,11,11,10625,22,0
LgLG2,SNpp21,11,11,10625,22,0
LgLG2,ORN_VM7v,11,11,10625,22,0
LgLG2,ORN_DL1,11,11,10625,22,0
LgLG8,ORN_DM2,9,13,10625,22,0
LgLG8,DNg20,9,13,10625,22,0
LgLG8,SNxx06,9,13,10625,22,0
LgLG8,SNpp15,9,13,10625,22,0
LgLG8,ORN_DA2,9,13,10625,22,0
LgLG8,PhG16,9,13,10625,22,0
LgLG8,SNpp18,9,13,10625,22,0
LgLG8,LgAG8,9,13,10625,22,0
LB3a,R8d,19,3,10625,22,0
R8_unclear,LB1a,11,11,10625,22,0
R8_unclear,SNpp21,11,11,10625,22,0
R8_unclear,ORN_VM7v,11,11,10625,22,0
R8_unclear,ORN_DL1,11,11,10625,22,0
ORN_DM2,LB4a,13,9,10625,22,0
ORN_DM2,PhG3,13,9,10625,22,0
ORN_DM2,SApp21,13,9,10625,22,0
ORN_DM2,LgAG6,13,9,10625,22,0
ORN_DM2,tpn MN,13,9,10625,22,0
ORN_DM2,JO-B4_a,13,9,10625,22,0
GNG654,HBeyelet,14,8,10625,22,0
GNG654,PhG1a,14,8,10625,22,0
LgAG9,LgLG7,15,7,10625,22,0
LgAG9,DNg83,15,7,10625,22,0
LgAG9,ORN_DL3,15,7,10625,22,0
LgAG9,ORN_DM3,15,7,10625,22,0
ENS3,HRN_VP1l,12,10,10625,22,0
ENS3,PhG6,12,10,10625,22,0
ENS3,LN-DN1,12,10,10625,22,0
ENS3,ORN_DM4,12,10,10625,22,0
ENS3,ORN_DM6,12,10,10625,22,0
ENS3,ORN_VA3,12,10,10625,22,0
SNpp35,R8d,19,3,10625,22,0
ORN_VA1v,ORN_DA3,17,5,10625,22,0
JO-A1,ORN_DA3,17,5,10625,22,0
LgAG5,R8d,19,3,10625,22,0
HRN_VP5,HBeyelet,14,8,10625,22,0
HRN_VP5,PhG1a,14,8,10625,22,0
LgAG7,R8d,19,3,10625,22,0
HRN_VP1l,ORN_VM4,10,12,10625,22,0
HRN_VP1l,ENS1,10,12,10625,22,0
HRN_VP1l,PhG13,10,12,10625,22,0
HRN_VP1l,ORN_DC2,10,12,10625,22,0
HRN_VP1l,SNpp37,10,12,10625,22,0
HRN_VP1l,ORN_VC4,10,12,10625,22,0
HRN_VP1l,b2 MN,10,12,10625,22,0
LB4b,HBeyelet,14,8,10625,22,0
LB4b,PhG1a,14,8,10625,22,0
SNxx24,HBeyelet,14,8,10625,22,0
SNxx24,PhG1a,14,8,10625,22,0
LB1a,SNpp21,11,11,10625,22,0
LB1a,ORN_VM7v,11,11,10625,22,0
LB1a,ORN_DL1,11,11,10625,22,0
DNg20,LB4a,13,9,10625,22,0
DNg20,PhG3,13,9,10625,22,0
DNg20,SApp21,13,9,10625,22,0
DNg20,LgAG6,13,9,10625,22,0
DNg20,tpn MN,13,9,10625,22,0
DNg20,JO-B4_a,13,9,10625,22,0
ORN_VM4,PhG6,12,10,10625,22,0
ORN_VM4,LN-DN1,12,10,10625,22,0
ORN_VM4,ORN_DM4,12,10,10625,22,0
ORN_VM4,ORN_DM6,12,10,10625,22,0
ORN_VM4,ORN_VA3,12,10,10625,22,0
ORN_DL2d,R8d,19,3,10625,22,0
PhG6,ENS1,10,12,10625,22,0
PhG6,PhG13,10,12,10625,22,0
PhG6,ORN_DC2,10,12,10625,22,0
PhG6,SNpp37,10,12,10625,22,0
PhG6,ORN_VC4,10,12,10625,22,0
PhG6,b2 MN,10,12,10625,22,0
R8d,JO-B1_a,3,19,10625,22,0
R8d,SNta13,3,19,10625,22,0
ORN_VA1d,LgLG7,15,7,10625,22,0
ORN_VA1d,DNg83,15,7,10625,22,0
ORN_VA1d,ORN_DL3,15,7,10625,22,0
ORN_VA1d,ORN_DM3,15,7,10625,22,0
SNpp57,LgLG7,15,7,10625,22,0
SNpp57,DNg83,15,7,10625,22,0
SNpp57,ORN_DL3,15,7,10625,22,0
SNpp57,ORN_DM3,15,7,10625,22,0
ENS1,LN-DN1,12,10,10625,22,0
ENS1,ORN_DM4,12,10,10625,22,0
ENS1,ORN_DM6,12,10,10625,22,0
ENS1,ORN_VA3,12,10,10625,22,0
PhG13,LN-DN1,12,10,10625,22,0
PhG13,ORN_DM4,12,10,10625,22,0
PhG13,ORN_DM6,12,10,10625,22,0
PhG13,ORN_VA3,12,10,10625,22,0
HBeyelet,ORN_VC5,8,14,10625,22,0
HBeyelet,PhG4,8,14,10625,22,0
HBeyelet,SNpp06,8,14,10625,22,0
HBeyelet,BM_MaPa,8,14,10625,22,0
HBeyelet,PhG14,8,14,10625,22,0
HBeyelet,SNpp56,8,14,10625,22,0
HBeyelet,JO-B2,8,14,10625,22,0
HBeyelet,JO-B1_c,8,14,10625,22,0
LB1b,LgLG7,15,7,10625,22,0
LB1b,DNg83,15,7,10625,22,0
LB1b,ORN_DL3,15,7,10625,22,0
LB1b,ORN_DM3,15,7,10625,22,0
LgLG7,SNpp12,7,15,10625,22,0
LgLG7,PhG8,7,15,10625,22,0
SNpp21,ORN_VM7v,11,11,10625,22,0
SNpp21,ORN_DL1,11,11,10625,22,0
ORN_VM7v,ORN_DL1,11,11,10625,22,0
ORN_VC5,PhG1a,14,8,10625,22,0
SNxx06,LB4a,13,9,10625,22,0
SNxx06,PhG3,13,9,10625,22,0
SNxx06,SApp21,13,9,10625,22,0
SNxx06,LgAG6,13,9,10625,22,0
SNxx06,tpn MN,13,9,10625,22,0
SNxx06,JO-B4_a,13,9,10625,22,0
ORN_DC2,LN-DN1,12,10,10625,22,0
ORN_DC2,ORN_DM4,12,10,10625,22,0
ORN_DC2,ORN_DM6,12,10,10625,22,0
ORN_DC2,ORN_VA3,12,10,10625,22,0
DNg83,SNpp12,7,15,10625,22,0
DNg83,PhG8,7,15,10625,22,0
SNpp06,PhG1a,14,8,10625,22,0
SNpp05,ORN_DA3,17,5,10625,22,0
LN-DN1,SNpp37,10,12,10625,22,0
LN-DN1,ORN_VC4,10,12,10625,22,0
LN-DN1,b2 MN,10,12,10625,22,0
ORN_DM4,SNpp37,10,12,10625,22,0
ORN_DM4,ORN_VC4,10,12,10625,22,0
ORN_DM4,b2 MN,10,12,10625,22,0
SNpp15,LB4a,13,9,10625,22,0
SNpp15,PhG3,13,9,10625,22,0
SNpp15,SApp21,13,9,10625,22,0
SNpp15,LgAG6,13,9,10625,22,0
SNpp15,tpn MN,13,9,10625,22,0
SNpp15,JO-B4_a,13,9,10625,22,0
ORN_DA2,LB4a,13,9,10625,22,0
ORN_DA2,PhG3,13,9,10625,22,0
ORN_DA2,SApp21,13,9,10625,22,0
ORN_DA2,LgAG6,13,9,10625,22,0
ORN_DA2,tpn MN,13,9,10625,22,0
ORN_DA2,JO-B4_a,13,9,10625,22,0
SNxx28,ORN_DA3,17,5,10625,22,0
ORN_VM5v,ORN_DA3,17,5,10625,22,0
BM_MaPa,PhG1a,14,8,10625,22,0
PhG14,PhG1a,14,8,10625,22,0
PhG16,LB4a,13,9,10625,22,0
PhG16,PhG3,13,9,10625,22,0
PhG16,SApp21,13,9,10625,22,0
PhG16,LgAG6,13,9,10625,22,0
PhG16,tpn MN,13,9,10625,22,0
PhG16,JO-B4_a,13,9,10625,22,0
SNpp37,ORN_DM6,12,10,10625,22,0
SNpp37,ORN_VA3,12,10,10625,22,0
LB4a,SNpp18,9,13,10625,22,0
LB4a,LgAG8,9,13,10625,22,0
PhG3,SNpp18,9,13,10625,22,0
PhG3,LgAG8,9,13,10625,22,0
SApp21,SNpp18,9,13,10625,22,0
SApp21,LgAG8,9,13,10625,22,0
SNpp18,LgAG6,13,9,10625,22,0
SNpp18,tpn MN,13,9,10625,22,0
SNpp18,JO-B4_a,13,9,10625,22,0
SNpp12,ORN_DL3,15,7,10625,22,0
SNpp12,ORN_DM3,15,7,10625,22,0
SNpp56,PhG1a,14,8,10625,22,0
ORN_VC4,ORN_DM6,12,10,10625,22,0
ORN_VC4,ORN_VA3,12,10,10625,22,0
b2 MN,ORN_DM6,12,10,10625,22,0
b2 MN,ORN_VA3,12,10,10625,22,0
SNpp31,ORN_DA3,17,5,10625,22,0
LgAG8,tpn MN,13,9,10625,22,0
LgAG8,JO-B4_a,13,9,10625,22,0
ORN_DL3,PhG8,7,15,10625,22,0
JO-B2,PhG1a,14,8,10625,22,0
ORN_DA3,SNpp17,5,17,10625,22,0
ORN_DA3,SNpp01,5,17,10625,22,0
PhG1a,JO-B1_c,8,14,10625,22,0
PhG8,ORN_DM3,15,7,10625,22,0
R7y,R8y,11,10,10626,21,0
R7y,HRN_VP1l,11,10,10626,21,0
R7y,PhG6,11,10,10626,21,0
R7y,LN-DN1,11,10,10626,21,0
R7y,ORN_DM4,11,10,10626,21,0
R7y,ORN_DM6,11,10,10626,21,0
R7y,ORN_VA3,11,10,10626,21,0
R7p,R8y,11,10,10626,21,0
R7p,HRN_VP1l,11,10,10626,21,0
R7p,PhG6,11,10,10626,21,0
R7p,LN-DN1,11,10,10626,21,0
R7p,ORN_DM4,11,10,10626,21,0
R7p,ORN_DM6,11,10,10626,21,0
R7p,ORN_VA3,11,10,10626,21,0
R7d,LgLG5,13,8,10626,21,0
R7d,HBeyelet,13,8,10626,21,0
R7d,PhG1a,13,8,10626,21,0
LgLG6,LgLG5,13,8,10626,21,0
LgLG6,HBeyelet,13,8,10626,21,0
LgLG6,PhG1a,13,8,10626,21,0
R8p,R8y,11,10,10626,21,0
R8p,HRN_VP1l,11,10,10626,21,0
R8p,PhG6,11,10,10626,21,0
R8p,LN-DN1,11,10,10626,21,0
R8p,ORN_DM4,11,10,10626,21,0
R8p,ORN_DM6,11,10,10626,21,0
R8p,ORN_VA3,11,10,10626,21,0
SNxx09,R8y,11,10,10626,21,0
SNxx09,HRN_VP1l,11,10,10626,21,0
SNxx09,PhG6,11,10,10626,21,0
SNxx09,LN-DN1,11,10,10626,21,0
SNxx09,ORN_DM4,11,10,10626,21,0
SNxx09,ORN_DM6,11,10,10626,21,0
SNxx09,ORN_VA3,11,10,10626,21,0
R8y,LgLG2,10,11,10626,21,0
R8y,R8_unclear,10,11,10626,21,0
R8y,LB1a,10,11,10626,21,0
R8y,SNpp21,10,11,10626,21,0
R8y,ORN_VM7v,10,11,10626,21,0
R8y,ORN_DL1,10,11,10626,21,0
LgLG5,ORN_DM2,8,13,10626,21,0
LgLG5,DNg20,8,13,10626,21,0
LgLG5,SNxx06,8,13,10626,21,0
LgLG5,SNpp15,8,13,10626,21,0
LgLG5,ORN_DA2,8,13,10626,21,0
LgLG5,PhG16,8,13,10626,21,0
LgLG5,SNpp18,8,13,10626,21,0
LgLG5,LgAG8,8,13,10626,21,0
LgLG2,HRN_VP1l,11,10,10626,21,0
LgLG2,PhG6,11,10,10626,21,0
LgLG2,LN-DN1,11,10,10626,21,0
LgLG2,ORN_DM4,11,10,10626,21,0
LgLG2,ORN_DM6,11,10,10626,21,0
LgLG2,ORN_VA3,11,10,10626,21,0
TRN_VP3a,R8d,18,3,10626,21,0
LgLG8,ENS3,9,12,10626,21,0
LgLG8,ORN_VM4,9,12,10626,21,0
LgLG8,ENS1,9,12,10626,21,0
LgLG8,PhG13,9,12,10626,21,0
LgLG8,ORN_DC2,9,12,10626,21,0
LgLG8,SNpp37,9,12,10626,21,0
LgLG8,ORN_VC4,9,12,10626,21,0
LgLG8,b2 MN,9,12,10626,21,0
R8_unclear,HRN_VP1l,11,10,10626,21,0
R8_unclear,PhG6,11,10,10626,21,0
R8_unclear,LN-DN1,11,10,10626,21,0
R8_unclear,ORN_DM4,11,10,10626,21,0
R8_unclear,ORN_DM6,11,10,10626,21,0
R8_unclear,ORN_VA3,11,10,10626,21,0
GNG642,ORN_DA3,16,5,10626,21,0
ORN_DM2,HBeyelet,13,8,10626,21,0
ORN_DM2,PhG1a,13,8,10626,21,0
GNG654,LgLG7,14,7,10626,21,0
GNG654,DNg83,14,7,10626,21,0
GNG654,ORN_DL3,14,7,10626,21,0
GNG654,ORN_DM3,14,7,10626,21,0
TRN_VP2,R8d,18,3,10626,21,0
aPhM2b,R8d,18,3,10626,21,0
ENS3,LB4a,12,9,10626,21,0
ENS3,PhG3,12,9,10626,21,0
ENS3,SApp21,12,9,10626,21,0
ENS3,LgAG6,12,9,10626,21,0
ENS3,tpn MN,12,9,10626,21,0
ENS3,JO-B4_a,12,9,10626,21,0
ORN_V,ORN_DA3,16,5,10626,21,0
HRN_VP5,LgLG7,14,7,10626,21,0
HRN_VP5,DNg83,14,7,10626,21,0
HRN_VP5,ORN_DL3,14,7,10626,21,0
HRN_VP5,ORN_DM3,14,7,10626,21,0
PhG10,ORN_DA3,16,5,10626,21,0
HRN_VP1l,LB1a,10,11,10626,21,0
HRN_VP1l,SNpp21,10,11,10626,21,0
HRN_VP1l,ORN_VM7v,10,11,10626,21,0
HRN_VP1l,ORN_DL1,10,11,10626,21,0
LB4b,LgLG7,14,7,10626,21,0
LB4b,DNg83,14,7,10626,21,0
LB4b,ORN_DL3,14,7,10626,21,0
LB4b,ORN_DM3,14,7,10626,21,0
SNxx24,LgLG7,14,7,10626,21,0
SNxx24,DNg83,14,7,10626,21,0
SNxx24,ORN_DL3,14,7,10626,21,0
SNxx24,ORN_DM3,14,7,10626,21,0
ORN_VC1,R8d,18,3,10626,21,0
LB1a,PhG6,11,10,10626,21,0
LB1a,LN-DN1,11,10,10626,21,0
LB1a,ORN_DM4,11,10,10626,21,0
LB1a,ORN_DM6,11,10,10626,21,0
LB1a,ORN_VA3,11,10,10626,21,0
DNg20,HBeyelet,13,8,10626,21,0
DNg20,PhG1a,13,8,10626,21,0
ORN_VL1,ORN_DA3,16,5,10626,21,0
ORN_VM4,LB4a,12,9,10626,21,0
ORN_VM4,PhG3,12,9,10626,21,0
ORN_VM4,SApp21,12,9,10626,21,0
ORN_VM4,LgAG6,12,9,10626,21,0
ORN_VM4,tpn MN,12,9,10626,21,0
ORN_VM4,JO-B4_a,12,9,10626,21,0
PhG6,SNpp21,10,11,10626,21,0
PhG6,ORN_VM7v,10,11,10626,21,0
PhG6,ORN_DL1,10,11,10626,21,0
R8d,ORN_VM7d,3,18,10626,21,0
R8d,LgAG2,3,18,10626,21,0
R8d,DNx01,3,18,10626,21,0
ENS1,LB4a,12,9,10626,21,0
ENS1,PhG3,12,9,10626,21,0
ENS1,SApp21,12,9,10626,21,0
ENS1,LgAG6,12,9,10626,21,0
ENS1,tpn MN,12,9,10626,21,0
ENS1,JO-B4_a,12,9,10626,21,0
PhG13,LB4a,12,9,10626,21,0
PhG13,PhG3,12,9,10626,21,0
PhG13,SApp21,12,9,10626,21,0
PhG13,LgAG6,12,9,10626,21,0
PhG13,tpn MN,12,9,10626,21,0
PhG13,JO-B4_a,12,9,10626,21,0
LgLG4,ORN_DA3,16,5,10626,21,0
HBeyelet,SNxx06,8,13,10626,21,0
HBeyelet,SNpp15,8,13,10626,21,0
HBeyelet,ORN_DA2,8,13,10626,21,0
HBeyelet,PhG16,8,13,10626,21,0
HBeyelet,SNpp18,8,13,10626,21,0
HBeyelet,LgAG8,8,13,10626,21,0
LgLG7,ORN_VC5,7,14,10626,21,0
LgLG7,PhG4,7,14,10626,21,0
LgLG7,SNpp06,7,14,10626,21,0
LgLG7,BM_MaPa,7,14,10626,21,0
LgLG7,PhG14,7,14,10626,21,0
LgLG7,SNpp56,7,14,10626,21,0
LgLG7,JO-B2,7,14,10626,21,0
LgLG7,JO-B1_c,7,14,10626,21,0
SNpp21,LN-DN1,11,10,10626,21,0
SNpp21,ORN_DM4,11,10,10626,21,0
SNpp21,ORN_DM6,11,10,10626,21,0
SNpp21,ORN_VA3,11,10,10626,21,0
ORN_VM7v,LN-DN1,11,10,10626,21,0
ORN_VM7v,ORN_DM4,11,10,10626,21,0
ORN_VM7v,ORN_DM6,11,10,10626,21,0
ORN_VM7v,ORN_VA3,11,10,10626,21,0
ORN_VM5d,ORN_DA3,16,5,10626,21,0
ORN_VC5,DNg83,14,7,10626,21,0
ORN_VC5,ORN_DL3,14,7,10626,21,0
ORN_VC5,ORN_DM3,14,7,10626,21,0
PhG4,DNg83,14,7,10626,21,0
PhG4,ORN_DL3,14,7,10626,21,0
PhG4,ORN_DM3,14,7,10626,21,0
SNxx06,PhG1a,13,8,10626,21,0
ORN_DC2,LB4a,12,9,10626,21,0
ORN_DC2,PhG3,12,9,10626,21,0
ORN_DC2,SApp21,12,9,10626,21,0
ORN_DC2,LgAG6,12,9,10626,21,0
ORN_DC2,tpn MN,12,9,10626,21,0
ORN_DC2,JO-B4_a,12,9,10626,21,0
DNg83,SNpp06,7,14,10626,21,0
DNg83,BM_MaPa,7,14,10626,21,0
DNg83,PhG14,7,14,10626,21,0
DNg83,SNpp56,7,14,10626,21,0
DNg83,JO-B2,7,14,10626,21,0
DNg83,JO-B1_c,7,14,10626,21,0
SNpp06,ORN_DL3,14,7,10626,21,0
SNpp06,ORN_DM3,14,7,10626,21,0
LN-DN1,ORN_DL1,10,11,10626,21,0
ORN_DM4,ORN_DL1,10,11,10626,21,0
SNpp15,PhG1a,13,8,10626,21,0
ORN_DA2,PhG1a,13,8,10626,21,0
BM_MaPa,ORN_DL3,14,7,10626,21,0
BM_MaPa,ORN_DM3,14,7,10626,21,0
PhG14,ORN_DL3,14,7,10626,21,0
PhG14,ORN_DM3,14,7,10626,21,0
ORN_DL1,ORN_DM6,11,10,10626,21,0
ORN_DL1,ORN_VA3,11,10,10626,21,0
PhG16,PhG1a,13,8,10626,21,0
SNpp37,LB4a,12,9,10626,21,0
SNpp37,PhG3,12,9,10626,21,0
SNpp37,SApp21,12,9,10626,21,0
SNpp37,LgAG6,12,9,10626,21,0
SNpp37,tpn MN,12,9,10626,21,0
SNpp37,JO-B4_a,12,9,10626,21,0
LB4a,ORN_VC4,9,12,10626,21,0
LB4a,b2 MN,9,12,10626,21,0
PhG3,ORN_VC4,9,12,10626,21,0
PhG3,b2 MN,9,12,10626,21,0
SApp21,ORN_VC4,9,12,10626,21,0
SApp21,b2 MN,9,12,10626,21,0
SNpp18,PhG1a,13,8,10626,21,0
SNpp11,ORN_DA3,16,5,10626,21,0
SNpp56,ORN_DL3,14,7,10626,21,0
SNpp56,ORN_DM3,14,7,10626,21,0
ORN_VC4,LgAG6,12,9,10626,21,0
ORN_VC4,tpn MN,12,9,10626,21,0
ORN_VC4,JO-B4_a,12,9,10626,21,0
b2 MN,LgAG6,12,9,10626,21,0
b2 MN,tpn MN,12,9,10626,21,0
b2 MN,JO-B4_a,12,9,10626,21,0
LgAG8,PhG1a,13,8,10626,21,0
ALBN1,ORN_DA3,16,5,10626,21,0
ENS5,ORN_DA3,16,5,10626,21,0
dorsal_tpGRN,ORN_DA3,16,5,10626,21,0
ORN_DL3,JO-B2,7,14,10626,21,0
ORN_DL3,JO-B1_c,7,14,10626,21,0
JO-B2,ORN_DM3,14,7,10626,21,0
ORN_DA3,JO-CA2,5,16,10626,21,0
JO-B1_c,ORN_DM3,14,7,10626,21,0
R7_unclear,ORN_DA3,15,5,10627,20,0
R7y,LgLG8,11,9,10627,20,0
R7y,LB4a,11,9,10627,20,0
R7y,PhG3,11,9,10627,20,0
R7y,SApp21,11,9,10627,20,0
R7y,LgAG6,11,9,10627,20,0
R7y,tpn MN,11,9,10627,20,0
R7y,JO-B4_a,11,9,10627,20,0
R7p,LgLG8,11,9,10627,20,0
R7p,LB4a,11,9,10627,20,0
R7p,PhG3,11,9,10627,20,0
R7p,SApp21,11,9,10627,20,0
R7p,LgAG6,11,9,10627,20,0
R7p,tpn MN,11,9,10627,20,0
R7p,JO-B4_a,11,9,10627,20,0
R7d,LgLG7,13,7,10627,20,0
R7d,DNg83,13,7,10627,20,0
R7d,ORN_DL3,13,7,10627,20,0
R7d,ORN_DM3,13,7,10627,20,0
LgLG6,LgLG7,13,7,10627,20,0
LgLG6,DNg83,13,7,10627,20,0
LgLG6,ORN_DL3,13,7,10627,20,0
LgLG6,ORN_DM3,13,7,10627,20,0
R8p,LgLG8,11,9,10627,20,0
R8p,LB4a,11,9,10627,20,0
R8p,PhG3,11,9,10627,20,0
R8p,SApp21,11,9,10627,20,0
R8p,LgAG6,11,9,10627,20,0
R8p,tpn MN,11,9,10627,20,0
R8p,JO-B4_a,11,9,10627,20,0
SNxx09,LgLG8,11,9,10627,20,0
SNxx09,LB4a,11,9,10627,20,0
SNxx09,PhG3,11,9,10627,20,0
SNxx09,SApp21,11,9,10627,20,0
SNxx09,LgAG6,11,9,10627,20,0
SNxx09,tpn MN,11,9,10627,20,0
SNxx09,JO-B4_a,11,9,10627,20,0
LB3b,R8d,17,3,10627,20,0
R8y,HRN_VP1l,10,10,10627,20,0
R8y,PhG6,10,10,10627,20,0
R8y,LN-DN1,10,10,10627,20,0
R8y,ORN_DM4,10,10,10627,20,0
R8y,ORN_DM6,10,10,10627,20,0
R8y,ORN_VA3,10,10,10627,20,0
LgLG5,ENS3,8,12,10627,20,0
LgLG5,ORN_VM4,8,12,10627,20,0
LgLG5,ENS1,8,12,10627,20,0
LgLG5,PhG13,8,12,10627,20,0
LgLG5,ORN_DC2,8,12,10627,20,0
LgLG5,SNpp37,8,12,10627,20,0
LgLG5,ORN_VC4,8,12,10627,20,0
LgLG5,b2 MN,8,12,10627,20,0
WG1,ORN_DA3,15,5,10627,20,0
LgLG2,LgLG8,11,9,10627,20,0
LgLG2,LB4a,11,9,10627,20,0
LgLG2,PhG3,11,9,10627,20,0
LgLG2,SApp21,11,9,10627,20,0
LgLG2,LgAG6,11,9,10627,20,0
LgLG2,tpn MN,11,9,10627,20,0
LgLG2,JO-B4_a,11,9,10627,20,0
LgLG8,R8_unclear,9,11,10627,20,0
LgLG8,LB1a,9,11,10627,20,0
LgLG8,SNpp21,9,11,10627,20,0
LgLG8,ORN_VM7v,9,11,10627,20,0
LgLG8,ORN_DL1,9,11,10627,20,0
R8_unclear,LB4a,11,9,10627,20,0
R8_unclear,PhG3,11,9,10627,20,0
R8_unclear,SApp21,11,9,10627,20,0
R8_unclear,LgAG6,11,9,10627,20,0
R8_unclear,tpn MN,11,9,10627,20,0
R8_unclear,JO-B4_a,11,9,10627,20,0
ORN_DM2,LgLG7,13,7,10627,20,0
ORN_DM2,DNg83,13,7,10627,20,0
ORN_DM2,ORN_DL3,13,7,10627,20,0
ORN_DM2,ORN_DM3,13,7,10627,20,0
LgAG9,ORN_DA3,15,5,10627,20,0
ENS3,HBeyelet,12,8,10627,20,0
ENS3,PhG1a,12,8,10627,20,0
ORN_VA1v,R8d,17,3,10627,20,0
JO-A1,R8d,17,3,10627,20,0
HRN_VP1l,PhG6,10,10,10627,20,0
HRN_VP1l,LN-DN1,10,10,10627,20,0
HRN_VP1l,ORN_DM4,10,10,10627,20,0
HRN_VP1l,ORN_DM6,10,10,10627,20,0
HRN_VP1l,ORN_VA3,10,10,10627,20,0
LB1a,LB4a,11,9,10627,20,0
LB1a,PhG3,11,9,10627,20,0
LB1a,SApp21,11,9,10627,20,0
LB1a,LgAG6,11,9,10627,20,0
LB1a,tpn MN,11,9,10627,20,0
LB1a,JO-B4_a,11,9,10627,20,0
DNg20,LgLG7,13,7,10627,20,0
DNg20,DNg83,13,7,10627,20,0
DNg20,ORN_DL3,13,7,10627,20,0
DNg20,ORN_DM3,13,7,10627,20,0
ORN_VM4,HBeyelet,12,8,10627,20,0
ORN_VM4,PhG1a,12,8,10627,20,0
PhG6,LN-DN1,10,10,10627,20,0
PhG6,ORN_DM4,10,10,10627,20,0
PhG6,ORN_DM6,10,10,10627,20,0
PhG6,ORN_VA3,10,10,10627,20,0
R8d,SNpp05,3,17,10627,20,0
R8d,SNxx28,3,17,10627,20,0
R8d,ORN_VM5v,3,17,10627,20,0
R8d,SNpp31,3,17,10627,20,0
R8d,SNpp17,3,17,10627,20,0
R8d,SNpp01,3,17,10627,20,0
ORN_VA1d,ORN_DA3,15,5,10627,20,0
SNpp57,ORN_DA3,15,5,10627,20,0
ENS1,HBeyelet,12,8,10627,20,0
ENS1,PhG1a,12,8,10627,20,0
PhG13,HBeyelet,12,8,10627,20,0
PhG13,PhG1a,12,8,10627,20,0
HBeyelet,ORN_DC2,8,12,10627,20,0
HBeyelet,SNpp37,8,12,10627,20,0
HBeyelet,ORN_VC4,8,12,10627,20,0
HBeyelet,b2 MN,8,12,10627,20,0
LB1b,ORN_DA3,15,5,10627,20,0
LgLG7,SNxx06,7,13,10627,20,0
LgLG7,SNpp15,7,13,10627,20,0
LgLG7,ORN_DA2,7,13,10627,20,0
LgLG7,PhG16,7,13,10627,20,0
LgLG7,SNpp18,7,13,10627,20,0
LgLG7,LgAG8,7,13,10627,20,0
SNpp21,LB4a,11,9,10627,20,0
SNpp21,PhG3,11,9,10627,20,0
SNpp21,SApp21,11,9,10627,20,0
SNpp21,LgAG6,11,9,10627,20,0
SNpp21,tpn MN,11,9,10627,20,0
SNpp21,JO-B4_a,11,9,10627,20,0
ORN_VM7v,LB4a,11,9,10627,20,0
ORN_VM7v,PhG3,11,9,10627,20,0
ORN_VM7v,SApp21,11,9,10627,20,0
ORN_VM7v,LgAG6,11,9,10627,20,0
ORN_VM7v,tpn MN,11,9,10627,20,0
ORN_VM7v,JO-B4_a,11,9,10627,20,0
SNxx06,DNg83,13,7,10627,20,0
SNxx06,ORN_DL3,13,7,10627,20,0
SNxx06,ORN_DM3,13,7,10627,20,0
ORN_DC2,PhG1a,12,8,10627,20,0
DNg83,SNpp15,7,13,10627,20,0
DNg83,ORN_DA2,7,13,10627,20,0
DNg83,PhG16,7,13,10627,20,0
DNg83,SNpp18,7,13,10627,20,0
DNg83,LgAG8,7,13,10627,20,0
LN-DN1,ORN_DM4,10,10,10627,20,0
LN-DN1,ORN_DM6,10,10,10627,20,0
LN-DN1,ORN_VA3,10,10,10627,20,0
ORN_DM4,ORN_DM6,10,10,10627,20,0
ORN_DM4,ORN_VA3,10,10,10627,20,0
SNpp15,ORN_DL3,13,7,10627,20,0
SNpp15,ORN_DM3,13,7,10627,20,0
ORN_DA2,ORN_DL3,13,7,10627,20,0
ORN_DA2,ORN_DM3,13,7,10627,20,0
ORN_DL1,LB4a,11,9,10627,20,0
ORN_DL1,PhG3,11,9,10627,20,0
ORN_DL1,SApp21,11,9,10627,20,0
ORN_DL1,LgAG6,11,9,10627,20,0
ORN_DL1,tpn MN,11,9,10627,20,0
ORN_DL1,JO-B4_a,11,9,10627,20,0
PhG16,ORN_DL3,13,7,10627,20,0
PhG16,ORN_DM3,13,7,10627,20,0
SNpp37,PhG1a,12,8,10627,20,0
SNpp18,ORN_DL3,13,7,10627,20,0
SNpp18,ORN_DM3,13,7,10627,20,0
SNpp12,ORN_DA3,15,5,10627,20,0
ORN_VC4,PhG1a,12,8,10627,20,0
b2 MN,PhG1a,12,8,10627,20,0
LgAG8,ORN_DL3,13,7,10627,20,0
LgAG8,ORN_DM3,13,7,10627,20,0
ORN_DM6,ORN_VA3,10,10,10627,20,0
ORN_DA3,PhG8,5,15,10627,20,0
R7y,LgLG5,11,8,10628,19,0
R7y,HBeyelet,11,8,10628,19,0
R7y,PhG1a,11,8,10628,19,0
R7p,LgLG5,11,8,10628,19,0
R7p,HBeyelet,11,8,10628,19,0
R7p,PhG1a,11,8,10628,19,0
R8p,LgLG5,11,8,10628,19,0
R8p,HBeyelet,11,8,10628,19,0
R8p,PhG1a,11,8,10628,19,0
SNxx09,LgLG5,11,8,10628,19,0
SNxx09,HBeyelet,11,8,10628,19,0
SNxx09,PhG1a,11,8,10628,19,0
R8y,LgLG8,10,9,10628,19,0
R8y,LB4a,10,9,10628,19,0
R8y,PhG3,10,9,10628,19,0
R8y,SApp21,10,9,10628,19,0
R8y,LgAG6,10,9,10628,19,0
R8y,tpn MN,10,9,10628,19,0
R8y,JO-B4_a,10,9,10628,19,0
LgLG5,LgLG2,8,11,10628,19,0
LgLG5,R8_unclear,8,11,10628,19,0
LgLG5,LB1a,8,11,10628,19,0
LgLG5,SNpp21,8,11,10628,19,0
LgLG5,ORN_VM7v,8,11,10628,19,0
LgLG5,ORN_DL1,8,11,10628,19,0
LgLG2,HBeyelet,11,8,10628,19,0
LgLG2,PhG1a,11,8,10628,19,0
LgLG8,HRN_VP1l,9,10,10628,19,0
LgLG8,PhG6,9,10,10628,19,0
LgLG8,LN-DN1,9,10,10628,19,0
LgLG8,ORN_DM4,9,10,10628,19,0
LgLG8,ORN_DM6,9,10,10628,19,0
LgLG8,ORN_VA3,9,10,10628,19,0
R8_unclear,HBeyelet,11,8,10628,19,0
R8_unclear,PhG1a,11,8,10628,19,0
GNG642,R8d,16,3,10628,19,0
GNG654,ORN_DA3,14,5,10628,19,0
ENS3,LgLG7,12,7,10628,19,0
ENS3,DNg83,12,7,10628,19,0
ENS3,ORN_DL3,12,7,10628,19,0
ENS3,ORN_DM3,12,7,10628,19,0
ORN_V,R8d,16,3,10628,19,0
HRN_VP5,ORN_DA3,14,5,10628,19,0
PhG10,R8d,16,3,10628,19,0
HRN_VP1l,LB4a,10,9,10628,19,0
HRN_VP1l,PhG3,10,9,10628,19,0
HRN_VP1l,SApp21,10,9,10628,19,0
HRN_VP1l,LgAG6,10,9,10628,19,0
HRN_VP1l,tpn MN,10,9,10628,19,0
HRN_VP1l,JO-B4_a,10,9,10628,19,0
LB4b,ORN_DA3,14,5,10628,19,0
SNxx24,ORN_DA3,14,5,10628,19,0
LB1a,HBeyelet,11,8,10628,19,0
LB1a,PhG1a,11,8,10628,19,0
ORN_VL1,R8d,16,3,10628,19,0
ORN_VM4,LgLG7,12,7,10628,19,0
ORN_VM4,DNg83,12,7,10628,19,0
ORN_VM4,ORN_DL3,12,7,10628,19,0
ORN_VM4,ORN_DM3,12,7,10628,19,0
PhG6,LB4a,10,9,10628,19,0
PhG6,PhG3,10,9,10628,19,0
PhG6,SApp21,10,9,10628,19,0
PhG6,LgAG6,10,9,10628,19,0
PhG6,tpn MN,10,9,10628,19,0
PhG6,JO-B4_a,10,9,10628,19,0
R8d,LgLG4,3,16,10628,19,0
R8d,ORN_VM5d,3,16,10628,19,0
R8d,SNpp11,3,16,10628,19,0
R8d,ALBN1,3,16,10628,19,0
R8d,ENS5,3,16,10628,19,0
R8d,dorsal_tpGRN,3,16,10628,19,0
R8d,JO-CA2,3,16,10628,19,0
ENS1,LgLG7,12,7,10628,19,0
ENS1,DNg83,12,7,10628,19,0
ENS1,ORN_DL3,12,7,10628,19,0
ENS1,ORN_DM3,12,7,10628,19,0
PhG13,LgLG7,12,7,10628,19,0
PhG13,DNg83,12,7,10628,19,0
PhG13,ORN_DL3,12,7,10628,19,0
PhG13,ORN_DM3,12,7,10628,19,0
HBeyelet,SNpp21,8,11,10628,19,0
HBeyelet,ORN_VM7v,8,11,10628,19,0
HBeyelet,ORN_DL1,8,11,10628,19,0
LgLG7,ORN_DC2,7,12,10628,19,0
LgLG7,SNpp37,7,12,10628,19,0
LgLG7,ORN_VC4,7,12,10628,19,0
LgLG7,b2 MN,7,12,10628,19,0
SNpp21,PhG1a,11,8,10628,19,0
ORN_VM7v,PhG1a,11,8,10628,19,0
ORN_VC5,ORN_DA3,14,5,10628,19,0
PhG4,ORN_DA3,14,5,10628,19,0
ORN_DC2,DNg83,12,7,10628,19,0
ORN_DC2,ORN_DL3,12,7,10628,19,0
ORN_DC2,ORN_DM3,12,7,10628,19,0
DNg83,SNpp37,7,12,10628,19,0
DNg83,ORN_VC4,7,12,10628,19,0
DNg83,b2 MN,7,12,10628,19,0
SNpp06,ORN_DA3,14,5,10628,19,0
LN-DN1,LB4a,10,9,10628,19,0
LN-DN1,PhG3,10,9,10628,19,0
LN-DN1,SApp21,10,9,10628,19,0
LN-DN1,LgAG6,10,9,10628,19,0
LN-DN1,tpn MN,10,9,10628,19,0
LN-DN1,JO-B4_a,10,9,10628,19,0
ORN_DM4,LB4a,10,9,10628,19,0
ORN_DM4,PhG3,10,9,10628,19,0
ORN_DM4,SApp21,10,9,10628,19,0
ORN_DM4,LgAG6,10,9,10628,19,0
ORN_DM4,tpn MN,10,9,10628,19,0
ORN_DM4,JO-B4_a,10,9,10628,19,0
BM_MaPa,ORN_DA3,14,5,10628,19,0
PhG14,ORN_DA3,14,5,10628,19,0
ORN_DL1,PhG1a,11,8,10628,19,0
SNpp37,ORN_DL3,12,7,10628,19,0
SNpp37,ORN_DM3,12,7,10628,19,0
LB4a,ORN_DM6,9,10,10628,19,0
LB4a,ORN_VA3,9,10,10628,19,0
PhG3,ORN_DM6,9,10,10628,19,0
PhG3,ORN_VA3,9,10,10628,19,0
SApp21,ORN_DM6,9,10,10628,19,0
SApp21,ORN_VA3,9,10,10628,19,0
SNpp56,ORN_DA3,14,5,10628,19,0
ORN_VC4,ORN_DL3,12,7,10628,19,0
ORN_VC4,ORN_DM3,12,7,10628,19,0
b2 MN,ORN_DL3,12,7,10628,19,0
b2 MN,ORN_DM3,12,7,10628,19,0
LgAG6,ORN_DM6,9,10,10628,19,0
LgAG6,ORN_VA3,9,10,10628,19,0
tpn MN,ORN_DM6,9,10,10628,19,0
tpn MN,ORN_VA3,9,10,10628,19,0
JO-B2,ORN_DA3,14,5,10628,19,0
ORN_DM6,JO-B4_a,10,9,10628,19,0
ORN_VA3,JO-B4_a,10,9,10628,19,0
ORN_DA3,JO-B1_c,5,14,10628,19,0
R7_unclear,R8d,15,3,10629,18,0
R7y,LgLG7,11,7,10629,18,0
R7y,DNg83,11,7,10629,18,0
R7y,ORN_DL3,11,7,10629,18,0
R7y,ORN_DM3,11,7,10629,18,0
R7p,LgLG7,11,7,10629,18,0
R7p,DNg83,11,7,10629,18,0
R7p,ORN_DL3,11,7,10629,18,0
R7p,ORN_DM3,11,7,10629,18,0
R7d,ORN_DA3,13,5,10629,18,0
LgLG6,ORN_DA3,13,5,10629,18,0
R8p,LgLG7,11,7,10629,18,0
R8p,DNg83,11,7,10629,18,0
R8p,ORN_DL3,11,7,10629,18,0
R8p,ORN_DM3,11,7,10629,18,0
SNxx09,LgLG7,11,7,10629,18,0
SNxx09,DNg83,11,7,10629,18,0
SNxx09,ORN_DL3,11,7,10629,18,0
SNxx09,ORN_DM3,11,7,10629,18,0
R8y,LgLG5,10,8,10629,18,0
R8y,HBeyelet,10,8,10629,18,0
R8y,PhG1a,10,8,10629,18,0
LgLG5,HRN_VP1l,8,10,10629,18,0
LgLG5,PhG6,8,10,10629,18,0
LgLG5,LN-DN1,8,10,10629,18,0
LgLG5,ORN_DM4,8,10,10629,18,0
LgLG5,ORN_DM6,8,10,10629,18,0
LgLG5,ORN_VA3,8,10,10629,18,0
WG1,R8d,15,3,10629,18,0
LgLG2,LgLG7,11,7,10629,18,0
LgLG2,DNg83,11,7,10629,18,0
LgLG2,ORN_DL3,11,7,10629,18,0
LgLG2,ORN_DM3,11,7,10629,18,0
LgLG8,LB4a,9,9,10629,18,0
LgLG8,PhG3,9,9,10629,18,0
LgLG8,SApp21,9,9,10629,18,0
LgLG8,LgAG6,9,9,10629,18,0
LgLG8,tpn MN,9,9,10629,18,0
LgLG8,JO-B4_a,9,9,10629,18,0
R8_unclear,LgLG7,11,7,10629,18,0
R8_unclear,DNg83,11,7,10629,18,0
R8_unclear,ORN_DL3,11,7,10629,18,0
R8_unclear,ORN_DM3,11,7,10629,18,0
ORN_DM2,ORN_DA3,13,5,10629,18,0
LgAG9,R8d,15,3,10629,18,0
HRN_VP1l,HBeyelet,10,8,10629,18,0
HRN_VP1l,PhG1a,10,8,10629,18,0
LB1a,LgLG7,11,7,10629,18,0
LB1a,DNg83,11,7,10629,18,0
LB1a,ORN_DL3,11,7,10629,18,0
LB1a,ORN_DM3,11,7,10629,18,0
DNg20,ORN_DA3,13,5,10629,18,0
PhG6,HBeyelet,10,8,10629,18,0
PhG6,PhG1a,10,8,10629,18,0
R8d,ORN_VA1d,3,15,10629,18,0
R8d,SNpp57,3,15,10629,18,0
R8d,LB1b,3,15,10629,18,0
R8d,SNpp12,3,15,10629,18,0
R8d,PhG8,3,15,10629,18,0
HBeyelet,LN-DN1,8,10,10629,18,0
HBeyelet,ORN_DM4,8,10,10629,18,0
HBeyelet,ORN_DM6,8,10,10629,18,0
HBeyelet,ORN_VA3,8,10,10629,18,0
LgLG7,SNpp21,7,11,10629,18,0
LgLG7,ORN_VM7v,7,11,10629,18,0
LgLG7,ORN_DL1,7,11,10629,18,0
SNpp21,DNg83,11,7,10629,18,0
SNpp21,ORN_DL3,11,7,10629,18,0
SNpp21,ORN_DM3,11,7,10629,18,0
ORN_VM7v,DNg83,11,7,10629,18,0
ORN_VM7v,ORN_DL3,11,7,10629,18,0
ORN_VM7v,ORN_DM3,11,7,10629,18,0
SNxx06,ORN_DA3,13,5,10629,18,0
DNg83,ORN_DL1,7,11,10629,18,0
LN-DN1,PhG1a,10,8,10629,18,0
ORN_DM4,PhG1a,10,8,10629,18,0
SNpp15,ORN_DA3,13,5,10629,18,0
ORN_DA2,ORN_DA3,13,5,10629,18,0
ORN_DL1,ORN_DL3,11,7,10629,18,0
ORN_DL1,ORN_DM3,11,7,10629,18,0
PhG16,ORN_DA3,13,5,10629,18,0
LB4a,PhG3,9,9,10629,18,0
LB4a,SApp21,9,9,10629,18,0
LB4a,LgAG6,9,9,10629,18,0
LB4a,tpn MN,9,9,10629,18,0
LB4a,JO-B4_a,9,9,10629,18,0
PhG3,SApp21,9,9,10629,18,0
PhG3,LgAG6,9,9,10629,18,0
PhG3,tpn MN,9,9,10629,18,0
PhG3,JO-B4_a,9,9,10629,18,0
SApp21,LgAG6,9,9,10629,18,0
SApp21,tpn MN,9,9,10629,18,0
SApp21,JO-B4_a,9,9,10629,18,0
SNpp18,ORN_DA3,13,5,10629,18,0
LgAG8,ORN_DA3,13,5,10629,18,0
LgAG6,tpn MN,9,9,10629,18,0
LgAG6,JO-B4_a,9,9,10629,18,0
tpn MN,JO-B4_a,9,9,10629,18,0
ORN_DM6,PhG1a,10,8,10629,18,0
ORN_VA3,PhG1a,10,8,10629,18,0
R8y,LgLG7,10,7,10630,17,0
R8y,DNg83,10,7,10630,17,0
R8y,ORN_DL3,10,7,10630,17,0
R8y,ORN_DM3,10,7,10630,17,0
LgLG5,LgLG8,8,9,10630,17,0
LgLG5,LB4a,8,9,10630,17,0
LgLG5,PhG3,8,9,10630,17,0
LgLG5,SApp21,8,9,10630,17,0
LgLG5,LgAG6,8,9,10630,17,0
LgLG5,tpn MN,8,9,10630,17,0
LgLG5,JO-B4_a,8,9,10630,17,0
LgLG8,HBeyelet,9,8,10630,17,0
LgLG8,PhG1a,9,8,10630,17,0
GNG654,R8d,14,3,10630,17,0
ENS3,ORN_DA3,12,5,10630,17,0
HRN_VP5,R8d,14,3,10630,17,0
HRN_VP1l,LgLG7,10,7,10630,17,0
HRN_VP1l,DNg83,10,7,10630,17,0
HRN_VP1l,ORN_DL3,10,7,10630,17,0
HRN_VP1l,ORN_DM3,10,7,10630,17,0
LB4b,R8d,14,3,10630,17,0
SNxx24,R8d,14,3,10630,17,0
ORN_VM4,ORN_DA3,12,5,10630,17,0
PhG6,LgLG7,10,7,10630,17,0
PhG6,DNg83,10,7,10630,17,0
PhG6,ORN_DL3,10,7,10630,17,0
PhG6,ORN_DM3,10,7,10630,17,0
R8d,ORN_VC5,3,14,10630,17,0
R8d,PhG4,3,14,10630,17,0
R8d,SNpp06,3,14,10630,17,0
R8d,BM_MaPa,3,14,10630,17,0
R8d,PhG14,3,14,10630,17,0
R8d,SNpp56,3,14,10630,17,0
R8d,JO-B2,3,14,10630,17,0
R8d,JO-B1_c,3,14,10630,17,0
ENS1,ORN_DA3,12,5,10630,17,0
PhG13,ORN_DA3,12,5,10630,17,0
HBeyelet,LB4a,8,9,10630,17,0
HBeyelet,PhG3,8,9,10630,17,0
HBeyelet,SApp21,8,9,10630,17,0
HBeyelet,LgAG6,8,9,10630,17,0
HBeyelet,tpn MN,8,9,10630,17,0
HBeyelet,JO-B4_a,8,9,10630,17,0
LgLG7,LN-DN1,7,10,10630,17,0
LgLG7,ORN_DM4,7,10,10630,17,0
LgLG7,ORN_DM6,7,10,10630,17,0
LgLG7,ORN_VA3,7,10,10630,17,0
ORN_DC2,ORN_DA3,12,5,10630,17,0
DNg83,LN-DN1,7,10,10630,17,0
DNg83,ORN_DM4,7,10,10630,17,0
DNg83,ORN_DM6,7,10,10630,17,0
DNg83,ORN_VA3,7,10,10630,17,0
LN-DN1,ORN_DL3,10,7,10630,17,0
LN-DN1,ORN_DM3,10,7,10630,17,0
ORN_DM4,ORN_DL3,10,7,10630,17,0
ORN_DM4,ORN_DM3,10,7,10630,17,0
SNpp37,ORN_DA3,12,5,10630,17,0
LB4a,PhG1a,9,8,10630,17,0
SApp21,PhG1a,9,8,10630,17,0
ORN_VC4,ORN_DA3,12,5,10630,17,0
b2 MN,ORN_DA3,12,5,10630,17,0
LgAG6,PhG1a,9,8,10630,17,0
tpn MN,PhG1a,9,8,10630,17,0
ORN_DL3,ORN_DM6,7,10,10630,17,0
ORN_DL3,ORN_VA3,7,10,10630,17,0
ORN_DM6,ORN_DM3,10,7,10630,17,0
ORN_VA3,ORN_DM3,10,7,10630,17,0
PhG1a,JO-B4_a,8,9,10630,17,0
R7y,ORN_DA3,11,5,10631,16,0
R7p,ORN_DA3,11,5,10631,16,0
R7d,R8d,13,3,10631,16,0
LgLG6,R8d,13,3,10631,16,0
R8p,ORN_DA3,11,5,10631,16,0
SNxx09,ORN_DA3,11,5,10631,16,0
LgLG5,HBeyelet,8,8,10631,16,0
LgLG5,PhG1a,8,8,10631,16,0
LgLG2,ORN_DA3,11,5,10631,16,0
LgLG8,LgLG7,9,7,10631,16,0
LgLG8,DNg83,9,7,10631,16,0
LgLG8,ORN_DL3,9,7,10631,16,0
LgLG8,ORN_DM3,9,7,10631,16,0
R8_unclear,ORN_DA3,11,5,10631,16,0
ORN_DM2,R8d,13,3,10631,16,0
LB1a,ORN_DA3,11,5,10631,16,0
DNg20,R8d,13,3,10631,16,0
R8d,SNxx06,3,13,10631,16,0
R8d,SNpp15,3,13,10631,16,0
R8d,ORN_DA2,3,13,10631,16,0
R8d,PhG16,3,13,10631,16,0
R8d,SNpp18,3,13,10631,16,0
R8d,LgAG8,3,13,10631,16,0
HBeyelet,PhG1a,8,8,10631,16,0
LgLG7,LB4a,7,9,10631,16,0
LgLG7,PhG3,7,9,10631,16,0
LgLG7,SApp21,7,9,10631,16,0
LgLG7,LgAG6,7,9,10631,16,0
LgLG7,tpn MN,7,9,10631,16,0
LgLG7,JO-B4_a,7,9,10631,16,0
SNpp21,ORN_DA3,11,5,10631,16,0
ORN_VM7v,ORN_DA3,11,5,10631,16,0
DNg83,LB4a,7,9,10631,16,0
DNg83,PhG3,7,9,10631,16,0
DNg83,SApp21,7,9,10631,16,0
DNg83,LgAG6,7,9,10631,16,0
DNg83,tpn MN,7,9,10631,16,0
DNg83,JO-B4_a,7,9,10631,16,0
ORN_DL1,ORN_DA3,11,5,10631,16,0
LB4a,ORN_DL3,9,7,10631,16,0
LB4a,ORN_DM3,9,7,10631,16,0
PhG3,ORN_DL3,9,7,10631,16,0
PhG3,ORN_DM3,9,7,10631,16,0
SApp21,ORN_DL3,9,7,10631,16,0
SApp21,ORN_DM3,9,7,10631,16,0
LgAG6,ORN_DL3,9,7,10631,16,0
LgAG6,ORN_DM3,9,7,10631,16,0
tpn MN,ORN_DL3,9,7,10631,16,0
tpn MN,ORN_DM3,9,7,10631,16,0
ORN_DL3,JO-B4_a,7,9,10631,16,0
JO-B4_a,ORN_DM3,9,7,10631,16,0
R8y,ORN_DA3,10,5,10632,15,0
LgLG5,LgLG7,8,7,10632,15,0
LgLG5,DNg83,8,7,10632,15,0
LgLG5,ORN_DL3,8,7,10632,15,0
LgLG5,ORN_DM3,8,7,10632,15,0
ENS3,R8d,12,3,10632,15,0
HRN_VP1l,ORN_DA3,10,5,10632,15,0
ORN_VM4,R8d,12,3,10632,15,0
PhG6,ORN_DA3,10,5,10632,15,0
R8d,ENS1,3,12,10632,15,0
R8d,PhG13,3,12,10632,15,0
R8d,ORN_DC2,3,12,10632,15,0
R8d,SNpp37,3,12,10632,15,0
R8d,ORN_VC4,3,12,10632,15,0
R8d,b2 MN,3,12,10632,15,0
HBeyelet,LgLG7,8,7,10632,15,0
HBeyelet,DNg83,8,7,10632,15,0
HBeyelet,ORN_DL3,8,7,10632,15,0
HBeyelet,ORN_DM3,8,7,10632,15,0
LgLG7,PhG1a,7,8,10632,15,0
DNg83,PhG1a,7,8,10632,15,0
LN-DN1,ORN_DA3,10,5,10632,15,0
ORN_DM4,ORN_DA3,10,5,10632,15,0
ORN_DL3,PhG1a,7,8,10632,15,0
ORN_DM6,ORN_DA3,10,5,10632,15,0
ORN_VA3,ORN_DA3,10,5,10632,15,0
PhG1a,ORN_DM3,8,7,10632,15,0
R7y,R8d,11,3,10633,14,0
R7p,R8d,11,3,10633,14,0
R8p,R8d,11,3,10633,14,0
SNxx09,R8d,11,3,10633,14,0
LgLG2,R8d,11,3,10633,14,0
LgLG8,ORN_DA3,9,5,10633,14,0
R8_unclear,R8d,11,3,10633,14,0
LB1a,R8d,11,3,10633,14,0
R8d,SNpp21,3,11,10633,14,0
R8d,ORN_VM7v,3,11,10633,14,0
R8d,ORN_DL1,3,11,10633,14,0
LgLG7,DNg83,7,7,10633,14,0
LgLG7,ORN_DL3,7,7,10633,14,0
LgLG7,ORN_DM3,7,7,10633,14,0
DNg83,ORN_DL3,7,7,10633,14,0
DNg83,ORN_DM3,7,7,10633,14,0
LB4a,ORN_DA3,9,5,10633,14,0
PhG3,ORN_DA3,9,5,10633,14,0
SApp21,ORN_DA3,9,5,10633,14,0
LgAG6,ORN_DA3,9,5,10633,14,0
tpn MN,ORN_DA3,9,5,10633,14,0
ORN_DL3,ORN_DM3,7,7,10633,14,0
ORN_DA3,JO-B4_a,5,9,10633,14,0
R8y,R8d,10,3,10634,13,0
LgLG5,ORN_DA3,8,5,10634,13,0
HRN_VP1l,R8d,10,3,10634,13,0
PhG6,R8d,10,3,10634,13,0
R8d,LN-DN1,3,10,10634,13,0
R8d,ORN_DM4,3,10,10634,13,0
R8d,ORN_DM6,3,10,10634,13,0
R8d,ORN_VA3,3,10,10634,13,0
HBeyelet,ORN_DA3,8,5,10634,13,0
ORN_DA3,PhG1a,5,8,10634,13,0
LgLG8,R8d,9,3,10635,12,0
R8d,LB4a,3,9,10635,12,0
R8d,PhG3,3,9,10635,12,0
R8d,SApp21,3,9,10635,12,0
R8d,LgAG6,3,9,10635,12,0
R8d,tpn MN,3,9,10635,12,0
R8d,JO-B4_a,3,9,10635,12,0
LgLG7,ORN_DA3,7,5,10635,12,0
DNg83,ORN_DA3,7,5,10635,12,0
ORN_DL3,ORN_DA3,7,5,10635,12,0
ORN_DA3,ORN_DM3,5,7,10635,12,0
LgLG5,R8d,8,3,10636,11,0
R8d,HBeyelet,3,8,10636,11,0
R8d,PhG1a,3,8,10636,11,0
R8d,LgLG7,3,7,10637,10,0
R8d,DNg83,3,7,10637,10,0
R8d,ORN_DL3,3,7,10637,10,0
R8d,ORN_DM3,3,7,10637,10,0
R8d,ORN_DA3,3,5,10639,8,0
"SApp09,SApp22",b2 MN,164,12,10472,175,-1
SApp08,b2 MN,112,12,10524,123,-1
"SApp06,SApp15",b2 MN,97,12,10539,108,-1
BM_Taste,DNg20,92,13,10543,104,-1
BM,DNg83,84,7,10557,90,-1
BM_InOm,DNg83,72,7,10569,78,-1
JO-FV,DNg20,55,13,10580,67,-1
SNxx03,DNg20,51,13,10584,63,-1
SNxx04,DNg20,50,13,10585,62,-1
JO-FV,DNg83,55,7,10586,61,-1
ORN_DP1m,ALBN1,35,16,10597,50,-1
ORN_DA1,ALBN1,34,16,10598,49,-1
BM_Vib,DNg20,34,13,10601,46,-1
ORN_DC4,ALBN1,29,16,10603,44,-1
ORN_DP1l,ALBN1,28,16,10604,43,-1
ORN_VA6,ALBN1,28,16,10604,43,-1
ORN_DM1,ALBN1,26,16,10606,41,-1
BM_Vib,DNg83,34,7,10607,40,-1
ORN_VA2,ALBN1,25,16,10607,40,-1
SApp13,tpn MN,31,9,10608,39,-1
ORN_D,ALBN1,23,16,10609,38,-1
ORN_DC1,ALBN1,22,16,10610,37,-1
ORN_DL5,ALBN1,20,16,10612,35,-1
ORN_VM7d,ALBN1,18,16,10614,33,-1
DNg83,SNta33,7,27,10614,33,-1
BM_vOcci_vPoOr,DNg20,20,13,10615,32,-1
ORN_VC5,ALBN1,14,16,10618,29,-1
ORN_DM2,ALBN1,13,16,10619,28,-1
ORN_VC4,ALBN1,12,16,10620,27,-1
BM_vOcci_vPoOr,DNg83,20,7,10621,26,-1
ORN_DM4,ALBN1,10,16,10622,25,-1
SNpp37,b2 MN,12,12,10624,23,-1
ALBN1,ORN_DM3,16,7,10625,22,-1
BM,DNg20,84,13,10552,95,-2
BM_InOm,DNg20,72,13,10564,83,-2
DNg20,"SNta02,SNta09",13,43,10593,54,-2
DNg20,SNta33,13,27,10609,38,-2
BM_Vt_PoOc,DNg20,22,13,10614,33,-2
SApp,b2 MN,310,12,10328,319,-3
