cell_type,superclass,compartment,anchor,x,y,removed_random,silenced_random,removed_out_strength,silenced_out_strength,removed_in_strength,silenced_in_strength,removed_betweenness,silenced_betweenness,removed_pagerank,silenced_pagerank,removed_sm_betweenness,silenced_sm_betweenness
5-HTPLP01,cb_intrinsic,brain,AVLP(R),685.5,233.5,7,-1,9,-1,15,-1,21,-1,-1,-1,-1,37
5-HTPMPD01,cb_intrinsic,brain,SLP(L),584.7,57.0,-1,-1,-1,-1,-1,-1,-1,-1,13,-1,-1,37
5-HTPMPV01,cb_intrinsic,brain,PLP(R),684.0,198.3,-1,-1,54,-1,11,-1,-1,-1,-1,-1,-1,37
5-HTPMPV03,visual_centrifugal,brain,ME(R),471.9,250.4,15,-1,53,-1,6,-1,1,-1,-1,-1,-1,37
5thsLNv_LNd6,visual_projection,brain,SMP(L),710.0,116.8,36,-1,30,-1,11,-1,19,-1,62,-1,-1,37
ADNM1 MN,vnc_motor,vnc,IntTct,524.0,755.1,-1,-1,-1,-1,10,-1,-1,-1,7,-1,60,37
ADNM2 MN,vnc_motor,vnc,NTct(UTct-T1)(L),586.7,747.1,-1,-1,-1,-1,55,-1,-1,-1,9,-1,47,37
AL-AST1,cb_intrinsic,brain,AL(R),404.1,206.6,49,-1,10,-1,4,-1,3,-1,-1,-1,1,-1
AL-MBDL1,cb_intrinsic,brain,AL(L),564.7,116.3,-1,-1,-1,63,-1,-1,2,-1,57,-1,-1,43
ALBN1,cb_intrinsic,brain,AL(R),424.3,241.7,22,-1,35,-1,5,-1,31,-1,-1,-1,3,-1
ALIN1,cb_intrinsic,brain,AL(R),580.7,111.7,29,-1,14,-1,18,-1,2,-1,-1,-1,14,-1
ALIN2,cb_intrinsic,brain,SAD,583.6,354.6,4,-1,17,-1,14,-1,2,-1,35,-1,3,-1
ALIN3,cb_intrinsic,brain,AL(R),297.2,125.1,-1,-1,40,-1,51,-1,3,-1,-1,-1,33,-1
ALIN4,cb_intrinsic,brain,GNG,598.2,203.4,6,-1,-1,68,20,-1,2,-1,-1,-1,11,-1
ALIN5,cb_intrinsic,brain,AL(R),472.9,244.3,23,-1,9,-1,43,-1,1,-1,-1,-1,7,-1
ALIN6,cb_intrinsic,brain,SAD,425.8,248.3,-1,-1,54,-1,-1,-1,2,-1,-1,-1,-1,-1
ALIN7,cb_intrinsic,brain,AL(R),652.4,335.5,-1,-1,-1,-1,22,-1,1,-1,-1,-1,1,-1
ALIN8,cb_intrinsic,brain,GNG,507.5,440.6,10,-1,-1,-1,-1,-1,3,-1,-1,-1,12,-1
ALON1,cb_intrinsic,brain,GNG,580.6,191.8,-1,-1,43,-1,-1,-1,11,-1,68,-1,1,-1
ALON2,cb_intrinsic,brain,GNG,520.1,390.4,-1,-1,40,-1,-1,-1,12,-1,-1,-1,9,-1
ALON3,cb_intrinsic,brain,AL(R),605.6,269.9,-1,-1,-1,-1,7,-1,11,-1,-1,-1,1,-1
AMMC-A1,cb_intrinsic,brain,PVLP(L),517.2,373.5,-1,-1,-1,62,4,-1,-1,-1,2,-1,30,-1
AMMC001,cb_intrinsic,brain,SAD,434.3,248.7,63,-1,-1,-1,-1,-1,35,-1,61,-1,31,-1
AMMC002,cb_intrinsic,brain,SAD,642.3,362.5,-1,-1,-1,-1,-1,-1,16,-1,60,-1,29,-1
AMMC003,cb_intrinsic,brain,SAD,575.6,350.8,-1,-1,-1,-1,34,-1,15,-1,-1,-1,-1,37
AMMC004,cb_intrinsic,brain,SAD,578.2,385.7,56,-1,-1,55,47,-1,57,-1,-1,-1,-1,37
AMMC005,cb_intrinsic,brain,SAD,459.9,341.2,15,-1,63,-1,30,-1,-1,-1,-1,-1,45,-1
AMMC006,cb_intrinsic,brain,SAD,485.6,353.9,-1,-1,31,-1,26,-1,52,-1,61,-1,29,-1
AMMC007,cb_intrinsic,brain,SAD,424.5,314.0,69,-1,-1,55,25,-1,-1,-1,-1,-1,-1,-1
AMMC008,cb_intrinsic,brain,SAD,565.7,350.6,-1,-1,13,-1,34,-1,68,-1,-1,-1,29,-1
AMMC009,cb_intrinsic,brain,SAD,555.2,340.3,-1,-1,17,-1,-1,-1,9,-1,-1,-1,31,-1
AMMC010,cb_intrinsic,brain,SAD,561.2,390.4,27,-1,36,-1,-1,-1,-1,-1,-1,-1,26,-1
AMMC011,cb_intrinsic,brain,WED(L),359.2,327.3,-1,-1,9,-1,-1,-1,56,-1,-1,-1,30,-1
AMMC012,cb_intrinsic,brain,SAD,598.3,319.0,28,-1,10,-1,13,-1,32,-1,-1,-1,16,-1
AMMC013,cb_intrinsic,brain,SAD,442.4,313.4,-1,-1,10,-1,6,-1,13,-1,35,-1,2,-1
AMMC014,cb_intrinsic,brain,SAD,574.3,355.0,46,-1,-1,-1,-1,-1,-1,-1,-1,-1,28,-1
AMMC015,cb_intrinsic,brain,SAD,361.8,324.9,-1,-1,11,-1,36,-1,15,-1,-1,-1,26,-1
AMMC016,cb_intrinsic,brain,SAD,537.1,378.7,-1,-1,-1,-1,-1,-1,-1,-1,-1,-1,-1,37
AMMC017,cb_intrinsic,brain,SAD,433.6,179.2,-1,-1,-1,-1,-1,-1,-1,-1,-1,-1,31,-1
AMMC018,cb_intrinsic,brain,SAD,676.5,347.3,-1,-1,-1,67,43,-1,35,-1,65,-1,31,-1
AMMC019,cb_intrinsic,brain,SAD,472.6,375.0,-1,-1,-1,55,18,-1,29,-1,-1,-1,31,-1
AMMC020,cb_intrinsic,brain,SAD,352.0,321.9,51,-1,61,56,39,-1,13,-1,-1,-1,31,-1
AMMC021,cb_intrinsic,brain,SAD,416.3,323.5,17,-1,-1,56,51,-1,13,-1,-1,-1,29,-1
AMMC022,cb_intrinsic,brain,SAD,550.2,361.3,59,-1,32,-1,24,-1,-1,-1,-1,-1,24,-1
AMMC023,cb_intrinsic,brain,SAD,442.0,321.9,25,-1,-1,-1,42,-1,-1,-1,-1,-1,23,-1
AMMC024,cb_intrinsic,brain,SAD,512.9,355.0,-1,-1,-1,-1,-1,-1,68,-1,-1,-1,-1,37
AMMC025,cb_intrinsic,brain,SAD,464.9,381.9,25,-1,-1,-1,14,-1,13,-1,57,-1,-1,-1
AMMC026,cb_intrinsic,brain,SAD,509.5,365.5,57,-1,-1,-1,11,-1,-1,-1,-1,-1,-1,-1
AMMC027,cb_intrinsic,brain,SAD,592.4,309.5,-1,-1,-1,-1,56,-1,27,-1,-1,-1,-1,-1
AMMC028,cb_intrinsic,brain,SAD,523.6,383.0,-1,-1,25,-1,15,-1,17,-1,-1,-1,23,-1
AMMC029,cb_intrinsic,brain,SAD,623.1,357.8,24,-1,-1,-1,63,-1,35,-1,41,-1,4,-1
AMMC030,cb_intrinsic,brain,SAD,579.9,361.9,-1,-1,54,-1,41,-1,-1,-1,-1,-1,32,-1
AMMC031,cb_intrinsic,brain,SAD,688.9,302.4,4,-1,32,-1,29,-1,-1,-1,-1,-1,29,-1
AMMC032,cb_intrinsic,brain,SAD,498.8,364.5,-1,-1,-1,-1,26,-1,-1,-1,-1,-1,30,-1
AMMC033,cb_intrinsic,brain,SAD,464.5,335.2,-1,-1,-1,-1,36,-1,21,-1,-1,-1,30,-1
AMMC034_a,cb_intrinsic,brain,SAD,526.7,401.5,48,-1,51,-1,37,-1,55,-1,-1,-1,2,-1
AMMC034_b,cb_intrinsic,brain,SAD,531.1,349.8,51,-1,44,-1,-1,-1,67,-1,-1,-1,1,-1
AMMC035,cb_intrinsic,brain,SAD,444.6,366.9,9,-1,-1,-1,37,-1,-1,-1,-1,-1,27,-1
AMMC036,cb_intrinsic,brain,SAD,522.1,361.1,-1,-1,52,-1,60,-1,-1,-1,-1,-1,15,-1
AMMC037,cb_intrinsic,brain,SAD,582.9,348.4,14,-1,-1,-1,41,-1,15,-1,66,-1,31,-1
AMMC038,cb_intrinsic,brain,SAD,551.9,352.7,-1,-1,40,-1,23,-1,52,-1,-1,-1,25,-1
AN00A002,ascending_neuron,vnc,LTct,571.3,740.3,-1,-1,61,56,-1,-1,-1,-1,-1,-1,-1,37
AN00A006,ascending_neuron,vnc,ANm,552.4,778.1,-1,-1,4,-1,46,-1,1,-1,-1,-1,2,-1
AN00A009,ascending_neuron,vnc,GNG,443.5,425.1,-1,-1,-1,-1,60,-1,-1,-1,44,-1,48,-1
AN01A006,ascending_neuron,vnc,LegNp(T3)(L),482.6,770.7,63,-1,-1,-1,40,-1,59,-1,65,-1,16,-1
AN01A014,ascending_neuron,vnc,LegNp(T1)(L),669.8,784.5,-1,-1,38,-1,40,-1,5,-1,21,-1,5,-1
AN01A021,ascending_neuron,vnc,ANm,640.0,890.3,-1,-1,-1,-1,16,-1,-1,-1,-1,-1,8,-1
AN01A033,ascending_neuron,brain,LTct,497.7,341.5,4,-1,33,-1,-1,-1,19,-1,-1,-1,18,-1
AN01A049,ascending_neuron,vnc,IntTct,524.9,407.1,49,-1,-1,-1,-1,-1,-1,-1,-1,-1,16,-1
AN01A055,ascending_neuron,brain,SAD,637.1,303.7,52,-1,7,-1,30,-1,5,-1,55,-1,3,-1
AN01A086,ascending_neuron,brain,SAD,483.6,355.6,43,-1,10,-1,-1,-1,33,-1,57,-1,2,-1
AN01A089,ascending_neuron,brain,GNG,543.5,405.9,15,-1,5,-1,8,-1,1,-1,26,-1,3,-1
AN01B002,ascending_neuron,vnc,ANm,511.0,877.1,-1,-1,4,-1,2,-1,18,-1,56,-1,1,-1
AN01B004,ascending_neuron,vnc,GNG,638.2,873.5,16,-1,7,-1,14,-1,4,-1,-1,-1,1,-1
AN01B005,ascending_neuron,vnc,LegNp(T3)(L),566.7,851.9,-1,-1,9,-1,25,-1,6,-1,37,-1,4,-1
AN01B011,ascending_neuron,vnc,LegNp(T2)(L),529.4,394.4,29,-1,26,-1,36,-1,5,-1,-1,-1,10,-1
AN01B014,ascending_neuron,vnc,LegNp(T1)(L),304.1,243.5,-1,-1,-1,-1,-1,-1,20,-1,-1,-1,19,-1
AN01B018,ascending_neuron,brain,GNG,401.5,271.1,-1,-1,-1,-1,-1,-1,6,-1,-1,-1,18,-1
AN02A001,ascending_neuron,vnc,LTct,465.8,686.6,-1,-1,2,-1,8,-1,1,-1,34,-1,1,-1
AN02A002,ascending_neuron,vnc,LTct,443.6,221.0,53,-1,2,-1,10,-1,1,-1,-1,-1,1,-1
AN02A005,ascending_neuron,brain,GNG,501.5,780.4,6,-1,14,-1,-1,-1,14,-1,-1,-1,22,-1
AN02A009,ascending_neuron,brain,GNG,466.7,387.4,41,-1,23,-1,-1,-1,-1,24,-1,-1,31,-1
AN02A016,ascending_neuron,vnc,LTct,549.0,774.2,-1,-1,34,-1,-1,-1,18,-1,64,-1,6,-1
AN02A017,ascending_neuron,brain,GNG,441.9,427.8,-1,-1,17,-1,-1,-1,21,-1,-1,-1,22,-1
AN02A022,ascending_neuron,vnc,HTct(UTct-T3)(L),484.5,746.0,-1,-1,-1,-1,67,-1,17,-1,-1,-1,14,-1
AN02A025,ascending_neuron,brain,GNG,517.4,406.2,7,-1,69,-1,-1,-1,18,-1,-1,-1,13,-1
AN02A046,ascending_neuron,brain,GNG,486.4,400.2,49,-1,-1,-1,-1,-1,18,-1,-1,-1,15,-1
AN03A002,ascending_neuron,vnc,LegNp(T1)(L),649.6,713.7,-1,-1,12,-1,48,-1,26,-1,46,-1,8,-1
AN03A008,ascending_neuron,brain,LegNp(T1)(L),638.6,96.9,22,-1,14,-1,-1,-1,9,-1,-1,-1,5,-1
AN03B009,ascending_neuron,vnc,LTct,602.3,768.2,4,-1,16,-1,21,-1,21,-1,-1,-1,6,-1
AN03B011,ascending_neuron,vnc,LTct,451.0,886.3,37,-1,5,-1,49,-1,1,-1,-1,-1,2,-1
AN03B039,ascending_neuron,vnc,IntTct,503.1,740.7,-1,-1,40,-1,34,-1,22,-1,-1,-1,17,-1
AN03B050,ascending_neuron,vnc,ANm,489.3,737.1,-1,-1,64,-1,-1,-1,19,-1,-1,-1,6,-1
AN03B094,ascending_neuron,vnc,LegNp(T1)(R),599.3,739.9,21,-1,50,-1,-1,-1,21,-1,-1,-1,14,-1
AN03B095,ascending_neuron,vnc,GNG,586.6,665.9,28,-1,44,-1,-1,-1,13,-1,8,-1,34,-1
AN04A001,ascending_neuron,vnc,LTct,459.2,879.9,-1,-1,3,-1,4,-1,2,-1,21,-1,1,-1
AN04B001,ascending_neuron,vnc,LegNp(T2)(L),476.6,797.5,22,-1,4,-1,-1,58,4,-1,-1,-1,3,-1
AN04B003,ascending_neuron,vnc,LegNp(T2)(L),448.7,718.7,-1,-1,3,-1,44,-1,1,-1,-1,-1,2,-1
AN04B004,ascending_neuron,vnc,LegNp(T2)(L),572.0,438.0,-1,-1,30,-1,34,-1,3,-1,46,-1,10,-1
AN04B023,ascending_neuron,brain,SPS(L),606.0,316.1,-1,-1,6,-1,35,-1,2,-1,-1,-1,2,-1
AN04B051,ascending_neuron,brain,VES(R),575.2,258.7,61,-1,-1,-1,-1,-1,20,-1,-1,-1,14,-1
AN05B004,ascending_neuron,vnc,ANm,457.3,435.6,-1,-1,22,-1,3,-1,8,-1,67,-1,1,-1
AN05B005,ascending_neuron,vnc,ANm,590.9,799.3,-1,-1,9,-1,5,-1,26,-1,-1,-1,18,-1
AN05B006,ascending_neuron,vnc,LTct,539.9,455.9,21,-1,4,-1,4,-1,6,-1,61,-1,1,-1
AN05B007,ascending_neuron,vnc,GNG,515.9,767.6,38,-1,29,-1,57,-1,19,-1,-1,-1,8,-1
AN05B009,ascending_neuron,vnc,GNG,583.9,399.3,25,-1,3,-1,2,-1,19,-1,-1,-1,1,-1
AN05B010,ascending_neuron,vnc,LegNp(T1)(R),593.9,786.0,-1,-1,-1,-1,69,-1,25,-1,-1,-1,40,-1
AN05B015,ascending_neuron,vnc,ANm,640.4,839.0,-1,-1,-1,-1,-1,-1,15,-1,31,-1,27,-1
AN05B017,ascending_neuron,vnc,GNG,593.3,414.2,16,-1,-1,67,-1,-1,25,-1,-1,-1,-1,-1
AN05B021,ascending_neuron,vnc,LegNp(T2)(L),547.6,309.7,-1,-1,20,-1,46,-1,3,-1,54,-1,6,-1
AN05B023a,ascending_neuron,vnc,GNG,447.0,891.0,33,-1,57,23,6,-1,23,-1,-1,-1,4,-1
AN05B023b,ascending_neuron,vnc,Ov(L),476.4,854.8,67,-1,33,-1,41,-1,-1,-1,-1,-1,18,-1
AN05B023c,ascending_neuron,vnc,LegNp(T3)(R),281.4,209.5,9,-1,68,33,9,-1,20,-1,-1,-1,17,-1
AN05B023d,ascending_neuron,vnc,Ov(L),709.1,233.1,-1,-1,36,33,5,-1,19,-1,-1,-1,15,-1
AN05B024,ascending_neuron,vnc,LegNp(T3)(R),452.5,727.3,25,-1,-1,-1,-1,-1,11,-1,-1,-1,18,-1
AN05B025,ascending_neuron,vnc,LegNp(T3)(R),591.9,838.0,5,-1,37,-1,34,-1,9,-1,-1,-1,1,-1
AN05B026,ascending_neuron,vnc,LegNp(T2)(R),470.9,937.3,-1,-1,63,-1,-1,-1,18,-1,-1,-1,8,-1
AN05B027,ascending_neuron,vnc,LegNp(T3)(R),461.4,794.5,33,-1,-1,-1,62,-1,-1,-1,-1,-1,62,39
AN05B029,ascending_neuron,vnc,GNG,540.6,832.2,-1,-1,-1,59,-1,-1,52,-1,-1,-1,25,-1
AN05B035,ascending_neuron,vnc,LegNp(T1)(L),429.2,401.6,-1,-1,-1,-1,10,-1,-1,-1,63,-1,8,-1
AN05B036,ascending_neuron,vnc,ANm,471.3,856.8,-1,-1,-1,-1,-1,-1,57,-1,-1,-1,31,-1
AN05B040,ascending_neuron,vnc,GNG,558.2,396.0,60,-1,-1,59,-1,-1,-1,-1,-1,-1,-1,47
AN05B044,ascending_neuron,brain,LegNp(T1)(L),477.6,286.3,10,-1,-1,-1,-1,-1,7,-1,-1,-1,13,-1
AN05B045,ascending_neuron,vnc,ANm,568.9,774.9,-1,-1,50,-1,-1,-1,53,-1,-1,-1,10,-1
AN05B046,ascending_neuron,vnc,GNG,452.1,806.7,-1,-1,-1,-1,-1,-1,-1,63,-1,-1,-1,-1
AN05B048,ascending_neuron,vnc,LegNp(T2)(L),625.0,869.3,-1,-1,-1,52,-1,-1,-1,-1,-1,-1,50,37
AN05B049_a,ascending_neuron,vnc,LTct,554.8,800.6,-1,-1,-1,59,-1,-1,-1,-1,-1,-1,-1,30
AN05B049_b,ascending_neuron,vnc,GNG,529.7,785.5,37,-1,-1,-1,-1,-1,-1,-1,-1,-1,8,-1
AN05B049_c,ascending_neuron,vnc,GNG,601.6,800.0,2,-1,-1,-1,-1,-1,16,-1,-1,-1,17,-1
AN05B050_a,ascending_neuron,vnc,LegNp(T2)(L),477.4,349.8,4,-1,-1,59,-1,-1,-1,-1,-1,-1,-1,22
AN05B050_b,ascending_neuron,vnc,ANm,443.4,783.5,5,-1,-1,-1,-1,-1,-1,-1,-1,-1,30,-1
AN05B050_c,ascending_neuron,vnc,LTct,701.0,175.6,-1,-1,-1,59,-1,-1,20,-1,-1,-1,17,-1
AN05B052,ascending_neuron,vnc,LTct,658.4,339.5,52,-1,-1,-1,-1,-1,16,-1,-1,-1,17,-1
AN05B053,ascending_neuron,vnc,ANm,603.9,810.0,18,-1,61,-1,9,-1,24,-1,63,-1,3,-1
AN05B054_a,ascending_neuron,vnc,GNG,488.5,852.8,-1,-1,-1,-1,-1,-1,24,-1,-1,-1,-1,-1
AN05B054_b,ascending_neuron,vnc,GNG,504.1,444.3,41,-1,-1,-1,-1,-1,-1,-1,-1,-1,-1,34
AN05B056,ascending_neuron,vnc,Ov(L),449.3,826.5,44,-1,-1,-1,-1,-1,-1,-1,-1,-1,19,-1
AN05B058,ascending_neuron,vnc,Ov(R),468.2,861.3,64,-1,-1,24,-1,-1,-1,-1,-1,-1,-1,-1
AN05B059,ascending_neuron,vnc,ANm,547.2,781.1,-1,-1,-1,-1,-1,-1,-1,-1,-1,-1,-1,-1
AN05B060,ascending_neuron,vnc,ANm,488.0,778.7,23,-1,-1,-1,-1,-1,-1,-1,-1,-1,-1,37
AN05B062,ascending_neuron,vnc,LegNp(T3)(R),313.0,272.9,-1,-1,-1,61,-1,-1,19,-1,-1,-1,13,-1
AN05B063,ascending_neuron,vnc,ANm,483.3,766.3,42,-1,-1,-1,-1,-1,21,-1,-1,-1,19,-1
AN05B067,ascending_neuron,vnc,GNG,435.6,764.8,-1,-1,-1,-1,-1,-1,-1,-1,-1,-1,18,-1
AN05B068,ascending_neuron,vnc,ANm,574.2,800.9,-1,-1,-1,-1,-1,-1,22,-1,-1,-1,24,-1
AN05B069,ascending_neuron,vnc,GNG,517.2,426.5,48,-1,-1,-1,-1,-1,20,-1,-1,-1,-1,19
AN05B071,ascending_neuron,vnc,GNG,467.1,797.9,-1,-1,-1,58,-1,-1,25,-1,-1,-1,16,-1
AN05B076,ascending_neuron,brain,GNG,624.5,394.6,6,-1,44,-1,20,-1,11,-1,65,-1,7,-1
AN05B078,ascending_neuron,vnc,LTct,259.2,213.3,-1,-1,-1,-1,-1,-1,-1,-1,-1,-1,19,-1
AN05B081,ascending_neuron,vnc,Ov(R),446.3,831.7,-1,-1,-1,-1,-1,-1,-1,-1,-1,-1,17,-1
AN05B083,ascending_neuron,vnc,LTct,419.4,786.4,-1,-1,-1,67,-1,-1,-1,-1,-1,-1,19,-1
AN05B095,ascending_neuron,vnc,ANm,561.4,787.2,65,-1,38,-1,-1,-1,5,-1,-1,-1,15,-1
AN05B096,ascending_neuron,vnc,LegNp(T3)(R),464.1,808.0,-1,-1,6,-1,7,-1,1,-1,36,-1,1,-1
AN05B097,ascending_neuron,vnc,GNG,647.7,838.9,53,-1,3,-1,18,-1,3,-1,-1,-1,1,-1
AN05B098,ascending_neuron,vnc,LegNp(T3)(R),470.5,837.4,-1,-1,-1,-1,19,-1,20,-1,-1,-1,16,-1
AN05B099,ascending_neuron,vnc,ANm,456.7,796.4,-1,-1,4,-1,12,-1,4,-1,24,-1,3,-1
AN05B100,ascending_neuron,vnc,LegNp(T2)(L),528.9,839.2,-1,-1,3,-1,9,-1,1,-1,45,-1,9,-1
AN05B101,ascending_neuron,brain,PRW,535.4,442.0,38,-1,4,-1,4,-1,1,-1,21,-1,1,-1
AN05B102a,ascending_neuron,vnc,Ov(L),490.5,833.8,55,-1,10,-1,2,-1,20,-1,-1,-1,14,-1
AN05B102b,ascending_neuron,vnc,Ov(L),483.3,312.5,-1,-1,-1,33,26,-1,-1,-1,-1,-1,17,-1
AN05B102c,ascending_neuron,vnc,Ov(L),598.2,818.3,11,-1,15,-1,19,-1,21,-1,-1,-1,16,-1
AN05B102d,ascending_neuron,vnc,Ov(R),651.8,781.2,21,-1,13,-1,12,-1,19,-1,-1,-1,6,-1
AN05B103,ascending_neuron,brain,SCL(L),531.7,360.2,11,-1,35,-1,49,-1,10,-1,-1,-1,15,-1
AN05B104,ascending_neuron,vnc,LTct,574.2,866.2,27,-1,6,-1,49,-1,4,-1,-1,-1,5,-1
AN05B105,ascending_neuron,vnc,LegNp(T2)(L),612.9,763.0,16,-1,-1,-1,-1,-1,18,-1,-1,-1,11,-1
AN05B106,ascending_neuron,vnc,GNG,508.3,875.1,-1,-1,14,-1,35,-1,5,-1,-1,-1,7,-1
AN05B107,ascending_neuron,vnc,Ov(L),563.1,807.5,30,-1,52,-1,-1,-1,24,-1,-1,-1,5,-1
AN05B108,vnc_intrinsic,vnc,ANm,568.0,773.5,-1,-1,-1,-1,-1,-1,58,-1,-1,-1,26,-1
AN06A010,ascending_neuron,vnc,HTct(UTct-T3)(L),573.5,756.3,35,-1,55,-1,47,-1,21,-1,7,-1,17,-1
AN06A015,ascending_neuron,vnc,LegNp(T1)(L),407.4,722.0,-1,-1,69,-1,-1,-1,14,-1,42,-1,15,-1
AN06A016,ascending_neuron,vnc,NTct(UTct-T1)(L),447.5,419.8,40,-1,42,-1,-1,-1,26,-1,50,-1,18,-1
AN06A017,ascending_neuron,vnc,IntTct,546.2,745.8,-1,-1,31,-1,-1,-1,10,-1,-1,-1,11,-1
AN06A018,ascending_neuron,vnc,IntTct,527.1,730.6,-1,-1,22,-1,-1,-1,24,-1,-1,-1,-1,37
AN06A026,ascending_neuron,vnc,HTct(UTct-T3)(R),548.7,399.4,-1,-1,13,-1,36,-1,24,-1,66,-1,21,-1
AN06A027,ascending_neuron,brain,IntTct,526.3,380.4,28,-1,-1,-1,52,-1,25,-1,-1,-1,-1,41
AN06A030,ascending_neuron,vnc,HTct(UTct-T3)(L),553.9,798.0,-1,-1,-1,-1,33,-1,16,-1,50,-1,-1,43
AN06A041,ascending_neuron,vnc,IntTct,492.7,762.2,-1,-1,-1,-1,-1,-1,23,-1,51,-1,21,-1
AN06A060,ascending_neuron,vnc,GNG,491.6,434.1,39,-1,-1,-1,-1,-1,16,-1,-1,-1,19,-1
AN06A062,ascending_neuron,vnc,IntTct,581.0,686.4,-1,-1,27,-1,-1,-1,14,-1,48,-1,19,-1
AN06A080,ascending_neuron,vnc,IntTct,447.4,380.6,-1,-1,46,-1,63,-1,20,-1,48,-1,19,-1
AN06A092,ascending_neuron,vnc,IntTct,514.6,772.0,-1,-1,65,-1,-1,-1,21,-1,-1,-1,19,-1
AN06A095,ascending_neuron,vnc,IntTct,591.4,683.7,54,-1,-1,-1,-1,-1,22,-1,-1,-1,18,-1
AN06A112,ascending_neuron,vnc,IntTct,501.4,362.1,67,-1,-1,-1,-1,-1,13,-1,17,-1,35,-1
AN06B002,ascending_neuron,vnc,LegNp(T3)(L),593.6,864.4,9,-1,3,-1,6,-1,1,-1,13,-1,1,-1
AN06B004,ascending_neuron,vnc,LegNp(T1)(L),572.8,734.4,-1,-1,8,-1,25,-1,7,-1,56,-1,12,-1
AN06B005,ascending_neuron,vnc,LegNp(T3)(L),643.7,782.1,6,-1,-1,-1,53,-1,22,-1,69,-1,5,-1
AN06B007,ascending_neuron,vnc,LegNp(T2)(L),482.2,738.5,-1,-1,9,-1,67,-1,9,-1,-1,-1,5,-1
AN06B009,ascending_neuron,brain,SPS(R),616.2,321.0,33,-1,3,-1,-1,-1,1,-1,61,-1,1,-1
AN06B011,ascending_neuron,brain,WED(R),596.8,221.1,12,-1,10,-1,-1,-1,2,-1,-1,-1,11,-1
AN06B012,ascending_neuron,brain,GNG,425.4,268.8,-1,-1,-1,-1,-1,-1,-1,-1,-1,-1,13,-1
AN06B014,ascending_neuron,vnc,IntTct,547.4,733.1,-1,-1,15,-1,26,-1,13,-1,4,-1,3,-1
AN06B015,ascending_neuron,vnc,LegNp(T1)(L),450.4,835.5,-1,-1,-1,-1,-1,-1,8,-1,42,-1,9,-1
AN06B023,ascending_neuron,vnc,IntTct,466.4,679.2,57,-1,28,-1,47,-1,12,-1,11,-1,17,-1
AN06B025,ascending_neuron,vnc,GNG,512.8,737.6,34,-1,7,-1,25,-1,9,-1,-1,-1,19,-1
AN06B026,ascending_neuron,vnc,IntTct,582.1,233.8,-1,-1,54,-1,38,-1,-1,-1,-1,-1,6,-1
AN06B031,ascending_neuron,vnc,WTct(UTct-T2)(L),455.6,817.0,-1,-1,23,-1,39,-1,12,-1,49,-1,2,-1
AN06B034,ascending_neuron,brain,LTct,476.5,467.9,1,-1,38,-1,-1,-1,4,-1,-1,-1,6,-1
AN06B037,ascending_neuron,brain,GNG,560.9,412.1,-1,-1,16,-1,-1,-1,5,-1,49,-1,2,-1
AN06B039,ascending_neuron,vnc,ANm,427.2,173.7,60,-1,12,-1,41,-1,3,-1,-1,-1,1,-1
AN06B040,ascending_neuron,brain,LTct,473.0,224.6,34,-1,10,-1,-1,-1,9,-1,-1,-1,1,-1
AN06B042,ascending_neuron,vnc,IntTct,483.3,748.9,-1,-1,25,-1,-1,-1,53,-1,-1,-1,21,-1
AN06B044,ascending_neuron,vnc,GNG,570.9,699.8,-1,-1,61,-1,-1,-1,19,-1,-1,-1,18,-1
AN06B045,ascending_neuron,vnc,HTct(UTct-T3)(R),566.9,674.0,57,-1,61,-1,-1,-1,15,-1,64,-1,14,-1
AN06B046,ascending_neuron,vnc,IntTct,522.6,694.7,5,-1,-1,-1,-1,-1,20,-1,31,-1,7,-1
AN06B048,ascending_neuron,vnc,HTct(UTct-T3)(R),581.6,762.5,33,-1,67,-1,-1,-1,17,-1,-1,-1,36,-1
AN06B051,ascending_neuron,vnc,IntTct,497.5,721.6,46,-1,8,-1,33,-1,11,-1,49,-1,2,-1
AN06B057,ascending_neuron,brain,VES(R),455.4,316.9,-1,-1,40,-1,-1,-1,13,-1,48,-1,24,-1
AN06B068,ascending_neuron,vnc,IntTct,487.0,759.0,40,-1,49,-1,-1,-1,22,-1,-1,-1,22,-1
AN06B075,ascending_neuron,brain,LAL(R),576.6,384.4,-1,-1,-1,-1,-1,-1,22,-1,22,-1,-1,37
AN06B088,ascending_neuron,vnc,LegNp(T3)(R),664.9,310.6,14,-1,37,-1,-1,-1,60,-1,-1,-1,14,-1
AN06B089,ascending_neuron,vnc,Ov(L),539.3,696.6,28,-1,29,-1,35,-1,21,-1,-1,-1,1,-1
AN06B090,ascending_neuron,vnc,IntTct,475.7,726.2,-1,-1,56,-1,-1,-1,7,-1,-1,-1,3,-1
AN07B003,ascending_neuron,vnc,IntTct,435.9,821.1,-1,-1,34,-1,34,-1,8,-1,-1,-1,17,-1
AN07B004,ascending_neuron,brain,GNG,570.9,234.7,15,-1,2,-1,65,-1,1,-1,-1,-1,1,-1
AN07B005,ascending_neuron,vnc,LegNp(T3)(L),578.9,896.7,36,-1,3,-1,5,-1,2,-1,-1,-1,1,-1
AN07B011,ascending_neuron,vnc,LegNp(T2)(L),643.7,772.1,45,-1,53,-1,-1,-1,22,-1,-1,-1,11,-1
AN07B013,ascending_neuron,vnc,LegNp(T2)(L),521.3,412.3,60,-1,8,-1,25,-1,9,-1,24,-1,7,-1
AN07B015,ascending_neuron,vnc,LegNp(T1)(L),638.8,702.7,60,-1,54,-1,-1,-1,9,-1,-1,-1,9,-1
AN07B017,ascending_neuron,vnc,LegNp(T1)(L),616.4,758.6,69,-1,-1,-1,-1,-1,9,-1,-1,-1,4,-1
AN07B018,ascending_neuron,vnc,LTct,296.0,215.2,19,-1,42,-1,25,-1,4,-1,30,-1,4,-1
AN07B021,ascending_neuron,vnc,IntTct,566.2,720.0,-1,-1,44,-1,-1,-1,5,-1,48,-1,10,-1
AN07B024,ascending_neuron,vnc,LTct,496.1,754.8,25,-1,58,-1,-1,-1,51,-1,-1,-1,9,-1
AN07B025,ascending_neuron,vnc,IntTct,525.2,729.4,-1,-1,65,-1,-1,-1,16,-1,65,-1,16,-1
AN07B032,ascending_neuron,vnc,ANm,521.2,716.5,-1,-1,30,-1,-1,-1,15,-1,-1,-1,19,-1
AN07B035,ascending_neuron,vnc,LegNp(T3)(R),636.4,757.1,-1,-1,23,-1,-1,-1,2,-1,-1,-1,4,-1
AN07B036,ascending_neuron,vnc,ANm,493.4,754.0,18,-1,27,-1,21,-1,2,-1,31,-1,10,-1
AN07B037_a,ascending_neuron,brain,IntTct,456.7,343.5,-1,-1,13,-1,64,-1,2,-1,57,-1,16,-1
AN07B037_b,ascending_neuron,brain,IntTct,363.4,363.4,16,-1,16,-1,-1,-1,1,-1,66,-1,8,-1
AN07B040,ascending_neuron,brain,GNG,559.0,378.9,-1,-1,35,-1,-1,-1,10,-1,-1,-1,6,-1
AN07B041,ascending_neuron,vnc,GNG,575.2,739.4,28,-1,63,-1,66,-1,18,-1,-1,-1,20,-1
AN07B042,ascending_neuron,vnc,GNG,548.5,396.3,-1,-1,19,-1,-1,-1,14,-1,-1,-1,35,-1
AN07B043,ascending_neuron,vnc,HTct(UTct-T3)(R),526.4,733.0,-1,-1,25,-1,-1,-1,11,-1,-1,-1,12,-1
AN07B045,ascending_neuron,vnc,IntTct,558.0,758.7,62,-1,32,-1,-1,-1,7,-1,-1,-1,12,-1
AN07B046_a,ascending_neuron,vnc,IntTct,571.8,705.1,-1,-1,43,-1,48,-1,13,-1,-1,-1,22,-1
AN07B046_b,ascending_neuron,vnc,IntTct,538.2,715.0,52,-1,-1,-1,-1,-1,25,-1,-1,-1,22,-1
AN07B046_c,ascending_neuron,vnc,IntTct,580.8,841.1,63,-1,21,-1,49,-1,2,-1,60,-1,1,-1
AN07B049,ascending_neuron,vnc,GNG,568.4,752.6,-1,-1,8,-1,36,-1,14,-1,8,-1,16,-1
AN07B050,ascending_neuron,vnc,HTct(UTct-T3)(R),619.4,715.5,14,-1,63,-1,-1,-1,20,-1,-1,-1,-1,37
AN07B052,ascending_neuron,vnc,IntTct,665.6,739.6,-1,-1,17,-1,43,-1,15,-1,33,-1,14,-1
AN07B056,ascending_neuron,vnc,HTct(UTct-T3)(L),421.0,414.3,-1,-1,35,-1,33,-1,24,-1,-1,-1,19,-1
AN07B057,ascending_neuron,vnc,GNG,616.6,725.2,-1,-1,-1,-1,-1,-1,10,-1,-1,-1,17,-1
AN07B060,ascending_neuron,vnc,IntTct,514.3,731.6,14,-1,-1,-1,57,-1,22,-1,-1,-1,20,-1
AN07B062,ascending_neuron,vnc,LTct,476.2,697.3,-1,-1,27,-1,38,-1,10,-1,59,-1,4,-1
AN07B063,ascending_neuron,vnc,IntTct,517.0,721.9,-1,-1,-1,-1,-1,-1,17,-1,69,-1,35,-1
AN07B069_a,ascending_neuron,vnc,IntTct,494.0,665.9,-1,-1,-1,-1,-1,-1,17,-1,-1,-1,34,-1
AN07B069_b,ascending_neuron,vnc,IntTct,502.9,396.3,50,-1,35,-1,24,-1,17,-1,-1,-1,31,-1
AN07B070,ascending_neuron,vnc,LTct,399.0,381.9,29,-1,-1,-1,-1,-1,47,-1,64,-1,15,-1
AN07B071_a,ascending_neuron,vnc,LegNp(T1)(R),486.0,762.3,19,-1,-1,-1,-1,-1,-1,-1,-1,-1,-1,37
AN07B071_b,ascending_neuron,vnc,GNG,496.3,684.9,-1,-1,-1,-1,-1,-1,17,-1,48,-1,18,-1
AN07B071_c,ascending_neuron,vnc,GNG,517.3,399.5,-1,-1,47,-1,-1,-1,-1,24,-1,-1,-1,37
AN07B071_d,ascending_neuron,vnc,NTct(UTct-T1)(L),605.8,689.2,38,-1,48,-1,-1,-1,23,-1,-1,-1,-1,37
AN07B072_a,ascending_neuron,vnc,GNG,449.5,786.5,4,-1,-1,-1,-1,-1,21,-1,-1,-1,32,-1
AN07B072_b,ascending_neuron,vnc,GNG,518.1,429.1,12,-1,-1,-1,-1,-1,-1,-1,-1,-1,21,-1
AN07B072_c,ascending_neuron,vnc,HTct(UTct-T3)(R),507.0,768.0,55,-1,-1,-1,-1,-1,23,-1,-1,-1,21,-1
AN07B072_d,ascending_neuron,vnc,GNG,569.5,341.2,14,-1,-1,-1,-1,-1,19,-1,-1,-1,4,-1
AN07B072_e,ascending_neuron,brain,GNG,487.8,378.6,-1,-1,20,-1,-1,-1,14,-1,65,-1,22,-1
AN07B072_f,ascending_neuron,vnc,HTct(UTct-T3)(R),540.6,727.8,55,-1,-1,-1,-1,-1,-1,-1,67,-1,33,-1
AN07B076,ascending_neuron,vnc,HTct(UTct-T3)(R),498.9,744.6,-1,-1,44,-1,42,-1,-1,-1,-1,-1,43,-1
AN07B078_a,ascending_neuron,brain,SPS(L),612.2,676.1,5,-1,-1,-1,-1,-1,-1,-1,-1,-1,-1,-1
AN07B078_b,ascending_neuron,vnc,NTct(UTct-T1)(L),417.9,777.4,2,-1,-1,-1,-1,-1,18,-1,20,-1,34,-1
AN07B082_a,ascending_neuron,vnc,IntTct,519.5,438.2,-1,-1,-1,-1,-1,-1,17,-1,-1,-1,21,-1
AN07B082_b,ascending_neuron,vnc,IntTct,569.9,755.6,23,-1,65,-1,-1,-1,24,-1,-1,-1,33,-1
AN07B082_c,ascending_neuron,vnc,IntTct,643.6,322.9,26,-1,-1,-1,-1,-1,-1,-1,63,-1,21,-1
AN07B082_d,ascending_neuron,vnc,IntTct,594.8,672.6,-1,-1,-1,-1,-1,-1,-1,-1,-1,-1,33,-1
AN07B085,ascending_neuron,vnc,GNG,504.0,392.5,38,-1,35,-1,-1,-1,19,-1,59,-1,17,-1
AN07B089,ascending_neuron,vnc,IntTct,507.6,736.2,-1,-1,14,-1,64,-1,20,-1,-1,-1,17,-1
AN07B091,ascending_neuron,vnc,IntTct,501.7,733.4,66,-1,-1,-1,52,-1,16,-1,51,-1,22,-1
AN07B097,ascending_neuron,brain,IntTct,664.6,348.8,-1,-1,-1,-1,-1,-1,-1,-1,-1,-1,-1,39
AN07B100,ascending_neuron,vnc,IntTct,498.3,749.5,69,-1,-1,-1,-1,-1,-1,-1,-1,-1,21,-1
AN07B101_a,ascending_neuron,brain,GNG,477.0,367.3,21,-1,-1,-1,-1,-1,24,-1,-1,-1,43,-1
AN07B101_b,ascending_neuron,brain,SPS(R),602.7,388.0,-1,-1,-1,-1,-1,-1,-1,24,-1,-1,32,-1
AN07B101_c,ascending_neuron,brain,SPS(L),620.1,335.3,-1,-1,-1,-1,-1,-1,-1,69,-1,-1,35,-1
AN07B106,ascending_neuron,vnc,LegNp(T1)(L),607.2,790.7,-1,-1,45,-1,-1,-1,5,-1,64,-1,5,-1
AN07B110,ascending_neuron,vnc,GNG,572.8,756.3,14,-1,53,-1,-1,-1,-1,-1,57,-1,36,-1
AN07B116,ascending_neuron,vnc,LTct,511.9,736.2,-1,-1,-1,-1,-1,-1,17,-1,-1,-1,69,43
AN08B005,ascending_neuron,vnc,LegNp(T3)(L),484.0,790.6,-1,-1,-1,-1,32,-1,56,-1,-1,-1,7,-1
AN08B007,ascending_neuron,vnc,Ov(L),595.2,816.9,35,-1,22,-1,11,-1,8,-1,-1,-1,10,-1
AN08B009,ascending_neuron,vnc,LTct,483.8,825.1,-1,-1,11,-1,24,-1,21,-1,-1,-1,8,-1
AN08B010,ascending_neuron,vnc,IntTct,494.8,721.4,-1,-1,16,-1,19,-1,2,-1,-1,-1,1,-1
AN08B012,ascending_neuron,vnc,GNG,603.5,871.6,10,-1,6,-1,3,-1,4,-1,-1,-1,2,-1
AN08B013,ascending_neuron,vnc,LTct,491.5,399.7,2,-1,26,-1,41,-1,10,-1,-1,-1,6,-1
AN08B014,ascending_neuron,vnc,LegNp(T2)(L),645.5,894.4,-1,-1,42,-1,-1,-1,6,-1,-1,-1,7,-1
AN08B015,ascending_neuron,vnc,ANm,480.6,848.3,28,-1,63,-1,52,-1,21,-1,-1,-1,16,-1
AN08B016,ascending_neuron,vnc,ANm,441.8,778.3,-1,-1,38,-1,62,-1,18,-1,-1,-1,11,-1
AN08B018,ascending_neuron,vnc,AVLP(L),475.7,845.7,-1,-1,2,-1,2,-1,8,-1,14,-1,1,-1
AN08B020,ascending_neuron,brain,LTct,450.1,802.3,-1,-1,28,-1,-1,-1,8,-1,67,-1,17,-1
AN08B022,ascending_neuron,vnc,LegNp(T3)(R),415.9,810.7,-1,-1,9,-1,44,-1,4,-1,69,-1,7,-1
AN08B023,ascending_neuron,vnc,LegNp(T3)(R),539.6,381.1,15,-1,23,-1,6,-1,22,-1,-1,-1,7,-1
AN08B024,ascending_neuron,vnc,AVLP(L),561.8,870.2,41,-1,3,-1,10,-1,9,-1,56,-1,16,-1
AN08B025,ascending_neuron,vnc,AVLP(L),323.8,201.6,7,-1,20,-1,-1,-1,12,-1,60,-1,15,-1
AN08B026,ascending_neuron,vnc,LegNp(T3)(R),460.0,896.8,66,-1,9,-1,-1,-1,4,-1,68,-1,3,-1
AN08B027,ascending_neuron,brain,VES(R),559.9,291.6,11,-1,59,-1,-1,68,11,-1,57,-1,11,-1
AN08B028,ascending_neuron,vnc,AVLP(L),563.9,775.4,-1,-1,18,-1,29,-1,9,-1,33,-1,14,-1
AN08B031,ascending_neuron,vnc,LegNp(T1)(L),646.4,812.1,-1,-1,14,-1,7,-1,20,-1,11,-1,15,-1
AN08B032,ascending_neuron,vnc,Ov(L),617.6,208.0,61,-1,67,-1,-1,-1,9,-1,-1,-1,16,-1
AN08B034,ascending_neuron,vnc,Ov(L),566.8,447.6,-1,-1,8,-1,14,-1,2,-1,40,-1,8,-1
AN08B035,ascending_neuron,vnc,WTct(UTct-T2)(R),460.0,373.3,11,-1,-1,-1,-1,-1,-1,-1,-1,-1,-1,41
AN08B041,ascending_neuron,vnc,LTct,439.0,243.7,-1,-1,-1,-1,-1,-1,-1,44,-1,-1,17,-1
AN08B043,ascending_neuron,vnc,LegNp(T1)(L),404.6,741.8,21,-1,-1,-1,47,-1,26,-1,48,-1,49,43
AN08B047,ascending_neuron,vnc,WTct(UTct-T2)(L),602.0,740.6,12,-1,-1,-1,-1,-1,-1,-1,-1,-1,-1,41
AN08B048,ascending_neuron,vnc,LTct,424.1,304.8,-1,-1,-1,66,-1,-1,24,-1,-1,-1,16,-1
AN08B049,ascending_neuron,vnc,LTct,544.0,753.8,-1,-1,-1,-1,34,-1,44,-1,-1,-1,15,-1
AN08B050,ascending_neuron,vnc,GNG,458.1,423.2,-1,-1,-1,-1,-1,-1,13,-1,-1,-1,18,-1
AN08B053,ascending_neuron,vnc,LegNp(T1)(L),572.7,792.7,-1,-1,-1,-1,-1,-1,-1,-1,-1,-1,30,-1
AN08B057,ascending_neuron,vnc,GNG,651.5,751.0,3,-1,-1,-1,-1,-1,14,-1,-1,-1,12,-1
AN08B059,ascending_neuron,vnc,LegNp(T1)(L),386.2,800.8,-1,-1,69,-1,25,-1,10,-1,25,-1,16,-1
AN08B061,ascending_neuron,vnc,LTct,509.9,791.2,-1,-1,46,-1,18,-1,59,-1,-1,-1,31,-1
AN08B066,ascending_neuron,vnc,Ov(L),603.6,777.2,-1,-1,-1,-1,-1,-1,21,-1,-1,-1,16,-1
AN08B069,ascending_neuron,vnc,LegNp(T1)(R),505.7,793.4,15,-1,-1,-1,56,-1,19,-1,-1,-1,12,-1
AN08B074,ascending_neuron,vnc,LTct,498.8,759.3,-1,-1,8,-1,38,-1,4,-1,24,-1,2,-1
AN08B079_a,ascending_neuron,vnc,IntTct,475.2,756.1,-1,-1,21,-1,35,-1,20,-1,-1,-1,19,-1
AN08B079_b,ascending_neuron,vnc,IntTct,521.5,740.2,8,-1,17,-1,17,-1,11,-1,40,-1,17,-1
AN08B081,ascending_neuron,vnc,LTct,497.5,821.9,-1,-1,-1,-1,55,-1,-1,-1,-1,-1,18,-1
AN08B084,ascending_neuron,brain,LTct,594.9,211.2,-1,-1,16,-1,60,-1,6,-1,25,-1,16,-1
AN08B086,ascending_neuron,vnc,GNG,611.0,703.3,-1,-1,-1,-1,57,-1,19,-1,-1,-1,11,-1
AN08B089,ascending_neuron,vnc,LTct,618.0,803.3,7,-1,-1,-1,-1,-1,-1,-1,-1,-1,28,-1
AN08B094,ascending_neuron,vnc,LTct,577.0,771.9,9,-1,-1,-1,-1,-1,-1,-1,-1,-1,-1,-1
AN08B095,ascending_neuron,vnc,LTct,494.0,774.4,-1,-1,-1,-1,-1,-1,-1,-1,-1,-1,-1,-1
AN08B096,ascending_neuron,vnc,LTct,524.9,386.6,-1,-1,-1,-1,-1,-1,-1,-1,-1,-1,-1,41
AN08B097,ascending_neuron,vnc,LTct,516.5,784.0,-1,-1,65,-1,-1,-1,18,-1,-1,-1,16,-1
AN08B098,ascending_neuron,vnc,LTct,561.8,782.3,-1,-1,55,-1,33,-1,21,-1,51,-1,17,-1
AN08B099_a,ascending_neuron,brain,LTct,500.7,802.0,-1,-1,-1,-1,-1,-1,-1,-1,-1,-1,-1,-1
AN08B099_b,ascending_neuron,vnc,LTct,581.3,774.3,27,-1,-1,-1,-1,-1,-1,-1,-1,-1,-1,-1
AN08B099_c,ascending_neuron,vnc,LTct,454.3,811.2,51,-1,-1,-1,63,-1,-1,-1,-1,-1,-1,-1
AN08B099_d,ascending_neuron,vnc,LTct,510.7,763.2,-1,-1,-1,-1,-1,-1,-1,-1,-1,-1,-1,-1
AN08B099_e,ascending_neuron,vnc,LTct,576.7,769.7,33,-1,-1,-1,-1,-1,-1,-1,48,-1,-1,43
AN08B099_f,ascending_neuron,vnc,LTct,519.2,752.4,43,-1,-1,-1,64,-1,-1,-1,28,-1,17,-1
AN08B099_g,ascending_neuron,vnc,GNG,510.3,792.8,-1,-1,-1,-1,-1,-1,-1,-1,-1,-1,17,-1
AN08B099_h,ascending_neuron,vnc,GNG,433.7,781.6,39,-1,-1,-1,58,-1,-1,-1,-1,-1,52,-1
AN08B099_i,ascending_neuron,vnc,LTct,527.9,768.7,51,-1,-1,-1,-1,-1,-1,-1,27,-1,-1,-1
AN08B099_j,ascending_neuron,vnc,GNG,557.2,779.6,-1,-1,-1,-1,-1,-1,-1,-1,67,-1,-1,-1
AN08B100,ascending_neuron,vnc,LTct,536.5,778.5,49,-1,-1,-1,41,-1,19,-1,-1,-1,13,-1
AN08B101,ascending_neuron,vnc,GNG,628.5,781.2,-1,-1,-1,59,32,-1,-1,-1,-1,-1,2,-1
AN08B102,ascending_neuron,vnc,LTct,404.4,721.5,-1,-1,-1,-1,-1,-1,-1,-1,-1,-1,-1,43
AN08B103,ascending_neuron,vnc,GNG,518.3,733.8,-1,-1,-1,-1,-1,-1,21,-1,-1,-1,18,-1
AN08B106,ascending_neuron,vnc,GNG,561.0,815.5,32,-1,-1,-1,-1,-1,11,-1,-1,-1,-1,37
AN08B107,ascending_neuron,vnc,LTct,528.7,789.8,23,-1,-1,-1,-1,-1,23,-1,-1,-1,20,-1
AN08B109,ascending_neuron,vnc,LTct,583.8,769.5,9,-1,-1,-1,-1,-1,-1,-1,-1,-1,18,-1
AN08B110,ascending_neuron,vnc,LTct,570.6,374.2,42,-1,-1,-1,-1,-1,21,-1,-1,-1,20,-1
AN08B111,ascending_neuron,brain,GNG,504.5,423.9,-1,-1,-1,-1,-1,-1,11,-1,31,-1,-1,37
AN08B112,ascending_neuron,brain,GNG,500.0,458.7,-1,-1,-1,-1,-1,-1,11,-1,-1,-1,-1,37
AN08B113,ascending_neuron,vnc,IntTct,468.6,406.9,-1,-1,-1,-1,-1,-1,22,-1,-1,-1,2,-1
AN09A005,ascending_neuron,brain,ANm,578.4,843.6,-1,-1,-1,-1,17,-1,11,-1,-1,-1,31,-1
AN09A007,ascending_neuron,vnc,LegNp(T2)(L),629.5,717.8,25,-1,17,-1,-1,-1,26,-1,-1,-1,10,-1
AN09B002,ascending_neuron,brain,LegNp(T1)(L),635.6,712.9,2,-1,29,-1,-1,-1,9,-1,48,-1,6,-1
AN09B003,ascending_neuron,vnc,LegNp(T2)(L),572.4,254.8,-1,-1,36,-1,17,-1,6,-1,33,-1,9,-1
AN09B004,ascending_neuron,vnc,LegNp(T3)(R),433.8,815.4,10,-1,2,-1,3,-1,2,-1,14,-1,4,-1
AN09B006,ascending_neuron,vnc,LegNp(T1)(L),647.1,798.8,-1,-1,42,-1,-1,-1,7,-1,-1,-1,11,-1
AN09B007,ascending_neuron,vnc,SAD,615.2,827.2,28,-1,17,-1,34,-1,1,-1,-1,-1,2,-1
AN09B009,ascending_neuron,vnc,ANm,493.0,784.5,27,-1,3,-1,2,-1,7,-1,-1,-1,1,-1
AN09B011,ascending_neuron,vnc,LegNp(T2)(L),439.2,892.5,46,-1,23,-1,-1,-1,6,-1,-1,-1,5,-1
AN09B012,ascending_neuron,vnc,Ov(L),501.5,797.7,42,-1,37,-1,28,-1,8,-1,47,-1,5,-1
AN09B013,ascending_neuron,vnc,Ov(L),559.5,799.0,67,-1,22,-1,13,-1,4,-1,-1,-1,2,-1
AN09B014,ascending_neuron,vnc,GNG,522.0,439.7,-1,-1,62,-1,16,-1,25,-1,-1,-1,13,-1
AN09B015,ascending_neuron,vnc,mVAC(T2)(L),305.6,214.4,-1,-1,22,-1,13,-1,18,-1,62,-1,7,-1
AN09B016,ascending_neuron,brain,AVLP(L),301.7,233.0,-1,-1,19,-1,-1,-1,6,-1,-1,-1,3,-1
AN09B017a,ascending_neuron,vnc,LegNp(T1)(L),601.1,729.3,-1,-1,32,-1,49,-1,13,-1,-1,-1,15,-1
AN09B017b,ascending_neuron,brain,LegNp(T1)(L),444.3,800.6,-1,-1,14,-1,48,-1,-1,-1,-1,-1,16,-1
AN09B017c,ascending_neuron,brain,LegNp(T1)(L),749.8,179.9,-1,-1,22,-1,59,-1,21,-1,-1,-1,8,-1
AN09B017d,ascending_neuron,vnc,LegNp(T1)(L),558.7,797.3,-1,-1,16,-1,38,-1,13,-1,-1,-1,16,-1
AN09B017e,ascending_neuron,brain,LegNp(T1)(L),486.1,292.0,28,-1,24,-1,49,-1,7,-1,-1,-1,7,-1
AN09B017f,ascending_neuron,brain,LegNp(T1)(R),464.7,124.7,25,-1,10,-1,42,-1,9,-1,30,-1,17,-1
AN09B017g,ascending_neuron,vnc,LegNp(T1)(L),446.7,300.4,-1,-1,7,-1,25,-1,20,-1,-1,-1,9,-1
AN09B018,ascending_neuron,vnc,ANm,442.3,690.3,31,-1,5,-1,2,-1,4,-1,54,-1,1,-1
AN09B019,ascending_neuron,vnc,LegNp(T3)(R),464.1,798.3,67,-1,13,-1,30,-1,3,-1,-1,-1,4,-1
AN09B020,ascending_neuron,vnc,GNG,489.2,393.4,10,-1,47,-1,10,-1,-1,-1,-1,-1,3,-1
AN09B021,ascending_neuron,vnc,Ov(L),636.2,798.4,15,-1,66,-1,-1,-1,-1,-1,-1,-1,16,-1
AN09B023,ascending_neuron,vnc,ANm,528.6,863.7,-1,-1,4,-1,3,-1,5,-1,-1,-1,1,-1
AN09B024,ascending_neuron,vnc,Ov(R),446.5,777.5,-1,-1,11,-1,16,-1,7,-1,29,-1,2,-1
AN09B026,ascending_neuron,brain,SAD,479.0,368.2,61,-1,21,-1,-1,-1,2,-1,-1,-1,6,-1
AN09B027,ascending_neuron,vnc,Ov(L),551.5,829.4,-1,-1,38,-1,60,-1,8,-1,-1,-1,12,-1
AN09B028,ascending_neuron,vnc,LegNp(T2)(L),468.4,866.9,-1,-1,-1,-1,-1,-1,20,-1,-1,-1,18,-1
AN09B029,ascending_neuron,vnc,Ov(L),526.9,819.3,-1,-1,21,-1,23,-1,3,-1,-1,-1,3,-1
AN09B030,ascending_neuron,vnc,Ov(R),655.6,827.0,-1,-1,44,-1,55,-1,20,-1,-1,-1,15,-1
AN09B031,ascending_neuron,brain,GNG,518.1,408.0,-1,-1,35,-1,-1,-1,4,-1,-1,-1,18,-1
AN09B032,ascending_neuron,vnc,LegNp(T3)(R),635.0,789.5,11,-1,30,-1,22,-1,20,-1,-1,-1,16,-1
AN09B033,ascending_neuron,brain,GNG,451.6,401.4,-1,-1,26,-1,20,-1,5,-1,-1,-1,2,-1
AN09B034,ascending_neuron,vnc,GNG,482.3,430.1,36,-1,43,-1,-1,-1,6,-1,52,-1,15,-1
AN09B035,ascending_neuron,vnc,LegNp(T3)(R),606.6,814.8,37,-1,32,-1,-1,-1,23,-1,-1,-1,4,-1
AN09B036,ascending_neuron,vnc,Ov(L),505.3,805.5,14,-1,-1,48,36,-1,7,-1,-1,-1,2,-1
AN09B037,ascending_neuron,vnc,ANm,569.5,774.0,-1,-1,-1,-1,15,-1,15,-1,-1,-1,11,-1
AN09B040,ascending_neuron,vnc,LegNp(T3)(R),597.9,902.5,-1,-1,32,-1,-1,-1,19,-1,-1,-1,18,-1
AN09B042,ascending_neuron,vnc,ANm,555.3,872.7,-1,-1,-1,-1,-1,-1,14,-1,-1,-1,-1,-1
AN09B044,ascending_neuron,vnc,LegNp(T3)(L),658.2,803.6,-1,-1,-1,-1,-1,-1,22,-1,-1,-1,18,-1
AN09B059,ascending_neuron,brain,GNG,669.8,61.7,64,-1,42,-1,-1,-1,12,-1,-1,-1,9,-1
AN09B060,ascending_neuron,vnc,LegNp(T2)(L),581.9,877.9,51,-1,4,-1,13,-1,3,-1,-1,-1,6,-1
AN10B005,ascending_neuron,brain,LTct,659.2,303.5,55,-1,16,-1,22,-1,2,-1,51,-1,3,-1
AN10B008,ascending_neuron,vnc,GNG,542.4,748.6,57,-1,54,-1,56,-1,10,-1,58,-1,14,-1
AN10B009,ascending_neuron,vnc,LegNp(T1)(L),601.6,378.0,7,-1,30,-1,62,-1,18,-1,-1,-1,3,-1
AN10B015,ascending_neuron,vnc,LTct,477.3,845.7,13,-1,6,-1,64,-1,8,-1,-1,-1,1,-1
AN10B017,ascending_neuron,brain,IntTct,622.4,325.9,47,-1,9,-1,53,-1,3,-1,-1,-1,19,-1
AN10B018,ascending_neuron,vnc,LegNp(T3)(R),434.8,912.5,-1,-1,-1,-1,51,-1,3,-1,45,-1,7,-1
AN10B019,ascending_neuron,vnc,mVAC(T2)(R),490.2,788.4,67,-1,37,-1,5,-1,18,-1,5,-1,4,-1
AN10B020,ascending_neuron,vnc,mVAC(T2)(L),555.3,878.6,69,-1,5,-1,6,-1,10,-1,31,-1,16,-1
AN10B021,ascending_neuron,vnc,LegNp(T2)(L),459.5,822.0,-1,-1,-1,-1,-1,-1,4,-1,47,-1,3,-1
AN10B022,ascending_neuron,vnc,mVAC(T2)(L),432.9,849.6,48,-1,7,-1,9,-1,10,-1,51,-1,15,-1
AN10B024,ascending_neuron,vnc,LegNp(T3)(L),610.6,797.9,-1,-1,13,-1,-1,-1,5,-1,-1,-1,4,-1
AN10B025,ascending_neuron,vnc,LegNp(T1)(L),509.6,420.9,16,-1,-1,-1,-1,-1,23,-1,-1,-1,16,-1
AN10B026,ascending_neuron,brain,LegNp(T1)(L),757.1,244.2,-1,-1,31,-1,-1,-1,8,-1,-1,-1,15,-1
AN10B027,ascending_neuron,vnc,AVLP(L),332.4,195.6,27,-1,12,-1,44,-1,8,-1,53,-1,17,-1
AN10B029,ascending_neuron,vnc,AVLP(L),576.5,849.3,-1,-1,8,-1,60,-1,19,-1,-1,-1,16,-1
AN10B031,ascending_neuron,vnc,LegNp(T1)(L),621.3,710.8,33,-1,-1,-1,-1,-1,-1,-1,-1,-1,59,-1
AN10B033,ascending_neuron,vnc,mVAC(T2)(R),330.2,226.7,-1,-1,38,-1,51,-1,18,-1,-1,-1,17,-1
AN10B034,ascending_neuron,vnc,LegNp(T3)(R),480.2,792.1,-1,-1,67,-1,-1,-1,18,-1,-1,-1,3,-1
AN10B035,ascending_neuron,vnc,LegNp(T3)(L),583.8,822.2,-1,-1,50,-1,-1,-1,10,-1,-1,-1,15,-1
AN10B037,ascending_neuron,vnc,LegNp(T2)(R),583.1,860.0,-1,-1,29,-1,65,-1,6,-1,-1,-1,11,-1
AN10B039,ascending_neuron,vnc,LegNp(T3)(R),584.6,831.0,-1,-1,31,-1,28,-1,21,-1,-1,-1,20,-1
AN10B045,ascending_neuron,vnc,AVLP(L),280.8,238.6,16,-1,6,-1,55,-1,3,-1,57,-1,9,-1
AN10B046,ascending_neuron,vnc,GNG,536.6,801.8,52,-1,58,-1,-1,-1,19,-1,-1,-1,12,-1
AN10B047,ascending_neuron,vnc,LegNp(T3)(R),522.3,798.3,67,-1,8,-1,-1,-1,8,-1,-1,-1,8,-1
AN10B048,ascending_neuron,vnc,mVAC(T1)(L),415.4,813.5,-1,-1,-1,-1,-1,-1,18,-1,58,-1,17,-1
AN10B053,ascending_neuron,vnc,AVLP(R),550.0,844.6,-1,-1,11,-1,61,-1,8,-1,-1,-1,14,-1
AN10B061,ascending_neuron,vnc,LegNp(T1)(L),579.5,804.5,-1,-1,-1,-1,-1,-1,-1,-1,-1,-1,18,-1
AN10B062,ascending_neuron,vnc,LegNp(T3)(R),484.8,913.7,48,-1,-1,-1,-1,-1,-1,-1,-1,-1,19,-1
AN11B008,ascending_neuron,vnc,IntTct,532.5,775.5,-1,-1,47,-1,-1,-1,17,-1,-1,-1,33,-1
AN11B012,ascending_neuron,vnc,IntTct,555.3,732.4,-1,-1,63,-1,-1,-1,-1,24,-1,-1,42,-1
AN12A003,ascending_neuron,vnc,LegNp(T3)(L),443.7,318.0,50,-1,47,-1,23,-1,19,-1,45,-1,5,-1
AN12A017,ascending_neuron,vnc,GNG,600.0,370.8,-1,-1,-1,-1,-1,-1,15,-1,-1,-1,31,-1
AN12B001,ascending_neuron,vnc,SAD,560.8,838.7,-1,-1,13,-1,68,-1,2,-1,-1,-1,1,-1
AN12B004,ascending_neuron,vnc,mVAC(T3)(R),483.1,779.5,-1,-1,2,-1,9,-1,5,-1,-1,-1,1,-1
AN12B005,ascending_neuron,vnc,LegNp(T3)(L),450.6,805.3,34,-1,23,-1,7,-1,5,-1,7,-1,4,-1
AN12B006,ascending_neuron,vnc,mVAC(T2)(R),580.2,785.1,-1,-1,15,-1,6,-1,19,-1,33,-1,16,-1
AN12B008,ascending_neuron,vnc,LegNp(T2)(L),457.0,791.6,64,-1,13,-1,19,-1,10,-1,27,-1,8,-1
AN12B011,ascending_neuron,vnc,LegNp(T1)(L),369.2,751.4,7,-1,53,-1,-1,-1,13,-1,-1,-1,13,-1
AN12B017,ascending_neuron,vnc,GNG,433.3,898.5,49,-1,11,-1,-1,-1,18,-1,-1,-1,2,-1
AN12B019,ascending_neuron,vnc,GNG,580.6,246.6,-1,-1,10,-1,38,-1,3,-1,-1,-1,8,-1
AN12B055,ascending_neuron,vnc,GNG,473.8,745.1,-1,-1,44,-1,-1,-1,55,-1,-1,-1,9,-1
AN12B060,ascending_neuron,vnc,LegNp(T1)(L),625.6,720.0,40,-1,31,-1,-1,-1,26,-1,-1,-1,9,-1
AN12B076,ascending_neuron,brain,GNG,543.0,397.4,-1,-1,-1,-1,-1,-1,23,-1,-1,-1,-1,60
AN12B080,ascending_neuron,vnc,GNG,434.8,385.8,22,-1,-1,69,-1,-1,24,-1,-1,-1,-1,60
AN12B089,ascending_neuron,vnc,GNG,518.6,781.2,26,-1,61,-1,-1,-1,61,-1,-1,-1,16,-1
AN13B002,ascending_neuron,vnc,Ov(R),599.5,920.4,21,-1,6,-1,2,-1,9,-1,-1,-1,2,-1
AN14A003,ascending_neuron,vnc,LegNp(T3)(L),444.9,722.0,9,-1,7,-1,6,-1,18,-1,9,-1,10,-1
AN14B012,ascending_neuron,vnc,LegNp(T1)(L),639.8,778.0,43,-1,-1,-1,68,-1,22,-1,-1,-1,-1,43
AN16B078_a,ascending_neuron,brain,GNG,551.6,694.8,-1,-1,-1,-1,-1,-1,-1,-1,-1,-1,57,37
AN16B078_b,ascending_neuron,vnc,IntTct,561.6,782.1,24,-1,-1,-1,-1,-1,-1,-1,-1,-1,-1,37
AN16B078_c,ascending_neuron,brain,GNG,455.3,379.5,-1,-1,43,-1,-1,-1,15,-1,47,-1,35,-1
AN16B078_d,ascending_neuron,brain,GNG,548.3,449.3,24,-1,38,-1,-1,-1,16,-1,58,-1,36,-1
AN16B081,ascending_neuron,vnc,IntTct,479.2,668.3,-1,-1,-1,-1,-1,-1,-1,-1,-1,-1,-1,43
AN16B112,ascending_neuron,brain,GNG,483.8,405.1,15,-1,-1,-1,-1,-1,16,-1,-1,-1,36,-1
AN16B116,ascending_neuron,brain,GNG,541.3,382.2,-1,-1,-1,-1,-1,-1,25,-1,-1,-1,-1,37
AN17A002,ascending_neuron,vnc,LegNp(T3)(R),633.6,873.3,-1,-1,7,-1,13,-1,2,-1,35,-1,10,-1
AN17A003,ascending_neuron,vnc,Ov(L),646.2,823.2,68,-1,3,-1,3,-1,18,-1,-1,-1,1,-1
AN17A004,ascending_neuron,vnc,Ov(L),567.5,792.8,31,-1,17,-1,11,-1,22,-1,-1,-1,1,-1
AN17A008,ascending_neuron,vnc,GNG,629.7,786.5,25,-1,6,-1,31,-1,2,-1,22,-1,2,-1
AN17A009,ascending_neuron,vnc,LegNp(T3)(R),594.1,824.7,19,-1,-1,-1,50,-1,23,-1,48,-1,19,-1
AN17A012,ascending_neuron,vnc,ANm,449.4,386.4,2,-1,7,-1,23,-1,19,-1,-1,-1,3,-1
AN17A013,ascending_neuron,vnc,LegNp(T2)(R),458.1,793.3,-1,-1,7,-1,11,-1,21,-1,-1,-1,4,-1
AN17A014,ascending_neuron,vnc,LegNp(T3)(R),493.0,853.7,50,-1,3,-1,19,-1,9,-1,-1,-1,4,-1
AN17A015,ascending_neuron,vnc,LegNp(T3)(R),642.8,715.2,-1,-1,3,-1,9,-1,7,-1,-1,-1,2,-1
AN17A018,ascending_neuron,vnc,LegNp(T3)(R),606.3,836.8,20,-1,4,-1,12,-1,7,-1,-1,-1,1,-1
AN17A024,ascending_neuron,vnc,LegNp(T3)(R),498.3,861.3,5,-1,5,-1,6,-1,18,-1,-1,-1,1,-1
AN17A026,ascending_neuron,brain,VES(R),593.0,815.0,64,-1,43,-1,-1,-1,6,-1,-1,-1,1,-1
AN17A031,ascending_neuron,vnc,Ov(L),599.3,820.7,47,-1,-1,-1,41,-1,23,-1,-1,-1,14,-1
AN17A047,ascending_neuron,vnc,GNG,468.5,782.6,-1,-1,-1,-1,-1,-1,-1,-1,-1,-1,17,-1
AN17A050,ascending_neuron,brain,GNG,480.4,792.5,65,-1,53,-1,62,-1,7,-1,-1,-1,5,-1
AN17A062,ascending_neuron,vnc,LegNp(T2)(L),446.0,817.4,35,-1,7,-1,23,-1,1,-1,-1,-1,9,-1
AN17A068,ascending_neuron,vnc,Ov(L),496.0,898.2,65,-1,-1,-1,-1,-1,-1,-1,-1,-1,6,-1
AN17A073,ascending_neuron,vnc,LTct,546.6,757.4,-1,-1,-1,-1,-1,-1,47,-1,-1,-1,18,-1
AN17A076,ascending_neuron,brain,GNG,467.4,360.6,-1,-1,19,-1,7,-1,20,-1,-1,-1,2,-1
AN17B002,ascending_neuron,brain,SAD,597.6,690.4,-1,-1,25,-1,29,-1,2,-1,-1,-1,2,-1
AN17B005,ascending_neuron,vnc,Ov(L),457.9,681.3,-1,-1,50,-1,21,-1,3,-1,53,-1,2,-1
AN17B007,ascending_neuron,vnc,LegNp(T3)(R),433.8,805.1,20,-1,15,-1,-1,-1,7,-1,-1,-1,2,-1
AN17B008,ascending_neuron,vnc,LegNp(T3)(L),478.9,868.4,-1,-1,4,-1,29,-1,1,-1,6,-1,7,-1
AN17B009,ascending_neuron,vnc,AVLP(R),593.5,812.8,13,-1,45,-1,37,-1,8,-1,64,-1,15,-1
AN17B011,ascending_neuron,vnc,mVAC(T2)(L),757.1,183.9,58,-1,22,-1,-1,-1,6,-1,-1,-1,4,-1
AN17B012,ascending_neuron,vnc,Ov(L),753.3,263.2,-1,-1,39,-1,65,-1,7,-1,-1,-1,14,-1
AN17B013,ascending_neuron,vnc,SAD,497.8,769.7,-1,-1,-1,-1,32,-1,4,-1,49,-1,9,-1
AN17B016,ascending_neuron,brain,AVLP(L),737.9,240.2,-1,-1,19,-1,-1,-1,2,-1,53,-1,4,-1
AN18B001,ascending_neuron,vnc,LTct,658.9,717.4,6,-1,10,-1,7,-1,9,-1,37,-1,14,-1
AN18B002,ascending_neuron,vnc,ANm,544.4,420.5,18,-1,-1,64,35,-1,22,-1,-1,-1,12,-1
AN18B003,ascending_neuron,vnc,LegNp(T3)(L),455.3,882.9,24,-1,23,-1,27,-1,53,-1,39,-1,40,-1
AN18B004,ascending_neuron,vnc,LTct,507.0,768.8,-1,-1,20,-1,15,-1,19,-1,-1,-1,2,-1
AN18B019,ascending_neuron,vnc,GNG,581.3,924.1,-1,-1,16,-1,-1,-1,6,-1,-1,-1,3,-1
AN18B020,ascending_neuron,vnc,IntTct,578.8,668.5,33,-1,-1,-1,33,-1,24,-1,32,-1,20,-1
AN18B022,ascending_neuron,brain,LegNp(T2)(L),484.9,428.5,5,-1,68,-1,-1,-1,13,-1,-1,-1,5,-1
AN18B023,ascending_neuron,vnc,GNG,491.8,773.4,69,-1,20,-1,-1,-1,14,-1,59,-1,30,-1
AN18B025,ascending_neuron,vnc,IntTct,477.3,679.6,-1,-1,58,-1,65,-1,14,-1,47,-1,15,-1
AN18B032,ascending_neuron,vnc,LTct,449.4,821.9,49,-1,29,-1,17,-1,-1,-1,39,-1,4,-1
AN18B053,ascending_neuron,vnc,LTct,485.1,740.8,47,-1,17,-1,12,-1,18,-1,38,-1,7,-1
AN19A018,ascending_neuron,vnc,ANm,563.6,936.5,32,-1,2,-1,-1,34,2,-1,-1,-1,8,-1
AN19A019,ascending_neuron,vnc,LegNp(T1)(L),631.9,816.3,-1,-1,-1,-1,-1,-1,11,-1,-1,-1,7,-1
AN19A038,ascending_neuron,brain,SAD,750.4,236.5,9,-1,9,-1,-1,-1,4,-1,-1,-1,2,-1
AN19B001,ascending_neuron,vnc,LTct,493.5,756.9,45,-1,2,-1,3,-1,1,-1,4,-1,1,-1
AN19B004,ascending_neuron,vnc,LegNp(T1)(L),484.5,745.3,5,-1,-1,-1,39,-1,-1,-1,62,-1,-1,43
AN19B009,ascending_neuron,vnc,LegNp(T1)(L),557.5,402.6,-1,-1,59,-1,42,-1,58,-1,22,-1,14,-1
AN19B010,ascending_neuron,vnc,LegNp(T3)(L),480.9,856.0,-1,-1,9,-1,17,-1,5,-1,-1,-1,7,-1
AN19B014,ascending_neuron,vnc,GNG,495.8,801.2,63,-1,27,-1,-1,-1,19,-1,-1,-1,5,-1
AN19B015,ascending_neuron,vnc,LegNp(T1)(L),435.1,331.2,22,-1,42,-1,-1,-1,19,-1,-1,-1,4,-1
AN19B017,ascending_neuron,brain,LTct,540.5,784.7,48,-1,9,-1,37,-1,1,-1,57,-1,2,-1
AN19B018,ascending_neuron,vnc,LegNp(T1)(R),581.8,853.3,-1,-1,43,-1,61,-1,21,-1,-1,-1,5,-1
AN19B019,ascending_neuron,brain,IntTct,654.2,71.8,68,-1,4,-1,28,-1,1,-1,-1,-1,1,-1
AN19B022,ascending_neuron,vnc,ANm,571.7,769.0,-1,-1,-1,-1,-1,-1,16,-1,-1,-1,-1,28
AN19B024,ascending_neuron,vnc,WTct(UTct-T2)(L),466.6,440.8,10,-1,14,-1,-1,-1,1,-1,-1,-1,2,-1
AN19B025,ascending_neuron,vnc,LTct,553.2,706.3,13,-1,13,-1,62,-1,18,-1,-1,-1,3,-1
AN19B028,ascending_neuron,vnc,LTct,545.8,817.5,-1,-1,-1,-1,-1,-1,20,-1,-1,-1,11,-1
AN19B032,ascending_neuron,vnc,Ov(L),496.1,778.2,17,-1,-1,55,-1,-1,9,-1,-1,-1,17,-1
AN19B036,ascending_neuron,vnc,AVLP(R),482.3,877.3,13,-1,14,-1,-1,-1,11,-1,55,-1,9,-1
AN19B039,ascending_neuron,vnc,HTct(UTct-T3)(L),583.8,766.7,25,-1,31,-1,48,-1,22,-1,-1,-1,14,-1
AN19B042,ascending_neuron,vnc,GNG,479.4,921.4,-1,-1,-1,-1,-1,-1,11,-1,-1,-1,12,-1
AN19B044,ascending_neuron,brain,GNG,556.8,446.5,46,-1,13,-1,67,-1,21,-1,-1,-1,7,-1
AN19B046,ascending_neuron,vnc,HTct(UTct-T3)(L),566.8,728.4,-1,-1,62,-1,-1,-1,-1,-1,-1,-1,17,-1
AN19B049,ascending_neuron,brain,IntTct,454.8,692.4,17,-1,28,-1,-1,-1,3,-1,-1,-1,5,-1
AN19B051,ascending_neuron,vnc,ANm,463.2,787.7,48,-1,-1,-1,-1,-1,22,-1,-1,-1,7,-1
AN19B059,ascending_neuron,vnc,HTct(UTct-T3)(R),532.7,344.4,18,-1,36,-1,30,-1,-1,-1,-1,-1,4,-1
AN19B060,ascending_neuron,vnc,HTct(UTct-T3)(L),495.7,775.7,14,-1,54,-1,-1,-1,-1,-1,-1,-1,15,-1
AN19B061,ascending_neuron,vnc,HTct(UTct-T3)(L),447.2,724.1,35,-1,-1,-1,58,-1,-1,-1,40,-1,20,-1
AN19B063,ascending_neuron,vnc,HTct(UTct-T3)(R),499.4,768.4,42,-1,-1,-1,53,-1,-1,-1,46,-1,21,-1
AN19B065,ascending_neuron,vnc,HTct(UTct-T3)(R),564.5,768.3,-1,-1,-1,-1,-1,-1,49,-1,42,-1,16,-1
AN19B076,ascending_neuron,vnc,HTct(UTct-T3)(L),499.7,722.9,63,-1,-1,-1,-1,-1,-1,-1,61,-1,20,-1
AN19B079,ascending_neuron,vnc,HTct(UTct-T3)(R),593.6,790.7,3,-1,-1,-1,48,-1,15,-1,45,-1,22,-1
AN19B093,ascending_neuron,vnc,HTct(UTct-T3)(R),593.6,750.0,38,-1,50,-1,-1,-1,19,-1,-1,-1,19,-1
AN19B098,ascending_neuron,vnc,HTct(UTct-T3)(R),591.0,797.0,-1,-1,-1,-1,-1,-1,22,-1,-1,-1,15,-1
AN19B099,ascending_neuron,vnc,HTct(UTct-T3)(R),516.6,787.3,-1,-1,-1,-1,61,-1,23,-1,-1,-1,1,-1
AN19B100,ascending_neuron,vnc,HTct(UTct-T3)(R),570.8,728.2,-1,-1,-1,-1,-1,-1,23,-1,48,-1,22,-1
AN19B101,ascending_neuron,vnc,IntTct,520.2,790.3,-1,-1,25,-1,19,-1,14,-1,39,-1,21,-1
AN19B102,ascending_neuron,vnc,HTct(UTct-T3)(L),526.9,791.5,-1,-1,-1,-1,-1,-1,-1,-1,-1,-1,-1,43
AN19B104,ascending_neuron,vnc,IntTct,496.1,733.6,15,-1,52,-1,-1,-1,17,-1,-1,-1,20,-1
AN19B106,ascending_neuron,vnc,IntTct,561.5,409.5,66,-1,-1,-1,-1,-1,22,-1,-1,-1,18,-1
AN23B001,ascending_neuron,vnc,Ov(L),461.4,792.4,-1,-1,27,-1,14,-1,21,-1,-1,-1,3,-1
AN23B002,ascending_neuron,vnc,Ov(R),450.1,801.8,-1,-1,9,-1,4,-1,20,-1,-1,-1,2,-1
AN23B003,ascending_neuron,vnc,ANm,510.0,939.0,44,-1,47,-1,14,-1,20,-1,39,-1,3,-1
AN23B004,ascending_neuron,vnc,GNG,605.0,811.2,11,-1,-1,-1,54,-1,16,-1,9,-1,15,-1
AN23B010,ascending_neuron,vnc,GNG,662.9,747.1,4,-1,51,-1,-1,-1,11,-1,-1,-1,15,-1
AN23B026,ascending_neuron,vnc,AVLP(L),560.5,849.1,-1,-1,-1,-1,-1,-1,10,-1,65,-1,17,-1
AN26X004,ascending_neuron,brain,GNG,520.0,373.9,33,-1,-1,-1,-1,-1,23,-1,-1,-1,-1,37
AN27X003,ascending_neuron,vnc,GNG,460.6,857.4,1,-1,-1,-1,-1,-1,-1,59,-1,-1,49,39
AN27X004,ascending_neuron,vnc,ANm,497.0,758.2,-1,-1,-1,-1,22,-1,20,-1,-1,-1,35,-1
AN27X008,ascending_neuron,vnc,GNG,611.3,673.5,44,-1,57,-1,55,-1,8,-1,-1,-1,34,-1
AN27X009,ascending_neuron,vnc,WTct(UTct-T2)(L),612.9,745.1,-1,-1,8,-1,15,-1,1,-1,23,-1,3,-1
AN27X011,ascending_neuron,vnc,LegNp(T1)(L),661.8,718.6,-1,-1,32,-1,-1,-1,18,-1,-1,-1,5,-1
AN27X013,ascending_neuron,brain,GNG,437.5,314.8,10,-1,-1,-1,-1,-1,15,-1,-1,-1,31,-1
AN27X015,ascending_neuron,brain,IntTct,608.1,257.3,7,-1,14,-1,39,-1,1,-1,35,-1,1,-1
AN27X016,ascending_neuron,brain,IntTct,589.9,700.0,-1,-1,35,-1,38,-1,20,-1,-1,-1,16,-1
AN27X017,ascending_neuron,brain,ANm,472.0,293.7,7,-1,29,-1,30,-1,16,-1,-1,-1,8,-1
AN27X018,ascending_neuron,brain,PRW,489.2,324.4,63,-1,7,-1,7,-1,14,-1,22,-1,6,-1
AN27X019,ascending_neuron,vnc,ANm,512.1,766.9,-1,-1,-1,-1,-1,-1,11,-1,69,-1,10,-1
AN27X020,ascending_neuron,brain,GNG,467.2,473.0,34,-1,31,-1,25,-1,10,-1,59,-1,10,-1
AN27X021,ascending_neuron,brain,GNG,506.3,317.2,-1,-1,48,-1,14,-1,7,-1,36,-1,9,-1
AN27X022,ascending_neuron,brain,GNG,521.9,410.1,-1,-1,-1,-1,69,-1,-1,-1,-1,-1,5,-1
AN27X024,ascending_neuron,brain,PRW,515.3,796.6,43,-1,14,-1,32,-1,21,-1,65,-1,7,-1
ANXXX002,ascending_neuron,vnc,LTct,493.4,733.1,10,-1,11,-1,5,-1,3,-1,3,-1,4,-1
ANXXX005,ascending_neuron,vnc,GNG,468.5,835.5,-1,-1,-1,-1,54,-1,-1,65,-1,-1,31,-1
ANXXX006,ascending_neuron,vnc,LegNp(T1)(L),386.5,749.4,39,-1,9,-1,14,-1,6,-1,4,-1,5,-1
ANXXX007,ascending_neuron,vnc,mVAC(T3)(R),491.2,792.9,25,-1,3,-1,18,-1,18,-1,-1,-1,9,-1
ANXXX008,ascending_neuron,vnc,LegNp(T1)(L),472.1,756.9,49,-1,-1,-1,-1,-1,-1,55,-1,-1,-1,37
ANXXX013,ascending_neuron,vnc,Ov(L),553.6,810.9,-1,-1,19,-1,5,-1,-1,52,-1,-1,25,-1
ANXXX023,ascending_neuron,vnc,IntTct,573.5,711.1,-1,-1,34,-1,38,-1,5,-1,40,-1,15,-1
ANXXX024,ascending_neuron,vnc,LegNp(T3)(R),648.4,904.2,7,-1,47,-1,7,-1,-1,-1,-1,-1,7,-1
ANXXX026,ascending_neuron,vnc,LegNp(T1)(L),567.3,766.5,46,-1,-1,-1,-1,-1,11,-1,-1,-1,6,-1
ANXXX027,ascending_neuron,vnc,ANm,527.2,867.6,-1,-1,2,-1,2,-1,2,-1,-1,-1,1,-1
ANXXX030,ascending_neuron,vnc,LegNp(T3)(R),608.6,917.2,5,-1,43,-1,69,-1,4,-1,-1,-1,5,-1
ANXXX033,ascending_neuron,vnc,ANm,581.5,718.2,-1,-1,-1,-1,27,-1,1,-1,19,-1,1,-1
ANXXX037,ascending_neuron,vnc,LegNp(T3)(R),439.8,846.1,25,-1,39,-1,48,-1,-1,-1,-1,-1,60,-1
ANXXX041,ascending_neuron,vnc,LegNp(T1)(L),465.6,768.6,16,-1,21,-1,14,-1,6,-1,13,-1,7,-1
ANXXX049,ascending_neuron,vnc,LegNp(T3)(L),577.6,832.1,44,-1,10,-1,18,-1,5,-1,56,-1,6,-1
ANXXX050,ascending_neuron,vnc,ANm,549.6,796.6,16,-1,37,-1,43,-1,6,-1,-1,-1,10,-1
ANXXX055,ascending_neuron,vnc,ANm,509.8,862.2,-1,-1,15,-1,12,-1,6,-1,-1,-1,1,-1
ANXXX057,ascending_neuron,vnc,Ov(L),559.7,776.1,43,-1,27,-1,17,-1,2,-1,-1,-1,1,-1
ANXXX068,ascending_neuron,vnc,ANm,555.3,758.0,22,-1,15,-1,57,-1,18,-1,-1,-1,3,-1
ANXXX071,ascending_neuron,vnc,GNG,547.6,445.6,-1,-1,35,-1,55,-1,18,-1,-1,-1,5,-1
ANXXX072,ascending_neuron,vnc,LegNp(T1)(L),575.6,745.2,10,-1,-1,-1,-1,-1,20,-1,44,-1,7,-1
ANXXX074,ascending_neuron,vnc,ANm,502.8,774.0,-1,-1,-1,59,33,-1,-1,-1,-1,-1,8,-1
ANXXX075,ascending_neuron,vnc,LegNp(T2)(L),721.2,190.2,65,-1,6,-1,32,-1,4,-1,-1,-1,14,-1
ANXXX082,ascending_neuron,vnc,LegNp(T3)(R),487.5,888.5,3,-1,53,-1,-1,-1,5,-1,-1,-1,6,-1
ANXXX084,ascending_neuron,vnc,ANm,527.8,761.0,-1,-1,2,-1,3,-1,1,-1,35,-1,1,-1
ANXXX086,ascending_neuron,vnc,LegNp(T3)(R),510.3,877.9,24,-1,18,-1,8,-1,54,-1,62,-1,35,-1
ANXXX092,ascending_neuron,vnc,LegNp(T2)(L),468.5,947.4,51,-1,-1,38,22,-1,25,-1,-1,-1,30,-1
ANXXX093,ascending_neuron,vnc,Ov(L),426.9,805.0,-1,-1,34,-1,6,-1,7,-1,-1,-1,9,-1
ANXXX094,ascending_neuron,brain,LegNp(T3)(L),556.9,297.5,-1,-1,13,-1,-1,-1,1,-1,-1,-1,2,-1
ANXXX098,ascending_neuron,vnc,AVLP(L),566.3,838.9,64,-1,3,-1,4,-1,11,-1,21,-1,15,-1
ANXXX099,ascending_neuron,vnc,ANm,499.4,848.6,-1,-1,34,-1,43,-1,23,-1,64,-1,7,-1
ANXXX102,ascending_neuron,brain,AVLP(L),571.4,396.3,25,-1,21,-1,68,-1,7,-1,-1,-1,11,-1
ANXXX106,ascending_neuron,vnc,GNG,588.6,333.8,5,-1,-1,-1,48,-1,5,-1,63,-1,3,-1
ANXXX108,ascending_neuron,vnc,SAD,603.1,306.3,-1,-1,20,-1,-1,-1,3,-1,28,-1,34,-1
ANXXX109,ascending_neuron,vnc,LegNp(T1)(L),583.6,320.6,-1,-1,-1,-1,-1,-1,7,-1,58,-1,15,-1
ANXXX116,ascending_neuron,vnc,ANm,531.2,780.0,-1,-1,15,-1,22,-1,2,-1,57,-1,7,-1
ANXXX120,ascending_neuron,vnc,AVLP(L),716.7,276.3,19,-1,7,-1,20,-1,18,-1,50,-1,14,-1
ANXXX127,ascending_neuron,brain,LegNp(T2)(L),469.6,306.5,-1,-1,50,-1,49,-1,3,-1,-1,-1,16,-1
ANXXX130,ascending_neuron,vnc,IntTct,538.0,733.8,51,-1,55,-1,34,-1,10,-1,-1,-1,18,-1
ANXXX131,ascending_neuron,vnc,GNG,492.8,442.6,49,-1,-1,-1,67,-1,14,-1,42,-1,12,-1
ANXXX132,ascending_neuron,vnc,ANm,463.0,928.4,31,-1,-1,-1,-1,-1,3,-1,-1,-1,4,-1
ANXXX136,ascending_neuron,vnc,ANm,563.8,782.2,35,-1,11,-1,15,-1,23,-1,-1,-1,6,-1
ANXXX139,ascending_neuron,vnc,GNG,641.2,791.3,56,-1,50,-1,-1,-1,21,-1,-1,-1,13,-1
ANXXX144,ascending_neuron,vnc,ANm,507.8,769.8,3,-1,50,-1,-1,-1,19,-1,-1,-1,18,-1
ANXXX145,ascending_neuron,vnc,LegNp(T3)(L),591.3,883.4,3,-1,4,-1,25,-1,3,-1,38,-1,9,-1
ANXXX150,ascending_neuron,vnc,ANm,509.8,801.5,17,-1,28,-1,28,-1,3,-1,61,-1,17,-1
ANXXX151,ascending_neuron,vnc,Ov(R),598.9,889.2,39,-1,23,-1,10,-1,7,-1,-1,-1,9,-1
ANXXX152,ascending_neuron,vnc,ANm,557.5,805.0,2,-1,37,-1,52,-1,7,-1,-1,-1,17,-1
ANXXX154,ascending_neuron,vnc,LegNp(T1)(L),592.3,812.8,11,-1,68,-1,-1,-1,10,-1,68,-1,9,-1
ANXXX157,vnc_intrinsic,vnc,mVAC(T1)(L),603.0,796.5,-1,-1,-1,-1,56,-1,12,-1,-1,-1,-1,-1
ANXXX165,ascending_neuron,vnc,ANm,687.0,299.6,23,-1,29,-1,-1,-1,18,-1,-1,-1,4,-1
ANXXX169,ascending_neuron,vnc,ANm,553.9,777.6,-1,-1,9,-1,5,-1,2,-1,24,-1,2,-1
ANXXX170,ascending_neuron,vnc,GNG,561.4,456.5,-1,-1,16,-1,19,-1,4,-1,-1,-1,7,-1
ANXXX171,ascending_neuron,vnc,HTct(UTct-T3)(L),549.1,765.7,-1,-1,25,-1,-1,-1,17,-1,-1,-1,37,-1
ANXXX174,ascending_neuron,vnc,AVLP(L),559.0,791.1,-1,-1,23,-1,-1,-1,7,-1,64,-1,17,-1
ANXXX178,ascending_neuron,vnc,Ov(R),636.8,797.7,-1,-1,25,-1,24,-1,9,-1,-1,-1,3,-1
ANXXX191,ascending_neuron,brain,GNG,531.0,389.3,68,-1,24,-1,-1,-1,17,-1,59,-1,7,-1
ANXXX196,ascending_neuron,vnc,ANm,571.2,774.7,7,-1,56,37,10,-1,19,-1,-1,-1,19,-1
ANXXX200,ascending_neuron,vnc,GNG,549.4,770.2,17,-1,33,-1,-1,-1,10,-1,-1,-1,14,-1
ANXXX202,ascending_neuron,vnc,ANm,506.3,782.0,23,-1,10,-1,8,-1,11,-1,35,-1,3,-1
ANXXX214,ascending_neuron,vnc,ANm,525.5,846.0,7,-1,17,-1,42,-1,23,-1,37,-1,2,-1
ANXXX218,ascending_neuron,brain,GNG,440.2,308.1,-1,-1,21,-1,-1,-1,9,-1,-1,-1,6,-1
ANXXX250,ascending_neuron,brain,PVLP(L),739.2,283.8,-1,-1,8,-1,-1,-1,3,-1,-1,-1,-1,37
ANXXX254,ascending_neuron,vnc,ANm,520.8,761.0,-1,-1,-1,-1,-1,-1,19,-1,-1,-1,9,-1
ANXXX255,ascending_neuron,brain,GNG,494.2,418.8,-1,-1,38,-1,-1,-1,5,-1,-1,-1,10,-1
ANXXX264,ascending_neuron,vnc,Ov(L),635.5,769.4,-1,-1,-1,-1,22,-1,24,-1,-1,-1,1,-1
ANXXX296,ascending_neuron,brain,GNG,543.2,332.3,6,-1,-1,-1,69,-1,10,-1,-1,-1,6,-1
ANXXX308,ascending_neuron,brain,SMP(L),517.0,769.2,51,-1,63,-1,-1,-1,7,-1,-1,-1,15,-1
ANXXX318,vnc_intrinsic,vnc,ANm,495.9,773.0,1,-1,-1,-1,-1,-1,-1,-1,-1,-1,26,-1
ANXXX338,ascending_neuron,brain,FLA(R),514.1,770.8,31,-1,-1,-1,-1,-1,20,-1,-1,-1,20,-1
ANXXX380,ascending_neuron,brain,ANm,519.9,845.7,-1,-1,47,-1,-1,-1,18,-1,-1,-1,4,-1
ANXXX404,ascending_neuron,brain,GNG,649.2,751.0,51,-1,69,-1,26,-1,-1,-1,-1,-1,8,-1
ANXXX410,ascending_neuron,brain,GNG,566.6,421.7,-1,-1,-1,-1,-1,-1,-1,-1,-1,-1,-1,38
ANXXX434,ascending_neuron,brain,GNG,571.2,400.9,25,-1,60,-1,50,-1,-1,-1,-1,-1,8,-1
ANXXX462a,ascending_neuron,brain,GNG,478.8,415.8,-1,-1,58,-1,27,-1,-1,-1,49,-1,5,-1
ANXXX462b,ascending_neuron,brain,GNG,505.1,465.0,-1,-1,35,-1,35,-1,-1,-1,49,-1,5,-1
ANXXX470,ascending_neuron,brain,GNG,298.8,78.7,-1,-1,34,-1,31,-1,19,-1,-1,-1,18,-1
AOTU001,cb_intrinsic,brain,AOTU(R),699.9,113.2,-1,-1,-1,19,-1,15,-1,-1,-1,-1,-1,37
AOTU002_a,cb_intrinsic,brain,AOTU(R),434.3,302.2,2,-1,-1,-1,-1,-1,-1,-1,-1,-1,69,37
AOTU002_b,cb_intrinsic,brain,AOTU(R),315.9,133.3,38,-1,-1,5,-1,4,-1,-1,-1,-1,-1,37
AOTU002_c,cb_intrinsic,brain,AOTU(R),681.3,109.8,4,-1,-1,25,-1,-1,-1,-1,-1,-1,55,37
AOTU003,cb_intrinsic,brain,AOTU(R),431.9,265.8,-1,-1,-1,5,-1,4,-1,-1,-1,-1,53,37
AOTU004,cb_intrinsic,brain,AOTU(R),297.6,149.6,-1,-1,-1,-1,-1,-1,-1,-1,8,-1,54,37
AOTU005,cb_intrinsic,brain,AOTU(R),737.8,108.1,52,-1,-1,-1,-1,-1,-1,-1,25,-1,-1,37
AOTU006,cb_intrinsic,brain,AOTU(R),306.2,126.9,-1,-1,-1,65,-1,-1,-1,-1,-1,-1,57,37
AOTU007,cb_intrinsic,brain,AOTU(R),336.2,135.5,-1,-1,-1,38,-1,-1,-1,-1,-1,-1,47,37
AOTU007_a,cb_intrinsic,brain,AOTU(R),319.6,124.9,63,-1,-1,-1,-1,-1,-1,-1,-1,-1,-1,37
AOTU007_b,cb_intrinsic,brain,AOTU(R),716.7,113.2,-1,-1,51,38,45,-1,-1,-1,-1,-1,-1,37
AOTU008,cb_intrinsic,brain,AOTU(R),301.1,134.7,28,-1,4,-1,66,49,34,-1,-1,-1,57,37
AOTU009,cb_intrinsic,brain,SLP(R),630.3,124.5,-1,-1,47,-1,24,-1,44,-1,12,-1,29,-1
AOTU011,cb_intrinsic,brain,SIP(R),531.5,93.3,-1,-1,-1,-1,22,-1,44,-1,5,-1,51,37
AOTU012,cb_intrinsic,brain,AOTU(R),328.1,120.6,5,-1,19,-1,-1,-1,-1,-1,-1,-1,11,-1
AOTU013,cb_intrinsic,brain,AOTU(L),731.3,114.0,27,-1,50,-1,-1,-1,-1,-1,40,-1,-1,37
AOTU014,cb_intrinsic,brain,AOTU(R),497.0,222.5,58,-1,66,34,-1,-1,-1,-1,-1,-1,-1,37
AOTU015,cb_intrinsic,brain,AOTU(R),439.1,325.5,-1,-1,36,-1,65,-1,-1,-1,-1,69,-1,37
AOTU016_a,cb_intrinsic,brain,AOTU(R),599.0,75.5,-1,-1,-1,-1,-1,40,-1,-1,-1,-1,-1,37
AOTU016_b,cb_intrinsic,brain,AOTU(R),339.4,137.1,59,-1,44,-1,-1,-1,44,-1,-1,69,44,37
AOTU016_c,cb_intrinsic,brain,AOTU(R),554.9,274.0,54,-1,62,-1,-1,-1,50,-1,-1,-1,68,37
AOTU017,cb_intrinsic,brain,AOTU(R),444.5,289.8,34,-1,-1,62,58,-1,-1,-1,-1,-1,-1,37
AOTU018,cb_intrinsic,brain,AOTU(L),316.0,125.8,-1,-1,-1,-1,-1,-1,-1,-1,-1,-1,-1,37
AOTU019,cb_intrinsic,brain,AOTU(R),728.4,106.5,-1,-1,5,-1,10,-1,-1,-1,24,-1,62,37
AOTU020,cb_intrinsic,brain,AOTU(R),566.2,119.2,-1,-1,-1,-1,-1,-1,31,-1,9,-1,-1,37
AOTU021,cb_intrinsic,brain,SMP(R),492.1,71.0,46,-1,-1,-1,-1,-1,-1,-1,15,-1,-1,37
AOTU022,cb_intrinsic,brain,AOTU(L),325.6,130.2,-1,-1,-1,-1,-1,-1,-1,-1,-1,-1,-1,37
AOTU023,cb_intrinsic,brain,AOTU(R),737.0,124.4,36,-1,27,-1,-1,-1,15,-1,-1,-1,-1,37
AOTU024,cb_intrinsic,brain,AOTU(L),293.9,128.3,1,-1,-1,-1,-1,-1,-1,-1,16,-1,-1,37
AOTU025,cb_intrinsic,brain,AOTU(R),331.3,131.6,44,-1,58,-1,-1,-1,-1,-1,-1,-1,-1,37
AOTU026,cb_intrinsic,brain,AOTU(R),688.4,101.4,53,-1,-1,53,-1,-1,-1,-1,-1,-1,-1,37
AOTU027,cb_intrinsic,brain,AOTU(R),686.2,108.7,40,-1,-1,34,-1,-1,-1,-1,-1,-1,-1,37
AOTU028,cb_intrinsic,brain,AOTU(R),733.1,131.9,15,-1,-1,-1,-1,-1,64,-1,-1,-1,-1,37
AOTU029,cb_intrinsic,brain,AOTU(R),742.3,109.8,-1,-1,57,-1,25,-1,36,-1,13,-1,68,37
AOTU030,cb_intrinsic,brain,AOTU(R),294.1,144.4,-1,-1,-1,57,67,-1,-1,-1,-1,-1,-1,37
AOTU032,cb_intrinsic,brain,WED(L),404.2,309.0,1,-1,-1,-1,55,-1,-1,-1,-1,-1,52,37
AOTU033,cb_intrinsic,brain,LAL(L),563.6,183.8,-1,-1,19,-1,15,-1,22,-1,5,-1,-1,37
AOTU034,cb_intrinsic,brain,WED(L),711.2,310.9,37,-1,-1,62,66,-1,-1,-1,-1,-1,34,-1
AOTU035,cb_intrinsic,brain,AOTU(L),507.3,224.4,-1,-1,-1,-1,21,-1,4,-1,2,-1,-1,37
AOTU036,cb_intrinsic,brain,PLP(R),661.1,230.4,-1,-1,61,-1,-1,-1,-1,-1,-1,-1,-1,37
AOTU037,cb_intrinsic,brain,LAL(L),585.8,218.6,69,-1,-1,-1,35,-1,-1,-1,8,-1,-1,37
AOTU038,cb_intrinsic,brain,AOTU(R),436.0,185.1,-1,-1,69,-1,25,-1,66,-1,11,-1,-1,37
AOTU039,cb_intrinsic,brain,LAL(L),597.0,177.1,-1,-1,65,-1,42,-1,-1,-1,9,-1,-1,37
AOTU040,cb_intrinsic,brain,LAL(L),690.4,108.2,10,-1,-1,-1,66,-1,-1,-1,9,-1,-1,37
AOTU041,cb_intrinsic,brain,AOTU(R),453.1,249.9,43,-1,8,-1,4,-1,19,-1,1,-1,-1,37
AOTU042,cb_intrinsic,brain,AOTU(L),565.4,211.1,-1,-1,3,-1,4,-1,3,-1,1,-1,-1,37
AOTU043,cb_intrinsic,brain,WED(L),417.2,73.2,62,-1,-1,-1,-1,-1,-1,-1,54,-1,65,37
AOTU045,visual_projection,brain,LO(R),336.9,128.8,28,-1,25,-1,-1,-1,-1,-1,-1,-1,-1,37
AOTU046,cb_intrinsic,brain,AOTU(L),729.8,99.4,8,-1,5,-1,12,-1,4,-1,12,-1,-1,37
AOTU047,cb_intrinsic,brain,AOTU(R),346.4,111.5,19,-1,-1,-1,-1,-1,30,-1,53,-1,-1,37
AOTU048,cb_intrinsic,brain,SPS(R),439.9,325.7,-1,-1,-1,-1,-1,-1,-1,-1,19,-1,-1,37
AOTU049,cb_intrinsic,brain,SPS(L),619.9,271.6,-1,-1,-1,-1,34,-1,-1,-1,14,-1,-1,37
AOTU050,cb_intrinsic,brain,AOTU(R),706.8,224.3,-1,-1,34,-1,18,-1,37,-1,13,-1,-1,37
AOTU051,cb_intrinsic,brain,SPS(R),571.8,370.3,56,-1,-1,-1,34,-1,-1,-1,46,-1,-1,37
AOTU052,cb_intrinsic,brain,PLP(L),572.2,256.6,5,-1,48,-1,19,-1,-1,68,69,-1,49,37
AOTU053,cb_intrinsic,brain,SPS(R),413.7,233.5,-1,-1,-1,-1,-1,-1,-1,-1,57,-1,-1,37
AOTU054,cb_intrinsic,brain,AOTU(L),282.9,147.3,-1,-1,-1,-1,-1,-1,-1,-1,-1,-1,-1,37
AOTU055,cb_intrinsic,brain,AOTU(R),316.0,125.7,-1,-1,62,-1,65,-1,-1,-1,-1,-1,-1,37
AOTU056,cb_intrinsic,brain,PLP(R),346.4,59.3,-1,-1,-1,-1,45,-1,35,-1,-1,-1,-1,37
AOTU058,cb_intrinsic,brain,AOTU(L),713.6,117.1,-1,-1,42,-1,35,-1,18,-1,-1,-1,-1,37
AOTU059,cb_intrinsic,brain,AOTU(R),258.2,229.5,8,-1,59,-1,21,-1,34,-1,24,-1,54,37
AOTU060,cb_intrinsic,brain,AOTU(R),700.5,123.7,-1,-1,-1,-1,-1,-1,-1,-1,15,-1,44,37
AOTU061,cb_intrinsic,brain,SIP(R),601.9,187.2,51,-1,34,-1,32,-1,43,-1,12,-1,-1,37
AOTU062,cb_intrinsic,brain,SIP(R),468.4,229.1,13,-1,69,-1,36,-1,-1,-1,11,-1,69,37
AOTU063_a,cb_intrinsic,brain,AOTU(L),317.3,132.3,-1,-1,38,-1,51,-1,-1,-1,52,-1,-1,37
AOTU063_b,cb_intrinsic,brain,AOTU(R),681.0,107.8,20,-1,45,38,-1,-1,-1,-1,-1,-1,-1,37
AOTU064,cb_intrinsic,brain,IB,456.4,300.6,-1,-1,42,-1,7,-1,7,-1,3,-1,-1,37
AOTU065,cb_intrinsic,brain,PLP(R),680.6,323.3,3,-1,-1,64,-1,-1,35,-1,-1,-1,-1,37
AOTU100m,cb_intrinsic,brain,SIP(R),697.4,94.1,-1,-1,46,-1,30,-1,27,-1,-1,-1,-1,37
AOTU101m,cb_intrinsic,brain,AOTU(R),705.9,126.7,-1,-1,-1,66,-1,-1,41,-1,-1,-1,-1,37
AOTU102m,cb_intrinsic,brain,AOTU(R),557.0,92.3,3,-1,-1,-1,-1,-1,63,-1,18,-1,69,37
AOTU103m,cb_intrinsic,brain,SMP(L),630.2,72.4,3,-1,55,-1,33,-1,44,-1,14,-1,-1,37
APL,cb_intrinsic,brain,gL(R),416.6,122.3,-1,-1,1,-1,1,-1,-1,-1,9,-1,-1,37
ATL001,cb_intrinsic,brain,ATL(L),424.5,209.0,-1,-1,-1,-1,-1,-1,-1,-1,-1,-1,-1,37
ATL002,cb_intrinsic,brain,ATL(L),558.1,134.3,14,-1,23,-1,50,-1,18,-1,-1,-1,62,37
ATL003,cb_intrinsic,brain,CRE(L),577.2,91.3,-1,-1,49,-1,62,-1,39,-1,-1,-1,-1,37
ATL004,cb_intrinsic,brain,SMP(L),468.1,109.6,-1,-1,-1,-1,-1,-1,-1,-1,37,-1,-1,37
ATL005,cb_intrinsic,brain,LAL(L),618.7,139.5,-1,-1,-1,-1,-1,-1,-1,-1,-1,-1,-1,37
ATL006,cb_intrinsic,brain,SMP(L),629.8,58.0,47,-1,36,-1,16,-1,37,-1,3,-1,6,-1
ATL007,cb_intrinsic,brain,LAL(L),607.3,211.7,16,-1,-1,-1,-1,-1,53,-1,-1,-1,-1,37
ATL008,cb_intrinsic,brain,SMP(R),432.9,85.4,-1,-1,61,-1,20,-1,37,-1,4,-1,-1,37
ATL009,cb_intrinsic,brain,LAL(R),449.6,109.7,-1,-1,56,-1,-1,-1,-1,-1,-1,-1,59,37
ATL011,cb_intrinsic,brain,ATL(L),543.7,150.1,66,-1,-1,-1,-1,-1,52,-1,-1,-1,-1,37
ATL012,cb_intrinsic,brain,ATL(L),538.2,97.8,2,-1,23,-1,25,-1,-1,-1,38,-1,-1,37
ATL013,cb_intrinsic,brain,SMP(L),565.7,126.7,-1,-1,-1,-1,-1,-1,-1,-1,57,-1,-1,37
ATL014,cb_intrinsic,brain,ATL(L),470.0,94.7,-1,-1,20,-1,29,-1,29,-1,22,-1,-1,37
ATL015,cb_intrinsic,brain,SMP(L),542.5,170.9,-1,-1,-1,-1,-1,-1,49,-1,52,-1,-1,37
ATL016,cb_intrinsic,brain,IB,552.7,277.1,66,-1,57,-1,-1,-1,18,-1,20,-1,34,-1
ATL017,cb_intrinsic,brain,ATL(L),556.4,135.5,-1,-1,47,-1,-1,-1,32,-1,12,-1,62,37
ATL018,cb_intrinsic,brain,ATL(L),597.7,128.0,52,-1,26,-1,37,-1,37,-1,5,-1,53,37
ATL019,cb_intrinsic,brain,PLP(R),311.5,202.2,-1,-1,-1,-1,-1,-1,69,-1,53,-1,-1,37
ATL020,cb_intrinsic,brain,PLP(R),356.2,49.7,37,-1,-1,-1,-1,-1,69,-1,55,-1,-1,37
ATL021,cb_intrinsic,brain,IB,480.4,219.2,49,-1,19,-1,39,-1,28,-1,60,-1,-1,37
ATL022,cb_intrinsic,brain,SMP(L),541.5,159.7,-1,-1,-1,-1,28,-1,47,-1,6,-1,-1,37
ATL023,cb_intrinsic,brain,PLP(R),691.1,243.1,52,-1,43,-1,28,-1,44,-1,39,-1,-1,37
ATL024,cb_intrinsic,brain,IB,460.8,78.2,-1,-1,-1,-1,-1,-1,-1,-1,36,-1,-1,37
ATL025,cb_intrinsic,brain,IB,515.2,207.2,-1,-1,28,-1,55,-1,17,-1,-1,-1,-1,37
ATL026,cb_intrinsic,brain,IB,532.6,230.5,-1,-1,63,-1,20,-1,47,-1,54,-1,57,37
ATL027,cb_intrinsic,brain,CRE(L),422.9,158.3,12,-1,38,-1,22,-1,33,-1,60,-1,-1,37
ATL028,cb_intrinsic,brain,IB,599.3,169.3,30,-1,62,-1,51,-1,-1,-1,23,-1,-1,37
ATL029,cb_intrinsic,brain,CRE(R),600.4,238.0,-1,-1,68,-1,-1,-1,53,-1,65,-1,55,37
ATL030,cb_intrinsic,brain,SAD,702.7,197.7,-1,-1,34,-1,10,-1,5,-1,8,-1,30,-1
ATL031,cb_intrinsic,brain,IB,553.6,144.1,60,-1,-1,-1,17,-1,50,-1,12,-1,-1,37
ATL032,cb_intrinsic,brain,ATL(L),539.9,155.1,-1,-1,-1,-1,66,-1,51,-1,24,-1,-1,37
ATL033,cb_intrinsic,brain,CRE(L),563.1,135.0,68,-1,48,-1,-1,-1,31,-1,13,-1,-1,37
ATL034,cb_intrinsic,brain,IB,548.9,144.6,-1,-1,57,-1,-1,-1,31,-1,8,-1,-1,37
ATL035,cb_intrinsic,brain,IB,451.4,142.9,-1,-1,-1,-1,-1,-1,31,-1,55,-1,-1,37
ATL036,cb_intrinsic,brain,IB,491.8,213.5,53,-1,-1,-1,-1,-1,33,-1,53,-1,-1,37
ATL037,cb_intrinsic,brain,IB,578.1,208.0,15,-1,20,-1,26,-1,28,-1,12,-1,-1,37
ATL038,cb_intrinsic,brain,ATL(L),565.6,109.5,-1,-1,-1,-1,-1,-1,-1,-1,-1,-1,53,37
ATL039,cb_intrinsic,brain,ATL(L),435.6,119.3,-1,-1,-1,-1,-1,-1,51,-1,-1,-1,-1,37
ATL040,cb_intrinsic,brain,IB,394.9,73.9,-1,-1,-1,-1,-1,-1,50,-1,14,-1,-1,37
ATL041,cb_intrinsic,brain,PLP(R),622.8,130.6,-1,-1,-1,-1,40,-1,63,-1,45,-1,-1,37
ATL042,cb_intrinsic,brain,IB,427.8,256.6,45,-1,-1,-1,-1,-1,-1,-1,54,-1,-1,37
ATL043,cb_intrinsic,brain,IB,498.6,204.3,-1,-1,-1,-1,-1,-1,-1,-1,-1,-1,-1,37
ATL044,cb_intrinsic,brain,IB,456.2,112.7,-1,-1,-1,-1,-1,-1,-1,-1,-1,-1,67,37
ATL045,cb_intrinsic,brain,IB,545.8,153.7,-1,-1,-1,-1,-1,-1,-1,-1,-1,-1,-1,37
AVL006_a,cb_intrinsic,brain,AVLP(L),692.4,224.3,19,-1,-1,-1,53,-1,-1,-1,-1,-1,-1,37
AVLP001,cb_intrinsic,brain,AVLP(R),367.8,245.2,-1,-1,2,-1,8,-1,31,-1,21,-1,-1,37
AVLP002,cb_intrinsic,brain,AVLP(L),672.9,104.5,40,-1,66,-1,68,-1,55,-1,38,-1,50,37
AVLP003,cb_intrinsic,brain,AVLP(R),750.8,242.3,63,-1,-1,-1,-1,-1,55,-1,-1,-1,60,37
AVLP004_a,cb_intrinsic,brain,AVLP(R),303.0,268.1,-1,-1,43,-1,46,-1,-1,-1,-1,-1,-1,37
AVLP004_b,cb_intrinsic,brain,PVLP(L),743.8,289.0,-1,-1,-1,41,34,-1,-1,-1,-1,-1,-1,37
AVLP005,cb_intrinsic,brain,AVLP(L),684.5,243.6,32,-1,17,-1,14,-1,-1,-1,34,-1,-1,37
AVLP009,cb_intrinsic,brain,AVLP(R),708.5,146.7,34,-1,-1,-1,-1,-1,29,-1,-1,-1,-1,37
AVLP013,cb_intrinsic,brain,AVLP(R),295.7,213.2,-1,-1,59,-1,-1,-1,-1,-1,68,-1,7,-1
AVLP014,cb_intrinsic,brain,AVLP(L),762.1,106.7,-1,-1,-1,-1,-1,-1,-1,-1,-1,-1,-1,37
AVLP015,cb_intrinsic,brain,AVLP(R),309.4,246.8,1,-1,-1,-1,23,-1,-1,-1,20,-1,-1,37
AVLP016,cb_intrinsic,brain,AVLP(R),321.7,240.6,-1,-1,4,-1,5,-1,8,-1,4,-1,-1,37
AVLP017,cb_intrinsic,brain,AVLP(R),323.7,225.1,18,-1,-1,-1,21,-1,-1,-1,24,-1,-1,37
AVLP018,cb_intrinsic,brain,AVLP(R),297.9,179.7,5,-1,47,-1,19,-1,-1,-1,32,-1,48,37
AVLP019,cb_intrinsic,brain,AVLP(R),285.2,267.5,-1,-1,22,-1,13,-1,33,-1,39,-1,54,37
AVLP020,cb_intrinsic,brain,AVLP(R),712.0,211.4,-1,-1,46,-1,61,-1,-1,-1,30,-1,-1,37
AVLP021,cb_intrinsic,brain,AVLP(L),365.9,142.7,55,-1,-1,-1,46,-1,-1,-1,54,-1,-1,37
AVLP022,cb_intrinsic,brain,AVLP(L),418.0,196.9,-1,-1,-1,-1,-1,-1,44,-1,40,-1,-1,37
AVLP023,cb_intrinsic,brain,AVLP(R),697.4,159.8,57,-1,33,-1,13,-1,35,-1,29,-1,-1,37
AVLP024_a,cb_intrinsic,brain,AVLP(R),751.3,95.1,63,-1,-1,-1,-1,-1,65,-1,29,-1,-1,37
AVLP024_b,cb_intrinsic,brain,AVLP(R),299.4,237.6,-1,-1,47,-1,-1,-1,61,-1,33,-1,-1,37
AVLP024_c,cb_intrinsic,brain,SLP(R),325.5,188.3,-1,-1,46,-1,-1,-1,47,-1,31,-1,-1,37
AVLP025,cb_intrinsic,brain,AVLP(R),314.1,240.8,-1,-1,-1,-1,36,-1,18,-1,26,-1,-1,37
AVLP026,cb_intrinsic,brain,AVLP(R),698.4,104.4,-1,-1,28,-1,19,-1,19,-1,33,-1,-1,37
AVLP027,cb_intrinsic,brain,AVLP(R),653.3,64.9,12,-1,-1,-1,-1,-1,-1,-1,33,-1,-1,37
AVLP028,cb_intrinsic,brain,AVLP(R),712.1,61.0,33,-1,44,-1,-1,-1,62,-1,28,-1,-1,37
AVLP029,cb_intrinsic,brain,AVLP(R),380.6,151.3,-1,-1,7,-1,10,-1,7,-1,18,-1,47,37
AVLP030,cb_intrinsic,brain,AVLP(R),345.5,174.7,-1,-1,-1,-1,33,-1,41,-1,22,-1,-1,37
AVLP031,cb_intrinsic,brain,AVLP(R),332.7,222.7,46,-1,45,-1,17,-1,46,-1,30,-1,51,37
AVLP032,cb_intrinsic,brain,SLP(R),650.5,74.5,-1,-1,38,-1,20,-1,61,-1,16,-1,-1,37
AVLP033,cb_intrinsic,brain,AVLP(R),777.9,231.6,-1,-1,33,-1,48,-1,-1,-1,47,-1,-1,37
AVLP034,cb_intrinsic,brain,AVLP(R),333.1,219.8,23,-1,-1,-1,65,-1,53,-1,68,-1,-1,37
AVLP035,cb_intrinsic,brain,AVLP(R),718.2,213.2,-1,-1,22,-1,27,-1,50,-1,27,-1,-1,37
AVLP036,cb_intrinsic,brain,AVLP(L),648.0,132.9,34,-1,37,-1,40,-1,60,-1,44,-1,19,-1
AVLP037,cb_intrinsic,brain,AVLP(R),718.6,190.7,36,-1,-1,-1,15,-1,-1,-1,29,-1,17,-1
AVLP038,cb_intrinsic,brain,AVLP(R),338.9,131.2,60,-1,-1,68,9,-1,-1,-1,21,-1,4,-1
AVLP039,cb_intrinsic,brain,AVLP(R),249.3,238.6,33,-1,17,-1,18,-1,43,-1,38,-1,-1,37
AVLP040,cb_intrinsic,brain,AVLP(L),695.4,89.2,11,-1,55,-1,17,-1,-1,-1,30,-1,7,-1
AVLP041,cb_intrinsic,brain,PLP(R),698.7,207.7,-1,-1,-1,-1,-1,-1,-1,-1,-1,-1,-1,37
AVLP042,cb_intrinsic,brain,SLP(R),342.0,97.1,-1,-1,-1,-1,37,-1,7,-1,52,-1,7,-1
AVLP043,cb_intrinsic,brain,PLP(R),583.2,287.2,47,-1,33,-1,34,-1,8,-1,46,-1,9,-1
AVLP044_a,cb_intrinsic,brain,AVLP(L),376.0,151.6,-1,-1,57,-1,42,-1,-1,-1,-1,-1,29,-1
AVLP044_b,cb_intrinsic,brain,AVLP(R),669.9,168.7,20,-1,-1,-1,-1,-1,44,-1,-1,-1,54,37
AVLP045,cb_intrinsic,brain,AVLP(R),654.0,130.7,-1,-1,30,-1,22,-1,35,-1,41,-1,-1,37
AVLP046,cb_intrinsic,brain,SLP(R),608.1,185.1,-1,-1,49,-1,-1,-1,63,-1,30,-1,-1,37
AVLP047,cb_intrinsic,brain,AVLP(R),703.7,227.9,-1,-1,66,-1,32,-1,-1,-1,31,-1,-1,37
AVLP048,cb_intrinsic,brain,AVLP(L),438.8,190.6,68,-1,-1,-1,61,-1,-1,-1,29,-1,62,37
AVLP049,cb_intrinsic,brain,AVLP(L),273.6,279.5,-1,-1,58,-1,50,-1,49,-1,18,-1,-1,37
AVLP050,cb_intrinsic,brain,AVLP(R),752.5,236.7,-1,-1,-1,-1,-1,-1,49,-1,30,-1,-1,37
AVLP051,cb_intrinsic,brain,AVLP(R),321.3,170.2,-1,-1,-1,-1,-1,65,-1,-1,55,-1,65,37
AVLP053,cb_intrinsic,brain,AVLP(R),260.9,260.7,58,-1,44,-1,-1,-1,-1,-1,51,-1,-1,37
AVLP055,cb_intrinsic,brain,AVLP(L),750.1,225.8,-1,-1,49,-1,41,-1,-1,-1,67,-1,65,37
AVLP059,cb_intrinsic,brain,AVLP(R),331.1,208.8,-1,-1,-1,-1,44,-1,29,-1,33,-1,-1,37
AVLP060,cb_intrinsic,brain,AVLP(L),366.6,70.0,54,-1,11,-1,25,-1,37,-1,26,-1,49,37
AVLP062,cb_intrinsic,brain,AVLP(R),324.8,195.9,52,-1,-1,-1,29,-1,37,-1,30,-1,-1,37
AVLP063,cb_intrinsic,brain,AVLP(R),330.1,244.9,39,-1,-1,-1,57,-1,-1,-1,35,-1,-1,37
AVLP064,cb_intrinsic,brain,AVLP(R),644.6,181.5,-1,-1,49,-1,39,-1,-1,-1,39,-1,-1,37
AVLP065,cb_intrinsic,brain,AVLP(R),662.3,51.0,1,-1,-1,-1,-1,-1,-1,-1,31,-1,-1,37
AVLP067,cb_intrinsic,brain,AVLP(R),723.8,201.5,68,-1,-1,-1,45,-1,-1,-1,40,-1,-1,37
AVLP069_a,cb_intrinsic,brain,AVLP(R),279.1,252.1,-1,-1,64,-1,-1,-1,39,-1,67,-1,47,37
AVLP069_b,cb_intrinsic,brain,AVLP(R),609.2,162.8,-1,-1,-1,-1,31,-1,42,-1,25,-1,61,37
AVLP069_c,cb_intrinsic,brain,AVLP(R),301.8,250.6,52,-1,59,-1,57,-1,40,-1,25,-1,-1,37
AVLP075,cb_intrinsic,brain,SMP(L),350.2,226.6,19,-1,48,-1,35,-1,39,-1,40,-1,66,37
AVLP076,cb_intrinsic,brain,AVLP(R),656.9,200.5,-1,-1,4,-1,7,-1,27,-1,17,-1,45,37
AVLP077,cb_intrinsic,brain,AVLP(R),320.2,227.9,16,-1,7,-1,8,-1,24,-1,9,-1,-1,37
AVLP078,cb_intrinsic,brain,AVLP(R),688.8,209.9,-1,-1,4,-1,8,-1,18,-1,15,-1,-1,37
AVLP079,cb_intrinsic,brain,AVLP(R),297.6,265.8,-1,-1,3,-1,3,-1,18,-1,9,-1,34,-1
AVLP080,cb_intrinsic,brain,AVLP(R),301.5,176.4,11,-1,3,-1,5,-1,8,-1,16,-1,-1,37
AVLP081,cb_intrinsic,brain,AVLP(R),288.0,276.5,-1,-1,10,-1,54,-1,55,-1,48,-1,-1,37
AVLP082,cb_intrinsic,brain,AVLP(L),332.9,291.3,58,-1,2,-1,2,-1,9,-1,6,-1,46,37
AVLP083,cb_intrinsic,brain,AVLP(R),368.5,214.9,-1,-1,7,-1,44,-1,19,-1,42,-1,-1,37
AVLP084,cb_intrinsic,brain,AVLP(R),345.1,267.5,10,-1,6,-1,3,-1,-1,-1,41,-1,-1,37
AVLP085,cb_intrinsic,brain,AVLP(L),304.3,244.2,-1,-1,8,-1,16,-1,-1,-1,46,-1,-1,37
AVLP086,cb_intrinsic,brain,AVLP(R),721.8,178.1,52,-1,4,-1,3,-1,1,-1,11,-1,9,-1
AVLP087,cb_intrinsic,brain,AVLP(R),733.6,274.0,-1,-1,5,-1,6,-1,29,-1,30,-1,16,-1
AVLP088,cb_intrinsic,brain,AVLP(R),304.5,232.5,22,-1,16,-1,22,-1,27,-1,-1,-1,-1,37
AVLP089,cb_intrinsic,brain,AVLP(R),292.1,207.4,5,-1,55,-1,-1,-1,21,-1,48,-1,69,37
AVLP090,cb_intrinsic,brain,AVLP(R),250.4,239.3,-1,-1,27,-1,20,-1,30,-1,22,-1,-1,37
AVLP091,cb_intrinsic,brain,AVLP(R),282.8,266.4,59,-1,-1,-1,67,-1,62,-1,50,-1,-1,37
AVLP093,cb_intrinsic,brain,AVLP(L),262.8,240.6,-1,-1,-1,65,-1,-1,-1,-1,-1,-1,-1,37
AVLP094,cb_intrinsic,brain,AVLP(R),504.9,350.2,17,-1,-1,-1,-1,-1,-1,-1,-1,-1,34,-1
AVLP095,cb_intrinsic,brain,AVLP(R),326.4,251.7,-1,-1,-1,-1,-1,-1,-1,-1,49,-1,-1,37
AVLP096,cb_intrinsic,brain,AVLP(L),744.6,209.1,-1,-1,-1,-1,34,-1,-1,-1,39,-1,-1,37
AVLP097,cb_intrinsic,brain,AVLP(R),349.6,232.4,15,-1,-1,-1,-1,-1,6,-1,66,-1,-1,37
AVLP098,cb_intrinsic,brain,AVLP(R),257.1,226.4,-1,-1,56,-1,-1,-1,20,-1,34,-1,-1,37
AVLP099,cb_intrinsic,brain,AVLP(R),719.3,302.8,58,-1,66,-1,12,-1,-1,-1,36,-1,-1,37
AVLP101,cb_intrinsic,brain,AVLP(R),717.7,165.3,47,-1,-1,-1,46,-1,-1,-1,48,-1,59,37
AVLP102,cb_intrinsic,brain,AVLP(R),276.8,206.4,4,-1,-1,-1,43,-1,-1,-1,35,-1,58,37
AVLP103,cb_intrinsic,brain,AVLP(R),689.6,196.4,-1,-1,9,-1,3,-1,62,-1,30,-1,-1,37
AVLP104,cb_intrinsic,brain,AVLP(R),686.6,193.1,-1,-1,6,-1,3,-1,56,-1,27,-1,44,37
AVLP105,cb_intrinsic,brain,AVLP(L),722.3,175.6,54,-1,-1,45,20,-1,56,-1,49,-1,-1,37
AVLP107,cb_intrinsic,brain,AVLP(R),704.0,250.2,59,-1,57,-1,34,-1,-1,-1,41,-1,-1,37
AVLP108,cb_intrinsic,brain,AVLP(R),286.0,186.3,40,-1,-1,-1,56,-1,-1,-1,36,-1,-1,37
AVLP109,cb_intrinsic,brain,AVLP(R),699.8,195.9,-1,-1,33,-1,11,-1,-1,-1,41,-1,34,-1
AVLP110_a,cb_intrinsic,brain,AVLP(R),356.9,255.7,43,-1,68,62,28,-1,34,-1,39,-1,63,37
AVLP110_b,cb_intrinsic,brain,AVLP(R),310.5,249.1,-1,-1,22,-1,48,-1,28,-1,37,-1,-1,37
AVLP111,cb_intrinsic,brain,AVLP(R),342.3,203.2,-1,-1,19,-1,6,-1,54,-1,32,-1,67,37
AVLP112,cb_intrinsic,brain,AVLP(R),749.7,246.3,57,-1,39,-1,15,-1,63,-1,-1,-1,-1,37
AVLP113,cb_intrinsic,brain,AVLP(R),778.1,226.8,-1,-1,39,-1,65,-1,43,-1,41,-1,49,37
AVLP115,cb_intrinsic,brain,AVLP(R),278.9,217.2,-1,-1,12,-1,16,-1,-1,-1,41,-1,-1,37
AVLP116,cb_intrinsic,brain,AVLP(R),698.2,192.2,37,-1,-1,51,46,-1,34,-1,-1,-1,57,37
AVLP117,cb_intrinsic,brain,PVLP(R),369.8,218.0,9,-1,21,-1,52,-1,-1,-1,-1,-1,63,37
AVLP120,cb_intrinsic,brain,AVLP(L),542.7,445.4,-1,-1,42,-1,41,-1,32,-1,52,-1,8,-1
AVLP121,cb_intrinsic,brain,AVLP(R),336.9,324.4,64,-1,33,-1,-1,-1,-1,-1,-1,-1,-1,37
AVLP124,cb_intrinsic,brain,AVLP(R),269.0,267.4,34,-1,-1,55,59,-1,-1,-1,-1,-1,54,37
AVLP126,cb_intrinsic,brain,AVLP(L),715.6,258.9,45,-1,9,-1,17,-1,28,-1,35,-1,-1,37
AVLP129,cb_intrinsic,brain,AVLP(R),298.9,230.5,2,-1,-1,-1,-1,-1,-1,-1,39,-1,-1,37
AVLP132,cb_intrinsic,brain,AVLP(R),417.1,322.8,-1,-1,-1,-1,-1,-1,-1,-1,-1,-1,62,37
AVLP136,cb_intrinsic,brain,AVLP(R),327.6,213.7,36,-1,-1,-1,-1,-1,35,-1,-1,-1,-1,37
AVLP137,cb_intrinsic,brain,AVLP(R),732.6,161.9,59,-1,-1,-1,-1,-1,-1,-1,45,-1,-1,37
AVLP138,cb_intrinsic,brain,AVLP(R),734.6,256.0,31,-1,-1,-1,-1,-1,-1,-1,40,-1,-1,37
AVLP139,cb_intrinsic,brain,AVLP(R),711.8,223.0,-1,-1,68,-1,39,-1,-1,-1,-1,-1,61,37
AVLP140,cb_intrinsic,brain,WED(R),364.9,345.8,59,-1,-1,-1,-1,-1,-1,-1,-1,-1,33,-1
AVLP143,cb_intrinsic,brain,AVLP(R),326.9,239.8,-1,-1,-1,-1,-1,-1,53,-1,-1,-1,33,-1
AVLP145,cb_intrinsic,brain,AVLP(R),281.6,198.8,-1,-1,19,-1,26,-1,-1,-1,66,-1,-1,37
AVLP147,cb_intrinsic,brain,AVLP(R),643.8,138.7,-1,-1,-1,53,-1,-1,-1,-1,-1,-1,-1,37
AVLP149,cb_intrinsic,brain,AVLP(L),281.2,250.6,27,-1,-1,64,-1,-1,-1,-1,-1,-1,34,-1
AVLP152,cb_intrinsic,brain,PVLP(R),690.3,239.7,49,-1,18,-1,-1,-1,-1,66,-1,-1,-1,37
AVLP153,cb_intrinsic,brain,AVLP(R),302.9,288.2,35,-1,14,-1,55,-1,-1,68,-1,-1,58,37
AVLP154,cb_intrinsic,brain,AVLP(R),312.5,271.6,-1,-1,11,-1,9,-1,32,-1,31,-1,-1,37
AVLP155_a,cb_intrinsic,brain,AVLP(L),279.1,217.7,-1,-1,-1,-1,50,-1,-1,-1,44,-1,51,37
AVLP155_b,cb_intrinsic,brain,AVLP(R),708.2,252.4,-1,-1,-1,-1,-1,-1,-1,-1,46,-1,-1,37
AVLP156,cb_intrinsic,brain,AVLP(R),728.3,238.4,55,-1,61,-1,-1,-1,-1,-1,-1,-1,-1,37
AVLP157,cb_intrinsic,brain,AVLP(R),332.2,267.3,47,-1,25,-1,23,-1,-1,-1,29,-1,-1,37
AVLP158,cb_intrinsic,brain,AVLP(R),605.1,162.9,-1,-1,61,-1,-1,-1,-1,-1,39,-1,50,37
AVLP159,cb_intrinsic,brain,AVLP(R),266.2,230.8,11,-1,27,-1,53,-1,-1,-1,25,-1,-1,37
AVLP160,cb_intrinsic,brain,AVLP(R),334.0,253.3,-1,-1,59,-1,25,-1,35,-1,29,-1,60,37
AVLP161,cb_intrinsic,brain,AVLP(R),266.6,243.0,-1,-1,44,-1,-1,-1,-1,-1,33,-1,-1,37
AVLP162,cb_intrinsic,brain,AVLP(R),305.6,305.6,3,-1,-1,-1,-1,-1,-1,-1,52,-1,-1,37
AVLP163,cb_intrinsic,brain,AVLP(R),278.3,207.1,21,-1,11,-1,7,-1,-1,-1,38,-1,-1,37
AVLP164,cb_intrinsic,brain,AVLP(R),270.5,255.7,28,-1,48,-1,11,-1,27,-1,31,-1,-1,37
AVLP165,cb_intrinsic,brain,AVLP(R),324.3,195.1,-1,-1,25,-1,21,-1,34,-1,32,-1,56,37
AVLP166,cb_intrinsic,brain,AVLP(R),386.4,150.5,16,-1,-1,-1,15,-1,-1,-1,14,-1,-1,37
AVLP168,cb_intrinsic,brain,AVLP(R),311.6,193.8,2,-1,-1,-1,-1,-1,-1,-1,24,-1,-1,37
AVLP169,cb_intrinsic,brain,AVLP(R),329.8,178.3,59,-1,30,-1,55,-1,27,-1,34,-1,-1,37
AVLP170,cb_intrinsic,brain,AVLP(R),331.1,281.3,48,-1,-1,-1,53,-1,-1,-1,28,-1,47,37
AVLP173,cb_intrinsic,brain,AVLP(R),713.4,200.5,40,-1,-1,-1,-1,-1,-1,-1,-1,-1,-1,37
AVLP175,cb_intrinsic,brain,AVLP(R),330.4,243.6,57,-1,-1,-1,41,-1,-1,-1,18,-1,-1,37
AVLP176_b,cb_intrinsic,brain,AVLP(L),697.9,273.2,33,-1,67,-1,19,-1,-1,-1,16,-1,-1,37
AVLP176_c,cb_intrinsic,brain,AVLP(R),623.4,42.9,64,-1,-1,-1,25,-1,-1,-1,16,-1,-1,37
AVLP176_d,cb_intrinsic,brain,AVLP(L),308.3,185.5,64,-1,-1,61,50,-1,-1,-1,18,-1,-1,37
AVLP177_a,cb_intrinsic,brain,AVLP(R),316.7,232.0,-1,-1,-1,-1,31,-1,-1,-1,15,-1,-1,37
AVLP178,cb_intrinsic,brain,AVLP(L),714.4,271.2,-1,-1,-1,-1,65,-1,-1,-1,40,-1,49,37
AVLP179,cb_intrinsic,brain,AVLP(R),300.5,248.5,32,-1,-1,-1,23,-1,-1,-1,15,-1,65,37
AVLP180,cb_intrinsic,brain,AVLP(R),313.5,217.1,48,-1,-1,-1,42,-1,-1,-1,40,-1,-1,37
AVLP182,cb_intrinsic,brain,AVLP(R),289.6,214.1,52,-1,-1,-1,-1,-1,-1,-1,36,-1,-1,37
AVLP183,cb_intrinsic,brain,AVLP(R),631.3,165.0,29,-1,52,-1,15,-1,-1,-1,15,-1,-1,37
AVLP184,cb_intrinsic,brain,AVLP(R),716.0,174.7,-1,-1,-1,-1,-1,-1,-1,-1,56,-1,46,37
AVLP186,cb_intrinsic,brain,AVLP(R),313.9,289.1,-1,-1,-1,-1,-1,-1,-1,-1,33,-1,-1,37
AVLP187,cb_intrinsic,brain,SLP(L),620.1,189.1,-1,-1,-1,-1,39,-1,-1,-1,23,-1,-1,37
AVLP188,cb_intrinsic,brain,AVLP(L),318.2,233.7,20,-1,-1,-1,-1,-1,-1,-1,20,-1,-1,37
AVLP189_a,cb_intrinsic,brain,AVLP(R),309.6,316.5,27,-1,-1,-1,-1,-1,-1,-1,-1,-1,49,37
AVLP189_b,cb_intrinsic,brain,AVLP(L),298.2,252.8,25,-1,59,-1,60,-1,-1,-1,-1,-1,44,37
AVLP190,cb_intrinsic,brain,AVLP(R),411.4,211.2,14,-1,-1,-1,-1,-1,-1,-1,38,-1,-1,37
AVLP191,cb_intrinsic,brain,AVLP(L),335.5,175.0,55,-1,9,-1,30,-1,11,-1,32,-1,-1,37
AVLP192_a,cb_intrinsic,brain,AVLP(R),333.9,239.9,17,-1,-1,-1,-1,-1,-1,-1,45,-1,44,37
AVLP192_b,cb_intrinsic,brain,AVLP(R),684.6,233.2,15,-1,-1,-1,-1,-1,-1,-1,44,-1,-1,37
AVLP193,cb_intrinsic,brain,AVLP(R),696.5,267.2,26,-1,-1,-1,-1,-1,-1,-1,43,-1,-1,37
AVLP194_a,cb_intrinsic,brain,AVLP(R),731.5,241.2,15,-1,42,-1,44,-1,32,-1,46,-1,-1,37
AVLP194_b1,cb_intrinsic,brain,AVLP(R),693.2,199.8,-1,-1,-1,-1,-1,-1,-1,-1,52,-1,58,37
AVLP194_b2,cb_intrinsic,brain,AVLP(R),427.4,211.6,-1,-1,-1,-1,-1,-1,-1,-1,50,-1,-1,37
AVLP194_c1,cb_intrinsic,brain,AVLP(R),319.4,242.1,-1,-1,-1,-1,-1,-1,-1,-1,51,-1,-1,37
AVLP194_c2,cb_intrinsic,brain,AVLP(R),688.4,282.3,16,-1,-1,-1,-1,-1,-1,-1,-1,-1,-1,37
AVLP194_c3,cb_intrinsic,brain,AVLP(L),707.5,236.9,44,-1,-1,68,-1,-1,-1,-1,52,-1,64,37
AVLP195,cb_intrinsic,brain,AVLP(R),334.2,242.3,-1,-1,-1,-1,-1,-1,-1,-1,24,-1,65,37
AVLP197,cb_intrinsic,brain,AVLP(R),590.7,194.4,43,-1,-1,-1,60,-1,-1,-1,26,-1,-1,37
AVLP198,cb_intrinsic,brain,AVLP(R),320.5,187.7,48,-1,-1,-1,35,-1,-1,-1,29,-1,-1,37
AVLP199,cb_intrinsic,brain,AVLP(R),356.9,206.4,32,-1,-1,-1,-1,-1,-1,-1,55,-1,-1,37
AVLP200,cb_intrinsic,brain,AVLP(R),680.7,185.3,-1,-1,8,-1,13,-1,52,-1,49,-1,-1,37
AVLP201,cb_intrinsic,brain,AVLP(R),319.2,269.3,61,-1,68,-1,15,-1,34,-1,24,-1,44,37
AVLP202,cb_intrinsic,brain,AVLP(L),269.1,279.3,-1,-1,-1,-1,-1,-1,-1,-1,35,-1,-1,37
AVLP203_a,cb_intrinsic,brain,AVLP(R),766.3,192.4,45,-1,-1,-1,-1,-1,-1,-1,-1,-1,-1,37
AVLP203_b,cb_intrinsic,brain,AVLP(R),338.0,259.8,52,-1,-1,-1,64,-1,-1,-1,-1,-1,-1,37
AVLP203_c,cb_intrinsic,brain,AVLP(R),703.9,180.4,-1,-1,-1,-1,69,-1,30,-1,-1,-1,62,37
AVLP204,cb_intrinsic,brain,AVLP(R),320.1,257.4,-1,-1,53,-1,18,-1,7,-1,25,-1,-1,37
AVLP205,cb_intrinsic,brain,AVLP(L),725.7,283.3,40,-1,-1,-1,-1,-1,22,-1,-1,-1,17,-1
AVLP209,cb_intrinsic,brain,AVLP(L),376.1,146.6,3,-1,26,-1,9,-1,9,-1,27,-1,11,-1
AVLP210,cb_intrinsic,brain,AVLP(R),714.5,207.3,15,-1,-1,-1,30,-1,-1,-1,22,-1,-1,37
AVLP211,cb_intrinsic,brain,AVLP(R),477.1,242.2,-1,-1,-1,-1,44,-1,-1,-1,26,-1,14,-1
AVLP212,cb_intrinsic,brain,AVLP(R),326.5,213.4,26,-1,-1,-1,-1,-1,-1,-1,26,-1,-1,37
AVLP213,cb_intrinsic,brain,AVLP(R),726.4,175.0,-1,-1,15,-1,26,-1,32,-1,34,-1,55,37
AVLP214,cb_intrinsic,brain,AVLP(R),616.8,166.7,26,-1,36,-1,-1,-1,34,-1,22,-1,68,37
AVLP215,cb_intrinsic,brain,AVLP(R),260.4,243.2,-1,-1,5,-1,5,-1,19,-1,11,-1,-1,37
AVLP216,cb_intrinsic,brain,AVLP(R),277.9,259.0,-1,-1,23,-1,32,-1,32,-1,-1,-1,-1,37
AVLP217,cb_intrinsic,brain,AVLP(R),294.7,291.0,-1,-1,26,-1,50,-1,-1,-1,-1,-1,-1,37
AVLP218_a,cb_intrinsic,brain,AVLP(R),674.6,53.6,25,-1,-1,-1,-1,-1,40,-1,13,-1,58,37
AVLP218_b,cb_intrinsic,brain,AVLP(R),279.3,262.6,46,-1,61,-1,30,-1,-1,-1,23,-1,-1,37
AVLP219_a,cb_intrinsic,brain,AVLP(R),305.6,259.6,-1,-1,36,-1,46,-1,41,-1,18,-1,-1,37
AVLP219_b,cb_intrinsic,brain,AVLP(R),629.0,161.9,53,-1,36,-1,17,-1,42,-1,20,-1,-1,37
AVLP219_c,cb_intrinsic,brain,AVLP(R),334.2,252.0,45,-1,14,-1,19,-1,62,-1,34,-1,-1,37
AVLP220,cb_intrinsic,brain,AVLP(R),782.8,205.5,17,-1,32,-1,-1,-1,34,-1,37,-1,-1,37
AVLP221,cb_intrinsic,brain,AVLP(R),696.4,166.0,-1,-1,-1,43,-1,-1,-1,-1,-1,-1,-1,37
AVLP222,cb_intrinsic,brain,AVLP(R),315.3,188.2,-1,-1,-1,66,-1,-1,-1,-1,-1,-1,-1,37
AVLP224_a,cb_intrinsic,brain,AVLP(R),294.5,168.0,13,-1,48,-1,46,-1,-1,-1,50,-1,-1,37
AVLP224_b,cb_intrinsic,brain,AVLP(R),746.6,182.0,-1,-1,-1,53,-1,-1,-1,-1,-1,-1,-1,37
AVLP225_a,cb_intrinsic,brain,AVLP(L),313.8,238.4,-1,-1,-1,-1,-1,-1,-1,-1,45,-1,-1,37
AVLP225_b1,cb_intrinsic,brain,AVLP(R),669.1,229.3,-1,-1,-1,-1,69,-1,-1,-1,40,-1,-1,37
AVLP225_b2,cb_intrinsic,brain,AVLP(R),692.0,90.8,20,-1,-1,-1,-1,-1,-1,-1,-1,-1,68,37
AVLP225_b3,cb_intrinsic,brain,AVLP(L),343.0,277.1,-1,-1,-1,-1,-1,-1,66,-1,50,-1,-1,37
AVLP227,cb_intrinsic,brain,AVLP(R),332.5,119.2,7,-1,-1,-1,-1,-1,-1,-1,49,-1,-1,37
AVLP229,cb_intrinsic,brain,AVLP(R),671.4,232.4,-1,-1,65,52,68,53,-1,67,-1,-1,-1,37
AVLP230,cb_intrinsic,brain,PVLP(R),683.4,195.5,64,-1,-1,48,59,-1,34,-1,-1,-1,69,37
AVLP231,cb_intrinsic,brain,AVLP(R),730.9,241.0,-1,-1,-1,41,-1,-1,-1,-1,-1,-1,-1,37
AVLP232,cb_intrinsic,brain,PVLP(L),741.9,207.6,-1,-1,13,-1,14,-1,55,-1,-1,-1,-1,37
AVLP234,cb_intrinsic,brain,AVLP(R),677.7,185.8,35,-1,-1,-1,-1,-1,53,-1,-1,-1,-1,37
AVLP235,cb_intrinsic,brain,AVLP(R),356.1,228.4,25,-1,29,-1,59,-1,48,-1,-1,-1,-1,37
AVLP243,cb_intrinsic,brain,AVLP(R),391.2,263.1,39,-1,12,-1,42,-1,32,-1,28,-1,-1,37
AVLP244,cb_intrinsic,brain,AVLP(R),315.0,242.3,-1,-1,14,-1,41,-1,65,-1,36,-1,-1,37
AVLP250,cb_intrinsic,brain,AVLP(R),772.6,223.8,-1,-1,-1,-1,-1,-1,-1,-1,35,-1,-1,37
AVLP251,cb_intrinsic,brain,AVLP(R),678.0,225.6,10,-1,66,-1,19,-1,-1,-1,18,-1,-1,37
AVLP252,cb_intrinsic,brain,AVLP(R),702.4,242.2,-1,-1,64,-1,24,-1,53,-1,42,-1,-1,37
AVLP253,cb_intrinsic,brain,AVLP(R),274.2,198.2,-1,-1,-1,-1,-1,-1,64,-1,29,-1,-1,37
AVLP254,cb_intrinsic,brain,AVLP(R),313.1,100.8,-1,-1,-1,-1,-1,-1,-1,-1,34,-1,-1,37
AVLP255,cb_intrinsic,brain,AVLP(R),707.7,182.4,65,-1,-1,61,-1,-1,-1,-1,-1,-1,-1,37
AVLP256,cb_intrinsic,brain,AVLP(R),595.5,232.4,14,-1,54,-1,-1,-1,-1,68,38,-1,67,37
AVLP257,cb_intrinsic,brain,AVLP(R),440.2,151.4,5,-1,34,-1,37,-1,69,-1,44,-1,-1,37
AVLP258,cb_intrinsic,brain,AVLP(R),742.9,247.2,-1,-1,10,-1,-1,68,57,-1,44,-1,-1,37
AVLP259,cb_intrinsic,brain,AVLP(R),282.1,218.6,14,-1,23,-1,46,-1,29,-1,-1,-1,-1,37
AVLP260,cb_intrinsic,brain,AVLP(R),739.0,255.7,-1,-1,-1,66,-1,-1,66,-1,37,-1,-1,37
AVLP261_a,cb_intrinsic,brain,AVLP(R),344.9,251.4,21,-1,24,-1,51,-1,63,-1,49,-1,-1,37
AVLP261_b,cb_intrinsic,brain,AVLP(R),696.9,282.0,40,-1,55,-1,-1,-1,35,-1,29,-1,-1,37
AVLP262,cb_intrinsic,brain,AVLP(R),713.2,146.3,-1,-1,27,-1,54,-1,34,-1,-1,-1,-1,37
AVLP263,cb_intrinsic,brain,AVLP(R),357.9,209.7,31,-1,-1,-1,-1,-1,-1,-1,-1,-1,-1,37
AVLP264,cb_intrinsic,brain,AVLP(R),681.7,206.6,-1,-1,-1,-1,19,-1,-1,-1,45,-1,-1,37
AVLP265,cb_intrinsic,brain,AVLP(R),748.9,252.6,-1,-1,24,-1,31,-1,-1,-1,50,-1,-1,37
AVLP266,cb_intrinsic,brain,AVLP(R),745.4,224.7,-1,-1,57,-1,23,-1,-1,-1,39,-1,63,37
AVLP267,cb_intrinsic,brain,AVLP(R),320.3,125.1,-1,-1,43,-1,40,-1,29,-1,19,-1,-1,37
AVLP268,cb_intrinsic,brain,AVLP(R),730.3,265.9,26,-1,-1,-1,51,-1,-1,-1,42,-1,-1,37
AVLP269_a,cb_intrinsic,brain,AVLP(R),730.0,186.1,-1,-1,19,-1,21,-1,-1,-1,36,-1,68,37
AVLP269_b,cb_intrinsic,brain,AVLP(R),360.8,259.1,48,-1,32,-1,-1,-1,-1,-1,38,-1,-1,37
AVLP271,cb_intrinsic,brain,AVLP(R),287.7,216.4,17,-1,69,-1,25,-1,-1,-1,34,-1,47,37
AVLP274_a,cb_intrinsic,brain,AVLP(R),349.6,258.1,-1,-1,39,-1,34,-1,-1,-1,35,-1,33,-1
AVLP274_b,cb_intrinsic,brain,AVLP(R),327.5,280.2,-1,-1,-1,-1,-1,-1,-1,-1,24,-1,-1,37
AVLP277,cb_intrinsic,brain,AVLP(R),751.6,241.7,18,-1,-1,-1,-1,-1,33,-1,-1,-1,-1,37
AVLP279,cb_intrinsic,brain,AVLP(R),313.9,179.3,-1,-1,25,-1,18,-1,-1,-1,28,-1,-1,37
AVLP280,cb_intrinsic,brain,AVLP(R),672.0,242.9,-1,-1,19,-1,29,-1,62,-1,22,-1,-1,37
AVLP281,cb_intrinsic,brain,AVLP(R),333.7,108.6,44,-1,24,-1,-1,-1,27,-1,-1,-1,-1,37
AVLP282,cb_intrinsic,brain,PVLP(L),689.6,228.4,-1,-1,6,-1,25,-1,62,-1,56,-1,-1,37
AVLP283,cb_intrinsic,brain,AVLP(R),730.2,232.3,-1,-1,9,-1,36,-1,-1,-1,39,-1,34,-1
AVLP284,cb_intrinsic,brain,PVLP(R),256.3,209.4,26,-1,-1,51,-1,-1,-1,-1,-1,-1,-1,37
AVLP285,cb_intrinsic,brain,AVLP(L),710.2,183.4,27,-1,18,-1,36,-1,-1,-1,-1,-1,-1,37
AVLP287,cb_intrinsic,brain,AVLP(L),304.4,279.2,-1,-1,49,-1,47,-1,-1,-1,66,-1,-1,37
AVLP288,cb_intrinsic,brain,PVLP(R),692.0,161.3,-1,-1,49,-1,-1,-1,48,-1,-1,-1,57,37
AVLP289,cb_intrinsic,brain,AVLP(R),300.3,265.4,1,-1,5,-1,23,-1,34,-1,-1,-1,-1,37
AVLP290_a,cb_intrinsic,brain,AVLP(R),255.2,252.5,-1,-1,18,-1,26,-1,33,-1,44,-1,-1,37
AVLP290_b,cb_intrinsic,brain,AVLP(R),694.6,257.1,-1,-1,6,-1,-1,-1,32,-1,-1,-1,-1,37
AVLP292,cb_intrinsic,brain,AVLP(L),759.3,215.0,49,-1,-1,53,15,-1,55,-1,-1,-1,-1,37
AVLP293,cb_intrinsic,brain,AVLP(R),271.2,267.2,15,-1,53,-1,-1,-1,-1,68,-1,-1,-1,37
AVLP294,cb_intrinsic,brain,AVLP(R),273.7,196.2,46,-1,22,-1,24,-1,-1,-1,-1,-1,-1,37
AVLP295,cb_intrinsic,brain,AVLP(R),312.7,255.8,-1,-1,-1,-1,23,-1,-1,-1,51,-1,63,37
AVLP296_a,cb_intrinsic,brain,AVLP(R),307.3,181.7,-1,-1,-1,-1,54,-1,-1,-1,-1,-1,-1,37
AVLP296_b,cb_intrinsic,brain,AVLP(R),302.6,195.7,-1,-1,43,-1,53,-1,-1,-1,-1,-1,57,37
AVLP297,cb_intrinsic,brain,AVLP(R),342.3,197.7,-1,-1,8,-1,11,-1,55,-1,40,-1,-1,37
AVLP298,cb_intrinsic,brain,AVLP(R),291.2,214.7,35,-1,53,-1,36,-1,-1,-1,40,-1,-1,37
AVLP299_a,cb_intrinsic,brain,AVLP(R),249.5,213.1,42,-1,-1,-1,-1,-1,-1,-1,-1,-1,-1,37
AVLP299_b,cb_intrinsic,brain,AVLP(R),409.1,327.1,-1,-1,55,-1,32,-1,20,-1,26,-1,-1,37
AVLP299_c,cb_intrinsic,brain,AVLP(L),528.6,380.3,27,-1,-1,-1,-1,-1,-1,-1,-1,-1,-1,37
AVLP299_d,cb_intrinsic,brain,AVLP(R),451.7,436.8,-1,-1,46,-1,22,-1,30,-1,35,-1,-1,37
AVLP300_a,cb_intrinsic,brain,AVLP(R),276.9,277.8,-1,-1,-1,-1,-1,-1,-1,-1,-1,-1,-1,37
AVLP300_b,cb_intrinsic,brain,AVLP(R),296.7,222.3,-1,-1,-1,-1,44,-1,-1,-1,68,-1,54,37
AVLP302,cb_intrinsic,brain,AVLP(R),271.3,226.9,-1,-1,-1,-1,39,-1,-1,-1,41,-1,53,37
AVLP303,cb_intrinsic,brain,AVLP(L),676.5,245.7,38,-1,37,-1,25,-1,47,-1,-1,-1,-1,37
AVLP304,cb_intrinsic,brain,AVLP(R),292.7,234.9,-1,-1,-1,51,-1,-1,-1,-1,-1,-1,66,37
AVLP305,cb_intrinsic,brain,AVLP(R),261.0,219.9,-1,-1,-1,-1,43,-1,-1,-1,38,-1,-1,37
AVLP306,cb_intrinsic,brain,AVLP(L),360.3,288.1,-1,-1,32,-1,-1,-1,33,-1,-1,-1,50,37
AVLP308,cb_intrinsic,brain,AVLP(R),723.0,210.1,30,-1,-1,-1,29,-1,-1,-1,69,-1,-1,37
AVLP309,cb_intrinsic,brain,AVLP(R),697.3,184.1,66,-1,56,-1,29,-1,-1,-1,46,-1,-1,37
AVLP310,cb_intrinsic,brain,AVLP(R),744.1,254.7,55,-1,30,-1,15,-1,47,-1,-1,-1,-1,37
AVLP311_a1,cb_intrinsic,brain,AVLP(R),362.3,216.4,69,-1,23,-1,46,-1,-1,-1,-1,-1,-1,37
AVLP311_a2,cb_intrinsic,brain,AVLP(R),333.0,264.3,-1,-1,21,-1,24,-1,55,-1,-1,-1,-1,37
AVLP311_b1,cb_intrinsic,brain,AVLP(R),293.4,286.3,37,-1,-1,53,33,-1,-1,68,-1,-1,66,37
AVLP311_b2,cb_intrinsic,brain,AVLP(R),737.1,242.5,29,-1,-1,46,45,-1,-1,67,-1,-1,-1,37
AVLP312,cb_intrinsic,brain,AVLP(R),294.1,226.9,31,-1,25,-1,25,-1,61,-1,28,-1,-1,37
AVLP314,cb_intrinsic,brain,AVLP(R),283.9,201.5,1,-1,36,-1,27,-1,33,-1,36,-1,54,37
AVLP315,cb_intrinsic,brain,AVLP(R),268.0,200.9,26,-1,15,-1,19,-1,12,-1,30,-1,8,-1
AVLP316,cb_intrinsic,brain,AVLP(R),318.0,248.1,-1,-1,25,-1,3,-1,45,-1,4,-1,-1,37
AVLP317,cb_intrinsic,brain,AVLP(R),724.0,218.8,-1,-1,36,-1,24,-1,7,-1,35,-1,-1,37
AVLP318,cb_intrinsic,brain,AVLP(R),694.9,176.3,-1,-1,41,-1,-1,-1,63,-1,-1,-1,-1,37
AVLP320_a,cb_intrinsic,brain,PVLP(L),305.6,239.6,50,-1,-1,60,-1,-1,-1,-1,-1,-1,-1,37
AVLP320_b,cb_intrinsic,brain,AVLP(L),665.3,211.8,-1,-1,-1,-1,-1,-1,-1,-1,53,-1,-1,37
AVLP321,cb_intrinsic,brain,AVLP(R),681.8,238.2,-1,-1,38,-1,37,-1,-1,67,-1,-1,-1,37
AVLP322,cb_intrinsic,brain,PVLP(R),313.9,234.1,50,-1,36,-1,-1,-1,-1,68,-1,-1,-1,37
AVLP323,cb_intrinsic,brain,AVLP(R),288.7,208.0,57,-1,31,-1,17,-1,34,-1,28,-1,-1,37
AVLP325_a,cb_intrinsic,brain,AVLP(R),327.3,256.4,-1,-1,29,-1,-1,52,-1,-1,-1,-1,-1,37
AVLP325_b,cb_intrinsic,brain,PVLP(R),369.5,262.1,38,-1,48,23,20,-1,-1,67,-1,-1,-1,37
AVLP329,cb_intrinsic,brain,AVLP(R),337.4,191.9,11,-1,-1,-1,42,-1,35,-1,49,-1,-1,37
AVLP330,cb_intrinsic,brain,AVLP(R),343.0,183.1,59,-1,-1,-1,61,-1,-1,-1,-1,-1,-1,37
AVLP331a,cb_intrinsic,brain,AVLP(R),264.0,249.7,31,-1,-1,-1,-1,-1,34,-1,56,-1,-1,37
AVLP332,cb_intrinsic,brain,AVLP(R),341.0,254.4,2,-1,-1,38,-1,65,35,-1,-1,-1,-1,37
AVLP333,cb_intrinsic,brain,AVLP(R),342.4,261.7,-1,-1,49,-1,25,-1,-1,68,-1,-1,-1,37
AVLP334,cb_intrinsic,brain,PVLP(L),685.7,206.9,64,-1,33,-1,15,-1,-1,-1,-1,-1,-1,37
AVLP337,cb_intrinsic,brain,AVLP(R),281.4,258.9,-1,-1,37,-1,36,-1,55,-1,-1,-1,-1,37
AVLP338,cb_intrinsic,brain,AVLP(R),305.5,178.0,33,-1,40,-1,47,-1,51,-1,68,-1,65,37
AVLP339,cb_intrinsic,brain,AVLP(R),697.8,181.9,-1,-1,34,-1,65,-1,34,-1,42,-1,34,-1
AVLP340,cb_intrinsic,brain,AVLP(R),322.1,283.8,-1,-1,-1,68,61,-1,-1,-1,48,-1,-1,37
AVLP341,cb_intrinsic,brain,AVLP(R),688.9,160.2,-1,-1,19,-1,27,-1,-1,-1,-1,-1,-1,37
AVLP342,cb_intrinsic,brain,AVLP(R),319.2,280.8,-1,-1,-1,-1,-1,-1,-1,-1,67,-1,64,37
AVLP343,cb_intrinsic,brain,AVLP(R),346.7,44.8,-1,-1,-1,-1,-1,-1,34,-1,45,-1,-1,37
AVLP344,cb_intrinsic,brain,AVLP(R),303.2,275.5,-1,-1,-1,-1,-1,-1,-1,-1,51,-1,-1,37
AVLP345_a,cb_intrinsic,brain,AVLP(R),329.8,218.3,-1,-1,-1,-1,66,-1,-1,-1,44,-1,-1,37
AVLP345_b,cb_intrinsic,brain,AVLP(L),721.4,229.5,32,-1,-1,-1,-1,-1,-1,-1,-1,-1,63,37
AVLP346,cb_intrinsic,brain,AVLP(R),305.5,186.5,49,-1,35,-1,10,-1,-1,-1,40,-1,-1,37
AVLP347,cb_intrinsic,brain,AVLP(R),308.0,207.6,53,-1,20,-1,30,-1,32,-1,45,-1,-1,37
AVLP348,cb_intrinsic,brain,AVLP(R),306.2,267.5,12,-1,-1,-1,34,-1,35,-1,42,-1,48,37
AVLP349,cb_intrinsic,brain,AVLP(R),284.2,190.8,8,-1,6,-1,21,-1,48,-1,-1,-1,-1,37
AVLP352,cb_intrinsic,brain,AVLP(R),707.1,295.9,-1,-1,3,-1,6,-1,-1,-1,46,-1,-1,37
AVLP353,cb_intrinsic,brain,AVLP(L),312.7,186.8,-1,-1,20,-1,15,-1,52,-1,-1,-1,-1,37
AVLP354,cb_intrinsic,brain,AVLP(L),674.7,235.7,36,-1,23,-1,16,-1,-1,-1,-1,-1,-1,37
AVLP357,cb_intrinsic,brain,AVLP(R),342.2,213.9,36,-1,45,-1,-1,-1,-1,-1,-1,-1,53,37
AVLP363,cb_intrinsic,brain,AVLP(R),341.1,300.0,4,-1,-1,-1,-1,-1,-1,-1,-1,-1,-1,37
AVLP365,cb_intrinsic,brain,AVLP(R),743.9,235.1,30,-1,37,-1,53,-1,62,-1,-1,-1,-1,37
AVLP369,cb_intrinsic,brain,AVLP(R),734.8,161.6,-1,-1,-1,-1,28,-1,56,-1,20,-1,-1,37
AVLP370_a,cb_intrinsic,brain,AVLP(R),663.2,219.0,-1,-1,-1,-1,36,-1,24,-1,-1,-1,-1,37
AVLP370_b,cb_intrinsic,brain,AVLP(R),314.6,225.3,-1,-1,11,-1,23,-1,32,-1,13,-1,66,37
AVLP371,cb_intrinsic,brain,AVLP(R),297.7,253.5,49,-1,-1,-1,-1,-1,-1,-1,34,-1,-1,37
AVLP372,cb_intrinsic,brain,AVLP(R),347.3,249.4,-1,-1,29,-1,49,-1,34,-1,43,-1,56,37
AVLP373,cb_intrinsic,brain,AVLP(R),289.6,238.3,68,-1,-1,-1,45,-1,-1,-1,-1,-1,-1,37
AVLP374,cb_intrinsic,brain,AVLP(R),725.3,242.8,-1,-1,4,-1,3,-1,-1,-1,38,-1,-1,37
AVLP377,cb_intrinsic,brain,AVLP(R),307.1,185.0,-1,-1,3,-1,3,-1,-1,-1,45,-1,16,-1
AVLP378,cb_intrinsic,brain,AVLP(R),755.6,202.2,-1,-1,-1,-1,-1,-1,-1,-1,-1,-1,-1,37
AVLP379,cb_intrinsic,brain,AVLP(R),282.1,188.1,37,-1,40,-1,32,-1,-1,-1,-1,-1,-1,37
AVLP380,cb_intrinsic,brain,AVLP(R),384.2,351.0,15,-1,-1,-1,-1,-1,-1,-1,-1,-1,-1,37
AVLP381,cb_intrinsic,brain,AVLP(R),336.5,270.1,-1,-1,-1,53,-1,-1,-1,-1,-1,-1,-1,37
AVLP385,cb_intrinsic,brain,AVLP(R),683.2,213.5,61,-1,49,-1,9,-1,34,-1,28,-1,-1,37
AVLP387,cb_intrinsic,brain,AVLP(R),728.5,204.4,-1,-1,-1,-1,18,-1,-1,-1,40,-1,-1,37
AVLP390,cb_intrinsic,brain,AVLP(R),342.5,305.3,4,-1,12,-1,19,-1,62,-1,28,-1,-1,37
AVLP393,cb_intrinsic,brain,AVLP(R),262.1,263.7,32,-1,-1,30,-1,55,-1,68,-1,-1,-1,37
AVLP394,cb_intrinsic,brain,AVLP(R),704.2,236.6,-1,-1,-1,60,23,-1,49,-1,-1,-1,-1,37
AVLP395,cb_intrinsic,brain,AVLP(R),711.2,190.6,41,-1,-1,-1,62,48,-1,-1,-1,-1,-1,37
AVLP396,cb_intrinsic,brain,AVLP(R),409.3,168.4,-1,-1,-1,-1,22,-1,-1,-1,13,-1,67,37
AVLP397,cb_intrinsic,brain,AVLP(R),348.6,273.4,-1,-1,21,-1,68,-1,35,-1,27,-1,-1,37
AVLP398,cb_intrinsic,brain,AVLP(L),338.2,339.6,-1,-1,-1,-1,-1,-1,-1,-1,-1,-1,-1,37
AVLP399,cb_intrinsic,brain,AVLP(R),756.9,242.3,-1,-1,20,-1,52,-1,53,-1,-1,-1,-1,37
AVLP400,cb_intrinsic,brain,AVLP(R),279.1,291.1,-1,-1,4,-1,9,-1,-1,-1,-1,-1,-1,37
AVLP401,cb_intrinsic,brain,AVLP(R),287.0,196.4,-1,-1,9,-1,7,-1,-1,-1,40,-1,-1,37
AVLP402,cb_intrinsic,brain,AVLP(R),613.9,109.8,52,-1,-1,61,-1,-1,-1,-1,-1,-1,-1,37
AVLP403,cb_intrinsic,brain,AVLP(R),295.3,269.9,-1,-1,62,-1,-1,-1,-1,-1,-1,-1,-1,37
AVLP404,cb_intrinsic,brain,AVLP(R),344.7,183.8,-1,-1,-1,-1,59,-1,-1,-1,-1,-1,58,37
AVLP405,cb_intrinsic,brain,PVLP(R),276.8,279.7,-1,-1,52,-1,55,-1,-1,-1,-1,-1,67,37
AVLP407,cb_intrinsic,brain,PVLP(R),304.6,289.0,-1,-1,35,-1,-1,68,-1,64,-1,-1,-1,37
AVLP409,cb_intrinsic,brain,PVLP(R),658.6,203.3,-1,-1,22,19,26,-1,-1,66,-1,-1,-1,37
AVLP410,cb_intrinsic,brain,AVLP(R),693.6,228.6,11,-1,39,23,22,-1,-1,68,-1,-1,44,37
AVLP411,cb_intrinsic,brain,AVLP(R),725.6,251.3,4,-1,24,-1,14,-1,54,-1,46,-1,69,37
AVLP412,cb_intrinsic,brain,AVLP(R),258.0,279.1,-1,-1,-1,-1,60,-1,-1,-1,-1,-1,-1,37
AVLP413,cb_intrinsic,brain,AVLP(R),265.9,217.6,25,-1,-1,-1,-1,-1,-1,-1,-1,-1,-1,37
AVLP415,cb_intrinsic,brain,AVLP(L),361.6,208.8,23,-1,-1,15,44,-1,-1,67,-1,-1,-1,37
AVLP417,cb_intrinsic,brain,AVLP(R),325.9,85.2,-1,-1,11,-1,-1,-1,35,-1,50,-1,45,37
AVLP418,cb_intrinsic,brain,AVLP(L),303.0,230.7,51,-1,68,-1,57,-1,-1,-1,55,-1,-1,37
AVLP419,cb_intrinsic,brain,AVLP(R),269.9,246.9,-1,-1,-1,-1,-1,-1,-1,-1,-1,-1,-1,37
AVLP419_a,cb_intrinsic,brain,AVLP(L),275.5,258.9,20,-1,-1,-1,18,-1,-1,-1,51,-1,-1,37
AVLP419_b,cb_intrinsic,brain,AVLP(R),293.3,269.9,-1,-1,-1,-1,-1,-1,-1,-1,-1,-1,-1,37
AVLP420_a,cb_intrinsic,brain,AVLP(R),686.8,240.4,-1,-1,17,-1,24,-1,53,-1,-1,-1,-1,37
AVLP420_b,cb_intrinsic,brain,AVLP(L),682.4,197.2,-1,-1,12,-1,10,-1,8,-1,32,-1,-1,37
AVLP421,cb_intrinsic,brain,AVLP(R),772.7,206.2,-1,-1,-1,-1,69,-1,-1,-1,-1,-1,65,37
AVLP422,cb_intrinsic,brain,AVLP(R),314.1,270.7,-1,-1,-1,-1,-1,-1,10,-1,-1,-1,-1,37
AVLP423,cb_intrinsic,brain,AVLP(L),686.9,180.5,28,-1,12,-1,64,-1,-1,-1,-1,-1,50,37
AVLP424,cb_intrinsic,brain,AVLP(L),733.7,198.1,20,-1,-1,-1,-1,-1,-1,-1,-1,-1,-1,37
AVLP427,cb_intrinsic,brain,AVLP(R),332.0,271.7,-1,-1,-1,-1,-1,-1,55,-1,-1,-1,-1,37
AVLP428,cb_intrinsic,brain,AVLP(R),307.0,208.0,11,-1,48,-1,-1,-1,54,-1,43,-1,63,37
AVLP429,cb_intrinsic,brain,AVLP(R),343.0,284.6,58,-1,-1,-1,26,-1,21,-1,46,-1,30,-1
AVLP430,cb_intrinsic,brain,AVLP(R),675.8,313.3,5,-1,29,-1,49,-1,-1,-1,-1,-1,-1,37
AVLP431,cb_intrinsic,brain,AVLP(L),321.7,208.0,18,-1,30,-1,-1,-1,-1,-1,52,-1,-1,37
AVLP432,cb_intrinsic,brain,AVLP(R),703.4,268.9,64,-1,-1,-1,10,-1,-1,-1,25,-1,51,37
AVLP433_a,cb_intrinsic,brain,AVLP(R),311.9,187.1,21,-1,46,-1,17,-1,-1,-1,35,-1,-1,37
AVLP433_b,cb_intrinsic,brain,AVLP(R),720.2,168.6,50,-1,19,-1,22,-1,62,-1,14,-1,-1,37
AVLP434_a,cb_intrinsic,brain,AVLP(R),648.4,70.3,-1,-1,28,-1,8,-1,38,-1,13,-1,49,37
AVLP434_b,cb_intrinsic,brain,AVLP(R),634.0,174.3,42,-1,42,-1,15,-1,-1,-1,18,-1,-1,37
AVLP435_a,cb_intrinsic,brain,AVLP(R),268.3,239.2,38,-1,9,-1,9,-1,56,-1,54,-1,-1,37
AVLP435_b,cb_intrinsic,brain,AVLP(R),766.8,213.5,14,-1,10,-1,55,-1,35,-1,-1,-1,-1,37
AVLP436,cb_intrinsic,brain,AVLP(R),303.8,223.2,-1,-1,7,-1,47,-1,34,-1,54,-1,53,37
AVLP437,cb_intrinsic,brain,AVLP(R),348.2,188.2,-1,-1,-1,-1,18,-1,-1,-1,33,-1,60,37
AVLP439,cb_intrinsic,brain,AVLP(R),277.4,243.1,34,-1,46,-1,35,-1,34,-1,42,-1,-1,37
AVLP440,cb_intrinsic,brain,AVLP(L),693.0,178.7,69,-1,-1,68,44,-1,-1,-1,30,-1,54,37
AVLP442,cb_intrinsic,brain,AVLP(R),711.1,56.8,-1,-1,23,-1,7,-1,52,-1,17,-1,-1,37
AVLP443,cb_intrinsic,brain,AVLP(R),281.7,212.9,-1,-1,30,-1,20,-1,19,-1,27,-1,-1,37
AVLP444,cb_intrinsic,brain,AVLP(R),308.4,122.6,52,-1,10,-1,31,-1,33,-1,43,-1,-1,37
AVLP445,cb_intrinsic,brain,GNG,738.5,93.8,-1,-1,-1,-1,68,-1,26,-1,-1,-1,6,-1
AVLP446,cb_intrinsic,brain,PLP(R),415.7,263.3,32,-1,54,-1,31,-1,27,-1,49,-1,-1,37
AVLP447,cb_intrinsic,brain,GNG,408.9,137.5,-1,-1,38,-1,60,-1,37,-1,-1,-1,8,-1
AVLP448,cb_intrinsic,brain,AVLP(R),350.5,270.8,-1,-1,43,-1,37,-1,-1,-1,46,-1,-1,37
AVLP449,cb_intrinsic,brain,AVLP(R),703.3,215.8,-1,-1,-1,69,5,-1,19,-1,10,-1,-1,37
AVLP451,cb_intrinsic,brain,AVLP(R),275.7,231.2,-1,-1,43,-1,22,-1,-1,-1,-1,-1,-1,37
AVLP452,cb_intrinsic,brain,PVLP(L),672.8,183.3,-1,-1,-1,66,18,-1,-1,-1,-1,-1,-1,37
AVLP454_a1,cb_intrinsic,brain,AVLP(R),699.2,309.9,-1,-1,-1,-1,61,-1,-1,-1,55,-1,-1,37
AVLP454_a2,cb_intrinsic,brain,AVLP(L),743.2,262.9,-1,-1,-1,52,-1,68,-1,-1,-1,-1,-1,37
AVLP454_a3,cb_intrinsic,brain,AVLP(R),722.0,195.9,32,-1,-1,-1,-1,-1,-1,-1,-1,-1,-1,37
AVLP454_b1,cb_intrinsic,brain,AVLP(R),720.0,194.9,-1,-1,-1,-1,-1,-1,-1,-1,-1,-1,-1,37
AVLP454_b2,cb_intrinsic,brain,AVLP(R),292.8,265.1,-1,-1,-1,-1,-1,-1,-1,-1,-1,-1,-1,37
AVLP454_b3,cb_intrinsic,brain,AVLP(R),298.4,253.3,38,-1,-1,-1,-1,-1,-1,-1,69,-1,66,37
AVLP454_b4,cb_intrinsic,brain,AVLP(R),674.4,232.7,-1,-1,-1,-1,-1,-1,-1,-1,-1,-1,-1,37
AVLP454_b5,cb_intrinsic,brain,AVLP(R),691.2,166.7,18,-1,-1,-1,-1,53,-1,-1,-1,-1,-1,37
AVLP454_b6,cb_intrinsic,brain,AVLP(R),733.7,240.7,-1,-1,-1,-1,66,55,-1,-1,-1,-1,-1,37
AVLP455,cb_intrinsic,brain,AVLP(R),330.0,203.0,-1,-1,-1,-1,-1,-1,-1,-1,-1,-1,-1,37
AVLP457,cb_intrinsic,brain,AVLP(R),751.9,242.4,-1,-1,-1,-1,-1,-1,-1,-1,34,-1,-1,37
AVLP459,cb_intrinsic,brain,AVLP(R),772.3,226.2,-1,-1,-1,-1,-1,-1,-1,-1,-1,-1,-1,37
AVLP460,cb_intrinsic,brain,ICL(L),607.4,182.8,18,-1,-1,-1,-1,-1,-1,-1,18,-1,-1,37
AVLP461,cb_intrinsic,brain,AVLP(L),745.4,205.9,50,-1,31,-1,-1,-1,27,-1,49,-1,54,37
AVLP462,cb_intrinsic,brain,AVLP(R),324.9,168.3,-1,-1,23,-1,24,-1,28,-1,23,-1,53,37
AVLP463,cb_intrinsic,brain,GNG,475.7,287.4,-1,-1,36,-1,61,-1,7,-1,-1,-1,-1,37
AVLP464,cb_intrinsic,brain,PLP(R),369.2,275.8,-1,-1,8,-1,66,-1,-1,54,-1,-1,-1,37
AVLP465,cb_intrinsic,brain,AVLP(R),742.3,224.2,36,-1,3,-1,3,-1,28,-1,43,-1,-1,37
AVLP469,cb_intrinsic,brain,PVLP(R),678.7,206.8,3,-1,39,-1,-1,53,-1,67,-1,-1,-1,37
AVLP470_a,cb_intrinsic,brain,AVLP(R),322.5,307.9,13,-1,-1,-1,-1,-1,52,-1,-1,-1,-1,37
AVLP470_b,cb_intrinsic,brain,AVLP(R),459.6,133.9,28,-1,-1,-1,-1,-1,-1,-1,-1,-1,-1,37
AVLP471,cb_intrinsic,brain,AVLP(L),736.1,221.9,39,-1,26,-1,18,-1,27,-1,16,-1,-1,37
AVLP473,cb_intrinsic,brain,AVLP(L),746.9,253.3,20,-1,37,-1,-1,-1,30,-1,25,-1,-1,37
AVLP474,cb_intrinsic,brain,AVLP(R),322.4,188.5,38,-1,-1,-1,35,-1,34,-1,21,-1,67,37
AVLP475_a,cb_intrinsic,brain,AVLP(R),657.5,227.4,52,-1,-1,-1,-1,-1,64,-1,-1,-1,67,37
AVLP475_b,cb_intrinsic,brain,AVLP(R),683.1,190.9,39,-1,46,-1,51,-1,49,-1,36,-1,59,37
AVLP476,cb_intrinsic,brain,AVLP(R),726.2,231.1,18,-1,-1,69,24,-1,-1,-1,66,-1,52,37
AVLP477,cb_intrinsic,brain,AVLP(R),480.4,130.0,-1,-1,27,-1,-1,-1,37,-1,11,-1,63,37
AVLP478,cb_intrinsic,brain,AVLP(R),334.5,221.6,-1,-1,44,-1,14,-1,-1,-1,37,-1,-1,37
AVLP479,cb_intrinsic,brain,PVLP(R),342.8,224.4,-1,-1,6,-1,15,-1,-1,67,-1,-1,-1,37
AVLP480,cb_intrinsic,brain,AVLP(L),318.0,230.7,49,-1,-1,-1,29,-1,35,-1,39,-1,45,37
AVLP481,cb_intrinsic,brain,AVLP(R),713.0,243.1,17,-1,-1,-1,29,-1,-1,-1,32,-1,-1,37
AVLP483,cb_intrinsic,brain,AVLP(L),287.3,225.0,-1,-1,-1,-1,-1,-1,-1,-1,26,-1,-1,37
AVLP484,cb_intrinsic,brain,AVLP(R),299.5,242.5,-1,-1,-1,-1,-1,-1,-1,-1,23,-1,-1,37
AVLP485,cb_intrinsic,brain,AVLP(R),279.4,192.6,48,-1,-1,-1,-1,-1,-1,-1,34,-1,-1,37
AVLP486,cb_intrinsic,brain,AVLP(R),724.6,146.6,43,-1,43,-1,-1,-1,53,-1,-1,-1,47,37
AVLP487,cb_intrinsic,brain,PLP(R),327.7,177.1,-1,-1,-1,-1,-1,-1,-1,-1,43,-1,-1,37
AVLP488,cb_intrinsic,brain,AVLP(R),742.3,166.9,48,-1,12,-1,27,-1,-1,-1,39,-1,-1,37
AVLP489,cb_intrinsic,brain,AVLP(R),271.7,197.7,-1,-1,14,-1,20,-1,-1,-1,-1,-1,-1,37
AVLP490,cb_intrinsic,brain,AVLP(R),301.5,252.9,-1,-1,9,-1,-1,-1,54,-1,-1,-1,-1,37
AVLP491,cb_intrinsic,brain,GNG,627.6,56.4,25,-1,43,-1,67,-1,4,-1,16,-1,-1,37
AVLP492,cb_intrinsic,brain,ICL(R),403.9,193.5,-1,-1,-1,-1,-1,-1,44,-1,23,-1,56,37
AVLP494,cb_intrinsic,brain,AVLP(R),609.7,112.8,-1,-1,33,-1,12,-1,45,-1,22,-1,59,37
AVLP496,cb_intrinsic,brain,AVLP(R),303.2,202.2,19,-1,52,-1,42,-1,18,-1,53,-1,-1,37
AVLP497,cb_intrinsic,brain,AVLP(L),555.8,97.9,23,-1,-1,-1,-1,-1,-1,-1,45,-1,-1,37
AVLP498,cb_intrinsic,brain,AVLP(R),684.3,191.1,63,-1,24,-1,8,-1,-1,-1,10,-1,-1,37
AVLP500,cb_intrinsic,brain,AVLP(R),709.8,265.5,29,-1,33,-1,9,-1,-1,-1,44,-1,51,37
AVLP501,cb_intrinsic,brain,AVLP(R),347.9,222.4,6,-1,7,-1,62,-1,24,-1,-1,-1,-1,37
AVLP502,cb_intrinsic,brain,AVLP(R),261.8,264.8,-1,-1,14,-1,60,-1,54,-1,-1,-1,51,37
AVLP503,cb_intrinsic,brain,AVLP(R),713.3,253.1,-1,-1,27,-1,56,-1,-1,-1,-1,-1,-1,37
AVLP504,cb_intrinsic,brain,AVLP(R),392.4,134.8,-1,-1,66,-1,27,-1,63,-1,29,-1,-1,37
AVLP505,cb_intrinsic,brain,AVLP(R),703.2,276.9,53,-1,-1,-1,30,-1,-1,-1,32,-1,60,37
AVLP506,cb_intrinsic,brain,AVLP(R),750.5,249.5,-1,-1,26,-1,21,-1,-1,-1,21,-1,-1,37
AVLP507,cb_intrinsic,brain,AVLP(R),311.7,226.8,8,-1,26,-1,-1,-1,-1,-1,29,-1,-1,37
AVLP508,cb_intrinsic,brain,AVLP(R),417.0,163.0,-1,-1,39,-1,48,-1,-1,-1,45,-1,-1,37
AVLP509,cb_intrinsic,brain,AVLP(R),310.2,176.1,29,-1,15,-1,13,-1,62,-1,50,-1,29,-1
AVLP511,cb_intrinsic,brain,AVLP(R),698.5,188.5,-1,-1,-1,42,-1,-1,-1,-1,-1,-1,-1,37
AVLP517,cb_intrinsic,brain,AVLP(L),676.8,209.3,2,-1,20,-1,47,-1,63,-1,-1,-1,-1,37
AVLP519,cb_intrinsic,brain,AVLP(R),364.1,240.6,-1,-1,67,51,58,-1,-1,-1,-1,-1,-1,37
AVLP520,cb_intrinsic,brain,AVLP(R),652.1,208.5,-1,-1,6,-1,11,-1,32,-1,17,-1,64,37
AVLP521,cb_intrinsic,brain,AVLP(R),717.8,305.7,-1,-1,55,-1,23,-1,-1,-1,15,-1,-1,37
AVLP522,cb_intrinsic,brain,AVLP(L),742.6,271.1,15,-1,-1,-1,-1,-1,-1,-1,15,-1,-1,37
AVLP523,cb_intrinsic,brain,AVLP(R),617.5,168.0,-1,-1,52,-1,-1,-1,-1,-1,27,-1,50,37
AVLP524_b,cb_intrinsic,brain,AVLP(R),713.1,240.2,-1,-1,30,-1,18,-1,67,-1,21,-1,-1,37
AVLP525,cb_intrinsic,brain,AVLP(R),702.3,244.5,-1,-1,-1,-1,12,-1,-1,-1,9,-1,48,37
AVLP526,cb_intrinsic,brain,AVLP(R),334.5,212.4,8,-1,34,-1,30,-1,63,-1,33,-1,18,-1
AVLP527,cb_intrinsic,brain,AVLP(R),316.9,230.5,-1,-1,36,-1,28,-1,24,-1,17,-1,-1,37
AVLP529,cb_intrinsic,brain,AVLP(R),296.3,253.8,-1,-1,69,-1,-1,-1,-1,-1,44,-1,-1,37
AVLP530,cb_intrinsic,brain,AVLP(R),742.8,208.8,18,-1,-1,-1,35,-1,-1,-1,18,-1,-1,37
AVLP531,cb_intrinsic,brain,PVLP(R),594.7,177.1,-1,-1,18,-1,-1,41,-1,68,-1,-1,-1,37
AVLP532,cb_intrinsic,brain,AVLP(R),643.7,293.6,-1,-1,12,-1,4,-1,18,-1,14,-1,-1,37
AVLP533,cb_intrinsic,brain,AVLP(L),696.6,199.1,32,-1,6,-1,20,-1,10,-1,25,-1,68,37
AVLP534,cb_intrinsic,brain,AVLP(R),346.2,246.5,16,-1,51,-1,20,-1,44,-1,25,-1,-1,37
AVLP535,cb_intrinsic,brain,AVLP(R),322.7,236.9,45,-1,8,-1,5,-1,29,-1,45,-1,-1,37
AVLP536,cb_intrinsic,brain,AVLP(R),706.4,217.9,38,-1,7,-1,-1,40,28,-1,47,-1,-1,37
AVLP537,cb_intrinsic,brain,PVLP(R),299.3,195.9,-1,-1,5,-1,46,-1,-1,65,-1,-1,-1,37
AVLP538,cb_intrinsic,brain,PVLP(R),284.9,208.5,-1,-1,12,-1,4,-1,66,-1,25,-1,-1,37
AVLP539,cb_intrinsic,brain,AVLP(R),306.5,263.8,9,-1,10,-1,17,-1,7,-1,-1,-1,-1,37
AVLP541,cb_intrinsic,brain,AVLP(R),381.3,258.1,-1,-1,16,-1,22,-1,-1,68,-1,-1,-1,37
AVLP542,cb_intrinsic,brain,AVLP(R),316.9,265.1,68,-1,10,-1,6,-1,12,-1,36,-1,-1,37
AVLP543,cb_intrinsic,brain,AVLP(R),264.9,210.3,56,-1,37,-1,-1,-1,35,-1,-1,-1,49,37
AVLP544,cb_intrinsic,brain,AVLP(R),331.5,262.8,29,-1,3,-1,5,-1,11,-1,26,-1,-1,37
AVLP545,cb_intrinsic,brain,AVLP(R),690.0,178.5,-1,-1,15,-1,26,-1,54,-1,51,-1,-1,37
AVLP546,cb_intrinsic,brain,AVLP(L),334.1,276.1,22,-1,13,-1,54,-1,29,-1,30,-1,-1,37
AVLP547,cb_intrinsic,brain,AVLP(R),358.5,316.8,-1,-1,17,-1,32,-1,19,-1,53,-1,-1,37
AVLP548_a,cb_intrinsic,brain,AVLP(R),740.0,184.0,12,-1,61,-1,-1,-1,-1,-1,-1,-1,-1,37
AVLP548_b,cb_intrinsic,brain,AVLP(L),682.6,233.9,-1,-1,-1,-1,-1,-1,-1,-1,-1,-1,-1,37
AVLP548_c,cb_intrinsic,brain,AVLP(R),679.0,250.1,29,-1,64,-1,-1,-1,-1,-1,-1,-1,-1,37
AVLP548_d,cb_intrinsic,brain,AVLP(R),307.7,250.3,-1,-1,8,-1,-1,-1,-1,-1,-1,-1,-1,37
AVLP548_e,cb_intrinsic,brain,AVLP(L),726.1,158.9,-1,-1,11,-1,42,-1,-1,-1,-1,-1,-1,37
AVLP548_f1,cb_intrinsic,brain,AVLP(R),283.1,195.9,29,-1,30,-1,-1,-1,34,-1,-1,-1,-1,37
AVLP548_f2,cb_intrinsic,brain,AVLP(R),729.6,192.9,-1,-1,-1,-1,39,-1,-1,-1,-1,-1,51,37
AVLP548_g1,cb_intrinsic,brain,AVLP(L),716.3,168.6,-1,-1,11,-1,20,-1,-1,-1,52,-1,-1,37
AVLP548_g2,cb_intrinsic,brain,AVLP(R),284.9,269.9,40,-1,-1,38,-1,-1,-1,-1,-1,-1,-1,37
AVLP549,cb_intrinsic,brain,AVLP(R),708.0,220.9,-1,-1,66,-1,58,-1,55,-1,-1,-1,-1,37
AVLP550_a,cb_intrinsic,brain,AVLP(R),696.8,166.0,-1,-1,55,-1,-1,-1,-1,-1,-1,-1,-1,37
AVLP550_b,cb_intrinsic,brain,AVLP(R),327.8,192.5,-1,-1,-1,66,-1,-1,-1,-1,-1,-1,-1,37
AVLP550b,cb_intrinsic,brain,AVLP(R),293.2,251.6,25,-1,-1,30,32,-1,-1,-1,-1,-1,-1,37
AVLP551,cb_intrinsic,brain,AVLP(R),360.8,267.6,-1,-1,22,-1,25,-1,-1,-1,-1,-1,51,37
AVLP552,cb_intrinsic,brain,AVLP(R),339.2,255.7,-1,-1,-1,-1,-1,-1,-1,-1,-1,-1,-1,37
AVLP555,cb_intrinsic,brain,AVLP(R),253.4,229.0,-1,-1,-1,-1,-1,-1,49,-1,-1,-1,-1,37
AVLP557,cb_intrinsic,brain,AVLP(R),673.3,180.4,-1,-1,60,-1,46,-1,-1,-1,-1,-1,-1,37
AVLP558,cb_intrinsic,brain,AVLP(R),702.4,166.7,19,-1,19,-1,35,-1,33,-1,-1,-1,-1,37
AVLP559,cb_intrinsic,brain,AVLP(R),342.2,290.5,-1,-1,57,-1,39,-1,-1,-1,-1,-1,50,37
AVLP560,cb_intrinsic,brain,AVLP(R),334.8,238.0,56,-1,-1,-1,-1,-1,-1,-1,-1,-1,26,-1
AVLP562,cb_intrinsic,brain,AVLP(R),596.4,114.5,-1,-1,12,-1,12,-1,27,-1,9,-1,-1,37
AVLP563,cb_intrinsic,brain,AVLP(R),598.0,185.8,8,-1,16,-1,19,-1,49,-1,11,-1,-1,37
AVLP565,cb_intrinsic,brain,AVLP(R),727.2,198.7,41,-1,26,-1,24,-1,35,-1,-1,-1,-1,37
AVLP566,cb_intrinsic,brain,AVLP(R),740.4,167.6,21,-1,13,-1,-1,65,55,-1,45,-1,59,37
AVLP567,cb_intrinsic,brain,AVLP(R),335.0,188.8,-1,-1,42,-1,-1,-1,63,-1,24,-1,-1,37
AVLP571,cb_intrinsic,brain,AVLP(R),376.9,151.7,-1,-1,17,-1,11,-1,-1,-1,14,-1,10,-1
AVLP572,cb_intrinsic,brain,AVLP(R),629.0,139.6,9,-1,36,-1,41,-1,34,-1,14,-1,60,37
AVLP573,cb_intrinsic,brain,AVLP(R),720.9,288.1,32,-1,57,-1,19,-1,41,-1,21,-1,-1,37
AVLP574,cb_intrinsic,brain,AVLP(R),696.9,70.4,34,-1,9,-1,20,-1,37,-1,23,-1,-1,37
AVLP575,cb_intrinsic,brain,AVLP(R),680.9,167.5,32,-1,13,-1,65,-1,19,-1,24,-1,19,-1
AVLP576,cb_intrinsic,brain,AVLP(R),740.4,270.2,-1,-1,41,-1,29,-1,28,-1,30,-1,-1,37
AVLP577,cb_intrinsic,brain,AVLP(R),708.0,227.6,-1,-1,6,-1,11,-1,-1,-1,24,-1,47,37
AVLP578,cb_intrinsic,brain,AVLP(R),722.7,249.7,52,-1,40,-1,59,-1,34,-1,66,-1,34,-1
AVLP579,cb_intrinsic,brain,LAL(R),404.7,224.9,-1,-1,-1,-1,-1,-1,50,-1,27,-1,-1,37
AVLP580,cb_intrinsic,brain,AVLP(R),335.7,188.5,49,-1,53,-1,-1,-1,-1,-1,44,-1,-1,37
AVLP584,cb_intrinsic,brain,AVLP(L),680.2,255.9,20,-1,55,-1,37,-1,8,-1,-1,-1,-1,37
AVLP586,cb_intrinsic,brain,SCL(R),635.2,133.5,9,-1,-1,-1,-1,-1,-1,-1,-1,-1,-1,37
AVLP590,cb_intrinsic,brain,AVLP(R),715.0,244.4,15,-1,44,-1,-1,-1,-1,-1,-1,69,46,37
AVLP591,cb_intrinsic,brain,AVLP(R),756.0,223.0,-1,-1,33,-1,21,-1,-1,-1,19,-1,-1,37
AVLP592,cb_intrinsic,brain,AVLP(R),291.2,244.4,-1,-1,31,-1,12,-1,33,-1,34,-1,-1,37
AVLP593,cb_intrinsic,brain,AVLP(R),314.4,272.4,39,-1,51,-1,-1,-1,31,-1,-1,-1,8,-1
AVLP594,cb_intrinsic,brain,AVLP(R),721.4,249.3,-1,-1,13,-1,12,-1,2,-1,28,-1,7,-1
AVLP595,cb_intrinsic,brain,AVLP(R),705.1,45.6,-1,-1,-1,-1,-1,-1,35,-1,32,-1,-1,37
AVLP596,cb_intrinsic,brain,SLP(R),702.1,159.3,57,-1,-1,-1,-1,-1,-1,-1,-1,-1,-1,37
AVLP597,cb_intrinsic,brain,AVLP(L),724.2,218.0,2,-1,14,-1,6,-1,2,-1,14,-1,3,-1
AVLP598,cb_intrinsic,brain,AVLP(L),319.3,256.7,-1,-1,16,-1,46,-1,-1,-1,54,-1,-1,37
AVLP599,cb_intrinsic,brain,AVLP(R),298.4,291.6,-1,-1,33,-1,-1,-1,-1,-1,-1,-1,-1,37
AVLP600,cb_intrinsic,brain,AVLP(R),737.4,182.6,57,-1,21,-1,8,-1,-1,-1,42,-1,53,37
AVLP601,cb_intrinsic,brain,AVLP(R),323.3,293.3,52,-1,46,-1,44,-1,53,-1,-1,-1,-1,37
AVLP603,cb_intrinsic,brain,GNG,555.1,371.8,9,-1,-1,-1,-1,-1,-1,-1,-1,-1,65,37
AVLP604,cb_intrinsic,brain,AVLP(R),670.5,270.4,-1,-1,-1,-1,-1,-1,-1,-1,-1,-1,58,37
AVLP605,cb_intrinsic,brain,GNG,732.7,223.7,-1,-1,-1,-1,-1,-1,23,-1,-1,-1,19,-1
AVLP606,cb_intrinsic,brain,GNG,523.6,341.3,42,-1,-1,-1,69,-1,-1,-1,-1,-1,-1,37
AVLP607,cb_intrinsic,brain,AVLP(L),752.5,185.1,69,-1,-1,-1,-1,-1,-1,-1,-1,-1,-1,37
AVLP608,cb_intrinsic,brain,AVLP(R),332.7,226.5,6,-1,-1,61,-1,-1,19,-1,-1,-1,-1,37
AVLP609,cb_intrinsic,brain,SAD,369.7,257.5,-1,-1,26,-1,40,-1,18,-1,-1,-1,31,-1
AVLP610,cb_intrinsic,brain,AVLP(R),268.3,214.7,-1,-1,-1,-1,9,-1,55,-1,27,-1,50,37
AVLP611,cb_intrinsic,brain,AVLP(L),699.5,235.6,-1,-1,23,-1,30,-1,47,-1,-1,-1,28,-1
AVLP612,cb_intrinsic,brain,AVLP(R),690.2,245.8,-1,-1,33,-1,-1,-1,-1,-1,-1,-1,-1,37
AVLP613,cb_intrinsic,brain,GNG,495.6,394.3,58,-1,-1,-1,54,-1,9,-1,31,-1,6,-1
AVLP614,cb_intrinsic,brain,AVLP(R),643.2,296.3,24,-1,65,-1,-1,-1,28,-1,55,-1,-1,37
AVLP615,cb_intrinsic,brain,AVLP(L),318.0,219.8,-1,-1,25,-1,21,-1,18,-1,-1,-1,-1,37
AVLP700m,cb_intrinsic,brain,AVLP(R),586.2,148.1,-1,-1,41,-1,-1,-1,-1,-1,-1,-1,64,37
AVLP702m,cb_intrinsic,brain,VES(R),350.0,246.6,45,-1,-1,-1,28,-1,-1,-1,27,-1,66,37
AVLP703m,cb_intrinsic,brain,AVLP(R),442.3,112.5,47,-1,67,-1,-1,-1,43,-1,-1,-1,-1,37
AVLP704m,cb_intrinsic,brain,AVLP(L),623.9,181.8,11,-1,59,-1,-1,-1,-1,-1,-1,-1,48,37
AVLP705m,cb_intrinsic,brain,AVLP(R),314.4,267.1,-1,-1,33,-1,6,-1,-1,-1,14,-1,-1,37
AVLP706m,cb_intrinsic,brain,AVLP(R),319.0,216.1,17,-1,23,-1,26,-1,30,-1,50,-1,30,-1
AVLP708m,cb_intrinsic,brain,SMP(L),589.8,132.5,48,-1,-1,42,54,-1,-1,-1,-1,-1,-1,37
AVLP709m,cb_intrinsic,brain,GNG,590.6,182.5,-1,-1,24,-1,-1,-1,5,-1,14,-1,3,-1
AVLP710m,cb_intrinsic,brain,AVLP(R),505.3,390.2,-1,-1,22,-1,11,-1,6,-1,14,-1,-1,37
AVLP711m,cb_intrinsic,brain,AVLP(L),314.1,251.5,13,-1,28,-1,17,-1,-1,-1,20,-1,62,37
AVLP712m,cb_intrinsic,brain,AVLP(R),603.1,196.4,-1,-1,17,-1,12,-1,66,-1,7,-1,50,37
AVLP713m,cb_intrinsic,brain,SIP(L),617.9,75.6,52,-1,-1,-1,34,-1,-1,-1,12,-1,33,-1
AVLP714m,cb_intrinsic,brain,AVLP(R),708.1,157.4,43,-1,12,-1,14,-1,6,-1,18,-1,-1,37
AVLP715m,cb_intrinsic,brain,SIP(R),376.7,153.9,31,-1,57,-1,19,-1,-1,-1,15,-1,-1,37
AVLP716m,cb_intrinsic,brain,AVLP(R),305.6,185.5,-1,-1,-1,-1,-1,-1,-1,-1,-1,-1,-1,37
AVLP717m,cb_intrinsic,brain,AVLP(R),303.7,300.4,-1,-1,53,-1,9,-1,-1,-1,7,-1,-1,37
AVLP718m,cb_intrinsic,brain,SIP(R),364.2,119.1,-1,-1,30,-1,-1,-1,43,-1,15,-1,-1,37
AVLP719m,cb_intrinsic,brain,AVLP(L),348.2,148.0,-1,-1,-1,-1,65,-1,-1,-1,-1,-1,-1,37
AVLP720m,cb_intrinsic,brain,AVLP(R),745.7,163.7,23,-1,55,-1,44,-1,54,-1,-1,-1,46,37
AVLP721m,cb_intrinsic,brain,AVLP(R),389.8,82.9,14,-1,33,-1,36,-1,-1,-1,-1,-1,50,37
AVLP722m,cb_intrinsic,brain,AVLP(L),636.1,329.9,-1,-1,40,-1,50,-1,30,-1,67,-1,34,-1
AVLP723m,cb_intrinsic,brain,AVLP(R),317.3,190.5,45,-1,-1,-1,-1,-1,-1,-1,46,-1,-1,37
AVLP724m,cb_intrinsic,brain,AVLP(R),632.7,174.4,-1,-1,-1,-1,-1,-1,64,-1,67,-1,-1,37
AVLP725m,cb_intrinsic,brain,AVLP(R),620.7,140.8,-1,-1,49,-1,-1,-1,-1,-1,45,-1,65,37
AVLP727m,cb_intrinsic,brain,AVLP(R),369.9,126.2,12,-1,6,-1,22,-1,9,-1,25,-1,-1,37
AVLP728m,cb_intrinsic,brain,AVLP(R),294.3,292.1,-1,-1,12,-1,14,-1,35,-1,34,-1,64,37
AVLP729m,cb_intrinsic,brain,AVLP(R),292.0,258.1,-1,-1,57,-1,20,-1,-1,-1,40,-1,47,37
AVLP730m,cb_intrinsic,brain,AVLP(L),652.7,86.8,-1,-1,50,-1,38,-1,67,-1,-1,-1,-1,37
AVLP731m,cb_intrinsic,brain,AVLP(L),739.8,198.2,37,-1,53,-1,62,-1,-1,-1,43,-1,-1,37
AVLP732m,cb_intrinsic,brain,AVLP(R),743.4,244.7,48,-1,15,-1,26,-1,45,-1,43,-1,-1,37
AVLP733m,cb_intrinsic,brain,AVLP(R),330.9,221.7,-1,-1,24,-1,22,-1,45,-1,16,-1,64,37
AVLP734m,cb_intrinsic,brain,AVLP(R),717.8,198.7,25,-1,15,-1,14,-1,26,-1,22,-1,57,37
AVLP735m,cb_intrinsic,brain,AVLP(R),669.9,314.4,-1,-1,-1,-1,-1,-1,-1,-1,23,-1,29,-1
AVLP736m,cb_intrinsic,brain,AVLP(R),426.3,47.7,5,-1,65,-1,60,-1,-1,-1,-1,-1,51,37
AVLP737m,cb_intrinsic,brain,AVLP(R),334.0,260.4,-1,-1,-1,-1,-1,-1,-1,-1,23,-1,66,37
AVLP738m,cb_intrinsic,brain,AVLP(R),325.2,295.1,34,-1,-1,-1,-1,-1,-1,-1,23,-1,51,37
AVLP739m,cb_intrinsic,brain,AVLP(L),701.3,227.8,-1,-1,41,-1,-1,-1,33,-1,46,-1,-1,37
AVLP742m,cb_intrinsic,brain,AVLP(R),612.6,137.5,52,-1,13,-1,17,-1,19,-1,37,-1,-1,37
AVLP743m,cb_intrinsic,brain,AVLP(L),741.0,184.7,-1,-1,13,-1,11,-1,38,-1,45,-1,-1,37
AVLP744m,cb_intrinsic,brain,AVLP(R),684.0,220.5,3,-1,13,-1,12,-1,-1,-1,14,-1,-1,37
AVLP745m,cb_intrinsic,brain,AVLP(R),348.0,269.8,-1,-1,-1,-1,-1,-1,-1,-1,-1,-1,52,37
AVLP746m,cb_intrinsic,brain,AVLP(R),751.0,231.8,38,-1,33,-1,56,-1,-1,-1,-1,-1,-1,37
AVLP748m,cb_intrinsic,brain,AVLP(R),348.3,208.0,-1,-1,17,-1,33,-1,35,-1,-1,-1,-1,37
AVLP749m,cb_intrinsic,brain,AVLP(R),308.7,225.1,39,-1,3,-1,4,-1,2,-1,7,-1,-1,37
AVLP750m,cb_intrinsic,brain,AVLP(L),644.6,132.5,69,-1,20,-1,37,-1,41,-1,36,-1,-1,37
AVLP751m,cb_intrinsic,brain,AVLP(R),472.2,312.6,9,-1,-1,-1,21,-1,25,-1,24,-1,-1,37
AVLP752m,cb_intrinsic,brain,LAL(L),451.6,178.8,40,-1,63,-1,-1,-1,-1,-1,15,-1,47,37
AVLP753m,cb_intrinsic,brain,AVLP(R),724.4,182.9,26,-1,25,-1,8,-1,45,-1,15,-1,-1,37
AVLP755m,cb_intrinsic,brain,AVLP(R),436.6,159.3,-1,-1,-1,-1,-1,-1,-1,-1,36,-1,55,37
AVLP757m,cb_intrinsic,brain,AVLP(R),354.4,126.0,-1,-1,28,-1,33,-1,61,-1,23,-1,-1,37
AVLP758m,cb_intrinsic,brain,SIP(R),626.1,121.0,-1,-1,15,-1,28,-1,37,-1,12,-1,-1,37
AVLP760m,cb_intrinsic,brain,SCL(L),316.3,272.0,30,-1,-1,-1,-1,-1,-1,-1,19,-1,45,37
AVLP761m,cb_intrinsic,brain,AVLP(L),717.1,262.1,25,-1,-1,-1,-1,-1,-1,-1,-1,-1,33,-1
AVLP762m,cb_intrinsic,brain,AVLP(L),759.5,243.3,3,-1,43,-1,57,-1,-1,-1,46,-1,-1,37
AVLP763m,cb_intrinsic,brain,AVLP(L),707.1,178.5,-1,-1,-1,64,-1,-1,-1,-1,-1,-1,-1,37
AVLP764m,cb_intrinsic,brain,AVLP(R),301.3,213.6,32,-1,-1,-1,-1,-1,-1,-1,65,-1,-1,37
Acc. ti flexor MN,vnc_motor,vnc,LegNp(T1)(L),653.7,758.7,11,-1,-1,-1,38,-1,-1,-1,2,-1,69,41
Acc. tr flexor MN,vnc_motor,vnc,LegNp(T3)(R),559.8,897.1,-1,-1,-1,-1,-1,-1,-1,-1,23,-1,-1,43
Am1,ol_intrinsic,brain,LOP(R),65.6,391.3,-1,-1,13,-1,13,-1,20,-1,20,-1,-1,37
AstA1,cb_intrinsic,brain,SMP(R),539.8,321.0,-1,-1,2,-1,7,-1,1,-1,16,-1,11,-1
BM,cb_sensory,brain,GNG,516.0,429.8,-1,-1,2,-1,66,-1,20,-1,-1,-1,1,-1
BM_Hau,cb_sensory,brain,GNG,568.2,462.3,20,-1,15,-1,-1,-1,22,-1,-1,-1,8,-1
BM_InOm,cb_sensory,brain,GNG,553.3,400.4,-1,-1,2,-1,-1,-1,20,-1,-1,-1,2,-1
BM_MaPa,cb_sensory,brain,GNG,447.5,416.5,23,-1,39,-1,-1,-1,25,-1,-1,-1,-1,-1
BM_Taste,cb_sensory,brain,GNG,543.8,357.5,-1,-1,2,-1,9,-1,9,-1,28,-1,3,-1
BM_Vib,cb_sensory,brain,GNG,529.6,434.9,39,-1,6,-1,67,-1,25,-1,-1,-1,7,-1
BM_Vt_PoOc,cb_sensory,brain,GNG,535.1,370.0,26,-1,21,-1,27,-1,-1,-1,-1,-1,-1,-1
BM_vOcci_vPoOr,cb_sensory,brain,GNG,452.0,441.7,30,-1,21,-1,-1,-1,26,-1,-1,-1,-1,-1
BiT,cb_intrinsic,brain,PRW,499.6,335.3,-1,-1,48,-1,40,-1,39,-1,12,-1,13,-1
C2,ol_intrinsic,brain,ME(R),902.2,422.4,-1,-1,1,-1,1,-1,68,-1,-1,-1,-1,37
C3,ol_intrinsic,brain,ME(R),831.1,280.6,65,-1,1,-1,1,-1,67,-1,-1,-1,64,37
CAPA,cb_endocrine,brain,FLA(R),579.6,320.1,-1,-1,-1,-1,33,-1,-1,-1,50,-1,-1,-1
CAPA_a,vnc_endocrine,vnc,ANm,560.3,834.9,-1,-1,-1,20,-1,53,-1,-1,-1,-1,-1,38
CAPA_b,vnc_endocrine,vnc,ANm,559.3,809.2,61,-1,-1,-1,-1,-1,-1,-1,-1,-1,-1,-1
CB0024,cb_intrinsic,brain,SLP(L),684.5,99.2,6,-1,-1,-1,-1,-1,-1,-1,11,-1,-1,37
CB0029,cb_intrinsic,brain,SLP(R),283.9,281.1,4,-1,-1,-1,-1,-1,-1,-1,-1,-1,-1,37
CB0046,cb_intrinsic,brain,PVLP(R),439.3,287.3,-1,-1,-1,-1,-1,-1,31,-1,-1,-1,-1,37
CB0061,cb_intrinsic,brain,PVLP(R),715.9,259.9,-1,-1,-1,-1,-1,-1,-1,-1,41,-1,-1,37
CB0079,cb_intrinsic,brain,VES(L),393.8,260.8,-1,-1,48,-1,42,-1,23,-1,12,-1,-1,37
CB0084,cb_intrinsic,brain,ICL(L),619.3,182.5,-1,-1,-1,-1,-1,-1,-1,-1,-1,-1,64,37
CB0086,cb_intrinsic,brain,WED(R),409.6,282.6,67,-1,-1,-1,-1,-1,31,-1,-1,-1,61,37
CB0090,cb_intrinsic,brain,SAD,485.6,344.4,-1,-1,53,-1,-1,-1,66,-1,-1,-1,30,-1
CB0103,cb_intrinsic,brain,SLP(L),687.9,91.1,-1,-1,-1,-1,-1,-1,40,-1,32,-1,63,37
CB0115,cb_intrinsic,brain,PVLP(R),363.4,276.3,66,-1,60,-1,-1,-1,-1,-1,-1,-1,-1,37
CB0121,cb_intrinsic,brain,WED(R),444.9,340.9,24,-1,14,-1,15,-1,19,-1,23,-1,-1,37
CB0122,cb_intrinsic,brain,GNG,415.5,243.8,39,-1,11,-1,12,-1,19,-1,32,-1,22,-1
CB0128,cb_intrinsic,brain,AVLP(R),455.0,295.3,-1,-1,-1,-1,-1,-1,69,-1,12,-1,-1,37
CB0140,cb_intrinsic,brain,PVLP(L),707.9,240.1,-1,-1,-1,30,-1,43,-1,67,-1,-1,-1,37
CB0141,cb_intrinsic,brain,GNG,391.2,332.2,-1,-1,-1,-1,-1,-1,15,-1,35,-1,-1,37
CB0142,cb_intrinsic,brain,PLP(R),556.5,274.4,20,-1,-1,-1,-1,-1,-1,-1,-1,-1,-1,37
CB0154,cb_intrinsic,brain,PVLP(L),759.9,241.2,25,-1,-1,47,-1,-1,-1,68,-1,-1,-1,37
CB0164,cb_intrinsic,brain,IPS(R),458.5,325.5,-1,-1,-1,-1,33,-1,15,-1,9,-1,-1,37
CB0194,cb_intrinsic,brain,WED(R),440.5,254.7,26,-1,24,-1,20,-1,-1,-1,45,-1,-1,37
CB0197,cb_intrinsic,brain,AVLP(L),334.0,263.6,16,-1,-1,-1,-1,48,-1,-1,-1,-1,-1,37
CB0204,cb_intrinsic,brain,VES(L),561.6,289.7,41,-1,-1,-1,15,-1,35,-1,7,-1,-1,37
CB0206,cb_intrinsic,brain,SPS(L),681.4,188.6,13,-1,-1,-1,-1,-1,-1,-1,28,-1,-1,37
CB0214,cb_intrinsic,brain,SAD,389.1,298.1,-1,-1,24,-1,5,-1,23,-1,9,-1,-1,37
CB0218,cb_intrinsic,brain,PVLP(R),309.4,260.5,7,-1,-1,58,-1,47,-1,-1,-1,-1,52,37
CB0221,cb_intrinsic,brain,SPS(R),556.4,274.8,64,-1,-1,-1,-1,-1,33,-1,-1,-1,-1,37
CB0224,cb_intrinsic,brain,WED(R),379.2,348.0,31,-1,-1,-1,-1,-1,-1,-1,-1,-1,31,-1
CB0227,cb_intrinsic,brain,SLP(L),694.4,117.2,-1,-1,60,-1,-1,-1,22,-1,32,-1,9,-1
CB0228,cb_intrinsic,brain,GNG,514.7,424.0,49,-1,9,-1,38,-1,10,-1,34,-1,-1,37
CB0244,cb_intrinsic,brain,GNG,565.8,266.9,-1,-1,17,-1,-1,-1,7,-1,11,-1,17,-1
CB0259,cb_intrinsic,brain,GNG,614.3,291.1,32,-1,46,-1,-1,-1,22,-1,30,-1,-1,37
CB0266,cb_intrinsic,brain,IPS(L),626.2,318.6,-1,-1,-1,-1,-1,-1,-1,-1,-1,-1,-1,37
CB0280,cb_intrinsic,brain,PVLP(R),684.0,273.0,18,-1,-1,60,-1,-1,-1,-1,-1,-1,-1,37
CB0282,cb_intrinsic,brain,PVLP(R),734.3,242.7,-1,-1,-1,46,-1,47,-1,67,-1,-1,-1,37
CB0285,cb_intrinsic,brain,VES(R),595.2,234.2,-1,-1,60,-1,-1,-1,14,-1,-1,-1,-1,37
CB0297,cb_intrinsic,brain,VES(R),585.8,291.4,-1,-1,-1,-1,-1,-1,-1,-1,24,-1,52,37
CB0307,cb_intrinsic,brain,SAD,475.6,355.9,4,-1,-1,-1,15,-1,54,-1,-1,-1,28,-1
CB0312,cb_intrinsic,brain,GNG,445.2,361.7,53,-1,-1,-1,35,-1,28,-1,9,-1,22,-1
CB0316,cb_intrinsic,brain,VES(L),571.7,295.0,-1,-1,19,-1,38,-1,35,-1,33,-1,-1,37
CB0320,cb_intrinsic,brain,WED(R),403.8,358.8,-1,-1,-1,-1,-1,-1,22,-1,45,-1,29,-1
CB0324,cb_intrinsic,brain,SAD,539.8,365.6,-1,-1,-1,-1,-1,-1,25,-1,50,-1,-1,37
CB0325,cb_intrinsic,brain,LAL(R),580.6,104.6,-1,-1,-1,-1,-1,-1,-1,-1,63,-1,-1,37
CB0346,cb_intrinsic,brain,PVLP(R),667.5,237.3,-1,-1,-1,8,-1,36,-1,67,-1,-1,-1,37
CB0356,cb_intrinsic,brain,SMP(L),573.3,121.9,-1,-1,-1,-1,-1,-1,-1,-1,22,-1,-1,37
CB0361,cb_intrinsic,brain,AOTU(L),701.2,110.4,11,-1,-1,-1,-1,-1,-1,-1,20,-1,-1,37
CB0367,cb_intrinsic,brain,LH(R),376.9,61.8,24,-1,-1,-1,-1,-1,42,-1,61,-1,-1,37
CB0373,cb_intrinsic,brain,SLP(R),702.0,110.0,11,-1,-1,-1,-1,-1,42,-1,36,-1,-1,37
CB0374,cb_intrinsic,brain,WED(R),552.3,398.4,12,-1,-1,-1,-1,-1,-1,-1,-1,-1,25,-1
CB0380,cb_intrinsic,brain,SPS(R),402.6,366.2,-1,-1,-1,-1,-1,-1,36,-1,-1,-1,-1,37
CB0381,cb_intrinsic,brain,AVLP(R),735.2,291.9,31,-1,21,-1,-1,-1,-1,-1,54,-1,-1,37
CB0382,cb_intrinsic,brain,IPS(R),569.8,301.1,-1,-1,66,-1,-1,-1,16,-1,-1,-1,-1,37
CB0386,cb_intrinsic,brain,SMP(L),555.8,51.0,-1,-1,-1,-1,-1,-1,-1,-1,33,-1,-1,37
CB0390,cb_intrinsic,brain,SAD,639.2,327.7,9,-1,-1,-1,-1,-1,32,-1,-1,-1,63,37
CB0391,cb_intrinsic,brain,AVLP(L),591.5,381.2,5,-1,-1,69,63,-1,34,-1,-1,-1,-1,37
CB0396,cb_intrinsic,brain,LH(R),314.0,135.6,-1,-1,-1,-1,-1,-1,-1,-1,-1,-1,-1,37
CB0397,cb_intrinsic,brain,SAD,487.4,349.8,-1,-1,-1,-1,23,-1,27,-1,23,-1,-1,37
CB0405,cb_intrinsic,brain,SMP(L),548.6,52.7,-1,-1,-1,-1,25,-1,42,-1,10,-1,61,37
CB0414,cb_intrinsic,brain,AVLP(L),705.7,224.3,15,-1,-1,-1,-1,-1,-1,-1,-1,-1,-1,37
CB0420,cb_intrinsic,brain,VES(L),559.5,270.0,-1,-1,-1,-1,-1,-1,48,-1,48,-1,-1,37
CB0429,descending_neuron,brain,SIP(R),348.1,139.0,-1,-1,-1,-1,32,-1,5,-1,7,-1,-1,37
CB0431,cb_intrinsic,brain,SPS(L),571.5,304.9,-1,-1,-1,-1,44,-1,-1,69,-1,-1,-1,37
CB0432,cb_intrinsic,brain,SAD,478.5,360.9,-1,-1,-1,49,50,-1,-1,-1,-1,-1,29,-1
CB0440,cb_intrinsic,brain,AVLP(R),319.5,97.7,-1,-1,37,-1,52,-1,54,-1,49,-1,-1,37
CB0466,cb_intrinsic,brain,SAD,401.0,350.2,-1,-1,14,-1,8,-1,9,-1,37,-1,34,-1
CB0477,cb_intrinsic,brain,GNG,517.7,417.4,65,-1,43,-1,-1,-1,-1,-1,-1,-1,-1,37
CB0492,cb_intrinsic,brain,VES(L),613.7,292.4,57,-1,53,-1,-1,-1,-1,-1,-1,-1,-1,37
CB0510,cb_intrinsic,brain,SLP(R),661.8,139.2,9,-1,49,-1,-1,-1,41,-1,52,-1,-1,37
CB0517,cb_intrinsic,brain,SAD,624.0,369.6,-1,-1,16,-1,11,-1,19,-1,35,-1,26,-1
CB0530,cb_intrinsic,brain,GNG,673.3,223.0,46,-1,16,-1,48,-1,11,-1,33,-1,51,37
CB0533,cb_intrinsic,brain,SAD,654.3,327.3,28,-1,17,-1,69,-1,49,-1,-1,-1,28,-1
CB0540,cb_intrinsic,brain,WED(R),590.7,238.0,24,-1,17,-1,38,-1,14,-1,-1,-1,24,-1
CB0582,cb_intrinsic,brain,WED(R),391.8,325.0,15,-1,14,-1,31,-1,-1,-1,33,-1,48,37
CB0591,cb_intrinsic,brain,SAD,456.7,372.2,-1,-1,4,-1,18,-1,8,-1,-1,-1,1,-1
CB0598,cb_intrinsic,brain,SAD,624.2,307.5,-1,-1,-1,-1,27,-1,-1,-1,-1,-1,17,-1
CB0607,cb_intrinsic,brain,GNG,586.2,422.7,61,-1,55,-1,26,-1,-1,-1,-1,-1,-1,37
CB0609,cb_intrinsic,brain,GNG,483.1,315.4,-1,-1,-1,-1,66,-1,11,-1,-1,-1,-1,37
CB0625,cb_intrinsic,brain,VES(L),477.0,410.6,-1,-1,-1,-1,34,-1,-1,-1,9,-1,16,-1
CB0629,cb_intrinsic,brain,VES(R),546.6,315.1,-1,-1,35,-1,13,-1,-1,-1,35,-1,-1,37
CB0630,cb_intrinsic,brain,SPS(L),652.9,354.1,-1,-1,-1,-1,-1,-1,-1,-1,59,-1,48,37
CB0633,cb_intrinsic,brain,IB,518.6,207.9,-1,-1,41,-1,-1,-1,-1,-1,-1,-1,59,37
CB0640,cb_intrinsic,brain,WED(R),685.7,341.6,-1,-1,-1,-1,-1,-1,21,-1,46,-1,-1,37
CB0645,cb_intrinsic,brain,SLP(R),609.4,137.2,62,-1,64,56,-1,-1,-1,-1,-1,-1,-1,37
CB0647,cb_intrinsic,brain,SAD,538.2,427.2,-1,-1,20,-1,-1,-1,-1,-1,-1,-1,-1,37
CB0648,cb_intrinsic,brain,SLP(R),387.8,71.5,17,-1,-1,-1,-1,-1,47,-1,-1,-1,11,-1
CB0650,cb_intrinsic,brain,AL(L),399.0,234.0,20,-1,38,-1,-1,-1,-1,-1,-1,-1,10,-1
CB0652,cb_intrinsic,brain,GNG,581.9,355.8,30,-1,-1,-1,-1,-1,25,-1,-1,-1,-1,37
CB0656,cb_intrinsic,brain,SLP(L),351.2,152.4,-1,-1,37,-1,49,-1,37,-1,38,-1,-1,37
CB0657,cb_intrinsic,brain,IPS(L),602.7,345.9,27,-1,-1,-1,35,-1,25,-1,37,-1,45,37
CB0670,cb_intrinsic,brain,SCL(L),656.2,137.1,-1,-1,26,-1,-1,-1,39,-1,-1,-1,-1,37
CB0671,cb_intrinsic,brain,GNG,581.6,313.2,56,-1,15,-1,25,-1,26,-1,11,-1,-1,37
CB0675,cb_intrinsic,brain,GNG,659.9,358.9,4,-1,41,-1,42,-1,7,-1,-1,-1,17,-1
CB0677,cb_intrinsic,brain,VES(L),446.9,268.8,41,-1,36,-1,7,-1,-1,-1,3,-1,52,37
CB0682,cb_intrinsic,brain,PVLP(L),755.8,236.6,-1,-1,-1,-1,-1,-1,-1,-1,30,-1,-1,37
CB0683,cb_intrinsic,brain,AL(L),578.5,197.8,32,-1,65,-1,54,-1,26,-1,23,-1,2,-1
CB0695,cb_intrinsic,brain,GNG,635.1,225.9,48,-1,43,-1,44,-1,8,-1,-1,-1,29,-1
CB0734,cb_intrinsic,brain,PLP(R),421.2,255.7,-1,-1,-1,-1,24,-1,35,-1,40,-1,-1,37
CB0738,cb_intrinsic,brain,PVLP(R),325.0,226.1,37,-1,-1,-1,-1,-1,-1,68,-1,-1,-1,37
CB0743,cb_intrinsic,brain,PVLP(L),690.1,235.2,-1,-1,-1,10,-1,47,23,-1,-1,-1,-1,37
CB0744,cb_intrinsic,brain,PVLP(L),735.9,247.5,-1,-1,-1,14,-1,36,-1,63,-1,-1,-1,37
CB0747,cb_intrinsic,brain,PVLP(L),363.4,258.6,-1,-1,-1,48,-1,-1,-1,-1,-1,-1,-1,37
CB0751,cb_intrinsic,brain,SPS(R),602.5,306.9,28,-1,27,-1,32,-1,14,-1,5,-1,-1,37
CB0758,cb_intrinsic,brain,SAD,616.0,319.9,47,-1,-1,-1,53,-1,-1,-1,-1,-1,24,-1
CB0763,cb_intrinsic,brain,AVLP(R),319.9,255.8,40,-1,67,-1,21,-1,-1,-1,20,-1,-1,37
CB0785,cb_intrinsic,brain,PVLP(L),740.5,248.1,24,-1,-1,22,-1,40,-1,66,-1,-1,-1,37
CB0800,cb_intrinsic,brain,PVLP(R),345.4,235.6,4,-1,-1,-1,-1,-1,-1,66,-1,-1,-1,37
CB0813,cb_intrinsic,brain,PVLP(L),729.2,256.7,-1,-1,-1,26,-1,-1,-1,63,-1,-1,-1,37
CB0829,cb_intrinsic,brain,PVLP(R),733.6,261.5,9,-1,-1,49,67,-1,-1,68,-1,-1,-1,37
CB0925,cb_intrinsic,brain,AVLP(R),614.1,165.3,-1,-1,-1,-1,-1,-1,-1,-1,30,-1,69,37
CB0926,cb_intrinsic,brain,AVLP(R),307.0,256.6,21,-1,53,-1,49,-1,-1,-1,-1,-1,-1,37
CB0927,cb_intrinsic,brain,AVLP(L),704.8,173.3,-1,-1,-1,-1,-1,-1,-1,-1,-1,-1,-1,37
CB0929,cb_intrinsic,brain,PVLP(R),348.9,228.1,64,-1,17,-1,26,-1,-1,67,-1,-1,-1,37
CB0930,cb_intrinsic,brain,AVLP(R),714.3,187.6,62,-1,-1,-1,60,-1,-1,-1,-1,-1,-1,37
CB0937,cb_intrinsic,brain,SMP(L),535.0,86.6,5,-1,-1,-1,-1,-1,-1,-1,-1,-1,-1,37
CB0943,cb_intrinsic,brain,SLP(L),341.9,114.8,47,-1,37,-1,32,-1,38,-1,11,-1,-1,37
CB0946,cb_intrinsic,brain,SLP(R),460.6,45.3,2,-1,-1,-1,-1,-1,-1,-1,-1,-1,-1,37
CB0947,cb_intrinsic,brain,LH(R),769.2,133.4,-1,-1,52,-1,-1,-1,-1,-1,-1,-1,54,37
CB0951,cb_intrinsic,brain,CRE(L),571.9,128.6,59,-1,28,-1,31,-1,36,-1,13,-1,67,37
CB0956,cb_intrinsic,brain,SAD,646.1,344.0,-1,-1,8,-1,8,-1,36,-1,27,-1,27,-1
CB0972,cb_intrinsic,brain,SLP(L),333.5,129.2,17,-1,41,-1,-1,-1,61,-1,48,-1,-1,37
CB0973,cb_intrinsic,brain,SLP(R),362.0,106.0,-1,-1,67,-1,36,-1,39,-1,20,-1,-1,37
CB0975,cb_intrinsic,brain,PRW,576.4,88.9,69,-1,40,-1,-1,-1,9,-1,22,-1,-1,37
CB0976,cb_intrinsic,brain,SCL(R),351.7,285.0,32,-1,-1,-1,-1,-1,-1,-1,18,-1,-1,37
CB0982,cb_intrinsic,brain,SAD,553.2,333.7,52,-1,-1,67,65,-1,-1,-1,67,-1,-1,37
CB0986,cb_intrinsic,brain,SAD,387.1,327.8,5,-1,-1,-1,52,-1,68,-1,-1,-1,-1,-1
CB0992,cb_intrinsic,brain,AVLP(R),305.3,196.4,-1,-1,36,-1,43,-1,41,-1,30,-1,-1,37
CB0993,cb_intrinsic,brain,SMP(R),729.0,69.7,-1,-1,-1,-1,58,-1,43,-1,21,-1,-1,37
CB0994,cb_intrinsic,brain,LH(R),298.0,148.0,-1,-1,64,-1,50,-1,-1,-1,-1,-1,-1,37
CB0996,cb_intrinsic,brain,LH(L),379.8,41.4,-1,-1,-1,-1,-1,-1,-1,-1,50,-1,-1,37
CB0998,cb_intrinsic,brain,SMP(L),422.5,130.9,29,-1,-1,-1,-1,-1,51,-1,23,-1,-1,37
CB1000,cb_intrinsic,brain,AVLP(R),700.5,190.4,51,-1,-1,-1,-1,-1,-1,-1,-1,-1,63,37
CB1005,cb_intrinsic,brain,SLP(R),327.5,114.0,39,-1,-1,-1,-1,-1,-1,-1,45,-1,44,37
CB1007,cb_intrinsic,brain,AVLP(L),695.8,69.3,-1,-1,46,-1,-1,-1,27,-1,31,-1,-1,37
CB1008,cb_intrinsic,brain,SMP(R),579.6,67.2,-1,-1,10,-1,16,-1,40,-1,15,-1,67,37
CB1009,cb_intrinsic,brain,SMP(L),533.1,305.6,15,-1,-1,-1,-1,-1,-1,-1,16,-1,44,37
CB1011,cb_intrinsic,brain,SMP(R),596.5,54.7,-1,-1,-1,-1,47,-1,46,-1,10,-1,-1,37
CB1012,cb_intrinsic,brain,SAD,571.3,244.1,-1,-1,19,-1,33,-1,14,-1,52,-1,-1,37
CB1017,cb_intrinsic,brain,AVLP(R),687.8,86.8,52,-1,-1,-1,-1,-1,33,-1,19,-1,47,37
CB1020,cb_intrinsic,brain,LH(R),747.6,130.3,16,-1,-1,-1,-1,-1,-1,-1,-1,-1,-1,37
CB1023,cb_intrinsic,brain,SAD,468.5,383.0,38,-1,25,-1,-1,-1,22,-1,-1,-1,-1,37
CB1024,cb_intrinsic,brain,SMP(R),569.6,122.6,43,-1,52,-1,-1,-1,53,-1,35,-1,-1,37
CB1026,cb_intrinsic,brain,SMP(R),572.7,102.2,-1,-1,28,-1,-1,-1,33,-1,17,-1,-1,37
CB1030,cb_intrinsic,brain,SAD,477.8,354.3,-1,-1,-1,-1,34,-1,16,-1,-1,-1,7,-1
CB1033,cb_intrinsic,brain,SLP(L),311.2,142.1,55,-1,-1,-1,-1,-1,-1,-1,-1,-1,-1,37
CB1035,cb_intrinsic,brain,SLP(L),300.8,123.2,-1,-1,-1,-1,-1,-1,-1,-1,22,-1,-1,37
CB1044,cb_intrinsic,brain,WED(R),363.4,260.0,-1,-1,64,-1,43,-1,-1,-1,-1,-1,-1,37
CB1047,cb_intrinsic,brain,WED(R),672.8,347.9,45,-1,-1,-1,56,-1,17,-1,46,-1,32,-1
CB1048,cb_intrinsic,brain,AL(R),572.4,243.0,-1,-1,-1,-1,48,-1,-1,-1,-1,-1,6,-1
CB1050,cb_intrinsic,brain,SLP(R),353.5,96.5,12,-1,-1,-1,55,-1,-1,-1,21,-1,51,37
CB1055,cb_intrinsic,brain,WED(R),680.6,308.2,-1,-1,55,-1,-1,-1,-1,51,-1,-1,-1,37
CB1056,cb_intrinsic,brain,PLP(R),323.1,197.3,-1,-1,58,-1,21,-1,-1,-1,-1,-1,-1,37
CB1057,cb_intrinsic,brain,SLP(L),673.4,46.3,-1,-1,-1,-1,-1,-1,41,-1,-1,-1,-1,37
CB1059,cb_intrinsic,brain,SLP(R),339.4,83.0,-1,-1,45,-1,-1,-1,42,-1,41,-1,55,37
CB1060,cb_intrinsic,brain,SLP(L),683.7,108.8,-1,-1,-1,-1,-1,-1,-1,-1,-1,-1,-1,37
CB1062,cb_intrinsic,brain,CRE(L),449.1,83.1,39,-1,23,-1,56,-1,44,-1,-1,-1,49,37
CB1065,cb_intrinsic,brain,SAD,573.7,378.4,-1,-1,-1,-1,68,-1,52,-1,-1,-1,30,-1
CB1072,cb_intrinsic,brain,IB,631.2,139.2,22,-1,6,-1,9,-1,2,-1,49,-1,-1,37
CB1073,cb_intrinsic,brain,SLP(R),399.2,79.8,46,-1,63,-1,33,-1,-1,-1,16,-1,46,37
CB1074,cb_intrinsic,brain,WED(R),650.0,309.3,28,-1,25,-1,13,-1,-1,-1,-1,-1,34,-1
CB1076,cb_intrinsic,brain,SAD,473.0,376.4,-1,-1,3,-1,10,-1,33,-1,55,-1,3,-1
CB1077,cb_intrinsic,brain,GNG,400.4,135.1,30,-1,-1,-1,-1,-1,-1,-1,38,-1,56,37
CB1078,cb_intrinsic,brain,SAD,398.5,347.2,44,-1,7,-1,-1,-1,54,-1,-1,-1,24,-1
CB1079,cb_intrinsic,brain,CRE(R),465.7,120.4,-1,-1,-1,-1,-1,-1,-1,-1,-1,-1,-1,37
CB1081,cb_intrinsic,brain,SMP(R),500.4,315.0,-1,-1,59,-1,45,-1,9,-1,11,-1,-1,37
CB1085,cb_intrinsic,brain,AVLP(R),339.0,261.6,-1,-1,36,-1,29,-1,-1,-1,69,-1,-1,37
CB1087,cb_intrinsic,brain,VES(L),529.4,436.5,-1,-1,53,-1,-1,-1,-1,69,-1,-1,-1,37
CB1088,cb_intrinsic,brain,PVLP(L),762.6,229.6,-1,-1,-1,47,-1,68,22,-1,-1,-1,59,37
CB1089,cb_intrinsic,brain,SLP(L),380.0,84.0,-1,-1,-1,-1,41,-1,-1,-1,10,-1,-1,37
CB1094,cb_intrinsic,brain,SAD,577.6,318.3,-1,-1,21,-1,17,-1,19,-1,-1,-1,27,-1
CB1099,cb_intrinsic,brain,PVLP(R),264.4,274.2,-1,-1,18,-1,25,-1,-1,66,-1,-1,-1,37
CB1103,cb_intrinsic,brain,SLP(R),289.9,177.8,-1,-1,-1,-1,-1,-1,-1,-1,49,-1,-1,37
CB1104,cb_intrinsic,brain,SLP(R),304.2,114.0,-1,-1,-1,-1,-1,-1,-1,-1,67,-1,-1,37
CB1108,cb_intrinsic,brain,AVLP(R),731.4,264.0,-1,-1,-1,61,-1,-1,-1,-1,46,-1,-1,37
CB1109,cb_intrinsic,brain,PVLP(R),272.8,283.8,54,-1,51,-1,-1,40,-1,66,-1,-1,-1,37
CB1114,cb_intrinsic,brain,LH(R),706.7,117.8,-1,-1,53,-1,-1,-1,-1,-1,-1,-1,47,37
CB1116,cb_intrinsic,brain,AVLP(R),687.2,120.7,22,-1,-1,-1,-1,-1,-1,-1,37,-1,-1,37
CB1124,cb_intrinsic,brain,SIP(R),627.3,72.1,-1,-1,-1,-1,-1,-1,51,-1,-1,-1,58,37
CB1128,cb_intrinsic,brain,CRE(L),450.9,148.8,-1,-1,-1,-1,-1,-1,-1,-1,-1,-1,52,37
CB1131,cb_intrinsic,brain,IPS(L),622.6,220.7,48,-1,68,-1,50,-1,24,-1,50,-1,-1,37
CB1139,cb_intrinsic,brain,AVLP(R),339.0,246.7,9,-1,47,-1,-1,-1,-1,-1,68,-1,-1,37
CB1140,cb_intrinsic,brain,AVLP(L),676.8,258.1,36,-1,-1,-1,-1,-1,-1,-1,-1,-1,-1,37
CB1142,cb_intrinsic,brain,AVLP(L),699.3,256.5,8,-1,-1,-1,-1,-1,-1,-1,-1,-1,67,37
CB1145,cb_intrinsic,brain,WED(L),378.7,338.0,5,-1,-1,-1,60,-1,36,-1,-1,-1,32,-1
CB1148,cb_intrinsic,brain,PLP(R),296.8,109.5,7,-1,17,-1,35,-1,-1,-1,32,-1,-1,37
CB1149,cb_intrinsic,brain,SMP(R),483.7,50.4,20,-1,47,-1,-1,-1,-1,-1,-1,-1,55,37
CB1150,cb_intrinsic,brain,SLP(R),315.1,119.5,-1,-1,-1,-1,-1,-1,-1,-1,42,-1,-1,37
CB1151,cb_intrinsic,brain,CRE(L),463.8,126.3,59,-1,-1,-1,-1,-1,-1,-1,-1,-1,-1,37
CB1154,cb_intrinsic,brain,SLP(R),711.6,81.8,-1,-1,31,-1,25,-1,40,-1,20,-1,61,37
CB1156,cb_intrinsic,brain,LH(R),387.6,70.0,-1,-1,-1,-1,-1,-1,-1,-1,-1,-1,51,37
CB1160,cb_intrinsic,brain,LH(R),276.5,128.1,-1,-1,50,-1,29,-1,43,-1,38,-1,-1,37
CB1165,cb_intrinsic,brain,SIP(L),387.6,71.7,-1,-1,45,-1,-1,-1,39,-1,-1,-1,-1,37
CB1168,cb_intrinsic,brain,SIP(R),396.1,115.1,-1,-1,28,-1,34,-1,33,-1,9,-1,-1,37
CB1171,cb_intrinsic,brain,SMP(R),720.4,122.5,-1,-1,-1,-1,48,-1,51,-1,29,-1,10,-1
CB1174,cb_intrinsic,brain,SLP(L),703.4,105.6,33,-1,-1,-1,-1,-1,-1,-1,45,-1,-1,37
CB1178,cb_intrinsic,brain,SLP(R),325.2,113.8,-1,-1,16,-1,25,-1,31,-1,17,-1,-1,37
CB1179,cb_intrinsic,brain,SLP(R),386.2,104.5,39,-1,-1,-1,38,-1,-1,-1,11,-1,-1,37
CB1181,cb_intrinsic,brain,SLP(R),761.1,132.2,-1,-1,-1,-1,-1,-1,-1,-1,35,-1,-1,37
CB1185,cb_intrinsic,brain,PVLP(R),350.5,231.8,-1,-1,-1,-1,39,-1,-1,68,66,-1,-1,37
CB1187,cb_intrinsic,brain,AVLP(R),334.2,281.3,-1,-1,-1,-1,-1,-1,-1,-1,57,-1,61,37
CB1189,cb_intrinsic,brain,AVLP(R),401.8,168.3,37,-1,64,-1,16,-1,-1,-1,22,-1,66,37
CB1190,cb_intrinsic,brain,AVLP(R),651.4,141.9,-1,-1,-1,-1,66,-1,-1,-1,38,-1,-1,37
CB1193,cb_intrinsic,brain,AVLP(R),318.9,239.1,-1,-1,-1,15,-1,55,-1,-1,-1,-1,-1,37
CB1194,cb_intrinsic,brain,WED(R),480.2,372.1,-1,-1,-1,-1,-1,-1,-1,-1,-1,-1,-1,37
CB1200,cb_intrinsic,brain,SLP(L),706.5,114.8,-1,-1,-1,-1,-1,-1,37,-1,-1,-1,-1,37
CB1201,cb_intrinsic,brain,SLP(R),284.8,159.3,54,-1,58,-1,-1,-1,-1,-1,-1,-1,-1,37
CB1202,cb_intrinsic,brain,WED(R),617.3,213.2,-1,-1,-1,-1,-1,-1,36,-1,34,-1,-1,37
CB1205,cb_intrinsic,brain,AVLP(R),725.4,202.9,18,-1,5,-1,10,-1,-1,-1,49,-1,-1,37
CB1206,cb_intrinsic,brain,WED(L),414.4,364.4,-1,-1,-1,-1,-1,-1,-1,-1,-1,-1,-1,37
CB1207_a,cb_intrinsic,brain,AVLP(R),345.6,190.0,42,-1,-1,45,-1,-1,-1,-1,-1,-1,-1,37
CB1207_b,cb_intrinsic,brain,AVLP(L),292.4,181.7,24,-1,51,-1,-1,-1,-1,-1,-1,-1,46,37
CB1208,cb_intrinsic,brain,AVLP(L),299.6,209.4,-1,-1,-1,-1,-1,-1,-1,-1,-1,-1,-1,37
CB1212,cb_intrinsic,brain,SLP(L),680.5,100.7,-1,-1,65,-1,47,-1,40,-1,19,-1,-1,37
CB1213,cb_intrinsic,brain,WED(L),382.1,360.7,-1,-1,29,-1,41,-1,69,-1,-1,-1,29,-1
CB1219,cb_intrinsic,brain,LH(R),267.7,130.5,8,-1,50,-1,-1,-1,-1,-1,-1,-1,-1,37
CB1220,cb_intrinsic,brain,SIP(L),422.9,74.3,-1,-1,49,-1,60,-1,-1,-1,42,-1,55,37
CB1222,cb_intrinsic,brain,SAD,401.7,312.6,-1,-1,-1,-1,64,-1,-1,-1,56,-1,-1,37
CB1227,cb_intrinsic,brain,IB,620.1,278.2,-1,-1,-1,-1,-1,-1,44,-1,-1,-1,-1,37
CB1233,cb_intrinsic,brain,GNG,584.5,382.9,49,-1,-1,-1,-1,-1,-1,-1,-1,-1,-1,37
CB1237,cb_intrinsic,brain,SLP(L),727.6,138.5,5,-1,-1,-1,-1,-1,-1,-1,45,-1,-1,37
CB1238,cb_intrinsic,brain,LH(R),270.6,93.8,8,-1,-1,-1,-1,-1,40,-1,62,-1,-1,37
CB1241,cb_intrinsic,brain,LH(R),287.8,133.9,-1,-1,45,-1,54,-1,38,-1,24,-1,-1,37
CB1242,cb_intrinsic,brain,SLP(R),325.7,93.9,10,-1,59,-1,-1,-1,38,-1,37,-1,55,37
CB1246,cb_intrinsic,brain,LH(L),669.0,102.6,58,-1,-1,-1,-1,-1,-1,-1,68,-1,-1,37
CB1247,cb_intrinsic,brain,LH(L),272.0,113.4,-1,-1,-1,-1,-1,-1,-1,-1,-1,-1,-1,37
CB1249,cb_intrinsic,brain,SLP(L),708.9,62.9,-1,-1,-1,-1,-1,-1,-1,-1,21,-1,-1,37
CB1252,cb_intrinsic,brain,IB,628.6,106.3,1,-1,-1,-1,-1,-1,-1,-1,-1,-1,-1,37
CB1255,cb_intrinsic,brain,PVLP(R),681.2,203.5,60,-1,-1,-1,-1,49,-1,67,-1,-1,-1,37
CB1260,cb_intrinsic,brain,SPS(R),564.5,242.0,-1,-1,43,-1,60,-1,16,-1,-1,-1,-1,37
CB1263,cb_intrinsic,brain,SLP(R),257.7,101.6,3,-1,-1,-1,65,-1,-1,-1,41,-1,-1,37
CB1265,cb_intrinsic,brain,SAD,564.5,380.7,31,-1,45,-1,38,-1,17,-1,-1,-1,-1,37
CB1268,cb_intrinsic,brain,WED(R),384.6,313.8,-1,-1,22,-1,40,-1,35,-1,-1,-1,47,37
CB1269,cb_intrinsic,brain,ICL(R),407.9,164.4,14,-1,-1,-1,-1,-1,-1,-1,30,-1,-1,37
CB1274,cb_intrinsic,brain,AVLP(L),702.2,200.5,-1,-1,-1,-1,-1,-1,-1,-1,-1,-1,-1,37
CB1275,cb_intrinsic,brain,LH(L),721.1,76.3,56,-1,-1,-1,67,-1,-1,-1,50,-1,-1,37
CB1276,cb_intrinsic,brain,LH(R),279.7,142.2,-1,-1,41,-1,-1,-1,-1,-1,-1,-1,49,37
CB1280,cb_intrinsic,brain,SAD,675.9,328.3,12,-1,32,-1,51,-1,55,-1,53,-1,30,-1
CB1281,cb_intrinsic,brain,SLP(L),343.3,128.4,-1,-1,-1,-1,-1,-1,42,-1,51,-1,69,37
CB1282,cb_intrinsic,brain,GNG,388.5,343.7,-1,-1,46,-1,-1,-1,-1,68,-1,-1,-1,37
CB1286,cb_intrinsic,brain,LH(R),734.5,61.9,34,-1,-1,-1,-1,-1,61,-1,-1,-1,-1,37
CB1287,cb_intrinsic,brain,CRE(R),594.2,124.2,-1,-1,-1,-1,-1,-1,67,-1,20,-1,-1,37
CB1287_b,cb_intrinsic,brain,AVLP(L),679.1,240.5,58,-1,37,-1,-1,-1,-1,-1,-1,-1,-1,37
CB1287_c,cb_intrinsic,brain,AVLP(R),314.7,232.5,5,-1,-1,-1,-1,-1,62,-1,-1,-1,-1,37
CB1289,cb_intrinsic,brain,SLP(L),683.1,104.5,3,-1,33,-1,64,-1,48,-1,17,-1,-1,37
CB1296_a,cb_intrinsic,brain,LH(L),719.2,105.9,2,-1,-1,-1,-1,-1,-1,-1,-1,-1,16,-1
CB1299,cb_intrinsic,brain,SPS(R),573.4,263.4,-1,-1,-1,-1,-1,-1,-1,-1,-1,-1,-1,37
CB1300,cb_intrinsic,brain,PLP(R),729.5,141.6,-1,-1,58,-1,-1,-1,-1,-1,-1,-1,-1,37
CB1301,cb_intrinsic,brain,AVLP(R),259.8,235.0,-1,-1,-1,-1,-1,-1,-1,-1,-1,-1,49,37
CB1302,cb_intrinsic,brain,AVLP(L),306.8,307.3,64,-1,-1,-1,-1,-1,-1,-1,37,-1,-1,37
CB1308,cb_intrinsic,brain,LH(R),566.0,104.3,10,-1,-1,-1,46,-1,30,-1,56,-1,-1,37
CB1309,cb_intrinsic,brain,SLP(R),715.6,82.7,-1,-1,-1,-1,-1,-1,67,-1,11,-1,48,37
CB1312,cb_intrinsic,brain,AVLP(L),256.6,261.9,64,-1,57,-1,-1,-1,-1,-1,-1,-1,66,37
CB1314,cb_intrinsic,brain,WED(R),633.0,314.8,-1,-1,-1,-1,26,-1,50,-1,52,-1,33,-1
CB1316,cb_intrinsic,brain,SIP(L),440.8,111.8,58,-1,-1,-1,-1,-1,45,-1,57,-1,-1,37
CB1322,cb_intrinsic,brain,WED(L),646.2,362.8,-1,-1,13,-1,8,-1,17,-1,14,-1,-1,37
CB1326,cb_intrinsic,brain,SLP(L),720.5,186.6,-1,-1,-1,-1,-1,-1,-1,-1,61,-1,-1,37
CB1330,cb_intrinsic,brain,SPS(L),572.5,265.3,31,-1,-1,-1,-1,-1,-1,68,-1,-1,65,37
CB1333,cb_intrinsic,brain,SLP(L),777.1,105.1,52,-1,36,-1,-1,-1,-1,-1,60,-1,-1,37
CB1337,cb_intrinsic,brain,PLP(R),346.3,195.0,-1,-1,-1,-1,-1,-1,-1,-1,-1,-1,-1,37
CB1339,cb_intrinsic,brain,WED(R),361.4,291.1,26,-1,21,-1,-1,-1,35,-1,-1,-1,58,37
CB1340,cb_intrinsic,brain,PVLP(R),346.7,295.4,-1,-1,51,12,-1,40,-1,66,-1,-1,-1,37
CB1346,cb_intrinsic,brain,SMP(L),568.3,104.4,-1,-1,-1,-1,-1,-1,-1,-1,-1,-1,-1,37
CB1348,cb_intrinsic,brain,LH(L),687.2,63.0,55,-1,-1,-1,-1,-1,-1,-1,44,-1,-1,37
CB1352,cb_intrinsic,brain,SLP(R),702.1,100.6,-1,-1,-1,-1,62,-1,31,-1,23,-1,58,37
CB1353,cb_intrinsic,brain,ICL(L),717.8,196.8,42,-1,-1,-1,-1,-1,-1,-1,26,-1,61,37
CB1356,cb_intrinsic,brain,PLP(L),382.1,250.5,44,-1,-1,-1,-1,-1,-1,-1,-1,-1,-1,37
CB1357,cb_intrinsic,brain,CRE(L),526.9,102.3,25,-1,53,-1,-1,-1,64,-1,33,-1,-1,37
CB1359,cb_intrinsic,brain,LH(R),732.4,126.9,-1,-1,-1,-1,39,-1,40,-1,22,-1,-1,37
CB1361,cb_intrinsic,brain,CRE(L),555.3,98.8,-1,-1,-1,-1,-1,-1,-1,-1,46,-1,-1,37
CB1365,cb_intrinsic,brain,SLP(R),685.2,96.3,-1,-1,-1,-1,68,-1,-1,-1,41,-1,-1,37
CB1368,cb_intrinsic,brain,ICL(L),376.0,229.7,18,-1,-1,-1,-1,-1,-1,-1,51,-1,-1,37
CB1374,cb_intrinsic,brain,SPS(R),514.3,240.4,-1,-1,-1,-1,-1,-1,-1,-1,-1,-1,-1,37
CB1379,cb_intrinsic,brain,SMP(L),584.1,104.2,54,-1,-1,-1,-1,-1,46,-1,61,-1,53,37
CB1384,cb_intrinsic,brain,AVLP(R),355.1,230.8,-1,-1,42,-1,59,-1,-1,-1,-1,-1,68,37
CB1387,cb_intrinsic,brain,SLP(L),739.0,108.4,41,-1,43,-1,-1,-1,42,-1,-1,-1,45,37
CB1389,cb_intrinsic,brain,LH(R),699.1,84.0,-1,-1,-1,-1,-1,-1,-1,-1,-1,-1,48,37
CB1391,cb_intrinsic,brain,SLP(R),625.1,92.3,-1,-1,-1,-1,-1,-1,42,-1,24,-1,45,37
CB1392,cb_intrinsic,brain,SLP(R),702.4,104.8,-1,-1,-1,-1,-1,-1,42,-1,62,-1,47,37
CB1394_a,cb_intrinsic,brain,SAD,373.5,333.2,19,-1,-1,-1,-1,-1,-1,-1,-1,-1,32,-1
CB1394_b,cb_intrinsic,brain,SAD,623.3,326.4,23,-1,-1,-1,57,-1,-1,-1,-1,-1,32,-1
CB1396,cb_intrinsic,brain,SCL(R),376.3,58.6,9,-1,-1,-1,-1,-1,-1,-1,63,-1,53,37
CB1403,cb_intrinsic,brain,SMP(L),427.4,160.2,-1,-1,-1,-1,-1,-1,-1,-1,-1,-1,45,37
CB1405,cb_intrinsic,brain,LH(R),272.6,98.4,-1,-1,-1,-1,66,-1,38,-1,43,-1,-1,37
CB1406,cb_intrinsic,brain,SMP(R),455.5,138.1,40,-1,-1,-1,-1,-1,-1,-1,16,-1,-1,37
CB1407,cb_intrinsic,brain,WED(R),692.1,308.9,16,-1,-1,-1,-1,-1,-1,-1,-1,-1,33,-1
CB1412,cb_intrinsic,brain,PLP(L),654.4,206.5,1,-1,-1,-1,-1,-1,-1,-1,39,-1,-1,37
CB1413,cb_intrinsic,brain,LH(R),744.5,87.3,6,-1,-1,55,-1,-1,-1,-1,-1,-1,-1,37
CB1417,cb_intrinsic,brain,AVLP(R),287.2,244.5,-1,-1,-1,-1,-1,-1,67,-1,53,-1,-1,37
CB1418,cb_intrinsic,brain,VES(L),458.5,332.1,63,-1,-1,-1,42,-1,-1,-1,-1,-1,56,37
CB1419,cb_intrinsic,brain,SLP(R),721.6,136.3,35,-1,-1,-1,-1,-1,-1,-1,43,-1,-1,37
CB1421,cb_intrinsic,brain,GNG,473.1,327.2,-1,-1,-1,-1,-1,-1,-1,-1,52,-1,-1,37
CB1428,cb_intrinsic,brain,PVLP(L),310.9,286.4,-1,-1,-1,-1,-1,-1,-1,-1,-1,-1,-1,37
CB1432,cb_intrinsic,brain,LH(R),276.5,173.7,-1,-1,-1,-1,-1,-1,29,-1,-1,-1,-1,37
CB1434,cb_intrinsic,brain,SIP(L),455.6,96.8,50,-1,-1,-1,-1,-1,50,-1,17,-1,53,37
CB1442,cb_intrinsic,brain,SLP(R),363.8,105.7,24,-1,-1,-1,-1,-1,-1,-1,38,-1,54,37
CB1447,cb_intrinsic,brain,AVLP(R),327.8,213.1,-1,-1,-1,-1,-1,-1,33,-1,-1,-1,-1,37
CB1448,cb_intrinsic,brain,SLP(L),290.4,151.5,-1,-1,-1,-1,-1,-1,41,-1,39,-1,62,37
CB1454,cb_intrinsic,brain,CRE(L),592.8,128.9,43,-1,-1,-1,-1,-1,-1,-1,-1,-1,-1,37
CB1456,cb_intrinsic,brain,SMP(R),670.7,124.3,40,-1,-1,-1,-1,-1,-1,-1,68,-1,-1,37
CB1457,cb_intrinsic,brain,SLP(L),328.1,106.3,-1,-1,-1,-1,-1,-1,40,-1,-1,-1,-1,37
CB1458,cb_intrinsic,brain,SPS(R),623.9,263.8,55,-1,-1,-1,-1,-1,-1,-1,-1,-1,53,37
CB1460,cb_intrinsic,brain,AVLP(L),290.0,223.8,-1,-1,61,-1,37,-1,-1,-1,-1,-1,51,37
CB1463,cb_intrinsic,brain,AVLP(R),321.9,257.8,43,-1,52,-1,41,-1,-1,-1,-1,-1,-1,37
CB1464,cb_intrinsic,brain,WED(R),394.4,326.9,17,-1,33,-1,68,-1,31,-1,69,-1,32,-1
CB1467,cb_intrinsic,brain,PLP(R),651.3,126.9,65,-1,-1,54,-1,-1,-1,-1,-1,-1,-1,37
CB1477,cb_intrinsic,brain,WED(R),402.6,237.7,67,-1,-1,-1,-1,-1,-1,-1,-1,-1,45,37
CB1478,cb_intrinsic,brain,SMP(R),487.6,107.0,22,-1,-1,-1,-1,-1,-1,-1,29,-1,-1,37
CB1483,cb_intrinsic,brain,LH(L),276.9,183.2,36,-1,-1,-1,-1,-1,-1,-1,-1,-1,-1,37
CB1487,cb_intrinsic,brain,PVLP(R),333.2,239.9,37,-1,-1,-1,-1,-1,-1,68,24,-1,-1,37
CB1493,cb_intrinsic,brain,WED(R),464.7,347.8,-1,-1,-1,-1,-1,-1,-1,-1,-1,-1,32,-1
CB1498,cb_intrinsic,brain,AVLP(R),698.8,232.8,56,-1,-1,-1,45,-1,-1,-1,-1,-1,59,37
CB1500,cb_intrinsic,brain,LH(R),279.4,106.5,-1,-1,-1,-1,-1,-1,-1,-1,-1,-1,-1,37
CB1502,cb_intrinsic,brain,PVLP(L),339.9,260.6,-1,-1,-1,68,43,-1,56,-1,-1,-1,-1,37
CB1503,cb_intrinsic,brain,LH(R),717.6,157.2,44,-1,-1,-1,-1,-1,44,-1,-1,-1,-1,37
CB1504,cb_intrinsic,brain,PLP(R),342.3,175.4,40,-1,-1,-1,61,-1,34,-1,24,-1,33,-1
CB1509,cb_intrinsic,brain,LH(R),764.0,129.4,4,-1,-1,-1,-1,-1,-1,-1,-1,-1,-1,37
CB1510,cb_intrinsic,brain,PLP(R),418.8,269.2,16,-1,-1,-1,38,-1,-1,-1,-1,-1,-1,37
CB1513,cb_intrinsic,brain,LH(R),690.2,110.3,21,-1,-1,-1,-1,-1,-1,-1,-1,-1,-1,37
CB1523,cb_intrinsic,brain,AVLP(L),660.9,148.5,35,-1,57,-1,-1,-1,33,-1,-1,-1,-1,37
CB1527,cb_intrinsic,brain,AVLP(L),278.9,168.2,53,-1,-1,-1,-1,-1,48,-1,-1,-1,53,37
CB1529,cb_intrinsic,brain,SMP(L),480.2,77.6,19,-1,-1,-1,-1,-1,48,-1,12,-1,-1,37
CB1532,cb_intrinsic,brain,SMP(L),454.3,107.2,-1,-1,-1,-1,-1,-1,-1,-1,-1,-1,-1,37
CB1533,cb_intrinsic,brain,WED(L),360.2,313.9,-1,-1,56,-1,-1,-1,33,-1,-1,-1,33,-1
CB1534,cb_intrinsic,brain,AVLP(L),388.1,185.4,-1,-1,-1,-1,46,-1,-1,-1,28,-1,63,37
CB1537,cb_intrinsic,brain,SMP(R),593.9,76.8,-1,-1,-1,-1,-1,-1,-1,-1,-1,-1,-1,37
CB1538,cb_intrinsic,brain,SAD,357.6,330.9,57,-1,-1,-1,-1,-1,36,-1,-1,-1,28,-1
CB1541,cb_intrinsic,brain,SPS(L),657.4,312.9,26,-1,55,-1,-1,-1,14,-1,-1,-1,48,37
CB1542,cb_intrinsic,brain,SAD,453.7,358.4,46,-1,19,-1,-1,-1,-1,-1,-1,-1,28,-1
CB1545,cb_intrinsic,brain,AL(R),618.2,242.5,30,-1,-1,-1,-1,-1,-1,-1,-1,-1,9,-1
CB1547,cb_intrinsic,brain,LAL(R),550.0,211.1,18,-1,-1,-1,63,-1,-1,-1,-1,-1,-1,37
CB1548,cb_intrinsic,brain,SMP(L),523.9,83.7,-1,-1,-1,-1,-1,-1,-1,-1,10,-1,-1,37
CB1549,cb_intrinsic,brain,AVLP(L),728.6,213.6,45,-1,51,-1,-1,-1,68,-1,-1,-1,55,37
CB1550,cb_intrinsic,brain,IB,456.3,236.3,7,-1,-1,-1,-1,-1,-1,-1,19,-1,-1,37
CB1551,cb_intrinsic,brain,SLP(L),715.1,108.0,24,-1,-1,-1,-1,-1,41,-1,69,-1,-1,37
CB1554,cb_intrinsic,brain,IB,434.3,287.8,-1,-1,60,-1,-1,-1,-1,-1,-1,-1,-1,37
CB1556,cb_intrinsic,brain,IB,478.6,192.0,47,-1,27,-1,18,-1,22,-1,41,-1,-1,37
CB1557,cb_intrinsic,brain,SAD,574.1,364.2,67,-1,32,-1,37,-1,-1,-1,-1,-1,33,-1
CB1560,cb_intrinsic,brain,LH(R),299.8,151.6,-1,-1,-1,-1,-1,-1,-1,-1,-1,-1,51,37
CB1562,cb_intrinsic,brain,PVLP(L),677.8,190.9,-1,-1,-1,68,-1,-1,-1,-1,34,-1,-1,37
CB1564,cb_intrinsic,brain,WED(L),626.2,217.3,17,-1,-1,-1,-1,-1,-1,-1,23,-1,-1,37
CB1565,cb_intrinsic,brain,AVLP(R),715.9,191.3,11,-1,-1,-1,-1,-1,-1,-1,-1,-1,49,37
CB1570,cb_intrinsic,brain,LH(R),753.2,144.6,67,-1,42,-1,33,-1,-1,-1,38,-1,60,37
CB1573,cb_intrinsic,brain,AVLP(R),335.6,202.2,18,-1,-1,-1,-1,-1,-1,-1,54,-1,-1,37
CB1574,cb_intrinsic,brain,SLP(L),767.9,147.7,-1,-1,-1,-1,-1,-1,-1,-1,-1,-1,-1,37
CB1575,cb_intrinsic,brain,AVLP(R),272.4,196.7,-1,-1,19,-1,44,-1,-1,-1,-1,-1,64,37
CB1576,cb_intrinsic,brain,SLP(L),649.7,70.6,-1,-1,-1,-1,49,-1,-1,-1,52,-1,-1,37
CB1577,cb_intrinsic,brain,LH(L),309.9,115.5,-1,-1,-1,-1,-1,-1,-1,-1,-1,-1,55,37
CB1585,cb_intrinsic,brain,WED(L),563.7,359.0,38,-1,-1,-1,-1,-1,-1,-1,-1,-1,33,-1
CB1590,cb_intrinsic,brain,SLP(R),357.7,106.8,63,-1,-1,-1,-1,-1,-1,-1,49,-1,-1,37
CB1593,cb_intrinsic,brain,SLP(R),741.8,84.2,69,-1,-1,-1,35,-1,-1,-1,25,-1,-1,37
CB1595,cb_intrinsic,brain,SLP(R),316.4,65.0,-1,-1,46,-1,-1,-1,-1,-1,35,-1,-1,37
CB1599,cb_intrinsic,brain,LAL(L),665.8,309.3,-1,-1,-1,-1,46,-1,-1,-1,-1,-1,-1,37
CB1601,cb_intrinsic,brain,GNG,427.1,386.6,-1,-1,-1,-1,40,-1,21,-1,61,-1,28,-1
CB1603,cb_intrinsic,brain,SLP(R),365.5,137.0,-1,-1,-1,-1,-1,-1,-1,-1,15,-1,-1,37
CB1604,cb_intrinsic,brain,SLP(R),646.8,50.2,-1,-1,59,-1,-1,-1,-1,-1,45,-1,46,37
CB1607,cb_intrinsic,brain,SPS(L),625.5,255.7,-1,-1,-1,-1,-1,-1,-1,-1,-1,-1,-1,37
CB1608,cb_intrinsic,brain,SLP(R),664.6,103.4,36,-1,-1,-1,50,-1,-1,-1,32,-1,-1,37
CB1610,cb_intrinsic,brain,SLP(R),716.4,74.5,21,-1,-1,-1,-1,-1,43,-1,18,-1,-1,37
CB1613,cb_intrinsic,brain,AVLP(L),748.1,280.4,-1,-1,-1,-1,-1,-1,54,-1,-1,-1,-1,37
CB1617,cb_intrinsic,brain,SLP(L),694.8,75.4,-1,-1,21,-1,42,-1,41,-1,19,-1,-1,37
CB1619,cb_intrinsic,brain,LH(L),741.2,120.4,-1,-1,-1,-1,-1,-1,28,-1,-1,-1,-1,37
CB1625,cb_intrinsic,brain,AVLP(L),334.7,257.6,59,-1,-1,-1,-1,-1,-1,-1,-1,-1,-1,37
CB1626,cb_intrinsic,brain,LH(R),273.3,113.5,34,-1,-1,-1,-1,-1,-1,-1,-1,-1,-1,37
CB1627,cb_intrinsic,brain,SMP(R),485.3,126.7,11,-1,-1,-1,-1,-1,-1,-1,19,-1,-1,37
CB1628,cb_intrinsic,brain,SLP(R),357.6,108.1,-1,-1,-1,-1,31,-1,-1,-1,12,-1,-1,37
CB1629,cb_intrinsic,brain,LH(R),306.2,132.5,-1,-1,49,-1,-1,-1,30,-1,-1,-1,67,37
CB1632,cb_intrinsic,brain,AVLP(R),700.9,162.5,-1,-1,-1,23,-1,46,-1,67,-1,-1,-1,37
CB1636,cb_intrinsic,brain,ICL(L),420.1,198.7,6,-1,-1,-1,-1,-1,-1,-1,16,-1,-1,37
CB1638,cb_intrinsic,brain,SAD,708.0,139.4,-1,-1,35,-1,-1,-1,28,-1,5,-1,30,-1
CB1641,cb_intrinsic,brain,SPS(L),604.7,258.4,-1,-1,-1,67,61,-1,-1,-1,-1,-1,-1,37
CB1642,cb_intrinsic,brain,SPS(R),372.0,295.1,-1,-1,-1,-1,-1,-1,-1,-1,-1,-1,-1,37
CB1648,cb_intrinsic,brain,IB,523.1,216.2,65,-1,-1,-1,-1,-1,-1,-1,27,-1,67,37
CB1649,cb_intrinsic,brain,ICL(L),450.9,240.8,-1,-1,-1,-1,-1,-1,-1,-1,28,-1,-1,37
CB1650,cb_intrinsic,brain,SMP(L),593.0,60.6,65,-1,-1,-1,-1,-1,-1,-1,13,-1,-1,37
CB1652,cb_intrinsic,brain,AVLP(L),679.8,179.2,-1,-1,-1,-1,-1,-1,-1,-1,-1,-1,-1,37
CB1653,cb_intrinsic,brain,SLP(R),360.6,68.8,56,-1,-1,-1,42,-1,-1,-1,34,-1,-1,37
CB1654,cb_intrinsic,brain,PLP(R),665.1,197.8,44,-1,54,-1,-1,-1,35,-1,47,-1,63,37
CB1655,cb_intrinsic,brain,LH(R),271.0,145.8,-1,-1,-1,-1,-1,-1,-1,-1,-1,-1,11,-1
CB1663,cb_intrinsic,brain,LH(R),643.8,100.2,-1,-1,-1,-1,-1,-1,-1,-1,-1,-1,-1,37
CB1670,cb_intrinsic,brain,SLP(R),359.9,75.2,23,-1,-1,-1,-1,-1,-1,-1,10,-1,-1,37
CB1672,cb_intrinsic,brain,AVLP(R),741.9,268.4,52,-1,-1,-1,40,-1,-1,-1,39,-1,-1,37
CB1678,cb_intrinsic,brain,AVLP(R),690.0,164.6,49,-1,44,-1,-1,-1,55,-1,-1,-1,61,37
CB1679,cb_intrinsic,brain,SIP(R),632.1,105.3,54,-1,-1,-1,-1,-1,-1,-1,12,-1,58,37
CB1682,cb_intrinsic,brain,AVLP(L),748.5,187.2,-1,-1,-1,25,-1,-1,-1,-1,-1,-1,45,37
CB1684,cb_intrinsic,brain,AVLP(R),690.4,201.9,-1,-1,34,-1,-1,-1,-1,-1,-1,-1,-1,37
CB1685,cb_intrinsic,brain,SLP(R),670.6,93.6,27,-1,60,-1,24,-1,42,-1,11,-1,53,37
CB1687,cb_intrinsic,brain,LH(L),698.6,100.0,10,-1,62,-1,60,-1,-1,-1,-1,-1,44,37
CB1688,cb_intrinsic,brain,AVLP(L),739.0,275.4,14,-1,-1,-1,62,-1,38,-1,43,-1,-1,37
CB1691,cb_intrinsic,brain,AVLP(R),403.7,219.2,-1,-1,-1,-1,-1,-1,-1,-1,47,-1,59,37
CB1695,cb_intrinsic,brain,WED(R),668.3,349.2,8,-1,40,-1,-1,-1,49,-1,-1,-1,-1,37
CB1697,cb_intrinsic,brain,SMP(L),279.5,89.9,-1,-1,60,-1,-1,-1,-1,-1,26,-1,-1,37
CB1698,cb_intrinsic,brain,SLP(L),724.6,119.3,8,-1,-1,-1,-1,-1,-1,-1,25,-1,-1,37
CB1699,cb_intrinsic,brain,SMP(L),336.9,144.9,61,-1,-1,-1,-1,-1,44,-1,13,-1,-1,37
CB1701,cb_intrinsic,brain,LH(R),636.6,33.8,4,-1,47,-1,38,-1,45,-1,16,-1,-1,37
CB1702,cb_intrinsic,brain,SAD,681.3,335.9,32,-1,-1,68,53,-1,-1,-1,-1,-1,29,-1
CB1705,cb_intrinsic,brain,LAL(L),592.4,206.9,-1,-1,46,-1,43,-1,48,-1,62,-1,-1,37
CB1706,cb_intrinsic,brain,AVLP(L),692.3,217.2,-1,-1,62,-1,-1,-1,-1,-1,-1,-1,-1,37
CB1714,cb_intrinsic,brain,AVLP(L),260.4,282.7,1,-1,-1,-1,-1,-1,-1,-1,-1,-1,46,37
CB1717,cb_intrinsic,brain,PVLP(L),718.5,218.5,-1,-1,-1,-1,48,-1,-1,-1,57,-1,55,37
CB1726,cb_intrinsic,brain,LH(R),771.3,100.0,-1,-1,-1,-1,-1,-1,-1,-1,-1,-1,-1,37
CB1729,cb_intrinsic,brain,SMP(L),517.4,449.1,-1,-1,-1,-1,-1,-1,-1,-1,16,-1,46,37
CB1731,cb_intrinsic,brain,ICL(L),639.1,178.2,-1,-1,-1,-1,-1,-1,-1,-1,26,-1,61,37
CB1733,cb_intrinsic,brain,SLP(R),324.8,109.5,39,-1,-1,-1,-1,-1,-1,-1,-1,-1,-1,37
CB1735,cb_intrinsic,brain,LH(R),242.7,149.2,-1,-1,43,-1,37,-1,48,-1,-1,-1,-1,37
CB1744,cb_intrinsic,brain,AVLP(R),395.6,244.2,56,-1,-1,58,-1,-1,-1,63,-1,-1,54,37
CB1748,cb_intrinsic,brain,AVLP(R),282.9,221.7,24,-1,-1,-1,-1,-1,-1,-1,17,-1,-1,37
CB1752,cb_intrinsic,brain,SLP(L),338.7,137.7,29,-1,66,-1,-1,-1,-1,-1,-1,-1,49,37
CB1759b,cb_intrinsic,brain,SLP(R),681.5,117.9,4,-1,-1,-1,47,-1,47,-1,20,-1,-1,37
CB1771,cb_intrinsic,brain,LH(L),740.1,121.1,-1,-1,58,-1,59,-1,-1,-1,60,-1,57,37
CB1774,cb_intrinsic,brain,AVLP(R),257.8,254.3,-1,-1,-1,-1,-1,-1,-1,-1,51,-1,-1,37
CB1782,cb_intrinsic,brain,SLP(L),739.8,69.9,58,-1,54,-1,-1,-1,61,-1,-1,-1,10,-1
CB1786_a,cb_intrinsic,brain,GNG,494.8,411.3,-1,-1,17,-1,19,-1,16,-1,18,-1,20,-1
CB1787,cb_intrinsic,brain,SPS(L),465.3,321.9,-1,-1,-1,-1,-1,-1,-1,-1,-1,-1,-1,37
CB1789,cb_intrinsic,brain,ICL(R),643.7,115.3,26,-1,-1,-1,-1,-1,-1,-1,-1,-1,-1,37
CB1792,cb_intrinsic,brain,IPS(L),421.1,330.0,-1,-1,-1,-1,44,-1,21,-1,-1,-1,-1,37
CB1794,cb_intrinsic,brain,SPS(L),414.9,279.7,36,-1,-1,-1,-1,-1,-1,68,-1,-1,-1,37
CB1795,cb_intrinsic,brain,AVLP(L),703.1,50.8,22,-1,-1,-1,-1,-1,33,-1,33,-1,11,-1
CB1803,cb_intrinsic,brain,SMP(L),335.6,189.3,41,-1,-1,-1,-1,-1,-1,-1,26,-1,47,37
CB1804,cb_intrinsic,brain,LH(R),312.3,133.6,-1,-1,68,-1,-1,-1,32,-1,58,-1,-1,37
CB1805,cb_intrinsic,brain,SPS(R),604.7,241.2,-1,-1,-1,-1,-1,-1,-1,-1,47,-1,-1,37
CB1808,cb_intrinsic,brain,SLP(R),648.0,74.3,-1,-1,-1,-1,-1,-1,-1,-1,-1,-1,-1,37
CB1809,cb_intrinsic,brain,AVLP(R),709.4,205.2,55,-1,35,-1,32,-1,-1,-1,-1,-1,-1,37
CB1811,cb_intrinsic,brain,LH(R),320.6,130.6,-1,-1,48,-1,-1,-1,44,-1,69,-1,-1,37
CB1812,cb_intrinsic,brain,AVLP(L),734.9,285.3,-1,-1,-1,-1,-1,-1,32,-1,49,-1,-1,37
CB1815,cb_intrinsic,brain,SMP(R),402.2,71.3,61,-1,-1,-1,-1,-1,41,-1,16,-1,-1,37
CB1818,cb_intrinsic,brain,PLP(R),684.9,213.0,-1,-1,61,-1,-1,-1,33,-1,51,-1,31,-1
CB1821,cb_intrinsic,brain,SLP(R),333.7,122.1,-1,-1,-1,-1,-1,-1,-1,-1,61,-1,-1,37
CB1823,cb_intrinsic,brain,SMP(R),663.8,142.9,-1,-1,54,-1,-1,-1,-1,-1,-1,-1,44,37
CB1824,cb_intrinsic,brain,AL(L),383.0,262.1,4,-1,-1,-1,50,-1,-1,-1,-1,-1,8,-1
CB1833,cb_intrinsic,brain,SPS(L),544.5,213.8,-1,-1,53,-1,-1,-1,35,-1,-1,-1,-1,37
CB1834,cb_intrinsic,brain,IPS(R),426.8,330.6,12,-1,-1,-1,61,-1,33,-1,37,-1,-1,37
CB1836,cb_intrinsic,brain,SPS(L),438.6,250.4,11,-1,34,-1,-1,-1,36,-1,-1,-1,60,37
CB1838,cb_intrinsic,brain,SLP(R),731.5,58.1,-1,-1,44,-1,20,-1,40,-1,17,-1,-1,37
CB1841,cb_intrinsic,brain,CRE(L),393.1,94.1,50,-1,-1,-1,-1,-1,36,-1,57,-1,-1,37
CB1842,cb_intrinsic,brain,PVLP(L),322.1,226.1,16,-1,-1,-1,-1,-1,-1,-1,38,-1,-1,37
CB1844,cb_intrinsic,brain,IB,618.7,202.3,-1,-1,-1,-1,-1,-1,-1,-1,-1,-1,-1,37
CB1846,cb_intrinsic,brain,SLP(R),660.7,65.4,51,-1,-1,-1,-1,-1,-1,-1,59,-1,-1,37
CB1849,cb_intrinsic,brain,WED(R),347.9,235.9,38,-1,-1,-1,-1,-1,-1,-1,-1,-1,33,-1
CB1850,cb_intrinsic,brain,LH(L),314.7,111.9,-1,-1,-1,-1,-1,-1,-1,-1,-1,-1,-1,37
CB1852,cb_intrinsic,brain,PVLP(L),320.9,202.6,-1,-1,7,-1,4,-1,20,-1,16,-1,-1,37
CB1853,cb_intrinsic,brain,IB,614.9,172.0,68,-1,-1,-1,-1,-1,-1,-1,26,-1,-1,37
CB1856,cb_intrinsic,brain,IB,600.7,332.9,-1,-1,58,-1,-1,-1,30,-1,-1,-1,49,37
CB1858,cb_intrinsic,brain,SMP(R),623.7,46.4,-1,-1,-1,-1,-1,-1,-1,-1,60,-1,-1,37
CB1866,cb_intrinsic,brain,SMP(R),439.6,64.4,-1,-1,-1,-1,-1,-1,-1,-1,52,-1,59,37
CB1871,cb_intrinsic,brain,SMP(R),599.2,90.5,12,-1,-1,-1,-1,-1,-1,50,46,-1,-1,37
CB1874,cb_intrinsic,brain,LH(L),731.1,111.4,-1,-1,-1,-1,-1,-1,-1,-1,-1,-1,-1,37
CB1876,cb_intrinsic,brain,IB,557.4,208.1,-1,-1,23,-1,17,-1,28,-1,12,-1,52,37
CB1879,cb_intrinsic,brain,LH(R),301.1,133.7,-1,-1,-1,-1,-1,-1,-1,-1,-1,-1,-1,37
CB1883,cb_intrinsic,brain,AVLP(R),690.9,206.0,-1,-1,-1,-1,60,-1,26,-1,26,-1,-1,37
CB1884,cb_intrinsic,brain,SLP(L),327.3,132.6,-1,-1,-1,-1,-1,-1,42,-1,21,-1,-1,37
CB1885,cb_intrinsic,brain,AVLP(R),299.3,230.5,36,-1,47,-1,38,-1,-1,-1,-1,-1,54,37
CB1891b,cb_intrinsic,brain,VES(R),601.1,161.0,-1,-1,-1,-1,-1,-1,-1,-1,68,-1,-1,37
CB1895,cb_intrinsic,brain,SMP(L),582.5,47.4,33,-1,-1,-1,-1,-1,-1,-1,-1,-1,-1,37
CB1896,cb_intrinsic,brain,SPS(R),480.1,218.8,-1,-1,-1,-1,63,-1,12,-1,5,-1,-1,37
CB1897,cb_intrinsic,brain,SMP(R),411.1,84.5,56,-1,42,-1,34,-1,30,-1,10,-1,-1,37
CB1899,cb_intrinsic,brain,SLP(L),318.8,129.2,66,-1,-1,-1,-1,-1,27,-1,49,-1,52,37
CB1901,cb_intrinsic,brain,SLP(R),344.2,52.5,31,-1,39,-1,-1,-1,-1,-1,-1,-1,-1,37
CB1902,cb_intrinsic,brain,SIP(L),431.3,111.7,67,-1,-1,-1,-1,-1,-1,-1,-1,-1,-1,37
CB1903,cb_intrinsic,brain,AVLP(L),738.0,159.6,-1,-1,-1,-1,-1,-1,-1,-1,-1,-1,-1,37
CB1908,cb_intrinsic,brain,SAD,724.4,229.3,-1,-1,19,-1,-1,-1,-1,-1,-1,-1,34,-1
CB1909,cb_intrinsic,brain,LH(L),275.2,158.8,-1,-1,-1,-1,-1,-1,-1,-1,-1,-1,-1,37
CB1910,cb_intrinsic,brain,SMP(L),454.1,114.1,-1,-1,-1,-1,-1,-1,48,-1,16,-1,-1,37
CB1911,cb_intrinsic,brain,AVLP(R),331.3,175.3,26,-1,-1,-1,-1,-1,-1,-1,53,-1,62,37
CB1914,cb_intrinsic,brain,WED(R),584.2,327.4,-1,-1,-1,-1,-1,-1,-1,-1,-1,-1,55,37
CB1918,cb_intrinsic,brain,SAD,448.4,384.8,1,-1,54,-1,-1,-1,6,-1,-1,-1,-1,37
CB1920,cb_intrinsic,brain,PVLP(L),719.3,249.7,-1,-1,-1,58,-1,-1,-1,67,-1,-1,52,37
CB1923,cb_intrinsic,brain,SLP(R),653.5,60.0,-1,-1,-1,-1,41,-1,-1,-1,30,-1,51,37
CB1924,cb_intrinsic,brain,LH(R),784.9,110.5,60,-1,-1,-1,-1,-1,-1,-1,-1,-1,-1,37
CB1926,cb_intrinsic,brain,SMP(L),417.8,78.2,-1,-1,-1,-1,-1,-1,-1,-1,21,-1,-1,37
CB1927,cb_intrinsic,brain,LH(R),309.3,148.9,16,-1,-1,67,-1,-1,-1,-1,-1,-1,69,37
CB1931,cb_intrinsic,brain,SLP(L),633.5,39.7,1,-1,-1,-1,-1,-1,-1,-1,10,-1,-1,37
CB1932,cb_intrinsic,brain,AVLP(R),281.4,293.1,-1,-1,20,-1,-1,-1,18,-1,56,-1,21,-1
CB1934,cb_intrinsic,brain,AVLP(R),610.7,161.6,-1,-1,-1,-1,-1,-1,-1,-1,34,-1,-1,37
CB1935,cb_intrinsic,brain,SLP(L),340.4,106.1,-1,-1,-1,-1,-1,-1,-1,-1,69,-1,56,37
CB1938,cb_intrinsic,brain,AVLP(R),338.2,189.1,-1,-1,-1,45,40,-1,-1,-1,43,-1,-1,37
CB1942,cb_intrinsic,brain,SAD,631.0,300.9,15,-1,-1,-1,-1,-1,-1,-1,-1,-1,-1,37
CB1945,cb_intrinsic,brain,LH(L),730.3,144.4,57,-1,27,-1,-1,-1,29,-1,68,-1,-1,37
CB1946,cb_intrinsic,brain,SLP(L),360.2,156.7,-1,-1,-1,-1,-1,-1,-1,-1,47,-1,-1,37
CB1948,cb_intrinsic,brain,SAD,392.5,314.1,-1,-1,21,-1,6,-1,-1,-1,40,-1,-1,37
CB1949,cb_intrinsic,brain,PRW,465.8,117.8,67,-1,63,-1,65,-1,13,-1,24,-1,52,37
CB1950,cb_intrinsic,brain,SLP(R),299.2,200.7,19,-1,-1,-1,-1,-1,-1,-1,-1,-1,68,37
CB1955,cb_intrinsic,brain,AVLP(L),331.6,309.3,8,-1,-1,-1,-1,-1,-1,-1,-1,-1,-1,37
CB1956,cb_intrinsic,brain,LAL(L),568.2,228.1,33,-1,66,-1,54,-1,39,-1,7,-1,-1,37
CB1958,cb_intrinsic,brain,PLP(R),404.9,242.6,65,-1,-1,-1,33,-1,-1,-1,12,-1,-1,37
CB1959,cb_intrinsic,brain,AVLP(R),680.5,244.3,-1,-1,-1,50,-1,-1,-1,-1,-1,-1,57,37
CB1960,cb_intrinsic,brain,GNG,476.1,419.9,55,-1,-1,-1,-1,-1,22,-1,69,-1,-1,37
CB1964,cb_intrinsic,brain,AVLP(R),257.8,232.9,-1,-1,5,-1,13,-1,-1,-1,-1,-1,17,-1
CB1973,cb_intrinsic,brain,AVLP(L),726.2,247.1,2,-1,-1,-1,-1,-1,-1,-1,-1,-1,51,37
CB1975,cb_intrinsic,brain,IB,432.2,140.3,-1,-1,-1,-1,-1,-1,-1,-1,28,-1,-1,37
CB1976,cb_intrinsic,brain,PLP(R),760.9,97.7,-1,-1,-1,-1,-1,-1,-1,-1,-1,-1,-1,37
CB1976b,cb_intrinsic,brain,PLP(R),700.3,109.1,60,-1,-1,-1,-1,-1,-1,-1,68,-1,-1,37
CB1977,cb_intrinsic,brain,IPS(R),523.4,388.5,12,-1,-1,-1,-1,-1,-1,-1,61,-1,-1,37
CB1980,cb_intrinsic,brain,WED(L),406.9,314.6,-1,-1,48,-1,-1,-1,35,-1,52,-1,-1,37
CB1981,cb_intrinsic,brain,LH(L),295.9,153.6,-1,-1,-1,-1,-1,-1,31,-1,-1,-1,-1,37
CB1983,cb_intrinsic,brain,PLP(R),425.6,365.4,53,-1,22,-1,37,-1,17,-1,42,-1,65,37
CB1984,cb_intrinsic,brain,SLP(L),610.1,138.0,62,-1,-1,-1,-1,-1,42,-1,65,-1,62,37
CB1985,cb_intrinsic,brain,GNG,566.1,271.3,-1,-1,-1,-1,-1,-1,-1,-1,54,-1,-1,37
CB1987,cb_intrinsic,brain,SLP(R),336.0,83.4,-1,-1,-1,-1,-1,-1,40,-1,-1,-1,50,37
CB1995,cb_intrinsic,brain,AVLP(R),300.6,225.6,3,-1,-1,60,-1,-1,-1,-1,34,-1,62,37
CB1997,cb_intrinsic,brain,SPS(R),517.6,206.1,19,-1,31,-1,31,-1,-1,-1,-1,-1,-1,37
CB1997_b,cb_intrinsic,brain,SPS(L),584.5,328.6,-1,-1,-1,-1,-1,-1,-1,-1,-1,-1,-1,37
CB2000,cb_intrinsic,brain,SAD,595.7,379.0,8,-1,-1,-1,36,-1,-1,-1,-1,-1,54,37
CB2003,cb_intrinsic,brain,SLP(R),436.6,116.4,47,-1,-1,-1,46,-1,47,-1,14,-1,-1,37
CB2004,cb_intrinsic,brain,AL(L),584.8,248.2,38,-1,23,-1,41,-1,-1,-1,-1,-1,14,-1
CB2006,cb_intrinsic,brain,AVLP(L),713.8,268.4,-1,-1,61,-1,-1,-1,-1,-1,53,-1,-1,37
CB2018,cb_intrinsic,brain,CRE(L),571.5,106.3,-1,-1,-1,-1,-1,-1,-1,-1,21,-1,69,37
CB2026,cb_intrinsic,brain,LH(R),302.7,133.0,34,-1,-1,-1,-1,-1,40,-1,-1,-1,19,-1
CB2027,cb_intrinsic,brain,ICL(L),331.9,213.2,4,-1,-1,-1,-1,-1,49,-1,-1,-1,-1,37
CB2029,cb_intrinsic,brain,SLP(R),319.1,103.0,-1,-1,-1,-1,-1,-1,-1,-1,50,-1,62,37
CB2032,cb_intrinsic,brain,SLP(R),651.6,267.5,-1,-1,-1,-1,-1,-1,-1,-1,-1,-1,56,37
CB2033,cb_intrinsic,brain,SPS(R),418.8,229.4,5,-1,-1,-1,-1,-1,-1,-1,44,-1,-1,37
CB2035,cb_intrinsic,brain,CRE(L),387.4,91.5,3,-1,69,-1,-1,-1,-1,-1,66,-1,13,-1
CB2036,cb_intrinsic,brain,SLP(L),698.4,52.2,-1,-1,-1,-1,-1,-1,-1,-1,62,-1,-1,37
CB2037,cb_intrinsic,brain,WED(R),425.8,363.3,-1,-1,-1,-1,63,-1,-1,-1,-1,-1,-1,37
CB2038,cb_intrinsic,brain,LH(R),364.7,98.4,50,-1,-1,-1,-1,-1,-1,-1,-1,-1,-1,37
CB2040,cb_intrinsic,brain,SMP(L),341.8,80.2,15,-1,60,-1,55,-1,-1,-1,11,-1,-1,37
CB2041,cb_intrinsic,brain,AVLP(L),369.6,163.3,-1,-1,-1,-1,-1,-1,-1,-1,52,-1,46,37
CB2043,cb_intrinsic,brain,VES(R),461.4,113.3,15,-1,-1,-1,-1,-1,-1,-1,9,-1,-1,37
CB2045,cb_intrinsic,brain,LH(R),341.2,127.4,9,-1,56,-1,-1,-1,-1,-1,49,-1,-1,37
CB2047,cb_intrinsic,brain,SLP(L),241.6,129.7,-1,-1,-1,-1,-1,-1,-1,-1,51,-1,-1,37
CB2048,cb_intrinsic,brain,LH(R),679.8,105.8,68,-1,-1,66,-1,-1,41,-1,-1,-1,-1,37
CB2049,cb_intrinsic,brain,PVLP(R),716.0,233.2,1,-1,43,41,40,-1,-1,-1,-1,-1,-1,37
CB2050,cb_intrinsic,brain,SAD,457.1,352.9,3,-1,27,-1,-1,-1,25,-1,46,-1,-1,37
CB2051,cb_intrinsic,brain,SLP(L),717.4,93.8,40,-1,-1,-1,-1,-1,48,-1,-1,-1,45,37
CB2053,cb_intrinsic,brain,LH(R),282.1,111.9,-1,-1,-1,-1,-1,-1,-1,-1,57,-1,-1,37
CB2059,cb_intrinsic,brain,ICL(L),384.8,156.9,28,-1,-1,-1,-1,-1,-1,-1,23,-1,46,37
CB2064,cb_intrinsic,brain,LH(R),278.7,172.3,12,-1,36,-1,-1,-1,-1,-1,-1,-1,-1,37
CB2066,cb_intrinsic,brain,LAL(R),591.5,203.8,33,-1,-1,-1,21,-1,-1,-1,23,-1,-1,37
CB2074,cb_intrinsic,brain,ICL(L),624.2,170.6,-1,-1,-1,-1,-1,-1,-1,-1,24,-1,-1,37
CB2079,cb_intrinsic,brain,LH(L),261.4,134.4,25,-1,-1,-1,-1,-1,-1,-1,-1,-1,-1,37
CB2081_a,cb_intrinsic,brain,WED(R),663.4,329.3,9,-1,-1,-1,-1,-1,24,-1,-1,-1,-1,37
CB2081_b,cb_intrinsic,brain,WED(L),389.4,330.6,42,-1,-1,-1,-1,-1,-1,-1,-1,-1,32,-1
CB2084,cb_intrinsic,brain,SAD,513.6,399.8,-1,-1,-1,-1,-1,-1,35,-1,-1,-1,32,-1
CB2086,cb_intrinsic,brain,AVLP(L),676.7,288.0,67,-1,-1,-1,-1,-1,-1,-1,-1,-1,34,-1
CB2087,cb_intrinsic,brain,SLP(R),688.7,52.3,-1,-1,-1,-1,-1,-1,-1,-1,44,-1,-1,37
CB2088,cb_intrinsic,brain,LAL(L),392.1,118.9,28,-1,-1,-1,-1,-1,-1,-1,-1,-1,-1,37
CB2089,cb_intrinsic,brain,SLP(L),280.1,141.9,55,-1,-1,-1,-1,-1,-1,-1,-1,-1,-1,37
CB2090,cb_intrinsic,brain,PVLP(L),255.4,255.2,-1,-1,67,34,59,47,-1,68,-1,-1,47,37
CB2092,cb_intrinsic,brain,LH(R),241.9,141.3,57,-1,-1,-1,-1,-1,-1,-1,-1,-1,-1,37
CB2093,cb_intrinsic,brain,IPS(L),619.1,318.3,-1,-1,-1,-1,-1,-1,16,-1,57,-1,63,37
CB2094,cb_intrinsic,brain,IB,439.2,316.4,-1,-1,-1,-1,-1,-1,-1,-1,19,-1,-1,37
CB2105,cb_intrinsic,brain,SLP(R),306.3,127.5,13,-1,-1,-1,29,-1,-1,-1,4,-1,-1,37
CB2107,cb_intrinsic,brain,LH(R),312.4,168.0,14,-1,35,-1,40,-1,45,-1,53,-1,45,37
CB2108,cb_intrinsic,brain,WED(R),351.7,356.8,56,-1,38,-1,-1,-1,-1,-1,-1,-1,49,37
CB2111,cb_intrinsic,brain,LH(R),782.3,107.4,11,-1,-1,-1,-1,-1,-1,-1,-1,-1,-1,37
CB2113,cb_intrinsic,brain,SMP(R),558.1,140.6,-1,-1,-1,-1,-1,-1,-1,-1,55,-1,-1,37
CB2116,cb_intrinsic,brain,SLP(L),611.1,71.4,-1,-1,47,-1,48,-1,-1,-1,-1,-1,-1,37
CB2117,cb_intrinsic,brain,LAL(R),624.6,184.3,-1,-1,-1,-1,-1,-1,-1,-1,-1,-1,-1,37
CB2123,cb_intrinsic,brain,SMP(R),451.7,87.8,-1,-1,-1,-1,-1,-1,-1,-1,-1,-1,59,37
CB2127,cb_intrinsic,brain,PVLP(R),312.2,246.5,-1,-1,-1,-1,68,-1,-1,-1,64,-1,-1,37
CB2132,cb_intrinsic,brain,AVLP(R),752.5,173.8,41,-1,-1,59,66,-1,-1,-1,-1,-1,50,37
CB2133,cb_intrinsic,brain,LH(R),667.9,79.5,-1,-1,52,-1,-1,-1,36,-1,34,-1,-1,37
CB2136,cb_intrinsic,brain,SLP(L),714.9,100.2,-1,-1,-1,-1,-1,-1,47,-1,37,-1,-1,37
CB2143,cb_intrinsic,brain,PVLP(L),414.5,216.3,9,-1,22,-1,-1,-1,4,-1,67,-1,-1,37
CB2144,cb_intrinsic,brain,AVLP(L),327.8,296.8,-1,-1,28,-1,26,-1,34,-1,-1,-1,33,-1
CB2148,cb_intrinsic,brain,LH(R),744.0,84.2,28,-1,60,-1,-1,-1,-1,-1,-1,-1,-1,37
CB2151,cb_intrinsic,brain,PLP(L),651.5,73.0,-1,-1,-1,-1,-1,-1,-1,-1,-1,-1,-1,37
CB2152,cb_intrinsic,brain,SPS(L),515.6,210.6,-1,-1,-1,-1,-1,-1,-1,68,-1,-1,-1,37
CB2153,cb_intrinsic,brain,SAD,377.7,319.1,59,-1,13,-1,42,-1,54,-1,-1,-1,23,-1
CB2154,cb_intrinsic,brain,SLP(R),354.4,105.0,32,-1,-1,-1,-1,-1,-1,-1,21,-1,67,37
CB2171,cb_intrinsic,brain,AVLP(R),720.8,182.2,31,-1,-1,53,41,-1,-1,68,-1,-1,-1,37
CB2172,cb_intrinsic,brain,LH(R),729.4,125.9,-1,-1,-1,-1,-1,-1,-1,-1,48,-1,-1,37
CB2174,cb_intrinsic,brain,SLP(R),305.1,79.3,-1,-1,-1,-1,-1,-1,30,-1,-1,-1,-1,37
CB2175,cb_intrinsic,brain,PVLP(L),332.6,298.5,-1,-1,-1,-1,-1,-1,-1,-1,-1,-1,-1,37
CB2178,cb_intrinsic,brain,AVLP(R),348.1,208.1,-1,-1,-1,-1,-1,-1,54,-1,-1,-1,-1,37
CB2182,cb_intrinsic,brain,SMP(L),377.5,131.3,9,-1,-1,-1,-1,-1,-1,-1,59,-1,-1,37
CB2184,cb_intrinsic,brain,LH(R),755.6,87.6,-1,-1,-1,-1,-1,-1,-1,-1,-1,-1,-1,37
CB2185,cb_intrinsic,brain,PLP(R),764.5,125.5,9,-1,-1,-1,-1,-1,-1,-1,59,-1,-1,37
CB2189,cb_intrinsic,brain,SLP(R),710.5,114.7,34,-1,-1,-1,-1,-1,-1,-1,39,-1,-1,37
CB2194,cb_intrinsic,brain,SLP(R),281.0,93.6,-1,-1,-1,-1,-1,-1,-1,-1,-1,-1,-1,37
CB2196,cb_intrinsic,brain,SLP(R),702.5,85.9,49,-1,50,-1,-1,-1,38,-1,38,-1,-1,37
CB2200,cb_intrinsic,brain,IB,657.5,115.9,10,-1,-1,-1,-1,-1,-1,-1,-1,-1,-1,37
CB2202,cb_intrinsic,brain,AVLP(R),282.0,209.3,65,-1,-1,-1,-1,-1,-1,-1,-1,-1,53,37
CB2205,cb_intrinsic,brain,SAD,604.6,387.0,28,-1,-1,66,51,-1,35,-1,-1,-1,29,-1
CB2206,cb_intrinsic,brain,PLP(R),271.9,148.3,36,-1,-1,-1,-1,-1,-1,-1,-1,-1,-1,37
CB2207,cb_intrinsic,brain,AVLP(L),394.7,364.3,-1,-1,64,-1,62,-1,-1,-1,-1,-1,15,-1
CB2208,cb_intrinsic,brain,SLP(R),743.3,140.5,29,-1,-1,-1,-1,-1,-1,-1,60,-1,-1,37
CB2224,cb_intrinsic,brain,LH(R),252.4,165.1,-1,-1,66,-1,-1,-1,-1,-1,-1,-1,-1,37
CB2226,cb_intrinsic,brain,SLP(L),748.9,122.0,1,-1,-1,-1,-1,-1,-1,-1,44,-1,-1,37
CB2227,cb_intrinsic,brain,PLP(L),387.2,223.7,-1,-1,-1,-1,-1,-1,35,-1,-1,-1,48,37
CB2228,cb_intrinsic,brain,WED(L),613.2,331.5,51,-1,-1,-1,33,-1,-1,-1,-1,-1,-1,37
CB2229,cb_intrinsic,brain,PLP(R),618.6,171.8,62,-1,-1,-1,-1,-1,39,-1,-1,-1,-1,37
CB2230,cb_intrinsic,brain,CRE(L),578.6,136.4,-1,-1,-1,-1,-1,-1,-1,-1,-1,-1,-1,37
CB2232,cb_intrinsic,brain,SLP(R),696.7,54.5,-1,-1,-1,-1,61,-1,-1,-1,24,-1,-1,37
CB2235,cb_intrinsic,brain,GNG,598.2,423.8,-1,-1,-1,-1,64,-1,-1,69,46,-1,66,37
CB2244,cb_intrinsic,brain,SMP(R),320.4,114.4,-1,-1,-1,-1,-1,-1,-1,-1,69,-1,55,37
CB2245,cb_intrinsic,brain,LAL(L),632.9,231.6,-1,-1,-1,-1,-1,-1,-1,-1,-1,-1,60,37
CB2246,cb_intrinsic,brain,PLP(R),419.2,269.2,-1,-1,-1,-1,57,-1,35,-1,53,-1,-1,37
CB2251,cb_intrinsic,brain,PVLP(L),694.0,227.0,-1,-1,34,-1,47,-1,-1,68,-1,-1,-1,37
CB2252,cb_intrinsic,brain,SPS(R),463.2,273.0,-1,-1,-1,68,-1,-1,25,-1,-1,-1,36,-1
CB2254,cb_intrinsic,brain,AVLP(R),688.1,255.6,39,-1,-1,-1,-1,-1,-1,-1,-1,-1,-1,37
CB2257,cb_intrinsic,brain,AVLP(R),312.6,189.0,45,-1,-1,51,-1,-1,-1,-1,-1,-1,-1,37
CB2259,cb_intrinsic,brain,ICL(R),330.5,231.8,-1,-1,-1,-1,-1,-1,-1,-1,31,-1,-1,37
CB2262,cb_intrinsic,brain,SIP(R),631.6,67.1,1,-1,-1,-1,-1,-1,-1,-1,65,-1,57,37
CB2269,cb_intrinsic,brain,SLP(R),704.3,116.9,2,-1,67,-1,-1,-1,41,-1,37,-1,-1,37
CB2270,cb_intrinsic,brain,SAD,573.7,258.2,-1,-1,-1,-1,33,-1,-1,-1,33,-1,29,-1
CB2280,cb_intrinsic,brain,SMP(L),583.7,79.6,-1,-1,-1,-1,-1,-1,-1,-1,67,-1,-1,37
CB2281,cb_intrinsic,brain,AVLP(R),741.0,190.7,36,-1,-1,64,45,-1,-1,-1,46,-1,67,37
CB2285,cb_intrinsic,brain,SLP(R),352.4,43.2,14,-1,57,-1,-1,-1,-1,-1,-1,-1,-1,37
CB2286,cb_intrinsic,brain,AVLP(L),676.9,218.0,17,-1,-1,-1,-1,66,-1,-1,35,-1,53,37
CB2290,cb_intrinsic,brain,LH(R),709.3,188.0,-1,-1,40,-1,-1,-1,-1,-1,-1,-1,15,-1
CB2292,cb_intrinsic,brain,LH(L),655.2,46.2,54,-1,48,-1,-1,-1,-1,-1,68,-1,25,-1
CB2294,cb_intrinsic,brain,SPS(R),388.2,331.8,30,-1,-1,-1,58,-1,36,-1,-1,-1,-1,37
CB2295,cb_intrinsic,brain,SMP(L),316.0,94.7,-1,-1,-1,-1,-1,-1,-1,-1,10,-1,-1,37
CB2298,cb_intrinsic,brain,SLP(L),680.2,40.3,35,-1,-1,-1,46,-1,42,-1,24,-1,-1,37
CB2300,cb_intrinsic,brain,IB,592.4,161.1,-1,-1,-1,-1,-1,-1,-1,-1,8,-1,-1,37
CB2302,cb_intrinsic,brain,SLP(R),658.7,56.4,37,-1,-1,-1,58,-1,-1,-1,25,-1,-1,37
CB2309,cb_intrinsic,brain,WED(L),379.3,320.9,29,-1,-1,54,-1,-1,-1,-1,-1,-1,31,-1
CB2310,cb_intrinsic,brain,SIP(L),539.0,86.8,-1,-1,-1,-1,-1,-1,-1,-1,-1,-1,-1,37
CB2311,cb_intrinsic,brain,SLP(R),640.3,93.9,-1,-1,-1,-1,-1,-1,-1,-1,27,-1,-1,37
CB2315,cb_intrinsic,brain,SLP(L),306.9,65.4,-1,-1,-1,-1,56,-1,48,-1,6,-1,-1,37
CB2316,cb_intrinsic,brain,AVLP(R),743.3,186.2,6,-1,-1,66,-1,48,-1,-1,41,-1,-1,37
CB2319,cb_intrinsic,brain,ICL(L),704.7,120.6,1,-1,-1,-1,-1,-1,-1,-1,31,-1,-1,37
CB2321,cb_intrinsic,brain,AVLP(R),317.0,170.3,-1,-1,30,-1,52,-1,69,-1,51,-1,62,37
CB2323,cb_intrinsic,brain,AVLP(R),352.8,211.6,-1,-1,-1,-1,-1,-1,34,-1,-1,-1,-1,37
CB2330,cb_intrinsic,brain,AVLP(R),400.7,208.7,-1,-1,-1,-1,-1,-1,-1,-1,29,-1,-1,37
CB2337,cb_intrinsic,brain,SPS(L),483.1,314.9,-1,-1,-1,-1,-1,-1,43,-1,-1,-1,66,37
CB2339,cb_intrinsic,brain,AVLP(R),702.0,194.3,-1,-1,28,24,-1,-1,-1,-1,-1,-1,-1,37
CB2342,cb_intrinsic,brain,AVLP(R),270.8,193.8,-1,-1,19,-1,23,-1,-1,-1,23,-1,-1,37
CB2343,cb_intrinsic,brain,IB,303.1,210.6,21,-1,39,-1,33,-1,42,-1,-1,-1,-1,37
CB2346,cb_intrinsic,brain,SLP(L),683.5,74.4,-1,-1,-1,-1,-1,-1,-1,-1,37,-1,-1,37
CB2347,cb_intrinsic,brain,SAD,466.7,386.6,-1,-1,-1,69,-1,-1,-1,-1,-1,-1,-1,37
CB2348,cb_intrinsic,brain,WED(L),390.4,309.6,-1,-1,-1,-1,-1,-1,53,-1,-1,-1,29,-1
CB2351,cb_intrinsic,brain,GNG,507.6,386.1,45,-1,-1,-1,-1,-1,22,-1,-1,-1,47,-1
CB2357,cb_intrinsic,brain,CRE(L),454.4,102.3,-1,-1,-1,-1,-1,-1,-1,-1,29,-1,-1,37
CB2361,cb_intrinsic,brain,PLP(R),647.5,303.9,20,-1,-1,-1,-1,-1,25,-1,-1,-1,-1,37
CB2363,cb_intrinsic,brain,SIP(R),415.6,76.7,32,-1,-1,-1,-1,-1,-1,-1,11,-1,-1,37
CB2365,cb_intrinsic,brain,AVLP(R),329.5,209.0,9,-1,60,25,-1,-1,-1,-1,-1,-1,-1,37
CB2366,cb_intrinsic,brain,SAD,665.9,337.5,18,-1,-1,-1,-1,-1,25,-1,68,-1,-1,37
CB2371,cb_intrinsic,brain,WED(R),530.2,367.1,44,-1,-1,-1,-1,-1,-1,68,-1,-1,-1,37
CB2373,cb_intrinsic,brain,AVLP(L),755.7,238.3,9,-1,-1,-1,-1,-1,-1,-1,-1,-1,-1,37
CB2374,cb_intrinsic,brain,AVLP(R),349.8,209.1,18,-1,-1,55,-1,-1,-1,-1,-1,-1,-1,37
CB2377,cb_intrinsic,brain,AVLP(R),386.4,341.9,55,-1,-1,-1,-1,-1,22,-1,50,-1,-1,37
CB2379,cb_intrinsic,brain,LH(L),287.8,127.6,47,-1,-1,-1,-1,-1,-1,-1,56,-1,4,-1
CB2380,cb_intrinsic,brain,SAD,424.6,374.3,24,-1,-1,68,40,-1,-1,-1,-1,-1,30,-1
CB2389,cb_intrinsic,brain,GNG,497.0,438.7,17,-1,-1,42,-1,-1,-1,-1,-1,-1,-1,37
CB2390,cb_intrinsic,brain,AVLP(R),315.7,181.4,3,-1,-1,-1,-1,47,-1,-1,65,-1,-1,37
CB2396,cb_intrinsic,brain,PVLP(R),296.0,208.9,-1,-1,52,-1,-1,53,-1,67,-1,-1,-1,37
CB2398,cb_intrinsic,brain,SIP(R),330.7,111.1,-1,-1,-1,-1,-1,-1,-1,-1,64,-1,-1,37
CB2401,cb_intrinsic,brain,SLP(R),363.8,45.1,-1,-1,-1,-1,58,-1,-1,-1,-1,-1,-1,37
CB2404,cb_intrinsic,brain,AVLP(L),689.8,189.2,23,-1,44,-1,-1,-1,-1,-1,-1,-1,64,37
CB2408,cb_intrinsic,brain,SPS(L),527.3,255.3,-1,-1,-1,-1,-1,-1,-1,-1,-1,-1,-1,37
CB2411,cb_intrinsic,brain,SMP(L),614.1,185.9,-1,-1,-1,-1,-1,-1,45,-1,53,-1,-1,37
CB2412,cb_intrinsic,brain,AVLP(R),658.5,187.4,-1,-1,-1,60,37,-1,-1,-1,-1,-1,-1,37
CB2416,cb_intrinsic,brain,SMP(R),399.9,49.3,20,-1,-1,-1,-1,-1,-1,-1,56,-1,-1,37
CB2420,cb_intrinsic,brain,VES(L),587.3,283.2,29,-1,-1,-1,-1,-1,-1,-1,-1,-1,64,37
CB2425,cb_intrinsic,brain,LAL(L),425.1,197.5,-1,-1,-1,-1,-1,-1,-1,-1,-1,-1,-1,37
CB2430,cb_intrinsic,brain,LAL(L),569.1,107.8,-1,-1,-1,-1,-1,-1,-1,-1,-1,-1,-1,37
CB2431,cb_intrinsic,brain,SAD,356.8,302.6,-1,-1,-1,-1,-1,-1,54,-1,-1,-1,31,-1
CB2433,cb_intrinsic,brain,AVLP(R),327.3,86.8,-1,-1,36,-1,65,-1,33,-1,-1,-1,-1,37
CB2437,cb_intrinsic,brain,SLP(R),632.5,47.2,-1,-1,-1,-1,-1,-1,-1,-1,39,-1,-1,37
CB2440,cb_intrinsic,brain,SAD,490.6,364.3,65,-1,66,-1,61,-1,-1,-1,-1,-1,31,-1
CB2442,cb_intrinsic,brain,LH(R),334.2,111.4,27,-1,-1,-1,-1,-1,-1,-1,-1,-1,-1,37
CB2447,cb_intrinsic,brain,WED(R),364.7,321.5,-1,-1,-1,-1,-1,-1,34,-1,-1,-1,-1,37
CB2448,cb_intrinsic,brain,LH(L),728.9,70.3,21,-1,66,-1,-1,-1,-1,-1,63,-1,-1,37
CB2453,cb_intrinsic,brain,AVLP(R),726.8,203.4,-1,-1,-1,-1,42,-1,-1,-1,25,-1,-1,37
CB2458,cb_intrinsic,brain,AVLP(R),275.7,209.1,66,-1,-1,64,44,-1,-1,-1,-1,-1,-1,37
CB2459,cb_intrinsic,brain,ICL(R),561.1,180.3,10,-1,-1,-1,-1,-1,-1,-1,-1,-1,-1,37
CB2462,cb_intrinsic,brain,IB,521.6,243.6,-1,-1,-1,-1,-1,-1,44,-1,-1,-1,-1,37
CB2463,cb_intrinsic,brain,LH(R),250.3,153.7,57,-1,-1,-1,-1,-1,-1,-1,-1,-1,-1,37
CB2465,cb_intrinsic,brain,VES(L),411.7,345.1,-1,-1,53,-1,32,-1,-1,69,48,-1,-1,37
CB2467,cb_intrinsic,brain,SLP(L),299.3,104.2,-1,-1,65,-1,-1,-1,-1,-1,37,-1,24,-1
CB2469,cb_intrinsic,brain,CRE(L),610.0,164.1,38,-1,67,-1,-1,-1,26,-1,-1,-1,33,-1
CB2471,cb_intrinsic,brain,AL(L),418.9,241.1,36,-1,-1,40,58,-1,-1,-1,-1,-1,-1,-1
CB2472,cb_intrinsic,brain,SAD,643.6,311.8,-1,-1,-1,-1,-1,-1,30,-1,-1,-1,33,-1
CB2475,cb_intrinsic,brain,SAD,602.0,325.8,13,-1,-1,-1,-1,-1,54,-1,-1,-1,28,-1
CB2478,cb_intrinsic,brain,AVLP(L),387.3,320.0,-1,-1,-1,-1,-1,-1,-1,-1,-1,-1,-1,37
CB2479,cb_intrinsic,brain,SLP(R),658.7,43.1,-1,-1,67,-1,-1,-1,61,-1,9,-1,-1,37
CB2480,cb_intrinsic,brain,LH(R),735.2,92.5,59,-1,38,-1,-1,-1,-1,-1,-1,-1,55,37
CB2481,cb_intrinsic,brain,AVLP(R),653.2,121.0,-1,-1,-1,-1,65,-1,-1,-1,28,-1,-1,37
CB2489,cb_intrinsic,brain,AVLP(L),597.2,373.6,-1,-1,-1,-1,-1,-1,-1,-1,-1,-1,-1,37
CB2491,cb_intrinsic,brain,WED(L),337.4,219.9,16,-1,-1,-1,-1,-1,-1,-1,-1,-1,-1,37
CB2494,cb_intrinsic,brain,PLP(R),395.7,244.0,-1,-1,-1,-1,37,-1,-1,69,60,-1,-1,37
CB2495,cb_intrinsic,brain,PLP(R),346.8,159.6,-1,-1,-1,-1,-1,-1,-1,-1,-1,-1,-1,37
CB2497,cb_intrinsic,brain,GNG,549.3,423.1,-1,-1,-1,-1,-1,-1,20,-1,46,-1,21,-1
CB2498,cb_intrinsic,brain,AVLP(R),297.8,240.9,-1,-1,29,-1,-1,-1,-1,-1,-1,-1,-1,37
CB2500,cb_intrinsic,brain,SCL(R),431.5,56.1,-1,-1,-1,-1,-1,-1,-1,-1,23,-1,-1,37
CB2501,cb_intrinsic,brain,WED(R),654.0,346.8,39,-1,13,-1,-1,-1,25,-1,-1,-1,26,-1
CB2503,cb_intrinsic,brain,WED(R),392.5,328.6,-1,-1,-1,-1,21,-1,14,-1,37,-1,-1,37
CB2507,cb_intrinsic,brain,SLP(L),713.6,56.1,33,-1,-1,-1,65,-1,-1,-1,33,-1,-1,37
CB2512,cb_intrinsic,brain,AVLP(R),318.3,214.8,-1,-1,-1,-1,58,54,-1,-1,-1,-1,-1,37
CB2514,cb_intrinsic,brain,PVLP(R),660.8,200.1,18,-1,-1,-1,-1,-1,-1,68,24,-1,-1,37
CB2517,cb_intrinsic,brain,SLP(R),666.7,93.9,-1,-1,-1,-1,-1,-1,-1,-1,67,-1,-1,37
CB2518,cb_intrinsic,brain,AVLP(L),731.8,147.0,-1,-1,-1,37,-1,-1,-1,-1,-1,-1,56,37
CB2521,cb_intrinsic,brain,SAD,341.5,258.1,-1,-1,35,-1,-1,-1,36,-1,-1,-1,24,-1
CB2522,cb_intrinsic,brain,SLP(R),280.1,128.0,-1,-1,-1,-1,-1,-1,38,-1,-1,-1,5,-1
CB2523,cb_intrinsic,brain,LAL(R),362.4,319.2,27,-1,-1,-1,61,-1,-1,-1,49,-1,-1,37
CB2530,cb_intrinsic,brain,SLP(R),668.9,97.0,-1,-1,-1,-1,-1,-1,-1,-1,53,-1,-1,37
CB2535,cb_intrinsic,brain,SMP(L),470.7,349.8,-1,-1,-1,-1,-1,-1,18,-1,52,-1,-1,37
CB2537,cb_intrinsic,brain,SMP(L),438.9,71.8,6,-1,-1,-1,-1,-1,-1,-1,-1,-1,-1,37
CB2538,cb_intrinsic,brain,AVLP(R),262.9,207.1,1,-1,-1,-1,34,-1,34,-1,44,-1,-1,37
CB2539,cb_intrinsic,brain,SMP(L),448.5,128.1,39,-1,24,-1,18,-1,2,-1,5,-1,-1,37
CB2545,cb_intrinsic,brain,WED(R),373.4,357.3,59,-1,-1,-1,-1,-1,-1,-1,-1,-1,-1,37
CB2549,cb_intrinsic,brain,LH(R),250.2,138.1,-1,-1,-1,-1,-1,-1,-1,-1,-1,-1,48,37
CB2550,cb_intrinsic,brain,CRE(L),420.6,205.9,-1,-1,-1,-1,-1,-1,-1,-1,-1,-1,45,37
CB2551b,cb_intrinsic,brain,GNG,605.8,382.0,-1,-1,-1,56,-1,-1,10,-1,-1,-1,-1,37
CB2555,cb_intrinsic,brain,SLP(L),392.2,261.6,69,-1,-1,-1,-1,-1,-1,-1,-1,-1,-1,37
CB2558,cb_intrinsic,brain,SAD,447.0,322.2,11,-1,40,-1,30,-1,36,-1,-1,-1,29,-1
CB2559,cb_intrinsic,brain,LH(R),299.1,134.9,-1,-1,-1,-1,-1,-1,-1,-1,-1,-1,-1,37
CB2561,cb_intrinsic,brain,AL(L),396.0,231.8,-1,-1,-1,-1,-1,-1,-1,-1,-1,-1,12,-1
CB2563,cb_intrinsic,brain,SLP(R),698.1,50.2,-1,-1,-1,-1,-1,-1,-1,-1,36,-1,-1,37
CB2572,cb_intrinsic,brain,SMP(L),459.1,46.5,17,-1,56,-1,37,-1,51,-1,8,-1,-1,37
CB2577,cb_intrinsic,brain,SMP(L),663.1,119.6,42,-1,-1,-1,-1,-1,-1,-1,-1,-1,48,37
CB2584,cb_intrinsic,brain,SIP(L),647.9,53.9,-1,-1,-1,-1,-1,-1,-1,-1,-1,-1,-1,37
CB2585,cb_intrinsic,brain,WED(L),630.6,351.0,-1,-1,62,-1,-1,-1,-1,-1,-1,-1,31,-1
CB2589,cb_intrinsic,brain,AL(L),617.6,247.1,29,-1,-1,-1,-1,-1,-1,-1,-1,-1,18,-1
CB2592,cb_intrinsic,brain,SLP(L),314.3,95.0,7,-1,-1,-1,16,-1,-1,-1,9,-1,52,37
CB2595,cb_intrinsic,brain,AVLP(R),252.7,210.8,-1,-1,-1,-1,-1,-1,-1,-1,-1,-1,-1,37
CB2596,cb_intrinsic,brain,LH(R),692.9,101.5,-1,-1,-1,-1,-1,-1,-1,-1,-1,-1,-1,37
CB2599,cb_intrinsic,brain,AVLP(R),752.0,228.5,1,-1,-1,-1,-1,-1,-1,-1,-1,-1,-1,37
CB2600,cb_intrinsic,brain,SLP(R),364.5,107.9,23,-1,45,-1,40,-1,42,-1,35,-1,51,37
CB2620,cb_intrinsic,brain,SAD,634.2,213.3,-1,-1,-1,-1,-1,-1,-1,-1,64,-1,-1,37
CB2623,cb_intrinsic,brain,AVLP(R),294.4,233.1,25,-1,-1,-1,-1,-1,-1,-1,66,-1,-1,37
CB2624,cb_intrinsic,brain,AVLP(R),348.8,187.4,-1,-1,-1,-1,-1,-1,60,-1,-1,-1,-1,37
CB2625,cb_intrinsic,brain,AVLP(R),313.9,213.0,-1,-1,-1,-1,61,-1,-1,-1,43,-1,-1,37
CB2627,cb_intrinsic,brain,AVLP(R),303.6,159.5,31,-1,-1,-1,44,-1,35,-1,-1,-1,-1,37
CB2630,cb_intrinsic,brain,VES(L),474.6,290.7,69,-1,-1,-1,49,-1,-1,-1,46,-1,-1,37
CB2633,cb_intrinsic,brain,AVLP(L),730.1,262.1,-1,-1,53,-1,49,-1,-1,-1,-1,-1,-1,37
CB2636,cb_intrinsic,brain,SMP(R),453.0,93.9,43,-1,-1,-1,-1,-1,46,-1,19,-1,61,37
CB2638,cb_intrinsic,brain,SMP(L),394.2,82.5,31,-1,-1,-1,-1,-1,-1,-1,37,-1,49,37
CB2642,cb_intrinsic,brain,AVLP(R),307.6,175.6,60,-1,36,-1,31,-1,-1,-1,-1,-1,-1,37
CB2646,cb_intrinsic,brain,SPS(R),570.3,255.6,-1,-1,-1,-1,-1,-1,-1,-1,-1,-1,-1,37
CB2648,cb_intrinsic,brain,SLP(L),738.0,107.3,13,-1,-1,-1,-1,-1,-1,-1,41,-1,-1,37
CB2653,cb_intrinsic,brain,WED(R),602.5,338.3,-1,-1,45,-1,-1,-1,-1,-1,-1,-1,31,-1
CB2655,cb_intrinsic,brain,AVLP(R),347.9,242.3,-1,-1,38,-1,62,-1,35,-1,-1,-1,-1,37
CB2659,cb_intrinsic,brain,AVLP(L),626.0,156.4,21,-1,-1,-1,11,-1,-1,-1,13,-1,6,-1
CB2660,cb_intrinsic,brain,AVLP(R),299.7,154.8,-1,-1,-1,-1,-1,-1,-1,-1,19,-1,-1,37
CB2664,cb_intrinsic,brain,SAD,582.8,312.3,68,-1,26,-1,35,-1,55,-1,-1,-1,26,-1
CB2667,cb_intrinsic,brain,SLP(R),284.1,141.2,5,-1,-1,-1,58,-1,45,-1,24,-1,-1,37
CB2671,cb_intrinsic,brain,SCL(R),368.8,123.5,63,-1,-1,-1,-1,-1,-1,-1,15,-1,-1,37
CB2672,cb_intrinsic,brain,AVLP(R),332.7,224.5,-1,-1,-1,-1,-1,-1,-1,-1,43,-1,-1,37
CB2674,cb_intrinsic,brain,PVLP(R),739.6,187.5,-1,-1,58,-1,-1,-1,-1,-1,45,-1,56,37
CB2676,cb_intrinsic,brain,AVLP(R),688.4,172.0,-1,-1,-1,-1,-1,-1,29,-1,-1,-1,-1,37
CB2678,cb_intrinsic,brain,LH(R),761.4,97.8,-1,-1,-1,-1,59,-1,31,-1,-1,-1,-1,37
CB2679,cb_intrinsic,brain,LH(L),723.7,127.6,5,-1,-1,-1,-1,-1,-1,-1,-1,-1,-1,37
CB2681,cb_intrinsic,brain,AVLP(L),715.0,199.1,54,-1,-1,-1,-1,-1,-1,-1,-1,-1,-1,37
CB2682,cb_intrinsic,brain,PVLP(R),336.5,227.6,-1,-1,-1,23,-1,40,-1,66,-1,-1,-1,37
CB2684,cb_intrinsic,brain,AVLP(L),704.7,297.3,34,-1,-1,-1,-1,-1,-1,-1,47,-1,-1,37
CB2685,cb_intrinsic,brain,SLP(R),743.5,108.0,-1,-1,54,-1,-1,-1,-1,-1,-1,-1,-1,37
CB2687,cb_intrinsic,brain,LH(R),322.4,151.1,8,-1,66,-1,55,-1,52,-1,-1,-1,52,37
CB2688,cb_intrinsic,brain,SLP(L),683.2,113.5,67,-1,-1,-1,-1,-1,38,-1,41,-1,9,-1
CB2689,cb_intrinsic,brain,AVLP(R),294.3,88.9,-1,-1,-1,-1,-1,-1,-1,-1,42,-1,-1,37
CB2691,cb_intrinsic,brain,LH(R),746.9,118.0,23,-1,-1,-1,-1,-1,48,-1,-1,-1,-1,37
CB2693,cb_intrinsic,brain,LH(R),309.0,157.6,15,-1,-1,-1,-1,-1,-1,-1,50,-1,-1,37
CB2694,cb_intrinsic,brain,SPS(L),441.6,277.4,48,-1,-1,-1,56,-1,-1,-1,-1,-1,-1,37
CB2701,cb_intrinsic,brain,LH(L),735.8,116.4,-1,-1,-1,-1,-1,-1,49,-1,-1,-1,57,37
CB2702,cb_intrinsic,brain,GNG,504.5,426.0,69,-1,-1,-1,-1,-1,28,-1,-1,-1,45,37
CB2703,cb_intrinsic,brain,AL(L),643.3,225.0,-1,-1,-1,-1,-1,-1,69,-1,-1,-1,8,-1
CB2706,cb_intrinsic,brain,SMP(R),579.5,72.2,47,-1,-1,-1,-1,-1,-1,-1,-1,-1,-1,37
CB2710,cb_intrinsic,brain,SAD,644.1,317.4,-1,-1,-1,-1,-1,-1,36,-1,-1,-1,32,-1
CB2711,cb_intrinsic,brain,AL(R),299.0,112.7,-1,-1,-1,67,-1,-1,-1,-1,-1,-1,15,-1
CB2713,cb_intrinsic,brain,PLP(R),369.2,212.4,3,-1,-1,-1,58,-1,33,-1,52,-1,-1,37
CB2714,cb_intrinsic,brain,LH(L),752.6,88.5,-1,-1,-1,-1,-1,-1,-1,-1,43,-1,62,37
CB2719,cb_intrinsic,brain,CRE(R),464.5,98.9,-1,-1,-1,-1,-1,-1,65,-1,-1,-1,-1,37
CB2720,cb_intrinsic,brain,SMP(R),482.7,127.9,7,-1,-1,-1,-1,-1,-1,-1,32,-1,-1,37
CB2721,cb_intrinsic,brain,SCL(L),630.0,120.0,7,-1,-1,-1,-1,-1,-1,-1,-1,-1,-1,37
CB2725,cb_intrinsic,brain,LH(R),768.9,135.3,-1,-1,-1,-1,-1,-1,-1,-1,-1,-1,-1,37
CB2733,cb_intrinsic,brain,LH(R),775.3,115.2,-1,-1,-1,53,-1,-1,-1,-1,-1,-1,-1,37
CB2736,cb_intrinsic,brain,CRE(L),592.8,86.1,40,-1,-1,-1,-1,-1,-1,-1,-1,-1,-1,37
CB2737,cb_intrinsic,brain,IB,532.4,206.2,-1,-1,-1,69,-1,-1,-1,-1,-1,-1,-1,37
CB2743,cb_intrinsic,brain,LH(R),271.9,134.5,-1,-1,-1,-1,-1,-1,-1,-1,-1,-1,50,37
CB2744,cb_intrinsic,brain,SLP(R),342.0,120.1,-1,-1,-1,-1,-1,-1,-1,-1,56,-1,-1,37
CB2751,cb_intrinsic,brain,GNG,535.6,385.5,25,-1,-1,-1,-1,-1,34,-1,69,-1,66,37
CB2754,cb_intrinsic,brain,SMP(L),539.4,125.8,58,-1,-1,-1,-1,-1,-1,-1,9,-1,56,37
CB2755,cb_intrinsic,brain,LH(L),310.0,155.1,-1,-1,-1,-1,-1,-1,47,-1,-1,-1,-1,37
CB2763,cb_intrinsic,brain,AVLP(R),705.1,259.0,-1,-1,-1,-1,-1,-1,54,-1,-1,-1,-1,37
CB2764,cb_intrinsic,brain,LH(L),742.1,135.2,-1,-1,-1,-1,-1,-1,-1,-1,-1,-1,-1,37
CB2766,cb_intrinsic,brain,SLP(R),371.5,47.6,-1,-1,-1,-1,-1,-1,-1,-1,-1,-1,49,37
CB2769,cb_intrinsic,brain,AVLP(R),737.7,159.0,-1,-1,44,-1,-1,-1,-1,-1,45,-1,-1,37
CB2770,cb_intrinsic,brain,LH(R),683.4,102.8,17,-1,-1,-1,-1,-1,-1,-1,-1,-1,-1,37
CB2772,cb_intrinsic,brain,LH(R),632.2,196.9,41,-1,-1,-1,-1,-1,-1,-1,-1,-1,14,-1
CB2782,cb_intrinsic,brain,LH(R),765.3,124.4,-1,-1,-1,-1,-1,-1,-1,-1,-1,-1,48,37
CB2783,cb_intrinsic,brain,IB,520.6,239.5,1,-1,-1,-1,-1,-1,13,-1,-1,-1,-1,37
CB2784,cb_intrinsic,brain,CRE(L),578.4,74.2,3,-1,52,-1,42,-1,26,-1,-1,-1,-1,37
CB2786,cb_intrinsic,brain,LH(L),396.0,132.0,42,-1,-1,-1,-1,-1,-1,-1,-1,-1,64,37
CB2787,cb_intrinsic,brain,SIP(R),372.7,109.1,45,-1,52,-1,-1,-1,-1,-1,-1,-1,51,37
CB2789,cb_intrinsic,brain,SAD,522.4,358.4,8,-1,-1,-1,46,-1,51,-1,-1,-1,23,-1
CB2790,cb_intrinsic,brain,LH(R),301.8,153.9,65,-1,-1,-1,-1,-1,-1,-1,-1,-1,-1,37
CB2792,cb_intrinsic,brain,GNG,528.9,373.2,-1,-1,-1,-1,33,-1,33,-1,45,-1,48,37
CB2797,cb_intrinsic,brain,SLP(R),301.8,94.4,17,-1,-1,-1,-1,-1,-1,-1,63,-1,-1,37
CB2800,cb_intrinsic,brain,SAD,419.5,380.2,-1,-1,-1,-1,59,-1,-1,-1,-1,-1,55,37
CB2802,cb_intrinsic,brain,LH(R),285.6,143.0,42,-1,-1,-1,-1,-1,-1,-1,44,-1,-1,37
CB2805,cb_intrinsic,brain,LH(R),258.4,115.6,-1,-1,-1,-1,66,-1,-1,-1,48,-1,-1,37
CB2812,cb_intrinsic,brain,LH(R),747.9,127.7,-1,-1,-1,-1,-1,-1,-1,-1,-1,-1,-1,37
CB2814,cb_intrinsic,brain,SMP(L),461.7,64.7,64,-1,53,-1,45,-1,15,-1,14,-1,-1,37
CB2816,cb_intrinsic,brain,SLP(L),644.5,136.0,35,-1,-1,-1,-1,-1,-1,-1,26,-1,-1,37
CB2823,cb_intrinsic,brain,LH(R),703.9,71.7,5,-1,30,-1,33,-1,40,-1,41,-1,56,37
CB2824,cb_intrinsic,brain,SAD,457.5,380.7,-1,-1,-1,-1,-1,-1,-1,-1,-1,-1,29,-1
CB2831,cb_intrinsic,brain,LH(L),294.3,174.0,-1,-1,26,-1,-1,-1,-1,-1,-1,-1,69,37
CB2845,cb_intrinsic,brain,AL(R),457.1,267.1,-1,-1,-1,63,-1,-1,-1,-1,-1,-1,-1,-1
CB2846,cb_intrinsic,brain,CRE(L),603.4,127.6,46,-1,-1,-1,-1,-1,30,-1,-1,-1,-1,37
CB2851,cb_intrinsic,brain,LH(L),278.0,111.3,-1,-1,-1,-1,61,-1,69,-1,-1,-1,64,37
CB2855,cb_intrinsic,brain,WED(R),396.5,330.7,-1,-1,-1,-1,-1,-1,-1,-1,61,-1,-1,37
CB2859,cb_intrinsic,brain,WED(R),479.2,394.3,66,-1,-1,-1,-1,-1,-1,-1,66,-1,-1,37
CB2861,cb_intrinsic,brain,LH(R),738.8,130.6,-1,-1,-1,-1,-1,-1,-1,-1,-1,-1,-1,37
CB2862,cb_intrinsic,brain,LH(R),753.3,110.4,27,-1,-1,-1,-1,-1,-1,-1,51,-1,-1,37
CB2863,cb_intrinsic,brain,AVLP(R),315.9,296.5,-1,-1,68,-1,27,-1,-1,-1,-1,-1,-1,37
CB2869,cb_intrinsic,brain,ICL(L),418.0,173.8,27,-1,-1,-1,-1,-1,41,-1,-1,-1,-1,37
CB2870,cb_intrinsic,brain,PLP(R),292.2,88.3,4,-1,-1,-1,-1,-1,-1,-1,-1,-1,-1,37
CB2873,cb_intrinsic,brain,WED(R),617.3,305.1,55,-1,-1,-1,-1,-1,-1,-1,57,-1,-1,37
CB2876,cb_intrinsic,brain,SMP(R),329.0,128.1,-1,-1,-1,-1,-1,-1,39,-1,18,-1,69,37
CB2877,cb_intrinsic,brain,LH(R),687.3,235.8,-1,-1,-1,-1,-1,-1,-1,-1,-1,-1,-1,37
CB2880,cb_intrinsic,brain,LH(R),727.5,161.2,45,-1,-1,-1,-1,-1,-1,-1,-1,-1,-1,37
CB2881,cb_intrinsic,brain,PLP(R),658.1,185.9,42,-1,-1,-1,37,-1,33,-1,45,-1,-1,37
CB2884,cb_intrinsic,brain,ICL(R),651.0,125.5,-1,-1,-1,-1,-1,-1,-1,-1,52,-1,-1,37
CB2889,cb_intrinsic,brain,LH(R),346.1,90.4,-1,-1,-1,-1,-1,-1,-1,-1,-1,-1,-1,37
CB2892,cb_intrinsic,brain,SLP(R),656.4,63.7,69,-1,51,-1,-1,-1,49,-1,63,-1,-1,37
CB2895,cb_intrinsic,brain,SLP(L),657.4,97.6,-1,-1,-1,-1,-1,-1,-1,-1,-1,-1,53,37
CB2896,cb_intrinsic,brain,IB,546.0,198.3,23,-1,-1,-1,43,-1,-1,-1,10,-1,-1,37
CB2902,cb_intrinsic,brain,AVLP(R),289.4,177.8,66,-1,-1,-1,-1,-1,-1,-1,-1,-1,-1,37
CB2904,cb_intrinsic,brain,LH(R),741.1,167.1,-1,-1,-1,66,-1,-1,41,-1,65,-1,-1,37
CB2906,cb_intrinsic,brain,LH(R),256.2,115.4,57,-1,-1,-1,-1,-1,68,-1,-1,-1,-1,37
CB2907,cb_intrinsic,brain,SLP(R),715.9,111.3,-1,-1,-1,-1,-1,-1,45,-1,67,-1,-1,37
CB2908,cb_intrinsic,brain,AL(R),376.8,251.9,-1,-1,-1,-1,69,-1,-1,-1,-1,-1,5,-1
CB2910,cb_intrinsic,brain,LH(R),649.0,69.2,4,-1,-1,-1,-1,-1,-1,-1,65,-1,-1,37
CB2912,cb_intrinsic,brain,GNG,667.0,344.4,-1,-1,-1,-1,69,-1,15,-1,50,-1,55,37
CB2913,cb_intrinsic,brain,GNG,535.5,393.6,-1,-1,-1,-1,-1,-1,-1,-1,-1,-1,53,37
CB2919,cb_intrinsic,brain,LH(R),743.5,89.9,8,-1,-1,-1,52,-1,-1,-1,42,-1,60,37
CB2920,cb_intrinsic,brain,LH(L),724.0,138.3,-1,-1,-1,-1,51,-1,-1,-1,42,-1,-1,37
CB2922,cb_intrinsic,brain,PLP(R),379.4,240.4,15,-1,-1,-1,-1,-1,36,-1,-1,-1,-1,37
CB2927,cb_intrinsic,brain,LH(L),333.6,99.6,-1,-1,-1,-1,-1,-1,-1,-1,-1,-1,-1,37
CB2931,cb_intrinsic,brain,SCL(R),361.4,131.4,23,-1,-1,-1,-1,-1,40,-1,31,-1,-1,37
CB2934,cb_intrinsic,brain,LH(L),755.2,93.2,34,-1,-1,-1,-1,-1,-1,-1,-1,-1,-1,37
CB2935,cb_intrinsic,brain,WED(R),646.4,324.1,-1,-1,-1,-1,-1,-1,-1,-1,55,-1,33,-1
CB2936,cb_intrinsic,brain,LAL(L),417.7,251.2,-1,-1,-1,-1,-1,-1,-1,-1,51,-1,-1,37
CB2937,cb_intrinsic,brain,SIP(L),641.0,94.4,31,-1,-1,-1,-1,-1,-1,-1,49,-1,-1,37
CB2938,cb_intrinsic,brain,SLP(R),343.7,291.1,-1,-1,-1,-1,-1,-1,-1,-1,61,-1,-1,37
CB2940,cb_intrinsic,brain,SAD,430.1,374.8,-1,-1,-1,-1,69,-1,-1,-1,-1,-1,30,-1
CB2944,cb_intrinsic,brain,GNG,480.7,408.9,1,-1,-1,-1,-1,-1,-1,-1,-1,-1,-1,37
CB2947,cb_intrinsic,brain,ICL(L),392.1,131.6,36,-1,-1,-1,-1,-1,-1,-1,-1,-1,-1,37
CB2948,cb_intrinsic,brain,SLP(R),685.6,91.0,-1,-1,-1,-1,-1,-1,-1,-1,38,-1,-1,37
CB2950,cb_intrinsic,brain,LAL(L),631.3,194.2,-1,-1,-1,-1,59,-1,30,-1,43,-1,-1,37
CB2952,cb_intrinsic,brain,SLP(R),701.4,63.0,-1,-1,-1,-1,55,-1,-1,-1,49,-1,-1,37
CB2953,cb_intrinsic,brain,SPS(L),456.0,256.4,-1,-1,-1,-1,-1,-1,-1,-1,-1,-1,-1,37
CB2954,cb_intrinsic,brain,SCL(R),467.9,80.6,26,-1,-1,-1,-1,-1,-1,-1,-1,-1,-1,37
CB2955,cb_intrinsic,brain,SLP(R),393.1,96.9,-1,-1,-1,-1,-1,-1,-1,-1,35,-1,-1,37
CB2956,cb_intrinsic,brain,WED(R),684.2,328.9,15,-1,-1,-1,-1,-1,25,-1,50,-1,-1,37
CB2958,cb_intrinsic,brain,LH(R),711.6,148.3,-1,-1,-1,-1,-1,-1,-1,-1,42,-1,-1,37
CB2963,cb_intrinsic,brain,WED(R),662.5,328.7,-1,-1,-1,-1,-1,-1,34,-1,42,-1,32,-1
CB2966,cb_intrinsic,brain,AVLP(R),732.2,130.5,46,-1,-1,-1,63,-1,28,-1,47,-1,57,37
CB2967,cb_intrinsic,brain,ICL(R),412.1,175.1,-1,-1,-1,-1,-1,-1,-1,-1,-1,-1,-1,37
CB2970,cb_intrinsic,brain,SLP(L),657.2,93.7,-1,-1,-1,-1,-1,-1,-1,-1,-1,-1,-1,37
CB2972,cb_intrinsic,brain,WED(R),382.0,304.8,-1,-1,-1,-1,-1,-1,-1,-1,-1,-1,-1,37
CB2975,cb_intrinsic,brain,ICL(R),310.5,130.9,35,-1,-1,-1,-1,-1,-1,-1,29,-1,-1,37
CB2976,cb_intrinsic,brain,LH(L),313.0,134.9,-1,-1,-1,-1,-1,-1,47,-1,-1,-1,-1,37
CB2979,cb_intrinsic,brain,LH(R),689.0,93.7,-1,-1,-1,-1,-1,-1,-1,-1,-1,-1,-1,37
CB2981,cb_intrinsic,brain,LAL(L),607.9,95.0,40,-1,-1,-1,-1,-1,-1,-1,28,-1,-1,37
CB2982,cb_intrinsic,brain,SLP(R),353.7,129.4,62,-1,-1,-1,-1,-1,-1,-1,-1,-1,56,37
CB2983,cb_intrinsic,brain,SLP(L),322.5,120.5,-1,-1,-1,-1,-1,-1,-1,-1,46,-1,-1,37
CB2985,cb_intrinsic,brain,IB,485.6,269.4,69,-1,-1,-1,-1,-1,-1,-1,38,-1,62,37
CB2988,cb_intrinsic,brain,SMP(L),437.2,83.2,54,-1,-1,-1,-1,-1,-1,-1,50,-1,-1,37
CB2992,cb_intrinsic,brain,SLP(L),660.1,48.7,-1,-1,-1,-1,-1,-1,-1,-1,32,-1,-1,37
CB2993,cb_intrinsic,brain,SMP(L),451.3,74.9,46,-1,-1,-1,-1,-1,-1,-1,-1,-1,44,37
CB2995,cb_intrinsic,brain,AVLP(R),716.8,261.2,15,-1,51,-1,-1,-1,34,-1,54,-1,-1,37
CB2996,cb_intrinsic,brain,AVLP(L),690.4,261.6,25,-1,-1,-1,-1,-1,-1,-1,-1,-1,-1,37
CB3001,cb_intrinsic,brain,PLP(R),649.1,255.7,58,-1,-1,-1,39,-1,-1,-1,32,-1,48,37
CB3005,cb_intrinsic,brain,SLP(R),675.9,84.0,14,-1,-1,-1,39,-1,-1,-1,33,-1,-1,37
CB3007,cb_intrinsic,brain,AL(R),414.5,264.1,-1,-1,-1,-1,-1,-1,-1,-1,-1,-1,12,-1
CB3008,cb_intrinsic,brain,SLP(L),693.2,83.3,-1,-1,-1,-1,-1,-1,-1,-1,54,-1,-1,37
CB3010,cb_intrinsic,brain,LAL(L),593.5,152.4,-1,-1,-1,-1,-1,-1,-1,-1,-1,-1,-1,37
CB3012,cb_intrinsic,brain,LH(L),272.9,164.5,14,-1,-1,-1,-1,-1,48,-1,68,-1,47,37
CB3013,cb_intrinsic,brain,PLP(L),708.0,163.1,60,-1,61,58,-1,-1,36,-1,-1,-1,-1,37
CB3014,cb_intrinsic,brain,PVLP(R),668.7,262.1,-1,-1,-1,52,-1,49,-1,67,-1,-1,54,37
CB3015,cb_intrinsic,brain,ICL(L),481.4,208.6,-1,-1,-1,-1,-1,-1,-1,-1,15,-1,53,37
CB3016,cb_intrinsic,brain,LH(R),259.8,111.2,-1,-1,-1,-1,-1,-1,8,-1,39,-1,-1,37
CB3019,cb_intrinsic,brain,AVLP(R),290.7,246.6,-1,-1,-1,-1,20,-1,-1,-1,38,-1,-1,37
CB3021,cb_intrinsic,brain,LH(R),279.1,164.6,-1,-1,-1,63,-1,-1,-1,-1,-1,-1,-1,37
CB3023,cb_intrinsic,brain,SLP(R),752.4,142.8,-1,-1,61,-1,-1,-1,-1,-1,50,-1,-1,37
CB3024,cb_intrinsic,brain,SAD,427.8,334.3,-1,-1,39,-1,8,-1,14,-1,46,-1,27,-1
CB3030,cb_intrinsic,brain,SLP(L),343.8,54.3,-1,-1,-1,-1,-1,-1,-1,-1,37,-1,-1,37
CB3036,cb_intrinsic,brain,LH(R),340.4,122.8,26,-1,-1,-1,-1,-1,-1,-1,-1,-1,54,37
CB3042,cb_intrinsic,brain,AVLP(R),704.6,186.3,42,-1,-1,66,-1,-1,-1,-1,-1,-1,-1,37
CB3043,cb_intrinsic,brain,SLP(L),292.3,102.5,53,-1,-1,-1,69,-1,-1,-1,19,-1,-1,37
CB3044,cb_intrinsic,brain,SPS(L),419.2,276.2,44,-1,56,-1,33,-1,27,-1,17,-1,-1,37
CB3045,cb_intrinsic,brain,LH(R),265.7,174.3,47,-1,-1,-1,-1,-1,-1,-1,-1,-1,56,37
CB3049,cb_intrinsic,brain,SLP(R),693.7,58.3,6,-1,-1,-1,-1,-1,37,-1,39,-1,-1,37
CB3050,cb_intrinsic,brain,SLP(L),685.0,113.3,-1,-1,-1,-1,-1,-1,-1,-1,-1,-1,57,37
CB3051,cb_intrinsic,brain,LH(R),288.4,173.0,-1,-1,-1,-1,66,-1,69,-1,-1,-1,-1,37
CB3052,cb_intrinsic,brain,SMP(L),440.4,86.4,37,-1,-1,-1,67,-1,30,-1,9,-1,59,37
CB3055,cb_intrinsic,brain,SLP(L),307.8,104.2,56,-1,-1,-1,-1,-1,33,-1,51,-1,-1,37
CB3056,cb_intrinsic,brain,CRE(L),710.5,181.6,-1,-1,20,-1,43,-1,37,-1,40,-1,33,-1
CB3060,cb_intrinsic,brain,SMP(L),578.3,64.7,61,-1,-1,-1,-1,-1,-1,-1,54,-1,53,37
CB3065,cb_intrinsic,brain,LAL(L),419.3,204.2,-1,-1,-1,-1,-1,-1,26,-1,23,-1,-1,37
CB3067,cb_intrinsic,brain,AVLP(R),755.2,206.6,-1,-1,-1,-1,-1,-1,-1,-1,-1,-1,-1,37
CB3069,cb_intrinsic,brain,SMP(R),433.5,73.0,-1,-1,-1,-1,-1,-1,-1,-1,19,-1,-1,37
CB3071,cb_intrinsic,brain,SLP(L),686.5,85.4,54,-1,-1,-1,-1,-1,-1,-1,43,-1,50,37
CB3074,cb_intrinsic,brain,ICL(L),371.4,102.0,33,-1,-1,-1,-1,-1,38,-1,62,-1,-1,37
CB3075,cb_intrinsic,brain,LH(L),709.9,128.4,35,-1,-1,-1,-1,-1,-1,-1,-1,-1,-1,37
CB3076,cb_intrinsic,brain,SMP(L),560.8,110.5,60,-1,-1,-1,-1,-1,-1,-1,17,-1,-1,37
CB3080,cb_intrinsic,brain,ICL(R),623.3,116.4,24,-1,-1,-1,-1,-1,-1,-1,-1,-1,-1,37
CB3081,cb_intrinsic,brain,SLP(R),746.8,114.5,8,-1,-1,-1,-1,-1,-1,-1,39,-1,50,37
CB3084,cb_intrinsic,brain,SLP(R),285.5,93.3,-1,-1,-1,-1,-1,-1,-1,-1,49,-1,46,37
CB3089,cb_intrinsic,brain,PLP(R),736.3,221.2,-1,-1,-1,51,-1,-1,-1,-1,-1,-1,-1,37
CB3093,cb_intrinsic,brain,SMP(L),538.3,44.8,-1,-1,-1,-1,-1,-1,-1,-1,-1,-1,51,37
CB3098,cb_intrinsic,brain,IB,594.9,320.1,17,-1,-1,-1,-1,-1,-1,-1,-1,-1,44,37
CB3103,cb_intrinsic,brain,GNG,513.2,379.9,-1,-1,-1,53,-1,-1,-1,-1,-1,-1,33,-1
CB3104,cb_intrinsic,brain,AVLP(R),761.9,202.2,67,-1,69,65,50,-1,-1,-1,-1,-1,-1,37
CB3109,cb_intrinsic,brain,LH(L),690.1,98.9,-1,-1,-1,-1,-1,-1,-1,-1,-1,-1,53,37
CB3113,cb_intrinsic,brain,PLP(L),436.4,109.7,-1,-1,-1,-1,-1,-1,30,-1,15,-1,56,37
CB3118,cb_intrinsic,brain,SMP(L),580.6,72.6,6,-1,-1,-1,-1,-1,-1,-1,21,-1,-1,37
CB3120,cb_intrinsic,brain,SMP(L),542.5,108.6,9,-1,-1,-1,-1,-1,46,-1,-1,-1,61,37
CB3121,cb_intrinsic,brain,SLP(R),471.4,117.4,13,-1,-1,-1,35,-1,-1,-1,9,-1,48,37
CB3124,cb_intrinsic,brain,LH(R),266.2,158.5,17,-1,-1,-1,-1,-1,-1,-1,43,-1,-1,37
CB3127,cb_intrinsic,brain,AOTU(L),699.0,94.9,-1,-1,-1,55,-1,50,-1,-1,-1,-1,45,37
CB3132,cb_intrinsic,brain,SPS(L),427.3,257.3,16,-1,-1,-1,-1,-1,-1,-1,-1,-1,-1,37
CB3133,cb_intrinsic,brain,SLP(L),676.1,55.3,8,-1,-1,-1,-1,-1,66,-1,65,-1,-1,37
CB3135,cb_intrinsic,brain,SMP(R),437.8,73.5,-1,-1,-1,69,-1,-1,-1,37,-1,57,-1,37
CB3140,cb_intrinsic,brain,WED(R),407.3,325.8,-1,-1,68,-1,55,-1,32,-1,69,-1,-1,37
CB3141,cb_intrinsic,brain,SLP(R),713.6,168.7,-1,-1,-1,-1,-1,-1,39,-1,41,-1,49,37
CB3142,cb_intrinsic,brain,SLP(L),346.4,97.5,-1,-1,-1,-1,-1,-1,-1,-1,-1,-1,-1,37
CB3143,cb_intrinsic,brain,ICL(L),699.0,219.1,63,-1,-1,-1,-1,-1,-1,-1,50,-1,-1,37
CB3147,cb_intrinsic,brain,SMP(L),454.8,110.5,-1,-1,-1,-1,-1,-1,-1,-1,68,-1,-1,37
CB3162,cb_intrinsic,brain,WED(L),694.6,249.8,2,-1,-1,-1,-1,-1,-1,-1,-1,-1,34,-1
CB3168,cb_intrinsic,brain,SLP(R),354.4,79.6,-1,-1,-1,-1,-1,-1,-1,-1,24,-1,-1,37
CB3172,cb_intrinsic,brain,AL(L),569.8,248.5,-1,-1,-1,-1,-1,-1,-1,-1,-1,-1,68,-1
CB3173,cb_intrinsic,brain,SLP(L),717.9,60.3,-1,-1,-1,-1,-1,-1,-1,-1,37,-1,-1,37
CB3175,cb_intrinsic,brain,SLP(R),306.6,111.6,6,-1,-1,-1,-1,-1,-1,-1,30,-1,64,37
CB3184,cb_intrinsic,brain,AVLP(R),730.8,202.1,-1,-1,41,-1,30,-1,-1,-1,-1,-1,-1,37
CB3185,cb_intrinsic,brain,SMP(L),734.6,87.6,19,-1,-1,-1,-1,-1,-1,-1,-1,-1,-1,37
CB3187,cb_intrinsic,brain,SCL(R),509.8,237.7,32,-1,-1,-1,-1,-1,-1,-1,34,-1,-1,37
CB3197,cb_intrinsic,brain,SPS(R),603.2,308.6,24,-1,-1,-1,-1,-1,-1,-1,-1,-1,-1,37
CB3201,cb_intrinsic,brain,SAD,661.5,243.7,-1,-1,-1,-1,-1,-1,34,-1,51,-1,34,-1
CB3202,cb_intrinsic,brain,AL(L),435.3,203.0,23,-1,-1,-1,63,-1,-1,-1,-1,-1,9,-1
CB3204,cb_intrinsic,brain,WED(R),346.3,218.0,-1,-1,-1,-1,-1,-1,-1,-1,69,-1,-1,37
CB3207,cb_intrinsic,brain,SAD,583.0,320.9,40,-1,-1,68,28,-1,-1,-1,-1,-1,44,37
CB3208,cb_intrinsic,brain,LH(L),733.1,95.7,20,-1,-1,-1,-1,-1,-1,-1,-1,-1,47,37
CB3209,cb_intrinsic,brain,PLP(R),359.4,180.1,21,-1,-1,-1,-1,-1,-1,-1,53,-1,-1,37
CB3212,cb_intrinsic,brain,LH(R),292.6,179.3,17,-1,-1,-1,-1,-1,-1,-1,-1,-1,47,37
CB3218,cb_intrinsic,brain,SLP(R),343.9,107.5,7,-1,-1,-1,-1,-1,-1,-1,-1,-1,45,37
CB3220,cb_intrinsic,brain,SPS(L),679.9,321.2,-1,-1,-1,-1,-1,-1,-1,-1,-1,-1,-1,37
CB3221,cb_intrinsic,brain,SLP(R),322.9,64.3,-1,-1,-1,-1,-1,-1,-1,-1,46,-1,-1,37
CB3228,cb_intrinsic,brain,AL(R),563.6,207.0,-1,-1,-1,-1,-1,-1,-1,-1,-1,-1,8,-1
CB3233,cb_intrinsic,brain,AVLP(R),765.7,199.3,-1,-1,-1,-1,-1,-1,-1,-1,-1,-1,-1,37
CB3236,cb_intrinsic,brain,SLP(R),682.3,45.0,19,-1,-1,-1,39,-1,-1,-1,24,-1,-1,37
CB3240,cb_intrinsic,brain,LH(L),338.4,101.4,-1,-1,-1,-1,-1,-1,-1,-1,-1,-1,-1,37
CB3245,cb_intrinsic,brain,WED(R),666.9,297.1,-1,-1,28,-1,18,-1,-1,-1,-1,-1,44,37
CB3249,cb_intrinsic,brain,SMP(R),349.0,259.6,22,-1,-1,-1,-1,-1,-1,-1,-1,-1,-1,37
CB3250,cb_intrinsic,brain,SMP(R),450.0,250.6,5,-1,-1,-1,-1,-1,-1,-1,44,-1,56,37
CB3252,cb_intrinsic,brain,SMP(L),303.2,63.3,61,-1,-1,-1,-1,-1,-1,-1,61,-1,60,37
CB3255,cb_intrinsic,brain,PVLP(R),357.3,232.7,-1,-1,48,-1,-1,-1,-1,-1,-1,-1,-1,37
CB3261,cb_intrinsic,brain,SLP(L),651.9,61.9,22,-1,63,-1,29,-1,46,-1,19,-1,-1,37
CB3264,cb_intrinsic,brain,AVLP(L),299.3,196.6,42,-1,-1,-1,60,-1,-1,-1,-1,-1,-1,37
CB3268,cb_intrinsic,brain,SLP(R),363.8,70.1,49,-1,-1,-1,-1,-1,-1,-1,-1,-1,61,37
CB3269,cb_intrinsic,brain,AVLP(L),760.5,189.6,51,-1,-1,-1,29,-1,31,-1,23,-1,64,37
CB3274,cb_intrinsic,brain,LH(R),768.2,118.4,8,-1,-1,-1,-1,-1,-1,-1,59,-1,-1,37
CB3276,cb_intrinsic,brain,SLP(R),650.7,94.8,-1,-1,-1,-1,-1,-1,-1,-1,40,-1,-1,37
CB3277,cb_intrinsic,brain,AVLP(R),308.4,256.3,-1,-1,-1,51,-1,-1,-1,-1,42,-1,-1,37
CB3278,cb_intrinsic,brain,LH(R),309.2,110.6,-1,-1,61,-1,-1,-1,-1,-1,-1,-1,52,37
CB3281,cb_intrinsic,brain,SLP(R),744.8,82.3,8,-1,44,-1,58,-1,40,-1,35,-1,-1,37
CB3287b,cb_intrinsic,brain,AVLP(R),296.6,268.1,34,-1,-1,47,-1,-1,-1,-1,-1,-1,66,37
CB3288,cb_intrinsic,brain,LH(R),344.6,115.0,2,-1,-1,-1,-1,-1,40,-1,50,-1,-1,37
CB3293,cb_intrinsic,brain,SLP(R),292.7,127.6,-1,-1,-1,-1,-1,-1,-1,-1,37,-1,-1,37
CB3297,cb_intrinsic,brain,PVLP(R),724.4,236.8,38,-1,-1,68,-1,45,-1,67,-1,-1,-1,37
CB3302,cb_intrinsic,brain,AVLP(R),327.6,187.6,1,-1,-1,-1,49,-1,28,-1,49,-1,-1,37
CB3305,cb_intrinsic,brain,WED(R),447.9,351.9,6,-1,65,-1,-1,-1,-1,-1,-1,-1,34,-1
CB3308,cb_intrinsic,brain,SLP(L),688.4,87.0,43,-1,-1,-1,47,-1,42,-1,33,-1,-1,37
CB3316,cb_intrinsic,brain,WED(R),588.4,319.3,-1,-1,-1,-1,-1,-1,-1,-1,-1,-1,55,37
CB3318,cb_intrinsic,brain,SLP(L),726.1,91.6,9,-1,-1,-1,-1,-1,-1,-1,-1,-1,-1,37
CB3319,cb_intrinsic,brain,SLP(R),327.0,83.7,13,-1,-1,-1,62,-1,-1,-1,25,-1,-1,37
CB3320,cb_intrinsic,brain,SAD,430.2,259.6,5,-1,28,-1,21,-1,-1,-1,-1,-1,25,-1
CB3322,cb_intrinsic,brain,AVLP(R),753.6,173.1,-1,-1,-1,-1,31,-1,-1,-1,-1,-1,-1,37
CB3323,cb_intrinsic,brain,VES(L),430.6,320.3,50,-1,-1,-1,-1,-1,10,-1,48,-1,49,37
CB3326,cb_intrinsic,brain,AL(R),598.6,168.9,65,-1,-1,-1,-1,-1,-1,-1,-1,-1,-1,-1
CB3329,cb_intrinsic,brain,AVLP(R),314.2,266.1,6,-1,15,-1,-1,-1,69,-1,-1,-1,-1,37
CB3332,cb_intrinsic,brain,SPS(R),472.8,305.9,5,-1,-1,-1,-1,-1,-1,-1,41,-1,46,37
CB3339,cb_intrinsic,brain,CRE(L),440.9,109.8,-1,-1,-1,-1,-1,-1,-1,-1,-1,-1,-1,37
CB3340,cb_intrinsic,brain,LH(L),723.2,87.9,-1,-1,-1,-1,-1,-1,-1,-1,-1,-1,-1,37
CB3343,cb_intrinsic,brain,PLP(L),412.3,268.8,8,-1,-1,-1,56,-1,-1,68,-1,-1,-1,37
CB3347,cb_intrinsic,brain,SLP(R),354.6,71.7,58,-1,-1,-1,-1,-1,-1,-1,36,-1,-1,37
CB3357,cb_intrinsic,brain,SLP(R),391.7,50.5,-1,-1,-1,-1,-1,-1,-1,-1,26,-1,-1,37
CB3358,cb_intrinsic,brain,SMP(R),445.0,42.2,-1,-1,-1,-1,-1,-1,-1,-1,-1,-1,-1,37
CB3360,cb_intrinsic,brain,SMP(R),581.4,102.0,-1,-1,-1,-1,-1,-1,-1,-1,26,-1,-1,37
CB3361,cb_intrinsic,brain,SLP(R),743.4,74.5,17,-1,-1,-1,-1,-1,-1,-1,56,-1,61,37
CB3362,cb_intrinsic,brain,SMP(R),549.6,65.2,17,-1,-1,-1,-1,-1,50,-1,12,-1,44,37
CB3364,cb_intrinsic,brain,SAD,720.5,235.6,-1,-1,11,-1,31,-1,29,-1,63,-1,27,-1
CB3373,cb_intrinsic,brain,AVLP(R),707.7,284.0,-1,-1,-1,-1,-1,-1,-1,-1,-1,-1,-1,37
CB3374,cb_intrinsic,brain,LH(R),302.2,169.3,52,-1,-1,-1,-1,-1,-1,-1,-1,-1,-1,37
CB3376,cb_intrinsic,brain,SPS(L),422.2,189.5,7,-1,-1,-1,36,-1,-1,-1,47,-1,32,-1
CB3381,cb_intrinsic,brain,WED(R),421.7,331.2,6,-1,-1,-1,-1,-1,-1,-1,-1,-1,32,-1
CB3383,cb_intrinsic,brain,SLP(L),576.1,244.6,8,-1,-1,-1,-1,-1,-1,-1,-1,-1,8,-1
CB3384,cb_intrinsic,brain,AVLP(L),572.5,377.3,9,-1,-1,-1,-1,-1,54,-1,-1,-1,32,-1
CB3391,cb_intrinsic,brain,SIP(L),641.5,98.2,-1,-1,68,-1,45,-1,50,-1,-1,-1,-1,37
CB3393,cb_intrinsic,brain,LH(R),339.1,103.1,69,-1,-1,-1,-1,-1,-1,-1,-1,-1,-1,37
CB3394,cb_intrinsic,brain,LAL(L),580.2,219.9,-1,-1,-1,-1,-1,-1,-1,-1,-1,-1,-1,37
CB3396,cb_intrinsic,brain,SIP(L),412.8,67.1,30,-1,-1,-1,-1,-1,-1,-1,21,-1,-1,37
CB3399,cb_intrinsic,brain,SLP(L),610.5,54.9,-1,-1,-1,-1,-1,-1,-1,-1,-1,-1,-1,37
CB3400,cb_intrinsic,brain,PVLP(R),301.8,270.6,-1,-1,-1,-1,-1,-1,-1,68,-1,-1,-1,37
CB3402,cb_intrinsic,brain,AVLP(R),363.3,155.4,27,-1,-1,-1,-1,-1,-1,-1,25,-1,-1,37
CB3404,cb_intrinsic,brain,AVLP(R),319.0,211.8,8,-1,-1,-1,-1,-1,-1,-1,-1,-1,-1,37
CB3407,cb_intrinsic,brain,AVLP(R),300.1,266.4,-1,-1,-1,-1,-1,-1,-1,-1,-1,-1,44,37
CB3409,cb_intrinsic,brain,AVLP(L),706.4,229.0,-1,-1,51,-1,51,-1,-1,-1,-1,-1,-1,37
CB3411,cb_intrinsic,brain,AVLP(L),379.8,331.1,30,-1,-1,-1,-1,-1,-1,-1,-1,-1,47,37
CB3414,cb_intrinsic,brain,SLP(R),345.7,109.1,1,-1,-1,-1,-1,-1,-1,-1,54,-1,58,37
CB3417,cb_intrinsic,brain,AL(R),468.4,245.5,-1,-1,33,-1,18,-1,-1,-1,-1,-1,13,-1
CB3419,cb_intrinsic,brain,VES(L),592.5,262.2,21,-1,-1,-1,-1,-1,32,-1,25,-1,-1,37
CB3427,cb_intrinsic,brain,AVLP(R),320.9,277.1,-1,-1,-1,68,48,-1,-1,-1,35,-1,-1,37
CB3433,cb_intrinsic,brain,AVLP(R),322.2,249.6,12,-1,-1,-1,68,-1,-1,-1,40,-1,-1,37
CB3435,cb_intrinsic,brain,AVLP(R),325.5,180.9,-1,-1,46,-1,31,-1,-1,-1,-1,-1,-1,37
CB3437,cb_intrinsic,brain,SAD,534.8,384.2,-1,-1,-1,-1,-1,-1,-1,-1,-1,-1,32,-1
CB3439,cb_intrinsic,brain,AVLP(L),303.7,244.4,62,-1,67,-1,-1,-1,-1,-1,19,-1,-1,37
CB3441,cb_intrinsic,brain,CRE(L),461.1,119.7,66,-1,-1,-1,-1,-1,-1,-1,-1,-1,64,37
CB3445,cb_intrinsic,brain,AVLP(R),600.6,173.5,25,-1,-1,55,48,-1,-1,-1,-1,-1,-1,37
CB3446,cb_intrinsic,brain,SMP(L),449.0,47.7,51,-1,-1,-1,64,-1,46,-1,-1,-1,69,37
CB3447,cb_intrinsic,brain,AL(R),561.1,220.7,2,-1,-1,-1,-1,-1,-1,-1,-1,-1,12,-1
CB3450,cb_intrinsic,brain,AVLP(R),612.6,189.2,23,-1,-1,-1,44,-1,-1,-1,15,-1,-1,37
CB3453,cb_intrinsic,brain,WED(R),374.1,314.2,-1,-1,-1,-1,-1,-1,36,-1,39,-1,-1,37
CB3459,cb_intrinsic,brain,AVLP(L),768.0,208.9,-1,-1,-1,-1,-1,-1,-1,-1,-1,-1,-1,37
CB3464,cb_intrinsic,brain,SLP(R),705.1,83.7,-1,-1,23,-1,17,-1,37,-1,21,-1,17,-1
CB3466,cb_intrinsic,brain,AVLP(R),356.1,216.2,50,-1,-1,-1,19,-1,-1,-1,24,-1,-1,37
CB3469,cb_intrinsic,brain,AVLP(R),354.1,247.1,-1,-1,-1,-1,-1,-1,-1,-1,45,-1,-1,37
CB3476,cb_intrinsic,brain,LH(L),268.2,150.8,29,-1,-1,-1,-1,-1,-1,-1,-1,-1,-1,37
CB3477,cb_intrinsic,brain,SLP(R),708.0,92.9,-1,-1,-1,-1,-1,-1,-1,-1,42,-1,-1,37
CB3479,cb_intrinsic,brain,SLP(R),372.2,62.7,-1,-1,38,-1,28,-1,63,-1,53,-1,56,37
CB3488,cb_intrinsic,brain,AVLP(R),698.3,235.3,63,-1,-1,-1,68,54,-1,-1,-1,-1,45,37
CB3496,cb_intrinsic,brain,PLP(R),300.0,250.9,-1,-1,-1,61,-1,-1,-1,-1,-1,-1,45,37
CB3498,cb_intrinsic,brain,SLP(L),587.9,99.6,-1,-1,-1,-1,-1,-1,-1,-1,17,-1,-1,37
CB3499,cb_intrinsic,brain,AVLP(L),310.5,291.3,52,-1,-1,-1,-1,-1,-1,-1,-1,-1,-1,37
CB3503,cb_intrinsic,brain,AVLP(R),318.2,307.9,-1,-1,49,-1,36,-1,-1,-1,24,-1,-1,37
CB3506,cb_intrinsic,brain,SLP(R),315.1,130.6,-1,-1,-1,-1,-1,-1,-1,-1,21,-1,-1,37
CB3507,cb_intrinsic,brain,SLP(R),263.3,179.8,-1,-1,-1,-1,-1,-1,-1,-1,44,-1,68,37
CB3508,cb_intrinsic,brain,SMP(R),460.8,85.1,-1,-1,-1,-1,-1,-1,-1,-1,-1,-1,-1,37
CB3512,cb_intrinsic,brain,AVLP(R),421.8,205.4,-1,-1,-1,-1,-1,-1,-1,-1,31,-1,66,37
CB3513,cb_intrinsic,brain,PVLP(L),278.6,222.7,36,-1,-1,55,13,-1,33,-1,67,-1,-1,37
CB3519,cb_intrinsic,brain,SLP(R),346.6,101.1,-1,-1,-1,-1,-1,-1,-1,-1,10,-1,62,37
CB3523,cb_intrinsic,brain,CRE(L),614.7,219.2,-1,-1,-1,-1,-1,-1,-1,-1,45,-1,-1,37
CB3528,cb_intrinsic,brain,PVLP(R),378.2,264.8,-1,-1,60,51,61,-1,-1,-1,-1,-1,-1,37
CB3530,cb_intrinsic,brain,AVLP(R),687.0,182.2,65,-1,-1,-1,64,-1,-1,-1,28,-1,-1,37
CB3539,cb_intrinsic,brain,SLP(R),374.1,38.8,-1,-1,-1,-1,69,-1,-1,-1,23,-1,-1,37
CB3541,cb_intrinsic,brain,SLP(L),297.5,85.6,-1,-1,-1,-1,69,-1,68,-1,-1,-1,54,37
CB3544,cb_intrinsic,brain,PVLP(L),312.2,289.1,-1,-1,-1,-1,-1,-1,-1,-1,-1,-1,-1,-1
CB3545,cb_intrinsic,brain,AVLP(R),720.6,149.5,-1,-1,28,-1,40,-1,-1,-1,68,-1,-1,37
CB3548,cb_intrinsic,brain,SLP(R),339.7,126.3,6,-1,-1,-1,-1,-1,41,-1,57,-1,59,37
CB3552,cb_intrinsic,brain,SAD,437.1,397.2,33,-1,-1,-1,-1,-1,54,-1,-1,-1,-1,37
CB3553,cb_intrinsic,brain,SLP(R),687.0,89.8,60,-1,-1,-1,-1,-1,-1,-1,25,-1,-1,37
CB3556,cb_intrinsic,brain,SLP(L),703.1,68.5,41,-1,68,-1,51,-1,61,-1,33,-1,8,-1
CB3561,cb_intrinsic,brain,AVLP(R),719.3,188.4,40,-1,-1,-1,35,-1,-1,-1,12,-1,-1,37
CB3566,cb_intrinsic,brain,SLP(R),428.7,49.0,-1,-1,-1,-1,-1,-1,-1,-1,-1,-1,-1,37
CB3569,cb_intrinsic,brain,AVLP(R),314.0,217.4,-1,-1,-1,-1,-1,-1,-1,-1,54,-1,64,37
CB3570,cb_intrinsic,brain,SLP(R),352.5,106.2,52,-1,-1,-1,-1,-1,-1,-1,49,-1,56,37
CB3574,cb_intrinsic,brain,SMP(L),434.0,114.8,14,-1,-1,-1,-1,-1,-1,-1,-1,-1,-1,37
CB3576,cb_intrinsic,brain,AVLP(R),695.4,121.4,13,-1,-1,-1,-1,-1,-1,-1,53,-1,59,37
CB3578,cb_intrinsic,brain,AVLP(L),683.2,48.3,35,-1,59,-1,43,-1,-1,-1,21,-1,-1,37
CB3581,cb_intrinsic,brain,SAD,569.5,340.1,17,-1,66,-1,61,-1,65,-1,-1,-1,29,-1
CB3588,cb_intrinsic,brain,SAD,617.8,317.0,-1,-1,50,-1,56,-1,53,-1,-1,-1,27,-1
CB3594,cb_intrinsic,brain,AVLP(R),339.5,189.6,-1,-1,-1,-1,47,-1,-1,-1,-1,-1,68,37
CB3595,cb_intrinsic,brain,AVLP(R),635.5,197.0,18,-1,-1,-1,-1,-1,-1,-1,51,-1,-1,37
CB3598,cb_intrinsic,brain,AVLP(R),310.4,212.3,-1,-1,-1,-1,46,-1,-1,-1,55,-1,-1,37
CB3603,cb_intrinsic,brain,SLP(R),340.1,140.5,-1,-1,-1,-1,-1,-1,69,-1,64,-1,-1,37
CB3606,cb_intrinsic,brain,AVLP(R),631.4,201.0,-1,-1,-1,-1,57,-1,-1,-1,-1,-1,-1,37
CB3607,cb_intrinsic,brain,AVLP(R),293.5,210.1,-1,-1,-1,-1,35,-1,-1,-1,-1,-1,50,37
CB3608,cb_intrinsic,brain,LH(R),662.4,70.4,37,-1,-1,-1,-1,-1,-1,-1,43,-1,-1,37
CB3614,cb_intrinsic,brain,SMP(R),569.9,69.3,36,-1,56,-1,-1,-1,-1,-1,-1,-1,-1,37
CB3619,cb_intrinsic,brain,AVLP(R),730.0,263.9,-1,-1,-1,-1,-1,-1,-1,-1,-1,-1,-1,37
CB3629,cb_intrinsic,brain,AVLP(L),405.2,174.5,31,-1,-1,-1,-1,-1,-1,-1,-1,-1,68,37
CB3630,cb_intrinsic,brain,AVLP(L),674.3,253.0,7,-1,-1,-1,-1,-1,64,-1,38,-1,46,37
CB3631,cb_intrinsic,brain,SAD,452.0,375.9,8,-1,-1,-1,-1,-1,51,-1,-1,-1,30,-1
CB3635,cb_intrinsic,brain,AVLP(R),300.0,169.3,3,-1,-1,-1,44,-1,42,-1,-1,-1,-1,37
CB3638,cb_intrinsic,brain,AVLP(L),680.4,242.6,14,-1,-1,-1,-1,-1,-1,-1,-1,-1,-1,37
CB3646,cb_intrinsic,brain,SAD,569.3,386.4,-1,-1,-1,-1,22,-1,32,-1,-1,-1,27,-1
CB3649,cb_intrinsic,brain,SAD,586.7,378.1,-1,-1,-1,-1,-1,-1,-1,-1,-1,-1,29,-1
CB3657,cb_intrinsic,brain,AVLP(R),351.7,203.9,-1,-1,-1,-1,-1,-1,-1,-1,-1,-1,-1,37
CB3660,cb_intrinsic,brain,AVLP(L),676.5,198.9,33,-1,49,-1,44,-1,42,-1,14,-1,11,-1
CB3661,cb_intrinsic,brain,AVLP(R),725.9,175.1,-1,-1,32,-1,47,-1,-1,-1,-1,-1,-1,37
CB3664,cb_intrinsic,brain,SLP(R),348.3,135.4,4,-1,-1,-1,-1,-1,-1,-1,21,-1,66,37
CB3666,cb_intrinsic,brain,AVLP(R),415.9,207.9,-1,-1,52,-1,38,-1,32,-1,47,-1,-1,37
CB3667,cb_intrinsic,brain,AVLP(L),716.8,153.6,40,-1,-1,68,13,-1,-1,-1,42,-1,63,37
CB3671,cb_intrinsic,brain,SLP(R),280.0,101.7,-1,-1,-1,-1,-1,-1,-1,-1,-1,-1,-1,37
CB3673a,cb_intrinsic,brain,SAD,483.0,352.1,-1,-1,-1,-1,47,-1,-1,68,-1,-1,28,-1
CB3673b,cb_intrinsic,brain,SAD,644.5,347.6,7,-1,-1,-1,47,-1,54,-1,-1,-1,27,-1
CB3676,cb_intrinsic,brain,PLP(R),724.1,173.2,-1,-1,-1,-1,36,-1,43,-1,41,-1,53,37
CB3679,cb_intrinsic,brain,AL(L),567.2,180.3,-1,-1,-1,-1,-1,-1,-1,-1,-1,-1,-1,-1
CB3682,cb_intrinsic,brain,SAD,409.8,338.8,-1,-1,-1,-1,-1,-1,-1,-1,-1,-1,30,-1
CB3683,cb_intrinsic,brain,AVLP(R),724.2,292.7,-1,-1,-1,-1,48,-1,-1,-1,21,-1,54,37
CB3684,cb_intrinsic,brain,AVLP(R),721.0,180.7,24,-1,24,-1,34,-1,35,-1,-1,-1,-1,37
CB3690,cb_intrinsic,brain,AVLP(L),717.1,282.3,35,-1,35,-1,37,-1,-1,-1,32,-1,-1,37
CB3691,cb_intrinsic,brain,PLP(R),359.7,88.6,25,-1,-1,-1,-1,-1,-1,-1,-1,-1,-1,37
CB3692,cb_intrinsic,brain,SAD,471.3,404.6,4,-1,-1,-1,-1,-1,-1,-1,-1,-1,33,-1
CB3697,cb_intrinsic,brain,SLP(R),722.7,94.3,12,-1,-1,-1,53,-1,-1,-1,11,-1,-1,37
CB3710,cb_intrinsic,brain,SAD,499.8,367.0,15,-1,20,-1,28,-1,52,-1,-1,-1,24,-1
CB3724,cb_intrinsic,brain,SLP(R),657.7,41.6,34,-1,-1,-1,-1,-1,-1,-1,69,-1,-1,37
CB3727,cb_intrinsic,brain,LH(R),296.0,104.9,51,-1,-1,-1,-1,-1,-1,-1,63,-1,-1,37
CB3728,cb_intrinsic,brain,LH(R),761.7,152.5,-1,-1,-1,-1,-1,-1,-1,-1,-1,-1,-1,37
CB3729,cb_intrinsic,brain,LH(R),296.7,165.3,28,-1,-1,-1,-1,-1,11,-1,35,-1,-1,37
CB3732,cb_intrinsic,brain,LH(R),266.5,123.8,-1,-1,-1,-1,-1,-1,-1,-1,-1,-1,-1,37
CB3733,cb_intrinsic,brain,LH(R),778.9,135.6,16,-1,-1,-1,-1,-1,-1,-1,-1,-1,-1,37
CB3734,cb_intrinsic,brain,PLP(L),320.5,252.2,-1,-1,-1,-1,-1,-1,-1,68,-1,-1,56,37
CB3738,cb_intrinsic,brain,WED(R),375.5,309.7,-1,-1,-1,-1,-1,-1,-1,-1,-1,-1,-1,37
CB3739,cb_intrinsic,brain,SAD,653.6,328.1,-1,-1,-1,-1,17,-1,34,-1,42,-1,30,-1
CB3740,cb_intrinsic,brain,IPS(R),405.5,314.1,19,-1,59,-1,49,-1,-1,-1,31,-1,-1,37
CB3741,cb_intrinsic,brain,SAD,373.3,343.4,-1,-1,-1,-1,-1,-1,-1,-1,-1,-1,-1,-1
CB3742,cb_intrinsic,brain,WED(L),365.4,339.1,-1,-1,-1,-1,59,-1,35,-1,44,-1,29,-1
CB3743,cb_intrinsic,brain,SAD,394.0,352.9,-1,-1,-1,-1,-1,-1,-1,-1,-1,-1,23,-1
CB3744,cb_intrinsic,brain,SAD,484.4,377.4,-1,-1,-1,-1,-1,-1,-1,-1,58,-1,69,-1
CB3745,cb_intrinsic,brain,SAD,508.4,385.7,63,-1,-1,64,-1,-1,54,-1,-1,-1,-1,37
CB3746,cb_intrinsic,brain,SAD,484.4,395.0,62,-1,11,-1,11,-1,11,-1,49,-1,28,-1
CB3747,cb_intrinsic,brain,SAD,647.2,336.2,-1,-1,-1,-1,-1,-1,-1,-1,-1,-1,33,-1
CB3748,cb_intrinsic,brain,GNG,576.9,354.5,-1,-1,68,-1,68,-1,33,-1,-1,-1,-1,37
CB3754,cb_intrinsic,brain,PLP(L),469.3,154.5,53,-1,-1,-1,-1,-1,-1,-1,-1,-1,-1,37
CB3758,cb_intrinsic,brain,WED(L),407.8,262.1,2,-1,-1,-1,-1,-1,-1,-1,-1,-1,-1,37
CB3759,cb_intrinsic,brain,WED(R),298.0,211.2,13,-1,40,-1,25,-1,36,-1,-1,-1,-1,37
CB3760,cb_intrinsic,brain,PLP(L),411.2,336.6,-1,-1,-1,-1,-1,-1,33,-1,-1,-1,-1,37
CB3762,cb_intrinsic,brain,LH(R),277.4,90.0,50,-1,-1,-1,-1,-1,-1,-1,-1,-1,-1,37
CB3768,cb_intrinsic,brain,SMP(L),351.2,62.0,29,-1,-1,-1,-1,-1,47,-1,12,-1,58,37
CB3782,cb_intrinsic,brain,SLP(R),335.4,115.5,20,-1,-1,-1,-1,-1,-1,-1,26,-1,-1,37
CB3784,cb_intrinsic,brain,GNG,493.0,411.9,52,-1,-1,-1,-1,-1,15,-1,-1,-1,57,37
CB3788,cb_intrinsic,brain,SLP(R),338.7,93.8,-1,-1,-1,-1,40,-1,41,-1,25,-1,-1,37
CB3789,cb_intrinsic,brain,SLP(L),713.5,122.0,-1,-1,-1,-1,-1,-1,-1,-1,18,-1,-1,37
CB3791,cb_intrinsic,brain,SLP(L),332.0,65.1,24,-1,60,-1,53,-1,39,-1,20,-1,67,37
CB3798,cb_intrinsic,brain,SAD,396.3,344.4,-1,-1,-1,-1,-1,-1,-1,-1,-1,-1,-1,37
CB3863,cb_intrinsic,brain,PVLP(R),746.0,240.2,-1,-1,-1,-1,-1,68,-1,-1,-1,-1,-1,37
CB3865,cb_intrinsic,brain,SAD,396.4,354.9,23,-1,31,-1,-1,-1,-1,-1,-1,-1,26,-1
CB3866,cb_intrinsic,brain,IB,329.1,270.2,28,-1,-1,-1,-1,-1,-1,-1,44,-1,-1,37
CB3869,cb_intrinsic,brain,LH(R),731.4,146.0,18,-1,-1,-1,-1,-1,-1,-1,-1,-1,62,37
CB3870,cb_intrinsic,brain,SAD,446.8,384.9,19,-1,32,-1,67,-1,-1,-1,-1,-1,24,-1
CB3873,cb_intrinsic,brain,CRE(L),435.8,97.3,-1,-1,-1,-1,-1,-1,-1,-1,-1,-1,-1,37
CB3874,cb_intrinsic,brain,CRE(L),419.0,73.4,17,-1,-1,-1,65,-1,-1,-1,57,-1,-1,37
CB3879,cb_intrinsic,brain,AVLP(R),333.3,170.8,-1,-1,-1,-1,-1,-1,42,-1,53,-1,34,-1
CB3895,cb_intrinsic,brain,SMP(L),562.2,64.0,34,-1,69,-1,-1,-1,17,-1,7,-1,-1,37
CB3900,cb_intrinsic,brain,SLP(R),638.5,269.8,63,-1,58,-1,-1,-1,-1,-1,-1,-1,-1,37
CB3906,cb_intrinsic,brain,SLP(L),365.7,119.4,-1,-1,-1,-1,-1,-1,-1,-1,34,-1,-1,37
CB3907,cb_intrinsic,brain,SLP(R),346.0,132.1,35,-1,-1,-1,-1,-1,-1,-1,45,-1,-1,37
CB3908,cb_intrinsic,brain,SLP(R),345.7,75.6,38,-1,-1,-1,38,-1,53,-1,28,-1,-1,37
CB3909,cb_intrinsic,brain,AVLP(R),270.4,133.4,41,-1,-1,-1,-1,-1,-1,-1,44,-1,-1,37
CB3910,cb_intrinsic,brain,AVLP(L),694.9,279.0,-1,-1,-1,-1,-1,-1,-1,-1,45,-1,-1,37
CB3930,cb_intrinsic,brain,SLP(L),665.1,87.1,40,-1,-1,-1,-1,-1,-1,64,-1,-1,-1,37
CB3931,cb_intrinsic,brain,SLP(L),676.1,135.0,-1,-1,-1,-1,-1,-1,-1,-1,43,-1,-1,37
CB3932,cb_intrinsic,brain,SLP(R),372.3,210.2,-1,-1,-1,-1,-1,-1,-1,-1,44,-1,54,37
CB3933,cb_intrinsic,brain,AVLP(R),324.2,268.1,-1,-1,-1,-1,-1,-1,-1,-1,-1,-1,-1,37
CB3950b,cb_intrinsic,brain,AVLP(L),777.5,221.7,-1,-1,-1,-1,-1,-1,-1,-1,-1,-1,-1,37
CB3951,cb_intrinsic,brain,ICL(L),684.7,99.1,4,-1,-1,-1,-1,-1,-1,-1,-1,-1,-1,37
CB3951b,cb_intrinsic,brain,ICL(L),586.0,184.3,-1,-1,-1,-1,-1,-1,-1,-1,35,-1,-1,37
CB3953,cb_intrinsic,brain,GNG,455.3,345.6,16,-1,60,-1,39,-1,12,-1,-1,-1,-1,37
CB3959,cb_intrinsic,brain,AVLP(L),351.2,227.3,37,-1,-1,49,64,-1,-1,68,-1,-1,-1,37
CB3961,cb_intrinsic,brain,WED(L),658.4,344.3,-1,-1,-1,-1,-1,-1,-1,-1,-1,-1,-1,37
CB3977,cb_intrinsic,brain,ICL(L),325.8,90.7,41,-1,64,-1,55,-1,-1,-1,21,-1,-1,37
CB3984,cb_intrinsic,brain,AOTU(L),447.5,226.7,-1,-1,-1,-1,-1,-1,-1,-1,58,-1,-1,37
CB3992,cb_intrinsic,brain,LAL(L),436.4,214.9,5,-1,-1,-1,-1,-1,-1,-1,38,-1,-1,37
CB3998,cb_intrinsic,brain,SPS(L),498.7,198.7,-1,-1,-1,-1,-1,-1,-1,-1,28,-1,-1,37
CB3999,cb_intrinsic,brain,SPS(R),564.2,273.5,9,-1,-1,-1,-1,-1,-1,-1,-1,-1,-1,37
CB4000,cb_intrinsic,brain,SPS(L),488.9,187.4,-1,-1,-1,-1,-1,-1,-1,-1,-1,-1,-1,37
CB4019,cb_intrinsic,brain,PLP(L),653.0,228.6,11,-1,-1,-1,-1,-1,-1,-1,58,-1,-1,37
CB4022,cb_intrinsic,brain,SLP(L),625.8,73.8,-1,-1,-1,-1,-1,-1,42,-1,-1,-1,-1,37
CB4023,cb_intrinsic,brain,SLP(R),722.3,57.0,8,-1,-1,-1,-1,-1,43,-1,-1,-1,-1,37
CB4033,cb_intrinsic,brain,SLP(L),395.1,247.7,21,-1,-1,-1,-1,-1,40,-1,-1,-1,-1,37
CB4037,cb_intrinsic,brain,SAD,440.7,352.5,23,-1,-1,-1,42,-1,34,-1,-1,-1,59,37
CB4038,cb_intrinsic,brain,SAD,665.2,315.3,3,-1,-1,-1,-1,-1,35,-1,-1,-1,-1,37
CB4052,cb_intrinsic,brain,AVLP(R),285.7,236.7,21,-1,-1,-1,-1,-1,-1,-1,-1,-1,-1,37
CB4054,cb_intrinsic,brain,AVLP(L),343.4,218.0,-1,-1,-1,-1,-1,-1,-1,-1,48,-1,-1,37
CB4064,cb_intrinsic,brain,GNG,531.6,442.4,-1,-1,-1,-1,-1,-1,22,-1,-1,-1,-1,37
CB4066,cb_intrinsic,brain,GNG,523.1,388.7,38,-1,-1,-1,26,-1,15,-1,36,-1,-1,37
CB4069,cb_intrinsic,brain,ICL(L),405.1,141.9,28,-1,-1,-1,36,-1,62,-1,28,-1,-1,37
CB4070,cb_intrinsic,brain,ICL(L),442.9,307.7,35,-1,18,-1,10,-1,37,-1,14,-1,-1,37
CB4071,cb_intrinsic,brain,PLP(R),659.7,238.0,10,-1,33,-1,24,-1,33,-1,-1,-1,-1,37
CB4072,cb_intrinsic,brain,PLP(L),352.2,231.9,-1,-1,6,-1,9,-1,8,-1,-1,-1,67,37
CB4073,cb_intrinsic,brain,ICL(R),648.8,195.0,67,-1,18,-1,10,-1,38,-1,7,-1,-1,37
CB4077,cb_intrinsic,brain,SMP(L),503.8,322.1,-1,-1,20,-1,18,-1,13,-1,11,-1,12,-1
CB4081,cb_intrinsic,brain,SMP(L),550.8,93.8,14,-1,48,-1,-1,-1,-1,-1,-1,-1,-1,37
CB4082,cb_intrinsic,brain,SMP(R),473.1,86.0,59,-1,-1,62,-1,-1,44,-1,-1,-1,12,-1
CB4083,cb_intrinsic,brain,AL(R),460.5,207.2,-1,-1,-1,-1,9,-1,-1,-1,-1,-1,-1,-1
CB4084,cb_intrinsic,brain,LH(R),335.0,97.5,-1,-1,55,-1,34,-1,-1,-1,-1,-1,25,-1
CB4085,cb_intrinsic,brain,SLP(L),712.3,51.5,17,-1,-1,-1,-1,-1,43,-1,-1,-1,66,37
CB4086,cb_intrinsic,brain,SLP(R),687.0,44.8,-1,-1,35,-1,-1,-1,36,-1,35,-1,-1,37
CB4087,cb_intrinsic,brain,SLP(R),701.1,78.9,12,-1,36,-1,47,-1,40,-1,18,-1,-1,37
CB4088,cb_intrinsic,brain,SLP(R),688.6,92.1,-1,-1,-1,-1,-1,-1,-1,-1,35,-1,-1,37
CB4091,cb_intrinsic,brain,SMP(R),475.4,128.8,4,-1,16,-1,23,-1,45,-1,21,-1,-1,37
CB4094,cb_intrinsic,brain,WED(R),632.8,306.1,29,-1,11,-1,10,-1,36,-1,34,-1,-1,37
CB4095,cb_intrinsic,brain,IB,480.2,232.8,-1,-1,54,-1,-1,-1,42,-1,-1,-1,59,37
CB4096,cb_intrinsic,brain,AVLP(R),741.8,243.3,2,-1,17,-1,54,-1,5,-1,56,-1,-1,37
CB4097,cb_intrinsic,brain,SPS(L),443.7,243.1,-1,-1,24,-1,-1,-1,29,-1,-1,-1,-1,37
CB4100,cb_intrinsic,brain,LH(R),725.6,126.2,-1,-1,34,-1,-1,-1,-1,-1,-1,-1,-1,37
CB4101,cb_intrinsic,brain,PLP(L),661.6,209.3,-1,-1,-1,-1,-1,-1,-1,-1,24,-1,-1,37
CB4102,cb_intrinsic,brain,PLP(R),583.9,272.2,-1,-1,58,-1,51,-1,12,-1,33,-1,-1,37
CB4103,cb_intrinsic,brain,PLP(R),628.7,187.5,6,-1,64,-1,42,-1,65,-1,14,-1,-1,37
CB4104,cb_intrinsic,brain,WED(R),438.0,392.3,-1,-1,-1,-1,-1,-1,-1,-1,47,-1,28,-1
CB4105,cb_intrinsic,brain,PLP(R),338.3,272.2,-1,-1,-1,-1,46,-1,-1,-1,21,-1,23,-1
CB4106,cb_intrinsic,brain,WED(R),635.4,323.5,-1,-1,12,-1,48,-1,29,-1,-1,-1,-1,37
CB4107,cb_intrinsic,brain,LH(R),289.8,106.6,-1,-1,-1,-1,-1,-1,-1,-1,67,-1,-1,37
CB4110,cb_intrinsic,brain,SLP(L),316.0,84.9,69,-1,50,-1,29,-1,42,-1,12,-1,-1,37
CB4111,cb_intrinsic,brain,SIP(R),352.2,56.0,-1,-1,-1,-1,-1,-1,-1,-1,58,-1,-1,37
CB4112,cb_intrinsic,brain,PLP(R),559.8,183.5,-1,-1,-1,-1,63,-1,29,-1,-1,-1,63,37
CB4114,cb_intrinsic,brain,LH(R),283.8,118.8,-1,-1,35,-1,67,-1,31,-1,-1,-1,-1,37
CB4115,cb_intrinsic,brain,LH(L),276.8,133.1,-1,-1,-1,-1,-1,-1,-1,-1,-1,-1,-1,37
CB4116,cb_intrinsic,brain,AVLP(R),767.0,222.0,40,-1,9,-1,6,-1,18,-1,24,-1,-1,37
CB4117,cb_intrinsic,brain,LH(R),721.3,140.2,-1,-1,-1,-1,-1,-1,37,-1,-1,-1,-1,37
CB4118,cb_intrinsic,brain,WED(R),672.5,332.8,-1,-1,5,-1,3,-1,44,-1,17,-1,24,-1
CB4119,cb_intrinsic,brain,SLP(R),394.1,58.7,-1,-1,21,-1,67,-1,36,-1,38,-1,-1,37
CB4120,cb_intrinsic,brain,SLP(R),327.5,105.1,-1,-1,57,-1,27,-1,40,-1,15,-1,-1,37
CB4121,cb_intrinsic,brain,SLP(L),359.6,59.0,-1,-1,48,-1,52,-1,39,-1,35,-1,50,37
CB4122,cb_intrinsic,brain,SLP(R),296.9,70.2,-1,-1,-1,-1,41,-1,-1,-1,20,-1,-1,37
CB4123,cb_intrinsic,brain,SLP(L),709.2,49.5,6,-1,63,-1,56,-1,43,-1,15,-1,-1,37
CB4124,cb_intrinsic,brain,SMP(R),499.5,295.4,65,-1,51,-1,23,-1,6,-1,23,-1,17,-1
CB4125,cb_intrinsic,brain,PRW,533.9,71.9,-1,-1,39,-1,42,-1,13,-1,18,-1,-1,37
CB4126,cb_intrinsic,brain,SMP(R),465.7,129.3,-1,-1,-1,-1,-1,-1,33,-1,-1,-1,-1,37
CB4127,cb_intrinsic,brain,SLP(L),456.5,325.3,43,-1,37,-1,19,-1,29,-1,20,-1,11,-1
CB4128,cb_intrinsic,brain,SLP(R),444.2,92.3,8,-1,40,-1,25,-1,15,-1,17,-1,-1,37
CB4129,cb_intrinsic,brain,SLP(L),721.0,63.5,-1,-1,65,-1,-1,-1,42,-1,36,-1,-1,37
CB4130,cb_intrinsic,brain,SLP(L),680.6,72.0,-1,-1,48,-1,52,-1,47,-1,36,-1,-1,37
CB4131,cb_intrinsic,brain,SLP(L),254.5,132.8,-1,-1,-1,-1,-1,-1,-1,-1,60,-1,-1,37
CB4132,cb_intrinsic,brain,LH(R),326.0,136.6,-1,-1,19,-1,43,-1,-1,-1,59,-1,52,37
CB4133,cb_intrinsic,brain,SLP(L),723.9,99.3,24,-1,-1,-1,42,-1,33,-1,28,-1,61,37
CB4134,cb_intrinsic,brain,SIP(L),482.0,109.5,8,-1,-1,-1,-1,-1,42,-1,29,-1,-1,37
CB4137,cb_intrinsic,brain,SLP(R),645.0,47.4,15,-1,58,-1,-1,-1,32,-1,19,-1,-1,37
CB4138,cb_intrinsic,brain,SLP(R),639.0,91.1,18,-1,48,-1,61,-1,-1,-1,36,-1,-1,37
CB4139,cb_intrinsic,brain,SLP(R),325.0,98.8,-1,-1,-1,-1,-1,-1,42,-1,34,-1,46,37
CB4141,cb_intrinsic,brain,SLP(R),691.4,107.7,12,-1,-1,-1,-1,-1,-1,-1,44,-1,-1,37
CB4143,cb_intrinsic,brain,SAD,500.2,381.3,6,-1,-1,-1,-1,-1,31,-1,44,-1,29,-1
CB4150,cb_intrinsic,brain,SIP(L),401.8,85.1,-1,-1,62,-1,-1,-1,43,-1,26,-1,-1,37
CB4151,cb_intrinsic,brain,SLP(R),306.0,119.0,60,-1,-1,-1,37,-1,-1,-1,31,-1,65,37
CB4152,cb_intrinsic,brain,SLP(L),340.2,184.7,29,-1,-1,-1,-1,-1,39,-1,63,-1,-1,37
CB4155,cb_intrinsic,brain,LAL(L),433.3,112.7,36,-1,63,-1,-1,-1,-1,-1,-1,-1,-1,37
CB4156,cb_intrinsic,brain,SMP(R),456.0,102.4,-1,-1,-1,-1,-1,-1,-1,-1,-1,-1,-1,37
CB4157,cb_intrinsic,brain,SLP(L),613.9,48.6,22,-1,-1,-1,66,-1,-1,-1,26,-1,-1,37
CB4158,cb_intrinsic,brain,SLP(R),697.2,116.5,46,-1,-1,-1,-1,-1,-1,-1,56,-1,10,-1
CB4159,cb_intrinsic,brain,SMP(R),654.2,94.2,33,-1,57,-1,-1,-1,30,-1,-1,-1,-1,37
CB4162,cb_intrinsic,brain,PVLP(R),732.1,220.5,-1,-1,-1,-1,-1,65,32,-1,-1,-1,65,37
CB4163,cb_intrinsic,brain,PVLP(L),691.7,230.6,-1,-1,-1,-1,-1,65,-1,-1,-1,-1,-1,37
CB4165,cb_intrinsic,brain,AVLP(R),688.2,128.1,38,-1,30,-1,-1,-1,33,-1,41,-1,47,37
CB4166,cb_intrinsic,brain,AVLP(R),309.0,240.7,17,-1,-1,-1,-1,-1,-1,-1,-1,-1,-1,37
CB4167,cb_intrinsic,brain,AVLP(R),355.9,217.0,-1,-1,23,-1,20,-1,55,-1,-1,-1,-1,37
CB4168,cb_intrinsic,brain,AVLP(R),276.2,233.9,-1,-1,13,-1,15,-1,27,-1,-1,-1,-1,37
CB4169,cb_intrinsic,brain,AVLP(R),311.0,212.4,20,-1,48,-1,24,-1,32,-1,40,-1,-1,37
CB4170,cb_intrinsic,brain,AVLP(R),694.1,248.8,10,-1,24,-1,16,-1,20,-1,50,-1,-1,37
CB4172,cb_intrinsic,brain,WED(R),658.1,302.8,53,-1,-1,-1,61,-1,-1,-1,-1,-1,-1,37
CB4173,cb_intrinsic,brain,AVLP(L),667.6,306.0,-1,-1,19,-1,50,-1,54,-1,-1,-1,-1,37
CB4174,cb_intrinsic,brain,AVLP(R),302.4,220.6,9,-1,-1,-1,-1,-1,-1,-1,-1,-1,-1,37
CB4176,cb_intrinsic,brain,SAD,569.4,342.4,-1,-1,10,-1,21,-1,36,-1,-1,-1,15,-1
CB4179,cb_intrinsic,brain,SAD,632.4,303.7,-1,-1,35,-1,20,-1,12,-1,-1,-1,-1,37
CB4180,cb_intrinsic,brain,SAD,391.8,355.6,-1,-1,-1,64,-1,-1,-1,-1,-1,-1,61,37
CB4181,cb_intrinsic,brain,PLP(R),330.7,198.6,-1,-1,-1,-1,-1,-1,-1,-1,-1,-1,-1,37
CB4182,cb_intrinsic,brain,SAD,498.0,356.8,-1,-1,-1,-1,-1,-1,-1,-1,-1,-1,-1,-1
CB4183,cb_intrinsic,brain,LAL(L),295.1,196.0,-1,-1,-1,-1,32,-1,-1,-1,-1,-1,61,37
CB4190,cb_intrinsic,brain,GNG,472.0,390.9,-1,-1,69,-1,-1,-1,-1,69,-1,-1,-1,37
CB4193,cb_intrinsic,brain,LH(R),732.2,98.0,-1,-1,-1,-1,-1,-1,-1,-1,-1,-1,-1,37
CB4194,cb_intrinsic,brain,SMP(R),324.2,137.4,-1,-1,50,-1,-1,-1,-1,-1,12,-1,51,37
CB4195,cb_intrinsic,brain,SIP(R),603.8,72.8,2,-1,-1,-1,-1,-1,-1,-1,18,-1,-1,37
CB4196,cb_intrinsic,brain,SIP(L),556.0,102.2,26,-1,-1,-1,-1,-1,-1,-1,48,-1,53,37
CB4197,cb_intrinsic,brain,SIP(R),334.1,58.0,-1,-1,-1,-1,-1,-1,-1,-1,-1,-1,-1,37
CB4198,cb_intrinsic,brain,SIP(L),401.0,78.5,-1,-1,-1,-1,-1,-1,42,-1,65,-1,-1,37
CB4200,cb_intrinsic,brain,PLP(R),313.6,190.1,-1,-1,-1,-1,-1,-1,28,-1,-1,-1,-1,37
CB4201,cb_intrinsic,brain,PLP(L),659.7,350.8,-1,-1,55,-1,-1,-1,35,-1,-1,-1,-1,37
CB4205,cb_intrinsic,brain,PRW,430.8,102.7,-1,-1,16,-1,-1,-1,8,-1,-1,-1,-1,37
CB4206,cb_intrinsic,brain,IB,426.7,278.1,-1,-1,-1,-1,28,-1,-1,-1,29,-1,-1,37
CB4208,cb_intrinsic,brain,LH(R),273.6,147.3,69,-1,-1,-1,53,-1,-1,-1,38,-1,69,37
CB4209,cb_intrinsic,brain,LH(R),263.7,135.3,-1,-1,-1,-1,23,-1,-1,-1,34,-1,-1,37
CB4214,cb_intrinsic,brain,AVLP(R),725.7,234.6,-1,-1,-1,-1,57,-1,-1,-1,-1,-1,69,37
CB4215,cb_intrinsic,brain,AVLP(R),724.7,260.9,52,-1,57,-1,-1,-1,55,-1,-1,-1,63,37
CB4216,cb_intrinsic,brain,AVLP(R),320.5,239.9,-1,-1,45,-1,41,-1,-1,-1,40,-1,-1,37
CB4217,cb_intrinsic,brain,AVLP(L),365.5,225.9,-1,-1,-1,-1,-1,-1,-1,-1,50,-1,44,37
CB4220,cb_intrinsic,brain,SLP(R),621.3,68.2,63,-1,-1,-1,-1,-1,-1,-1,-1,-1,-1,37
CB4225,cb_intrinsic,brain,SMP(R),467.9,275.2,-1,-1,-1,-1,-1,-1,-1,37,-1,-1,-1,37
CB4228,cb_intrinsic,brain,WED(R),370.6,310.6,62,-1,47,-1,57,-1,25,-1,46,-1,25,-1
CB4231,cb_intrinsic,brain,VES(R),432.7,93.6,39,-1,-1,-1,-1,-1,23,-1,-1,-1,16,-1
CB4241,cb_intrinsic,brain,AVLP(R),699.9,256.8,-1,-1,-1,-1,-1,-1,-1,-1,-1,-1,54,37
CB4242,cb_intrinsic,brain,SMP(L),435.7,48.3,-1,-1,34,-1,-1,-1,2,-1,8,-1,-1,37
CB4243,cb_intrinsic,brain,PRW,468.8,365.5,25,-1,36,-1,-1,-1,8,-1,42,-1,12,-1
CB4245,cb_intrinsic,brain,PVLP(L),279.7,279.6,30,-1,-1,51,-1,-1,-1,-1,-1,-1,-1,37
CB4246,cb_sensory,brain,GNG,559.4,314.2,-1,-1,46,-1,-1,-1,4,-1,56,-1,-1,-1
CB4247,cb_intrinsic,brain,GNG,392.1,364.1,18,-1,-1,-1,-1,-1,16,-1,13,-1,31,-1
CB4248,cb_intrinsic,brain,SAD,299.2,283.6,42,-1,27,-1,32,-1,26,-1,-1,-1,28,-1
CEM,cb_motor,brain,GNG,524.9,401.5,-1,-1,-1,-1,-1,-1,-1,-1,-1,-1,-1,37
CL001,cb_intrinsic,brain,ICL(L),431.3,239.8,14,-1,6,-1,6,-1,28,-1,5,-1,50,37
CL002,cb_intrinsic,brain,ICL(L),376.9,145.1,-1,-1,11,-1,27,-1,28,-1,8,-1,-1,37
CL003,cb_intrinsic,brain,SLP(L),423.8,169.9,-1,-1,58,-1,49,-1,28,-1,23,-1,-1,37
CL004,cb_intrinsic,brain,ICL(L),568.6,250.3,28,-1,43,-1,29,-1,62,-1,30,-1,52,37
CL005,cb_intrinsic,brain,LAL(L),465.7,90.1,53,-1,45,-1,-1,-1,-1,-1,28,-1,-1,37
CL006,cb_intrinsic,brain,LAL(L),427.1,230.9,-1,-1,36,-1,-1,-1,-1,-1,-1,-1,-1,37
CL007,cb_intrinsic,brain,SPS(L),567.0,318.7,40,-1,50,-1,30,-1,35,-1,28,-1,-1,37
CL008,cb_intrinsic,brain,SCL(L),550.0,63.1,12,-1,9,-1,-1,-1,1,-1,-1,-1,-1,37
CL010,cb_intrinsic,brain,SMP(R),413.8,168.0,19,-1,42,-1,-1,-1,9,-1,-1,-1,-1,37
CL011,cb_intrinsic,brain,ICL(L),412.0,172.6,-1,-1,-1,-1,-1,-1,39,-1,33,-1,49,37
CL012,cb_intrinsic,brain,ICL(L),643.6,87.9,-1,-1,52,-1,-1,-1,-1,-1,30,-1,-1,37
CL013,cb_intrinsic,brain,ICL(L),614.0,131.0,7,-1,23,-1,-1,-1,39,-1,26,-1,-1,37
CL014,cb_intrinsic,brain,ICL(L),704.5,175.3,51,-1,12,-1,12,-1,38,-1,21,-1,-1,37
CL015_a,cb_intrinsic,brain,PLP(R),348.2,92.4,-1,-1,67,-1,-1,-1,-1,-1,-1,-1,-1,37
CL015_b,cb_intrinsic,brain,PLP(R),311.9,98.2,15,-1,-1,-1,-1,-1,23,-1,-1,-1,-1,37
CL016,cb_intrinsic,brain,ICL(L),594.3,163.9,-1,-1,53,-1,33,-1,-1,-1,-1,-1,-1,37
CL018,cb_intrinsic,brain,SCL(R),334.9,112.2,44,-1,-1,-1,50,-1,-1,-1,42,-1,-1,37
CL021,cb_intrinsic,brain,SCL(R),360.3,235.7,48,-1,56,-1,56,-1,50,-1,31,-1,-1,37
CL022_a,cb_intrinsic,brain,SLP(R),340.3,122.5,47,-1,-1,-1,36,-1,-1,-1,31,-1,12,-1
CL022_b,cb_intrinsic,brain,AVLP(R),632.8,143.6,-1,-1,-1,-1,-1,-1,-1,-1,68,-1,-1,37
CL022_c,cb_intrinsic,brain,WED(R),407.7,328.0,12,-1,-1,-1,-1,-1,-1,-1,-1,-1,-1,37
CL023,cb_intrinsic,brain,SCL(R),729.5,125.1,-1,-1,-1,-1,37,-1,33,-1,34,-1,14,-1
CL024_a,cb_intrinsic,brain,SCL(R),318.1,257.8,-1,-1,61,-1,32,-1,-1,-1,27,-1,58,37
CL024_b,cb_intrinsic,brain,SLP(L),368.8,71.3,18,-1,-1,-1,-1,-1,-1,-1,-1,-1,68,37
CL024_c,cb_intrinsic,brain,SLP(L),310.8,80.9,-1,-1,-1,-1,-1,-1,-1,-1,43,-1,-1,37
CL024_d,cb_intrinsic,brain,SCL(L),352.0,128.4,1,-1,-1,-1,-1,-1,-1,-1,-1,-1,-1,37
CL025,cb_intrinsic,brain,SLP(R),618.0,134.6,-1,-1,-1,-1,-1,-1,21,-1,21,-1,18,-1
CL026,cb_intrinsic,brain,SCL(R),651.8,121.8,47,-1,59,-1,40,-1,-1,-1,-1,-1,-1,37
CL027,cb_intrinsic,brain,SCL(R),500.9,222.7,28,-1,45,-1,37,-1,29,-1,43,-1,-1,37
CL028,cb_intrinsic,brain,PLP(R),624.1,130.3,-1,-1,47,-1,44,-1,23,-1,52,-1,59,37
CL029_a,cb_intrinsic,brain,IB,456.3,75.4,29,-1,17,-1,12,-1,36,-1,10,-1,-1,37
CL029_b,cb_intrinsic,brain,SMP(L),473.3,103.0,-1,-1,16,-1,21,-1,32,-1,7,-1,9,-1
CL030,cb_intrinsic,brain,SMP(L),447.3,53.0,65,-1,12,-1,15,-1,-1,-1,6,-1,-1,37
CL031,cb_intrinsic,brain,IB,549.6,122.8,13,-1,63,-1,27,-1,33,-1,19,-1,-1,37
CL032,cb_intrinsic,brain,SCL(R),351.7,110.2,-1,-1,-1,-1,-1,-1,32,-1,19,-1,51,37
CL036,cb_intrinsic,brain,SLP(R),457.5,307.9,38,-1,14,-1,10,-1,34,-1,16,-1,-1,37
CL038,cb_intrinsic,brain,ICL(R),430.1,184.5,-1,-1,57,-1,-1,-1,-1,-1,14,-1,-1,37
CL040,cb_intrinsic,brain,ICL(L),451.9,107.1,13,-1,-1,-1,47,-1,-1,-1,14,-1,-1,37
CL042,cb_intrinsic,brain,SIP(L),620.9,82.8,-1,-1,-1,-1,50,-1,46,-1,19,-1,-1,37
CL046,cb_intrinsic,brain,SPS(R),451.4,257.7,25,-1,-1,-1,-1,-1,48,-1,45,-1,-1,37
CL048,cb_intrinsic,brain,SPS(L),606.2,185.0,10,-1,61,-1,-1,-1,-1,-1,29,-1,-1,37
CL049,cb_intrinsic,brain,ICL(R),360.2,156.1,7,-1,-1,-1,-1,-1,-1,-1,30,-1,-1,37
CL053,cb_intrinsic,brain,PLP(R),384.9,278.2,45,-1,7,-1,15,-1,1,-1,10,-1,8,-1
CL054,cb_intrinsic,brain,WED(R),624.9,152.4,-1,-1,-1,-1,-1,-1,-1,-1,41,-1,46,37
CL055,cb_intrinsic,brain,LAL(R),414.2,184.0,-1,-1,-1,-1,-1,-1,-1,-1,-1,-1,-1,37
CL056,cb_intrinsic,brain,WED(R),660.6,358.7,-1,-1,-1,-1,-1,-1,34,-1,42,-1,-1,37
CL057,cb_intrinsic,brain,SLP(R),347.2,152.9,-1,-1,-1,-1,-1,-1,-1,-1,-1,-1,10,-1
CL058,cb_intrinsic,brain,AVLP(R),292.7,305.9,29,-1,-1,-1,-1,-1,-1,-1,-1,-1,51,37
CL062_a1,cb_intrinsic,brain,ICL(L),350.9,142.3,55,-1,-1,-1,-1,-1,-1,-1,-1,-1,-1,37
CL062_a2,cb_intrinsic,brain,ICL(L),692.7,186.8,-1,-1,66,-1,-1,-1,-1,-1,-1,-1,-1,37
CL062_b1,cb_intrinsic,brain,AVLP(R),297.3,204.0,-1,-1,-1,-1,-1,-1,-1,-1,-1,-1,-1,37
CL062_b2,cb_intrinsic,brain,AVLP(R),308.2,207.1,26,-1,-1,-1,-1,-1,-1,-1,25,-1,-1,37
CL062_b3,cb_intrinsic,brain,AVLP(R),667.1,116.2,-1,-1,-1,-1,-1,-1,-1,-1,-1,-1,-1,37
CL063,cb_intrinsic,brain,PLP(R),479.1,273.8,7,-1,5,-1,7,-1,2,-1,21,-1,-1,37
CL064,cb_intrinsic,brain,PLP(R),707.7,202.6,37,-1,14,-1,12,-1,21,-1,29,-1,67,37
CL065,cb_intrinsic,brain,AVLP(R),404.0,199.3,-1,-1,10,-1,7,-1,27,-1,8,-1,-1,37
CL066,cb_intrinsic,brain,IB,505.4,210.0,1,-1,48,-1,20,-1,-1,-1,28,-1,-1,37
CL067,cb_intrinsic,brain,PVLP(R),432.7,305.9,22,-1,59,-1,-1,-1,31,-1,23,-1,57,37
CL068,cb_intrinsic,brain,ICL(L),619.2,174.0,52,-1,41,-1,-1,-1,42,-1,26,-1,-1,37
CL069,cb_intrinsic,brain,SLP(R),436.7,178.9,65,-1,36,-1,25,-1,44,-1,22,-1,53,37
CL070_a,cb_intrinsic,brain,ICL(L),341.3,216.7,-1,-1,19,-1,15,-1,61,-1,13,-1,-1,37
CL070_b,cb_intrinsic,brain,SLP(R),606.0,162.2,11,-1,16,-1,15,-1,56,-1,17,-1,19,-1
CL071_a,cb_intrinsic,brain,ICL(L),591.2,258.4,-1,-1,69,-1,32,-1,39,-1,18,-1,-1,37
CL071_b,cb_intrinsic,brain,ICL(L),427.4,178.7,-1,-1,10,-1,15,-1,24,-1,7,-1,-1,37
CL072,cb_intrinsic,brain,SLP(R),356.3,99.4,22,-1,-1,-1,-1,-1,-1,-1,27,-1,68,37
CL073,cb_intrinsic,brain,SLP(R),329.4,101.3,-1,-1,69,-1,32,-1,-1,-1,27,-1,-1,37
CL074,cb_intrinsic,brain,ICL(R),401.2,190.1,43,-1,26,-1,28,-1,-1,-1,46,-1,-1,37
CL075_a,cb_intrinsic,brain,SLP(R),419.4,209.9,45,-1,40,-1,33,-1,69,-1,28,-1,-1,37
CL075_b,cb_intrinsic,brain,ICL(L),297.5,252.7,25,-1,-1,-1,-1,-1,-1,-1,32,-1,-1,37
CL077,cb_intrinsic,brain,SLP(R),641.1,87.0,-1,-1,-1,-1,46,-1,63,-1,25,-1,2,-1
CL078_a,cb_intrinsic,brain,AVLP(R),667.9,96.8,-1,-1,-1,-1,-1,-1,-1,-1,61,-1,-1,37
CL078_b,cb_intrinsic,brain,SLP(R),378.9,101.1,31,-1,-1,-1,-1,-1,-1,-1,19,-1,-1,37
CL078_c,cb_intrinsic,brain,SLP(R),651.7,115.8,-1,-1,-1,-1,-1,-1,-1,-1,19,-1,-1,37
CL080,cb_intrinsic,brain,SLP(R),639.9,39.4,-1,-1,55,-1,24,-1,-1,-1,28,-1,5,-1
CL081,cb_intrinsic,brain,SLP(R),292.0,200.1,19,-1,-1,-1,-1,-1,-1,-1,32,-1,-1,37
CL083,cb_intrinsic,brain,ICL(L),638.7,140.9,-1,-1,52,-1,59,-1,-1,-1,36,-1,-1,37
CL085_a,cb_intrinsic,brain,SLP(R),599.5,187.4,-1,-1,-1,-1,-1,-1,66,-1,29,-1,46,37
CL085_b,cb_intrinsic,brain,ICL(L),614.2,206.7,16,-1,-1,-1,-1,-1,-1,-1,-1,-1,-1,37
CL085_c,cb_intrinsic,brain,SLP(L),743.1,216.9,-1,-1,-1,-1,58,-1,-1,-1,30,-1,-1,37
CL086_a,cb_intrinsic,brain,ICL(R),393.9,142.1,-1,-1,29,-1,12,-1,43,-1,28,-1,48,37
CL086_b,cb_intrinsic,brain,ICL(L),348.3,62.0,-1,-1,27,-1,20,-1,43,-1,29,-1,-1,37
CL086_c,cb_intrinsic,brain,ICL(R),354.6,100.2,-1,-1,19,-1,18,-1,-1,-1,33,-1,-1,37
CL086_d,cb_intrinsic,brain,SLP(R),407.4,208.5,-1,-1,-1,-1,-1,-1,-1,-1,29,-1,-1,37
CL086_e,cb_intrinsic,brain,ICL(R),596.1,193.7,69,-1,22,-1,18,-1,40,-1,27,-1,-1,37
CL087,cb_intrinsic,brain,SLP(R),405.7,149.6,5,-1,69,-1,42,-1,-1,-1,32,-1,-1,37
CL088_a,cb_intrinsic,brain,ICL(L),595.8,176.1,4,-1,-1,-1,59,-1,-1,-1,32,-1,-1,37
CL088_b,cb_intrinsic,brain,SLP(R),681.0,102.7,-1,-1,48,-1,53,-1,62,-1,28,-1,-1,37
CL089_a1,cb_intrinsic,brain,ICL(L),717.4,52.7,-1,-1,-1,-1,-1,-1,-1,-1,-1,-1,-1,37
CL089_a2,cb_intrinsic,brain,ICL(L),679.7,115.1,-1,-1,-1,-1,-1,-1,-1,-1,-1,-1,-1,37
CL089_b,cb_intrinsic,brain,ICL(L),424.0,174.7,8,-1,43,-1,29,-1,63,-1,29,-1,-1,37
CL089_c,cb_intrinsic,brain,ICL(L),627.7,177.2,10,-1,61,-1,34,-1,-1,-1,30,-1,-1,37
CL090_a,cb_intrinsic,brain,ICL(L),388.6,57.8,56,-1,-1,-1,-1,-1,-1,-1,50,-1,-1,37
CL090_b,cb_intrinsic,brain,ICL(L),371.8,93.1,-1,-1,-1,-1,-1,-1,-1,-1,-1,-1,50,37
CL090_c,cb_intrinsic,brain,SLP(L),400.8,189.0,36,-1,24,-1,21,-1,43,-1,28,-1,-1,37
CL090_d,cb_intrinsic,brain,SLP(L),668.7,44.4,65,-1,27,-1,11,-1,-1,-1,17,-1,-1,37
CL090_e,cb_intrinsic,brain,ICL(L),394.7,289.5,68,-1,-1,-1,45,-1,-1,-1,45,-1,-1,37
CL091,cb_intrinsic,brain,ICL(L),433.6,264.2,-1,-1,31,-1,30,-1,43,-1,45,-1,-1,37
CL092,cb_intrinsic,brain,AVLP(R),392.2,146.4,6,-1,-1,-1,13,-1,-1,-1,22,-1,68,37
CL093,cb_intrinsic,brain,AVLP(R),710.8,190.1,-1,-1,-1,-1,23,-1,-1,-1,16,-1,44,37
CL094,cb_intrinsic,brain,SLP(R),274.0,275.8,-1,-1,43,-1,35,-1,40,-1,-1,-1,-1,37
CL095,cb_intrinsic,brain,ICL(L),430.2,192.6,-1,-1,-1,-1,33,-1,40,-1,10,-1,-1,37
CL096,cb_intrinsic,brain,PLP(R),728.4,83.4,11,-1,56,-1,-1,-1,40,-1,65,-1,47,37
CL097,cb_intrinsic,brain,SLP(R),677.3,76.9,57,-1,44,-1,41,-1,-1,-1,28,-1,-1,37
CL098,cb_intrinsic,brain,PLP(R),467.7,111.3,-1,-1,-1,-1,-1,-1,-1,-1,-1,-1,-1,37
CL099,cb_intrinsic,brain,PLP(R),363.7,220.1,-1,-1,-1,-1,16,-1,61,-1,21,-1,4,-1
CL100,cb_intrinsic,brain,PLP(R),295.8,137.8,44,-1,-1,-1,27,-1,-1,-1,38,-1,-1,37
CL101,cb_intrinsic,brain,PLP(R),320.6,257.4,-1,-1,-1,-1,-1,-1,-1,-1,-1,-1,56,37
CL102,cb_intrinsic,brain,ICL(R),367.3,262.1,5,-1,60,-1,-1,-1,39,-1,32,-1,-1,37
CL104,cb_intrinsic,brain,PLP(R),352.1,196.9,-1,-1,-1,-1,-1,-1,-1,-1,-1,-1,-1,37
CL107,cb_intrinsic,brain,SLP(R),632.6,170.5,-1,-1,54,-1,59,-1,62,-1,31,-1,10,-1
CL108,cb_intrinsic,brain,ICL(L),478.2,218.5,6,-1,-1,-1,-1,-1,42,-1,19,-1,34,-1
CL109,cb_intrinsic,brain,IB,614.2,190.5,-1,-1,22,-1,14,-1,41,-1,16,-1,-1,37
CL110,cb_intrinsic,brain,AVLP(L),646.2,174.4,31,-1,28,-1,15,-1,30,-1,19,-1,4,-1
CL111,cb_intrinsic,brain,ICL(L),416.3,278.7,20,-1,28,-1,12,-1,39,-1,5,-1,-1,37
CL112,cb_intrinsic,brain,VES(L),564.8,288.8,-1,-1,-1,-1,16,-1,38,-1,29,-1,-1,37
CL113,cb_intrinsic,brain,GNG,643.3,126.6,-1,-1,34,-1,-1,-1,18,-1,-1,-1,27,-1
CL114,cb_intrinsic,brain,GNG,626.0,107.4,-1,-1,25,-1,51,-1,20,-1,57,-1,28,-1
CL115,cb_intrinsic,brain,GNG,285.0,273.9,-1,-1,-1,-1,58,-1,18,-1,-1,-1,-1,37
CL116,cb_intrinsic,brain,ICL(L),437.0,194.0,-1,-1,-1,-1,-1,-1,-1,-1,-1,-1,-1,37
CL117,cb_intrinsic,brain,GNG,482.3,405.0,46,-1,-1,-1,-1,-1,24,-1,65,-1,20,-1
CL118,cb_intrinsic,brain,ICL(R),470.3,363.1,-1,-1,-1,-1,62,-1,-1,-1,-1,-1,67,37
CL120,cb_intrinsic,brain,PVLP(L),350.3,255.8,14,-1,58,-1,-1,-1,7,-1,34,-1,57,37
CL121_a,cb_intrinsic,brain,SAD,621.9,198.7,66,-1,-1,-1,-1,-1,-1,-1,2,-1,-1,37
CL121_b,cb_intrinsic,brain,GNG,631.4,201.8,-1,-1,-1,-1,-1,-1,-1,-1,18,-1,-1,37
CL122_a,cb_intrinsic,brain,ICL(L),593.7,314.6,-1,-1,54,-1,55,-1,20,-1,17,-1,-1,37
CL122_b,cb_intrinsic,brain,GNG,447.5,363.7,-1,-1,-1,-1,19,-1,38,-1,21,-1,-1,37
CL123_a,cb_intrinsic,brain,SIP(R),450.1,109.1,-1,-1,-1,-1,-1,-1,-1,-1,-1,-1,-1,37
CL123_b,cb_intrinsic,brain,EPA(L),409.0,163.5,-1,-1,-1,-1,-1,-1,63,-1,20,-1,62,37
CL123_c,cb_intrinsic,brain,EPA(L),593.4,245.6,6,-1,-1,-1,-1,-1,38,-1,18,-1,-1,37
CL123_d,cb_intrinsic,brain,PVLP(R),605.8,229.7,65,-1,-1,-1,-1,-1,-1,-1,18,-1,-1,37
CL123_e,cb_intrinsic,brain,PVLP(L),616.3,163.7,-1,-1,-1,-1,-1,-1,-1,-1,19,-1,-1,37
CL125,visual_projection,brain,AME(R),670.9,121.4,26,-1,67,-1,51,-1,-1,-1,-1,-1,-1,37
CL126,cb_intrinsic,brain,SLP(L),683.8,187.8,-1,-1,16,-1,29,-1,40,-1,43,-1,-1,37
CL127,cb_intrinsic,brain,PLP(R),426.0,200.6,-1,-1,23,-1,17,-1,32,-1,53,-1,-1,37
CL128_a,cb_intrinsic,brain,PLP(L),350.8,226.5,-1,-1,-1,-1,-1,-1,-1,-1,-1,-1,-1,37
CL128_b,cb_intrinsic,brain,PLP(R),409.1,264.2,7,-1,-1,-1,-1,-1,-1,-1,-1,-1,-1,37
CL128_c,cb_intrinsic,brain,PLP(L),604.4,248.3,-1,-1,-1,-1,-1,-1,-1,-1,-1,-1,-1,37
CL128_d,cb_intrinsic,brain,SPS(L),698.2,192.7,-1,-1,-1,-1,-1,-1,-1,-1,-1,-1,61,37
CL128_e,cb_intrinsic,brain,SPS(L),408.9,200.5,35,-1,-1,-1,-1,-1,46,-1,24,-1,50,37
CL128_f,cb_intrinsic,brain,PLP(R),664.6,222.6,-1,-1,-1,58,-1,-1,-1,-1,-1,-1,-1,37
CL128a,cb_intrinsic,brain,PLP(R),357.1,269.5,11,-1,-1,51,27,-1,37,-1,-1,-1,-1,37
CL129,cb_intrinsic,brain,CRE(L),325.2,202.7,24,-1,-1,-1,35,-1,23,-1,-1,-1,-1,37
CL12X,cb_intrinsic,brain,ICL(L),604.1,184.2,57,-1,-1,-1,-1,-1,-1,-1,13,-1,-1,37
CL130,cb_intrinsic,brain,PLP(R),598.2,174.3,67,-1,67,-1,56,-1,25,-1,-1,-1,-1,37
CL131,cb_intrinsic,brain,SPS(L),382.4,145.4,-1,-1,14,-1,-1,-1,9,-1,-1,-1,-1,37
CL132,cb_intrinsic,brain,SCL(R),634.3,130.2,48,-1,43,-1,-1,-1,32,-1,-1,-1,-1,37
CL133,cb_intrinsic,brain,SLP(R),668.3,143.1,-1,-1,33,-1,-1,-1,64,-1,53,-1,-1,37
CL134,cb_intrinsic,brain,PLP(R),403.8,151.7,-1,-1,44,-1,24,-1,40,-1,58,-1,-1,37
CL135,cb_intrinsic,brain,SLP(R),626.9,196.6,-1,-1,21,-1,11,-1,34,-1,27,-1,-1,37
CL136,cb_intrinsic,brain,SLP(R),362.5,248.1,-1,-1,33,-1,-1,-1,49,-1,-1,-1,-1,37
CL140,cb_intrinsic,brain,ICL(L),699.6,265.0,2,-1,43,-1,58,-1,29,-1,5,-1,-1,37
CL141,cb_intrinsic,brain,PLP(R),323.2,222.8,-1,-1,-1,-1,-1,-1,-1,68,-1,-1,-1,37
CL142,cb_intrinsic,brain,PLP(R),396.1,249.0,35,-1,-1,-1,-1,-1,45,-1,59,-1,-1,37
CL143,cb_intrinsic,brain,IB,528.5,129.2,-1,-1,-1,-1,-1,-1,-1,-1,31,-1,-1,37
CL144,cb_intrinsic,brain,AVLP(R),681.2,263.1,-1,-1,61,-1,-1,-1,64,-1,-1,-1,-1,37
CL146,cb_intrinsic,brain,ICL(R),624.1,136.1,23,-1,-1,-1,-1,-1,-1,-1,30,-1,-1,37
CL147,cb_intrinsic,brain,SMP(L),560.0,58.4,65,-1,59,-1,-1,-1,63,-1,26,-1,-1,37
CL149,cb_intrinsic,brain,PLP(R),427.7,205.6,-1,-1,-1,-1,-1,-1,48,-1,-1,-1,-1,37
CL150,cb_intrinsic,brain,AVLP(R),424.4,173.8,-1,-1,-1,-1,50,-1,-1,-1,17,-1,5,-1
CL151,cb_intrinsic,brain,PLP(R),392.7,72.1,-1,-1,-1,-1,29,-1,66,-1,29,-1,-1,37
CL152,cb_intrinsic,brain,SCL(L),656.8,142.2,-1,-1,45,-1,25,-1,37,-1,42,-1,-1,37
CL153,cb_intrinsic,brain,SCL(R),668.3,124.3,-1,-1,-1,-1,-1,-1,34,-1,24,-1,-1,37
CL154,cb_intrinsic,brain,ICL(L),461.9,57.1,7,-1,-1,-1,-1,-1,-1,-1,-1,-1,66,37
CL155,cb_intrinsic,brain,SPS(R),366.0,155.7,-1,-1,-1,-1,-1,-1,-1,-1,27,-1,10,-1
CL157,cb_intrinsic,brain,SMP(R),335.8,250.7,-1,-1,69,-1,-1,-1,-1,-1,-1,-1,-1,37
CL158,cb_intrinsic,brain,SPS(L),607.0,288.5,62,-1,48,-1,56,-1,48,-1,13,-1,54,37
CL159,cb_intrinsic,brain,SCL(R),380.0,131.2,53,-1,56,-1,-1,-1,56,-1,16,-1,-1,37
CL160,cb_intrinsic,brain,SMP(R),348.5,124.6,28,-1,-1,-1,68,-1,-1,-1,19,-1,68,37
CL161_a,cb_intrinsic,brain,ICL(L),703.6,224.6,-1,-1,-1,-1,62,-1,-1,-1,29,-1,56,37
CL161_b,cb_intrinsic,brain,ICL(L),623.8,166.4,-1,-1,-1,-1,58,-1,12,-1,24,-1,-1,37
CL162,cb_intrinsic,brain,ICL(R),395.8,187.7,35,-1,-1,-1,-1,-1,-1,-1,-1,-1,-1,37
CL165,cb_intrinsic,brain,SCL(R),558.9,58.1,-1,-1,-1,-1,-1,-1,-1,-1,34,-1,-1,37
CL166,cb_intrinsic,brain,ICL(L),414.7,210.3,-1,-1,-1,-1,54,-1,-1,-1,18,-1,56,37
CL167,cb_intrinsic,brain,SMP(R),552.9,287.3,-1,-1,-1,-1,-1,-1,-1,-1,36,-1,52,37
CL168,cb_intrinsic,brain,ICL(R),489.4,71.9,-1,-1,-1,-1,-1,-1,-1,-1,-1,-1,60,37
CL169,cb_intrinsic,brain,ICL(L),450.0,293.1,-1,-1,-1,-1,43,-1,11,-1,24,-1,-1,37
CL170,cb_intrinsic,brain,IB,559.4,133.0,-1,-1,-1,-1,46,-1,-1,-1,27,-1,-1,37
CL171,cb_intrinsic,brain,ICL(R),568.1,278.4,-1,-1,-1,-1,-1,-1,11,-1,23,-1,62,37
CL172,cb_intrinsic,brain,SMP(R),673.0,125.2,-1,-1,-1,-1,-1,-1,-1,-1,40,-1,-1,37
CL173,cb_intrinsic,brain,IB,477.2,197.0,-1,-1,-1,-1,-1,-1,-1,-1,8,-1,49,37
CL175,cb_intrinsic,brain,SCL(L),630.5,99.5,-1,-1,53,-1,38,-1,63,-1,30,-1,-1,37
CL176,cb_intrinsic,brain,ICL(L),413.5,195.1,-1,-1,-1,-1,-1,-1,44,-1,14,-1,-1,37
CL177,cb_intrinsic,brain,ICL(L),567.1,83.1,-1,-1,-1,-1,-1,-1,-1,-1,24,-1,55,37
CL178,cb_intrinsic,brain,SMP(L),587.4,99.9,18,-1,-1,-1,-1,-1,7,-1,69,-1,9,-1
CL179,cb_intrinsic,brain,IB,526.5,200.8,34,-1,-1,-1,44,-1,-1,-1,9,-1,-1,37
CL180,cb_intrinsic,brain,IB,431.0,190.5,60,-1,33,-1,-1,-1,-1,-1,13,-1,-1,37
CL182,cb_intrinsic,brain,SCL(L),406.8,199.4,4,-1,64,-1,32,-1,-1,-1,10,-1,-1,37
CL183,cb_intrinsic,brain,IB,469.0,210.0,58,-1,-1,-1,-1,-1,63,-1,19,-1,58,37
CL184,cb_intrinsic,brain,ICL(L),666.3,140.1,62,-1,-1,-1,41,-1,48,-1,11,-1,67,37
CL185,cb_intrinsic,brain,IB,440.7,68.1,-1,-1,-1,-1,50,-1,-1,-1,6,-1,-1,37
CL186,cb_intrinsic,brain,ICL(R),460.1,59.5,-1,-1,-1,-1,-1,-1,-1,-1,24,-1,-1,37
CL187,cb_intrinsic,brain,SPS(L),467.1,278.9,5,-1,-1,-1,-1,-1,-1,-1,17,-1,18,-1
CL189,cb_intrinsic,brain,ICL(L),343.3,180.7,-1,-1,-1,-1,59,-1,-1,-1,12,-1,47,37
CL190,cb_intrinsic,brain,ICL(R),670.6,212.6,8,-1,-1,-1,-1,-1,-1,-1,15,-1,-1,37
CL191_a,cb_intrinsic,brain,ICL(L),720.2,186.0,3,-1,-1,-1,-1,-1,-1,-1,21,-1,-1,37
CL191_b,cb_intrinsic,brain,ICL(L),411.1,205.9,-1,-1,-1,-1,57,-1,-1,-1,25,-1,-1,37
CL195,cb_intrinsic,brain,SMP(R),467.2,105.3,17,-1,-1,-1,-1,-1,-1,-1,-1,-1,-1,37
CL196,cb_intrinsic,brain,SCL(L),663.2,145.1,9,-1,-1,-1,-1,-1,-1,-1,14,-1,-1,37
CL199,cb_intrinsic,brain,ICL(L),648.9,125.9,39,-1,-1,-1,-1,-1,24,-1,14,-1,-1,37
CL200,cb_intrinsic,brain,PLP(R),507.4,202.1,-1,-1,33,-1,26,-1,48,-1,58,-1,-1,37
CL201,cb_intrinsic,brain,SCL(R),725.2,273.7,-1,-1,41,-1,-1,-1,41,-1,18,-1,-1,37
CL203,cb_intrinsic,brain,ICL(L),543.7,191.6,-1,-1,40,-1,-1,-1,22,-1,-1,-1,19,-1
CL204,cb_intrinsic,brain,ICL(L),426.4,153.6,-1,-1,-1,-1,-1,-1,-1,-1,23,-1,-1,37
CL205,cb_intrinsic,brain,ICL(L),438.6,194.6,6,-1,-1,-1,-1,-1,-1,-1,7,-1,-1,37
CL208,cb_intrinsic,brain,SMP(L),480.7,120.8,-1,-1,61,-1,-1,-1,-1,-1,14,-1,12,-1
CL209,cb_intrinsic,brain,VES(R),439.4,42.9,3,-1,-1,-1,-1,-1,-1,-1,57,-1,-1,37
CL210_a,cb_intrinsic,brain,ICL(L),617.5,120.7,-1,-1,-1,-1,60,-1,-1,-1,-1,-1,17,-1
CL211,cb_intrinsic,brain,ICL(L),681.1,235.6,16,-1,29,-1,-1,-1,8,-1,14,-1,11,-1
CL212,cb_intrinsic,brain,AVLP(R),666.4,194.7,-1,-1,51,-1,49,-1,33,-1,29,-1,14,-1
CL213,cb_intrinsic,brain,GNG,471.2,376.4,3,-1,10,-1,44,-1,7,-1,19,-1,34,-1
CL214,cb_intrinsic,brain,ICL(L),555.6,419.5,46,-1,26,-1,44,-1,9,-1,11,-1,17,-1
CL215,cb_intrinsic,brain,VES(R),469.4,231.9,65,-1,-1,-1,50,-1,29,-1,14,-1,-1,37
CL216,cb_intrinsic,brain,SPS(R),585.5,279.6,-1,-1,29,-1,-1,-1,6,-1,16,-1,12,-1
CL224,cb_intrinsic,brain,ICL(L),456.0,297.8,-1,-1,-1,-1,-1,-1,-1,-1,-1,-1,-1,37
CL225,cb_intrinsic,brain,SCL(R),649.6,114.3,35,-1,-1,-1,27,-1,39,-1,30,-1,-1,37
CL228,cb_intrinsic,brain,SMP(R),406.9,176.0,29,-1,-1,-1,-1,-1,-1,-1,59,-1,57,37
CL231,cb_intrinsic,brain,PLP(L),430.0,265.7,-1,-1,-1,-1,-1,-1,-1,-1,20,-1,-1,37
CL234,cb_intrinsic,brain,SCL(L),336.1,115.8,-1,-1,19,-1,34,-1,33,-1,64,-1,-1,37
CL235,cb_intrinsic,brain,ICL(L),582.2,236.4,-1,-1,24,-1,57,-1,20,-1,10,-1,63,37
CL236,cb_intrinsic,brain,ICL(L),568.2,110.2,1,-1,-1,-1,-1,-1,54,-1,12,-1,-1,37
CL238,cb_intrinsic,brain,SPS(R),621.3,284.3,39,-1,-1,-1,-1,-1,-1,-1,23,-1,-1,37
CL239,cb_intrinsic,brain,SPS(L),410.9,163.6,56,-1,-1,59,-1,-1,-1,-1,-1,-1,-1,37
CL244,cb_intrinsic,brain,SLP(L),334.7,86.7,2,-1,-1,-1,-1,-1,-1,-1,48,-1,-1,37
CL245,cb_intrinsic,brain,SLP(L),658.1,110.9,34,-1,-1,-1,-1,-1,37,-1,30,-1,67,37
CL246,cb_intrinsic,brain,PLP(R),590.4,192.0,25,-1,-1,-1,16,-1,33,-1,47,-1,-1,37
CL248,cb_intrinsic,brain,ICL(L),666.0,132.9,-1,-1,15,-1,37,-1,9,-1,9,-1,32,-1
CL249,cb_intrinsic,brain,IB,473.2,212.6,35,-1,35,-1,28,-1,-1,-1,14,-1,25,-1
CL250,cb_intrinsic,brain,PLP(R),711.9,93.8,-1,-1,59,-1,-1,-1,-1,-1,-1,-1,-1,37
CL251,cb_intrinsic,brain,SMP(L),600.8,175.1,-1,-1,-1,-1,-1,-1,-1,-1,25,-1,-1,37
CL252,cb_intrinsic,brain,AVLP(R),424.5,194.0,42,-1,68,-1,-1,-1,52,-1,-1,-1,-1,37
CL253,cb_intrinsic,brain,WED(R),667.9,336.2,-1,-1,-1,-1,-1,-1,-1,-1,-1,-1,63,37
CL254,cb_intrinsic,brain,SCL(R),636.1,174.2,24,-1,61,-1,-1,-1,-1,-1,66,-1,-1,37
CL255,cb_intrinsic,brain,SLP(L),673.7,93.1,5,-1,49,-1,56,-1,42,-1,-1,-1,-1,37
CL256,cb_intrinsic,brain,AVLP(R),747.8,217.8,64,-1,39,-1,-1,-1,-1,-1,26,-1,63,37
CL257,cb_intrinsic,brain,ICL(L),621.9,150.5,50,-1,16,-1,14,-1,39,-1,10,-1,69,37
CL258,cb_intrinsic,brain,SLP(R),661.4,229.2,35,-1,20,-1,-1,-1,-1,68,-1,-1,-1,37
CL259,cb_intrinsic,brain,GNG,555.5,361.0,41,-1,28,-1,-1,-1,-1,-1,14,-1,-1,37
CL260,cb_intrinsic,brain,SAD,547.3,321.3,25,-1,-1,-1,-1,-1,-1,-1,13,-1,4,-1
CL261,cb_intrinsic,brain,ICL(L),419.0,237.0,33,-1,-1,-1,-1,-1,-1,-1,13,-1,-1,37
CL263,cb_intrinsic,brain,PLP(R),377.4,225.6,-1,-1,-1,-1,17,-1,-1,-1,22,-1,-1,37
CL264,cb_intrinsic,brain,VES(R),633.1,173.8,-1,-1,44,-1,28,-1,8,-1,4,-1,-1,37
CL266_a1,cb_intrinsic,brain,AVLP(R),258.8,240.9,-1,-1,-1,-1,-1,-1,-1,-1,24,-1,-1,37
CL266_a2,cb_intrinsic,brain,ICL(L),626.2,156.1,-1,-1,-1,-1,-1,-1,-1,-1,15,-1,52,37
CL266_a3,cb_intrinsic,brain,ICL(L),455.7,233.5,-1,-1,-1,-1,-1,-1,-1,-1,12,-1,-1,37
CL266_b1,cb_intrinsic,brain,AVLP(R),325.2,234.2,53,-1,-1,-1,-1,-1,-1,-1,32,-1,-1,37
CL266_b2,cb_intrinsic,brain,AVLP(R),293.5,258.6,32,-1,-1,-1,-1,-1,-1,-1,22,-1,-1,37
CL267,cb_intrinsic,brain,ICL(L),427.7,207.3,31,-1,42,-1,64,-1,39,-1,31,-1,-1,37
CL268,cb_intrinsic,brain,PVLP(R),634.4,202.1,-1,-1,-1,-1,40,-1,-1,-1,23,-1,5,-1
CL269,cb_intrinsic,brain,SLP(R),388.4,185.4,-1,-1,-1,58,49,-1,-1,-1,25,-1,19,-1
CL270,cb_intrinsic,brain,AVLP(L),359.0,80.2,-1,-1,-1,-1,-1,-1,-1,-1,14,-1,9,-1
CL271,cb_intrinsic,brain,SLP(R),375.5,154.2,-1,-1,46,-1,-1,-1,-1,-1,-1,-1,57,37
CL272_a1,cb_intrinsic,brain,SLP(L),670.4,87.3,-1,-1,-1,61,-1,-1,-1,-1,-1,-1,-1,37
CL272_a2,cb_intrinsic,brain,PLP(R),399.4,132.8,-1,-1,-1,-1,-1,-1,-1,-1,-1,-1,-1,37
CL272_b1,cb_intrinsic,brain,SCL(L),625.7,137.8,-1,-1,-1,-1,-1,-1,-1,-1,-1,-1,-1,37
CL272_b2,cb_intrinsic,brain,SLP(R),622.3,174.1,39,-1,-1,-1,-1,-1,-1,-1,-1,-1,-1,37
CL272_b3,cb_intrinsic,brain,SLP(R),336.4,191.9,-1,-1,-1,-1,-1,-1,-1,-1,-1,-1,58,37
CL273,cb_intrinsic,brain,ICL(L),430.7,208.9,63,-1,-1,-1,-1,-1,-1,-1,28,-1,-1,37
CL274,cb_intrinsic,brain,AVLP(L),703.7,207.5,28,-1,33,-1,29,-1,39,-1,12,-1,-1,37
CL275,cb_intrinsic,brain,ICL(L),314.2,218.3,58,-1,-1,-1,42,-1,24,-1,13,-1,58,37
CL280,cb_intrinsic,brain,ICL(L),409.3,175.0,-1,-1,-1,-1,-1,-1,-1,-1,26,-1,59,37
CL282,cb_intrinsic,brain,IB,625.2,228.5,-1,-1,21,-1,-1,-1,26,-1,57,-1,55,37
CL283_a,cb_intrinsic,brain,PLP(L),360.3,263.8,-1,-1,65,-1,-1,-1,-1,-1,-1,-1,-1,37
CL283_b,cb_intrinsic,brain,PLP(L),638.7,105.7,-1,-1,-1,-1,-1,-1,28,-1,-1,-1,11,-1
CL283_c,cb_intrinsic,brain,PLP(R),436.4,155.1,-1,-1,39,-1,-1,-1,32,-1,-1,-1,-1,37
CL286,cb_intrinsic,brain,ICL(L),704.8,311.6,-1,-1,31,-1,34,-1,61,-1,13,-1,-1,37
CL287,cb_intrinsic,brain,ICL(L),623.6,205.5,-1,-1,15,-1,18,-1,40,-1,33,-1,56,37
CL288,cb_intrinsic,brain,PLP(L),394.7,357.2,9,-1,57,-1,64,-1,20,-1,60,-1,-1,37
CL290,cb_intrinsic,brain,PLP(R),315.0,126.9,-1,-1,66,-1,50,-1,33,-1,52,-1,69,37
CL291,cb_intrinsic,brain,SLP(L),294.1,81.3,-1,-1,-1,39,-1,-1,-1,-1,-1,-1,-1,37
CL292,cb_intrinsic,brain,SCL(R),624.5,158.7,-1,-1,-1,-1,-1,-1,-1,-1,28,-1,65,37
CL293,cb_intrinsic,brain,PLP(L),367.0,274.8,34,-1,-1,-1,-1,-1,-1,-1,-1,-1,-1,37
CL294,cb_intrinsic,brain,PLP(R),400.3,200.3,10,-1,27,-1,58,-1,34,-1,-1,-1,-1,37
CL301,cb_intrinsic,brain,ICL(L),626.1,263.8,-1,-1,-1,-1,-1,-1,-1,-1,27,-1,53,37
CL302,cb_intrinsic,brain,ICL(R),457.0,256.8,-1,-1,-1,-1,-1,-1,-1,-1,25,-1,56,37
CL303,cb_intrinsic,brain,ICL(L),399.4,154.9,35,-1,14,-1,-1,-1,35,-1,14,-1,-1,37
CL308,cb_intrinsic,brain,ICL(L),413.2,168.2,-1,-1,-1,-1,34,-1,53,-1,11,-1,-1,37
CL309,cb_intrinsic,brain,SPS(R),443.4,178.9,-1,-1,62,-1,41,-1,15,-1,15,-1,-1,37
CL310,cb_intrinsic,brain,SAD,453.4,428.4,-1,-1,20,-1,48,-1,10,-1,11,-1,9,-1
CL311,cb_intrinsic,brain,GNG,486.0,438.5,-1,-1,9,-1,27,-1,7,-1,12,-1,-1,37
CL314,cb_intrinsic,brain,ICL(L),618.6,192.7,-1,-1,49,-1,67,-1,62,-1,17,-1,-1,37
CL315,cb_intrinsic,brain,PLP(L),355.9,281.1,-1,-1,51,-1,-1,-1,38,-1,-1,-1,-1,37
CL316,cb_intrinsic,brain,IB,635.4,139.0,29,-1,51,-1,50,-1,31,-1,8,-1,12,-1
CL317,cb_intrinsic,brain,SLP(L),338.5,102.8,-1,-1,13,-1,29,-1,20,-1,53,-1,-1,37
CL318,cb_intrinsic,brain,IB,575.1,227.9,17,-1,-1,-1,-1,-1,-1,-1,40,-1,46,37
CL319,cb_intrinsic,brain,AVLP(R),708.6,261.6,17,-1,30,-1,29,-1,10,-1,13,-1,15,-1
CL321,cb_intrinsic,brain,SPS(R),362.0,238.3,57,-1,-1,-1,60,-1,-1,-1,26,-1,-1,37
CL322,cb_intrinsic,brain,PVLP(R),687.6,168.0,2,-1,-1,-1,-1,-1,68,-1,12,-1,57,37
CL323,cb_intrinsic,brain,PVLP(R),387.5,382.3,8,-1,-1,-1,-1,-1,30,-1,10,-1,-1,37
CL326,cb_intrinsic,brain,CRE(L),330.3,286.5,12,-1,-1,-1,-1,-1,-1,-1,-1,-1,67,37
CL327,cb_intrinsic,brain,LAL(L),619.1,261.3,-1,-1,-1,-1,48,-1,67,-1,52,-1,54,37
CL328,cb_intrinsic,brain,LAL(L),590.5,96.9,-1,-1,65,-1,-1,-1,17,-1,-1,-1,-1,37
CL333,cb_intrinsic,brain,ICL(L),484.9,293.0,23,-1,-1,-1,18,-1,40,-1,7,-1,-1,37
CL335,cb_intrinsic,brain,ICL(L),704.5,187.9,67,-1,-1,-1,61,-1,15,-1,28,-1,-1,37
CL336,cb_intrinsic,brain,SPS(R),614.9,347.2,-1,-1,6,-1,23,-1,3,-1,6,-1,5,-1
CL339,cb_intrinsic,brain,SPS(L),594.0,281.8,7,-1,6,-1,29,-1,1,-1,50,-1,1,-1
CL340,cb_intrinsic,brain,ICL(L),434.6,185.2,-1,-1,12,-1,20,-1,10,-1,21,-1,6,-1
CL344_a,cb_intrinsic,brain,ICL(L),604.3,183.9,-1,-1,-1,-1,62,-1,-1,-1,19,-1,-1,37
CL344_b,cb_intrinsic,brain,SIP(R),350.6,272.2,32,-1,-1,-1,60,-1,45,-1,13,-1,-1,37
CL345,cb_intrinsic,brain,ICL(L),705.2,56.1,12,-1,-1,-1,15,-1,61,-1,17,-1,64,37
CL348,cb_intrinsic,brain,ICL(L),589.8,154.4,48,-1,-1,-1,-1,-1,-1,-1,-1,-1,-1,37
CL351,cb_intrinsic,brain,ICL(L),618.3,201.2,-1,-1,-1,-1,-1,-1,-1,-1,-1,62,-1,37
CL352,cb_intrinsic,brain,PLP(R),363.2,212.9,39,-1,57,-1,37,-1,-1,-1,-1,-1,67,37
CL353,cb_intrinsic,brain,ICL(L),656.4,121.6,56,-1,18,-1,11,-1,36,-1,27,-1,-1,37
CL354,cb_intrinsic,brain,ICL(R),397.7,204.0,29,-1,33,-1,23,-1,40,-1,18,-1,-1,37
CL355,cb_intrinsic,brain,ICL(L),697.2,137.9,53,-1,-1,-1,-1,-1,-1,-1,-1,-1,-1,37
CL356,cb_intrinsic,brain,IB,358.0,269.7,63,-1,-1,-1,28,-1,-1,-1,24,-1,-1,37
CL357,cb_intrinsic,brain,PLP(R),664.0,72.8,22,-1,-1,-1,18,-1,21,-1,-1,-1,-1,37
CL359,cb_intrinsic,brain,SCL(R),418.9,276.7,-1,-1,42,-1,51,-1,41,-1,29,-1,7,-1
CL360,cb_intrinsic,brain,SCL(R),682.9,137.8,-1,-1,-1,-1,41,-1,-1,-1,-1,-1,-1,37
CL361,cb_intrinsic,brain,AVLP(R),715.2,232.4,17,-1,-1,67,12,-1,-1,-1,15,-1,-1,37
CL362,cb_intrinsic,brain,PLP(R),371.7,155.0,-1,-1,23,-1,22,-1,7,-1,19,-1,-1,37
CL364,cb_intrinsic,brain,PLP(R),661.7,114.9,-1,-1,59,-1,-1,-1,43,-1,-1,-1,69,37
CL365,cb_intrinsic,brain,AVLP(R),339.9,225.0,44,-1,-1,-1,27,-1,43,-1,31,-1,-1,37
CL366,cb_intrinsic,brain,GNG,386.4,319.2,13,-1,4,-1,14,-1,6,-1,65,-1,20,-1
CL367,cb_intrinsic,brain,ICL(L),582.5,317.1,-1,-1,11,-1,29,-1,8,-1,7,-1,11,-1
CL368,cb_intrinsic,brain,SCL(R),590.4,154.4,23,-1,39,-1,63,-1,-1,-1,20,-1,-1,37
CRE001,cb_intrinsic,brain,CRE(L),603.9,72.5,-1,-1,-1,-1,59,-1,-1,-1,43,-1,-1,37
CRE003_a,cb_intrinsic,brain,CRE(L),412.3,114.3,-1,-1,38,-1,30,-1,38,-1,27,-1,-1,37
CRE003_b,cb_intrinsic,brain,CRE(L),537.1,172.9,25,-1,19,-1,49,-1,28,-1,23,-1,67,37
CRE004,cb_intrinsic,brain,CRE(L),539.0,352.1,25,-1,19,-1,48,-1,37,-1,9,-1,-1,37
CRE005,cb_intrinsic,brain,CRE(L),472.0,71.7,8,-1,9,-1,-1,-1,29,-1,17,-1,-1,37
CRE006,cb_intrinsic,brain,CRE(L),540.8,66.1,-1,-1,45,-1,-1,-1,-1,-1,21,-1,-1,37
CRE007,cb_intrinsic,brain,CRE(L),534.7,87.1,-1,-1,-1,-1,-1,-1,63,-1,18,-1,-1,37
CRE008,cb_intrinsic,brain,CRE(L),633.7,253.0,7,-1,-1,-1,-1,-1,-1,-1,-1,-1,63,37
CRE009,cb_intrinsic,brain,CRE(L),470.6,119.0,10,-1,-1,65,-1,-1,-1,-1,-1,-1,-1,37
CRE010,cb_intrinsic,brain,CRE(L),561.1,300.8,-1,-1,-1,-1,-1,-1,51,-1,-1,-1,-1,37
CRE011,cb_intrinsic,brain,CRE(L),444.4,129.1,1,-1,5,-1,3,-1,3,-1,1,-1,10,-1
CRE012,cb_intrinsic,brain,CRE(L),596.8,133.5,44,-1,47,-1,17,-1,49,-1,11,-1,-1,37
CRE013,cb_intrinsic,brain,CRE(L),620.0,229.6,62,-1,20,-1,15,-1,27,-1,4,-1,-1,37
CRE014,cb_intrinsic,brain,CRE(L),570.7,70.9,-1,-1,-1,-1,69,-1,-1,-1,11,-1,-1,37
CRE015,cb_intrinsic,brain,LAL(L),609.6,210.4,-1,-1,-1,-1,-1,-1,-1,-1,12,-1,-1,37
CRE016,cb_intrinsic,brain,CRE(R),450.1,112.7,24,-1,-1,-1,-1,-1,-1,-1,6,-1,-1,37
CRE017,cb_intrinsic,brain,CRE(L),450.4,161.1,10,-1,64,-1,21,-1,44,-1,10,-1,-1,37
CRE018,cb_intrinsic,brain,CRE(L),468.1,134.0,15,-1,-1,-1,14,-1,32,-1,3,-1,63,37
CRE019,cb_intrinsic,brain,CRE(R),454.6,109.6,10,-1,-1,-1,-1,-1,-1,-1,-1,-1,-1,37
CRE020,cb_intrinsic,brain,CRE(R),571.7,126.9,34,-1,60,-1,-1,-1,51,-1,42,-1,-1,37
CRE021,cb_intrinsic,brain,CRE(L),441.2,85.5,-1,-1,9,-1,8,-1,43,-1,8,-1,12,-1
CRE022,cb_intrinsic,brain,CRE(L),565.8,61.5,26,-1,18,-1,12,-1,38,-1,6,-1,-1,37
CRE023,cb_intrinsic,brain,CRE(L),468.0,106.1,66,-1,29,-1,-1,-1,39,-1,-1,-1,-1,37
CRE024,cb_intrinsic,brain,CRE(R),577.0,112.3,-1,-1,15,-1,14,-1,52,-1,9,-1,-1,37
CRE025,cb_intrinsic,brain,CRE(L),422.3,146.5,35,-1,34,-1,18,-1,46,-1,8,-1,-1,37
CRE026,cb_intrinsic,brain,CRE(L),566.7,111.1,-1,-1,-1,-1,-1,-1,48,-1,8,-1,-1,37
CRE027,cb_intrinsic,brain,SMP(R),469.4,92.3,-1,-1,10,-1,14,-1,27,-1,8,-1,12,-1
CRE028,cb_intrinsic,brain,CRE(L),433.4,132.1,2,-1,22,-1,23,-1,37,-1,4,-1,-1,37
CRE030_b,cb_intrinsic,brain,CRE(R),627.5,120.2,-1,-1,-1,-1,-1,-1,61,-1,40,-1,-1,37
CRE034,cb_intrinsic,brain,CRE(L),590.9,63.7,8,-1,69,-1,56,-1,37,-1,7,-1,-1,37
CRE035,cb_intrinsic,brain,CRE(L),463.1,100.5,-1,-1,-1,-1,-1,-1,45,-1,-1,-1,50,37
CRE037,cb_intrinsic,brain,CRE(R),450.6,84.2,9,-1,69,-1,-1,-1,67,-1,18,-1,-1,37
CRE038,cb_intrinsic,brain,SIP(R),381.9,106.4,33,-1,-1,-1,-1,-1,-1,-1,19,-1,65,37
CRE039,cb_intrinsic,brain,CRE(L),464.4,226.7,11,-1,18,-1,-1,-1,37,-1,57,-1,68,37
CRE040,cb_intrinsic,brain,CRE(L),452.3,127.4,22,-1,21,-1,8,-1,2,-1,2,-1,15,-1
CRE041,cb_intrinsic,brain,LAL(L),425.3,146.8,-1,-1,21,-1,11,-1,27,-1,1,-1,-1,37
CRE042,cb_intrinsic,brain,CRE(L),609.7,186.5,23,-1,22,-1,19,-1,28,-1,10,-1,-1,37
CRE043_a1,cb_intrinsic,brain,CRE(R),554.8,103.8,-1,-1,-1,-1,-1,-1,-1,-1,20,-1,-1,37
CRE043_a2,cb_intrinsic,brain,CRE(L),576.1,62.2,5,-1,-1,-1,-1,-1,31,-1,13,-1,-1,37
CRE043_a3,cb_intrinsic,brain,CRE(L),560.0,93.5,-1,-1,-1,-1,-1,-1,-1,-1,32,-1,54,37
CRE043_b,cb_intrinsic,brain,CRE(L),453.4,117.4,-1,-1,-1,-1,-1,-1,-1,-1,13,-1,-1,37
CRE043_c1,cb_intrinsic,brain,CRE(L),566.7,114.7,-1,-1,-1,-1,-1,-1,-1,-1,-1,-1,-1,37
CRE043_c2,cb_intrinsic,brain,CRE(L),579.3,99.1,-1,-1,-1,-1,-1,-1,-1,-1,-1,-1,-1,37
CRE043_d,cb_intrinsic,brain,CRE(L),475.2,108.7,-1,-1,-1,-1,-1,-1,-1,-1,51,-1,55,37
CRE044,cb_intrinsic,brain,CRE(L),596.4,97.0,-1,-1,64,-1,19,-1,39,-1,10,-1,-1,37
CRE045,cb_intrinsic,brain,SMP(L),432.6,70.0,26,-1,-1,-1,44,-1,49,-1,8,-1,46,37
CRE046,cb_intrinsic,brain,CRE(L),591.8,74.3,-1,-1,-1,-1,-1,-1,64,-1,-1,-1,-1,37
CRE048,cb_intrinsic,brain,CRE(L),580.9,94.1,-1,-1,30,-1,62,-1,33,-1,-1,-1,-1,37
CRE049,cb_intrinsic,brain,CRE(L),587.6,99.8,29,-1,65,-1,-1,-1,36,-1,30,-1,-1,37
CRE050,cb_intrinsic,brain,CRE(L),572.2,97.6,-1,-1,65,-1,13,-1,37,-1,7,-1,-1,37
CRE051,cb_intrinsic,brain,CRE(L),430.5,84.4,-1,-1,-1,-1,40,-1,38,-1,11,-1,-1,37
CRE052,cb_intrinsic,brain,CRE(R),593.7,175.3,31,-1,60,-1,44,-1,35,-1,16,-1,50,37
CRE054,cb_intrinsic,brain,CRE(R),599.3,113.3,7,-1,-1,-1,-1,-1,40,-1,51,-1,49,37
CRE055,cb_intrinsic,brain,CRE(L),591.5,126.9,-1,-1,44,-1,20,-1,39,-1,28,-1,-1,37
CRE056,cb_intrinsic,brain,CRE(L),537.4,101.6,-1,-1,-1,-1,-1,-1,50,-1,50,-1,59,37
CRE057,cb_intrinsic,brain,CRE(L),589.7,105.1,-1,-1,-1,-1,-1,-1,-1,-1,-1,-1,-1,37
CRE059,cb_intrinsic,brain,CRE(L),597.1,129.4,-1,-1,18,-1,43,-1,36,-1,24,-1,-1,37
CRE060,cb_intrinsic,brain,CRE(R),616.7,193.5,-1,-1,-1,-1,-1,-1,39,-1,27,-1,-1,37
CRE062,cb_intrinsic,brain,CRE(L),537.7,123.9,-1,-1,-1,-1,-1,-1,-1,-1,-1,-1,-1,37
CRE065,cb_intrinsic,brain,CRE(L),645.1,127.1,1,-1,-1,-1,-1,-1,-1,-1,-1,-1,-1,37
CRE066,cb_intrinsic,brain,CRE(R),442.3,112.7,22,-1,66,-1,-1,-1,-1,-1,-1,-1,58,37
CRE067,cb_intrinsic,brain,CRE(L),568.7,200.1,-1,-1,26,-1,-1,-1,-1,-1,-1,-1,-1,37
CRE068,cb_intrinsic,brain,CRE(L),607.9,178.9,-1,-1,-1,-1,-1,-1,38,-1,11,-1,-1,37
CRE069,cb_intrinsic,brain,CRE(L),574.6,108.5,29,-1,-1,-1,64,-1,-1,-1,15,-1,-1,37
CRE070,cb_intrinsic,brain,CRE(R),420.2,96.5,-1,-1,65,-1,-1,-1,48,-1,-1,-1,-1,37
CRE071,cb_intrinsic,brain,CRE(L),589.3,128.3,21,-1,51,-1,-1,-1,-1,48,-1,-1,-1,37
CRE072,cb_intrinsic,brain,CRE(L),441.6,151.2,-1,-1,25,-1,32,-1,-1,-1,-1,-1,-1,37
CRE074,cb_intrinsic,brain,CRE(L),594.2,113.3,21,-1,19,-1,28,-1,7,-1,11,-1,55,37
CRE075,cb_intrinsic,brain,CRE(L),606.5,124.9,-1,-1,-1,-1,18,-1,67,-1,8,-1,-1,37
CRE076,cb_intrinsic,brain,CRE(L),444.8,93.8,21,-1,45,-1,54,-1,36,-1,13,-1,-1,37
CRE077,cb_intrinsic,brain,CRE(L),387.0,56.3,23,-1,48,-1,21,-1,-1,-1,-1,-1,-1,37
CRE078,cb_intrinsic,brain,SMP(R),458.1,112.2,3,-1,50,-1,42,-1,45,-1,9,-1,-1,37
CRE079,cb_intrinsic,brain,CRE(L),664.5,131.1,43,-1,66,-1,-1,-1,40,-1,-1,-1,56,37
CRE080_a,cb_intrinsic,brain,CRE(L),604.1,118.8,22,-1,-1,66,64,-1,-1,-1,-1,-1,66,37
CRE080_b,cb_intrinsic,brain,CRE(L),450.9,155.8,3,-1,-1,-1,-1,-1,39,-1,66,-1,-1,37
CRE080_c,cb_intrinsic,brain,CRE(L),680.0,120.2,42,-1,-1,53,-1,-1,39,-1,34,-1,69,37
CRE080_d,cb_intrinsic,brain,CRE(L),355.4,159.4,-1,-1,-1,-1,-1,-1,-1,-1,32,-1,-1,37
CRE081,cb_intrinsic,brain,CRE(L),433.7,62.5,-1,-1,54,-1,23,-1,37,-1,16,-1,64,37
CRE082,cb_intrinsic,brain,SLP(R),725.8,69.0,-1,-1,-1,-1,62,-1,30,-1,32,-1,-1,37
CRE083,cb_intrinsic,brain,SLP(R),392.5,97.1,-1,-1,14,-1,24,-1,9,-1,10,-1,-1,37
CRE085,cb_intrinsic,brain,CRE(L),459.4,63.5,-1,-1,60,-1,-1,-1,-1,-1,-1,-1,-1,37
CRE086,cb_intrinsic,brain,CRE(L),561.8,221.3,-1,-1,52,-1,-1,-1,-1,-1,-1,-1,-1,37
CRE088,cb_intrinsic,brain,SLP(R),303.4,73.4,3,-1,35,-1,67,-1,39,-1,60,-1,57,37
CRE089,cb_intrinsic,brain,SMP(R),594.9,132.4,47,-1,-1,-1,-1,-1,-1,-1,-1,-1,-1,37
CRE090,cb_intrinsic,brain,SMP(R),495.1,52.9,18,-1,-1,-1,65,-1,49,-1,55,-1,-1,37
CRE092,cb_intrinsic,brain,SIP(R),467.7,146.7,-1,-1,-1,-1,30,-1,37,-1,-1,-1,45,37
CRE093,cb_intrinsic,brain,SIP(R),619.1,258.1,3,-1,-1,-1,41,-1,-1,-1,-1,-1,-1,37
CRE094,cb_intrinsic,brain,SMP(L),388.6,73.1,64,-1,-1,-1,66,-1,48,-1,16,-1,44,37
CRE095,cb_intrinsic,brain,CRE(L),605.1,57.2,7,-1,28,-1,38,-1,26,-1,20,-1,-1,37
CRE096,cb_intrinsic,brain,CRE(L),615.5,83.4,10,-1,-1,56,-1,-1,-1,-1,-1,-1,-1,37
CRE099,cb_intrinsic,brain,SIP(R),648.1,103.1,11,-1,-1,-1,-1,-1,38,-1,-1,-1,-1,37
CRE100,cb_intrinsic,brain,CRE(L),482.0,103.4,3,-1,9,-1,14,-1,1,-1,12,-1,7,-1
CRE102,cb_intrinsic,brain,CRE(L),570.5,98.2,-1,-1,61,-1,29,-1,-1,-1,10,-1,-1,37
CRE103,cb_intrinsic,brain,CRE(R),421.5,77.6,40,-1,22,-1,14,-1,42,-1,5,-1,-1,37
CRE104,cb_intrinsic,brain,AVLP(L),688.3,219.5,12,-1,-1,-1,-1,-1,-1,-1,29,-1,-1,37
CRE105,cb_intrinsic,brain,CRE(L),544.1,87.1,4,-1,56,-1,-1,-1,32,-1,42,-1,-1,37
CRE106,cb_intrinsic,brain,CRE(L),486.5,203.2,30,-1,35,-1,-1,-1,31,-1,6,-1,-1,37
CRE107,cb_intrinsic,brain,CRE(L),529.2,62.2,-1,-1,12,-1,32,-1,32,-1,10,-1,-1,37
CRE108,cb_intrinsic,brain,CRE(R),429.8,99.6,-1,-1,33,-1,28,-1,46,-1,13,-1,12,-1
CRZ01,cb_intrinsic,brain,SLP(R),688.9,190.3,29,-1,-1,-1,-1,-1,-1,-1,21,-1,-1,37
CRZ02,cb_intrinsic,brain,SLP(R),324.2,127.3,68,-1,-1,-1,-1,-1,-1,-1,-1,-1,-1,37
CSD,cb_intrinsic,brain,AL(R),655.9,116.2,46,-1,-1,59,13,-1,43,-1,-1,-1,7,-1
CT1,ol_intrinsic,brain,LO(R),83.7,409.2,43,-1,1,-1,1,-1,-1,68,24,-1,-1,37
Cm-DRA,ol_intrinsic,brain,ME(L),863.1,353.1,22,-1,40,-1,-1,57,-1,-1,-1,-1,-1,37
Cm1,ol_intrinsic,brain,ME(R),954.6,349.5,48,-1,2,-1,12,-1,65,-1,-1,-1,-1,37
Cm10,ol_intrinsic,brain,ME(R),151.8,274.5,4,-1,17,-1,-1,-1,65,-1,-1,-1,-1,37
Cm11a,ol_intrinsic,brain,ME(R),77.9,331.1,-1,-1,11,-1,5,-1,67,-1,-1,-1,63,37
Cm11b,ol_intrinsic,brain,ME(R),123.0,360.8,28,-1,2,-1,4,-1,-1,-1,-1,-1,-1,37
Cm11c,ol_intrinsic,brain,ME(R),138.4,282.4,-1,-1,7,-1,23,-1,66,-1,-1,-1,-1,37
Cm11d,ol_intrinsic,brain,ME(R),106.3,411.3,16,-1,36,-1,23,-1,-1,-1,-1,-1,26,-1
Cm12,ol_intrinsic,brain,ME(R),121.7,406.6,41,-1,2,-1,4,-1,68,-1,32,-1,-1,37
Cm13,ol_intrinsic,brain,ME(R),961.9,296.5,-1,-1,-1,39,7,-1,-1,69,-1,-1,-1,37
Cm14,ol_intrinsic,brain,ME(L),169.9,455.0,5,-1,30,-1,4,-1,69,-1,39,-1,23,-1
Cm15,ol_intrinsic,brain,ME(R),118.9,364.3,-1,-1,-1,-1,6,-1,-1,-1,-1,-1,27,-1
Cm16,ol_intrinsic,brain,ME(L),152.9,417.2,-1,-1,-1,-1,30,-1,-1,-1,-1,-1,-1,37
Cm17,ol_intrinsic,brain,ME(R),233.7,427.2,28,-1,41,-1,6,-1,-1,-1,-1,-1,51,37
Cm18,ol_intrinsic,brain,ME(R),111.7,440.5,-1,-1,67,-1,-1,50,-1,-1,-1,-1,-1,37
Cm19,ol_intrinsic,brain,ME(R),172.6,437.8,-1,-1,38,17,2,-1,67,-1,-1,-1,-1,37
Cm2,ol_intrinsic,brain,ME(R),959.7,343.8,20,-1,2,-1,65,-1,66,-1,-1,-1,25,-1
Cm20,ol_intrinsic,brain,ME(R),168.5,322.7,-1,-1,13,-1,11,-1,-1,-1,42,-1,-1,37
Cm21,ol_intrinsic,brain,ME(R),885.6,195.4,-1,-1,-1,51,17,-1,68,-1,-1,-1,-1,37
Cm22,ol_intrinsic,brain,ME(R),146.6,295.2,-1,-1,51,-1,21,-1,-1,-1,-1,-1,56,37
Cm23,ol_intrinsic,brain,ME(R),123.8,282.9,-1,-1,-1,-1,-1,-1,-1,-1,-1,-1,-1,37
Cm24,ol_intrinsic,brain,ME(L),209.5,434.3,40,-1,-1,-1,65,-1,-1,-1,-1,-1,-1,37
Cm25,ol_intrinsic,brain,ME(L),847.3,213.9,-1,-1,-1,-1,-1,-1,-1,-1,-1,-1,61,37
Cm26,ol_intrinsic,brain,ME(L),117.0,326.1,1,-1,-1,47,31,-1,-1,-1,-1,-1,-1,37
Cm27,ol_intrinsic,brain,ME(R),840.9,478.3,13,-1,-1,-1,-1,-1,-1,-1,-1,-1,27,-1
Cm28,ol_intrinsic,brain,ME(R),857.4,188.8,15,-1,47,-1,12,-1,-1,-1,-1,-1,-1,37
Cm29,ol_intrinsic,brain,ME(R),942.0,330.6,32,-1,11,-1,6,-1,-1,-1,-1,-1,-1,37
Cm3,ol_intrinsic,brain,ME(R),100.9,465.5,1,-1,1,-1,2,-1,3,-1,15,-1,-1,37
Cm30,ol_intrinsic,brain,ME(L),863.6,391.6,-1,-1,-1,-1,-1,65,-1,-1,-1,-1,-1,37
Cm31a,ol_intrinsic,brain,ME(L),175.6,365.9,31,-1,4,-1,2,-1,-1,-1,-1,-1,-1,37
Cm31b,ol_intrinsic,brain,ME(R),119.6,431.7,45,-1,37,-1,2,-1,67,-1,60,-1,-1,37
Cm32,ol_intrinsic,brain,ME(L),817.0,290.9,-1,-1,-1,-1,-1,-1,-1,-1,-1,-1,-1,37
Cm33,ol_intrinsic,brain,ME(R),156.5,373.8,-1,-1,-1,49,-1,60,-1,-1,-1,-1,-1,37
Cm34,ol_intrinsic,brain,ME(R),890.7,262.1,-1,-1,2,-1,24,-1,66,-1,-1,-1,48,37
Cm35,ol_intrinsic,brain,ME(R),165.5,310.3,21,-1,-1,67,-1,50,-1,-1,-1,-1,-1,37
Cm4,ol_intrinsic,brain,ME(R),908.1,263.6,-1,-1,3,-1,17,-1,66,-1,64,-1,51,37
Cm5,ol_intrinsic,brain,ME(R),147.3,270.1,9,-1,2,-1,2,-1,68,-1,42,-1,52,37
Cm6,ol_intrinsic,brain,ME(R),116.0,316.8,-1,-1,7,-1,2,-1,66,-1,64,-1,-1,37
Cm7,ol_intrinsic,brain,ME(R),167.1,475.0,-1,-1,2,-1,2,-1,65,-1,40,-1,-1,37
Cm8,ol_intrinsic,brain,ME(R),870.6,447.5,22,-1,2,-1,2,-1,64,-1,31,-1,-1,37
Cm9,ol_intrinsic,brain,ME(R),224.5,443.8,45,-1,2,-1,2,-1,-1,69,-1,-1,-1,37
Cm_unclear,ol_intrinsic,brain,ME(R),196.2,290.9,19,-1,-1,-1,-1,-1,-1,-1,-1,-1,67,37
CvN4,cb_motor,brain,GNG,472.0,394.1,-1,-1,-1,-1,6,-1,-1,-1,5,-1,-1,37
CvN5,cb_motor,brain,GNG,489.0,367.6,1,-1,-1,-1,4,-1,-1,-1,5,-1,52,37
CvN6,cb_motor,brain,GNG,427.4,341.4,-1,-1,-1,-1,4,-1,-1,-1,5,-1,-1,41
CvN7,cb_motor,brain,GNG,486.0,407.8,-1,-1,-1,-1,4,-1,-1,-1,4,-1,-1,37
DA1_lPN,cb_intrinsic,brain,AL(R),602.7,223.2,13,-1,2,-1,2,-1,54,-1,-1,-1,5,-1
DA1_vPN,cb_intrinsic,brain,AL(R),470.5,208.4,39,-1,37,-1,32,-1,-1,-1,-1,-1,9,-1
DA2_lPN,cb_intrinsic,brain,AL(R),596.5,167.5,10,-1,12,-1,11,-1,29,-1,-1,-1,10,-1
DA3_adPN,cb_intrinsic,brain,AL(R),650.5,224.2,39,-1,28,-1,34,-1,48,-1,44,-1,15,-1
DA4l_adPN,cb_intrinsic,brain,AL(R),606.5,230.6,-1,-1,15,-1,21,-1,29,-1,-1,-1,4,-1
DA4m_adPN,cb_intrinsic,brain,AL(R),461.0,284.0,-1,-1,16,-1,9,-1,-1,-1,-1,-1,5,-1
DC1_adPN,cb_intrinsic,brain,AL(R),616.7,123.3,-1,-1,10,-1,7,-1,-1,-1,-1,-1,9,-1
DC2_adPN,cb_intrinsic,brain,AL(R),753.8,95.1,-1,-1,13,-1,8,-1,-1,-1,-1,-1,6,-1
DC3_adPN,cb_intrinsic,brain,AL(R),602.9,287.8,-1,-1,15,-1,6,-1,-1,-1,-1,-1,16,-1
DC4_adPN,cb_intrinsic,brain,AL(R),615.6,237.1,-1,-1,18,-1,9,-1,-1,-1,-1,-1,23,-1
DC4_vPN,cb_intrinsic,brain,LH(L),423.3,269.3,57,-1,-1,-1,-1,-1,-1,-1,-1,-1,14,-1
DCH,visual_centrifugal,brain,LOP(R),818.3,325.5,3,-1,-1,35,13,-1,68,-1,-1,-1,45,37
DGI,cb_intrinsic,brain,SMP(L),560.9,101.6,27,-1,-1,-1,47,-1,6,-1,-1,-1,14,-1
DH44,cb_endocrine,brain,PRW,577.5,89.1,6,-1,-1,-1,4,-1,-1,-1,10,-1,50,37
DL1_adPN,cb_intrinsic,brain,AL(R),578.5,213.1,5,-1,13,-1,4,-1,-1,-1,-1,-1,7,-1
DL2d_adPN,cb_intrinsic,brain,AL(L),634.3,184.1,-1,-1,16,-1,5,-1,-1,-1,-1,-1,12,-1
DL2d_vPN,cb_intrinsic,brain,AL(L),742.2,81.0,-1,-1,-1,40,-1,-1,-1,-1,-1,-1,16,-1
DL2v_adPN,cb_intrinsic,brain,AL(R),555.4,196.9,61,-1,8,-1,4,-1,-1,-1,-1,-1,13,-1
DL3_lPN,cb_intrinsic,brain,AL(L),593.9,259.3,30,-1,6,-1,7,-1,-1,-1,-1,-1,6,-1
DL4_adPN,cb_intrinsic,brain,AL(R),404.4,271.2,53,-1,21,-1,21,-1,19,-1,68,-1,4,-1
DL5_adPN,cb_intrinsic,brain,AL(L),623.4,253.5,-1,-1,9,-1,8,-1,-1,-1,-1,-1,11,-1
"DLMn a, b",vnc_motor,vnc,WTct(UTct-T2)(R),449.1,694.1,10,-1,-1,-1,4,-1,-1,-1,2,-1,-1,43
DLMn c-f,vnc_motor,vnc,WTct(UTct-T2)(L),474.0,672.9,-1,-1,-1,64,2,-1,-1,-1,1,-1,65,43
DM1_lPN,cb_intrinsic,brain,AL(R),602.0,269.7,17,-1,4,-1,4,-1,8,-1,-1,-1,13,-1
DM2_lPN,cb_intrinsic,brain,AL(R),425.6,246.0,-1,-1,4,-1,4,-1,28,-1,-1,-1,6,-1
DM3_adPN,cb_intrinsic,brain,AL(R),468.7,219.7,-1,-1,21,-1,13,-1,31,-1,-1,-1,23,-1
DM3_vPN,cb_intrinsic,brain,LH(L),610.7,242.4,37,-1,-1,-1,-1,-1,-1,-1,-1,-1,25,-1
DM4_adPN,cb_intrinsic,brain,AL(R),725.0,96.3,3,-1,7,-1,9,-1,28,-1,-1,-1,5,-1
DM4_vPN,cb_intrinsic,brain,AL(R),712.3,115.9,45,-1,-1,-1,-1,-1,-1,-1,-1,-1,14,-1
DM5_lPN,cb_intrinsic,brain,AL(L),714.4,122.3,24,-1,17,-1,14,-1,-1,-1,-1,-1,23,-1
DM6_adPN,cb_intrinsic,brain,AL(R),439.9,266.2,-1,-1,15,-1,5,-1,-1,-1,-1,-1,16,-1
DMS,cb_endocrine,brain,PRW,506.2,316.9,35,-1,-1,-1,15,-1,-1,-1,35,-1,-1,37
DN1a,cb_intrinsic,brain,SLP(R),628.7,157.0,45,-1,30,-1,28,-1,8,-1,23,-1,-1,37
DN1pA,cb_intrinsic,brain,SMP(L),558.4,71.6,-1,-1,25,-1,34,-1,-1,-1,26,-1,13,-1
DN1pB,cb_intrinsic,brain,SLP(R),438.4,85.4,-1,-1,32,-1,28,-1,20,-1,21,-1,-1,37
DNES1,cb_endocrine,brain,SMP(R),578.9,79.7,27,-1,-1,-1,63,-1,-1,-1,33,-1,-1,37
DNES2,cb_endocrine,brain,SMP(R),309.8,122.9,21,-1,-1,-1,-1,-1,-1,-1,-1,-1,-1,37
DNES3,cb_endocrine,brain,SMP(L),557.3,126.0,31,-1,-1,-1,-1,-1,-1,-1,-1,-1,-1,37
DNa01,descending_neuron,brain,GNG,615.9,282.0,4,-1,19,-1,4,-1,5,-1,2,-1,56,37
DNa02,descending_neuron,brain,LAL(R),421.6,308.0,-1,-1,22,-1,4,-1,5,-1,1,-1,28,-1
DNa03,descending_neuron,brain,LAL(L),576.4,249.8,-1,-1,17,-1,3,-1,4,-1,1,-1,5,-1
DNa04,descending_neuron,brain,SPS(L),572.6,788.3,-1,-1,16,-1,8,-1,6,-1,2,-1,65,37
DNa05,descending_neuron,brain,SPS(R),479.1,244.9,-1,-1,22,-1,17,-1,6,-1,4,-1,46,37
DNa06,descending_neuron,brain,GNG,445.5,325.5,-1,-1,6,-1,8,-1,7,-1,3,-1,8,-1
DNa07,descending_neuron,brain,PLP(R),532.0,391.2,-1,-1,-1,-1,-1,-1,9,-1,-1,-1,44,37
DNa08,descending_neuron,brain,WTct(UTct-T2)(L),468.3,723.2,24,-1,44,-1,-1,-1,3,-1,-1,-1,3,-1
DNa09,descending_neuron,brain,SPS(R),551.6,754.3,-1,-1,21,-1,14,-1,5,-1,7,-1,47,37
DNa10,descending_neuron,brain,SPS(L),589.6,234.7,62,-1,12,-1,6,-1,3,-1,1,-1,27,-1
DNa11,descending_neuron,brain,VES(L),467.8,294.0,-1,-1,32,-1,8,-1,4,-1,3,-1,-1,37
DNa13,descending_neuron,brain,LAL(L),411.7,253.9,-1,-1,7,-1,4,-1,3,-1,3,-1,-1,37
DNa14,descending_neuron,brain,ICL(L),503.6,883.3,-1,-1,65,-1,34,-1,4,-1,24,-1,44,37
DNa15,descending_neuron,brain,IPS(R),403.3,260.3,66,-1,18,-1,3,-1,7,-1,1,-1,-1,37
DNa16,descending_neuron,brain,IPS(R),560.0,317.3,-1,-1,10,-1,4,-1,7,-1,1,-1,23,-1
DNae001,descending_neuron,brain,LAL(L),565.5,248.7,2,-1,56,-1,39,-1,4,-1,6,-1,26,-1
DNae002,descending_neuron,brain,SPS(R),435.5,285.5,63,-1,21,-1,6,-1,6,-1,1,-1,-1,37
DNae003,descending_neuron,brain,IPS(R),443.7,282.5,44,-1,24,-1,9,-1,8,-1,5,-1,-1,37
DNae004,descending_neuron,brain,SPS(R),634.6,692.3,-1,-1,-1,-1,21,-1,8,-1,8,-1,-1,37
DNae005,descending_neuron,brain,VES(L),593.0,203.1,-1,-1,43,-1,8,-1,4,-1,5,-1,-1,37
DNae006,descending_neuron,brain,GNG,600.3,404.2,44,-1,-1,60,27,-1,11,-1,-1,-1,33,-1
DNae007,descending_neuron,brain,VES(L),547.9,372.7,-1,-1,-1,-1,10,-1,6,-1,4,-1,-1,37
DNae008,descending_neuron,brain,IB,416.5,731.4,-1,-1,-1,-1,-1,-1,5,-1,22,-1,-1,37
DNae009,descending_neuron,brain,IB,485.0,297.6,54,-1,6,-1,12,-1,1,-1,3,-1,26,-1
DNae010,descending_neuron,brain,IPS(R),443.4,199.3,14,-1,-1,-1,9,-1,8,-1,4,-1,-1,37
DNb01,descending_neuron,brain,SPS(R),456.3,283.7,-1,-1,17,-1,14,-1,5,-1,2,-1,-1,37
DNb02,descending_neuron,brain,IPS(R),427.6,232.1,-1,-1,9,-1,-1,-1,5,-1,5,-1,12,-1
DNb03,descending_neuron,brain,IPS(R),645.7,355.1,-1,-1,8,-1,13,-1,10,-1,-1,-1,-1,37
DNb04,descending_neuron,brain,SPS(L),475.1,695.8,18,-1,20,-1,13,-1,4,-1,12,-1,29,-1
DNb05,descending_neuron,brain,PLP(L),419.3,282.7,-1,-1,10,-1,22,-1,2,-1,48,-1,1,-1
DNb06,descending_neuron,brain,IPS(L),447.9,358.7,34,-1,39,-1,13,-1,6,-1,10,-1,-1,37
DNb07,descending_neuron,brain,SPS(L),368.3,283.5,-1,-1,10,-1,37,-1,3,-1,23,-1,6,-1
DNb08,descending_neuron,brain,VES(R),581.2,262.7,-1,-1,12,-1,3,-1,2,-1,1,-1,14,-1
DNb09,descending_neuron,brain,SPS(R),347.0,215.6,-1,-1,10,-1,7,-1,3,-1,3,-1,67,37
DNbe001,descending_neuron,brain,SAD,396.8,330.5,28,-1,17,-1,4,-1,6,-1,5,-1,23,-1
DNbe002,descending_neuron,brain,GNG,480.2,743.7,-1,-1,12,-1,36,-1,1,-1,24,-1,9,-1
DNbe003,descending_neuron,brain,VES(L),446.2,814.2,32,-1,43,-1,13,-1,5,-1,10,-1,-1,37
DNbe004,descending_neuron,brain,SPS(L),442.0,280.1,-1,-1,15,-1,7,-1,3,-1,4,-1,29,-1
DNbe005,descending_neuron,brain,IPS(R),425.0,342.6,-1,-1,19,-1,11,-1,7,-1,12,-1,32,-1
DNbe006,descending_neuron,brain,LAL(L),572.2,190.2,-1,-1,37,-1,-1,-1,1,-1,25,-1,57,37
DNbe007,descending_neuron,brain,VES(R),436.0,303.2,-1,-1,30,-1,8,-1,5,-1,17,-1,1,-1
DNc01,descending_neuron,brain,AL(R),851.9,330.9,-1,-1,-1,-1,-1,-1,-1,68,-1,-1,-1,43
DNc02,descending_neuron,brain,AL(L),467.2,850.3,9,-1,-1,-1,-1,-1,13,-1,-1,-1,18,-1
DNd01,cb_intrinsic,brain,PRW,541.7,312.5,51,-1,29,-1,10,-1,10,-1,10,-1,-1,37
DNd02,descending_neuron,vnc,GNG,619.8,876.2,30,-1,28,-1,-1,-1,2,-1,-1,-1,15,-1
DNd03,descending_neuron,vnc,GNG,465.4,795.3,39,-1,13,-1,58,-1,3,-1,33,-1,23,-1
DNd04,descending_neuron,brain,GNG,506.2,414.2,-1,-1,32,-1,20,-1,2,-1,-1,-1,4,-1
DNd05,descending_neuron,brain,IB,515.0,850.0,1,-1,25,-1,22,-1,3,-1,5,-1,11,-1
DNde001,descending_neuron,brain,GNG,441.1,252.5,23,-1,18,-1,64,-1,3,-1,46,-1,3,-1
DNde002,descending_neuron,brain,VES(L),455.1,288.2,1,-1,23,-1,6,-1,3,-1,5,-1,11,-1
DNde003,descending_neuron,brain,GNG,587.7,306.4,-1,-1,29,-1,13,-1,6,-1,4,-1,-1,37
DNde005,descending_neuron,brain,GNG,542.1,365.7,-1,-1,29,-1,26,-1,5,-1,53,-1,7,-1
DNde006,descending_neuron,brain,GNG,454.2,432.6,56,-1,11,-1,37,-1,16,-1,-1,-1,13,-1
DNde007,descending_neuron,brain,GNG,448.5,805.0,6,-1,-1,-1,-1,-1,3,-1,19,-1,8,-1
DNg01_a,descending_neuron,brain,SPS(R),418.8,354.9,-1,-1,-1,-1,-1,-1,12,-1,8,-1,-1,37
DNg01_b,descending_neuron,brain,SPS(R),334.6,187.0,4,-1,-1,-1,-1,-1,10,-1,7,-1,-1,37
DNg01_c,descending_neuron,brain,LTct,546.7,738.4,36,-1,-1,-1,-1,-1,-1,-1,9,-1,-1,37
DNg01_d,descending_neuron,brain,LTct,555.2,718.1,37,-1,-1,-1,-1,-1,9,-1,8,-1,-1,37
DNg01_unclear,descending_neuron,brain,LTct,603.6,319.3,9,-1,-1,-1,-1,-1,-1,-1,-1,-1,-1,43
DNg02_a,descending_neuron,brain,GNG,429.5,338.5,-1,-1,31,-1,13,-1,6,-1,33,-1,-1,37
DNg02_b,descending_neuron,brain,SPS(L),458.3,262.3,-1,-1,27,-1,41,-1,5,-1,46,-1,-1,37
DNg02_c,descending_neuron,brain,SPS(L),460.9,692.1,-1,-1,-1,-1,63,-1,9,-1,45,-1,-1,37
DNg02_d,descending_neuron,brain,SPS(R),412.5,228.0,19,-1,-1,-1,39,-1,11,-1,58,-1,68,37
DNg02_e,descending_neuron,brain,SPS(R),438.2,333.3,66,-1,-1,-1,54,-1,10,-1,17,-1,63,37
DNg02_f,descending_neuron,brain,SPS(R),457.7,686.9,-1,-1,-1,-1,49,-1,10,-1,48,-1,-1,37
DNg02_g,descending_neuron,brain,SPS(R),567.2,303.3,22,-1,37,-1,19,-1,5,-1,16,-1,-1,37
DNg03,descending_neuron,vnc,ANm,566.2,802.0,-1,-1,24,-1,-1,-1,3,-1,-1,-1,5,-1
DNg04,descending_neuron,brain,IPS(R),582.6,298.4,-1,-1,66,-1,5,-1,9,-1,3,-1,-1,37
DNg05_a,descending_neuron,brain,GNG,432.8,420.4,22,-1,36,-1,43,-1,13,-1,-1,-1,37,-1
DNg05_b,descending_neuron,brain,GNG,497.1,409.9,18,-1,-1,-1,49,-1,12,-1,52,-1,-1,37
DNg05_c,descending_neuron,brain,SAD,532.1,387.9,-1,-1,-1,-1,-1,-1,13,-1,-1,-1,-1,37
DNg06,descending_neuron,brain,SAD,452.6,408.2,51,-1,39,-1,19,-1,8,-1,34,-1,27,-1
DNg07,descending_neuron,brain,SAD,588.1,317.1,26,-1,14,-1,12,-1,11,-1,56,-1,23,-1
DNg08,descending_neuron,brain,SAD,478.7,347.4,7,-1,6,-1,11,-1,9,-1,-1,-1,23,-1
DNg09_a,descending_neuron,brain,SAD,438.9,396.6,52,-1,-1,-1,-1,-1,8,-1,-1,-1,2,-1
DNg09_b,descending_neuron,brain,SAD,589.9,382.5,62,-1,-1,-1,-1,-1,-1,-1,-1,-1,28,-1
DNg10,descending_neuron,brain,GNG,428.6,395.2,27,-1,27,-1,27,-1,16,-1,17,-1,21,-1
DNg100,descending_neuron,brain,GNG,497.7,451.4,18,-1,4,-1,3,-1,1,-1,1,-1,-1,37
DNg101,descending_neuron,brain,GNG,682.8,757.3,28,-1,24,-1,37,-1,3,-1,22,-1,8,-1
DNg102,descending_neuron,brain,GNG,521.6,424.5,-1,-1,5,-1,9,-1,1,-1,24,-1,8,-1
DNg103,descending_neuron,brain,GNG,594.7,818.1,-1,-1,-1,-1,17,-1,2,-1,12,-1,5,-1
DNg104,descending_neuron,brain,GNG,611.2,781.1,-1,-1,-1,63,-1,-1,8,-1,-1,-1,16,-1
DNg105,descending_neuron,brain,GNG,614.8,365.6,-1,-1,12,-1,3,-1,5,-1,1,-1,4,-1
DNg106,descending_neuron,brain,SAD,581.2,369.3,-1,-1,7,-1,9,-1,5,-1,66,-1,1,-1
DNg107,descending_neuron,brain,GNG,499.7,438.6,-1,-1,49,-1,-1,-1,9,-1,41,-1,9,-1
DNg108,descending_neuron,brain,GNG,598.7,875.1,66,-1,36,-1,3,-1,5,-1,2,-1,5,-1
DNg109,descending_neuron,brain,GNG,460.1,355.0,-1,-1,22,-1,32,-1,5,-1,10,-1,25,-1
DNg11,descending_neuron,brain,SPS(R),643.6,299.9,39,-1,25,-1,12,-1,8,-1,27,-1,-1,37
DNg110,descending_neuron,brain,GNG,538.5,708.7,5,-1,57,-1,23,-1,10,-1,40,-1,-1,37
DNg111,descending_neuron,brain,GNG,388.8,207.3,3,-1,40,-1,35,-1,5,-1,7,-1,59,37
DNg12_a,descending_neuron,brain,GNG,490.8,433.6,44,-1,12,-1,37,-1,12,-1,36,-1,2,-1
DNg12_b,descending_neuron,brain,GNG,540.7,398.0,3,-1,-1,-1,-1,57,-1,26,-1,-1,-1,16
DNg12_c,descending_neuron,brain,GNG,523.8,428.5,-1,-1,10,-1,15,-1,19,-1,37,-1,3,-1
DNg12_d,descending_neuron,brain,GNG,600.2,683.5,53,-1,-1,-1,-1,-1,17,-1,23,-1,-1,37
DNg12_e,descending_neuron,brain,GNG,405.1,696.3,48,-1,67,47,31,-1,-1,-1,-1,-1,65,16
DNg12_f,descending_neuron,brain,GNG,576.3,398.2,-1,-1,-1,-1,-1,-1,-1,-1,52,-1,-1,16
DNg12_g,descending_neuron,brain,GNG,552.3,409.3,-1,-1,-1,-1,-1,-1,-1,-1,52,-1,-1,16
DNg12_h,descending_neuron,brain,GNG,485.1,400.7,46,-1,-1,-1,47,-1,17,-1,32,-1,-1,37
DNg13,descending_neuron,brain,VES(L),472.9,301.6,2,-1,62,-1,69,-1,4,-1,9,-1,33,-1
DNg14,descending_neuron,brain,SAD,552.8,337.2,-1,-1,-1,-1,29,-1,12,-1,-1,-1,29,-1
DNg15,descending_neuron,brain,GNG,505.9,470.0,-1,-1,11,-1,4,-1,7,-1,30,-1,12,-1
DNg16,descending_neuron,brain,GNG,509.4,424.8,-1,-1,25,-1,2,-1,4,-1,1,-1,66,37
DNg17,descending_neuron,vnc,GNG,683.6,754.3,1,-1,38,-1,-1,-1,11,-1,-1,-1,64,37
DNg18_a,descending_neuron,brain,GNG,488.9,732.8,-1,-1,-1,-1,-1,-1,16,-1,-1,-1,-1,37
DNg18_b,descending_neuron,brain,GNG,462.0,343.3,61,-1,44,-1,-1,-1,12,-1,45,-1,-1,37
DNg19,descending_neuron,brain,GNG,493.4,365.3,-1,-1,-1,-1,53,-1,5,-1,-1,-1,-1,37
DNg20,descending_neuron,brain,GNG,481.0,412.1,32,-1,-1,-1,45,-1,-1,-1,-1,-1,18,-1
DNg21,descending_neuron,brain,GNG,512.5,438.7,51,-1,-1,-1,-1,-1,-1,55,-1,-1,59,16
DNg22,descending_neuron,brain,GNG,499.5,430.4,43,-1,47,-1,18,-1,8,-1,-1,-1,25,-1
DNg23,descending_neuron,brain,GNG,568.8,838.5,25,-1,61,-1,62,-1,3,-1,-1,-1,10,-1
DNg24,descending_neuron,brain,SAD,436.3,327.6,39,-1,11,-1,48,-1,7,-1,-1,-1,24,-1
DNg26,descending_neuron,brain,ANm,541.1,313.2,55,-1,-1,-1,43,-1,2,-1,35,-1,1,-1
DNg27,descending_neuron,brain,PRW,458.1,336.5,-1,-1,9,-1,35,-1,1,-1,22,-1,1,-1
DNg28,efferent_descending,brain,GNG,481.3,334.0,26,-1,-1,-1,-1,-1,-1,-1,-1,-1,-1,42
DNg29,descending_neuron,brain,SAD,562.4,340.7,-1,-1,8,-1,8,-1,4,-1,-1,-1,2,-1
DNg30,descending_neuron,brain,AVLP(L),712.7,200.5,-1,-1,29,-1,45,-1,6,-1,37,-1,-1,37
DNg31,descending_neuron,brain,GNG,473.6,397.1,-1,-1,23,-1,8,-1,9,-1,8,-1,29,-1
DNg32,descending_neuron,brain,WED(R),328.2,334.4,-1,-1,11,-1,-1,-1,5,-1,-1,-1,2,-1
DNg33,descending_neuron,brain,GNG,445.4,398.8,-1,-1,9,-1,19,-1,7,-1,4,-1,6,-1
DNg34,descending_neuron,vnc,GNG,591.2,824.2,-1,-1,25,-1,-1,-1,3,-1,-1,-1,14,-1
DNg35,descending_neuron,brain,GNG,539.5,392.8,16,-1,16,-1,4,-1,9,-1,27,-1,1,-1
DNg36_a,descending_neuron,brain,GNG,413.6,366.9,4,-1,33,-1,35,-1,10,-1,-1,-1,36,-1
DNg36_b,descending_neuron,brain,GNG,567.0,343.2,20,-1,30,-1,-1,-1,12,-1,55,-1,36,-1
DNg37,descending_neuron,brain,GNG,446.9,441.0,-1,-1,20,-1,6,-1,6,-1,24,-1,5,-1
DNg38,descending_neuron,brain,GNG,475.8,391.2,-1,-1,45,-1,13,-1,7,-1,26,-1,7,-1
DNg39,descending_neuron,brain,GNG,460.2,423.4,-1,-1,48,-1,48,-1,8,-1,62,-1,24,-1
DNg40,descending_neuron,brain,SAD,495.3,226.4,-1,-1,31,-1,26,-1,7,-1,9,-1,-1,37
DNg41,descending_neuron,brain,IPS(R),471.4,738.7,55,-1,20,-1,31,-1,8,-1,-1,-1,-1,37
DNg42,descending_neuron,brain,GNG,578.1,437.7,-1,-1,28,-1,-1,-1,8,-1,55,-1,46,37
DNg43,descending_neuron,brain,GNG,579.6,360.4,-1,-1,18,-1,56,-1,4,-1,6,-1,59,37
DNg44,descending_neuron,brain,GNG,516.5,410.7,-1,-1,52,-1,-1,-1,3,-1,32,-1,6,-1
DNg45,descending_neuron,brain,GNG,409.5,346.1,16,-1,-1,-1,-1,68,-1,18,-1,-1,55,37
DNg46,descending_neuron,brain,IPS(R),602.3,700.7,-1,-1,34,-1,37,-1,14,-1,36,-1,56,37
DNg47,descending_neuron,brain,GNG,478.0,404.6,57,-1,58,-1,54,-1,8,-1,-1,-1,10,-1
DNg48,descending_neuron,brain,GNG,469.4,406.0,-1,-1,56,-1,14,-1,12,-1,-1,-1,5,-1
DNg49,descending_neuron,brain,GNG,537.1,403.2,-1,-1,13,-1,9,-1,10,-1,8,-1,10,-1
DNg50,descending_neuron,vnc,ANm,593.5,257.7,-1,-1,35,-1,-1,-1,10,-1,62,-1,4,-1
DNg51,descending_neuron,brain,SAD,477.7,358.1,-1,-1,14,-1,7,-1,11,-1,22,-1,3,-1
DNg52,descending_neuron,brain,GNG,577.5,326.8,-1,-1,13,-1,7,-1,7,-1,4,-1,-1,37
DNg53,descending_neuron,brain,GNG,476.3,681.8,54,-1,-1,-1,-1,-1,12,-1,-1,-1,30,-1
DNg54,descending_neuron,brain,GNG,487.7,449.4,-1,-1,68,-1,28,-1,21,-1,48,-1,10,-1
DNg55,descending_neuron,brain,GNG,535.2,784.7,59,-1,34,-1,69,-1,6,-1,62,-1,-1,37
DNg56,descending_neuron,brain,GNG,542.1,387.4,-1,-1,19,-1,17,-1,3,-1,33,-1,-1,37
DNg57,descending_neuron,brain,GNG,506.0,372.1,-1,-1,-1,-1,33,-1,24,-1,-1,-1,11,-1
DNg58,descending_neuron,brain,GNG,547.0,389.3,69,-1,68,-1,31,-1,7,-1,28,-1,4,-1
DNg59,descending_neuron,brain,GNG,495.2,404.8,-1,-1,33,-1,54,-1,-1,-1,-1,-1,8,-1
DNg60,descending_neuron,brain,GNG,571.0,437.6,-1,-1,-1,-1,19,-1,8,-1,30,-1,6,-1
DNg61,descending_neuron,brain,GNG,532.3,361.7,-1,-1,18,-1,-1,-1,-1,-1,-1,-1,16,-1
DNg62,descending_neuron,brain,GNG,579.9,395.1,36,-1,23,-1,32,-1,-1,53,53,-1,-1,16
DNg63,descending_neuron,brain,GNG,511.3,414.2,14,-1,-1,-1,30,-1,4,-1,30,-1,7,-1
DNg64,descending_neuron,brain,GNG,570.9,223.0,-1,-1,-1,-1,-1,-1,-1,-1,28,-1,-1,37
DNg65,descending_neuron,brain,GNG,466.8,319.0,-1,-1,48,-1,35,-1,5,-1,-1,-1,4,-1
DNg66,descending_neuron,vnc,ANm,506.5,792.8,-1,-1,43,-1,-1,-1,4,-1,-1,-1,7,-1
DNg67,descending_neuron,brain,GNG,512.3,405.8,-1,-1,49,-1,52,-1,11,-1,-1,-1,3,-1
DNg68,descending_neuron,brain,GNG,566.8,334.7,38,-1,10,-1,17,-1,2,-1,38,-1,1,-1
DNg69,descending_neuron,brain,GNG,437.8,325.1,11,-1,-1,-1,11,-1,12,-1,6,-1,-1,37
DNg70,descending_neuron,brain,GNG,568.6,805.8,-1,-1,4,-1,26,-1,1,-1,67,-1,1,-1
DNg71,descending_neuron,brain,GNG,404.4,318.6,47,-1,47,-1,64,-1,8,-1,7,-1,-1,37
DNg72,descending_neuron,brain,GNG,572.9,392.4,-1,-1,24,-1,47,-1,13,-1,-1,-1,9,-1
DNg73,descending_neuron,brain,GNG,519.2,391.2,-1,-1,33,-1,35,-1,17,-1,28,-1,9,-1
DNg74_a,descending_neuron,brain,GNG,413.8,342.3,3,-1,6,-1,3,-1,3,-1,1,-1,6,-1
DNg74_b,descending_neuron,brain,GNG,496.3,415.4,-1,-1,20,-1,4,-1,6,-1,2,-1,4,-1
DNg75,descending_neuron,brain,GNG,499.9,411.7,12,-1,17,-1,4,-1,4,-1,2,-1,-1,37
DNg76,descending_neuron,brain,GNG,557.4,410.3,7,-1,15,-1,21,-1,11,-1,12,-1,9,-1
DNg77,descending_neuron,brain,GNG,572.0,349.2,64,-1,39,-1,-1,-1,-1,-1,-1,-1,-1,37
DNg78,descending_neuron,brain,GNG,374.4,729.0,-1,-1,32,-1,-1,-1,17,-1,18,-1,-1,37
DNg79,descending_neuron,brain,GNG,336.1,327.7,11,-1,20,-1,55,-1,4,-1,48,-1,25,-1
DNg80,descending_neuron,brain,GNG,509.0,405.0,21,-1,21,-1,38,-1,5,-1,44,-1,2,-1
DNg81,descending_neuron,brain,GNG,507.2,432.7,67,-1,24,-1,24,-1,-1,-1,-1,-1,1,-1
DNg82,descending_neuron,brain,PLP(L),445.8,746.8,20,-1,41,-1,58,-1,10,-1,9,-1,20,-1
DNg83,descending_neuron,brain,GNG,487.5,395.4,-1,-1,-1,63,53,-1,26,-1,-1,-1,-1,-1
DNg84,descending_neuron,brain,GNG,415.1,396.4,3,-1,63,-1,5,-1,10,-1,32,-1,-1,-1
DNg85,descending_neuron,brain,GNG,603.7,405.3,-1,-1,51,-1,6,-1,25,-1,48,-1,12,-1
DNg86,descending_neuron,brain,GNG,446.2,454.7,-1,-1,-1,-1,17,-1,11,-1,9,-1,69,37
DNg87,descending_neuron,brain,GNG,464.8,417.0,40,-1,60,-1,8,-1,6,-1,49,-1,4,-1
DNg88,descending_neuron,brain,GNG,565.5,925.2,30,-1,13,-1,7,-1,6,-1,3,-1,58,37
DNg89,descending_neuron,brain,GNG,473.4,405.7,-1,-1,33,-1,-1,-1,11,-1,39,-1,-1,37
DNg90,descending_neuron,brain,GNG,520.9,382.1,-1,-1,13,-1,14,-1,4,-1,11,-1,-1,37
DNg91,descending_neuron,brain,SPS(R),454.5,287.8,-1,-1,22,-1,11,-1,7,-1,5,-1,-1,37
DNg92_a,descending_neuron,brain,GNG,590.0,222.0,34,-1,-1,-1,-1,-1,12,-1,-1,-1,-1,37
DNg92_b,descending_neuron,brain,IPS(L),443.5,270.9,7,-1,-1,-1,-1,-1,11,-1,37,-1,-1,37
DNg93,descending_neuron,brain,GNG,465.8,430.5,65,-1,8,-1,8,-1,8,-1,3,-1,3,-1
DNg94,descending_neuron,brain,IPS(R),613.7,295.4,-1,-1,54,-1,-1,-1,9,-1,-1,-1,-1,37
DNg95,descending_neuron,brain,SPS(L),527.5,823.6,22,-1,30,-1,39,-1,6,-1,-1,-1,-1,37
DNg96,descending_neuron,brain,GNG,583.7,394.7,-1,-1,49,-1,6,-1,7,-1,3,-1,-1,37
DNg97,descending_neuron,brain,GNG,504.8,418.3,-1,-1,12,-1,4,-1,4,-1,2,-1,-1,37
DNg98,descending_neuron,brain,GNG,432.8,689.1,-1,-1,2,-1,10,-1,1,-1,11,-1,1,-1
DNg99,descending_neuron,brain,SAD,552.3,341.9,-1,-1,15,-1,9,-1,10,-1,39,-1,24,-1
DNge001,descending_neuron,brain,GNG,577.6,369.7,22,-1,56,-1,-1,-1,14,-1,-1,-1,8,-1
DNge002,descending_neuron,brain,GNG,566.2,380.2,-1,-1,16,-1,-1,-1,-1,-1,-1,-1,2,-1
DNge003,descending_neuron,brain,GNG,498.5,414.6,9,-1,22,-1,11,-1,7,-1,13,-1,1,-1
DNge004,descending_neuron,brain,GNG,514.0,420.3,9,-1,31,-1,-1,-1,12,-1,13,-1,-1,37
DNge006,descending_neuron,brain,GNG,373.6,799.1,-1,-1,30,-1,42,-1,11,-1,12,-1,44,37
DNge007,descending_neuron,brain,GNG,472.9,892.6,4,-1,61,-1,13,-1,6,-1,21,-1,-1,37
DNge008,descending_neuron,brain,GNG,475.4,441.9,-1,-1,64,-1,-1,-1,15,-1,52,-1,69,37
DNge009,descending_neuron,brain,GNG,613.3,749.3,2,-1,-1,-1,-1,-1,21,-1,-1,-1,6,-1
DNge010,descending_neuron,brain,GNG,462.7,401.8,62,-1,30,-1,55,-1,-1,-1,-1,-1,16,-1
DNge011,descending_neuron,brain,GNG,630.9,745.7,65,-1,30,-1,26,-1,8,-1,60,-1,1,-1
DNge012,descending_neuron,brain,GNG,485.7,434.8,30,-1,69,-1,15,-1,12,-1,49,-1,31,-1
DNge013,descending_neuron,brain,GNG,595.0,879.0,-1,-1,28,-1,40,-1,3,-1,13,-1,8,-1
DNge014,descending_neuron,brain,SAD,590.5,382.1,23,-1,-1,-1,-1,-1,13,-1,-1,-1,-1,37
DNge015,descending_neuron,brain,GNG,446.3,374.6,7,-1,-1,-1,49,-1,9,-1,56,-1,-1,37
DNge016,descending_neuron,brain,SAD,465.4,375.3,-1,-1,-1,-1,48,-1,12,-1,-1,-1,-1,37
DNge017,descending_neuron,brain,GNG,463.4,669.2,-1,-1,-1,-1,-1,-1,12,-1,19,-1,-1,37
DNge018,descending_neuron,brain,GNG,572.9,750.2,44,-1,19,-1,61,-1,10,-1,29,-1,7,-1
DNge019,descending_neuron,brain,GNG,527.3,395.4,-1,-1,5,-1,7,-1,24,-1,37,-1,4,-1
DNge020,descending_neuron,brain,GNG,583.6,757.4,35,-1,-1,-1,-1,-1,-1,55,-1,-1,-1,16
DNge021,descending_neuron,brain,GNG,556.5,440.0,12,-1,-1,-1,-1,-1,27,-1,-1,-1,13,-1
DNge022,descending_neuron,brain,GNG,584.0,403.6,-1,-1,15,-1,19,-1,26,-1,66,-1,-1,16
DNge023,descending_neuron,brain,GNG,508.0,822.6,-1,-1,43,-1,8,-1,8,-1,25,-1,13,-1
DNge024,descending_neuron,brain,GNG,605.9,410.9,-1,-1,-1,-1,-1,-1,-1,-1,40,-1,-1,44
DNge025,descending_neuron,brain,GNG,552.8,415.6,-1,-1,-1,-1,-1,-1,23,-1,-1,-1,10,-1
DNge026,descending_neuron,brain,GNG,521.7,365.9,-1,-1,15,-1,16,-1,17,-1,24,-1,-1,37
DNge027,descending_neuron,brain,GNG,555.8,428.4,67,-1,8,-1,18,-1,13,-1,37,-1,7,-1
DNge028,descending_neuron,brain,GNG,504.2,419.4,-1,-1,19,-1,30,-1,30,-1,-1,-1,5,-1
DNge029,descending_neuron,brain,GNG,438.8,383.0,-1,-1,-1,-1,-1,-1,-1,-1,52,-1,12,-1
DNge030,descending_neuron,brain,PLP(L),662.5,182.3,57,-1,60,-1,35,-1,8,-1,36,-1,49,37
DNge031,descending_neuron,brain,GNG,526.1,424.2,-1,-1,15,-1,5,-1,26,-1,5,-1,5,-1
DNge032,descending_neuron,brain,GNG,602.7,396.5,-1,-1,69,-1,-1,-1,5,-1,-1,-1,6,-1
DNge033,descending_neuron,brain,GNG,538.0,445.7,13,-1,11,-1,21,-1,11,-1,28,-1,8,-1
DNge034,descending_neuron,brain,GNG,545.2,368.1,-1,-1,-1,-1,33,-1,12,-1,-1,-1,12,-1
DNge035,descending_neuron,brain,GNG,604.8,813.7,-1,-1,13,-1,8,-1,4,-1,3,-1,69,37
DNge036,descending_neuron,brain,GNG,541.0,414.1,-1,-1,11,-1,4,-1,12,-1,9,-1,2,-1
DNge037,descending_neuron,brain,GNG,608.8,406.5,24,-1,28,-1,4,-1,6,-1,3,-1,10,-1
DNge038,descending_neuron,brain,GNG,527.4,433.3,-1,-1,18,-1,-1,-1,13,-1,-1,-1,15,-1
DNge039,descending_neuron,brain,GNG,524.8,433.0,37,-1,-1,-1,45,-1,29,-1,-1,-1,-1,16
DNge040,descending_neuron,brain,GNG,428.0,394.4,19,-1,26,-1,30,-1,6,-1,9,-1,15,-1
DNge041,descending_neuron,brain,GNG,610.9,293.3,42,-1,44,-1,42,-1,6,-1,10,-1,-1,37
DNge042,descending_neuron,brain,GNG,481.0,393.1,-1,-1,14,-1,10,-1,27,-1,27,-1,7,-1
DNge043,descending_neuron,brain,SPS(L),595.6,233.3,17,-1,-1,-1,9,-1,7,-1,10,-1,-1,37
DNge044,descending_neuron,brain,GNG,487.8,410.7,-1,-1,50,-1,14,-1,21,-1,51,-1,12,-1
DNge045,descending_neuron,brain,GNG,474.9,440.3,41,-1,-1,-1,-1,-1,9,-1,-1,-1,-1,37
DNge046,descending_neuron,brain,GNG,540.1,401.1,56,-1,7,-1,6,-1,10,-1,4,-1,-1,37
DNge047,descending_neuron,brain,GNG,619.0,852.9,49,-1,-1,-1,50,-1,19,-1,66,-1,18,-1
DNge048,descending_neuron,brain,GNG,542.5,442.2,21,-1,21,-1,29,-1,4,-1,21,-1,61,37
DNge049,descending_neuron,brain,GNG,494.7,405.2,-1,-1,37,-1,11,-1,6,-1,23,-1,-1,37
DNge050,descending_neuron,brain,GNG,548.9,379.9,-1,-1,10,-1,3,-1,1,-1,1,-1,-1,37
DNge051,descending_neuron,brain,GNG,516.4,418.1,3,-1,53,-1,14,-1,-1,-1,23,-1,6,-1
DNge052,descending_neuron,brain,GNG,568.1,335.5,-1,-1,35,-1,-1,-1,9,-1,8,-1,17,-1
DNge053,descending_neuron,brain,GNG,468.6,438.6,-1,-1,9,-1,5,-1,1,-1,2,-1,-1,37
DNge054,descending_neuron,brain,GNG,349.3,303.9,-1,-1,14,-1,7,-1,7,-1,29,-1,24,-1
DNge055,descending_neuron,brain,GNG,474.1,822.0,57,-1,35,-1,11,-1,29,-1,17,-1,14,-1
DNge056,descending_neuron,brain,GNG,518.7,421.0,-1,-1,27,-1,23,-1,25,-1,-1,-1,8,-1
DNge057,descending_neuron,brain,GNG,470.4,421.9,-1,-1,33,-1,-1,-1,29,-1,-1,-1,10,-1
DNge058,descending_neuron,brain,GNG,486.6,407.2,-1,-1,66,-1,-1,-1,7,-1,29,-1,-1,37
DNge059,descending_neuron,brain,GNG,453.0,777.4,32,-1,38,-1,4,-1,8,-1,6,-1,1,-1
DNge060,descending_neuron,brain,GNG,468.3,847.0,50,-1,39,-1,51,-1,6,-1,-1,-1,9,-1
DNge061,descending_neuron,vnc,LegNp(T1)(L),617.7,719.5,8,-1,-1,-1,-1,-1,59,-1,-1,-1,-1,43
DNge062,descending_neuron,brain,GNG,465.4,453.8,-1,-1,23,-1,56,-1,24,-1,27,-1,9,-1
DNge063,descending_neuron,brain,GNG,433.2,788.3,-1,-1,-1,-1,31,-1,6,-1,45,-1,5,-1
DNge064,descending_neuron,vnc,GNG,479.5,430.4,-1,-1,62,-1,-1,-1,8,-1,-1,-1,4,-1
DNge065,descending_neuron,brain,GNG,425.0,806.5,59,-1,22,-1,12,-1,9,-1,29,-1,5,-1
DNge067,descending_neuron,brain,GNG,480.4,887.5,27,-1,-1,-1,28,-1,25,-1,-1,-1,3,-1
DNge068,descending_neuron,brain,GNG,516.1,425.8,20,-1,-1,-1,47,-1,9,-1,-1,-1,13,-1
DNge069,descending_neuron,brain,GNG,580.3,770.5,47,-1,34,-1,-1,-1,26,-1,-1,-1,-1,37
DNge070,descending_neuron,brain,IPS(R),614.3,347.6,44,-1,53,-1,17,-1,13,-1,21,-1,-1,37
DNge071,descending_neuron,brain,GNG,594.9,412.8,-1,-1,23,-1,-1,-1,16,-1,-1,-1,20,-1
DNge072,descending_neuron,brain,GNG,499.9,416.4,20,-1,39,-1,30,-1,14,-1,13,-1,-1,37
DNge073,descending_neuron,brain,GNG,477.6,335.5,-1,-1,12,-1,12,-1,2,-1,6,-1,16,-1
DNge074,descending_neuron,vnc,LegNp(T3)(L),641.2,727.8,1,-1,51,-1,56,-1,57,-1,-1,-1,-1,38
DNge075,descending_neuron,vnc,GNG,619.8,890.1,28,-1,16,-1,29,-1,3,-1,-1,-1,3,-1
DNge076,descending_neuron,brain,GNG,577.8,451.4,6,-1,33,-1,21,-1,6,-1,42,-1,5,-1
DNge077,descending_neuron,brain,GNG,526.8,326.9,-1,-1,-1,-1,45,-1,-1,-1,68,-1,13,-1
DNge078,descending_neuron,brain,GNG,523.5,417.1,-1,-1,10,-1,37,-1,24,-1,-1,-1,5,-1
DNge079,descending_neuron,brain,GNG,622.4,848.5,-1,-1,7,-1,4,-1,4,-1,3,-1,10,-1
DNge080,descending_neuron,brain,GNG,516.4,391.1,10,-1,14,-1,14,-1,10,-1,26,-1,8,-1
DNge081,descending_neuron,brain,GNG,476.8,376.2,53,-1,-1,-1,54,-1,10,-1,-1,-1,49,37
DNge082,descending_neuron,brain,GNG,547.0,411.6,-1,-1,-1,-1,29,-1,5,-1,8,-1,16,-1
DNge083,descending_neuron,brain,GNG,466.5,858.5,-1,-1,16,-1,53,-1,2,-1,55,-1,16,-1
DNge084,descending_neuron,brain,SAD,495.5,432.6,2,-1,10,-1,29,-1,10,-1,-1,-1,22,-1
DNge085,descending_neuron,brain,GNG,491.2,436.1,33,-1,22,-1,27,-1,12,-1,29,-1,21,-1
DNge086,descending_neuron,brain,GNG,520.8,417.7,-1,-1,36,-1,18,-1,14,-1,12,-1,22,-1
DNge087,descending_neuron,brain,GNG,502.0,377.5,12,-1,29,-1,-1,-1,24,-1,-1,-1,56,37
DNge088,descending_neuron,brain,IPS(L),644.2,337.6,-1,-1,19,-1,-1,-1,8,-1,46,-1,48,37
DNge089,descending_neuron,brain,GNG,699.1,329.2,-1,-1,59,-1,-1,-1,11,-1,-1,-1,-1,37
DNge090,descending_neuron,brain,GNG,471.1,398.3,20,-1,-1,-1,-1,-1,13,-1,-1,-1,-1,37
DNge091,descending_neuron,brain,SAD,670.8,343.5,2,-1,6,-1,10,-1,6,-1,-1,-1,2,-1
DNge092,descending_neuron,brain,GNG,428.0,354.3,18,-1,51,-1,-1,-1,14,-1,-1,-1,35,-1
DNge093,descending_neuron,brain,GNG,490.5,442.5,-1,-1,-1,-1,-1,-1,13,-1,-1,-1,32,-1
DNge094,descending_neuron,brain,WED(R),621.8,229.3,14,-1,17,-1,25,-1,10,-1,-1,-1,9,-1
DNge095,descending_neuron,brain,GNG,578.6,793.3,26,-1,-1,-1,67,-1,15,-1,-1,-1,50,37
DNge096,descending_neuron,brain,GNG,511.9,438.3,-1,-1,-1,-1,-1,-1,28,-1,-1,-1,-1,17
DNge097,descending_neuron,brain,GNG,633.1,720.1,-1,-1,29,-1,53,-1,11,-1,-1,-1,-1,37
DNge098,descending_neuron,brain,GNG,512.3,390.1,-1,-1,56,-1,69,-1,8,-1,40,-1,4,-1
DNge099,descending_neuron,brain,GNG,480.4,294.1,-1,-1,19,-1,21,-1,2,-1,22,-1,18,-1
DNge100,descending_neuron,brain,GNG,401.9,379.4,3,-1,-1,-1,30,-1,-1,-1,66,-1,3,-1
DNge101,descending_neuron,brain,GNG,584.7,416.2,-1,-1,65,-1,19,-1,8,-1,28,-1,-1,37
DNge102,descending_neuron,vnc,LegNp(T2)(L),479.3,855.2,16,-1,-1,-1,-1,-1,57,-1,-1,-1,-1,35
DNge103,descending_neuron,brain,GNG,621.2,218.8,-1,-1,19,-1,-1,-1,3,-1,14,-1,-1,37
DNge104,descending_neuron,vnc,GNG,436.8,449.8,-1,-1,42,-1,5,-1,16,-1,-1,-1,4,-1
DNge105,descending_neuron,brain,GNG,557.0,392.3,40,-1,-1,-1,53,-1,24,-1,31,-1,8,-1
DNge106,descending_neuron,brain,GNG,519.3,420.4,1,-1,-1,-1,28,-1,26,-1,27,-1,8,-1
DNge107,descending_neuron,brain,IPS(R),411.1,350.0,48,-1,15,-1,6,-1,7,-1,5,-1,-1,37
DNge108,descending_neuron,brain,GNG,452.7,334.9,21,-1,45,-1,59,-1,10,-1,69,-1,-1,37
DNge110,descending_neuron,brain,GNG,506.1,403.5,65,-1,-1,-1,-1,-1,15,-1,-1,-1,65,37
DNge111,descending_neuron,brain,SAD,422.4,349.7,6,-1,-1,-1,-1,-1,14,-1,-1,-1,24,-1
DNge113,descending_neuron,brain,SAD,463.8,376.8,-1,-1,52,-1,-1,-1,13,-1,-1,-1,23,-1
DNge114,descending_neuron,brain,GNG,574.6,756.8,23,-1,55,-1,42,-1,14,-1,55,-1,49,37
DNge115,descending_neuron,brain,GNG,589.1,354.1,19,-1,57,-1,-1,-1,16,-1,-1,-1,-1,37
DNge116,descending_neuron,brain,GNG,509.7,399.6,-1,-1,51,-1,-1,-1,12,-1,-1,-1,-1,37
DNge117,descending_neuron,brain,GNG,635.7,319.1,14,-1,50,-1,-1,-1,13,-1,58,-1,-1,37
DNge119,descending_neuron,brain,GNG,474.5,353.2,57,-1,32,-1,40,-1,8,-1,56,-1,18,-1
DNge120,descending_neuron,brain,GNG,621.8,376.4,-1,-1,33,-1,-1,-1,8,-1,57,-1,17,-1
DNge121,descending_neuron,brain,GNG,538.1,404.4,58,-1,59,-1,33,-1,11,-1,-1,-1,4,-1
DNge122,descending_neuron,vnc,GNG,457.5,777.4,44,-1,31,-1,3,-1,20,-1,64,-1,2,-1
DNge123,descending_neuron,brain,GNG,460.2,432.9,-1,-1,-1,-1,22,-1,9,-1,6,-1,64,37
DNge124,descending_neuron,brain,GNG,542.6,362.8,-1,-1,69,-1,62,-1,6,-1,11,-1,44,37
DNge125,descending_neuron,brain,GNG,602.7,682.7,43,-1,17,-1,9,-1,15,-1,10,-1,-1,37
DNge126,descending_neuron,brain,GNG,485.9,366.6,-1,-1,-1,-1,-1,-1,11,-1,63,-1,-1,37
DNge127,descending_neuron,brain,GNG,449.2,911.1,-1,-1,32,-1,-1,-1,7,-1,-1,-1,-1,37
DNge128,descending_neuron,brain,GNG,465.0,383.2,39,-1,58,-1,63,-1,21,-1,-1,-1,5,-1
DNge129,descending_neuron,brain,GNG,564.3,782.2,8,-1,7,-1,6,-1,5,-1,27,-1,-1,37
DNge130,descending_neuron,brain,SAD,602.5,380.3,-1,-1,60,-1,-1,-1,8,-1,-1,-1,33,-1
DNge131,descending_neuron,brain,GNG,366.6,789.6,14,-1,24,-1,-1,-1,7,-1,-1,-1,18,-1
DNge132,descending_neuron,brain,GNG,510.4,384.8,-1,-1,26,-1,8,-1,20,-1,-1,-1,14,-1
DNge133,descending_neuron,brain,GNG,581.5,357.7,-1,-1,-1,-1,31,-1,11,-1,-1,-1,-1,18
DNge134,descending_neuron,brain,GNG,560.7,724.1,-1,-1,-1,-1,-1,-1,-1,68,-1,-1,-1,37
DNge135,descending_neuron,brain,GNG,511.2,775.2,20,-1,23,-1,12,-1,3,-1,12,-1,19,-1
DNge136,descending_neuron,brain,GNG,525.4,414.6,-1,-1,7,-1,53,-1,2,-1,12,-1,4,-1
DNge137,descending_neuron,brain,GNG,525.8,809.0,2,-1,12,-1,49,-1,11,-1,44,-1,3,-1
DNge138,descending_neuron,brain,SAD,699.7,309.6,-1,-1,62,42,-1,-1,9,-1,-1,-1,14,-1
DNge139,descending_neuron,brain,GNG,512.2,376.7,2,-1,34,-1,19,-1,5,-1,26,-1,10,-1
DNge140,descending_neuron,brain,GNG,571.9,399.1,-1,-1,-1,-1,25,-1,3,-1,-1,-1,17,-1
DNge141,descending_neuron,brain,GNG,478.4,472.2,-1,-1,18,-1,23,-1,2,-1,47,-1,24,-1
DNge142,descending_neuron,brain,GNG,540.6,333.2,-1,-1,6,-1,26,-1,2,-1,23,-1,1,-1
DNge143,descending_neuron,brain,GNG,581.3,438.9,-1,-1,7,-1,18,-1,11,-1,12,-1,3,-1
DNge144,descending_neuron,brain,GNG,546.4,380.0,-1,-1,-1,-1,-1,-1,7,-1,-1,-1,56,37
DNge145,descending_neuron,brain,SAD,522.9,362.0,5,-1,49,-1,53,-1,14,-1,-1,-1,5,-1
DNge146,descending_neuron,brain,GNG,393.9,781.3,-1,-1,35,-1,9,-1,26,-1,12,-1,6,-1
DNge147,descending_neuron,brain,GNG,490.9,398.5,29,-1,-1,-1,-1,-1,9,-1,33,-1,13,-1
DNge148,descending_neuron,brain,GNG,560.0,390.8,-1,-1,12,-1,55,-1,6,-1,35,-1,4,-1
DNge149,descending_neuron,vnc,GNG,443.5,779.4,66,-1,-1,-1,-1,-1,5,-1,-1,-1,-1,37
DNge150,descending_neuron,vnc,ANm,553.9,824.1,9,-1,-1,-1,-1,-1,8,-1,-1,-1,7,-1
DNge151,descending_neuron,brain,ANm,575.6,333.4,20,-1,-1,-1,-1,-1,9,-1,-1,-1,16,-1
DNge152,descending_neuron,brain,GNG,564.1,703.8,13,-1,-1,-1,-1,-1,11,-1,-1,-1,37,-1
DNge153,descending_neuron,vnc,LegNp(T3)(R),556.8,877.0,-1,-1,-1,24,8,-1,-1,65,-1,-1,50,29
DNge154,descending_neuron,brain,GNG,458.8,385.4,-1,-1,-1,-1,-1,-1,15,-1,-1,-1,32,-1
DNge172,descending_neuron,vnc,ANm,528.7,815.0,-1,-1,3,-1,28,-1,8,-1,36,-1,1,-1
DNge173,descending_neuron,brain,GNG,546.5,384.4,-1,-1,19,-1,8,-1,10,-1,12,-1,-1,37
DNge174,descending_neuron,brain,GNG,535.1,391.7,-1,-1,-1,-1,21,-1,25,-1,29,-1,-1,37
DNge175,descending_neuron,brain,SAD,550.5,378.8,-1,-1,-1,-1,51,-1,13,-1,-1,-1,-1,37
DNge176,descending_neuron,brain,IPS(R),443.5,305.7,7,-1,-1,-1,-1,-1,12,-1,63,-1,-1,37
DNge178,descending_neuron,brain,GNG,453.8,827.2,18,-1,-1,-1,-1,-1,-1,53,-1,-1,12,-1
DNge179,descending_neuron,brain,GNG,474.1,451.1,-1,-1,47,-1,-1,-1,22,-1,-1,-1,-1,35
DNge180,descending_neuron,brain,GNG,524.3,351.6,-1,-1,-1,-1,-1,-1,15,-1,-1,-1,-1,37
DNge181,descending_neuron,brain,SAD,533.5,358.1,42,-1,50,-1,50,-1,12,-1,-1,-1,27,-1
DNge182,descending_neuron,vnc,Ov(L),597.7,880.0,-1,-1,-1,-1,-1,-1,52,-1,-1,-1,28,-1
DNge183,descending_neuron,brain,GNG,525.1,435.8,34,-1,-1,-1,-1,-1,13,-1,-1,-1,-1,37
DNge184,descending_neuron,brain,SAD,460.4,343.7,-1,-1,-1,-1,-1,-1,36,-1,-1,-1,27,-1
DNp01,descending_neuron,brain,PVLP(L),537.6,783.1,24,-1,-1,58,4,-1,8,-1,3,-1,-1,37
DNp02,descending_neuron,brain,SAD,445.4,349.9,-1,-1,14,-1,20,-1,4,-1,5,-1,4,-1
DNp03,descending_neuron,brain,PLP(R),308.3,208.5,59,-1,-1,58,38,-1,12,-1,-1,-1,-1,37
DNp04,descending_neuron,brain,PVLP(L),288.1,210.0,-1,-1,18,-1,68,47,9,-1,-1,-1,-1,37
DNp05,descending_neuron,brain,PLP(R),587.6,234.5,33,-1,29,-1,23,-1,5,-1,22,-1,25,-1
DNp06,descending_neuron,brain,PVLP(L),542.1,775.8,35,-1,8,-1,52,-1,3,-1,25,-1,27,-1
DNp07,descending_neuron,brain,PLP(R),551.7,726.5,7,-1,26,-1,17,-1,3,-1,6,-1,19,-1
DNp08,descending_neuron,brain,LTct,645.2,177.0,-1,-1,5,-1,22,-1,1,-1,17,-1,9,-1
DNp09,descending_neuron,brain,PVLP(L),604.2,191.3,26,-1,36,-1,54,-1,5,-1,11,-1,-1,37
DNp10,descending_neuron,brain,SAD,645.0,355.6,-1,-1,23,-1,31,-1,2,-1,11,-1,4,-1
DNp101,descending_neuron,brain,ICL(L),407.3,355.1,-1,-1,40,-1,10,-1,2,-1,6,-1,-1,37
DNp102,descending_neuron,brain,SPS(R),595.2,268.8,-1,-1,32,-1,6,-1,4,-1,12,-1,-1,37
DNp103,descending_neuron,brain,PVLP(R),599.1,184.3,-1,-1,13,-1,-1,50,4,-1,11,-1,-1,37
DNp104,descending_neuron,brain,ICL(L),431.1,324.3,-1,-1,58,-1,9,-1,1,-1,6,-1,-1,37
DNp11,descending_neuron,brain,LO(L),590.4,379.4,1,-1,13,-1,-1,-1,5,-1,51,-1,3,-1
DNp12,descending_neuron,brain,SAD,381.5,332.7,43,-1,13,-1,11,-1,1,-1,37,-1,1,-1
DNp13,descending_neuron,brain,ANm,411.6,104.3,-1,-1,4,-1,10,-1,1,-1,6,-1,4,-1
DNp14,descending_neuron,brain,SMP(L),447.3,284.4,-1,-1,26,-1,15,-1,1,-1,6,-1,2,-1
DNp15,descending_neuron,brain,IPS(R),581.1,350.3,63,-1,34,-1,11,-1,10,-1,12,-1,-1,37
DNp16_a,descending_neuron,brain,SPS(R),586.1,239.1,23,-1,-1,-1,54,-1,12,-1,52,-1,68,37
DNp16_b,descending_neuron,brain,SPS(R),590.8,785.5,14,-1,-1,-1,67,-1,12,-1,-1,-1,-1,37
DNp17,descending_neuron,brain,IPS(R),608.1,366.9,-1,-1,12,-1,13,-1,7,-1,-1,-1,25,-1
DNp18,descending_neuron,brain,SAD,573.8,318.6,-1,-1,14,-1,4,-1,5,-1,4,-1,23,-1
DNp19,descending_neuron,brain,SAD,636.8,721.7,-1,-1,15,-1,6,-1,9,-1,24,-1,27,-1
DNp20,descending_neuron,brain,IPS(R),436.8,253.1,-1,-1,-1,-1,9,-1,-1,-1,9,-1,-1,37
DNp21,descending_neuron,brain,IPS(L),592.4,357.5,-1,-1,25,-1,22,-1,5,-1,21,-1,12,-1
DNp22,descending_neuron,brain,IPS(R),465.3,251.3,-1,-1,-1,-1,10,-1,9,-1,11,-1,-1,37
DNp23,descending_neuron,brain,AVLP(R),627.5,162.2,61,-1,20,-1,13,-1,2,-1,8,-1,-1,37
DNp24,descending_neuron,brain,IntTct,503.3,801.9,67,-1,33,-1,-1,-1,21,-1,56,-1,18,-1
DNp25,descending_neuron,brain,GNG,372.4,130.9,27,-1,-1,-1,-1,-1,3,-1,64,-1,-1,37
DNp26,descending_neuron,brain,PLP(R),352.7,337.7,15,-1,44,-1,9,-1,11,-1,10,-1,30,-1
DNp27,descending_neuron,brain,PLP(L),633.1,68.1,2,-1,-1,-1,13,-1,9,-1,16,-1,26,-1
DNp28,descending_neuron,vnc,IntTct,552.2,731.9,-1,-1,-1,-1,-1,-1,8,-1,12,-1,18,-1
DNp29,descending_neuron,brain,SLP(R),542.0,409.4,33,-1,-1,-1,-1,-1,5,-1,-1,-1,9,-1
DNp30,descending_neuron,brain,AVLP(R),546.8,361.5,1,-1,-1,53,36,-1,28,-1,36,-1,58,37
DNp31,descending_neuron,brain,PLP(R),550.9,212.2,21,-1,10,-1,4,-1,4,-1,6,-1,27,-1
DNp32,descending_neuron,brain,SLP(R),318.6,126.7,42,-1,-1,58,22,-1,1,-1,19,-1,-1,37
DNp33,descending_neuron,brain,SAD,603.8,340.4,27,-1,36,-1,17,-1,10,-1,38,-1,23,-1
DNp34,descending_neuron,brain,PVLP(R),649.1,800.9,-1,-1,18,-1,16,-1,3,-1,22,-1,12,-1
DNp35,descending_neuron,brain,PVLP(R),636.4,286.4,-1,-1,20,-1,5,-1,5,-1,10,-1,-1,37
DNp36,descending_neuron,brain,SIP(R),436.5,184.8,4,-1,10,-1,10,-1,2,-1,5,-1,12,-1
DNp38,descending_neuron,brain,LTct,472.5,405.5,-1,-1,15,-1,-1,-1,1,-1,-1,-1,4,-1
DNp39,descending_neuron,brain,GNG,515.6,224.7,18,-1,-1,-1,-1,-1,6,-1,18,-1,-1,37
DNp41,descending_neuron,brain,SPS(R),404.1,312.6,1,-1,32,-1,21,-1,6,-1,20,-1,31,-1
DNp42,descending_neuron,brain,AVLP(R),484.5,688.8,47,-1,8,-1,8,-1,1,-1,5,-1,2,-1
DNp43,descending_neuron,brain,AVLP(R),616.7,193.8,47,-1,9,-1,5,-1,1,-1,1,-1,2,-1
DNp44,descending_neuron,brain,ANm,362.0,151.4,33,-1,18,-1,-1,-1,1,-1,-1,-1,3,-1
DNp45,descending_neuron,brain,AVLP(R),727.2,255.3,58,-1,12,-1,13,-1,2,-1,6,-1,9,-1
DNp46,descending_neuron,brain,ICL(L),573.2,788.6,19,-1,41,-1,43,-1,4,-1,14,-1,63,37
DNp47,descending_neuron,brain,SPS(L),396.1,157.4,-1,-1,29,-1,41,-1,2,-1,23,-1,8,-1
DNp48,descending_neuron,brain,SMP(L),536.0,310.9,69,-1,5,-1,53,-1,1,-1,16,-1,2,-1
DNp49,descending_neuron,brain,LTct,493.6,234.2,36,-1,8,-1,30,-1,1,-1,12,-1,4,-1
"DNp51,DNpe019",descending_neuron,brain,IPS(L),650.7,319.0,-1,-1,-1,-1,13,-1,10,-1,14,-1,-1,37
DNp52,descending_neuron,brain,VES(R),597.5,322.7,41,-1,-1,-1,67,-1,9,-1,18,-1,-1,37
DNp53,descending_neuron,brain,IPS(L),548.0,240.1,62,-1,44,-1,11,-1,7,-1,11,-1,-1,37
DNp54,descending_neuron,brain,SPS(L),400.7,190.8,-1,-1,20,-1,-1,-1,4,-1,67,-1,-1,37
DNp55,descending_neuron,brain,AVLP(R),739.7,223.8,-1,-1,9,-1,8,-1,2,-1,23,-1,24,-1
DNp56,descending_neuron,brain,VES(L),463.7,286.7,11,-1,49,-1,23,-1,5,-1,12,-1,45,37
DNp57,descending_neuron,brain,PLP(L),565.4,248.2,41,-1,41,-1,21,-1,5,-1,13,-1,-1,37
DNp58,descending_neuron,brain,PRW,528.0,865.5,51,-1,11,-1,52,-1,6,-1,67,-1,2,-1
DNp59,descending_neuron,brain,LTct,618.3,205.2,-1,-1,5,-1,40,-1,1,-1,6,-1,-1,37
DNp60,descending_neuron,brain,ANm,594.4,804.8,-1,-1,13,-1,-1,-1,3,-1,11,-1,23,-1
DNp62,descending_neuron,brain,SLP(R),380.7,38.2,51,-1,-1,-1,46,-1,-1,-1,40,-1,47,37
DNp63,descending_neuron,brain,SPS(L),442.4,287.1,-1,-1,22,-1,11,-1,6,-1,5,-1,15,-1
DNp64,descending_neuron,brain,ICL(L),588.8,160.0,25,-1,20,-1,28,-1,3,-1,11,-1,7,-1
DNp65,descending_neuron,brain,PRW,539.9,831.4,52,-1,26,-1,52,-1,10,-1,-1,-1,5,-1
DNp66,descending_neuron,brain,AVLP(R),442.0,336.6,1,-1,11,-1,18,-1,2,-1,17,-1,15,-1
DNp67,descending_neuron,brain,VES(R),435.6,163.9,33,-1,15,-1,41,-1,3,-1,7,-1,12,-1
DNp68,descending_neuron,brain,SMP(L),678.0,131.7,-1,-1,10,-1,19,-1,2,-1,17,-1,9,-1
DNp69,descending_neuron,brain,ICL(L),325.3,231.5,23,-1,10,-1,9,-1,1,-1,4,-1,5,-1
DNp70,descending_neuron,brain,ICL(L),322.6,176.2,-1,-1,10,-1,33,-1,4,-1,5,-1,34,-1
DNp71,descending_neuron,brain,PVLP(L),480.1,326.6,11,-1,18,-1,68,-1,2,-1,10,-1,9,-1
DNp72,descending_neuron,brain,GNG,610.4,331.5,20,-1,38,-1,-1,-1,13,-1,-1,-1,54,37
DNp73,descending_neuron,brain,SAD,420.8,332.6,-1,-1,27,-1,8,-1,4,-1,40,-1,3,-1
DNpe001,descending_neuron,brain,IB,603.0,289.2,9,-1,39,-1,42,-1,6,-1,18,-1,-1,37
DNpe002,descending_neuron,brain,GNG,527.7,438.0,50,-1,14,-1,9,-1,3,-1,22,-1,23,-1
DNpe003,descending_neuron,brain,GNG,442.3,916.2,-1,-1,15,-1,11,-1,2,-1,3,-1,3,-1
DNpe004,descending_neuron,brain,SPS(R),409.6,339.0,-1,-1,20,-1,22,-1,8,-1,19,-1,-1,37
DNpe005,descending_neuron,brain,GNG,591.0,719.5,-1,-1,7,-1,45,-1,2,-1,-1,-1,52,37
DNpe006,descending_neuron,brain,LTct,679.0,229.3,26,-1,10,-1,-1,-1,1,-1,25,-1,4,-1
DNpe007,descending_neuron,brain,GNG,564.1,357.3,18,-1,50,-1,29,-1,6,-1,-1,-1,3,-1
DNpe008,descending_neuron,brain,IPS(R),605.8,293.4,-1,-1,7,-1,17,-1,12,-1,34,-1,37,-1
DNpe009,descending_neuron,brain,IPS(R),599.9,324.2,38,-1,32,-1,33,-1,10,-1,39,-1,-1,37
DNpe010,descending_neuron,brain,SPS(L),444.7,254.6,67,-1,-1,-1,-1,-1,9,-1,21,-1,55,37
DNpe011,descending_neuron,vnc,ANm,582.5,342.1,18,-1,-1,-1,-1,-1,7,-1,55,-1,16,-1
DNpe012_a,descending_neuron,brain,SPS(L),516.3,233.2,-1,-1,-1,-1,-1,-1,8,-1,-1,-1,-1,37
DNpe012_b,descending_neuron,brain,IntTct,621.8,264.7,-1,-1,-1,-1,-1,-1,9,-1,-1,-1,49,37
DNpe013,descending_neuron,brain,GNG,433.0,336.9,-1,-1,20,-1,7,-1,7,-1,8,-1,-1,37
DNpe014,descending_neuron,brain,SPS(R),414.6,290.5,-1,-1,24,-1,12,-1,7,-1,41,-1,-1,37
DNpe015,descending_neuron,brain,IPS(L),641.5,351.2,-1,-1,27,-1,62,-1,10,-1,-1,-1,47,37
DNpe016,descending_neuron,brain,SPS(L),514.1,731.2,-1,-1,22,-1,30,-1,4,-1,15,-1,-1,37
DNpe017,descending_neuron,brain,SPS(R),452.5,337.7,-1,-1,20,-1,5,-1,5,-1,10,-1,24,-1
DNpe018,descending_neuron,vnc,ANm,466.3,226.9,55,-1,-1,-1,-1,-1,7,-1,20,-1,-1,37
DNpe020,descending_neuron,brain,GNG,458.1,212.8,68,-1,11,-1,25,-1,3,-1,13,-1,7,-1
DNpe021,descending_neuron,brain,LTct,701.5,164.0,-1,-1,11,-1,-1,-1,1,-1,15,-1,1,-1
DNpe022,descending_neuron,brain,VES(L),596.0,263.1,-1,-1,21,-1,19,-1,3,-1,12,-1,29,-1
DNpe023,descending_neuron,brain,LAL(L),414.9,184.6,-1,-1,27,-1,11,-1,9,-1,4,-1,-1,37
DNpe024,descending_neuron,brain,PVLP(R),355.2,262.7,14,-1,46,-1,49,-1,4,-1,12,-1,-1,37
DNpe025,descending_neuron,brain,PVLP(R),600.8,221.8,15,-1,8,-1,17,-1,1,-1,13,-1,20,-1
DNpe026,descending_neuron,brain,LTct,474.3,228.9,-1,-1,34,-1,-1,-1,1,-1,13,-1,-1,37
DNpe027,descending_neuron,brain,IB,468.1,278.0,49,-1,25,-1,17,-1,3,-1,17,-1,36,-1
DNpe028,descending_neuron,brain,IB,492.5,203.7,40,-1,66,-1,-1,-1,2,-1,45,-1,-1,37
DNpe029,descending_neuron,vnc,LegNp(T3)(R),583.6,927.9,6,-1,24,-1,15,-1,65,-1,-1,-1,29,-1
DNpe030,descending_neuron,brain,GNG,442.9,857.1,43,-1,23,-1,66,-1,4,-1,-1,-1,1,-1
DNpe031,descending_neuron,brain,AVLP(R),322.3,173.1,59,-1,5,-1,19,-1,1,-1,10,-1,6,-1
DNpe032,descending_neuron,brain,IB,501.0,758.9,-1,-1,15,-1,27,-1,4,-1,66,-1,24,-1
DNpe033,descending_neuron,brain,PRW,467.0,56.7,16,-1,-1,-1,-1,-1,5,-1,29,-1,-1,37
DNpe034,descending_neuron,brain,ANm,431.4,55.7,25,-1,10,-1,36,-1,2,-1,10,-1,3,-1
DNpe035,descending_neuron,brain,PRW,559.6,441.2,50,-1,60,-1,50,-1,3,-1,-1,-1,5,-1
DNpe036,descending_neuron,vnc,ANm,525.4,836.5,-1,-1,10,-1,-1,-1,2,-1,-1,-1,1,-1
DNpe037,descending_neuron,brain,SPS(R),456.4,256.2,-1,-1,32,-1,39,-1,4,-1,-1,-1,49,37
DNpe039,descending_neuron,brain,LTct,509.4,784.1,7,-1,17,-1,-1,-1,3,-1,9,-1,-1,37
DNpe040,descending_neuron,brain,AVLP(R),324.1,258.7,31,-1,44,-1,-1,-1,4,-1,34,-1,5,-1
DNpe041,descending_neuron,brain,SMP(L),574.3,47.0,26,-1,-1,-1,40,-1,3,-1,18,-1,6,-1
DNpe042,descending_neuron,brain,ICL(L),259.2,223.1,-1,-1,16,-1,25,-1,2,-1,4,-1,-1,37
DNpe043,descending_neuron,brain,LTct,617.5,170.9,31,-1,27,-1,-1,-1,2,-1,21,-1,5,-1
DNpe045,descending_neuron,brain,ICL(L),352.7,149.0,-1,-1,8,-1,-1,-1,2,-1,12,-1,9,-1
DNpe048,descending_neuron,brain,SMP(L),578.0,134.9,19,-1,28,-1,34,-1,34,-1,18,-1,-1,37
DNpe049,descending_neuron,brain,GNG,486.4,416.2,-1,-1,12,-1,9,-1,2,-1,32,-1,1,-1
DNpe050,descending_neuron,brain,ICL(L),547.7,796.0,-1,-1,10,-1,12,-1,2,-1,10,-1,26,-1
DNpe052,descending_neuron,brain,AVLP(R),299.8,290.0,13,-1,31,-1,46,-1,5,-1,-1,-1,-1,37
DNpe053,descending_neuron,brain,SMP(R),566.6,251.5,43,-1,3,-1,11,-1,1,-1,13,-1,4,-1
DNpe054,descending_neuron,brain,IPS(L),628.6,243.8,-1,-1,41,-1,46,-1,11,-1,56,-1,47,37
DNpe055,descending_neuron,brain,SPS(L),608.6,265.8,-1,-1,19,-1,28,-1,2,-1,16,-1,10,-1
DNpe056,descending_neuron,brain,AVLP(R),423.5,860.2,51,-1,6,-1,19,-1,1,-1,24,-1,11,-1
DNpe057,descending_neuron,brain,IPS(L),611.2,675.6,54,-1,-1,-1,-1,-1,13,-1,58,-1,-1,37
DNx01,sensory_descending,vnc,LTct,574.1,775.2,-1,-1,34,-1,62,-1,2,-1,3,-1,21,-1
DNx02,sensory_descending,brain,GNG,574.3,776.6,50,-1,15,-1,-1,-1,14,-1,-1,-1,30,-1
DNxl114,descending_neuron,vnc,LegNp(T1)(L),629.0,790.4,54,-1,68,38,-1,-1,-1,-1,-1,-1,37,-1
DP1l_adPN,cb_intrinsic,brain,AL(R),456.8,221.4,39,-1,7,-1,7,-1,-1,-1,-1,-1,13,-1
DP1l_vPN,cb_intrinsic,brain,AL(R),472.0,266.7,35,-1,-1,35,-1,-1,-1,-1,-1,-1,18,-1
DP1m_adPN,cb_intrinsic,brain,AL(R),412.1,240.9,-1,-1,3,-1,2,-1,7,-1,-1,-1,17,-1
DP1m_vPN,cb_intrinsic,brain,AL(L),741.7,123.8,27,-1,-1,35,-1,-1,-1,-1,-1,-1,19,-1
DPM,cb_intrinsic,brain,gL(L),615.2,64.8,45,-1,12,3,2,-1,-1,-1,-1,52,63,37
DSKMP3,cb_intrinsic,brain,SLP(R),609.4,51.2,55,-1,46,-1,27,-1,40,-1,30,-1,-1,37
DVMn 1a-c,vnc_motor,vnc,WTct(UTct-T2)(L),599.1,721.0,17,-1,-1,-1,3,-1,-1,-1,3,-1,-1,-1
"DVMn 2a, b",vnc_motor,vnc,WTct(UTct-T2)(R),584.5,711.0,30,-1,-1,-1,8,-1,-1,-1,4,-1,-1,41
"DVMn 3a, b",vnc_motor,vnc,WTct(UTct-T2)(L),587.9,712.3,15,-1,-1,-1,6,-1,-1,-1,4,-1,46,41
D_adPN,cb_intrinsic,brain,AL(R),645.6,238.9,54,-1,13,12,5,-1,-1,-1,-1,-1,16,-1
Delta7,cb_intrinsic,brain,PB,469.8,165.3,-1,-1,2,-1,-1,36,-1,-1,9,-1,65,37
Dm-DRA1,ol_intrinsic,brain,ME(R),161.3,238.3,-1,-1,3,-1,4,-1,-1,-1,42,-1,26,-1
Dm-DRA2,ol_intrinsic,brain,ME(R),117.0,348.1,-1,-1,-1,-1,13,-1,-1,-1,-1,-1,23,-1
Dm1,ol_intrinsic,brain,ME(R),876.7,437.4,12,-1,1,-1,1,-1,-1,68,40,-1,-1,37
Dm10,ol_intrinsic,brain,ME(R),863.5,317.0,43,-1,1,-1,1,-1,-1,68,28,-1,65,37
Dm11,ol_intrinsic,brain,ME(R),100.7,378.0,-1,-1,-1,35,3,-1,-1,-1,39,-1,3,-1
Dm12,ol_intrinsic,brain,ME(R),871.9,373.7,14,-1,1,-1,1,-1,-1,68,29,-1,-1,37
Dm13,ol_intrinsic,brain,ME(R),138.0,373.8,-1,-1,-1,7,1,-1,-1,67,-1,-1,62,37
Dm14,ol_intrinsic,brain,ME(R),184.0,460.4,-1,-1,19,13,2,-1,-1,68,-1,-1,-1,37
Dm15,ol_intrinsic,brain,ME(R),143.0,360.9,-1,-1,1,-1,15,-1,-1,68,61,-1,-1,37
Dm16,ol_intrinsic,brain,ME(R),879.3,231.1,15,-1,-1,12,-1,38,-1,68,-1,-1,56,37
Dm17,ol_intrinsic,brain,ME(R),67.0,386.9,-1,-1,14,13,5,-1,68,-1,-1,-1,-1,37
Dm18,ol_intrinsic,brain,ME(R),934.4,262.6,-1,-1,17,12,1,-1,-1,68,40,-1,66,37
Dm19,ol_intrinsic,brain,ME(R),155.9,313.5,-1,-1,1,-1,5,-1,-1,68,-1,-1,49,37
Dm2,ol_intrinsic,brain,ME(R),896.6,408.9,-1,-1,1,-1,1,-1,64,-1,33,-1,23,-1
Dm20,ol_intrinsic,brain,ME(R),863.4,389.6,-1,-1,1,-1,1,-1,66,-1,-1,-1,54,37
Dm3a,ol_intrinsic,brain,ME(R),840.1,214.0,24,-1,2,-1,1,-1,-1,68,42,-1,59,37
Dm3b,ol_intrinsic,brain,ME(R),205.3,458.6,-1,-1,2,-1,1,-1,-1,68,47,-1,-1,37
Dm3c,ol_intrinsic,brain,ME(R),839.9,311.1,20,-1,-1,2,1,-1,-1,68,-1,-1,49,37
Dm4,ol_intrinsic,brain,ME(R),872.0,387.9,31,-1,1,-1,8,-1,66,-1,-1,-1,65,37
Dm6,ol_intrinsic,brain,ME(R),870.4,219.0,-1,-1,1,-1,1,-1,-1,68,-1,-1,-1,37
Dm8a,ol_intrinsic,brain,ME(L),813.1,389.2,-1,-1,1,-1,1,-1,66,-1,22,-1,23,-1
Dm8b,ol_intrinsic,brain,ME(L),839.8,321.3,-1,-1,2,-1,1,-1,65,-1,23,-1,24,-1
Dm9,ol_intrinsic,brain,ME(R),799.5,434.7,41,-1,1,-1,1,-1,-1,-1,41,-1,1,-1
EA00B006,efferent_ascending,vnc,IntTct,622.9,748.9,-1,-1,-1,-1,-1,-1,-1,-1,37,-1,-1,37
EA00B007,efferent_ascending,vnc,ANm,455.7,902.3,62,-1,-1,-1,-1,-1,-1,-1,-1,-1,-1,42
EA00B022,vnc_efferent,vnc,IntTct,510.3,789.6,-1,-1,-1,50,-1,-1,-1,-1,-1,-1,-1,41
EA06B010,efferent_ascending,vnc,LTct,500.0,732.6,-1,-1,16,-1,33,-1,9,-1,8,-1,17,-1
EA27X006,efferent_ascending,vnc,ANm,543.2,832.3,41,-1,-1,-1,-1,-1,15,-1,-1,-1,-1,41
EAXXX079,efferent_ascending,vnc,ANm,490.0,696.5,-1,-1,-1,-1,-1,-1,17,-1,7,-1,22,-1
EL,cb_intrinsic,brain,EB,501.7,183.1,-1,-1,3,-1,2,-1,-1,-1,1,-1,-1,37
EN00B001,vnc_efferent,vnc,WTct(UTct-T2)(L),610.7,736.3,2,-1,-1,-1,16,-1,-1,-1,-1,-1,60,-1
EN00B002,vnc_efferent,vnc,ANm,492.1,844.6,52,-1,-1,51,-1,-1,-1,-1,-1,-1,-1,38
EN00B003,vnc_efferent,vnc,ANm,525.6,802.9,-1,-1,-1,43,5,-1,-1,-1,32,-1,-1,39
EN00B004,vnc_efferent,vnc,ANm,559.1,814.5,-1,-1,-1,-1,46,-1,-1,-1,-1,-1,-1,-1
EN00B008,vnc_efferent,vnc,IntTct,429.5,703.3,-1,-1,-1,43,-1,-1,-1,-1,-1,-1,47,41
EN00B010,vnc_efferent,vnc,ANm,545.6,859.0,-1,-1,-1,66,10,-1,-1,-1,54,-1,-1,38
EN00B011,vnc_efferent,vnc,WTct(UTct-T2)(L),577.3,717.7,18,-1,-1,-1,22,-1,-1,-1,9,-1,-1,-1
EN00B012,vnc_efferent,vnc,ANm,587.1,856.2,-1,-1,-1,-1,-1,-1,-1,-1,-1,-1,52,38
EN00B013,vnc_efferent,vnc,ANm,528.9,801.6,44,-1,-1,-1,9,-1,-1,-1,55,-1,53,39
EN00B015,vnc_efferent,vnc,WTct(UTct-T2)(L),577.1,844.3,-1,-1,-1,-1,26,-1,-1,-1,-1,-1,-1,-1
EN00B016,vnc_efferent,vnc,ANm,540.0,778.3,-1,-1,-1,-1,28,-1,-1,-1,60,-1,-1,38
EN00B017,vnc_efferent,vnc,ANm,502.5,911.3,-1,-1,-1,-1,-1,-1,-1,-1,-1,-1,44,41
EN00B018,vnc_efferent,vnc,ANm,547.1,796.7,-1,-1,-1,26,13,-1,-1,-1,-1,-1,-1,38
EN00B019,vnc_efferent,vnc,ANm,532.6,830.9,60,-1,-1,14,-1,49,-1,-1,-1,-1,-1,38
EN00B020,vnc_efferent,vnc,ANm,544.2,812.0,-1,-1,-1,66,-1,-1,-1,-1,-1,-1,-1,38
EN00B023,vnc_efferent,vnc,ANm,544.8,768.7,-1,-1,-1,51,-1,-1,-1,-1,-1,-1,-1,38
EN00B024,vnc_efferent,vnc,ANm,474.5,861.9,-1,-1,-1,-1,-1,-1,-1,61,-1,-1,52,36
EN00B025,vnc_efferent,vnc,ANm,522.1,759.9,-1,-1,-1,-1,-1,-1,-1,-1,-1,-1,-1,37
EN00B026,vnc_efferent,vnc,ANm,562.0,781.5,59,-1,-1,49,33,-1,-1,-1,66,-1,66,38
EN00B027,vnc_efferent,vnc,ANm,542.9,849.5,63,-1,-1,37,-1,-1,-1,-1,-1,-1,-1,38
EN21X001,vnc_efferent,vnc,LegNp(T1)(L),481.5,675.3,-1,-1,-1,-1,47,-1,-1,-1,17,-1,62,42
ENS1,cb_sensory,brain,GNG,587.5,399.8,-1,-1,55,-1,-1,-1,-1,-1,-1,-1,13,-1
ENS2,cb_sensory,brain,GNG,603.1,410.2,-1,-1,27,-1,-1,-1,-1,-1,55,-1,37,-1
ENS3,cb_sensory,brain,GNG,438.8,414.0,-1,-1,-1,-1,-1,-1,-1,-1,-1,-1,15,-1
ENS4,cb_sensory,brain,PRW,512.7,326.0,-1,-1,-1,-1,-1,-1,-1,-1,-1,-1,13,-1
ENS5,cb_sensory,brain,PRW,541.4,300.3,67,-1,64,-1,-1,-1,14,-1,-1,-1,5,-1
ENXXX128,vnc_efferent,vnc,ANm,511.0,786.0,46,-1,-1,-1,14,-1,-1,-1,26,-1,-1,29
ENXXX226,vnc_efferent,vnc,ANm,502.0,727.1,39,-1,-1,-1,5,-1,-1,-1,13,-1,-1,-1
ENXXX286,vnc_efferent,vnc,ANm,520.7,815.8,-1,-1,-1,-1,37,-1,-1,-1,26,-1,-1,32
EPG,cb_intrinsic,brain,EB,490.5,164.6,26,-1,1,-1,1,-1,1,-1,1,-1,66,37
EPGt,cb_intrinsic,brain,PB,521.1,176.3,58,-1,-1,-1,36,-1,-1,-1,10,-1,-1,37
ER1_a,cb_intrinsic,brain,EB,508.1,162.3,-1,-1,27,-1,18,-1,-1,-1,4,-1,-1,37
ER1_b,cb_intrinsic,brain,EB,629.8,225.9,37,-1,-1,66,12,-1,-1,-1,4,-1,-1,37
ER1_c,cb_intrinsic,brain,EB,498.8,159.0,1,-1,66,-1,-1,-1,-1,-1,44,-1,-1,37
ER2_a,cb_intrinsic,brain,EB,537.7,157.4,-1,-1,31,-1,13,-1,-1,-1,3,-1,-1,37
ER2_b,cb_intrinsic,brain,EB,491.9,176.5,-1,-1,-1,48,66,-1,-1,-1,-1,-1,56,37
ER2_c,cb_intrinsic,brain,EB,509.6,168.0,57,-1,6,-1,4,-1,-1,-1,3,-1,-1,37
ER2_d,cb_intrinsic,brain,EB,521.5,162.9,-1,-1,66,48,-1,66,-1,-1,-1,-1,-1,37
ER3a_a,cb_intrinsic,brain,EB,534.0,179.6,-1,-1,9,-1,7,-1,-1,-1,2,-1,-1,37
ER3a_b,cb_intrinsic,brain,EB,579.9,118.8,-1,-1,40,-1,26,-1,-1,-1,3,-1,-1,37
ER3a_c,cb_intrinsic,brain,EB,494.8,174.0,-1,-1,-1,-1,-1,-1,-1,-1,-1,-1,62,37
ER3a_d,cb_intrinsic,brain,EB,503.7,183.2,48,-1,48,-1,-1,-1,-1,-1,3,-1,-1,37
ER3d_a,cb_intrinsic,brain,EB,509.4,162.5,-1,-1,-1,48,24,-1,-1,-1,2,-1,-1,37
ER3d_b,cb_intrinsic,brain,EB,527.7,152.1,-1,-1,58,48,42,-1,-1,-1,3,-1,-1,37
ER3d_c,cb_intrinsic,brain,EB,515.0,164.8,8,-1,12,-1,7,-1,-1,-1,2,-1,-1,37
ER3d_d,cb_intrinsic,brain,EB,504.3,158.1,-1,-1,12,-1,7,-1,-1,-1,3,-1,-1,37
ER3d_e,cb_intrinsic,brain,EB,501.4,152.1,-1,-1,29,-1,-1,66,-1,-1,-1,-1,-1,37
ER3m,cb_intrinsic,brain,EB,525.0,166.6,-1,-1,-1,48,7,-1,-1,-1,2,-1,-1,37
ER3p_a,cb_intrinsic,brain,EB,523.7,164.6,-1,-1,43,-1,-1,-1,34,-1,11,-1,-1,37
ER3p_b,cb_intrinsic,brain,EB,506.9,165.6,48,-1,-1,48,-1,-1,-1,-1,11,-1,-1,37
ER3w_a,cb_intrinsic,brain,EB,518.4,161.9,35,-1,18,-1,13,-1,-1,-1,5,-1,-1,37
ER3w_b,cb_intrinsic,brain,EB,492.9,185.5,-1,-1,-1,48,9,-1,-1,-1,2,-1,52,37
ER3w_c,cb_intrinsic,brain,EB,490.6,161.3,31,-1,23,-1,-1,-1,-1,-1,2,-1,66,37
ER4d,cb_intrinsic,brain,EB,505.8,174.2,21,-1,-1,33,44,12,-1,-1,-1,54,-1,37
ER4m,cb_intrinsic,brain,EB,492.8,166.1,10,-1,9,-1,26,-1,-1,-1,20,-1,-1,37
ER5,cb_intrinsic,brain,EB,504.0,161.2,54,-1,3,-1,36,-1,-1,-1,-1,40,-1,37
ER6,cb_intrinsic,brain,LAL(R),554.5,219.2,-1,-1,-1,33,32,-1,-1,32,-1,-1,-1,37
ExR1,cb_intrinsic,brain,EB,523.6,153.2,3,-1,3,-1,2,-1,5,-1,1,-1,-1,37
ExR2,cb_intrinsic,brain,EB,407.4,269.9,-1,-1,33,-1,10,-1,32,-1,54,-1,-1,37
ExR3,cb_intrinsic,brain,FB,546.5,163.4,-1,-1,6,-1,10,-1,4,-1,12,-1,-1,37
ExR4,cb_intrinsic,brain,EB,499.3,180.9,39,-1,-1,-1,14,-1,-1,-1,8,-1,-1,37
ExR5,cb_intrinsic,brain,EB,515.4,168.6,45,-1,4,-1,12,-1,3,-1,-1,-1,-1,37
ExR6,cb_intrinsic,brain,EB,634.2,259.0,26,-1,-1,-1,-1,-1,9,-1,-1,-1,-1,37
ExR7,cb_intrinsic,brain,EB,524.5,153.2,19,-1,6,-1,-1,-1,2,-1,-1,-1,-1,37
ExR8,cb_intrinsic,brain,EB,512.7,162.6,-1,-1,27,-1,-1,-1,7,-1,-1,-1,-1,37
FB,cb_intrinsic,brain,FB,507.5,174.8,19,-1,-1,-1,-1,60,-1,-1,-1,-1,-1,37
FB1A,cb_intrinsic,brain,FB,548.2,174.1,24,-1,-1,-1,62,-1,65,-1,4,-1,-1,37
FB1B,cb_intrinsic,brain,FB,574.4,65.5,-1,-1,-1,-1,-1,-1,64,-1,16,-1,44,37
FB1C,cb_intrinsic,brain,FB,565.4,236.9,49,-1,52,-1,28,-1,33,-1,-1,-1,-1,37
FB1D,cb_intrinsic,brain,FB,516.0,139.0,-1,-1,37,-1,34,-1,-1,-1,16,-1,51,37
FB1E_a,cb_intrinsic,brain,FB,696.9,47.1,-1,-1,62,-1,47,-1,65,-1,4,-1,-1,37
FB1E_b,cb_intrinsic,brain,FB,504.0,135.1,30,-1,-1,-1,-1,-1,-1,-1,11,-1,60,37
FB1F,cb_intrinsic,brain,FB,491.6,67.5,59,-1,-1,-1,-1,-1,69,-1,-1,-1,-1,37
FB1G,cb_intrinsic,brain,FB,527.7,179.8,-1,-1,4,-1,33,-1,34,-1,7,-1,-1,37
FB1H,cb_intrinsic,brain,FB,496.6,174.5,50,-1,30,-1,-1,-1,63,-1,6,-1,-1,37
FB1I,cb_intrinsic,brain,FB,520.1,183.2,-1,-1,-1,-1,-1,-1,-1,-1,-1,16,-1,37
FB1J,cb_intrinsic,brain,FB,557.2,171.9,24,-1,-1,-1,-1,-1,68,-1,15,-1,-1,37
FB2A,cb_intrinsic,brain,FB,502.8,171.3,-1,-1,-1,-1,21,-1,-1,-1,44,-1,56,37
FB2B_a,cb_intrinsic,brain,FB,472.0,93.3,22,-1,16,-1,8,-1,-1,-1,44,-1,-1,37
FB2B_b,cb_intrinsic,brain,FB,498.0,152.2,60,-1,24,-1,59,-1,-1,-1,53,-1,61,37
FB2C,cb_intrinsic,brain,FB,442.4,104.7,22,-1,45,-1,59,-1,64,-1,25,-1,-1,37
FB2D,cb_intrinsic,brain,FB,521.7,123.4,-1,-1,4,-1,4,-1,-1,-1,3,-1,-1,37
FB2E,cb_intrinsic,brain,FB,541.9,179.6,26,-1,-1,-1,-1,-1,-1,-1,-1,-1,-1,37
FB2F_a,cb_intrinsic,brain,FB,539.6,154.9,-1,-1,6,-1,24,-1,-1,-1,20,-1,-1,37
FB2F_b,cb_intrinsic,brain,FB,530.9,185.5,-1,-1,-1,-1,69,-1,-1,-1,6,-1,-1,37
FB2F_c,cb_intrinsic,brain,FB,506.9,182.5,-1,-1,53,-1,-1,-1,64,-1,14,-1,-1,37
FB2F_d,cb_intrinsic,brain,FB,637.2,104.6,52,-1,-1,-1,55,-1,-1,-1,4,-1,-1,37
FB2G_a,cb_intrinsic,brain,FB,515.9,144.2,6,-1,-1,-1,-1,-1,-1,-1,13,-1,-1,37
FB2G_b,cb_intrinsic,brain,FB,513.1,156.8,-1,-1,69,-1,27,-1,-1,-1,14,-1,-1,37
FB2H_a,cb_intrinsic,brain,FB,532.9,178.6,57,-1,-1,-1,-1,-1,-1,-1,-1,-1,-1,37
FB2H_b,cb_intrinsic,brain,FB,507.5,197.1,53,-1,-1,-1,-1,-1,-1,-1,-1,-1,69,37
FB2I_a,cb_intrinsic,brain,FB,546.2,176.7,10,-1,15,-1,18,-1,-1,-1,31,-1,47,37
FB2I_b,cb_intrinsic,brain,FB,570.9,120.7,3,-1,67,-1,-1,-1,69,-1,58,-1,-1,37
FB2J_a,cb_intrinsic,brain,FB,475.1,142.1,-1,-1,67,-1,-1,-1,-1,-1,53,-1,46,37
FB2J_b,cb_intrinsic,brain,FB,540.0,132.6,-1,-1,-1,-1,-1,-1,-1,-1,-1,-1,-1,37
FB2J_c,cb_intrinsic,brain,FB,528.7,123.8,38,-1,54,-1,-1,-1,-1,-1,-1,-1,-1,37
FB2K,cb_intrinsic,brain,FB,475.0,187.4,10,-1,30,-1,-1,-1,67,-1,25,-1,-1,37
FB2L,cb_intrinsic,brain,FB,614.1,75.0,56,-1,58,-1,-1,-1,65,-1,4,-1,-1,37
FB2M_a,cb_intrinsic,brain,FB,631.8,90.7,-1,-1,23,-1,49,-1,-1,-1,23,-1,55,37
FB2M_b,cb_intrinsic,brain,FB,573.0,162.2,-1,-1,-1,-1,-1,-1,-1,-1,25,-1,64,37
FB3A,cb_intrinsic,brain,FB,550.1,141.7,-1,-1,-1,-1,22,-1,-1,-1,4,-1,-1,37
FB3C,cb_intrinsic,brain,FB,524.2,146.1,-1,-1,8,-1,22,-1,63,-1,3,-1,67,37
FB3D,cb_intrinsic,brain,FB,494.4,137.4,-1,-1,-1,-1,-1,-1,-1,-1,2,-1,-1,37
FB3E,cb_intrinsic,brain,FB,587.4,72.5,29,-1,-1,-1,-1,-1,64,-1,4,-1,-1,37
FB4A_a,cb_intrinsic,brain,FB,443.2,112.4,13,-1,-1,-1,-1,-1,-1,-1,8,-1,-1,37
FB4A_b,cb_intrinsic,brain,FB,544.4,164.2,-1,-1,-1,-1,-1,-1,-1,-1,-1,-1,-1,37
FB4B,cb_intrinsic,brain,FB,462.8,169.2,-1,-1,-1,-1,46,-1,-1,-1,4,-1,-1,37
FB4C,cb_intrinsic,brain,FB,446.1,74.8,40,-1,68,-1,38,-1,32,-1,-1,-1,-1,37
FB4D_a,cb_intrinsic,brain,FB,561.5,178.6,34,-1,-1,-1,-1,-1,-1,-1,-1,-1,-1,37
FB4D_b,cb_intrinsic,brain,FB,486.7,149.0,-1,-1,-1,-1,-1,-1,-1,-1,-1,-1,-1,37
FB4D_c,cb_intrinsic,brain,FB,523.3,198.3,-1,-1,-1,-1,-1,-1,-1,-1,2,-1,-1,37
FB4E_a,cb_intrinsic,brain,FB,417.0,237.9,-1,-1,65,-1,-1,-1,-1,-1,40,-1,-1,37
FB4E_b,cb_intrinsic,brain,FB,424.6,102.3,50,-1,-1,-1,-1,-1,-1,-1,9,-1,-1,37
FB4E_c,cb_intrinsic,brain,FB,523.7,182.9,15,-1,-1,-1,-1,-1,-1,-1,-1,-1,-1,37
FB4F_a,cb_intrinsic,brain,FB,419.6,95.2,20,-1,-1,-1,47,-1,67,-1,40,-1,-1,37
FB4F_b,cb_intrinsic,brain,FB,524.8,132.7,5,-1,-1,-1,-1,-1,-1,-1,-1,-1,-1,37
FB4F_c,cb_intrinsic,brain,FB,510.3,173.7,-1,-1,52,-1,35,-1,65,-1,3,-1,67,37
FB4G,cb_intrinsic,brain,FB,559.6,164.6,13,-1,-1,-1,64,-1,67,-1,5,-1,-1,37
FB4H,cb_intrinsic,brain,FB,550.5,96.0,50,-1,8,-1,39,-1,31,-1,2,-1,-1,37
FB4I,cb_intrinsic,brain,FB,510.4,173.6,7,-1,-1,-1,-1,-1,-1,-1,-1,-1,-1,37
FB4J,cb_intrinsic,brain,FB,492.4,190.3,-1,-1,-1,-1,-1,-1,-1,-1,-1,-1,50,37
FB4K,cb_intrinsic,brain,FB,527.7,178.7,60,-1,-1,-1,31,-1,66,-1,5,-1,-1,37
FB4L,cb_intrinsic,brain,FB,503.4,174.5,36,-1,-1,-1,16,-1,-1,-1,13,-1,-1,37
FB4M,cb_intrinsic,brain,FB,593.8,214.5,-1,-1,19,-1,6,-1,-1,-1,3,-1,62,37
FB4N,cb_intrinsic,brain,FB,528.7,135.5,44,-1,-1,-1,40,-1,63,-1,8,-1,-1,37
FB4O,cb_intrinsic,brain,FB,510.1,160.1,-1,-1,20,-1,24,-1,63,-1,9,-1,-1,37
FB4P_a,cb_intrinsic,brain,FB,593.4,81.8,23,-1,58,-1,-1,-1,66,-1,2,-1,53,37
FB4P_b,cb_intrinsic,brain,FB,525.2,171.5,36,-1,30,-1,65,-1,-1,-1,61,-1,-1,37
FB4P_c,cb_intrinsic,brain,FB,508.0,189.1,24,-1,-1,-1,-1,-1,-1,-1,62,-1,-1,37
FB4Q_a,cb_intrinsic,brain,FB,543.9,114.6,-1,-1,-1,-1,-1,-1,-1,-1,62,-1,-1,37
FB4Q_b,cb_intrinsic,brain,FB,564.5,139.1,-1,-1,-1,-1,-1,-1,-1,-1,60,-1,-1,37
FB4Q_c,cb_intrinsic,brain,FB,477.3,195.1,-1,-1,55,-1,-1,-1,-1,-1,60,-1,-1,37
FB4R,cb_intrinsic,brain,FB,533.8,137.5,9,-1,-1,-1,53,-1,63,-1,-1,-1,45,37
FB4X,cb_intrinsic,brain,FB,519.5,188.0,57,-1,-1,-1,32,-1,-1,-1,8,-1,-1,37
FB4Y,cb_intrinsic,brain,FB,571.7,118.4,19,-1,12,-1,27,-1,66,-1,2,-1,-1,37
FB4Z_a,cb_intrinsic,brain,FB,507.6,188.4,64,-1,-1,-1,22,-1,-1,-1,-1,61,-1,37
FB4Z_b,cb_intrinsic,brain,FB,495.9,146.8,-1,-1,-1,-1,-1,-1,-1,-1,-1,-1,-1,37
FB4Z_c,cb_intrinsic,brain,FB,516.5,158.8,14,-1,-1,-1,38,-1,-1,-1,-1,61,-1,37
FB5A,cb_intrinsic,brain,FB,513.2,177.7,33,-1,3,-1,12,-1,64,-1,1,-1,-1,37
FB5AA,cb_intrinsic,brain,FB,493.1,186.5,66,-1,-1,-1,-1,-1,-1,-1,-1,-1,60,37
FB5AB,cb_intrinsic,brain,FB,394.0,77.6,-1,-1,7,-1,10,-1,64,-1,2,-1,46,37
FB5B,cb_intrinsic,brain,FB,632.3,49.9,-1,-1,62,-1,45,-1,67,-1,7,-1,-1,37
FB5C,cb_intrinsic,brain,FB,499.7,147.9,59,-1,-1,-1,-1,-1,-1,-1,-1,-1,-1,37
FB5D,cb_intrinsic,brain,FB,468.8,176.7,49,-1,-1,-1,-1,-1,-1,-1,3,-1,57,37
FB5E,cb_intrinsic,brain,FB,543.6,170.9,18,-1,-1,-1,-1,-1,-1,-1,3,-1,-1,37
FB5F,cb_intrinsic,brain,FB,484.3,64.9,40,-1,-1,-1,-1,-1,-1,-1,-1,-1,46,37
FB5G_a,cb_intrinsic,brain,FB,552.4,149.7,51,-1,-1,-1,52,-1,-1,-1,29,-1,-1,37
FB5G_b,cb_intrinsic,brain,FB,495.4,89.7,-1,-1,-1,-1,-1,-1,-1,-1,4,-1,-1,37
FB5G_c,cb_intrinsic,brain,FB,517.1,158.1,2,-1,-1,-1,-1,-1,-1,-1,-1,-1,64,37
FB5H,cb_intrinsic,brain,FB,527.7,187.8,37,-1,28,-1,66,-1,-1,-1,2,-1,-1,37
FB5I,cb_intrinsic,brain,FB,507.4,171.8,-1,-1,26,-1,45,-1,-1,-1,-1,-1,-1,37
FB5J,cb_intrinsic,brain,FB,524.1,161.9,4,-1,-1,-1,-1,-1,-1,-1,61,-1,-1,37
FB5K,cb_intrinsic,brain,FB,544.2,157.8,18,-1,16,-1,-1,-1,-1,-1,2,-1,-1,37
FB5L,cb_intrinsic,brain,FB,553.0,157.8,-1,-1,19,-1,-1,-1,-1,-1,64,-1,-1,37
FB5M,cb_intrinsic,brain,FB,518.5,162.8,-1,-1,-1,-1,-1,-1,-1,-1,6,-1,-1,37
FB5N,cb_intrinsic,brain,FB,511.3,150.7,-1,-1,-1,-1,35,-1,-1,-1,2,-1,-1,37
FB5O,cb_intrinsic,brain,FB,512.3,184.2,33,-1,-1,-1,-1,-1,-1,-1,-1,62,-1,37
FB5P,cb_intrinsic,brain,FB,469.9,104.8,-1,-1,38,-1,-1,-1,-1,-1,-1,-1,-1,37
FB5Q,cb_intrinsic,brain,FB,397.5,112.5,19,-1,28,-1,-1,60,63,-1,-1,-1,-1,37
FB5R,cb_intrinsic,brain,FB,510.5,169.8,14,-1,-1,-1,51,-1,-1,-1,44,-1,-1,37
FB5S,cb_intrinsic,brain,FB,510.3,180.0,-1,-1,41,-1,26,-1,-1,-1,7,-1,-1,37
FB5T,cb_intrinsic,brain,FB,471.9,67.4,39,-1,-1,-1,-1,-1,-1,-1,60,-1,67,37
FB5U,cb_intrinsic,brain,FB,498.3,200.9,-1,-1,68,-1,45,-1,-1,-1,3,-1,48,37
FB5V_a,cb_intrinsic,brain,FB,623.6,168.3,49,-1,34,-1,42,-1,62,-1,6,-1,-1,37
FB5V_b,cb_intrinsic,brain,FB,421.1,137.5,-1,-1,47,-1,60,-1,65,-1,4,-1,46,37
FB5V_c,cb_intrinsic,brain,CRE(L),528.5,163.7,27,-1,40,-1,-1,-1,-1,-1,58,-1,-1,37
FB5W_a,cb_intrinsic,brain,FB,573.6,91.9,1,-1,-1,-1,44,-1,-1,-1,59,-1,-1,37
FB5W_b,cb_intrinsic,brain,FB,508.0,178.1,-1,-1,-1,-1,-1,-1,-1,-1,5,-1,-1,37
FB5X,cb_intrinsic,brain,FB,528.9,171.0,-1,-1,25,-1,-1,-1,-1,-1,-1,-1,-1,37
FB5Y_a,cb_intrinsic,brain,FB,543.7,188.8,14,-1,62,-1,-1,-1,65,-1,15,-1,-1,37
FB5Y_b,cb_intrinsic,brain,FB,399.3,69.5,-1,-1,-1,-1,-1,-1,-1,-1,-1,-1,-1,37
FB5Z,cb_intrinsic,brain,FB,471.1,194.9,-1,-1,34,-1,-1,-1,-1,-1,-1,-1,-1,37
FB6A_a,cb_intrinsic,brain,FB,507.7,184.6,3,-1,16,-1,43,-1,31,-1,1,-1,66,37
FB6A_b,cb_intrinsic,brain,FB,521.9,191.2,6,-1,31,-1,24,-1,65,-1,7,-1,46,37
FB6A_c,cb_intrinsic,brain,FB,513.0,168.5,-1,-1,43,-1,53,-1,32,-1,5,-1,-1,37
FB6B,cb_intrinsic,brain,FB,616.2,69.7,-1,-1,58,-1,-1,-1,-1,-1,-1,-1,-1,37
FB6C_a,cb_intrinsic,brain,FB,480.9,161.8,-1,-1,47,-1,-1,-1,67,-1,4,-1,-1,37
FB6C_b,cb_intrinsic,brain,FB,562.2,85.2,55,-1,4,-1,13,-1,32,-1,1,-1,47,37
FB6D,cb_intrinsic,brain,FB,542.9,168.0,26,-1,-1,-1,30,-1,31,-1,9,-1,-1,37
FB6E,cb_intrinsic,brain,FB,544.8,147.0,9,-1,-1,-1,63,-1,-1,-1,3,-1,-1,37
FB6F,cb_intrinsic,brain,FB,506.0,173.9,-1,-1,-1,-1,43,-1,-1,-1,4,-1,-1,37
FB6G,cb_intrinsic,brain,FB,510.7,153.1,-1,-1,39,-1,58,-1,-1,-1,6,-1,60,37
FB6H,cb_intrinsic,brain,FB,498.8,173.3,-1,-1,47,-1,43,-1,-1,-1,4,-1,65,37
FB6I,cb_intrinsic,brain,FB,477.6,164.4,24,-1,54,-1,35,-1,-1,-1,4,-1,66,37
FB6J,cb_intrinsic,brain,FB,504.2,188.1,39,-1,65,-1,63,-1,-1,-1,3,-1,-1,37
FB6K,cb_intrinsic,brain,FB,441.5,58.3,14,-1,-1,-1,45,-1,-1,-1,7,-1,-1,37
FB6L,cb_intrinsic,brain,FB,540.3,175.6,4,-1,-1,-1,-1,-1,-1,-1,-1,-1,-1,37
FB6M,cb_intrinsic,brain,FB,596.0,47.3,53,-1,-1,-1,-1,-1,30,-1,-1,-1,44,37
FB6N,cb_intrinsic,brain,FB,485.6,175.4,3,-1,27,-1,-1,-1,-1,-1,2,-1,63,37
FB6O,cb_intrinsic,brain,FB,541.0,166.8,-1,-1,-1,-1,-1,-1,-1,-1,56,-1,-1,37
FB6P,cb_intrinsic,brain,FB,503.4,198.3,-1,-1,-1,-1,-1,-1,-1,-1,52,-1,-1,37
FB6Q,cb_intrinsic,brain,FB,539.0,57.0,2,-1,-1,-1,-1,-1,65,-1,7,-1,-1,37
FB6R,cb_intrinsic,brain,FB,490.7,174.8,22,-1,54,-1,-1,-1,-1,-1,16,-1,-1,37
FB6S,cb_intrinsic,brain,SIP(L),631.4,109.6,-1,-1,-1,-1,-1,-1,32,-1,10,-1,-1,37
FB6T,cb_intrinsic,brain,FB,600.2,92.7,-1,-1,55,-1,-1,-1,66,-1,3,-1,58,37
FB6U,cb_intrinsic,brain,FB,566.7,116.7,-1,-1,-1,-1,43,-1,-1,-1,2,-1,59,37
FB6V,cb_intrinsic,brain,FB,544.0,158.7,34,-1,-1,-1,-1,-1,-1,-1,3,-1,-1,37
FB6W,cb_intrinsic,brain,FB,633.9,88.8,16,-1,-1,-1,-1,-1,-1,-1,2,-1,-1,37
FB6X,cb_intrinsic,brain,FB,581.6,125.8,26,-1,-1,-1,-1,-1,66,-1,3,-1,49,37
FB6Y,cb_intrinsic,brain,FB,522.0,184.5,38,-1,-1,-1,-1,-1,-1,-1,46,-1,46,37
FB6Z,cb_intrinsic,brain,FB,512.0,151.8,30,-1,-1,-1,40,-1,-1,-1,25,-1,-1,37
FB7A,cb_intrinsic,brain,FB,497.3,158.1,-1,-1,6,-1,19,-1,33,-1,3,-1,-1,37
FB7B,cb_intrinsic,brain,FB,714.6,133.1,-1,-1,-1,-1,-1,-1,-1,-1,4,-1,-1,37
FB7C,cb_intrinsic,brain,FB,451.1,92.0,49,-1,-1,-1,-1,-1,-1,-1,-1,-1,-1,37
FB7D_a,cb_intrinsic,brain,FB,527.0,195.4,-1,-1,-1,-1,-1,-1,-1,-1,-1,-1,-1,37
FB7D_b,cb_intrinsic,brain,FB,530.3,166.3,3,-1,-1,-1,-1,-1,-1,-1,-1,-1,-1,37
FB7E,cb_intrinsic,brain,FB,515.9,170.5,-1,-1,33,-1,34,-1,-1,-1,3,-1,-1,37
FB7F,cb_intrinsic,brain,SIP(L),309.3,72.6,4,-1,-1,-1,-1,-1,33,-1,18,-1,48,37
FB7G,cb_intrinsic,brain,FB,461.0,107.6,-1,-1,-1,-1,-1,-1,-1,-1,4,-1,-1,37
FB7H,cb_intrinsic,brain,FB,491.2,160.3,-1,-1,-1,-1,-1,-1,-1,-1,-1,25,61,37
FB7I,cb_intrinsic,brain,FB,535.8,151.4,52,-1,-1,-1,31,-1,-1,-1,2,-1,50,37
FB7J,cb_intrinsic,brain,FB,479.3,142.5,54,-1,-1,-1,34,-1,-1,-1,2,-1,-1,37
FB7K,cb_intrinsic,brain,FB,467.7,165.4,23,-1,43,-1,46,-1,-1,-1,3,-1,-1,37
FB7L,cb_intrinsic,brain,FB,521.5,178.2,-1,-1,23,-1,17,-1,-1,-1,2,-1,-1,37
FB7M,cb_intrinsic,brain,FB,456.5,134.7,10,-1,-1,-1,-1,-1,-1,-1,-1,-1,-1,37
FB8A,cb_intrinsic,brain,FB,588.5,61.6,6,-1,-1,-1,-1,-1,-1,-1,66,-1,45,37
FB8B,cb_intrinsic,brain,FB,480.4,146.8,56,-1,64,-1,51,-1,67,-1,-1,-1,-1,37
FB8C,cb_intrinsic,brain,FB,539.5,56.2,-1,-1,-1,-1,-1,-1,34,-1,41,-1,63,37
FB8D,cb_intrinsic,brain,FB,457.6,105.5,20,-1,-1,-1,-1,-1,-1,-1,17,-1,69,37
FB8E,cb_intrinsic,brain,FB,554.1,165.7,50,-1,-1,-1,-1,-1,-1,-1,10,-1,61,37
FB8F_a,cb_intrinsic,brain,FB,540.9,189.6,-1,-1,65,-1,-1,-1,28,-1,11,-1,-1,37
FB8F_b,cb_intrinsic,brain,SLP(L),643.8,92.2,-1,-1,42,-1,29,-1,32,-1,7,-1,-1,37
FB8G,cb_intrinsic,brain,FB,493.7,178.6,-1,-1,54,-1,46,-1,-1,-1,2,-1,-1,37
FB8H,cb_intrinsic,brain,FB,621.7,35.1,-1,-1,59,-1,34,-1,68,-1,3,-1,-1,37
FB8I,cb_intrinsic,brain,FB,576.9,81.5,48,-1,42,-1,44,-1,-1,-1,3,-1,-1,37
FB9A,cb_intrinsic,brain,FB,519.2,163.5,-1,-1,-1,-1,-1,-1,-1,-1,15,-1,-1,37
FB9B_a,cb_intrinsic,brain,FB,488.0,171.1,58,-1,-1,-1,-1,-1,-1,-1,16,-1,-1,37
FB9B_b,cb_intrinsic,brain,FB,334.4,93.9,45,-1,-1,-1,-1,-1,-1,-1,10,-1,-1,37
FB9B_c,cb_intrinsic,brain,FB,490.5,198.3,-1,-1,-1,-1,-1,-1,-1,-1,18,-1,-1,37
FB9B_d,cb_intrinsic,brain,FB,531.5,171.6,-1,-1,-1,-1,-1,-1,-1,-1,16,-1,58,37
FB9B_e,cb_intrinsic,brain,FB,332.4,121.4,-1,-1,-1,-1,-1,-1,-1,-1,18,-1,-1,37
FB9C,cb_intrinsic,brain,FB,680.1,40.9,-1,-1,-1,-1,-1,-1,33,-1,15,-1,-1,37
FC,cb_intrinsic,brain,FB,557.8,190.8,-1,-1,-1,-1,-1,-1,-1,-1,-1,-1,59,37
FC1A,cb_intrinsic,brain,FB,518.3,175.0,-1,-1,9,-1,46,-1,-1,-1,44,-1,-1,37
FC1B,cb_intrinsic,brain,FB,548.5,170.9,43,-1,8,-1,30,-1,-1,-1,44,-1,-1,37
FC1C_a,cb_intrinsic,brain,FB,531.1,151.5,-1,-1,-1,-1,24,-1,28,-1,43,-1,-1,37
FC1C_b,cb_intrinsic,brain,FB,520.1,182.7,4,-1,55,-1,8,-1,29,-1,6,-1,-1,37
FC1D,cb_intrinsic,brain,FB,542.0,163.9,-1,-1,12,-1,14,-1,-1,-1,5,-1,-1,37
FC1E,cb_intrinsic,brain,FB,547.8,171.4,-1,-1,29,-1,10,-1,30,-1,4,-1,51,37
FC1F,cb_intrinsic,brain,FB,539.5,177.9,-1,-1,28,-1,-1,-1,-1,-1,-1,-1,56,37
FC2A,cb_intrinsic,brain,FB,538.9,159.6,54,-1,9,-1,3,-1,27,-1,1,-1,-1,37
FC2B,cb_intrinsic,brain,FB,469.3,172.7,-1,-1,10,-1,2,-1,2,-1,1,-1,-1,37
FC2C,cb_intrinsic,brain,FB,520.7,146.8,2,-1,6,-1,2,-1,1,-1,1,-1,13,-1
FC3_a,cb_intrinsic,brain,FB,521.4,180.6,-1,-1,13,-1,10,-1,-1,-1,53,-1,55,37
FC3_b,cb_intrinsic,brain,FB,509.2,167.7,-1,-1,12,-1,10,-1,-1,-1,53,-1,67,37
FC3_c,cb_intrinsic,brain,FB,496.0,191.7,50,-1,28,-1,18,-1,-1,-1,-1,-1,44,37
FLA001m,cb_intrinsic,brain,SIP(R),556.9,78.6,17,-1,7,-1,14,-1,11,-1,20,-1,11,-1
FLA002m,cb_intrinsic,brain,SMP(R),576.3,321.5,-1,-1,54,-1,52,-1,45,-1,23,-1,-1,37
FLA003m,cb_intrinsic,brain,SMP(R),455.5,98.3,-1,-1,65,-1,-1,-1,45,-1,27,-1,-1,37
FLA004m,cb_intrinsic,brain,SMP(R),334.0,81.8,46,-1,48,-1,66,-1,41,-1,26,-1,-1,37
FLA005m,cb_intrinsic,brain,SMP(R),472.2,89.6,6,-1,-1,-1,-1,-1,43,-1,22,-1,-1,37
FLA006m,cb_intrinsic,brain,SMP(R),563.6,97.2,-1,-1,-1,-1,16,-1,46,-1,15,-1,55,37
FLA009m,cb_intrinsic,brain,SMP(R),440.5,77.8,-1,-1,-1,-1,-1,-1,-1,-1,-1,-1,-1,37
FLA016,cb_intrinsic,brain,GNG,392.5,126.1,-1,-1,44,-1,-1,-1,20,-1,54,-1,5,-1
FLA017,cb_intrinsic,brain,SAD,484.4,337.5,13,-1,45,-1,35,-1,-1,-1,11,-1,-1,37
FLA018,cb_intrinsic,brain,FLA(L),547.0,312.8,12,-1,-1,-1,-1,-1,25,-1,-1,-1,14,-1
FLA019,cb_intrinsic,brain,GNG,509.7,348.3,-1,-1,-1,-1,-1,-1,7,-1,2,-1,12,-1
FLA020,cb_intrinsic,brain,SMP(R),548.1,311.7,40,-1,7,-1,23,-1,38,-1,34,-1,7,-1
FMRFa_Tv,vnc_endocrine,vnc,IntTct,516.7,737.5,-1,-1,-1,-1,15,-1,-1,-1,7,-1,58,-1
FNM2,vnc_motor,vnc,IntTct,602.4,700.6,15,-1,-1,63,20,-1,-1,-1,6,-1,58,-1
FR1,cb_intrinsic,brain,FB,515.9,181.9,-1,-1,21,-1,6,-1,6,-1,1,-1,-1,37
FR2,cb_intrinsic,brain,FB,539.0,154.5,-1,-1,31,-1,67,-1,27,-1,4,-1,59,37
FS1A_a,cb_intrinsic,brain,FB,525.3,153.3,-1,-1,57,-1,29,-1,5,-1,2,-1,-1,37
FS1A_b,cb_intrinsic,brain,FB,485.3,157.4,-1,-1,-1,-1,47,-1,29,-1,3,-1,62,37
FS1A_c,cb_intrinsic,brain,FB,527.8,61.6,32,-1,-1,-1,22,-1,6,-1,3,-1,-1,37
FS1B_a,cb_intrinsic,brain,FB,600.0,81.5,-1,-1,58,-1,45,-1,5,-1,3,-1,-1,37
FS1B_b,cb_intrinsic,brain,FB,522.4,165.9,-1,-1,34,-1,-1,-1,3,-1,-1,-1,-1,37
FS2,cb_intrinsic,brain,FB,544.7,141.8,55,-1,17,-1,4,-1,4,-1,1,-1,-1,37
FS3,cb_intrinsic,brain,FB,495.4,134.0,-1,-1,-1,-1,-1,-1,-1,-1,62,-1,-1,37
FS3_a,cb_intrinsic,brain,FB,507.5,126.2,-1,-1,43,-1,-1,-1,28,-1,2,-1,65,37
FS3_b,cb_intrinsic,brain,FB,542.4,151.2,54,-1,-1,-1,-1,-1,30,-1,-1,-1,-1,37
FS3_c,cb_intrinsic,brain,FB,555.0,140.6,-1,-1,-1,-1,-1,-1,29,-1,2,-1,-1,37
FS3_d,cb_intrinsic,brain,FB,471.1,151.7,-1,-1,39,-1,-1,-1,12,-1,16,-1,-1,37
FS4A,cb_intrinsic,brain,FB,519.4,144.4,52,-1,9,-1,12,-1,4,-1,2,-1,-1,37
FS4B,cb_intrinsic,brain,FB,521.4,203.0,-1,-1,29,-1,-1,-1,29,-1,14,-1,48,37
FS4C,cb_intrinsic,brain,FB,539.1,124.0,-1,-1,16,-1,-1,-1,27,-1,67,-1,-1,37
Fe reductor MN,vnc_motor,vnc,LegNp(T3)(L),576.2,924.8,1,-1,-1,51,3,-1,-1,-1,2,-1,-1,42
GFC1,vnc_intrinsic,vnc,LTct,651.1,748.9,15,-1,-1,-1,45,-1,-1,-1,1,-1,-1,67
GFC2,vnc_intrinsic,vnc,LegNp(T2)(L),593.2,892.4,-1,-1,7,-1,3,-1,4,-1,1,-1,5,-1
GFC3,vnc_intrinsic,vnc,LTct,493.3,816.4,18,-1,-1,-1,38,-1,8,-1,69,-1,43,-1
GFC4,vnc_intrinsic,vnc,LTct,544.0,730.3,7,-1,-1,66,-1,-1,-1,-1,-1,-1,-1,43
GLNO,cb_intrinsic,brain,NO,424.5,269.2,29,-1,-1,-1,-1,-1,-1,-1,-1,-1,-1,37
GNG001,cb_intrinsic,brain,GNG,528.9,413.9,-1,-1,17,-1,4,-1,26,-1,11,-1,41,-1
GNG002,cb_intrinsic,brain,GNG,433.4,430.5,-1,-1,49,-1,-1,-1,21,-1,-1,-1,4,-1
GNG003,cb_intrinsic,brain,GNG,533.4,409.3,38,-1,22,-1,10,-1,6,-1,9,-1,-1,37
GNG004,cb_intrinsic,brain,GNG,507.4,414.0,-1,-1,-1,64,47,-1,-1,-1,-1,-1,20,-1
GNG005,cb_intrinsic,brain,GNG,436.3,400.9,-1,-1,59,-1,19,-1,9,-1,12,-1,18,-1
GNG006,cb_intrinsic,brain,GNG,587.1,333.5,-1,-1,-1,-1,24,-1,-1,-1,29,-1,-1,37
GNG007,cb_intrinsic,brain,GNG,466.1,337.3,-1,-1,32,-1,-1,-1,-1,-1,6,-1,65,37
GNG008,cb_intrinsic,brain,SAD,751.9,208.9,-1,-1,27,-1,-1,-1,10,-1,-1,-1,4,-1
GNG009,cb_intrinsic,brain,GNG,494.9,391.2,57,-1,-1,-1,-1,-1,-1,23,-1,-1,-1,37
GNG011,cb_intrinsic,brain,GNG,446.9,403.0,-1,-1,55,-1,6,-1,19,-1,4,-1,-1,37
GNG013,cb_intrinsic,brain,GNG,549.0,384.3,8,-1,-1,-1,4,-1,12,-1,2,-1,-1,37
GNG014,cb_intrinsic,brain,GNG,566.7,379.4,39,-1,3,-1,5,-1,11,-1,9,-1,1,-1
GNG015,cb_intrinsic,brain,GNG,419.8,437.3,33,-1,31,-1,4,-1,-1,-1,6,-1,17,-1
GNG016,cb_intrinsic,brain,GNG,483.2,386.9,-1,-1,10,-1,5,-1,9,-1,35,-1,2,-1
GNG017,cb_intrinsic,brain,GNG,500.3,447.8,-1,-1,33,-1,5,-1,-1,-1,9,-1,33,-1
GNG018,cb_intrinsic,brain,GNG,505.9,442.3,29,-1,20,-1,8,-1,-1,-1,24,-1,-1,37
GNG019,cb_intrinsic,brain,GNG,521.2,396.6,9,-1,17,-1,9,-1,-1,-1,17,-1,35,-1
GNG021,cb_intrinsic,brain,GNG,486.0,408.3,19,-1,11,-1,6,-1,3,-1,9,-1,2,-1
GNG022,cb_intrinsic,brain,PRW,476.1,393.2,-1,-1,66,-1,9,-1,41,-1,37,-1,6,-1
GNG023,cb_intrinsic,brain,GNG,522.1,385.9,11,-1,17,-1,10,-1,26,-1,26,-1,17,-1
GNG024,cb_intrinsic,brain,GNG,563.8,408.3,-1,-1,-1,-1,6,-1,31,-1,9,-1,34,-1
GNG025,cb_intrinsic,brain,GNG,518.8,408.9,63,-1,21,-1,12,-1,26,-1,13,-1,17,-1
GNG026,cb_intrinsic,brain,GNG,450.6,413.9,13,-1,27,-1,12,-1,12,-1,19,-1,5,-1
GNG027,cb_intrinsic,brain,GNG,491.7,393.9,56,-1,42,-1,19,-1,-1,-1,24,-1,42,-1
GNG028,cb_intrinsic,brain,GNG,548.7,433.5,-1,-1,23,-1,27,-1,-1,-1,56,-1,14,-1
GNG029,cb_intrinsic,brain,GNG,519.3,402.8,16,-1,29,-1,18,-1,26,-1,27,-1,7,-1
GNG030,cb_intrinsic,brain,GNG,585.0,416.2,66,-1,45,-1,43,-1,-1,-1,33,-1,7,-1
GNG031,cb_intrinsic,brain,GNG,509.2,400.7,13,-1,41,-1,15,-1,24,-1,-1,-1,12,-1
GNG032,cb_intrinsic,brain,PRW,486.4,352.7,-1,-1,16,-1,12,-1,15,-1,33,-1,11,-1
GNG033,cb_intrinsic,brain,GNG,607.4,404.3,-1,-1,14,-1,16,-1,15,-1,18,-1,6,-1
GNG034,cb_intrinsic,brain,GNG,568.1,376.1,-1,-1,-1,-1,43,-1,-1,-1,29,-1,48,37
GNG035,cb_intrinsic,brain,GNG,531.5,451.5,3,-1,7,-1,10,-1,-1,-1,-1,-1,12,-1
GNG036,cb_intrinsic,brain,GNG,433.8,387.5,-1,-1,23,-1,20,-1,25,-1,27,-1,13,-1
GNG037,cb_intrinsic,brain,GNG,484.0,392.6,-1,-1,14,-1,16,-1,15,-1,42,-1,3,-1
GNG038,cb_intrinsic,brain,GNG,553.0,451.7,30,-1,-1,60,17,-1,-1,-1,-1,-1,33,-1
GNG039,cb_intrinsic,brain,GNG,487.4,448.8,10,-1,-1,-1,11,-1,-1,-1,-1,-1,42,-1
GNG040,cb_intrinsic,brain,GNG,541.5,403.1,17,-1,8,-1,58,-1,38,-1,20,-1,14,-1
GNG041,cb_intrinsic,brain,GNG,579.3,382.2,-1,-1,-1,-1,14,-1,27,-1,25,-1,10,-1
GNG042,cb_intrinsic,brain,GNG,466.7,369.7,19,-1,-1,-1,12,-1,-1,-1,32,-1,14,-1
GNG043,cb_intrinsic,brain,GNG,577.2,392.8,-1,-1,-1,-1,24,-1,23,-1,-1,-1,13,-1
GNG044,cb_intrinsic,brain,GNG,507.3,330.4,-1,-1,30,-1,20,-1,24,-1,-1,-1,33,-1
GNG045,cb_intrinsic,brain,PRW,559.6,362.3,14,-1,27,-1,23,-1,-1,-1,-1,-1,9,-1
GNG046,cb_intrinsic,brain,GNG,512.5,394.7,19,-1,11,-1,46,-1,23,-1,-1,-1,2,-1
GNG047,cb_intrinsic,brain,GNG,540.2,433.1,10,-1,8,-1,25,-1,24,-1,21,-1,9,-1
GNG048,cb_intrinsic,brain,GNG,526.5,394.0,23,-1,37,-1,30,-1,-1,-1,11,-1,-1,37
GNG049,cb_intrinsic,brain,GNG,544.2,299.9,-1,-1,18,-1,25,-1,5,-1,39,-1,2,-1
GNG050,cb_intrinsic,brain,GNG,517.0,412.4,-1,-1,39,-1,18,-1,-1,-1,41,-1,10,-1
GNG051,cb_intrinsic,brain,PRW,499.2,325.5,-1,-1,27,-1,33,-1,-1,-1,39,-1,14,-1
GNG052,cb_intrinsic,brain,GNG,501.4,362.6,-1,-1,12,-1,-1,-1,-1,-1,20,-1,-1,37
GNG053,cb_intrinsic,brain,GNG,543.6,405.8,-1,-1,-1,-1,31,-1,20,-1,-1,-1,10,-1
GNG054,cb_intrinsic,brain,GNG,541.8,393.5,-1,-1,14,-1,50,-1,-1,-1,-1,-1,11,-1
GNG055,cb_intrinsic,brain,GNG,553.5,403.2,-1,-1,-1,-1,16,-1,14,-1,41,-1,8,-1
GNG056,cb_intrinsic,brain,GNG,458.6,469.7,25,-1,-1,-1,25,-1,-1,-1,48,-1,14,-1
GNG057,cb_intrinsic,brain,GNG,518.3,413.1,42,-1,29,-1,29,-1,-1,-1,-1,-1,5,-1
GNG058,cb_intrinsic,brain,PRW,573.8,305.2,-1,-1,16,-1,31,-1,15,-1,36,-1,10,-1
GNG059,cb_intrinsic,brain,GNG,483.8,410.9,3,-1,-1,-1,58,-1,-1,-1,-1,-1,60,42
GNG060,cb_intrinsic,brain,GNG,548.0,307.7,10,-1,43,-1,35,-1,9,-1,40,-1,5,-1
GNG061,cb_intrinsic,brain,GNG,422.0,379.9,-1,-1,12,-1,20,-1,-1,-1,-1,-1,8,-1
GNG062,cb_intrinsic,brain,GNG,489.9,381.3,-1,-1,-1,-1,44,-1,26,-1,-1,-1,-1,37
GNG063,cb_intrinsic,brain,GNG,552.5,426.7,55,-1,54,-1,47,-1,30,-1,30,-1,47,37
GNG064,cb_intrinsic,brain,GNG,534.3,435.1,-1,-1,-1,-1,52,-1,13,-1,41,-1,7,-1
GNG065,cb_intrinsic,brain,GNG,562.5,399.3,-1,-1,38,-1,37,-1,26,-1,55,-1,13,-1
GNG066,cb_intrinsic,brain,GNG,533.7,399.2,25,-1,31,-1,26,-1,-1,-1,-1,-1,-1,42
GNG067,cb_intrinsic,brain,PRW,452.5,325.7,11,-1,-1,-1,29,-1,10,-1,38,-1,-1,37
GNG068,cb_intrinsic,brain,GNG,544.6,448.1,-1,-1,12,-1,20,-1,-1,-1,40,-1,13,-1
GNG069,cb_intrinsic,brain,GNG,588.9,397.1,9,-1,49,-1,50,-1,-1,-1,33,-1,14,-1
GNG070,cb_intrinsic,brain,PRW,558.6,323.6,57,-1,37,-1,-1,-1,-1,-1,36,-1,-1,37
GNG071,cb_intrinsic,brain,GNG,510.6,391.7,10,-1,44,-1,41,-1,-1,-1,30,-1,13,-1
GNG072,cb_intrinsic,brain,GNG,588.6,420.1,-1,-1,24,-1,30,-1,37,-1,-1,-1,42,-1
GNG073,cb_intrinsic,brain,GNG,621.5,398.3,20,-1,-1,68,-1,-1,29,-1,67,-1,-1,-1
GNG074,cb_intrinsic,brain,GNG,476.2,424.3,-1,-1,-1,53,-1,-1,-1,-1,-1,-1,-1,37
GNG075,cb_intrinsic,brain,GNG,581.4,376.0,32,-1,40,-1,24,-1,-1,-1,-1,-1,15,-1
GNG076,cb_intrinsic,brain,GNG,488.3,412.9,-1,-1,21,-1,52,-1,-1,-1,-1,-1,9,-1
GNG077,cb_intrinsic,brain,GNG,547.6,411.7,-1,-1,15,-1,40,-1,-1,-1,42,-1,41,-1
GNG078,cb_intrinsic,brain,GNG,542.6,456.2,-1,-1,57,-1,23,-1,12,-1,41,-1,12,-1
GNG079,cb_intrinsic,brain,GNG,503.0,324.2,44,-1,-1,-1,-1,-1,13,-1,46,-1,9,-1
GNG080,cb_intrinsic,brain,GNG,459.0,410.8,23,-1,18,-1,-1,-1,-1,-1,-1,-1,-1,37
GNG081,cb_intrinsic,brain,GNG,456.2,350.0,-1,-1,12,-1,34,-1,-1,-1,50,-1,33,-1
GNG083,cb_intrinsic,brain,GNG,461.4,371.2,35,-1,-1,-1,40,-1,-1,-1,-1,-1,37,-1
GNG084,cb_intrinsic,brain,GNG,548.9,435.4,47,-1,34,-1,54,-1,46,-1,43,-1,9,-1
GNG085,cb_intrinsic,brain,GNG,459.0,420.9,44,-1,-1,-1,48,-1,-1,19,-1,-1,-1,37
GNG086,cb_intrinsic,brain,GNG,474.7,452.9,-1,-1,24,-1,55,-1,23,-1,-1,-1,15,-1
GNG087,cb_intrinsic,brain,GNG,488.4,455.8,38,-1,7,-1,4,-1,6,-1,15,-1,1,-1
GNG088,cb_intrinsic,brain,GNG,528.8,420.8,-1,-1,35,-1,7,-1,12,-1,13,-1,2,-1
GNG089,cb_intrinsic,brain,GNG,526.9,380.2,-1,-1,49,-1,9,-1,-1,-1,26,-1,31,-1
GNG090,cb_intrinsic,brain,GNG,526.6,383.0,-1,-1,16,-1,9,-1,8,-1,21,-1,6,-1
GNG091,cb_intrinsic,brain,GNG,506.8,447.2,-1,-1,51,-1,11,-1,22,-1,22,-1,12,-1
GNG092,cb_intrinsic,brain,GNG,444.8,380.2,33,-1,29,-1,24,-1,22,-1,-1,-1,4,-1
GNG093,cb_intrinsic,brain,GNG,533.4,460.7,-1,-1,18,-1,10,-1,-1,-1,26,-1,16,-1
GNG094,cb_intrinsic,brain,GNG,534.2,363.3,59,-1,26,-1,13,-1,13,-1,32,-1,2,-1
GNG095,cb_intrinsic,brain,GNG,457.8,468.3,-1,-1,27,-1,16,-1,-1,-1,43,-1,-1,34
GNG096,cb_intrinsic,brain,PRW,559.9,296.8,-1,-1,36,-1,15,-1,14,-1,18,-1,12,-1
GNG097,cb_intrinsic,brain,GNG,465.0,333.7,18,-1,46,-1,15,-1,37,-1,35,-1,3,-1
GNG099,cb_intrinsic,brain,GNG,500.2,447.5,4,-1,20,-1,14,-1,30,-1,26,-1,18,-1
GNG100,cb_intrinsic,brain,GNG,404.2,365.8,8,-1,40,-1,15,-1,16,-1,66,-1,67,37
GNG101,cb_intrinsic,brain,GNG,445.1,383.8,65,-1,26,-1,-1,-1,20,-1,-1,-1,20,-1
GNG102,cb_intrinsic,brain,GNG,543.2,260.8,-1,-1,-1,-1,6,-1,6,-1,-1,-1,10,-1
GNG103,cb_intrinsic,brain,GNG,476.3,385.7,50,-1,6,-1,36,-1,8,-1,-1,-1,16,-1
GNG104,cb_intrinsic,brain,GNG,516.2,405.3,-1,-1,7,-1,5,-1,3,-1,2,-1,-1,37
GNG105,cb_intrinsic,brain,GNG,443.0,327.1,26,-1,14,-1,15,-1,1,-1,12,-1,45,37
GNG106,cb_intrinsic,brain,GNG,484.1,371.6,27,-1,8,-1,20,-1,13,-1,12,-1,-1,37
GNG107,cb_intrinsic,brain,GNG,571.2,402.6,-1,-1,51,-1,15,-1,25,-1,39,-1,1,-1
GNG108,cb_intrinsic,brain,GNG,540.1,378.1,-1,-1,11,-1,8,-1,12,-1,9,-1,9,-1
GNG109,cb_intrinsic,brain,GNG,558.9,384.2,31,-1,25,-1,11,-1,-1,-1,11,-1,9,-1
GNG111,cb_intrinsic,brain,GNG,502.2,397.4,15,-1,18,-1,24,-1,-1,-1,12,-1,37,-1
GNG112,cb_intrinsic,brain,GNG,538.5,364.0,-1,-1,26,-1,24,-1,24,-1,48,-1,6,-1
GNG113,cb_intrinsic,brain,GNG,513.6,403.8,-1,-1,59,-1,9,-1,8,-1,4,-1,48,37
GNG114,cb_intrinsic,brain,GNG,503.9,405.0,-1,-1,38,-1,20,-1,24,-1,-1,-1,58,37
GNG115,cb_intrinsic,brain,GNG,508.7,423.0,-1,-1,-1,-1,10,-1,-1,-1,20,-1,17,-1
GNG116,cb_intrinsic,brain,GNG,439.7,452.6,65,-1,51,-1,18,-1,-1,-1,20,-1,-1,37
GNG117,cb_intrinsic,brain,GNG,479.6,451.0,-1,-1,8,-1,25,-1,23,-1,-1,-1,8,-1
GNG118,cb_intrinsic,brain,GNG,438.0,402.2,1,-1,-1,67,-1,-1,-1,-1,43,-1,3,-1
GNG119,cb_intrinsic,brain,GNG,485.1,445.5,-1,-1,13,-1,53,-1,4,-1,7,-1,5,-1
GNG120,cb_intrinsic,brain,GNG,459.7,445.3,-1,-1,24,-1,11,-1,-1,-1,25,-1,9,-1
GNG121,cb_intrinsic,brain,GNG,548.4,428.8,-1,-1,10,-1,-1,-1,1,-1,-1,-1,-1,37
GNG122,cb_intrinsic,brain,GNG,477.7,409.1,44,-1,56,-1,14,-1,5,-1,5,-1,10,-1
GNG123,cb_intrinsic,brain,GNG,440.9,395.2,-1,-1,32,-1,29,-1,-1,-1,32,-1,42,-1
GNG124,cb_intrinsic,brain,GNG,599.6,289.4,-1,-1,25,-1,-1,-1,6,-1,-1,-1,6,-1
GNG125,cb_intrinsic,brain,GNG,476.0,394.8,17,-1,51,-1,12,-1,-1,-1,37,-1,9,-1
GNG126,cb_intrinsic,brain,GNG,486.0,376.7,35,-1,-1,-1,7,-1,-1,-1,36,-1,21,-1
GNG127,cb_intrinsic,brain,GNG,467.5,407.9,12,-1,-1,-1,30,-1,-1,-1,-1,-1,-1,37
GNG128,cb_intrinsic,brain,GNG,540.7,397.8,12,-1,37,-1,13,-1,-1,-1,26,-1,11,-1
GNG129,cb_intrinsic,brain,GNG,555.8,358.3,8,-1,20,-1,17,-1,25,-1,-1,-1,13,-1
GNG130,cb_intrinsic,brain,GNG,513.9,383.8,-1,-1,69,-1,17,-1,25,-1,19,-1,12,-1
GNG131,cb_intrinsic,brain,GNG,561.1,432.4,-1,-1,54,-1,16,-1,20,-1,30,-1,15,-1
GNG132,cb_intrinsic,brain,GNG,456.6,385.3,49,-1,16,-1,14,-1,-1,-1,32,-1,4,-1
GNG133,cb_motor,brain,GNG,513.7,455.2,20,-1,-1,-1,13,-1,-1,-1,9,-1,-1,37
GNG134,cb_intrinsic,brain,GNG,460.8,339.9,-1,-1,48,-1,42,-1,10,-1,32,-1,15,-1
GNG135,cb_intrinsic,brain,GNG,436.2,402.8,-1,-1,65,-1,23,-1,23,-1,28,-1,3,-1
GNG136,cb_intrinsic,brain,GNG,470.8,411.8,5,-1,27,-1,54,-1,-1,-1,19,-1,4,-1
GNG137,cb_intrinsic,brain,GNG,512.4,413.3,-1,-1,-1,-1,31,-1,9,-1,27,-1,11,-1
GNG139,cb_intrinsic,brain,GNG,553.7,344.9,-1,-1,22,-1,14,-1,3,-1,21,-1,11,-1
GNG140,cb_intrinsic,brain,GNG,501.6,426.8,-1,-1,9,-1,-1,-1,25,-1,-1,-1,34,-1
GNG141,cb_intrinsic,brain,GNG,493.5,426.0,-1,-1,-1,-1,14,-1,28,-1,-1,-1,12,-1
GNG142,cb_intrinsic,brain,GNG,538.9,384.4,-1,-1,26,-1,16,-1,-1,-1,31,-1,12,-1
GNG143,cb_intrinsic,brain,GNG,501.3,393.2,-1,-1,14,-1,23,-1,9,-1,27,-1,9,-1
GNG144,cb_intrinsic,brain,GNG,480.2,369.1,64,-1,41,-1,10,-1,15,-1,17,-1,23,-1
GNG145,cb_intrinsic,brain,GNG,541.3,406.2,-1,-1,31,-1,24,-1,14,-1,34,-1,3,-1
GNG146,cb_intrinsic,brain,GNG,530.0,423.9,8,-1,55,-1,-1,-1,8,-1,12,-1,25,-1
GNG147,cb_intrinsic,brain,GNG,515.0,394.8,-1,-1,8,-1,25,-1,3,-1,55,-1,1,-1
GNG148,cb_intrinsic,brain,GNG,565.3,412.2,-1,-1,29,-1,28,-1,-1,-1,31,-1,17,-1
GNG149,cb_intrinsic,brain,GNG,559.3,420.4,-1,-1,-1,-1,57,-1,-1,-1,-1,-1,10,-1
GNG150,cb_intrinsic,brain,GNG,430.1,423.6,-1,-1,22,-1,55,-1,9,-1,47,-1,16,-1
GNG152,cb_intrinsic,brain,GNG,533.4,413.6,-1,-1,35,-1,31,-1,44,-1,40,-1,1,-1
GNG153,cb_intrinsic,brain,GNG,564.5,430.2,36,-1,17,-1,25,-1,26,-1,39,-1,-1,37
GNG154,cb_intrinsic,brain,GNG,488.5,413.1,66,-1,-1,-1,21,-1,30,-1,27,-1,11,-1
GNG155,cb_intrinsic,brain,GNG,460.9,445.2,-1,-1,11,-1,29,-1,14,-1,-1,-1,36,-1
GNG156,cb_intrinsic,brain,GNG,517.3,356.0,65,-1,-1,-1,40,-1,14,-1,64,-1,7,-1
GNG157,cb_intrinsic,brain,GNG,506.5,414.4,-1,-1,-1,-1,19,-1,12,-1,20,-1,-1,42
GNG158,cb_intrinsic,brain,GNG,536.5,446.1,11,-1,60,-1,-1,-1,14,-1,56,-1,12,-1
GNG159,cb_intrinsic,brain,GNG,516.8,422.0,-1,-1,35,-1,31,-1,25,-1,27,-1,15,-1
GNG160,cb_intrinsic,brain,GNG,491.6,408.6,-1,-1,11,-1,-1,-1,4,-1,14,-1,3,-1
GNG161,cb_intrinsic,brain,GNG,532.9,398.4,27,-1,42,-1,21,-1,14,-1,17,-1,33,-1
GNG162,cb_intrinsic,brain,GNG,491.5,417.8,7,-1,-1,-1,39,-1,19,-1,30,-1,7,-1
GNG163,cb_intrinsic,brain,GNG,576.3,406.8,-1,-1,11,-1,10,-1,13,-1,8,-1,37,-1
GNG164,cb_intrinsic,brain,GNG,551.6,362.2,-1,-1,24,-1,21,-1,21,-1,27,-1,-1,37
GNG165,cb_intrinsic,brain,GNG,478.1,408.8,-1,-1,11,-1,8,-1,-1,-1,33,-1,2,-1
GNG166,cb_intrinsic,brain,GNG,462.3,215.0,24,-1,41,-1,25,-1,23,-1,-1,-1,53,16
GNG167,cb_intrinsic,brain,GNG,553.8,429.4,12,-1,-1,-1,36,-1,-1,-1,20,-1,16,-1
GNG168,cb_intrinsic,brain,GNG,509.7,419.7,-1,-1,20,-1,44,-1,25,-1,-1,-1,8,-1
GNG169,cb_intrinsic,brain,GNG,438.3,371.0,-1,-1,11,-1,29,-1,-1,-1,57,-1,7,-1
GNG170,cb_intrinsic,brain,GNG,566.9,454.8,16,-1,-1,-1,-1,-1,-1,-1,-1,-1,35,-1
GNG171,cb_intrinsic,brain,GNG,569.8,398.4,-1,-1,9,-1,23,-1,26,-1,27,-1,-1,37
GNG172,cb_intrinsic,brain,GNG,474.8,381.2,31,-1,38,-1,29,-1,-1,-1,-1,-1,5,-1
GNG173,cb_intrinsic,brain,GNG,520.3,433.3,-1,-1,60,-1,-1,-1,21,-1,31,-1,37,-1
GNG174,cb_intrinsic,brain,GNG,447.8,389.7,-1,-1,13,-1,30,-1,-1,-1,-1,-1,11,-1
GNG175,cb_intrinsic,brain,GNG,513.2,406.5,-1,-1,-1,-1,31,-1,31,-1,-1,-1,6,-1
GNG176,cb_intrinsic,brain,GNG,490.7,263.6,-1,-1,-1,-1,51,-1,-1,-1,53,-1,5,-1
GNG177,cb_intrinsic,brain,GNG,465.7,364.3,-1,-1,-1,51,46,-1,-1,-1,13,-1,9,-1
GNG178,cb_intrinsic,brain,GNG,551.3,412.3,21,-1,58,-1,21,-1,-1,-1,27,-1,9,-1
GNG179,cb_intrinsic,brain,GNG,580.2,451.0,69,-1,-1,-1,31,-1,-1,-1,44,-1,9,-1
GNG180,cb_intrinsic,brain,GNG,455.2,428.3,-1,-1,33,-1,33,-1,-1,-1,-1,-1,13,-1
GNG181,cb_intrinsic,brain,GNG,461.6,453.2,67,-1,8,-1,19,-1,21,-1,67,-1,11,-1
GNG182,cb_intrinsic,brain,GNG,436.3,394.2,-1,-1,23,-1,38,-1,24,-1,41,-1,14,-1
GNG183,cb_intrinsic,brain,GNG,465.6,409.9,34,-1,41,-1,-1,-1,25,-1,30,-1,13,-1
GNG184,cb_intrinsic,brain,GNG,558.4,350.8,-1,-1,37,-1,32,-1,-1,-1,-1,-1,-1,37
GNG185,cb_intrinsic,brain,GNG,512.9,439.5,4,-1,63,-1,45,-1,-1,-1,-1,-1,5,-1
GNG186,cb_intrinsic,brain,GNG,545.1,429.5,-1,-1,67,-1,-1,-1,-1,-1,-1,-1,-1,36
GNG187,cb_intrinsic,brain,GNG,530.8,369.5,-1,-1,47,-1,26,-1,22,-1,62,-1,7,-1
GNG188,cb_intrinsic,brain,GNG,438.8,389.6,60,-1,66,-1,53,-1,28,-1,-1,-1,12,-1
GNG189,cb_intrinsic,brain,GNG,549.0,398.1,-1,-1,-1,-1,-1,-1,23,-1,66,-1,6,-1
GNG190,cb_intrinsic,brain,GNG,556.4,422.6,35,-1,-1,-1,-1,-1,25,-1,-1,-1,-1,37
GNG191,cb_intrinsic,brain,GNG,500.7,440.2,12,-1,18,-1,-1,-1,22,-1,37,-1,52,37
GNG192,cb_intrinsic,brain,GNG,498.7,450.8,18,-1,-1,-1,-1,-1,22,-1,-1,-1,13,-1
GNG194,cb_intrinsic,brain,GNG,484.2,371.6,-1,-1,37,-1,-1,-1,-1,-1,-1,-1,-1,37
GNG195,cb_intrinsic,brain,GNG,537.3,436.5,-1,-1,-1,-1,22,-1,-1,-1,-1,-1,9,-1
GNG196,cb_intrinsic,brain,GNG,448.2,386.1,-1,-1,42,-1,-1,-1,-1,-1,36,-1,14,-1
GNG197,cb_intrinsic,brain,GNG,489.0,462.4,23,-1,50,-1,34,-1,24,-1,41,-1,3,-1
GNG198,cb_intrinsic,brain,GNG,534.2,413.7,55,-1,15,-1,25,-1,9,-1,34,-1,4,-1
GNG199,cb_intrinsic,brain,GNG,500.5,366.1,-1,-1,46,-1,-1,-1,-1,-1,43,-1,7,-1
GNG200,cb_intrinsic,brain,GNG,518.6,398.8,-1,-1,19,-1,47,-1,26,-1,-1,-1,42,-1
GNG201,cb_intrinsic,brain,GNG,498.2,382.3,-1,-1,52,-1,52,-1,24,-1,33,-1,9,-1
GNG202,cb_intrinsic,brain,GNG,496.0,408.9,-1,-1,63,-1,47,-1,-1,48,55,-1,6,-1
GNG203,cb_intrinsic,brain,GNG,494.6,406.9,68,-1,-1,-1,35,-1,12,-1,-1,-1,14,-1
GNG204,cb_intrinsic,brain,GNG,490.7,390.2,-1,-1,-1,-1,68,-1,26,-1,-1,-1,5,-1
GNG205,cb_intrinsic,brain,GNG,529.3,412.4,-1,-1,55,-1,64,-1,12,-1,27,-1,12,-1
GNG206,cb_intrinsic,brain,GNG,527.5,436.8,-1,-1,25,-1,53,-1,-1,-1,29,-1,41,-1
GNG207,cb_intrinsic,brain,GNG,541.9,405.3,-1,-1,42,-1,-1,-1,-1,-1,-1,-1,43,-1
GNG208,cb_intrinsic,brain,GNG,557.6,435.3,64,-1,22,-1,-1,-1,-1,-1,41,-1,12,-1
GNG209,cb_intrinsic,brain,GNG,424.9,376.9,24,-1,47,-1,-1,-1,-1,-1,-1,-1,13,-1
GNG210,cb_intrinsic,brain,GNG,480.1,344.8,-1,-1,-1,-1,45,-1,-1,-1,-1,-1,8,-1
GNG211,cb_intrinsic,brain,GNG,509.3,442.5,-1,-1,11,-1,69,-1,13,-1,-1,-1,3,-1
GNG212,cb_intrinsic,brain,GNG,435.8,413.1,43,-1,23,-1,45,-1,12,-1,29,-1,4,-1
GNG213,cb_intrinsic,brain,GNG,478.1,373.1,-1,-1,38,-1,50,-1,-1,-1,-1,-1,10,-1
GNG214,cb_intrinsic,brain,GNG,544.7,445.2,57,-1,-1,-1,-1,-1,-1,-1,-1,-1,13,-1
GNG215,cb_intrinsic,brain,GNG,591.2,433.9,-1,-1,64,-1,36,-1,-1,-1,-1,-1,6,-1
GNG216,cb_intrinsic,brain,GNG,516.3,416.3,62,-1,-1,-1,-1,-1,26,-1,40,-1,13,-1
GNG217,cb_intrinsic,brain,GNG,557.0,431.7,-1,-1,41,-1,52,-1,22,-1,-1,-1,5,-1
GNG218,cb_intrinsic,brain,GNG,560.3,395.7,68,-1,-1,-1,-1,-1,11,-1,-1,-1,1,-1
GNG219,cb_intrinsic,brain,GNG,610.2,401.3,13,-1,-1,-1,53,-1,-1,-1,-1,-1,11,-1
GNG220,cb_intrinsic,brain,GNG,572.5,381.7,44,-1,-1,-1,-1,-1,-1,-1,47,-1,13,-1
GNG221,cb_intrinsic,brain,GNG,605.1,379.6,-1,-1,58,-1,-1,-1,-1,-1,48,-1,37,-1
GNG222,cb_intrinsic,brain,GNG,429.0,372.1,-1,-1,-1,-1,53,-1,-1,-1,40,-1,-1,37
GNG223,cb_intrinsic,brain,GNG,513.8,410.7,-1,-1,60,-1,45,-1,-1,-1,-1,-1,-1,43
GNG224,cb_intrinsic,brain,GNG,590.1,373.8,18,-1,23,-1,-1,-1,25,-1,-1,-1,7,-1
GNG225,cb_intrinsic,brain,GNG,467.4,409.4,-1,-1,-1,58,-1,-1,-1,-1,38,-1,65,37
GNG226,cb_intrinsic,brain,GNG,484.3,405.4,-1,-1,45,-1,-1,-1,26,-1,44,-1,13,-1
GNG227,cb_intrinsic,brain,GNG,557.0,398.8,-1,-1,-1,-1,-1,-1,26,-1,-1,-1,7,-1
GNG228,cb_intrinsic,brain,GNG,488.6,409.7,-1,-1,-1,-1,53,-1,-1,-1,46,-1,7,-1
GNG229,cb_intrinsic,brain,GNG,516.7,420.0,-1,-1,-1,-1,43,-1,30,-1,-1,-1,9,-1
GNG230,cb_intrinsic,brain,GNG,518.8,370.7,-1,-1,60,-1,58,-1,22,-1,-1,-1,2,-1
GNG231,cb_intrinsic,brain,GNG,533.5,358.7,58,-1,22,-1,65,-1,22,-1,-1,-1,2,-1
GNG232,cb_intrinsic,brain,GNG,554.5,414.6,9,-1,-1,-1,39,-1,-1,-1,-1,-1,13,-1
GNG233,cb_intrinsic,brain,GNG,461.5,396.9,-1,-1,20,-1,68,-1,-1,-1,29,-1,-1,37
GNG234,cb_intrinsic,brain,GNG,527.1,425.4,-1,-1,36,-1,62,-1,-1,-1,56,-1,10,-1
GNG235,cb_intrinsic,brain,GNG,482.2,436.6,57,-1,-1,-1,-1,-1,14,-1,-1,-1,8,-1
GNG236,cb_intrinsic,brain,GNG,503.0,392.0,57,-1,20,-1,-1,-1,-1,-1,-1,-1,-1,37
GNG237,cb_intrinsic,brain,GNG,496.7,333.8,-1,-1,-1,-1,63,-1,-1,-1,43,-1,4,-1
GNG238,cb_intrinsic,brain,GNG,542.8,391.2,-1,-1,-1,-1,55,-1,38,-1,-1,-1,13,-1
GNG239,cb_intrinsic,brain,GNG,508.7,405.3,46,-1,63,-1,26,-1,6,-1,53,-1,9,-1
GNG240,cb_intrinsic,brain,GNG,531.5,445.4,-1,-1,-1,-1,69,-1,-1,-1,-1,-1,13,-1
GNG241,cb_intrinsic,brain,GNG,481.7,393.9,-1,-1,23,-1,-1,-1,25,-1,-1,-1,6,-1
GNG243,cb_intrinsic,brain,GNG,578.7,373.8,-1,-1,62,-1,60,-1,-1,-1,-1,-1,-1,37
GNG244,cb_intrinsic,brain,GNG,477.4,419.5,44,-1,-1,-1,-1,-1,-1,-1,-1,-1,42,-1
GNG245,cb_intrinsic,brain,GNG,514.5,398.8,20,-1,-1,-1,-1,-1,22,-1,-1,-1,10,-1
GNG246,cb_intrinsic,brain,GNG,448.9,391.8,41,-1,-1,63,63,-1,26,-1,-1,-1,11,-1
GNG247,cb_intrinsic,brain,GNG,501.1,450.9,-1,-1,66,-1,53,-1,25,-1,48,-1,8,-1
GNG248,cb_intrinsic,brain,GNG,568.2,392.7,25,-1,-1,-1,-1,-1,13,-1,-1,-1,4,-1
GNG249,cb_intrinsic,brain,GNG,502.0,348.7,-1,-1,-1,-1,54,-1,-1,-1,-1,-1,8,-1
GNG250,cb_intrinsic,brain,GNG,578.9,354.8,31,-1,-1,-1,-1,-1,23,-1,-1,-1,16,-1
GNG251,cb_intrinsic,brain,GNG,521.5,386.4,-1,-1,40,-1,-1,-1,15,-1,-1,-1,10,-1
GNG252,cb_intrinsic,brain,GNG,551.5,436.7,41,-1,39,-1,69,-1,15,-1,69,-1,5,-1
GNG253,cb_intrinsic,brain,GNG,516.3,427.3,27,-1,-1,-1,-1,-1,-1,-1,-1,-1,15,-1
GNG254,cb_intrinsic,brain,GNG,517.9,412.4,36,-1,-1,-1,-1,-1,26,-1,47,-1,6,-1
GNG255,cb_intrinsic,brain,GNG,527.1,334.1,-1,-1,46,-1,44,-1,-1,-1,-1,-1,-1,-1
GNG256,cb_intrinsic,brain,GNG,469.2,428.6,14,-1,-1,-1,-1,-1,-1,-1,-1,-1,-1,-1
GNG257,cb_intrinsic,brain,PRW,495.9,311.5,-1,-1,-1,-1,66,-1,-1,-1,-1,-1,8,-1
GNG258,cb_intrinsic,brain,GNG,480.7,324.2,-1,-1,-1,47,-1,-1,48,-1,-1,-1,42,-1
GNG259,cb_intrinsic,brain,GNG,484.8,381.7,-1,-1,54,-1,-1,-1,28,-1,-1,-1,7,-1
GNG260,cb_intrinsic,brain,GNG,592.7,365.0,-1,-1,-1,-1,-1,-1,-1,-1,-1,-1,19,-1
GNG261,cb_intrinsic,brain,GNG,483.8,297.0,41,-1,-1,-1,-1,-1,-1,-1,-1,-1,-1,37
GNG262,cb_intrinsic,brain,GNG,562.2,431.1,63,-1,31,-1,-1,-1,-1,-1,-1,-1,-1,37
GNG264,cb_intrinsic,brain,GNG,498.5,341.5,-1,-1,-1,-1,-1,-1,6,-1,-1,-1,11,-1
GNG266,cb_intrinsic,brain,GNG,503.8,446.6,-1,-1,-1,-1,56,-1,47,-1,-1,-1,7,-1
GNG267,cb_intrinsic,brain,GNG,589.0,392.6,40,-1,-1,-1,-1,-1,-1,-1,-1,-1,51,37
GNG268,cb_intrinsic,brain,GNG,442.6,340.9,-1,-1,-1,-1,-1,-1,-1,-1,-1,-1,14,-1
GNG269,cb_intrinsic,brain,GNG,495.0,365.9,-1,-1,47,-1,38,-1,25,-1,54,-1,-1,43
GNG270,cb_intrinsic,brain,GNG,556.2,346.4,-1,-1,-1,-1,-1,-1,-1,-1,-1,-1,6,-1
GNG271,cb_intrinsic,brain,GNG,553.1,387.8,-1,-1,51,-1,51,-1,-1,-1,-1,-1,42,-1
GNG272,cb_intrinsic,brain,GNG,482.6,395.5,38,-1,-1,-1,-1,-1,-1,-1,-1,-1,-1,37
GNG273,cb_intrinsic,brain,GNG,528.5,390.4,3,-1,-1,-1,-1,-1,26,-1,33,-1,15,-1
GNG274,cb_intrinsic,brain,GNG,548.9,383.3,54,-1,-1,-1,-1,-1,-1,-1,56,-1,14,-1
GNG275,cb_intrinsic,brain,GNG,618.7,382.7,-1,-1,-1,-1,-1,-1,-1,-1,-1,-1,13,-1
GNG276,cb_motor,brain,GNG,528.6,450.4,11,-1,-1,-1,6,-1,-1,-1,6,-1,-1,37
GNG277,cb_intrinsic,brain,GNG,434.6,323.5,60,-1,-1,-1,-1,-1,17,-1,-1,-1,20,-1
GNG278,cb_intrinsic,brain,GNG,616.0,295.6,-1,-1,-1,-1,-1,-1,16,-1,-1,-1,-1,37
GNG279_a,cb_intrinsic,brain,GNG,507.8,430.3,39,-1,-1,-1,-1,-1,-1,-1,-1,-1,-1,-1
GNG279_b,cb_intrinsic,brain,GNG,468.5,417.5,11,-1,-1,-1,-1,-1,-1,-1,-1,-1,-1,37
GNG280,cb_intrinsic,brain,GNG,501.7,403.1,-1,-1,51,-1,56,-1,12,-1,42,-1,4,-1
GNG281,cb_intrinsic,brain,GNG,469.6,422.9,-1,-1,35,-1,24,-1,25,-1,41,-1,5,-1
GNG282,cb_intrinsic,brain,GNG,435.6,273.9,-1,-1,11,-1,12,-1,4,-1,9,-1,-1,37
GNG283,cb_motor,brain,GNG,499.7,426.8,-1,-1,-1,-1,5,-1,-1,-1,6,-1,-1,37
GNG284,cb_intrinsic,brain,GNG,580.0,389.7,-1,-1,52,-1,-1,-1,-1,69,36,-1,-1,37
GNG285,cb_intrinsic,brain,GNG,470.0,329.3,13,-1,46,-1,22,-1,21,-1,11,-1,-1,37
GNG286,cb_intrinsic,brain,GNG,567.5,392.6,66,-1,12,-1,-1,-1,16,-1,-1,-1,-1,37
GNG287,cb_intrinsic,brain,GNG,554.6,395.0,-1,-1,45,-1,8,-1,10,-1,25,-1,-1,37
GNG288,cb_intrinsic,brain,GNG,540.1,396.9,-1,-1,45,-1,22,-1,-1,23,-1,-1,22,-1
GNG289,cb_intrinsic,brain,GNG,498.6,424.8,-1,-1,39,-1,17,-1,23,-1,16,-1,7,-1
GNG290,cb_intrinsic,brain,GNG,475.7,429.8,-1,-1,-1,-1,-1,-1,-1,-1,-1,-1,-1,37
GNG291,cb_intrinsic,brain,GNG,556.2,60.9,58,-1,65,-1,-1,-1,25,-1,-1,-1,9,-1
GNG292,cb_intrinsic,brain,GNG,566.2,401.3,29,-1,41,-1,54,-1,13,-1,45,-1,7,-1
GNG293,cb_intrinsic,brain,GNG,512.4,402.2,6,-1,51,-1,-1,-1,-1,-1,-1,-1,4,-1
GNG294,cb_intrinsic,brain,GNG,524.3,397.5,42,-1,18,-1,-1,-1,15,-1,-1,-1,25,-1
GNG295,cb_intrinsic,brain,GNG,592.7,371.4,-1,-1,-1,67,-1,-1,-1,-1,-1,-1,53,37
GNG296,cb_intrinsic,brain,GNG,603.4,411.4,44,-1,-1,66,-1,-1,-1,-1,-1,-1,57,37
GNG297,cb_intrinsic,brain,GNG,679.6,286.0,53,-1,-1,-1,38,-1,21,-1,48,-1,8,-1
GNG298,cb_intrinsic,brain,GNG,541.5,366.5,-1,-1,-1,-1,18,-1,4,-1,11,-1,5,-1
GNG299,cb_intrinsic,brain,GNG,406.7,332.7,-1,-1,-1,-1,25,-1,-1,-1,60,-1,17,-1
GNG300,cb_intrinsic,brain,GNG,550.9,374.8,-1,-1,58,-1,9,-1,5,-1,33,-1,16,-1
GNG301,cb_intrinsic,brain,GNG,552.7,407.5,67,-1,11,-1,13,-1,8,-1,-1,-1,1,-1
GNG302,cb_intrinsic,brain,GNG,619.2,380.5,-1,-1,6,-1,36,-1,1,-1,-1,-1,1,-1
GNG303,cb_intrinsic,brain,GNG,592.3,176.5,42,-1,39,-1,20,-1,6,-1,30,-1,3,-1
GNG304,cb_intrinsic,brain,GNG,468.9,94.6,23,-1,21,-1,-1,-1,22,-1,23,-1,4,-1
GNG305,cb_intrinsic,brain,GNG,486.2,414.2,-1,-1,-1,-1,37,-1,20,-1,13,-1,-1,37
GNG306,cb_intrinsic,brain,GNG,436.7,370.2,42,-1,28,-1,-1,-1,23,-1,-1,-1,59,37
GNG307,cb_intrinsic,brain,GNG,469.7,294.5,35,-1,-1,-1,29,-1,33,-1,12,-1,-1,37
GNG308,cb_intrinsic,brain,SAD,473.2,400.0,-1,-1,23,-1,-1,-1,18,-1,-1,-1,21,-1
GNG309,cb_intrinsic,brain,GNG,424.1,290.1,-1,-1,-1,-1,-1,-1,22,-1,-1,-1,18,-1
GNG310,cb_intrinsic,brain,GNG,438.3,356.3,-1,-1,-1,-1,-1,-1,-1,-1,-1,-1,-1,37
GNG311,cb_intrinsic,brain,GNG,596.5,255.1,27,-1,6,-1,41,-1,2,-1,-1,-1,1,-1
GNG312,cb_intrinsic,brain,GNG,609.5,235.2,25,-1,25,-1,65,-1,6,-1,-1,-1,30,-1
GNG313,cb_intrinsic,brain,GNG,472.5,325.8,12,-1,25,-1,31,-1,11,-1,54,-1,17,-1
GNG314,cb_motor,brain,GNG,583.2,391.9,66,-1,-1,51,6,-1,-1,-1,7,-1,-1,37
GNG315,cb_intrinsic,brain,GNG,504.5,425.6,27,-1,41,-1,39,-1,23,-1,41,-1,-1,37
GNG316,cb_intrinsic,brain,GNG,419.8,273.6,-1,-1,15,-1,52,-1,5,-1,6,-1,49,37
GNG317,cb_intrinsic,brain,LAL(R),511.3,372.8,-1,-1,-1,56,44,-1,9,-1,-1,-1,-1,37
GNG318,cb_intrinsic,brain,GNG,475.8,405.7,37,-1,58,-1,-1,-1,-1,-1,-1,-1,9,-1
GNG319,cb_intrinsic,brain,GNG,535.6,457.2,44,-1,12,-1,14,-1,-1,-1,41,-1,8,-1
GNG320,cb_intrinsic,brain,GNG,501.0,465.8,-1,-1,30,-1,18,-1,-1,-1,66,-1,12,-1
GNG321,cb_intrinsic,brain,GNG,544.5,444.6,68,-1,18,-1,33,-1,3,-1,40,-1,4,-1
GNG322,cb_intrinsic,brain,GNG,462.9,458.4,37,-1,50,-1,-1,-1,23,-1,-1,-1,8,-1
GNG323,cb_intrinsic,brain,SMP(L),572.2,73.1,7,-1,36,-1,34,-1,18,-1,19,-1,3,-1
GNG324,cb_intrinsic,brain,SMP(R),558.6,130.3,-1,-1,30,-1,-1,-1,2,-1,-1,-1,3,-1
GNG325,cb_intrinsic,brain,GNG,507.5,415.2,-1,-1,-1,-1,-1,-1,-1,24,-1,-1,-1,37
GNG326,cb_intrinsic,brain,GNG,595.1,334.5,25,-1,50,-1,-1,-1,16,-1,-1,-1,60,37
GNG327,cb_intrinsic,brain,GNG,525.8,427.2,-1,-1,24,-1,13,-1,15,-1,25,-1,-1,37
GNG328,cb_intrinsic,brain,GNG,475.8,357.6,-1,-1,43,-1,-1,-1,25,-1,-1,-1,5,-1
GNG329,cb_intrinsic,brain,GNG,590.5,332.9,-1,-1,-1,-1,-1,-1,-1,68,-1,-1,50,37
GNG330,cb_intrinsic,brain,GNG,537.7,362.7,-1,-1,-1,-1,-1,-1,16,-1,-1,-1,-1,37
GNG331,cb_intrinsic,brain,GNG,402.9,329.3,-1,-1,-1,-1,-1,-1,-1,-1,-1,-1,44,37
GNG332,cb_intrinsic,brain,GNG,493.5,430.8,15,-1,-1,-1,56,-1,-1,-1,-1,-1,-1,37
GNG333,cb_intrinsic,brain,GNG,472.9,292.3,-1,-1,-1,-1,-1,-1,-1,-1,-1,-1,20,-1
GNG334,cb_intrinsic,brain,GNG,557.9,355.7,61,-1,6,-1,18,-1,-1,-1,30,-1,42,-1
GNG335,cb_intrinsic,brain,SAD,348.8,227.1,3,-1,-1,-1,-1,-1,21,-1,55,-1,53,37
GNG336,cb_intrinsic,brain,SAD,444.7,382.4,-1,-1,-1,-1,-1,-1,20,-1,55,-1,20,-1
GNG337,cb_intrinsic,brain,GNG,466.7,440.0,-1,-1,-1,-1,-1,-1,22,-1,-1,-1,18,-1
GNG338,cb_intrinsic,brain,GNG,417.1,289.7,51,-1,-1,-1,-1,-1,12,-1,-1,-1,-1,37
GNG339,cb_intrinsic,brain,GNG,592.3,234.8,-1,-1,-1,-1,-1,-1,-1,-1,-1,-1,-1,37
GNG340,cb_intrinsic,brain,GNG,490.0,390.7,-1,-1,-1,-1,-1,-1,-1,-1,-1,-1,47,-1
GNG341,cb_intrinsic,brain,GNG,450.9,391.8,-1,-1,-1,-1,47,-1,16,-1,31,-1,7,-1
GNG342,cb_intrinsic,brain,GNG,448.3,348.8,-1,-1,-1,-1,63,-1,10,-1,-1,-1,20,-1
GNG343,cb_intrinsic,brain,GNG,543.4,377.2,36,-1,-1,-1,58,-1,-1,-1,-1,-1,-1,60
GNG344,cb_intrinsic,brain,GNG,480.3,385.2,8,-1,-1,-1,-1,-1,-1,-1,19,-1,-1,37
GNG345,cb_intrinsic,brain,GNG,397.4,364.9,54,-1,-1,-1,38,-1,-1,-1,22,-1,-1,37
GNG346,cb_intrinsic,brain,GNG,547.2,406.5,-1,-1,-1,-1,-1,-1,22,-1,-1,-1,19,-1
GNG347,cb_intrinsic,brain,GNG,547.3,288.3,-1,-1,-1,-1,-1,-1,24,-1,-1,-1,-1,37
GNG348,cb_intrinsic,brain,GNG,449.6,332.6,12,-1,-1,-1,-1,-1,-1,-1,-1,-1,20,-1
GNG349,cb_intrinsic,brain,GNG,520.3,394.3,46,-1,-1,-1,-1,-1,23,-1,-1,-1,19,-1
GNG350,cb_intrinsic,brain,GNG,421.0,400.2,-1,-1,30,-1,26,-1,14,-1,42,-1,13,-1
GNG351,cb_intrinsic,brain,GNG,465.5,338.9,-1,-1,8,-1,30,-1,2,-1,39,-1,2,-1
GNG352,cb_intrinsic,brain,GNG,523.5,408.7,19,-1,-1,-1,-1,-1,-1,48,-1,-1,-1,37
GNG353,cb_intrinsic,brain,GNG,504.6,316.0,30,-1,-1,-1,-1,-1,-1,-1,-1,-1,10,-1
GNG354,cb_intrinsic,brain,GNG,532.5,309.4,24,-1,-1,-1,-1,-1,-1,-1,-1,-1,1,-1
GNG355,cb_intrinsic,brain,GNG,482.3,456.9,-1,-1,-1,45,-1,-1,-1,-1,-1,-1,53,37
GNG356,cb_intrinsic,brain,GNG,551.4,401.8,-1,-1,-1,-1,-1,-1,-1,-1,-1,-1,3,-1
GNG357,cb_intrinsic,brain,GNG,542.5,381.9,36,-1,47,-1,11,-1,28,-1,12,-1,14,-1
GNG358,cb_intrinsic,brain,GNG,527.2,392.2,12,-1,28,-1,-1,-1,-1,-1,-1,-1,-1,37
GNG359,cb_intrinsic,brain,GNG,560.7,400.0,-1,-1,-1,-1,-1,-1,-1,-1,-1,-1,11,-1
GNG360,cb_intrinsic,brain,GNG,537.4,422.1,17,-1,-1,-1,-1,-1,-1,-1,-1,-1,8,-1
GNG361,cb_intrinsic,brain,GNG,488.7,380.1,-1,-1,28,-1,-1,-1,-1,53,-1,-1,15,-1
GNG362,cb_intrinsic,brain,GNG,507.0,433.7,-1,-1,-1,51,-1,-1,-1,-1,-1,-1,42,-1
GNG363,cb_intrinsic,brain,GNG,542.7,403.0,65,-1,-1,-1,-1,-1,-1,-1,-1,-1,13,-1
GNG364,cb_intrinsic,brain,GNG,541.8,286.9,30,-1,-1,-1,-1,-1,-1,-1,-1,-1,12,-1
GNG365,cb_intrinsic,brain,GNG,480.2,443.6,31,-1,-1,-1,-1,-1,-1,-1,40,-1,7,-1
GNG366,cb_intrinsic,brain,GNG,517.7,421.2,23,-1,-1,-1,-1,-1,-1,-1,-1,-1,12,-1
GNG367_a,cb_intrinsic,brain,GNG,423.0,441.6,-1,-1,-1,-1,-1,-1,-1,-1,-1,-1,46,-1
GNG367_b,cb_intrinsic,brain,GNG,508.1,386.1,16,-1,-1,-1,-1,-1,-1,-1,-1,-1,44,-1
GNG368,cb_intrinsic,brain,GNG,515.5,385.7,-1,-1,-1,-1,-1,-1,14,-1,28,-1,-1,-1
GNG369,cb_intrinsic,brain,GNG,530.1,348.1,45,-1,-1,-1,-1,-1,-1,-1,23,-1,12,-1
GNG370,cb_intrinsic,brain,GNG,499.0,337.6,48,-1,-1,-1,-1,-1,-1,-1,23,-1,59,37
GNG371,cb_intrinsic,brain,GNG,468.8,441.1,54,-1,-1,-1,-1,-1,-1,-1,-1,-1,45,37
GNG372,cb_intrinsic,brain,GNG,575.6,356.5,-1,-1,-1,-1,-1,-1,-1,-1,-1,-1,59,-1
GNG373,cb_intrinsic,brain,GNG,492.2,447.1,7,-1,-1,-1,-1,-1,-1,-1,-1,-1,45,-1
GNG375,cb_intrinsic,brain,GNG,544.3,359.2,-1,-1,-1,-1,-1,-1,12,-1,-1,-1,6,-1
GNG376,cb_intrinsic,brain,GNG,623.1,270.0,6,-1,56,-1,-1,-1,23,-1,28,-1,-1,37
GNG377,cb_intrinsic,brain,GNG,523.6,458.9,6,-1,34,-1,59,-1,-1,-1,-1,-1,42,-1
GNG379,cb_intrinsic,brain,GNG,511.7,420.6,-1,-1,46,-1,-1,-1,-1,-1,-1,-1,43,-1
GNG380,cb_intrinsic,brain,GNG,499.6,435.2,5,-1,-1,-1,60,-1,-1,-1,-1,-1,-1,-1
GNG381,cb_intrinsic,brain,GNG,569.3,374.9,23,-1,-1,-1,-1,-1,-1,-1,45,-1,10,-1
GNG382,cb_intrinsic,brain,GNG,421.7,340.5,45,-1,-1,-1,-1,-1,23,-1,-1,-1,21,-1
GNG383,cb_intrinsic,brain,GNG,482.6,441.5,52,-1,-1,-1,-1,-1,-1,-1,-1,-1,-1,-1
GNG384,cb_intrinsic,brain,GNG,517.5,407.2,-1,-1,-1,-1,-1,-1,-1,-1,-1,-1,-1,43
GNG385,cb_intrinsic,brain,GNG,632.2,248.0,-1,-1,5,-1,50,-1,2,-1,-1,-1,-1,37
GNG386,cb_intrinsic,brain,GNG,580.1,345.4,-1,-1,-1,-1,-1,-1,-1,-1,-1,-1,25,-1
GNG387,cb_intrinsic,brain,GNG,518.6,438.8,-1,-1,69,-1,-1,-1,-1,-1,-1,-1,11,-1
GNG388,cb_intrinsic,brain,PRW,501.6,340.3,32,-1,-1,-1,43,-1,-1,-1,-1,-1,14,-1
GNG390,cb_intrinsic,brain,GNG,564.5,380.1,3,-1,-1,-1,-1,-1,-1,-1,-1,-1,64,37
GNG391,cb_intrinsic,brain,GNG,521.8,386.3,54,-1,55,-1,11,-1,-1,-1,10,-1,43,-1
GNG392,cb_intrinsic,brain,GNG,527.6,384.6,38,-1,47,-1,22,-1,21,-1,-1,-1,48,43
GNG393,cb_intrinsic,brain,GNG,467.9,451.5,60,-1,-1,-1,31,-1,-1,-1,49,-1,7,-1
GNG394,cb_intrinsic,brain,GNG,507.6,463.0,36,-1,45,-1,41,-1,-1,-1,48,-1,14,-1
GNG395,cb_intrinsic,brain,GNG,537.8,381.8,-1,-1,-1,-1,-1,-1,-1,-1,67,-1,-1,-1
GNG396,cb_intrinsic,brain,PRW,525.4,338.3,53,-1,-1,-1,-1,-1,-1,-1,-1,-1,64,37
GNG397,cb_intrinsic,brain,GNG,508.4,319.2,-1,-1,-1,-1,25,-1,-1,-1,-1,-1,12,-1
GNG398,cb_intrinsic,brain,GNG,474.2,451.8,15,-1,-1,-1,43,-1,-1,-1,-1,-1,47,42
GNG399,cb_intrinsic,brain,GNG,567.2,406.9,-1,-1,-1,-1,-1,-1,16,-1,-1,-1,-1,37
GNG400,cb_intrinsic,brain,GNG,448.3,387.1,13,-1,-1,-1,35,-1,-1,-1,-1,-1,13,-1
GNG401,cb_intrinsic,brain,GNG,548.5,444.2,-1,-1,33,-1,16,-1,38,-1,-1,-1,54,43
GNG402,cb_intrinsic,brain,GNG,509.8,327.8,11,-1,-1,-1,-1,-1,-1,-1,-1,-1,-1,37
GNG403,cb_intrinsic,brain,GNG,548.9,401.8,-1,-1,69,67,63,-1,-1,-1,56,-1,-1,37
GNG404,cb_intrinsic,brain,GNG,463.2,409.0,-1,-1,15,-1,-1,-1,6,-1,39,-1,14,-1
GNG406,cb_intrinsic,brain,GNG,490.3,382.1,7,-1,24,-1,9,-1,26,-1,41,-1,6,-1
GNG407,cb_intrinsic,brain,GNG,558.5,421.8,-1,-1,59,-1,35,-1,24,-1,-1,-1,8,-1
GNG408,cb_intrinsic,brain,GNG,578.8,408.9,64,-1,-1,-1,-1,-1,-1,-1,-1,-1,-1,37
GNG409,cb_intrinsic,brain,GNG,491.0,386.4,43,-1,-1,-1,22,-1,11,-1,-1,-1,11,-1
GNG410,cb_intrinsic,brain,GNG,517.1,403.4,53,-1,51,-1,31,-1,-1,24,-1,-1,-1,37
GNG411,cb_intrinsic,brain,GNG,352.8,201.8,32,-1,52,-1,57,-1,10,-1,-1,-1,19,-1
GNG412,cb_intrinsic,brain,GNG,559.6,449.3,-1,-1,33,-1,24,-1,-1,-1,-1,-1,6,-1
GNG413,cb_intrinsic,brain,GNG,433.5,416.4,3,-1,-1,-1,-1,-1,-1,26,64,-1,60,37
GNG414,cb_intrinsic,brain,GNG,496.0,346.6,14,-1,-1,-1,-1,-1,47,-1,-1,-1,10,-1
GNG415,cb_intrinsic,brain,GNG,473.3,349.8,-1,-1,-1,-1,-1,-1,-1,-1,28,-1,48,42
GNG416,cb_intrinsic,brain,GNG,429.0,282.3,-1,-1,50,-1,-1,-1,25,-1,-1,-1,36,-1
GNG417,cb_intrinsic,brain,PVLP(L),308.4,261.8,39,-1,-1,-1,-1,-1,22,-1,62,-1,21,-1
GNG418,cb_intrinsic,brain,GNG,484.3,411.4,66,-1,-1,-1,-1,-1,32,-1,30,-1,66,37
GNG419,cb_intrinsic,brain,GNG,509.3,373.8,-1,-1,-1,-1,-1,-1,19,-1,55,-1,-1,37
GNG420_a,cb_intrinsic,brain,GNG,324.8,239.6,-1,-1,-1,-1,-1,-1,18,-1,58,-1,20,-1
GNG420_b,cb_intrinsic,brain,PVLP(L),686.1,242.8,11,-1,-1,-1,-1,-1,23,-1,59,-1,21,-1
GNG421,cb_intrinsic,brain,GNG,500.5,316.0,64,-1,57,-1,-1,-1,-1,-1,-1,-1,9,-1
GNG422,cb_intrinsic,brain,GNG,438.9,349.1,8,-1,45,-1,27,-1,24,-1,16,-1,-1,37
GNG423,cb_intrinsic,brain,GNG,560.1,422.2,45,-1,4,-1,10,-1,21,-1,50,-1,8,-1
GNG424,cb_intrinsic,brain,GNG,465.4,318.6,15,-1,-1,-1,-1,-1,-1,-1,28,-1,-1,42
GNG425,cb_intrinsic,brain,GNG,465.0,329.7,-1,-1,-1,-1,-1,-1,-1,-1,-1,-1,-1,-1
GNG427,cb_intrinsic,brain,GNG,608.9,310.7,-1,-1,-1,-1,-1,-1,24,-1,64,-1,-1,37
GNG428,cb_intrinsic,brain,GNG,546.7,389.7,69,-1,39,-1,32,-1,19,-1,-1,-1,-1,37
GNG429,cb_intrinsic,brain,GNG,491.5,374.9,21,-1,-1,-1,42,-1,-1,-1,-1,-1,-1,-1
GNG430_a,cb_intrinsic,brain,GNG,491.2,403.2,-1,-1,-1,-1,-1,-1,-1,-1,-1,-1,20,-1
GNG430_b,cb_intrinsic,brain,GNG,504.1,446.7,69,-1,-1,-1,-1,-1,24,-1,-1,-1,20,-1
GNG431,cb_intrinsic,brain,GNG,575.4,403.4,-1,-1,35,-1,19,-1,16,-1,45,-1,21,-1
GNG434,cb_intrinsic,brain,GNG,556.7,421.1,27,-1,14,-1,-1,65,15,-1,-1,-1,-1,37
GNG435,cb_intrinsic,brain,GNG,510.0,439.5,-1,-1,-1,-1,-1,-1,25,-1,-1,-1,-1,37
GNG438,cb_intrinsic,brain,GNG,550.0,434.0,67,-1,-1,-1,62,-1,20,-1,-1,-1,29,-1
GNG439,cb_intrinsic,brain,GNG,480.3,421.9,-1,-1,-1,-1,-1,-1,-1,-1,-1,-1,11,-1
GNG440,cb_intrinsic,brain,GNG,501.9,375.2,-1,-1,-1,-1,30,-1,20,-1,-1,-1,34,-1
GNG441,cb_intrinsic,brain,GNG,587.9,400.0,-1,-1,-1,-1,-1,-1,40,-1,-1,-1,13,-1
GNG442,cb_intrinsic,brain,GNG,635.9,318.0,4,-1,15,-1,-1,-1,14,-1,-1,-1,37,-1
GNG443,cb_intrinsic,brain,GNG,567.6,442.9,-1,-1,-1,-1,-1,-1,-1,-1,-1,-1,16,-1
GNG444,cb_intrinsic,brain,GNG,491.1,414.8,26,-1,-1,-1,-1,-1,25,-1,-1,-1,22,-1
GNG445,cb_intrinsic,brain,GNG,464.3,371.9,65,-1,-1,-1,-1,-1,-1,-1,-1,-1,-1,37
GNG446,cb_intrinsic,brain,GNG,575.1,394.5,4,-1,-1,-1,-1,-1,48,-1,42,-1,11,-1
GNG447,cb_intrinsic,brain,GNG,612.2,398.9,48,-1,-1,-1,65,-1,-1,-1,-1,-1,-1,-1
GNG448,cb_intrinsic,brain,GNG,563.4,340.9,45,-1,-1,-1,-1,-1,-1,53,-1,-1,-1,15
GNG449,cb_intrinsic,brain,GNG,487.5,434.6,30,-1,-1,-1,63,-1,-1,-1,-1,-1,26,-1
GNG450,cb_intrinsic,brain,GNG,619.6,366.9,30,-1,-1,-1,64,-1,-1,-1,-1,-1,25,-1
GNG451,cb_intrinsic,brain,GNG,511.7,395.8,-1,-1,-1,-1,-1,-1,-1,-1,-1,-1,25,-1
GNG452,cb_intrinsic,brain,GNG,537.4,435.2,60,-1,32,-1,44,-1,22,-1,-1,-1,32,-1
GNG453,cb_intrinsic,brain,GNG,509.7,345.4,41,-1,55,-1,17,-1,-1,-1,46,-1,10,-1
GNG454,cb_intrinsic,brain,GNG,516.8,387.7,36,-1,30,-1,54,-1,11,-1,57,-1,22,-1
GNG455,cb_intrinsic,brain,GNG,478.3,465.6,-1,-1,38,-1,57,-1,-1,-1,-1,-1,13,-1
GNG456,cb_intrinsic,brain,GNG,478.2,431.3,28,-1,17,-1,-1,-1,23,-1,31,-1,8,-1
GNG457,cb_intrinsic,brain,GNG,551.3,414.7,7,-1,9,-1,18,-1,-1,-1,30,-1,35,-1
GNG458,cb_intrinsic,brain,GNG,567.0,320.3,60,-1,32,-1,29,-1,3,-1,31,-1,2,-1
GNG459,cb_intrinsic,brain,GNG,553.0,409.5,29,-1,39,-1,-1,-1,-1,-1,28,-1,-1,37
GNG460,cb_intrinsic,brain,GNG,514.8,412.4,42,-1,20,-1,-1,-1,-1,26,-1,-1,13,-1
GNG461,cb_intrinsic,brain,GNG,670.3,226.5,-1,-1,33,-1,-1,-1,1,-1,-1,-1,-1,37
GNG462,cb_intrinsic,brain,GNG,480.7,449.6,-1,-1,-1,67,68,-1,-1,-1,42,-1,55,37
GNG463,cb_intrinsic,brain,GNG,543.7,386.0,33,-1,51,-1,-1,-1,-1,-1,-1,-1,36,-1
GNG464,cb_intrinsic,brain,GNG,470.5,392.0,-1,-1,-1,-1,44,-1,18,-1,65,-1,4,-1
GNG465,cb_intrinsic,brain,GNG,575.5,381.7,54,-1,-1,-1,34,-1,-1,-1,53,-1,37,-1
GNG466,cb_intrinsic,brain,GNG,536.7,397.8,-1,-1,-1,-1,44,-1,22,-1,-1,-1,16,-1
GNG467,cb_intrinsic,brain,GNG,524.9,431.3,4,-1,14,-1,22,-1,24,-1,-1,-1,36,-1
GNG468,cb_intrinsic,brain,GNG,499.9,318.9,-1,-1,24,-1,10,-1,9,-1,20,-1,4,-1
GNG469,cb_intrinsic,brain,GNG,600.2,384.5,23,-1,35,-1,63,-1,-1,-1,-1,-1,11,-1
GNG470,cb_intrinsic,brain,GNG,516.2,430.6,-1,-1,60,-1,-1,-1,26,-1,-1,-1,-1,37
GNG471,cb_intrinsic,brain,GNG,557.9,418.5,2,-1,-1,-1,68,-1,-1,-1,-1,-1,36,-1
GNG472,cb_intrinsic,brain,GNG,493.9,374.1,-1,-1,67,-1,-1,-1,-1,-1,-1,-1,58,37
GNG473,cb_intrinsic,brain,GNG,598.2,420.3,-1,-1,-1,67,-1,-1,-1,-1,-1,-1,-1,36
GNG474,cb_intrinsic,brain,GNG,538.9,383.6,-1,-1,18,-1,14,-1,22,-1,12,-1,37,-1
GNG479,cb_intrinsic,brain,GNG,478.4,387.5,56,-1,59,-1,10,-1,-1,-1,29,-1,15,-1
GNG481,cb_intrinsic,brain,GNG,536.1,413.2,8,-1,-1,-1,13,-1,31,-1,-1,-1,12,-1
GNG482,cb_intrinsic,brain,GNG,489.0,437.3,5,-1,21,-1,12,-1,-1,-1,10,-1,14,-1
GNG483,cb_intrinsic,brain,GNG,549.9,399.3,2,-1,-1,-1,47,-1,-1,-1,-1,-1,36,-1
GNG484,cb_intrinsic,brain,GNG,555.4,332.5,26,-1,-1,-1,42,-1,9,-1,-1,-1,1,-1
GNG485,cb_intrinsic,brain,GNG,549.8,359.6,50,-1,37,-1,31,-1,10,-1,42,-1,10,-1
GNG486,cb_intrinsic,brain,GNG,593.1,353.2,17,-1,-1,-1,-1,-1,40,-1,52,-1,11,-1
GNG487,cb_intrinsic,brain,GNG,434.3,412.2,-1,-1,54,-1,-1,-1,6,-1,-1,-1,9,-1
GNG488,cb_intrinsic,brain,SLP(L),364.7,85.6,-1,-1,18,-1,61,-1,5,-1,-1,-1,6,-1
GNG489,cb_intrinsic,brain,GNG,672.6,77.6,5,-1,26,-1,40,-1,21,-1,-1,-1,9,-1
GNG490,cb_intrinsic,brain,GNG,475.3,317.7,10,-1,40,-1,36,-1,21,-1,-1,-1,4,-1
GNG491,cb_intrinsic,brain,GNG,444.7,465.1,-1,-1,-1,-1,37,-1,26,-1,31,-1,3,-1
GNG492,cb_intrinsic,brain,GNG,528.5,406.1,6,-1,-1,-1,45,-1,-1,-1,9,-1,18,-1
GNG493,cb_intrinsic,brain,GNG,545.3,432.0,-1,-1,44,-1,-1,-1,7,-1,13,-1,-1,37
GNG494,cb_intrinsic,brain,GNG,582.1,355.8,-1,-1,8,-1,32,-1,9,-1,42,-1,1,-1
GNG495,cb_intrinsic,brain,GNG,452.1,254.7,29,-1,56,-1,54,-1,23,-1,29,-1,14,-1
GNG496,cb_intrinsic,brain,GNG,263.6,267.9,16,-1,-1,-1,-1,-1,-1,-1,59,-1,-1,37
GNG497,cb_intrinsic,brain,GNG,661.7,322.4,-1,-1,31,-1,49,-1,12,-1,32,-1,-1,37
GNG498,cb_intrinsic,brain,GNG,555.5,348.4,1,-1,33,-1,-1,-1,-1,-1,-1,-1,-1,37
GNG499,cb_intrinsic,brain,GNG,472.1,215.8,-1,-1,-1,-1,63,-1,9,-1,56,-1,16,-1
GNG500,cb_intrinsic,brain,GNG,467.8,380.9,9,-1,27,-1,19,-1,2,-1,4,-1,17,-1
GNG501,cb_intrinsic,brain,GNG,542.2,388.2,48,-1,31,-1,34,-1,26,-1,27,-1,11,-1
GNG502,cb_intrinsic,brain,GNG,641.2,312.7,34,-1,44,-1,61,-1,9,-1,8,-1,-1,37
GNG503,cb_intrinsic,brain,GNG,545.8,374.9,-1,-1,-1,-1,18,-1,-1,-1,11,-1,66,37
GNG504,cb_intrinsic,brain,GNG,568.7,357.6,-1,-1,40,-1,57,-1,4,-1,67,-1,2,-1
GNG505,cb_intrinsic,brain,GNG,457.3,387.3,52,-1,-1,-1,-1,-1,24,-1,-1,-1,5,-1
GNG506,cb_intrinsic,brain,GNG,447.2,389.5,48,-1,13,-1,19,-1,3,-1,26,-1,48,37
GNG507,cb_intrinsic,brain,GNG,541.3,377.4,-1,-1,18,-1,52,-1,-1,-1,8,-1,68,37
GNG508,cb_intrinsic,brain,GNG,509.6,336.7,4,-1,39,-1,-1,-1,11,-1,22,-1,12,-1
GNG509,cb_intrinsic,brain,GNG,550.0,422.1,-1,-1,19,-1,-1,-1,4,-1,-1,-1,12,-1
GNG510,cb_intrinsic,brain,GNG,467.5,400.9,26,-1,23,-1,17,-1,25,-1,42,-1,1,-1
GNG511,cb_intrinsic,brain,GNG,450.2,349.4,36,-1,-1,-1,19,-1,23,-1,-1,-1,7,-1
GNG512,cb_intrinsic,brain,GNG,546.0,330.3,-1,-1,68,-1,49,-1,22,-1,41,-1,-1,37
GNG513,cb_intrinsic,brain,GNG,457.3,466.9,6,-1,30,-1,22,-1,-1,-1,55,-1,15,-1
GNG514,cb_intrinsic,brain,GNG,604.0,266.5,30,-1,17,-1,-1,-1,7,-1,13,-1,68,37
GNG515,cb_intrinsic,brain,GNG,594.0,225.9,-1,-1,-1,-1,48,-1,18,-1,-1,-1,23,-1
GNG516,cb_intrinsic,brain,GNG,548.9,387.5,-1,-1,-1,-1,8,-1,5,-1,57,-1,7,-1
GNG517,cb_intrinsic,brain,GNG,672.5,141.4,-1,-1,61,-1,-1,-1,7,-1,-1,-1,17,-1
GNG518,cb_intrinsic,brain,GNG,523.8,391.3,61,-1,37,-1,13,-1,-1,-1,20,-1,4,-1
GNG519,cb_intrinsic,brain,GNG,474.8,435.1,-1,-1,-1,-1,39,-1,11,-1,-1,-1,5,-1
GNG520,cb_intrinsic,brain,GNG,515.5,415.7,65,-1,64,-1,36,-1,15,-1,27,-1,37,-1
GNG521,cb_intrinsic,brain,GNG,551.9,464.5,20,-1,-1,-1,16,-1,13,-1,29,-1,-1,37
GNG522,cb_intrinsic,brain,GNG,572.8,424.3,55,-1,43,-1,-1,-1,-1,-1,35,-1,-1,37
GNG523,cb_intrinsic,brain,GNG,548.8,385.1,-1,-1,-1,51,36,-1,-1,-1,-1,-1,51,37
GNG524,cb_intrinsic,brain,GNG,544.1,438.8,-1,-1,-1,66,20,-1,-1,-1,28,-1,-1,37
GNG525,cb_intrinsic,brain,GNG,585.7,333.9,-1,-1,24,-1,22,-1,10,-1,11,-1,-1,37
GNG526,cb_intrinsic,brain,GNG,541.2,351.2,40,-1,51,-1,-1,-1,68,-1,-1,-1,-1,37
GNG527,cb_intrinsic,brain,GNG,676.5,340.1,20,-1,41,-1,-1,-1,13,-1,-1,-1,-1,37
GNG528,cb_intrinsic,brain,GNG,530.8,424.7,-1,-1,66,-1,-1,-1,13,-1,-1,-1,8,-1
GNG529,cb_intrinsic,brain,GNG,575.2,409.7,54,-1,25,-1,23,-1,-1,-1,66,-1,-1,37
GNG530,cb_intrinsic,brain,GNG,543.6,342.9,27,-1,34,-1,30,-1,-1,-1,15,-1,37,-1
GNG531,cb_intrinsic,brain,GNG,537.0,390.6,-1,-1,56,-1,-1,-1,13,-1,-1,-1,18,-1
GNG532,cb_intrinsic,brain,GNG,523.4,384.5,32,-1,32,-1,23,-1,12,-1,33,-1,-1,37
GNG533,cb_intrinsic,brain,GNG,572.0,404.3,-1,-1,-1,-1,-1,-1,-1,-1,-1,-1,13,-1
GNG534,cb_intrinsic,brain,GNG,488.5,88.2,-1,-1,60,-1,18,-1,9,-1,12,-1,8,-1
GNG535,cb_intrinsic,brain,GNG,472.2,280.5,56,-1,42,-1,56,-1,20,-1,10,-1,15,-1
GNG536,cb_intrinsic,brain,GNG,631.7,332.8,38,-1,-1,-1,-1,-1,-1,69,-1,-1,35,-1
GNG537,cb_intrinsic,brain,GNG,497.8,415.3,2,-1,26,-1,61,-1,19,-1,39,-1,8,-1
GNG538,cb_intrinsic,brain,GNG,494.2,375.4,-1,-1,-1,-1,38,-1,26,-1,34,-1,12,-1
GNG539,cb_intrinsic,brain,GNG,479.1,336.8,25,-1,-1,-1,-1,-1,26,-1,61,-1,49,37
GNG540,cb_intrinsic,brain,GNG,466.9,314.5,19,-1,-1,-1,40,-1,-1,-1,-1,-1,14,-1
GNG541,cb_intrinsic,brain,GNG,442.7,453.9,-1,-1,37,-1,64,-1,17,-1,-1,-1,-1,37
GNG542,cb_intrinsic,brain,GNG,553.3,409.7,-1,-1,9,-1,-1,-1,7,-1,-1,-1,6,-1
GNG543,cb_intrinsic,brain,GNG,600.8,303.8,-1,-1,-1,-1,61,-1,10,-1,31,-1,-1,37
GNG544,cb_intrinsic,brain,GNG,528.6,369.4,-1,-1,20,-1,-1,-1,-1,-1,-1,-1,22,-1
GNG545,cb_intrinsic,brain,WED(L),658.4,297.4,29,-1,31,-1,65,-1,20,-1,58,-1,30,-1
GNG546,cb_intrinsic,brain,GNG,574.6,413.2,-1,-1,17,-1,14,-1,15,-1,38,-1,17,-1
GNG547,cb_intrinsic,brain,GNG,515.8,410.4,-1,-1,-1,-1,29,-1,14,-1,-1,-1,35,-1
GNG548,cb_intrinsic,brain,GNG,478.4,454.4,-1,-1,60,-1,22,-1,25,-1,29,-1,6,-1
GNG549,cb_intrinsic,brain,GNG,506.0,416.5,-1,-1,21,-1,23,-1,16,-1,22,-1,36,-1
GNG550,cb_intrinsic,brain,PRW,549.2,272.8,4,-1,-1,-1,27,-1,-1,-1,38,-1,10,-1
GNG551,cb_intrinsic,brain,GNG,502.9,421.4,48,-1,22,-1,16,-1,11,-1,-1,-1,7,-1
GNG552,cb_intrinsic,brain,GNG,504.7,430.0,-1,-1,16,-1,38,-1,23,-1,20,-1,13,-1
GNG553,cb_intrinsic,brain,GNG,449.7,350.5,-1,-1,7,-1,22,-1,9,-1,6,-1,-1,37
GNG554,cb_intrinsic,brain,GNG,488.5,352.2,-1,-1,46,-1,16,-1,23,-1,10,-1,51,37
GNG555,cb_intrinsic,brain,GNG,581.0,392.8,-1,-1,-1,-1,35,-1,25,-1,-1,-1,16,-1
GNG556,cb_intrinsic,brain,GNG,470.8,314.8,56,-1,7,-1,28,-1,14,-1,4,-1,-1,37
GNG557,cb_intrinsic,brain,GNG,541.0,419.8,-1,-1,16,-1,37,-1,21,-1,48,-1,8,-1
GNG558,cb_intrinsic,brain,GNG,491.7,406.6,-1,-1,-1,-1,45,-1,21,-1,-1,-1,-1,-1
GNG559,cb_intrinsic,brain,GNG,527.0,438.6,-1,-1,56,-1,28,-1,12,-1,-1,-1,-1,37
GNG560,cb_intrinsic,brain,GNG,446.9,404.3,-1,-1,32,-1,-1,-1,5,-1,-1,-1,14,-1
GNG561,cb_intrinsic,brain,GNG,596.9,358.1,-1,-1,31,-1,8,-1,10,-1,4,-1,-1,37
GNG562,cb_intrinsic,brain,GNG,590.4,271.3,20,-1,51,-1,54,-1,13,-1,21,-1,-1,37
GNG563,cb_intrinsic,brain,GNG,572.0,374.5,38,-1,51,-1,67,-1,-1,-1,7,-1,16,-1
GNG564,cb_intrinsic,brain,GNG,285.5,132.2,53,-1,-1,-1,52,-1,10,-1,-1,-1,7,-1
GNG565,cb_intrinsic,brain,GNG,493.2,406.8,4,-1,62,-1,34,-1,10,-1,30,-1,-1,37
GNG566,cb_intrinsic,brain,GNG,474.5,433.4,-1,-1,-1,-1,40,-1,-1,48,-1,-1,6,-1
GNG567,cb_intrinsic,brain,GNG,514.6,409.1,8,-1,-1,-1,57,-1,-1,-1,31,-1,30,-1
GNG568,cb_intrinsic,brain,GNG,501.7,402.1,-1,-1,38,-1,66,-1,-1,-1,31,-1,13,-1
GNG569,cb_intrinsic,brain,GNG,475.7,395.4,8,-1,-1,-1,23,-1,26,-1,28,-1,5,-1
GNG572,cb_intrinsic,brain,GNG,481.0,309.4,43,-1,62,-1,38,-1,10,-1,29,-1,16,-1
GNG573,cb_intrinsic,brain,GNG,466.8,346.5,-1,-1,37,-1,52,-1,-1,44,-1,-1,6,-1
GNG574,cb_intrinsic,brain,GNG,554.1,424.6,21,-1,39,-1,35,-1,7,-1,-1,-1,8,-1
GNG575,cb_intrinsic,brain,GNG,567.2,303.9,66,-1,-1,-1,25,-1,-1,-1,31,-1,20,-1
GNG576,cb_intrinsic,brain,GNG,481.6,352.4,26,-1,-1,-1,20,-1,-1,-1,50,-1,15,-1
GNG577,cb_intrinsic,brain,GNG,491.6,453.1,32,-1,-1,-1,51,-1,20,-1,22,-1,-1,37
GNG578,cb_intrinsic,brain,GNG,561.6,410.8,-1,-1,22,-1,18,-1,13,-1,33,-1,12,-1
GNG579,cb_intrinsic,brain,GNG,478.7,224.7,3,-1,-1,-1,-1,-1,3,-1,-1,-1,-1,37
GNG580,cb_intrinsic,brain,GNG,399.0,352.3,-1,-1,63,-1,50,-1,15,-1,38,-1,35,-1
GNG581,cb_intrinsic,brain,GNG,567.7,343.3,-1,-1,-1,-1,40,-1,24,-1,4,-1,15,-1
GNG582,cb_intrinsic,brain,GNG,509.7,383.7,-1,-1,50,-1,42,-1,-1,-1,29,-1,57,37
GNG583,cb_intrinsic,brain,GNG,437.6,413.7,22,-1,27,-1,-1,-1,10,-1,36,-1,7,-1
GNG584,cb_intrinsic,brain,GNG,459.4,329.7,34,-1,24,-1,14,-1,11,-1,8,-1,-1,37
GNG585,cb_intrinsic,brain,GNG,496.1,421.9,29,-1,11,-1,51,-1,12,-1,-1,-1,8,-1
GNG586,cb_intrinsic,brain,GNG,506.8,402.6,6,-1,-1,-1,-1,-1,24,-1,-1,-1,8,-1
GNG587,cb_intrinsic,brain,GNG,565.7,301.0,-1,-1,-1,-1,-1,-1,18,-1,-1,-1,18,-1
GNG588,cb_intrinsic,brain,GNG,536.8,403.9,14,-1,49,-1,41,-1,11,-1,19,-1,6,-1
GNG589,cb_intrinsic,brain,GNG,479.6,426.0,-1,-1,9,-1,25,-1,6,-1,7,-1,16,-1
GNG590,cb_intrinsic,brain,GNG,516.2,417.0,40,-1,36,-1,10,-1,11,-1,5,-1,45,37
GNG591,cb_intrinsic,brain,GNG,490.4,308.5,15,-1,16,-1,66,-1,15,-1,38,-1,11,-1
GNG592,cb_intrinsic,brain,GNG,437.2,428.5,46,-1,10,-1,9,-1,14,-1,33,-1,2,-1
GNG593,cb_intrinsic,brain,GNG,505.8,392.1,-1,-1,32,-1,18,-1,14,-1,26,-1,6,-1
GNG594,cb_intrinsic,brain,GNG,469.5,439.1,68,-1,43,-1,24,-1,12,-1,30,-1,-1,37
GNG595,cb_intrinsic,brain,GNG,448.8,81.5,12,-1,59,-1,67,-1,24,-1,32,-1,10,-1
GNG596,cb_intrinsic,brain,SMP(L),549.5,362.9,-1,-1,-1,-1,-1,-1,45,-1,33,-1,-1,37
GNG597,cb_intrinsic,brain,GNG,494.2,424.5,10,-1,-1,-1,-1,-1,24,-1,35,-1,-1,37
GNG598,cb_intrinsic,brain,GNG,458.8,412.7,61,-1,-1,-1,-1,-1,-1,24,-1,-1,-1,37
GNG599,cb_intrinsic,brain,GNG,572.0,394.3,-1,-1,-1,-1,-1,-1,-1,23,-1,-1,35,-1
GNG600,cb_intrinsic,brain,GNG,356.5,322.3,52,-1,-1,-1,-1,-1,-1,65,63,-1,18,-1
GNG601,cb_intrinsic,brain,GNG,437.5,415.4,-1,-1,-1,-1,-1,-1,24,-1,-1,-1,-1,37
GNG602,cb_intrinsic,brain,GNG,521.4,368.8,-1,-1,-1,-1,-1,-1,8,-1,-1,-1,18,-1
GNG603,cb_intrinsic,brain,GNG,502.5,356.7,-1,-1,-1,-1,-1,-1,23,-1,68,-1,53,37
GNG604,cb_intrinsic,brain,GNG,600.7,413.8,54,-1,-1,-1,-1,-1,-1,-1,-1,-1,-1,43
GNG605,cb_intrinsic,brain,GNG,564.5,364.4,-1,-1,-1,59,-1,-1,-1,-1,-1,-1,18,-1
GNG606,cb_intrinsic,brain,GNG,517.4,393.3,20,-1,-1,51,-1,-1,-1,-1,30,-1,43,-1
GNG607,cb_intrinsic,brain,GNG,473.5,410.8,-1,-1,-1,-1,-1,-1,-1,-1,-1,-1,42,-1
GNG608,cb_intrinsic,brain,GNG,585.4,432.9,4,-1,-1,-1,-1,-1,-1,-1,-1,-1,-1,43
GNG609,cb_intrinsic,brain,GNG,613.1,399.5,34,-1,-1,-1,-1,-1,31,-1,-1,-1,13,-1
GNG610,cb_intrinsic,brain,GNG,490.9,362.8,-1,-1,67,-1,-1,-1,48,-1,-1,-1,3,-1
GNG611,cb_intrinsic,brain,GNG,512.7,399.2,14,-1,-1,-1,63,-1,29,-1,-1,-1,9,-1
GNG612,cb_intrinsic,brain,GNG,496.2,417.7,-1,-1,-1,-1,-1,-1,-1,-1,-1,-1,52,-1
GNG613,cb_intrinsic,brain,GNG,509.9,433.2,4,-1,-1,-1,-1,-1,-1,-1,60,-1,-1,37
GNG614,cb_intrinsic,brain,GNG,430.5,407.6,-1,-1,-1,-1,-1,-1,-1,-1,-1,-1,-1,37
GNG615,cb_intrinsic,brain,GNG,459.1,333.7,-1,-1,-1,-1,-1,-1,-1,68,-1,-1,-1,37
GNG616,cb_intrinsic,brain,IPS(L),423.6,346.8,11,-1,-1,-1,-1,-1,15,-1,-1,-1,-1,37
GNG617,cb_intrinsic,brain,GNG,484.7,434.1,13,-1,-1,-1,-1,-1,24,-1,-1,-1,-1,37
GNG618,cb_intrinsic,brain,GNG,397.0,352.3,54,-1,-1,-1,-1,-1,-1,-1,67,-1,32,-1
GNG619,cb_intrinsic,brain,GNG,483.4,376.2,13,-1,32,-1,57,-1,16,-1,-1,-1,32,-1
GNG620,cb_intrinsic,brain,GNG,505.9,422.3,40,-1,57,-1,40,-1,25,-1,-1,-1,49,42
GNG621,cb_intrinsic,brain,GNG,459.4,410.2,8,-1,32,-1,35,-1,-1,-1,-1,-1,42,-1
GNG622,cb_intrinsic,brain,GNG,524.3,383.9,53,-1,39,-1,47,-1,-1,-1,-1,-1,43,-1
GNG623,cb_intrinsic,brain,GNG,458.6,385.9,13,-1,-1,-1,-1,-1,-1,-1,-1,-1,-1,43
GNG624,cb_intrinsic,brain,GNG,656.1,304.1,27,-1,63,-1,-1,-1,-1,68,-1,-1,37,-1
GNG625,cb_intrinsic,brain,GNG,522.2,393.8,67,-1,-1,-1,-1,-1,-1,68,-1,-1,-1,37
GNG626,cb_intrinsic,brain,GNG,386.9,319.3,-1,-1,-1,-1,-1,-1,-1,69,-1,-1,-1,37
GNG627,cb_intrinsic,brain,PRW,506.6,324.2,27,-1,58,-1,-1,-1,14,-1,-1,-1,13,-1
GNG628,cb_intrinsic,brain,PRW,497.9,332.3,62,-1,56,-1,-1,-1,14,-1,-1,-1,13,-1
GNG629,cb_intrinsic,brain,PRW,507.1,314.7,-1,-1,-1,-1,-1,-1,-1,-1,45,-1,6,-1
GNG630,cb_intrinsic,brain,GNG,499.0,329.0,5,-1,-1,-1,-1,-1,-1,-1,-1,-1,-1,41
GNG631,cb_intrinsic,brain,GNG,579.8,81.7,4,-1,-1,-1,-1,-1,13,-1,-1,-1,18,-1
GNG633,cb_intrinsic,brain,GNG,482.3,436.1,-1,-1,25,-1,11,-1,8,-1,49,-1,1,-1
GNG634,cb_intrinsic,brain,GNG,386.4,327.0,66,-1,-1,-1,44,-1,-1,-1,-1,-1,-1,37
GNG635,cb_intrinsic,brain,SAD,573.9,355.7,-1,-1,-1,-1,52,-1,-1,-1,-1,-1,41,-1
GNG636,cb_intrinsic,brain,SAD,400.3,344.2,-1,-1,14,-1,6,-1,20,-1,18,-1,21,-1
GNG637,cb_intrinsic,brain,GNG,432.8,290.5,52,-1,-1,-1,-1,-1,-1,-1,27,-1,-1,37
GNG638,cb_intrinsic,brain,SAD,408.7,257.6,41,-1,34,-1,-1,-1,11,-1,17,-1,-1,37
GNG639,cb_intrinsic,brain,GNG,540.4,336.9,-1,-1,69,-1,-1,-1,-1,-1,-1,-1,8,-1
GNG640,cb_intrinsic,brain,GNG,558.5,440.9,34,-1,46,-1,-1,-1,5,-1,62,-1,58,37
GNG641,cb_motor,brain,GNG,550.3,423.8,-1,-1,-1,-1,6,-1,-1,26,7,-1,60,37
GNG642,cb_sensory,brain,GNG,484.4,386.4,-1,-1,-1,-1,-1,-1,30,-1,-1,-1,44,-1
GNG643,cb_sensory,brain,GNG,471.6,470.0,-1,-1,5,-1,-1,-1,28,-1,-1,-1,-1,-1
GNG644,cb_sensory,brain,GNG,523.9,403.2,10,-1,30,-1,-1,-1,30,-1,-1,-1,14,-1
GNG646,cb_intrinsic,brain,GNG,599.2,319.4,-1,-1,-1,-1,-1,-1,22,-1,-1,-1,-1,37
GNG647,cb_motor,brain,GNG,422.5,402.9,-1,-1,-1,-1,5,-1,-1,-1,6,-1,-1,43
GNG648,cb_motor,brain,GNG,439.4,410.9,62,-1,-1,56,4,-1,-1,-1,6,-1,-1,37
GNG649,cb_motor,brain,GNG,464.5,410.7,-1,-1,-1,-1,31,-1,-1,-1,27,-1,60,37
GNG650,cb_motor,brain,GNG,594.1,363.0,-1,-1,-1,-1,7,-1,-1,-1,8,-1,56,37
GNG651,cb_motor,brain,GNG,624.5,299.2,-1,-1,-1,58,9,-1,-1,-1,7,-1,-1,37
GNG652,cb_motor,brain,GNG,447.5,391.1,23,-1,-1,-1,23,-1,-1,-1,45,-1,48,37
GNG653,cb_motor,brain,GNG,546.3,412.8,7,-1,-1,54,5,-1,-1,-1,7,-1,52,37
GNG654,cb_sensory,brain,GNG,511.0,396.0,36,-1,47,-1,-1,-1,25,-1,2,-1,16,-1
GNG655,cb_sensory,brain,GNG,515.6,415.4,-1,-1,-1,-1,-1,-1,8,-1,46,-1,-1,-1
GNG656,cb_efferent,brain,FLA(R),468.1,298.1,3,-1,-1,-1,-1,-1,-1,-1,44,-1,-1,43
GNG657,cb_intrinsic,brain,GNG,487.7,453.5,5,-1,55,-1,-1,-1,25,-1,41,-1,-1,37
GNG658,cb_intrinsic,brain,GNG,430.1,342.4,-1,-1,-1,-1,61,-1,-1,-1,-1,-1,-1,37
GNG659,cb_intrinsic,brain,GNG,463.0,309.0,68,-1,-1,-1,-1,-1,-1,-1,-1,-1,66,37
GNG660,cb_intrinsic,brain,GNG,377.4,344.5,24,-1,40,-1,23,-1,10,-1,63,-1,13,-1
GNG661,cb_intrinsic,brain,GNG,540.9,416.2,48,-1,23,-1,-1,-1,1,-1,-1,-1,-1,37
GNG662,cb_intrinsic,brain,GNG,715.2,175.7,65,-1,63,-1,-1,-1,25,-1,-1,-1,-1,37
GNG663,cb_intrinsic,brain,GNG,605.3,289.4,-1,-1,-1,-1,45,-1,19,-1,22,-1,-1,37
GNG664,cb_intrinsic,brain,GNG,680.5,105.7,51,-1,45,-1,65,-1,22,-1,38,-1,6,-1
GNG665,cb_intrinsic,brain,GNG,484.8,425.1,31,-1,-1,-1,-1,-1,26,-1,40,-1,13,-1
GNG666,cb_intrinsic,brain,GNG,593.1,364.7,-1,-1,41,-1,50,-1,-1,-1,40,-1,-1,37
GNG667,cb_intrinsic,brain,GNG,602.6,335.8,-1,-1,8,-1,8,-1,1,-1,11,-1,-1,37
GNG668,cb_motor,brain,GNG,523.6,417.9,12,-1,-1,-1,-1,-1,-1,-1,51,-1,-1,25
GNG669,cb_intrinsic,brain,GNG,552.2,397.2,-1,-1,-1,-1,65,-1,20,-1,-1,-1,11,-1
GNG670,cb_intrinsic,brain,AVLP(R),738.6,260.8,37,-1,52,-1,-1,-1,41,-1,-1,-1,-1,37
GNG671,cb_intrinsic,brain,GNG,537.8,386.0,-1,-1,-1,-1,40,-1,20,-1,-1,-1,15,-1
GNG700m,cb_intrinsic,brain,GNG,356.3,263.1,-1,-1,40,-1,34,-1,6,-1,27,-1,4,-1
GNG701m,cb_intrinsic,brain,GNG,536.9,376.0,48,-1,-1,36,-1,-1,-1,7,-1,-1,-1,37
GNG702m,cb_intrinsic,brain,GNG,589.1,423.1,22,-1,-1,59,-1,-1,-1,-1,-1,50,9,-1
H1,ol_intrinsic,brain,LOP(R),756.3,436.8,-1,-1,-1,53,-1,-1,-1,68,-1,-1,-1,37
H2,visual_projection,brain,LOP(R),245.3,302.2,18,-1,19,8,-1,1,-1,68,-1,-1,-1,37
HBeyelet,ol_sensory,brain,AME(R),845.3,220.7,-1,-1,28,-1,-1,-1,-1,-1,-1,-1,-1,-1
HRN_VP1d,cb_sensory,brain,AL(R),604.1,248.6,-1,-1,4,-1,-1,-1,65,-1,-1,-1,-1,-1
HRN_VP1l,cb_sensory,brain,AL(R),468.7,272.3,-1,-1,-1,-1,-1,-1,-1,-1,-1,-1,-1,-1
HRN_VP4,cb_sensory,brain,AL(L),622.0,202.6,-1,-1,7,-1,-1,-1,-1,-1,-1,-1,46,-1
HRN_VP5,cb_sensory,brain,AL(R),378.1,202.9,33,-1,14,-1,-1,-1,-1,-1,-1,-1,-1,-1
HSE,visual_projection,brain,LOP(R),804.2,301.7,60,-1,-1,18,-1,1,-1,68,-1,-1,-1,37
HSN,visual_projection,brain,LOP(R),825.1,330.6,43,-1,-1,2,-1,1,-1,68,-1,-1,-1,37
HSS,visual_projection,brain,LOP(R),800.9,325.5,11,-1,-1,2,-1,1,-1,68,-1,-1,65,37
HST,visual_projection,brain,LOP(R),208.8,408.1,-1,-1,33,-1,-1,24,16,-1,-1,-1,-1,37
Hugin-RG,cb_endocrine,brain,FLA(R),535.6,320.7,26,-1,-1,-1,-1,-1,-1,-1,-1,-1,-1,43
IB002,cb_intrinsic,brain,IB,525.4,226.5,-1,-1,32,-1,-1,-1,33,-1,-1,-1,-1,37
IB004_a,cb_intrinsic,brain,IB,620.7,173.6,-1,-1,29,-1,61,-1,-1,-1,27,-1,-1,37
IB004_b,cb_intrinsic,brain,ICL(L),595.6,161.9,8,-1,-1,-1,-1,-1,-1,-1,24,-1,-1,37
IB005,cb_intrinsic,brain,IB,627.6,224.6,-1,-1,19,-1,61,-1,65,-1,59,-1,-1,37
IB007,cb_intrinsic,brain,IB,415.6,84.8,27,-1,28,-1,32,-1,6,-1,5,-1,-1,37
IB008,cb_intrinsic,brain,SPS(L),532.4,202.4,-1,-1,18,-1,3,-1,27,-1,1,-1,-1,37
IB009,cb_intrinsic,brain,IB,554.5,133.4,5,-1,10,-1,12,-1,2,-1,2,-1,10,-1
IB010,cb_intrinsic,brain,IB,568.8,249.3,16,-1,16,-1,10,-1,7,-1,2,-1,-1,37
IB012,cb_intrinsic,brain,IB,488.3,228.7,45,-1,33,-1,47,-1,27,-1,27,-1,66,37
IB014,cb_intrinsic,brain,IB,442.4,181.4,-1,-1,14,-1,22,-1,28,-1,21,-1,-1,37
IB015,cb_intrinsic,brain,IB,318.7,243.8,-1,-1,-1,-1,-1,-1,-1,-1,-1,-1,-1,37
IB016,cb_intrinsic,brain,IB,539.3,240.6,-1,-1,-1,-1,-1,-1,-1,-1,31,-1,-1,37
IB017,cb_intrinsic,brain,CRE(L),439.5,136.4,-1,-1,-1,-1,-1,-1,51,-1,14,-1,-1,37
IB018,cb_intrinsic,brain,IB,477.4,217.7,-1,-1,15,-1,6,-1,6,-1,1,-1,-1,37
IB020,cb_intrinsic,brain,IB,425.5,100.6,-1,-1,-1,-1,-1,-1,-1,-1,-1,-1,-1,37
IB021,cb_intrinsic,brain,IB,543.8,56.4,-1,-1,64,-1,68,-1,39,-1,7,-1,-1,37
IB022,cb_intrinsic,brain,IB,530.8,189.7,65,-1,-1,-1,-1,-1,-1,-1,-1,-1,-1,37
IB023,cb_intrinsic,brain,IB,543.0,229.3,-1,-1,-1,-1,47,-1,-1,-1,15,-1,58,37
IB024,cb_intrinsic,brain,IB,443.0,107.2,12,-1,-1,-1,-1,-1,-1,-1,7,-1,55,37
IB025,cb_intrinsic,brain,IB,437.7,268.6,14,-1,28,-1,40,-1,11,-1,20,-1,-1,37
IB026,cb_intrinsic,brain,SPS(L),537.7,120.4,62,-1,29,-1,66,-1,24,-1,29,-1,29,-1
IB031,cb_intrinsic,brain,IB,611.5,309.0,6,-1,41,-1,48,-1,-1,-1,-1,-1,-1,37
IB032,cb_intrinsic,brain,IB,439.2,298.8,14,-1,-1,-1,35,-1,-1,-1,17,-1,-1,37
IB033,cb_intrinsic,brain,IB,555.4,298.0,1,-1,24,-1,23,-1,8,-1,13,-1,-1,37
IB035,cb_intrinsic,brain,IB,481.8,223.7,12,-1,-1,-1,-1,-1,-1,-1,-1,-1,68,37
IB038,cb_intrinsic,brain,SPS(L),538.6,253.7,11,-1,19,-1,6,-1,27,-1,4,-1,47,37
IB042,cb_intrinsic,brain,IB,470.2,97.0,-1,-1,-1,-1,-1,-1,-1,-1,-1,-1,-1,37
IB044,cb_intrinsic,brain,SPS(L),342.7,211.8,3,-1,36,-1,-1,-1,27,-1,-1,-1,53,37
IB045,cb_intrinsic,brain,IB,492.9,194.6,52,-1,15,-1,63,-1,6,-1,-1,-1,-1,37
IB047,cb_intrinsic,brain,IB,549.6,220.1,-1,-1,-1,-1,65,-1,53,-1,5,-1,-1,37
IB048,cb_intrinsic,brain,IB,532.9,226.0,-1,-1,49,-1,-1,-1,32,-1,-1,-1,46,37
IB049,cb_intrinsic,brain,IB,434.8,79.4,-1,-1,33,-1,35,-1,16,-1,27,-1,9,-1
IB050,cb_intrinsic,brain,IB,419.4,174.6,53,-1,-1,-1,-1,-1,62,-1,14,-1,48,37
IB051,cb_intrinsic,brain,IB,706.1,248.1,5,-1,53,49,26,-1,-1,-1,14,-1,-1,37
IB053,cb_intrinsic,brain,IB,584.9,175.8,-1,-1,-1,-1,-1,-1,-1,-1,22,-1,63,37
IB054,cb_intrinsic,brain,IB,615.9,243.9,66,-1,40,-1,-1,-1,41,-1,18,-1,-1,37
IB058,cb_intrinsic,brain,IB,516.4,211.0,-1,-1,32,-1,32,-1,28,-1,15,-1,-1,37
IB059_a,cb_intrinsic,brain,IB,599.7,257.8,-1,-1,-1,-1,-1,-1,32,-1,56,-1,-1,37
IB059_b,cb_intrinsic,brain,IB,401.2,113.9,-1,-1,-1,-1,57,-1,-1,-1,25,-1,-1,37
IB060,cb_intrinsic,brain,IB,390.8,185.9,56,-1,-1,-1,-1,-1,-1,-1,15,-1,-1,37
IB061,cb_intrinsic,brain,IB,468.2,250.2,11,-1,-1,-1,12,-1,-1,-1,13,-1,-1,37
IB062,cb_intrinsic,brain,VES(R),531.1,203.8,-1,-1,-1,-1,-1,-1,54,-1,37,-1,47,37
IB064,cb_intrinsic,brain,IB,554.4,189.4,23,-1,65,-1,66,-1,-1,-1,46,-1,-1,37
IB065,cb_intrinsic,brain,IB,514.5,232.3,21,-1,51,-1,48,-1,-1,-1,39,-1,48,37
IB066,cb_intrinsic,brain,IB,580.5,295.1,35,-1,67,-1,-1,-1,-1,-1,-1,-1,-1,37
IB068,cb_intrinsic,brain,IB,605.6,262.7,-1,-1,-1,-1,-1,-1,12,-1,37,-1,-1,37
IB069,cb_intrinsic,brain,VES(R),723.2,272.5,-1,-1,-1,-1,-1,-1,-1,-1,43,-1,-1,37
IB070,cb_intrinsic,brain,LAL(R),374.7,133.4,-1,-1,-1,-1,-1,-1,-1,-1,13,-1,-1,37
IB071,cb_intrinsic,brain,LAL(L),589.0,185.8,-1,-1,-1,-1,-1,-1,51,-1,18,-1,-1,37
IB076,cb_intrinsic,brain,IB,555.2,239.4,26,-1,-1,-1,-1,-1,-1,-1,40,-1,-1,37
IB083,cb_intrinsic,brain,IB,539.0,195.7,53,-1,-1,-1,-1,-1,-1,-1,22,-1,-1,37
IB084,cb_intrinsic,brain,LAL(L),477.0,226.2,-1,-1,-1,-1,31,-1,-1,-1,5,-1,64,37
IB087,cb_intrinsic,brain,IB,468.1,194.1,17,-1,58,-1,69,-1,49,-1,15,-1,-1,37
IB092,cb_intrinsic,brain,IB,428.6,313.0,-1,-1,21,-1,18,-1,32,-1,22,-1,-1,37
IB093,cb_intrinsic,brain,IB,605.1,233.5,12,-1,42,-1,44,-1,41,-1,-1,-1,-1,37
IB094,cb_intrinsic,brain,IB,501.7,222.7,57,-1,-1,-1,22,-1,-1,-1,25,-1,-1,37
IB095,cb_intrinsic,brain,IB,309.5,239.3,-1,-1,-1,-1,41,-1,27,-1,17,-1,50,37
IB096,cb_intrinsic,brain,IB,420.5,378.1,31,-1,-1,-1,-1,-1,52,-1,-1,-1,30,-1
IB097,cb_intrinsic,brain,IB,452.1,303.0,6,-1,14,-1,15,-1,8,-1,64,-1,32,-1
IB101,cb_intrinsic,brain,IB,530.0,224.3,-1,-1,58,-1,-1,-1,64,-1,67,-1,-1,37
IB109,cb_intrinsic,brain,IB,362.2,121.5,39,-1,-1,-1,16,-1,50,-1,7,-1,-1,37
IB110,cb_intrinsic,brain,IB,489.2,209.5,37,-1,-1,-1,46,-1,9,-1,4,-1,48,37
IB114,cb_intrinsic,brain,IB,418.7,375.0,14,-1,17,-1,8,-1,29,-1,2,-1,53,37
IB115,cb_intrinsic,brain,IB,430.4,170.6,8,-1,6,-1,36,-1,35,-1,26,-1,34,-1
IB116,cb_intrinsic,brain,IB,568.7,182.8,-1,-1,33,-1,63,-1,6,-1,44,-1,-1,37
IB117,cb_intrinsic,brain,SPS(L),577.8,294.3,-1,-1,-1,-1,23,-1,-1,-1,11,-1,63,37
IB118,cb_intrinsic,brain,SPS(L),551.8,219.6,-1,-1,-1,-1,21,-1,39,-1,8,-1,-1,37
IB120,cb_intrinsic,brain,IB,398.6,198.6,-1,-1,35,-1,31,-1,47,-1,14,-1,62,37
IB121,cb_intrinsic,brain,IB,471.1,250.8,27,-1,59,-1,-1,-1,-1,-1,24,-1,-1,37
ICL002m,cb_intrinsic,brain,GNG,525.7,407.1,-1,-1,-1,-1,-1,-1,8,-1,12,-1,47,37
ICL003m,cb_intrinsic,brain,ICL(R),570.9,196.0,-1,-1,46,-1,68,-1,67,-1,-1,-1,-1,37
ICL004m_a,cb_intrinsic,brain,ICL(L),456.3,296.6,-1,-1,-1,-1,-1,-1,-1,-1,27,-1,44,37
ICL004m_b,cb_intrinsic,brain,ICL(R),475.9,307.0,-1,-1,-1,-1,-1,-1,-1,-1,-1,-1,51,37
ICL005m,cb_intrinsic,brain,ICL(L),464.4,311.9,1,-1,-1,-1,-1,-1,-1,-1,21,-1,44,37
ICL006m,cb_intrinsic,brain,GOR(R),422.6,196.2,37,-1,-1,-1,-1,-1,-1,-1,12,-1,-1,37
ICL008m,cb_intrinsic,brain,ICL(L),623.7,121.4,44,-1,-1,-1,60,-1,-1,-1,18,-1,58,37
ICL010m,cb_intrinsic,brain,CRE(L),561.0,104.0,37,-1,-1,67,-1,-1,-1,-1,34,-1,-1,37
ICL011m,cb_intrinsic,brain,SMP(R),483.4,110.8,-1,-1,-1,-1,-1,-1,-1,-1,32,-1,-1,37
ICL012m,cb_intrinsic,brain,ICL(R),604.1,168.9,5,-1,-1,-1,44,-1,25,-1,18,-1,-1,37
ICL013m_a,cb_intrinsic,brain,ICL(R),605.1,140.6,53,-1,-1,-1,-1,-1,-1,-1,-1,-1,-1,37
ICL013m_b,cb_intrinsic,brain,SIP(R),400.1,82.4,42,-1,-1,-1,-1,-1,-1,-1,-1,-1,-1,37
IN00A001,vnc_intrinsic,vnc,LegNp(T3)(L),514.8,785.9,-1,-1,-1,57,18,-1,-1,-1,65,-1,-1,-1
IN00A002,vnc_intrinsic,vnc,LegNp(T3)(R),626.0,853.4,6,-1,5,-1,-1,-1,-1,63,-1,-1,22,-1
IN00A003,vnc_intrinsic,vnc,mVAC(T2)(R),568.4,797.4,-1,-1,66,-1,25,-1,-1,-1,51,-1,57,-1
IN00A004,vnc_intrinsic,vnc,LTct,432.4,801.1,1,-1,22,-1,13,-1,56,-1,61,-1,10,-1
IN00A005,vnc_intrinsic,vnc,mVAC(T1)(L),583.9,864.3,62,-1,-1,-1,44,-1,-1,-1,56,-1,-1,-1
IN00A007,vnc_intrinsic,vnc,mVAC(T2)(L),453.3,787.8,-1,-1,22,-1,19,-1,-1,-1,63,-1,22,-1
IN00A008,vnc_intrinsic,vnc,ANm,516.0,823.6,15,-1,62,-1,-1,-1,-1,-1,-1,-1,16,-1
IN00A009,vnc_intrinsic,vnc,LegNp(T2)(L),592.0,878.7,7,-1,11,-1,30,-1,20,-1,39,-1,25,-1
IN00A010,vnc_intrinsic,vnc,LTct,563.7,830.6,57,-1,33,-1,44,-1,-1,-1,-1,-1,10,-1
IN00A011,vnc_intrinsic,vnc,mVAC(T2)(R),558.0,778.1,-1,-1,6,-1,5,-1,-1,-1,57,-1,29,-1
IN00A012,vnc_intrinsic,vnc,Ov(L),475.5,793.7,-1,-1,46,-1,16,-1,47,-1,47,-1,28,-1
IN00A013,vnc_intrinsic,vnc,ANm,544.6,869.0,-1,-1,-1,-1,-1,-1,45,-1,-1,-1,36,-1
IN00A014,vnc_intrinsic,vnc,mVAC(T2)(R),511.3,825.4,-1,-1,27,-1,6,-1,-1,-1,33,-1,15,-1
IN00A016,vnc_intrinsic,vnc,LegNp(T1)(L),410.3,741.8,4,-1,-1,-1,-1,-1,60,-1,-1,-1,-1,42
IN00A017,vnc_intrinsic,vnc,ANm,550.2,822.0,-1,-1,49,-1,10,-1,-1,-1,28,-1,9,-1
IN00A018,vnc_intrinsic,vnc,mVAC(T2)(R),510.3,837.7,5,-1,-1,-1,39,-1,-1,-1,63,-1,27,-1
IN00A019,vnc_intrinsic,vnc,mVAC(T1)(R),456.0,787.8,-1,-1,37,-1,8,-1,64,-1,53,-1,25,-1
IN00A020,vnc_intrinsic,vnc,mVAC(T3)(R),447.8,804.9,-1,-1,30,-1,52,-1,-1,-1,56,-1,29,-1
IN00A021,vnc_intrinsic,vnc,LTct,664.9,717.5,11,-1,28,-1,-1,-1,8,-1,65,-1,28,-1
IN00A022,vnc_intrinsic,vnc,WTct(UTct-T2)(L),606.6,706.6,-1,-1,25,-1,27,-1,-1,-1,24,-1,24,-1
IN00A024,vnc_intrinsic,vnc,ANm,469.6,801.0,-1,-1,29,-1,55,-1,50,-1,68,-1,16,-1
IN00A025,vnc_intrinsic,vnc,Ov(L),487.9,798.4,13,-1,25,-1,17,-1,56,-1,-1,-1,27,-1
IN00A026,vnc_intrinsic,vnc,mVAC(T2)(L),579.5,783.0,2,-1,17,-1,5,-1,64,-1,35,-1,26,-1
IN00A027,vnc_intrinsic,vnc,ANm,535.9,837.0,-1,-1,14,-1,29,-1,-1,-1,62,-1,-1,38
IN00A028,vnc_intrinsic,vnc,mVAC(T2)(R),641.6,810.5,35,-1,-1,-1,16,-1,-1,-1,-1,-1,28,-1
IN00A029,vnc_intrinsic,vnc,LTct,523.1,792.6,1,-1,-1,-1,31,-1,-1,-1,48,-1,-1,-1
IN00A030,vnc_intrinsic,vnc,LTct,558.6,810.4,47,-1,63,-1,44,-1,59,-1,45,-1,-1,-1
IN00A031,vnc_intrinsic,vnc,LegNp(T3)(R),443.8,848.4,9,-1,8,-1,39,-1,57,-1,-1,-1,24,-1
IN00A032,vnc_intrinsic,vnc,IntTct,521.4,725.4,19,-1,-1,-1,-1,-1,37,-1,44,-1,-1,37
IN00A033,vnc_intrinsic,vnc,ANm,505.0,760.1,-1,-1,51,-1,37,-1,-1,-1,67,-1,24,-1
IN00A034,vnc_intrinsic,vnc,Ov(L),567.3,797.9,-1,-1,-1,-1,59,-1,-1,-1,-1,-1,67,-1
IN00A035,vnc_intrinsic,vnc,LTct,557.6,771.2,65,-1,-1,-1,-1,-1,-1,-1,-1,-1,-1,-1
IN00A036,vnc_intrinsic,vnc,Ov(L),479.4,855.9,37,-1,-1,-1,16,-1,-1,-1,42,-1,45,-1
IN00A037,vnc_intrinsic,vnc,Ov(L),538.3,772.1,-1,-1,-1,-1,-1,-1,-1,-1,-1,-1,-1,-1
IN00A038,vnc_intrinsic,vnc,Ov(L),452.2,800.6,68,-1,-1,-1,-1,-1,66,-1,-1,-1,27,-1
IN00A039,vnc_intrinsic,vnc,WTct(UTct-T2)(R),453.3,723.5,48,-1,-1,-1,-1,-1,45,-1,43,-1,26,-1
IN00A040,vnc_intrinsic,vnc,IntTct,475.8,776.4,-1,-1,-1,-1,-1,-1,53,-1,-1,-1,41,-1
IN00A041,vnc_intrinsic,vnc,LTct,508.4,776.9,4,-1,-1,-1,31,-1,-1,-1,66,-1,26,-1
IN00A042,vnc_intrinsic,vnc,Ov(L),542.1,777.3,67,-1,-1,-1,-1,-1,-1,-1,-1,-1,28,-1
IN00A043,vnc_intrinsic,vnc,LTct,539.3,727.7,3,-1,-1,-1,-1,-1,17,-1,44,-1,28,-1
IN00A044,vnc_intrinsic,vnc,LTct,542.6,772.6,68,-1,-1,-1,-1,-1,-1,-1,50,-1,53,43
IN00A045,vnc_intrinsic,vnc,Ov(L),424.1,746.1,-1,-1,31,-1,55,-1,-1,-1,-1,-1,28,-1
IN00A047,vnc_intrinsic,vnc,WTct(UTct-T2)(R),452.5,715.7,-1,-1,-1,-1,38,-1,9,-1,36,-1,24,-1
IN00A048,vnc_intrinsic,vnc,LTct,545.7,762.7,56,-1,-1,-1,57,-1,-1,-1,-1,-1,22,-1
IN00A049,vnc_intrinsic,vnc,mVAC(T2)(R),429.0,760.0,10,-1,-1,-1,58,-1,56,-1,-1,-1,52,-1
IN00A050,vnc_intrinsic,vnc,LTct,577.7,761.8,-1,-1,-1,-1,-1,-1,60,-1,-1,-1,20,-1
IN00A051,vnc_intrinsic,vnc,LTct,427.6,789.3,8,-1,68,-1,-1,-1,-1,-1,-1,-1,64,-1
IN00A052,vnc_intrinsic,vnc,LTct,500.2,836.2,-1,-1,-1,-1,56,-1,-1,-1,51,-1,-1,-1
IN00A053,vnc_intrinsic,vnc,IntTct,554.4,785.9,-1,-1,-1,-1,-1,-1,51,-1,-1,-1,-1,37
IN00A054,vnc_intrinsic,vnc,LTct,566.4,791.1,50,-1,61,53,24,-1,13,-1,42,-1,27,-1
IN00A055,vnc_intrinsic,vnc,LTct,489.7,831.3,-1,-1,-1,-1,-1,-1,-1,-1,-1,-1,-1,37
IN00A056,vnc_intrinsic,vnc,WTct(UTct-T2)(R),535.7,794.8,1,-1,41,-1,11,-1,17,-1,7,-1,49,41
IN00A057,vnc_intrinsic,vnc,WTct(UTct-T2)(R),572.1,771.3,-1,-1,24,-1,15,-1,17,-1,8,-1,15,-1
IN00A058,vnc_intrinsic,vnc,ANm,506.8,803.7,10,-1,-1,-1,-1,-1,-1,-1,23,-1,-1,-1
IN00A059,vnc_intrinsic,vnc,LTct,569.4,743.3,8,-1,-1,-1,-1,-1,-1,56,-1,-1,-1,43
IN00A060,vnc_intrinsic,vnc,LTct,527.7,821.5,-1,-1,-1,-1,48,-1,47,-1,-1,-1,-1,-1
IN00A061,vnc_intrinsic,vnc,Ov(L),513.9,768.6,19,-1,-1,46,-1,-1,-1,-1,-1,-1,-1,-1
IN00A062,vnc_intrinsic,vnc,LTct,508.6,761.7,4,-1,-1,66,-1,-1,-1,60,-1,-1,54,43
IN00A063,vnc_intrinsic,vnc,Ov(L),568.0,863.4,-1,-1,-1,66,-1,-1,47,-1,-1,-1,18,-1
IN00A064,vnc_intrinsic,vnc,LTct,547.6,798.2,-1,-1,-1,66,-1,-1,46,-1,-1,-1,-1,43
IN00A065,vnc_intrinsic,vnc,Ov(L),423.0,745.3,50,-1,-1,-1,-1,-1,-1,-1,69,-1,18,-1
IN00A066,vnc_intrinsic,vnc,ANm,510.8,861.0,-1,-1,-1,-1,-1,-1,-1,-1,-1,-1,-1,-1
IN00A067,vnc_intrinsic,vnc,LegNp(T3)(R),447.3,907.4,59,-1,-1,-1,-1,-1,-1,-1,-1,-1,-1,-1
IN00A068,vnc_intrinsic,vnc,LegNp(T3)(R),509.9,886.4,55,-1,-1,-1,-1,-1,-1,-1,-1,-1,-1,-1
IN00A069,vnc_intrinsic,vnc,mVAC(T3)(L),499.0,865.7,-1,-1,-1,-1,-1,-1,47,-1,66,-1,-1,-1
IN00A070,vnc_intrinsic,vnc,ANm,524.5,835.4,41,-1,-1,-1,-1,-1,-1,-1,-1,-1,-1,-1
IN01A002,vnc_intrinsic,vnc,LegNp(T1)(L),641.5,728.1,31,-1,54,-1,-1,-1,61,-1,-1,-1,39,-1
IN01A005,vnc_intrinsic,vnc,LegNp(T2)(L),470.8,869.2,10,-1,13,-1,58,-1,53,-1,-1,-1,33,-1
IN01A007,vnc_intrinsic,vnc,LegNp(T2)(L),463.7,909.0,3,-1,15,-1,14,-1,56,-1,-1,-1,26,-1
IN01A008,vnc_intrinsic,vnc,LegNp(T3)(L),609.1,822.3,8,-1,-1,-1,-1,-1,60,-1,-1,-1,41,-1
IN01A009,vnc_intrinsic,vnc,LegNp(T2)(L),559.9,725.8,34,-1,10,-1,25,-1,53,-1,11,-1,40,-1
IN01A010,vnc_intrinsic,vnc,LegNp(T2)(L),445.5,878.0,68,-1,11,-1,40,-1,60,-1,-1,-1,40,-1
IN01A011,vnc_intrinsic,vnc,LegNp(T3)(R),606.9,884.3,58,-1,11,-1,39,-1,54,-1,-1,-1,8,-1
IN01A012,vnc_intrinsic,vnc,LegNp(T2)(L),483.4,786.4,16,-1,9,-1,7,-1,-1,-1,-1,-1,7,-1
IN01A015,vnc_intrinsic,vnc,LegNp(T3)(L),411.6,869.3,-1,-1,13,-1,19,-1,17,-1,17,-1,38,-1
IN01A016,vnc_intrinsic,vnc,LegNp(T3)(R),456.7,844.0,-1,-1,-1,-1,-1,-1,-1,-1,-1,-1,43,-1
IN01A017,vnc_intrinsic,vnc,Ov(L),612.3,708.4,17,-1,36,-1,31,-1,13,-1,34,-1,21,-1
IN01A018,vnc_intrinsic,vnc,LegNp(T1)(L),626.8,838.6,-1,-1,-1,-1,-1,-1,-1,-1,-1,-1,-1,41
IN01A020,vnc_intrinsic,vnc,WTct(UTct-T2)(R),532.6,757.3,-1,-1,27,-1,15,-1,14,-1,16,-1,30,-1
IN01A022,vnc_intrinsic,vnc,LegNp(T1)(L),594.0,721.0,39,-1,-1,-1,-1,-1,-1,-1,69,-1,-1,42
IN01A023,vnc_intrinsic,vnc,LegNp(T3)(L),471.8,776.6,67,-1,18,-1,-1,-1,55,-1,-1,-1,29,-1
IN01A024,vnc_intrinsic,vnc,LegNp(T1)(L),603.4,681.8,67,-1,55,-1,-1,-1,24,-1,-1,-1,6,-1
IN01A025,vnc_intrinsic,vnc,LegNp(T3)(L),606.1,827.2,7,-1,67,-1,22,-1,-1,-1,17,-1,32,-1
IN01A026,vnc_intrinsic,vnc,LegNp(T3)(R),566.1,914.8,19,-1,-1,-1,46,-1,60,-1,31,-1,48,42
IN01A027,vnc_intrinsic,vnc,ANm,614.7,893.3,-1,-1,20,-1,36,-1,56,-1,-1,-1,12,-1
IN01A028,vnc_intrinsic,vnc,LegNp(T3)(R),452.8,833.9,11,-1,-1,68,62,-1,-1,-1,-1,-1,-1,39
IN01A029,vnc_intrinsic,vnc,LegNp(T3)(R),442.3,890.3,67,-1,59,-1,51,-1,-1,-1,-1,-1,28,-1
IN01A030,vnc_intrinsic,vnc,LegNp(T1)(L),426.9,807.6,-1,-1,-1,-1,-1,-1,-1,-1,-1,-1,39,-1
IN01A031,vnc_intrinsic,vnc,ANm,527.5,867.1,16,-1,16,-1,9,-1,11,-1,68,-1,7,-1
IN01A032,vnc_intrinsic,vnc,LegNp(T2)(L),630.9,777.0,-1,-1,7,-1,59,-1,57,-1,-1,-1,36,-1
IN01A034,vnc_intrinsic,vnc,LegNp(T2)(L),630.2,837.2,-1,-1,-1,-1,-1,-1,29,-1,-1,-1,14,-1
IN01A035,vnc_intrinsic,vnc,LegNp(T3)(L),478.8,859.2,16,-1,26,-1,43,-1,57,-1,29,-1,-1,43
IN01A036,vnc_intrinsic,vnc,LegNp(T3)(L),583.3,869.6,9,-1,14,-1,17,-1,56,-1,-1,-1,34,-1
IN01A037,vnc_intrinsic,vnc,LegNp(T3)(L),630.6,902.1,49,-1,58,-1,-1,-1,-1,-1,-1,-1,68,42
IN01A038,vnc_intrinsic,vnc,LegNp(T3)(L),459.7,871.0,50,-1,21,-1,10,-1,-1,-1,23,-1,41,-1
IN01A039,vnc_intrinsic,vnc,LegNp(T2)(L),543.8,863.6,-1,-1,18,-1,37,-1,51,-1,-1,-1,34,-1
IN01A040,vnc_intrinsic,vnc,LegNp(T1)(L),669.1,823.6,-1,-1,49,-1,-1,-1,54,-1,68,-1,22,-1
IN01A041,vnc_intrinsic,vnc,LegNp(T1)(L),562.3,823.1,-1,-1,-1,-1,64,-1,55,-1,-1,-1,42,-1
IN01A042,vnc_intrinsic,vnc,LegNp(T3)(R),493.7,879.6,-1,-1,59,-1,-1,-1,-1,-1,-1,-1,-1,41
IN01A043,vnc_intrinsic,vnc,ANm,543.7,831.4,-1,-1,10,-1,50,-1,-1,-1,-1,-1,37,-1
IN01A044,vnc_intrinsic,vnc,ANm,609.8,949.8,4,-1,-1,-1,38,-1,-1,-1,64,-1,32,-1
IN01A045,vnc_intrinsic,vnc,ANm,585.7,901.0,1,-1,3,-1,3,-1,52,-1,29,-1,14,-1
IN01A046,vnc_intrinsic,vnc,ANm,544.0,829.0,-1,-1,-1,-1,64,-1,68,-1,66,-1,30,-1
IN01A047,vnc_intrinsic,vnc,LegNp(T1)(L),434.5,782.4,-1,-1,-1,-1,-1,-1,14,-1,-1,-1,67,42
IN01A048,vnc_intrinsic,vnc,ANm,550.0,777.7,60,-1,17,-1,4,-1,60,-1,-1,-1,24,-1
IN01A050,vnc_intrinsic,vnc,LTct,513.3,789.0,-1,-1,12,-1,12,-1,5,-1,4,-1,28,-1
IN01A051,vnc_intrinsic,vnc,ANm,537.5,873.6,54,-1,50,-1,17,-1,-1,-1,58,-1,38,-1
IN01A052_a,vnc_intrinsic,vnc,LegNp(T1)(L),608.9,802.1,-1,-1,-1,-1,-1,-1,-1,-1,-1,-1,-1,43
IN01A052_b,vnc_intrinsic,vnc,LegNp(T1)(R),396.6,770.5,-1,-1,-1,-1,-1,-1,69,-1,-1,-1,18,-1
IN01A053,vnc_intrinsic,vnc,LTct,510.0,784.8,11,-1,-1,-1,64,-1,-1,-1,-1,-1,-1,43
IN01A054,vnc_intrinsic,vnc,LegNp(T2)(L),573.3,901.6,-1,-1,47,-1,-1,-1,-1,-1,-1,-1,-1,39
IN01A056,vnc_intrinsic,vnc,LegNp(T2)(L),572.0,793.8,62,-1,-1,-1,-1,-1,-1,-1,-1,-1,43,-1
IN01A057,vnc_intrinsic,vnc,LegNp(T3)(R),613.4,825.7,-1,-1,-1,-1,-1,-1,-1,-1,-1,-1,-1,41
IN01A058,vnc_intrinsic,vnc,LTct,497.0,908.1,-1,-1,66,-1,41,-1,-1,-1,-1,-1,-1,43
IN01A059,vnc_intrinsic,vnc,ANm,528.8,859.8,-1,-1,39,-1,7,-1,61,-1,-1,-1,6,-1
IN01A060,vnc_intrinsic,vnc,LTct,479.6,786.3,-1,-1,-1,-1,-1,-1,15,-1,52,-1,-1,43
IN01A061,vnc_intrinsic,vnc,ANm,527.8,845.1,31,-1,40,-1,4,-1,-1,-1,-1,-1,31,-1
IN01A062_a,vnc_intrinsic,vnc,LTct,550.6,801.5,3,-1,-1,-1,-1,-1,15,-1,50,-1,43,-1
IN01A062_b,vnc_intrinsic,vnc,LTct,596.6,861.4,-1,-1,-1,-1,-1,-1,-1,-1,63,-1,60,43
IN01A062_c,vnc_intrinsic,vnc,LTct,618.8,754.7,-1,-1,-1,-1,-1,-1,15,-1,49,-1,39,-1
IN01A063_a,vnc_intrinsic,vnc,LegNp(T1)(L),575.0,795.0,-1,-1,-1,-1,-1,-1,-1,-1,-1,-1,-1,40
IN01A063_b,vnc_intrinsic,vnc,LegNp(T1)(L),670.8,767.3,-1,-1,-1,-1,-1,-1,-1,-1,-1,-1,-1,40
IN01A063_c,vnc_intrinsic,vnc,LegNp(T1)(L),657.1,714.6,20,-1,-1,-1,-1,-1,-1,-1,-1,-1,-1,42
IN01A064,vnc_intrinsic,vnc,LegNp(T3)(R),570.4,881.5,13,-1,-1,-1,-1,-1,-1,-1,-1,-1,-1,41
IN01A065,vnc_intrinsic,vnc,ANm,551.2,791.7,13,-1,-1,-1,26,-1,-1,-1,-1,-1,32,-1
IN01A066,vnc_intrinsic,vnc,LegNp(T3)(L),445.0,887.3,-1,-1,-1,-1,-1,-1,-1,-1,-1,-1,36,-1
IN01A067,vnc_intrinsic,vnc,LegNp(T2)(L),469.5,787.0,26,-1,-1,-1,-1,-1,-1,-1,-1,-1,43,-1
IN01A068,vnc_intrinsic,vnc,LegNp(T3)(L),440.4,908.1,-1,-1,-1,-1,-1,-1,-1,-1,-1,-1,42,-1
IN01A069,vnc_intrinsic,vnc,LegNp(T1)(L),402.8,789.6,29,-1,-1,-1,-1,-1,-1,-1,-1,-1,52,40
IN01A070,vnc_intrinsic,vnc,LTct,484.2,861.1,-1,-1,63,-1,-1,-1,-1,59,-1,-1,63,37
IN01A071,vnc_intrinsic,vnc,LegNp(T3)(R),647.8,847.2,-1,-1,-1,-1,61,-1,-1,-1,-1,-1,62,42
IN01A072,vnc_intrinsic,vnc,LegNp(T1)(L),561.4,807.1,-1,-1,-1,-1,-1,-1,-1,-1,-1,-1,-1,42
IN01A073,vnc_intrinsic,vnc,LegNp(T2)(L),438.8,828.1,-1,-1,68,39,-1,-1,-1,-1,-1,-1,-1,41
IN01A074,vnc_intrinsic,vnc,LegNp(T1)(L),612.9,695.5,-1,-1,-1,-1,-1,-1,-1,-1,64,-1,41,-1
IN01A075,vnc_intrinsic,vnc,LegNp(T1)(R),500.4,730.5,57,-1,-1,-1,-1,-1,-1,-1,-1,-1,-1,37
IN01A076,vnc_intrinsic,vnc,LegNp(T2)(L),468.1,916.8,-1,-1,-1,-1,-1,-1,-1,-1,-1,-1,41,-1
IN01A077,vnc_intrinsic,vnc,LegNp(T2)(L),434.1,825.5,67,-1,-1,-1,-1,-1,-1,-1,-1,-1,-1,43
IN01A078,vnc_intrinsic,vnc,LegNp(T1)(L),466.9,752.0,-1,-1,-1,-1,-1,-1,-1,-1,-1,-1,-1,40
IN01A079,vnc_intrinsic,vnc,LegNp(T1)(L),573.5,739.1,18,-1,-1,-1,-1,-1,-1,-1,-1,-1,-1,39
IN01A080_a,vnc_intrinsic,vnc,LegNp(T3)(L),595.6,888.6,6,-1,-1,-1,-1,-1,-1,-1,-1,-1,-1,42
IN01A080_b,vnc_intrinsic,vnc,LegNp(T3)(L),448.0,836.9,-1,-1,-1,62,-1,-1,-1,-1,-1,-1,-1,42
IN01A080_c,vnc_intrinsic,vnc,LegNp(T1)(L),669.1,775.9,-1,-1,-1,-1,-1,-1,-1,-1,-1,-1,-1,42
IN01A081,vnc_intrinsic,vnc,LegNp(T1)(L),589.5,827.5,-1,-1,-1,-1,-1,-1,-1,-1,50,-1,-1,43
IN01A082,vnc_intrinsic,vnc,LegNp(T3)(R),634.8,919.8,15,-1,-1,67,-1,-1,-1,-1,-1,-1,-1,41
IN01A083_a,vnc_intrinsic,vnc,LegNp(T1)(L),671.0,781.1,-1,-1,-1,-1,-1,-1,-1,-1,-1,-1,68,42
IN01A083_b,vnc_intrinsic,vnc,LegNp(T1)(L),389.9,745.7,67,-1,-1,-1,-1,-1,-1,55,-1,-1,-1,42
IN01A084,vnc_intrinsic,vnc,ANm,590.7,814.8,35,-1,-1,-1,-1,-1,-1,-1,-1,-1,-1,43
IN01A085,vnc_intrinsic,vnc,LegNp(T1)(L),419.1,716.9,-1,-1,-1,-1,-1,-1,-1,-1,68,-1,48,-1
IN01A087_a,vnc_intrinsic,vnc,IntTct,583.1,842.0,-1,-1,-1,-1,-1,-1,-1,60,-1,-1,-1,41
IN01A087_b,vnc_intrinsic,vnc,ANm,535.9,732.9,-1,-1,-1,-1,-1,-1,-1,56,-1,-1,-1,37
IN01A088,vnc_intrinsic,vnc,LegNp(T3)(R),497.0,827.5,13,-1,-1,-1,-1,-1,9,-1,-1,-1,62,41
IN01A089,vnc_intrinsic,vnc,LegNp(T3)(R),507.8,872.1,11,-1,-1,56,-1,-1,-1,-1,-1,-1,45,39
IN01B001,vnc_intrinsic,vnc,LegNp(T2)(L),419.7,813.1,-1,-1,-1,17,3,-1,24,-1,-1,-1,22,-1
IN01B002,vnc_intrinsic,vnc,LegNp(T3)(R),556.6,862.4,12,-1,-1,69,3,-1,50,-1,-1,-1,35,-1
IN01B003,vnc_intrinsic,vnc,LegNp(T3)(R),427.6,800.3,8,-1,2,-1,2,-1,21,-1,-1,-1,1,-1
IN01B006,vnc_intrinsic,vnc,LegNp(T3)(R),457.9,799.8,-1,-1,47,-1,15,-1,20,-1,-1,-1,40,-1
IN01B007,vnc_intrinsic,vnc,LegNp(T3)(R),659.4,748.2,36,-1,22,-1,18,-1,53,-1,-1,-1,20,-1
IN01B008,vnc_intrinsic,vnc,LegNp(T3)(L),458.1,772.7,23,-1,51,-1,10,-1,-1,-1,-1,-1,38,-1
IN01B010,vnc_intrinsic,vnc,LegNp(T3)(R),501.3,866.2,-1,-1,31,9,12,-1,-1,-1,-1,-1,42,-1
IN01B012,vnc_intrinsic,vnc,LegNp(T3)(R),620.4,827.2,44,-1,39,-1,12,-1,52,-1,-1,-1,34,-1
IN01B014,vnc_intrinsic,vnc,LegNp(T3)(R),445.2,837.5,-1,-1,29,-1,68,-1,56,-1,-1,-1,22,-1
IN01B015,vnc_intrinsic,vnc,LegNp(T2)(L),641.5,844.9,59,-1,-1,-1,-1,-1,-1,-1,-1,-1,38,-1
IN01B016,vnc_intrinsic,vnc,LegNp(T3)(R),500.5,806.7,60,-1,-1,-1,-1,-1,14,-1,-1,-1,33,-1
IN01B017,vnc_intrinsic,vnc,LegNp(T2)(L),478.1,834.6,8,-1,-1,-1,49,-1,54,-1,-1,-1,36,-1
IN01B019_a,vnc_intrinsic,vnc,LegNp(T1)(R),394.2,772.9,-1,-1,-1,-1,-1,-1,-1,-1,-1,-1,-1,63
IN01B019_b,vnc_intrinsic,vnc,LegNp(T1)(L),482.9,790.6,-1,-1,-1,-1,-1,-1,-1,-1,-1,-1,41,-1
IN01B020,vnc_intrinsic,vnc,LegNp(T3)(R),566.7,852.9,51,-1,51,-1,10,-1,-1,-1,-1,-1,-1,-1
IN01B021,vnc_intrinsic,vnc,LegNp(T2)(L),572.1,864.9,-1,-1,-1,68,20,-1,-1,-1,-1,-1,43,-1
IN01B022,vnc_intrinsic,vnc,LegNp(T3)(L),472.6,852.9,64,-1,38,-1,42,-1,52,-1,-1,-1,35,-1
IN01B023_a,vnc_intrinsic,vnc,LegNp(T3)(L),456.0,877.9,-1,-1,-1,-1,42,-1,-1,-1,-1,-1,35,-1
IN01B023_b,vnc_intrinsic,vnc,LegNp(T3)(L),570.6,847.9,-1,-1,-1,-1,67,-1,-1,-1,-1,-1,-1,-1
IN01B023_c,vnc_intrinsic,vnc,LegNp(T2)(L),560.8,900.4,-1,-1,-1,-1,55,-1,-1,-1,-1,-1,66,-1
IN01B023_d,vnc_intrinsic,vnc,LegNp(T1)(L),656.7,831.2,37,-1,-1,-1,-1,-1,-1,-1,-1,-1,62,-1
IN01B024,vnc_intrinsic,vnc,LegNp(T2)(L),639.6,819.7,27,-1,68,-1,-1,-1,59,-1,-1,-1,36,-1
IN01B025,vnc_intrinsic,vnc,LegNp(T3)(R),633.0,854.8,-1,-1,-1,-1,49,-1,57,-1,-1,-1,41,-1
IN01B026,vnc_intrinsic,vnc,LegNp(T3)(L),572.3,825.1,-1,-1,24,-1,46,-1,50,-1,-1,-1,37,-1
IN01B027_a,vnc_intrinsic,vnc,LegNp(T3)(L),493.5,928.5,63,-1,69,-1,50,-1,55,-1,-1,-1,37,-1
IN01B027_b,vnc_intrinsic,vnc,LegNp(T3)(R),470.7,863.1,44,-1,68,-1,-1,-1,56,-1,-1,-1,32,-1
IN01B027_c,vnc_intrinsic,vnc,LegNp(T2)(L),614.4,789.7,39,-1,-1,-1,-1,-1,-1,-1,-1,-1,-1,-1
IN01B027_d,vnc_intrinsic,vnc,LegNp(T2)(L),451.4,821.5,3,-1,-1,-1,-1,-1,-1,-1,-1,-1,-1,-1
IN01B027_e,vnc_intrinsic,vnc,LegNp(T1)(L),630.5,776.7,-1,-1,-1,-1,-1,-1,-1,-1,-1,-1,-1,-1
IN01B027_f,vnc_intrinsic,vnc,LegNp(T1)(L),634.9,729.7,-1,-1,-1,-1,-1,-1,-1,-1,-1,-1,41,-1
IN01B029,vnc_intrinsic,vnc,LegNp(T2)(L),484.0,835.5,-1,-1,-1,-1,53,-1,56,-1,-1,-1,35,-1
IN01B030,vnc_intrinsic,vnc,LegNp(T3)(L),614.0,913.0,-1,-1,-1,-1,-1,-1,57,-1,-1,-1,34,-1
IN01B031_a,vnc_intrinsic,vnc,LegNp(T3)(L),512.3,933.0,-1,-1,-1,-1,-1,-1,-1,-1,-1,-1,35,-1
IN01B031_b,vnc_intrinsic,vnc,LegNp(T3)(L),581.4,836.3,-1,-1,-1,-1,-1,-1,57,-1,-1,-1,4,-1
IN01B032,vnc_intrinsic,vnc,LegNp(T2)(L),567.3,865.4,39,-1,-1,-1,-1,-1,61,-1,-1,-1,41,-1
IN01B033,vnc_intrinsic,vnc,LegNp(T3)(L),405.6,878.7,-1,-1,31,-1,-1,-1,55,-1,-1,-1,36,-1
IN01B034,vnc_intrinsic,vnc,LegNp(T3)(R),483.9,874.1,34,-1,-1,-1,-1,-1,-1,-1,-1,-1,-1,43
IN01B035,vnc_intrinsic,vnc,LegNp(T1)(L),649.5,716.6,-1,-1,-1,-1,-1,-1,-1,-1,-1,-1,60,-1
IN01B036,vnc_intrinsic,vnc,LegNp(T3)(L),422.4,882.5,-1,-1,-1,-1,-1,-1,-1,-1,58,-1,-1,43
IN01B037_a,vnc_intrinsic,vnc,LegNp(T2)(L),417.1,901.8,-1,-1,-1,-1,-1,-1,-1,-1,-1,-1,35,-1
IN01B037_b,vnc_intrinsic,vnc,LegNp(T2)(L),444.0,818.9,37,-1,-1,-1,42,-1,-1,-1,-1,-1,33,-1
"IN01B038,IN01B056",vnc_intrinsic,vnc,LegNp(T1)(L),608.0,718.7,27,-1,-1,-1,-1,-1,59,-1,-1,-1,-1,43
IN01B039,vnc_intrinsic,vnc,LegNp(T3)(R),618.9,849.0,-1,-1,-1,-1,-1,-1,-1,-1,-1,-1,-1,-1
IN01B040,vnc_intrinsic,vnc,LegNp(T2)(L),442.5,846.0,46,-1,-1,-1,-1,-1,-1,-1,-1,-1,61,38
IN01B041,vnc_intrinsic,vnc,LegNp(T1)(L),613.1,700.8,-1,-1,-1,-1,-1,-1,-1,-1,-1,-1,40,-1
IN01B042,vnc_intrinsic,vnc,LegNp(T3)(L),592.0,940.0,-1,-1,37,-1,59,-1,-1,-1,-1,-1,32,-1
IN01B043,vnc_intrinsic,vnc,LegNp(T2)(L),477.2,821.0,-1,-1,-1,-1,-1,-1,61,-1,-1,-1,41,-1
IN01B044_a,vnc_intrinsic,vnc,LegNp(T1)(L),466.2,795.2,-1,-1,-1,-1,-1,-1,-1,-1,-1,-1,40,-1
IN01B044_b,vnc_intrinsic,vnc,LegNp(T1)(L),577.6,812.3,32,-1,-1,-1,-1,-1,-1,-1,-1,-1,-1,-1
IN01B045,vnc_intrinsic,vnc,LegNp(T1)(L),583.1,767.5,31,-1,-1,-1,-1,-1,-1,-1,-1,-1,18,-1
IN01B046_a,vnc_intrinsic,vnc,LegNp(T2)(L),428.5,826.0,34,-1,-1,-1,-1,-1,-1,-1,-1,-1,-1,43
IN01B046_b,vnc_intrinsic,vnc,LegNp(T2)(L),433.3,882.8,20,-1,-1,-1,-1,-1,24,-1,-1,-1,37,-1
IN01B047,vnc_intrinsic,vnc,LegNp(T1)(L),486.6,739.2,44,-1,-1,-1,-1,-1,-1,-1,-1,-1,31,-1
IN01B048_a,vnc_intrinsic,vnc,LegNp(T2)(L),475.8,868.4,28,-1,-1,38,-1,-1,-1,-1,-1,-1,41,-1
IN01B048_b,vnc_intrinsic,vnc,LegNp(T2)(R),631.5,865.0,12,-1,-1,-1,-1,-1,-1,-1,-1,-1,34,-1
IN01B049,vnc_intrinsic,vnc,LegNp(T1)(L),680.4,794.3,-1,-1,-1,-1,-1,-1,31,-1,-1,-1,40,-1
IN01B050_a,vnc_intrinsic,vnc,LegNp(T3)(R),482.1,832.0,-1,-1,-1,-1,-1,-1,-1,-1,-1,-1,-1,43
IN01B050_b,vnc_intrinsic,vnc,LegNp(T3)(R),562.9,879.4,-1,-1,-1,-1,-1,-1,-1,-1,-1,-1,-1,43
IN01B051_a,vnc_intrinsic,vnc,LegNp(T1)(L),681.5,742.0,-1,-1,-1,-1,-1,-1,-1,-1,69,-1,-1,43
IN01B051_b,vnc_intrinsic,vnc,LegNp(T1)(L),619.2,779.0,21,-1,-1,-1,-1,-1,-1,-1,-1,-1,-1,43
IN01B052,vnc_intrinsic,vnc,LegNp(T3)(R),453.9,825.9,3,-1,-1,-1,-1,-1,-1,-1,-1,-1,40,-1
IN01B053,vnc_intrinsic,vnc,LegNp(T2)(L),613.8,833.6,51,-1,55,-1,54,-1,60,-1,59,-1,40,-1
IN01B054,vnc_intrinsic,vnc,LegNp(T2)(R),607.2,883.1,-1,-1,67,-1,-1,-1,-1,-1,-1,-1,50,43
IN01B055,vnc_intrinsic,vnc,LegNp(T2)(L),599.0,868.4,-1,-1,-1,-1,-1,-1,-1,-1,-1,-1,-1,43
IN01B056,vnc_intrinsic,vnc,LegNp(T2)(R),497.1,946.3,4,-1,-1,-1,-1,-1,-1,-1,-1,-1,42,-1
IN01B057,vnc_intrinsic,vnc,LegNp(T1)(L),602.1,741.8,59,-1,-1,-1,-1,-1,-1,-1,-1,-1,46,-1
IN01B059_a,vnc_intrinsic,vnc,LegNp(T3)(R),454.7,844.9,-1,-1,-1,-1,-1,-1,-1,-1,-1,-1,36,-1
IN01B059_b,vnc_intrinsic,vnc,LegNp(T3)(R),595.2,815.1,1,-1,-1,-1,-1,-1,65,-1,-1,-1,38,-1
IN01B060,vnc_intrinsic,vnc,LegNp(T3)(L),491.8,828.6,51,-1,-1,-1,60,-1,63,-1,47,-1,36,-1
IN01B061,vnc_intrinsic,vnc,LegNp(T3)(L),585.8,891.8,8,-1,65,-1,-1,-1,-1,-1,-1,-1,-1,43
IN01B062,vnc_intrinsic,vnc,LegNp(T3)(L),588.5,864.2,-1,-1,59,-1,-1,-1,51,-1,-1,-1,24,-1
IN01B063,vnc_intrinsic,vnc,LegNp(T1)(L),575.7,769.4,2,-1,-1,-1,-1,-1,-1,-1,-1,-1,36,-1
IN01B064,vnc_intrinsic,vnc,LegNp(T1)(L),619.8,713.2,-1,-1,-1,-1,-1,-1,-1,-1,-1,-1,-1,40
IN01B065,vnc_intrinsic,vnc,LegNp(T3)(R),616.7,873.6,-1,-1,36,-1,7,-1,-1,-1,-1,-1,7,-1
IN01B066,vnc_intrinsic,vnc,LegNp(T1)(L),568.7,745.3,31,-1,-1,-1,-1,-1,-1,-1,-1,-1,-1,43
IN01B067,vnc_intrinsic,vnc,LegNp(T2)(L),474.3,876.7,-1,-1,-1,-1,-1,-1,57,-1,54,-1,37,-1
IN01B068,vnc_intrinsic,vnc,LegNp(T3)(R),648.1,900.1,5,-1,-1,-1,-1,-1,-1,-1,-1,-1,42,-1
IN01B069_a,vnc_intrinsic,vnc,LegNp(T1)(L),679.3,708.4,33,-1,-1,-1,-1,-1,-1,-1,-1,-1,29,-1
IN01B069_b,vnc_intrinsic,vnc,LegNp(T1)(R),577.8,788.0,-1,-1,-1,-1,-1,-1,-1,-1,-1,-1,40,-1
IN01B070,vnc_intrinsic,vnc,LegNp(T1)(L),457.6,736.3,-1,-1,-1,-1,-1,-1,31,-1,-1,-1,11,-1
IN01B072,vnc_intrinsic,vnc,LegNp(T2)(R),475.1,915.3,-1,-1,-1,-1,-1,-1,-1,-1,-1,-1,-1,43
IN01B073,vnc_intrinsic,vnc,LegNp(T1)(R),414.1,811.1,33,-1,-1,-1,-1,-1,-1,-1,-1,-1,10,-1
IN01B074,vnc_intrinsic,vnc,LegNp(T2)(R),420.2,814.2,-1,-1,-1,-1,-1,-1,-1,-1,-1,-1,27,-1
IN01B075,vnc_intrinsic,vnc,LegNp(T2)(L),431.0,861.3,50,-1,-1,-1,64,-1,65,-1,-1,-1,-1,-1
IN01B077_a,vnc_intrinsic,vnc,LegNp(T3)(R),504.3,868.1,28,-1,-1,-1,-1,-1,-1,-1,-1,-1,-1,43
IN01B077_b,vnc_intrinsic,vnc,LegNp(T3)(L),492.3,874.0,-1,-1,-1,-1,-1,-1,-1,-1,-1,-1,36,-1
IN01B078,vnc_intrinsic,vnc,LegNp(T3)(L),603.1,926.5,50,-1,-1,-1,68,-1,-1,-1,-1,-1,33,-1
IN01B079,vnc_intrinsic,vnc,LegNp(T2)(R),599.0,798.8,59,-1,-1,-1,-1,-1,64,-1,-1,-1,29,-1
IN01B080,vnc_intrinsic,vnc,LegNp(T2)(R),639.0,851.2,38,-1,-1,-1,41,-1,10,-1,-1,-1,5,-1
IN01B081,vnc_intrinsic,vnc,LegNp(T3)(R),466.6,940.1,-1,-1,-1,-1,-1,-1,-1,-1,-1,-1,-1,-1
IN01B082,vnc_intrinsic,vnc,LegNp(T1)(L),448.4,782.4,42,-1,-1,-1,-1,-1,57,-1,-1,-1,40,-1
IN01B083_a,vnc_intrinsic,vnc,LegNp(T2)(L),570.4,833.2,-1,-1,-1,-1,-1,-1,-1,-1,-1,-1,-1,42
IN01B083_b,vnc_intrinsic,vnc,LegNp(T2)(L),563.5,860.6,21,-1,-1,-1,-1,-1,63,-1,-1,-1,-1,43
IN01B083_c,vnc_intrinsic,vnc,LegNp(T2)(L),557.3,868.6,-1,-1,-1,-1,-1,-1,-1,-1,-1,-1,36,-1
IN01B084,vnc_intrinsic,vnc,LegNp(T3)(R),572.8,913.8,2,-1,-1,-1,-1,-1,-1,-1,-1,-1,35,-1
IN01B085,vnc_intrinsic,vnc,LegNp(T1)(L),613.1,753.5,-1,-1,-1,-1,-1,-1,-1,-1,-1,-1,18,-1
IN01B086,vnc_intrinsic,vnc,LegNp(T1)(R),637.6,724.8,20,-1,-1,-1,-1,-1,-1,-1,-1,-1,-1,46
IN01B087,vnc_intrinsic,vnc,LegNp(T1)(L),374.9,733.7,-1,-1,-1,-1,-1,-1,31,-1,-1,-1,11,-1
IN01B088,vnc_intrinsic,vnc,LegNp(T1)(R),479.9,760.2,-1,-1,-1,-1,-1,-1,-1,-1,-1,-1,65,-1
IN01B090,vnc_intrinsic,vnc,LegNp(T2)(L),602.1,813.8,-1,-1,34,-1,42,-1,52,-1,59,-1,25,-1
IN01B091,vnc_intrinsic,vnc,LegNp(T1)(R),612.9,722.6,6,-1,-1,-1,-1,-1,20,-1,-1,-1,29,-1
IN01B092,vnc_intrinsic,vnc,LegNp(T2)(R),500.4,891.8,-1,-1,-1,-1,-1,-1,28,-1,-1,-1,8,-1
IN01B093,vnc_intrinsic,vnc,LegNp(T3)(L),566.2,905.5,-1,-1,-1,-1,-1,-1,47,-1,66,-1,26,-1
IN01B094,vnc_intrinsic,vnc,LegNp(T3)(R),599.5,855.6,56,-1,-1,-1,-1,-1,-1,-1,-1,-1,-1,-1
IN01B095,vnc_intrinsic,vnc,LegNp(T2)(L),573.7,859.6,5,-1,30,-1,33,-1,56,-1,-1,-1,24,-1
IN01B097,vnc_intrinsic,vnc,LegNp(T1)(L),455.6,771.5,1,-1,-1,-1,-1,-1,31,-1,-1,-1,28,-1
IN01B098,vnc_intrinsic,vnc,LegNp(T3)(L),571.1,882.4,-1,-1,-1,-1,-1,-1,65,-1,-1,-1,24,-1
IN01B099,vnc_intrinsic,vnc,LegNp(T1)(L),611.2,826.6,1,-1,-1,-1,-1,-1,-1,-1,-1,-1,10,-1
IN01B100,vnc_intrinsic,vnc,LegNp(T3)(L),581.1,887.8,21,-1,-1,-1,-1,-1,-1,-1,-1,-1,10,-1
IN01B101,vnc_intrinsic,vnc,LegNp(T3)(L),587.5,922.5,19,-1,-1,-1,-1,-1,-1,-1,-1,-1,51,43
IN01B102,vnc_intrinsic,vnc,LegNp(T1)(R),451.4,789.7,36,-1,-1,-1,-1,-1,-1,-1,67,-1,29,-1
IN02A003,vnc_intrinsic,vnc,LegNp(T2)(L),628.4,881.9,9,-1,16,-1,9,-1,19,-1,17,-1,13,-1
IN02A004,vnc_intrinsic,vnc,LegNp(T3)(L),448.2,867.1,-1,-1,11,-1,21,-1,57,-1,-1,-1,17,-1
IN02A007,vnc_intrinsic,vnc,WTct(UTct-T2)(L),525.7,722.4,61,-1,7,-1,21,-1,13,-1,3,-1,10,-1
IN02A008,vnc_intrinsic,vnc,WTct(UTct-T2)(R),610.5,736.3,4,-1,16,-1,36,-1,10,-1,35,-1,17,-1
IN02A010,vnc_intrinsic,vnc,ANm,571.6,666.3,38,-1,6,-1,6,-1,45,-1,21,-1,22,-1
IN02A011,vnc_intrinsic,vnc,LegNp(T3)(L),581.1,816.1,-1,-1,-1,69,-1,-1,-1,-1,-1,-1,-1,60
IN02A012,vnc_intrinsic,vnc,LegNp(T2)(L),486.4,836.6,-1,-1,15,-1,66,-1,20,-1,-1,-1,23,-1
IN02A013,vnc_intrinsic,vnc,IntTct,486.9,670.2,65,-1,21,-1,63,-1,24,-1,-1,-1,16,-1
IN02A014,vnc_intrinsic,vnc,LegNp(T3)(L),647.6,893.4,44,-1,-1,-1,-1,-1,55,-1,-1,-1,42,-1
IN02A015,vnc_intrinsic,vnc,LegNp(T3)(R),580.0,712.4,-1,-1,39,-1,55,-1,-1,-1,3,-1,40,-1
IN02A018,vnc_intrinsic,vnc,IntTct,472.6,724.5,33,-1,30,-1,-1,-1,16,-1,-1,-1,36,-1
IN02A019,vnc_intrinsic,vnc,IntTct,455.8,675.0,-1,-1,17,-1,21,-1,13,-1,35,-1,19,-1
IN02A020,vnc_intrinsic,vnc,LTct,500.1,786.7,-1,-1,17,-1,46,-1,11,-1,-1,-1,18,-1
IN02A021,vnc_intrinsic,vnc,IntTct,556.3,763.1,-1,-1,-1,-1,-1,-1,-1,24,-1,-1,19,-1
IN02A023,vnc_intrinsic,vnc,LTct,508.5,757.9,-1,-1,21,-1,45,-1,11,-1,-1,-1,17,-1
IN02A024,vnc_intrinsic,vnc,ANm,541.8,855.6,11,-1,-1,-1,49,-1,9,-1,-1,-1,-1,37
IN02A026,vnc_intrinsic,vnc,IntTct,522.0,732.3,5,-1,19,-1,52,-1,25,-1,-1,-1,20,-1
IN02A028,vnc_intrinsic,vnc,ANm,505.5,833.6,29,-1,44,-1,-1,-1,25,-1,-1,-1,19,-1
IN02A029,vnc_intrinsic,vnc,LegNp(T1)(R),447.0,743.3,-1,-1,7,-1,9,-1,14,-1,6,-1,9,-1
IN02A030,vnc_intrinsic,vnc,ANm,552.8,767.0,11,-1,2,-1,23,-1,7,-1,25,-1,2,-1
IN02A031,vnc_intrinsic,vnc,IntTct,439.2,914.2,21,-1,-1,-1,-1,-1,-1,-1,-1,-1,-1,38
IN02A032,vnc_intrinsic,vnc,HTct(UTct-T3)(R),580.5,758.7,12,-1,-1,-1,-1,-1,-1,-1,-1,-1,51,-1
IN02A033,vnc_intrinsic,vnc,IntTct,595.2,763.4,-1,-1,15,-1,28,-1,13,-1,7,-1,21,-1
IN02A034,vnc_intrinsic,vnc,LegNp(T1)(R),431.0,719.1,-1,-1,-1,-1,-1,-1,53,-1,-1,-1,-1,60
IN02A035,vnc_intrinsic,vnc,LegNp(T3)(L),516.8,754.1,-1,-1,-1,-1,-1,-1,47,-1,34,-1,48,43
IN02A036,vnc_intrinsic,vnc,IntTct,595.2,719.4,-1,-1,-1,-1,-1,-1,-1,60,-1,-1,-1,39
IN02A037,vnc_intrinsic,vnc,WTct(UTct-T2)(L),437.3,679.2,67,-1,-1,-1,-1,-1,-1,-1,64,-1,68,-1
IN02A038,vnc_intrinsic,vnc,LegNp(T3)(L),570.8,882.0,-1,-1,-1,-1,-1,-1,-1,-1,-1,-1,31,-1
IN02A040,vnc_intrinsic,vnc,WTct(UTct-T2)(L),495.2,799.8,19,-1,-1,-1,-1,-1,15,-1,48,-1,-1,-1
IN02A041,vnc_intrinsic,vnc,LTct,521.3,788.5,8,-1,-1,66,-1,-1,-1,-1,-1,-1,-1,37
IN02A042,vnc_intrinsic,vnc,WTct(UTct-T2)(L),620.1,740.8,-1,-1,69,-1,61,-1,17,-1,63,-1,22,-1
IN02A043,vnc_intrinsic,vnc,IntTct,456.5,702.1,14,-1,34,-1,-1,-1,17,-1,-1,-1,17,-1
IN02A044,vnc_intrinsic,vnc,ANm,552.6,836.1,28,-1,32,-1,13,-1,-1,-1,69,-1,32,-1
IN02A045,vnc_intrinsic,vnc,IntTct,531.5,787.6,18,-1,-1,-1,-1,-1,-1,-1,-1,-1,44,-1
IN02A047,vnc_intrinsic,vnc,IntTct,428.9,697.3,-1,-1,33,-1,-1,-1,17,-1,-1,-1,35,-1
IN02A048,vnc_intrinsic,vnc,IntTct,445.1,672.5,54,-1,53,-1,-1,-1,-1,20,54,-1,22,-1
IN02A049,vnc_intrinsic,vnc,IntTct,416.3,749.7,28,-1,29,-1,-1,-1,25,-1,-1,-1,-1,43
IN02A050,vnc_intrinsic,vnc,IntTct,566.9,766.5,-1,-1,-1,-1,-1,-1,24,-1,37,-1,49,37
IN02A051,vnc_intrinsic,vnc,IntTct,519.2,780.9,-1,-1,-1,-1,-1,-1,-1,-1,34,-1,-1,43
IN02A052,vnc_intrinsic,vnc,HTct(UTct-T3)(L),529.7,726.7,-1,-1,67,-1,58,-1,-1,-1,-1,-1,43,-1
IN02A053,vnc_intrinsic,vnc,IntTct,463.9,663.7,12,-1,-1,67,-1,-1,-1,53,-1,-1,34,-1
IN02A054,vnc_intrinsic,vnc,ANm,555.5,751.7,-1,-1,12,-1,27,-1,-1,-1,-1,-1,25,-1
IN02A055,vnc_intrinsic,vnc,NTct(UTct-T1)(L),547.9,731.1,-1,-1,-1,-1,-1,-1,17,-1,-1,-1,47,37
IN02A056_a,vnc_intrinsic,vnc,IntTct,594.8,790.1,46,-1,-1,-1,-1,-1,-1,14,-1,-1,39,-1
IN02A056_b,vnc_intrinsic,vnc,IntTct,548.3,726.6,-1,-1,-1,-1,-1,-1,-1,52,-1,-1,-1,-1
IN02A056_c,vnc_intrinsic,vnc,IntTct,598.0,682.8,-1,-1,-1,-1,-1,-1,-1,53,-1,-1,-1,-1
IN02A057,vnc_intrinsic,vnc,IntTct,381.9,821.8,36,-1,62,-1,-1,-1,13,-1,-1,-1,-1,37
IN02A058,vnc_intrinsic,vnc,HTct(UTct-T3)(L),478.3,760.7,-1,-1,59,-1,-1,-1,16,-1,-1,-1,18,-1
IN02A059,vnc_intrinsic,vnc,ANm,517.3,813.3,-1,-1,52,-1,41,-1,-1,-1,68,-1,36,-1
IN02A060,vnc_intrinsic,vnc,NTct(UTct-T1)(L),470.4,671.2,-1,-1,-1,-1,-1,-1,17,-1,-1,-1,-1,37
IN02A061,vnc_intrinsic,vnc,IntTct,485.3,774.0,22,-1,-1,-1,-1,-1,25,-1,-1,-1,-1,43
IN02A062,vnc_intrinsic,vnc,HTct(UTct-T3)(L),481.6,718.5,-1,-1,-1,-1,-1,-1,10,-1,-1,-1,42,-1
IN02A063,vnc_intrinsic,vnc,IntTct,528.7,709.8,-1,-1,-1,-1,-1,-1,-1,53,-1,-1,-1,43
IN02A064,vnc_intrinsic,vnc,ANm,486.3,826.9,-1,-1,50,-1,56,-1,-1,-1,65,-1,47,-1
IN02A065,vnc_intrinsic,vnc,HTct(UTct-T3)(L),576.4,759.6,-1,-1,-1,-1,-1,-1,16,-1,-1,-1,-1,37
IN02A066,vnc_intrinsic,vnc,HTct(UTct-T3)(R),574.1,769.8,-1,-1,35,-1,-1,-1,-1,-1,-1,-1,37,-1
IN02A067,vnc_intrinsic,vnc,NTct(UTct-T1)(L),665.9,719.4,-1,-1,-1,-1,-1,-1,17,-1,-1,-1,-1,37
IN03A001,vnc_intrinsic,vnc,LegNp(T2)(L),557.8,908.8,11,-1,26,-1,15,-1,26,-1,20,-1,18,-1
IN03A003,vnc_intrinsic,vnc,LegNp(T3)(L),453.5,890.9,6,-1,15,-1,30,-1,37,-1,52,-1,15,-1
IN03A004,vnc_intrinsic,vnc,LegNp(T3)(L),431.4,815.2,-1,-1,6,-1,3,-1,53,-1,3,-1,38,-1
IN03A005,vnc_intrinsic,vnc,LegNp(T2)(L),438.3,795.2,52,-1,-1,-1,56,-1,61,-1,51,-1,41,-1
IN03A006,vnc_intrinsic,vnc,LegNp(T3)(L),604.4,864.8,-1,-1,4,-1,7,-1,54,-1,23,-1,26,-1
IN03A007,vnc_intrinsic,vnc,LegNp(T2)(L),490.2,830.5,-1,-1,8,-1,10,-1,54,-1,-1,-1,29,-1
IN03A009,vnc_intrinsic,vnc,LegNp(T2)(L),579.5,834.6,25,-1,15,-1,19,-1,58,-1,59,-1,20,-1
IN03A010,vnc_intrinsic,vnc,LegNp(T3)(L),458.4,837.7,7,-1,5,-1,6,-1,-1,-1,12,-1,29,-1
IN03A011,vnc_intrinsic,vnc,LegNp(T3)(L),563.5,852.0,2,-1,21,-1,-1,-1,-1,61,-1,-1,22,-1
IN03A012,vnc_intrinsic,vnc,LegNp(T3)(L),596.4,814.1,1,-1,-1,-1,-1,-1,23,-1,59,-1,46,41
IN03A013,vnc_intrinsic,vnc,LegNp(T2)(L),648.3,792.5,20,-1,24,-1,58,-1,61,-1,62,-1,40,-1
IN03A014,vnc_intrinsic,vnc,LegNp(T3)(L),466.2,828.6,-1,-1,69,-1,37,-1,61,-1,60,-1,40,-1
IN03A015,vnc_intrinsic,vnc,ANm,485.8,894.0,13,-1,17,-1,21,-1,-1,-1,27,-1,23,-1
IN03A017,vnc_intrinsic,vnc,LegNp(T2)(L),560.0,768.5,-1,-1,59,47,-1,-1,-1,-1,-1,-1,40,-1
IN03A018,vnc_intrinsic,vnc,LegNp(T1)(R),623.9,806.0,36,-1,42,-1,44,-1,58,-1,49,-1,38,-1
IN03A019,vnc_intrinsic,vnc,LegNp(T3)(L),404.7,810.0,-1,-1,17,-1,10,-1,50,-1,10,-1,24,-1
IN03A020,vnc_intrinsic,vnc,LegNp(T3)(L),661.1,872.9,15,-1,40,-1,39,-1,-1,-1,-1,-1,39,-1
IN03A021,vnc_intrinsic,vnc,LegNp(T3)(L),641.3,871.6,10,-1,-1,-1,-1,-1,-1,-1,-1,-1,25,-1
IN03A022,vnc_intrinsic,vnc,LegNp(T1)(L),661.5,820.0,-1,-1,-1,-1,38,-1,60,-1,25,-1,-1,42
IN03A023,vnc_intrinsic,vnc,LegNp(T1)(L),602.6,804.6,38,-1,-1,-1,-1,-1,-1,-1,28,-1,-1,42
IN03A024,vnc_intrinsic,vnc,LegNp(T2)(L),633.9,760.1,-1,-1,31,-1,31,-1,-1,-1,65,-1,31,-1
IN03A025,vnc_intrinsic,vnc,LegNp(T3)(L),471.0,804.6,5,-1,-1,-1,-1,-1,-1,-1,-1,-1,-1,42
IN03A026_a,vnc_intrinsic,vnc,LegNp(T3)(R),596.5,883.9,-1,-1,-1,60,68,-1,-1,-1,-1,-1,36,-1
IN03A026_b,vnc_intrinsic,vnc,LegNp(T3)(R),586.2,823.7,24,-1,-1,69,-1,-1,-1,-1,-1,-1,-1,-1
IN03A026_c,vnc_intrinsic,vnc,LegNp(T3)(L),583.3,889.9,23,-1,-1,-1,46,-1,-1,-1,-1,-1,-1,-1
IN03A026_d,vnc_intrinsic,vnc,LegNp(T3)(R),486.1,845.6,45,-1,-1,-1,58,-1,-1,-1,-1,-1,65,-1
IN03A027,vnc_intrinsic,vnc,LegNp(T2)(L),600.5,896.4,37,-1,45,-1,-1,-1,-1,-1,-1,-1,41,-1
IN03A028,vnc_intrinsic,vnc,LegNp(T1)(L),636.7,725.4,-1,-1,68,-1,-1,-1,60,-1,-1,-1,40,-1
IN03A029,vnc_intrinsic,vnc,LegNp(T1)(L),615.9,841.2,61,-1,40,-1,26,-1,60,-1,-1,-1,34,-1
IN03A030,vnc_intrinsic,vnc,LegNp(T2)(L),580.1,854.0,-1,-1,14,-1,16,-1,59,-1,34,-1,40,-1
IN03A031,vnc_intrinsic,vnc,LegNp(T3)(R),471.8,915.3,-1,-1,34,-1,-1,-1,-1,-1,58,-1,43,-1
IN03A032,vnc_intrinsic,vnc,LegNp(T2)(L),615.5,877.9,30,-1,-1,-1,-1,-1,67,-1,-1,-1,26,-1
IN03A033,vnc_intrinsic,vnc,LegNp(T2)(L),450.5,818.1,-1,-1,42,-1,16,-1,-1,-1,-1,-1,37,-1
IN03A034,vnc_intrinsic,vnc,LegNp(T1)(L),430.7,755.3,4,-1,-1,-1,66,-1,60,-1,-1,-1,29,-1
IN03A035,vnc_intrinsic,vnc,LegNp(T1)(L),415.0,844.0,38,-1,-1,-1,58,-1,-1,-1,-1,-1,39,-1
IN03A036,vnc_intrinsic,vnc,LegNp(T3)(R),440.3,832.4,-1,-1,19,-1,28,-1,-1,-1,67,-1,33,-1
IN03A037,vnc_intrinsic,vnc,LegNp(T3)(L),452.4,865.5,2,-1,12,-1,5,-1,49,-1,21,-1,34,-1
IN03A038,vnc_intrinsic,vnc,LegNp(T2)(L),440.4,843.4,-1,-1,-1,-1,55,-1,-1,-1,-1,-1,39,-1
IN03A039,vnc_intrinsic,vnc,LegNp(T2)(L),689.6,763.7,-1,-1,49,-1,38,-1,-1,-1,60,-1,48,43
IN03A040,vnc_intrinsic,vnc,LegNp(T2)(L),630.4,913.7,17,-1,47,-1,58,-1,58,-1,61,-1,40,-1
IN03A041,vnc_intrinsic,vnc,LegNp(T3)(R),476.9,876.8,-1,-1,-1,-1,52,-1,-1,-1,-1,-1,-1,43
IN03A042,vnc_intrinsic,vnc,LegNp(T3)(L),600.8,831.7,-1,-1,-1,-1,-1,-1,-1,-1,21,-1,-1,-1
IN03A043,vnc_intrinsic,vnc,LegNp(T2)(L),465.5,855.1,2,-1,-1,-1,-1,-1,-1,-1,61,-1,57,39
IN03A044,vnc_intrinsic,vnc,LegNp(T2)(R),462.2,808.2,22,-1,-1,-1,-1,-1,-1,-1,-1,-1,28,-1
IN03A045,vnc_intrinsic,vnc,LegNp(T1)(L),458.1,851.2,-1,-1,9,-1,17,-1,30,-1,46,-1,38,-1
IN03A046,vnc_intrinsic,vnc,LegNp(T1)(L),458.5,780.3,-1,-1,52,-1,-1,-1,-1,-1,65,-1,40,-1
IN03A047,vnc_intrinsic,vnc,LegNp(T2)(L),625.5,834.2,27,-1,35,-1,11,-1,-1,-1,3,-1,42,-1
IN03A048,vnc_intrinsic,vnc,LegNp(T3)(L),577.3,876.0,-1,-1,-1,-1,28,-1,-1,-1,22,-1,-1,65
IN03A049,vnc_intrinsic,vnc,LegNp(T1)(L),640.8,805.2,-1,-1,-1,-1,-1,-1,-1,-1,-1,-1,-1,43
IN03A050,vnc_intrinsic,vnc,LegNp(T3)(R),477.3,850.7,68,-1,-1,-1,-1,-1,-1,-1,-1,-1,42,-1
IN03A051,vnc_intrinsic,vnc,LegNp(T1)(L),573.0,818.9,-1,-1,-1,-1,68,-1,14,-1,69,-1,34,-1
IN03A052,vnc_intrinsic,vnc,LegNp(T2)(L),583.4,873.9,4,-1,13,-1,21,-1,59,-1,-1,-1,25,-1
IN03A053,vnc_intrinsic,vnc,LegNp(T3)(R),568.1,884.1,-1,-1,-1,57,40,-1,-1,-1,-1,-1,-1,43
IN03A054,vnc_intrinsic,vnc,LegNp(T2)(L),414.1,861.8,60,-1,-1,-1,62,-1,61,-1,-1,-1,38,-1
IN03A055,vnc_intrinsic,vnc,LegNp(T3)(L),421.5,814.4,-1,-1,29,-1,9,-1,-1,-1,59,-1,-1,31
IN03A056,vnc_intrinsic,vnc,LegNp(T2)(L),636.7,919.7,-1,-1,-1,-1,-1,-1,-1,-1,-1,-1,-1,43
IN03A057,vnc_intrinsic,vnc,LegNp(T2)(L),610.0,818.1,-1,-1,28,-1,39,-1,60,-1,-1,-1,-1,41
IN03A058,vnc_intrinsic,vnc,LegNp(T2)(L),605.0,870.2,2,-1,-1,-1,37,-1,-1,-1,48,-1,57,42
IN03A059,vnc_intrinsic,vnc,LegNp(T3)(L),559.7,817.5,37,-1,23,-1,10,-1,56,-1,32,-1,27,-1
IN03A060,vnc_intrinsic,vnc,LegNp(T2)(L),439.4,828.9,-1,-1,50,-1,61,-1,-1,-1,-1,-1,-1,43
IN03A061,vnc_intrinsic,vnc,LegNp(T1)(R),437.9,706.6,7,-1,-1,-1,-1,-1,-1,-1,-1,-1,-1,43
IN03A062_a,vnc_intrinsic,vnc,LegNp(T1)(L),375.6,755.6,-1,-1,-1,-1,-1,-1,-1,-1,48,-1,-1,48
IN03A062_b,vnc_intrinsic,vnc,LegNp(T1)(L),483.2,767.6,57,-1,-1,-1,68,-1,-1,-1,46,-1,45,43
IN03A062_c,vnc_intrinsic,vnc,LegNp(T3)(R),477.1,741.3,65,-1,-1,-1,-1,-1,-1,-1,-1,-1,45,43
IN03A062_d,vnc_intrinsic,vnc,LegNp(T3)(L),500.0,917.0,-1,-1,-1,-1,58,-1,-1,-1,47,-1,-1,43
IN03A062_e,vnc_intrinsic,vnc,LegNp(T2)(L),605.9,906.7,-1,-1,-1,-1,-1,-1,-1,-1,-1,-1,54,43
IN03A062_f,vnc_intrinsic,vnc,LegNp(T2)(L),594.6,828.1,-1,-1,-1,-1,-1,-1,-1,-1,-1,-1,68,43
IN03A062_g,vnc_intrinsic,vnc,LegNp(T2)(R),495.2,880.4,2,-1,-1,-1,-1,-1,-1,-1,-1,-1,-1,-1
IN03A062_h,vnc_intrinsic,vnc,LegNp(T2)(L),445.6,793.8,-1,-1,-1,-1,-1,-1,-1,-1,-1,-1,-1,43
IN03A063,vnc_intrinsic,vnc,LegNp(T2)(L),589.1,844.7,22,-1,-1,-1,-1,-1,-1,-1,-1,-1,41,-1
IN03A064,vnc_intrinsic,vnc,LegNp(T3)(L),594.1,847.6,-1,-1,29,-1,-1,-1,-1,-1,-1,-1,-1,42
IN03A065,vnc_intrinsic,vnc,LegNp(T1)(R),628.3,738.2,-1,-1,-1,-1,49,-1,-1,-1,-1,-1,-1,41
IN03A066,vnc_intrinsic,vnc,LegNp(T1)(L),612.4,728.4,-1,-1,42,-1,44,-1,29,-1,11,-1,-1,43
IN03A067,vnc_intrinsic,vnc,LegNp(T1)(L),604.5,765.1,-1,-1,48,-1,54,-1,-1,-1,-1,-1,-1,40
IN03A068,vnc_intrinsic,vnc,LegNp(T3)(L),633.2,848.1,12,-1,45,-1,31,-1,61,-1,-1,-1,32,-1
IN03A069,vnc_intrinsic,vnc,LegNp(T1)(L),419.5,803.5,-1,-1,29,-1,47,-1,58,-1,59,-1,38,-1
IN03A070,vnc_intrinsic,vnc,LegNp(T3)(L),573.8,827.6,38,-1,-1,-1,-1,-1,-1,-1,-1,-1,34,-1
IN03A071,vnc_intrinsic,vnc,LegNp(T2)(L),440.4,835.1,19,-1,7,-1,-1,-1,-1,-1,-1,-1,34,-1
IN03A072,vnc_intrinsic,vnc,LegNp(T1)(L),622.9,747.7,25,-1,-1,-1,-1,-1,-1,-1,-1,-1,42,-1
IN03A073,vnc_intrinsic,vnc,LegNp(T1)(L),423.5,799.7,-1,-1,-1,-1,64,-1,-1,-1,-1,-1,38,-1
IN03A074,vnc_intrinsic,vnc,LegNp(T2)(L),600.6,776.0,-1,-1,-1,-1,-1,-1,60,-1,-1,-1,-1,41
IN03A075,vnc_intrinsic,vnc,LegNp(T3)(L),480.6,922.0,-1,-1,37,-1,-1,-1,-1,-1,-1,-1,49,42
IN03A076,vnc_intrinsic,vnc,LegNp(T2)(L),627.2,847.1,-1,-1,-1,-1,-1,-1,-1,-1,-1,-1,46,-1
IN03A077,vnc_intrinsic,vnc,LegNp(T3)(L),583.4,858.7,-1,-1,48,-1,68,-1,-1,-1,53,-1,32,-1
IN03A078,vnc_intrinsic,vnc,LegNp(T3)(L),569.2,873.0,-1,-1,-1,-1,-1,-1,-1,-1,-1,-1,-1,42
IN03A079,vnc_intrinsic,vnc,LegNp(T2)(L),437.9,897.8,51,-1,-1,-1,-1,-1,-1,-1,-1,-1,-1,-1
IN03A080,vnc_intrinsic,vnc,LegNp(T1)(L),402.3,752.9,1,-1,-1,-1,-1,-1,-1,-1,64,-1,-1,42
IN03A081,vnc_intrinsic,vnc,LegNp(T3)(L),433.5,875.3,22,-1,-1,51,55,-1,-1,-1,-1,-1,42,-1
IN03A082,vnc_intrinsic,vnc,LegNp(T3)(L),632.1,863.3,11,-1,-1,-1,63,-1,-1,-1,54,-1,43,-1
IN03A083,vnc_intrinsic,vnc,LegNp(T3)(L),601.4,795.9,27,-1,-1,-1,-1,-1,-1,-1,52,-1,-1,-1
IN03A084,vnc_intrinsic,vnc,LegNp(T1)(L),596.9,753.0,40,-1,-1,56,-1,-1,-1,-1,-1,-1,-1,39
IN03A085,vnc_intrinsic,vnc,LegNp(T1)(L),455.5,767.7,18,-1,-1,-1,-1,-1,-1,-1,25,-1,68,-1
IN03A087,vnc_intrinsic,vnc,LegNp(T1)(R),570.3,739.3,41,-1,-1,-1,-1,-1,-1,-1,-1,-1,-1,-1
"IN03A087,IN03A092",vnc_intrinsic,vnc,LegNp(T3)(R),470.3,779.7,-1,-1,-1,65,-1,-1,-1,-1,-1,-1,-1,42
IN03A088,vnc_intrinsic,vnc,LegNp(T3)(R),587.3,832.8,13,-1,-1,-1,-1,-1,-1,-1,-1,-1,36,-1
IN03A089,vnc_intrinsic,vnc,LegNp(T3)(R),634.5,817.6,33,-1,42,-1,-1,-1,-1,-1,-1,-1,-1,40
IN03A090,vnc_intrinsic,vnc,LegNp(T2)(R),449.6,863.6,55,-1,-1,-1,-1,-1,-1,-1,-1,-1,-1,41
IN03A091,vnc_intrinsic,vnc,LegNp(T2)(L),632.1,879.0,10,-1,40,-1,-1,-1,-1,-1,-1,-1,37,-1
IN03A092,vnc_intrinsic,vnc,LegNp(T3)(R),489.6,889.4,-1,-1,-1,68,-1,-1,-1,-1,-1,-1,-1,-1
IN03A093,vnc_intrinsic,vnc,LegNp(T2)(R),490.8,876.2,11,-1,49,-1,-1,-1,53,-1,-1,-1,30,-1
IN03A094,vnc_intrinsic,vnc,LegNp(T1)(L),640.8,768.1,-1,-1,-1,-1,-1,-1,59,-1,66,-1,36,-1
IN03A095,vnc_intrinsic,vnc,LegNp(T3)(R),461.5,812.9,3,-1,-1,-1,-1,-1,-1,-1,-1,-1,34,-1
IN03A096,vnc_intrinsic,vnc,LegNp(T2)(L),485.3,855.7,-1,-1,-1,-1,-1,-1,-1,-1,-1,-1,30,-1
IN03A097,vnc_intrinsic,vnc,LegNp(T3)(R),448.5,887.2,-1,-1,-1,-1,-1,-1,-1,-1,-1,-1,33,-1
IN03B001,vnc_intrinsic,vnc,WTct(UTct-T2)(L),439.7,693.9,-1,-1,56,-1,11,-1,-1,-1,1,-1,-1,49
IN03B005,vnc_intrinsic,vnc,WTct(UTct-T2)(L),595.0,691.9,-1,-1,-1,-1,9,-1,-1,-1,2,-1,53,43
IN03B008,vnc_intrinsic,vnc,WTct(UTct-T2)(L),427.8,710.4,2,-1,-1,-1,7,-1,-1,-1,1,-1,-1,-1
IN03B011,vnc_intrinsic,vnc,LegNp(T1)(L),484.4,767.4,-1,-1,14,-1,-1,-1,10,-1,-1,-1,8,-1
IN03B012,vnc_intrinsic,vnc,WTct(UTct-T2)(L),619.8,716.1,19,-1,-1,-1,5,-1,-1,-1,1,-1,-1,-1
IN03B015,vnc_intrinsic,vnc,LegNp(T1)(L),631.7,713.4,-1,-1,13,-1,-1,-1,4,-1,42,-1,13,-1
IN03B016,vnc_intrinsic,vnc,LegNp(T1)(L),626.5,834.6,11,-1,66,-1,58,-1,8,-1,-1,-1,18,-1
IN03B019,vnc_intrinsic,vnc,LegNp(T1)(L),400.1,802.9,10,-1,50,-1,8,-1,26,-1,15,-1,-1,41
IN03B020,vnc_intrinsic,vnc,LegNp(T2)(L),461.5,860.9,-1,-1,7,-1,-1,-1,25,-1,-1,-1,14,-1
IN03B021,vnc_intrinsic,vnc,LegNp(T3)(R),596.5,811.0,62,-1,8,-1,20,-1,48,-1,-1,-1,8,-1
IN03B022,vnc_intrinsic,vnc,IntTct,608.8,708.3,22,-1,41,-1,22,-1,10,-1,10,-1,35,-1
IN03B024,vnc_intrinsic,vnc,WTct(UTct-T2)(R),520.0,785.5,-1,-1,65,-1,23,-1,44,-1,8,-1,26,-1
IN03B025,vnc_intrinsic,vnc,LegNp(T3)(L),424.8,860.4,-1,-1,59,-1,64,-1,66,-1,-1,-1,32,-1
IN03B028,vnc_intrinsic,vnc,LegNp(T2)(L),420.9,860.9,26,-1,-1,54,-1,-1,-1,61,-1,-1,54,41
IN03B029,vnc_intrinsic,vnc,ANm,532.7,825.0,14,-1,48,-1,18,-1,-1,-1,-1,-1,32,-1
IN03B031,vnc_intrinsic,vnc,LegNp(T3)(L),565.9,878.8,64,-1,50,-1,29,-1,44,-1,4,-1,30,-1
IN03B032,vnc_intrinsic,vnc,LegNp(T2)(L),514.0,750.7,28,-1,50,-1,34,-1,-1,-1,-1,-1,37,-1
IN03B034,vnc_intrinsic,vnc,LTct,541.4,799.9,21,-1,-1,59,21,-1,52,-1,-1,-1,41,-1
IN03B035,vnc_intrinsic,vnc,LegNp(T2)(L),468.0,768.8,-1,-1,49,45,5,-1,59,-1,-1,-1,-1,40
IN03B036,vnc_intrinsic,vnc,LegNp(T2)(L),601.0,832.5,51,-1,-1,-1,-1,-1,27,-1,26,-1,27,-1
IN03B037,vnc_intrinsic,vnc,IntTct,583.2,801.4,63,-1,-1,-1,63,-1,16,-1,7,-1,-1,-1
IN03B038,vnc_intrinsic,vnc,IntTct,599.6,707.6,-1,-1,29,-1,-1,-1,53,-1,-1,-1,20,-1
IN03B042,vnc_intrinsic,vnc,LegNp(T2)(L),659.9,863.3,38,-1,17,-1,27,-1,26,-1,20,-1,44,41
IN03B043,vnc_intrinsic,vnc,WTct(UTct-T2)(L),557.2,770.3,16,-1,26,-1,-1,-1,9,-1,36,-1,15,-1
IN03B045,vnc_intrinsic,vnc,NTct(UTct-T1)(L),606.4,670.8,39,-1,-1,-1,-1,-1,-1,-1,2,-1,-1,-1
IN03B046,vnc_intrinsic,vnc,WTct(UTct-T2)(L),638.5,736.9,34,-1,42,-1,20,-1,-1,-1,22,-1,25,-1
IN03B049,vnc_intrinsic,vnc,HTct(UTct-T3)(L),471.4,856.7,66,-1,38,-1,35,-1,17,-1,-1,-1,22,-1
IN03B051,vnc_intrinsic,vnc,IntTct,630.9,926.8,-1,-1,-1,-1,-1,-1,13,-1,-1,-1,-1,-1
IN03B052,vnc_intrinsic,vnc,WTct(UTct-T2)(L),444.3,745.7,37,-1,36,-1,34,-1,-1,-1,-1,-1,27,-1
IN03B053,vnc_intrinsic,vnc,WTct(UTct-T2)(L),593.2,666.1,7,-1,43,-1,22,-1,16,-1,34,-1,19,-1
IN03B054,vnc_intrinsic,vnc,IntTct,561.8,711.4,-1,-1,22,-1,60,-1,17,-1,22,-1,6,-1
IN03B055,vnc_intrinsic,vnc,WTct(UTct-T2)(L),500.7,771.3,-1,-1,17,-1,-1,-1,13,-1,-1,-1,21,-1
IN03B056,vnc_intrinsic,vnc,LegNp(T3)(L),641.6,875.3,-1,-1,27,-1,52,-1,69,-1,63,-1,18,-1
IN03B057,vnc_intrinsic,vnc,WTct(UTct-T2)(L),429.8,736.3,9,-1,40,-1,65,-1,-1,-1,17,-1,26,-1
IN03B058,vnc_intrinsic,vnc,WTct(UTct-T2)(L),482.4,712.1,44,-1,7,-1,6,-1,49,-1,46,-1,16,-1
IN03B059,vnc_intrinsic,vnc,WTct(UTct-T2)(R),486.0,668.6,-1,-1,-1,-1,-1,-1,-1,-1,36,-1,-1,-1
IN03B060,vnc_intrinsic,vnc,HTct(UTct-T3)(L),586.3,750.6,-1,-1,11,-1,4,-1,47,-1,3,-1,22,-1
IN03B061,vnc_intrinsic,vnc,IntTct,457.8,681.5,21,-1,40,-1,9,-1,-1,-1,5,-1,-1,43
IN03B062,vnc_intrinsic,vnc,HTct(UTct-T3)(L),607.5,678.9,30,-1,49,-1,68,-1,-1,-1,-1,-1,-1,43
IN03B063,vnc_intrinsic,vnc,WTct(UTct-T2)(L),605.7,734.6,62,-1,39,-1,61,-1,53,-1,37,-1,41,-1
IN03B064,vnc_intrinsic,vnc,WTct(UTct-T2)(L),603.7,701.2,13,-1,59,-1,-1,-1,-1,-1,3,-1,50,-1
IN03B065,vnc_intrinsic,vnc,WTct(UTct-T2)(L),502.2,780.5,-1,-1,64,-1,-1,-1,-1,-1,-1,-1,28,-1
IN03B066,vnc_intrinsic,vnc,IntTct,534.1,723.4,-1,-1,27,-1,6,-1,-1,-1,4,-1,42,-1
IN03B067,vnc_intrinsic,vnc,WTct(UTct-T2)(L),553.2,819.9,28,-1,-1,-1,60,-1,25,-1,-1,-1,37,-1
IN03B068,vnc_intrinsic,vnc,WTct(UTct-T2)(R),427.6,689.6,-1,-1,-1,-1,-1,-1,-1,-1,8,-1,32,-1
IN03B069,vnc_intrinsic,vnc,WTct(UTct-T2)(R),637.9,735.9,-1,-1,15,-1,16,-1,47,-1,2,-1,21,-1
IN03B070,vnc_intrinsic,vnc,WTct(UTct-T2)(L),497.1,770.7,24,-1,52,-1,15,-1,-1,-1,3,-1,21,-1
IN03B071,vnc_intrinsic,vnc,WTct(UTct-T2)(L),438.1,703.1,-1,-1,20,-1,-1,-1,11,-1,-1,-1,22,-1
IN03B072,vnc_intrinsic,vnc,WTct(UTct-T2)(L),434.7,753.3,-1,-1,33,-1,28,-1,-1,-1,64,-1,43,-1
IN03B073,vnc_intrinsic,vnc,WTct(UTct-T2)(L),601.6,713.2,61,-1,-1,-1,-1,-1,-1,-1,51,-1,43,-1
IN03B074,vnc_intrinsic,vnc,WTct(UTct-T2)(L),492.6,663.9,30,-1,48,-1,36,-1,15,-1,64,-1,-1,37
IN03B075,vnc_intrinsic,vnc,WTct(UTct-T2)(L),637.3,729.0,42,-1,-1,-1,-1,-1,52,-1,14,-1,22,-1
IN03B076,vnc_intrinsic,vnc,IntTct,489.8,659.7,-1,-1,-1,-1,-1,-1,-1,-1,-1,-1,69,-1
IN03B077,vnc_intrinsic,vnc,WTct(UTct-T2)(L),508.9,718.0,-1,-1,58,-1,42,-1,-1,-1,36,-1,-1,-1
IN03B078,vnc_intrinsic,vnc,WTct(UTct-T2)(L),619.5,703.0,-1,-1,58,-1,-1,-1,-1,-1,-1,-1,27,-1
IN03B079,vnc_intrinsic,vnc,HTct(UTct-T3)(L),591.9,750.0,-1,-1,21,-1,27,-1,14,-1,-1,-1,37,-1
IN03B080,vnc_intrinsic,vnc,WTct(UTct-T2)(L),566.2,711.5,32,-1,54,-1,41,-1,-1,-1,48,-1,16,-1
IN03B081,vnc_intrinsic,vnc,NTct(UTct-T1)(R),526.9,725.3,-1,-1,50,-1,-1,-1,-1,-1,65,-1,42,-1
"IN03B082,IN03B093",vnc_intrinsic,vnc,WTct(UTct-T2)(L),472.4,723.9,48,-1,-1,60,-1,-1,-1,51,2,-1,21,-1
IN03B083,vnc_intrinsic,vnc,WTct(UTct-T2)(L),594.2,710.1,-1,-1,34,-1,34,-1,53,-1,2,-1,-1,-1
IN03B084,vnc_intrinsic,vnc,ANm,510.6,781.1,-1,-1,52,-1,40,-1,-1,-1,-1,-1,28,-1
IN03B085,vnc_intrinsic,vnc,WTct(UTct-T2)(R),621.5,736.4,-1,-1,-1,-1,-1,-1,69,-1,34,-1,39,-1
IN03B086_a,vnc_intrinsic,vnc,WTct(UTct-T2)(L),596.4,684.7,12,-1,-1,-1,-1,-1,-1,-1,31,-1,43,-1
IN03B086_b,vnc_intrinsic,vnc,WTct(UTct-T2)(R),589.5,687.4,-1,-1,-1,-1,-1,-1,-1,-1,-1,-1,43,-1
IN03B086_c,vnc_intrinsic,vnc,NTct(UTct-T1)(L),632.3,740.3,-1,-1,-1,-1,-1,-1,-1,-1,8,-1,-1,-1
IN03B086_d,vnc_intrinsic,vnc,NTct(UTct-T1)(R),584.5,700.6,58,-1,24,-1,-1,-1,-1,-1,8,-1,41,-1
IN03B086_e,vnc_intrinsic,vnc,WTct(UTct-T2)(L),579.6,687.2,-1,-1,64,-1,-1,-1,-1,-1,-1,-1,43,-1
IN03B088,vnc_intrinsic,vnc,WTct(UTct-T2)(L),628.0,745.0,-1,-1,56,-1,46,-1,-1,-1,27,-1,22,-1
IN03B089,vnc_intrinsic,vnc,WTct(UTct-T2)(L),601.2,703.4,-1,-1,8,-1,21,-1,-1,-1,14,-1,21,-1
IN03B090,vnc_intrinsic,vnc,IntTct,576.1,675.9,-1,-1,-1,-1,60,-1,17,-1,-1,-1,20,-1
IN03B091,vnc_intrinsic,vnc,ANm,497.9,674.2,-1,-1,47,-1,25,-1,-1,-1,-1,-1,-1,-1
IN03B092,vnc_intrinsic,vnc,IntTct,581.5,740.9,32,-1,-1,-1,-1,-1,-1,-1,-1,-1,56,43
IN03B094,vnc_intrinsic,vnc,WTct(UTct-T2)(L),574.4,702.0,-1,-1,-1,-1,-1,-1,-1,-1,17,-1,26,-1
IN04A002,vnc_intrinsic,vnc,LegNp(T3)(R),629.6,866.7,31,-1,29,-1,30,-1,57,-1,23,-1,34,-1
IN04B001,vnc_intrinsic,vnc,LegNp(T3)(R),591.5,889.9,-1,-1,19,-1,18,-1,48,-1,-1,-1,10,-1
IN04B002,vnc_intrinsic,vnc,Ov(L),472.9,864.4,-1,-1,46,-1,-1,-1,26,-1,-1,-1,14,-1
IN04B004,vnc_intrinsic,vnc,LegNp(T3)(L),468.4,830.1,20,-1,30,-1,31,-1,49,-1,59,-1,24,-1
IN04B005,vnc_intrinsic,vnc,LegNp(T3)(R),649.6,903.2,35,-1,41,-1,33,-1,58,-1,58,-1,41,-1
IN04B006,vnc_intrinsic,vnc,LTct,571.3,761.0,15,-1,15,-1,-1,-1,17,-1,-1,-1,19,-1
IN04B007,vnc_intrinsic,vnc,LegNp(T3)(L),473.3,850.4,3,-1,31,-1,33,-1,55,-1,-1,-1,23,-1
IN04B008,vnc_intrinsic,vnc,LegNp(T3)(L),475.8,895.0,61,-1,49,-1,34,-1,61,-1,-1,-1,-1,39
IN04B009,vnc_intrinsic,vnc,LegNp(T1)(L),648.8,780.4,55,-1,-1,64,-1,-1,-1,-1,-1,-1,-1,42
IN04B010,vnc_intrinsic,vnc,LegNp(T1)(L),376.8,744.1,-1,-1,64,-1,62,-1,26,-1,-1,-1,42,-1
IN04B011,vnc_intrinsic,vnc,LegNp(T2)(R),589.0,896.1,-1,-1,44,-1,20,-1,61,-1,33,-1,39,-1
IN04B012,vnc_intrinsic,vnc,LegNp(T2)(L),547.9,880.4,12,-1,-1,-1,-1,-1,-1,-1,-1,-1,-1,42
IN04B013,vnc_intrinsic,vnc,LegNp(T1)(L),611.9,776.9,46,-1,66,58,-1,-1,-1,-1,-1,-1,-1,42
IN04B014,vnc_intrinsic,vnc,LegNp(T1)(L),451.0,720.5,-1,-1,-1,-1,-1,-1,-1,-1,49,-1,40,-1
IN04B015,vnc_intrinsic,vnc,LegNp(T1)(L),680.0,804.5,-1,-1,44,-1,-1,-1,-1,-1,-1,-1,-1,42
IN04B016,vnc_intrinsic,vnc,LegNp(T2)(L),598.8,891.8,-1,-1,-1,-1,-1,-1,-1,-1,-1,-1,44,42
IN04B017,vnc_intrinsic,vnc,LegNp(T2)(R),512.2,818.6,-1,-1,16,-1,30,-1,53,-1,-1,-1,37,-1
IN04B018,vnc_intrinsic,vnc,LegNp(T2)(L),459.9,800.0,14,-1,32,-1,37,-1,-1,-1,-1,-1,40,-1
IN04B019,vnc_intrinsic,vnc,LegNp(T1)(L),568.4,730.7,40,-1,-1,-1,-1,-1,-1,-1,-1,-1,64,42
IN04B020,vnc_intrinsic,vnc,LegNp(T1)(L),652.4,779.7,-1,-1,-1,-1,-1,-1,-1,-1,-1,-1,-1,42
IN04B021,vnc_intrinsic,vnc,LegNp(T1)(R),403.7,785.7,25,-1,-1,-1,-1,-1,-1,-1,-1,-1,69,42
IN04B022,vnc_intrinsic,vnc,LegNp(T3)(R),625.9,834.1,-1,-1,-1,-1,-1,-1,-1,69,-1,-1,28,-1
IN04B024,vnc_intrinsic,vnc,LegNp(T1)(R),425.9,778.1,-1,-1,-1,-1,-1,-1,-1,-1,-1,-1,-1,42
IN04B025,vnc_intrinsic,vnc,LegNp(T2)(L),603.2,861.7,30,-1,-1,-1,-1,-1,-1,-1,-1,-1,40,-1
IN04B026,vnc_intrinsic,vnc,LegNp(T1)(R),470.4,770.6,14,-1,-1,-1,-1,-1,-1,-1,-1,-1,-1,42
IN04B027,vnc_intrinsic,vnc,LegNp(T2)(L),577.3,908.1,43,-1,50,-1,52,-1,60,-1,30,-1,39,-1
IN04B028,vnc_intrinsic,vnc,LegNp(T1)(L),478.4,728.4,-1,-1,-1,-1,-1,-1,-1,-1,-1,-1,30,-1
IN04B029,vnc_intrinsic,vnc,LegNp(T3)(L),643.7,858.7,50,-1,46,-1,-1,-1,-1,-1,-1,-1,21,-1
IN04B030,vnc_intrinsic,vnc,LegNp(T2)(L),617.2,810.6,12,-1,-1,-1,-1,-1,-1,-1,-1,-1,-1,-1
IN04B031,vnc_intrinsic,vnc,LegNp(T1)(L),431.5,836.8,-1,-1,40,-1,-1,-1,-1,-1,-1,-1,43,-1
IN04B032,vnc_intrinsic,vnc,LegNp(T3)(R),451.5,838.7,-1,-1,45,-1,43,-1,60,-1,-1,-1,40,-1
IN04B033,vnc_intrinsic,vnc,LegNp(T2)(L),618.8,826.4,-1,-1,-1,-1,69,-1,-1,-1,-1,-1,34,-1
IN04B034,vnc_intrinsic,vnc,LegNp(T1)(L),604.6,731.4,-1,-1,40,-1,37,-1,60,-1,29,-1,9,-1
IN04B035,vnc_intrinsic,vnc,LegNp(T2)(L),470.3,849.0,50,-1,-1,-1,-1,-1,-1,-1,-1,-1,-1,-1
IN04B036,vnc_intrinsic,vnc,LegNp(T2)(L),611.4,845.0,48,-1,31,-1,41,-1,-1,-1,61,-1,28,-1
IN04B037,vnc_intrinsic,vnc,LegNp(T3)(L),447.7,821.3,-1,-1,58,38,-1,-1,-1,-1,-1,-1,42,-1
IN04B038,vnc_intrinsic,vnc,LegNp(T1)(L),656.7,732.5,68,-1,-1,-1,-1,-1,-1,-1,-1,-1,-1,-1
IN04B039,vnc_intrinsic,vnc,LegNp(T1)(L),451.5,728.7,-1,-1,-1,-1,-1,-1,-1,-1,57,-1,37,-1
IN04B041,vnc_intrinsic,vnc,LegNp(T1)(L),404.0,755.1,22,-1,-1,-1,-1,-1,-1,-1,-1,-1,38,-1
IN04B042,vnc_intrinsic,vnc,LegNp(T3)(L),485.3,791.9,-1,-1,-1,-1,-1,-1,-1,-1,4,-1,50,43
IN04B043_a,vnc_intrinsic,vnc,LegNp(T3)(L),589.5,786.2,-1,-1,-1,-1,-1,-1,-1,-1,53,-1,-1,-1
IN04B043_b,vnc_intrinsic,vnc,LegNp(T3)(R),489.4,883.9,64,-1,-1,-1,-1,-1,-1,-1,-1,-1,36,-1
IN04B044,vnc_intrinsic,vnc,LegNp(T3)(L),575.9,886.3,44,-1,-1,-1,67,-1,56,-1,45,-1,38,-1
IN04B046,vnc_intrinsic,vnc,LegNp(T2)(L),612.3,830.2,30,-1,-1,-1,46,-1,53,-1,-1,-1,22,-1
IN04B047,vnc_intrinsic,vnc,LegNp(T1)(L),385.9,793.6,26,-1,-1,-1,-1,-1,60,-1,29,-1,36,-1
IN04B048,vnc_intrinsic,vnc,LegNp(T3)(R),443.1,839.2,-1,-1,-1,-1,-1,-1,-1,-1,-1,-1,40,-1
IN04B049_a,vnc_intrinsic,vnc,LegNp(T2)(L),606.2,924.0,-1,-1,-1,-1,-1,-1,-1,-1,-1,-1,-1,-1
IN04B049_b,vnc_intrinsic,vnc,LegNp(T2)(L),449.9,915.5,-1,-1,-1,-1,-1,-1,-1,-1,65,-1,-1,-1
IN04B049_c,vnc_intrinsic,vnc,LegNp(T2)(L),625.8,920.1,-1,-1,-1,-1,-1,-1,-1,-1,-1,-1,-1,43
IN04B050,vnc_intrinsic,vnc,LegNp(T1)(L),581.9,814.4,-1,-1,-1,-1,-1,-1,-1,-1,-1,-1,-1,-1
IN04B052,vnc_intrinsic,vnc,LegNp(T3)(R),426.5,826.1,-1,-1,-1,-1,-1,-1,-1,-1,59,-1,-1,-1
IN04B053,vnc_intrinsic,vnc,LegNp(T1)(L),431.6,782.5,-1,-1,-1,-1,-1,-1,-1,-1,-1,-1,60,-1
IN04B054_a,vnc_intrinsic,vnc,LegNp(T3)(L),636.5,847.3,61,-1,-1,-1,-1,-1,-1,-1,-1,-1,-1,-1
IN04B054_b,vnc_intrinsic,vnc,LegNp(T3)(R),431.0,857.4,-1,-1,-1,-1,-1,-1,-1,-1,-1,-1,-1,42
IN04B054_c,vnc_intrinsic,vnc,LegNp(T3)(R),518.6,922.4,34,-1,-1,-1,-1,-1,-1,-1,-1,-1,32,-1
IN04B055,vnc_intrinsic,vnc,LegNp(T2)(L),592.8,899.8,-1,-1,-1,-1,-1,-1,-1,-1,-1,-1,-1,43
IN04B056,vnc_intrinsic,vnc,LegNp(T2)(R),607.9,861.0,35,-1,-1,-1,-1,-1,-1,-1,-1,-1,30,-1
IN04B057,vnc_intrinsic,vnc,LegNp(T2)(R),424.8,865.9,-1,-1,-1,-1,-1,-1,-1,-1,-1,-1,67,42
IN04B058,vnc_intrinsic,vnc,LegNp(T2)(L),604.2,801.9,66,-1,-1,-1,-1,-1,-1,-1,-1,-1,52,-1
IN04B059,vnc_intrinsic,vnc,LegNp(T1)(L),389.2,811.4,-1,-1,-1,-1,-1,-1,-1,-1,-1,-1,46,42
IN04B060,vnc_intrinsic,vnc,LegNp(T3)(L),473.4,897.9,21,-1,65,-1,60,-1,-1,-1,-1,-1,39,-1
IN04B061,vnc_intrinsic,vnc,LegNp(T2)(R),477.0,885.7,63,-1,-1,-1,-1,-1,-1,-1,-1,-1,-1,-1
IN04B062,vnc_intrinsic,vnc,LegNp(T2)(L),495.1,867.7,43,-1,59,55,-1,-1,-1,-1,-1,-1,41,-1
IN04B063,vnc_intrinsic,vnc,LegNp(T3)(R),623.5,860.9,-1,-1,-1,-1,-1,-1,58,-1,-1,-1,41,-1
IN04B064,vnc_intrinsic,vnc,LegNp(T3)(R),501.2,848.8,48,-1,-1,-1,63,-1,23,-1,-1,-1,-1,38
IN04B066,vnc_intrinsic,vnc,LegNp(T1)(L),596.8,748.4,1,-1,-1,-1,-1,-1,58,-1,68,-1,31,-1
IN04B067,vnc_intrinsic,vnc,LegNp(T1)(R),603.3,798.9,7,-1,-1,-1,-1,-1,-1,-1,-1,-1,-1,42
IN04B068,vnc_intrinsic,vnc,LegNp(T3)(L),598.0,850.1,2,-1,18,-1,19,-1,59,-1,-1,-1,31,-1
IN04B069,vnc_intrinsic,vnc,LegNp(T1)(L),607.1,748.3,58,-1,-1,-1,-1,-1,56,-1,-1,-1,7,-1
IN04B070,vnc_intrinsic,vnc,LegNp(T1)(R),657.2,772.4,-1,-1,-1,-1,-1,-1,-1,-1,-1,-1,-1,42
IN04B071,vnc_intrinsic,vnc,LegNp(T2)(L),607.3,848.8,-1,-1,59,-1,-1,-1,-1,-1,-1,-1,34,-1
IN04B072,vnc_intrinsic,vnc,LegNp(T1)(L),387.7,806.8,33,-1,-1,-1,-1,-1,-1,-1,-1,-1,38,-1
IN04B073,vnc_intrinsic,vnc,LegNp(T1)(L),461.7,752.3,-1,-1,-1,-1,-1,-1,-1,-1,-1,-1,31,-1
IN04B074,vnc_intrinsic,vnc,LegNp(T3)(L),590.1,874.0,-1,-1,9,-1,-1,31,-1,-1,-1,55,26,-1
IN04B075,vnc_intrinsic,vnc,LegNp(T3)(R),492.7,817.7,-1,-1,-1,-1,-1,-1,-1,-1,-1,-1,-1,-1
IN04B076,vnc_intrinsic,vnc,LegNp(T3)(R),467.5,820.4,3,-1,-1,-1,-1,-1,-1,-1,-1,-1,41,-1
IN04B077,vnc_intrinsic,vnc,LegNp(T2)(L),616.6,889.7,-1,-1,46,-1,62,-1,60,-1,48,-1,33,-1
IN04B078,vnc_intrinsic,vnc,LegNp(T3)(R),475.4,929.1,-1,-1,12,-1,27,-1,59,-1,-1,-1,29,-1
IN04B079,vnc_intrinsic,vnc,LegNp(T1)(L),610.1,762.7,-1,-1,-1,-1,63,-1,60,-1,-1,-1,17,-1
IN04B080,vnc_intrinsic,vnc,LegNp(T3)(R),451.2,808.1,62,-1,-1,-1,-1,-1,-1,-1,-1,-1,-1,43
IN04B081,vnc_intrinsic,vnc,LegNp(T2)(L),587.9,860.8,29,-1,29,-1,60,-1,-1,-1,-1,-1,-1,42
IN04B082,vnc_intrinsic,vnc,LegNp(T2)(L),579.3,893.0,-1,-1,-1,-1,-1,-1,-1,-1,-1,-1,41,-1
IN04B083,vnc_intrinsic,vnc,LegNp(T3)(R),566.1,935.8,13,-1,-1,-1,-1,-1,55,-1,-1,-1,36,-1
IN04B084,vnc_intrinsic,vnc,LegNp(T2)(L),432.2,859.2,50,-1,-1,-1,42,-1,-1,-1,-1,-1,-1,-1
IN04B085,vnc_intrinsic,vnc,LegNp(T1)(L),461.4,743.3,18,-1,-1,-1,-1,-1,-1,-1,-1,-1,-1,63
IN04B086,vnc_intrinsic,vnc,LegNp(T1)(L),624.9,717.3,44,-1,-1,-1,-1,-1,-1,-1,-1,-1,-1,-1
IN04B087,vnc_intrinsic,vnc,LegNp(T2)(R),416.6,802.6,-1,-1,-1,-1,-1,-1,-1,-1,-1,-1,-1,43
IN04B088,vnc_intrinsic,vnc,LegNp(T3)(L),459.4,784.4,-1,-1,-1,-1,-1,-1,-1,-1,-1,-1,-1,-1
IN04B089,vnc_intrinsic,vnc,LegNp(T2)(L),620.0,792.5,-1,-1,-1,-1,50,-1,-1,-1,-1,-1,-1,43
IN04B090,vnc_intrinsic,vnc,LegNp(T2)(L),592.8,846.1,-1,-1,-1,-1,-1,-1,-1,-1,-1,-1,45,43
IN04B091,vnc_intrinsic,vnc,LegNp(T1)(L),646.6,715.2,31,-1,-1,-1,-1,-1,-1,-1,-1,-1,-1,-1
IN04B092,vnc_intrinsic,vnc,LegNp(T1)(L),492.1,812.8,6,-1,-1,-1,-1,-1,-1,-1,-1,-1,53,-1
IN04B093,vnc_intrinsic,vnc,LegNp(T1)(R),465.6,771.0,-1,-1,-1,-1,-1,-1,-1,-1,-1,-1,-1,-1
IN04B094,vnc_intrinsic,vnc,LegNp(T1)(L),453.0,726.7,-1,-1,-1,-1,-1,-1,-1,-1,-1,-1,65,-1
IN04B095,vnc_intrinsic,vnc,LegNp(T3)(L),588.1,875.7,-1,-1,-1,-1,49,-1,-1,-1,-1,-1,-1,43
IN04B096,vnc_intrinsic,vnc,LegNp(T3)(R),609.7,806.8,-1,-1,-1,-1,48,-1,-1,-1,-1,-1,31,-1
IN04B097,vnc_intrinsic,vnc,LegNp(T1)(L),406.4,823.1,-1,-1,-1,-1,-1,-1,-1,-1,55,-1,-1,43
IN04B098,vnc_intrinsic,vnc,LegNp(T1)(L),569.5,779.6,-1,-1,-1,-1,-1,-1,-1,-1,63,-1,53,43
IN04B099,vnc_intrinsic,vnc,LegNp(T2)(R),480.9,925.9,-1,-1,-1,-1,-1,-1,-1,-1,-1,-1,41,-1
IN04B100,vnc_intrinsic,vnc,LegNp(T2)(L),450.3,912.7,-1,-1,-1,69,26,-1,61,-1,-1,-1,38,-1
IN04B101,vnc_intrinsic,vnc,LegNp(T1)(L),408.4,739.8,-1,-1,60,-1,-1,-1,-1,-1,-1,-1,-1,42
IN04B102,vnc_intrinsic,vnc,LegNp(T1)(L),637.7,800.3,56,-1,43,-1,-1,-1,-1,-1,-1,-1,-1,39
IN04B103,vnc_intrinsic,vnc,LegNp(T2)(L),482.0,864.3,25,-1,-1,-1,-1,-1,-1,-1,-1,-1,-1,-1
IN04B104,vnc_intrinsic,vnc,LegNp(T2)(R),454.0,809.5,47,-1,-1,-1,-1,-1,-1,-1,-1,-1,-1,43
IN04B105,vnc_intrinsic,vnc,LegNp(T3)(L),567.0,908.0,50,-1,-1,-1,60,-1,-1,-1,-1,-1,52,41
IN04B106,vnc_intrinsic,vnc,LegNp(T2)(R),437.5,873.0,-1,-1,-1,-1,-1,-1,-1,-1,-1,-1,-1,-1
IN04B107,vnc_intrinsic,vnc,LegNp(T3)(R),462.4,783.1,35,-1,-1,-1,54,-1,-1,-1,-1,-1,-1,43
IN04B108,vnc_intrinsic,vnc,LegNp(T2)(L),650.5,870.0,3,-1,-1,-1,-1,-1,-1,-1,-1,-1,-1,42
IN04B109,vnc_intrinsic,vnc,LegNp(T2)(R),435.4,892.3,-1,-1,-1,-1,-1,-1,-1,-1,-1,-1,-1,42
IN04B110,vnc_intrinsic,vnc,LegNp(T3)(L),636.6,848.4,-1,-1,-1,-1,-1,-1,-1,-1,-1,-1,-1,-1
IN04B111,vnc_intrinsic,vnc,LegNp(T1)(L),674.5,809.3,11,-1,-1,-1,-1,-1,60,-1,-1,-1,61,-1
IN04B112,vnc_intrinsic,vnc,LegNp(T3)(L),590.9,873.6,-1,-1,-1,-1,-1,-1,60,-1,-1,-1,42,-1
"IN04B113,IN04B114",vnc_intrinsic,vnc,LegNp(T3)(L),458.9,909.7,-1,-1,-1,-1,43,-1,-1,-1,4,-1,-1,-1
IN04B115,vnc_intrinsic,vnc,LegNp(T1)(L),610.9,791.3,28,-1,-1,-1,-1,-1,-1,-1,-1,-1,19,-1
IN05B001,vnc_intrinsic,vnc,Ov(L),490.5,815.8,-1,-1,10,-1,15,-1,2,-1,47,-1,1,-1
IN05B002,vnc_intrinsic,vnc,Ov(R),478.6,850.5,-1,-1,20,-1,3,-1,21,-1,-1,-1,31,-1
IN05B003,vnc_intrinsic,vnc,LTct,591.7,860.4,31,-1,12,-1,26,-1,22,-1,-1,-1,15,-1
IN05B005,vnc_intrinsic,vnc,ANm,624.5,854.4,-1,-1,38,-1,6,-1,-1,55,-1,-1,63,37
IN05B008,vnc_intrinsic,vnc,LegNp(T3)(L),550.6,741.6,21,-1,39,37,58,-1,60,-1,-1,-1,-1,37
IN05B010,vnc_intrinsic,vnc,LegNp(T3)(R),590.3,914.1,-1,-1,5,-1,7,-1,69,-1,-1,-1,3,-1
IN05B011a,vnc_intrinsic,vnc,Ov(L),485.4,806.5,-1,-1,20,11,2,-1,20,-1,-1,-1,28,-1
IN05B011b,vnc_intrinsic,vnc,LegNp(T1)(L),464.0,741.4,20,-1,21,-1,7,-1,7,-1,25,-1,12,-1
IN05B012,vnc_intrinsic,vnc,ANm,550.7,810.3,42,-1,6,-1,59,-1,38,-1,-1,-1,15,-1
IN05B013,vnc_intrinsic,vnc,ANm,636.3,834.4,2,-1,-1,-1,30,-1,2,-1,-1,-1,3,-1
IN05B016,vnc_intrinsic,vnc,ANm,509.4,818.9,38,-1,13,-1,6,-1,13,-1,29,-1,5,-1
IN05B017,vnc_intrinsic,vnc,LegNp(T3)(R),642.2,834.0,-1,-1,-1,-1,6,-1,52,-1,63,-1,38,-1
IN05B018,vnc_intrinsic,vnc,ANm,592.7,817.7,37,-1,-1,-1,31,-1,60,-1,-1,-1,27,-1
IN05B019,vnc_intrinsic,vnc,Ov(L),541.1,804.6,-1,-1,-1,-1,-1,-1,24,-1,-1,-1,22,-1
IN05B020,vnc_intrinsic,vnc,LegNp(T2)(R),443.7,841.2,-1,-1,-1,-1,-1,-1,53,-1,-1,-1,27,-1
IN05B021,vnc_intrinsic,vnc,LegNp(T3)(R),514.6,759.6,-1,-1,69,-1,-1,-1,11,-1,-1,-1,-1,-1
IN05B022,vnc_intrinsic,vnc,LegNp(T3)(R),674.6,810.5,3,-1,23,-1,15,-1,23,-1,-1,-1,3,-1
IN05B024,vnc_intrinsic,vnc,LegNp(T1)(R),424.2,863.0,-1,-1,43,-1,-1,-1,58,-1,-1,-1,-1,35
IN05B028,vnc_intrinsic,vnc,ANm,445.3,776.8,-1,-1,37,-1,3,-1,4,-1,47,-1,1,-1
IN05B030,vnc_intrinsic,vnc,ANm,473.3,797.9,24,-1,36,-1,-1,-1,18,-1,-1,-1,28,-1
IN05B031,vnc_intrinsic,vnc,LegNp(T3)(L),478.0,927.8,59,-1,55,-1,33,-1,18,-1,34,-1,19,-1
IN05B032,vnc_intrinsic,vnc,LTct,523.0,857.2,29,-1,24,-1,8,-1,60,-1,41,-1,27,-1
IN05B033,vnc_intrinsic,vnc,ANm,455.9,816.6,-1,-1,-1,-1,27,-1,26,-1,-1,-1,21,-1
IN05B034,vnc_intrinsic,vnc,ANm,513.7,851.9,-1,-1,56,-1,46,-1,61,-1,-1,-1,-1,28
IN05B036,vnc_intrinsic,vnc,LegNp(T3)(R),593.3,908.6,-1,-1,-1,-1,-1,-1,51,-1,-1,-1,28,-1
IN05B037,vnc_intrinsic,vnc,ANm,540.8,819.2,39,-1,56,-1,-1,-1,58,-1,60,-1,23,-1
IN05B038,vnc_intrinsic,vnc,LegNp(T3)(R),446.3,818.6,55,-1,-1,-1,-1,-1,10,-1,-1,-1,28,-1
IN05B039,vnc_intrinsic,vnc,LegNp(T3)(L),584.0,909.1,-1,-1,60,-1,-1,-1,23,-1,-1,-1,10,-1
IN05B041,vnc_intrinsic,vnc,ANm,523.4,762.1,-1,-1,26,-1,-1,-1,12,-1,-1,-1,19,-1
IN05B042,vnc_intrinsic,vnc,ANm,579.6,811.7,-1,-1,48,-1,-1,-1,16,-1,-1,-1,45,37
IN05B043,vnc_intrinsic,vnc,ANm,468.3,825.8,-1,-1,60,-1,-1,-1,-1,-1,-1,-1,22,-1
IN05B051,vnc_intrinsic,vnc,LTct,502.4,805.3,-1,-1,-1,-1,67,-1,-1,-1,-1,-1,28,-1
IN05B055,vnc_intrinsic,vnc,ANm,529.5,848.9,47,-1,-1,-1,-1,-1,-1,-1,-1,-1,-1,-1
IN05B057,vnc_intrinsic,vnc,LTct,514.7,778.0,26,-1,43,-1,-1,-1,44,-1,60,-1,31,-1
IN05B061,vnc_intrinsic,vnc,LTct,485.7,791.9,38,-1,50,-1,45,-1,17,-1,35,-1,25,-1
IN05B064_a,vnc_intrinsic,vnc,LegNp(T2)(L),592.1,937.5,47,-1,-1,-1,-1,-1,-1,-1,-1,-1,51,42
IN05B064_b,vnc_intrinsic,vnc,LegNp(T2)(L),565.1,880.7,-1,-1,-1,-1,-1,-1,59,-1,-1,-1,27,-1
IN05B065,vnc_intrinsic,vnc,LTct,626.9,778.0,20,-1,33,-1,-1,-1,58,-1,66,-1,27,-1
IN05B066,vnc_intrinsic,vnc,LTct,523.4,782.0,-1,-1,-1,69,-1,-1,-1,-1,-1,-1,-1,38
IN05B070,vnc_intrinsic,vnc,ANm,562.5,851.4,19,-1,31,-1,-1,-1,19,-1,-1,-1,-1,37
IN05B072_a,vnc_intrinsic,vnc,LTct,509.1,785.3,28,-1,-1,-1,-1,-1,-1,-1,65,-1,-1,64
IN05B072_b,vnc_intrinsic,vnc,LTct,531.6,760.8,17,-1,-1,-1,-1,-1,60,-1,52,-1,-1,-1
IN05B072_c,vnc_intrinsic,vnc,LTct,520.0,776.7,17,-1,-1,-1,-1,-1,56,-1,-1,-1,28,-1
IN05B073,vnc_intrinsic,vnc,LTct,549.6,754.8,-1,-1,-1,-1,-1,-1,-1,62,-1,-1,27,-1
IN05B074,vnc_intrinsic,vnc,LTct,629.9,863.0,-1,-1,-1,-1,-1,-1,-1,69,-1,-1,49,38
IN05B075,vnc_intrinsic,vnc,LTct,629.6,794.5,65,-1,-1,-1,-1,-1,-1,52,-1,-1,-1,37
IN05B077,vnc_intrinsic,vnc,LTct,465.9,818.5,-1,-1,-1,-1,-1,-1,-1,-1,-1,-1,-1,-1
IN05B080,vnc_intrinsic,vnc,LTct,603.1,810.6,46,-1,-1,54,-1,-1,-1,-1,-1,-1,-1,-1
IN05B082,vnc_intrinsic,vnc,LTct,572.7,755.9,62,-1,-1,-1,-1,-1,-1,-1,-1,-1,-1,-1
IN05B084,vnc_intrinsic,vnc,ANm,568.5,776.0,26,-1,-1,-1,-1,-1,-1,-1,-1,-1,27,-1
IN05B085,vnc_intrinsic,vnc,LTct,539.6,729.9,-1,-1,61,-1,64,-1,7,-1,58,-1,23,-1
IN05B086,vnc_intrinsic,vnc,LTct,524.5,744.5,-1,-1,-1,-1,-1,-1,-1,23,-1,-1,69,37
IN05B087,vnc_intrinsic,vnc,LegNp(T3)(R),620.7,828.3,-1,-1,-1,-1,-1,-1,-1,-1,-1,-1,42,-1
IN05B088,vnc_intrinsic,vnc,LTct,606.2,791.9,-1,-1,39,-1,-1,-1,59,-1,-1,-1,27,-1
IN05B089,vnc_intrinsic,vnc,LTct,538.3,771.5,-1,-1,46,-1,-1,-1,56,-1,-1,-1,-1,-1
IN05B090,vnc_intrinsic,vnc,ANm,517.2,873.4,31,-1,16,-1,27,-1,14,-1,-1,-1,28,-1
IN05B091,vnc_intrinsic,vnc,ANm,575.7,861.3,-1,-1,25,-1,-1,-1,7,-1,-1,-1,3,-1
IN05B092,vnc_intrinsic,vnc,LTct,520.0,784.6,16,-1,-1,-1,-1,-1,47,-1,-1,-1,-1,-1
IN05B093,vnc_intrinsic,vnc,ANm,425.8,904.8,66,-1,-1,-1,-1,-1,7,-1,-1,-1,22,-1
IN05B094,vnc_intrinsic,vnc,LTct,530.9,852.1,29,-1,15,-1,18,-1,2,-1,56,-1,14,-1
IN06A002,vnc_intrinsic,vnc,IntTct,597.9,804.4,-1,-1,36,-1,11,-1,-1,-1,2,-1,42,-1
IN06A003,vnc_intrinsic,vnc,WTct(UTct-T2)(L),596.6,712.4,38,-1,13,-1,8,-1,44,-1,2,-1,5,-1
IN06A004,vnc_intrinsic,vnc,IntTct,510.5,754.5,-1,-1,20,-1,-1,-1,16,-1,-1,-1,18,-1
IN06A005,vnc_intrinsic,vnc,LTct,470.7,740.3,9,-1,16,-1,27,-1,47,-1,54,-1,21,-1
IN06A006,vnc_intrinsic,vnc,IntTct,585.1,735.7,15,-1,67,-1,-1,-1,10,-1,-1,-1,43,-1
IN06A008,vnc_intrinsic,vnc,IntTct,525.6,746.5,27,-1,61,-1,-1,-1,14,-1,-1,-1,17,-1
IN06A009,vnc_intrinsic,vnc,HTct(UTct-T3)(R),476.9,741.1,-1,-1,34,-1,23,-1,10,-1,3,-1,18,-1
IN06A011,vnc_intrinsic,vnc,IntTct,461.7,713.3,35,-1,58,-1,-1,-1,26,-1,11,-1,21,-1
IN06A012,vnc_intrinsic,vnc,WTct(UTct-T2)(R),633.5,725.4,62,-1,66,-1,-1,-1,22,-1,5,-1,20,-1
IN06A013,vnc_intrinsic,vnc,HTct(UTct-T3)(L),498.5,771.8,-1,-1,53,-1,-1,-1,-1,-1,21,-1,43,-1
IN06A014,vnc_intrinsic,vnc,LTct,471.1,894.3,-1,-1,32,-1,-1,-1,9,-1,-1,-1,36,-1
IN06A016,vnc_intrinsic,vnc,IntTct,492.0,687.9,-1,-1,48,-1,-1,-1,17,-1,-1,-1,19,-1
IN06A018,vnc_intrinsic,vnc,IntTct,573.9,744.6,-1,-1,64,-1,-1,-1,14,-1,-1,-1,18,-1
IN06A019,vnc_intrinsic,vnc,IntTct,512.8,694.8,48,-1,38,-1,13,-1,23,-1,1,-1,19,-1
IN06A020,vnc_intrinsic,vnc,IntTct,414.4,733.3,15,-1,17,-1,-1,-1,12,-1,5,-1,19,-1
IN06A021,vnc_intrinsic,vnc,HTct(UTct-T3)(L),585.3,758.5,39,-1,39,-1,-1,-1,-1,-1,-1,-1,20,-1
IN06A022,vnc_intrinsic,vnc,IntTct,509.8,757.4,-1,-1,13,-1,26,-1,14,-1,16,-1,21,-1
IN06A023,vnc_intrinsic,vnc,WTct(UTct-T2)(R),571.6,665.4,68,-1,20,-1,-1,-1,8,-1,9,-1,18,-1
IN06A024,vnc_intrinsic,vnc,IntTct,586.9,688.8,38,-1,-1,-1,-1,-1,12,-1,-1,-1,36,-1
IN06A025,vnc_intrinsic,vnc,ANm,489.6,793.9,49,-1,20,-1,42,-1,15,-1,51,-1,25,-1
IN06A028,vnc_intrinsic,vnc,LegNp(T2)(L),510.5,871.3,46,-1,26,-1,-1,-1,-1,-1,-1,-1,26,-1
IN06A031,vnc_intrinsic,vnc,ANm,538.5,814.6,41,-1,38,-1,55,-1,-1,-1,62,-1,53,38
IN06A032,vnc_intrinsic,vnc,IntTct,580.0,758.8,-1,-1,-1,-1,-1,-1,47,-1,62,-1,-1,-1
IN06A033,vnc_intrinsic,vnc,WTct(UTct-T2)(L),616.7,722.6,2,-1,24,-1,-1,-1,-1,-1,-1,-1,42,-1
IN06A034,vnc_intrinsic,vnc,IntTct,459.4,691.0,12,-1,-1,-1,-1,-1,-1,16,-1,-1,34,-1
IN06A035,vnc_intrinsic,vnc,HTct(UTct-T3)(R),521.1,804.8,20,-1,34,-1,45,-1,-1,-1,-1,-1,42,-1
IN06A036,vnc_intrinsic,vnc,HTct(UTct-T3)(L),506.2,752.4,-1,-1,-1,-1,-1,-1,-1,-1,-1,-1,-1,42
IN06A037,vnc_intrinsic,vnc,WTct(UTct-T2)(L),596.7,719.2,-1,-1,-1,-1,-1,-1,46,-1,-1,-1,17,-1
IN06A038,vnc_intrinsic,vnc,HTct(UTct-T3)(L),491.1,759.7,-1,-1,-1,-1,-1,-1,16,-1,-1,-1,7,-1
IN06A039,vnc_intrinsic,vnc,WTct(UTct-T2)(L),569.3,704.9,-1,-1,-1,-1,61,-1,-1,-1,44,-1,-1,37
IN06A040,vnc_intrinsic,vnc,WTct(UTct-T2)(L),580.1,717.5,3,-1,43,-1,-1,-1,-1,-1,-1,-1,42,-1
IN06A042,vnc_intrinsic,vnc,IntTct,571.1,739.1,3,-1,67,-1,30,-1,53,-1,33,-1,2,-1
IN06A043,vnc_intrinsic,vnc,LegNp(T3)(L),481.3,818.0,-1,-1,24,-1,-1,-1,-1,-1,-1,-1,25,-1
IN06A044,vnc_intrinsic,vnc,IntTct,517.3,722.0,4,-1,42,-1,26,-1,20,-1,2,-1,21,-1
IN06A045,vnc_intrinsic,vnc,IntTct,523.7,715.9,-1,-1,-1,-1,-1,-1,13,-1,-1,-1,-1,37
IN06A046,vnc_intrinsic,vnc,IntTct,567.3,769.7,-1,-1,-1,-1,-1,-1,51,-1,45,-1,24,-1
IN06A047,vnc_intrinsic,vnc,IntTct,439.3,816.4,-1,-1,67,-1,-1,-1,16,-1,52,-1,19,-1
IN06A048,vnc_intrinsic,vnc,WTct(UTct-T2)(R),579.9,675.8,42,-1,-1,-1,-1,-1,12,-1,-1,-1,20,-1
IN06A049,vnc_intrinsic,vnc,ANm,473.5,827.8,-1,-1,30,-1,-1,-1,-1,-1,28,-1,26,-1
IN06A050,vnc_intrinsic,vnc,ANm,514.0,791.5,-1,-1,17,-1,27,-1,-1,-1,27,-1,27,-1
IN06A051,vnc_intrinsic,vnc,HTct(UTct-T3)(L),585.4,735.9,45,-1,-1,68,55,-1,-1,-1,-1,-1,58,42
IN06A052,vnc_intrinsic,vnc,HTct(UTct-T3)(R),591.2,751.4,-1,-1,45,-1,-1,-1,-1,-1,-1,-1,18,-1
IN06A054,vnc_intrinsic,vnc,WTct(UTct-T2)(R),585.3,696.1,-1,-1,35,-1,-1,-1,20,-1,30,-1,18,-1
IN06A055,vnc_intrinsic,vnc,HTct(UTct-T3)(R),561.1,756.8,-1,-1,46,-1,-1,-1,-1,-1,-1,-1,-1,37
IN06A056,vnc_intrinsic,vnc,HTct(UTct-T3)(L),560.1,790.1,-1,-1,68,-1,69,-1,-1,-1,-1,-1,42,-1
IN06A057,vnc_intrinsic,vnc,IntTct,563.1,734.2,-1,-1,-1,-1,50,-1,47,-1,52,-1,21,-1
IN06A058,vnc_intrinsic,vnc,WTct(UTct-T2)(R),458.3,728.2,56,-1,-1,-1,-1,-1,-1,-1,-1,-1,65,37
IN06A059,vnc_intrinsic,vnc,IntTct,627.7,708.0,13,-1,11,-1,13,-1,15,-1,7,-1,21,-1
IN06A061,vnc_intrinsic,vnc,HTct(UTct-T3)(R),558.3,772.5,-1,-1,-1,-1,33,-1,-1,-1,14,-1,43,-1
IN06A063,vnc_intrinsic,vnc,ANm,531.5,821.9,-1,-1,10,-1,-1,-1,54,-1,-1,-1,13,-1
IN06A064,vnc_intrinsic,vnc,ANm,534.7,879.2,-1,-1,16,-1,36,-1,-1,-1,57,-1,24,-1
IN06A065,vnc_intrinsic,vnc,IntTct,559.5,759.4,38,-1,-1,-1,29,-1,-1,53,32,-1,-1,43
IN06A066,vnc_intrinsic,vnc,ANm,563.7,815.9,21,-1,10,-1,11,-1,-1,-1,25,-1,25,-1
IN06A067_a,vnc_intrinsic,vnc,NTct(UTct-T1)(L),530.9,760.5,-1,-1,-1,62,-1,-1,14,-1,-1,-1,-1,43
IN06A067_b,vnc_intrinsic,vnc,IntTct,469.4,662.7,-1,-1,-1,-1,-1,-1,14,-1,51,-1,19,-1
IN06A067_c,vnc_intrinsic,vnc,IntTct,588.3,737.1,61,-1,-1,-1,-1,-1,15,-1,-1,-1,-1,43
IN06A067_d,vnc_intrinsic,vnc,NTct(UTct-T1)(R),608.1,696.6,43,-1,-1,-1,-1,-1,16,-1,-1,-1,36,-1
IN06A067_e,vnc_intrinsic,vnc,NTct(UTct-T1)(L),459.4,659.6,36,-1,-1,-1,-1,-1,14,-1,-1,-1,-1,37
IN06A069,vnc_intrinsic,vnc,HTct(UTct-T3)(L),514.6,732.7,-1,-1,-1,-1,-1,-1,-1,-1,-1,-1,3,-1
IN06A070,vnc_intrinsic,vnc,IntTct,564.1,742.6,14,-1,64,-1,-1,-1,-1,-1,63,-1,42,-1
IN06A071,vnc_intrinsic,vnc,HTct(UTct-T3)(R),481.0,736.5,-1,-1,-1,-1,58,-1,-1,-1,51,-1,18,-1
IN06A072,vnc_intrinsic,vnc,HTct(UTct-T3)(L),612.3,694.9,23,-1,50,-1,53,-1,52,-1,-1,-1,22,-1
IN06A073,vnc_intrinsic,vnc,HTct(UTct-T3)(L),575.5,771.0,-1,-1,53,-1,-1,-1,11,-1,66,-1,22,-1
IN06A074,vnc_intrinsic,vnc,HTct(UTct-T3)(R),500.9,783.2,-1,-1,-1,-1,-1,-1,-1,-1,-1,-1,37,-1
IN06A075,vnc_intrinsic,vnc,IntTct,522.3,756.3,-1,-1,35,-1,21,-1,14,-1,47,-1,23,-1
IN06A076_a,vnc_intrinsic,vnc,IntTct,502.7,737.4,48,-1,-1,-1,-1,-1,16,-1,-1,-1,21,-1
IN06A076_b,vnc_intrinsic,vnc,IntTct,480.6,734.0,1,-1,-1,-1,-1,-1,-1,-1,-1,-1,-1,-1
IN06A076_c,vnc_intrinsic,vnc,IntTct,515.2,695.9,-1,-1,-1,-1,-1,-1,-1,-1,-1,-1,-1,43
IN06A077,vnc_intrinsic,vnc,HTct(UTct-T3)(L),469.8,730.2,58,-1,62,-1,48,-1,16,-1,40,-1,43,-1
IN06A078,vnc_intrinsic,vnc,HTct(UTct-T3)(L),500.7,726.0,58,-1,-1,-1,-1,-1,-1,-1,60,-1,43,-1
IN06A079,vnc_intrinsic,vnc,HTct(UTct-T3)(R),474.5,670.9,-1,-1,68,-1,56,-1,50,-1,-1,-1,19,-1
IN06A081,vnc_intrinsic,vnc,WTct(UTct-T2)(R),591.1,667.9,-1,-1,-1,-1,-1,-1,-1,-1,-1,-1,-1,43
IN06A082,vnc_intrinsic,vnc,IntTct,580.7,685.3,-1,-1,18,-1,33,-1,8,-1,8,-1,-1,37
IN06A083,vnc_intrinsic,vnc,HTct(UTct-T3)(L),596.1,771.6,61,-1,59,-1,52,-1,-1,-1,68,-1,23,-1
IN06A084,vnc_intrinsic,vnc,NTct(UTct-T1)(L),491.5,666.2,-1,-1,-1,-1,-1,-1,14,-1,-1,-1,21,-1
IN06A085,vnc_intrinsic,vnc,IntTct,584.6,716.8,51,-1,-1,-1,-1,-1,-1,-1,-1,-1,-1,-1
IN06A086,vnc_intrinsic,vnc,IntTct,530.4,702.7,-1,-1,64,-1,31,-1,24,-1,4,-1,19,-1
IN06A087,vnc_intrinsic,vnc,IntTct,511.8,763.2,38,-1,-1,-1,-1,-1,13,-1,22,-1,-1,37
IN06A088,vnc_intrinsic,vnc,IntTct,553.6,758.4,31,-1,-1,-1,-1,-1,15,-1,37,-1,20,-1
IN06A089,vnc_intrinsic,vnc,NTct(UTct-T1)(L),539.2,726.3,26,-1,-1,-1,-1,-1,17,-1,57,-1,-1,37
IN06A090,vnc_intrinsic,vnc,NTct(UTct-T1)(L),466.1,692.9,46,-1,-1,-1,-1,-1,17,-1,-1,-1,35,-1
IN06A091,vnc_intrinsic,vnc,HTct(UTct-T3)(R),573.7,714.1,46,-1,-1,-1,56,-1,-1,-1,-1,-1,-1,37
IN06A093,vnc_intrinsic,vnc,ANm,503.0,734.9,54,-1,54,-1,-1,-1,13,-1,39,-1,19,-1
IN06A094,vnc_intrinsic,vnc,HTct(UTct-T3)(R),493.5,769.8,1,-1,20,-1,17,-1,22,-1,24,-1,19,-1
IN06A096,vnc_intrinsic,vnc,IntTct,541.2,713.8,4,-1,56,-1,31,-1,53,-1,38,-1,43,-1
IN06A097,vnc_intrinsic,vnc,HTct(UTct-T3)(R),542.7,712.3,-1,-1,-1,-1,57,-1,52,-1,-1,-1,18,-1
IN06A098,vnc_intrinsic,vnc,ANm,533.6,836.1,24,-1,21,-1,-1,-1,-1,-1,63,-1,26,-1
IN06A099,vnc_intrinsic,vnc,HTct(UTct-T3)(L),546.4,726.9,-1,-1,61,46,66,-1,21,-1,-1,-1,-1,37
IN06A100,vnc_intrinsic,vnc,IntTct,492.4,732.9,5,-1,-1,-1,-1,-1,-1,-1,-1,-1,-1,43
IN06A101,vnc_intrinsic,vnc,HTct(UTct-T3)(L),556.6,774.9,33,-1,-1,-1,-1,-1,-1,52,-1,-1,-1,37
IN06A102,vnc_intrinsic,vnc,IntTct,516.3,745.4,-1,-1,34,-1,62,-1,-1,-1,-1,-1,36,-1
IN06A103,vnc_intrinsic,vnc,WTct(UTct-T2)(R),452.1,715.7,10,-1,45,-1,-1,-1,-1,53,-1,-1,41,-1
IN06A104,vnc_intrinsic,vnc,ANm,582.1,766.1,32,-1,30,-1,30,-1,25,-1,-1,-1,22,-1
IN06A105,vnc_intrinsic,vnc,HTct(UTct-T3)(L),592.8,765.8,-1,-1,-1,-1,-1,-1,-1,-1,52,-1,-1,43
IN06A106,vnc_intrinsic,vnc,ANm,548.4,847.9,36,-1,14,-1,25,-1,-1,-1,62,-1,25,-1
IN06A107,vnc_intrinsic,vnc,ANm,573.2,758.5,-1,-1,-1,-1,-1,-1,-1,-1,-1,-1,-1,43
IN06A108,vnc_intrinsic,vnc,HTct(UTct-T3)(L),495.2,743.6,-1,-1,47,-1,39,-1,-1,-1,45,-1,-1,-1
IN06A109,vnc_intrinsic,vnc,ANm,571.0,848.8,1,-1,12,-1,45,-1,-1,-1,25,-1,26,-1
IN06A110,vnc_intrinsic,vnc,HTct(UTct-T3)(L),469.0,790.2,-1,-1,42,-1,-1,-1,14,-1,50,-1,37,-1
IN06A111,vnc_intrinsic,vnc,ANm,580.6,780.0,28,-1,-1,-1,46,-1,13,-1,50,-1,25,-1
IN06A113,vnc_intrinsic,vnc,NTct(UTct-T1)(L),491.7,674.1,-1,-1,21,-1,67,-1,47,-1,37,-1,19,-1
IN06A114,vnc_intrinsic,vnc,ANm,533.3,818.4,29,-1,-1,-1,-1,-1,-1,-1,-1,-1,-1,42
IN06A115,vnc_intrinsic,vnc,HTct(UTct-T3)(L),492.0,741.5,-1,-1,67,-1,50,-1,-1,-1,-1,-1,63,37
IN06A116,vnc_intrinsic,vnc,IntTct,512.1,779.4,-1,-1,18,-1,41,-1,17,-1,-1,-1,22,-1
IN06A117,vnc_intrinsic,vnc,ANm,526.2,760.6,10,-1,35,-1,27,-1,16,-1,20,-1,25,-1
IN06A119,vnc_intrinsic,vnc,ANm,567.3,825.7,55,-1,38,-1,-1,-1,-1,-1,27,-1,26,-1
IN06A120_a,vnc_intrinsic,vnc,HTct(UTct-T3)(L),584.0,780.7,-1,-1,-1,-1,-1,-1,-1,-1,-1,-1,-1,43
IN06A120_b,vnc_intrinsic,vnc,HTct(UTct-T3)(L),459.0,721.7,5,-1,-1,-1,-1,-1,-1,-1,66,-1,-1,43
IN06A120_c,vnc_intrinsic,vnc,HTct(UTct-T3)(L),476.7,730.5,-1,-1,-1,-1,-1,-1,-1,-1,-1,-1,-1,37
IN06A121,vnc_intrinsic,vnc,NTct(UTct-T1)(L),489.4,762.3,69,-1,-1,-1,-1,-1,14,-1,-1,-1,-1,37
IN06A122,vnc_intrinsic,vnc,IntTct,533.0,703.0,3,-1,-1,-1,-1,-1,16,-1,10,-1,-1,-1
IN06A123,vnc_intrinsic,vnc,HTct(UTct-T3)(L),506.7,776.6,58,-1,-1,-1,-1,-1,-1,-1,-1,-1,-1,37
IN06A124,vnc_intrinsic,vnc,HTct(UTct-T3)(R),546.4,718.4,68,-1,68,-1,65,-1,15,-1,63,-1,42,-1
IN06A125,vnc_intrinsic,vnc,HTct(UTct-T3)(L),586.9,778.9,-1,-1,-1,-1,58,-1,-1,-1,-1,-1,43,-1
"IN06A126,IN06A137",vnc_intrinsic,vnc,HTct(UTct-T3)(L),476.5,725.9,-1,-1,-1,-1,-1,-1,-1,52,-1,-1,42,-1
IN06A127,vnc_intrinsic,vnc,IntTct,478.3,751.5,-1,-1,-1,-1,-1,-1,-1,-1,62,-1,-1,44
IN06A128,vnc_intrinsic,vnc,HTct(UTct-T3)(L),571.4,728.8,56,-1,-1,-1,-1,-1,-1,-1,-1,-1,-1,-1
IN06A129,vnc_intrinsic,vnc,ANm,481.1,732.8,-1,-1,-1,-1,-1,-1,-1,-1,-1,-1,-1,-1
IN06A132,vnc_intrinsic,vnc,HTct(UTct-T3)(R),470.1,723.6,56,-1,28,-1,-1,-1,11,-1,-1,-1,21,-1
IN06A133,vnc_intrinsic,vnc,HTct(UTct-T3)(R),586.7,753.5,60,-1,-1,-1,-1,-1,-1,-1,-1,-1,57,-1
IN06A134,vnc_intrinsic,vnc,ANm,562.6,799.7,-1,-1,-1,-1,-1,-1,-1,-1,35,-1,-1,47
IN06A135,vnc_intrinsic,vnc,HTct(UTct-T3)(L),582.8,748.0,-1,-1,-1,-1,-1,-1,16,-1,-1,-1,39,-1
IN06A136,vnc_intrinsic,vnc,HTct(UTct-T3)(R),511.8,767.2,-1,-1,-1,-1,-1,-1,12,-1,-1,-1,60,43
IN06A137,vnc_intrinsic,vnc,HTct(UTct-T3)(R),585.2,777.1,-1,-1,-1,-1,-1,-1,-1,-1,-1,-1,-1,-1
IN06A138,vnc_intrinsic,vnc,HTct(UTct-T3)(L),509.5,733.3,54,-1,-1,-1,-1,-1,-1,50,-1,-1,-1,-1
IN06A139,vnc_intrinsic,vnc,ANm,506.5,829.7,64,-1,-1,-1,-1,-1,58,-1,36,-1,26,-1
IN06A140,vnc_intrinsic,vnc,HTct(UTct-T3)(L),584.1,752.2,28,-1,-1,-1,67,-1,-1,-1,-1,-1,36,-1
IN06B001,vnc_intrinsic,vnc,LTct,580.8,783.5,21,-1,13,-1,64,-1,54,-1,-1,-1,31,-1
IN06B003,vnc_intrinsic,vnc,Ov(L),544.8,808.2,-1,-1,12,-1,7,-1,51,-1,-1,-1,3,-1
IN06B006,vnc_intrinsic,vnc,LegNp(T1)(L),452.3,742.6,-1,-1,40,-1,-1,-1,59,-1,-1,-1,-1,38
IN06B008,vnc_intrinsic,vnc,LTct,609.2,768.1,-1,-1,5,-1,7,-1,44,-1,37,-1,22,-1
IN06B012,vnc_intrinsic,vnc,LTct,507.0,814.0,4,-1,16,-1,13,-1,60,-1,-1,-1,26,-1
IN06B013,vnc_intrinsic,vnc,WTct(UTct-T2)(L),609.4,739.7,-1,-1,7,-1,6,-1,46,-1,3,-1,14,-1
IN06B014,vnc_intrinsic,vnc,IntTct,552.6,750.2,-1,-1,23,-1,23,-1,24,-1,66,-1,22,-1
IN06B015,vnc_intrinsic,vnc,LegNp(T2)(L),482.9,825.1,-1,-1,21,-1,53,-1,46,-1,49,-1,24,-1
IN06B016,vnc_intrinsic,vnc,LTct,607.3,760.7,-1,-1,5,-1,17,-1,52,-1,-1,-1,1,-1
IN06B017,vnc_intrinsic,vnc,HTct(UTct-T3)(L),479.6,730.8,-1,-1,4,-1,7,-1,14,-1,21,-1,2,-1
IN06B018,vnc_intrinsic,vnc,LTct,559.1,787.9,-1,-1,26,-1,48,-1,13,-1,36,-1,8,-1
IN06B019,vnc_intrinsic,vnc,LTct,573.3,708.6,-1,-1,20,-1,15,-1,47,-1,56,-1,20,-1
IN06B020,vnc_intrinsic,vnc,LegNp(T3)(L),605.3,845.4,-1,-1,46,-1,31,-1,-1,-1,-1,-1,-1,42
IN06B021,vnc_intrinsic,vnc,LTct,590.9,785.9,46,-1,-1,-1,41,-1,-1,-1,-1,-1,-1,37
IN06B022,vnc_intrinsic,vnc,LTct,458.1,800.9,-1,-1,65,-1,-1,-1,-1,-1,-1,-1,-1,39
IN06B024,vnc_intrinsic,vnc,LTct,509.9,766.5,8,-1,26,-1,8,-1,51,-1,-1,-1,17,-1
IN06B025,vnc_intrinsic,vnc,IntTct,526.6,697.7,-1,-1,-1,-1,-1,-1,15,-1,-1,-1,59,43
IN06B027,ascending_neuron,vnc,ANm,456.3,838.4,-1,-1,31,-1,69,-1,22,-1,-1,-1,2,-1
IN06B028,vnc_intrinsic,vnc,LTct,509.0,794.6,42,-1,38,-1,7,-1,-1,-1,3,-1,16,-1
IN06B029,vnc_intrinsic,vnc,LegNp(T3)(L),629.3,787.2,40,-1,3,-1,3,-1,46,-1,1,-1,37,-1
IN06B030,vnc_intrinsic,vnc,ANm,582.0,862.3,-1,-1,10,-1,24,-1,2,-1,-1,-1,22,-1
IN06B032,vnc_intrinsic,vnc,Ov(L),532.3,775.3,-1,-1,62,59,59,-1,53,-1,-1,-1,27,-1
IN06B033,vnc_intrinsic,vnc,IntTct,544.5,780.5,-1,-1,-1,-1,36,-1,9,-1,19,-1,30,-1
IN06B035,vnc_intrinsic,vnc,Ov(L),528.5,766.6,-1,-1,38,-1,28,-1,49,-1,-1,-1,4,-1
IN06B036,vnc_intrinsic,vnc,WTct(UTct-T2)(L),432.1,712.5,-1,-1,48,-1,15,-1,21,-1,6,-1,16,-1
IN06B038,vnc_intrinsic,vnc,WTct(UTct-T2)(L),522.3,818.9,-1,-1,46,-1,31,-1,50,-1,17,-1,22,-1
IN06B040,vnc_intrinsic,vnc,NTct(UTct-T1)(L),612.4,723.1,-1,-1,30,-1,27,-1,14,-1,8,-1,16,-1
IN06B042,vnc_intrinsic,vnc,WTct(UTct-T2)(L),507.5,695.6,1,-1,13,-1,24,-1,10,-1,9,-1,20,-1
IN06B043,vnc_intrinsic,vnc,WTct(UTct-T2)(R),475.3,704.5,-1,-1,45,-1,13,-1,19,-1,7,-1,20,-1
IN06B047,vnc_intrinsic,vnc,WTct(UTct-T2)(L),501.3,678.4,-1,-1,4,-1,4,-1,22,-1,7,-1,8,-1
IN06B049,vnc_intrinsic,vnc,ANm,533.6,852.0,26,-1,-1,-1,56,-1,16,-1,-1,-1,-1,37
IN06B050,vnc_intrinsic,vnc,WTct(UTct-T2)(L),639.1,754.2,-1,-1,32,-1,34,-1,16,-1,5,-1,20,-1
IN06B052,vnc_intrinsic,vnc,WTct(UTct-T2)(R),470.1,712.1,-1,-1,18,-1,67,-1,12,-1,6,-1,4,-1
IN06B053,vnc_intrinsic,vnc,ANm,502.2,785.7,-1,-1,45,-1,37,-1,44,-1,34,-1,15,-1
IN06B054,vnc_intrinsic,vnc,LTct,504.9,800.9,58,-1,56,-1,-1,-1,17,-1,-1,-1,14,-1
IN06B055,vnc_intrinsic,vnc,IntTct,517.8,721.5,17,-1,40,-1,-1,-1,12,-1,-1,-1,14,-1
IN06B056,vnc_intrinsic,vnc,LTct,607.1,827.0,-1,-1,34,-1,24,-1,-1,59,-1,-1,-1,37
IN06B058,vnc_intrinsic,vnc,IntTct,593.2,685.4,-1,-1,25,-1,-1,-1,17,-1,-1,-1,16,-1
IN06B059,vnc_intrinsic,vnc,LTct,623.7,759.4,58,-1,6,-1,10,-1,6,-1,-1,-1,21,-1
IN06B061,vnc_intrinsic,vnc,WTct(UTct-T2)(L),484.0,770.1,50,-1,31,-1,24,-1,45,-1,15,-1,21,-1
IN06B062,vnc_intrinsic,vnc,IntTct,549.0,864.2,-1,-1,-1,-1,-1,-1,-1,-1,64,-1,15,-1
IN06B063,vnc_intrinsic,vnc,Ov(L),434.9,778.2,-1,-1,31,-1,40,-1,-1,-1,-1,-1,20,-1
IN06B064,vnc_intrinsic,vnc,ANm,446.4,708.4,25,-1,17,-1,66,-1,47,-1,-1,-1,19,-1
IN06B065,vnc_intrinsic,vnc,LTct,571.5,785.8,62,-1,-1,-1,-1,-1,-1,-1,-1,-1,-1,-1
IN06B066,vnc_intrinsic,vnc,WTct(UTct-T2)(L),470.6,699.2,27,-1,4,-1,8,-1,1,-1,5,-1,4,-1
IN06B067,vnc_intrinsic,vnc,Ov(L),605.2,827.1,-1,-1,-1,59,42,-1,-1,-1,-1,-1,-1,-1
IN06B069,vnc_intrinsic,vnc,WTct(UTct-T2)(L),635.3,745.0,55,-1,41,-1,12,-1,17,-1,3,-1,23,-1
IN06B070,vnc_intrinsic,vnc,LegNp(T3)(R),555.2,758.1,3,-1,34,-1,-1,-1,52,-1,-1,-1,15,-1
IN06B071,vnc_intrinsic,vnc,IntTct,598.4,796.9,3,-1,43,-1,-1,-1,17,-1,-1,-1,20,-1
IN06B072,vnc_intrinsic,vnc,LTct,492.0,800.1,15,-1,-1,-1,39,-1,47,-1,-1,-1,19,-1
IN06B073,vnc_intrinsic,vnc,ANm,505.6,781.5,9,-1,5,-1,5,-1,54,-1,25,-1,25,-1
IN06B074,vnc_intrinsic,vnc,WTct(UTct-T2)(L),642.6,729.5,35,-1,19,-1,43,-1,25,-1,37,-1,16,-1
IN06B076,vnc_intrinsic,vnc,IntTct,441.7,669.5,-1,-1,46,-1,-1,-1,14,-1,62,-1,-1,37
IN06B077,vnc_intrinsic,vnc,Ov(L),448.6,790.0,-1,-1,15,-1,13,-1,45,-1,-1,-1,11,-1
IN06B078,vnc_intrinsic,vnc,Ov(L),576.0,801.3,33,-1,-1,-1,17,-1,-1,-1,-1,-1,41,-1
IN06B079,vnc_intrinsic,vnc,WTct(UTct-T2)(L),587.3,800.7,3,-1,18,-1,21,-1,18,-1,16,-1,18,-1
IN06B080,vnc_intrinsic,vnc,LTct,577.0,745.6,5,-1,48,-1,-1,-1,-1,44,-1,-1,51,29
IN06B081,vnc_intrinsic,vnc,IntTct,480.2,760.7,-1,-1,-1,61,-1,-1,15,-1,-1,-1,19,-1
IN06B082,vnc_intrinsic,vnc,IntTct,514.3,718.8,4,-1,-1,-1,-1,-1,-1,53,-1,-1,36,-1
IN06B083,vnc_intrinsic,vnc,ANm,537.6,847.6,63,-1,-1,20,-1,-1,-1,47,-1,-1,37,-1
IN06B085,vnc_intrinsic,vnc,WTct(UTct-T2)(L),443.5,746.7,7,-1,42,-1,-1,-1,-1,-1,10,-1,27,-1
IN06B086,vnc_intrinsic,vnc,IntTct,528.7,790.3,34,-1,64,-1,-1,-1,24,-1,-1,-1,22,-1
IN06B087,vnc_intrinsic,vnc,IntTct,505.7,750.9,-1,-1,61,-1,-1,-1,-1,-1,-1,-1,28,-1
IN06B088,vnc_intrinsic,vnc,LegNp(T3)(L),648.6,901.4,36,-1,68,-1,36,-1,14,-1,69,-1,38,-1
IN07B001,vnc_intrinsic,vnc,LegNp(T1)(R),626.4,824.2,-1,-1,3,-1,-1,54,27,-1,60,-1,17,-1
IN07B002,vnc_intrinsic,vnc,LegNp(T3)(L),444.6,787.5,-1,-1,2,-1,3,-1,7,-1,15,-1,3,-1
IN07B006,vnc_intrinsic,vnc,LegNp(T3)(L),473.7,866.9,55,-1,4,-1,12,-1,4,-1,46,-1,23,-1
IN07B007,vnc_intrinsic,vnc,LegNp(T3)(L),604.7,938.7,12,-1,3,-1,5,-1,19,-1,9,-1,17,-1
IN07B008,vnc_intrinsic,vnc,LegNp(T2)(L),469.7,782.8,12,-1,48,-1,39,-1,13,-1,-1,-1,13,-1
IN07B009,vnc_intrinsic,vnc,LegNp(T3)(L),486.6,840.6,-1,-1,19,-1,10,-1,5,-1,8,-1,13,-1
IN07B010,vnc_intrinsic,vnc,LTct,598.1,870.3,-1,-1,39,-1,-1,69,-1,-1,-1,-1,31,-1
IN07B012,vnc_intrinsic,vnc,Ov(L),605.3,804.6,-1,-1,18,-1,-1,-1,-1,-1,-1,-1,11,-1
IN07B013,vnc_intrinsic,vnc,LegNp(T3)(L),499.0,857.3,49,-1,36,-1,42,-1,23,-1,28,-1,30,-1
IN07B014,vnc_intrinsic,vnc,LegNp(T1)(L),613.6,720.4,59,-1,-1,-1,64,-1,66,-1,17,-1,35,-1
IN07B016,vnc_intrinsic,vnc,LTct,450.6,805.7,30,-1,-1,-1,40,-1,59,-1,50,-1,25,-1
IN07B019,vnc_intrinsic,vnc,IntTct,573.6,727.8,28,-1,-1,-1,33,-1,-1,53,38,-1,-1,39
IN07B020,vnc_intrinsic,vnc,LegNp(T1)(L),424.5,894.1,2,-1,-1,-1,16,-1,44,-1,39,-1,39,-1
IN07B022,vnc_intrinsic,vnc,LegNp(T3)(R),614.2,920.4,24,-1,-1,-1,61,-1,14,-1,35,-1,52,28
IN07B023,vnc_intrinsic,vnc,ANm,539.7,860.9,-1,-1,17,-1,36,-1,9,-1,-1,-1,9,-1
IN07B026,vnc_intrinsic,vnc,IntTct,459.4,718.0,35,-1,17,-1,-1,-1,25,-1,-1,-1,37,-1
IN07B027,vnc_intrinsic,vnc,ANm,485.2,784.8,-1,-1,60,-1,46,-1,-1,-1,2,-1,21,-1
IN07B028,vnc_intrinsic,vnc,LegNp(T2)(R),621.2,839.8,21,-1,-1,-1,-1,-1,-1,-1,-1,-1,38,-1
IN07B029,vnc_intrinsic,vnc,LegNp(T3)(L),524.3,871.3,32,-1,17,-1,29,-1,57,-1,-1,-1,43,-1
IN07B030,vnc_intrinsic,vnc,WTct(UTct-T2)(R),543.6,774.0,-1,-1,13,-1,-1,-1,7,-1,8,-1,24,-1
IN07B031,vnc_intrinsic,vnc,LTct,581.3,675.9,33,-1,11,-1,65,-1,5,-1,-1,-1,21,-1
IN07B032,vnc_intrinsic,vnc,IntTct,563.5,821.6,-1,-1,-1,-1,-1,-1,16,-1,-1,-1,17,-1
IN07B033,vnc_intrinsic,vnc,IntTct,621.2,716.5,-1,-1,23,-1,44,-1,8,-1,60,-1,2,-1
IN07B034,vnc_intrinsic,vnc,ANm,451.3,813.8,18,-1,59,-1,-1,-1,57,-1,-1,-1,27,-1
IN07B038,vnc_intrinsic,vnc,WTct(UTct-T2)(R),477.7,700.5,23,-1,29,-1,30,-1,16,-1,-1,-1,20,-1
IN07B039,vnc_intrinsic,vnc,ANm,475.1,730.0,14,-1,15,-1,35,-1,10,-1,21,-1,42,-1
IN07B044,vnc_intrinsic,vnc,LegNp(T2)(L),514.5,760.7,-1,-1,-1,64,-1,-1,17,-1,-1,-1,-1,43
IN07B045,vnc_intrinsic,vnc,LTct,524.1,793.6,39,-1,-1,-1,-1,-1,-1,-1,-1,-1,-1,-1
IN07B047,vnc_intrinsic,vnc,WTct(UTct-T2)(L),550.3,698.3,-1,-1,54,-1,-1,-1,-1,-1,-1,-1,21,-1
IN07B048,vnc_intrinsic,vnc,WTct(UTct-T2)(L),638.7,730.1,-1,-1,15,-1,26,-1,47,-1,2,-1,6,-1
IN07B051,vnc_intrinsic,vnc,HTct(UTct-T3)(L),578.5,776.8,2,-1,-1,-1,-1,-1,15,-1,-1,-1,-1,-1
IN07B053,vnc_intrinsic,vnc,HTct(UTct-T3)(L),476.8,735.7,4,-1,37,-1,61,-1,-1,-1,-1,-1,-1,42
IN07B054,vnc_intrinsic,vnc,LTct,523.5,788.8,-1,-1,49,-1,19,-1,47,-1,43,-1,-1,43
IN07B055,vnc_intrinsic,vnc,LTct,526.4,748.4,46,-1,34,-1,-1,-1,56,-1,-1,-1,43,-1
IN07B058,vnc_intrinsic,vnc,LTct,534.5,760.6,-1,-1,-1,-1,-1,-1,-1,-1,64,-1,68,43
IN07B059,vnc_intrinsic,vnc,HTct(UTct-T3)(L),592.5,769.7,11,-1,64,-1,62,-1,-1,-1,-1,-1,56,37
IN07B061,vnc_intrinsic,vnc,ANm,510.6,782.8,-1,-1,5,-1,7,-1,69,-1,36,-1,29,-1
IN07B063,ascending_neuron,vnc,IntTct,519.7,689.9,26,-1,-1,-1,66,-1,16,-1,41,-1,35,-1
IN07B064,vnc_intrinsic,vnc,HTct(UTct-T3)(L),586.4,737.9,-1,-1,42,-1,60,-1,-1,24,-1,-1,64,37
IN07B065,vnc_intrinsic,vnc,LTct,480.2,797.3,58,-1,-1,58,-1,68,-1,51,-1,-1,50,38
IN07B066,vnc_intrinsic,vnc,LTct,519.3,739.5,30,-1,29,-1,-1,-1,46,-1,69,-1,-1,43
IN07B067,vnc_intrinsic,vnc,HTct(UTct-T3)(L),572.6,754.7,31,-1,24,-1,25,-1,-1,-1,64,-1,17,-1
IN07B068,vnc_intrinsic,vnc,HTct(UTct-T3)(L),483.3,791.0,37,-1,27,-1,13,-1,-1,-1,63,-1,36,-1
IN07B073_a,vnc_intrinsic,vnc,LegNp(T2)(R),446.8,923.3,19,-1,66,-1,-1,-1,22,-1,-1,-1,18,-1
IN07B073_b,vnc_intrinsic,vnc,LTct,615.0,878.0,-1,-1,51,-1,-1,-1,25,-1,-1,-1,19,-1
IN07B073_c,vnc_intrinsic,vnc,LTct,530.8,825.0,39,-1,64,-1,-1,-1,51,-1,-1,-1,21,-1
IN07B073_d,vnc_intrinsic,vnc,LTct,536.5,789.9,-1,-1,-1,-1,-1,-1,9,-1,-1,-1,20,-1
IN07B073_e,vnc_intrinsic,vnc,LegNp(T2)(L),596.5,888.6,-1,-1,61,-1,-1,-1,12,-1,44,-1,22,-1
IN07B073_f,vnc_intrinsic,vnc,LTct,545.2,806.7,-1,-1,-1,-1,-1,-1,-1,-1,66,-1,-1,-1
IN07B074,vnc_intrinsic,vnc,LTct,638.1,725.4,5,-1,54,-1,-1,-1,20,-1,-1,-1,28,-1
IN07B075,vnc_intrinsic,vnc,HTct(UTct-T3)(R),482.9,788.0,-1,-1,19,-1,17,-1,-1,-1,27,-1,37,-1
IN07B076_a,vnc_intrinsic,vnc,HTct(UTct-T3)(R),588.8,796.3,-1,-1,-1,-1,-1,-1,12,-1,-1,-1,-1,-1
IN07B076_b,vnc_intrinsic,vnc,HTct(UTct-T3)(R),505.3,766.8,-1,-1,-1,-1,-1,-1,-1,-1,-1,-1,-1,-1
IN07B076_c,vnc_intrinsic,vnc,HTct(UTct-T3)(L),573.7,719.3,-1,-1,-1,-1,-1,-1,-1,-1,-1,-1,-1,-1
IN07B076_d,vnc_intrinsic,vnc,HTct(UTct-T3)(L),582.1,753.5,-1,-1,-1,-1,-1,-1,-1,-1,-1,-1,-1,-1
IN07B077,vnc_intrinsic,vnc,IntTct,619.3,715.1,-1,-1,-1,-1,60,-1,16,-1,42,-1,-1,-1
IN07B079,vnc_intrinsic,vnc,HTct(UTct-T3)(L),558.9,728.1,-1,-1,42,-1,24,-1,-1,-1,14,-1,21,-1
IN07B080,vnc_intrinsic,vnc,LTct,520.1,757.3,-1,-1,-1,-1,49,-1,-1,-1,53,-1,43,-1
IN07B081,vnc_intrinsic,vnc,WTct(UTct-T2)(L),630.0,738.0,51,-1,57,-1,17,-1,53,-1,2,-1,22,-1
IN07B083_a,vnc_intrinsic,vnc,HTct(UTct-T3)(R),480.2,762.0,22,-1,-1,-1,-1,-1,-1,-1,34,-1,49,-1
IN07B083_b,vnc_intrinsic,vnc,HTct(UTct-T3)(L),463.3,663.3,21,-1,-1,-1,67,-1,-1,-1,-1,-1,43,-1
IN07B083_c,vnc_intrinsic,vnc,HTct(UTct-T3)(R),500.5,733.4,30,-1,-1,-1,-1,-1,-1,-1,-1,-1,43,-1
IN07B083_d,vnc_intrinsic,vnc,HTct(UTct-T3)(R),483.3,714.0,59,-1,-1,-1,-1,-1,-1,-1,-1,-1,54,43
IN07B084,vnc_intrinsic,vnc,WTct(UTct-T2)(R),504.3,723.1,64,-1,-1,-1,-1,-1,-1,-1,-1,-1,69,37
IN07B086,vnc_intrinsic,vnc,HTct(UTct-T3)(R),572.9,733.6,28,-1,14,-1,24,-1,12,-1,31,-1,22,-1
IN07B087,vnc_intrinsic,vnc,HTct(UTct-T3)(L),591.7,740.2,22,-1,24,-1,49,-1,-1,-1,64,-1,20,-1
IN07B090,vnc_intrinsic,vnc,HTct(UTct-T3)(L),574.6,792.2,8,-1,48,-1,40,-1,48,-1,53,-1,18,-1
IN07B092_a,vnc_intrinsic,vnc,HTct(UTct-T3)(R),483.7,738.1,-1,-1,-1,-1,63,-1,-1,-1,47,-1,-1,-1
IN07B092_b,vnc_intrinsic,vnc,HTct(UTct-T3)(R),553.4,785.3,46,-1,-1,-1,-1,-1,-1,-1,-1,-1,-1,-1
IN07B092_c,vnc_intrinsic,vnc,HTct(UTct-T3)(R),594.3,750.5,33,-1,-1,-1,-1,-1,-1,-1,-1,-1,43,-1
IN07B092_d,vnc_intrinsic,vnc,HTct(UTct-T3)(L),520.8,756.5,24,-1,-1,-1,-1,-1,-1,-1,-1,-1,43,-1
IN07B092_e,vnc_intrinsic,vnc,HTct(UTct-T3)(L),518.9,821.2,-1,-1,-1,-1,-1,-1,-1,-1,49,-1,43,-1
IN07B093,vnc_intrinsic,vnc,HTct(UTct-T3)(R),488.2,746.6,20,-1,-1,-1,-1,-1,-1,-1,-1,-1,-1,43
IN07B094_a,vnc_intrinsic,vnc,IntTct,581.9,799.1,-1,-1,-1,-1,-1,-1,-1,-1,-1,-1,19,-1
IN07B094_b,vnc_intrinsic,vnc,HTct(UTct-T3)(R),499.2,756.4,-1,-1,-1,-1,54,-1,15,-1,-1,-1,22,-1
IN07B094_c,vnc_intrinsic,vnc,HTct(UTct-T3)(L),596.4,770.1,-1,-1,-1,-1,-1,-1,-1,-1,-1,-1,-1,-1
IN07B096_a,vnc_intrinsic,vnc,HTct(UTct-T3)(L),518.0,804.0,22,-1,55,-1,-1,-1,52,-1,-1,-1,42,-1
IN07B096_b,vnc_intrinsic,vnc,ANm,491.5,719.4,-1,-1,40,-1,-1,-1,13,-1,-1,-1,21,-1
IN07B096_c,vnc_intrinsic,vnc,HTct(UTct-T3)(R),578.2,762.5,-1,-1,-1,-1,-1,-1,-1,-1,-1,-1,22,-1
IN07B096_d,vnc_intrinsic,vnc,HTct(UTct-T3)(R),487.5,774.6,-1,-1,-1,-1,-1,-1,-1,-1,-1,-1,-1,43
IN07B098,vnc_intrinsic,vnc,HTct(UTct-T3)(L),588.5,724.4,-1,-1,25,-1,39,-1,52,-1,37,-1,20,-1
IN07B099,vnc_intrinsic,vnc,WTct(UTct-T2)(R),426.7,730.3,-1,-1,57,-1,-1,-1,13,-1,-1,-1,39,-1
IN07B100,vnc_intrinsic,vnc,ANm,553.2,781.6,17,-1,-1,-1,-1,-1,46,-1,-1,-1,43,-1
IN07B102,vnc_intrinsic,vnc,HTct(UTct-T3)(L),510.5,754.2,30,-1,40,-1,64,-1,-1,-1,47,-1,22,-1
IN07B103,vnc_intrinsic,vnc,WTct(UTct-T2)(L),476.7,747.3,-1,-1,-1,-1,-1,-1,-1,-1,46,-1,-1,-1
IN07B104,vnc_intrinsic,vnc,LegNp(T2)(L),611.0,843.5,-1,-1,43,-1,54,-1,26,-1,66,-1,26,-1
IN08A002,vnc_intrinsic,vnc,LegNp(T3)(L),618.6,832.1,48,-1,3,-1,2,-1,12,-1,1,-1,29,-1
IN08A003,vnc_intrinsic,vnc,LegNp(T1)(L),601.4,815.9,65,-1,37,-1,23,-1,50,-1,23,-1,27,-1
IN08A005,vnc_intrinsic,vnc,LegNp(T3)(L),591.5,871.9,45,-1,7,-1,3,-1,54,-1,2,-1,40,-1
IN08A006,vnc_intrinsic,vnc,LegNp(T2)(L),461.2,764.1,46,-1,5,-1,3,-1,54,-1,3,-1,39,-1
IN08A007,vnc_intrinsic,vnc,LegNp(T2)(L),623.9,868.5,-1,-1,24,-1,10,-1,-1,-1,61,-1,43,-1
IN08A008,vnc_intrinsic,vnc,LegNp(T3)(L),648.8,867.1,23,-1,12,-1,16,-1,44,-1,52,-1,40,-1
IN08A010,vnc_intrinsic,vnc,LegNp(T1)(L),655.7,789.9,5,-1,-1,-1,-1,-1,-1,-1,68,-1,-1,-1
IN08A011,vnc_intrinsic,vnc,WTct(UTct-T2)(L),473.4,803.2,-1,-1,10,-1,14,-1,45,-1,13,-1,18,-1
IN08A012,vnc_intrinsic,vnc,LegNp(T2)(L),582.7,843.9,48,-1,-1,39,-1,-1,-1,-1,-1,-1,35,-1
IN08A016,vnc_intrinsic,vnc,ANm,644.8,858.5,32,-1,58,-1,68,-1,20,-1,44,-1,-1,38
IN08A017,vnc_intrinsic,vnc,LegNp(T3)(L),484.4,910.6,34,-1,45,-1,-1,-1,-1,-1,-1,-1,4,-1
IN08A019,vnc_intrinsic,vnc,LegNp(T3)(L),486.8,918.2,-1,-1,17,-1,7,-1,15,-1,4,-1,39,-1
IN08A021,vnc_intrinsic,vnc,LegNp(T1)(L),566.3,771.4,-1,-1,46,-1,-1,-1,59,-1,68,-1,33,-1
IN08A022,vnc_intrinsic,vnc,LegNp(T3)(L),563.2,874.6,67,-1,-1,-1,35,-1,-1,-1,60,-1,35,-1
IN08A023,vnc_intrinsic,vnc,LegNp(T2)(R),450.2,846.3,-1,-1,-1,-1,24,-1,46,-1,4,-1,43,-1
IN08A024,vnc_intrinsic,vnc,LegNp(T3)(L),444.9,795.0,11,-1,48,-1,37,-1,59,-1,62,-1,-1,42
IN08A025,vnc_intrinsic,vnc,LegNp(T1)(L),562.2,791.5,-1,-1,-1,-1,-1,-1,-1,-1,62,-1,39,-1
IN08A026,vnc_intrinsic,vnc,LegNp(T2)(L),620.7,847.1,7,-1,7,-1,10,-1,-1,-1,8,-1,-1,42
"IN08A026,IN08A033",vnc_intrinsic,vnc,LegNp(T2)(L),629.4,823.5,-1,-1,-1,-1,-1,-1,-1,-1,62,-1,-1,42
IN08A027,vnc_intrinsic,vnc,LegNp(T2)(L),438.1,874.6,36,-1,-1,-1,-1,-1,-1,-1,-1,-1,-1,43
IN08A028,vnc_intrinsic,vnc,LegNp(T3)(L),609.4,877.6,-1,-1,63,-1,22,-1,57,-1,53,-1,-1,42
IN08A029,vnc_intrinsic,vnc,LegNp(T2)(L),454.9,890.3,-1,-1,-1,59,-1,-1,-1,-1,-1,-1,68,41
IN08A030,vnc_intrinsic,vnc,LegNp(T1)(L),451.8,776.6,33,-1,45,-1,68,-1,-1,-1,63,-1,43,-1
IN08A031,vnc_intrinsic,vnc,LegNp(T2)(L),592.9,841.0,-1,-1,41,-1,-1,-1,-1,-1,4,-1,35,-1
IN08A032,vnc_intrinsic,vnc,LegNp(T2)(R),426.4,799.1,-1,-1,-1,-1,-1,-1,17,-1,-1,-1,-1,41
IN08A034,vnc_intrinsic,vnc,LegNp(T1)(L),572.9,786.9,7,-1,-1,-1,59,-1,-1,-1,55,-1,38,-1
IN08A035,vnc_intrinsic,vnc,LegNp(T3)(L),604.4,792.4,21,-1,-1,-1,-1,-1,-1,-1,-1,-1,-1,42
IN08A036,vnc_intrinsic,vnc,LegNp(T1)(L),673.8,774.8,-1,-1,14,-1,57,-1,-1,-1,67,-1,-1,39
IN08A037,vnc_intrinsic,vnc,LegNp(T3)(L),625.2,825.6,-1,-1,28,-1,27,-1,-1,-1,61,-1,-1,42
IN08A038,vnc_intrinsic,vnc,LegNp(T2)(R),470.7,853.8,-1,-1,-1,-1,-1,-1,-1,-1,-1,-1,43,-1
IN08A039,vnc_intrinsic,vnc,LegNp(T2)(L),633.4,830.5,-1,-1,-1,-1,-1,-1,-1,-1,61,-1,39,-1
IN08A040,vnc_intrinsic,vnc,WTct(UTct-T2)(R),508.1,723.6,27,-1,57,-1,-1,-1,-1,-1,-1,-1,27,-1
IN08A041,vnc_intrinsic,vnc,LegNp(T2)(R),640.1,720.3,28,-1,-1,-1,64,-1,-1,-1,-1,-1,37,-1
IN08A042,vnc_intrinsic,vnc,LegNp(T3)(L),472.4,932.1,29,-1,-1,-1,-1,-1,-1,-1,-1,-1,-1,42
IN08A043,vnc_intrinsic,vnc,LegNp(T3)(R),421.0,898.7,54,-1,10,-1,40,-1,50,-1,-1,-1,-1,42
IN08A044,vnc_intrinsic,vnc,LegNp(T3)(L),629.3,912.5,-1,-1,-1,-1,-1,-1,-1,-1,-1,-1,56,42
IN08A045,vnc_intrinsic,vnc,LegNp(T3)(L),611.0,824.3,19,-1,-1,-1,-1,-1,-1,-1,-1,-1,36,-1
IN08A046,vnc_intrinsic,vnc,LegNp(T1)(R),634.8,781.4,22,-1,-1,-1,-1,-1,-1,-1,-1,-1,-1,41
IN08A047,vnc_intrinsic,vnc,LegNp(T3)(L),443.0,811.4,-1,-1,21,-1,52,-1,-1,-1,-1,-1,-1,41
IN08A048,vnc_intrinsic,vnc,LegNp(T3)(L),621.6,920.2,25,-1,-1,65,68,-1,-1,-1,-1,-1,-1,41
IN08A049,vnc_intrinsic,vnc,LegNp(T2)(L),438.9,891.2,58,-1,-1,-1,-1,-1,-1,-1,37,-1,-1,43
IN08A050,vnc_intrinsic,vnc,LegNp(T1)(L),608.6,784.6,8,-1,-1,-1,-1,-1,69,-1,38,-1,-1,42
IN08B001,vnc_intrinsic,vnc,LegNp(T1)(L),609.3,860.7,39,-1,24,-1,38,-1,7,-1,39,-1,17,-1
IN08B003,vnc_intrinsic,vnc,LTct,466.9,729.3,-1,-1,9,-1,7,-1,44,-1,23,-1,16,-1
IN08B004,vnc_intrinsic,vnc,LegNp(T3)(L),439.4,807.5,11,-1,9,-1,55,-1,30,-1,-1,-1,23,-1
IN08B006,vnc_intrinsic,vnc,LTct,572.6,794.4,45,-1,14,-1,59,-1,52,-1,57,-1,22,-1
IN08B008,vnc_intrinsic,vnc,HTct(UTct-T3)(L),597.3,797.7,17,-1,-1,-1,14,-1,-1,-1,36,-1,41,-1
IN08B017,vnc_intrinsic,vnc,Ov(L),444.9,891.0,-1,-1,-1,-1,22,-1,-1,-1,-1,-1,22,-1
IN08B019,vnc_intrinsic,vnc,LegNp(T3)(R),433.9,820.2,-1,-1,34,-1,39,-1,-1,-1,-1,-1,65,39
IN08B021,ascending_neuron,vnc,LegNp(T3)(L),458.1,794.9,-1,-1,65,-1,-1,-1,-1,-1,53,-1,42,-1
IN08B029,vnc_intrinsic,vnc,LegNp(T2)(L),463.0,910.5,57,-1,-1,-1,-1,-1,-1,-1,-1,-1,-1,-1
IN08B030,vnc_intrinsic,vnc,ANm,579.4,823.7,-1,-1,-1,-1,35,-1,60,-1,-1,-1,62,42
IN08B033,vnc_intrinsic,vnc,LegNp(T1)(L),606.7,826.0,4,-1,-1,-1,-1,-1,-1,-1,-1,-1,-1,43
IN08B035,vnc_intrinsic,vnc,WTct(UTct-T2)(L),568.3,664.8,47,-1,-1,-1,67,-1,-1,-1,-1,-1,31,-1
IN08B036,vnc_intrinsic,vnc,HTct(UTct-T3)(L),574.6,784.5,20,-1,-1,-1,49,-1,17,-1,3,-1,16,-1
IN08B037,vnc_intrinsic,vnc,LegNp(T1)(L),596.0,811.6,-1,-1,60,-1,-1,-1,-1,-1,-1,-1,10,-1
IN08B038,vnc_intrinsic,vnc,LegNp(T1)(L),440.4,720.4,51,-1,-1,-1,-1,-1,-1,-1,-1,-1,-1,43
IN08B039,vnc_intrinsic,vnc,HTct(UTct-T3)(R),618.5,676.2,7,-1,-1,-1,-1,-1,-1,-1,64,-1,18,-1
IN08B040,vnc_intrinsic,vnc,LegNp(T1)(L),658.1,764.0,-1,-1,-1,-1,-1,-1,59,-1,-1,-1,35,-1
IN08B042,vnc_intrinsic,vnc,LegNp(T1)(L),610.6,777.0,35,-1,44,-1,-1,-1,53,-1,-1,-1,26,-1
IN08B045,vnc_intrinsic,vnc,LegNp(T2)(R),591.4,856.4,44,-1,-1,59,-1,-1,-1,-1,-1,-1,39,-1
IN08B046,vnc_intrinsic,vnc,LegNp(T1)(L),613.4,778.6,4,-1,-1,-1,-1,-1,-1,-1,-1,-1,38,-1
IN08B051_a,vnc_intrinsic,vnc,LTct,546.3,755.2,-1,-1,26,-1,38,-1,14,-1,7,-1,4,-1
IN08B051_b,vnc_intrinsic,vnc,LTct,473.6,753.8,57,-1,-1,-1,-1,-1,-1,-1,-1,-1,-1,41
IN08B051_c,vnc_intrinsic,vnc,LTct,526.3,739.1,-1,-1,-1,-1,52,-1,-1,-1,16,-1,28,-1
IN08B051_d,vnc_intrinsic,vnc,WTct(UTct-T2)(R),439.1,708.1,-1,-1,31,-1,19,-1,-1,-1,8,-1,4,-1
IN08B051_e,vnc_intrinsic,vnc,WTct(UTct-T2)(L),472.1,727.7,62,-1,-1,-1,61,-1,-1,-1,16,-1,6,-1
IN08B052,vnc_intrinsic,vnc,LegNp(T1)(L),698.2,747.6,3,-1,-1,-1,-1,-1,-1,-1,-1,-1,11,-1
IN08B054,vnc_intrinsic,vnc,LegNp(T2)(L),481.0,917.4,-1,-1,56,51,12,-1,-1,-1,-1,-1,38,-1
IN08B055,vnc_intrinsic,vnc,LegNp(T2)(L),577.9,812.0,-1,-1,-1,-1,-1,-1,-1,-1,-1,-1,-1,42
IN08B056,vnc_intrinsic,vnc,LegNp(T3)(R),611.7,860.8,-1,-1,42,-1,43,-1,56,-1,-1,-1,62,41
IN08B058,vnc_intrinsic,vnc,LegNp(T3)(L),582.1,848.3,-1,-1,-1,-1,36,-1,-1,-1,-1,-1,16,-1
IN08B060,vnc_intrinsic,vnc,LegNp(T2)(L),367.8,774.9,55,-1,-1,-1,-1,-1,57,-1,-1,-1,43,-1
IN08B062,vnc_intrinsic,vnc,ANm,529.4,808.0,55,-1,15,-1,-1,67,57,-1,-1,-1,9,-1
IN08B063,vnc_intrinsic,vnc,LTct,524.6,787.7,37,-1,-1,-1,-1,-1,-1,-1,-1,-1,18,-1
IN08B064,vnc_intrinsic,vnc,LegNp(T2)(L),560.6,849.9,17,-1,52,-1,-1,-1,-1,-1,-1,-1,42,-1
IN08B065,vnc_intrinsic,vnc,LegNp(T3)(R),620.2,819.6,-1,-1,-1,-1,54,-1,-1,-1,6,-1,42,-1
IN08B067,vnc_intrinsic,vnc,LTct,496.6,786.3,3,-1,-1,-1,-1,-1,-1,-1,-1,-1,45,41
IN08B068,vnc_intrinsic,vnc,LTct,469.6,748.3,9,-1,11,-1,-1,-1,19,-1,-1,-1,-1,37
IN08B070_a,vnc_intrinsic,vnc,IntTct,603.0,669.6,-1,-1,-1,-1,-1,-1,17,-1,6,-1,-1,-1
IN08B070_b,vnc_intrinsic,vnc,IntTct,579.2,700.9,-1,-1,-1,-1,59,-1,-1,-1,27,-1,20,-1
IN08B072,vnc_intrinsic,vnc,LegNp(T3)(L),607.8,881.1,45,-1,-1,-1,62,-1,-1,-1,7,-1,40,-1
IN08B073,vnc_intrinsic,vnc,LTct,493.7,761.5,15,-1,-1,53,-1,-1,52,-1,-1,-1,18,-1
IN08B075,vnc_intrinsic,vnc,LTct,638.1,758.4,-1,-1,-1,-1,-1,-1,-1,-1,-1,-1,41,-1
IN08B076,vnc_intrinsic,vnc,LegNp(T3)(L),473.9,912.7,-1,-1,-1,-1,-1,-1,-1,-1,34,-1,-1,57
IN08B077,vnc_intrinsic,vnc,LTct,521.4,864.5,-1,-1,62,56,-1,-1,59,-1,-1,-1,-1,37
IN08B078,vnc_intrinsic,vnc,LTct,456.5,823.1,-1,-1,54,-1,-1,-1,-1,56,-1,-1,21,-1
IN08B080,vnc_intrinsic,vnc,IntTct,529.1,824.5,-1,-1,-1,69,-1,-1,50,-1,-1,-1,18,-1
IN08B082,vnc_intrinsic,vnc,LegNp(T3)(L),439.2,822.2,22,-1,-1,67,24,-1,16,-1,-1,-1,23,-1
IN08B083_a,vnc_intrinsic,vnc,LTct,572.2,827.0,35,-1,-1,-1,-1,-1,-1,59,-1,-1,-1,37
IN08B083_b,vnc_intrinsic,vnc,LTct,568.5,785.9,17,-1,-1,-1,-1,-1,16,-1,-1,-1,-1,-1
IN08B083_c,vnc_intrinsic,vnc,LTct,485.3,766.9,-1,-1,-1,-1,-1,-1,-1,58,-1,-1,-1,37
IN08B083_d,vnc_intrinsic,vnc,LTct,533.8,791.7,-1,-1,-1,-1,-1,-1,-1,-1,-1,-1,28,-1
IN08B085_a,vnc_intrinsic,vnc,LTct,484.8,804.9,4,-1,29,-1,32,-1,15,-1,-1,-1,3,-1
IN08B087,vnc_intrinsic,vnc,LTct,540.1,778.5,61,-1,65,53,-1,-1,24,-1,-1,-1,17,-1
IN08B088,vnc_intrinsic,vnc,HTct(UTct-T3)(L),558.1,769.4,24,-1,-1,-1,55,-1,-1,-1,62,-1,24,-1
IN08B090,vnc_intrinsic,vnc,LegNp(T3)(L),589.2,898.3,3,-1,-1,-1,-1,-1,-1,-1,52,-1,40,-1
IN08B091,vnc_intrinsic,vnc,HTct(UTct-T3)(R),573.6,906.8,-1,-1,-1,-1,22,-1,13,-1,35,-1,19,-1
IN08B092,vnc_intrinsic,vnc,LegNp(T3)(R),496.5,802.4,-1,-1,-1,-1,-1,-1,-1,-1,-1,-1,40,-1
IN08B093,vnc_intrinsic,vnc,HTct(UTct-T3)(L),529.3,776.0,-1,-1,-1,-1,30,-1,-1,-1,37,-1,21,-1
IN08B104,vnc_intrinsic,vnc,WTct(UTct-T2)(L),547.3,798.4,-1,-1,-1,-1,63,-1,-1,-1,55,-1,22,-1
IN08B105,vnc_intrinsic,vnc,WTct(UTct-T2)(R),487.3,757.5,-1,-1,-1,-1,-1,-1,-1,-1,-1,-1,-1,-1
IN08B108,vnc_intrinsic,vnc,HTct(UTct-T3)(L),494.1,781.5,57,-1,-1,-1,-1,-1,-1,-1,60,-1,-1,-1
IN09A001,vnc_intrinsic,vnc,LegNp(T3)(L),494.9,799.7,59,-1,2,-1,31,-1,1,-1,57,-1,5,-1
IN09A002,vnc_intrinsic,vnc,LegNp(T3)(L),634.2,869.7,-1,-1,19,-1,3,-1,61,-1,-1,-1,39,-1
IN09A003,vnc_intrinsic,vnc,LegNp(T2)(R),617.1,834.5,56,-1,8,-1,5,-1,24,-1,61,-1,27,-1
IN09A004,vnc_intrinsic,vnc,LegNp(T2)(L),571.2,883.4,13,-1,16,-1,17,-1,59,-1,3,-1,35,-1
IN09A005,vnc_intrinsic,vnc,ANm,543.9,857.1,63,-1,69,-1,52,-1,11,-1,-1,-1,4,-1
IN09A006,vnc_intrinsic,vnc,LegNp(T2)(R),627.3,695.6,22,-1,3,-1,8,-1,11,-1,4,-1,19,-1
IN09A007,vnc_intrinsic,vnc,LegNp(T3)(R),495.5,832.2,42,-1,12,-1,45,-1,23,-1,-1,-1,25,-1
IN09A009,vnc_intrinsic,vnc,LegNp(T2)(L),643.7,848.1,-1,-1,57,-1,35,-1,26,-1,47,-1,41,-1
IN09A010,vnc_intrinsic,vnc,LegNp(T3)(R),576.4,858.9,-1,-1,5,-1,-1,-1,-1,-1,-1,-1,39,-1
IN09A011,vnc_intrinsic,vnc,ANm,417.8,844.9,49,-1,25,-1,28,-1,53,-1,-1,-1,24,-1
IN09A012,vnc_intrinsic,vnc,LegNp(T3)(L),634.1,916.5,8,-1,19,-1,45,-1,6,-1,29,-1,51,-1
IN09A013,vnc_intrinsic,vnc,LegNp(T3)(L),630.5,699.8,25,-1,16,-1,7,-1,56,-1,51,-1,3,-1
IN09A014,vnc_intrinsic,vnc,LegNp(T3)(L),441.1,838.5,-1,-1,5,-1,55,-1,2,-1,-1,-1,43,-1
IN09A015,vnc_intrinsic,vnc,ANm,554.3,749.7,-1,-1,42,-1,66,-1,10,-1,-1,-1,16,-1
IN09A016,vnc_intrinsic,vnc,LegNp(T3)(R),542.1,842.5,-1,-1,6,-1,4,-1,54,-1,46,-1,20,-1
IN09A017,vnc_intrinsic,vnc,mVAC(T2)(R),519.2,860.7,-1,-1,-1,-1,27,-1,60,-1,-1,-1,-1,-1
IN09A018,vnc_intrinsic,vnc,mVAC(T1)(L),567.5,830.1,43,-1,-1,-1,15,-1,11,-1,32,-1,29,-1
IN09A019,vnc_intrinsic,vnc,ANm,574.4,879.4,25,-1,47,-1,17,-1,11,-1,48,-1,3,-1
IN09A020,vnc_intrinsic,vnc,mVAC(T2)(L),428.5,906.0,13,-1,61,-1,14,-1,58,-1,52,-1,25,-1
IN09A021,vnc_intrinsic,vnc,LegNp(T3)(R),504.0,852.4,-1,-1,49,-1,-1,-1,53,-1,3,-1,40,-1
IN09A022,vnc_intrinsic,vnc,mVAC(T2)(R),487.2,830.3,-1,-1,46,-1,8,-1,54,-1,65,-1,6,-1
IN09A023,vnc_intrinsic,vnc,Ov(L),487.7,787.1,-1,-1,-1,-1,24,-1,26,-1,-1,-1,5,-1
IN09A024,vnc_intrinsic,vnc,LegNp(T2)(L),632.7,813.2,-1,-1,-1,-1,32,-1,58,-1,-1,-1,20,-1
"IN09A025,IN09A026",vnc_intrinsic,vnc,LegNp(T3)(R),645.2,876.3,-1,-1,-1,-1,-1,-1,59,-1,-1,-1,-1,43
IN09A026,vnc_intrinsic,vnc,LegNp(T2)(R),405.3,699.8,3,-1,-1,-1,-1,-1,-1,-1,-1,-1,-1,43
IN09A027,vnc_intrinsic,vnc,LegNp(T3)(R),504.2,872.3,39,-1,-1,-1,48,-1,59,-1,-1,-1,-1,-1
IN09A028,vnc_intrinsic,vnc,LegNp(T3)(L),609.0,941.2,-1,-1,-1,-1,-1,-1,-1,-1,-1,-1,-1,-1
IN09A029,vnc_intrinsic,vnc,mVAC(T2)(R),503.1,870.2,53,-1,-1,-1,30,-1,-1,-1,67,-1,21,-1
IN09A030,vnc_intrinsic,vnc,LegNp(T2)(L),632.1,836.1,-1,-1,-1,-1,-1,-1,-1,-1,-1,-1,-1,64
IN09A031,vnc_intrinsic,vnc,LegNp(T3)(R),463.3,821.8,55,-1,11,-1,-1,-1,52,-1,-1,-1,18,-1
IN09A032,vnc_intrinsic,vnc,ANm,441.3,873.0,-1,-1,-1,-1,37,-1,45,-1,-1,-1,7,-1
IN09A033,vnc_intrinsic,vnc,LegNp(T1)(L),449.8,770.2,47,-1,-1,65,-1,-1,-1,-1,-1,-1,55,43
IN09A034,vnc_intrinsic,vnc,LegNp(T3)(L),620.6,903.1,-1,-1,39,-1,-1,-1,15,-1,-1,-1,32,-1
IN09A035,vnc_intrinsic,vnc,LegNp(T3)(L),444.1,912.2,20,-1,69,-1,-1,-1,-1,-1,-1,-1,36,-1
IN09A037,vnc_intrinsic,vnc,LegNp(T3)(L),458.1,824.6,-1,-1,57,-1,-1,-1,-1,-1,63,-1,31,-1
IN09A038,vnc_intrinsic,vnc,mVAC(T1)(L),633.3,881.0,-1,-1,-1,-1,-1,-1,-1,-1,-1,-1,29,-1
IN09A039,vnc_intrinsic,vnc,mVAC(T3)(R),571.7,791.1,19,-1,26,-1,6,-1,-1,-1,-1,-1,-1,-1
IN09A041,vnc_intrinsic,vnc,LegNp(T2)(L),510.0,833.4,11,-1,-1,53,-1,-1,-1,-1,-1,-1,-1,41
IN09A042,vnc_intrinsic,vnc,LegNp(T3)(L),575.8,864.7,-1,-1,-1,-1,-1,-1,-1,-1,-1,-1,62,41
IN09A043,vnc_intrinsic,vnc,LTct,540.2,754.1,-1,-1,34,-1,17,-1,-1,44,-1,-1,-1,39
IN09A044,vnc_intrinsic,vnc,mVAC(T2)(L),477.8,847.0,59,-1,-1,-1,67,-1,-1,-1,-1,-1,-1,-1
IN09A045,vnc_intrinsic,vnc,LegNp(T3)(L),472.7,747.2,2,-1,-1,-1,-1,-1,-1,-1,-1,-1,-1,39
IN09A046,vnc_intrinsic,vnc,LegNp(T2)(L),629.4,892.1,-1,-1,-1,-1,33,-1,-1,-1,54,-1,-1,43
IN09A047,vnc_intrinsic,vnc,LegNp(T3)(R),561.3,899.8,-1,-1,-1,-1,-1,55,-1,-1,-1,-1,50,40
IN09A048,vnc_intrinsic,vnc,LegNp(T2)(L),580.2,720.6,48,-1,-1,57,-1,-1,-1,-1,-1,-1,-1,42
IN09A049,vnc_intrinsic,vnc,LegNp(T3)(L),609.6,898.5,-1,-1,66,-1,-1,-1,59,-1,-1,-1,69,41
IN09A050,vnc_intrinsic,vnc,LegNp(T3)(L),499.7,848.4,-1,-1,-1,-1,53,-1,-1,-1,-1,-1,-1,51
IN09A051,vnc_intrinsic,vnc,LegNp(T3)(L),601.2,844.5,21,-1,-1,-1,-1,-1,60,-1,-1,-1,26,-1
IN09A052,vnc_intrinsic,vnc,mVAC(T1)(L),615.2,799.0,2,-1,-1,-1,-1,-1,-1,-1,59,-1,-1,-1
IN09A053,vnc_intrinsic,vnc,mVAC(T3)(R),576.0,899.7,-1,-1,-1,-1,65,-1,-1,-1,-1,-1,-1,-1
IN09A054,vnc_intrinsic,vnc,LTct,604.2,750.8,9,-1,-1,-1,-1,-1,-1,-1,-1,-1,-1,39
IN09A055,vnc_intrinsic,vnc,LegNp(T3)(L),494.2,762.9,19,-1,52,-1,57,-1,-1,-1,-1,-1,-1,43
IN09A056,vnc_intrinsic,vnc,LegNp(T3)(L),593.1,937.1,-1,-1,-1,-1,-1,-1,-1,-1,54,-1,-1,-1
"IN09A056,IN09A072",vnc_intrinsic,vnc,LegNp(T3)(L),478.2,869.8,-1,-1,51,-1,-1,-1,-1,-1,51,-1,35,-1
IN09A057,vnc_intrinsic,vnc,LegNp(T3)(R),502.9,904.5,-1,-1,-1,-1,56,-1,-1,-1,54,-1,35,-1
IN09A058,vnc_intrinsic,vnc,LegNp(T3)(R),568.1,891.4,65,-1,-1,-1,-1,-1,58,-1,-1,-1,-1,43
IN09A059,vnc_intrinsic,vnc,LegNp(T2)(L),456.5,844.1,13,-1,-1,-1,-1,-1,-1,-1,-1,-1,-1,42
IN09A060,vnc_intrinsic,vnc,LegNp(T2)(R),500.4,886.8,39,-1,40,-1,26,-1,66,-1,-1,-1,36,-1
IN09A061,vnc_intrinsic,vnc,LegNp(T1)(L),653.4,758.3,9,-1,-1,59,-1,-1,-1,-1,-1,-1,-1,43
IN09A062,vnc_intrinsic,vnc,mVAC(T1)(L),555.2,783.7,14,-1,-1,-1,-1,-1,-1,-1,-1,-1,57,-1
IN09A063,vnc_intrinsic,vnc,LegNp(T2)(L),403.3,834.4,-1,-1,56,-1,-1,-1,-1,-1,-1,-1,35,-1
IN09A064,vnc_intrinsic,vnc,LegNp(T3)(L),632.1,869.1,27,-1,61,-1,34,-1,-1,-1,-1,-1,40,-1
IN09A065,vnc_intrinsic,vnc,LegNp(T2)(L),527.1,821.6,-1,-1,-1,-1,-1,-1,-1,-1,-1,-1,-1,40
IN09A066,vnc_intrinsic,vnc,LegNp(T2)(L),444.7,777.4,-1,-1,34,-1,-1,-1,15,-1,-1,-1,-1,41
IN09A067,vnc_intrinsic,vnc,LegNp(T2)(R),566.3,854.5,-1,-1,-1,-1,-1,-1,19,-1,-1,-1,36,-1
IN09A068,vnc_intrinsic,vnc,LegNp(T1)(L),617.7,744.0,28,-1,-1,-1,-1,-1,-1,-1,-1,-1,-1,-1
IN09A069,vnc_intrinsic,vnc,LegNp(T1)(L),654.9,774.5,-1,-1,-1,-1,-1,-1,60,-1,54,-1,38,-1
IN09A070,vnc_intrinsic,vnc,mVAC(T2)(L),521.1,860.9,11,-1,-1,-1,-1,-1,-1,-1,-1,-1,-1,-1
IN09A071,vnc_intrinsic,vnc,LegNp(T1)(L),397.7,820.8,-1,-1,-1,-1,-1,-1,-1,-1,50,-1,-1,65
IN09A073,vnc_intrinsic,vnc,LegNp(T2)(L),504.1,830.6,57,-1,59,-1,-1,-1,18,-1,-1,-1,-1,43
IN09A074,vnc_intrinsic,vnc,LegNp(T1)(L),407.2,869.6,66,-1,-1,-1,-1,-1,24,-1,-1,-1,-1,-1
IN09A075,vnc_intrinsic,vnc,mVAC(T1)(L),609.0,800.3,50,-1,-1,-1,-1,-1,-1,-1,-1,-1,-1,-1
IN09A076,vnc_intrinsic,vnc,LegNp(T2)(L),596.1,832.3,40,-1,-1,-1,-1,-1,-1,-1,-1,-1,-1,40
IN09A077,vnc_intrinsic,vnc,LegNp(T1)(L),443.4,762.4,-1,-1,-1,-1,-1,-1,-1,-1,-1,-1,43,-1
IN09A078,vnc_intrinsic,vnc,LegNp(T3)(R),451.4,794.6,-1,-1,64,60,-1,-1,54,-1,-1,-1,55,51
IN09A079,vnc_intrinsic,vnc,LegNp(T2)(L),640.5,816.2,39,-1,60,-1,39,-1,56,-1,58,-1,33,-1
"IN09A080,IN09A085",vnc_intrinsic,vnc,LegNp(T1)(L),456.4,812.8,-1,-1,-1,-1,-1,-1,60,-1,-1,-1,49,41
IN09A081,vnc_intrinsic,vnc,LegNp(T2)(R),624.8,805.5,21,-1,-1,-1,-1,-1,-1,-1,48,-1,40,-1
IN09A082,vnc_intrinsic,vnc,LegNp(T3)(R),485.7,899.4,13,-1,-1,-1,-1,-1,56,-1,-1,-1,34,-1
IN09A083,vnc_intrinsic,vnc,LegNp(T1)(L),383.8,734.9,-1,-1,-1,-1,-1,-1,57,-1,67,-1,39,-1
IN09A084,vnc_intrinsic,vnc,LegNp(T3)(R),484.1,874.8,19,-1,-1,-1,-1,-1,-1,-1,-1,-1,-1,-1
IN09A086,vnc_intrinsic,vnc,mVAC(T3)(L),644.0,851.6,-1,-1,-1,-1,-1,-1,-1,-1,-1,-1,-1,-1
IN09A087,vnc_intrinsic,vnc,mVAC(T2)(L),515.6,839.2,5,-1,-1,-1,-1,-1,-1,-1,-1,-1,-1,-1
IN09A088,vnc_intrinsic,vnc,LegNp(T3)(L),503.2,838.8,12,-1,-1,-1,64,-1,-1,-1,-1,-1,35,-1
IN09A089,vnc_intrinsic,vnc,LegNp(T2)(L),462.4,837.1,-1,-1,-1,-1,-1,-1,-1,-1,-1,-1,35,-1
IN09A090,vnc_intrinsic,vnc,LegNp(T3)(R),580.7,793.0,6,-1,-1,-1,69,-1,-1,-1,-1,-1,37,-1
IN09A091,vnc_intrinsic,vnc,mVAC(T1)(L),662.3,740.1,34,-1,-1,-1,-1,-1,-1,-1,59,-1,-1,-1
IN09A092,vnc_intrinsic,vnc,LegNp(T2)(L),583.9,934.7,42,-1,-1,-1,36,-1,54,-1,5,-1,34,-1
IN09A093,vnc_intrinsic,vnc,mVAC(T2)(L),570.6,791.7,6,-1,-1,66,52,-1,-1,-1,-1,-1,-1,-1
IN09A094,vnc_intrinsic,vnc,mVAC(T3)(L),551.3,866.1,-1,-1,-1,-1,66,-1,-1,-1,59,-1,-1,-1
IN09A095,vnc_intrinsic,vnc,mVAC(T3)(R),504.3,881.5,4,-1,-1,-1,-1,-1,-1,-1,-1,-1,50,-1
IN09A096,vnc_intrinsic,vnc,LegNp(T1)(L),611.3,810.3,41,-1,-1,-1,-1,-1,57,-1,-1,-1,39,-1
IN09B005,vnc_intrinsic,vnc,LegNp(T3)(R),502.2,896.4,-1,-1,4,-1,14,-1,25,-1,45,-1,28,-1
IN09B006,vnc_intrinsic,vnc,LegNp(T3)(R),425.5,810.2,33,-1,15,-1,20,-1,54,-1,-1,-1,29,-1
IN09B008,vnc_intrinsic,vnc,LegNp(T3)(L),419.4,875.2,1,-1,4,-1,14,-1,25,-1,46,-1,24,-1
IN09B014,vnc_intrinsic,vnc,LegNp(T3)(L),495.9,908.3,27,-1,63,42,7,-1,51,-1,-1,-1,26,-1
IN09B018,vnc_intrinsic,vnc,LegNp(T3)(R),439.1,851.5,-1,-1,-1,55,52,-1,-1,-1,-1,-1,42,-1
IN09B022,vnc_intrinsic,vnc,LegNp(T2)(L),435.1,749.8,-1,-1,7,-1,6,-1,19,-1,32,-1,19,-1
IN09B038,vnc_intrinsic,vnc,LegNp(T2)(L),601.9,913.2,4,-1,40,-1,68,-1,23,-1,51,-1,15,-1
IN09B043,vnc_intrinsic,vnc,LegNp(T2)(L),579.7,871.1,61,-1,68,65,-1,-1,-1,-1,-1,-1,-1,39
IN09B044,vnc_intrinsic,vnc,LegNp(T2)(L),583.5,876.0,4,-1,55,-1,-1,-1,-1,-1,-1,-1,-1,39
IN09B045,vnc_intrinsic,vnc,LegNp(T2)(R),625.2,933.4,10,-1,-1,-1,39,-1,65,-1,-1,-1,29,-1
IN09B046,vnc_intrinsic,vnc,LegNp(T3)(R),605.6,804.5,40,-1,-1,-1,32,-1,-1,-1,-1,-1,62,39
IN09B047,vnc_intrinsic,vnc,LegNp(T3)(R),588.4,882.3,-1,-1,-1,-1,30,-1,-1,-1,-1,-1,-1,-1
IN09B048,vnc_intrinsic,vnc,LegNp(T3)(R),443.4,851.1,9,-1,-1,-1,-1,-1,-1,-1,-1,-1,-1,-1
IN09B049,vnc_intrinsic,vnc,LegNp(T2)(L),478.2,811.0,-1,-1,-1,-1,-1,-1,-1,-1,-1,-1,-1,-1
IN09B050,vnc_intrinsic,vnc,LegNp(T2)(L),598.5,825.3,42,-1,-1,65,-1,-1,-1,-1,-1,-1,-1,43
IN09B052_a,vnc_intrinsic,vnc,LegNp(T3)(R),510.7,860.0,-1,-1,-1,-1,-1,-1,-1,-1,-1,-1,-1,25
IN09B052_b,vnc_intrinsic,vnc,LegNp(T3)(R),485.7,777.3,54,-1,-1,-1,-1,-1,-1,-1,-1,-1,-1,21
IN09B053,vnc_intrinsic,vnc,Ov(L),612.8,804.0,14,-1,-1,63,-1,-1,-1,-1,-1,-1,-1,-1
IN09B054,vnc_intrinsic,vnc,LegNp(T2)(R),590.4,796.8,7,-1,-1,-1,-1,-1,-1,-1,-1,-1,-1,39
IN09B055,vnc_intrinsic,vnc,Ov(R),556.5,811.1,12,-1,-1,-1,-1,-1,-1,-1,-1,-1,-1,37
IN09B058,vnc_intrinsic,vnc,LegNp(T2)(L),417.9,795.7,10,-1,-1,-1,-1,-1,-1,-1,-1,-1,68,39
IN10B001,vnc_intrinsic,vnc,LegNp(T1)(L),548.5,837.0,-1,-1,5,-1,39,-1,12,-1,64,-1,23,-1
IN10B002,vnc_intrinsic,vnc,LegNp(T1)(L),660.1,820.9,61,-1,-1,-1,-1,-1,60,-1,68,-1,-1,42
IN10B003,vnc_intrinsic,vnc,LegNp(T2)(L),645.4,868.0,-1,-1,60,-1,10,-1,-1,-1,55,-1,33,-1
IN10B004,vnc_intrinsic,vnc,LegNp(T3)(L),587.3,829.3,-1,-1,8,-1,25,-1,56,-1,41,-1,31,-1
IN10B006,vnc_intrinsic,vnc,LTct,449.1,779.1,31,-1,23,-1,29,-1,16,-1,30,-1,21,-1
IN10B007,ascending_neuron,vnc,LegNp(T3)(L),602.1,934.9,-1,-1,21,-1,-1,-1,-1,-1,-1,-1,49,41
IN10B010,vnc_intrinsic,vnc,ANm,520.4,780.8,29,-1,7,-1,69,-1,56,-1,62,-1,6,-1
IN10B011,vnc_intrinsic,vnc,ANm,499.4,770.7,-1,-1,3,-1,14,-1,-1,-1,-1,-1,1,-1
IN10B012,vnc_intrinsic,vnc,LegNp(T3)(L),546.2,838.2,23,-1,39,-1,15,-1,-1,-1,66,-1,-1,42
IN10B013,vnc_intrinsic,vnc,LegNp(T2)(L),656.0,807.3,20,-1,-1,-1,-1,-1,59,-1,-1,-1,39,-1
IN10B014,vnc_intrinsic,vnc,LegNp(T3)(R),479.8,768.4,8,-1,6,-1,9,-1,58,-1,57,-1,38,-1
IN10B016,vnc_intrinsic,vnc,LegNp(T3)(L),476.3,858.4,9,-1,23,-1,43,-1,61,-1,-1,-1,24,-1
IN10B023,vnc_intrinsic,vnc,Ov(L),471.4,698.0,27,-1,11,-1,11,-1,17,-1,50,-1,16,-1
IN10B028,vnc_intrinsic,vnc,mVAC(T3)(R),482.4,824.8,9,-1,8,-1,16,-1,60,-1,53,-1,23,-1
IN10B030,vnc_intrinsic,vnc,LegNp(T3)(R),459.8,874.6,27,-1,52,-1,44,-1,4,-1,-1,-1,2,-1
IN10B031,vnc_intrinsic,vnc,LegNp(T3)(L),478.8,833.5,25,-1,-1,-1,62,-1,26,-1,-1,-1,18,-1
IN10B032,vnc_intrinsic,vnc,LegNp(T3)(R),611.5,858.1,-1,-1,12,-1,26,-1,3,-1,23,-1,6,-1
IN10B033,vnc_intrinsic,vnc,mVAC(T3)(L),568.8,864.7,-1,-1,57,-1,28,-1,60,-1,53,-1,-1,-1
IN10B034,vnc_intrinsic,vnc,LegNp(T1)(L),660.1,770.1,3,-1,-1,-1,-1,-1,-1,-1,-1,-1,-1,-1
IN10B036,vnc_intrinsic,vnc,LegNp(T2)(R),638.8,910.9,46,-1,-1,-1,67,-1,-1,-1,-1,-1,20,-1
IN10B038,vnc_intrinsic,vnc,LegNp(T2)(L),592.1,923.3,-1,-1,-1,-1,-1,-1,51,-1,66,-1,19,-1
IN10B040,vnc_intrinsic,vnc,mVAC(T1)(R),576.6,781.8,27,-1,47,-1,-1,-1,-1,-1,57,-1,27,-1
IN10B041,vnc_intrinsic,vnc,mVAC(T3)(R),522.1,857.4,-1,-1,11,-1,17,-1,55,-1,54,-1,23,-1
IN10B042,vnc_intrinsic,vnc,mVAC(T3)(R),587.9,851.1,15,-1,6,-1,11,-1,56,-1,27,-1,-1,-1
IN10B043,vnc_intrinsic,vnc,mVAC(T2)(L),551.1,848.7,1,-1,-1,-1,-1,-1,-1,-1,58,-1,45,-1
IN10B044,vnc_intrinsic,vnc,mVAC(T3)(R),544.1,792.4,-1,-1,47,-1,18,-1,-1,-1,46,-1,29,-1
IN10B050,vnc_intrinsic,vnc,mVAC(T3)(L),516.6,875.2,-1,-1,-1,-1,22,-1,-1,-1,-1,-1,-1,-1
IN10B052,vnc_intrinsic,vnc,mVAC(T2)(R),439.2,809.0,-1,-1,-1,-1,49,-1,10,-1,61,-1,28,-1
IN10B054,vnc_intrinsic,vnc,mVAC(T2)(L),486.3,861.2,19,-1,-1,-1,57,-1,-1,-1,63,-1,54,-1
IN10B055,vnc_intrinsic,vnc,mVAC(T1)(L),572.5,800.5,-1,-1,27,-1,26,-1,59,-1,-1,-1,-1,-1
IN10B057,vnc_intrinsic,vnc,mVAC(T2)(L),570.2,881.7,52,-1,10,-1,5,-1,-1,-1,22,-1,69,-1
IN10B058,vnc_intrinsic,vnc,mVAC(T3)(R),504.7,872.6,4,-1,14,-1,11,-1,-1,-1,22,-1,-1,-1
IN10B059,vnc_intrinsic,vnc,mVAC(T3)(R),582.1,859.8,35,-1,-1,-1,38,-1,-1,-1,-1,-1,-1,-1
IN11A001,vnc_intrinsic,vnc,LTct,492.3,745.1,-1,-1,4,-1,4,-1,45,-1,3,-1,36,-1
IN11A002,vnc_intrinsic,vnc,LTct,593.1,683.0,-1,-1,32,-1,26,-1,46,-1,63,-1,25,-1
IN11A003,vnc_intrinsic,vnc,LegNp(T2)(L),499.0,886.0,16,-1,38,-1,16,-1,15,-1,22,-1,29,-1
IN11A004,vnc_intrinsic,vnc,WTct(UTct-T2)(L),459.3,725.4,3,-1,59,-1,-1,-1,-1,-1,-1,-1,27,-1
IN11A005,vnc_intrinsic,vnc,LegNp(T1)(L),607.4,794.1,-1,-1,-1,52,-1,-1,-1,-1,-1,-1,-1,40
IN11A006,vnc_intrinsic,vnc,LTct,507.6,735.1,-1,-1,24,-1,40,-1,-1,-1,-1,-1,51,41
IN11A007,vnc_intrinsic,vnc,LegNp(T1)(R),649.2,787.6,-1,-1,37,-1,-1,-1,-1,-1,-1,-1,-1,37
IN11A008,vnc_intrinsic,vnc,LegNp(T1)(L),522.0,803.5,-1,-1,47,-1,-1,-1,-1,-1,-1,-1,69,37
IN11A009,vnc_intrinsic,vnc,Ov(R),551.4,778.3,26,-1,-1,-1,-1,-1,-1,-1,-1,-1,-1,-1
IN11A010,vnc_intrinsic,vnc,LTct,534.0,782.6,19,-1,-1,-1,-1,-1,-1,-1,-1,-1,31,-1
IN11A011,vnc_intrinsic,vnc,LTct,529.3,794.5,5,-1,-1,59,-1,-1,-1,-1,-1,-1,30,-1
IN11A012,vnc_intrinsic,vnc,Ov(L),471.6,801.1,-1,-1,-1,-1,55,-1,-1,-1,-1,-1,46,-1
IN11A013,vnc_intrinsic,vnc,Ov(L),504.0,801.4,-1,-1,-1,-1,66,-1,-1,-1,-1,-1,61,-1
IN11A014,vnc_intrinsic,vnc,Ov(L),476.2,740.6,45,-1,40,-1,-1,-1,61,-1,-1,-1,16,-1
"IN11A015,IN11A027",vnc_intrinsic,vnc,LTct,455.4,867.7,7,-1,-1,-1,-1,-1,-1,-1,-1,-1,-1,37
IN11A016,vnc_intrinsic,vnc,Ov(L),466.4,791.7,-1,-1,-1,68,50,-1,58,-1,-1,-1,19,-1
IN11A017,vnc_intrinsic,vnc,LTct,431.5,753.5,38,-1,-1,-1,-1,-1,-1,-1,-1,-1,-1,-1
IN11A018,vnc_intrinsic,vnc,IntTct,589.3,668.9,-1,-1,-1,-1,-1,-1,-1,51,-1,-1,-1,42
IN11A019,vnc_intrinsic,vnc,LTct,528.2,817.4,17,-1,37,-1,-1,-1,-1,-1,-1,-1,20,-1
IN11A020,vnc_intrinsic,vnc,Ov(L),509.3,779.6,-1,-1,-1,59,33,-1,-1,-1,-1,-1,27,-1
IN11A021,vnc_intrinsic,vnc,LTct,554.1,764.0,-1,-1,20,-1,12,-1,56,-1,69,-1,23,-1
IN11A022,vnc_intrinsic,vnc,Ov(L),606.4,799.8,-1,-1,49,-1,35,-1,53,-1,-1,-1,18,-1
IN11A025,vnc_intrinsic,vnc,Ov(L),576.3,756.4,29,-1,58,39,32,-1,-1,-1,-1,-1,17,-1
IN11A026,vnc_intrinsic,vnc,WTct(UTct-T2)(R),571.6,750.2,-1,-1,-1,-1,-1,-1,-1,-1,-1,-1,-1,42
IN11A027_a,vnc_intrinsic,vnc,LTct,567.8,753.5,30,-1,-1,-1,-1,-1,-1,-1,-1,-1,-1,37
IN11A027_b,vnc_intrinsic,vnc,LTct,557.4,781.9,-1,-1,-1,-1,-1,-1,-1,-1,-1,-1,-1,41
IN11A027_c,vnc_intrinsic,vnc,LTct,508.5,750.0,4,-1,-1,-1,-1,-1,16,-1,-1,-1,42,-1
IN11A028,vnc_intrinsic,vnc,IntTct,517.5,732.3,-1,-1,25,-1,17,-1,51,-1,5,-1,-1,42
IN11A030,vnc_intrinsic,vnc,LTct,588.6,798.6,56,-1,-1,-1,-1,-1,60,-1,-1,-1,-1,-1
IN11A031,vnc_intrinsic,vnc,IntTct,542.4,742.0,-1,-1,47,-1,58,-1,-1,-1,-1,-1,42,-1
IN11A032_a,vnc_intrinsic,vnc,Ov(L),486.7,839.8,25,-1,-1,-1,51,-1,-1,-1,-1,-1,-1,-1
IN11A032_b,vnc_intrinsic,vnc,Ov(R),492.6,803.0,-1,-1,-1,-1,-1,-1,-1,-1,-1,-1,-1,-1
IN11A032_c,vnc_intrinsic,vnc,LTct,575.8,795.1,-1,-1,-1,-1,59,-1,-1,-1,-1,-1,-1,-1
IN11A032_d,vnc_intrinsic,vnc,LTct,512.5,799.0,-1,-1,-1,-1,41,-1,59,-1,-1,-1,26,-1
IN11A032_e,vnc_intrinsic,vnc,Ov(L),561.1,800.0,-1,-1,-1,-1,54,-1,-1,-1,-1,-1,21,-1
IN11A034,vnc_intrinsic,vnc,IntTct,530.9,835.0,6,-1,-1,-1,-1,-1,-1,24,-1,-1,-1,37
IN11A035,vnc_intrinsic,vnc,IntTct,565.9,694.7,4,-1,-1,-1,-1,-1,51,-1,-1,-1,-1,41
IN11A036,vnc_intrinsic,vnc,IntTct,592.9,781.2,63,-1,-1,-1,-1,-1,17,-1,-1,-1,-1,37
IN11A037_a,vnc_intrinsic,vnc,IntTct,531.9,722.6,49,-1,-1,-1,69,-1,-1,-1,-1,-1,50,-1
IN11A037_b,vnc_intrinsic,vnc,IntTct,490.7,728.3,43,-1,-1,-1,-1,-1,15,-1,-1,-1,-1,-1
IN11A039,vnc_intrinsic,vnc,LTct,573.3,824.4,63,-1,-1,-1,-1,-1,-1,-1,-1,-1,-1,43
IN11A040,vnc_intrinsic,vnc,LTct,515.3,741.3,44,-1,-1,-1,-1,-1,46,-1,-1,-1,-1,43
IN11A041,vnc_intrinsic,vnc,LTct,440.3,825.4,-1,-1,-1,-1,-1,-1,-1,-1,-1,-1,-1,-1
IN11A042,vnc_intrinsic,vnc,Ov(R),562.9,857.8,43,-1,-1,-1,-1,-1,-1,-1,-1,-1,-1,-1
IN11A043,vnc_intrinsic,vnc,WTct(UTct-T2)(R),568.7,738.7,-1,-1,-1,-1,-1,-1,46,-1,-1,-1,25,-1
IN11A044,vnc_intrinsic,vnc,LegNp(T1)(L),391.9,695.7,10,-1,-1,-1,-1,-1,-1,-1,-1,-1,-1,43
IN11A046,vnc_intrinsic,vnc,ANm,521.2,878.7,-1,-1,-1,-1,28,-1,-1,-1,32,-1,55,-1
IN11A047,vnc_intrinsic,vnc,LegNp(T3)(R),612.9,816.9,6,-1,-1,-1,30,-1,-1,-1,33,-1,-1,-1
IN11A048,vnc_intrinsic,vnc,LegNp(T2)(R),478.4,845.6,-1,-1,-1,-1,-1,-1,-1,-1,-1,-1,43,-1
IN11A049,vnc_intrinsic,vnc,LegNp(T2)(L),555.5,731.4,-1,-1,-1,-1,60,-1,-1,-1,-1,-1,61,41
IN11B001,vnc_intrinsic,vnc,WTct(UTct-T2)(L),596.8,726.8,6,-1,28,-1,6,-1,-1,-1,2,-1,7,-1
IN11B002,vnc_intrinsic,vnc,IntTct,562.7,681.9,-1,-1,41,-1,56,-1,10,-1,-1,-1,20,-1
IN11B003,vnc_intrinsic,vnc,WTct(UTct-T2)(L),487.0,715.2,52,-1,62,-1,-1,-1,-1,-1,1,-1,-1,49
IN11B004,vnc_intrinsic,vnc,WTct(UTct-T2)(R),611.8,734.4,-1,-1,21,-1,30,-1,-1,-1,7,-1,21,-1
IN11B005,vnc_intrinsic,vnc,WTct(UTct-T2)(R),451.3,702.7,-1,-1,-1,-1,27,-1,45,-1,3,-1,28,-1
IN11B009,vnc_intrinsic,vnc,WTct(UTct-T2)(L),630.4,742.4,-1,-1,-1,-1,17,-1,-1,-1,3,-1,-1,-1
IN11B011,vnc_intrinsic,vnc,IntTct,567.4,687.5,-1,-1,-1,-1,54,-1,17,-1,67,-1,20,-1
IN11B012,vnc_intrinsic,vnc,IntTct,575.7,740.2,-1,-1,39,-1,23,-1,16,-1,34,-1,43,-1
IN11B013,vnc_intrinsic,vnc,WTct(UTct-T2)(L),579.2,857.7,-1,-1,6,-1,18,-1,18,-1,5,-1,22,-1
IN11B014,vnc_intrinsic,vnc,WTct(UTct-T2)(L),604.0,680.8,53,-1,32,-1,27,-1,10,-1,8,-1,27,-1
IN11B015,vnc_intrinsic,vnc,WTct(UTct-T2)(L),597.1,697.8,-1,-1,19,-1,22,-1,-1,-1,52,-1,26,-1
IN11B016_a,vnc_intrinsic,vnc,IntTct,468.6,667.0,-1,-1,-1,-1,-1,-1,-1,-1,-1,-1,-1,42
IN11B016_b,vnc_intrinsic,vnc,WTct(UTct-T2)(L),465.3,729.3,10,-1,-1,-1,-1,-1,53,-1,-1,-1,-1,41
IN11B016_c,vnc_intrinsic,vnc,WTct(UTct-T2)(R),469.0,689.4,52,-1,-1,-1,-1,-1,-1,53,-1,-1,-1,41
IN11B017_a,vnc_intrinsic,vnc,IntTct,589.5,672.6,58,-1,-1,-1,50,-1,-1,-1,-1,-1,43,-1
IN11B017_b,vnc_intrinsic,vnc,IntTct,506.4,817.1,-1,-1,26,-1,13,-1,23,-1,27,-1,20,-1
IN11B018,vnc_intrinsic,vnc,IntTct,498.9,742.8,58,-1,9,-1,51,-1,25,-1,41,-1,20,-1
IN11B019,vnc_intrinsic,vnc,WTct(UTct-T2)(L),587.0,712.2,19,-1,46,-1,50,-1,11,-1,48,-1,17,-1
IN11B020,vnc_intrinsic,vnc,WTct(UTct-T2)(R),485.3,713.5,-1,-1,20,-1,-1,-1,24,-1,-1,-1,17,-1
IN11B021_a,vnc_intrinsic,vnc,WTct(UTct-T2)(R),481.4,705.7,29,-1,-1,-1,-1,-1,-1,-1,16,-1,-1,49
IN11B021_b,vnc_intrinsic,vnc,WTct(UTct-T2)(L),581.8,676.4,56,-1,-1,-1,-1,-1,-1,-1,3,-1,21,-1
IN11B021_c,vnc_intrinsic,vnc,WTct(UTct-T2)(L),457.7,730.0,26,-1,-1,-1,-1,-1,12,-1,49,-1,-1,41
IN11B021_d,vnc_intrinsic,vnc,WTct(UTct-T2)(L),456.2,713.8,12,-1,-1,-1,-1,-1,-1,-1,54,-1,28,-1
IN11B021_e,vnc_intrinsic,vnc,WTct(UTct-T2)(L),614.0,751.7,-1,-1,-1,-1,-1,-1,-1,-1,34,-1,24,-1
IN11B022_a,vnc_intrinsic,vnc,IntTct,582.9,720.0,-1,-1,-1,-1,-1,-1,-1,-1,-1,-1,-1,-1
IN11B022_b,vnc_intrinsic,vnc,IntTct,587.2,758.0,-1,-1,-1,-1,-1,-1,-1,-1,-1,-1,-1,-1
IN11B022_c,vnc_intrinsic,vnc,IntTct,509.5,715.0,-1,-1,-1,-1,69,-1,-1,-1,10,-1,21,-1
IN11B022_d,vnc_intrinsic,vnc,IntTct,486.4,731.6,11,-1,-1,-1,-1,-1,-1,-1,69,-1,-1,-1
IN11B022_e,vnc_intrinsic,vnc,WTct(UTct-T2)(R),554.3,750.8,17,-1,-1,-1,-1,-1,-1,-1,-1,-1,21,-1
IN11B023,vnc_intrinsic,vnc,WTct(UTct-T2)(R),513.7,694.5,34,-1,47,-1,57,-1,13,-1,-1,-1,21,-1
IN11B024_a,vnc_intrinsic,vnc,WTct(UTct-T2)(R),477.0,701.0,-1,-1,-1,-1,-1,-1,-1,-1,-1,-1,-1,41
IN11B024_b,vnc_intrinsic,vnc,WTct(UTct-T2)(R),434.4,708.1,68,-1,-1,-1,25,-1,-1,-1,-1,-1,-1,41
IN11B024_c,vnc_intrinsic,vnc,WTct(UTct-T2)(R),524.5,739.1,-1,-1,57,-1,38,-1,-1,-1,-1,-1,-1,41
IN11B025,vnc_intrinsic,vnc,WTct(UTct-T2)(L),474.2,678.7,-1,-1,33,-1,-1,-1,-1,-1,42,-1,21,-1
IN12A001,vnc_intrinsic,vnc,LTct,464.2,862.3,-1,-1,4,-1,7,-1,1,-1,-1,-1,14,-1
IN12A002,vnc_intrinsic,vnc,Ov(L),439.4,813.6,45,-1,6,-1,9,-1,17,-1,47,-1,11,-1
IN12A003,vnc_intrinsic,vnc,LegNp(T2)(L),661.5,804.5,52,-1,41,-1,28,-1,-1,-1,47,-1,39,-1
IN12A004,vnc_intrinsic,vnc,LegNp(T2)(L),594.1,920.5,24,-1,17,-1,31,-1,55,-1,59,-1,25,-1
IN12A005,vnc_intrinsic,vnc,Ov(L),450.5,688.3,13,-1,10,-1,25,-1,63,-1,-1,-1,15,-1
IN12A006,vnc_intrinsic,vnc,WTct(UTct-T2)(L),454.9,806.6,68,-1,31,-1,43,-1,-1,-1,50,-1,22,-1
IN12A007,vnc_intrinsic,vnc,LegNp(T3)(R),604.9,810.1,8,-1,-1,69,-1,-1,50,-1,-1,-1,23,-1
IN12A008,vnc_intrinsic,vnc,IntTct,541.0,782.6,-1,-1,-1,-1,23,-1,-1,-1,54,-1,43,-1
IN12A009,vnc_intrinsic,vnc,LegNp(T3)(L),642.3,915.9,-1,-1,26,-1,36,-1,13,-1,67,-1,14,-1
IN12A010,vnc_intrinsic,vnc,LegNp(T3)(L),594.4,809.6,10,-1,22,-1,-1,-1,44,-1,58,-1,17,-1
IN12A011,vnc_intrinsic,vnc,LegNp(T2)(L),495.0,861.0,-1,-1,34,-1,-1,-1,58,-1,-1,-1,27,-1
IN12A012,vnc_intrinsic,vnc,IntTct,554.6,695.6,2,-1,49,-1,10,-1,53,-1,4,-1,19,-1
IN12A013,vnc_intrinsic,vnc,LTct,616.7,895.9,-1,-1,-1,-1,-1,-1,16,-1,-1,-1,26,-1
IN12A015,vnc_intrinsic,vnc,LTct,445.2,709.7,34,-1,45,-1,-1,66,-1,58,-1,-1,17,-1
IN12A016,vnc_intrinsic,vnc,LegNp(T1)(L),651.3,810.5,-1,-1,59,-1,-1,-1,60,-1,-1,-1,42,-1
IN12A018,vnc_intrinsic,vnc,WTct(UTct-T2)(L),618.0,726.7,-1,-1,18,-1,22,-1,47,-1,3,-1,22,-1
IN12A019_a,vnc_intrinsic,vnc,LTct,458.4,922.5,-1,-1,-1,-1,-1,-1,-1,-1,-1,-1,-1,42
IN12A019_b,vnc_intrinsic,vnc,LegNp(T1)(L),431.2,752.1,35,-1,-1,-1,-1,-1,59,-1,-1,-1,40,-1
IN12A019_c,vnc_intrinsic,vnc,LegNp(T1)(L),542.5,794.4,-1,-1,-1,-1,-1,-1,58,-1,-1,-1,55,42
IN12A021_a,vnc_intrinsic,vnc,LegNp(T1)(L),567.5,690.3,-1,-1,-1,-1,-1,-1,-1,-1,-1,-1,42,-1
IN12A021_b,vnc_intrinsic,vnc,LegNp(T1)(L),544.2,784.2,-1,-1,-1,-1,-1,-1,-1,-1,-1,-1,-1,40
IN12A021_c,vnc_intrinsic,vnc,LegNp(T1)(L),527.9,801.6,-1,-1,56,-1,-1,-1,60,-1,-1,-1,-1,42
IN12A024,vnc_intrinsic,vnc,ANm,519.3,826.4,-1,-1,28,-1,-1,-1,-1,-1,55,-1,24,-1
IN12A025,vnc_intrinsic,vnc,ANm,558.6,816.3,-1,-1,31,-1,-1,-1,62,-1,-1,-1,19,-1
IN12A026,vnc_intrinsic,vnc,ANm,534.1,811.4,23,-1,25,-1,-1,-1,13,-1,67,-1,5,-1
IN12A027,vnc_intrinsic,vnc,LegNp(T1)(L),625.2,737.0,-1,-1,27,-1,-1,-1,-1,-1,-1,-1,25,-1
IN12A029_a,vnc_intrinsic,vnc,LTct,478.5,753.4,-1,-1,-1,-1,-1,-1,-1,-1,-1,-1,-1,37
IN12A029_b,vnc_intrinsic,vnc,LTct,633.5,732.2,-1,-1,-1,60,-1,-1,-1,-1,-1,-1,52,37
IN12A030,vnc_intrinsic,vnc,LTct,529.5,785.3,28,-1,23,-1,34,-1,56,-1,17,-1,27,-1
IN12A031,vnc_intrinsic,vnc,LegNp(T1)(R),597.6,891.8,-1,-1,-1,64,-1,-1,-1,61,-1,-1,62,42
IN12A034,vnc_intrinsic,vnc,IntTct,563.2,748.9,39,-1,32,-1,-1,-1,14,-1,-1,-1,36,-1
IN12A035,vnc_intrinsic,vnc,IntTct,629.8,719.3,56,-1,54,-1,21,-1,-1,-1,37,-1,21,-1
IN12A036,vnc_intrinsic,vnc,LTct,613.3,806.9,10,-1,7,-1,15,-1,53,-1,-1,-1,20,-1
IN12A037,vnc_intrinsic,vnc,LegNp(T1)(L),579.3,756.3,43,-1,55,38,-1,-1,-1,24,-1,-1,28,-1
IN12A039,vnc_intrinsic,vnc,ANm,542.5,761.3,-1,-1,14,-1,39,-1,55,-1,30,-1,8,-1
IN12A041,vnc_intrinsic,vnc,LegNp(T1)(R),585.0,790.8,-1,-1,-1,-1,-1,-1,26,-1,47,-1,38,-1
IN12A042,vnc_intrinsic,vnc,WTct(UTct-T2)(R),618.6,719.6,-1,-1,46,-1,-1,-1,-1,-1,39,-1,21,-1
IN12A043_a,vnc_intrinsic,vnc,IntTct,451.7,682.0,-1,-1,-1,-1,58,-1,12,-1,6,-1,41,-1
IN12A043_b,vnc_intrinsic,vnc,WTct(UTct-T2)(L),610.1,677.5,-1,-1,-1,-1,-1,-1,-1,-1,31,-1,21,-1
IN12A043_c,vnc_intrinsic,vnc,WTct(UTct-T2)(L),594.3,716.0,-1,-1,-1,-1,-1,-1,17,-1,7,-1,42,-1
IN12A043_d,vnc_intrinsic,vnc,WTct(UTct-T2)(R),588.3,665.8,66,-1,61,-1,-1,-1,-1,-1,4,-1,21,-1
IN12A044,vnc_intrinsic,vnc,WTct(UTct-T2)(L),479.6,745.3,-1,-1,18,-1,52,-1,-1,-1,16,-1,28,-1
IN12A046_a,vnc_intrinsic,vnc,IntTct,610.1,736.5,-1,-1,-1,-1,-1,-1,-1,-1,24,-1,-1,-1
IN12A046_b,vnc_intrinsic,vnc,IntTct,449.2,795.6,-1,-1,-1,-1,-1,-1,17,-1,34,-1,-1,-1
IN12A048,vnc_intrinsic,vnc,ANm,576.1,784.4,16,-1,22,-1,-1,-1,-1,-1,27,-1,23,-1
IN12A050_a,vnc_intrinsic,vnc,IntTct,629.2,718.0,29,-1,-1,-1,-1,-1,-1,-1,60,-1,-1,43
IN12A050_b,vnc_intrinsic,vnc,IntTct,531.4,780.1,-1,-1,-1,-1,-1,-1,-1,-1,37,-1,-1,42
IN12A052_a,vnc_intrinsic,vnc,WTct(UTct-T2)(R),566.9,672.1,-1,-1,56,-1,-1,-1,-1,-1,-1,-1,27,-1
IN12A052_b,vnc_intrinsic,vnc,WTct(UTct-T2)(L),610.2,740.9,34,-1,22,-1,58,-1,-1,-1,-1,-1,28,-1
IN12A053_a,vnc_intrinsic,vnc,LTct,514.2,741.7,-1,-1,-1,-1,-1,-1,47,-1,58,-1,28,-1
IN12A053_b,vnc_intrinsic,vnc,LTct,505.1,777.6,60,-1,-1,-1,-1,-1,47,-1,58,-1,26,-1
IN12A053_c,vnc_intrinsic,vnc,LTct,584.8,781.7,-1,-1,63,-1,-1,-1,-1,-1,-1,-1,21,-1
IN12A054,vnc_intrinsic,vnc,IntTct,511.4,684.2,-1,-1,25,-1,28,-1,-1,-1,53,-1,41,-1
IN12A055,vnc_intrinsic,vnc,LTct,537.7,781.0,51,-1,-1,-1,-1,-1,-1,-1,-1,-1,-1,67
IN12A056,vnc_intrinsic,vnc,LegNp(T1)(L),380.7,766.5,-1,-1,-1,-1,-1,-1,-1,-1,-1,-1,-1,67
IN12A057_a,vnc_intrinsic,vnc,IntTct,609.5,678.0,-1,-1,-1,-1,33,-1,-1,53,-1,-1,43,-1
IN12A057_b,vnc_intrinsic,vnc,IntTct,520.6,713.8,10,-1,-1,-1,-1,-1,-1,53,-1,-1,-1,43
IN12A058,vnc_intrinsic,vnc,WTct(UTct-T2)(R),563.0,698.8,-1,-1,63,-1,-1,-1,-1,-1,61,-1,-1,43
IN12A059_a,vnc_intrinsic,vnc,WTct(UTct-T2)(L),594.4,665.8,-1,-1,-1,-1,-1,-1,-1,-1,-1,-1,-1,43
IN12A059_b,vnc_intrinsic,vnc,LTct,446.9,743.7,3,-1,-1,-1,-1,-1,-1,-1,-1,-1,-1,43
IN12A059_c,vnc_intrinsic,vnc,LTct,575.1,712.5,-1,-1,-1,41,-1,-1,-1,-1,-1,-1,61,41
IN12A059_d,vnc_intrinsic,vnc,WTct(UTct-T2)(R),614.6,679.2,-1,-1,-1,-1,-1,-1,17,-1,-1,-1,-1,41
IN12A059_e,vnc_intrinsic,vnc,WTct(UTct-T2)(R),503.5,715.5,-1,-1,48,-1,51,-1,12,-1,31,-1,27,-1
IN12A059_f,vnc_intrinsic,vnc,WTct(UTct-T2)(R),467.7,729.2,39,-1,-1,-1,-1,-1,-1,51,-1,-1,-1,37
IN12A059_g,vnc_intrinsic,vnc,IntTct,524.0,738.5,-1,-1,-1,-1,-1,-1,-1,53,-1,-1,52,41
IN12A060_a,vnc_intrinsic,vnc,WTct(UTct-T2)(L),602.1,782.2,-1,-1,-1,-1,-1,-1,-1,-1,-1,-1,22,-1
IN12A060_b,vnc_intrinsic,vnc,HTct(UTct-T3)(R),514.4,824.9,69,-1,-1,-1,-1,-1,-1,-1,-1,-1,-1,43
IN12A061_a,vnc_intrinsic,vnc,HTct(UTct-T3)(R),531.7,734.4,30,-1,-1,-1,-1,-1,-1,-1,52,-1,-1,43
IN12A061_c,vnc_intrinsic,vnc,WTct(UTct-T2)(L),560.4,764.0,-1,-1,-1,-1,-1,-1,-1,-1,28,-1,41,-1
IN12A061_d,vnc_intrinsic,vnc,WTct(UTct-T2)(L),586.8,722.0,-1,-1,-1,-1,-1,-1,-1,-1,-1,-1,64,-1
IN12A062,vnc_intrinsic,vnc,WTct(UTct-T2)(R),465.4,713.8,24,-1,-1,-1,-1,-1,-1,-1,-1,-1,20,-1
IN12A063_a,vnc_intrinsic,vnc,ANm,477.6,667.7,-1,-1,-1,-1,-1,-1,-1,-1,-1,-1,41,-1
IN12A063_b,vnc_intrinsic,vnc,WTct(UTct-T2)(R),447.8,741.5,27,-1,60,-1,57,-1,-1,46,63,-1,-1,37
IN12A063_c,vnc_intrinsic,vnc,WTct(UTct-T2)(R),578.0,718.3,-1,-1,-1,-1,-1,-1,-1,46,-1,-1,-1,37
IN12A063_d,vnc_intrinsic,vnc,WTct(UTct-T2)(R),584.3,764.9,39,-1,-1,-1,-1,-1,-1,-1,-1,-1,44,42
IN12A063_e,vnc_intrinsic,vnc,IntTct,473.9,774.6,40,-1,-1,-1,-1,-1,-1,-1,-1,-1,52,42
IN12A064,vnc_intrinsic,vnc,LegNp(T1)(R),623.9,763.3,39,-1,-1,-1,-1,-1,60,-1,-1,-1,48,42
IN12B002,vnc_intrinsic,vnc,LTct,602.0,713.9,51,-1,2,-1,5,-1,1,-1,-1,-1,1,-1
IN12B003,vnc_intrinsic,vnc,LegNp(T3)(R),594.4,859.8,-1,-1,4,-1,4,-1,-1,-1,12,-1,30,-1
IN12B004,vnc_intrinsic,vnc,mVAC(T2)(R),607.1,807.7,26,-1,22,-1,54,-1,57,-1,69,-1,23,-1
IN12B005,vnc_intrinsic,vnc,LegNp(T1)(L),595.0,765.0,-1,-1,27,-1,21,-1,50,-1,-1,-1,-1,41
IN12B007,vnc_intrinsic,vnc,LegNp(T2)(R),561.8,881.1,-1,-1,4,-1,4,-1,21,-1,25,-1,5,-1
IN12B009,vnc_intrinsic,vnc,ANm,607.3,881.2,11,-1,24,-1,-1,-1,55,-1,-1,-1,24,-1
IN12B010,vnc_intrinsic,vnc,ANm,539.6,800.8,37,-1,13,-1,67,-1,53,-1,-1,-1,23,-1
IN12B011,vnc_intrinsic,vnc,LegNp(T3)(R),604.6,886.1,-1,-1,7,-1,39,-1,51,-1,-1,-1,38,-1
IN12B012,vnc_intrinsic,vnc,LegNp(T3)(L),605.8,815.7,8,-1,22,-1,5,-1,54,-1,13,-1,40,-1
IN12B013,vnc_intrinsic,vnc,LegNp(T2)(L),664.6,815.4,21,-1,14,-1,-1,-1,-1,60,-1,-1,39,-1
IN12B014,vnc_intrinsic,vnc,LegNp(T1)(L),568.4,785.4,-1,-1,26,-1,36,-1,54,-1,-1,-1,22,-1
IN12B015,vnc_intrinsic,vnc,LTct,536.6,804.9,-1,-1,31,-1,39,-1,60,-1,-1,-1,27,-1
IN12B016,vnc_intrinsic,vnc,WTct(UTct-T2)(L),625.7,694.3,-1,-1,-1,-1,-1,-1,16,-1,37,-1,15,-1
IN12B018,vnc_intrinsic,vnc,LTct,430.9,848.0,37,-1,13,-1,4,-1,-1,-1,-1,-1,27,-1
IN12B020,vnc_intrinsic,vnc,LegNp(T1)(L),400.9,736.2,15,-1,58,-1,14,-1,59,-1,47,-1,38,-1
IN12B021,vnc_intrinsic,vnc,LegNp(T1)(L),639.1,776.5,-1,-1,-1,-1,-1,-1,-1,61,-1,-1,-1,42
IN12B022,vnc_intrinsic,vnc,LegNp(T3)(L),490.6,826.5,30,-1,55,-1,22,-1,-1,-1,-1,-1,21,-1
IN12B023,vnc_intrinsic,vnc,LegNp(T2)(L),641.2,931.6,19,-1,-1,-1,-1,-1,-1,-1,-1,-1,43,-1
IN12B024_a,vnc_intrinsic,vnc,LegNp(T3)(R),482.4,854.5,27,-1,-1,42,43,-1,-1,-1,-1,-1,44,35
IN12B024_b,vnc_intrinsic,vnc,LegNp(T2)(L),640.9,721.8,-1,-1,-1,-1,-1,-1,-1,-1,-1,-1,40,-1
IN12B024_c,vnc_intrinsic,vnc,LegNp(T3)(L),518.1,877.8,-1,-1,-1,-1,45,-1,-1,-1,-1,-1,60,39
IN12B025,vnc_intrinsic,vnc,LegNp(T3)(L),647.2,806.7,-1,-1,24,-1,11,-1,-1,-1,-1,-1,35,-1
IN12B026,vnc_intrinsic,vnc,LegNp(T3)(R),457.2,722.7,5,-1,-1,-1,-1,-1,-1,-1,28,-1,40,-1
IN12B027,vnc_intrinsic,vnc,LegNp(T3)(R),373.5,798.6,-1,-1,42,-1,12,-1,57,-1,-1,-1,36,-1
IN12B028,vnc_intrinsic,vnc,LegNp(T1)(L),621.5,748.2,16,-1,66,-1,58,-1,-1,-1,-1,-1,-1,42
IN12B029,vnc_intrinsic,vnc,LegNp(T2)(R),450.9,825.4,-1,-1,43,-1,-1,-1,-1,-1,-1,-1,34,-1
IN12B030,vnc_intrinsic,vnc,LegNp(T3)(R),572.4,918.1,-1,-1,67,-1,19,-1,59,-1,56,-1,35,-1
IN12B031,vnc_intrinsic,vnc,LegNp(T2)(L),651.3,797.9,55,-1,-1,-1,18,-1,60,-1,-1,-1,19,-1
IN12B032,vnc_intrinsic,vnc,LegNp(T3)(R),467.7,815.3,29,-1,55,-1,-1,-1,57,-1,-1,-1,-1,37
IN12B033,vnc_intrinsic,vnc,LegNp(T3)(R),495.2,850.7,48,-1,-1,-1,47,-1,61,-1,-1,-1,42,-1
IN12B034,vnc_intrinsic,vnc,LegNp(T2)(L),634.6,918.7,-1,-1,-1,-1,-1,-1,-1,-1,-1,-1,43,-1
IN12B035,vnc_intrinsic,vnc,LegNp(T1)(L),415.5,700.8,26,-1,53,-1,-1,-1,-1,-1,-1,-1,63,-1
IN12B036,vnc_intrinsic,vnc,LegNp(T3)(L),434.4,839.0,-1,-1,24,-1,12,-1,56,-1,-1,-1,39,-1
IN12B037_a,vnc_intrinsic,vnc,LegNp(T2)(R),432.3,898.0,-1,-1,-1,-1,-1,-1,-1,-1,-1,-1,63,41
IN12B037_b,vnc_intrinsic,vnc,LegNp(T2)(L),595.3,877.5,-1,-1,-1,-1,-1,-1,-1,-1,-1,-1,46,40
IN12B037_c,vnc_intrinsic,vnc,LegNp(T3)(L),449.4,846.4,-1,-1,-1,-1,-1,-1,-1,-1,-1,-1,-1,43
IN12B037_d,vnc_intrinsic,vnc,LegNp(T1)(L),648.8,739.7,56,-1,-1,-1,-1,-1,-1,-1,-1,-1,-1,-1
IN12B037_e,vnc_intrinsic,vnc,LegNp(T1)(L),368.0,757.1,-1,-1,-1,-1,-1,-1,-1,-1,-1,-1,-1,43
IN12B037_f,vnc_intrinsic,vnc,LegNp(T3)(R),492.4,885.3,69,-1,-1,-1,-1,-1,-1,60,-1,-1,-1,41
IN12B038,vnc_intrinsic,vnc,LegNp(T3)(R),406.8,819.2,18,-1,30,-1,-1,-1,64,-1,-1,-1,34,-1
IN12B039,vnc_intrinsic,vnc,LegNp(T2)(R),458.5,867.8,11,-1,-1,-1,25,-1,55,-1,-1,-1,39,-1
IN12B040,vnc_intrinsic,vnc,LegNp(T2)(L),594.6,876.8,-1,-1,-1,43,-1,-1,-1,-1,-1,-1,57,40
IN12B041,vnc_intrinsic,vnc,LegNp(T3)(R),500.4,821.1,22,-1,-1,-1,-1,-1,-1,-1,-1,-1,52,43
IN12B042,vnc_intrinsic,vnc,LegNp(T3)(L),618.8,876.4,-1,-1,61,-1,-1,-1,-1,-1,-1,-1,-1,42
IN12B043,vnc_intrinsic,vnc,LegNp(T1)(L),417.4,740.6,3,-1,-1,-1,64,-1,-1,-1,-1,-1,-1,43
IN12B044_a,vnc_intrinsic,vnc,LegNp(T2)(L),620.5,884.4,-1,-1,-1,65,-1,-1,-1,-1,-1,-1,46,38
IN12B044_b,vnc_intrinsic,vnc,LegNp(T2)(L),638.4,796.8,62,-1,-1,-1,-1,-1,-1,-1,-1,-1,-1,38
IN12B044_c,vnc_intrinsic,vnc,LTct,594.4,735.2,-1,-1,-1,-1,-1,-1,-1,-1,-1,-1,-1,38
IN12B044_d,vnc_intrinsic,vnc,LegNp(T2)(L),553.5,799.3,9,-1,-1,-1,-1,-1,-1,61,-1,-1,-1,41
IN12B044_e,vnc_intrinsic,vnc,LTct,599.3,730.6,-1,-1,-1,-1,-1,-1,-1,59,-1,-1,-1,38
IN12B045,vnc_intrinsic,vnc,LegNp(T2)(R),461.5,822.7,5,-1,-1,56,-1,-1,-1,-1,-1,-1,45,39
IN12B046,vnc_intrinsic,vnc,LegNp(T2)(L),462.2,899.8,23,-1,-1,-1,-1,-1,-1,-1,-1,-1,-1,42
IN12B047,vnc_intrinsic,vnc,LegNp(T2)(L),610.6,856.3,-1,-1,-1,-1,61,-1,-1,-1,-1,-1,46,40
IN12B048,vnc_intrinsic,vnc,LegNp(T3)(R),634.9,860.1,-1,-1,24,-1,-1,-1,58,-1,-1,-1,54,38
IN12B049,vnc_intrinsic,vnc,LegNp(T2)(L),570.6,859.0,-1,-1,-1,-1,-1,-1,-1,-1,-1,-1,52,42
IN12B050,vnc_intrinsic,vnc,LTct,583.8,817.5,32,-1,-1,59,-1,-1,-1,-1,-1,-1,-1,37
IN12B051,vnc_intrinsic,vnc,LegNp(T3)(R),490.5,887.9,59,-1,-1,-1,-1,-1,-1,-1,-1,-1,-1,37
IN12B052,vnc_intrinsic,vnc,LegNp(T2)(L),406.9,879.4,-1,-1,46,-1,60,-1,59,-1,-1,-1,42,-1
IN12B053,vnc_intrinsic,vnc,LegNp(T2)(L),566.1,840.1,-1,-1,-1,55,45,-1,-1,-1,-1,-1,40,-1
IN12B054,vnc_intrinsic,vnc,ANm,511.7,799.2,-1,-1,-1,48,33,-1,-1,-1,-1,-1,26,-1
IN12B056,vnc_intrinsic,vnc,LegNp(T3)(R),604.8,868.7,61,-1,-1,-1,30,-1,-1,-1,-1,-1,35,-1
IN12B057,vnc_intrinsic,vnc,LegNp(T3)(L),458.1,876.1,-1,-1,-1,-1,-1,-1,-1,-1,-1,-1,68,-1
IN12B058,vnc_intrinsic,vnc,LegNp(T1)(L),378.1,812.6,-1,-1,-1,-1,65,-1,-1,-1,-1,-1,-1,43
IN12B059,vnc_intrinsic,vnc,LegNp(T2)(L),645.3,830.0,-1,-1,55,-1,31,-1,66,-1,-1,-1,35,-1
IN12B060,vnc_intrinsic,vnc,LegNp(T1)(L),498.9,764.2,-1,-1,-1,-1,-1,-1,-1,-1,-1,-1,-1,42
IN12B061,vnc_intrinsic,vnc,LTct,513.7,777.3,-1,-1,-1,-1,-1,-1,-1,-1,-1,-1,-1,43
IN12B062,vnc_intrinsic,vnc,LegNp(T3)(R),392.6,720.0,10,-1,-1,-1,-1,-1,-1,-1,-1,-1,40,-1
IN12B063_a,vnc_intrinsic,vnc,LTct,521.8,761.0,19,-1,-1,66,-1,-1,-1,25,-1,-1,55,37
IN12B063_b,vnc_intrinsic,vnc,LTct,512.8,757.8,-1,-1,-1,-1,-1,-1,-1,-1,-1,-1,21,-1
IN12B063_c,vnc_intrinsic,vnc,LTct,552.9,795.8,2,-1,27,-1,-1,-1,-1,-1,-1,-1,-1,37
IN12B064,vnc_intrinsic,vnc,LTct,428.4,826.3,3,-1,-1,-1,-1,-1,-1,60,65,-1,-1,41
IN12B065,vnc_intrinsic,vnc,LegNp(T2)(L),488.4,891.2,-1,-1,-1,-1,50,-1,-1,-1,-1,-1,36,-1
IN12B066_a,vnc_intrinsic,vnc,LegNp(T1)(L),459.3,777.9,-1,-1,-1,-1,-1,-1,-1,-1,-1,-1,-1,43
IN12B066_b,vnc_intrinsic,vnc,LTct,652.8,757.6,9,-1,-1,66,-1,-1,-1,-1,-1,-1,-1,43
IN12B066_c,vnc_intrinsic,vnc,ANm,466.2,851.7,22,-1,-1,-1,-1,-1,-1,-1,-1,-1,-1,40
IN12B066_d,vnc_intrinsic,vnc,LegNp(T3)(L),515.4,896.0,-1,-1,-1,-1,-1,-1,-1,-1,-1,-1,-1,42
IN12B066_e,vnc_intrinsic,vnc,LegNp(T2)(L),658.4,850.5,40,-1,-1,-1,-1,-1,-1,-1,-1,-1,55,42
IN12B066_f,vnc_intrinsic,vnc,LTct,406.2,806.2,25,-1,-1,-1,-1,-1,-1,-1,-1,-1,58,43
IN12B066_g,vnc_intrinsic,vnc,LTct,500.3,751.0,-1,-1,-1,66,-1,-1,-1,-1,-1,-1,63,40
IN12B068_a,vnc_intrinsic,vnc,ANm,476.5,858.8,-1,-1,29,-1,64,-1,-1,-1,-1,-1,-1,37
IN12B068_b,vnc_intrinsic,vnc,ANm,559.1,820.5,14,-1,-1,-1,-1,-1,-1,-1,-1,-1,50,22
IN12B068_c,vnc_intrinsic,vnc,ANm,558.3,769.8,-1,-1,-1,66,-1,-1,-1,58,-1,-1,45,37
IN12B069,vnc_intrinsic,vnc,LTct,565.3,811.7,36,-1,39,-1,-1,-1,-1,-1,-1,-1,-1,20
IN12B070,vnc_intrinsic,vnc,LTct,612.8,811.2,-1,-1,-1,-1,-1,-1,-1,-1,-1,-1,-1,-1
IN12B071,vnc_intrinsic,vnc,LegNp(T3)(R),597.3,854.9,21,-1,-1,-1,-1,-1,58,-1,-1,-1,39,-1
IN12B072,vnc_intrinsic,vnc,LegNp(T3)(L),461.8,734.2,29,-1,28,-1,16,-1,60,-1,-1,-1,41,-1
IN12B073,vnc_intrinsic,vnc,LegNp(T2)(L),462.2,874.1,61,-1,-1,-1,67,-1,68,-1,-1,-1,40,-1
IN12B074,vnc_intrinsic,vnc,LegNp(T2)(R),423.6,821.1,-1,-1,-1,-1,47,-1,-1,-1,-1,-1,38,-1
IN12B075,vnc_intrinsic,vnc,LegNp(T2)(L),621.5,875.3,10,-1,57,-1,-1,-1,-1,-1,-1,-1,39,-1
IN12B077,vnc_intrinsic,vnc,LegNp(T2)(L),578.2,856.1,2,-1,-1,-1,53,-1,-1,-1,-1,-1,36,-1
IN12B078,vnc_intrinsic,vnc,LegNp(T2)(L),491.2,734.7,33,-1,-1,-1,-1,-1,-1,-1,-1,-1,37,-1
IN12B079_a,vnc_intrinsic,vnc,LegNp(T3)(R),586.6,816.5,21,-1,-1,-1,-1,-1,-1,-1,-1,-1,-1,42
IN12B079_b,vnc_intrinsic,vnc,LegNp(T3)(R),495.6,826.8,-1,-1,-1,-1,-1,-1,-1,-1,-1,-1,-1,42
IN12B079_c,vnc_intrinsic,vnc,LegNp(T2)(R),559.3,767.5,27,-1,-1,-1,-1,-1,26,-1,-1,-1,-1,42
IN12B079_d,vnc_intrinsic,vnc,LegNp(T2)(L),563.6,758.9,24,-1,-1,-1,-1,-1,-1,-1,-1,-1,-1,37
IN12B081,vnc_intrinsic,vnc,LegNp(T1)(L),449.6,825.9,57,-1,-1,-1,-1,-1,31,-1,-1,-1,28,-1
IN12B082,vnc_intrinsic,vnc,ANm,513.0,904.8,60,-1,-1,-1,-1,-1,14,-1,-1,-1,-1,40
IN12B083,vnc_intrinsic,vnc,LegNp(T1)(L),450.1,783.3,-1,-1,-1,65,-1,-1,-1,-1,-1,-1,-1,43
IN12B084,vnc_intrinsic,vnc,LegNp(T1)(R),570.3,776.3,15,-1,-1,-1,-1,-1,69,-1,38,-1,29,-1
IN12B085,vnc_intrinsic,vnc,LegNp(T3)(R),523.9,826.4,-1,-1,-1,-1,-1,-1,-1,-1,-1,-1,-1,-1
IN12B086,vnc_intrinsic,vnc,LTct,539.2,800.8,-1,-1,-1,-1,-1,-1,13,-1,-1,-1,-1,37
IN12B087,vnc_intrinsic,vnc,LegNp(T3)(L),643.1,840.2,-1,-1,-1,66,-1,-1,-1,27,-1,-1,-1,37
IN12B088,vnc_intrinsic,vnc,LTct,625.4,796.8,30,-1,-1,-1,-1,-1,-1,60,-1,-1,48,38
IN12B090,vnc_intrinsic,vnc,LegNp(T1)(L),601.7,780.7,-1,-1,-1,-1,-1,-1,-1,-1,-1,-1,46,37
IN12B091,vnc_intrinsic,vnc,LegNp(T2)(L),589.2,855.1,36,-1,-1,-1,-1,-1,-1,-1,15,-1,62,-1
IN12B092,vnc_intrinsic,vnc,LegNp(T1)(L),621.5,741.0,-1,-1,-1,-1,-1,-1,-1,-1,-1,-1,-1,43
IN13A001,vnc_intrinsic,vnc,LegNp(T2)(L),564.2,890.9,23,-1,5,-1,2,-1,-1,-1,1,-1,36,-1
IN13A002,vnc_intrinsic,vnc,LegNp(T3)(R),585.9,906.8,60,-1,3,-1,5,-1,2,-1,4,-1,2,-1
IN13A003,vnc_intrinsic,vnc,LegNp(T2)(L),489.7,921.0,30,-1,2,-1,4,-1,44,-1,49,-1,39,-1
IN13A004,vnc_intrinsic,vnc,LegNp(T3)(R),472.5,889.3,11,-1,5,-1,7,-1,20,-1,-1,-1,16,-1
IN13A005,vnc_intrinsic,vnc,LegNp(T2)(L),450.6,822.3,6,-1,7,-1,4,-1,7,-1,4,-1,24,-1
IN13A006,vnc_intrinsic,vnc,LegNp(T3)(L),425.4,803.1,-1,-1,5,-1,16,-1,60,-1,53,-1,40,-1
IN13A007,vnc_intrinsic,vnc,LegNp(T3)(R),492.3,869.4,-1,-1,26,-1,4,-1,17,-1,65,-1,17,-1
IN13A008,vnc_intrinsic,vnc,LegNp(T3)(R),433.7,862.3,-1,-1,8,-1,38,-1,3,-1,57,-1,18,-1
IN13A009,vnc_intrinsic,vnc,LegNp(T2)(L),520.2,863.2,-1,-1,7,-1,5,-1,48,-1,3,-1,6,-1
IN13A010,vnc_intrinsic,vnc,LegNp(T2)(L),407.2,809.3,40,-1,15,-1,14,-1,53,-1,8,-1,33,-1
IN13A011,vnc_intrinsic,vnc,LegNp(T1)(L),505.3,777.6,-1,-1,-1,-1,48,-1,-1,-1,-1,-1,-1,41
IN13A012,vnc_intrinsic,vnc,LegNp(T3)(R),580.0,754.2,23,-1,14,-1,34,-1,44,-1,-1,-1,21,-1
IN13A013,vnc_intrinsic,vnc,WTct(UTct-T2)(R),596.7,701.1,26,-1,12,-1,8,-1,13,-1,15,-1,15,-1
IN13A014,vnc_intrinsic,vnc,LegNp(T3)(L),436.4,786.8,20,-1,34,-1,3,-1,-1,-1,4,-1,-1,43
IN13A015,vnc_intrinsic,vnc,LegNp(T3)(L),586.5,867.7,64,-1,14,-1,24,-1,58,-1,40,-1,35,-1
IN13A017,vnc_intrinsic,vnc,LegNp(T2)(L),465.0,841.4,-1,-1,-1,-1,-1,-1,-1,-1,48,-1,-1,-1
IN13A018,vnc_intrinsic,vnc,LegNp(T3)(L),630.7,875.0,14,-1,52,-1,37,-1,6,-1,56,-1,20,-1
IN13A019,vnc_intrinsic,vnc,LegNp(T2)(L),470.8,877.8,1,-1,45,-1,51,-1,59,-1,-1,-1,42,-1
IN13A020,vnc_intrinsic,vnc,LegNp(T2)(L),642.2,903.4,-1,-1,67,-1,18,-1,29,-1,31,-1,14,-1
IN13A021,vnc_intrinsic,vnc,LegNp(T3)(L),590.1,736.9,-1,-1,34,-1,36,-1,51,-1,55,-1,21,-1
IN13A022,vnc_intrinsic,vnc,LegNp(T2)(L),439.4,722.1,-1,-1,24,-1,28,-1,28,-1,-1,-1,14,-1
IN13A023,vnc_intrinsic,vnc,LegNp(T2)(L),408.3,850.5,47,-1,62,-1,-1,-1,-1,-1,53,-1,42,-1
IN13A024,vnc_intrinsic,vnc,LegNp(T2)(L),487.1,879.1,-1,-1,44,-1,-1,-1,53,-1,-1,-1,38,-1
IN13A025,vnc_intrinsic,vnc,LegNp(T2)(L),434.1,816.8,55,-1,-1,-1,43,-1,-1,-1,52,-1,62,41
IN13A026,vnc_intrinsic,vnc,LegNp(T3)(R),566.0,919.8,32,-1,-1,-1,-1,-1,-1,-1,68,-1,-1,43
IN13A027,vnc_intrinsic,vnc,LegNp(T1)(L),443.9,786.7,44,-1,55,-1,-1,-1,-1,-1,69,-1,55,42
IN13A028,vnc_intrinsic,vnc,LegNp(T3)(L),631.2,877.7,-1,-1,43,-1,13,-1,-1,-1,46,-1,32,-1
IN13A029,vnc_intrinsic,vnc,LegNp(T3)(L),600.0,888.0,-1,-1,15,-1,41,-1,52,-1,-1,-1,26,-1
IN13A030,vnc_intrinsic,vnc,LegNp(T3)(R),580.8,878.3,49,-1,44,-1,48,-1,59,-1,-1,-1,23,-1
IN13A031,vnc_intrinsic,vnc,LegNp(T3)(L),462.9,839.6,-1,-1,-1,-1,-1,-1,-1,-1,55,-1,-1,-1
IN13A032,vnc_intrinsic,vnc,LegNp(T2)(L),440.1,853.8,31,-1,58,-1,-1,-1,-1,-1,-1,-1,41,-1
IN13A033,vnc_intrinsic,vnc,LegNp(T2)(L),584.2,836.7,-1,-1,-1,-1,-1,-1,-1,-1,-1,-1,-1,43
IN13A034,vnc_intrinsic,vnc,LegNp(T2)(L),552.9,876.2,-1,-1,-1,-1,27,-1,-1,-1,38,-1,-1,42
IN13A035,vnc_intrinsic,vnc,LegNp(T1)(L),667.4,720.5,-1,-1,28,-1,19,-1,59,-1,28,-1,30,-1
IN13A036,vnc_intrinsic,vnc,LegNp(T2)(R),431.8,866.4,50,-1,56,-1,-1,-1,-1,-1,-1,-1,37,-1
IN13A037,vnc_intrinsic,vnc,LegNp(T1)(L),464.3,696.7,-1,-1,-1,-1,-1,-1,-1,-1,18,-1,-1,-1
IN13A038,vnc_intrinsic,vnc,LegNp(T3)(L),439.3,906.1,29,-1,-1,69,13,-1,55,-1,-1,-1,34,-1
IN13A039,vnc_intrinsic,vnc,LegNp(T2)(L),637.1,816.0,-1,-1,-1,-1,-1,-1,-1,-1,37,-1,68,-1
IN13A040,vnc_intrinsic,vnc,LegNp(T3)(R),479.4,832.3,-1,-1,-1,-1,-1,-1,-1,-1,58,-1,39,-1
IN13A041,vnc_intrinsic,vnc,LegNp(T1)(L),611.2,792.7,-1,-1,44,-1,-1,-1,-1,-1,19,-1,41,-1
IN13A042,vnc_intrinsic,vnc,LegNp(T3)(R),600.8,884.9,49,-1,-1,-1,69,-1,-1,-1,66,-1,-1,43
IN13A043,vnc_intrinsic,vnc,LegNp(T1)(L),467.5,788.3,-1,-1,-1,-1,-1,-1,-1,-1,-1,-1,-1,-1
IN13A044,vnc_intrinsic,vnc,LegNp(T2)(L),638.8,913.1,-1,-1,-1,-1,-1,-1,-1,-1,-1,-1,-1,-1
IN13A045,vnc_intrinsic,vnc,LegNp(T2)(L),570.3,850.7,-1,-1,38,-1,49,-1,-1,-1,2,-1,68,43
IN13A046,vnc_intrinsic,vnc,LegNp(T3)(R),449.6,892.5,-1,-1,-1,-1,-1,-1,-1,-1,-1,-1,-1,-1
IN13A047,vnc_intrinsic,vnc,LegNp(T1)(L),677.8,807.1,34,-1,-1,-1,-1,-1,58,-1,62,-1,36,-1
IN13A049,vnc_intrinsic,vnc,LegNp(T1)(L),619.2,688.4,67,-1,-1,-1,-1,-1,58,-1,15,-1,40,-1
IN13A050,vnc_intrinsic,vnc,LegNp(T3)(L),519.7,857.4,-1,-1,30,-1,27,-1,-1,-1,1,-1,40,-1
IN13A051,vnc_intrinsic,vnc,LegNp(T1)(L),624.5,689.9,-1,-1,41,-1,-1,-1,-1,-1,68,-1,-1,42
IN13A052,vnc_intrinsic,vnc,LegNp(T3)(L),624.3,879.2,-1,-1,-1,-1,-1,-1,-1,-1,-1,-1,55,42
IN13A053,vnc_intrinsic,vnc,LegNp(T3)(L),516.0,900.8,-1,-1,-1,-1,-1,-1,-1,-1,-1,-1,51,43
IN13A054,vnc_intrinsic,vnc,LegNp(T2)(L),415.4,835.8,5,-1,-1,-1,-1,-1,-1,-1,-1,-1,33,-1
IN13A055,vnc_intrinsic,vnc,LegNp(T3)(R),664.2,825.9,36,-1,-1,-1,-1,-1,-1,-1,-1,-1,34,-1
IN13A056,vnc_intrinsic,vnc,LegNp(T1)(L),656.9,722.3,3,-1,-1,-1,-1,-1,-1,-1,-1,-1,-1,-1
IN13A057,vnc_intrinsic,vnc,LegNp(T2)(L),452.8,893.3,6,-1,-1,-1,35,-1,-1,-1,10,-1,39,-1
IN13A058,vnc_intrinsic,vnc,LegNp(T1)(L),566.5,817.3,-1,-1,-1,-1,-1,-1,-1,-1,61,-1,-1,-1
IN13A059,vnc_intrinsic,vnc,LegNp(T3)(L),558.4,776.8,1,-1,46,-1,-1,-1,58,-1,-1,-1,36,-1
IN13A060,vnc_intrinsic,vnc,LegNp(T1)(L),666.6,821.2,-1,-1,51,-1,-1,-1,-1,-1,-1,-1,41,-1
IN13A061,vnc_intrinsic,vnc,LegNp(T1)(R),656.1,753.8,22,-1,-1,-1,-1,-1,-1,-1,-1,-1,-1,-1
IN13A062,vnc_intrinsic,vnc,LegNp(T2)(L),489.4,841.7,-1,-1,28,-1,46,-1,-1,-1,40,-1,30,-1
IN13A063,vnc_intrinsic,vnc,LegNp(T1)(L),487.8,763.5,60,-1,-1,-1,-1,-1,-1,-1,-1,-1,-1,42
IN13A064,vnc_intrinsic,vnc,LegNp(T2)(L),593.9,911.3,-1,-1,-1,-1,-1,-1,-1,-1,-1,-1,-1,-1
IN13A065,vnc_intrinsic,vnc,LegNp(T2)(L),432.6,795.6,17,-1,-1,-1,-1,-1,-1,-1,21,-1,-1,-1
IN13A067,vnc_intrinsic,vnc,LegNp(T3)(L),482.7,852.8,-1,-1,-1,-1,-1,-1,-1,-1,-1,-1,-1,-1
IN13A068,vnc_intrinsic,vnc,LegNp(T3)(R),496.3,808.2,2,-1,19,-1,36,-1,-1,-1,-1,-1,37,-1
IN13A069,vnc_intrinsic,vnc,LegNp(T3)(R),442.3,838.5,55,-1,-1,-1,-1,-1,-1,-1,-1,-1,38,-1
IN13A071,vnc_intrinsic,vnc,LegNp(T1)(L),657.4,795.3,6,-1,-1,-1,-1,-1,-1,-1,43,-1,-1,-1
IN13A072,vnc_intrinsic,vnc,LegNp(T2)(L),590.0,923.6,-1,-1,-1,-1,-1,-1,-1,-1,-1,-1,47,-1
IN13A073,vnc_intrinsic,vnc,LegNp(T3)(L),653.2,852.5,-1,-1,-1,-1,-1,-1,-1,-1,-1,-1,-1,-1
IN13A074,vnc_intrinsic,vnc,LegNp(T3)(R),445.5,866.4,-1,-1,-1,-1,-1,-1,-1,-1,61,-1,62,43
IN13A075,vnc_intrinsic,vnc,LegNp(T2)(L),603.4,864.7,60,-1,-1,-1,-1,-1,-1,-1,-1,-1,33,-1
IN13B001,vnc_intrinsic,vnc,LegNp(T3)(L),450.7,864.6,-1,-1,2,-1,5,-1,1,-1,10,-1,8,-1
IN13B004,vnc_intrinsic,vnc,LegNp(T3)(L),592.5,828.9,19,-1,8,-1,4,-1,9,-1,-1,-1,19,-1
IN13B005,vnc_intrinsic,vnc,LegNp(T2)(L),472.1,857.7,56,-1,2,-1,3,-1,24,-1,25,-1,26,-1
IN13B006,vnc_intrinsic,vnc,LegNp(T3)(R),609.3,930.5,23,-1,25,-1,11,-1,-1,-1,-1,-1,33,-1
IN13B007,vnc_intrinsic,vnc,LegNp(T3)(R),485.9,872.7,48,-1,14,-1,13,-1,18,-1,-1,-1,21,-1
IN13B008,vnc_intrinsic,vnc,LegNp(T2)(L),462.2,794.5,49,-1,64,-1,50,-1,17,-1,-1,-1,21,-1
IN13B009,vnc_intrinsic,vnc,LegNp(T2)(L),515.8,860.8,-1,-1,6,-1,13,-1,51,-1,47,-1,23,-1
IN13B010,vnc_intrinsic,vnc,LegNp(T3)(R),587.5,800.6,-1,-1,15,-1,19,-1,51,-1,-1,-1,31,-1
IN13B011,vnc_intrinsic,vnc,LegNp(T3)(R),490.4,834.9,13,-1,20,-1,7,-1,59,-1,-1,-1,34,-1
IN13B012,vnc_intrinsic,vnc,LegNp(T3)(R),432.6,858.3,-1,-1,21,-1,5,-1,-1,-1,9,-1,30,-1
IN13B013,vnc_intrinsic,vnc,LegNp(T3)(R),610.4,916.6,-1,-1,5,-1,14,-1,18,-1,-1,-1,4,-1
IN13B014,vnc_intrinsic,vnc,LegNp(T2)(R),633.6,856.6,-1,-1,9,-1,6,-1,-1,-1,-1,-1,37,-1
IN13B015,vnc_intrinsic,vnc,LegNp(T1)(L),686.3,740.8,39,-1,-1,58,-1,-1,-1,-1,-1,-1,-1,37
IN13B017,vnc_intrinsic,vnc,LegNp(T3)(R),455.6,861.0,12,-1,38,35,43,-1,-1,59,-1,-1,29,-1
IN13B018,vnc_intrinsic,vnc,LegNp(T3)(R),625.4,936.4,5,-1,18,-1,48,-1,54,-1,59,-1,43,-1
IN13B019,vnc_intrinsic,vnc,LegNp(T3)(L),496.2,837.8,-1,-1,-1,-1,46,-1,-1,-1,-1,-1,25,-1
IN13B020,vnc_intrinsic,vnc,LegNp(T3)(L),600.5,828.4,-1,-1,-1,-1,65,-1,-1,-1,-1,-1,42,-1
IN13B021,vnc_intrinsic,vnc,LegNp(T3)(R),460.6,872.5,-1,-1,23,-1,27,-1,-1,-1,-1,-1,-1,34
IN13B022,vnc_intrinsic,vnc,LegNp(T2)(L),619.7,870.0,35,-1,16,-1,26,-1,-1,-1,66,-1,32,-1
IN13B023,vnc_intrinsic,vnc,LegNp(T2)(L),571.6,767.1,22,-1,35,-1,-1,-1,56,-1,-1,-1,-1,43
IN13B024,vnc_intrinsic,vnc,LegNp(T2)(L),425.4,839.8,21,-1,-1,-1,-1,-1,-1,-1,-1,-1,39,-1
IN13B025,vnc_intrinsic,vnc,LegNp(T2)(R),451.8,863.8,8,-1,47,-1,7,-1,-1,-1,-1,-1,35,-1
IN13B026,vnc_intrinsic,vnc,LegNp(T3)(R),554.8,874.8,-1,-1,43,-1,10,-1,55,-1,-1,-1,40,-1
IN13B027,vnc_intrinsic,vnc,LegNp(T3)(R),449.5,908.9,33,-1,41,-1,18,-1,-1,-1,-1,-1,20,-1
IN13B028,vnc_intrinsic,vnc,LegNp(T1)(L),582.9,800.0,41,-1,58,-1,-1,-1,21,-1,49,-1,31,-1
IN13B029,vnc_intrinsic,vnc,LegNp(T3)(R),458.3,906.4,16,-1,48,-1,21,-1,-1,59,-1,-1,37,-1
IN13B030,vnc_intrinsic,vnc,LegNp(T2)(R),632.9,728.1,37,-1,67,-1,63,-1,57,-1,-1,-1,38,-1
IN13B031,vnc_intrinsic,vnc,LegNp(T3)(R),482.6,839.7,-1,-1,-1,-1,-1,-1,-1,-1,-1,-1,61,43
IN13B032,vnc_intrinsic,vnc,LegNp(T2)(L),641.4,814.6,-1,-1,44,-1,-1,-1,-1,-1,-1,-1,43,-1
IN13B033,vnc_intrinsic,vnc,LegNp(T2)(L),593.0,836.5,26,-1,68,65,-1,-1,-1,-1,-1,-1,-1,43
IN13B034,vnc_intrinsic,vnc,LegNp(T3)(L),585.0,826.7,14,-1,62,-1,69,-1,56,-1,53,-1,36,-1
IN13B035,vnc_intrinsic,vnc,LegNp(T3)(R),633.9,858.6,45,-1,-1,-1,-1,-1,-1,60,-1,-1,35,-1
IN13B036,vnc_intrinsic,vnc,LegNp(T3)(R),439.3,852.0,-1,-1,65,-1,-1,-1,-1,-1,-1,-1,46,43
IN13B037,vnc_intrinsic,vnc,LegNp(T2)(L),469.2,912.4,-1,-1,-1,45,-1,-1,60,-1,-1,-1,43,-1
IN13B038,vnc_intrinsic,vnc,LegNp(T2)(L),432.1,842.8,-1,-1,-1,-1,-1,-1,-1,-1,-1,-1,35,-1
IN13B039,vnc_intrinsic,vnc,LegNp(T2)(L),461.0,886.9,-1,-1,-1,-1,-1,-1,-1,-1,-1,-1,-1,64
IN13B040,vnc_intrinsic,vnc,LegNp(T1)(L),627.8,791.2,67,-1,-1,-1,-1,-1,-1,-1,-1,-1,-1,-1
IN13B041,vnc_intrinsic,vnc,LegNp(T3)(L),492.0,866.8,25,-1,-1,-1,-1,-1,61,-1,-1,-1,64,43
IN13B042,vnc_intrinsic,vnc,LegNp(T2)(L),645.0,861.9,46,-1,-1,-1,-1,-1,-1,-1,-1,-1,-1,43
IN13B043,vnc_intrinsic,vnc,LegNp(T3)(R),580.1,879.4,-1,-1,-1,-1,-1,-1,-1,-1,-1,-1,-1,43
IN13B044,vnc_intrinsic,vnc,LegNp(T3)(L),445.1,913.1,-1,-1,37,-1,-1,-1,58,-1,-1,-1,43,-1
IN13B045,vnc_intrinsic,vnc,LegNp(T2)(R),635.4,829.8,-1,-1,-1,-1,-1,-1,-1,-1,-1,-1,-1,43
IN13B046,vnc_intrinsic,vnc,LegNp(T3)(L),505.7,844.3,11,-1,65,-1,-1,-1,-1,-1,-1,-1,-1,43
IN13B048,vnc_intrinsic,vnc,LegNp(T3)(R),580.2,882.4,50,-1,-1,-1,-1,-1,-1,-1,14,-1,67,-1
IN13B049,vnc_intrinsic,vnc,LegNp(T2)(L),476.7,841.1,-1,-1,-1,-1,-1,-1,-1,-1,-1,-1,36,-1
IN13B050,vnc_intrinsic,vnc,LegNp(T2)(L),551.5,784.9,63,-1,55,-1,-1,-1,-1,-1,-1,-1,-1,43
IN13B051,vnc_intrinsic,vnc,LegNp(T2)(L),656.4,885.7,-1,-1,-1,-1,-1,-1,-1,-1,-1,-1,-1,43
IN13B052,vnc_intrinsic,vnc,LegNp(T3)(L),437.1,775.0,23,-1,-1,-1,-1,-1,-1,-1,-1,-1,-1,43
IN13B053,vnc_intrinsic,vnc,LegNp(T3)(L),623.9,834.6,-1,-1,-1,-1,-1,-1,-1,-1,-1,-1,-1,43
IN13B054,vnc_intrinsic,vnc,LegNp(T3)(R),432.2,895.9,45,-1,61,-1,-1,-1,-1,-1,-1,-1,40,-1
IN13B055,vnc_intrinsic,vnc,LegNp(T1)(R),403.4,720.5,-1,-1,-1,-1,-1,-1,-1,-1,-1,-1,38,-1
IN13B056,vnc_intrinsic,vnc,LegNp(T2)(L),502.6,873.3,19,-1,60,-1,49,-1,-1,-1,-1,-1,39,-1
IN13B057,vnc_intrinsic,vnc,LegNp(T3)(L),443.1,896.3,4,-1,61,-1,-1,-1,61,-1,-1,-1,33,-1
IN13B058,vnc_intrinsic,vnc,LegNp(T2)(L),600.3,925.0,51,-1,40,-1,63,-1,-1,-1,-1,-1,-1,42
IN13B059,vnc_intrinsic,vnc,LegNp(T1)(L),683.4,788.7,-1,-1,-1,-1,-1,-1,61,-1,-1,-1,-1,-1
IN13B060,vnc_intrinsic,vnc,LegNp(T3)(L),451.6,880.3,-1,-1,-1,-1,-1,-1,-1,-1,-1,-1,-1,43
IN13B061,vnc_intrinsic,vnc,LegNp(T3)(R),465.3,817.2,-1,-1,-1,-1,-1,-1,59,-1,-1,-1,-1,43
IN13B062,vnc_intrinsic,vnc,LegNp(T3)(R),479.9,829.0,45,-1,-1,-1,-1,-1,59,-1,-1,-1,39,-1
IN13B063,vnc_intrinsic,vnc,LegNp(T2)(R),624.4,820.4,-1,-1,-1,-1,-1,-1,-1,-1,-1,-1,-1,43
IN13B064,vnc_intrinsic,vnc,LegNp(T3)(R),372.9,776.6,-1,-1,-1,69,-1,-1,-1,-1,-1,-1,22,-1
IN13B065,vnc_intrinsic,vnc,LegNp(T1)(L),555.4,731.9,58,-1,61,-1,-1,-1,-1,-1,-1,-1,40,-1
IN13B066,vnc_intrinsic,vnc,LegNp(T1)(L),625.5,823.1,8,-1,-1,-1,-1,-1,-1,-1,-1,-1,41,-1
IN13B067,vnc_intrinsic,vnc,LegNp(T2)(L),579.3,886.6,-1,-1,-1,-1,-1,-1,-1,-1,65,-1,66,-1
IN13B068,vnc_intrinsic,vnc,LegNp(T1)(L),488.2,782.6,-1,-1,-1,-1,-1,-1,60,-1,-1,-1,29,-1
IN13B069,vnc_intrinsic,vnc,LegNp(T1)(R),473.2,805.7,14,-1,-1,-1,-1,-1,59,-1,-1,-1,29,-1
IN13B070,vnc_intrinsic,vnc,LegNp(T2)(L),484.8,830.5,-1,-1,-1,-1,69,-1,-1,-1,-1,-1,40,-1
IN13B071,vnc_intrinsic,vnc,LegNp(T2)(R),485.6,843.2,38,-1,-1,-1,-1,-1,-1,-1,-1,-1,-1,-1
IN13B072,vnc_intrinsic,vnc,LegNp(T1)(L),379.6,725.9,39,-1,-1,-1,-1,-1,56,-1,-1,-1,31,-1
IN13B073,vnc_intrinsic,vnc,LegNp(T2)(L),475.3,858.5,10,-1,-1,-1,-1,-1,-1,-1,-1,-1,-1,43
IN13B074,vnc_intrinsic,vnc,LegNp(T3)(L),484.2,835.7,31,-1,-1,-1,-1,-1,-1,-1,59,-1,64,43
IN13B075,vnc_intrinsic,vnc,LegNp(T1)(L),433.2,786.0,-1,-1,-1,-1,-1,-1,-1,-1,-1,-1,-1,43
IN13B076,vnc_intrinsic,vnc,LegNp(T3)(R),443.7,854.6,-1,-1,-1,-1,-1,-1,-1,-1,-1,-1,39,-1
IN13B077,vnc_intrinsic,vnc,LegNp(T3)(L),450.3,904.7,-1,-1,-1,-1,-1,-1,-1,-1,-1,-1,55,43
IN13B078,vnc_intrinsic,vnc,LegNp(T2)(L),482.2,841.6,9,-1,-1,-1,-1,-1,-1,-1,-1,-1,40,-1
IN13B079,vnc_intrinsic,vnc,LegNp(T3)(L),482.0,789.2,22,-1,-1,-1,-1,-1,-1,-1,-1,-1,-1,43
IN13B080,vnc_intrinsic,vnc,LegNp(T3)(L),641.4,894.9,55,-1,-1,-1,-1,-1,-1,-1,33,-1,31,-1
IN13B081,vnc_intrinsic,vnc,LegNp(T1)(R),661.8,768.1,5,-1,-1,-1,-1,-1,-1,-1,14,-1,-1,-1
IN13B082,vnc_intrinsic,vnc,LegNp(T2)(L),583.4,868.9,57,-1,-1,-1,-1,-1,-1,-1,-1,-1,-1,-1
IN13B084,vnc_intrinsic,vnc,LegNp(T2)(L),459.2,827.9,-1,-1,-1,-1,-1,-1,-1,-1,-1,-1,-1,43
IN13B085,vnc_intrinsic,vnc,LegNp(T3)(R),633.1,850.2,-1,-1,-1,-1,-1,-1,-1,-1,-1,-1,39,-1
IN13B087,vnc_intrinsic,vnc,LegNp(T2)(R),433.2,808.4,-1,-1,69,-1,-1,-1,66,-1,-1,-1,35,-1
IN13B088,vnc_intrinsic,vnc,LegNp(T3)(R),493.8,899.2,39,-1,-1,-1,-1,-1,-1,-1,-1,-1,-1,40
IN13B089,vnc_intrinsic,vnc,LegNp(T3)(R),454.8,924.0,-1,-1,-1,-1,-1,-1,-1,-1,-1,-1,-1,43
IN13B090,vnc_intrinsic,vnc,LegNp(T3)(R),598.4,896.0,-1,-1,42,-1,-1,-1,54,-1,-1,-1,37,-1
IN13B091,vnc_intrinsic,vnc,LegNp(T1)(L),626.3,792.8,42,-1,-1,-1,-1,-1,-1,-1,-1,-1,-1,43
IN13B093,vnc_intrinsic,vnc,LegNp(T1)(L),434.8,827.5,-1,-1,-1,-1,-1,-1,-1,-1,-1,-1,-1,43
IN13B094,vnc_intrinsic,vnc,LegNp(T2)(R),456.3,855.8,10,-1,-1,-1,-1,-1,-1,-1,-1,-1,-1,43
IN13B096_a,vnc_intrinsic,vnc,LegNp(T1)(L),656.7,719.6,-1,-1,-1,-1,-1,-1,-1,-1,-1,-1,-1,40
IN13B096_b,vnc_intrinsic,vnc,LegNp(T1)(L),572.2,719.6,21,-1,-1,-1,-1,-1,-1,-1,-1,-1,-1,43
IN13B097,vnc_intrinsic,vnc,LegNp(T3)(R),622.0,901.5,-1,-1,-1,-1,-1,-1,12,-1,4,-1,-1,43
IN13B098,vnc_intrinsic,vnc,LegNp(T2)(R),449.3,770.7,43,-1,-1,-1,-1,-1,-1,-1,14,-1,-1,51
IN13B099,vnc_intrinsic,vnc,LegNp(T3)(R),525.2,881.4,-1,-1,-1,-1,-1,-1,-1,-1,-1,-1,-1,64
IN13B100,vnc_intrinsic,vnc,LegNp(T3)(L),606.5,947.2,24,-1,-1,-1,-1,-1,-1,-1,6,-1,-1,-1
IN13B102,vnc_intrinsic,vnc,LegNp(T2)(L),583.2,857.9,-1,-1,-1,-1,-1,-1,-1,-1,-1,-1,-1,43
IN13B103,vnc_intrinsic,vnc,ANm,433.3,798.5,-1,-1,-1,-1,-1,-1,47,-1,-1,-1,-1,41
IN13B104,vnc_intrinsic,vnc,ANm,597.8,907.5,27,-1,-1,-1,-1,-1,-1,-1,-1,-1,22,-1
IN13B105,vnc_intrinsic,vnc,LegNp(T3)(L),608.6,840.2,18,-1,54,-1,56,-1,60,-1,-1,-1,41,-1
IN14A001,vnc_intrinsic,vnc,LegNp(T2)(L),608.5,863.9,-1,-1,3,-1,19,-1,5,-1,47,-1,25,-1
IN14A002,vnc_intrinsic,vnc,LegNp(T3)(L),460.4,818.3,-1,-1,2,-1,6,-1,51,-1,60,-1,16,-1
IN14A004,vnc_intrinsic,vnc,LegNp(T3)(R),424.4,776.0,4,-1,9,-1,6,-1,-1,-1,61,-1,31,-1
IN14A005,vnc_intrinsic,vnc,LegNp(T2)(L),422.4,903.1,-1,-1,6,-1,9,-1,55,-1,-1,-1,35,-1
IN14A006,vnc_intrinsic,vnc,LegNp(T3)(R),489.3,863.5,20,-1,9,-1,30,-1,53,-1,60,-1,33,-1
IN14A007,vnc_intrinsic,vnc,LegNp(T3)(R),473.3,924.2,-1,-1,16,-1,-1,-1,57,-1,15,-1,38,-1
IN14A008,vnc_intrinsic,vnc,LegNp(T3)(L),600.3,724.2,16,-1,6,-1,43,-1,57,-1,-1,-1,15,-1
IN14A009,vnc_intrinsic,vnc,LegNp(T2)(L),467.0,824.7,10,-1,31,-1,9,-1,-1,-1,-1,-1,30,-1
IN14A010,vnc_intrinsic,vnc,LegNp(T2)(L),588.0,908.9,-1,-1,23,-1,24,-1,57,-1,-1,-1,33,-1
IN14A011,vnc_intrinsic,vnc,LegNp(T2)(L),589.1,743.7,15,-1,61,-1,10,-1,61,-1,-1,-1,26,-1
IN14A012,vnc_intrinsic,vnc,LegNp(T2)(L),421.4,805.9,1,-1,36,-1,13,-1,-1,-1,-1,-1,35,-1
IN14A013,vnc_intrinsic,vnc,LegNp(T3)(R),598.7,787.2,10,-1,9,-1,18,-1,56,-1,-1,-1,8,-1
IN14A014,vnc_intrinsic,vnc,LegNp(T3)(R),615.9,877.7,58,-1,12,-1,53,-1,49,-1,62,-1,31,-1
IN14A015,vnc_intrinsic,vnc,LegNp(T2)(L),573.1,871.4,-1,-1,7,-1,22,-1,-1,-1,-1,-1,26,-1
IN14A016,vnc_intrinsic,vnc,LegNp(T3)(L),614.3,877.0,61,-1,-1,56,-1,-1,-1,62,-1,-1,-1,37
IN14A017,vnc_intrinsic,vnc,LegNp(T2)(L),637.0,716.9,-1,-1,44,-1,32,-1,24,-1,39,-1,38,-1
IN14A018,vnc_intrinsic,vnc,LegNp(T3)(R),656.1,901.3,-1,-1,51,-1,25,-1,55,-1,39,-1,34,-1
IN14A020,vnc_intrinsic,vnc,ANm,524.9,764.2,33,-1,4,-1,41,-1,51,-1,-1,-1,22,-1
IN14A021,vnc_intrinsic,vnc,LegNp(T3)(L),439.1,757.6,-1,-1,-1,-1,38,-1,57,-1,40,-1,37,-1
IN14A022,vnc_intrinsic,vnc,LegNp(T2)(L),603.9,807.5,41,-1,-1,-1,-1,-1,-1,-1,-1,-1,-1,40
IN14A023,vnc_intrinsic,vnc,LegNp(T2)(L),622.1,812.6,34,-1,21,-1,-1,-1,56,-1,-1,-1,59,42
IN14A024,vnc_intrinsic,vnc,LegNp(T2)(R),565.8,876.7,-1,-1,40,-1,44,-1,59,-1,-1,-1,33,-1
IN14A025,vnc_intrinsic,vnc,LegNp(T3)(R),490.7,881.7,64,-1,43,-1,-1,-1,-1,-1,-1,-1,-1,40
IN14A026,vnc_intrinsic,vnc,LegNp(T1)(L),483.5,757.8,43,-1,-1,-1,-1,-1,62,-1,49,-1,39,-1
IN14A028,vnc_intrinsic,vnc,LegNp(T2)(R),467.7,851.1,34,-1,-1,-1,59,-1,54,-1,40,-1,37,-1
IN14A029,vnc_intrinsic,vnc,ANm,498.6,773.2,41,-1,-1,62,-1,-1,56,-1,-1,-1,56,38
IN14A030,vnc_intrinsic,vnc,LegNp(T1)(L),412.8,794.1,46,-1,-1,-1,-1,-1,-1,-1,-1,-1,-1,42
IN14A031,vnc_intrinsic,vnc,LegNp(T2)(R),468.3,848.5,-1,-1,-1,-1,-1,-1,-1,-1,-1,-1,39,-1
IN14A032,vnc_intrinsic,vnc,LegNp(T3)(L),648.2,907.2,11,-1,-1,-1,-1,-1,-1,-1,25,-1,-1,-1
IN14A033,vnc_intrinsic,vnc,LegNp(T1)(L),592.4,779.3,6,-1,-1,-1,-1,-1,-1,-1,67,-1,-1,-1
IN14A034,vnc_intrinsic,vnc,LegNp(T2)(L),598.8,845.1,-1,-1,-1,-1,63,-1,-1,-1,49,-1,35,-1
IN14A035,vnc_intrinsic,vnc,LegNp(T1)(L),394.0,696.6,-1,-1,-1,-1,-1,-1,-1,-1,66,-1,-1,-1
IN14A036,vnc_intrinsic,vnc,LegNp(T3)(R),558.7,787.3,27,-1,-1,-1,-1,-1,-1,-1,-1,-1,-1,-1
IN14A037,vnc_intrinsic,vnc,LegNp(T2)(L),387.4,724.2,16,-1,-1,59,-1,-1,-1,-1,-1,-1,38,-1
IN14A038,vnc_intrinsic,vnc,LegNp(T2)(L),634.1,887.5,27,-1,69,35,-1,-1,58,-1,1,-1,-1,43
IN14A039,vnc_intrinsic,vnc,LegNp(T3)(L),657.2,860.6,30,-1,-1,-1,-1,-1,59,-1,-1,-1,36,-1
IN14A040,vnc_intrinsic,vnc,LegNp(T3)(R),595.8,860.9,-1,-1,-1,-1,-1,-1,-1,-1,-1,-1,-1,-1
IN14A041,vnc_intrinsic,vnc,LegNp(T1)(L),570.3,758.7,-1,-1,-1,-1,-1,-1,-1,-1,50,-1,40,-1
"IN14A042,IN14A047",vnc_intrinsic,vnc,LegNp(T3)(R),618.9,799.6,9,-1,17,-1,-1,-1,61,-1,-1,-1,34,-1
IN14A043,vnc_intrinsic,vnc,LegNp(T2)(L),466.3,914.6,-1,-1,47,-1,43,-1,57,-1,62,-1,35,-1
IN14A044,vnc_intrinsic,vnc,LegNp(T2)(L),481.8,939.3,28,-1,-1,-1,-1,-1,-1,-1,-1,-1,42,-1
IN14A045,vnc_intrinsic,vnc,LegNp(T3)(L),603.8,838.9,-1,-1,-1,-1,-1,-1,-1,-1,17,-1,-1,-1
IN14A046,vnc_intrinsic,vnc,LegNp(T2)(R),502.4,870.7,-1,-1,-1,-1,-1,-1,61,-1,-1,-1,31,-1
IN14A047,vnc_intrinsic,vnc,LegNp(T2)(L),642.0,907.0,-1,-1,-1,-1,-1,-1,29,-1,68,-1,14,-1
"IN14A048,IN14A102",vnc_intrinsic,vnc,LegNp(T1)(L),678.4,755.7,5,-1,-1,-1,-1,-1,-1,-1,17,-1,41,-1
IN14A050,vnc_intrinsic,vnc,LegNp(T3)(R),457.5,876.2,-1,-1,-1,-1,-1,-1,-1,-1,-1,-1,-1,42
IN14A051,vnc_intrinsic,vnc,LegNp(T3)(L),595.2,870.6,-1,-1,-1,-1,48,-1,54,-1,4,-1,37,-1
IN14A052,vnc_intrinsic,vnc,LegNp(T2)(R),607.8,903.4,56,-1,54,-1,40,-1,-1,-1,-1,-1,41,-1
IN14A053,vnc_intrinsic,vnc,LegNp(T3)(R),458.4,864.0,7,-1,-1,-1,-1,-1,59,-1,-1,-1,-1,-1
IN14A054,vnc_intrinsic,vnc,LegNp(T2)(L),566.2,880.0,2,-1,-1,-1,-1,-1,-1,-1,-1,-1,-1,43
IN14A055,vnc_intrinsic,vnc,LegNp(T1)(L),670.7,821.3,-1,-1,-1,-1,-1,-1,-1,-1,67,-1,38,-1
IN14A056,vnc_intrinsic,vnc,LegNp(T2)(L),497.0,865.5,15,-1,53,-1,-1,-1,-1,-1,-1,-1,39,-1
IN14A057,vnc_intrinsic,vnc,LegNp(T3)(R),595.8,828.5,-1,-1,-1,-1,-1,-1,61,-1,-1,-1,-1,43
IN14A058,vnc_intrinsic,vnc,LegNp(T3)(L),624.3,869.8,11,-1,-1,-1,-1,-1,-1,-1,-1,-1,42,-1
IN14A059,vnc_intrinsic,vnc,LegNp(T2)(R),553.2,894.7,-1,-1,-1,-1,-1,-1,-1,-1,-1,-1,-1,-1
IN14A061,vnc_intrinsic,vnc,LegNp(T2)(R),474.5,817.3,15,-1,-1,-1,-1,-1,-1,-1,-1,-1,-1,-1
IN14A062,vnc_intrinsic,vnc,LegNp(T3)(R),561.0,855.5,-1,-1,-1,-1,-1,-1,-1,-1,-1,-1,64,-1
IN14A063,vnc_intrinsic,vnc,LegNp(T2)(L),406.9,870.2,-1,-1,-1,-1,-1,-1,-1,-1,-1,-1,41,-1
IN14A064,vnc_intrinsic,vnc,LegNp(T1)(L),454.9,787.0,-1,-1,-1,-1,-1,-1,-1,-1,69,-1,40,-1
IN14A065,vnc_intrinsic,vnc,LegNp(T3)(R),570.4,908.4,-1,-1,-1,-1,-1,-1,-1,-1,-1,-1,-1,-1
IN14A066,vnc_intrinsic,vnc,LegNp(T1)(L),380.5,740.3,40,-1,-1,-1,-1,-1,9,-1,-1,-1,36,-1
IN14A068,vnc_intrinsic,vnc,LegNp(T3)(R),443.2,884.4,16,-1,-1,-1,-1,-1,-1,-1,-1,-1,31,-1
IN14A069,vnc_intrinsic,vnc,LegNp(T1)(L),395.0,820.3,44,-1,-1,-1,-1,-1,-1,-1,-1,-1,-1,-1
IN14A070,vnc_intrinsic,vnc,LegNp(T2)(R),487.6,891.9,12,-1,-1,-1,-1,-1,-1,-1,-1,-1,35,-1
IN14A072,vnc_intrinsic,vnc,LegNp(T3)(R),638.5,896.5,-1,-1,-1,-1,-1,-1,57,-1,-1,-1,39,-1
IN14A074,vnc_intrinsic,vnc,LegNp(T1)(L),649.3,837.5,54,-1,-1,-1,-1,-1,55,-1,-1,-1,38,-1
IN14A075,vnc_intrinsic,vnc,LegNp(T1)(R),393.2,827.9,30,-1,-1,-1,-1,-1,-1,-1,-1,-1,-1,-1
IN14A076,vnc_intrinsic,vnc,LegNp(T2)(L),675.7,706.4,-1,-1,-1,-1,-1,-1,-1,-1,-1,-1,40,-1
IN14A077,vnc_intrinsic,vnc,LegNp(T2)(R),599.2,804.4,-1,-1,-1,-1,-1,-1,57,-1,-1,-1,39,-1
IN14A078,vnc_intrinsic,vnc,LegNp(T2)(R),617.3,858.9,55,-1,22,-1,43,-1,60,-1,-1,-1,39,-1
IN14A079,vnc_intrinsic,vnc,LegNp(T2)(L),548.7,868.5,-1,-1,-1,-1,-1,-1,-1,-1,-1,-1,40,-1
IN14A080,vnc_intrinsic,vnc,LegNp(T2)(R),526.4,794.8,41,-1,-1,-1,-1,-1,-1,-1,-1,-1,40,-1
IN14A081,vnc_intrinsic,vnc,LegNp(T1)(L),394.4,733.2,-1,-1,-1,-1,-1,-1,-1,-1,65,-1,40,-1
IN14A082,vnc_intrinsic,vnc,LegNp(T3)(R),453.2,848.9,9,-1,68,-1,-1,-1,-1,-1,-1,-1,-1,43
IN14A084,vnc_intrinsic,vnc,LegNp(T3)(R),500.0,863.1,-1,-1,-1,-1,-1,-1,-1,-1,-1,-1,62,-1
IN14A085_a,vnc_intrinsic,vnc,LegNp(T2)(R),461.6,877.9,10,-1,-1,-1,-1,-1,-1,54,-1,-1,-1,43
IN14A085_b,vnc_intrinsic,vnc,LegNp(T2)(R),463.5,807.4,50,-1,-1,-1,-1,-1,-1,-1,-1,-1,45,-1
IN14A086,vnc_intrinsic,vnc,LegNp(T3)(L),427.6,705.9,11,-1,-1,49,-1,-1,-1,53,-1,-1,-1,43
IN14A087,vnc_intrinsic,vnc,LegNp(T3)(L),482.3,890.2,39,-1,-1,-1,-1,-1,-1,-1,-1,-1,-1,-1
IN14A088,vnc_intrinsic,vnc,LegNp(T2)(L),416.0,766.6,48,-1,-1,-1,-1,-1,-1,-1,-1,-1,42,-1
IN14A089,vnc_intrinsic,vnc,LegNp(T1)(L),414.5,802.0,-1,-1,-1,-1,-1,-1,59,-1,37,-1,-1,-1
IN14A090,vnc_intrinsic,vnc,LegNp(T2)(L),485.0,892.6,-1,-1,36,-1,67,-1,51,-1,-1,-1,38,-1
IN14A091,vnc_intrinsic,vnc,LegNp(T2)(R),580.3,875.6,34,-1,-1,-1,-1,-1,-1,-1,-1,-1,62,-1
IN14A093,vnc_intrinsic,vnc,LegNp(T2)(L),518.3,798.1,48,-1,-1,-1,-1,-1,-1,-1,-1,-1,29,-1
IN14A095,vnc_intrinsic,vnc,LegNp(T3)(R),468.4,880.7,69,-1,-1,-1,-1,-1,56,-1,18,-1,28,-1
IN14A096,vnc_intrinsic,vnc,LegNp(T1)(R),385.9,695.6,-1,-1,-1,-1,-1,-1,-1,-1,-1,-1,40,-1
IN14A097,vnc_intrinsic,vnc,LegNp(T3)(L),463.4,813.7,16,-1,-1,-1,-1,-1,-1,-1,-1,-1,41,-1
IN14A098,vnc_intrinsic,vnc,LegNp(T3)(R),610.4,852.4,-1,-1,-1,-1,-1,-1,-1,-1,-1,-1,-1,43
IN14A099,vnc_intrinsic,vnc,LegNp(T2)(R),581.9,854.0,31,-1,-1,-1,-1,-1,-1,-1,-1,-1,68,43
"IN14A100,IN14A113",vnc_intrinsic,vnc,LegNp(T1)(L),454.7,784.6,48,-1,-1,-1,-1,-1,69,-1,50,-1,40,-1
IN14A101,vnc_intrinsic,vnc,LegNp(T1)(L),658.0,715.3,22,-1,-1,-1,-1,-1,-1,-1,44,-1,31,-1
IN14A102,vnc_intrinsic,vnc,LegNp(T1)(R),410.9,701.7,53,-1,-1,-1,-1,-1,-1,-1,-1,-1,-1,43
IN14A103,vnc_intrinsic,vnc,LegNp(T1)(L),472.9,795.5,63,-1,-1,-1,-1,-1,-1,-1,-1,-1,60,-1
IN14A104,vnc_intrinsic,vnc,LegNp(T3)(R),460.7,897.1,48,-1,-1,-1,-1,-1,-1,-1,-1,-1,-1,-1
IN14A105,vnc_intrinsic,vnc,LegNp(T2)(L),494.2,870.8,44,-1,-1,-1,-1,-1,57,-1,-1,-1,53,43
IN14A106,vnc_intrinsic,vnc,LegNp(T3)(R),658.1,813.6,-1,-1,-1,-1,-1,-1,59,-1,-1,-1,-1,-1
IN14A107,vnc_intrinsic,vnc,LegNp(T2)(R),462.3,839.1,7,-1,-1,-1,-1,-1,-1,-1,-1,-1,-1,40
IN14A108,vnc_intrinsic,vnc,LegNp(T3)(R),495.7,832.9,-1,-1,40,-1,61,-1,58,-1,-1,-1,36,-1
IN14A109,vnc_intrinsic,vnc,LegNp(T3)(R),411.3,734.7,-1,-1,61,-1,-1,-1,47,-1,-1,-1,26,-1
IN14A110,vnc_intrinsic,vnc,LegNp(T2)(R),443.8,835.1,58,-1,-1,-1,-1,-1,16,-1,-1,-1,-1,43
IN14A111,vnc_intrinsic,vnc,LegNp(T3)(R),490.1,890.9,-1,-1,-1,-1,-1,-1,-1,-1,-1,-1,-1,43
IN14A114,vnc_intrinsic,vnc,LegNp(T3)(R),662.0,750.1,-1,-1,-1,-1,-1,-1,-1,-1,-1,-1,-1,-1
IN14A115,vnc_intrinsic,vnc,LegNp(T1)(R),401.6,819.7,-1,-1,-1,-1,-1,-1,-1,-1,-1,-1,29,-1
IN14A116,vnc_intrinsic,vnc,LegNp(T1)(L),582.9,721.4,19,-1,-1,-1,-1,-1,-1,-1,-1,-1,29,-1
IN14A117,vnc_intrinsic,vnc,LegNp(T2)(L),460.1,812.5,62,-1,-1,-1,-1,-1,-1,-1,-1,-1,39,-1
IN14A118,vnc_intrinsic,vnc,LegNp(T2)(R),449.0,848.4,27,-1,63,-1,53,-1,62,-1,-1,-1,-1,43
IN14A119,vnc_intrinsic,vnc,LegNp(T2)(L),439.8,736.7,60,-1,-1,-1,-1,-1,56,-1,-1,-1,39,-1
IN14A120,vnc_intrinsic,vnc,LegNp(T2)(L),504.0,808.3,29,-1,-1,-1,-1,-1,-1,-1,-1,-1,42,-1
IN14A121_a,vnc_intrinsic,vnc,LegNp(T3)(R),593.4,844.4,34,-1,-1,-1,-1,-1,-1,-1,-1,-1,36,-1
IN14A121_b,vnc_intrinsic,vnc,LegNp(T3)(R),490.3,882.1,52,-1,-1,-1,-1,-1,-1,-1,-1,-1,-1,54
IN14A123,vnc_intrinsic,vnc,LegNp(T1)(L),599.9,777.3,-1,-1,-1,-1,-1,-1,-1,-1,-1,-1,-1,-1
IN14B001,vnc_intrinsic,vnc,LegNp(T2)(L),613.4,881.8,1,-1,66,-1,-1,-1,-1,-1,-1,-1,19,-1
IN14B002,vnc_intrinsic,vnc,LegNp(T1)(L),458.5,731.7,20,-1,-1,-1,67,-1,-1,-1,-1,-1,60,41
IN14B003,vnc_intrinsic,vnc,LegNp(T3)(L),505.6,784.2,-1,-1,45,-1,64,-1,-1,-1,-1,-1,18,-1
IN14B004,vnc_intrinsic,vnc,LegNp(T1)(L),621.6,711.8,6,-1,-1,-1,-1,-1,-1,-1,19,-1,42,-1
IN14B005,vnc_intrinsic,vnc,LegNp(T3)(L),446.8,855.1,5,-1,56,-1,31,-1,57,-1,36,-1,42,-1
IN14B006,vnc_intrinsic,vnc,LegNp(T3)(L),454.1,884.0,10,-1,-1,-1,-1,-1,-1,-1,36,-1,32,-1
IN14B007,vnc_intrinsic,vnc,IntTct,451.5,668.6,-1,-1,11,-1,19,-1,12,-1,-1,-1,37,-1
IN14B008,vnc_intrinsic,vnc,ANm,547.1,860.4,20,-1,34,-1,64,-1,30,-1,-1,-1,3,-1
IN14B009,vnc_intrinsic,vnc,ANm,500.9,776.0,19,-1,51,-1,-1,-1,52,-1,-1,-1,8,-1
IN14B010,vnc_intrinsic,vnc,LegNp(T1)(L),651.9,859.8,-1,-1,46,-1,-1,-1,61,-1,35,-1,41,-1
IN14B011,vnc_intrinsic,vnc,LegNp(T1)(L),593.1,777.5,20,-1,52,-1,-1,-1,54,-1,62,-1,29,-1
IN14B012,vnc_intrinsic,vnc,LegNp(T2)(L),597.2,870.3,17,-1,43,-1,-1,-1,-1,-1,-1,-1,40,-1
IN16B014,vnc_intrinsic,vnc,LegNp(T1)(L),631.4,749.5,28,-1,-1,-1,29,-1,-1,-1,3,-1,15,-1
IN16B016,vnc_intrinsic,vnc,LegNp(T2)(L),605.6,870.4,-1,-1,19,-1,6,-1,-1,-1,28,-1,23,-1
IN16B018,vnc_intrinsic,vnc,LegNp(T3)(R),414.3,710.1,-1,-1,21,-1,29,-1,-1,-1,18,-1,39,-1
IN16B020,vnc_intrinsic,vnc,LegNp(T3)(L),601.6,763.2,-1,-1,6,-1,6,-1,47,-1,3,-1,31,-1
IN16B022,vnc_intrinsic,vnc,LegNp(T2)(L),601.7,760.8,12,-1,25,-1,20,-1,54,-1,34,-1,39,-1
IN16B024,vnc_intrinsic,vnc,LegNp(T3)(R),427.5,875.2,-1,-1,-1,-1,-1,-1,63,-1,-1,-1,42,-1
IN16B029,vnc_intrinsic,vnc,LegNp(T3)(R),582.9,848.5,57,-1,13,-1,28,-1,56,-1,52,-1,41,-1
IN16B030,vnc_intrinsic,vnc,LegNp(T3)(L),476.7,854.7,12,-1,13,-1,25,-1,55,-1,53,-1,41,-1
IN16B032,vnc_intrinsic,vnc,LegNp(T2)(L),609.6,816.8,46,-1,8,-1,47,-1,53,-1,22,-1,35,-1
IN16B033,vnc_intrinsic,vnc,LegNp(T3)(R),489.1,847.1,-1,-1,23,-1,11,-1,55,-1,26,-1,29,-1
IN16B034,vnc_intrinsic,vnc,LegNp(T1)(L),617.6,768.8,-1,-1,30,-1,-1,-1,60,-1,8,-1,37,-1
IN16B036,vnc_intrinsic,vnc,LegNp(T3)(R),638.3,768.5,16,-1,6,-1,-1,-1,54,-1,-1,-1,31,-1
IN16B037,vnc_intrinsic,vnc,LegNp(T2)(L),496.4,838.6,25,-1,27,-1,-1,-1,54,-1,-1,-1,14,-1
IN16B038,vnc_intrinsic,vnc,LegNp(T1)(L),667.7,779.4,-1,-1,-1,-1,-1,-1,-1,-1,19,-1,-1,-1
IN16B039,vnc_intrinsic,vnc,LegNp(T3)(L),613.1,805.6,30,-1,-1,-1,45,-1,-1,-1,-1,-1,32,-1
IN16B040,vnc_intrinsic,vnc,LegNp(T3)(R),573.3,833.8,-1,-1,-1,-1,-1,-1,-1,-1,-1,-1,41,-1
IN16B041,vnc_intrinsic,vnc,LegNp(T3)(R),437.9,852.5,-1,-1,52,-1,37,-1,54,-1,-1,-1,33,-1
IN16B042,vnc_intrinsic,vnc,LegNp(T3)(L),687.2,752.6,12,-1,5,-1,9,-1,-1,60,-1,-1,42,-1
IN16B045,vnc_intrinsic,vnc,LegNp(T2)(L),453.4,791.9,-1,-1,19,-1,8,-1,15,-1,20,-1,39,-1
IN16B046,vnc_intrinsic,vnc,IntTct,520.7,719.4,-1,-1,-1,-1,-1,-1,-1,-1,-1,-1,21,-1
IN16B047,vnc_intrinsic,vnc,IntTct,487.3,769.6,3,-1,-1,-1,-1,-1,53,-1,-1,-1,16,-1
IN16B048,vnc_intrinsic,vnc,IntTct,586.3,766.9,-1,-1,-1,-1,-1,-1,53,-1,-1,-1,17,-1
IN16B049,vnc_intrinsic,vnc,ANm,508.0,804.6,-1,-1,18,-1,19,-1,-1,-1,56,-1,38,-1
IN16B050,vnc_intrinsic,vnc,LegNp(T1)(L),592.5,749.2,-1,-1,-1,-1,-1,-1,-1,-1,-1,-1,-1,60
IN16B051,vnc_intrinsic,vnc,HTct(UTct-T3)(L),495.0,779.0,44,-1,-1,-1,-1,-1,-1,-1,-1,-1,20,-1
IN16B052,vnc_intrinsic,vnc,LegNp(T2)(L),493.4,902.0,20,-1,-1,-1,-1,58,58,-1,-1,-1,39,-1
IN16B053,vnc_intrinsic,vnc,LegNp(T3)(L),615.2,885.2,22,-1,39,-1,-1,-1,50,-1,-1,-1,55,40
IN16B054,vnc_intrinsic,vnc,LegNp(T3)(L),611.7,827.7,63,-1,69,-1,-1,-1,-1,-1,-1,-1,34,-1
IN16B055,vnc_intrinsic,vnc,LegNp(T1)(L),602.1,780.0,39,-1,62,-1,68,-1,30,-1,65,-1,-1,38
IN16B056,vnc_intrinsic,vnc,LegNp(T1)(L),453.4,723.4,1,-1,-1,-1,-1,-1,-1,-1,-1,-1,-1,42
IN16B057,vnc_intrinsic,vnc,LegNp(T1)(L),384.6,756.0,15,-1,-1,-1,-1,-1,-1,-1,-1,-1,-1,42
IN16B058,vnc_intrinsic,vnc,LegNp(T1)(L),619.1,776.6,47,-1,-1,-1,-1,-1,55,-1,66,-1,36,-1
IN16B059,vnc_intrinsic,vnc,HTct(UTct-T3)(L),496.8,756.2,6,-1,-1,-1,-1,-1,-1,-1,-1,-1,23,-1
IN16B060,vnc_intrinsic,vnc,LegNp(T1)(L),484.7,757.9,-1,-1,-1,-1,-1,-1,59,-1,34,-1,30,-1
IN16B061,vnc_intrinsic,vnc,LegNp(T1)(L),628.4,768.9,-1,-1,50,-1,27,-1,60,-1,3,-1,-1,42
IN16B062,vnc_intrinsic,vnc,WTct(UTct-T2)(L),629.2,688.7,-1,-1,-1,68,43,-1,-1,-1,-1,-1,-1,-1
IN16B063,vnc_intrinsic,vnc,WTct(UTct-T2)(L),453.9,710.3,14,-1,27,-1,-1,-1,47,-1,-1,-1,41,-1
IN16B064,vnc_intrinsic,vnc,LegNp(T1)(L),560.2,821.9,-1,-1,62,-1,-1,-1,60,-1,-1,-1,38,-1
IN16B065,vnc_intrinsic,vnc,LegNp(T2)(L),597.2,839.2,-1,-1,-1,-1,-1,-1,-1,-1,-1,-1,-1,-1
IN16B066,vnc_intrinsic,vnc,HTct(UTct-T3)(L),569.5,770.7,-1,-1,-1,-1,-1,-1,-1,-1,-1,-1,24,-1
IN16B068_a,vnc_intrinsic,vnc,WTct(UTct-T2)(L),426.6,687.1,45,-1,-1,-1,-1,-1,-1,-1,-1,-1,41,-1
IN16B068_b,vnc_intrinsic,vnc,WTct(UTct-T2)(L),607.9,701.2,36,-1,-1,-1,-1,-1,-1,-1,49,-1,-1,-1
IN16B068_c,vnc_intrinsic,vnc,WTct(UTct-T2)(L),574.1,798.1,-1,-1,-1,-1,-1,-1,-1,-1,-1,-1,21,-1
IN16B069,vnc_intrinsic,vnc,WTct(UTct-T2)(L),604.2,731.7,11,-1,37,-1,31,-1,46,-1,-1,-1,41,-1
IN16B070,vnc_intrinsic,vnc,LegNp(T1)(L),372.9,766.1,-1,-1,-1,-1,-1,-1,-1,-1,30,-1,37,-1
IN16B071,vnc_intrinsic,vnc,IntTct,586.5,712.2,20,-1,65,-1,41,-1,-1,-1,-1,-1,21,-1
IN16B072,vnc_intrinsic,vnc,WTct(UTct-T2)(L),598.3,708.0,-1,-1,-1,-1,67,-1,-1,-1,-1,-1,16,-1
IN16B073,vnc_intrinsic,vnc,LegNp(T2)(L),641.2,916.7,18,-1,26,-1,55,-1,59,-1,-1,-1,47,41
IN16B074,vnc_intrinsic,vnc,LegNp(T3)(R),469.6,873.9,-1,-1,-1,66,-1,-1,-1,-1,-1,-1,-1,42
IN16B075,vnc_intrinsic,vnc,LegNp(T1)(L),465.4,770.4,-1,-1,-1,-1,-1,-1,-1,-1,-1,-1,-1,43
IN16B075_a,vnc_intrinsic,vnc,LegNp(T2)(L),460.5,806.1,-1,-1,-1,-1,-1,-1,-1,-1,-1,-1,-1,-1
IN16B075_b,vnc_intrinsic,vnc,LegNp(T2)(L),632.9,837.5,-1,-1,-1,-1,-1,-1,-1,-1,-1,-1,-1,-1
IN16B075_c,vnc_intrinsic,vnc,LegNp(T2)(L),587.3,830.6,11,-1,-1,53,-1,-1,-1,-1,-1,-1,-1,-1
IN16B075_d,vnc_intrinsic,vnc,LegNp(T2)(L),475.0,863.8,-1,-1,-1,-1,-1,-1,-1,-1,-1,-1,-1,-1
IN16B075_e,vnc_intrinsic,vnc,LegNp(T2)(L),567.7,881.8,-1,-1,-1,-1,-1,-1,-1,-1,-1,-1,48,43
IN16B075_f,vnc_intrinsic,vnc,LegNp(T2)(R),592.6,880.3,12,-1,-1,-1,-1,-1,-1,-1,-1,-1,38,-1
IN16B075_g,vnc_intrinsic,vnc,LegNp(T2)(L),588.2,839.9,64,-1,-1,-1,-1,-1,-1,-1,-1,-1,40,-1
IN16B075_h,vnc_intrinsic,vnc,LegNp(T1)(L),650.1,727.7,-1,-1,-1,-1,-1,-1,-1,-1,50,-1,38,-1
IN16B075_i,vnc_intrinsic,vnc,LegNp(T1)(L),368.7,731.7,-1,-1,-1,-1,-1,-1,-1,61,-1,-1,42,-1
IN16B076,vnc_intrinsic,vnc,LegNp(T1)(L),451.1,745.1,7,-1,-1,-1,-1,-1,-1,-1,-1,-1,39,-1
IN16B077,vnc_intrinsic,vnc,LegNp(T1)(L),588.4,912.9,40,-1,-1,-1,64,-1,-1,-1,-1,-1,60,41
IN16B079,vnc_intrinsic,vnc,IntTct,482.4,690.1,28,-1,-1,-1,41,-1,16,-1,-1,-1,21,-1
IN16B080,vnc_intrinsic,vnc,LegNp(T1)(L),619.2,755.7,14,-1,-1,-1,-1,-1,-1,-1,-1,-1,-1,42
IN16B082,vnc_intrinsic,vnc,LegNp(T3)(R),564.0,906.0,-1,-1,-1,-1,-1,-1,-1,-1,-1,-1,44,43
IN16B083,vnc_intrinsic,vnc,LegNp(T2)(L),639.6,797.9,-1,-1,-1,63,-1,-1,-1,-1,-1,-1,-1,41
IN16B084,vnc_intrinsic,vnc,HTct(UTct-T3)(R),484.4,749.2,21,-1,-1,-1,-1,-1,-1,-1,-1,-1,-1,43
IN16B085,vnc_intrinsic,vnc,LegNp(T3)(R),588.5,877.9,13,-1,-1,-1,-1,-1,-1,-1,-1,-1,-1,41
IN16B086,vnc_intrinsic,vnc,LegNp(T3)(R),464.3,778.6,-1,-1,-1,-1,-1,-1,-1,-1,-1,-1,38,-1
IN16B087,vnc_intrinsic,vnc,HTct(UTct-T3)(L),529.0,731.7,66,-1,-1,-1,-1,-1,-1,-1,-1,-1,25,-1
"IN16B088,IN16B109",vnc_intrinsic,vnc,LegNp(T3)(L),589.6,839.4,-1,-1,-1,-1,-1,-1,-1,-1,-1,-1,-1,43
IN16B089,vnc_intrinsic,vnc,HTct(UTct-T3)(R),564.9,829.4,69,-1,-1,50,-1,-1,25,-1,-1,-1,53,43
IN16B090,vnc_intrinsic,vnc,LegNp(T2)(L),594.6,863.9,-1,-1,-1,-1,-1,-1,-1,-1,-1,-1,42,-1
IN16B091,vnc_intrinsic,vnc,LegNp(T1)(L),599.0,718.4,-1,-1,-1,-1,-1,-1,-1,-1,66,-1,30,-1
IN16B092,vnc_intrinsic,vnc,WTct(UTct-T2)(L),439.0,691.7,3,-1,-1,-1,43,-1,-1,-1,-1,-1,-1,-1
IN16B093,vnc_intrinsic,vnc,HTct(UTct-T3)(L),504.1,841.4,59,-1,32,-1,42,-1,-1,-1,51,-1,20,-1
IN16B094,vnc_intrinsic,vnc,LegNp(T1)(R),657.4,755.1,-1,-1,-1,-1,-1,-1,-1,-1,-1,-1,-1,43
IN16B095,vnc_intrinsic,vnc,LegNp(T2)(L),615.7,866.7,67,-1,-1,-1,-1,-1,-1,-1,-1,-1,-1,43
IN16B096,vnc_intrinsic,vnc,LegNp(T3)(L),654.1,841.3,-1,-1,-1,-1,-1,-1,-1,69,-1,-1,-1,34
IN16B097,vnc_intrinsic,vnc,LegNp(T2)(L),444.9,876.3,37,-1,-1,60,-1,-1,-1,-1,-1,-1,49,42
IN16B098,vnc_intrinsic,vnc,LegNp(T2)(L),620.3,801.1,-1,-1,-1,-1,-1,-1,-1,-1,-1,-1,-1,43
IN16B099,vnc_intrinsic,vnc,WTct(UTct-T2)(L),434.6,740.7,24,-1,9,-1,-1,-1,-1,-1,-1,-1,-1,43
IN16B100_a,vnc_intrinsic,vnc,IntTct,534.5,777.1,-1,-1,-1,-1,-1,-1,-1,-1,67,-1,22,-1
IN16B100_b,vnc_intrinsic,vnc,IntTct,501.9,788.5,-1,-1,-1,-1,-1,-1,-1,-1,-1,-1,36,-1
IN16B100_c,vnc_intrinsic,vnc,IntTct,486.3,755.0,-1,-1,-1,-1,-1,-1,14,-1,42,-1,27,-1
IN16B101,vnc_intrinsic,vnc,LegNp(T3)(R),458.5,861.4,-1,-1,-1,-1,-1,58,-1,-1,-1,-1,-1,42
IN16B104,vnc_intrinsic,vnc,HTct(UTct-T3)(R),501.4,755.6,-1,-1,-1,-1,-1,-1,-1,-1,-1,-1,-1,43
IN16B105,vnc_intrinsic,vnc,LegNp(T3)(L),581.8,863.1,-1,-1,-1,-1,-1,-1,-1,-1,32,-1,40,-1
IN16B106,vnc_intrinsic,vnc,HTct(UTct-T3)(L),482.8,745.5,67,-1,58,-1,-1,-1,13,-1,-1,-1,41,-1
IN16B107,vnc_intrinsic,vnc,HTct(UTct-T3)(R),505.4,740.4,31,-1,-1,-1,-1,-1,-1,-1,-1,-1,61,-1
IN16B108,vnc_intrinsic,vnc,LegNp(T3)(R),434.5,891.1,-1,-1,-1,-1,-1,-1,-1,-1,-1,-1,43,-1
IN16B111,vnc_intrinsic,vnc,HTct(UTct-T3)(L),548.8,709.7,-1,-1,-1,-1,-1,-1,25,-1,-1,-1,20,-1
IN16B113,vnc_intrinsic,vnc,LegNp(T2)(L),444.9,849.9,-1,-1,-1,-1,-1,-1,-1,-1,-1,-1,-1,43
IN16B114,vnc_intrinsic,vnc,LegNp(T1)(L),465.8,783.2,-1,-1,-1,-1,-1,-1,-1,-1,-1,-1,-1,42
IN16B115,vnc_intrinsic,vnc,LegNp(T1)(L),477.2,761.6,66,-1,-1,-1,-1,-1,-1,-1,-1,-1,62,43
IN16B117,vnc_intrinsic,vnc,LegNp(T2)(L),566.9,865.8,6,-1,-1,-1,-1,-1,-1,-1,-1,-1,-1,43
IN16B118,vnc_intrinsic,vnc,LegNp(T3)(R),465.4,886.8,10,-1,-1,-1,-1,-1,-1,-1,-1,-1,-1,43
IN16B119,vnc_intrinsic,vnc,LegNp(T3)(L),463.2,916.6,13,-1,-1,-1,-1,-1,-1,-1,-1,-1,-1,41
IN16B120,vnc_intrinsic,vnc,LegNp(T3)(L),453.9,882.3,-1,-1,-1,-1,-1,-1,-1,-1,-1,-1,-1,43
IN16B121,vnc_intrinsic,vnc,LegNp(T1)(L),476.6,758.5,-1,-1,-1,-1,-1,-1,-1,-1,-1,-1,-1,43
IN16B122,vnc_intrinsic,vnc,LegNp(T1)(L),618.2,826.8,28,-1,-1,-1,-1,-1,-1,-1,-1,-1,-1,42
IN16B123,vnc_intrinsic,vnc,LegNp(T1)(R),418.6,833.0,32,-1,-1,-1,-1,-1,-1,-1,-1,-1,-1,43
IN16B124,vnc_intrinsic,vnc,LegNp(T1)(L),656.3,803.8,-1,-1,-1,-1,-1,-1,-1,-1,-1,-1,40,-1
IN16B125,vnc_intrinsic,vnc,LegNp(T2)(L),501.9,891.5,-1,-1,-1,-1,-1,-1,-1,-1,-1,-1,41,-1
IN17A001,vnc_intrinsic,vnc,LegNp(T3)(L),616.4,738.6,11,-1,2,-1,2,-1,49,-1,14,-1,40,-1
IN17A007,vnc_intrinsic,vnc,LegNp(T3)(L),462.6,869.2,26,-1,8,-1,14,-1,61,-1,59,-1,34,-1
IN17A011,vnc_intrinsic,vnc,HTct(UTct-T3)(L),482.5,728.7,59,-1,17,-1,42,-1,12,-1,38,-1,4,-1
IN17A013,vnc_intrinsic,vnc,LegNp(T3)(R),494.1,810.9,26,-1,26,-1,20,-1,49,-1,46,-1,20,-1
IN17A016,vnc_intrinsic,vnc,LegNp(T2)(L),594.6,813.8,7,-1,6,-1,14,-1,54,-1,31,-1,27,-1
IN17A017,vnc_intrinsic,vnc,LegNp(T2)(L),599.7,709.2,31,-1,6,-1,9,-1,57,-1,29,-1,34,-1
IN17A019,vnc_intrinsic,vnc,LegNp(T3)(R),612.7,822.8,-1,-1,13,-1,11,-1,58,-1,-1,-1,33,-1
IN17A020,vnc_intrinsic,vnc,LegNp(T3)(L),436.3,770.8,46,-1,13,-1,16,-1,47,-1,-1,-1,21,-1
IN17A022,vnc_intrinsic,vnc,LegNp(T3)(L),491.0,895.0,9,-1,47,-1,13,-1,-1,-1,-1,-1,-1,43
IN17A023,vnc_intrinsic,vnc,Ov(L),623.1,700.5,-1,-1,22,-1,18,-1,-1,-1,-1,-1,18,-1
IN17A025,vnc_intrinsic,vnc,LegNp(T3)(L),486.2,906.9,29,-1,19,-1,3,-1,53,-1,3,-1,39,-1
IN17A027,vnc_intrinsic,vnc,WTct(UTct-T2)(R),424.8,765.6,45,-1,57,-1,25,-1,-1,-1,33,-1,22,-1
IN17A028,vnc_intrinsic,vnc,LegNp(T3)(R),438.5,803.8,-1,-1,9,-1,50,-1,57,-1,-1,-1,34,-1
IN17A029,vnc_intrinsic,vnc,LTct,554.0,796.8,-1,-1,41,-1,64,-1,-1,-1,43,-1,42,-1
IN17A030,vnc_intrinsic,vnc,LTct,568.1,912.6,9,-1,41,-1,56,-1,-1,-1,43,-1,41,-1
IN17A032,vnc_intrinsic,vnc,LTct,430.8,720.3,31,-1,52,-1,62,-1,-1,-1,35,-1,36,-1
IN17A033,vnc_intrinsic,vnc,WTct(UTct-T2)(L),470.6,668.6,-1,-1,57,-1,40,-1,-1,-1,34,-1,42,-1
IN17A034,vnc_intrinsic,vnc,LTct,449.0,728.1,-1,-1,57,-1,49,-1,-1,-1,-1,-1,37,-1
IN17A035,vnc_intrinsic,vnc,WTct(UTct-T2)(L),471.8,828.1,20,-1,-1,-1,57,-1,-1,-1,-1,-1,43,-1
IN17A037,vnc_intrinsic,vnc,LegNp(T1)(L),467.0,878.5,40,-1,-1,-1,-1,-1,58,-1,-1,-1,-1,37
IN17A039,vnc_intrinsic,vnc,WTct(UTct-T2)(L),535.4,783.1,-1,-1,58,-1,34,-1,-1,-1,58,-1,22,-1
IN17A040,vnc_intrinsic,vnc,LTct,525.7,815.1,-1,-1,-1,-1,-1,-1,-1,-1,-1,-1,52,37
IN17A041,vnc_intrinsic,vnc,LegNp(T2)(R),422.2,744.3,25,-1,20,-1,55,-1,-1,-1,58,-1,33,-1
IN17A042,vnc_intrinsic,vnc,LTct,515.4,772.6,-1,-1,-1,-1,-1,-1,60,-1,-1,-1,35,-1
"IN17A043,IN17A046",vnc_intrinsic,vnc,LegNp(T3)(R),583.2,818.6,38,-1,22,-1,23,-1,12,-1,34,-1,16,-1
IN17A044,vnc_intrinsic,vnc,LegNp(T3)(L),596.2,854.0,28,-1,35,-1,-1,-1,-1,-1,59,-1,64,42
IN17A045,vnc_intrinsic,vnc,WTct(UTct-T2)(L),623.9,811.2,2,-1,-1,-1,-1,-1,-1,-1,-1,-1,58,-1
IN17A048,vnc_intrinsic,vnc,WTct(UTct-T2)(R),490.1,803.9,6,-1,62,-1,38,-1,-1,-1,44,-1,41,-1
IN17A049,vnc_intrinsic,vnc,WTct(UTct-T2)(L),612.0,708.9,-1,-1,34,-1,15,-1,-1,-1,29,-1,43,-1
IN17A051,ascending_neuron,vnc,ANm,647.2,926.6,10,-1,-1,-1,-1,-1,-1,-1,-1,-1,-1,37
IN17A052,vnc_intrinsic,vnc,LegNp(T2)(L),470.7,766.1,5,-1,8,-1,3,-1,56,-1,2,-1,35,-1
IN17A053,vnc_intrinsic,vnc,LegNp(T1)(L),662.3,697.0,61,-1,-1,-1,-1,-1,58,-1,-1,-1,-1,29
IN17A055,vnc_intrinsic,vnc,WTct(UTct-T2)(R),462.2,717.9,-1,-1,-1,-1,-1,-1,-1,-1,35,-1,-1,43
IN17A056,vnc_intrinsic,vnc,WTct(UTct-T2)(L),614.7,757.0,-1,-1,-1,-1,-1,-1,-1,-1,36,-1,28,-1
IN17A057,vnc_intrinsic,vnc,WTct(UTct-T2)(L),553.5,712.6,-1,-1,-1,-1,-1,-1,-1,-1,36,-1,28,-1
IN17A058,vnc_intrinsic,vnc,LegNp(T3)(L),584.2,849.5,5,-1,-1,53,-1,-1,-1,-1,-1,-1,-1,40
"IN17A059,IN17A063",vnc_intrinsic,vnc,WTct(UTct-T2)(L),457.8,712.6,19,-1,56,-1,52,-1,12,-1,37,-1,17,-1
IN17A060,vnc_intrinsic,vnc,WTct(UTct-T2)(L),503.3,710.4,32,-1,15,-1,46,-1,17,-1,64,-1,15,-1
IN17A061,vnc_intrinsic,vnc,LegNp(T2)(L),593.7,897.3,-1,-1,24,-1,11,-1,-1,-1,53,-1,40,-1
IN17A064,vnc_intrinsic,vnc,WTct(UTct-T2)(L),541.9,800.7,30,-1,24,-1,15,-1,-1,-1,8,-1,39,-1
IN17A065,vnc_intrinsic,vnc,LegNp(T1)(L),567.3,821.2,24,-1,-1,-1,-1,-1,-1,-1,65,-1,-1,40
IN17A066,vnc_intrinsic,vnc,LegNp(T3)(L),645.2,761.0,58,-1,-1,-1,-1,-1,-1,-1,-1,-1,-1,30
IN17A067,vnc_intrinsic,vnc,WTct(UTct-T2)(L),442.2,704.9,64,-1,-1,-1,-1,-1,-1,-1,38,-1,20,-1
"IN17A071,IN17A081",vnc_intrinsic,vnc,WTct(UTct-T2)(R),494.4,699.0,-1,-1,22,-1,32,-1,17,-1,-1,-1,25,-1
IN17A072,vnc_intrinsic,vnc,WTct(UTct-T2)(L),598.3,715.3,-1,-1,-1,-1,-1,-1,-1,-1,-1,-1,-1,-1
IN17A074,vnc_intrinsic,vnc,WTct(UTct-T2)(R),589.5,718.4,54,-1,-1,-1,-1,-1,-1,-1,38,-1,42,-1
IN17A075,vnc_intrinsic,vnc,WTct(UTct-T2)(L),436.9,702.1,-1,-1,-1,-1,-1,-1,17,-1,-1,-1,-1,-1
IN17A077,vnc_intrinsic,vnc,WTct(UTct-T2)(L),577.7,730.4,9,-1,-1,-1,-1,-1,-1,-1,-1,-1,22,-1
IN17A078,vnc_intrinsic,vnc,WTct(UTct-T2)(L),613.8,717.9,-1,-1,53,-1,40,-1,-1,-1,-1,-1,46,37
IN17A079,vnc_intrinsic,vnc,LegNp(T2)(R),596.1,893.4,-1,-1,54,-1,-1,-1,-1,-1,-1,-1,35,-1
"IN17A080,IN17A083",vnc_intrinsic,vnc,Ov(L),429.9,755.0,-1,-1,58,-1,43,-1,44,-1,-1,-1,6,-1
"IN17A082,IN17A086",vnc_intrinsic,vnc,WTct(UTct-T2)(R),509.6,940.1,-1,-1,32,-1,-1,-1,-1,-1,39,-1,27,-1
IN17A084,vnc_intrinsic,vnc,Ov(L),432.1,751.2,54,-1,-1,-1,-1,-1,53,-1,-1,-1,22,-1
IN17A085,vnc_intrinsic,vnc,WTct(UTct-T2)(L),613.7,780.8,26,-1,-1,-1,44,-1,-1,-1,-1,-1,27,-1
IN17A087,vnc_intrinsic,vnc,Ov(R),448.3,816.1,-1,-1,-1,-1,-1,-1,-1,-1,-1,-1,-1,37
"IN17A088,IN17A089",vnc_intrinsic,vnc,Ov(L),581.0,802.0,20,-1,-1,62,39,-1,-1,-1,-1,-1,29,-1
IN17A090,vnc_intrinsic,vnc,Ov(L),590.2,818.1,-1,-1,-1,-1,-1,-1,17,-1,-1,-1,19,-1
IN17A091,vnc_intrinsic,vnc,WTct(UTct-T2)(L),580.1,850.5,25,-1,-1,-1,-1,-1,-1,-1,-1,-1,50,41
IN17A092,vnc_intrinsic,vnc,LegNp(T3)(R),522.8,806.0,-1,-1,-1,-1,-1,-1,-1,-1,-1,-1,-1,42
IN17A093,vnc_intrinsic,vnc,Ov(L),442.3,716.0,62,-1,-1,69,65,-1,15,-1,-1,-1,31,-1
IN17A094,vnc_intrinsic,vnc,LTct,527.0,777.0,-1,-1,60,-1,-1,-1,66,-1,-1,-1,24,-1
IN17A095,vnc_intrinsic,vnc,Ov(L),450.7,786.2,-1,-1,-1,-1,48,-1,-1,-1,-1,-1,41,-1
IN17A096,vnc_intrinsic,vnc,LTct,552.0,778.4,-1,-1,-1,-1,-1,-1,-1,-1,37,-1,-1,37
IN17A097,vnc_intrinsic,vnc,WTct(UTct-T2)(L),563.1,716.1,-1,-1,-1,-1,-1,-1,45,-1,-1,-1,-1,-1
IN17A098,vnc_intrinsic,vnc,WTct(UTct-T2)(L),588.8,726.1,-1,-1,-1,-1,-1,-1,-1,-1,60,-1,32,-1
IN17A099,vnc_intrinsic,vnc,Ov(L),568.9,807.5,41,-1,69,-1,32,-1,17,-1,-1,-1,22,-1
IN17A100,vnc_intrinsic,vnc,WTct(UTct-T2)(L),427.8,740.2,20,-1,-1,-1,-1,-1,-1,-1,-1,-1,-1,-1
IN17A101,vnc_intrinsic,vnc,LTct,439.0,700.5,-1,-1,-1,-1,-1,-1,-1,66,-1,-1,-1,36
IN17A102,vnc_intrinsic,vnc,WTct(UTct-T2)(L),578.6,693.0,-1,-1,-1,-1,-1,-1,-1,-1,-1,-1,-1,-1
IN17A103,vnc_intrinsic,vnc,WTct(UTct-T2)(L),478.4,895.5,-1,-1,-1,-1,-1,-1,-1,-1,39,-1,32,-1
IN17A104,vnc_intrinsic,vnc,WTct(UTct-T2)(L),448.4,735.8,-1,-1,-1,-1,-1,-1,-1,-1,-1,-1,-1,-1
IN17A105,vnc_intrinsic,vnc,WTct(UTct-T2)(R),503.7,695.8,-1,-1,-1,-1,-1,-1,-1,-1,-1,-1,-1,41
IN17A106_a,vnc_intrinsic,vnc,WTct(UTct-T2)(L),631.7,775.1,38,-1,-1,63,60,-1,-1,-1,-1,-1,-1,-1
IN17A106_b,vnc_intrinsic,vnc,WTct(UTct-T2)(L),560.7,822.2,-1,-1,-1,63,-1,-1,-1,-1,-1,-1,-1,-1
IN17A107,vnc_intrinsic,vnc,WTct(UTct-T2)(L),630.1,764.4,-1,-1,-1,63,-1,-1,-1,-1,-1,-1,-1,-1
IN17A108,vnc_intrinsic,vnc,WTct(UTct-T2)(R),535.5,716.2,-1,-1,-1,-1,-1,-1,-1,-1,7,-1,41,-1
IN17A109,vnc_intrinsic,vnc,Ov(R),415.2,714.1,-1,-1,-1,-1,-1,-1,-1,-1,-1,-1,-1,-1
"IN17A109,IN17A120",vnc_intrinsic,vnc,Ov(L),567.7,792.4,59,-1,-1,-1,68,-1,-1,-1,-1,-1,-1,-1
IN17A110,vnc_intrinsic,vnc,WTct(UTct-T2)(R),535.5,774.9,23,-1,-1,36,-1,-1,-1,-1,-1,-1,-1,31
IN17A111,vnc_intrinsic,vnc,WTct(UTct-T2)(L),580.8,719.0,30,-1,-1,-1,49,-1,-1,-1,-1,-1,42,-1
IN17A112,vnc_intrinsic,vnc,WTct(UTct-T2)(R),622.8,701.5,-1,-1,64,-1,63,-1,-1,-1,-1,-1,37,-1
IN17A113,vnc_intrinsic,vnc,WTct(UTct-T2)(R),433.1,796.4,-1,-1,-1,-1,-1,-1,-1,-1,39,-1,62,-1
"IN17A113,IN17A119",vnc_intrinsic,vnc,WTct(UTct-T2)(L),638.5,705.1,-1,-1,37,-1,-1,-1,-1,-1,-1,-1,41,-1
IN17A114,vnc_intrinsic,vnc,WTct(UTct-T2)(L),463.6,699.0,20,-1,-1,-1,-1,-1,-1,-1,37,-1,50,37
IN17A115,vnc_intrinsic,vnc,WTct(UTct-T2)(L),504.7,851.2,-1,-1,-1,-1,-1,-1,-1,-1,67,-1,-1,42
IN17A116,vnc_intrinsic,vnc,WTct(UTct-T2)(L),624.6,732.6,-1,-1,-1,-1,-1,-1,-1,-1,-1,-1,41,-1
IN17A118,vnc_intrinsic,vnc,Ov(R),584.8,807.2,-1,-1,-1,-1,56,-1,-1,-1,-1,-1,-1,-1
IN17A119,vnc_intrinsic,vnc,WTct(UTct-T2)(R),513.3,771.7,41,-1,-1,-1,-1,-1,-1,-1,-1,-1,56,-1
IN17B001,vnc_intrinsic,vnc,WTct(UTct-T2)(L),436.9,728.5,19,-1,11,-1,30,-1,3,-1,35,-1,1,-1
IN17B003,vnc_intrinsic,vnc,Ov(L),416.4,782.4,-1,-1,30,-1,28,-1,2,-1,23,-1,2,-1
IN17B004,vnc_intrinsic,vnc,WTct(UTct-T2)(L),597.3,808.2,13,-1,5,-1,7,-1,3,-1,30,-1,1,-1
IN17B006,vnc_intrinsic,vnc,Ov(L),496.6,842.0,-1,-1,-1,46,23,-1,19,-1,-1,-1,14,-1
IN17B008,vnc_intrinsic,vnc,ANm,615.4,813.6,-1,-1,56,-1,-1,-1,3,-1,26,-1,27,-1
IN17B010,vnc_intrinsic,vnc,ANm,593.9,927.5,-1,-1,-1,-1,57,-1,1,-1,-1,-1,26,-1
IN17B014,vnc_intrinsic,vnc,ANm,605.3,740.9,-1,-1,-1,44,45,-1,12,-1,26,-1,20,-1
IN17B015,vnc_intrinsic,vnc,WTct(UTct-T2)(L),621.2,809.0,-1,-1,28,-1,21,-1,9,-1,-1,-1,2,-1
IN17B017,vnc_intrinsic,vnc,LegNp(T3)(R),453.6,854.7,-1,-1,34,-1,-1,-1,21,-1,-1,-1,6,-1
IN18B005,vnc_intrinsic,vnc,LegNp(T3)(R),450.5,919.3,42,-1,48,-1,6,-1,27,-1,5,-1,38,-1
IN18B006,vnc_intrinsic,vnc,LegNp(T3)(R),581.8,856.6,31,-1,44,-1,27,-1,61,-1,40,-1,38,-1
IN18B008,vnc_intrinsic,vnc,ANm,550.6,835.1,-1,-1,-1,-1,18,-1,-1,-1,22,-1,-1,40
IN18B009,vnc_intrinsic,vnc,ANm,544.3,849.1,-1,-1,-1,-1,25,-1,57,-1,40,-1,22,-1
IN18B011,vnc_intrinsic,vnc,LTct,470.8,814.8,-1,-1,-1,-1,26,-1,-1,-1,16,-1,38,-1
IN18B012,vnc_intrinsic,vnc,LegNp(T2)(L),470.1,817.7,36,-1,43,-1,-1,-1,-1,-1,-1,-1,23,-1
IN18B013,vnc_intrinsic,vnc,LegNp(T3)(L),458.0,877.6,-1,-1,27,-1,54,-1,-1,-1,-1,-1,23,-1
IN18B014,vnc_intrinsic,vnc,LegNp(T1)(L),435.2,711.3,37,-1,-1,-1,-1,-1,-1,-1,-1,-1,39,-1
IN18B015,vnc_intrinsic,vnc,LegNp(T3)(R),643.5,831.2,-1,-1,-1,-1,54,-1,-1,-1,-1,-1,-1,41
IN18B016,vnc_intrinsic,vnc,LegNp(T3)(L),578.5,873.9,49,-1,63,-1,39,-1,-1,-1,-1,-1,20,-1
IN18B017,vnc_intrinsic,vnc,LTct,461.4,916.2,46,-1,-1,-1,61,-1,56,-1,-1,-1,7,-1
IN18B018,vnc_intrinsic,vnc,LegNp(T1)(L),573.0,731.8,9,-1,-1,-1,-1,-1,-1,-1,64,-1,34,-1
IN18B020,vnc_intrinsic,vnc,IntTct,458.5,720.8,-1,-1,13,-1,19,-1,15,-1,65,-1,22,-1
IN18B021,vnc_intrinsic,vnc,LegNp(T3)(L),601.5,914.3,17,-1,10,-1,9,-1,45,-1,23,-1,29,-1
IN18B026,vnc_intrinsic,vnc,WTct(UTct-T2)(L),593.8,723.7,-1,-1,32,-1,24,-1,16,-1,35,-1,23,-1
IN18B027,vnc_intrinsic,vnc,WTct(UTct-T2)(L),487.0,854.5,13,-1,-1,-1,-1,-1,27,-1,-1,-1,23,-1
IN18B028,vnc_intrinsic,vnc,ANm,637.7,909.3,66,-1,-1,-1,61,-1,-1,-1,64,-1,68,-1
IN18B029,vnc_intrinsic,vnc,LegNp(T3)(L),461.3,873.2,-1,-1,-1,-1,-1,-1,-1,-1,-1,-1,-1,40
IN18B031,vnc_intrinsic,vnc,LegNp(T2)(L),600.1,850.6,-1,-1,50,-1,49,-1,6,-1,9,-1,14,-1
IN18B032,vnc_intrinsic,vnc,Ov(L),500.6,809.2,1,-1,56,-1,54,-1,47,-1,4,-1,21,-1
IN18B033,vnc_intrinsic,vnc,ANm,548.8,764.2,38,-1,16,-1,50,-1,-1,-1,-1,-1,39,-1
IN18B034,vnc_intrinsic,vnc,WTct(UTct-T2)(L),526.6,734.8,33,-1,27,-1,49,-1,44,-1,-1,-1,19,-1
IN18B035,vnc_intrinsic,vnc,ANm,517.1,724.8,-1,-1,37,-1,21,-1,52,-1,-1,-1,21,-1
IN18B036,vnc_intrinsic,vnc,ANm,465.9,898.8,-1,-1,54,-1,-1,-1,-1,-1,-1,-1,-1,43
IN18B037,vnc_intrinsic,vnc,IntTct,460.1,837.1,-1,-1,57,-1,51,-1,-1,-1,-1,-1,-1,-1
IN18B038,vnc_intrinsic,vnc,ANm,530.1,862.6,-1,-1,33,-1,7,-1,46,-1,3,-1,34,-1
IN18B039,vnc_intrinsic,vnc,IntTct,521.5,732.0,34,-1,-1,-1,-1,-1,12,-1,15,-1,21,-1
IN18B040,vnc_intrinsic,vnc,LegNp(T3)(L),496.4,818.3,-1,-1,-1,-1,61,-1,47,-1,33,-1,18,-1
IN18B041,vnc_intrinsic,vnc,HTct(UTct-T3)(R),566.1,796.7,-1,-1,-1,-1,-1,-1,-1,-1,39,-1,44,-1
IN18B042,vnc_intrinsic,vnc,ANm,431.6,685.1,38,-1,31,-1,27,-1,55,-1,-1,-1,20,-1
IN18B043,vnc_intrinsic,vnc,ANm,483.4,703.0,60,-1,40,-1,46,-1,15,-1,54,-1,27,-1
IN18B044,vnc_intrinsic,vnc,ANm,439.1,866.3,-1,-1,-1,-1,56,-1,46,-1,4,-1,5,-1
IN18B045_a,vnc_intrinsic,vnc,LegNp(T2)(R),604.5,809.8,-1,-1,-1,-1,-1,-1,29,-1,68,-1,14,-1
IN18B045_b,vnc_intrinsic,vnc,LTct,540.5,757.4,18,-1,-1,-1,-1,-1,51,-1,-1,-1,20,-1
IN18B045_c,vnc_intrinsic,vnc,LTct,476.8,876.2,30,-1,-1,-1,-1,-1,-1,-1,-1,-1,-1,41
IN18B046,vnc_intrinsic,vnc,ANm,522.0,746.4,21,-1,-1,-1,-1,-1,15,-1,35,-1,26,-1
IN18B047,vnc_intrinsic,vnc,LTct,589.6,858.8,13,-1,-1,-1,-1,-1,60,-1,-1,-1,62,41
IN18B048,vnc_intrinsic,vnc,LegNp(T3)(L),605.4,829.5,55,-1,-1,-1,-1,-1,-1,63,-1,-1,52,42
IN18B049,vnc_intrinsic,vnc,ANm,613.6,823.5,-1,-1,-1,-1,-1,-1,-1,-1,-1,-1,-1,42
IN18B050,vnc_intrinsic,vnc,LegNp(T3)(L),617.1,898.1,-1,-1,-1,-1,-1,-1,-1,59,-1,-1,48,38
IN18B051,vnc_intrinsic,vnc,LegNp(T3)(R),640.9,915.1,-1,-1,49,-1,46,-1,22,-1,-1,-1,-1,41
IN18B052,vnc_intrinsic,vnc,ANm,456.5,679.7,-1,-1,-1,-1,-1,-1,59,-1,-1,-1,-1,41
IN18B054,vnc_intrinsic,vnc,ANm,569.4,889.0,-1,-1,-1,-1,-1,-1,-1,-1,-1,-1,29,-1
IN18B055,vnc_intrinsic,vnc,ANm,505.8,923.9,-1,-1,-1,-1,-1,-1,-1,-1,-1,-1,-1,37
IN18B056,vnc_intrinsic,vnc,ANm,540.5,838.6,-1,-1,-1,-1,-1,-1,-1,-1,-1,-1,-1,38
IN19A001,vnc_intrinsic,vnc,LegNp(T3)(L),638.0,844.5,-1,-1,2,-1,2,-1,49,-1,2,-1,28,-1
IN19A002,vnc_intrinsic,vnc,LegNp(T2)(L),606.1,954.9,58,-1,2,-1,3,-1,23,-1,12,-1,9,-1
IN19A003,vnc_intrinsic,vnc,LegNp(T2)(L),649.5,842.1,-1,-1,6,-1,3,-1,59,-1,2,-1,38,-1
IN19A004,vnc_intrinsic,vnc,LegNp(T3)(L),450.4,784.0,-1,-1,3,-1,2,-1,52,-1,2,-1,40,-1
IN19A005,vnc_intrinsic,vnc,LegNp(T3)(L),483.9,858.3,-1,-1,4,-1,3,-1,46,-1,1,-1,32,-1
IN19A006,vnc_intrinsic,vnc,LegNp(T2)(L),440.2,864.3,-1,-1,6,-1,22,-1,57,-1,-1,-1,38,-1
IN19A007,vnc_intrinsic,vnc,LegNp(T2)(L),570.2,866.6,-1,-1,5,-1,3,-1,25,-1,54,-1,39,-1
IN19A008,vnc_intrinsic,vnc,LegNp(T3)(L),442.5,822.4,50,-1,3,-1,3,-1,53,-1,3,-1,31,-1
IN19A009,vnc_intrinsic,vnc,LegNp(T2)(L),619.5,865.4,-1,-1,28,-1,-1,-1,60,-1,-1,-1,40,-1
IN19A010,vnc_intrinsic,vnc,LegNp(T2)(L),598.1,805.9,-1,-1,14,-1,9,-1,61,-1,7,-1,33,-1
IN19A011,vnc_intrinsic,vnc,LegNp(T3)(R),485.4,877.4,3,-1,3,-1,3,-1,50,-1,3,-1,29,-1
IN19A012,vnc_intrinsic,vnc,LegNp(T2)(L),572.7,725.6,23,-1,17,-1,13,-1,55,-1,13,-1,35,-1
IN19A013,vnc_intrinsic,vnc,LegNp(T2)(L),428.5,892.8,54,-1,14,-1,11,-1,-1,-1,7,-1,41,-1
IN19A014,vnc_intrinsic,vnc,LegNp(T3)(L),441.0,900.0,-1,-1,23,-1,16,-1,27,-1,35,-1,31,-1
IN19A015,vnc_intrinsic,vnc,LegNp(T3)(R),476.3,843.9,62,-1,10,-1,16,-1,58,-1,3,-1,30,-1
IN19A016,vnc_intrinsic,vnc,LegNp(T3)(L),462.3,833.5,-1,-1,4,-1,3,-1,-1,-1,2,-1,38,-1
IN19A017,vnc_intrinsic,vnc,LTct,601.9,934.0,-1,-1,34,-1,-1,-1,-1,-1,-1,-1,28,-1
IN19A018,vnc_intrinsic,vnc,LegNp(T3)(L),545.6,765.0,-1,-1,50,-1,21,-1,55,-1,47,-1,17,-1
IN19A019,vnc_intrinsic,vnc,LegNp(T2)(L),650.1,821.7,18,-1,20,-1,29,-1,61,-1,-1,-1,30,-1
IN19A020,vnc_intrinsic,vnc,LegNp(T2)(L),584.0,894.9,53,-1,14,-1,6,-1,59,-1,36,-1,42,-1
IN19A021,vnc_intrinsic,vnc,LegNp(T2)(L),467.7,777.7,-1,-1,25,-1,12,-1,-1,-1,-1,-1,38,-1
IN19A022,vnc_intrinsic,vnc,LegNp(T2)(L),628.0,822.6,-1,-1,12,-1,8,-1,-1,-1,-1,-1,57,41
IN19A024,vnc_intrinsic,vnc,LegNp(T2)(L),636.3,809.3,-1,-1,40,-1,45,-1,52,-1,-1,-1,40,-1
IN19A026,vnc_intrinsic,vnc,ANm,501.0,722.6,1,-1,20,-1,26,-1,-1,-1,1,-1,17,-1
IN19A027,vnc_intrinsic,vnc,LegNp(T3)(L),546.3,807.8,-1,-1,29,-1,43,-1,49,-1,-1,-1,21,-1
IN19A028,vnc_intrinsic,vnc,ANm,577.6,852.0,-1,-1,26,-1,43,-1,45,-1,-1,-1,23,-1
IN19A029,vnc_intrinsic,vnc,LegNp(T3)(L),494.4,829.9,-1,-1,17,-1,19,-1,-1,-1,-1,-1,22,-1
IN19A030,vnc_intrinsic,vnc,LegNp(T3)(R),480.5,866.6,-1,-1,16,-1,31,-1,-1,-1,-1,-1,32,-1
IN19A031,vnc_intrinsic,vnc,LegNp(T3)(L),468.3,779.4,-1,-1,-1,-1,-1,-1,-1,-1,4,-1,-1,43
IN19A032,vnc_intrinsic,vnc,LegNp(T2)(L),663.6,799.3,53,-1,18,-1,-1,-1,12,-1,59,-1,16,-1
IN19A033,vnc_intrinsic,vnc,LegNp(T3)(L),611.8,909.7,22,-1,-1,-1,36,-1,-1,-1,5,-1,33,-1
IN19A034,vnc_intrinsic,vnc,LegNp(T3)(L),602.3,918.9,-1,-1,18,-1,66,-1,25,-1,-1,-1,15,-1
IN19A036,vnc_intrinsic,vnc,ANm,526.1,826.2,-1,-1,28,-1,16,-1,45,-1,19,-1,21,-1
IN19A037,vnc_intrinsic,vnc,LegNp(T3)(L),590.6,795.7,7,-1,-1,-1,44,-1,-1,-1,62,-1,-1,41
IN19A040,vnc_intrinsic,vnc,ANm,509.7,793.9,9,-1,65,-1,29,-1,69,-1,51,-1,31,-1
IN19A041,vnc_intrinsic,vnc,LegNp(T2)(R),472.4,930.4,-1,-1,-1,-1,6,-1,-1,-1,15,-1,30,-1
IN19A042,vnc_intrinsic,vnc,LegNp(T2)(L),442.5,797.6,59,-1,-1,-1,16,-1,44,-1,-1,-1,4,-1
IN19A043,vnc_intrinsic,vnc,LegNp(T2)(L),626.9,791.0,-1,-1,-1,-1,27,-1,12,-1,48,-1,3,-1
IN19A044,vnc_intrinsic,vnc,LegNp(T3)(R),578.8,920.9,17,-1,-1,-1,-1,-1,-1,-1,-1,-1,-1,42
IN19A045,vnc_intrinsic,vnc,LegNp(T3)(R),609.9,803.3,-1,-1,-1,-1,12,-1,45,-1,-1,-1,23,-1
IN19A046,vnc_intrinsic,vnc,LegNp(T3)(R),645.6,901.2,27,-1,-1,-1,-1,-1,-1,-1,-1,-1,-1,-1
IN19A047,vnc_intrinsic,vnc,LegNp(T3)(R),564.3,769.5,-1,-1,-1,-1,-1,-1,14,-1,56,-1,19,-1
IN19A048,vnc_intrinsic,vnc,LegNp(T2)(R),445.1,892.5,-1,-1,-1,-1,-1,-1,-1,-1,36,-1,-1,43
IN19A049,vnc_intrinsic,vnc,LegNp(T3)(R),530.3,842.3,-1,-1,-1,-1,-1,-1,17,-1,52,-1,16,-1
IN19A052,vnc_intrinsic,vnc,LegNp(T3)(R),483.5,815.3,-1,-1,-1,61,-1,-1,-1,-1,-1,-1,-1,42
IN19A054,vnc_intrinsic,vnc,LegNp(T2)(L),585.6,821.2,18,-1,-1,-1,19,-1,-1,-1,8,-1,35,-1
IN19A056,vnc_intrinsic,vnc,LegNp(T2)(R),433.4,760.7,25,-1,-1,-1,14,-1,12,-1,65,-1,1,-1
IN19A057,vnc_intrinsic,vnc,LegNp(T3)(L),540.2,836.4,10,-1,-1,-1,21,-1,48,-1,-1,-1,3,-1
IN19A059,vnc_intrinsic,vnc,LegNp(T2)(L),567.0,889.6,47,-1,-1,-1,-1,-1,-1,-1,31,-1,-1,41
IN19A060,vnc_intrinsic,vnc,LegNp(T3)(R),462.5,829.9,34,-1,-1,-1,-1,-1,-1,-1,6,-1,-1,-1
IN19A060_a,vnc_intrinsic,vnc,LegNp(T3)(L),467.5,847.2,51,-1,-1,-1,-1,-1,-1,-1,-1,-1,-1,43
IN19A060_b,vnc_intrinsic,vnc,LegNp(T3)(R),483.2,925.0,-1,-1,-1,-1,-1,-1,-1,-1,34,-1,51,-1
IN19A060_c,vnc_intrinsic,vnc,LegNp(T3)(L),554.1,876.8,-1,-1,-1,-1,10,-1,-1,-1,58,-1,57,42
IN19A060_d,vnc_intrinsic,vnc,LegNp(T3)(R),453.1,816.4,-1,-1,-1,-1,20,-1,-1,-1,-1,-1,-1,42
IN19A060_e,vnc_intrinsic,vnc,LegNp(T3)(R),486.9,925.7,1,-1,-1,-1,-1,-1,-1,-1,-1,-1,35,-1
IN19A061,vnc_intrinsic,vnc,LegNp(T1)(L),371.1,761.6,-1,-1,-1,-1,-1,-1,-1,-1,61,-1,-1,-1
IN19A064,vnc_intrinsic,vnc,LegNp(T3)(L),627.1,753.6,42,-1,50,-1,-1,-1,54,-1,-1,-1,36,-1
IN19A065,vnc_intrinsic,vnc,LegNp(T1)(L),616.1,746.6,-1,-1,-1,-1,-1,-1,-1,-1,-1,-1,-1,-1
IN19A067,vnc_intrinsic,vnc,LTct,513.1,770.5,31,-1,-1,-1,-1,-1,-1,-1,68,-1,-1,-1
IN19A069_a,vnc_intrinsic,vnc,LegNp(T2)(L),525.0,737.8,-1,-1,-1,-1,-1,-1,-1,-1,65,-1,-1,-1
IN19A069_b,vnc_intrinsic,vnc,LTct,567.1,890.4,-1,-1,-1,-1,-1,-1,-1,-1,60,-1,-1,-1
IN19A069_c,vnc_intrinsic,vnc,LTct,599.4,803.8,22,-1,-1,-1,-1,-1,-1,-1,67,-1,-1,-1
IN19A070,vnc_intrinsic,vnc,LegNp(T3)(L),608.5,889.2,13,-1,-1,-1,-1,-1,14,-1,65,-1,-1,67
IN19A071,vnc_intrinsic,vnc,LegNp(T2)(L),469.5,864.2,-1,-1,-1,-1,-1,-1,-1,-1,67,-1,-1,-1
IN19A072,vnc_intrinsic,vnc,LegNp(T2)(L),582.7,848.0,-1,-1,-1,-1,-1,-1,-1,-1,-1,-1,-1,43
IN19A073,vnc_intrinsic,vnc,LegNp(T2)(L),630.0,925.7,66,-1,-1,51,51,-1,-1,-1,-1,-1,40,-1
IN19A074,vnc_intrinsic,vnc,LegNp(T3)(R),455.6,869.9,-1,-1,-1,-1,-1,-1,-1,-1,-1,-1,-1,-1
IN19A076,vnc_intrinsic,vnc,LegNp(T1)(L),634.6,749.0,-1,-1,-1,-1,-1,-1,-1,-1,-1,-1,-1,-1
IN19A079,vnc_intrinsic,vnc,LegNp(T2)(L),571.9,860.7,-1,-1,-1,-1,-1,-1,-1,-1,30,-1,-1,45
IN19A080,vnc_intrinsic,vnc,LegNp(T1)(L),453.4,799.4,-1,-1,-1,-1,-1,-1,-1,-1,66,-1,-1,60
IN19A082,vnc_intrinsic,vnc,LegNp(T1)(R),596.5,788.2,-1,-1,-1,-1,65,-1,26,-1,-1,-1,-1,-1
IN19A083,vnc_intrinsic,vnc,LegNp(T2)(L),494.1,907.3,-1,-1,-1,-1,-1,-1,-1,-1,64,-1,-1,-1
IN19A084,vnc_intrinsic,vnc,LegNp(T3)(L),563.4,897.7,8,-1,-1,-1,-1,-1,-1,-1,-1,-1,-1,-1
IN19A085,vnc_intrinsic,vnc,LegNp(T2)(R),421.1,862.2,28,-1,-1,-1,-1,-1,-1,-1,-1,-1,-1,43
IN19A086,vnc_intrinsic,vnc,LegNp(T2)(L),443.3,784.6,33,-1,-1,-1,-1,-1,-1,-1,64,-1,-1,-1
IN19A087,vnc_intrinsic,vnc,LegNp(T1)(L),476.0,798.4,29,-1,-1,-1,-1,-1,-1,-1,48,-1,51,-1
IN19A088_a,vnc_intrinsic,vnc,LegNp(T1)(L),428.6,785.9,2,-1,-1,-1,-1,-1,-1,-1,68,-1,-1,43
IN19A088_b,vnc_intrinsic,vnc,LegNp(T1)(L),669.8,724.0,-1,-1,-1,-1,-1,-1,-1,-1,47,-1,-1,-1
IN19A088_c,vnc_intrinsic,vnc,LegNp(T3)(L),470.6,878.5,5,-1,-1,-1,-1,-1,-1,-1,66,-1,-1,-1
IN19A088_d,vnc_intrinsic,vnc,LegNp(T2)(L),461.3,851.1,34,-1,-1,-1,-1,-1,-1,-1,62,-1,-1,-1
IN19A088_e,vnc_intrinsic,vnc,LegNp(T2)(L),481.9,866.5,-1,-1,-1,-1,-1,-1,-1,-1,-1,-1,-1,43
IN19A090,vnc_intrinsic,vnc,LegNp(T2)(L),453.9,858.2,-1,-1,-1,-1,-1,-1,-1,-1,8,-1,56,41
IN19A091,vnc_intrinsic,vnc,LegNp(T3)(R),601.9,835.0,21,-1,-1,-1,-1,-1,-1,-1,-1,-1,-1,-1
IN19A093,vnc_intrinsic,vnc,LTct,489.7,864.8,10,-1,-1,-1,-1,-1,47,-1,-1,-1,20,-1
IN19A094,vnc_intrinsic,vnc,LegNp(T2)(L),654.0,872.4,-1,-1,-1,-1,-1,-1,-1,-1,-1,-1,55,-1
"IN19A095,IN19A127",vnc_intrinsic,vnc,LegNp(T2)(L),640.5,855.6,-1,-1,-1,-1,-1,-1,-1,-1,-1,-1,-1,43
IN19A096,vnc_intrinsic,vnc,LegNp(T1)(R),500.6,923.8,-1,-1,-1,-1,-1,-1,-1,-1,-1,-1,45,-1
IN19A098,vnc_intrinsic,vnc,LegNp(T1)(R),498.4,727.4,22,-1,-1,-1,-1,-1,-1,-1,-1,-1,-1,-1
IN19A099,vnc_intrinsic,vnc,ANm,543.0,832.2,17,-1,18,-1,9,-1,-1,-1,23,-1,26,-1
IN19A100,vnc_intrinsic,vnc,LegNp(T3)(R),602.3,809.9,48,-1,-1,-1,-1,-1,45,-1,33,-1,-1,43
IN19A101,vnc_intrinsic,vnc,LegNp(T2)(L),595.7,907.9,-1,-1,-1,-1,-1,-1,-1,-1,63,-1,-1,-1
IN19A102,vnc_intrinsic,vnc,LegNp(T1)(L),617.7,769.9,-1,-1,-1,-1,-1,-1,-1,-1,-1,-1,-1,42
IN19A103,vnc_intrinsic,vnc,LegNp(T1)(R),460.4,764.2,-1,-1,-1,-1,-1,-1,-1,-1,11,-1,-1,-1
IN19A104,vnc_intrinsic,vnc,LegNp(T3)(R),644.7,909.8,-1,-1,-1,-1,-1,-1,-1,-1,-1,-1,67,-1
IN19A105,vnc_intrinsic,vnc,LTct,538.1,797.2,-1,-1,-1,-1,-1,-1,-1,-1,45,-1,-1,43
IN19A106,vnc_intrinsic,vnc,LegNp(T3)(R),477.6,818.6,-1,-1,64,-1,-1,-1,-1,-1,43,-1,-1,43
IN19A108,vnc_intrinsic,vnc,LegNp(T3)(R),497.6,841.5,32,-1,-1,-1,60,-1,-1,-1,-1,-1,-1,40
IN19A109_a,vnc_intrinsic,vnc,LegNp(T2)(L),437.1,874.1,54,-1,-1,-1,-1,-1,-1,-1,-1,-1,-1,43
IN19A109_b,vnc_intrinsic,vnc,LTct,538.4,785.8,-1,-1,-1,-1,-1,-1,-1,-1,65,-1,48,-1
IN19A110,vnc_intrinsic,vnc,LegNp(T3)(R),422.3,876.5,-1,-1,-1,-1,-1,-1,-1,-1,-1,-1,-1,-1
IN19A111,vnc_intrinsic,vnc,LTct,452.9,853.0,-1,-1,-1,-1,-1,-1,-1,-1,-1,-1,-1,-1
IN19A112,vnc_intrinsic,vnc,LegNp(T1)(L),660.6,773.1,-1,-1,-1,-1,-1,-1,-1,-1,62,-1,-1,-1
IN19A113,vnc_intrinsic,vnc,LegNp(T2)(R),479.4,858.7,49,-1,-1,-1,-1,-1,-1,-1,-1,-1,-1,43
IN19A114,vnc_intrinsic,vnc,LegNp(T3)(L),613.5,760.3,39,-1,-1,-1,-1,-1,-1,-1,60,-1,-1,43
IN19A115,vnc_intrinsic,vnc,LegNp(T1)(R),435.4,814.3,2,-1,-1,-1,-1,-1,-1,-1,-1,-1,44,43
IN19A117,vnc_intrinsic,vnc,LegNp(T1)(L),596.8,921.3,8,-1,41,-1,-1,-1,-1,-1,59,-1,-1,43
IN19A118,vnc_intrinsic,vnc,LTct,403.0,812.0,-1,-1,-1,-1,-1,-1,-1,-1,63,-1,-1,43
IN19A120,vnc_intrinsic,vnc,LegNp(T1)(L),684.4,717.9,47,-1,-1,-1,-1,-1,-1,-1,66,-1,-1,43
IN19A121,vnc_intrinsic,vnc,LegNp(T1)(L),617.7,754.8,37,-1,-1,-1,-1,-1,-1,-1,10,-1,-1,-1
IN19A123,vnc_intrinsic,vnc,LegNp(T1)(L),615.3,812.8,53,-1,-1,-1,-1,-1,-1,-1,-1,-1,57,-1
IN19A124,vnc_intrinsic,vnc,LegNp(T1)(L),575.5,803.4,2,-1,-1,-1,-1,-1,-1,-1,-1,-1,-1,67
IN19A126,vnc_intrinsic,vnc,LTct,482.3,761.2,49,-1,-1,-1,-1,-1,-1,-1,-1,-1,-1,43
IN19A129,vnc_intrinsic,vnc,LegNp(T2)(L),625.5,912.0,55,-1,-1,-1,-1,-1,-1,-1,35,-1,-1,-1
IN19A133,vnc_intrinsic,vnc,LegNp(T1)(L),405.6,699.6,37,-1,-1,-1,-1,-1,-1,-1,-1,-1,53,-1
IN19A135,vnc_intrinsic,vnc,LegNp(T2)(L),603.9,873.8,-1,-1,-1,-1,-1,-1,-1,-1,56,-1,48,43
IN19A142,vnc_intrinsic,vnc,NTct(UTct-T1)(L),567.3,721.0,53,-1,-1,-1,33,-1,17,-1,40,-1,27,-1
IN19B002,vnc_intrinsic,vnc,ANm,521.4,761.8,-1,-1,-1,60,37,-1,51,-1,2,-1,21,-1
IN19B003,vnc_intrinsic,vnc,LegNp(T3)(L),583.9,835.6,-1,-1,2,-1,3,-1,6,-1,5,-1,14,-1
IN19B004,vnc_intrinsic,vnc,LegNp(T3)(L),496.3,887.0,-1,-1,65,-1,20,-1,-1,-1,20,-1,-1,43
IN19B005,vnc_intrinsic,vnc,LegNp(T1)(L),585.4,789.0,53,-1,-1,-1,-1,-1,59,-1,56,-1,43,-1
IN19B007,vnc_intrinsic,vnc,ANm,550.7,791.8,19,-1,18,-1,49,-1,16,-1,46,-1,24,-1
IN19B008,vnc_intrinsic,vnc,WTct(UTct-T2)(R),451.5,713.9,-1,-1,11,-1,5,-1,47,-1,3,-1,17,-1
IN19B010,vnc_intrinsic,vnc,LegNp(T1)(L),629.8,718.8,-1,-1,19,-1,38,-1,5,-1,12,-1,23,-1
IN19B011,vnc_intrinsic,vnc,LegNp(T2)(L),651.9,822.3,-1,-1,21,-1,19,-1,57,-1,48,-1,37,-1
IN19B012,vnc_intrinsic,vnc,LegNp(T2)(L),559.5,774.5,-1,-1,4,-1,3,-1,-1,-1,8,-1,40,-1
IN19B013,vnc_intrinsic,vnc,ANm,518.4,852.7,49,-1,-1,-1,36,-1,-1,-1,1,-1,-1,-1
IN19B015,vnc_intrinsic,vnc,LegNp(T3)(R),604.8,800.2,-1,-1,39,-1,-1,-1,-1,-1,51,-1,-1,43
IN19B016,vnc_intrinsic,vnc,ANm,550.7,800.5,-1,-1,14,-1,-1,-1,56,-1,64,-1,5,-1
IN19B020,vnc_intrinsic,vnc,ANm,571.6,853.0,1,-1,-1,-1,56,-1,9,-1,-1,-1,7,-1
IN19B021,vnc_intrinsic,vnc,LegNp(T3)(L),595.7,888.6,11,-1,23,-1,13,-1,61,-1,49,-1,38,-1
IN19B023,vnc_intrinsic,vnc,WTct(UTct-T2)(L),601.0,744.0,44,-1,20,-1,50,-1,53,-1,-1,-1,41,-1
IN19B027,vnc_intrinsic,vnc,LegNp(T3)(L),640.5,922.6,-1,-1,-1,-1,-1,-1,-1,-1,53,-1,40,-1
IN19B030,vnc_intrinsic,vnc,LegNp(T3)(R),477.8,795.2,-1,-1,-1,65,-1,-1,-1,-1,-1,-1,42,-1
IN19B031,vnc_intrinsic,vnc,WTct(UTct-T2)(L),478.4,700.2,-1,-1,36,-1,26,-1,15,-1,23,-1,22,-1
IN19B033,vnc_intrinsic,vnc,Ov(L),563.6,784.8,2,-1,-1,53,9,-1,17,-1,45,-1,21,-1
IN19B034,vnc_intrinsic,vnc,WTct(UTct-T2)(L),509.8,694.1,-1,-1,25,-1,21,-1,53,-1,46,-1,28,-1
IN19B035,vnc_intrinsic,vnc,LegNp(T3)(L),493.6,873.5,1,-1,31,-1,43,-1,61,-1,-1,-1,25,-1
IN19B037,vnc_intrinsic,vnc,WTct(UTct-T2)(R),445.8,742.2,-1,-1,-1,-1,-1,-1,25,-1,-1,-1,37,-1
IN19B038,vnc_intrinsic,vnc,LegNp(T2)(L),593.0,845.3,8,-1,-1,-1,58,-1,-1,-1,-1,-1,-1,43
IN19B040,vnc_intrinsic,vnc,ANm,519.1,823.4,25,-1,21,-1,26,-1,-1,-1,21,-1,-1,41
IN19B041,vnc_intrinsic,vnc,WTct(UTct-T2)(L),588.8,671.7,29,-1,-1,-1,52,-1,-1,-1,50,-1,22,-1
IN19B043,vnc_intrinsic,vnc,WTct(UTct-T2)(L),557.0,681.5,-1,-1,4,-1,8,-1,16,-1,5,-1,20,-1
IN19B045,vnc_intrinsic,vnc,IntTct,500.4,715.1,-1,-1,-1,-1,30,-1,-1,-1,-1,-1,20,-1
"IN19B045,IN19B052",vnc_intrinsic,vnc,IntTct,511.9,699.6,-1,-1,38,-1,39,-1,24,-1,-1,-1,17,-1
IN19B047,vnc_intrinsic,vnc,ANm,477.0,682.1,-1,-1,-1,-1,-1,-1,-1,-1,-1,-1,7,-1
IN19B048,vnc_intrinsic,vnc,HTct(UTct-T3)(L),584.1,765.9,68,-1,-1,67,49,-1,47,-1,64,-1,43,-1
IN19B050,vnc_intrinsic,vnc,ANm,522.2,843.1,-1,-1,4,-1,14,-1,11,-1,24,-1,4,-1
IN19B053,vnc_intrinsic,vnc,HTct(UTct-T3)(L),517.1,814.3,-1,-1,50,-1,-1,-1,-1,-1,-1,-1,53,43
IN19B054,vnc_intrinsic,vnc,IntTct,629.0,797.7,-1,-1,-1,-1,66,-1,-1,-1,-1,-1,-1,43
IN19B055,vnc_intrinsic,vnc,WTct(UTct-T2)(L),531.8,860.1,30,-1,-1,-1,-1,-1,-1,-1,-1,-1,-1,-1
IN19B056,vnc_intrinsic,vnc,WTct(UTct-T2)(R),624.7,734.4,-1,-1,27,-1,47,-1,52,-1,2,-1,24,-1
IN19B057,vnc_intrinsic,vnc,WTct(UTct-T2)(L),488.5,710.3,-1,-1,22,-1,65,-1,-1,-1,13,-1,42,-1
IN19B058,vnc_intrinsic,vnc,WTct(UTct-T2)(L),615.9,688.2,40,-1,39,-1,57,-1,69,-1,-1,-1,24,-1
IN19B062,vnc_intrinsic,vnc,WTct(UTct-T2)(L),607.1,745.4,-1,-1,-1,-1,-1,-1,-1,-1,-1,-1,19,-1
IN19B064,vnc_intrinsic,vnc,WTct(UTct-T2)(L),564.7,799.4,28,-1,-1,-1,-1,-1,-1,-1,-1,-1,-1,-1
IN19B066,vnc_intrinsic,vnc,WTct(UTct-T2)(L),490.0,806.2,-1,-1,-1,-1,42,-1,13,-1,38,-1,19,-1
IN19B067,vnc_intrinsic,vnc,WTct(UTct-T2)(R),439.3,727.5,58,-1,5,-1,18,-1,46,-1,5,-1,-1,41
IN19B068,vnc_intrinsic,vnc,ANm,563.5,823.2,-1,-1,5,-1,39,-1,57,-1,64,-1,23,-1
IN19B069,vnc_intrinsic,vnc,WTct(UTct-T2)(R),518.9,798.7,56,-1,-1,-1,-1,-1,-1,-1,-1,-1,-1,43
IN19B070,vnc_intrinsic,vnc,WTct(UTct-T2)(R),630.1,731.2,18,-1,48,-1,68,-1,-1,-1,14,-1,27,-1
IN19B071,vnc_intrinsic,vnc,WTct(UTct-T2)(L),433.3,729.4,-1,-1,27,-1,32,-1,52,-1,65,-1,17,-1
IN19B072,vnc_intrinsic,vnc,WTct(UTct-T2)(L),427.6,690.7,2,-1,-1,55,-1,-1,-1,-1,-1,-1,37,-1
IN19B073,vnc_intrinsic,vnc,WTct(UTct-T2)(L),468.7,718.5,-1,-1,36,-1,34,-1,-1,-1,-1,-1,43,-1
IN19B075,vnc_intrinsic,vnc,WTct(UTct-T2)(L),464.6,702.2,-1,-1,16,-1,38,-1,46,-1,-1,-1,41,-1
IN19B077,vnc_intrinsic,vnc,WTct(UTct-T2)(R),453.4,671.6,23,-1,33,-1,-1,-1,-1,-1,9,-1,28,-1
IN19B078,vnc_intrinsic,vnc,ANm,545.3,787.6,56,-1,15,-1,-1,-1,-1,-1,-1,-1,37,-1
IN19B080,vnc_intrinsic,vnc,WTct(UTct-T2)(L),635.2,724.3,-1,-1,-1,-1,-1,-1,13,-1,-1,-1,19,-1
IN19B081,vnc_intrinsic,vnc,HTct(UTct-T3)(L),575.2,758.2,2,-1,-1,-1,38,-1,52,-1,-1,-1,22,-1
IN19B082,vnc_intrinsic,vnc,ANm,556.0,842.5,56,-1,66,-1,40,-1,-1,-1,30,-1,27,-1
IN19B083,vnc_intrinsic,vnc,WTct(UTct-T2)(L),474.4,711.1,-1,-1,-1,-1,-1,-1,-1,-1,-1,-1,19,-1
IN19B084,vnc_intrinsic,vnc,ANm,556.1,689.7,33,-1,41,-1,24,-1,-1,-1,63,-1,26,-1
IN19B085,vnc_intrinsic,vnc,WTct(UTct-T2)(L),576.1,720.9,-1,-1,-1,-1,-1,-1,53,-1,51,-1,21,-1
IN19B086,vnc_intrinsic,vnc,WTct(UTct-T2)(R),422.1,711.8,56,-1,55,-1,58,-1,17,-1,-1,-1,21,-1
IN19B087,vnc_intrinsic,vnc,WTct(UTct-T2)(L),627.9,746.6,-1,-1,-1,-1,-1,-1,-1,-1,45,-1,43,-1
IN19B088,vnc_intrinsic,vnc,WTct(UTct-T2)(R),489.6,700.5,-1,-1,-1,-1,-1,-1,52,-1,-1,-1,22,-1
IN19B089,vnc_intrinsic,vnc,ANm,584.0,724.4,37,-1,49,-1,-1,-1,16,-1,64,-1,24,-1
IN19B090,vnc_intrinsic,vnc,WTct(UTct-T2)(L),446.9,752.2,-1,-1,29,-1,34,-1,-1,-1,8,-1,28,-1
IN19B091,vnc_intrinsic,vnc,ANm,544.1,854.9,-1,-1,13,-1,9,-1,18,-1,3,-1,23,-1
IN19B092,vnc_intrinsic,vnc,HTct(UTct-T3)(R),585.8,758.1,-1,-1,-1,-1,-1,-1,52,-1,66,-1,22,-1
IN19B094,vnc_intrinsic,vnc,ANm,548.3,847.9,53,-1,39,-1,23,-1,58,-1,16,-1,21,-1
IN19B095,vnc_intrinsic,vnc,ANm,569.9,779.2,-1,-1,60,-1,-1,-1,-1,-1,-1,-1,28,-1
IN19B097,vnc_intrinsic,vnc,ANm,498.6,807.5,53,-1,-1,-1,-1,-1,-1,-1,-1,-1,49,37
IN19B103,vnc_intrinsic,vnc,WTct(UTct-T2)(L),598.7,690.5,47,-1,35,-1,-1,-1,44,-1,24,-1,22,-1
IN19B105,vnc_intrinsic,vnc,HTct(UTct-T3)(R),549.8,722.1,4,-1,-1,-1,-1,-1,-1,-1,-1,-1,-1,43
IN19B107,vnc_intrinsic,vnc,ANm,551.9,821.1,60,-1,13,-1,61,-1,5,-1,-1,-1,11,-1
IN19B109,vnc_intrinsic,vnc,LegNp(T1)(L),451.5,852.9,9,-1,65,-1,-1,-1,46,-1,-1,-1,25,-1
IN19B111,vnc_intrinsic,vnc,HTct(UTct-T3)(L),531.8,841.6,-1,-1,34,-1,68,-1,-1,-1,-1,-1,25,-1
IN19B112,vnc_intrinsic,vnc,LegNp(T3)(L),632.6,820.1,12,-1,-1,-1,-1,-1,57,-1,-1,-1,-1,42
IN20A.22A001,vnc_intrinsic,vnc,LegNp(T3)(L),609.1,868.7,40,-1,3,-1,42,-1,54,-1,8,-1,31,-1
IN20A.22A002,vnc_intrinsic,vnc,LegNp(T2)(L),434.9,850.3,53,-1,43,-1,27,-1,15,-1,-1,-1,39,-1
IN20A.22A003,vnc_intrinsic,vnc,LegNp(T2)(L),505.4,868.4,30,-1,-1,-1,25,-1,-1,-1,37,-1,-1,41
IN20A.22A004,vnc_intrinsic,vnc,LegNp(T3)(R),472.7,806.5,68,-1,38,-1,60,-1,59,-1,-1,-1,37,-1
IN20A.22A005,vnc_intrinsic,vnc,LegNp(T2)(L),568.5,880.9,-1,-1,41,-1,65,-1,-1,-1,-1,-1,38,-1
IN20A.22A006,vnc_intrinsic,vnc,LegNp(T3)(L),608.0,741.2,68,-1,3,-1,3,-1,-1,-1,-1,-1,34,-1
IN20A.22A007,vnc_intrinsic,vnc,LegNp(T2)(L),500.2,850.8,61,-1,6,-1,4,-1,61,-1,66,-1,28,-1
IN20A.22A008,vnc_intrinsic,vnc,LegNp(T3)(L),466.4,781.7,19,-1,10,-1,7,-1,50,-1,32,-1,23,-1
IN20A.22A009,vnc_intrinsic,vnc,LegNp(T2)(L),422.9,873.6,-1,-1,30,-1,11,-1,-1,-1,-1,-1,40,-1
IN20A.22A010,vnc_intrinsic,vnc,LegNp(T3)(L),509.5,860.9,59,-1,38,-1,16,-1,-1,-1,8,-1,39,-1
IN20A.22A011,vnc_intrinsic,vnc,LegNp(T1)(L),667.4,819.7,40,-1,-1,-1,-1,-1,60,-1,-1,-1,-1,42
IN20A.22A012,vnc_intrinsic,vnc,LegNp(T1)(L),429.5,707.4,32,-1,30,-1,38,-1,26,-1,-1,-1,28,-1
IN20A.22A013,vnc_intrinsic,vnc,LegNp(T1)(R),664.8,731.1,-1,-1,-1,-1,-1,-1,55,-1,-1,-1,28,-1
IN20A.22A015,vnc_intrinsic,vnc,LegNp(T1)(L),648.3,803.8,-1,-1,39,-1,-1,-1,-1,-1,-1,-1,43,-1
IN20A.22A016,vnc_intrinsic,vnc,LegNp(T2)(L),579.1,872.4,58,-1,24,-1,-1,-1,60,-1,-1,-1,41,-1
IN20A.22A017,vnc_intrinsic,vnc,LegNp(T3)(R),435.1,813.9,66,-1,25,-1,25,-1,57,-1,-1,-1,64,39
IN20A.22A018,vnc_intrinsic,vnc,LegNp(T1)(L),453.5,752.4,17,-1,51,-1,35,-1,-1,-1,20,-1,64,43
IN20A.22A019,vnc_intrinsic,vnc,LegNp(T3)(L),585.4,922.2,12,-1,-1,-1,26,-1,45,-1,22,-1,-1,43
IN20A.22A021,vnc_intrinsic,vnc,LegNp(T2)(L),575.6,951.2,-1,-1,-1,-1,56,-1,-1,-1,58,-1,-1,43
IN20A.22A022,vnc_intrinsic,vnc,LegNp(T2)(L),615.5,785.5,12,-1,-1,-1,-1,-1,60,-1,66,-1,39,-1
IN20A.22A023,vnc_intrinsic,vnc,LegNp(T3)(R),479.3,944.9,28,-1,-1,-1,59,-1,-1,-1,-1,-1,42,-1
IN20A.22A024,vnc_intrinsic,vnc,LegNp(T2)(L),476.8,852.5,-1,-1,11,-1,14,-1,60,-1,-1,-1,39,-1
IN20A.22A026,vnc_intrinsic,vnc,LegNp(T1)(L),656.2,826.6,10,-1,-1,-1,-1,-1,-1,-1,8,-1,46,-1
IN20A.22A027,vnc_intrinsic,vnc,LegNp(T3)(R),571.2,872.9,47,-1,-1,-1,67,-1,-1,-1,-1,-1,58,-1
IN20A.22A028,vnc_intrinsic,vnc,LegNp(T3)(L),595.0,791.2,9,-1,20,-1,-1,-1,12,-1,4,-1,35,-1
IN20A.22A029,vnc_intrinsic,vnc,LegNp(T1)(L),669.0,825.8,-1,-1,-1,-1,-1,-1,-1,-1,61,-1,43,-1
IN20A.22A030,vnc_intrinsic,vnc,LegNp(T2)(L),609.9,797.0,-1,-1,-1,-1,-1,-1,-1,-1,-1,-1,-1,43
IN20A.22A033,vnc_intrinsic,vnc,LegNp(T2)(L),423.4,819.1,32,-1,-1,-1,55,-1,-1,-1,48,-1,43,-1
IN20A.22A035,vnc_intrinsic,vnc,LegNp(T1)(L),583.2,755.3,10,-1,-1,-1,-1,-1,-1,-1,20,-1,40,-1
IN20A.22A036,vnc_intrinsic,vnc,LegNp(T2)(L),463.8,826.7,1,-1,24,-1,17,-1,-1,-1,-1,-1,46,43
"IN20A.22A036,IN20A.22A072",vnc_intrinsic,vnc,LegNp(T2)(L),642.7,811.1,67,-1,-1,-1,49,-1,-1,-1,49,-1,64,43
IN20A.22A037,vnc_intrinsic,vnc,LegNp(T3)(L),604.3,813.5,-1,-1,-1,-1,-1,-1,-1,-1,-1,-1,-1,-1
IN20A.22A038,vnc_intrinsic,vnc,LegNp(T1)(L),393.0,742.3,-1,-1,61,-1,-1,-1,69,-1,19,-1,-1,43
IN20A.22A039,vnc_intrinsic,vnc,LegNp(T2)(L),430.9,879.9,-1,-1,10,-1,10,-1,-1,61,-1,-1,-1,41
IN20A.22A040,vnc_intrinsic,vnc,LegNp(T1)(R),458.2,749.4,9,-1,-1,-1,-1,-1,-1,-1,-1,-1,63,43
IN20A.22A041,vnc_intrinsic,vnc,LegNp(T2)(L),564.2,904.2,-1,-1,53,-1,-1,-1,58,-1,10,-1,40,-1
IN20A.22A042,vnc_intrinsic,vnc,LegNp(T2)(L),587.2,831.6,-1,-1,-1,-1,38,-1,-1,-1,-1,-1,41,-1
IN20A.22A043,vnc_intrinsic,vnc,LegNp(T2)(L),468.7,851.1,40,-1,34,-1,32,-1,-1,-1,32,-1,34,-1
IN20A.22A044,vnc_intrinsic,vnc,LegNp(T3)(R),615.6,825.2,-1,-1,53,-1,44,-1,-1,-1,-1,-1,-1,41
IN20A.22A045,vnc_intrinsic,vnc,LegNp(T2)(R),494.7,854.4,-1,-1,68,-1,-1,-1,-1,-1,-1,-1,35,-1
IN20A.22A046,vnc_intrinsic,vnc,LegNp(T2)(R),653.2,828.4,-1,-1,50,-1,49,-1,-1,-1,-1,-1,31,-1
IN20A.22A047,vnc_intrinsic,vnc,LegNp(T3)(L),487.5,821.4,31,-1,-1,-1,19,-1,61,-1,56,-1,41,-1
IN20A.22A048,vnc_intrinsic,vnc,LegNp(T3)(L),583.4,899.2,19,-1,12,-1,16,-1,58,-1,57,-1,21,-1
IN20A.22A049,vnc_intrinsic,vnc,LegNp(T2)(L),433.2,871.3,-1,-1,-1,60,39,-1,60,-1,57,-1,-1,43
"IN20A.22A049,IN20A.22A067",vnc_intrinsic,vnc,LegNp(T1)(R),383.4,818.7,5,-1,-1,-1,-1,-1,-1,-1,-1,-1,-1,43
IN20A.22A050,vnc_intrinsic,vnc,LegNp(T2)(L),653.8,909.1,30,-1,-1,-1,-1,-1,-1,-1,-1,-1,37,-1
IN20A.22A051,vnc_intrinsic,vnc,LegNp(T3)(R),643.0,908.4,48,-1,42,-1,44,-1,-1,-1,48,-1,35,-1
IN20A.22A052,vnc_intrinsic,vnc,LegNp(T1)(L),396.8,688.5,-1,-1,41,-1,64,-1,59,-1,-1,-1,36,-1
IN20A.22A053,vnc_intrinsic,vnc,LegNp(T2)(R),485.4,860.2,-1,-1,10,-1,15,-1,57,-1,58,-1,35,-1
IN20A.22A054,vnc_intrinsic,vnc,LegNp(T3)(R),485.3,818.7,47,-1,38,-1,48,-1,54,-1,-1,-1,39,-1
IN20A.22A055,vnc_intrinsic,vnc,LegNp(T2)(L),641.6,886.1,26,-1,62,-1,16,-1,61,-1,8,-1,35,-1
IN20A.22A056,vnc_intrinsic,vnc,LegNp(T1)(L),682.7,772.6,-1,-1,55,-1,69,-1,56,-1,-1,-1,37,-1
IN20A.22A057,vnc_intrinsic,vnc,LegNp(T2)(L),605.7,927.5,32,-1,-1,-1,-1,-1,-1,-1,49,-1,-1,43
IN20A.22A058,vnc_intrinsic,vnc,LegNp(T2)(L),400.1,838.9,-1,-1,13,-1,43,-1,4,-1,59,-1,38,-1
IN20A.22A059,vnc_intrinsic,vnc,LegNp(T3)(L),607.7,946.4,-1,-1,-1,-1,28,-1,51,-1,-1,-1,35,-1
IN20A.22A060,vnc_intrinsic,vnc,LegNp(T3)(R),592.2,882.4,13,-1,33,-1,20,-1,-1,-1,25,-1,32,-1
"IN20A.22A061,IN20A.22A066",vnc_intrinsic,vnc,LegNp(T3)(L),436.8,852.4,-1,-1,-1,-1,-1,-1,61,-1,-1,-1,43,-1
"IN20A.22A061,IN20A.22A068",vnc_intrinsic,vnc,LegNp(T2)(L),474.8,831.4,4,-1,50,-1,-1,-1,56,-1,-1,-1,34,-1
IN20A.22A062,vnc_intrinsic,vnc,LegNp(T1)(R),604.9,768.8,14,-1,-1,-1,-1,-1,-1,-1,-1,-1,52,43
IN20A.22A063,vnc_intrinsic,vnc,LegNp(T2)(R),599.0,834.2,-1,-1,-1,-1,-1,-1,-1,-1,-1,-1,40,-1
IN20A.22A064,vnc_intrinsic,vnc,LegNp(T3)(L),464.3,902.3,35,-1,-1,-1,53,-1,-1,-1,-1,-1,36,-1
IN20A.22A065,vnc_intrinsic,vnc,LegNp(T2)(L),473.4,826.7,-1,-1,-1,-1,23,-1,-1,-1,27,-1,40,-1
IN20A.22A066,vnc_intrinsic,vnc,LegNp(T3)(R),650.9,897.5,34,-1,60,-1,-1,-1,56,-1,49,-1,-1,43
IN20A.22A067,vnc_intrinsic,vnc,LegNp(T2)(R),459.9,845.1,18,-1,-1,-1,48,-1,46,-1,33,-1,40,-1
IN20A.22A069,vnc_intrinsic,vnc,LegNp(T1)(L),678.7,722.9,-1,-1,-1,-1,-1,-1,-1,-1,44,-1,-1,43
IN20A.22A070,vnc_intrinsic,vnc,LegNp(T2)(L),560.5,852.0,-1,-1,-1,-1,69,-1,-1,-1,-1,-1,35,-1
"IN20A.22A070,IN20A.22A080",vnc_intrinsic,vnc,LegNp(T2)(L),482.2,865.9,-1,-1,34,-1,38,-1,-1,-1,-1,-1,34,-1
IN20A.22A071,vnc_intrinsic,vnc,LegNp(T1)(R),392.6,808.4,13,-1,65,-1,58,-1,57,-1,-1,-1,38,-1
IN20A.22A073,vnc_intrinsic,vnc,LegNp(T3)(L),481.1,799.8,63,-1,-1,-1,16,-1,-1,-1,26,-1,43,-1
IN20A.22A074,vnc_intrinsic,vnc,LegNp(T2)(L),644.7,841.4,-1,-1,67,-1,52,-1,61,-1,-1,-1,38,-1
IN20A.22A076,vnc_intrinsic,vnc,LegNp(T1)(L),657.3,821.7,2,-1,-1,-1,-1,-1,57,-1,-1,-1,38,-1
IN20A.22A077,vnc_intrinsic,vnc,LegNp(T3)(R),607.7,746.0,6,-1,65,-1,65,-1,-1,-1,-1,-1,26,-1
IN20A.22A078,vnc_intrinsic,vnc,LegNp(T2)(L),445.3,848.8,7,-1,-1,-1,-1,-1,-1,-1,-1,-1,44,-1
IN20A.22A079,vnc_intrinsic,vnc,LegNp(T3)(R),572.6,863.7,-1,-1,63,-1,-1,-1,-1,-1,-1,-1,34,-1
IN20A.22A081,vnc_intrinsic,vnc,LegNp(T3)(L),569.5,886.6,-1,-1,47,-1,-1,-1,56,-1,48,-1,64,43
IN20A.22A082,vnc_intrinsic,vnc,LegNp(T1)(L),582.1,721.6,-1,-1,-1,-1,-1,-1,-1,-1,-1,-1,39,-1
IN20A.22A083,vnc_intrinsic,vnc,LegNp(T1)(L),615.3,782.3,50,-1,-1,-1,-1,-1,-1,-1,-1,-1,39,-1
IN20A.22A084,vnc_intrinsic,vnc,LegNp(T2)(L),604.2,743.7,5,-1,35,-1,-1,-1,58,-1,-1,-1,35,-1
IN20A.22A085,vnc_intrinsic,vnc,LegNp(T2)(L),470.3,876.7,47,-1,38,-1,59,-1,54,-1,28,-1,36,-1
IN20A.22A086,vnc_intrinsic,vnc,LegNp(T3)(L),583.1,877.5,-1,-1,66,-1,68,-1,58,-1,49,-1,42,-1
IN20A.22A087,vnc_intrinsic,vnc,LegNp(T2)(L),602.7,819.9,-1,-1,-1,68,-1,-1,-1,-1,-1,-1,-1,42
IN20A.22A088,vnc_intrinsic,vnc,LegNp(T3)(R),503.0,846.0,15,-1,-1,-1,-1,-1,-1,-1,38,-1,53,43
IN20A.22A089,vnc_intrinsic,vnc,LegNp(T1)(L),630.2,747.5,8,-1,-1,-1,-1,-1,59,-1,-1,-1,33,-1
IN20A.22A090,vnc_intrinsic,vnc,LegNp(T3)(L),517.4,913.6,16,-1,16,-1,23,-1,57,-1,-1,-1,22,-1
IN20A.22A091,vnc_intrinsic,vnc,LegNp(T3)(R),621.0,914.6,28,-1,-1,66,-1,-1,-1,-1,-1,-1,-1,43
IN20A.22A092,vnc_intrinsic,vnc,LegNp(T2)(R),421.3,815.4,-1,-1,29,-1,58,-1,59,-1,-1,-1,37,-1
IN21A001,vnc_intrinsic,vnc,LegNp(T3)(L),501.5,923.2,58,-1,5,-1,3,-1,29,-1,2,-1,35,-1
IN21A002,vnc_intrinsic,vnc,LegNp(T3)(L),595.1,771.4,-1,-1,7,-1,9,-1,59,-1,2,-1,36,-1
IN21A003,vnc_intrinsic,vnc,LegNp(T3)(L),445.7,735.4,12,-1,7,-1,6,-1,58,-1,55,-1,34,-1
IN21A004,vnc_intrinsic,vnc,LegNp(T3)(L),456.8,738.0,63,-1,11,-1,5,-1,59,-1,3,-1,35,-1
IN21A005,vnc_intrinsic,vnc,LegNp(T2)(L),577.2,870.4,-1,-1,19,-1,42,-1,21,-1,-1,-1,41,-1
IN21A006,vnc_intrinsic,vnc,LegNp(T2)(L),428.4,837.1,-1,-1,31,-1,12,-1,61,-1,41,-1,37,-1
IN21A007,vnc_intrinsic,vnc,LegNp(T3)(L),664.3,731.1,-1,-1,9,-1,18,-1,57,-1,-1,-1,41,-1
IN21A008,vnc_intrinsic,vnc,LegNp(T3)(L),476.0,842.1,44,-1,18,-1,7,-1,57,-1,28,-1,38,-1
IN21A009,vnc_intrinsic,vnc,LegNp(T2)(L),647.7,887.0,-1,-1,4,-1,11,-1,4,-1,42,-1,38,-1
IN21A010,vnc_intrinsic,vnc,LegNp(T2)(L),369.6,793.0,-1,-1,11,-1,12,-1,59,-1,11,-1,-1,41
IN21A011,vnc_intrinsic,vnc,LegNp(T3)(L),473.0,795.2,-1,-1,8,-1,16,-1,54,-1,-1,-1,66,37
IN21A012,vnc_intrinsic,vnc,LegNp(T3)(L),662.1,802.0,8,-1,14,-1,18,-1,17,-1,2,-1,50,42
IN21A013,vnc_intrinsic,vnc,LegNp(T1)(L),577.8,735.8,-1,-1,12,-1,26,-1,64,-1,19,-1,33,-1
IN21A014,vnc_intrinsic,vnc,LegNp(T3)(L),468.9,883.1,-1,-1,7,-1,12,-1,55,-1,-1,-1,-1,41
IN21A015,vnc_intrinsic,vnc,LegNp(T2)(L),437.7,874.6,40,-1,12,-1,10,-1,12,-1,3,-1,31,-1
IN21A016,vnc_intrinsic,vnc,LegNp(T3)(R),567.8,874.6,-1,-1,9,-1,12,-1,-1,59,-1,-1,37,-1
IN21A017,vnc_intrinsic,vnc,LegNp(T3)(L),619.3,845.0,-1,-1,11,-1,14,-1,-1,-1,31,-1,-1,42
IN21A018,vnc_intrinsic,vnc,LegNp(T2)(L),639.5,812.9,2,-1,14,-1,6,-1,7,-1,27,-1,38,-1
IN21A019,vnc_intrinsic,vnc,LegNp(T3)(R),453.6,761.1,-1,-1,18,-1,5,-1,-1,-1,59,-1,39,-1
IN21A020,vnc_intrinsic,vnc,LegNp(T3)(R),432.3,877.9,-1,-1,33,-1,12,-1,-1,-1,28,-1,36,-1
IN21A021,vnc_intrinsic,vnc,ANm,503.5,882.7,11,-1,48,-1,-1,-1,-1,-1,32,-1,25,-1
IN21A022,vnc_intrinsic,vnc,LegNp(T3)(L),649.5,786.9,25,-1,31,-1,49,-1,7,-1,46,-1,-1,41
"IN21A023,IN21A024",vnc_intrinsic,vnc,LegNp(T3)(L),560.2,879.6,31,-1,5,-1,55,-1,5,-1,29,-1,36,-1
IN21A026,vnc_intrinsic,vnc,LTct,638.6,851.2,22,-1,-1,-1,-1,-1,-1,-1,-1,-1,-1,43
IN21A027,vnc_intrinsic,vnc,LTct,499.2,692.1,-1,-1,-1,-1,-1,-1,-1,-1,-1,-1,41,-1
IN21A028,vnc_intrinsic,vnc,LTct,566.0,769.4,-1,-1,40,-1,-1,-1,61,-1,-1,-1,40,-1
"IN21A029,IN21A030",vnc_intrinsic,vnc,LTct,487.0,774.7,29,-1,-1,-1,69,-1,-1,-1,-1,-1,-1,-1
IN21A031,vnc_intrinsic,vnc,LegNp(T2)(R),589.9,818.0,-1,-1,-1,-1,-1,-1,-1,-1,49,-1,-1,43
IN21A032,vnc_intrinsic,vnc,LTct,468.5,766.4,-1,-1,-1,-1,62,-1,-1,-1,1,-1,37,-1
IN21A033,vnc_intrinsic,vnc,LegNp(T2)(L),564.1,790.1,2,-1,-1,-1,-1,-1,-1,-1,-1,-1,45,41
IN21A034,vnc_intrinsic,vnc,LTct,574.5,782.4,-1,-1,-1,-1,-1,-1,-1,-1,-1,-1,-1,-1
IN21A035,vnc_intrinsic,vnc,LegNp(T2)(L),573.0,850.1,-1,-1,60,-1,-1,-1,-1,-1,60,-1,43,-1
IN21A036,vnc_intrinsic,vnc,LegNp(T3)(R),493.4,826.5,-1,-1,-1,-1,-1,-1,-1,-1,-1,-1,-1,41
IN21A037,vnc_intrinsic,vnc,LegNp(T2)(L),474.6,742.8,-1,-1,-1,-1,26,-1,-1,-1,57,-1,-1,43
IN21A038,vnc_intrinsic,vnc,LegNp(T2)(L),582.3,926.2,-1,-1,-1,-1,64,-1,-1,-1,-1,-1,40,-1
IN21A039,vnc_intrinsic,vnc,LegNp(T3)(L),566.6,880.3,67,-1,-1,-1,-1,-1,-1,-1,30,-1,-1,-1
IN21A040,vnc_intrinsic,vnc,LegNp(T2)(L),455.4,849.9,-1,-1,-1,-1,-1,-1,-1,-1,31,-1,-1,42
IN21A041,vnc_intrinsic,vnc,ANm,504.9,861.1,-1,-1,-1,44,-1,-1,-1,-1,-1,-1,66,-1
IN21A042,vnc_intrinsic,vnc,LegNp(T2)(L),610.1,776.3,19,-1,-1,-1,47,-1,-1,-1,59,-1,-1,43
IN21A043,vnc_intrinsic,vnc,LegNp(T3)(R),577.1,844.8,19,-1,-1,-1,-1,-1,-1,59,-1,-1,-1,-1
IN21A044,vnc_intrinsic,vnc,LegNp(T2)(L),472.1,854.6,-1,-1,-1,-1,-1,-1,-1,-1,-1,-1,-1,43
"IN21A045,IN21A046",vnc_intrinsic,vnc,LTct,522.1,768.8,-1,-1,-1,-1,-1,-1,-1,60,-1,-1,-1,41
IN21A047_a,vnc_intrinsic,vnc,LegNp(T3)(R),463.6,898.7,47,-1,-1,-1,-1,-1,-1,-1,-1,-1,-1,-1
IN21A047_b,vnc_intrinsic,vnc,LegNp(T3)(L),579.1,873.6,-1,-1,-1,-1,-1,-1,-1,-1,-1,-1,43,-1
IN21A047_c,vnc_intrinsic,vnc,LegNp(T2)(L),417.6,897.6,-1,-1,-1,-1,-1,-1,-1,-1,-1,-1,-1,43
IN21A047_d,vnc_intrinsic,vnc,LegNp(T2)(L),427.9,855.6,28,-1,-1,-1,-1,-1,-1,-1,-1,-1,43,-1
IN21A047_e,vnc_intrinsic,vnc,LegNp(T1)(L),617.3,774.1,-1,-1,-1,-1,-1,-1,-1,-1,-1,-1,-1,43
IN21A047_f,vnc_intrinsic,vnc,LegNp(T1)(L),601.6,780.6,-1,-1,-1,-1,-1,-1,-1,-1,-1,-1,-1,43
IN21A048,vnc_intrinsic,vnc,LegNp(T3)(R),495.7,825.6,-1,-1,-1,-1,-1,-1,-1,-1,-1,-1,-1,41
IN21A049,vnc_intrinsic,vnc,LegNp(T3)(L),610.2,832.4,58,-1,53,-1,-1,-1,46,-1,59,-1,-1,43
IN21A050,vnc_intrinsic,vnc,LegNp(T2)(L),511.4,736.5,-1,-1,-1,56,-1,-1,-1,-1,-1,-1,-1,42
IN21A051,vnc_intrinsic,vnc,LegNp(T3)(R),603.5,872.7,-1,-1,52,-1,50,-1,-1,-1,-1,-1,40,-1
IN21A052,vnc_intrinsic,vnc,LegNp(T2)(L),582.1,884.1,-1,-1,-1,-1,-1,-1,16,-1,-1,-1,-1,43
IN21A054,vnc_intrinsic,vnc,LegNp(T3)(R),616.9,824.9,-1,-1,-1,-1,-1,-1,60,-1,-1,-1,22,-1
IN21A055,vnc_intrinsic,vnc,LegNp(T3)(L),617.3,917.6,21,-1,-1,-1,-1,-1,-1,-1,14,-1,-1,67
IN21A056,vnc_intrinsic,vnc,LegNp(T2)(L),413.8,753.9,-1,-1,-1,-1,-1,-1,-1,-1,-1,-1,45,43
IN21A057,vnc_intrinsic,vnc,LTct,567.9,724.7,41,-1,-1,-1,-1,-1,15,-1,-1,-1,43,-1
IN21A058,vnc_intrinsic,vnc,LegNp(T2)(L),523.7,774.6,-1,-1,62,-1,65,-1,-1,-1,-1,-1,39,-1
IN21A059,vnc_intrinsic,vnc,LegNp(T2)(L),648.2,864.3,43,-1,-1,-1,-1,-1,-1,-1,33,-1,-1,43
IN21A060,vnc_intrinsic,vnc,LegNp(T1)(R),439.1,790.9,51,-1,-1,-1,-1,-1,-1,-1,69,-1,-1,43
IN21A061,vnc_intrinsic,vnc,LegNp(T3)(R),583.5,857.2,12,-1,-1,-1,60,-1,-1,-1,-1,-1,38,-1
IN21A062,vnc_intrinsic,vnc,LegNp(T3)(R),481.4,906.5,-1,-1,-1,-1,-1,-1,-1,-1,-1,-1,36,-1
IN21A063,vnc_intrinsic,vnc,LTct,562.6,727.8,-1,-1,59,-1,66,-1,-1,-1,-1,-1,-1,38
IN21A064,vnc_intrinsic,vnc,LTct,506.8,785.7,62,-1,-1,-1,-1,-1,15,-1,-1,-1,43,-1
IN21A065,vnc_intrinsic,vnc,LegNp(T1)(L),606.6,762.8,-1,-1,-1,-1,-1,-1,-1,-1,-1,-1,-1,42
IN21A066,vnc_intrinsic,vnc,LegNp(T3)(R),616.7,932.4,16,-1,-1,-1,-1,-1,-1,-1,-1,-1,64,-1
IN21A070,vnc_intrinsic,vnc,LegNp(T1)(R),622.0,790.9,-1,-1,-1,-1,-1,-1,-1,-1,-1,-1,-1,42
IN21A071,vnc_intrinsic,vnc,LegNp(T3)(L),621.0,829.7,33,-1,-1,-1,-1,-1,-1,-1,-1,-1,-1,-1
IN21A072,vnc_intrinsic,vnc,LegNp(T3)(L),439.6,794.3,35,-1,-1,-1,-1,-1,-1,-1,-1,-1,-1,43
IN21A073,vnc_intrinsic,vnc,LTct,502.2,766.8,13,-1,-1,-1,-1,-1,-1,57,-1,-1,-1,41
IN21A074,vnc_intrinsic,vnc,LegNp(T2)(L),629.8,885.6,-1,-1,-1,-1,-1,-1,-1,-1,10,-1,-1,-1
IN21A075,vnc_intrinsic,vnc,LegNp(T2)(L),583.0,851.1,-1,-1,-1,-1,-1,-1,-1,-1,-1,-1,-1,43
IN21A076,vnc_intrinsic,vnc,LegNp(T2)(R),424.9,901.2,41,-1,-1,-1,-1,-1,-1,-1,-1,-1,-1,43
IN21A077,vnc_intrinsic,vnc,LegNp(T2)(L),604.4,856.7,-1,-1,-1,62,-1,-1,-1,-1,46,-1,-1,42
IN21A078,vnc_intrinsic,vnc,LegNp(T2)(L),573.1,824.2,-1,-1,-1,-1,-1,-1,-1,-1,47,-1,-1,-1
IN21A079,vnc_intrinsic,vnc,LegNp(T1)(L),416.3,746.2,9,-1,-1,-1,-1,-1,-1,-1,12,-1,52,-1
IN21A080,vnc_intrinsic,vnc,LegNp(T2)(L),610.6,852.6,-1,-1,-1,-1,-1,-1,-1,-1,-1,-1,-1,42
IN21A081,vnc_intrinsic,vnc,LegNp(T1)(L),599.0,749.3,30,-1,-1,-1,-1,-1,-1,-1,-1,-1,-1,43
IN21A082,vnc_intrinsic,vnc,LegNp(T1)(R),676.1,728.9,-1,-1,-1,-1,-1,-1,-1,-1,-1,-1,-1,68
IN21A083,vnc_intrinsic,vnc,LegNp(T1)(R),416.3,752.2,-1,-1,-1,-1,-1,-1,-1,-1,68,-1,-1,-1
IN21A084,vnc_intrinsic,vnc,LTct,543.1,769.2,23,-1,-1,-1,-1,-1,17,-1,-1,-1,-1,41
IN21A085,vnc_intrinsic,vnc,LegNp(T2)(L),418.3,902.8,-1,-1,-1,-1,-1,-1,-1,-1,-1,-1,-1,43
IN21A086,vnc_intrinsic,vnc,LegNp(T3)(R),466.0,832.4,28,-1,-1,-1,-1,-1,-1,-1,-1,-1,-1,-1
IN21A087,vnc_intrinsic,vnc,LTct,524.0,765.9,-1,-1,-1,52,23,-1,-1,-1,61,-1,-1,43
IN21A088,vnc_intrinsic,vnc,LegNp(T2)(L),634.2,852.1,-1,-1,-1,-1,-1,-1,-1,-1,-1,-1,56,-1
IN21A090,vnc_intrinsic,vnc,LegNp(T1)(R),465.0,796.0,60,-1,-1,-1,-1,-1,-1,-1,61,-1,-1,-1
"IN21A091,IN21A092",vnc_intrinsic,vnc,LegNp(T3)(R),577.5,869.1,62,-1,-1,-1,-1,-1,16,-1,-1,-1,39,-1
IN21A093,vnc_intrinsic,vnc,ANm,566.7,813.2,49,-1,-1,-1,-1,-1,47,-1,-1,-1,-1,41
IN21A094,vnc_intrinsic,vnc,LegNp(T1)(L),613.5,728.3,-1,-1,-1,-1,-1,-1,-1,-1,-1,-1,-1,-1
IN21A095,vnc_intrinsic,vnc,LegNp(T2)(L),651.9,851.8,-1,-1,-1,-1,-1,-1,-1,-1,-1,-1,-1,-1
IN21A096,vnc_intrinsic,vnc,LegNp(T1)(L),547.5,726.6,18,-1,-1,-1,-1,-1,-1,-1,2,-1,-1,-1
IN21A097,vnc_intrinsic,vnc,LegNp(T1)(L),610.6,726.0,19,-1,-1,-1,-1,-1,-1,-1,-1,-1,-1,42
IN21A098,vnc_intrinsic,vnc,LegNp(T3)(R),552.0,831.0,54,-1,-1,-1,-1,-1,-1,-1,-1,-1,45,41
IN21A099,vnc_intrinsic,vnc,ANm,499.0,772.5,53,-1,-1,-1,-1,-1,-1,-1,-1,-1,-1,41
IN21A100,vnc_intrinsic,vnc,LegNp(T1)(L),661.5,708.2,51,-1,-1,-1,-1,-1,-1,-1,-1,-1,-1,43
IN21A102,vnc_intrinsic,vnc,LegNp(T3)(R),590.1,825.7,12,-1,-1,-1,-1,-1,-1,-1,-1,-1,-1,41
IN21A103,vnc_intrinsic,vnc,LegNp(T1)(L),643.0,711.4,20,-1,-1,-1,-1,-1,-1,-1,2,-1,-1,-1
IN21A109,vnc_intrinsic,vnc,LegNp(T1)(L),613.8,736.5,60,-1,-1,-1,-1,-1,-1,-1,37,-1,-1,43
IN21A111,vnc_intrinsic,vnc,LegNp(T3)(R),575.3,917.0,-1,-1,-1,-1,-1,-1,-1,-1,-1,-1,-1,43
IN21A116,vnc_intrinsic,vnc,LTct,561.8,761.4,26,-1,-1,-1,-1,-1,15,-1,-1,-1,-1,41
IN23B001,vnc_intrinsic,vnc,LegNp(T1)(L),478.8,765.5,18,-1,27,-1,15,-1,-1,-1,25,-1,20,-1
IN23B005,vnc_intrinsic,vnc,Ov(L),505.7,789.3,9,-1,8,-1,2,-1,69,-1,-1,-1,2,-1
IN23B006,vnc_intrinsic,vnc,Ov(L),597.3,804.7,-1,-1,10,-1,4,-1,52,-1,69,-1,16,-1
IN23B007,vnc_intrinsic,vnc,LegNp(T2)(L),461.9,867.6,-1,-1,7,-1,6,-1,22,-1,-1,-1,15,-1
IN23B008,vnc_intrinsic,vnc,Ov(L),514.2,758.7,-1,-1,7,-1,5,-1,50,-1,32,-1,3,-1
IN23B009,vnc_intrinsic,vnc,LegNp(T3)(R),462.3,900.3,-1,-1,3,-1,2,-1,-1,-1,63,-1,18,-1
IN23B011,vnc_intrinsic,vnc,ANm,586.3,823.8,36,-1,-1,-1,67,-1,57,-1,-1,-1,19,-1
IN23B012,vnc_intrinsic,vnc,ANm,522.2,825.2,-1,-1,-1,-1,44,-1,66,-1,-1,-1,16,-1
IN23B013,vnc_intrinsic,vnc,LegNp(T3)(R),652.2,825.1,-1,-1,18,-1,20,-1,-1,-1,-1,-1,17,-1
IN23B014,vnc_intrinsic,vnc,LegNp(T3)(R),459.7,891.9,32,-1,46,-1,6,-1,54,-1,49,-1,34,-1
IN23B016,vnc_intrinsic,vnc,ANm,543.0,780.6,-1,-1,13,-1,51,-1,16,-1,-1,-1,3,-1
IN23B017,vnc_intrinsic,vnc,LegNp(T3)(R),634.1,886.6,-1,-1,33,-1,15,-1,-1,-1,-1,-1,1,-1
IN23B018,vnc_intrinsic,vnc,LegNp(T3)(R),640.4,862.4,-1,-1,4,-1,4,-1,51,-1,-1,-1,27,-1
IN23B020,vnc_intrinsic,vnc,LegNp(T2)(R),428.7,815.6,21,-1,15,-1,5,-1,-1,-1,-1,-1,6,-1
IN23B021,vnc_intrinsic,vnc,LegNp(T2)(L),601.1,813.6,-1,-1,-1,-1,-1,-1,25,-1,-1,-1,38,-1
IN23B022,vnc_intrinsic,vnc,LegNp(T1)(L),561.9,739.0,-1,-1,52,-1,-1,-1,-1,-1,-1,-1,19,-1
IN23B023,vnc_intrinsic,vnc,LegNp(T2)(R),630.9,843.6,8,-1,16,-1,4,-1,-1,-1,-1,-1,9,-1
IN23B024,vnc_intrinsic,vnc,LegNp(T3)(R),478.2,836.0,-1,-1,12,-1,8,-1,57,-1,58,-1,3,-1
IN23B025,vnc_intrinsic,vnc,LegNp(T2)(R),632.0,914.0,-1,-1,30,-1,11,-1,58,-1,-1,-1,22,-1
IN23B027,vnc_intrinsic,vnc,LegNp(T1)(L),652.2,720.5,-1,-1,-1,-1,-1,-1,-1,-1,-1,-1,67,-1
IN23B028,vnc_intrinsic,vnc,LegNp(T2)(L),607.5,817.4,-1,-1,21,-1,19,-1,-1,-1,-1,-1,19,-1
IN23B029,vnc_intrinsic,vnc,LegNp(T2)(L),470.0,797.3,35,-1,-1,-1,-1,-1,25,-1,-1,-1,40,-1
IN23B030,vnc_intrinsic,vnc,LegNp(T3)(R),435.6,804.6,41,-1,65,-1,48,-1,-1,-1,-1,-1,39,-1
IN23B031,vnc_intrinsic,vnc,LegNp(T3)(R),576.4,837.5,46,-1,46,-1,5,-1,57,-1,-1,-1,33,-1
IN23B032,vnc_intrinsic,vnc,LegNp(T3)(R),429.9,849.9,64,-1,28,-1,6,-1,-1,-1,-1,-1,38,-1
IN23B033,vnc_intrinsic,vnc,LegNp(T3)(R),466.4,856.3,-1,-1,-1,-1,11,-1,-1,-1,-1,-1,20,-1
IN23B034,vnc_intrinsic,vnc,LegNp(T1)(L),547.4,778.8,-1,-1,-1,-1,-1,-1,-1,-1,-1,-1,-1,-1
IN23B035,vnc_intrinsic,vnc,ANm,514.9,788.6,-1,-1,-1,-1,-1,-1,45,-1,-1,-1,9,-1
IN23B036,vnc_intrinsic,vnc,LegNp(T3)(L),614.3,796.5,68,-1,-1,-1,-1,-1,56,-1,-1,-1,-1,41
IN23B037,vnc_intrinsic,vnc,LegNp(T2)(L),631.6,870.5,44,-1,-1,42,3,-1,-1,-1,-1,-1,15,-1
IN23B038,vnc_intrinsic,vnc,LegNp(T3)(L),660.4,885.9,-1,-1,-1,-1,-1,-1,-1,-1,-1,-1,67,-1
IN23B039,vnc_intrinsic,vnc,LegNp(T2)(L),596.6,850.4,-1,-1,-1,-1,11,-1,-1,-1,-1,-1,40,-1
IN23B040,vnc_intrinsic,vnc,LegNp(T2)(L),459.2,907.7,41,-1,38,-1,10,-1,-1,-1,-1,-1,17,-1
IN23B041,vnc_intrinsic,vnc,LegNp(T3)(R),509.1,873.6,-1,-1,67,-1,40,-1,-1,-1,-1,-1,38,-1
IN23B042,vnc_intrinsic,vnc,ANm,547.9,780.4,52,-1,-1,-1,-1,-1,52,-1,-1,-1,17,-1
IN23B043,vnc_intrinsic,vnc,LegNp(T3)(L),443.3,875.1,64,-1,11,-1,22,-1,49,-1,-1,-1,5,-1
IN23B044,vnc_intrinsic,vnc,LegNp(T2)(L),472.7,843.2,-1,-1,-1,-1,-1,-1,-1,-1,-1,-1,37,-1
"IN23B044,IN23B057",vnc_intrinsic,vnc,LegNp(T1)(L),376.9,798.9,-1,-1,-1,-1,-1,-1,-1,-1,-1,-1,-1,-1
IN23B045,vnc_intrinsic,vnc,ANm,521.4,771.1,42,-1,-1,31,22,-1,-1,-1,-1,-1,43,-1
IN23B046,vnc_intrinsic,vnc,LegNp(T2)(L),499.1,906.1,11,-1,15,-1,8,-1,-1,-1,-1,-1,37,-1
IN23B047,vnc_intrinsic,vnc,LegNp(T3)(L),480.3,802.9,11,-1,-1,60,12,-1,-1,-1,-1,-1,35,-1
IN23B048,vnc_intrinsic,vnc,LegNp(T1)(L),501.8,778.0,61,-1,-1,-1,-1,-1,-1,-1,-1,-1,38,-1
IN23B049,vnc_intrinsic,vnc,LegNp(T2)(R),452.8,804.1,25,-1,22,-1,10,-1,57,-1,-1,-1,4,-1
IN23B050,vnc_intrinsic,vnc,LegNp(T1)(L),474.0,765.4,43,-1,-1,-1,-1,-1,-1,-1,-1,-1,51,-1
IN23B051,vnc_intrinsic,vnc,LegNp(T2)(L),624.6,899.1,32,-1,-1,-1,-1,-1,-1,-1,-1,-1,-1,-1
IN23B053,vnc_intrinsic,vnc,LegNp(T3)(L),594.4,959.7,67,-1,-1,-1,51,-1,-1,-1,-1,-1,-1,-1
IN23B054,vnc_intrinsic,vnc,LegNp(T3)(R),479.1,865.0,3,-1,-1,-1,-1,-1,-1,-1,-1,-1,-1,-1
IN23B055,vnc_intrinsic,vnc,LegNp(T3)(R),641.5,856.6,33,-1,-1,-1,-1,-1,-1,-1,-1,-1,-1,-1
IN23B056,vnc_intrinsic,vnc,LegNp(T2)(L),409.6,752.2,41,-1,33,-1,49,-1,56,-1,-1,-1,31,-1
IN23B057,vnc_intrinsic,vnc,LegNp(T3)(L),628.6,836.9,-1,-1,63,55,-1,-1,-1,-1,-1,-1,34,-1
IN23B058,vnc_intrinsic,vnc,LegNp(T3)(L),539.4,842.0,-1,-1,-1,56,38,-1,-1,-1,-1,-1,26,-1
IN23B059,vnc_intrinsic,vnc,LegNp(T2)(L),658.9,825.1,24,-1,-1,-1,47,-1,-1,-1,-1,-1,-1,-1
IN23B060,vnc_intrinsic,vnc,LegNp(T2)(R),420.2,847.2,-1,-1,30,-1,10,-1,-1,-1,-1,-1,35,-1
IN23B061,vnc_intrinsic,vnc,LegNp(T2)(R),428.5,807.6,53,-1,-1,-1,48,-1,-1,-1,-1,-1,49,-1
IN23B062,vnc_intrinsic,vnc,Ov(L),616.1,844.4,34,-1,-1,-1,41,-1,-1,-1,-1,-1,30,-1
IN23B063,vnc_intrinsic,vnc,LegNp(T3)(R),441.5,918.0,-1,-1,-1,-1,-1,-1,55,-1,-1,-1,23,-1
IN23B064,vnc_intrinsic,vnc,LegNp(T3)(R),450.1,866.7,-1,-1,-1,26,26,-1,-1,-1,-1,-1,-1,-1
IN23B065,vnc_intrinsic,vnc,LegNp(T2)(L),573.2,865.2,-1,-1,-1,-1,19,-1,-1,-1,-1,-1,-1,-1
IN23B066,vnc_intrinsic,vnc,LegNp(T2)(R),444.5,803.3,-1,-1,-1,-1,16,-1,-1,-1,-1,-1,-1,-1
IN23B067_a,vnc_intrinsic,vnc,LegNp(T3)(R),605.5,869.7,45,-1,-1,-1,-1,-1,-1,-1,-1,-1,36,-1
IN23B067_b,vnc_intrinsic,vnc,LegNp(T3)(R),635.6,852.7,-1,-1,-1,-1,48,-1,-1,-1,-1,-1,54,-1
IN23B067_c,vnc_intrinsic,vnc,LegNp(T2)(L),416.5,807.0,-1,-1,-1,-1,37,-1,-1,-1,-1,-1,29,-1
IN23B067_d,vnc_intrinsic,vnc,LegNp(T1)(L),605.3,864.8,-1,-1,-1,-1,-1,-1,31,-1,57,-1,11,-1
IN23B067_e,vnc_intrinsic,vnc,LegNp(T2)(R),591.5,843.3,-1,-1,-1,-1,64,-1,-1,-1,-1,-1,40,-1
IN23B068,vnc_intrinsic,vnc,LegNp(T3)(R),507.6,788.1,8,-1,-1,-1,-1,-1,-1,-1,-1,-1,-1,43
"IN23B069,IN23B079",vnc_intrinsic,vnc,LegNp(T1)(L),454.6,791.4,-1,-1,-1,-1,-1,-1,-1,-1,-1,-1,-1,63
IN23B070,vnc_intrinsic,vnc,LegNp(T2)(L),401.5,814.1,45,-1,55,-1,65,-1,31,-1,58,-1,17,-1
IN23B071,vnc_intrinsic,vnc,LegNp(T2)(L),397.6,806.4,-1,-1,-1,-1,54,-1,-1,-1,-1,-1,36,-1
IN23B072,vnc_intrinsic,vnc,LegNp(T1)(L),684.6,793.7,18,-1,-1,-1,-1,-1,-1,-1,-1,-1,36,-1
IN23B073,vnc_intrinsic,vnc,LegNp(T2)(R),480.1,881.0,-1,-1,-1,-1,-1,-1,-1,-1,67,-1,-1,63
IN23B074,vnc_intrinsic,vnc,LegNp(T3)(R),441.7,814.7,52,-1,-1,-1,18,-1,-1,-1,-1,-1,19,-1
IN23B075,vnc_intrinsic,vnc,LegNp(T2)(L),489.2,837.8,-1,-1,-1,-1,-1,-1,-1,-1,-1,-1,64,-1
IN23B076,vnc_intrinsic,vnc,ANm,454.1,855.9,1,-1,-1,-1,-1,-1,-1,-1,-1,-1,60,-1
IN23B078,vnc_intrinsic,vnc,LegNp(T1)(L),594.4,878.0,32,-1,-1,-1,-1,-1,21,-1,-1,-1,27,-1
IN23B079,vnc_intrinsic,vnc,LegNp(T1)(L),449.5,765.5,35,-1,-1,-1,-1,-1,-1,-1,-1,-1,-1,-1
IN23B080,vnc_intrinsic,vnc,LegNp(T2)(R),566.0,819.5,-1,-1,-1,-1,-1,-1,-1,-1,-1,-1,-1,43
IN23B081,vnc_intrinsic,vnc,LegNp(T3)(L),607.6,848.8,47,-1,48,-1,55,-1,56,-1,-1,-1,35,-1
IN23B082,vnc_intrinsic,vnc,LegNp(T3)(R),468.5,821.3,47,-1,-1,-1,-1,-1,-1,-1,-1,-1,49,-1
IN23B083,vnc_intrinsic,vnc,LegNp(T2)(L),557.1,736.4,-1,-1,-1,-1,-1,-1,60,-1,-1,-1,39,-1
IN23B084,vnc_intrinsic,vnc,LegNp(T3)(R),472.4,821.9,14,-1,-1,-1,-1,-1,-1,-1,-1,-1,44,-1
IN23B085,vnc_intrinsic,vnc,LegNp(T3)(R),428.1,845.0,59,-1,67,-1,-1,-1,65,-1,-1,-1,36,-1
IN23B086,vnc_intrinsic,vnc,LegNp(T2)(R),611.0,802.4,-1,-1,-1,-1,-1,-1,63,-1,56,-1,28,-1
IN23B087,vnc_intrinsic,vnc,LegNp(T3)(R),564.8,761.5,-1,-1,57,-1,-1,-1,61,-1,-1,-1,39,-1
IN23B088,vnc_intrinsic,vnc,LegNp(T1)(L),412.2,716.5,35,-1,-1,-1,-1,-1,-1,-1,-1,-1,-1,-1
IN23B089,vnc_intrinsic,vnc,LegNp(T2)(L),584.8,923.5,19,-1,-1,-1,69,-1,65,-1,-1,-1,31,-1
IN23B090,vnc_intrinsic,vnc,LegNp(T3)(L),513.5,814.0,32,-1,-1,-1,-1,-1,-1,-1,-1,-1,-1,-1
IN23B091,vnc_intrinsic,vnc,LegNp(T1)(L),636.3,721.3,-1,-1,-1,-1,-1,-1,-1,-1,-1,-1,-1,-1
IN23B092,vnc_intrinsic,vnc,LegNp(T3)(L),500.0,835.8,-1,-1,-1,-1,-1,-1,-1,-1,-1,-1,-1,54
IN23B093,vnc_intrinsic,vnc,LegNp(T2)(L),558.8,758.5,18,-1,-1,38,-1,-1,-1,-1,-1,-1,-1,-1
IN23B094,vnc_intrinsic,vnc,LegNp(T1)(L),386.0,704.9,6,-1,-1,-1,-1,-1,31,-1,-1,-1,28,-1
IN23B095,vnc_intrinsic,vnc,ANm,579.6,834.7,39,-1,12,-1,-1,-1,57,-1,-1,-1,3,-1
IN23B096,vnc_intrinsic,vnc,ANm,518.8,792.8,4,-1,-1,-1,-1,-1,-1,-1,-1,-1,-1,-1
IN26X001,vnc_intrinsic,vnc,LegNp(T3)(L),453.2,803.9,-1,-1,2,-1,4,-1,54,-1,17,-1,34,-1
IN26X002,vnc_intrinsic,vnc,LegNp(T2)(L),573.5,818.0,1,-1,7,-1,9,-1,11,-1,-1,-1,39,-1
IN26X003,vnc_intrinsic,vnc,LegNp(T3)(L),415.3,853.1,30,-1,57,-1,-1,-1,-1,-1,-1,-1,41,-1
IN27X001,ascending_neuron,vnc,IntTct,526.2,727.1,1,-1,8,-1,7,-1,3,-1,21,-1,10,-1
IN27X002,vnc_intrinsic,vnc,LegNp(T1)(L),597.8,861.2,-1,-1,-1,-1,-1,-1,-1,-1,-1,-1,20,-1
IN27X003,vnc_intrinsic,vnc,ANm,559.4,910.4,-1,-1,-1,-1,-1,-1,-1,-1,-1,-1,21,-1
IN27X004,vnc_intrinsic,vnc,ANm,530.7,808.1,-1,-1,-1,-1,37,-1,58,-1,65,-1,-1,41
IN27X005,vnc_intrinsic,vnc,LTct,618.3,901.3,-1,-1,5,-1,21,-1,-1,55,-1,-1,66,37
IN27X007,vnc_intrinsic,vnc,WTct(UTct-T2)(R),502.6,774.7,-1,-1,-1,-1,34,-1,23,-1,28,-1,14,-1
IN27X014,vnc_intrinsic,vnc,IntTct,519.8,667.9,-1,-1,35,-1,21,-1,24,-1,39,-1,20,-1
IN27X023,vnc_intrinsic,vnc,ANm,521.7,782.2,69,-1,56,-1,57,-1,7,-1,48,-1,5,-1
INXXX003,vnc_intrinsic,vnc,LegNp(T1)(L),479.4,804.1,4,-1,14,-1,14,-1,7,-1,25,-1,24,-1
INXXX004,vnc_intrinsic,vnc,LegNp(T3)(L),446.9,796.8,54,-1,19,-1,6,-1,13,-1,32,-1,24,-1
INXXX007,vnc_intrinsic,vnc,mVAC(T2)(R),499.9,848.3,33,-1,25,-1,8,-1,56,-1,-1,-1,19,-1
INXXX008,vnc_intrinsic,vnc,ANm,652.7,859.4,-1,-1,-1,61,-1,-1,-1,-1,-1,-1,26,-1
INXXX011,vnc_intrinsic,vnc,LegNp(T3)(L),496.4,794.1,-1,-1,11,-1,15,-1,58,-1,29,-1,27,-1
INXXX022,vnc_intrinsic,vnc,LegNp(T3)(R),505.1,917.4,-1,-1,-1,-1,63,-1,58,-1,52,-1,38,-1
INXXX023,vnc_intrinsic,vnc,IntTct,513.0,726.1,14,-1,26,-1,30,-1,4,-1,32,-1,20,-1
INXXX025,vnc_intrinsic,vnc,ANm,525.5,803.3,34,-1,56,-1,14,-1,53,-1,42,-1,24,-1
INXXX027,vnc_intrinsic,vnc,ANm,518.1,795.9,22,-1,8,-1,2,-1,50,-1,59,-1,3,-1
INXXX029,vnc_intrinsic,vnc,LegNp(T1)(L),484.0,865.1,-1,-1,-1,-1,-1,-1,-1,-1,-1,-1,-1,42
INXXX031,vnc_intrinsic,vnc,LegNp(T3)(L),643.5,881.1,-1,-1,36,-1,12,-1,10,-1,27,-1,22,-1
INXXX032,vnc_intrinsic,vnc,ANm,517.7,811.1,14,-1,21,-1,3,-1,54,-1,22,-1,27,-1
INXXX034,vnc_intrinsic,vnc,ANm,541.6,754.1,-1,-1,-1,-1,-1,-1,13,-1,64,-1,15,-1
INXXX035,vnc_intrinsic,vnc,LegNp(T3)(L),635.5,888.5,69,-1,21,-1,56,-1,58,-1,-1,-1,26,-1
INXXX036,vnc_intrinsic,vnc,LegNp(T1)(L),673.9,734.8,-1,-1,56,-1,51,-1,52,-1,16,-1,35,-1
INXXX038,vnc_intrinsic,vnc,LegNp(T3)(L),576.4,769.0,14,-1,9,-1,18,-1,44,-1,65,-1,4,-1
INXXX039,vnc_intrinsic,vnc,ANm,522.9,818.5,21,-1,6,-1,12,-1,52,-1,39,-1,12,-1
INXXX042,vnc_intrinsic,vnc,LegNp(T3)(L),597.6,796.9,-1,-1,17,-1,17,-1,49,-1,58,-1,14,-1
INXXX044,vnc_intrinsic,vnc,Ov(L),615.1,825.9,14,-1,2,-1,2,-1,4,-1,46,-1,2,-1
INXXX045,vnc_intrinsic,vnc,LegNp(T3)(R),493.9,785.2,29,-1,31,30,19,-1,49,-1,-1,-1,19,-1
INXXX048,vnc_intrinsic,vnc,LegNp(T3)(L),561.0,859.2,34,-1,-1,-1,29,-1,-1,-1,35,-1,-1,43
INXXX052,vnc_intrinsic,vnc,ANm,544.9,850.3,-1,-1,5,-1,14,-1,-1,-1,43,-1,36,-1
INXXX053,vnc_intrinsic,vnc,LegNp(T3)(R),601.4,795.0,-1,-1,-1,-1,-1,-1,59,-1,-1,-1,44,43
INXXX054,vnc_intrinsic,vnc,LegNp(T3)(R),508.5,841.7,-1,-1,27,-1,-1,-1,50,-1,-1,-1,23,-1
INXXX056,vnc_intrinsic,vnc,LTct,533.8,786.3,-1,-1,-1,-1,-1,-1,-1,-1,-1,-1,69,-1
INXXX058,vnc_intrinsic,vnc,ANm,523.2,762.1,31,-1,10,-1,4,-1,56,-1,32,-1,13,-1
INXXX062,vnc_intrinsic,vnc,ANm,520.1,760.3,-1,-1,8,-1,20,-1,26,-1,-1,-1,28,-1
INXXX063,ascending_neuron,vnc,ANm,485.4,764.2,-1,-1,32,-1,-1,-1,12,-1,-1,-1,-1,29
INXXX065,vnc_intrinsic,vnc,LegNp(T3)(L),485.3,778.9,-1,-1,34,-1,-1,-1,-1,-1,-1,-1,26,-1
INXXX066,vnc_intrinsic,vnc,LegNp(T3)(R),496.5,841.7,17,-1,-1,-1,15,-1,-1,-1,26,-1,34,-1
INXXX073,vnc_intrinsic,vnc,LegNp(T3)(L),464.5,922.5,-1,-1,14,-1,18,-1,53,-1,34,-1,24,-1
INXXX076,vnc_intrinsic,vnc,WTct(UTct-T2)(L),579.2,688.7,56,-1,63,-1,-1,-1,11,-1,38,-1,6,-1
INXXX077,vnc_intrinsic,vnc,ANm,536.0,843.6,23,-1,5,-1,5,-1,-1,-1,57,-1,-1,38
INXXX083,vnc_intrinsic,vnc,LegNp(T2)(L),489.7,695.8,38,-1,48,-1,-1,-1,16,-1,28,-1,-1,40
INXXX084,vnc_intrinsic,vnc,ANm,562.7,785.1,-1,-1,24,-1,9,-1,52,-1,59,-1,21,-1
INXXX087,vnc_intrinsic,vnc,ANm,528.0,818.7,35,-1,11,-1,20,-1,-1,-1,56,-1,15,-1
INXXX089,vnc_intrinsic,vnc,LegNp(T1)(L),498.2,804.5,-1,-1,35,-1,37,-1,13,-1,49,-1,39,-1
INXXX091,vnc_intrinsic,vnc,LegNp(T3)(R),456.0,895.9,56,-1,-1,51,-1,-1,65,-1,-1,-1,29,-1
INXXX095,vnc_intrinsic,vnc,LegNp(T3)(L),497.4,820.1,-1,-1,5,-1,7,-1,3,-1,6,-1,5,-1
INXXX096,vnc_intrinsic,vnc,ANm,437.0,710.1,-1,-1,25,-1,10,-1,-1,-1,54,-1,29,-1
INXXX100,vnc_intrinsic,vnc,ANm,453.1,802.1,-1,-1,7,-1,3,-1,50,-1,33,-1,2,-1
INXXX101,vnc_intrinsic,vnc,LegNp(T3)(L),409.2,890.8,10,-1,-1,-1,-1,-1,-1,63,-1,-1,-1,31
INXXX104,vnc_intrinsic,vnc,ANm,555.4,827.8,-1,-1,-1,-1,28,-1,-1,-1,54,-1,63,41
INXXX107,vnc_intrinsic,vnc,ANm,561.2,807.5,-1,-1,-1,-1,37,-1,-1,-1,-1,-1,-1,37
INXXX110,vnc_intrinsic,vnc,ANm,516.2,829.4,-1,-1,16,-1,43,-1,26,-1,-1,-1,12,-1
INXXX111,vnc_intrinsic,vnc,ANm,466.1,917.4,-1,-1,7,-1,31,-1,58,-1,-1,-1,24,-1
INXXX114,vnc_intrinsic,vnc,ANm,499.0,799.3,54,-1,-1,-1,31,-1,69,-1,57,-1,19,-1
INXXX115,vnc_intrinsic,vnc,LegNp(T3)(L),460.5,943.2,-1,-1,-1,-1,-1,-1,25,-1,-1,-1,31,-1
INXXX119,vnc_intrinsic,vnc,ANm,484.0,743.9,45,-1,35,-1,55,-1,16,-1,-1,-1,17,-1
INXXX121,vnc_intrinsic,vnc,ANm,576.3,775.6,52,-1,41,-1,40,-1,58,-1,37,-1,23,-1
INXXX122,vnc_intrinsic,vnc,ANm,555.5,827.1,-1,-1,-1,-1,16,-1,-1,-1,55,-1,33,-1
INXXX124,vnc_intrinsic,vnc,ANm,540.2,759.0,47,-1,-1,-1,17,-1,-1,-1,-1,-1,31,-1
INXXX126,vnc_intrinsic,vnc,ANm,571.6,754.0,-1,-1,8,-1,7,-1,54,-1,37,-1,2,-1
INXXX129,vnc_intrinsic,vnc,ANm,450.6,886.5,-1,-1,64,-1,-1,-1,-1,69,-1,-1,29,-1
INXXX133,vnc_intrinsic,vnc,LegNp(T3)(L),587.3,782.2,21,-1,-1,-1,48,-1,10,-1,59,-1,14,-1
INXXX134,vnc_intrinsic,vnc,LTct,517.5,689.1,-1,-1,-1,-1,-1,-1,17,-1,-1,-1,51,28
INXXX135,vnc_intrinsic,vnc,LegNp(T1)(L),666.4,735.4,-1,-1,-1,-1,-1,-1,-1,-1,-1,-1,31,-1
INXXX137,vnc_intrinsic,vnc,ANm,546.5,838.1,-1,-1,12,-1,10,-1,-1,-1,55,-1,-1,38
INXXX138,vnc_intrinsic,vnc,ANm,547.2,724.6,52,-1,38,-1,52,-1,-1,-1,37,-1,22,-1
INXXX140,vnc_intrinsic,vnc,LegNp(T3)(L),480.3,729.6,4,-1,-1,68,-1,-1,-1,-1,-1,-1,59,39
INXXX142,vnc_intrinsic,vnc,WTct(UTct-T2)(L),627.6,717.0,-1,-1,32,-1,35,-1,17,-1,28,-1,17,-1
INXXX143,vnc_intrinsic,vnc,LegNp(T3)(R),629.8,876.9,31,-1,-1,-1,-1,-1,61,-1,-1,-1,-1,34
INXXX146,vnc_intrinsic,vnc,WTct(UTct-T2)(R),531.2,848.2,62,-1,15,-1,-1,-1,11,-1,-1,-1,20,-1
INXXX147,vnc_intrinsic,vnc,LegNp(T3)(R),593.5,774.9,-1,-1,39,-1,-1,-1,61,-1,-1,-1,-1,42
INXXX149,vnc_intrinsic,vnc,ANm,544.7,799.3,-1,-1,3,-1,3,-1,-1,-1,29,-1,32,-1
INXXX153,vnc_intrinsic,vnc,ANm,442.0,824.3,57,-1,-1,-1,41,-1,-1,-1,62,-1,-1,43
INXXX158,vnc_intrinsic,vnc,ANm,517.9,858.6,34,-1,28,-1,12,-1,-1,-1,-1,-1,7,-1
INXXX159,vnc_intrinsic,vnc,ANm,492.5,807.9,39,-1,21,-1,20,-1,16,-1,19,-1,25,-1
INXXX161,vnc_intrinsic,vnc,ANm,690.6,729.9,-1,-1,-1,42,43,-1,56,-1,-1,-1,22,-1
INXXX167,vnc_intrinsic,vnc,ANm,570.4,812.9,2,-1,7,-1,9,-1,-1,-1,59,-1,-1,38
INXXX173,vnc_intrinsic,vnc,IntTct,611.0,681.9,-1,-1,-1,-1,54,-1,25,-1,37,-1,18,-1
INXXX179,vnc_intrinsic,vnc,ANm,557.3,827.1,46,-1,16,-1,-1,-1,-1,-1,20,-1,19,-1
INXXX180,vnc_intrinsic,vnc,ANm,631.9,853.0,-1,-1,31,-1,-1,-1,58,-1,-1,-1,24,-1
INXXX181,vnc_intrinsic,vnc,ANm,509.3,821.0,-1,-1,12,-1,-1,-1,-1,-1,-1,-1,-1,38
INXXX183,vnc_intrinsic,vnc,ANm,551.0,804.2,-1,-1,11,-1,20,-1,-1,-1,-1,-1,24,-1
INXXX184,vnc_intrinsic,vnc,ANm,521.4,848.0,-1,-1,23,-1,51,-1,-1,-1,-1,-1,57,38
INXXX188,vnc_intrinsic,vnc,ANm,545.4,767.5,-1,-1,34,-1,42,-1,58,-1,33,-1,39,-1
INXXX192,vnc_intrinsic,vnc,ANm,557.6,807.2,-1,-1,39,-1,51,-1,-1,-1,27,-1,23,-1
INXXX193,vnc_intrinsic,vnc,ANm,549.3,790.6,1,-1,29,-1,-1,-1,-1,-1,32,-1,23,-1
INXXX194,vnc_intrinsic,vnc,LegNp(T1)(L),576.3,826.4,-1,-1,-1,-1,-1,-1,62,-1,-1,-1,35,-1
INXXX197,vnc_intrinsic,vnc,ANm,566.3,804.8,30,-1,6,-1,9,-1,-1,-1,51,-1,35,-1
INXXX198,vnc_intrinsic,vnc,ANm,507.5,757.8,-1,-1,29,-1,-1,-1,22,-1,47,-1,14,-1
INXXX199,vnc_intrinsic,vnc,ANm,562.6,855.5,17,-1,18,-1,-1,-1,-1,-1,26,-1,25,-1
INXXX201,vnc_intrinsic,vnc,Ov(L),450.9,820.9,11,-1,-1,-1,23,-1,51,-1,-1,-1,41,-1
INXXX204,vnc_intrinsic,vnc,ANm,535.8,828.2,-1,-1,26,-1,-1,-1,-1,-1,-1,-1,43,-1
INXXX206,vnc_intrinsic,vnc,ANm,589.7,773.8,63,-1,25,-1,-1,-1,-1,-1,27,-1,25,-1
INXXX209,vnc_intrinsic,vnc,ANm,532.1,812.1,-1,-1,66,-1,22,-1,-1,-1,-1,-1,-1,38
INXXX212,vnc_intrinsic,vnc,ANm,519.5,816.3,-1,-1,7,-1,27,-1,-1,-1,60,-1,29,-1
INXXX213,vnc_intrinsic,vnc,ANm,574.2,863.7,-1,-1,-1,-1,47,-1,50,-1,-1,-1,25,-1
INXXX215,vnc_intrinsic,vnc,ANm,529.9,821.2,-1,-1,36,-1,14,-1,-1,-1,57,-1,30,-1
INXXX216,vnc_intrinsic,vnc,LegNp(T3)(R),571.3,795.8,53,-1,23,-1,61,-1,-1,-1,-1,-1,21,-1
INXXX217,vnc_intrinsic,vnc,ANm,536.9,848.1,-1,-1,3,-1,3,-1,58,-1,32,-1,25,-1
INXXX219,vnc_intrinsic,vnc,LegNp(T3)(R),498.1,859.6,29,-1,-1,-1,48,-1,58,-1,-1,-1,8,-1
INXXX220,vnc_intrinsic,vnc,ANm,455.8,920.8,68,-1,20,-1,66,-1,51,-1,-1,-1,18,-1
INXXX221,vnc_intrinsic,vnc,ANm,579.9,828.8,-1,-1,36,-1,-1,-1,-1,-1,-1,-1,-1,38
INXXX223,vnc_intrinsic,vnc,ANm,532.2,842.2,-1,-1,-1,63,36,-1,-1,-1,-1,-1,-1,38
INXXX224,vnc_intrinsic,vnc,ANm,590.1,890.9,-1,-1,-1,-1,39,-1,58,-1,-1,-1,23,-1
INXXX225,vnc_intrinsic,vnc,ANm,545.1,757.4,-1,-1,-1,-1,32,-1,-1,-1,-1,-1,39,-1
INXXX227,vnc_intrinsic,vnc,LegNp(T3)(L),447.9,896.5,12,-1,-1,-1,57,-1,-1,-1,-1,-1,33,-1
INXXX228,vnc_intrinsic,vnc,ANm,570.9,775.5,24,-1,3,-1,9,-1,-1,-1,53,-1,26,-1
INXXX230,vnc_intrinsic,vnc,ANm,511.6,795.1,-1,-1,4,-1,4,-1,59,-1,33,-1,22,-1
INXXX231,vnc_intrinsic,vnc,ANm,548.5,816.4,-1,-1,6,-1,9,-1,52,-1,34,-1,24,-1
INXXX232,vnc_intrinsic,vnc,ANm,478.2,879.7,60,-1,28,-1,-1,-1,69,-1,-1,-1,24,-1
INXXX235,vnc_intrinsic,vnc,ANm,543.0,832.3,58,-1,46,-1,15,-1,-1,-1,24,-1,26,-1
INXXX237,vnc_intrinsic,vnc,ANm,467.3,896.1,56,-1,28,-1,-1,-1,-1,-1,-1,-1,24,-1
INXXX238,vnc_intrinsic,vnc,Ov(L),589.9,813.6,-1,-1,59,-1,7,-1,63,-1,-1,-1,30,-1
INXXX239,vnc_intrinsic,vnc,ANm,520.2,746.0,65,-1,7,-1,6,-1,-1,-1,64,-1,-1,38
INXXX240,vnc_intrinsic,vnc,ANm,564.0,799.7,11,-1,57,-1,56,-1,-1,-1,-1,-1,38,-1
INXXX241,vnc_intrinsic,vnc,ANm,509.5,788.9,16,-1,64,63,-1,-1,58,-1,-1,-1,31,-1
INXXX242,vnc_intrinsic,vnc,ANm,446.6,816.5,-1,-1,-1,-1,-1,-1,57,-1,-1,-1,-1,39
INXXX243,vnc_intrinsic,vnc,ANm,521.3,744.9,4,-1,34,-1,11,-1,-1,-1,-1,-1,37,-1
INXXX244,vnc_intrinsic,vnc,ANm,531.8,754.3,-1,-1,29,-1,45,-1,-1,-1,64,-1,-1,38
INXXX245,vnc_intrinsic,vnc,ANm,500.1,783.8,-1,-1,27,-1,47,-1,-1,-1,-1,-1,24,-1
INXXX246,vnc_intrinsic,vnc,ANm,557.3,789.3,-1,-1,8,-1,59,-1,-1,-1,-1,-1,24,-1
INXXX247,vnc_intrinsic,vnc,ANm,564.7,857.9,69,-1,14,-1,8,-1,-1,-1,24,-1,32,-1
INXXX249,vnc_intrinsic,vnc,ANm,534.2,841.2,24,-1,43,-1,32,-1,-1,-1,59,-1,20,-1
INXXX251,vnc_intrinsic,vnc,LegNp(T3)(R),493.6,828.0,67,-1,-1,-1,59,-1,-1,-1,63,-1,-1,42
INXXX252,vnc_intrinsic,vnc,Ov(L),574.9,823.1,-1,-1,63,-1,38,-1,-1,-1,-1,-1,30,-1
INXXX253,vnc_intrinsic,vnc,ANm,518.3,792.8,66,-1,66,-1,12,-1,-1,-1,56,-1,25,-1
INXXX256,vnc_intrinsic,vnc,ANm,512.2,765.0,-1,-1,-1,-1,-1,-1,61,-1,-1,-1,-1,58
INXXX257,vnc_intrinsic,vnc,ANm,543.9,776.2,37,-1,-1,-1,-1,-1,-1,-1,-1,-1,-1,-1
INXXX258,vnc_intrinsic,vnc,ANm,511.3,764.7,31,-1,2,-1,6,-1,58,-1,37,-1,23,-1
INXXX260,vnc_intrinsic,vnc,ANm,583.7,845.2,-1,-1,18,-1,27,-1,-1,-1,58,-1,37,-1
INXXX261,vnc_intrinsic,vnc,ANm,551.9,726.1,-1,-1,14,-1,14,-1,-1,-1,64,-1,5,-1
INXXX262,vnc_intrinsic,vnc,ANm,501.5,836.2,-1,-1,9,-1,16,-1,-1,-1,54,-1,32,-1
INXXX263,vnc_intrinsic,vnc,ANm,537.3,741.9,-1,-1,58,-1,27,-1,-1,-1,69,-1,-1,38
INXXX265,vnc_intrinsic,vnc,ANm,522.2,805.5,-1,-1,26,-1,36,-1,-1,-1,63,-1,38,-1
INXXX267,vnc_intrinsic,vnc,ANm,521.8,777.9,7,-1,37,-1,63,-1,19,-1,-1,-1,19,-1
INXXX268,vnc_intrinsic,vnc,ANm,514.4,807.7,-1,-1,33,-1,-1,-1,-1,-1,-1,-1,-1,38
INXXX269,vnc_intrinsic,vnc,ANm,543.2,815.3,69,-1,5,-1,8,-1,54,-1,61,-1,24,-1
INXXX270,vnc_intrinsic,vnc,ANm,464.5,866.7,-1,-1,-1,-1,36,-1,-1,-1,-1,-1,32,-1
INXXX271,vnc_intrinsic,vnc,ANm,545.1,828.3,-1,-1,9,-1,13,-1,-1,-1,60,-1,36,-1
INXXX273,vnc_intrinsic,vnc,ANm,517.0,804.1,47,-1,10,-1,17,-1,-1,-1,-1,-1,-1,38
INXXX275,vnc_intrinsic,vnc,ANm,573.8,841.8,-1,-1,31,-1,-1,63,-1,-1,-1,-1,52,38
INXXX276,vnc_intrinsic,vnc,ANm,548.2,796.6,1,-1,36,-1,-1,-1,-1,-1,36,-1,24,-1
INXXX279,vnc_intrinsic,vnc,ANm,557.5,846.7,-1,-1,22,-1,35,-1,-1,-1,63,-1,38,-1
INXXX280,vnc_intrinsic,vnc,ANm,515.2,819.7,-1,-1,22,-1,-1,-1,2,-1,55,-1,17,-1
INXXX281,vnc_intrinsic,vnc,ANm,493.9,787.7,47,-1,10,-1,9,-1,-1,-1,44,-1,32,-1
INXXX282,vnc_intrinsic,vnc,ANm,554.9,805.6,-1,-1,68,56,66,-1,-1,-1,-1,-1,39,-1
INXXX283,vnc_intrinsic,vnc,ANm,545.1,856.7,-1,-1,51,-1,57,-1,-1,-1,-1,-1,37,-1
INXXX284,vnc_intrinsic,vnc,LegNp(T3)(L),442.7,905.6,-1,-1,-1,-1,-1,-1,-1,-1,56,-1,57,-1
INXXX285,vnc_intrinsic,vnc,ANm,528.3,799.3,-1,-1,36,-1,68,-1,-1,-1,-1,-1,38,-1
INXXX287,vnc_intrinsic,vnc,ANm,543.1,791.9,-1,-1,3,-1,3,-1,28,-1,19,-1,23,-1
INXXX288,vnc_intrinsic,vnc,ANm,489.4,840.1,3,-1,19,-1,30,-1,-1,-1,-1,-1,37,-1
INXXX290,vnc_intrinsic,vnc,ANm,499.8,788.6,36,-1,21,-1,6,-1,58,-1,-1,-1,26,-1
INXXX292,vnc_intrinsic,vnc,ANm,523.4,788.4,19,-1,35,-1,-1,-1,-1,-1,-1,-1,-1,38
INXXX293,vnc_intrinsic,vnc,ANm,512.3,819.1,42,-1,-1,53,52,-1,-1,-1,-1,-1,-1,38
INXXX294,vnc_intrinsic,vnc,ANm,513.4,783.5,64,-1,19,-1,34,-1,-1,-1,20,-1,24,-1
INXXX295,vnc_intrinsic,vnc,ANm,558.1,808.1,-1,-1,-1,-1,47,-1,-1,-1,55,-1,25,-1
INXXX297,vnc_intrinsic,vnc,ANm,532.5,846.3,4,-1,3,-1,9,-1,-1,-1,38,-1,30,-1
INXXX299,vnc_intrinsic,vnc,ANm,570.1,812.6,50,-1,40,-1,-1,-1,-1,-1,-1,-1,26,-1
INXXX300,vnc_intrinsic,vnc,ANm,517.6,837.4,-1,-1,59,-1,-1,-1,57,-1,-1,-1,37,-1
INXXX301,vnc_intrinsic,vnc,ANm,527.0,785.9,35,-1,11,-1,36,-1,-1,-1,58,-1,35,-1
INXXX302,vnc_intrinsic,vnc,ANm,564.3,862.9,63,-1,18,-1,-1,-1,-1,-1,63,-1,37,-1
INXXX303,vnc_intrinsic,vnc,ANm,528.1,875.5,6,-1,32,-1,57,-1,58,-1,-1,-1,-1,39
INXXX304,vnc_intrinsic,vnc,ANm,526.7,793.1,7,-1,44,-1,-1,-1,8,-1,-1,-1,15,-1
INXXX306,vnc_intrinsic,vnc,ANm,516.3,831.9,-1,-1,32,-1,16,-1,64,-1,55,-1,28,-1
INXXX307,vnc_intrinsic,vnc,ANm,544.7,842.3,-1,-1,-1,-1,32,-1,-1,-1,63,-1,31,-1
INXXX309,vnc_intrinsic,vnc,ANm,511.1,839.9,26,-1,39,-1,16,-1,-1,-1,33,-1,39,-1
INXXX315,vnc_intrinsic,vnc,ANm,519.1,841.6,7,-1,5,-1,11,-1,57,-1,25,-1,26,-1
INXXX316,vnc_intrinsic,vnc,ANm,522.7,794.9,8,-1,26,-1,20,-1,57,-1,57,-1,23,-1
INXXX317,vnc_intrinsic,vnc,ANm,573.7,811.0,14,-1,34,-1,-1,-1,-1,-1,-1,-1,24,-1
INXXX319,vnc_intrinsic,vnc,ANm,563.7,760.0,25,-1,34,-1,60,-1,-1,-1,-1,-1,26,-1
INXXX320,vnc_intrinsic,vnc,ANm,565.5,834.6,-1,-1,35,-1,-1,-1,-1,-1,-1,-1,39,-1
INXXX321,vnc_intrinsic,vnc,LegNp(T2)(L),589.2,932.4,-1,-1,23,-1,19,-1,59,-1,31,-1,34,-1
INXXX322,vnc_intrinsic,vnc,ANm,550.0,818.7,65,-1,27,21,-1,-1,-1,-1,-1,-1,38,-1
INXXX324,vnc_intrinsic,vnc,ANm,548.1,810.4,-1,-1,40,-1,-1,-1,-1,-1,-1,-1,31,-1
INXXX326,vnc_intrinsic,vnc,ANm,545.3,860.3,68,-1,-1,-1,-1,-1,-1,-1,-1,-1,-1,38
INXXX328,vnc_intrinsic,vnc,ANm,546.5,844.7,4,-1,8,-1,13,-1,-1,-1,-1,-1,8,-1
INXXX329,vnc_intrinsic,vnc,ANm,572.9,858.1,1,-1,5,-1,27,-1,-1,-1,-1,-1,17,-1
INXXX331,vnc_intrinsic,vnc,ANm,556.4,779.0,7,-1,9,-1,16,-1,-1,-1,-1,-1,23,-1
INXXX332,vnc_intrinsic,vnc,ANm,514.4,849.2,10,-1,4,-1,7,-1,55,-1,23,-1,13,-1
INXXX333,vnc_intrinsic,vnc,ANm,553.5,785.6,38,-1,63,-1,55,-1,-1,-1,-1,-1,38,-1
INXXX334,vnc_intrinsic,vnc,ANm,537.4,858.1,59,-1,25,-1,61,-1,-1,-1,-1,-1,45,-1
INXXX335,vnc_intrinsic,vnc,ANm,527.4,832.4,15,-1,-1,63,42,-1,13,-1,-1,-1,25,-1
INXXX336,vnc_intrinsic,vnc,ANm,515.9,799.8,-1,-1,54,-1,33,-1,-1,-1,-1,-1,-1,38
INXXX337,vnc_intrinsic,vnc,ANm,552.3,824.0,43,-1,63,-1,-1,-1,56,-1,-1,-1,7,-1
INXXX339,vnc_intrinsic,vnc,ANm,526.0,806.5,60,-1,67,-1,-1,-1,-1,-1,69,-1,27,-1
INXXX340,vnc_intrinsic,vnc,LegNp(T3)(R),498.8,884.4,37,-1,-1,-1,-1,-1,58,-1,-1,-1,33,-1
INXXX341,vnc_intrinsic,vnc,ANm,543.6,831.8,-1,-1,35,-1,45,-1,44,-1,69,-1,23,-1
INXXX343,vnc_intrinsic,vnc,ANm,557.3,810.6,39,-1,45,-1,50,-1,-1,-1,-1,-1,-1,38
INXXX345,vnc_intrinsic,vnc,ANm,550.5,846.5,20,-1,37,-1,-1,-1,-1,-1,-1,-1,36,-1
INXXX346,vnc_intrinsic,vnc,ANm,545.4,784.2,-1,-1,-1,63,32,-1,-1,-1,57,-1,39,-1
INXXX347,vnc_intrinsic,vnc,LegNp(T3)(L),548.9,728.2,-1,-1,-1,-1,-1,-1,14,-1,-1,-1,38,-1
INXXX348,vnc_intrinsic,vnc,ANm,544.4,843.1,7,-1,30,-1,21,-1,-1,-1,33,-1,39,-1
INXXX349,vnc_intrinsic,vnc,ANm,527.9,830.1,46,-1,55,-1,-1,-1,-1,-1,66,-1,38,-1
INXXX350,vnc_intrinsic,vnc,ANm,527.0,822.6,44,-1,41,-1,29,-1,-1,-1,56,-1,-1,38
INXXX351,vnc_intrinsic,vnc,ANm,523.8,789.5,-1,-1,-1,-1,-1,-1,-1,-1,63,-1,-1,38
INXXX352,vnc_intrinsic,vnc,ANm,517.1,813.4,-1,-1,-1,-1,24,-1,-1,-1,55,-1,36,-1
INXXX353,vnc_intrinsic,vnc,ANm,551.9,771.8,-1,-1,21,-1,57,-1,-1,-1,66,-1,35,-1
INXXX355,vnc_intrinsic,vnc,ANm,497.6,752.8,-1,-1,46,-1,47,-1,50,-1,-1,-1,19,-1
INXXX357,vnc_intrinsic,vnc,ANm,526.8,759.5,7,-1,-1,-1,59,-1,-1,-1,-1,-1,38,-1
INXXX359,vnc_intrinsic,vnc,ANm,646.1,882.7,-1,-1,-1,-1,-1,-1,-1,-1,-1,-1,30,-1
INXXX360,vnc_intrinsic,vnc,ANm,565.2,792.9,-1,-1,-1,63,51,-1,-1,-1,-1,-1,38,-1
INXXX363,vnc_intrinsic,vnc,ANm,514.8,792.5,13,-1,7,-1,11,-1,-1,-1,34,-1,32,-1
INXXX364,vnc_intrinsic,vnc,ANm,539.7,843.3,-1,-1,14,-1,22,-1,55,-1,28,-1,25,-1
INXXX365,vnc_intrinsic,vnc,ANm,574.7,771.8,4,-1,53,-1,-1,-1,45,-1,25,-1,25,-1
INXXX369,vnc_intrinsic,vnc,ANm,563.2,833.6,-1,-1,16,-1,17,-1,-1,-1,59,-1,25,-1
INXXX370,vnc_intrinsic,vnc,ANm,583.8,831.0,63,-1,17,-1,39,-1,-1,-1,-1,-1,32,-1
INXXX372,vnc_intrinsic,vnc,ANm,540.8,792.4,10,-1,54,-1,15,-1,-1,-1,63,-1,-1,38
INXXX373,vnc_intrinsic,vnc,ANm,560.6,764.4,27,-1,22,-1,35,-1,57,-1,32,-1,26,-1
INXXX374,vnc_intrinsic,vnc,ANm,565.9,796.9,-1,-1,48,-1,-1,-1,-1,-1,-1,-1,-1,38
INXXX376,vnc_intrinsic,vnc,ANm,550.5,806.5,25,-1,-1,-1,-1,-1,57,-1,57,-1,26,-1
INXXX377,vnc_intrinsic,vnc,ANm,554.1,835.9,-1,-1,11,-1,58,-1,55,-1,36,-1,23,-1
INXXX378,vnc_intrinsic,vnc,ANm,529.7,843.6,-1,-1,66,58,29,-1,-1,-1,-1,-1,-1,38
INXXX379,vnc_intrinsic,vnc,ANm,522.1,839.6,62,-1,39,-1,69,-1,-1,-1,61,-1,-1,38
INXXX381,vnc_intrinsic,vnc,ANm,513.1,778.6,10,-1,26,-1,-1,-1,-1,-1,-1,-1,25,-1
INXXX382_b,vnc_intrinsic,vnc,ANm,532.2,862.2,20,-1,41,-1,-1,-1,-1,-1,-1,-1,52,38
INXXX383,vnc_intrinsic,vnc,LegNp(T3)(L),556.7,877.8,-1,-1,-1,-1,-1,-1,-1,-1,-1,-1,-1,-1
INXXX385,vnc_intrinsic,vnc,ANm,555.8,810.0,46,-1,26,-1,44,-1,-1,-1,-1,-1,60,38
INXXX386,vnc_intrinsic,vnc,ANm,555.6,829.5,34,-1,10,-1,16,-1,-1,-1,-1,-1,-1,38
INXXX387,vnc_intrinsic,vnc,ANm,524.4,793.2,-1,-1,44,-1,29,-1,-1,61,31,-1,28,-1
INXXX388,vnc_intrinsic,vnc,ANm,502.7,822.4,-1,-1,68,23,-1,-1,-1,-1,-1,-1,-1,38
INXXX390,vnc_intrinsic,vnc,ANm,527.6,769.1,30,-1,-1,-1,40,-1,-1,-1,-1,-1,27,-1
INXXX391,vnc_intrinsic,vnc,ANm,565.1,870.3,-1,-1,-1,-1,-1,-1,-1,-1,61,-1,26,-1
INXXX393,vnc_intrinsic,vnc,ANm,518.6,807.4,2,-1,-1,63,-1,-1,-1,-1,-1,-1,-1,38
INXXX394,vnc_intrinsic,vnc,ANm,555.1,855.5,-1,-1,-1,-1,-1,-1,-1,-1,-1,-1,-1,-1
INXXX395,vnc_intrinsic,vnc,ANm,561.6,770.1,35,-1,-1,-1,-1,-1,-1,-1,-1,-1,-1,-1
INXXX396,vnc_intrinsic,vnc,ANm,512.6,779.0,-1,-1,34,-1,25,-1,52,-1,55,-1,24,-1
INXXX397,vnc_intrinsic,vnc,ANm,549.2,823.1,-1,-1,45,-1,47,-1,-1,-1,68,-1,37,-1
INXXX399,vnc_intrinsic,vnc,ANm,550.5,756.7,11,-1,53,51,-1,-1,58,-1,63,-1,25,-1
INXXX400,vnc_intrinsic,vnc,ANm,520.6,761.0,49,-1,28,-1,-1,-1,-1,-1,68,-1,25,-1
INXXX401,vnc_intrinsic,vnc,ANm,529.9,803.0,20,-1,-1,63,-1,-1,-1,-1,-1,-1,39,-1
INXXX402,vnc_intrinsic,vnc,ANm,540.3,833.0,-1,-1,8,-1,-1,-1,58,-1,34,-1,24,-1
INXXX403,vnc_intrinsic,vnc,ANm,548.2,793.0,64,-1,-1,63,-1,-1,58,-1,56,-1,-1,39
INXXX405,vnc_intrinsic,vnc,ANm,578.4,832.9,-1,-1,11,-1,33,-1,66,-1,-1,-1,25,-1
INXXX406,vnc_intrinsic,vnc,ANm,571.8,870.4,27,-1,-1,-1,-1,-1,-1,-1,-1,-1,-1,-1
INXXX407,vnc_intrinsic,vnc,ANm,514.4,799.8,54,-1,62,-1,-1,-1,-1,-1,-1,-1,38,-1
INXXX409,vnc_intrinsic,vnc,ANm,517.8,852.0,-1,-1,50,-1,45,-1,-1,-1,-1,-1,-1,38
INXXX411,vnc_intrinsic,vnc,ANm,521.6,832.6,44,-1,50,-1,-1,-1,-1,-1,64,-1,39,-1
INXXX412,vnc_intrinsic,vnc,ANm,521.8,833.9,-1,-1,-1,-1,-1,-1,-1,-1,54,-1,27,-1
INXXX414,vnc_intrinsic,vnc,ANm,528.2,821.9,-1,-1,21,-1,49,-1,58,-1,36,-1,26,-1
INXXX415,vnc_intrinsic,vnc,ANm,532.0,799.7,-1,-1,50,-1,26,-1,21,-1,27,-1,18,-1
INXXX416,vnc_intrinsic,vnc,ANm,533.2,843.7,9,-1,68,-1,52,-1,-1,-1,-1,-1,26,-1
INXXX417,vnc_intrinsic,vnc,ANm,517.1,814.2,-1,-1,-1,-1,-1,-1,57,-1,63,-1,49,-1
INXXX418,vnc_intrinsic,vnc,ANm,539.3,778.6,-1,-1,32,-1,27,-1,-1,-1,60,-1,-1,38
INXXX419,vnc_intrinsic,vnc,ANm,549.0,805.2,-1,-1,-1,-1,-1,-1,-1,-1,66,-1,25,-1
INXXX420,vnc_intrinsic,vnc,ANm,568.2,827.7,63,-1,-1,-1,-1,-1,58,-1,-1,-1,26,-1
INXXX421,vnc_intrinsic,vnc,ANm,534.6,840.8,17,-1,-1,-1,-1,-1,-1,-1,59,-1,26,-1
INXXX423,vnc_intrinsic,vnc,ANm,619.4,889.1,51,-1,-1,-1,-1,-1,58,-1,-1,-1,25,-1
INXXX424,vnc_intrinsic,vnc,ANm,526.7,789.9,18,-1,-1,-1,-1,-1,-1,-1,-1,-1,37,-1
INXXX425,vnc_intrinsic,vnc,ANm,503.0,841.8,12,-1,21,-1,41,-1,-1,-1,63,-1,32,-1
INXXX426,vnc_intrinsic,vnc,ANm,540.2,767.6,30,-1,-1,-1,39,-1,-1,-1,-1,-1,30,-1
INXXX427,vnc_intrinsic,vnc,ANm,549.2,795.9,3,-1,26,-1,-1,-1,-1,-1,-1,-1,37,-1
INXXX428,vnc_intrinsic,vnc,ANm,506.9,789.9,-1,-1,-1,-1,-1,-1,58,-1,-1,-1,26,-1
INXXX429,vnc_intrinsic,vnc,ANm,519.7,816.3,58,-1,-1,-1,13,-1,-1,-1,-1,-1,-1,-1
INXXX431,vnc_intrinsic,vnc,ANm,516.5,767.2,-1,-1,8,-1,52,-1,-1,-1,55,-1,37,-1
INXXX436,vnc_intrinsic,vnc,ANm,525.8,831.7,38,-1,-1,-1,-1,-1,-1,-1,-1,-1,-1,38
INXXX437,vnc_intrinsic,vnc,ANm,559.7,740.5,54,-1,-1,-1,-1,-1,46,-1,-1,-1,20,-1
INXXX438,vnc_intrinsic,vnc,ANm,546.5,766.6,-1,-1,-1,-1,-1,-1,-1,-1,-1,-1,57,-1
INXXX440,vnc_intrinsic,vnc,ANm,527.1,819.6,-1,-1,-1,63,56,-1,63,-1,-1,-1,58,-1
INXXX441,vnc_intrinsic,vnc,ANm,514.6,797.9,64,-1,-1,-1,-1,-1,-1,-1,-1,-1,-1,38
INXXX442,vnc_intrinsic,vnc,ANm,532.5,818.8,-1,-1,53,-1,-1,-1,-1,-1,61,-1,26,-1
INXXX443,vnc_intrinsic,vnc,ANm,522.3,843.4,53,-1,-1,-1,-1,-1,-1,-1,-1,-1,31,-1
INXXX444,vnc_intrinsic,vnc,ANm,517.3,828.1,67,-1,-1,-1,-1,-1,-1,-1,-1,-1,33,-1
INXXX446,vnc_intrinsic,vnc,ANm,567.7,774.8,13,-1,7,-1,17,-1,-1,-1,54,-1,26,-1
"INXXX447,INXXX449",vnc_intrinsic,vnc,ANm,547.6,847.4,-1,-1,-1,-1,-1,-1,-1,-1,-1,-1,26,-1
INXXX448,vnc_intrinsic,vnc,ANm,553.0,807.9,-1,-1,52,-1,17,-1,-1,-1,-1,-1,-1,38
INXXX450,vnc_intrinsic,vnc,ANm,549.3,805.5,-1,-1,-1,-1,-1,-1,-1,-1,-1,-1,24,-1
INXXX452,vnc_intrinsic,vnc,ANm,504.8,816.1,62,-1,40,-1,45,-1,-1,-1,64,-1,23,-1
INXXX454,vnc_intrinsic,vnc,ANm,530.8,766.6,13,-1,66,52,-1,-1,-1,-1,-1,-1,28,-1
INXXX456,vnc_intrinsic,vnc,ANm,541.4,840.0,-1,-1,-1,-1,-1,-1,-1,-1,65,-1,38,-1
INXXX460,vnc_intrinsic,vnc,ANm,536.2,766.0,47,-1,-1,-1,-1,-1,-1,-1,-1,-1,-1,-1
INXXX464,vnc_intrinsic,vnc,LegNp(T2)(L),366.7,725.5,-1,-1,3,-1,3,-1,-1,-1,15,-1,26,-1
INXXX466,vnc_intrinsic,vnc,LegNp(T3)(L),504.4,935.7,-1,-1,4,-1,22,-1,56,-1,54,-1,41,-1
INXXX468,vnc_intrinsic,vnc,LegNp(T3)(L),564.2,894.4,-1,-1,3,-1,4,-1,5,-1,3,-1,36,-1
INXXX471,vnc_intrinsic,vnc,LegNp(T2)(R),587.2,811.9,32,-1,-1,-1,48,-1,-1,-1,57,-1,41,-1
INXXX472,vnc_intrinsic,vnc,ANm,431.3,722.5,-1,-1,33,-1,-1,-1,-1,-1,-1,-1,6,-1
INXXX473,vnc_intrinsic,vnc,ANm,552.9,785.7,23,-1,35,-1,-1,-1,-1,-1,-1,-1,38,-1
INXXX474,vnc_intrinsic,vnc,ANm,552.1,838.8,30,-1,54,-1,14,-1,-1,-1,63,-1,38,-1
IPC,cb_endocrine,brain,SMP(R),471.1,350.0,-1,-1,-1,-1,3,-1,-1,-1,3,-1,-1,37
IPS001,cb_intrinsic,brain,GNG,514.6,418.1,20,-1,-1,-1,29,-1,9,-1,31,-1,30,-1
ISN,cb_intrinsic,brain,PRW,473.6,340.2,26,-1,10,-1,-1,10,-1,10,-1,10,57,37
ITP,cb_endocrine,brain,CA(R),580.8,306.8,38,-1,-1,-1,-1,-1,-1,-1,41,-1,-1,37
IbSpsP,cb_intrinsic,brain,PB,534.0,167.5,2,-1,25,-1,4,-1,-1,-1,11,-1,-1,37
JO-A-unclear,cb_sensory,brain,SAD,456.4,368.6,66,-1,-1,-1,-1,-1,-1,-1,-1,-1,-1,-1
JO-A1,cb_sensory,brain,SAD,544.1,368.7,32,-1,58,-1,-1,-1,52,-1,-1,-1,-1,-1
JO-A2,cb_sensory,brain,SAD,555.1,373.8,-1,-1,15,-1,-1,-1,51,-1,-1,-1,-1,-1
JO-A3,cb_sensory,brain,SAD,486.9,352.8,32,-1,45,-1,-1,-1,55,-1,-1,-1,49,-1
JO-A4,cb_sensory,brain,SAD,758.2,227.7,30,-1,-1,-1,-1,-1,-1,-1,45,-1,-1,-1
JO-B-unclear,cb_sensory,brain,SAD,443.8,356.1,-1,-1,-1,-1,-1,-1,-1,-1,-1,-1,61,-1
JO-B1_a,cb_sensory,brain,SAD,549.4,353.6,35,-1,40,-1,62,-1,66,-1,-1,-1,25,-1
JO-B1_b,cb_sensory,brain,SAD,464.9,391.9,29,-1,-1,-1,-1,-1,-1,-1,-1,-1,56,-1
JO-B1_c,cb_sensory,brain,SAD,562.3,333.0,58,-1,-1,-1,-1,-1,-1,-1,-1,-1,25,-1
JO-B2,cb_sensory,brain,SAD,395.3,313.6,17,-1,-1,-1,-1,-1,52,-1,-1,-1,28,-1
JO-B3,cb_sensory,brain,SAD,625.5,305.6,57,-1,-1,-1,-1,-1,59,-1,-1,-1,25,-1
JO-B4_a,cb_sensory,brain,SAD,637.0,294.8,62,-1,-1,-1,-1,-1,-1,-1,-1,-1,-1,-1
JO-B4_b,cb_sensory,brain,SAD,428.7,331.5,21,-1,25,-1,-1,-1,-1,-1,-1,-1,-1,-1
JO-CA1,cb_sensory,brain,SAD,523.1,358.6,27,-1,49,-1,-1,-1,50,-1,-1,-1,29,-1
JO-CA2,cb_sensory,brain,SAD,633.7,342.8,-1,-1,-1,-1,-1,-1,-1,-1,-1,-1,-1,-1
JO-CL,cb_sensory,brain,SAD,598.7,338.4,44,-1,49,-1,-1,-1,28,-1,56,-1,27,-1
JO-CM,cb_sensory,brain,SAD,619.7,304.0,49,-1,8,-1,-1,-1,20,-1,-1,-1,29,-1
JO-DA,cb_sensory,brain,SAD,579.7,320.7,-1,-1,-1,-1,-1,-1,23,-1,48,-1,-1,-1
JO-DP,cb_sensory,brain,SAD,635.3,334.2,-1,-1,-1,-1,-1,-1,24,-1,60,-1,-1,-1
JO-ED1,cb_sensory,brain,SAD,590.3,325.3,-1,-1,13,-1,-1,-1,-1,-1,-1,-1,-1,-1
JO-ED2_a,cb_sensory,brain,SAD,474.6,347.0,13,-1,5,-1,26,-1,15,-1,-1,-1,32,-1
JO-ED2_b,cb_sensory,brain,SAD,588.9,343.6,29,-1,5,-1,-1,-1,-1,-1,-1,-1,27,-1
JO-ED2_c,cb_sensory,brain,SAD,610.6,319.9,23,-1,9,-1,-1,-1,-1,-1,-1,-1,30,-1
JO-EV1,cb_sensory,brain,SAD,552.5,364.3,13,-1,3,-1,18,-1,33,-1,56,-1,33,-1
JO-EV2,cb_sensory,brain,SAD,581.8,374.9,4,-1,4,-1,-1,-1,68,-1,-1,-1,-1,-1
JO-EV3,cb_sensory,brain,SAD,441.2,383.4,-1,-1,2,-1,-1,-1,13,-1,-1,-1,29,-1
JO-EV4,cb_sensory,brain,SAD,475.3,387.5,12,-1,-1,-1,-1,-1,-1,-1,-1,-1,-1,-1
JO-EV5,cb_sensory,brain,SAD,625.4,303.7,7,-1,5,-1,-1,-1,-1,-1,-1,-1,30,-1
JO-EV6,cb_sensory,brain,SAD,471.0,385.6,-1,-1,14,-1,-1,-1,15,-1,-1,-1,29,-1
JO-FD1,cb_sensory,brain,SAD,621.1,368.6,-1,-1,-1,-1,-1,-1,-1,-1,-1,-1,17,-1
JO-FD2,cb_sensory,brain,SAD,457.5,360.4,-1,-1,-1,-1,-1,-1,-1,-1,-1,-1,-1,-1
JO-FV,cb_sensory,brain,GNG,587.2,446.3,42,-1,5,-1,-1,-1,9,-1,-1,-1,2,-1
JO-mz,cb_sensory,brain,SAD,398.8,334.0,15,-1,23,-1,-1,-1,20,-1,-1,-1,14,-1
JO-unclear,cb_sensory,brain,SAD,539.6,345.0,8,-1,-1,-1,-1,-1,24,-1,-1,-1,25,-1
KC,cb_intrinsic,brain,CA(R),421.3,137.6,43,-1,-1,-1,-1,66,-1,-1,-1,-1,69,37
KCa'b'-ap1,cb_intrinsic,brain,b'L(L),452.7,127.0,-1,-1,2,-1,3,-1,-1,-1,52,-1,-1,37
KCa'b'-ap2,cb_intrinsic,brain,b'L(L),399.4,164.1,-1,-1,1,-1,2,-1,35,-1,35,-1,50,37
KCa'b'-m,cb_intrinsic,brain,b'L(L),605.9,78.5,-1,-1,2,-1,2,-1,35,-1,29,-1,15,-1
KCab-c,cb_intrinsic,brain,aL(L),599.8,60.9,27,-1,1,-1,2,-1,-1,-1,25,-1,-1,37
KCab-m,cb_intrinsic,brain,aL(L),617.2,143.9,1,-1,1,-1,2,-1,-1,-1,25,-1,-1,37
KCab-p,cb_intrinsic,brain,bL(L),404.3,129.0,-1,-1,3,-1,4,-1,-1,-1,29,-1,-1,37
KCab-s,cb_intrinsic,brain,aL(R),392.8,139.8,5,-1,1,-1,2,-1,-1,-1,21,-1,18,-1
KCg,cb_intrinsic,brain,gL(L),587.6,104.5,4,-1,-1,-1,-1,-1,-1,-1,-1,-1,-1,37
KCg-d,cb_intrinsic,brain,gL(L),578.1,100.4,59,-1,2,-1,3,-1,28,-1,18,-1,-1,37
KCg-m,cb_intrinsic,brain,gL(L),372.6,144.4,69,-1,1,-1,1,-1,6,-1,1,-1,-1,37
KCg-s1,cb_intrinsic,brain,gL(L),421.5,115.2,40,-1,-1,-1,-1,-1,-1,-1,-1,-1,-1,37
KCg-s2,cb_intrinsic,brain,gL(L),544.4,137.6,-1,-1,-1,-1,-1,-1,-1,-1,5,-1,62,37
KCg-s3,cb_intrinsic,brain,gL(L),539.0,107.5,-1,-1,-1,-1,-1,-1,-1,-1,57,-1,-1,37
KCg-s4,cb_intrinsic,brain,gL(L),623.4,148.6,5,-1,-1,-1,-1,-1,-1,-1,-1,-1,57,37
L1,ol_intrinsic,brain,ME(R),839.0,375.7,50,-1,1,-1,1,-1,68,-1,-1,-1,25,-1
L2,ol_intrinsic,brain,ME(R),823.9,343.6,53,-1,1,-1,1,-1,68,-1,15,-1,25,-1
L3,ol_intrinsic,brain,ME(L),118.4,382.7,-1,-1,1,-1,1,-1,65,-1,15,-1,23,-1
L4,ol_intrinsic,brain,ME(R),98.1,410.1,-1,-1,1,-1,2,-1,67,-1,40,-1,24,-1
L5,ol_intrinsic,brain,ME(R),918.9,376.2,-1,-1,1,-1,1,-1,66,-1,15,-1,-1,37
LAL001,cb_intrinsic,brain,LAL(L),617.9,245.3,-1,-1,17,-1,63,-1,14,-1,-1,-1,-1,37
LAL002,cb_intrinsic,brain,CRE(L),400.3,206.5,9,-1,-1,-1,-1,-1,30,-1,-1,-1,-1,37
LAL003,cb_intrinsic,brain,LAL(L),286.8,228.3,32,-1,62,-1,-1,-1,-1,-1,11,-1,-1,37
LAL004,cb_intrinsic,brain,LAL(L),595.4,101.9,-1,-1,-1,-1,-1,-1,-1,-1,17,-1,-1,37
LAL006,cb_intrinsic,brain,LAL(L),544.9,126.6,-1,-1,47,-1,-1,-1,-1,-1,-1,-1,-1,37
LAL007,cb_intrinsic,brain,CRE(L),559.2,137.3,43,-1,52,-1,-1,-1,26,-1,22,-1,-1,37
LAL008,cb_intrinsic,brain,LAL(L),437.8,225.7,-1,-1,45,-1,39,-1,-1,-1,-1,-1,-1,37
LAL009,cb_intrinsic,brain,LAL(L),608.2,217.6,60,-1,-1,-1,-1,-1,67,-1,39,-1,-1,37
LAL010,cb_intrinsic,brain,LAL(L),555.0,278.2,43,-1,-1,-1,54,-1,29,-1,6,-1,-1,37
LAL011,cb_intrinsic,brain,LAL(L),478.9,240.4,9,-1,-1,-1,23,-1,-1,-1,9,-1,-1,37
LAL012,cb_intrinsic,brain,LAL(L),395.7,255.3,-1,-1,-1,-1,32,-1,-1,-1,19,-1,11,-1
LAL013,cb_intrinsic,brain,LAL(L),470.4,240.8,-1,-1,-1,-1,22,-1,-1,69,-1,-1,-1,37
LAL014,cb_intrinsic,brain,LAL(L),438.4,194.4,-1,-1,-1,-1,5,-1,65,-1,2,-1,56,37
LAL015,cb_intrinsic,brain,LAL(R),394.8,220.4,-1,-1,24,-1,28,-1,26,-1,6,-1,-1,37
LAL016,cb_intrinsic,brain,LAL(L),393.8,267.6,67,-1,53,-1,18,-1,49,-1,9,-1,-1,37
LAL017,cb_intrinsic,brain,LAL(L),460.1,222.5,62,-1,-1,66,-1,-1,39,-1,-1,-1,-1,37
LAL018,cb_intrinsic,brain,LAL(L),610.3,344.8,-1,-1,66,-1,20,-1,-1,-1,6,-1,-1,37
LAL019,cb_intrinsic,brain,LAL(L),545.8,426.1,17,-1,37,-1,51,-1,-1,-1,60,-1,60,37
LAL020,cb_intrinsic,brain,LAL(L),424.4,203.2,-1,-1,-1,-1,-1,-1,40,-1,9,-1,-1,37
LAL021,cb_intrinsic,brain,LAL(L),470.6,239.8,-1,-1,-1,-1,16,-1,-1,-1,4,-1,33,-1
LAL022,cb_intrinsic,brain,LAL(L),442.5,133.0,18,-1,23,-1,43,-1,1,-1,3,-1,5,-1
LAL023,cb_intrinsic,brain,LAL(L),557.9,92.0,-1,-1,-1,-1,-1,-1,-1,-1,-1,-1,-1,37
LAL024,cb_intrinsic,brain,LAL(L),580.1,229.9,-1,-1,-1,-1,-1,-1,-1,-1,-1,-1,-1,37
LAL025,cb_intrinsic,brain,SPS(L),699.7,98.2,29,-1,44,-1,54,-1,-1,-1,-1,-1,-1,37
LAL026_a,cb_intrinsic,brain,AOTU(R),739.3,191.8,37,-1,-1,-1,-1,-1,-1,-1,-1,-1,-1,37
LAL026_b,cb_intrinsic,brain,AOTU(L),617.0,233.4,36,-1,-1,-1,-1,65,-1,-1,-1,-1,59,37
LAL027,cb_intrinsic,brain,AOTU(R),285.0,143.8,-1,-1,-1,59,-1,-1,-1,-1,-1,-1,55,37
LAL028,cb_intrinsic,brain,AOTU(R),485.5,415.9,54,-1,-1,56,-1,-1,-1,-1,-1,-1,-1,37
LAL029_a,cb_intrinsic,brain,PVLP(L),310.7,264.7,-1,-1,-1,-1,-1,-1,-1,-1,-1,-1,64,37
LAL029_b,cb_intrinsic,brain,PVLP(L),307.2,272.9,24,-1,-1,-1,-1,-1,-1,-1,13,-1,64,37
LAL029_c,cb_intrinsic,brain,SIP(L),645.2,73.5,17,-1,-1,-1,-1,-1,-1,-1,13,-1,-1,37
LAL029_d,cb_intrinsic,brain,AOTU(R),360.4,256.4,-1,-1,-1,-1,-1,-1,-1,-1,-1,-1,-1,37
LAL029_e,cb_intrinsic,brain,AOTU(R),726.7,230.0,-1,-1,-1,-1,-1,-1,-1,-1,14,-1,-1,37
LAL030_a,cb_intrinsic,brain,LAL(L),610.4,36.9,-1,-1,-1,-1,-1,-1,-1,-1,12,-1,-1,37
LAL030_b,cb_intrinsic,brain,CRE(L),585.8,123.5,20,-1,-1,-1,54,-1,-1,-1,-1,-1,-1,37
LAL030d,cb_intrinsic,brain,CRE(L),612.1,86.7,7,-1,-1,-1,-1,-1,-1,-1,-1,-1,-1,37
LAL031,cb_intrinsic,brain,CRE(L),585.9,91.3,-1,-1,-1,-1,28,-1,31,-1,12,-1,-1,37
LAL032,cb_intrinsic,brain,LAL(R),605.1,223.0,42,-1,-1,-1,-1,-1,-1,-1,59,-1,-1,37
LAL034,cb_intrinsic,brain,LAL(R),457.3,199.7,-1,-1,-1,-1,16,-1,51,-1,5,-1,-1,37
LAL035,cb_intrinsic,brain,LAL(L),608.3,215.3,-1,-1,-1,-1,-1,-1,-1,-1,38,-1,59,37
LAL037,cb_intrinsic,brain,LAL(L),588.6,217.3,26,-1,56,-1,-1,-1,-1,-1,52,-1,-1,37
LAL040,cb_intrinsic,brain,LAL(L),470.5,249.4,-1,-1,35,-1,10,-1,50,-1,5,-1,12,-1
LAL042,cb_intrinsic,brain,LAL(L),585.6,181.4,27,-1,36,-1,39,-1,35,-1,-1,-1,59,37
LAL043_a,cb_intrinsic,brain,LAL(L),620.2,188.7,-1,-1,-1,-1,59,-1,-1,-1,-1,-1,-1,37
LAL043_b,cb_intrinsic,brain,LAL(L),563.1,108.8,37,-1,-1,-1,-1,-1,-1,-1,-1,-1,-1,37
LAL043_c,cb_intrinsic,brain,LAL(L),565.3,180.4,16,-1,-1,-1,60,-1,-1,-1,-1,-1,-1,37
LAL043_d,cb_intrinsic,brain,LAL(L),428.0,191.2,-1,-1,-1,-1,53,-1,50,-1,-1,-1,-1,37
LAL043_e,cb_intrinsic,brain,LAL(L),582.2,205.5,18,-1,-1,-1,69,-1,-1,-1,-1,-1,59,37
LAL045,cb_intrinsic,brain,VES(R),577.9,249.2,-1,-1,39,-1,-1,-1,27,-1,35,-1,-1,37
LAL046,cb_intrinsic,brain,LAL(R),574.7,307.6,64,-1,-1,-1,38,-1,38,-1,6,-1,-1,37
LAL047,cb_intrinsic,brain,LAL(L),402.2,280.7,-1,-1,16,-1,22,-1,10,-1,27,-1,-1,37
LAL048,cb_intrinsic,brain,LAL(L),580.8,207.4,-1,-1,26,-1,27,-1,-1,-1,20,-1,-1,37
LAL049,cb_intrinsic,brain,LAL(L),721.5,237.7,-1,-1,-1,-1,-1,-1,26,-1,9,-1,-1,37
LAL050,cb_intrinsic,brain,LAL(R),403.6,219.7,-1,-1,30,-1,26,-1,32,-1,11,-1,-1,37
LAL051,cb_intrinsic,brain,LAL(L),456.3,229.9,32,-1,7,-1,-1,-1,62,-1,10,-1,-1,37
LAL052,cb_intrinsic,brain,LAL(L),409.7,208.3,1,-1,-1,-1,20,-1,-1,-1,14,-1,44,37
LAL053,cb_intrinsic,brain,PVLP(R),318.6,205.4,-1,-1,37,-1,36,-1,32,-1,18,-1,50,37
LAL054,cb_intrinsic,brain,LAL(L),338.1,228.3,-1,-1,-1,-1,50,-1,-1,-1,-1,-1,52,37
LAL055,cb_intrinsic,brain,LAL(L),413.9,197.3,46,-1,50,-1,25,-1,-1,-1,21,-1,-1,37
LAL056,cb_intrinsic,brain,LAL(L),409.7,217.4,-1,-1,-1,-1,37,-1,-1,-1,46,-1,-1,37
LAL059,cb_intrinsic,brain,LAL(R),628.1,228.3,26,-1,-1,-1,48,-1,32,-1,-1,-1,-1,37
LAL060_a,cb_intrinsic,brain,LAL(L),447.6,103.6,36,-1,-1,-1,28,-1,50,-1,9,-1,48,37
LAL060_b,cb_intrinsic,brain,LAL(R),586.3,314.9,13,-1,-1,-1,-1,-1,-1,-1,-1,-1,-1,37
LAL061,cb_intrinsic,brain,LAL(R),577.2,228.4,-1,-1,-1,-1,-1,-1,-1,-1,-1,-1,-1,37
LAL063,cb_intrinsic,brain,LAL(L),411.7,228.1,31,-1,-1,-1,-1,-1,-1,-1,62,-1,64,37
LAL064,cb_intrinsic,brain,WED(R),368.4,337.7,42,-1,-1,-1,-1,-1,-1,-1,67,-1,-1,37
LAL067,cb_intrinsic,brain,LAL(L),274.3,257.7,-1,-1,-1,-1,45,-1,-1,69,-1,-1,-1,37
LAL071,cb_intrinsic,brain,LAL(L),467.7,182.0,20,-1,-1,-1,-1,-1,51,-1,61,-1,44,37
LAL072,cb_intrinsic,brain,LAL(R),435.7,255.8,67,-1,41,-1,14,-1,51,-1,11,-1,-1,37
LAL073,cb_intrinsic,brain,LAL(L),423.9,190.7,-1,-1,15,-1,6,-1,22,-1,1,-1,-1,37
LAL074,cb_intrinsic,brain,LAL(R),430.2,335.2,-1,-1,29,-1,61,-1,37,-1,6,-1,-1,37
LAL075,cb_intrinsic,brain,LAL(L),602.3,187.4,27,-1,22,-1,32,-1,30,-1,5,-1,-1,37
LAL076,cb_intrinsic,brain,LAL(L),618.4,246.7,36,-1,16,-1,-1,-1,26,-1,10,-1,-1,37
LAL081,cb_intrinsic,brain,LAL(R),713.4,256.1,-1,-1,10,-1,-1,-1,-1,67,-1,-1,-1,37
LAL082,cb_intrinsic,brain,LAL(R),410.5,190.4,40,-1,-1,-1,-1,63,-1,-1,6,-1,-1,37
LAL083,cb_intrinsic,brain,LAL(L),629.7,329.7,-1,-1,8,-1,5,-1,9,-1,1,-1,-1,37
LAL084,cb_intrinsic,brain,LAL(R),625.8,200.0,-1,-1,25,-1,47,-1,33,-1,5,-1,-1,37
LAL085,cb_intrinsic,brain,LAL(L),408.1,227.3,35,-1,9,-1,53,-1,32,-1,47,-1,-1,37
LAL086,cb_intrinsic,brain,LAL(L),614.0,221.7,-1,-1,-1,-1,-1,-1,-1,-1,10,-1,-1,37
LAL087,cb_intrinsic,brain,LAL(L),438.6,201.2,-1,-1,64,-1,-1,-1,-1,-1,10,-1,-1,37
LAL088,cb_intrinsic,brain,LAL(L),608.9,213.6,-1,-1,55,-1,50,-1,-1,-1,8,-1,54,37
LAL089,cb_intrinsic,brain,LAL(L),400.2,223.2,68,-1,-1,-1,-1,-1,-1,-1,-1,-1,-1,37
LAL090,cb_intrinsic,brain,LAL(L),565.3,225.9,-1,-1,41,-1,34,-1,26,-1,7,-1,-1,37
LAL093,cb_intrinsic,brain,LAL(L),623.3,232.9,1,-1,-1,-1,-1,-1,26,-1,7,-1,-1,37
LAL094,cb_intrinsic,brain,LAL(L),636.9,241.1,-1,-1,65,-1,23,-1,54,-1,6,-1,-1,37
LAL096,cb_intrinsic,brain,SPS(R),431.1,265.7,46,-1,31,-1,56,-1,-1,-1,-1,-1,-1,37
LAL098,cb_intrinsic,brain,LAL(R),598.5,199.8,-1,-1,26,-1,21,-1,32,-1,7,-1,48,37
LAL099,cb_intrinsic,brain,LAL(R),603.0,284.8,66,-1,21,-1,56,-1,49,-1,51,-1,-1,37
LAL100,cb_intrinsic,brain,LAL(L),477.3,105.7,42,-1,12,-1,19,-1,28,-1,11,-1,51,37
LAL101,cb_intrinsic,brain,LAL(L),582.8,197.0,66,-1,-1,-1,47,-1,53,-1,-1,-1,61,37
LAL102,cb_intrinsic,brain,VES(L),582.5,187.8,11,-1,50,-1,57,-1,37,-1,18,-1,-1,37
LAL104,cb_intrinsic,brain,LAL(L),446.4,225.8,26,-1,15,-1,11,-1,28,-1,7,-1,-1,37
LAL108,cb_intrinsic,brain,LAL(L),574.2,301.3,-1,-1,-1,-1,11,-1,30,-1,6,-1,-1,37
LAL109,cb_intrinsic,brain,LAL(L),584.2,217.4,1,-1,-1,-1,-1,-1,50,-1,12,-1,-1,37
LAL110,cb_intrinsic,brain,LAL(R),561.7,65.4,37,-1,24,-1,-1,-1,28,-1,-1,-1,-1,37
LAL111,cb_intrinsic,brain,GNG,587.6,272.4,-1,-1,40,-1,-1,-1,5,-1,9,-1,-1,37
LAL112,cb_intrinsic,brain,LAL(R),394.9,244.8,-1,-1,5,-1,13,-1,-1,-1,-1,-1,-1,37
LAL113,cb_intrinsic,brain,LAL(R),468.9,221.3,41,-1,41,-1,11,-1,22,-1,5,-1,-1,37
LAL114,cb_intrinsic,brain,LAL(L),605.6,117.3,-1,-1,-1,-1,-1,-1,-1,-1,-1,-1,-1,37
LAL115,cb_intrinsic,brain,CRE(L),441.2,307.1,9,-1,42,-1,66,-1,38,-1,55,-1,60,37
LAL116,cb_intrinsic,brain,LAL(L),616.2,202.9,19,-1,-1,48,27,-1,14,-1,-1,-1,-1,37
LAL117,cb_intrinsic,brain,LAL(L),586.6,219.8,-1,-1,29,-1,-1,-1,24,-1,41,-1,-1,37
LAL119,cb_intrinsic,brain,GNG,610.8,245.9,-1,-1,13,-1,13,-1,3,-1,12,-1,6,-1
LAL120_a,cb_intrinsic,brain,LAL(R),413.0,241.2,-1,-1,12,-1,4,-1,26,-1,2,-1,48,37
LAL120_b,cb_intrinsic,brain,LAL(L),601.5,161.7,-1,-1,10,-1,5,-1,9,-1,2,-1,-1,37
LAL121,cb_intrinsic,brain,LAL(L),609.2,251.8,35,-1,29,-1,34,-1,39,-1,-1,-1,-1,37
LAL122,cb_intrinsic,brain,LAL(L),569.4,233.9,-1,-1,13,-1,15,-1,32,-1,8,-1,-1,37
LAL123,cb_intrinsic,brain,LAL(R),484.1,287.1,52,-1,16,-1,11,-1,49,-1,7,-1,-1,37
LAL124,cb_intrinsic,brain,LAL(R),611.5,240.6,6,-1,7,-1,34,-1,38,-1,17,-1,-1,37
LAL125,cb_intrinsic,brain,LAL(L),485.0,307.5,9,-1,-1,-1,7,-1,28,-1,6,-1,-1,37
LAL126,cb_intrinsic,brain,LAL(L),420.5,222.0,43,-1,5,-1,7,-1,13,-1,6,-1,-1,37
LAL127,cb_intrinsic,brain,LAL(L),461.8,221.6,47,-1,64,-1,31,-1,21,-1,7,-1,-1,37
LAL128,cb_intrinsic,brain,LAL(L),602.9,250.0,23,-1,-1,-1,15,-1,64,-1,62,-1,-1,37
LAL129,cb_intrinsic,brain,CRE(R),597.1,140.0,-1,-1,26,-1,15,-1,39,-1,13,-1,-1,37
LAL130,cb_intrinsic,brain,SIP(R),415.3,190.3,-1,-1,16,-1,57,-1,27,-1,21,-1,-1,37
LAL131,cb_intrinsic,brain,LAL(R),422.4,200.6,-1,-1,8,-1,23,-1,29,-1,12,-1,-1,37
LAL132_a,cb_intrinsic,brain,WED(L),664.1,314.9,-1,-1,64,-1,-1,-1,30,-1,-1,-1,-1,37
LAL132_b,cb_intrinsic,brain,WED(L),384.8,346.5,-1,-1,-1,-1,-1,-1,36,-1,-1,-1,-1,37
LAL133_a,cb_intrinsic,brain,LAL(L),500.7,457.2,3,-1,-1,-1,-1,-1,-1,-1,-1,-1,69,37
LAL133_b,cb_intrinsic,brain,LAL(L),438.9,338.2,-1,-1,-1,65,-1,-1,-1,-1,-1,-1,-1,37
LAL133_c,cb_intrinsic,brain,LAL(R),380.1,370.3,-1,-1,-1,-1,-1,-1,-1,-1,-1,-1,-1,37
LAL133_d,cb_intrinsic,brain,LAL(R),383.0,300.1,66,-1,-1,-1,-1,-1,31,-1,-1,-1,-1,37
LAL133_e,cb_intrinsic,brain,LAL(L),457.8,326.5,9,-1,-1,-1,69,-1,-1,-1,-1,-1,-1,37
LAL134,cb_intrinsic,brain,VES(R),583.2,298.9,-1,-1,-1,61,51,-1,3,-1,-1,-1,-1,37
LAL135,cb_intrinsic,brain,LAL(L),441.6,219.0,-1,-1,25,-1,35,-1,7,-1,-1,-1,-1,37
LAL136_a,cb_intrinsic,brain,PLP(L),598.5,104.5,22,-1,-1,66,-1,-1,-1,67,-1,-1,-1,37
LAL136_b,cb_intrinsic,brain,LAL(R),430.0,95.3,58,-1,-1,47,-1,56,-1,67,-1,-1,-1,37
LAL137,cb_intrinsic,brain,LAL(L),435.4,240.6,2,-1,15,-1,31,-1,7,-1,27,-1,50,37
LAL138,cb_intrinsic,brain,LAL(L),682.7,309.8,-1,-1,4,-1,6,-1,27,-1,12,-1,33,-1
LAL139,cb_intrinsic,brain,LAL(L),415.1,340.7,-1,-1,28,-1,32,-1,33,-1,62,-1,51,37
LAL140,cb_intrinsic,brain,LAL(L),404.8,219.7,-1,-1,39,-1,-1,-1,-1,-1,-1,-1,60,37
LAL141,cb_intrinsic,brain,LAL(L),610.6,204.1,10,-1,11,-1,26,-1,38,-1,22,-1,46,37
LAL142,cb_intrinsic,brain,LAL(L),393.2,237.4,-1,-1,9,-1,8,-1,20,-1,13,-1,32,-1
LAL143,cb_intrinsic,brain,LAL(L),625.8,182.0,-1,-1,50,-1,-1,-1,34,-1,42,-1,-1,37
LAL144,cb_intrinsic,brain,LAL(R),456.4,179.4,-1,-1,7,-1,32,-1,49,-1,9,-1,-1,37
LAL145,cb_intrinsic,brain,LAL(L),615.6,194.5,-1,-1,22,-1,-1,-1,50,-1,-1,-1,-1,37
LAL146,cb_intrinsic,brain,IB,681.5,298.5,-1,-1,-1,-1,50,-1,53,-1,6,-1,-1,37
LAL147_a,cb_intrinsic,brain,CRE(R),557.0,97.1,52,-1,-1,65,32,-1,-1,67,-1,-1,64,37
LAL147_b,cb_intrinsic,brain,IB,416.4,241.6,-1,-1,-1,-1,-1,-1,50,-1,-1,-1,-1,37
LAL147_c,cb_intrinsic,brain,LAL(L),424.1,113.5,16,-1,-1,68,35,-1,63,-1,55,-1,-1,37
LAL148,cb_intrinsic,brain,ATL(L),549.8,129.3,59,-1,-1,-1,-1,-1,-1,-1,53,-1,-1,37
LAL149,cb_intrinsic,brain,LAL(L),620.5,239.1,-1,-1,48,-1,-1,-1,-1,-1,-1,-1,-1,37
LAL150,cb_intrinsic,brain,IB,467.3,209.1,-1,-1,24,-1,25,-1,-1,-1,-1,-1,63,37
LAL151,cb_intrinsic,brain,PLP(R),379.2,293.6,26,-1,-1,68,-1,-1,-1,-1,-1,-1,-1,37
LAL152,cb_intrinsic,brain,LAL(R),601.5,291.3,63,-1,62,-1,53,-1,39,-1,8,-1,-1,37
LAL153,cb_intrinsic,brain,LAL(L),629.8,236.5,20,-1,58,-1,-1,-1,-1,-1,43,-1,67,37
LAL154,cb_intrinsic,brain,CRE(L),595.7,117.8,17,-1,36,-1,26,-1,37,-1,18,-1,-1,37
LAL155,cb_intrinsic,brain,LAL(R),470.0,246.2,47,-1,47,-1,20,-1,38,-1,14,-1,-1,37
LAL156_a,cb_intrinsic,brain,LAL(L),609.0,228.5,-1,-1,20,-1,13,-1,30,-1,42,-1,27,-1
LAL156_b,cb_intrinsic,brain,LAL(L),575.1,163.8,-1,-1,14,-1,13,-1,27,-1,11,-1,33,-1
LAL157,cb_intrinsic,brain,LAL(L),621.8,216.8,48,-1,63,-1,15,-1,-1,-1,13,-1,-1,37
LAL158,cb_intrinsic,brain,LAL(L),402.2,241.5,20,-1,54,-1,24,-1,30,-1,44,-1,67,37
LAL159,cb_intrinsic,brain,LAL(R),604.0,200.2,4,-1,19,-1,10,-1,3,-1,6,-1,-1,37
LAL160,cb_intrinsic,brain,LAL(L),443.4,245.9,-1,-1,24,-1,32,-1,20,-1,7,-1,60,37
LAL161,cb_intrinsic,brain,LAL(L),415.2,196.5,52,-1,27,-1,29,-1,20,-1,7,-1,57,37
LAL162,cb_intrinsic,brain,LAL(L),471.3,240.8,39,-1,61,-1,53,-1,-1,-1,17,-1,62,37
LAL163,cb_intrinsic,brain,LAL(L),597.7,225.0,35,-1,-1,-1,-1,-1,-1,-1,31,-1,-1,37
LAL164,cb_intrinsic,brain,LAL(L),441.0,218.3,-1,-1,-1,-1,-1,-1,-1,-1,12,-1,47,37
LAL165,cb_intrinsic,brain,LAL(L),616.2,172.3,35,-1,10,-1,-1,-1,50,-1,-1,-1,-1,37
LAL166,cb_intrinsic,brain,LAL(R),679.0,344.6,56,-1,57,-1,-1,-1,-1,68,-1,-1,-1,37
LAL167,cb_intrinsic,brain,LAL(L),602.9,193.4,35,-1,30,-1,34,-1,23,-1,42,-1,-1,37
LAL168,cb_intrinsic,brain,LAL(L),360.4,317.1,-1,-1,43,-1,61,-1,-1,-1,-1,-1,-1,37
LAL169,cb_intrinsic,brain,LAL(R),440.9,182.0,4,-1,32,-1,-1,63,-1,-1,-1,-1,56,37
LAL170,cb_intrinsic,brain,LAL(R),591.3,238.0,27,-1,21,-1,28,-1,24,-1,-1,-1,-1,37
LAL171,cb_intrinsic,brain,LAL(R),428.0,221.0,-1,-1,15,-1,60,-1,-1,-1,-1,-1,-1,37
LAL172,cb_intrinsic,brain,LAL(R),426.8,178.7,-1,-1,15,-1,66,-1,-1,-1,-1,-1,-1,37
LAL173,cb_intrinsic,brain,LAL(R),453.3,241.9,16,-1,9,-1,28,-1,2,-1,10,-1,-1,37
LAL175,cb_intrinsic,brain,LAL(L),469.6,100.9,-1,-1,-1,-1,17,-1,64,-1,5,-1,-1,37
LAL176,cb_intrinsic,brain,LAL(L),569.2,150.1,15,-1,-1,-1,59,-1,50,-1,-1,-1,-1,37
LAL177,cb_intrinsic,brain,LAL(L),630.9,194.7,16,-1,-1,-1,53,-1,-1,-1,-1,-1,59,37
LAL179,cb_intrinsic,brain,LAL(L),371.9,315.0,12,-1,35,-1,-1,-1,44,-1,-1,-1,-1,37
LAL180,cb_intrinsic,brain,LAL(L),618.7,261.0,-1,-1,65,-1,-1,-1,-1,69,-1,-1,-1,37
LAL181,cb_intrinsic,brain,LAL(R),580.0,192.7,-1,-1,-1,-1,65,-1,-1,-1,41,-1,-1,37
LAL182,cb_intrinsic,brain,LAL(L),417.1,92.3,-1,-1,-1,-1,45,-1,49,-1,37,-1,-1,37
LAL183,cb_intrinsic,brain,LAL(L),261.1,139.5,47,-1,18,-1,16,-1,4,-1,11,-1,-1,37
LAL184,cb_intrinsic,brain,LAL(L),568.0,299.7,18,-1,33,-1,-1,-1,7,-1,-1,-1,-1,37
LAL185,cb_intrinsic,brain,LAL(L),592.0,112.7,-1,-1,11,-1,-1,-1,37,-1,57,-1,-1,37
LAL186,cb_intrinsic,brain,LAL(R),633.4,239.3,21,-1,-1,-1,58,-1,39,-1,12,-1,-1,37
LAL187,cb_intrinsic,brain,SPS(L),600.8,214.4,-1,-1,-1,-1,-1,-1,46,-1,26,-1,-1,37
LAL188_a,cb_intrinsic,brain,LAL(L),595.7,263.8,13,-1,-1,-1,-1,-1,47,-1,-1,-1,54,37
LAL188_b,cb_intrinsic,brain,SPS(L),439.0,287.3,-1,-1,-1,-1,-1,-1,-1,-1,-1,-1,-1,37
LAL189,cb_intrinsic,brain,WED(L),594.4,197.9,18,-1,39,-1,-1,-1,27,-1,-1,-1,10,-1
LAL190,cb_intrinsic,brain,LAL(L),449.7,278.5,-1,-1,22,-1,54,-1,2,-1,-1,-1,-1,37
LAL191,cb_intrinsic,brain,LAL(L),557.6,146.5,-1,-1,46,-1,-1,-1,-1,67,-1,-1,-1,37
LAL192,cb_intrinsic,brain,LAL(L),460.5,123.8,-1,-1,37,-1,-1,-1,-1,67,-1,-1,-1,37
LAL193,cb_intrinsic,brain,LAL(L),567.7,320.7,-1,-1,-1,-1,68,-1,-1,-1,-1,-1,-1,37
LAL194,cb_intrinsic,brain,LAL(L),392.7,248.5,-1,-1,29,-1,31,-1,17,-1,29,-1,-1,37
LAL195,cb_intrinsic,brain,LAL(R),377.2,358.4,30,-1,64,-1,62,-1,5,-1,-1,-1,-1,37
LAL196,cb_intrinsic,brain,LAL(L),421.0,209.6,24,-1,64,-1,18,-1,23,-1,5,-1,19,-1
LAL197,cb_intrinsic,brain,SPS(R),562.1,325.7,-1,-1,64,-1,38,-1,-1,-1,-1,-1,-1,37
LAL198,cb_intrinsic,brain,LAL(R),609.3,181.7,50,-1,51,-1,30,-1,37,-1,-1,-1,-1,37
LAL199,cb_intrinsic,brain,LAL(L),603.3,173.2,10,-1,-1,58,-1,-1,-1,-1,-1,-1,-1,37
LAL200,cb_intrinsic,brain,IB,401.7,249.8,32,-1,13,-1,17,-1,27,-1,-1,-1,-1,37
LAL203,cb_intrinsic,brain,PLP(R),597.5,94.7,-1,-1,16,-1,43,-1,35,-1,-1,-1,-1,37
LAL204,cb_intrinsic,brain,LAL(R),610.9,266.6,14,-1,-1,-1,53,-1,-1,-1,8,-1,-1,37
LAL205,cb_intrinsic,brain,LAL(R),391.0,311.5,-1,-1,14,-1,20,-1,34,-1,34,-1,-1,37
LAL206,cb_intrinsic,brain,LAL(L),620.2,181.6,8,-1,16,-1,-1,-1,8,-1,-1,-1,-1,37
LAL207,cb_intrinsic,brain,LAL(R),593.2,189.3,-1,-1,36,-1,8,-1,30,-1,6,-1,53,37
LAL208,cb_intrinsic,brain,LAL(R),503.9,364.4,61,-1,56,-1,-1,-1,64,-1,-1,-1,60,37
LAL300m,cb_intrinsic,brain,LAL(L),572.1,290.0,19,-1,-1,-1,-1,-1,-1,-1,-1,-1,-1,37
LAL301m,cb_intrinsic,brain,VES(R),338.4,200.9,50,-1,-1,-1,-1,-1,-1,-1,-1,-1,-1,37
LAL302m,cb_intrinsic,brain,VES(R),655.0,244.7,-1,-1,15,-1,15,-1,7,-1,13,-1,-1,37
LAL303m,cb_intrinsic,brain,LAL(R),603.4,157.2,34,-1,58,-1,-1,-1,-1,-1,68,-1,67,37
LAL304m,cb_intrinsic,brain,LAL(R),389.0,336.3,28,-1,36,-1,30,-1,17,-1,36,-1,28,-1
LA_ME_unclear,ol_intrinsic,brain,ME(R),217.9,360.4,-1,-1,-1,-1,-1,31,-1,-1,-1,-1,-1,37
LB1a,cb_sensory,brain,GNG,551.6,448.3,-1,-1,50,-1,-1,-1,-1,-1,-1,-1,-1,-1
LB1b,cb_sensory,brain,GNG,530.8,430.1,-1,-1,29,-1,-1,-1,31,-1,-1,-1,-1,-1
LB1c,cb_sensory,brain,GNG,485.6,364.4,69,-1,6,-1,-1,-1,31,-1,-1,-1,13,-1
LB1d,cb_sensory,brain,GNG,511.4,407.9,65,-1,-1,-1,-1,-1,-1,-1,-1,-1,-1,-1
LB1e,cb_sensory,brain,GNG,556.5,395.5,28,-1,51,-1,-1,-1,30,-1,-1,-1,12,-1
LB2a,cb_sensory,brain,GNG,476.5,323.2,-1,-1,-1,-1,-1,-1,40,-1,-1,-1,11,-1
LB2b,cb_sensory,brain,GNG,489.4,385.0,19,-1,-1,-1,-1,-1,47,-1,-1,-1,-1,-1
LB2c,cb_sensory,brain,GNG,572.0,426.5,-1,-1,49,-1,-1,-1,40,-1,-1,-1,12,-1
LB2d,cb_sensory,brain,GNG,574.7,411.5,-1,-1,-1,-1,-1,-1,31,-1,51,-1,56,-1
LB3,cb_sensory,brain,,,,37,-1,-1,-1,-1,-1,-1,-1,-1,-1,-1,-1
LB3a,cb_sensory,brain,GNG,465.9,385.9,-1,-1,26,-1,-1,-1,-1,-1,-1,-1,-1,-1
LB3b,cb_sensory,brain,GNG,518.9,440.0,5,-1,48,-1,-1,-1,-1,-1,-1,-1,-1,-1
LB3c,cb_sensory,brain,GNG,491.6,383.3,39,-1,9,-1,-1,-1,-1,-1,-1,-1,-1,-1
LB3d,cb_sensory,brain,GNG,534.2,439.0,48,-1,10,-1,-1,-1,30,-1,-1,-1,9,-1
LB4a,cb_sensory,brain,GNG,535.0,361.9,3,-1,-1,-1,-1,-1,47,-1,-1,-1,-1,-1
LB4b,cb_sensory,brain,GNG,532.1,434.5,67,-1,57,-1,-1,-1,-1,-1,-1,-1,7,-1
LBL40,vnc_intrinsic,vnc,LegNp(T3)(L),472.4,890.6,6,-1,-1,-1,-1,-1,46,-1,22,-1,32,-1
LC10_unclear,visual_projection,brain,LO(R),247.8,368.5,20,-1,-1,-1,-1,49,-1,-1,-1,-1,-1,37
LC10a,visual_projection,brain,LO(R),671.1,114.4,30,-1,1,-1,1,-1,19,-1,1,-1,-1,37
LC10b,visual_projection,brain,LO(R),276.5,334.1,24,-1,3,-1,2,-1,24,-1,1,-1,-1,37
LC10c-1,visual_projection,brain,LO(R),744.1,313.0,41,-1,2,-1,2,-1,37,-1,2,-1,-1,37
LC10c-2,visual_projection,brain,LO(R),299.7,152.5,33,-1,2,-1,2,-1,-1,-1,69,-1,-1,37
LC10d,visual_projection,brain,LO(R),738.8,117.9,30,-1,1,-1,1,-1,22,-1,1,-1,-1,37
LC10e,visual_projection,brain,LO(R),317.2,119.8,28,-1,5,-1,4,-1,8,-1,-1,-1,58,37
LC11,visual_projection,brain,LO(R),784.2,354.4,-1,-1,1,-1,1,-1,59,-1,14,-1,-1,37
LC12,visual_projection,brain,PVLP(R),714.5,202.3,-1,-1,1,-1,1,-1,63,-1,58,-1,-1,37
LC13,visual_projection,brain,LO(R),364.7,245.8,-1,-1,2,-1,2,-1,36,-1,-1,-1,-1,37
LC14a-1,ol_intrinsic,brain,LO(R),297.8,320.3,-1,-1,12,-1,31,-1,-1,65,-1,-1,49,37
LC14a-2,ol_intrinsic,brain,LO(R),772.5,373.7,17,-1,52,23,45,-1,24,-1,-1,-1,69,37
LC14b,ol_intrinsic,brain,LO(R),754.9,333.8,15,-1,5,-1,49,-1,20,-1,-1,-1,-1,37
LC15,visual_projection,brain,LO(R),820.9,266.8,-1,-1,1,-1,3,-1,22,-1,49,-1,-1,37
LC16,visual_projection,brain,LO(R),242.9,390.3,23,-1,2,-1,5,-1,21,-1,44,-1,-1,37
LC17,visual_projection,brain,LO(R),769.2,345.2,-1,-1,1,-1,1,-1,24,-1,5,-1,-1,37
LC18,visual_projection,brain,LO(R),310.5,374.0,-1,-1,1,-1,3,-1,22,-1,54,-1,-1,37
LC19,visual_projection,brain,LO(R),230.2,402.5,68,-1,9,-1,48,-1,-1,69,-1,-1,51,37
LC20a,visual_projection,brain,LO(R),720.0,356.8,31,-1,3,-1,13,-1,-1,67,-1,-1,-1,37
LC20b,visual_projection,brain,LO(R),779.5,315.8,27,-1,10,-1,2,-1,-1,67,-1,-1,-1,37
LC21,visual_projection,brain,LO(R),275.6,410.8,48,-1,1,-1,5,-1,23,-1,-1,-1,54,37
LC22,visual_projection,brain,LO(R),259.3,235.6,11,-1,2,-1,5,-1,-1,67,9,-1,60,37
LC23,visual_projection,brain,LO(R),741.6,418.9,-1,-1,6,-1,-1,25,-1,67,-1,-1,-1,37
LC24,visual_projection,brain,LO(R),251.8,286.7,19,-1,5,-1,49,-1,-1,67,-1,-1,-1,37
LC25,visual_projection,brain,LO(R),285.9,378.7,-1,-1,8,-1,13,-1,-1,67,-1,-1,-1,37
LC26,visual_projection,brain,LO(R),263.4,301.3,48,-1,3,-1,12,-1,-1,67,-1,-1,-1,37
LC27,visual_projection,brain,LO(R),256.1,305.7,43,-1,11,-1,23,-1,23,-1,-1,-1,-1,37
LC28,visual_projection,brain,LO(R),224.9,386.3,11,-1,3,-1,14,-1,-1,67,-1,-1,-1,37
LC29,visual_projection,brain,LO(R),792.3,261.5,-1,-1,17,-1,-1,-1,-1,66,-1,-1,-1,37
LC30,visual_projection,brain,LO(R),821.9,326.3,-1,-1,14,-1,41,-1,-1,67,-1,-1,-1,37
LC31a,visual_projection,brain,LO(R),730.6,344.5,-1,-1,4,-1,5,-1,62,-1,21,-1,-1,37
LC31b,visual_projection,brain,LO(R),772.4,335.4,-1,-1,4,-1,-1,65,15,-1,-1,-1,-1,37
LC33,visual_projection,brain,LO(R),779.5,281.0,64,-1,3,-1,7,-1,28,-1,12,-1,53,37
LC34,visual_projection,brain,LO(R),468.6,198.2,6,-1,39,-1,57,-1,-1,67,-1,-1,-1,37
LC35a,visual_projection,brain,LO(R),789.1,242.8,6,-1,-1,25,-1,49,-1,68,-1,-1,-1,37
LC35b,visual_projection,brain,LO(R),345.1,262.1,14,-1,-1,27,-1,-1,-1,-1,-1,-1,-1,37
LC36,visual_projection,brain,LO(R),614.3,273.9,-1,-1,5,-1,-1,-1,-1,69,-1,-1,-1,37
LC37,visual_projection,brain,LO(R),526.0,210.0,66,-1,11,-1,-1,61,67,-1,-1,-1,-1,37
LC39a,visual_projection,brain,LO(R),673.3,182.7,-1,-1,-1,58,-1,49,-1,67,-1,-1,59,37
LC39b,visual_projection,brain,LO(R),713.5,226.2,-1,-1,-1,62,-1,-1,33,-1,-1,-1,-1,37
LC4,visual_projection,brain,LO(L),733.5,364.0,-1,-1,1,-1,1,-1,64,-1,-1,-1,44,37
LC40,visual_projection,brain,LO(R),748.1,255.8,-1,-1,10,-1,8,-1,22,-1,-1,-1,-1,37
LC41,visual_projection,brain,LO(R),776.5,267.1,-1,-1,18,-1,-1,61,-1,67,-1,-1,-1,37
LC43,visual_projection,brain,LO(R),740.5,283.6,-1,-1,24,-1,-1,-1,-1,67,-1,-1,-1,37
LC44,visual_projection,brain,LO(R),360.3,269.1,-1,-1,51,-1,-1,-1,-1,67,-1,-1,52,37
LC46b,visual_projection,brain,LO(R),530.8,233.8,-1,-1,67,58,-1,-1,-1,67,-1,-1,50,37
LC6,visual_projection,brain,LO(R),208.1,342.5,28,-1,2,-1,2,-1,28,-1,14,-1,45,37
LC9,visual_projection,brain,PVLP(R),232.0,315.1,32,-1,1,-1,2,-1,5,-1,1,-1,61,37
LCNOp,cb_intrinsic,brain,NO,504.4,224.7,-1,-1,35,-1,35,-1,55,-1,6,-1,-1,37
LCNOpm,cb_intrinsic,brain,NO,496.8,208.2,57,-1,24,-1,5,-1,61,-1,1,-1,-1,37
LH001m,cb_intrinsic,brain,LH(R),608.6,112.6,-1,-1,-1,-1,-1,-1,-1,-1,59,-1,-1,37
LH002m,cb_intrinsic,brain,LH(R),287.5,159.0,33,-1,33,-1,24,-1,29,-1,48,-1,4,-1
LH003m,cb_intrinsic,brain,SIP(L),690.5,217.8,-1,-1,20,-1,-1,-1,-1,-1,39,-1,-1,37
LH004m,cb_intrinsic,brain,AVLP(L),614.7,59.8,-1,-1,25,-1,25,-1,-1,-1,-1,-1,-1,37
LH005m,cb_intrinsic,brain,LH(R),748.5,108.3,-1,-1,34,-1,62,-1,29,-1,57,-1,48,37
LH006m,cb_intrinsic,brain,SIP(L),579.0,91.2,29,-1,49,-1,15,-1,-1,-1,24,-1,-1,37
LH007m,cb_intrinsic,brain,LH(R),752.5,125.6,-1,-1,69,54,-1,51,-1,-1,-1,-1,3,-1
LH008m,cb_intrinsic,brain,LH(R),591.8,73.1,29,-1,43,-1,-1,-1,-1,-1,-1,-1,47,37
LHAD1a1,cb_intrinsic,brain,LH(R),715.6,73.5,-1,-1,-1,-1,67,-1,-1,-1,53,-1,-1,37
LHAD1a2,cb_intrinsic,brain,SLP(R),334.8,128.0,-1,-1,9,-1,27,-1,18,-1,16,-1,-1,37
LHAD1a3,cb_intrinsic,brain,LH(R),265.7,169.9,-1,-1,-1,57,-1,-1,-1,-1,-1,-1,-1,37
LHAD1a4_a,cb_intrinsic,brain,LH(R),280.7,142.7,14,-1,-1,-1,-1,-1,-1,-1,-1,-1,-1,37
LHAD1a4_b,cb_intrinsic,brain,SLP(R),304.6,90.5,-1,-1,-1,-1,-1,-1,-1,-1,-1,-1,-1,37
LHAD1b1_b,cb_intrinsic,brain,SLP(R),708.6,122.9,-1,-1,-1,-1,61,-1,-1,-1,31,-1,-1,37
LHAD1b2,cb_intrinsic,brain,LH(R),586.2,104.9,30,-1,-1,-1,20,-1,-1,-1,32,-1,-1,37
LHAD1b2_b,cb_intrinsic,brain,LH(R),324.6,147.3,17,-1,-1,-1,28,-1,49,-1,53,-1,44,37
LHAD1b2_d,cb_intrinsic,brain,LH(R),559.0,108.5,32,-1,-1,-1,-1,-1,38,-1,-1,-1,-1,37
LHAD1b3,cb_intrinsic,brain,LH(R),261.3,152.1,46,-1,-1,-1,-1,-1,40,-1,47,-1,-1,37
LHAD1b4,cb_intrinsic,brain,LH(L),278.1,173.5,4,-1,-1,-1,-1,-1,38,-1,-1,-1,46,37
LHAD1b5,cb_intrinsic,brain,SLP(L),567.5,55.7,-1,-1,37,-1,52,-1,-1,-1,45,-1,-1,37
LHAD1c2,cb_intrinsic,brain,LH(R),278.9,146.0,-1,-1,-1,-1,-1,-1,-1,-1,32,-1,-1,37
LHAD1c2b,cb_intrinsic,brain,LH(R),241.9,142.3,12,-1,-1,-1,-1,-1,-1,-1,33,-1,-1,37
LHAD1c3,cb_intrinsic,brain,LH(L),710.9,114.8,-1,-1,-1,-1,-1,-1,-1,-1,-1,-1,-1,37
LHAD1d1,cb_intrinsic,brain,LH(R),673.0,103.7,-1,-1,61,-1,-1,-1,-1,-1,-1,-1,67,37
LHAD1d2,cb_intrinsic,brain,LH(R),718.8,116.2,12,-1,-1,-1,-1,-1,41,-1,26,-1,48,37
LHAD1f1,cb_intrinsic,brain,LH(L),297.6,167.2,32,-1,56,-1,46,-1,-1,-1,43,-1,-1,37
LHAD1f2,cb_intrinsic,brain,LH(R),292.3,167.2,46,-1,52,-1,21,-1,-1,-1,54,-1,-1,37
LHAD1f3_a,cb_intrinsic,brain,LH(R),657.3,45.6,-1,-1,-1,-1,64,-1,-1,-1,55,-1,12,-1
LHAD1f3_b,cb_intrinsic,brain,SLP(R),363.3,162.3,13,-1,-1,-1,-1,-1,-1,-1,-1,-1,-1,37
LHAD1f4,cb_intrinsic,brain,SLP(R),315.4,133.6,52,-1,-1,-1,28,-1,40,-1,21,-1,55,37
LHAD1f5,cb_intrinsic,brain,LH(R),346.7,89.4,34,-1,-1,-1,-1,-1,-1,-1,-1,-1,-1,37
LHAD1g1,cb_intrinsic,brain,AVLP(R),271.5,245.3,-1,-1,23,-1,4,-1,7,-1,13,-1,8,-1
LHAD1h1,cb_intrinsic,brain,LH(R),281.6,103.4,-1,-1,-1,-1,-1,-1,40,-1,-1,-1,-1,37
LHAD1i1,cb_intrinsic,brain,SLP(R),363.3,119.6,-1,-1,-1,-1,-1,-1,-1,-1,-1,-1,-1,37
LHAD1i2_b,cb_intrinsic,brain,SLP(R),343.2,86.5,-1,-1,47,-1,53,-1,69,-1,31,-1,11,-1
LHAD1j1,cb_intrinsic,brain,SLP(R),747.4,128.1,-1,-1,-1,-1,-1,-1,46,-1,32,-1,44,37
LHAD1k1,cb_intrinsic,brain,SLP(R),664.8,50.0,30,-1,55,-1,64,-1,-1,-1,55,-1,54,37
LHAD2b1,cb_intrinsic,brain,LH(R),761.3,127.9,-1,-1,49,-1,27,-1,-1,-1,-1,-1,-1,37
LHAD2c1,cb_intrinsic,brain,SCL(R),435.5,376.1,-1,-1,-1,-1,-1,-1,-1,-1,-1,-1,18,-1
LHAD2c2,cb_intrinsic,brain,LH(R),333.2,220.3,-1,-1,-1,-1,40,-1,-1,-1,-1,-1,3,-1
LHAD2c3,cb_intrinsic,brain,SCL(R),626.9,108.8,-1,-1,43,-1,-1,-1,-1,-1,-1,-1,8,-1
LHAD2d1,cb_intrinsic,brain,LH(R),340.7,75.5,46,-1,-1,-1,-1,-1,37,-1,-1,-1,-1,37
LHAD2e1,cb_intrinsic,brain,LH(R),660.9,51.3,41,-1,-1,-1,-1,-1,-1,-1,-1,-1,-1,37
LHAD2e3,cb_intrinsic,brain,LH(R),651.4,53.1,12,-1,-1,-1,-1,-1,42,-1,21,-1,-1,37
LHAD3a1,cb_intrinsic,brain,LH(R),683.6,127.4,12,-1,-1,-1,-1,-1,49,-1,-1,-1,-1,37
LHAD3a10,cb_intrinsic,brain,LH(R),290.6,138.2,-1,-1,-1,-1,-1,-1,-1,-1,-1,-1,-1,37
LHAD3a8,cb_intrinsic,brain,LH(L),283.9,169.2,67,-1,-1,-1,-1,-1,-1,-1,-1,-1,-1,37
LHAD3b1_a,cb_intrinsic,brain,LH(R),304.0,176.7,-1,-1,-1,-1,-1,-1,-1,-1,-1,-1,-1,37
LHAD3d4,cb_intrinsic,brain,LH(R),749.4,77.8,-1,-1,-1,-1,-1,-1,40,-1,30,-1,-1,37
LHAD3d5,cb_intrinsic,brain,LH(R),735.0,69.1,64,-1,-1,-1,-1,-1,-1,-1,61,-1,-1,37
LHAD3e1_a,cb_intrinsic,brain,SLP(L),345.0,125.1,-1,-1,67,-1,-1,-1,37,-1,25,-1,48,37
LHAD3f1_a,cb_intrinsic,brain,LH(R),737.6,76.0,-1,-1,52,-1,69,-1,-1,-1,-1,-1,-1,37
LHAD3f1_b,cb_intrinsic,brain,LH(R),634.2,76.3,-1,-1,58,-1,-1,-1,-1,-1,-1,-1,-1,37
LHAD3g1,cb_intrinsic,brain,SIP(L),599.2,107.9,61,-1,-1,-1,-1,-1,-1,-1,67,-1,48,37
LHAD4a1,cb_intrinsic,brain,AL(R),754.9,85.4,-1,-1,-1,-1,-1,-1,4,-1,58,-1,8,-1
LHAV1a1,cb_intrinsic,brain,LH(R),271.0,163.6,64,-1,49,39,16,-1,35,-1,63,-1,2,-1
LHAV1a3,cb_intrinsic,brain,LH(L),743.2,107.2,11,-1,56,-1,28,-1,-1,-1,43,-1,2,-1
LHAV1a4,cb_intrinsic,brain,LH(R),262.2,231.0,37,-1,60,-1,-1,-1,-1,-1,-1,-1,4,-1
LHAV1b1,cb_intrinsic,brain,AVLP(L),723.6,126.4,-1,-1,-1,-1,-1,-1,-1,-1,-1,-1,54,37
LHAV1b3,cb_intrinsic,brain,SLP(L),260.8,133.8,-1,-1,-1,-1,-1,-1,-1,-1,-1,-1,-1,37
LHAV1d1,cb_intrinsic,brain,SLP(R),685.0,74.2,23,-1,-1,-1,-1,-1,-1,-1,-1,-1,58,37
LHAV1d2,cb_intrinsic,brain,SLP(R),339.7,120.6,-1,-1,37,-1,30,-1,48,-1,33,-1,-1,37
LHAV1e1,cb_intrinsic,brain,SLP(R),360.6,46.5,-1,-1,52,-1,50,-1,41,-1,26,-1,-1,37
LHAV1f1,cb_intrinsic,brain,SLP(L),687.8,95.9,-1,-1,55,-1,-1,-1,-1,-1,61,-1,47,37
LHAV2a2,cb_intrinsic,brain,LH(R),338.1,126.9,-1,-1,64,-1,-1,-1,40,-1,45,-1,-1,37
LHAV2a3,cb_intrinsic,brain,LH(L),338.2,129.0,-1,-1,36,-1,40,-1,40,-1,62,-1,-1,37
LHAV2a5,cb_intrinsic,brain,SLP(L),700.1,59.1,-1,-1,-1,-1,-1,-1,-1,-1,-1,-1,-1,37
LHAV2b1,cb_intrinsic,brain,LH(R),729.2,126.6,-1,-1,51,-1,60,-1,-1,-1,54,-1,5,-1
LHAV2b10,cb_intrinsic,brain,LH(L),324.6,115.2,34,-1,55,-1,-1,-1,48,-1,38,-1,-1,37
LHAV2b11,cb_intrinsic,brain,LH(R),649.7,93.1,55,-1,-1,-1,-1,-1,-1,-1,51,-1,-1,37
LHAV2b2_a,cb_intrinsic,brain,LH(R),682.5,246.7,-1,-1,11,-1,7,-1,2,-1,28,-1,2,-1
LHAV2b2_b,cb_intrinsic,brain,LH(R),752.2,99.8,-1,-1,68,-1,28,-1,-1,-1,44,-1,2,-1
LHAV2b2_c,cb_intrinsic,brain,LH(L),295.8,170.6,45,-1,-1,-1,-1,-1,-1,-1,52,-1,4,-1
LHAV2b2_d,cb_intrinsic,brain,LH(R),275.0,141.3,48,-1,-1,-1,39,-1,-1,-1,62,-1,3,-1
LHAV2b3,cb_intrinsic,brain,LH(L),744.7,167.0,68,-1,54,-1,37,-1,59,-1,67,-1,3,-1
LHAV2b4,cb_intrinsic,brain,LH(R),644.2,264.6,-1,-1,42,-1,23,-1,27,-1,52,-1,9,-1
LHAV2b5,cb_intrinsic,brain,LH(L),373.7,79.6,61,-1,-1,-1,-1,-1,-1,-1,-1,-1,3,-1
LHAV2b6,cb_intrinsic,brain,LH(R),260.6,159.9,-1,-1,-1,-1,-1,-1,32,-1,43,-1,11,-1
LHAV2b7_a,cb_intrinsic,brain,LH(R),364.1,67.4,58,-1,-1,-1,-1,-1,69,-1,-1,-1,46,37
LHAV2b7_b,cb_intrinsic,brain,LH(L),717.3,140.5,-1,-1,-1,-1,-1,-1,33,-1,-1,-1,-1,37
LHAV2b8,cb_intrinsic,brain,LH(R),288.4,166.3,58,-1,-1,-1,-1,-1,-1,-1,43,-1,69,37
LHAV2b9,cb_intrinsic,brain,LH(L),315.0,208.7,-1,-1,-1,-1,-1,-1,-1,-1,-1,-1,-1,37
LHAV2c1,cb_intrinsic,brain,LH(R),292.2,133.4,32,-1,19,-1,-1,-1,-1,-1,-1,-1,12,-1
LHAV2d1,cb_intrinsic,brain,PLP(R),270.4,153.2,5,-1,23,-1,-1,-1,40,-1,63,-1,-1,37
LHAV2e4_b,cb_intrinsic,brain,LH(R),315.2,145.0,7,-1,-1,-1,-1,-1,49,-1,52,-1,-1,37
LHAV2f2_a,cb_intrinsic,brain,SLP(L),698.3,119.9,61,-1,-1,-1,-1,-1,-1,-1,22,-1,54,37
LHAV2f2_b,cb_intrinsic,brain,SLP(L),296.4,83.1,42,-1,61,-1,-1,-1,31,-1,44,-1,-1,37
LHAV2g1,cb_intrinsic,brain,LH(R),773.9,228.7,-1,-1,-1,-1,-1,-1,-1,-1,-1,-1,-1,37
LHAV2g2_a,cb_intrinsic,brain,AVLP(L),278.0,115.0,21,-1,34,-1,-1,-1,32,-1,-1,-1,6,-1
LHAV2g2_b,cb_intrinsic,brain,LH(R),261.6,157.9,68,-1,-1,-1,-1,-1,-1,-1,41,-1,-1,37
LHAV2g3,cb_intrinsic,brain,LH(R),760.5,114.2,-1,-1,28,-1,-1,-1,-1,-1,-1,-1,59,37
LHAV2g5,cb_intrinsic,brain,LH(R),688.2,213.1,19,-1,-1,-1,-1,-1,-1,-1,60,-1,6,-1
LHAV2g6,cb_intrinsic,brain,PLP(L),693.6,189.6,10,-1,-1,-1,-1,-1,-1,-1,-1,-1,6,-1
LHAV2h1,cb_intrinsic,brain,LH(R),300.3,154.8,21,-1,21,-1,67,-1,30,-1,64,-1,-1,37
LHAV2i4,cb_intrinsic,brain,LH(L),756.3,92.7,-1,-1,57,-1,-1,-1,-1,-1,-1,-1,-1,37
LHAV2j1,cb_intrinsic,brain,SLP(R),284.3,164.2,-1,-1,-1,-1,-1,-1,-1,-1,61,-1,-1,37
LHAV2k1,cb_intrinsic,brain,LH(R),331.6,88.0,-1,-1,45,-1,66,-1,-1,-1,47,-1,-1,37
LHAV2k10,cb_intrinsic,brain,LH(R),725.2,110.6,-1,-1,-1,-1,-1,-1,49,-1,-1,-1,14,-1
LHAV2k11_a,cb_intrinsic,brain,LH(R),714.1,103.4,50,-1,-1,-1,-1,-1,45,-1,-1,-1,-1,37
LHAV2k12_a,cb_intrinsic,brain,LH(R),298.4,129.8,47,-1,60,-1,57,-1,-1,-1,-1,-1,-1,37
LHAV2k12_b,cb_intrinsic,brain,LH(R),254.3,140.1,24,-1,-1,-1,-1,-1,-1,-1,-1,-1,-1,37
LHAV2k13,cb_intrinsic,brain,LH(R),725.3,154.4,66,-1,-1,-1,-1,-1,-1,-1,-1,-1,62,37
LHAV2k5,cb_intrinsic,brain,LH(R),269.7,120.9,-1,-1,63,-1,67,-1,49,-1,47,-1,-1,37
LHAV2k6,cb_intrinsic,brain,LH(R),310.9,137.6,-1,-1,60,-1,-1,-1,-1,-1,-1,-1,-1,37
LHAV2k8,cb_intrinsic,brain,LH(R),644.4,139.7,67,-1,28,-1,58,-1,36,-1,41,-1,9,-1
LHAV2k9,cb_intrinsic,brain,LH(R),249.7,132.5,1,-1,19,-1,51,-1,-1,-1,-1,-1,23,-1
LHAV2m1,cb_intrinsic,brain,LH(R),286.2,131.0,24,-1,28,-1,-1,-1,29,-1,-1,-1,51,37
LHAV2n1,cb_intrinsic,brain,LH(L),255.9,153.6,-1,-1,45,-1,-1,-1,41,-1,42,-1,61,37
LHAV2o1,cb_intrinsic,brain,SLP(R),616.4,118.8,34,-1,35,-1,28,-1,38,-1,16,-1,-1,37
LHAV2p1,cb_intrinsic,brain,SLP(R),705.7,222.5,-1,-1,29,-1,53,-1,42,-1,30,-1,-1,37
LHAV3a1_b,cb_intrinsic,brain,LH(R),739.0,119.0,7,-1,-1,-1,-1,-1,41,-1,36,-1,-1,37
LHAV3a1_c,cb_intrinsic,brain,LH(R),696.9,87.0,-1,-1,52,-1,49,-1,41,-1,38,-1,-1,37
LHAV3b1,cb_intrinsic,brain,LH(R),777.1,132.9,22,-1,45,-1,-1,-1,-1,-1,-1,-1,53,37
LHAV3b12,cb_intrinsic,brain,LH(R),762.3,137.6,-1,-1,34,-1,55,-1,38,-1,28,-1,-1,37
LHAV3b13,cb_intrinsic,brain,LH(L),301.0,152.4,25,-1,39,-1,-1,-1,-1,-1,68,-1,-1,37
LHAV3b2_a,cb_intrinsic,brain,SLP(R),302.6,164.6,-1,-1,-1,-1,-1,-1,-1,-1,-1,-1,-1,37
LHAV3b2_b,cb_intrinsic,brain,SLP(R),285.6,84.1,5,-1,-1,-1,-1,-1,-1,-1,33,-1,-1,37
LHAV3b2_c,cb_intrinsic,brain,LH(R),733.9,165.5,-1,-1,-1,-1,-1,-1,-1,-1,-1,-1,-1,37
LHAV3b6_b,cb_intrinsic,brain,LH(R),732.4,136.8,-1,-1,-1,63,-1,-1,-1,-1,-1,-1,-1,37
LHAV3b8,cb_intrinsic,brain,LH(L),727.7,102.5,-1,-1,-1,-1,-1,-1,-1,-1,55,-1,-1,37
LHAV3d1,cb_intrinsic,brain,LH(R),377.8,283.6,20,-1,49,-1,-1,-1,64,-1,-1,-1,5,-1
LHAV3e1,cb_intrinsic,brain,SLP(L),703.1,52.0,-1,-1,32,-1,58,-1,38,-1,54,-1,7,-1
LHAV3e2,cb_intrinsic,brain,PLP(R),308.1,136.2,-1,-1,-1,-1,42,-1,-1,64,53,-1,-1,37
LHAV3e3_a,cb_intrinsic,brain,LH(L),283.4,169.6,-1,-1,62,-1,-1,-1,47,-1,-1,-1,46,37
LHAV3e3_b,cb_intrinsic,brain,LH(R),748.0,160.1,-1,-1,43,-1,69,-1,48,-1,54,-1,48,37
LHAV3e4_a,cb_intrinsic,brain,LH(R),755.3,152.3,-1,-1,51,-1,-1,-1,-1,-1,-1,-1,-1,37
LHAV3e4_b,cb_intrinsic,brain,LH(R),727.9,139.1,-1,-1,-1,36,-1,62,-1,-1,-1,-1,-1,37
LHAV3e5,cb_intrinsic,brain,LH(L),721.0,109.5,10,-1,-1,41,-1,-1,-1,-1,-1,-1,-1,37
LHAV3e6,cb_intrinsic,brain,LH(R),668.2,227.9,56,-1,-1,-1,-1,-1,43,-1,-1,-1,50,37
LHAV3f1,cb_intrinsic,brain,LH(R),765.5,146.9,24,-1,15,-1,32,-1,28,-1,49,-1,-1,37
LHAV3g1,cb_intrinsic,brain,LH(R),261.6,126.1,21,-1,-1,-1,-1,-1,37,-1,-1,-1,44,37
LHAV3g2,cb_intrinsic,brain,LH(R),281.0,141.2,34,-1,33,-1,-1,-1,30,-1,50,-1,11,-1
LHAV3h1,cb_intrinsic,brain,SLP(R),727.8,93.7,-1,-1,45,-1,54,-1,-1,-1,34,-1,49,37
LHAV3i1,cb_intrinsic,brain,LH(R),292.9,173.4,34,-1,-1,-1,-1,-1,31,-1,-1,-1,57,37
LHAV3j1,cb_intrinsic,brain,SLP(L),734.4,103.4,46,-1,67,-1,40,-1,36,-1,13,-1,63,37
LHAV3k1,cb_intrinsic,brain,LH(R),667.7,74.8,-1,-1,22,-1,34,-1,48,-1,50,-1,-1,37
LHAV3k2,cb_intrinsic,brain,SLP(R),671.2,91.8,38,-1,41,-1,-1,-1,-1,-1,-1,-1,-1,37
LHAV3k3,cb_intrinsic,brain,LH(R),685.7,108.9,60,-1,-1,-1,59,-1,49,-1,43,-1,-1,37
LHAV3k4,cb_intrinsic,brain,LH(R),259.9,163.8,-1,-1,61,-1,66,-1,-1,-1,-1,-1,-1,37
LHAV3k5,cb_intrinsic,brain,SLP(R),750.8,140.5,-1,-1,29,-1,21,-1,30,-1,13,-1,-1,37
LHAV3k6,cb_intrinsic,brain,LH(R),356.4,86.0,-1,-1,56,-1,-1,-1,47,-1,21,-1,-1,37
LHAV3m1,cb_intrinsic,brain,SLP(R),735.3,121.6,-1,-1,39,-1,-1,-1,29,-1,65,-1,68,37
LHAV3n1,cb_intrinsic,brain,SLP(R),373.9,78.7,-1,-1,23,-1,40,-1,38,-1,36,-1,-1,37
LHAV3o1,cb_intrinsic,brain,LH(L),341.2,117.4,13,-1,10,-1,-1,-1,18,-1,-1,-1,52,37
LHAV3p1,cb_intrinsic,brain,PLP(L),319.7,231.2,-1,-1,22,-1,53,-1,28,-1,50,-1,-1,37
LHAV3q1,cb_intrinsic,brain,PLP(R),635.4,114.3,44,-1,53,-1,62,-1,36,-1,65,-1,-1,37
LHAV4a1_a,cb_intrinsic,brain,LH(R),748.8,117.8,3,-1,-1,-1,68,-1,-1,-1,-1,-1,-1,37
LHAV4a1_b,cb_intrinsic,brain,LH(R),295.9,166.6,-1,-1,14,-1,24,-1,7,-1,48,-1,-1,37
LHAV4a2,cb_intrinsic,brain,LH(R),262.7,149.0,-1,-1,26,-1,30,-1,27,-1,38,-1,-1,37
LHAV4a4,cb_intrinsic,brain,LH(R),770.2,116.3,3,-1,33,-1,-1,-1,4,-1,-1,-1,-1,37
LHAV4a5,cb_intrinsic,brain,LH(R),715.2,102.3,-1,-1,40,-1,-1,-1,-1,-1,-1,-1,-1,37
LHAV4a6,cb_intrinsic,brain,LH(L),241.8,143.3,-1,-1,-1,-1,-1,-1,-1,-1,-1,-1,-1,37
LHAV4a7,cb_intrinsic,brain,LH(R),739.5,109.7,32,-1,47,-1,-1,-1,-1,-1,-1,-1,-1,37
LHAV4b1,cb_intrinsic,brain,LH(L),765.5,100.0,-1,-1,-1,-1,-1,-1,45,-1,64,-1,-1,37
LHAV4b2,cb_intrinsic,brain,LH(R),373.2,97.9,-1,-1,43,-1,52,-1,29,-1,34,-1,-1,37
LHAV4b4,cb_intrinsic,brain,LH(R),254.1,163.9,-1,-1,31,-1,54,-1,27,-1,33,-1,-1,37
LHAV4c1,cb_intrinsic,brain,LH(R),714.2,73.2,6,-1,-1,-1,-1,-1,-1,-1,50,-1,-1,37
LHAV4c2,cb_intrinsic,brain,AVLP(R),725.0,244.6,51,-1,19,-1,19,-1,11,-1,19,-1,9,-1
LHAV4d1,cb_intrinsic,brain,LH(R),693.1,47.2,48,-1,37,-1,32,-1,35,-1,33,-1,46,37
LHAV4d4,cb_intrinsic,brain,LH(R),296.5,120.3,22,-1,-1,-1,-1,-1,-1,-1,-1,-1,-1,37
LHAV4d5,cb_intrinsic,brain,LH(R),304.6,140.0,-1,-1,41,-1,-1,-1,-1,-1,-1,-1,-1,37
LHAV4e1_a,cb_intrinsic,brain,LH(R),744.6,111.0,9,-1,-1,-1,-1,-1,45,-1,38,-1,-1,37
LHAV4e1_b,cb_intrinsic,brain,LH(R),297.5,141.4,-1,-1,-1,-1,57,-1,38,-1,35,-1,10,-1
LHAV4e2_b1,cb_intrinsic,brain,LH(R),644.5,46.6,-1,-1,55,-1,59,-1,30,-1,35,-1,47,37
LHAV4e2_b2,cb_intrinsic,brain,LH(R),244.3,151.4,38,-1,-1,-1,-1,-1,-1,-1,49,-1,-1,37
LHAV4e4,cb_intrinsic,brain,SLP(R),318.7,90.2,-1,-1,65,-1,37,-1,41,-1,34,-1,-1,37
LHAV4e7_b,cb_intrinsic,brain,LH(R),383.1,98.6,12,-1,-1,-1,-1,-1,41,-1,37,-1,52,37
LHAV4g1,cb_intrinsic,brain,LH(R),268.4,108.8,2,-1,38,-1,-1,-1,31,-1,69,-1,-1,37
LHAV4g12,cb_intrinsic,brain,LH(R),742.0,132.1,59,-1,64,-1,46,-1,-1,-1,68,-1,-1,37
LHAV4g13,cb_intrinsic,brain,LH(R),269.3,107.8,-1,-1,-1,-1,-1,-1,-1,-1,-1,-1,57,37
LHAV4g14,cb_intrinsic,brain,LH(R),754.0,142.4,29,-1,-1,-1,65,-1,-1,-1,-1,-1,-1,37
LHAV4g17,cb_intrinsic,brain,LH(L),364.7,65.3,-1,-1,-1,-1,56,-1,45,-1,-1,-1,58,37
LHAV4g4_b,cb_intrinsic,brain,LH(R),309.7,135.9,4,-1,-1,-1,-1,-1,64,-1,69,-1,-1,37
LHAV4g6_a,cb_intrinsic,brain,LH(R),289.8,123.1,27,-1,-1,59,-1,-1,-1,-1,-1,-1,58,37
LHAV4g7_a,cb_intrinsic,brain,LH(R),747.0,116.1,49,-1,-1,59,-1,-1,-1,-1,-1,-1,-1,37
LHAV4g7_b,cb_intrinsic,brain,LH(L),751.9,83.1,69,-1,49,-1,-1,-1,30,-1,-1,-1,48,37
LHAV4i1,cb_intrinsic,brain,LH(L),266.6,126.8,-1,-1,-1,-1,-1,-1,36,-1,-1,-1,-1,37
LHAV4j1,cb_intrinsic,brain,LH(R),265.3,130.4,-1,-1,59,-1,57,-1,28,-1,49,-1,-1,37
LHAV4l1,cb_intrinsic,brain,SLP(R),686.1,105.2,24,-1,45,-1,-1,-1,50,-1,34,-1,59,37
LHAV5a1,cb_intrinsic,brain,LH(L),647.3,92.7,42,-1,-1,-1,-1,-1,-1,-1,-1,-1,44,37
LHAV5a10_b,cb_intrinsic,brain,SLP(L),251.8,126.8,15,-1,-1,-1,-1,-1,46,-1,55,-1,-1,37
LHAV5a2_a1,cb_intrinsic,brain,LH(R),683.1,129.4,-1,-1,-1,-1,-1,-1,38,-1,-1,-1,-1,37
LHAV5a2_a2,cb_intrinsic,brain,LH(R),370.7,104.6,-1,-1,60,-1,-1,-1,47,-1,-1,-1,68,37
LHAV5a2_a3,cb_intrinsic,brain,LH(R),737.1,114.2,-1,-1,-1,-1,-1,-1,-1,-1,-1,-1,-1,37
LHAV5a2_a4,cb_intrinsic,brain,LH(L),272.6,164.8,20,-1,-1,-1,-1,-1,-1,-1,58,-1,44,37
LHAV5a2_b,cb_intrinsic,brain,LH(L),658.0,62.3,5,-1,-1,-1,-1,-1,-1,-1,43,-1,66,37
LHAV5a2_d,cb_intrinsic,brain,LH(R),371.9,98.7,-1,-1,-1,-1,-1,-1,-1,-1,-1,-1,-1,37
LHAV5a4_a,cb_intrinsic,brain,LH(R),331.9,104.1,-1,-1,-1,-1,-1,-1,-1,-1,-1,-1,-1,37
LHAV5a4_c,cb_intrinsic,brain,LH(L),266.8,128.5,37,-1,-1,-1,-1,-1,-1,-1,-1,-1,57,37
LHAV5a6_a,cb_intrinsic,brain,LH(R),726.9,123.3,56,-1,-1,-1,-1,-1,-1,-1,50,-1,-1,37
LHAV5a6_b,cb_intrinsic,brain,LH(R),726.1,84.4,-1,-1,-1,-1,-1,-1,-1,-1,44,-1,48,37
LHAV5a8,cb_intrinsic,brain,LH(R),244.8,113.1,-1,-1,60,-1,44,-1,-1,-1,62,-1,-1,37
LHAV5a9_a,cb_intrinsic,brain,LH(L),712.6,111.9,22,-1,-1,-1,-1,-1,-1,-1,38,-1,-1,37
LHAV5b1,cb_intrinsic,brain,LH(R),741.2,102.7,-1,-1,-1,-1,-1,-1,-1,-1,34,-1,-1,37
LHAV5b2,cb_intrinsic,brain,LH(L),619.0,53.4,67,-1,-1,-1,-1,-1,-1,-1,31,-1,-1,37
LHAV5c1,cb_intrinsic,brain,SLP(L),279.1,146.6,-1,-1,43,-1,63,-1,34,-1,32,-1,-1,37
LHAV5d1,cb_intrinsic,brain,LH(R),244.4,138.0,61,-1,69,-1,-1,-1,-1,-1,-1,-1,-1,37
LHAV5e1,cb_intrinsic,brain,LH(L),304.9,110.6,66,-1,-1,-1,-1,-1,41,-1,-1,-1,-1,37
LHAV6a1,cb_intrinsic,brain,LH(R),755.0,112.2,-1,-1,-1,-1,-1,-1,-1,-1,-1,-1,52,37
LHAV6a3,cb_intrinsic,brain,LH(R),749.9,119.0,3,-1,29,-1,36,-1,-1,-1,-1,-1,-1,37
LHAV6a4,cb_intrinsic,brain,LH(L),331.8,110.0,-1,-1,-1,-1,-1,-1,-1,-1,-1,-1,-1,37
LHAV6a5,cb_intrinsic,brain,LH(R),708.1,66.7,-1,-1,-1,-1,-1,-1,45,-1,53,-1,46,37
LHAV6a7,cb_intrinsic,brain,SLP(R),285.6,161.5,34,-1,68,-1,58,-1,-1,-1,56,-1,-1,37
LHAV6a8,cb_intrinsic,brain,SLP(R),339.1,120.0,7,-1,-1,-1,60,-1,40,-1,55,-1,-1,37
LHAV6b1,cb_intrinsic,brain,LH(R),299.1,182.9,-1,-1,66,-1,68,-1,-1,-1,-1,-1,57,37
LHAV6b3,cb_intrinsic,brain,LH(R),282.5,163.6,49,-1,57,-1,41,-1,45,-1,50,-1,-1,37
LHAV6b4,cb_intrinsic,brain,LH(R),277.1,134.4,-1,-1,-1,-1,-1,-1,-1,-1,67,-1,-1,37
LHAV6c1,cb_intrinsic,brain,SIP(L),330.0,98.9,49,-1,-1,-1,-1,-1,-1,-1,-1,-1,-1,37
LHAV6e1,cb_intrinsic,brain,LH(R),280.8,114.6,19,-1,49,-1,28,-1,-1,-1,46,-1,-1,37
LHAV6g1,cb_intrinsic,brain,SIP(L),577.8,120.7,-1,-1,25,-1,20,-1,40,-1,45,-1,58,37
LHAV6h1,cb_intrinsic,brain,SLP(L),644.2,86.1,-1,-1,-1,-1,-1,-1,41,-1,-1,-1,63,37
LHAV6i2_b,cb_intrinsic,brain,SLP(R),710.9,61.9,7,-1,61,-1,-1,-1,-1,-1,58,-1,-1,37
LHAV7a1,cb_intrinsic,brain,LH(R),764.1,137.4,-1,-1,-1,-1,45,-1,41,-1,44,-1,-1,37
LHAV7a1_a,cb_intrinsic,brain,LH(R),303.2,119.1,-1,-1,-1,-1,-1,-1,-1,-1,-1,-1,-1,37
LHAV7a1_b,cb_intrinsic,brain,LH(L),741.7,153.9,-1,-1,-1,-1,-1,-1,49,-1,69,-1,-1,37
LHAV7a3,cb_intrinsic,brain,LH(R),739.8,106.1,-1,-1,37,-1,-1,-1,47,-1,-1,-1,-1,37
LHAV7a4,cb_intrinsic,brain,LH(R),726.4,138.4,-1,-1,-1,-1,57,-1,51,-1,68,-1,-1,37
LHAV7a5,cb_intrinsic,brain,LH(L),744.7,151.6,-1,-1,-1,-1,-1,-1,41,-1,47,-1,-1,37
LHAV7a6,cb_intrinsic,brain,LH(L),360.6,274.9,22,-1,-1,-1,-1,-1,-1,-1,-1,-1,-1,37
LHAV7a7,cb_intrinsic,brain,LH(R),721.5,95.4,-1,-1,-1,-1,-1,-1,-1,-1,-1,-1,-1,37
LHAV7b1,cb_intrinsic,brain,SLP(R),673.5,54.9,-1,-1,26,-1,10,-1,37,-1,11,-1,13,-1
LHAV8a1,cb_intrinsic,brain,SCL(R),707.3,199.2,-1,-1,-1,-1,-1,-1,-1,-1,22,-1,-1,37
LHAV9a1_a,cb_intrinsic,brain,CRE(L),643.6,96.3,57,-1,-1,-1,-1,-1,-1,-1,-1,-1,14,-1
LHAV9a1_b,cb_intrinsic,brain,CRE(L),614.2,131.6,-1,-1,65,-1,-1,-1,-1,-1,-1,-1,62,37
LHAV9a1_c,cb_intrinsic,brain,CRE(L),600.4,90.5,-1,-1,-1,-1,-1,-1,-1,-1,-1,-1,-1,37
LHCENT1,cb_intrinsic,brain,SLP(R),743.8,116.6,16,-1,6,-1,9,-1,2,-1,11,-1,-1,37
LHCENT10,cb_intrinsic,brain,SLP(R),558.1,127.7,7,-1,6,-1,18,-1,1,-1,13,-1,49,37
LHCENT11,cb_intrinsic,brain,VES(L),466.9,69.7,50,-1,14,-1,-1,-1,1,-1,-1,-1,2,-1
LHCENT12_a,cb_intrinsic,brain,LH(L),752.2,139.7,29,-1,31,-1,52,-1,28,-1,25,-1,-1,37
LHCENT12_b,cb_intrinsic,brain,LH(R),325.7,104.8,-1,-1,30,-1,66,-1,40,-1,34,-1,-1,37
LHCENT13_a,cb_intrinsic,brain,SLP(R),768.8,83.4,-1,-1,-1,-1,37,-1,67,-1,35,-1,52,37
LHCENT13_b,cb_intrinsic,brain,SLP(L),745.7,114.0,5,-1,-1,-1,63,-1,44,-1,54,-1,-1,37
LHCENT13_c,cb_intrinsic,brain,PLP(R),722.1,122.9,-1,-1,-1,-1,49,-1,49,-1,55,-1,59,37
LHCENT13_d,cb_intrinsic,brain,SLP(R),306.3,134.6,68,-1,-1,-1,-1,-1,-1,-1,55,-1,-1,37
LHCENT14,cb_intrinsic,brain,PLP(L),662.2,270.5,55,-1,17,-1,29,-1,18,-1,-1,-1,50,37
LHCENT2,cb_intrinsic,brain,LH(R),697.5,86.2,-1,-1,7,-1,16,-1,28,-1,18,-1,-1,37
LHCENT3,cb_intrinsic,brain,LH(L),342.4,109.6,-1,-1,7,-1,27,-1,6,-1,46,-1,-1,37
LHCENT4,cb_intrinsic,brain,LH(L),741.5,163.0,22,-1,20,-1,10,-1,2,-1,15,-1,54,37
LHCENT5,cb_intrinsic,brain,CRE(L),437.1,84.2,53,-1,48,-1,63,-1,4,-1,11,-1,-1,37
LHCENT6,cb_intrinsic,brain,SLP(R),330.6,121.7,-1,-1,8,-1,14,-1,3,-1,9,-1,-1,37
LHCENT8,cb_intrinsic,brain,LH(R),274.0,123.2,-1,-1,4,-1,10,-1,1,-1,19,-1,-1,37
LHCENT9,cb_intrinsic,brain,SLP(R),668.3,68.2,-1,-1,7,-1,23,-1,2,-1,15,-1,-1,37
LHMB1,cb_intrinsic,brain,LH(R),404.2,86.9,-1,-1,22,-1,39,-1,27,-1,46,-1,46,37
LHPD1b1,cb_intrinsic,brain,SCL(L),370.4,154.1,19,-1,-1,-1,-1,-1,43,-1,-1,-1,-1,37
LHPD2a1,cb_intrinsic,brain,LH(R),754.5,142.3,21,-1,32,-1,30,-1,28,-1,29,-1,7,-1
LHPD2a2,cb_intrinsic,brain,LH(R),286.7,152.3,-1,-1,19,-1,11,-1,-1,-1,26,-1,3,-1
LHPD2a4_a,cb_intrinsic,brain,SIP(L),580.2,115.7,31,-1,40,-1,58,-1,33,-1,63,-1,-1,37
LHPD2a4_b,cb_intrinsic,brain,CRE(L),585.7,117.8,-1,-1,56,-1,62,-1,65,-1,48,-1,-1,37
LHPD2a5_b,cb_intrinsic,brain,LH(R),442.6,46.4,-1,-1,-1,-1,-1,-1,-1,-1,-1,-1,-1,37
LHPD2a6,cb_intrinsic,brain,LH(L),713.3,127.6,58,-1,-1,-1,58,-1,-1,-1,-1,-1,58,37
LHPD2b1,cb_intrinsic,brain,LH(L),320.8,119.1,53,-1,-1,-1,66,-1,-1,-1,-1,-1,-1,37
LHPD2c1,cb_intrinsic,brain,AVLP(L),685.8,267.2,-1,-1,-1,-1,-1,-1,-1,-1,-1,-1,64,37
LHPD2c2,cb_intrinsic,brain,SMP(L),588.5,90.7,40,-1,31,-1,55,-1,37,-1,19,-1,-1,37
LHPD2c6,cb_intrinsic,brain,PLP(R),575.9,131.0,-1,-1,-1,-1,-1,-1,-1,-1,43,-1,-1,37
LHPD2c7,cb_intrinsic,brain,CRE(L),493.5,68.3,7,-1,27,-1,16,-1,34,-1,14,-1,8,-1
LHPD2d1,cb_intrinsic,brain,SIP(L),608.3,78.6,-1,-1,-1,69,-1,-1,42,-1,-1,-1,-1,37
LHPD2d2,cb_intrinsic,brain,SIP(L),323.2,134.2,-1,-1,43,-1,-1,-1,32,-1,50,-1,-1,37
LHPD3a2_a,cb_intrinsic,brain,LH(L),728.9,132.8,-1,-1,-1,-1,-1,-1,-1,-1,60,-1,-1,37
LHPD3a2_b,cb_intrinsic,brain,LH(R),724.3,162.3,54,-1,45,-1,-1,-1,43,-1,61,-1,67,37
LHPD3a2_c,cb_intrinsic,brain,LH(R),271.4,120.9,2,-1,-1,-1,-1,-1,69,-1,-1,-1,49,37
LHPD3a4_b,cb_intrinsic,brain,LH(L),271.6,143.0,-1,-1,45,-1,-1,-1,28,-1,-1,-1,-1,37
LHPD3a4_c,cb_intrinsic,brain,LH(R),265.7,124.0,14,-1,50,-1,-1,-1,-1,-1,-1,-1,51,37
LHPD3a5,cb_intrinsic,brain,LH(R),275.4,128.4,-1,-1,54,-1,-1,-1,27,-1,-1,-1,54,37
LHPD3c1,cb_intrinsic,brain,SLP(R),700.4,141.2,27,-1,-1,-1,66,-1,44,-1,39,-1,-1,37
LHPD4a1,cb_intrinsic,brain,LH(R),754.5,141.3,-1,-1,59,-1,-1,-1,50,-1,-1,-1,-1,37
LHPD4a2,cb_intrinsic,brain,LH(L),282.8,118.7,-1,-1,-1,67,-1,-1,-1,-1,-1,-1,-1,37
LHPD4b1,cb_intrinsic,brain,SLP(R),315.5,146.0,55,-1,-1,-1,-1,-1,48,-1,57,-1,60,37
LHPD4c1,cb_intrinsic,brain,LH(R),665.8,58.1,23,-1,-1,56,-1,-1,-1,-1,58,-1,-1,37
LHPD4d1,cb_intrinsic,brain,LH(R),716.5,127.5,-1,-1,24,-1,42,-1,48,-1,62,-1,-1,37
LHPD4d2_b,cb_intrinsic,brain,LH(L),709.1,144.6,37,-1,-1,-1,-1,-1,47,-1,-1,-1,-1,37
LHPD4e1_b,cb_intrinsic,brain,LH(R),741.1,158.7,8,-1,-1,-1,-1,-1,-1,-1,69,-1,-1,37
LHPD5a1,cb_intrinsic,brain,SMP(L),424.9,76.0,65,-1,26,-1,-1,-1,31,-1,54,-1,-1,37
LHPD5b1,cb_intrinsic,brain,SMP(L),538.3,90.5,-1,-1,63,-1,45,-1,-1,-1,54,-1,9,-1
LHPD5c1,cb_intrinsic,brain,LH(L),741.3,106.2,-1,-1,60,-1,35,-1,9,-1,-1,-1,-1,37
LHPD5d1,cb_intrinsic,brain,SMP(L),678.4,50.7,-1,-1,-1,-1,18,-1,51,-1,19,-1,8,-1
LHPD5e1,cb_intrinsic,brain,SMP(R),359.3,154.8,18,-1,-1,-1,-1,-1,-1,-1,-1,-1,-1,37
LHPD5f1,cb_intrinsic,brain,SIP(L),581.9,104.6,-1,-1,30,-1,40,-1,-1,63,28,-1,-1,37
LHPV10a1a,cb_intrinsic,brain,SMP(R),561.4,99.4,-1,-1,-1,-1,-1,-1,-1,-1,64,-1,-1,37
LHPV10a1b,cb_intrinsic,brain,SMP(R),550.3,111.1,24,-1,-1,-1,-1,-1,-1,-1,48,-1,44,37
LHPV10b1,cb_intrinsic,brain,LH(R),299.8,171.6,6,-1,53,51,16,-1,27,-1,-1,-1,5,-1
LHPV10c1,cb_intrinsic,brain,GNG,283.6,121.2,-1,-1,-1,-1,-1,-1,9,-1,-1,-1,-1,37
LHPV10d1,cb_intrinsic,brain,SIP(L),654.5,108.9,-1,-1,22,-1,12,-1,29,-1,9,-1,50,37
LHPV11a1,cb_intrinsic,brain,SLP(R),715.9,55.0,4,-1,68,-1,45,-1,6,-1,20,-1,-1,37
LHPV12a1,cb_intrinsic,brain,LH(L),761.9,108.2,-1,-1,4,-1,-1,49,10,-1,-1,-1,-1,37
LHPV1c1,cb_intrinsic,brain,LH(R),268.7,132.7,-1,-1,53,-1,60,-1,48,-1,-1,-1,-1,37
LHPV1c2,cb_intrinsic,brain,PLP(L),667.0,240.3,35,-1,19,-1,21,-1,36,-1,58,-1,10,-1
LHPV1d1,cb_intrinsic,brain,PLP(R),727.8,101.3,-1,-1,61,-1,33,-1,-1,-1,-1,-1,-1,37
LHPV2a1_a,cb_intrinsic,brain,LH(R),737.9,134.7,-1,-1,49,-1,-1,-1,18,-1,-1,-1,-1,37
LHPV2a1_c,cb_intrinsic,brain,LH(L),347.1,154.4,-1,-1,16,-1,18,-1,3,-1,45,-1,7,-1
LHPV2a1_d,cb_intrinsic,brain,LH(R),295.4,124.7,-1,-1,29,-1,33,-1,5,-1,55,-1,-1,37
LHPV2a1_e,cb_intrinsic,brain,LH(L),273.7,176.4,-1,-1,-1,-1,60,-1,19,-1,54,-1,59,37
LHPV2a2,cb_intrinsic,brain,LH(L),626.3,135.6,5,-1,-1,-1,-1,-1,-1,-1,-1,-1,-1,37
LHPV2a3,cb_intrinsic,brain,LH(L),305.6,138.6,-1,-1,-1,-1,-1,-1,52,-1,-1,-1,-1,37
LHPV2a4,cb_intrinsic,brain,LH(R),769.5,97.2,60,-1,-1,-1,-1,-1,-1,-1,-1,-1,-1,37
LHPV2a5,cb_intrinsic,brain,LH(L),680.9,140.3,29,-1,-1,-1,-1,-1,-1,-1,-1,-1,-1,37
LHPV2b1,cb_intrinsic,brain,LH(R),288.2,118.2,16,-1,-1,-1,-1,-1,42,-1,-1,-1,-1,37
LHPV2b2_a,cb_intrinsic,brain,LH(R),764.8,151.1,15,-1,-1,-1,-1,-1,-1,-1,-1,-1,-1,37
LHPV2b3,cb_intrinsic,brain,LH(R),695.4,90.5,-1,-1,47,-1,-1,-1,49,-1,-1,-1,-1,37
LHPV2b4,cb_intrinsic,brain,LH(R),743.8,105.2,-1,-1,-1,-1,57,-1,25,-1,44,-1,-1,37
LHPV2b5,cb_intrinsic,brain,LH(R),301.1,114.9,-1,-1,-1,-1,56,-1,30,-1,48,-1,-1,37
LHPV2c1_a,cb_intrinsic,brain,LH(L),748.3,126.9,32,-1,-1,-1,-1,-1,-1,-1,-1,-1,-1,37
LHPV2c2,cb_intrinsic,brain,PLP(L),659.6,120.4,-1,-1,-1,-1,-1,-1,-1,-1,-1,-1,-1,37
LHPV2c4,cb_intrinsic,brain,LH(L),359.7,296.2,-1,-1,-1,-1,-1,-1,-1,-1,43,-1,-1,37
LHPV2c5,cb_intrinsic,brain,SLP(L),639.8,64.7,-1,-1,-1,-1,-1,-1,-1,-1,56,-1,-1,37
LHPV2d1,cb_intrinsic,brain,PLP(R),362.3,189.8,30,-1,-1,-1,27,-1,7,-1,-1,-1,-1,37
LHPV2e1_a,cb_intrinsic,brain,PLP(R),260.2,125.6,52,-1,60,-1,40,-1,-1,-1,60,-1,59,37
LHPV2g1,cb_intrinsic,brain,LH(R),278.1,116.8,-1,-1,18,-1,15,-1,4,-1,34,-1,4,-1
LHPV2h1,cb_intrinsic,brain,LH(R),278.9,114.9,-1,-1,-1,-1,-1,-1,-1,-1,-1,-1,16,-1
LHPV2i1,cb_intrinsic,brain,PLP(L),385.2,279.2,52,-1,-1,-1,55,-1,35,-1,-1,-1,-1,37
LHPV2i2_a,cb_intrinsic,brain,PLP(L),319.8,216.8,-1,-1,-1,54,-1,-1,35,-1,-1,-1,51,37
LHPV2i2_b,cb_intrinsic,brain,PLP(L),690.4,162.8,-1,-1,69,58,-1,-1,-1,-1,-1,-1,-1,37
LHPV3a1,cb_intrinsic,brain,LH(L),326.5,173.1,-1,-1,44,-1,16,-1,69,-1,34,-1,4,-1
LHPV3a2,cb_intrinsic,brain,LH(R),621.6,243.2,-1,-1,66,-1,-1,-1,-1,-1,53,-1,11,-1
LHPV3a3_b,cb_intrinsic,brain,LH(L),711.2,281.8,19,-1,25,-1,37,-1,64,-1,35,-1,5,-1
LHPV3b1_a,cb_intrinsic,brain,PLP(R),377.2,239.5,-1,-1,-1,-1,28,-1,-1,-1,51,-1,7,-1
LHPV3b1_b,cb_intrinsic,brain,LH(R),669.9,193.8,55,-1,56,-1,-1,-1,47,-1,60,-1,-1,37
LHPV3c1,cb_intrinsic,brain,SLP(L),344.1,56.2,-1,-1,28,-1,45,-1,37,-1,57,-1,-1,37
LHPV4a1,cb_intrinsic,brain,LH(R),259.8,160.9,-1,-1,14,-1,34,-1,4,-1,60,-1,7,-1
LHPV4a10,cb_intrinsic,brain,LH(L),757.0,94.8,-1,-1,16,-1,61,-1,31,-1,49,-1,-1,37
LHPV4a11,cb_intrinsic,brain,LH(R),268.4,139.6,-1,-1,37,-1,-1,-1,41,-1,54,-1,-1,37
LHPV4a2,cb_intrinsic,brain,LH(R),721.5,94.8,36,-1,45,-1,-1,-1,69,-1,-1,-1,9,-1
LHPV4a3,cb_intrinsic,brain,LH(R),690.9,205.4,-1,-1,-1,-1,-1,-1,37,-1,-1,-1,-1,37
LHPV4a5,cb_intrinsic,brain,LH(R),755.1,93.8,-1,-1,36,-1,-1,67,30,-1,-1,-1,69,37
LHPV4a7,cb_intrinsic,brain,LH(R),732.7,140.0,29,-1,67,-1,-1,-1,-1,-1,-1,-1,-1,37
LHPV4a7_d,cb_intrinsic,brain,LH(R),245.6,157.4,-1,-1,51,-1,56,-1,49,-1,51,-1,-1,37
LHPV4a8,cb_intrinsic,brain,LH(L),776.4,127.4,15,-1,-1,-1,-1,-1,-1,-1,-1,-1,60,37
LHPV4a9,cb_intrinsic,brain,LH(L),769.2,122.0,7,-1,27,-1,-1,-1,48,-1,-1,-1,-1,37
LHPV4b1,cb_intrinsic,brain,LH(R),707.2,121.2,-1,-1,34,-1,41,-1,30,-1,48,-1,-1,37
LHPV4b2,cb_intrinsic,brain,LH(R),297.5,109.9,-1,-1,39,-1,-1,-1,40,-1,-1,-1,-1,37
LHPV4b3,cb_intrinsic,brain,LH(L),763.9,100.0,60,-1,-1,-1,-1,-1,29,-1,-1,-1,-1,37
LHPV4b4,cb_intrinsic,brain,LH(R),287.6,160.5,-1,-1,31,-1,46,-1,11,-1,-1,-1,65,37
LHPV4b5,cb_intrinsic,brain,LH(R),737.5,113.5,-1,-1,-1,-1,-1,-1,-1,-1,-1,-1,-1,37
LHPV4b7,cb_intrinsic,brain,LH(R),297.8,180.1,-1,-1,-1,-1,-1,-1,-1,-1,63,-1,-1,37
LHPV4b9,cb_intrinsic,brain,SLP(L),311.7,88.0,-1,-1,-1,-1,-1,-1,-1,-1,50,-1,-1,37
LHPV4c1_a,cb_intrinsic,brain,SLP(R),362.2,120.7,-1,-1,-1,-1,-1,-1,-1,-1,58,-1,66,37
LHPV4c1_b,cb_intrinsic,brain,PLP(R),662.6,219.2,-1,-1,42,-1,40,-1,32,-1,-1,-1,-1,37
LHPV4c1_c,cb_intrinsic,brain,PLP(L),363.5,144.7,41,-1,29,-1,26,-1,65,-1,52,-1,61,37
LHPV4c2,cb_intrinsic,brain,LH(R),638.0,77.6,-1,-1,-1,-1,-1,-1,-1,-1,65,-1,-1,37
LHPV4c3,cb_intrinsic,brain,SLP(R),698.9,170.8,-1,-1,-1,-1,61,-1,62,-1,40,-1,-1,37
LHPV4c4,cb_intrinsic,brain,LH(R),372.9,257.3,-1,-1,-1,-1,-1,-1,-1,-1,58,-1,69,37
LHPV4d10,cb_intrinsic,brain,LH(R),755.0,96.3,54,-1,-1,-1,-1,-1,47,-1,-1,-1,-1,37
LHPV4d3,cb_intrinsic,brain,LH(L),729.5,149.0,24,-1,-1,-1,-1,-1,49,-1,-1,-1,46,37
LHPV4d4,cb_intrinsic,brain,LH(R),666.4,118.0,-1,-1,-1,-1,-1,-1,48,-1,54,-1,-1,37
LHPV4d7,cb_intrinsic,brain,LH(R),701.2,90.7,22,-1,-1,-1,-1,-1,-1,-1,64,-1,17,-1
LHPV4e1,cb_intrinsic,brain,SLP(R),273.2,99.8,24,-1,59,-1,-1,-1,-1,-1,-1,-1,5,-1
LHPV4g1,cb_intrinsic,brain,LH(R),259.5,112.7,5,-1,18,-1,47,-1,31,-1,68,-1,-1,37
LHPV4g2,cb_intrinsic,brain,LH(R),614.9,42.4,14,-1,-1,-1,54,-1,-1,-1,-1,-1,9,-1
LHPV4h1,cb_intrinsic,brain,LH(L),312.1,143.0,55,-1,-1,-1,-1,-1,-1,-1,55,-1,-1,37
LHPV4h3,cb_intrinsic,brain,LH(R),251.1,147.7,-1,-1,-1,-1,-1,-1,38,-1,51,-1,-1,37
LHPV4i1,cb_intrinsic,brain,LH(R),723.8,120.5,59,-1,-1,-1,-1,-1,-1,-1,-1,-1,46,37
LHPV4i3,cb_intrinsic,brain,LH(R),729.8,134.5,14,-1,39,-1,-1,-1,-1,-1,-1,-1,-1,37
LHPV4i4,cb_intrinsic,brain,LH(R),268.9,171.7,40,-1,-1,-1,-1,-1,-1,-1,-1,-1,60,37
LHPV4j2,cb_intrinsic,brain,LH(R),275.6,137.0,-1,-1,-1,-1,-1,-1,48,-1,-1,-1,-1,37
LHPV4j3,cb_intrinsic,brain,LH(L),678.1,99.0,-1,-1,21,-1,-1,-1,-1,-1,-1,-1,-1,37
LHPV4j4,cb_intrinsic,brain,LH(L),305.8,127.3,-1,-1,18,-1,-1,-1,-1,-1,-1,-1,-1,37
LHPV4k1,cb_intrinsic,brain,LH(R),738.2,155.0,30,-1,-1,-1,-1,-1,-1,-1,-1,-1,-1,37
LHPV4l1,cb_intrinsic,brain,SLP(L),370.1,43.1,17,-1,-1,-1,-1,-1,42,-1,43,-1,-1,37
LHPV4m1,cb_intrinsic,brain,CRE(L),677.9,85.7,11,-1,17,-1,38,-1,27,-1,58,-1,-1,37
LHPV5a1,cb_intrinsic,brain,LH(R),775.5,124.5,-1,-1,54,-1,62,-1,-1,-1,-1,-1,14,-1
LHPV5a2,cb_intrinsic,brain,LH(R),313.9,139.0,25,-1,-1,-1,51,-1,49,-1,-1,-1,47,37
LHPV5a3,cb_intrinsic,brain,LH(R),344.6,117.3,31,-1,-1,-1,-1,-1,-1,-1,67,-1,58,37
LHPV5a5,cb_intrinsic,brain,LH(L),751.2,106.9,41,-1,-1,-1,-1,-1,-1,-1,26,-1,-1,37
LHPV5b1,cb_intrinsic,brain,SLP(R),277.2,174.0,46,-1,31,-1,-1,-1,-1,-1,-1,-1,-1,37
LHPV5b2,cb_intrinsic,brain,LH(R),426.0,76.3,-1,-1,50,-1,61,-1,-1,-1,-1,-1,-1,37
LHPV5b3,cb_intrinsic,brain,SLP(R),712.4,121.2,-1,-1,18,-1,-1,-1,-1,-1,-1,-1,33,-1
LHPV5b4,cb_intrinsic,brain,SLP(L),751.4,121.1,-1,-1,-1,-1,-1,-1,46,-1,-1,-1,-1,37
LHPV5b6,cb_intrinsic,brain,SLP(L),670.8,63.1,69,-1,-1,-1,-1,-1,-1,-1,48,-1,-1,37
LHPV5c1,cb_intrinsic,brain,LH(R),264.8,115.0,-1,-1,29,-1,65,-1,-1,-1,65,-1,-1,37
LHPV5c1_a,cb_intrinsic,brain,LH(R),714.1,129.9,43,-1,42,-1,-1,-1,-1,-1,-1,-1,-1,37
LHPV5c1_c,cb_intrinsic,brain,SLP(L),341.8,117.7,-1,-1,-1,-1,-1,-1,-1,-1,-1,-1,-1,37
LHPV5c1_d,cb_intrinsic,brain,LH(L),346.3,71.1,-1,-1,-1,-1,-1,-1,-1,-1,-1,-1,-1,37
LHPV5c2,cb_intrinsic,brain,LH(R),708.2,106.4,1,-1,-1,-1,-1,-1,-1,-1,-1,-1,-1,37
LHPV5c3,cb_intrinsic,brain,SLP(L),730.8,112.9,11,-1,49,-1,-1,-1,37,-1,29,-1,10,-1
LHPV5d1,cb_intrinsic,brain,LH(R),736.5,100.1,40,-1,44,-1,32,-1,42,-1,23,-1,47,37
LHPV5d3,cb_intrinsic,brain,LH(R),269.5,121.4,3,-1,-1,-1,-1,-1,-1,-1,46,-1,-1,37
LHPV5e1,cb_intrinsic,brain,SIP(R),429.2,94.2,-1,-1,12,-1,22,-1,29,-1,5,-1,-1,37
LHPV5e2,cb_intrinsic,brain,SLP(R),730.3,87.9,-1,-1,-1,-1,67,-1,67,-1,16,-1,-1,37
LHPV5e3,cb_intrinsic,brain,CRE(L),619.1,70.5,12,-1,9,-1,28,-1,6,-1,38,-1,8,-1
LHPV5g1_a,cb_intrinsic,brain,PLP(L),384.6,136.1,12,-1,-1,-1,-1,-1,67,-1,-1,-1,-1,37
LHPV5g1_b,cb_intrinsic,brain,SIP(R),322.8,127.8,23,-1,63,-1,-1,-1,39,-1,58,-1,12,-1
LHPV5g2,cb_intrinsic,brain,SIP(L),377.6,151.4,32,-1,-1,-1,-1,-1,-1,-1,56,-1,-1,37
LHPV5h2_a,cb_intrinsic,brain,LH(R),386.5,81.6,-1,-1,-1,-1,-1,-1,-1,-1,-1,-1,55,37
LHPV5h2_b,cb_intrinsic,brain,LH(R),728.4,104.8,64,-1,-1,-1,-1,-1,-1,-1,-1,-1,-1,37
LHPV5h2_c,cb_intrinsic,brain,SLP(L),316.8,84.4,46,-1,-1,-1,-1,-1,-1,-1,51,-1,49,37
LHPV5h4,cb_intrinsic,brain,SLP(L),308.3,120.7,-1,-1,55,-1,-1,-1,-1,-1,-1,-1,-1,37
LHPV5i1,cb_intrinsic,brain,SLP(L),433.6,102.4,38,-1,-1,-1,-1,-1,14,-1,24,-1,-1,37
LHPV5j1,cb_intrinsic,brain,SLP(R),323.9,109.6,-1,-1,48,-1,-1,-1,63,-1,-1,-1,-1,37
LHPV5l1,cb_intrinsic,brain,PLP(R),661.3,140.2,15,-1,39,-1,36,-1,5,-1,-1,-1,5,-1
LHPV5m1,cb_intrinsic,brain,PLP(R),673.9,186.6,31,-1,-1,-1,-1,-1,37,-1,62,-1,-1,37
LHPV6a1,cb_intrinsic,brain,LH(R),326.5,136.6,14,-1,10,-1,-1,-1,49,-1,48,-1,16,-1
LHPV6a10,cb_intrinsic,brain,LH(R),281.8,118.8,23,-1,55,-1,52,-1,42,-1,51,-1,-1,37
LHPV6a3,cb_intrinsic,brain,SLP(R),255.1,164.9,46,-1,48,-1,-1,-1,62,-1,62,-1,59,37
LHPV6a9_b,cb_intrinsic,brain,LH(R),274.6,155.1,-1,-1,44,-1,62,-1,52,-1,62,-1,-1,37
LHPV6c1,cb_intrinsic,brain,LH(R),677.6,128.0,65,-1,28,-1,56,-1,47,-1,63,-1,4,-1
LHPV6c2,cb_intrinsic,brain,SLP(R),640.6,75.1,33,-1,-1,-1,-1,-1,40,-1,-1,-1,-1,37
LHPV6d1,cb_intrinsic,brain,LH(R),741.7,118.6,-1,-1,42,-1,63,-1,-1,-1,69,-1,44,37
LHPV6f1,cb_intrinsic,brain,ATL(L),670.0,171.3,-1,-1,-1,-1,31,-1,68,-1,33,-1,-1,37
LHPV6f3_b,cb_intrinsic,brain,SLP(R),554.6,80.1,-1,-1,-1,-1,-1,-1,27,-1,-1,-1,-1,37
LHPV6f5,cb_intrinsic,brain,SLP(R),423.9,141.5,24,-1,-1,-1,-1,-1,-1,-1,-1,-1,-1,37
LHPV6g1,cb_intrinsic,brain,SLP(L),691.4,77.1,28,-1,9,-1,57,-1,30,-1,-1,-1,69,37
LHPV6h1,cb_intrinsic,brain,LH(R),662.6,139.8,-1,-1,65,-1,36,-1,41,-1,54,-1,-1,37
LHPV6h1_b,cb_intrinsic,brain,SLP(R),703.5,101.6,10,-1,-1,-1,-1,-1,62,-1,-1,-1,14,-1
LHPV6h2,cb_intrinsic,brain,SLP(R),347.4,159.0,61,-1,37,-1,22,-1,36,-1,28,-1,-1,37
"LHPV6h3,SLP276",cb_intrinsic,brain,SLP(R),305.0,121.2,53,-1,58,-1,-1,-1,48,-1,-1,-1,-1,37
LHPV6i1_a,cb_intrinsic,brain,SLP(L),239.8,136.7,-1,-1,-1,-1,-1,-1,-1,-1,-1,-1,45,37
LHPV6i2_a,cb_intrinsic,brain,SLP(R),324.3,110.6,1,-1,38,-1,-1,-1,42,-1,48,-1,-1,37
LHPV6j1,cb_intrinsic,brain,SLP(L),525.7,386.2,8,-1,35,-1,-1,-1,11,-1,32,-1,9,-1
LHPV6k1,cb_intrinsic,brain,LH(L),281.9,136.8,-1,-1,27,-1,28,-1,5,-1,59,-1,68,37
LHPV6k2,cb_intrinsic,brain,LH(L),648.4,224.8,45,-1,-1,-1,-1,-1,-1,-1,-1,-1,67,37
LHPV6l1,cb_intrinsic,brain,LH(L),261.6,99.2,-1,-1,-1,-1,-1,-1,47,-1,-1,-1,-1,37
LHPV6l2,cb_intrinsic,brain,PLP(R),373.7,150.6,-1,-1,-1,-1,-1,-1,69,-1,65,-1,-1,37
LHPV6m1,cb_intrinsic,brain,SLP(R),326.8,126.7,14,-1,49,-1,51,-1,40,-1,33,-1,53,37
LHPV6o1,cb_intrinsic,brain,PLP(R),374.2,116.0,55,-1,47,-1,45,-1,36,-1,-1,-1,-1,37
LHPV6p1,cb_intrinsic,brain,SLP(R),400.7,252.2,-1,-1,36,-1,-1,-1,27,-1,-1,-1,-1,37
LHPV6q1,cb_intrinsic,brain,WED(L),385.8,152.9,-1,-1,3,-1,5,-1,1,-1,20,-1,2,-1
LHPV7a1,cb_intrinsic,brain,LH(R),290.2,140.0,-1,-1,40,-1,64,-1,37,-1,57,-1,-1,37
LHPV7a2,cb_intrinsic,brain,PLP(R),677.7,178.4,35,-1,17,-1,16,-1,43,-1,37,-1,9,-1
LHPV7b1,cb_intrinsic,brain,LH(R),754.3,131.2,66,-1,63,-1,-1,-1,49,-1,42,-1,-1,37
LHPV7c1,cb_intrinsic,brain,CRE(L),689.9,204.9,64,-1,26,-1,-1,-1,27,-1,-1,-1,7,-1
LHPV8a1,cb_intrinsic,brain,LH(R),421.1,190.7,50,-1,-1,-1,-1,-1,-1,-1,51,-1,57,37
LHPV8c1,cb_intrinsic,brain,PLP(R),382.1,148.9,-1,-1,-1,-1,-1,-1,48,-1,-1,-1,-1,37
LHPV9b1,cb_intrinsic,brain,CRE(R),451.7,138.8,-1,-1,26,-1,-1,-1,43,-1,44,-1,12,-1
LK,vnc_endocrine,vnc,ANm,555.3,781.1,31,-1,-1,69,5,-1,-1,-1,58,-1,-1,38
LLPC1,visual_projection,brain,LOP(R),258.7,382.5,12,-1,1,-1,1,-1,62,-1,-1,-1,-1,37
LLPC2,visual_projection,brain,LOP(R),786.7,428.1,59,-1,2,-1,1,-1,65,-1,-1,-1,-1,37
LLPC3,visual_projection,brain,LOP(R),773.1,388.8,-1,-1,2,-1,1,-1,22,-1,-1,-1,-1,37
LLPC4,visual_projection,brain,LO(R),258.5,308.5,40,-1,-1,58,-1,49,-1,68,-1,-1,-1,37
LLPC_unclear,visual_projection,brain,LO(R),246.1,273.5,26,-1,-1,-1,-1,-1,-1,-1,-1,-1,59,37
LN-DN1,sensory_descending,brain,GNG,597.5,380.9,-1,-1,-1,-1,-1,-1,28,-1,-1,-1,44,-1
LN-DN2,sensory_descending,vnc,ANm,459.0,863.0,-1,-1,65,-1,-1,-1,25,-1,-1,-1,3,-1
LN60,cb_intrinsic,brain,AL(R),440.6,257.9,-1,-1,8,-1,12,-1,28,-1,-1,-1,3,-1
LNO1,cb_intrinsic,brain,NO,602.9,203.9,-1,-1,8,-1,53,-1,63,-1,2,-1,-1,37
LNO2,cb_intrinsic,brain,NO,437.5,242.1,-1,-1,-1,-1,10,-1,65,-1,-1,-1,-1,37
LNOa,cb_intrinsic,brain,NO,564.4,209.7,42,-1,-1,-1,62,-1,66,-1,32,-1,-1,37
LNd_b,cb_intrinsic,brain,SMP(L),354.7,113.8,33,-1,17,-1,24,-1,30,-1,40,-1,13,-1
LNd_c,cb_intrinsic,brain,SMP(L),527.2,61.7,-1,-1,16,-1,35,-1,43,-1,10,-1,-1,37
LOLP1,ol_intrinsic,brain,LO(R),228.8,341.9,63,-1,1,-1,3,-1,5,-1,14,-1,-1,37
LOP_LO_unclear,ol_intrinsic,brain,LOP(R),229.9,348.0,47,-1,-1,51,-1,-1,-1,68,-1,-1,-1,37
LOP_ME_unclear,ol_intrinsic,brain,LOP(L),903.0,219.7,-1,-1,-1,31,-1,49,-1,68,-1,-1,-1,37
LOP_unclear,ol_intrinsic,brain,LOP(L),860.5,329.2,-1,-1,-1,-1,-1,-1,-1,68,-1,-1,-1,37
LO_LOP_unclear,ol_intrinsic,brain,LOP(L),755.0,255.4,31,-1,-1,-1,-1,-1,-1,-1,-1,-1,-1,37
LO_ME_unclear,ol_intrinsic,brain,LO(L),761.7,319.0,-1,-1,-1,-1,-1,-1,-1,-1,-1,-1,57,37
LO_unclear,ol_intrinsic,brain,LO(L),821.2,314.0,-1,-1,-1,45,-1,-1,-1,68,-1,-1,-1,37
LPC1,visual_projection,brain,LOP(R),356.0,217.3,33,-1,2,-1,4,-1,19,-1,19,-1,-1,37
LPC2,visual_projection,brain,LOP(R),797.6,366.6,-1,-1,18,-1,41,-1,21,-1,-1,-1,-1,37
LPC_unclear,visual_projection,brain,LOP(R),224.5,401.3,42,-1,-1,67,-1,69,-1,-1,-1,-1,-1,37
LPLC1,visual_projection,brain,LO(R),749.7,340.5,37,-1,2,-1,1,-1,63,-1,33,-1,-1,37
LPLC2,visual_projection,brain,LOP(R),173.2,410.2,46,-1,1,-1,1,-1,24,-1,67,-1,48,37
LPLC4,visual_projection,brain,LO(R),262.9,334.8,32,-1,1,-1,1,-1,24,-1,8,-1,-1,37
LPLC_unclear,visual_projection,brain,LOP(R),236.9,296.9,-1,-1,-1,51,-1,69,-1,68,-1,-1,45,37
LPN_a,cb_intrinsic,brain,SMP(L),583.0,62.0,69,-1,63,-1,37,-1,42,-1,20,-1,-1,37
LPN_b,cb_intrinsic,brain,SMP(L),527.5,60.4,37,-1,-1,-1,-1,-1,51,-1,14,-1,-1,37
LPT100,visual_projection,brain,LOP(R),232.1,387.9,41,-1,22,-1,-1,37,-1,68,-1,-1,-1,37
LPT101,visual_projection,brain,LOP(R),273.3,460.5,60,-1,63,-1,-1,-1,-1,-1,-1,-1,69,37
LPT110,visual_centrifugal,brain,SPS(L),454.6,337.4,-1,-1,48,-1,-1,-1,20,-1,-1,-1,-1,37
LPT111,visual_centrifugal,brain,LOP(L),205.7,402.8,-1,-1,4,-1,7,-1,10,-1,40,-1,-1,37
LPT112,visual_centrifugal,brain,LOP(R),163.9,351.8,-1,-1,46,-1,69,-1,7,-1,59,-1,-1,37
LPT113,visual_centrifugal,brain,LOP(R),187.5,363.4,-1,-1,-1,-1,-1,-1,11,-1,-1,-1,-1,37
LPT114,visual_centrifugal,brain,LOP(L),264.2,375.7,-1,-1,3,-1,5,-1,6,-1,10,-1,35,-1
LPT115,visual_centrifugal,brain,LOP(R),618.3,289.1,-1,-1,-1,67,43,-1,-1,-1,-1,-1,-1,37
LPT116,visual_centrifugal,brain,LOP(L),799.2,394.2,-1,-1,53,-1,43,-1,19,-1,40,-1,-1,37
LPT21,visual_projection,brain,LOP(R),833.2,378.6,-1,-1,30,-1,-1,57,-1,68,-1,-1,65,37
LPT22,visual_projection,brain,LOP(R),833.8,292.3,-1,-1,-1,55,20,-1,67,-1,29,-1,51,37
LPT23,visual_projection,brain,LOP(R),817.4,316.4,51,-1,-1,38,3,-1,68,-1,60,-1,-1,37
LPT26,visual_projection,brain,LOP(R),246.8,406.4,9,-1,68,18,-1,3,-1,68,-1,-1,68,37
LPT27,visual_projection,brain,LOP(R),207.2,404.1,-1,-1,-1,45,-1,37,-1,68,-1,-1,-1,37
LPT28,visual_projection,brain,LOP(R),432.3,367.7,10,-1,36,-1,-1,47,-1,68,-1,-1,-1,37
LPT29,visual_projection,brain,LOP(R),432.4,347.5,16,-1,64,45,-1,49,-1,68,-1,-1,-1,37
LPT30,visual_projection,brain,LOP(R),601.0,192.5,-1,-1,69,51,-1,57,-1,68,-1,-1,-1,37
LPT31,visual_projection,brain,LOP(R),177.8,405.9,-1,-1,8,-1,-1,57,68,-1,-1,-1,50,37
LPT49,visual_projection,brain,LOP(R),785.7,292.7,-1,-1,67,51,-1,57,16,-1,-1,-1,-1,37
LPT50,visual_projection,brain,LOP(R),784.8,449.3,9,-1,62,45,-1,37,-1,68,-1,-1,-1,37
LPT51,visual_projection,brain,LOP(R),692.7,311.8,-1,-1,12,-1,20,-1,19,-1,35,-1,57,37
LPT52,visual_projection,brain,LOP(R),808.1,254.2,-1,-1,38,-1,-1,43,-1,68,-1,-1,-1,37
LPT53,visual_centrifugal,brain,LOP(R),223.1,392.7,9,-1,-1,51,23,-1,18,-1,63,-1,58,37
LPT54,visual_projection,brain,ME(R),403.6,174.4,22,-1,7,-1,-1,37,65,-1,-1,-1,-1,37
LPT57,visual_centrifugal,brain,LOP(L),341.9,182.1,43,-1,38,-1,-1,-1,9,-1,60,-1,45,37
LPT59,visual_centrifugal,brain,LOP(L),802.7,314.1,22,-1,45,-1,37,-1,7,-1,-1,-1,30,-1
LPT60,cb_intrinsic,brain,PVLP(R),174.4,341.0,-1,-1,25,-1,8,-1,15,-1,24,-1,-1,37
LPi12,ol_intrinsic,brain,LOP(R),835.7,333.5,62,-1,2,-1,1,-1,-1,68,-1,-1,-1,37
LPi14,ol_intrinsic,brain,LOP(R),755.3,388.6,-1,-1,-1,31,-1,19,-1,68,-1,-1,-1,37
LPi21,ol_intrinsic,brain,LOP(R),855.4,324.7,-1,-1,2,-1,1,-1,-1,68,-1,-1,-1,37
LPi2b,ol_intrinsic,brain,LOP(R),291.3,416.7,-1,-1,-1,3,-1,1,-1,68,-1,-1,-1,37
LPi2c,ol_intrinsic,brain,LOP(R),227.1,332.6,-1,-1,8,-1,1,-1,18,-1,10,-1,-1,37
LPi2d,ol_intrinsic,brain,LOP(R),186.7,358.4,-1,-1,9,-1,20,-1,68,-1,21,-1,-1,37
LPi2e,ol_intrinsic,brain,LOP(R),221.1,338.4,-1,-1,9,-1,24,-1,-1,68,-1,-1,44,37
LPi34,ol_intrinsic,brain,LOP(R),200.6,337.0,38,-1,2,-1,1,-1,-1,68,-1,-1,-1,37
LPi3412,ol_intrinsic,brain,LOP(R),787.5,376.7,-1,-1,3,-1,1,-1,-1,68,-1,-1,-1,37
LPi3a,ol_intrinsic,brain,LOP(R),164.9,352.2,-1,-1,6,-1,3,-1,-1,68,38,-1,-1,37
LPi3b,ol_intrinsic,brain,LOP(R),756.7,454.7,-1,-1,-1,46,14,-1,-1,68,51,-1,-1,37
LPi3c,ol_intrinsic,brain,LOP(R),242.8,308.0,17,-1,67,51,-1,57,68,-1,-1,-1,-1,37
LPi43,ol_intrinsic,brain,LOP(R),284.1,437.3,-1,-1,2,-1,1,-1,-1,68,-1,-1,-1,37
LPi4a,ol_intrinsic,brain,LOP(R),238.6,403.0,14,-1,-1,53,37,-1,-1,68,39,-1,-1,37
LPi4b,ol_intrinsic,brain,LOP(R),778.2,334.3,43,-1,15,-1,28,-1,-1,68,-1,-1,-1,37
LPi_unclear,ol_intrinsic,brain,LO(L),795.2,280.9,-1,-1,-1,-1,-1,-1,-1,-1,10,-1,56,37
LPsP,cb_intrinsic,brain,PB,460.6,153.5,-1,-1,-1,-1,6,-1,-1,-1,10,-1,-1,37
LT11,visual_projection,brain,LO(R),260.9,400.2,-1,-1,10,-1,25,-1,66,-1,-1,-1,-1,37
LT1a,visual_projection,brain,LO(R),264.9,301.3,58,-1,5,-1,-1,3,-1,66,-1,-1,65,37
LT1b,visual_projection,brain,LO(R),780.8,331.7,-1,-1,4,-1,-1,3,-1,66,-1,-1,-1,37
LT1c,visual_projection,brain,LO(R),783.2,299.0,-1,-1,8,5,-1,3,-1,64,-1,-1,-1,37
LT1d,visual_projection,brain,LO(R),822.1,313.2,59,-1,3,-1,-1,3,-1,65,-1,-1,-1,37
LT33,ol_intrinsic,brain,LO(R),275.5,403.9,42,-1,-1,55,34,-1,-1,68,30,-1,-1,37
LT34,visual_centrifugal,brain,LO(L),808.5,311.3,35,-1,-1,-1,28,-1,5,-1,6,-1,-1,37
LT35,visual_centrifugal,brain,LO(L),233.4,273.5,-1,-1,68,-1,27,-1,18,-1,-1,-1,-1,37
LT36,visual_centrifugal,brain,LO(R),752.7,320.0,-1,-1,-1,58,7,-1,6,-1,14,-1,-1,37
LT37,visual_centrifugal,brain,LO(L),320.2,239.9,-1,-1,58,-1,14,-1,2,-1,12,-1,-1,37
LT39,visual_centrifugal,brain,LO(L),274.7,259.7,-1,-1,16,-1,45,-1,21,-1,-1,-1,-1,37
LT40,visual_centrifugal,brain,LO(R),352.7,182.1,11,-1,-1,-1,47,-1,11,-1,-1,-1,65,37
LT41,visual_centrifugal,brain,LO(L),600.9,187.6,2,-1,-1,-1,38,-1,-1,-1,-1,-1,54,37
LT42,visual_centrifugal,brain,LO(L),287.6,295.1,-1,-1,-1,40,21,-1,-1,-1,-1,-1,-1,37
LT43,visual_projection,brain,LO(R),718.8,353.0,-1,-1,43,-1,-1,61,24,-1,-1,-1,56,37
LT46,visual_centrifugal,brain,LO(R),385.9,152.4,-1,-1,-1,58,9,-1,18,-1,-1,-1,-1,37
LT47,visual_projection,brain,LO(R),748.6,303.4,33,-1,-1,27,-1,49,-1,-1,-1,-1,-1,37
LT51,visual_projection,brain,LO(R),263.3,324.7,-1,-1,2,-1,14,-1,30,-1,-1,-1,-1,37
LT52,visual_projection,brain,LO(R),812.8,278.4,-1,-1,2,-1,2,-1,4,-1,1,-1,55,37
LT54,ol_intrinsic,brain,LO(R),278.5,425.8,15,-1,46,-1,-1,-1,63,-1,-1,-1,-1,37
LT55,visual_projection,brain,LO(R),441.4,105.3,-1,-1,23,-1,-1,-1,-1,-1,-1,-1,-1,37
LT56,visual_centrifugal,brain,LO(L),263.5,217.7,-1,-1,-1,68,5,-1,24,-1,-1,-1,-1,37
LT58,ol_intrinsic,brain,LO(R),253.1,391.2,51,-1,37,12,2,-1,67,-1,-1,-1,-1,37
LT59,visual_projection,brain,LO(R),237.6,307.1,65,-1,-1,58,-1,-1,-1,68,-1,-1,60,37
LT60,visual_projection,brain,LO(R),288.0,284.1,-1,-1,31,-1,-1,49,-1,67,-1,-1,-1,37
LT61a,visual_projection,brain,LO(R),232.3,277.1,-1,-1,22,-1,59,49,-1,67,-1,-1,-1,37
LT61b,visual_projection,brain,LO(L),714.0,370.6,15,-1,23,-1,20,-1,-1,66,-1,-1,-1,37
LT62,visual_projection,brain,LO(R),745.3,312.9,-1,-1,5,-1,-1,43,54,-1,-1,-1,49,37
LT63,visual_projection,brain,LO(R),736.7,321.9,23,-1,58,-1,48,-1,69,-1,-1,-1,-1,37
LT64,visual_projection,brain,LO(R),268.5,291.0,-1,-1,-1,-1,-1,56,-1,69,-1,-1,-1,37
LT65,visual_projection,brain,LO(L),254.4,301.3,-1,-1,-1,8,-1,22,-1,68,-1,-1,-1,37
LT66,visual_projection,brain,LO(R),355.2,203.6,7,-1,16,-1,-1,47,-1,66,-1,-1,-1,37
LT67,visual_projection,brain,LO(R),264.1,369.2,-1,-1,32,-1,-1,53,-1,68,-1,-1,-1,37
LT68,visual_projection,brain,LO(R),239.4,361.1,34,-1,-1,59,-1,-1,69,-1,-1,-1,-1,37
LT69,visual_projection,brain,LO(R),772.3,366.4,45,-1,-1,56,-1,-1,-1,-1,-1,-1,-1,37
LT70,visual_centrifugal,brain,LO(R),199.8,305.7,-1,-1,-1,58,49,-1,-1,67,-1,-1,-1,37
LT72,visual_projection,brain,LO(R),758.9,324.4,-1,-1,35,-1,-1,61,-1,67,-1,-1,-1,37
LT73,visual_projection,brain,LO(R),254.0,330.1,-1,-1,-1,25,-1,-1,-1,67,-1,-1,-1,37
LT74,visual_projection,brain,LO(R),778.9,289.4,50,-1,-1,34,-1,-1,-1,67,-1,-1,56,37
LT75,visual_projection,brain,LO(R),757.6,290.0,-1,-1,29,-1,-1,-1,-1,67,-1,-1,46,37
LT76,visual_projection,brain,LO(R),352.1,197.9,3,-1,21,-1,-1,58,-1,68,-1,-1,-1,37
LT77,visual_projection,brain,LO(R),248.2,355.1,36,-1,-1,10,33,21,-1,67,-1,-1,-1,37
LT78,visual_projection,brain,LO(R),783.8,360.3,16,-1,14,-1,41,-1,-1,67,-1,-1,53,37
LT79,visual_projection,brain,LO(R),241.9,374.6,49,-1,7,-1,-1,14,67,-1,-1,-1,-1,37
LT80,visual_projection,brain,LO(R),232.3,288.5,-1,-1,45,-1,-1,45,-1,67,-1,-1,-1,37
LT81,visual_projection,brain,LO(R),589.1,159.6,-1,-1,48,-1,-1,-1,-1,69,-1,-1,-1,37
LT82a,visual_projection,brain,LO(R),736.1,413.4,5,-1,7,-1,56,49,-1,67,-1,-1,-1,37
LT82b,visual_projection,brain,LO(R),801.8,329.4,2,-1,38,20,53,49,-1,67,-1,-1,-1,37
LT83,visual_projection,brain,LO(R),203.1,289.5,11,-1,5,2,-1,1,-1,66,-1,-1,-1,37
LT84,visual_projection,brain,LO(R),225.4,292.0,16,-1,-1,23,-1,49,34,-1,-1,-1,-1,37
LT85,visual_projection,brain,LO(R),722.4,350.9,-1,-1,-1,58,-1,-1,-1,69,-1,-1,-1,37
LT86,visual_projection,brain,LO(R),243.3,285.5,58,-1,7,-1,29,-1,-1,69,-1,-1,56,37
LT87,visual_projection,brain,LO(R),735.6,375.9,-1,-1,5,-1,-1,25,-1,67,-1,-1,-1,37
LT88,visual_centrifugal,brain,LO(R),780.7,352.7,1,-1,-1,-1,-1,55,-1,69,-1,-1,-1,37
Lai,ol_intrinsic,brain,LA(R),67.0,272.3,61,-1,-1,5,12,-1,-1,68,-1,-1,-1,-1
Lat1,visual_centrifugal,brain,AME(R),301.1,202.1,26,-1,-1,-1,-1,-1,-1,-1,-1,-1,-1,37
Lat2,visual_centrifugal,brain,PLP(R),342.1,180.7,-1,-1,-1,-1,-1,-1,-1,-1,-1,-1,-1,37
Lat3,ol_intrinsic,brain,ME(R),919.1,358.9,8,-1,-1,-1,-1,-1,-1,-1,-1,-1,-1,37
Lat4,ol_intrinsic,brain,ME(R),892.4,244.8,8,-1,-1,-1,-1,-1,-1,-1,-1,-1,-1,37
Lat5,visual_centrifugal,brain,LO(R),214.1,341.2,54,-1,-1,-1,-1,-1,-1,68,-1,-1,-1,37
Lawf1,ol_intrinsic,brain,ME(R),181.8,253.6,37,-1,-1,4,1,-1,-1,68,29,-1,-1,37
Lawf2,ol_intrinsic,brain,ME(R),129.4,314.2,-1,-1,46,5,1,-1,-1,68,-1,-1,-1,37
LgAG1,sensory_ascending,brain,GNG,544.0,327.0,-1,-1,3,-1,-1,-1,-1,-1,-1,-1,-1,-1
LgAG2,sensory_ascending,brain,GNG,503.7,422.5,-1,-1,16,-1,-1,-1,10,-1,-1,-1,7,-1
LgAG3,sensory_ascending,brain,GNG,486.2,346.3,-1,-1,18,-1,-1,-1,30,-1,-1,-1,10,-1
LgAG4,sensory_ascending,brain,GNG,537.4,398.8,9,-1,-1,-1,-1,-1,-1,-1,-1,-1,-1,-1
LgAG5,sensory_ascending,brain,GNG,450.4,338.6,-1,-1,21,-1,-1,-1,31,-1,-1,-1,47,-1
LgAG6,sensory_ascending,brain,GNG,439.5,443.8,-1,-1,69,-1,-1,-1,-1,-1,-1,-1,-1,-1
LgAG7,sensory_ascending,brain,GNG,504.8,433.9,31,-1,16,-1,-1,-1,28,-1,-1,-1,10,-1
LgAG8,sensory_ascending,brain,GNG,479.3,406.1,33,-1,-1,-1,-1,-1,20,-1,-1,-1,-1,-1
LgAG9,sensory_ascending,brain,GNG,553.4,316.7,16,-1,57,-1,-1,-1,-1,-1,-1,-1,13,-1
LgLG1a,vnc_sensory,vnc,LegNp(T2)(R),576.1,766.2,45,-1,2,-1,3,-1,-1,-1,-1,-1,-1,-1
LgLG1b,vnc_sensory,vnc,LegNp(T2)(R),630.0,888.7,11,-1,2,-1,-1,-1,-1,-1,-1,-1,28,-1
LgLG2,vnc_sensory,vnc,LegNp(T1)(L),630.3,779.0,-1,-1,5,-1,-1,-1,-1,-1,-1,-1,-1,-1
LgLG3,vnc_sensory,vnc,LegNp(T3)(R),593.2,833.6,-1,-1,2,-1,-1,-1,20,-1,-1,-1,28,-1
LgLG4,vnc_sensory,vnc,LegNp(T3)(R),595.7,881.4,-1,-1,19,-1,-1,-1,20,-1,-1,-1,29,-1
LgLG5,vnc_sensory,vnc,LegNp(T1)(R),413.9,780.5,16,-1,56,-1,-1,-1,-1,-1,-1,-1,-1,-1
LgLG6,vnc_sensory,vnc,LegNp(T1)(R),471.0,764.8,68,-1,10,-1,-1,-1,9,-1,-1,-1,48,-1
LgLG7,vnc_sensory,vnc,LegNp(T1)(L),603.5,735.3,54,-1,-1,-1,-1,-1,-1,-1,-1,-1,52,-1
LgLG8,vnc_sensory,vnc,LegNp(T1)(L),441.6,815.7,7,-1,-1,-1,-1,-1,-1,-1,-1,-1,-1,-1
Li11a,ol_intrinsic,brain,LO(R),276.2,406.6,43,-1,20,-1,-1,49,-1,65,-1,-1,-1,37
Li11b,ol_intrinsic,brain,LO(R),218.0,242.5,51,-1,47,37,-1,49,-1,67,-1,-1,-1,37
Li12,ol_intrinsic,brain,LO(R),231.2,263.5,-1,-1,13,-1,-1,22,-1,67,-1,-1,60,37
Li13,ol_intrinsic,brain,LO(R),713.6,346.8,-1,-1,8,-1,-1,49,-1,67,-1,-1,-1,37
Li14,ol_intrinsic,brain,LO(R),724.2,403.8,51,-1,1,-1,1,-1,61,-1,-1,-1,-1,37
Li15,ol_intrinsic,brain,LO(R),746.1,391.5,61,-1,-1,19,8,-1,-1,67,-1,-1,-1,37
Li16,ol_intrinsic,brain,LO(R),205.0,298.8,4,-1,17,11,14,-1,-1,67,-1,-1,61,37
Li17,ol_intrinsic,brain,LO(L),243.8,396.0,-1,-1,29,7,1,-1,-1,67,-1,-1,-1,37
Li18a,ol_intrinsic,brain,LO(R),211.0,283.1,69,-1,23,-1,14,-1,67,-1,-1,-1,-1,37
Li18b,ol_intrinsic,brain,LO(R),259.2,410.1,-1,-1,26,-1,-1,55,22,-1,-1,-1,-1,37
Li19,ol_intrinsic,brain,LO(R),814.9,344.4,-1,-1,-1,12,11,-1,-1,67,-1,-1,-1,37
Li20,ol_intrinsic,brain,LO(R),774.9,285.1,59,-1,3,-1,2,-1,-1,65,-1,-1,52,37
Li21,ol_intrinsic,brain,LO(R),742.5,364.8,-1,-1,1,-1,2,-1,-1,67,-1,-1,61,37
Li22,ol_intrinsic,brain,LO(R),202.2,308.0,-1,-1,5,-1,5,-1,7,-1,2,-1,-1,37
Li23,ol_intrinsic,brain,LO(R),741.4,352.6,64,-1,2,-1,-1,21,-1,67,-1,-1,-1,37
Li25,ol_intrinsic,brain,LO(R),781.5,366.7,42,-1,1,-1,1,-1,-1,68,-1,-1,51,37
Li26,ol_intrinsic,brain,LO(R),761.9,311.9,-1,-1,13,-1,22,-1,67,-1,-1,-1,47,37
Li27,ol_intrinsic,brain,LO(R),217.9,284.8,41,-1,5,-1,22,-1,24,-1,-1,-1,-1,37
Li28,ol_intrinsic,brain,LO(R),265.6,314.8,-1,-1,-1,37,-1,22,66,-1,-1,-1,-1,37
Li29,ol_intrinsic,brain,LO(R),707.0,394.6,5,-1,10,-1,13,-1,20,-1,65,-1,62,37
Li30,ol_intrinsic,brain,LO(R),806.2,280.4,-1,-1,49,25,3,-1,65,-1,40,-1,64,37
Li31,ol_intrinsic,brain,LO(R),259.1,378.0,-1,-1,67,18,-1,49,67,-1,-1,-1,60,37
Li32,ol_intrinsic,brain,LO(L),243.1,292.8,-1,-1,10,8,-1,22,66,-1,-1,-1,-1,37
Li33,ol_intrinsic,brain,LO(R),707.8,405.4,7,-1,19,18,2,-1,67,-1,52,-1,-1,37
Li34a,ol_intrinsic,brain,LO(R),777.4,371.8,67,-1,6,-1,6,-1,65,-1,-1,-1,-1,37
Li34b,ol_intrinsic,brain,LO(R),752.7,408.5,26,-1,-1,37,2,-1,-1,67,-1,-1,-1,37
Li35,ol_intrinsic,brain,LO(R),212.7,338.4,11,-1,-1,-1,-1,-1,20,-1,-1,-1,-1,37
Li36,ol_intrinsic,brain,LO(R),209.9,276.9,-1,-1,-1,46,-1,-1,-1,67,-1,-1,-1,37
Li37,ol_intrinsic,brain,LO(R),730.4,386.6,-1,-1,-1,45,-1,-1,-1,68,-1,-1,59,37
Li38,ol_intrinsic,brain,LO(R),769.1,303.8,55,-1,52,37,22,-1,-1,67,-1,-1,-1,37
Li39,ol_intrinsic,brain,LO(R),214.7,343.8,-1,-1,2,-1,2,-1,22,-1,39,-1,-1,37
Li_unclear,ol_intrinsic,brain,LO(L),804.8,261.2,-1,-1,-1,13,-1,49,-1,68,-1,-1,-1,37
LoVC1,visual_centrifugal,brain,LO(L),707.8,349.4,-1,-1,-1,-1,6,-1,7,-1,2,-1,66,37
LoVC11,visual_centrifugal,brain,LAL(L),487.7,451.3,37,-1,9,-1,9,-1,5,-1,6,-1,-1,37
LoVC12,visual_centrifugal,brain,LAL(L),593.1,256.3,29,-1,36,-1,15,-1,6,-1,3,-1,47,37
LoVC13,visual_centrifugal,brain,GNG,502.5,407.4,56,-1,-1,-1,29,-1,19,-1,-1,-1,24,-1
LoVC14,visual_centrifugal,brain,LO(R),578.3,451.4,67,-1,-1,11,-1,-1,20,-1,65,-1,49,37
LoVC15,visual_centrifugal,brain,LO(L),372.5,286.7,8,-1,62,-1,13,-1,5,-1,18,-1,-1,37
LoVC16,visual_centrifugal,brain,PVLP(R),324.9,230.0,-1,-1,34,18,12,-1,7,-1,-1,-1,48,37
LoVC17,visual_centrifugal,brain,LO(L),316.6,345.8,-1,-1,60,45,-1,-1,20,-1,-1,-1,-1,37
LoVC18,visual_centrifugal,brain,LO(R),745.9,306.8,6,-1,-1,-1,26,-1,-1,67,-1,-1,-1,37
LoVC19,visual_centrifugal,brain,LO(R),395.0,251.0,47,-1,19,-1,40,-1,2,-1,49,-1,-1,37
LoVC2,visual_centrifugal,brain,IB,230.7,336.5,-1,-1,29,-1,7,-1,6,-1,2,-1,57,37
LoVC20,cb_intrinsic,brain,VES(L),704.5,198.2,54,-1,13,-1,20,-1,3,-1,37,-1,50,37
LoVC21,visual_centrifugal,brain,LO(L),539.7,400.4,-1,-1,-1,-1,31,-1,10,-1,-1,-1,-1,37
LoVC22,visual_centrifugal,brain,LO(R),760.4,396.0,-1,-1,-1,23,56,-1,63,-1,-1,-1,-1,37
LoVC23,cb_intrinsic,brain,PLP(R),698.2,178.4,6,-1,-1,27,18,-1,-1,-1,-1,-1,-1,37
LoVC24,visual_centrifugal,brain,GNG,456.6,362.4,54,-1,-1,-1,-1,-1,-1,-1,-1,-1,34,-1
LoVC25,visual_centrifugal,brain,SAD,262.9,289.4,21,-1,5,-1,9,-1,1,-1,4,-1,8,-1
LoVC26,visual_centrifugal,brain,LO(R),618.9,271.7,37,-1,58,-1,-1,-1,39,-1,-1,-1,-1,37
LoVC27,visual_centrifugal,brain,LO(L),428.5,267.2,57,-1,61,46,-1,45,19,-1,-1,-1,-1,37
LoVC28,visual_centrifugal,brain,LO(R),658.4,215.6,18,-1,-1,-1,-1,-1,-1,-1,-1,-1,56,37
LoVC29,visual_centrifugal,brain,LO(R),766.5,320.2,-1,-1,-1,-1,-1,-1,-1,-1,-1,-1,-1,37
LoVC3,visual_centrifugal,brain,IB,575.9,41.8,-1,-1,12,-1,5,-1,3,-1,1,-1,-1,37
LoVC4,visual_centrifugal,brain,IB,539.9,208.7,-1,-1,17,-1,10,-1,4,-1,1,-1,-1,37
LoVC5,visual_centrifugal,brain,IB,349.1,217.9,22,-1,54,-1,6,-1,5,-1,1,-1,-1,37
LoVC6,visual_centrifugal,brain,SPS(L),293.6,369.3,-1,-1,64,-1,20,-1,32,-1,55,-1,-1,37
LoVC7,visual_centrifugal,brain,PLP(R),721.4,200.4,35,-1,-1,-1,8,-1,32,-1,20,-1,48,37
LoVC9,visual_centrifugal,brain,LAL(L),260.3,322.8,18,-1,-1,-1,32,-1,8,-1,7,-1,50,37
LoVCLo1,visual_centrifugal,brain,LO(R),614.0,253.5,50,-1,32,-1,-1,-1,4,-1,9,-1,-1,37
LoVCLo2,visual_centrifugal,brain,PLP(R),681.1,192.9,24,-1,65,-1,9,-1,27,-1,28,-1,-1,37
LoVCLo3,visual_centrifugal,brain,LO(R),752.5,285.9,-1,-1,33,-1,10,-1,3,-1,-1,-1,-1,37
LoVP1,visual_projection,brain,LO(R),375.7,266.6,38,-1,35,-1,32,22,-1,67,-1,-1,-1,37
LoVP10,visual_projection,brain,LO(R),359.1,234.0,-1,-1,21,-1,-1,-1,43,-1,-1,-1,-1,37
LoVP100,visual_projection,brain,LO(R),217.2,352.2,21,-1,21,-1,47,-1,32,-1,-1,-1,54,37
LoVP101,visual_projection,brain,LO(R),239.9,359.0,24,-1,8,-1,26,-1,-1,67,-1,-1,-1,37
LoVP102,visual_projection,brain,LO(R),220.8,320.2,36,-1,5,-1,-1,12,-1,65,-1,-1,-1,37
LoVP103,visual_projection,brain,LO(R),676.2,201.5,51,-1,61,26,59,55,-1,67,-1,-1,-1,37
LoVP105,cb_intrinsic,brain,LO(R),769.6,120.4,12,-1,-1,-1,-1,-1,49,-1,-1,-1,50,37
LoVP106,visual_projection,brain,LO(R),744.6,271.9,-1,-1,29,13,46,-1,-1,67,-1,-1,-1,37
LoVP107,visual_projection,brain,LO(R),248.1,369.7,52,-1,55,31,-1,55,-1,68,-1,-1,-1,37
LoVP108,visual_projection,brain,LO(R),230.9,324.2,-1,-1,-1,56,-1,-1,-1,-1,-1,-1,-1,37
LoVP109,visual_projection,brain,LO(L),830.3,289.4,23,-1,-1,-1,-1,-1,-1,67,-1,-1,-1,37
LoVP11,visual_projection,brain,LO(R),792.1,356.0,56,-1,-1,37,-1,61,50,-1,-1,-1,47,37
LoVP12,visual_projection,brain,LO(R),411.7,182.7,50,-1,56,-1,-1,-1,37,-1,-1,-1,67,37
LoVP13,visual_projection,brain,LO(R),750.6,323.6,-1,-1,-1,12,-1,53,-1,68,-1,-1,67,37
LoVP14,visual_projection,brain,LO(R),702.7,368.5,53,-1,31,-1,41,-1,24,-1,-1,-1,-1,37
LoVP16,visual_projection,brain,LO(L),658.7,246.2,19,-1,14,-1,63,51,-1,67,-1,-1,-1,37
LoVP17,visual_projection,brain,PLP(L),370.5,296.3,12,-1,20,-1,-1,-1,-1,-1,-1,-1,50,37
LoVP18,visual_projection,brain,LO(R),707.0,226.6,-1,-1,11,-1,17,-1,22,-1,-1,-1,-1,37
LoVP19,visual_projection,brain,LO(L),410.3,246.9,-1,-1,-1,58,-1,-1,-1,-1,-1,-1,-1,37
LoVP2,visual_projection,brain,LO(R),787.4,302.2,-1,-1,22,-1,-1,24,62,-1,-1,-1,-1,37
LoVP20,visual_projection,brain,PLP(L),691.8,201.6,-1,-1,-1,-1,-1,-1,-1,-1,35,-1,-1,37
LoVP21,visual_projection,brain,LO(R),760.9,332.5,-1,-1,-1,46,-1,-1,-1,-1,-1,-1,-1,37
LoVP22,visual_projection,brain,IB,477.4,224.3,37,-1,-1,-1,-1,-1,-1,-1,-1,-1,-1,37
LoVP23,visual_projection,brain,LO(R),503.3,227.5,-1,-1,43,-1,-1,-1,-1,69,-1,-1,47,37
LoVP24,visual_projection,brain,IB,773.7,354.7,9,-1,-1,58,53,-1,-1,-1,34,-1,-1,37
LoVP25,visual_projection,brain,LO(R),258.5,337.9,7,-1,43,-1,-1,-1,-1,69,-1,-1,-1,37
LoVP26,visual_projection,brain,LO(R),268.1,325.1,-1,-1,9,-1,43,-1,48,-1,38,-1,49,37
LoVP27,visual_projection,brain,LO(R),704.3,175.6,-1,-1,-1,46,-1,-1,-1,67,-1,-1,-1,37
LoVP28,visual_projection,brain,LO(R),798.0,337.9,65,-1,-1,-1,-1,-1,26,-1,-1,-1,45,37
LoVP29,visual_projection,brain,IB,477.5,193.7,29,-1,34,-1,-1,-1,16,-1,-1,-1,-1,37
LoVP3,visual_projection,brain,LO(L),239.8,278.8,57,-1,-1,-1,-1,44,-1,67,-1,-1,-1,37
LoVP30,visual_projection,brain,LO(L),578.0,252.7,-1,-1,68,-1,-1,-1,-1,-1,-1,-1,-1,37
LoVP31,visual_projection,brain,SPS(R),432.1,276.0,49,-1,-1,-1,-1,-1,31,-1,-1,-1,-1,37
LoVP32,visual_projection,brain,LO(R),783.4,264.1,55,-1,29,-1,-1,-1,-1,67,-1,-1,-1,37
LoVP33,visual_projection,brain,LO(R),421.8,301.0,-1,-1,60,46,-1,-1,16,-1,-1,-1,-1,37
LoVP34,visual_projection,brain,LO(R),295.8,333.9,-1,-1,57,-1,-1,53,31,-1,-1,-1,-1,37
LoVP35,visual_projection,brain,LO(R),701.7,232.5,-1,-1,56,37,-1,31,-1,67,-1,-1,-1,37
LoVP36,visual_projection,brain,PLP(L),233.9,320.8,53,-1,44,-1,-1,45,23,-1,-1,-1,54,37
LoVP37,cb_intrinsic,brain,PLP(R),328.5,217.4,-1,-1,-1,58,48,-1,-1,68,-1,-1,-1,37
LoVP38,visual_projection,brain,PLP(R),675.3,204.5,51,-1,-1,-1,50,-1,-1,-1,-1,-1,-1,37
LoVP39,visual_projection,brain,LO(R),715.2,190.9,6,-1,17,-1,37,-1,-1,67,-1,-1,-1,37
LoVP4,visual_projection,brain,LO(L),293.4,383.8,-1,-1,-1,65,-1,-1,-1,68,-1,-1,-1,37
LoVP40,visual_projection,brain,LO(R),633.1,239.0,50,-1,29,-1,-1,-1,-1,68,-1,-1,-1,37
LoVP41,visual_projection,brain,LO(R),216.9,313.4,-1,-1,-1,-1,-1,61,-1,67,-1,-1,-1,37
LoVP42,visual_projection,brain,LO(R),234.0,338.6,-1,-1,53,-1,57,-1,23,-1,-1,-1,-1,37
LoVP43,visual_projection,brain,LO(R),777.3,285.4,-1,-1,-1,-1,-1,-1,-1,67,-1,-1,-1,37
LoVP44,visual_projection,brain,LO(R),696.8,262.2,-1,-1,63,37,-1,-1,-1,67,-1,-1,-1,37
LoVP45,visual_projection,brain,PLP(R),666.1,115.2,47,-1,31,-1,57,-1,-1,-1,-1,-1,69,37
LoVP46,visual_projection,brain,LO(R),367.1,235.2,23,-1,-1,53,-1,-1,-1,67,-1,-1,-1,37
LoVP47,visual_projection,brain,LO(R),358.3,183.2,4,-1,-1,58,-1,-1,-1,67,-1,-1,51,37
LoVP48,visual_projection,brain,LO(R),242.0,253.4,-1,-1,-1,21,-1,-1,-1,67,-1,-1,-1,37
LoVP49,visual_projection,brain,LO(R),738.4,385.6,61,-1,-1,-1,48,-1,30,-1,17,-1,58,37
LoVP5,visual_projection,brain,LO(R),401.8,252.8,-1,-1,51,26,-1,55,-1,67,-1,-1,-1,37
LoVP50,visual_projection,brain,LO(R),202.1,318.7,22,-1,32,27,26,-1,-1,68,-1,-1,58,37
LoVP51,visual_projection,brain,LO(L),644.3,87.1,-1,-1,-1,-1,-1,-1,-1,-1,-1,-1,-1,37
LoVP52,visual_projection,brain,LO(R),246.9,306.7,67,-1,-1,57,-1,53,-1,68,-1,-1,-1,37
LoVP53,visual_projection,brain,LO(R),314.3,178.8,59,-1,42,-1,49,-1,67,-1,-1,-1,50,37
LoVP54,visual_projection,brain,LO(R),784.3,299.2,38,-1,49,-1,41,-1,32,-1,50,-1,-1,37
LoVP55,visual_projection,brain,PVLP(L),352.7,286.1,40,-1,-1,46,-1,-1,-1,67,-1,-1,65,37
LoVP56,visual_projection,brain,LO(R),381.7,149.2,9,-1,65,43,-1,-1,69,68,-1,-1,-1,37
LoVP57,visual_projection,brain,LO(R),799.9,246.9,-1,-1,-1,39,-1,-1,-1,67,-1,-1,-1,37
LoVP58,visual_projection,brain,LO(L),241.8,261.9,-1,-1,-1,-1,-1,-1,-1,-1,-1,-1,-1,37
LoVP59,visual_projection,brain,LO(R),792.2,385.3,6,-1,17,-1,-1,-1,-1,-1,-1,-1,-1,37
LoVP6,visual_projection,brain,LO(R),275.7,312.7,-1,-1,13,-1,-1,40,21,-1,-1,-1,-1,37
LoVP60,visual_projection,brain,PLP(L),681.4,252.0,-1,-1,-1,-1,34,-1,-1,-1,-1,-1,62,37
LoVP61,visual_projection,brain,LO(R),395.2,118.0,16,-1,-1,35,-1,53,-1,68,-1,-1,-1,37
LoVP62,visual_projection,brain,LO(R),251.5,372.6,-1,-1,43,39,-1,-1,21,-1,-1,-1,63,37
LoVP63,visual_projection,brain,SLP(L),705.7,68.0,-1,-1,24,-1,-1,61,-1,67,-1,-1,-1,37
LoVP64,visual_projection,brain,SLP(L),672.7,104.8,-1,-1,26,-1,44,-1,52,-1,-1,-1,-1,37
LoVP65,visual_projection,brain,SLP(L),682.8,41.5,-1,-1,60,-1,-1,-1,-1,-1,-1,-1,-1,37
LoVP66,visual_projection,brain,LO(R),755.3,230.0,-1,-1,-1,65,-1,-1,-1,-1,-1,-1,-1,37
LoVP67,visual_projection,brain,LO(R),393.1,155.5,44,-1,45,-1,-1,-1,-1,-1,-1,-1,59,37
LoVP68,visual_projection,brain,LO(R),782.4,275.9,62,-1,25,-1,-1,57,-1,69,-1,-1,-1,37
LoVP69,visual_projection,brain,LO(R),695.1,243.2,-1,-1,52,-1,-1,41,-1,67,-1,-1,-1,37
LoVP7,visual_projection,brain,LO(R),686.0,242.5,-1,-1,34,23,-1,-1,-1,-1,-1,-1,-1,37
LoVP70,visual_projection,brain,LO(R),702.7,121.1,-1,-1,41,-1,-1,-1,-1,-1,-1,-1,-1,37
LoVP71,visual_projection,brain,LO(R),819.1,282.2,18,-1,52,-1,68,-1,-1,-1,-1,-1,-1,37
LoVP72,visual_projection,brain,LO(R),769.6,318.3,-1,-1,-1,11,-1,-1,-1,67,-1,-1,-1,37
LoVP73,visual_projection,brain,LO(R),728.9,329.0,-1,-1,37,-1,48,-1,-1,-1,-1,-1,-1,37
LoVP74,visual_projection,brain,LO(R),280.0,393.4,16,-1,17,-1,50,-1,49,-1,-1,-1,-1,37
LoVP75,visual_projection,brain,LO(R),318.2,404.1,53,-1,64,54,-1,-1,-1,67,-1,-1,-1,37
LoVP76,visual_projection,brain,AOTU(L),774.5,332.8,-1,-1,40,-1,-1,-1,-1,-1,-1,-1,-1,37
LoVP77,visual_projection,brain,LO(R),367.1,96.1,58,-1,-1,-1,-1,-1,-1,-1,55,-1,-1,37
LoVP78,visual_projection,brain,LO(L),228.2,401.1,66,-1,-1,-1,-1,-1,-1,-1,-1,-1,-1,37
LoVP79,visual_projection,brain,SMP(R),432.3,91.7,-1,-1,57,-1,-1,-1,-1,-1,-1,-1,50,37
LoVP8,visual_projection,brain,LO(R),744.4,292.1,2,-1,45,-1,-1,-1,-1,-1,-1,-1,-1,37
LoVP80,visual_projection,brain,SIP(L),779.7,292.9,42,-1,-1,-1,-1,-1,53,-1,-1,-1,-1,37
LoVP81,cb_intrinsic,brain,SMP(R),605.1,69.3,49,-1,-1,-1,-1,-1,-1,-1,-1,-1,-1,37
LoVP82,visual_projection,brain,LO(R),726.6,348.7,-1,-1,63,-1,37,-1,-1,-1,20,-1,67,37
LoVP83,visual_projection,brain,AOTU(L),682.8,195.4,-1,-1,26,-1,40,-1,18,-1,-1,-1,65,37
LoVP84,visual_projection,brain,LO(R),770.8,274.6,30,-1,-1,-1,50,-1,-1,67,-1,-1,-1,37
LoVP85,visual_projection,brain,LO(L),246.9,353.1,-1,-1,-1,58,-1,-1,-1,68,-1,-1,-1,37
LoVP86,visual_projection,brain,LO(R),231.9,384.7,46,-1,33,-1,-1,-1,-1,-1,-1,-1,48,37
LoVP88,visual_projection,brain,LO(R),217.2,314.4,-1,-1,48,-1,-1,45,31,-1,-1,-1,-1,37
LoVP89,visual_projection,brain,LO(R),659.0,250.7,-1,-1,-1,56,-1,55,22,-1,-1,-1,-1,37
LoVP9,visual_projection,brain,LO(R),777.5,280.9,63,-1,-1,65,-1,-1,-1,-1,-1,-1,46,37
LoVP90a,visual_projection,brain,LO(L),491.2,279.7,-1,-1,15,-1,30,-1,34,-1,-1,-1,-1,37
LoVP90b,visual_projection,brain,LO(R),728.3,345.1,-1,-1,20,-1,36,-1,-1,68,-1,-1,-1,37
LoVP90c,visual_projection,brain,LO(R),241.1,376.6,-1,-1,32,31,69,-1,-1,69,-1,-1,-1,37
LoVP91,cb_intrinsic,brain,PLP(R),276.6,348.7,33,-1,22,-1,-1,-1,33,-1,-1,-1,-1,37
LoVP92,visual_projection,brain,LO(R),314.8,350.7,-1,-1,35,-1,47,-1,-1,69,-1,-1,-1,37
LoVP93,visual_projection,brain,LO(R),245.4,281.6,-1,-1,-1,58,-1,48,-1,69,-1,-1,68,37
LoVP94,cb_intrinsic,brain,PLP(R),771.5,387.5,24,-1,-1,-1,-1,-1,-1,-1,60,-1,-1,37
LoVP95,visual_projection,brain,LO(R),711.7,248.8,58,-1,-1,-1,-1,-1,-1,-1,-1,-1,-1,37
LoVP96,visual_centrifugal,brain,LO(R),673.7,215.7,-1,-1,33,-1,25,-1,21,-1,-1,-1,55,37
LoVP97,cb_intrinsic,brain,PLP(L),674.1,239.6,-1,-1,29,-1,40,-1,39,-1,48,-1,-1,37
LoVP98,visual_projection,brain,LO(R),374.0,206.9,38,-1,-1,-1,-1,-1,-1,-1,-1,-1,46,37
LoVP99,visual_projection,brain,LO(R),276.3,398.7,39,-1,-1,37,-1,53,-1,68,-1,-1,62,37
LoVP_unclear,visual_projection,brain,LO(L),654.9,182.0,-1,-1,-1,40,-1,57,-1,68,-1,-1,45,37
LopVC_unclear,visual_centrifugal,brain,LOP(L),816.2,350.2,4,-1,-1,57,-1,-1,-1,68,-1,-1,-1,37
LpMe_unclear,ol_intrinsic,brain,LOP(R),199.2,402.4,-1,-1,-1,15,-1,49,-1,68,-1,-1,-1,37
MB-C1,cb_intrinsic,brain,CA(R),657.6,139.2,-1,-1,-1,-1,-1,66,-1,-1,-1,-1,-1,37
MBON01,cb_intrinsic,brain,gL(L),411.4,124.3,-1,-1,10,-1,30,-1,-1,-1,-1,-1,-1,37
MBON02,cb_intrinsic,brain,bL(L),546.5,141.2,-1,-1,31,15,48,14,-1,-1,-1,52,-1,37
MBON03,cb_intrinsic,brain,b'L(L),538.7,135.8,23,-1,44,22,2,-1,-1,-1,-1,52,-1,37
MBON04,cb_intrinsic,brain,CRE(R),577.9,132.0,59,-1,11,-1,7,-1,36,-1,6,-1,-1,37
MBON05,cb_intrinsic,brain,gL(L),605.1,129.6,65,-1,25,-1,22,-1,-1,-1,-1,-1,69,37
MBON06,cb_intrinsic,brain,bL(L),469.2,98.3,-1,-1,41,-1,2,-1,-1,-1,-1,52,-1,37
MBON07,cb_intrinsic,brain,aL(R),394.3,125.6,1,-1,25,-1,2,-1,31,-1,-1,-1,-1,37
MBON09,cb_intrinsic,brain,gL(L),443.2,133.3,-1,-1,7,-1,2,-1,-1,-1,59,-1,-1,37
MBON10,cb_intrinsic,brain,CRE(L),584.2,113.4,27,-1,32,-1,-1,-1,-1,-1,60,-1,-1,37
MBON11,cb_intrinsic,brain,gL(R),404.5,77.1,30,-1,17,-1,-1,13,-1,-1,-1,29,57,37
MBON12,cb_intrinsic,brain,gL(R),553.1,96.3,-1,-1,4,-1,39,-1,27,-1,51,-1,15,-1
MBON13,cb_intrinsic,brain,a'L(L),402.2,83.2,27,-1,14,-1,68,-1,39,-1,-1,-1,-1,37
MBON14,cb_intrinsic,brain,aL(R),623.8,122.2,41,-1,19,-1,46,-1,-1,-1,31,-1,-1,37
MBON15,cb_intrinsic,brain,CRE(L),407.2,79.5,43,-1,64,-1,-1,-1,-1,-1,-1,-1,-1,37
MBON15-like,cb_intrinsic,brain,a'L(R),423.8,63.1,-1,-1,63,-1,-1,-1,42,-1,-1,-1,-1,37
MBON16,cb_intrinsic,brain,a'L(R),611.4,54.8,-1,-1,51,-1,-1,-1,35,-1,-1,-1,-1,37
MBON17,cb_intrinsic,brain,a'L(R),407.4,66.6,53,-1,-1,-1,-1,-1,-1,-1,-1,-1,46,37
MBON17-like,cb_intrinsic,brain,a'L(R),614.7,59.1,-1,-1,-1,-1,-1,-1,-1,-1,-1,-1,-1,37
MBON18,cb_intrinsic,brain,aL(R),600.5,62.4,14,-1,44,-1,-1,-1,-1,-1,-1,-1,-1,37
MBON19,cb_intrinsic,brain,SMP(R),606.2,64.7,-1,-1,32,-1,-1,-1,-1,-1,-1,-1,-1,37
MBON20,cb_intrinsic,brain,gL(L),348.7,269.1,-1,-1,13,-1,18,-1,2,-1,20,-1,55,37
MBON21,cb_intrinsic,brain,gL(L),457.9,149.5,-1,-1,36,-1,33,-1,-1,-1,39,-1,-1,37
MBON22,cb_intrinsic,brain,CA(R),467.4,130.7,-1,-1,30,7,-1,3,-1,-1,-1,59,54,37
MBON23,cb_intrinsic,brain,aL(R),662.6,81.8,-1,-1,51,-1,-1,-1,42,-1,-1,-1,-1,37
MBON24,cb_intrinsic,brain,bL(L),565.9,83.3,-1,-1,55,-1,50,-1,42,-1,-1,-1,-1,37
MBON25,cb_intrinsic,brain,gL(L),477.7,142.9,-1,-1,-1,45,-1,-1,-1,-1,-1,-1,-1,37
MBON25-like,cb_intrinsic,brain,CRE(L),477.9,133.2,-1,-1,67,64,-1,-1,-1,-1,-1,-1,51,37
MBON26,cb_intrinsic,brain,LAL(R),446.7,291.2,66,-1,7,-1,10,-1,24,-1,22,-1,-1,37
MBON27,cb_intrinsic,brain,CRE(R),400.9,135.7,-1,-1,-1,57,67,-1,-1,-1,-1,-1,-1,37
MBON28,cb_intrinsic,brain,a'L(R),606.1,53.8,15,-1,-1,-1,36,-1,28,-1,30,-1,-1,37
MBON29,cb_intrinsic,brain,gL(L),415.8,120.9,69,-1,62,45,41,-1,-1,-1,-1,-1,-1,37
MBON30,cb_intrinsic,brain,gL(L),582.1,108.5,4,-1,9,-1,20,-1,38,-1,-1,-1,-1,37
MBON31,cb_intrinsic,brain,a'L(R),416.0,132.1,-1,-1,-1,-1,8,-1,40,-1,3,-1,11,-1
MBON32,cb_intrinsic,brain,gL(L),401.6,160.6,-1,-1,-1,-1,6,-1,44,-1,2,-1,10,-1
MBON33,cb_intrinsic,brain,CRE(L),431.5,147.8,8,-1,13,-1,28,-1,1,-1,64,-1,7,-1
MBON34,cb_intrinsic,brain,CRE(L),566.4,133.2,-1,-1,-1,-1,-1,-1,-1,-1,-1,-1,55,37
MBON35,cb_intrinsic,brain,SMP(L),574.1,68.5,63,-1,11,-1,7,-1,8,-1,3,-1,45,37
MDN,descending_neuron,brain,LAL(R),598.9,313.8,-1,-1,9,-1,6,-1,2,-1,4,-1,13,-1
ME_LOP_unclear,ol_intrinsic,brain,ME(R),192.2,302.2,-1,-1,-1,41,-1,18,-1,-1,-1,-1,53,37
ME_LO_unclear,ol_intrinsic,brain,ME(L),860.5,466.6,62,-1,-1,58,-1,31,-1,69,-1,-1,52,37
ME_unclear,ol_intrinsic,brain,ME(L),868.9,285.4,26,-1,-1,41,-1,27,-1,-1,-1,-1,52,37
MN1,cb_motor,brain,GNG,520.7,391.3,-1,-1,-1,67,-1,-1,-1,-1,45,-1,55,37
MN10,cb_motor,brain,GNG,576.5,406.5,44,-1,-1,-1,68,-1,-1,-1,30,-1,-1,43
MN11D,cb_motor,brain,GNG,497.4,426.0,-1,-1,-1,-1,3,-1,-1,-1,7,-1,-1,42
MN11V,cb_motor,brain,GNG,534.6,398.2,61,-1,48,-1,-1,-1,-1,-1,-1,-1,41,-1
MN12D,cb_motor,brain,GNG,566.3,370.5,-1,-1,-1,55,6,-1,-1,-1,8,-1,-1,-1
MN13,cb_motor,brain,GNG,500.8,310.2,64,-1,-1,-1,-1,-1,-1,-1,-1,-1,52,42
MN2Da,cb_motor,brain,GNG,541.5,404.5,-1,-1,-1,-1,14,-1,-1,-1,26,-1,-1,37
MN2Db,cb_motor,brain,GNG,572.5,377.7,2,-1,-1,-1,32,-1,-1,-1,32,-1,-1,42
MN2V,cb_motor,brain,GNG,576.1,356.6,45,-1,-1,-1,16,-1,-1,-1,20,-1,-1,37
MN3L,cb_motor,brain,GNG,544.7,369.7,-1,-1,-1,-1,30,-1,-1,-1,44,-1,16,-1
MN3M,cb_motor,brain,GNG,534.5,386.6,-1,-1,-1,67,-1,-1,-1,-1,-1,-1,-1,37
MN4a,cb_motor,brain,GNG,539.9,409.4,-1,-1,-1,-1,-1,-1,-1,-1,39,-1,-1,34
MN4b,cb_motor,brain,GNG,447.3,407.1,-1,-1,-1,66,-1,-1,-1,-1,-1,-1,-1,34
MN5,cb_motor,brain,GNG,602.8,396.2,2,-1,-1,-1,45,-1,-1,-1,68,-1,-1,37
MN6,cb_motor,brain,GNG,544.4,354.7,24,-1,-1,69,46,-1,-1,-1,41,-1,-1,37
MN7,cb_motor,brain,GNG,572.5,351.9,5,-1,-1,-1,13,-1,-1,-1,21,-1,-1,37
MN8,cb_motor,brain,GNG,556.4,349.4,61,-1,-1,-1,69,-1,-1,-1,43,-1,45,37
MN9,cb_motor,brain,GNG,477.2,442.9,5,-1,-1,-1,46,-1,-1,-1,19,-1,67,37
MNad01,vnc_motor,vnc,ANm,557.9,795.0,-1,-1,-1,40,3,-1,-1,-1,21,-1,-1,37
MNad02,vnc_motor,vnc,ANm,537.1,860.4,12,-1,-1,40,2,-1,-1,-1,15,-1,53,38
MNad03,vnc_motor,vnc,ANm,556.4,807.2,10,-1,-1,-1,12,-1,-1,-1,-1,-1,-1,-1
"MNad04,MNad48",vnc_motor,vnc,ANm,556.1,788.2,33,-1,-1,69,9,-1,-1,-1,-1,-1,-1,38
MNad05,vnc_motor,vnc,ANm,525.2,808.0,-1,-1,-1,28,4,-1,-1,-1,21,-1,-1,37
MNad06,vnc_motor,vnc,ANm,534.3,864.8,-1,-1,-1,50,3,-1,-1,-1,20,-1,-1,32
MNad07,vnc_motor,vnc,ANm,529.8,855.1,-1,-1,-1,-1,8,-1,-1,-1,36,-1,-1,38
MNad08,vnc_motor,vnc,ANm,504.7,799.2,2,-1,-1,-1,4,-1,-1,-1,20,-1,-1,38
MNad09,vnc_motor,vnc,ANm,520.9,844.6,-1,-1,-1,-1,4,-1,-1,-1,25,-1,-1,38
MNad10,vnc_motor,vnc,ANm,521.0,763.4,-1,-1,-1,21,3,-1,-1,-1,19,-1,-1,32
MNad11,vnc_motor,vnc,ANm,528.2,763.7,-1,-1,-1,49,3,-1,-1,-1,20,-1,53,38
MNad12,vnc_motor,vnc,ANm,540.7,768.8,-1,-1,-1,54,-1,-1,-1,-1,-1,-1,38,-1
MNad14,vnc_motor,vnc,ANm,553.7,871.3,19,-1,-1,28,2,-1,-1,-1,16,-1,56,37
MNad15,vnc_motor,vnc,ANm,530.7,826.0,-1,-1,-1,62,3,-1,-1,-1,24,-1,69,38
MNad16,vnc_motor,vnc,ANm,506.4,781.1,-1,-1,-1,52,3,-1,-1,-1,18,-1,-1,37
MNad17,vnc_motor,vnc,ANm,551.6,822.3,-1,-1,21,-1,-1,-1,-1,-1,-1,-1,38,-1
"MNad18,MNad27",vnc_motor,vnc,ANm,511.2,792.7,44,-1,-1,-1,22,-1,-1,-1,62,-1,-1,42
MNad19,vnc_motor,vnc,ANm,528.6,794.8,-1,-1,-1,35,2,-1,-1,-1,20,-1,46,39
MNad20,vnc_motor,vnc,ANm,570.4,824.7,-1,-1,-1,62,4,-1,-1,-1,30,-1,-1,39
MNad21,vnc_motor,vnc,ANm,548.5,824.4,-1,-1,-1,65,14,-1,-1,25,68,-1,-1,41
MNad22,vnc_motor,vnc,ANm,556.0,773.5,19,-1,-1,63,3,-1,-1,-1,54,-1,-1,38
MNad23,vnc_motor,vnc,ANm,551.6,808.7,21,-1,-1,-1,11,-1,-1,-1,-1,-1,-1,43
MNad24,vnc_motor,vnc,ANm,591.2,753.8,-1,-1,-1,-1,-1,-1,-1,-1,23,-1,65,-1
MNad25,vnc_motor,vnc,ANm,533.8,718.4,33,-1,-1,-1,39,-1,-1,-1,-1,-1,-1,-1
MNad26,vnc_motor,vnc,ANm,539.7,831.8,54,-1,-1,54,20,-1,-1,-1,32,-1,-1,-1
MNad28,vnc_motor,vnc,ANm,566.7,753.7,-1,-1,-1,-1,38,-1,-1,-1,20,-1,-1,41
MNad29,vnc_motor,vnc,ANm,558.6,745.0,-1,-1,-1,-1,-1,-1,-1,-1,25,-1,54,-1
MNad30,vnc_motor,vnc,ANm,499.1,798.8,38,-1,-1,-1,-1,-1,-1,-1,26,-1,-1,-1
MNad31,vnc_motor,vnc,ANm,507.8,807.4,-1,-1,-1,-1,25,-1,-1,-1,24,-1,-1,29
MNad32,vnc_motor,vnc,ANm,573.0,747.9,45,-1,-1,67,13,-1,-1,-1,23,-1,-1,29
MNad33,vnc_motor,vnc,ANm,525.6,817.5,-1,-1,-1,-1,21,-1,-1,-1,19,-1,-1,29
MNad34,vnc_motor,vnc,ANm,558.0,800.9,30,-1,-1,-1,7,-1,-1,-1,6,-1,66,37
MNad35,vnc_motor,vnc,ANm,557.3,852.0,1,-1,-1,67,10,-1,-1,-1,22,-1,-1,29
MNad36,vnc_motor,vnc,ANm,575.2,852.1,51,-1,-1,-1,12,-1,-1,-1,18,-1,-1,32
MNad40,vnc_motor,vnc,ANm,519.5,789.6,41,-1,-1,46,8,-1,-1,-1,18,-1,-1,32
MNad41,vnc_motor,vnc,ANm,525.5,767.3,18,-1,-1,-1,5,-1,-1,-1,16,-1,-1,32
MNad42,vnc_motor,vnc,ANm,521.8,825.8,29,-1,-1,-1,6,-1,-1,-1,17,-1,-1,32
MNad43,vnc_motor,vnc,ANm,537.5,792.3,12,-1,-1,63,51,-1,-1,-1,24,-1,-1,29
MNad44,vnc_motor,vnc,ANm,517.5,825.8,17,-1,-1,63,38,-1,-1,-1,24,-1,-1,32
MNad45,vnc_motor,vnc,ANm,565.5,808.2,-1,-1,-1,-1,20,-1,-1,-1,23,-1,-1,37
MNad46,vnc_motor,vnc,ANm,576.3,768.0,-1,-1,-1,-1,32,-1,-1,-1,22,-1,-1,29
MNad47,vnc_motor,vnc,ANm,541.1,879.9,-1,-1,-1,67,16,-1,-1,-1,23,-1,-1,29
MNad49,vnc_motor,vnc,ANm,519.0,757.4,-1,-1,-1,50,-1,-1,-1,-1,-1,-1,49,38
MNad50,vnc_motor,vnc,ANm,508.1,789.2,-1,-1,-1,-1,-1,-1,-1,-1,-1,-1,-1,38
MNad53,vnc_motor,vnc,ANm,505.5,807.1,-1,-1,-1,63,9,-1,-1,-1,31,-1,-1,39
MNad54,vnc_motor,vnc,ANm,521.9,839.3,13,-1,-1,56,52,-1,-1,-1,-1,-1,-1,41
MNad55,vnc_motor,vnc,ANm,518.8,844.6,7,-1,-1,63,36,-1,-1,-1,47,-1,-1,39
MNad56,vnc_motor,vnc,ANm,491.1,826.8,-1,-1,-1,-1,22,-1,-1,-1,22,-1,-1,35
MNad57,vnc_motor,vnc,ANm,543.2,775.8,24,-1,-1,63,-1,-1,-1,-1,-1,-1,-1,38
MNad61,vnc_motor,vnc,ANm,497.8,825.6,44,-1,-1,62,8,-1,-1,-1,33,-1,50,39
MNad62,vnc_motor,vnc,ANm,523.9,815.1,66,-1,-1,-1,7,-1,-1,-1,55,-1,-1,-1
MNad63,vnc_motor,vnc,ANm,539.7,814.9,57,-1,-1,-1,6,-1,-1,-1,19,-1,58,27
MNad64,vnc_motor,vnc,ANm,559.1,834.7,15,-1,-1,52,3,-1,-1,-1,26,-1,-1,39
MNad65,vnc_motor,vnc,ANm,544.9,803.6,-1,-1,-1,-1,5,-1,-1,-1,31,-1,-1,-1
MNad66,vnc_motor,vnc,ANm,570.5,775.2,60,-1,-1,-1,4,-1,-1,-1,32,-1,-1,39
MNad67,vnc_motor,vnc,ANm,535.2,810.3,63,-1,-1,68,5,-1,-1,-1,25,-1,44,39
MNad68,vnc_motor,vnc,ANm,546.2,836.6,22,-1,-1,-1,4,-1,-1,-1,24,-1,47,39
MNad69,vnc_motor,vnc,ANm,541.7,746.2,-1,-1,-1,45,35,-1,-1,-1,-1,-1,-1,38
MNhl01,vnc_motor,vnc,LegNp(T3)(R),463.4,943.6,-1,-1,-1,-1,29,-1,-1,-1,3,-1,55,41
MNhl02,vnc_motor,vnc,LegNp(T3)(R),453.5,865.7,45,-1,-1,-1,18,-1,-1,-1,2,-1,-1,42
MNhl29,vnc_motor,vnc,LegNp(T3)(L),600.9,857.5,57,-1,-1,-1,46,-1,-1,-1,3,-1,64,43
MNhl59,vnc_motor,vnc,LegNp(T3)(L),463.2,944.8,17,-1,-1,-1,8,-1,-1,-1,3,-1,58,-1
MNhl60,vnc_motor,vnc,LegNp(T3)(R),422.8,837.9,-1,-1,-1,-1,-1,-1,-1,-1,7,-1,68,43
MNhl62,vnc_motor,vnc,LegNp(T3)(R),448.5,893.9,-1,-1,-1,-1,19,-1,-1,-1,1,-1,-1,43
MNhl64,vnc_motor,vnc,LegNp(T3)(R),477.4,906.0,47,-1,-1,-1,-1,-1,-1,-1,-1,-1,48,34
MNhl65,vnc_motor,vnc,LegNp(T3)(L),453.2,862.2,-1,-1,-1,-1,-1,-1,-1,-1,32,-1,-1,40
MNhl87,vnc_motor,vnc,ANm,558.5,907.8,-1,-1,-1,59,34,-1,-1,-1,21,-1,-1,-1
MNhl88,vnc_motor,vnc,ANm,497.0,779.4,46,-1,-1,-1,23,-1,-1,-1,15,-1,55,-1
MNhm03,vnc_motor,vnc,HTct(UTct-T3)(L),614.9,718.5,55,-1,-1,-1,16,-1,-1,-1,4,-1,-1,43
MNhm42,vnc_motor,vnc,IntTct,628.4,758.8,2,-1,-1,63,5,-1,-1,-1,40,-1,-1,-1
MNhm43,vnc_motor,vnc,IntTct,539.1,723.5,41,-1,-1,-1,10,-1,-1,-1,41,-1,-1,-1
MNml29,vnc_motor,vnc,LegNp(T2)(L),438.3,811.7,-1,-1,-1,-1,54,-1,-1,-1,2,-1,68,43
MNml76,vnc_motor,vnc,LegNp(T2)(R),464.2,890.2,-1,-1,-1,-1,-1,-1,-1,-1,33,-1,-1,41
MNml77,vnc_motor,vnc,LegNp(T2)(R),624.1,905.1,-1,-1,-1,-1,-1,-1,-1,-1,9,-1,-1,42
MNml78,vnc_motor,vnc,LegNp(T2)(R),453.7,823.7,43,-1,-1,-1,-1,-1,-1,-1,5,-1,-1,43
MNml79,vnc_motor,vnc,LegNp(T2)(R),607.5,810.4,-1,-1,-1,-1,-1,-1,-1,-1,-1,-1,-1,40
MNml80,vnc_motor,vnc,LegNp(T2)(R),496.0,839.9,48,-1,-1,-1,66,-1,-1,-1,4,-1,57,39
MNml81,vnc_motor,vnc,LegNp(T2)(L),471.6,859.0,1,-1,-1,-1,35,-1,-1,-1,6,-1,62,41
MNml82,vnc_motor,vnc,LegNp(T2)(R),648.3,835.8,-1,-1,-1,-1,14,-1,-1,-1,3,-1,57,42
MNml83,vnc_motor,vnc,LegNp(T2)(R),468.4,832.2,-1,-1,-1,-1,-1,-1,-1,-1,21,-1,61,41
MNnm03,vnc_motor,vnc,IntTct,605.0,703.0,-1,-1,-1,-1,7,-1,-1,-1,5,-1,-1,-1
"MNnm07,MNnm12",vnc_motor,vnc,IntTct,540.2,696.2,-1,-1,-1,-1,31,-1,-1,-1,10,-1,-1,42
MNnm08,vnc_motor,vnc,NTct(UTct-T1)(L),527.4,727.0,-1,-1,-1,-1,8,-1,-1,-1,4,-1,-1,42
MNnm09,vnc_motor,vnc,NTct(UTct-T1)(R),551.8,725.8,62,-1,-1,-1,8,-1,-1,-1,5,-1,-1,37
MNnm10,vnc_motor,vnc,NTct(UTct-T1)(L),499.0,736.9,10,-1,-1,-1,6,-1,-1,-1,5,-1,-1,37
MNnm11,vnc_motor,vnc,IntTct,473.0,689.3,-1,-1,-1,-1,5,-1,-1,-1,6,-1,-1,37
MNnm13,vnc_motor,vnc,NTct(UTct-T1)(L),492.3,738.2,55,-1,-1,-1,6,-1,-1,-1,1,-1,-1,41
MNnm14,vnc_motor,vnc,NTct(UTct-T1)(L),614.8,677.1,-1,-1,-1,63,28,-1,-1,-1,10,-1,-1,-1
MNwm35,vnc_motor,vnc,WTct(UTct-T2)(L),459.3,720.8,-1,-1,-1,-1,4,-1,-1,-1,2,-1,-1,42
MNwm36,vnc_motor,vnc,WTct(UTct-T2)(L),622.8,705.9,-1,-1,-1,60,3,-1,-1,-1,1,-1,-1,42
MNx01,cb_motor,brain,GNG,512.6,357.2,-1,-1,4,-1,14,-1,26,-1,13,-1,10,-1
MNx02,cb_motor,brain,GNG,592.0,412.6,-1,-1,-1,55,9,-1,-1,-1,10,-1,-1,43
MNx03,cb_motor,brain,GNG,567.1,434.0,42,-1,-1,-1,29,-1,-1,-1,25,-1,-1,42
MNx04,cb_motor,brain,GNG,614.7,405.8,15,-1,-1,-1,-1,-1,-1,-1,22,-1,-1,37
MNx05,cb_motor,brain,GNG,492.1,447.4,-1,-1,-1,-1,-1,-1,-1,-1,-1,-1,15,-1
MNxm01,vnc_motor,vnc,WTct(UTct-T2)(L),574.9,703.7,44,-1,-1,-1,-1,-1,-1,-1,-1,-1,-1,-1
MNxm02,vnc_motor,vnc,LegNp(T2)(L),428.0,886.2,-1,-1,-1,-1,59,-1,-1,-1,7,-1,-1,42
MNxm03,vnc_motor,vnc,ANm,531.6,777.7,14,-1,-1,-1,-1,-1,-1,-1,-1,-1,-1,25
MZ_lv2PN,cb_intrinsic,brain,AL(R),455.3,390.8,-1,-1,23,-1,4,-1,12,-1,-1,-1,1,-1
M_VPNml66,cb_intrinsic,brain,AL(L),764.6,120.2,-1,-1,-1,-1,-1,-1,-1,-1,-1,-1,5,-1
M_adPNm3,cb_intrinsic,brain,AL(R),574.1,218.1,-1,-1,47,-1,19,-1,29,-1,-1,-1,1,-1
M_adPNm4,cb_intrinsic,brain,AL(R),633.5,255.7,-1,-1,-1,-1,52,-1,-1,-1,-1,-1,13,-1
M_adPNm5,cb_intrinsic,brain,AL(L),395.3,244.0,-1,-1,64,-1,20,-1,-1,-1,-1,-1,1,-1
M_adPNm7,cb_intrinsic,brain,AL(R),588.6,181.4,69,-1,-1,-1,52,-1,-1,-1,-1,-1,20,-1
M_adPNm8,cb_intrinsic,brain,AL(R),771.7,91.4,-1,-1,51,-1,40,-1,-1,-1,-1,-1,14,-1
M_ilPNm90,cb_intrinsic,brain,AL(R),563.7,239.5,-1,-1,33,-1,-1,-1,-1,-1,-1,-1,3,-1
M_imPNl92,cb_intrinsic,brain,AL(L),281.5,115.4,-1,-1,16,-1,49,-1,-1,-1,-1,-1,3,-1
M_l2PN10t19,cb_intrinsic,brain,AL(L),634.9,198.6,-1,-1,13,-1,20,-1,29,-1,53,-1,2,-1
M_l2PN3t18,cb_intrinsic,brain,AL(R),761.6,103.4,15,-1,17,-1,8,-1,29,-1,53,-1,1,-1
M_l2PNl20,cb_intrinsic,brain,AL(R),438.0,300.4,-1,-1,11,-1,4,-1,4,-1,-1,-1,1,-1
M_l2PNl21,cb_intrinsic,brain,AL(R),618.0,272.8,-1,-1,41,-1,17,-1,-1,-1,-1,-1,2,-1
M_l2PNl22,cb_intrinsic,brain,AL(R),694.0,44.7,-1,-1,44,-1,32,-1,34,-1,-1,-1,2,-1
M_l2PNl23,cb_intrinsic,brain,AL(R),423.4,224.3,45,-1,30,-1,-1,-1,29,-1,69,-1,6,-1
M_l2PNm14,cb_intrinsic,brain,AL(R),580.5,199.3,19,-1,40,-1,45,-1,27,-1,-1,-1,3,-1
M_l2PNm15,cb_intrinsic,brain,AL(R),559.7,180.1,22,-1,22,-1,69,-1,3,-1,-1,-1,5,-1
M_l2PNm16,cb_intrinsic,brain,AL(R),463.7,202.6,-1,-1,8,-1,19,-1,12,-1,45,-1,2,-1
M_l2PNm17,cb_intrinsic,brain,AL(L),702.1,260.8,-1,-1,-1,-1,-1,-1,-1,-1,-1,-1,5,-1
M_lPNm11A,cb_intrinsic,brain,AL(L),460.7,249.8,36,-1,44,-1,65,-1,53,-1,-1,-1,2,-1
M_lPNm11B,cb_intrinsic,brain,AL(R),640.6,243.5,62,-1,-1,-1,-1,-1,-1,-1,-1,-1,8,-1
M_lPNm11C,cb_intrinsic,brain,AL(L),386.4,273.5,8,-1,-1,-1,-1,-1,-1,-1,-1,-1,7,-1
M_lPNm11D,cb_intrinsic,brain,AL(L),474.1,265.7,14,-1,49,-1,12,-1,-1,65,-1,-1,11,-1
M_lPNm12,cb_intrinsic,brain,AL(R),378.7,258.4,-1,-1,-1,-1,-1,-1,-1,-1,-1,-1,10,-1
M_lPNm13,cb_intrinsic,brain,AL(L),659.2,124.5,-1,-1,25,-1,-1,-1,-1,-1,-1,-1,2,-1
M_lv2PN9t49_a,cb_intrinsic,brain,AL(R),454.6,272.6,-1,-1,55,-1,38,-1,28,-1,61,-1,2,-1
M_lv2PN9t49_b,cb_intrinsic,brain,AL(L),429.8,230.6,40,-1,28,-1,27,-1,29,-1,-1,-1,3,-1
M_lvPNm24,cb_intrinsic,brain,AL(R),454.5,216.4,1,-1,28,-1,38,-1,-1,-1,-1,-1,2,-1
M_lvPNm25,cb_intrinsic,brain,AL(L),608.4,160.6,41,-1,-1,-1,46,-1,-1,-1,-1,-1,4,-1
M_lvPNm26,cb_intrinsic,brain,AL(R),572.8,134.6,-1,-1,-1,-1,45,-1,-1,-1,-1,-1,5,-1
M_lvPNm27,cb_intrinsic,brain,AL(L),641.0,242.5,-1,-1,-1,68,-1,-1,-1,-1,-1,-1,-1,-1
M_lvPNm28,cb_intrinsic,brain,AL(R),644.8,215.8,68,-1,-1,-1,-1,-1,-1,-1,-1,-1,-1,-1
M_lvPNm29,cb_intrinsic,brain,AL(R),633.9,61.3,18,-1,-1,44,-1,-1,-1,-1,-1,-1,16,-1
M_lvPNm30,cb_intrinsic,brain,AL(L),565.4,193.4,38,-1,-1,54,-1,-1,-1,-1,-1,-1,19,-1
M_lvPNm31,cb_intrinsic,brain,AL(R),572.2,175.4,32,-1,-1,-1,-1,-1,-1,-1,-1,-1,14,-1
M_lvPNm32,cb_intrinsic,brain,AL(L),327.6,108.4,22,-1,-1,63,-1,-1,-1,-1,-1,-1,-1,-1
M_lvPNm33,cb_intrinsic,brain,AL(R),659.4,96.5,-1,-1,-1,-1,52,-1,-1,-1,-1,-1,13,-1
M_lvPNm35,cb_intrinsic,brain,AL(L),617.1,226.8,-1,-1,-1,-1,67,-1,-1,-1,-1,-1,5,-1
M_lvPNm37,cb_intrinsic,brain,AL(R),430.1,233.2,53,-1,-1,-1,-1,-1,-1,-1,-1,-1,10,-1
M_lvPNm38,cb_intrinsic,brain,AL(R),635.5,184.8,57,-1,-1,-1,-1,-1,-1,-1,-1,-1,6,-1
M_lvPNm39,cb_intrinsic,brain,LH(L),289.2,86.8,66,-1,46,-1,63,-1,-1,-1,-1,-1,2,-1
M_lvPNm40,cb_intrinsic,brain,AL(R),604.2,241.5,-1,-1,-1,-1,-1,-1,-1,-1,-1,-1,6,-1
M_lvPNm41,cb_intrinsic,brain,AL(R),263.4,248.2,6,-1,-1,-1,68,-1,55,-1,-1,-1,2,-1
M_lvPNm42,cb_intrinsic,brain,AL(L),771.0,100.4,-1,-1,-1,-1,-1,-1,-1,-1,-1,-1,15,-1
M_lvPNm43,cb_intrinsic,brain,AL(R),695.1,208.7,-1,-1,-1,-1,-1,-1,-1,-1,-1,-1,13,-1
M_lvPNm44,cb_intrinsic,brain,AL(R),730.8,95.7,-1,-1,-1,-1,-1,-1,-1,-1,-1,-1,5,-1
M_lvPNm45,cb_intrinsic,brain,AL(R),719.2,183.3,-1,-1,44,-1,51,-1,-1,-1,-1,-1,3,-1
M_lvPNm46,cb_intrinsic,brain,AL(L),305.4,149.1,28,-1,-1,-1,-1,-1,-1,-1,-1,-1,2,-1
M_lvPNm47,cb_intrinsic,brain,PLP(R),373.3,154.7,50,-1,-1,-1,-1,-1,28,-1,-1,-1,4,-1
M_lvPNm48,cb_intrinsic,brain,PLP(L),331.2,185.3,-1,-1,44,-1,23,-1,6,-1,50,-1,8,-1
M_smPN6t2,cb_intrinsic,brain,AL(L),381.5,67.5,55,-1,17,-1,25,-1,63,-1,-1,-1,9,-1
M_smPNm1,cb_intrinsic,brain,AL(R),679.5,223.4,56,-1,-1,-1,46,-1,36,-1,-1,-1,7,-1
M_spPN4t9,cb_intrinsic,brain,AL(L),566.4,137.2,23,-1,27,-1,-1,-1,26,-1,-1,-1,3,-1
M_spPN5t10,cb_intrinsic,brain,AL(L),575.0,250.4,15,-1,54,-1,29,-1,36,-1,69,-1,4,-1
M_vPNml50,cb_intrinsic,brain,AL(R),438.9,186.8,-1,-1,21,-1,-1,49,-1,-1,51,-1,11,-1
M_vPNml51,cb_intrinsic,brain,AL(R),448.4,185.5,-1,-1,-1,-1,-1,-1,-1,-1,-1,-1,13,-1
M_vPNml52,cb_intrinsic,brain,AL(R),585.8,246.9,29,-1,-1,-1,-1,-1,-1,-1,-1,-1,8,-1
M_vPNml53,cb_intrinsic,brain,AL(R),674.1,92.7,-1,-1,61,-1,35,-1,47,-1,50,-1,6,-1
M_vPNml54,cb_intrinsic,brain,AL(R),642.7,62.2,-1,-1,-1,-1,-1,-1,-1,-1,-1,-1,11,-1
M_vPNml55,cb_intrinsic,brain,AL(R),589.9,199.3,-1,-1,-1,-1,-1,-1,-1,-1,-1,-1,10,-1
M_vPNml57,cb_intrinsic,brain,AL(L),587.9,175.3,56,-1,-1,-1,-1,-1,-1,-1,-1,-1,13,-1
M_vPNml60,cb_intrinsic,brain,AL(L),753.6,118.7,48,-1,-1,-1,69,-1,-1,-1,-1,-1,11,-1
M_vPNml63,cb_intrinsic,brain,AL(R),437.3,276.8,-1,-1,28,-1,12,-1,-1,-1,-1,-1,4,-1
M_vPNml65,cb_intrinsic,brain,AL(R),440.1,208.9,-1,-1,54,-1,25,-1,31,-1,-1,-1,10,-1
M_vPNml67,cb_intrinsic,brain,AL(R),717.8,94.9,34,-1,-1,49,60,-1,-1,-1,-1,-1,14,-1
M_vPNml68,cb_intrinsic,brain,AL(L),562.3,192.8,-1,-1,53,-1,-1,-1,31,-1,-1,-1,12,-1
M_vPNml69,cb_intrinsic,brain,LH(R),269.2,167.1,-1,-1,-1,-1,-1,-1,-1,-1,47,-1,12,-1
M_vPNml72,cb_intrinsic,brain,AL(L),396.2,281.5,14,-1,-1,-1,62,-1,-1,-1,-1,-1,2,-1
M_vPNml73,cb_intrinsic,brain,AL(R),579.2,249.7,27,-1,-1,-1,-1,-1,-1,-1,-1,-1,8,-1
M_vPNml75,cb_intrinsic,brain,LH(R),280.8,147.4,-1,-1,-1,-1,-1,-1,-1,-1,-1,-1,12,-1
M_vPNml76,cb_intrinsic,brain,AL(R),734.9,96.3,-1,-1,53,33,-1,-1,-1,-1,-1,-1,5,-1
M_vPNml77,cb_intrinsic,brain,LH(L),433.8,263.3,-1,-1,-1,26,-1,-1,-1,-1,-1,-1,15,-1
M_vPNml78,cb_intrinsic,brain,AL(R),429.1,251.6,46,-1,-1,-1,-1,-1,-1,-1,-1,-1,54,-1
M_vPNml79,cb_intrinsic,brain,LH(R),601.1,194.5,-1,-1,-1,59,-1,-1,-1,-1,-1,-1,11,-1
M_vPNml80,cb_intrinsic,brain,AL(L),614.7,238.8,39,-1,-1,38,-1,-1,42,-1,-1,-1,16,-1
M_vPNml83,cb_intrinsic,brain,AL(L),730.5,139.8,-1,-1,56,50,-1,-1,-1,-1,-1,-1,14,-1
M_vPNml84,cb_intrinsic,brain,LH(L),290.9,116.1,7,-1,64,-1,-1,-1,48,-1,-1,-1,23,-1
M_vPNml86,cb_intrinsic,brain,LH(R),407.7,204.2,-1,-1,-1,-1,-1,-1,49,-1,-1,-1,24,-1
M_vPNml87,cb_intrinsic,brain,AL(R),747.1,128.2,36,-1,-1,26,-1,-1,-1,-1,-1,-1,14,-1
M_vPNml88,cb_intrinsic,brain,LH(L),563.9,198.5,-1,-1,-1,-1,-1,-1,-1,-1,-1,-1,16,-1
MeLo1,ol_intrinsic,brain,ME(R),182.5,339.1,7,-1,4,-1,2,-1,62,-1,-1,-1,24,-1
MeLo10,ol_intrinsic,brain,LO(R),280.9,377.9,-1,-1,1,-1,1,-1,66,-1,-1,-1,-1,37
MeLo11,ol_intrinsic,brain,LO(R),758.4,336.1,-1,-1,5,-1,7,-1,19,-1,34,-1,24,-1
MeLo12,ol_intrinsic,brain,LO(R),232.5,270.0,-1,-1,5,-1,3,-1,22,-1,-1,-1,-1,37
MeLo13,ol_intrinsic,brain,LO(R),871.9,339.8,-1,-1,3,-1,2,-1,10,-1,8,-1,-1,37
MeLo14,ol_intrinsic,brain,LO(R),252.1,381.5,-1,-1,2,-1,5,-1,18,-1,-1,-1,-1,37
MeLo2,ol_intrinsic,brain,ME(R),834.9,256.3,-1,-1,4,-1,-1,15,65,-1,-1,-1,-1,37
MeLo3a,ol_intrinsic,brain,ME(R),303.4,370.5,-1,-1,12,-1,24,-1,65,-1,-1,-1,51,37
MeLo3b,ol_intrinsic,brain,ME(R),277.6,375.3,13,-1,6,-1,5,-1,-1,67,-1,-1,-1,37
MeLo4,ol_intrinsic,brain,ME(R),161.1,204.7,20,-1,10,-1,53,-1,68,-1,-1,-1,-1,37
MeLo5,ol_intrinsic,brain,ME(R),108.2,406.6,15,-1,33,-1,-1,-1,67,-1,-1,-1,-1,37
MeLo6,ol_intrinsic,brain,ME(R),122.9,420.2,-1,-1,10,-1,7,-1,65,-1,47,-1,-1,37
MeLo7,ol_intrinsic,brain,ME(R),204.2,253.9,-1,-1,5,-1,7,-1,66,-1,-1,-1,-1,37
MeLo8,ol_intrinsic,brain,LO(L),200.6,420.0,42,-1,1,-1,1,-1,6,-1,6,-1,-1,37
MeLo9,ol_intrinsic,brain,ME(R),159.6,391.8,-1,-1,1,-1,1,-1,68,-1,32,-1,-1,37
MeTu1,visual_projection,brain,ME(R),179.1,411.2,-1,-1,2,-1,1,-1,69,-1,21,-1,-1,37
MeTu2a,visual_projection,brain,ME(R),91.9,416.8,-1,-1,4,-1,4,-1,20,-1,40,-1,63,37
MeTu2b,visual_projection,brain,ME(L),860.3,475.2,24,-1,18,-1,9,-1,-1,-1,41,-1,66,37
MeTu3a,visual_projection,brain,ME(R),888.4,197.3,52,-1,3,-1,4,-1,-1,-1,-1,-1,24,-1
MeTu3b,visual_projection,brain,ME(L),783.2,398.2,-1,-1,3,-1,2,-1,68,-1,43,-1,25,-1
MeTu3c,visual_projection,brain,ME(L),203.4,310.6,-1,-1,2,-1,2,-1,68,-1,32,-1,24,-1
MeTu4_unclear,visual_projection,brain,LO(R),145.1,334.0,-1,-1,-1,-1,-1,40,-1,-1,-1,-1,-1,37
MeTu4a,visual_projection,brain,ME(R),229.4,440.1,4,-1,3,-1,2,-1,18,-1,62,-1,-1,37
MeTu4b,visual_projection,brain,ME(L),724.9,407.1,41,-1,22,-1,-1,-1,-1,-1,-1,-1,-1,37
MeTu4c,visual_projection,brain,ME(R),166.2,333.6,-1,-1,3,-1,12,-1,64,-1,-1,-1,58,37
MeTu4d,visual_projection,brain,ME(R),309.9,110.3,1,-1,14,-1,60,-1,-1,-1,-1,-1,-1,37
MeTu4e,visual_projection,brain,ME(L),831.7,232.0,-1,-1,11,-1,45,-1,-1,-1,-1,-1,-1,37
MeTu4f,visual_projection,brain,ME(R),195.4,272.2,15,-1,-1,-1,61,-1,-1,-1,-1,-1,-1,37
MeVC1,visual_centrifugal,brain,GNG,602.7,364.7,31,-1,5,-1,8,-1,1,-1,20,-1,-1,37
MeVC10,visual_centrifugal,brain,ME(L),856.9,192.2,48,-1,67,-1,-1,-1,4,-1,-1,-1,60,37
MeVC11,visual_centrifugal,brain,ME(L),215.3,454.0,20,-1,3,-1,10,-1,1,-1,24,-1,-1,37
MeVC12,visual_centrifugal,brain,GNG,838.6,234.4,61,-1,-1,-1,54,-1,-1,-1,54,-1,-1,37
MeVC2,visual_centrifugal,brain,ME(L),318.7,180.4,-1,-1,9,-1,27,-1,1,-1,69,-1,-1,37
MeVC20,visual_centrifugal,brain,ME(R),738.1,378.7,-1,-1,10,-1,5,-1,19,-1,-1,-1,-1,37
MeVC21,visual_centrifugal,brain,ME(R),313.3,322.8,13,-1,-1,-1,22,-1,-1,-1,-1,-1,-1,37
MeVC22,visual_centrifugal,brain,ME(L),115.0,446.0,-1,-1,24,-1,57,-1,67,-1,-1,-1,-1,37
MeVC23,visual_centrifugal,brain,LO(R),236.9,243.7,-1,-1,-1,26,15,-1,-1,67,-1,-1,65,37
MeVC24,visual_centrifugal,brain,LO(R),830.2,231.7,23,-1,-1,51,57,-1,68,-1,-1,-1,58,37
MeVC25,visual_centrifugal,brain,ME(L),202.2,263.0,38,-1,7,-1,-1,-1,4,-1,-1,-1,61,37
MeVC26,visual_centrifugal,brain,ME(R),769.9,289.8,1,-1,-1,-1,-1,-1,-1,-1,35,-1,-1,37
MeVC27,visual_centrifugal,brain,ME(R),208.1,519.2,42,-1,-1,-1,36,-1,8,-1,-1,-1,-1,37
MeVC3,visual_centrifugal,brain,ME(L),809.2,401.8,20,-1,33,-1,39,-1,1,-1,10,-1,-1,37
MeVC4a,visual_centrifugal,brain,ME(L),923.9,228.0,29,-1,5,-1,27,-1,2,-1,-1,-1,-1,37
MeVC4b,visual_centrifugal,brain,ME(L),605.5,311.2,-1,-1,3,-1,39,-1,2,-1,-1,-1,-1,37
MeVC5,visual_centrifugal,brain,ME(L),614.8,245.5,29,-1,-1,-1,50,-1,3,-1,-1,-1,63,37
MeVC6,visual_centrifugal,brain,ME(L),616.8,269.9,-1,-1,-1,-1,20,-1,5,-1,44,-1,-1,37
MeVC7a,visual_centrifugal,brain,SPS(R),111.6,427.9,-1,-1,68,-1,48,-1,8,-1,52,-1,-1,37
MeVC7b,visual_centrifugal,brain,SPS(R),630.6,280.3,-1,-1,-1,-1,15,-1,6,-1,43,-1,-1,37
MeVC8,visual_centrifugal,brain,SPS(L),587.9,254.6,49,-1,48,-1,49,-1,7,-1,-1,-1,-1,37
MeVC9,visual_centrifugal,brain,ME(L),503.0,221.4,-1,-1,45,-1,32,-1,5,-1,-1,-1,30,-1
MeVCMe1,visual_centrifugal,brain,ME(R),502.2,437.4,-1,-1,3,-1,4,-1,1,-1,4,-1,18,-1
MeVC_unclear,visual_centrifugal,brain,ME(R),394.6,235.5,51,-1,-1,-1,-1,-1,-1,-1,-1,-1,47,37
MeVP1,visual_projection,brain,ME(R),161.7,301.4,-1,-1,2,-1,-1,-1,7,-1,50,-1,50,37
MeVP10,visual_projection,brain,ME(R),142.9,313.2,-1,-1,4,-1,7,-1,5,-1,26,-1,-1,37
MeVP11,visual_projection,brain,ME(R),861.0,326.9,-1,-1,9,-1,16,-1,64,-1,-1,-1,25,-1
MeVP12,visual_projection,brain,ME(R),174.9,434.8,-1,-1,11,-1,-1,-1,67,-1,-1,-1,62,37
MeVP14,visual_projection,brain,ME(R),811.8,403.0,-1,-1,7,-1,12,-1,66,-1,-1,-1,-1,37
MeVP15,visual_projection,brain,ME(R),928.8,284.7,-1,-1,16,-1,50,-1,67,-1,-1,-1,-1,37
MeVP16,visual_projection,brain,ME(R),346.7,145.2,-1,-1,-1,51,-1,-1,-1,-1,-1,-1,-1,37
MeVP17,visual_projection,brain,ME(R),306.0,230.0,6,-1,3,-1,7,-1,27,-1,42,-1,-1,37
MeVP18,visual_projection,brain,ME(R),166.0,385.3,46,-1,13,-1,37,-1,48,-1,49,-1,-1,37
MeVP2,visual_projection,brain,ME(R),911.1,215.2,-1,-1,12,-1,39,-1,-1,-1,-1,-1,-1,37
MeVP20,visual_projection,brain,ME(R),89.7,369.8,-1,-1,66,-1,-1,-1,-1,-1,-1,-1,-1,37
MeVP21,visual_projection,brain,ME(R),123.9,441.5,12,-1,25,-1,59,-1,-1,-1,-1,-1,-1,37
MeVP22,visual_projection,brain,ME(R),351.6,238.3,33,-1,-1,-1,-1,-1,23,-1,-1,-1,52,37
MeVP23,visual_projection,brain,ME(R),632.0,258.6,-1,-1,28,8,-1,39,-1,68,-1,-1,-1,37
MeVP24,visual_projection,brain,ME(R),926.9,392.9,65,-1,28,7,67,15,-1,68,-1,-1,-1,37
MeVP25,visual_projection,brain,ME(R),860.5,237.2,-1,-1,35,-1,-1,61,-1,-1,-1,-1,-1,37
MeVP26,visual_projection,brain,ME(R),419.8,279.8,6,-1,15,8,-1,39,68,-1,-1,-1,-1,37
MeVP27,visual_projection,brain,ME(R),351.1,255.8,50,-1,-1,-1,-1,-1,-1,-1,-1,-1,-1,37
MeVP28,visual_projection,brain,ME(L),339.3,197.2,5,-1,49,8,-1,39,52,-1,-1,-1,-1,37
MeVP29,visual_projection,brain,ME(R),111.3,308.5,8,-1,45,-1,-1,-1,-1,-1,-1,-1,-1,37
MeVP3,visual_projection,brain,ME(R),845.4,311.4,36,-1,27,25,23,-1,66,-1,-1,-1,-1,37
MeVP30,visual_projection,brain,ME(R),406.2,255.7,-1,-1,54,-1,-1,-1,-1,-1,-1,-1,-1,37
MeVP31,visual_projection,brain,ME(L),162.9,411.7,-1,-1,-1,-1,-1,-1,-1,-1,-1,-1,-1,37
MeVP32,visual_projection,brain,ME(L),164.3,217.6,-1,-1,-1,51,-1,-1,-1,-1,-1,-1,26,-1
MeVP33,visual_projection,brain,ME(L),914.0,406.5,-1,-1,37,-1,-1,-1,19,-1,-1,-1,-1,37
MeVP34,visual_projection,brain,ME(L),810.1,206.2,-1,-1,41,-1,-1,-1,-1,-1,-1,-1,68,37
MeVP35,visual_projection,brain,ME(R),865.4,386.6,66,-1,-1,48,-1,-1,-1,-1,-1,-1,-1,37
MeVP36,visual_projection,brain,ME(L),599.2,156.1,8,-1,24,-1,-1,65,16,-1,-1,-1,66,37
MeVP38,visual_projection,brain,ME(R),651.8,128.7,28,-1,19,-1,56,-1,20,-1,-1,-1,-1,37
MeVP39,visual_projection,brain,ME(L),905.4,302.9,-1,-1,-1,-1,-1,-1,22,-1,-1,-1,56,37
MeVP4,visual_projection,brain,ME(R),144.7,272.4,-1,-1,7,5,-1,7,68,-1,-1,-1,52,37
MeVP40,visual_projection,brain,ME(R),838.5,306.4,-1,-1,-1,-1,-1,-1,-1,-1,-1,-1,61,37
MeVP41,visual_projection,brain,ME(R),646.5,116.9,36,-1,47,-1,-1,-1,-1,-1,-1,-1,26,-1
MeVP42,visual_projection,brain,ME(R),169.7,286.1,17,-1,-1,67,-1,-1,-1,-1,-1,-1,59,37
MeVP43,visual_projection,brain,ME(L),724.8,196.8,-1,-1,58,-1,-1,-1,-1,-1,-1,-1,25,-1
MeVP45,visual_projection,brain,ME(R),371.1,217.1,6,-1,20,-1,-1,65,-1,-1,-1,-1,-1,37
MeVP46,visual_projection,brain,ME(R),173.2,361.5,-1,-1,32,-1,-1,-1,-1,68,-1,-1,-1,37
MeVP47,visual_projection,brain,ME(L),71.2,316.7,60,-1,46,-1,12,-1,66,-1,-1,-1,51,37
MeVP48,visual_projection,brain,ME(L),698.9,180.3,-1,-1,-1,-1,-1,65,-1,69,-1,-1,-1,37
MeVP49,visual_projection,brain,ME(R),880.7,274.8,-1,-1,48,37,33,-1,-1,-1,-1,-1,-1,37
MeVP5,visual_projection,brain,ME(R),166.5,389.6,15,-1,56,-1,-1,38,-1,68,-1,-1,-1,37
MeVP50,visual_projection,brain,ME(R),136.4,385.1,41,-1,-1,-1,-1,-1,-1,68,-1,-1,-1,37
MeVP51,visual_projection,brain,ME(R),679.3,213.5,7,-1,13,-1,55,-1,63,-1,43,-1,-1,37
MeVP52,visual_projection,brain,ME(R),315.7,310.2,13,-1,42,37,42,-1,64,-1,-1,-1,-1,37
MeVP53,visual_projection,brain,ME(R),893.4,347.8,19,-1,18,-1,-1,47,-1,68,-1,-1,-1,37
MeVP54,visual_projection,brain,ME(L),601.7,232.5,-1,-1,-1,-1,-1,-1,-1,-1,-1,-1,-1,37
MeVP55,visual_projection,brain,ME(L),228.4,377.1,-1,-1,-1,-1,-1,-1,-1,-1,-1,-1,-1,37
MeVP56,visual_projection,brain,ME(R),433.9,278.3,33,-1,12,-1,42,-1,-1,-1,-1,-1,-1,37
MeVP57,visual_projection,brain,ME(R),201.1,267.6,-1,-1,52,-1,-1,-1,16,-1,-1,-1,24,-1
MeVP58,visual_projection,brain,ME(L),123.1,360.5,-1,-1,41,-1,59,-1,-1,-1,-1,-1,-1,37
MeVP59,visual_projection,brain,ME(R),159.3,492.2,14,-1,12,-1,67,-1,-1,-1,-1,-1,-1,37
MeVP6,visual_projection,brain,ME(R),110.5,278.6,4,-1,3,-1,2,-1,68,-1,28,-1,25,-1
MeVP60,visual_projection,brain,ME(L),507.7,408.2,56,-1,31,-1,-1,29,-1,-1,-1,-1,-1,37
MeVP61,visual_projection,brain,ME(R),864.7,347.8,-1,-1,63,-1,-1,-1,44,-1,29,-1,64,37
MeVP62,visual_projection,brain,ME(R),189.1,515.5,-1,-1,59,-1,-1,-1,67,-1,-1,-1,-1,37
MeVP63,visual_projection,brain,ME(R),261.6,323.0,47,-1,-1,-1,-1,-1,-1,-1,-1,-1,26,-1
MeVP64,visual_projection,brain,ME(R),117.2,295.8,27,-1,-1,25,-1,-1,-1,-1,-1,-1,-1,37
MeVP6_unclear,visual_projection,brain,ME(R),160.4,421.8,69,-1,-1,-1,-1,-1,-1,-1,-1,-1,-1,37
MeVP7,visual_projection,brain,ME(R),134.4,277.6,9,-1,7,-1,29,-1,-1,-1,-1,-1,-1,37
MeVP8,visual_projection,brain,ME(R),575.6,263.3,46,-1,23,-1,61,-1,-1,-1,-1,-1,24,-1
MeVP9,visual_projection,brain,ME(L),177.3,433.0,-1,-1,8,-1,-1,65,-1,-1,-1,-1,23,-1
MeVPLo1,visual_projection,brain,ME(R),856.6,414.3,-1,-1,19,-1,9,-1,65,-1,-1,-1,-1,37
MeVPLo2,visual_projection,brain,ME(R),656.5,252.0,38,-1,15,-1,-1,65,-1,-1,-1,-1,26,-1
MeVPLp1,visual_projection,brain,ME(R),132.6,252.0,55,-1,20,-1,47,-1,13,-1,-1,-1,1,-1
MeVPLp2,ol_intrinsic,brain,ME(R),215.9,437.6,-1,-1,-1,51,-1,57,68,-1,-1,-1,-1,37
MeVPMe1,visual_projection,brain,ME(R),185.5,507.2,36,-1,7,5,-1,7,-1,68,-1,-1,-1,37
MeVPMe10,ol_intrinsic,brain,ME(R),181.7,508.3,-1,-1,42,-1,-1,24,-1,-1,-1,-1,-1,37
MeVPMe11,visual_projection,brain,ME(R),141.0,305.6,10,-1,-1,13,-1,11,-1,-1,-1,-1,-1,37
MeVPMe12,ol_intrinsic,brain,ME(R),163.8,186.3,-1,-1,3,-1,25,-1,68,-1,-1,-1,-1,37
MeVPMe13,ol_intrinsic,brain,ME(R),227.0,441.1,-1,-1,7,-1,10,-1,-1,-1,-1,-1,-1,37
MeVPMe2,visual_projection,brain,ME(R),156.8,428.6,-1,-1,18,6,37,-1,-1,68,-1,-1,47,37
MeVPMe3,visual_projection,brain,ME(R),208.1,465.0,-1,-1,39,-1,-1,-1,69,-1,-1,-1,23,-1
MeVPMe4,visual_projection,brain,ME(L),133.9,419.7,-1,-1,23,-1,-1,-1,-1,-1,-1,-1,-1,37
MeVPMe5,ol_intrinsic,brain,ME(R),795.3,357.5,39,-1,4,-1,17,-1,67,-1,-1,-1,-1,37
MeVPMe6,visual_projection,brain,ME(R),426.4,252.2,-1,-1,49,-1,60,-1,-1,-1,-1,-1,-1,37
MeVPMe7,ol_intrinsic,brain,ME(L),790.4,422.4,-1,-1,-1,-1,-1,65,-1,-1,-1,-1,-1,37
MeVPMe8,visual_projection,brain,ME(L),887.0,309.6,-1,-1,28,-1,-1,-1,-1,-1,-1,-1,-1,37
MeVPMe9,visual_projection,brain,ME(R),153.3,266.0,-1,-1,29,-1,48,-1,-1,-1,-1,-1,56,37
MeVPOL1,ol_intrinsic,brain,ME(R),119.0,360.6,-1,-1,4,-1,-1,-1,67,-1,-1,-1,-1,37
MeVP_unclear,visual_projection,brain,ME(L),635.7,222.0,6,-1,-1,51,-1,-1,-1,68,-1,-1,-1,37
MeVPaMe1,visual_projection,brain,ME(L),107.2,354.4,29,-1,12,-1,-1,-1,-1,-1,-1,-1,-1,37
MeVPaMe2,visual_projection,brain,PLP(R),109.7,302.8,-1,-1,-1,-1,26,-1,67,-1,-1,-1,30,-1
Mi1,ol_intrinsic,brain,ME(R),852.5,280.7,50,-1,1,-1,1,-1,65,-1,14,-1,-1,37
Mi10,ol_intrinsic,brain,ME(R),92.3,388.1,-1,-1,1,-1,2,-1,66,-1,63,-1,-1,37
Mi13,ol_intrinsic,brain,ME(R),852.0,333.7,-1,-1,1,-1,2,-1,-1,68,-1,-1,55,37
Mi14,ol_intrinsic,brain,ME(R),953.2,351.3,-1,-1,3,-1,1,-1,68,-1,30,-1,-1,37
Mi15,ol_intrinsic,brain,ME(R),88.4,446.7,46,-1,1,-1,1,-1,62,-1,26,-1,24,-1
Mi16,ol_intrinsic,brain,ME(R),174.1,212.8,12,-1,-1,24,18,-1,67,-1,-1,-1,44,37
Mi17,ol_intrinsic,brain,ME(R),162.0,289.2,50,-1,3,-1,3,-1,68,-1,-1,-1,-1,37
Mi18,ol_intrinsic,brain,ME(R),238.6,444.4,-1,-1,13,-1,2,-1,67,-1,-1,-1,-1,37
Mi19,ol_intrinsic,brain,ME(R),217.4,303.7,29,-1,8,-1,7,-1,68,-1,-1,-1,-1,37
Mi2,ol_intrinsic,brain,ME(R),105.3,359.1,44,-1,1,-1,1,-1,68,-1,-1,-1,-1,37
Mi20,ol_intrinsic,brain,ME(L),858.7,256.9,-1,-1,-1,7,-1,65,-1,68,-1,-1,-1,37
Mi4,ol_intrinsic,brain,ME(R),827.7,220.8,-1,-1,1,-1,1,-1,64,-1,15,-1,24,-1
Mi9,ol_intrinsic,brain,ME(R),908.5,350.2,32,-1,1,-1,1,-1,64,-1,16,-1,-1,37
NPFL1-I,cb_intrinsic,brain,SMP(L),582.4,75.5,-1,-1,-1,-1,-1,-1,-1,-1,68,-1,-1,37
Nod1,visual_projection,brain,LOP(R),703.7,226.0,17,-1,7,-1,-1,41,-1,68,-1,-1,56,37
Nod2,visual_projection,brain,LOP(R),161.8,316.6,41,-1,15,-1,-1,41,-1,68,-1,-1,44,37
Nod3,visual_projection,brain,LOP(R),812.3,358.3,-1,-1,20,-1,-1,41,-1,68,-1,-1,-1,37
Nod4,visual_projection,brain,LOP(R),597.6,213.7,16,-1,13,-1,66,41,-1,68,-1,-1,-1,37
Nod5,visual_projection,brain,LOP(R),394.1,219.5,-1,-1,35,-1,-1,-1,20,-1,28,-1,-1,37
OA-AL2i1,visual_centrifugal,brain,ME(R),763.5,445.0,-1,-1,44,-1,8,-1,19,-1,-1,-1,-1,37
OA-AL2i2,visual_centrifugal,brain,ME(R),748.0,260.3,-1,-1,11,-1,51,-1,4,-1,-1,-1,-1,37
OA-AL2i3,visual_centrifugal,brain,ME(R),215.1,408.2,-1,-1,12,-1,64,-1,68,-1,62,-1,-1,37
OA-AL2i4,visual_centrifugal,brain,ME(L),103.7,343.7,52,-1,67,-1,54,-1,8,-1,-1,-1,-1,37
OA-ASM1,visual_centrifugal,brain,LO(L),523.9,50.8,-1,-1,25,-1,-1,-1,6,-1,44,-1,-1,37
OA-ASM2,cb_intrinsic,brain,AVLP(L),326.5,217.0,-1,-1,-1,-1,22,-1,44,-1,24,-1,-1,37
OA-ASM3,cb_intrinsic,brain,AVLP(L),648.1,222.8,-1,-1,-1,-1,26,-1,-1,-1,26,-1,65,37
OA-VPM3,cb_intrinsic,brain,FB,303.9,110.1,-1,-1,10,-1,22,-1,1,-1,9,-1,53,37
OA-VPM4,cb_intrinsic,brain,AVLP(L),428.0,126.4,33,-1,16,-1,-1,-1,7,-1,-1,-1,15,-1
OA-VUMa1,cb_intrinsic,brain,LAL(L),469.3,181.9,16,-1,4,-1,6,-1,1,-1,57,-1,-1,37
OA-VUMa2,cb_intrinsic,brain,AL(R),588.8,209.6,32,-1,20,-1,19,-1,1,-1,-1,-1,3,-1
OA-VUMa3,cb_intrinsic,brain,SLP(R),381.2,58.3,64,-1,13,-1,8,-1,3,-1,49,-1,-1,37
OA-VUMa4,cb_intrinsic,brain,PVLP(L),580.1,236.7,48,-1,47,-1,23,-1,1,-1,-1,-1,-1,37
OA-VUMa5,cb_intrinsic,brain,AL(L),576.5,208.9,-1,-1,-1,-1,50,-1,65,-1,-1,-1,67,-1
OA-VUMa6,cb_intrinsic,brain,PLP(R),572.4,54.8,-1,-1,16,-1,8,-1,3,-1,-1,-1,-1,37
OA-VUMa8,cb_intrinsic,brain,AVLP(R),677.4,227.6,-1,-1,10,-1,24,-1,32,-1,-1,-1,60,37
OCC01b,visual_centrifugal,brain,SPS(L),606.5,241.3,52,-1,-1,-1,-1,-1,-1,-1,-1,-1,62,37
OCC02a,visual_centrifugal,brain,IPS(L),614.7,320.4,-1,-1,-1,-1,31,-1,-1,-1,7,-1,-1,37
OCC02b,visual_centrifugal,brain,SPS(L),412.4,296.2,17,-1,-1,67,53,-1,-1,-1,-1,-1,-1,37
OCG01a,visual_projection,brain,IPS(R),432.9,291.9,15,-1,61,57,-1,-1,-1,-1,21,-1,-1,37
OCG01b,visual_projection,brain,IPS(L),632.6,329.0,-1,-1,13,-1,62,-1,23,-1,34,-1,-1,37
OCG01c,visual_projection,brain,IPS(R),461.5,363.5,3,-1,40,-1,-1,-1,-1,-1,-1,-1,-1,37
OCG01d,visual_projection,brain,IPS(R),454.2,303.0,-1,-1,13,-1,-1,-1,26,-1,60,-1,-1,37
OCG01e,visual_projection,brain,IPS(R),566.6,332.3,-1,-1,35,-1,-1,-1,26,-1,21,-1,-1,37
OCG01f,visual_projection,brain,IPS(L),638.6,327.2,21,-1,40,-1,-1,-1,23,-1,46,-1,22,-1
OCG02b,visual_projection,brain,SPS(L),423.6,345.3,68,-1,63,-1,-1,-1,-1,-1,-1,-1,-1,37
OCG02c,visual_projection,brain,PLP(R),381.0,201.0,-1,-1,27,-1,-1,-1,23,-1,-1,-1,-1,37
OCG03,visual_projection,brain,SPS(L),584.4,292.1,-1,-1,-1,-1,-1,61,-1,-1,-1,-1,44,37
OCG06,visual_centrifugal,brain,SAD,462.2,270.0,32,-1,-1,-1,-1,-1,-1,-1,37,-1,30,-1
OLVC1,visual_centrifugal,brain,GNG,684.1,240.4,19,-1,-1,-1,44,-1,5,-1,49,-1,63,37
OLVC2,visual_centrifugal,brain,GNG,434.0,283.0,60,-1,55,45,21,-1,4,-1,63,-1,-1,37
OLVC3,visual_centrifugal,brain,LOP(R),537.7,251.8,11,-1,55,-1,34,-1,8,-1,30,-1,-1,37
OLVC4,visual_centrifugal,brain,LO(R),264.5,263.6,19,-1,-1,-1,-1,-1,-1,-1,47,-1,-1,37
OLVC5,visual_centrifugal,brain,GNG,421.1,339.6,-1,-1,8,-1,11,-1,1,-1,9,-1,-1,37
OLVC6,visual_centrifugal,brain,LOP(R),804.0,304.5,-1,-1,-1,-1,-1,-1,-1,-1,-1,-1,-1,37
OLVC7,visual_centrifugal,brain,LOP(L),790.5,312.5,-1,-1,-1,-1,-1,-1,-1,-1,17,-1,-1,37
OLVp_unclear,visual_projection,brain,LO(L),697.1,204.5,-1,-1,-1,-1,-1,-1,-1,68,-1,-1,-1,37
ORN_D,cb_sensory,brain,AL(R),624.1,232.2,-1,-1,4,-1,-1,-1,-1,-1,-1,-1,-1,-1
ORN_DA1,cb_sensory,brain,AL(R),633.8,251.9,-1,-1,1,-1,-1,-1,-1,-1,-1,-1,-1,-1
ORN_DA2,cb_sensory,brain,AL(R),432.6,282.7,-1,-1,9,-1,-1,-1,29,-1,-1,-1,-1,-1
ORN_DA3,cb_sensory,brain,AL(R),395.1,199.6,-1,-1,-1,-1,-1,-1,-1,-1,-1,-1,68,-1
ORN_DA4l,cb_sensory,brain,AL(R),631.9,230.9,17,-1,-1,-1,-1,-1,-1,-1,-1,-1,-1,-1
ORN_DA4m,cb_sensory,brain,AL(R),568.7,256.9,8,-1,14,-1,-1,-1,-1,-1,-1,-1,-1,-1
ORN_DC1,cb_sensory,brain,AL(L),427.7,255.1,-1,-1,5,-1,-1,-1,-1,-1,-1,-1,-1,-1
ORN_DC2,cb_sensory,brain,AL(R),446.4,235.0,61,-1,8,-1,-1,-1,-1,-1,-1,-1,-1,-1
ORN_DC3,cb_sensory,brain,AL(R),383.3,221.2,-1,-1,6,-1,-1,-1,-1,-1,-1,-1,67,-1
ORN_DC4,cb_sensory,brain,AL(R),467.6,199.3,52,-1,6,-1,-1,-1,-1,-1,-1,-1,49,-1
ORN_DL1,cb_sensory,brain,AL(R),607.2,226.0,-1,-1,4,-1,-1,-1,-1,-1,-1,-1,56,-1
ORN_DL2d,cb_sensory,brain,AL(R),414.8,215.7,-1,-1,4,-1,-1,-1,-1,-1,-1,-1,-1,-1
ORN_DL2v,cb_sensory,brain,AL(R),607.0,220.7,23,-1,3,-1,-1,-1,-1,-1,-1,-1,-1,-1
ORN_DL3,cb_sensory,brain,AL(L),454.2,268.0,-1,-1,-1,-1,-1,-1,-1,-1,-1,-1,-1,-1
ORN_DL4,cb_sensory,brain,AL(R),565.4,226.7,44,-1,-1,-1,-1,-1,-1,-1,-1,-1,-1,-1
ORN_DL5,cb_sensory,brain,AL(L),589.2,184.1,28,-1,6,-1,-1,-1,-1,-1,-1,-1,-1,-1
ORN_DM1,cb_sensory,brain,AL(L),573.5,203.4,61,-1,2,-1,-1,-1,-1,-1,-1,-1,59,-1
ORN_DM2,cb_sensory,brain,AL(R),643.7,230.8,-1,-1,4,-1,-1,-1,-1,-1,-1,-1,57,-1
ORN_DM3,cb_sensory,brain,AL(R),411.8,181.1,55,-1,13,-1,-1,-1,31,-1,-1,-1,-1,-1
ORN_DM4,cb_sensory,brain,AL(L),478.1,195.6,18,-1,-1,-1,-1,-1,-1,-1,-1,-1,-1,-1
ORN_DM5,cb_sensory,brain,AL(L),461.4,248.1,2,-1,17,-1,-1,-1,-1,-1,-1,-1,-1,-1
ORN_DM6,cb_sensory,brain,AL(R),459.1,209.8,42,-1,6,-1,-1,-1,-1,-1,-1,-1,-1,-1
ORN_DP1l,cb_sensory,brain,AL(R),461.7,221.1,-1,-1,2,-1,-1,-1,-1,-1,-1,-1,49,-1
ORN_DP1m,cb_sensory,brain,AL(R),644.7,195.0,34,-1,2,-1,-1,-1,-1,-1,-1,-1,-1,-1
ORN_V,cb_sensory,brain,AL(R),403.4,198.6,24,-1,4,-1,-1,-1,-1,-1,-1,-1,-1,-1
ORN_VA1d,cb_sensory,brain,AL(R),387.8,235.6,28,-1,3,-1,-1,-1,-1,-1,-1,-1,-1,-1
ORN_VA1v,cb_sensory,brain,AL(R),538.4,211.0,35,-1,2,-1,34,-1,-1,-1,-1,-1,-1,-1
ORN_VA2,cb_sensory,brain,AL(R),587.4,247.1,21,-1,3,-1,-1,-1,-1,-1,-1,-1,-1,-1
ORN_VA3,cb_sensory,brain,AL(R),402.1,251.2,41,-1,9,-1,-1,-1,-1,-1,-1,-1,-1,-1
ORN_VA4,cb_sensory,brain,AL(R),459.2,279.7,16,-1,12,-1,-1,-1,-1,-1,-1,-1,46,-1
ORN_VA5,cb_sensory,brain,AL(R),429.2,231.1,47,-1,-1,-1,-1,-1,-1,-1,-1,-1,-1,-1
ORN_VA6,cb_sensory,brain,AL(R),625.3,251.4,-1,-1,5,-1,-1,-1,-1,-1,-1,-1,-1,-1
ORN_VA7l,cb_sensory,brain,AL(R),620.7,190.1,19,-1,14,-1,-1,-1,-1,-1,-1,-1,-1,-1
ORN_VA7m,cb_sensory,brain,AL(R),607.0,264.4,-1,-1,-1,-1,-1,-1,-1,-1,-1,-1,-1,-1
ORN_VC1,cb_sensory,brain,AL(R),603.5,255.0,-1,-1,6,-1,-1,-1,30,-1,-1,-1,58,-1
ORN_VC2,cb_sensory,brain,AL(R),567.9,247.5,68,-1,14,-1,-1,-1,-1,-1,-1,-1,-1,-1
ORN_VC3,cb_sensory,brain,AL(R),406.6,227.9,4,-1,6,-1,-1,-1,31,-1,-1,-1,47,-1
ORN_VC4,cb_sensory,brain,AL(R),582.9,237.7,-1,-1,9,-1,-1,-1,-1,-1,-1,-1,-1,-1
ORN_VC5,cb_sensory,brain,AL(R),376.8,261.5,7,-1,5,-1,-1,-1,-1,-1,-1,-1,9,-1
ORN_VL1,cb_sensory,brain,AL(R),422.9,226.0,45,-1,4,-1,-1,-1,-1,-1,-1,-1,-1,-1
ORN_VL2a,cb_sensory,brain,AL(R),467.6,200.7,-1,-1,2,-1,-1,-1,-1,-1,-1,-1,2,-1
ORN_VL2p,cb_sensory,brain,AL(R),595.2,254.3,-1,-1,4,-1,-1,-1,31,-1,-1,-1,-1,-1
ORN_VM1,cb_sensory,brain,AL(R),442.9,251.4,-1,-1,18,-1,-1,-1,-1,-1,-1,-1,-1,-1
ORN_VM2,cb_sensory,brain,AL(R),452.5,258.1,69,-1,14,-1,-1,-1,-1,-1,-1,-1,-1,-1
ORN_VM3,cb_sensory,brain,AL(R),456.8,219.8,51,-1,-1,-1,-1,-1,-1,-1,-1,-1,-1,-1
ORN_VM4,cb_sensory,brain,AL(R),415.3,235.1,-1,-1,8,-1,-1,-1,-1,-1,-1,-1,-1,-1
ORN_VM5d,cb_sensory,brain,AL(L),442.7,285.5,37,-1,3,-1,-1,-1,-1,-1,-1,-1,-1,-1
ORN_VM5v,cb_sensory,brain,AL(L),592.0,240.0,-1,-1,5,-1,-1,-1,-1,-1,-1,-1,-1,-1
ORN_VM6l,cb_sensory,brain,AL(R),429.6,280.5,-1,-1,-1,-1,-1,-1,-1,-1,-1,-1,-1,-1
ORN_VM6m,cb_sensory,brain,AL(R),583.8,173.2,-1,-1,-1,-1,-1,-1,-1,-1,-1,-1,9,-1
ORN_VM6v,cb_sensory,brain,AL(R),591.7,187.3,10,-1,3,-1,-1,-1,-1,-1,-1,-1,62,-1
ORN_VM7d,cb_sensory,brain,AL(R),436.0,299.6,29,-1,4,-1,-1,-1,-1,-1,-1,-1,-1,-1
ORN_VM7v,cb_sensory,brain,AL(L),414.3,233.3,-1,-1,10,-1,-1,-1,-1,-1,-1,-1,64,-1
P6-8P9,cb_intrinsic,brain,PB,498.1,156.1,-1,-1,65,-1,65,36,37,-1,11,-1,-1,37
PAL01,cb_intrinsic,brain,SMP(L),461.5,63.8,13,-1,-1,-1,32,-1,43,-1,-1,-1,64,37
PAL03,cb_intrinsic,brain,AOTU(R),713.8,97.5,-1,-1,-1,-1,46,-1,-1,-1,18,-1,-1,37
PAM01,cb_intrinsic,brain,gL(L),468.5,139.4,-1,-1,-1,45,-1,-1,-1,-1,-1,-1,-1,37
PAM02,cb_intrinsic,brain,b'L(L),616.5,122.7,-1,-1,-1,22,-1,27,-1,-1,-1,52,-1,37
PAM03,cb_intrinsic,brain,b'L(L),568.6,122.1,59,-1,-1,30,-1,62,-1,-1,-1,-1,-1,37
PAM04,cb_intrinsic,brain,bL(L),362.5,52.9,58,-1,-1,15,-1,14,-1,-1,-1,29,18,-1
PAM05,cb_intrinsic,brain,b'L(L),604.9,109.1,-1,-1,-1,18,-1,26,-1,-1,-1,52,52,37
PAM06,cb_intrinsic,brain,b'L(L),539.8,136.8,11,-1,22,-1,-1,26,-1,-1,-1,52,-1,37
PAM07,cb_intrinsic,brain,gL(L),463.6,106.6,43,-1,-1,64,-1,-1,-1,-1,-1,-1,-1,37
PAM08,cb_intrinsic,brain,gL(L),413.6,123.1,41,-1,19,-1,-1,16,-1,32,-1,18,-1,37
PAM09,cb_intrinsic,brain,bL(L),617.3,85.5,-1,-1,-1,57,-1,27,40,-1,-1,29,-1,37
PAM10,cb_intrinsic,brain,bL(L),444.8,132.8,28,-1,21,3,-1,4,-1,-1,-1,29,66,37
PAM11,cb_intrinsic,brain,aL(R),578.9,139.3,49,-1,-1,59,-1,-1,31,-1,-1,-1,65,37
PAM12,cb_intrinsic,brain,gL(L),416.8,116.8,12,-1,-1,36,-1,43,-1,-1,-1,52,-1,37
PAM13,cb_intrinsic,brain,b'L(L),527.0,78.1,-1,-1,-1,-1,-1,-1,39,-1,61,-1,-1,37
PAM14,cb_intrinsic,brain,b'L(L),600.7,123.8,49,-1,-1,-1,63,-1,35,-1,-1,-1,-1,37
PAM15,cb_intrinsic,brain,gL(R),545.6,136.3,56,-1,-1,45,-1,-1,-1,-1,-1,-1,-1,37
PEG,cb_intrinsic,brain,PB,535.0,148.2,-1,-1,4,-1,4,-1,8,-1,8,-1,-1,37
PEN_a(PEN1),cb_intrinsic,brain,EB,506.5,180.9,43,-1,3,-1,2,-1,33,-1,2,-1,-1,37
PEN_b(PEN2),cb_intrinsic,brain,EB,487.3,167.8,3,-1,5,-1,2,-1,37,-1,6,-1,-1,37
PFGs,cb_intrinsic,brain,FB,531.9,160.3,28,-1,6,-1,3,-1,-1,-1,1,-1,55,37
PFL1,cb_intrinsic,brain,FB,522.1,175.1,-1,-1,4,-1,4,-1,3,-1,42,-1,-1,37
PFL2,cb_intrinsic,brain,FB,485.7,186.6,-1,-1,6,-1,3,-1,1,-1,1,-1,-1,37
PFL3,cb_intrinsic,brain,FB,560.5,183.0,39,-1,2,-1,2,-1,1,-1,1,-1,8,-1
PFNa,cb_intrinsic,brain,NO,517.2,213.0,-1,-1,3,-1,3,-1,66,-1,7,-1,-1,37
PFNd,cb_intrinsic,brain,NO,502.1,214.1,41,-1,2,-1,2,-1,65,-1,1,-1,-1,37
PFNm_a,cb_intrinsic,brain,NO,526.9,163.3,-1,-1,-1,55,59,36,-1,-1,4,-1,-1,37
PFNm_b,cb_intrinsic,brain,NO,513.3,215.8,2,-1,12,-1,16,-1,-1,-1,4,-1,-1,37
PFNp_a,cb_intrinsic,brain,NO,517.8,152.1,27,-1,6,-1,10,-1,-1,-1,3,-1,-1,37
PFNp_b,cb_intrinsic,brain,NO,554.4,156.0,65,-1,3,-1,3,-1,-1,-1,1,-1,-1,37
PFNp_c,cb_intrinsic,brain,NO,525.7,208.0,24,-1,6,-1,5,-1,-1,-1,4,-1,-1,37
PFNp_d,cb_intrinsic,brain,FB,464.7,160.6,-1,-1,-1,-1,-1,64,34,-1,5,-1,-1,37
PFNp_e,cb_intrinsic,brain,NO,510.6,215.6,6,-1,55,-1,32,-1,-1,-1,6,-1,-1,37
PFNv,cb_intrinsic,brain,NO,472.6,164.8,-1,-1,46,-1,7,-1,37,-1,2,-1,65,37
PFR_a,cb_intrinsic,brain,FB,514.2,184.7,8,-1,5,-1,2,-1,30,-1,1,-1,-1,37
PFR_b,cb_intrinsic,brain,FB,531.5,172.9,-1,-1,4,-1,5,-1,3,-1,2,-1,-1,37
PI3,cb_endocrine,brain,PRW,424.7,117.2,-1,-1,-1,-1,-1,-1,-1,-1,22,-1,-1,37
PLP001,cb_intrinsic,brain,PLP(L),396.6,267.5,-1,-1,5,-1,7,-1,18,-1,30,-1,18,-1
PLP002,cb_intrinsic,brain,PLP(R),368.5,202.7,-1,-1,-1,-1,-1,-1,49,-1,-1,-1,55,37
PLP003,cb_intrinsic,brain,PLP(R),321.3,201.8,29,-1,-1,-1,-1,-1,37,-1,-1,-1,65,37
PLP004,cb_intrinsic,brain,PLP(L),401.6,277.2,30,-1,32,-1,43,-1,-1,-1,-1,-1,65,37
PLP005,cb_intrinsic,brain,IB,496.1,218.6,66,-1,12,-1,43,-1,32,-1,-1,-1,54,37
PLP006,cb_intrinsic,brain,PLP(L),657.6,117.3,63,-1,63,-1,64,-1,-1,-1,52,-1,-1,37
PLP007,cb_intrinsic,brain,PLP(R),653.2,182.5,15,-1,-1,-1,-1,-1,-1,-1,-1,-1,-1,37
PLP008,cb_intrinsic,brain,PLP(R),312.7,182.1,-1,-1,-1,38,65,-1,36,-1,-1,-1,-1,37
PLP009,cb_intrinsic,brain,PLP(L),666.5,186.6,-1,-1,-1,-1,39,-1,-1,-1,-1,-1,32,-1
PLP010,cb_intrinsic,brain,WED(R),385.1,236.9,49,-1,14,-1,62,-1,3,-1,-1,-1,-1,37
PLP012,cb_intrinsic,brain,PLP(R),628.3,252.8,-1,-1,-1,68,29,-1,-1,-1,15,-1,-1,37
PLP013,cb_intrinsic,brain,PLP(R),619.5,165.9,3,-1,25,-1,-1,-1,30,-1,-1,-1,-1,37
PLP015,cb_intrinsic,brain,PLP(R),384.0,227.7,1,-1,4,-1,2,-1,18,-1,32,-1,61,37
PLP016,cb_intrinsic,brain,PLP(R),315.0,260.7,36,-1,12,-1,40,-1,28,-1,-1,-1,-1,37
PLP017,cb_intrinsic,brain,PVLP(L),712.0,219.1,60,-1,6,-1,28,-1,-1,67,-1,-1,-1,37
PLP018,cb_intrinsic,brain,PLP(R),696.2,231.9,-1,-1,17,-1,4,-1,-1,67,-1,-1,-1,37
PLP019,cb_intrinsic,brain,PLP(R),386.8,229.5,-1,-1,20,-1,11,-1,17,-1,52,-1,30,-1
PLP020,cb_intrinsic,brain,PLP(R),372.2,240.9,-1,-1,24,-1,56,-1,-1,68,-1,-1,-1,37
PLP021,cb_intrinsic,brain,LAL(L),608.8,262.5,-1,-1,47,-1,56,-1,26,-1,11,-1,-1,37
PLP022,cb_intrinsic,brain,PLP(L),664.7,238.2,5,-1,37,-1,43,-1,7,-1,50,-1,-1,37
PLP023,cb_intrinsic,brain,PLP(R),659.4,259.2,11,-1,28,-1,23,-1,5,-1,39,-1,-1,37
PLP025,cb_intrinsic,brain,PLP(L),387.8,312.2,-1,-1,26,-1,13,-1,35,-1,38,-1,-1,37
PLP026,cb_intrinsic,brain,PLP(R),405.0,135.7,61,-1,45,-1,-1,-1,29,-1,-1,-1,-1,37
PLP028,cb_intrinsic,brain,PLP(R),535.7,183.9,-1,-1,50,-1,68,-1,-1,-1,-1,-1,-1,37
PLP029,cb_intrinsic,brain,PLP(R),341.3,185.4,-1,-1,44,-1,32,-1,-1,-1,12,-1,32,-1
PLP032,cb_intrinsic,brain,SPS(L),616.3,336.7,-1,-1,10,-1,54,-1,11,-1,27,-1,-1,37
PLP034,cb_intrinsic,brain,PLP(R),434.7,229.2,15,-1,30,-1,7,-1,33,-1,10,-1,51,37
PLP035,cb_intrinsic,brain,PLP(R),341.5,249.4,-1,-1,69,45,35,-1,-1,68,-1,-1,-1,37
PLP036,cb_intrinsic,brain,PLP(R),312.5,184.1,-1,-1,-1,-1,-1,-1,35,-1,26,-1,61,37
PLP037,cb_intrinsic,brain,PLP(R),387.0,255.3,-1,-1,30,-1,26,-1,32,-1,39,-1,-1,37
PLP038,cb_intrinsic,brain,PLP(R),569.2,173.5,-1,-1,-1,-1,-1,-1,62,-1,61,-1,61,37
PLP039,cb_intrinsic,brain,WED(R),677.7,244.1,10,-1,-1,-1,45,-1,23,-1,39,-1,33,-1
PLP041,cb_intrinsic,brain,PLP(R),374.1,267.3,32,-1,-1,-1,-1,-1,36,-1,-1,-1,-1,37
PLP042_a,cb_intrinsic,brain,PLP(R),394.2,269.7,-1,-1,-1,-1,-1,-1,-1,-1,56,-1,-1,37
PLP042_b,cb_intrinsic,brain,PLP(R),428.1,132.2,40,-1,-1,-1,48,-1,28,-1,61,-1,-1,37
PLP042_c,cb_intrinsic,brain,PLP(R),585.0,139.6,-1,-1,-1,-1,60,-1,29,-1,52,-1,-1,37
PLP042a,cb_intrinsic,brain,PLP(L),251.2,147.0,-1,-1,-1,-1,-1,-1,-1,-1,-1,-1,-1,37
PLP043,cb_intrinsic,brain,PLP(R),665.1,267.6,-1,-1,-1,-1,-1,-1,31,-1,43,-1,-1,37
PLP044,cb_intrinsic,brain,PLP(R),673.5,238.1,-1,-1,-1,-1,-1,-1,32,-1,25,-1,-1,37
PLP046,cb_intrinsic,brain,PLP(R),351.0,137.2,47,-1,54,-1,56,-1,33,-1,-1,-1,-1,37
PLP048,cb_intrinsic,brain,PLP(R),311.3,201.5,37,-1,-1,-1,67,-1,-1,-1,-1,-1,-1,37
PLP052,cb_intrinsic,brain,PLP(R),491.6,192.8,-1,-1,23,-1,16,-1,43,-1,26,-1,6,-1
PLP053,cb_intrinsic,brain,PLP(R),694.1,232.0,-1,-1,62,-1,15,-1,66,-1,26,-1,-1,37
PLP054,cb_intrinsic,brain,PLP(R),554.2,203.2,-1,-1,53,-1,21,-1,-1,-1,33,-1,-1,37
PLP055,cb_intrinsic,brain,PLP(R),626.2,264.4,47,-1,-1,-1,-1,-1,-1,-1,40,-1,68,37
PLP056,cb_intrinsic,brain,PLP(R),738.1,244.6,-1,-1,-1,-1,-1,-1,-1,-1,33,-1,-1,37
PLP057,cb_intrinsic,brain,PLP(L),727.1,298.8,-1,-1,-1,-1,-1,-1,-1,-1,31,-1,-1,37
PLP058,cb_intrinsic,brain,PLP(R),690.1,219.3,-1,-1,37,-1,-1,-1,37,-1,24,-1,18,-1
PLP059,cb_intrinsic,brain,PVLP(R),377.0,239.8,-1,-1,50,46,-1,49,-1,67,-1,-1,-1,37
PLP060,cb_intrinsic,brain,PLP(R),577.5,307.1,-1,-1,12,-1,7,-1,4,-1,4,-1,58,37
PLP063,cb_intrinsic,brain,PLP(L),693.2,179.7,6,-1,-1,-1,-1,-1,-1,-1,-1,-1,-1,37
PLP064_a,cb_intrinsic,brain,PLP(R),329.8,215.7,-1,-1,64,48,30,-1,-1,-1,47,-1,-1,37
PLP064_b,cb_intrinsic,brain,PLP(R),373.8,280.3,-1,-1,-1,62,30,-1,-1,-1,52,-1,-1,37
PLP065,cb_intrinsic,brain,PLP(R),633.8,221.0,-1,-1,49,-1,29,-1,50,-1,57,-1,-1,37
PLP066,cb_intrinsic,brain,PLP(R),654.5,215.4,-1,-1,-1,-1,-1,-1,-1,-1,-1,-1,45,37
PLP067,cb_intrinsic,brain,PLP(L),663.1,203.9,-1,-1,-1,-1,32,-1,-1,-1,36,-1,4,-1
PLP069,cb_intrinsic,brain,PLP(R),697.9,82.2,15,-1,-1,-1,31,-1,-1,-1,-1,-1,-1,37
PLP071,cb_intrinsic,brain,PLP(R),549.4,144.2,47,-1,28,-1,-1,-1,35,-1,-1,-1,-1,37
PLP073,cb_intrinsic,brain,PLP(R),390.8,310.6,2,-1,69,-1,-1,-1,50,-1,42,-1,48,37
PLP074,cb_intrinsic,brain,PLP(L),371.4,297.8,13,-1,4,-1,33,-1,22,-1,-1,-1,-1,37
PLP075,cb_intrinsic,brain,PLP(L),484.3,290.0,51,-1,32,-1,-1,-1,61,-1,-1,-1,-1,37
PLP076,cb_intrinsic,brain,PLP(R),709.8,232.2,36,-1,53,-1,54,-1,-1,-1,-1,-1,-1,37
PLP078,cb_intrinsic,brain,PLP(R),445.0,244.9,35,-1,8,-1,11,-1,33,-1,21,-1,-1,37
PLP079,cb_intrinsic,brain,AVLP(L),714.0,185.4,-1,-1,49,-1,-1,-1,21,-1,-1,-1,-1,37
PLP080,cb_intrinsic,brain,PLP(L),619.1,164.2,-1,-1,17,-1,45,-1,66,-1,29,-1,-1,37
PLP081,cb_intrinsic,brain,PLP(R),678.4,201.2,47,-1,20,-1,-1,57,22,-1,-1,-1,54,37
PLP084,cb_intrinsic,brain,PLP(R),709.6,282.4,27,-1,-1,57,62,-1,-1,-1,-1,-1,-1,37
PLP085,cb_intrinsic,brain,PLP(R),265.3,156.4,16,-1,-1,59,39,-1,46,-1,-1,-1,-1,37
PLP086,cb_intrinsic,brain,PLP(R),668.9,278.4,-1,-1,39,-1,26,-1,39,-1,47,-1,-1,37
PLP087,cb_intrinsic,brain,PLP(R),375.8,256.4,14,-1,-1,-1,-1,-1,46,-1,-1,-1,-1,37
PLP089,cb_intrinsic,brain,PLP(R),694.1,190.7,-1,-1,-1,-1,32,-1,40,-1,-1,-1,-1,37
PLP092,cb_intrinsic,brain,SPS(L),462.4,269.0,7,-1,11,-1,17,-1,35,-1,20,-1,65,37
PLP093,cb_intrinsic,brain,PLP(L),672.4,239.2,6,-1,44,-1,19,-1,-1,-1,14,-1,-1,37
PLP094,cb_intrinsic,brain,PLP(R),361.7,196.1,-1,-1,-1,-1,38,-1,-1,-1,-1,-1,-1,37
PLP095,cb_intrinsic,brain,PLP(R),482.6,224.3,-1,-1,-1,-1,47,-1,43,-1,42,-1,68,37
PLP096,cb_intrinsic,brain,PLP(L),758.3,111.8,21,-1,25,-1,29,-1,12,-1,-1,-1,3,-1
PLP097,cb_intrinsic,brain,PLP(L),607.6,259.9,10,-1,-1,-1,-1,-1,32,-1,-1,-1,30,-1
PLP099,cb_intrinsic,brain,PLP(R),315.2,274.0,56,-1,51,-1,42,-1,-1,68,-1,-1,-1,37
PLP100,cb_intrinsic,brain,PLP(R),600.2,243.2,-1,-1,-1,64,-1,-1,-1,68,-1,-1,-1,37
PLP101,cb_intrinsic,brain,PLP(R),379.8,332.9,32,-1,54,53,34,-1,-1,68,-1,-1,66,37
PLP102,cb_intrinsic,brain,PLP(L),656.0,229.6,-1,-1,-1,-1,-1,-1,35,-1,66,-1,-1,37
PLP103,cb_intrinsic,brain,PLP(L),683.2,198.6,-1,-1,48,-1,32,-1,35,-1,-1,-1,-1,37
PLP106,cb_intrinsic,brain,PLP(L),399.4,243.5,-1,-1,47,-1,-1,-1,31,-1,-1,-1,32,-1
PLP108,cb_intrinsic,brain,PLP(R),565.1,279.6,21,-1,38,-1,-1,-1,36,-1,-1,-1,57,37
PLP109,cb_intrinsic,brain,PLP(R),340.8,179.5,-1,-1,-1,56,-1,-1,-1,-1,-1,-1,-1,37
PLP111,cb_intrinsic,brain,PLP(R),347.2,209.3,-1,-1,-1,-1,54,-1,-1,-1,-1,-1,-1,37
PLP113,cb_intrinsic,brain,PLP(L),713.1,200.2,-1,-1,-1,-1,-1,-1,-1,-1,51,-1,48,37
PLP114,cb_intrinsic,brain,PVLP(L),683.6,220.1,42,-1,-1,38,-1,-1,-1,-1,-1,-1,-1,37
PLP115_a,cb_intrinsic,brain,PVLP(L),367.3,267.1,-1,-1,35,-1,66,-1,-1,68,-1,-1,-1,37
PLP115_b,cb_intrinsic,brain,PVLP(R),697.8,224.1,5,-1,11,-1,-1,48,-1,66,-1,-1,-1,37
PLP116,cb_intrinsic,brain,PLP(L),414.0,282.5,-1,-1,42,-1,39,-1,50,-1,-1,-1,-1,37
PLP119,cb_intrinsic,brain,PLP(L),337.4,263.6,53,-1,64,-1,55,-1,-1,-1,-1,-1,-1,37
PLP120,cb_intrinsic,brain,PLP(R),403.3,269.0,69,-1,-1,-1,-1,-1,-1,-1,-1,-1,-1,37
PLP121,cb_intrinsic,brain,SMP(L),590.9,73.6,-1,-1,-1,-1,35,-1,-1,-1,-1,-1,-1,37
PLP122_a,cb_intrinsic,brain,SMP(L),586.8,76.2,54,-1,40,-1,-1,-1,46,-1,-1,-1,60,37
PLP122_b,cb_intrinsic,brain,WED(L),402.7,77.0,46,-1,-1,-1,-1,-1,-1,-1,-1,-1,-1,37
PLP123,cb_intrinsic,brain,SMP(R),357.4,141.3,49,-1,-1,-1,-1,-1,-1,-1,-1,-1,3,-1
PLP124,cb_intrinsic,brain,SPS(L),655.0,300.6,-1,-1,23,-1,63,-1,4,-1,48,-1,2,-1
PLP128,cb_intrinsic,brain,SLP(R),694.4,77.2,-1,-1,19,-1,31,-1,26,-1,30,-1,-1,37
PLP129,cb_intrinsic,brain,PLP(R),666.8,276.4,-1,-1,-1,66,17,-1,22,-1,66,-1,-1,37
PLP130,cb_intrinsic,brain,PLP(R),344.0,98.7,-1,-1,25,-1,38,-1,36,-1,52,-1,-1,37
PLP131,cb_intrinsic,brain,PLP(R),669.9,236.3,16,-1,23,-1,18,-1,26,-1,61,-1,-1,37
PLP132,cb_intrinsic,brain,PLP(R),610.4,156.4,51,-1,35,-1,27,-1,26,-1,-1,-1,-1,37
PLP134,cb_intrinsic,brain,PLP(R),649.8,232.6,-1,-1,-1,35,-1,-1,35,-1,-1,-1,-1,37
PLP139,cb_intrinsic,brain,PLP(R),683.2,209.8,-1,-1,-1,-1,32,-1,35,-1,-1,-1,-1,37
PLP141,cb_intrinsic,brain,PLP(L),720.3,181.9,-1,-1,54,-1,51,-1,36,-1,-1,-1,-1,37
PLP142,cb_intrinsic,brain,PLP(R),682.8,231.2,-1,-1,10,-1,9,-1,22,-1,-1,-1,-1,37
PLP143,cb_intrinsic,brain,IB,504.4,213.0,-1,-1,62,-1,49,-1,29,-1,55,-1,-1,37
PLP144,cb_intrinsic,brain,PLP(R),328.7,207.1,19,-1,-1,63,23,-1,32,-1,42,-1,-1,37
PLP145,cb_intrinsic,brain,PLP(R),425.8,179.7,-1,-1,-1,-1,-1,-1,-1,-1,-1,-1,58,37
PLP148,cb_intrinsic,brain,PLP(R),581.4,217.1,30,-1,40,-1,-1,-1,-1,-1,-1,-1,-1,37
PLP149,cb_intrinsic,brain,PLP(R),691.7,207.9,25,-1,58,-1,42,-1,28,-1,50,-1,-1,37
PLP150,cb_intrinsic,brain,PLP(R),288.8,246.2,-1,-1,13,-1,17,-1,20,-1,40,-1,46,37
PLP154,cb_intrinsic,brain,ICL(L),416.2,174.5,18,-1,-1,-1,-1,-1,-1,-1,-1,-1,-1,37
PLP155,cb_intrinsic,brain,PLP(L),673.7,112.3,-1,-1,12,-1,51,-1,44,-1,49,-1,-1,37
PLP156,cb_intrinsic,brain,PLP(R),692.9,209.8,28,-1,43,-1,69,-1,49,-1,63,-1,-1,37
PLP157,cb_intrinsic,brain,PVLP(R),624.9,123.2,16,-1,-1,-1,57,-1,-1,-1,-1,-1,-1,37
PLP158,cb_intrinsic,brain,PLP(R),689.5,175.3,47,-1,-1,17,-1,38,-1,67,-1,-1,-1,37
PLP159,cb_intrinsic,brain,PLP(R),390.7,245.9,8,-1,-1,-1,-1,-1,29,-1,-1,-1,-1,37
PLP160,cb_intrinsic,brain,PLP(L),573.8,112.8,-1,-1,-1,55,-1,-1,-1,51,-1,-1,-1,37
PLP161,cb_intrinsic,brain,PLP(R),353.1,249.5,2,-1,39,-1,18,-1,52,-1,20,-1,-1,37
PLP162,cb_intrinsic,brain,PLP(R),615.7,238.2,65,-1,-1,-1,39,-1,64,-1,-1,-1,-1,37
PLP163,cb_intrinsic,brain,PLP(R),690.0,241.2,-1,-1,5,-1,-1,46,-1,65,-1,-1,-1,37
PLP164,cb_intrinsic,brain,PLP(R),298.4,280.4,-1,-1,-1,-1,-1,-1,-1,-1,-1,-1,49,37
PLP165,cb_intrinsic,brain,PVLP(L),328.2,227.4,56,-1,-1,-1,-1,-1,44,-1,19,-1,-1,37
PLP169,cb_intrinsic,brain,PLP(R),725.3,68.0,-1,-1,39,-1,-1,-1,21,-1,-1,-1,62,37
PLP170,cb_intrinsic,brain,PLP(R),662.3,322.8,43,-1,36,-1,-1,-1,36,-1,-1,-1,-1,37
PLP171,cb_intrinsic,brain,PLP(R),398.5,314.2,-1,-1,-1,-1,-1,-1,-1,-1,-1,-1,49,37
PLP172,cb_intrinsic,brain,PLP(R),322.0,213.4,-1,-1,-1,62,33,-1,21,-1,-1,-1,-1,37
PLP173,cb_intrinsic,brain,PLP(R),340.4,176.2,-1,-1,-1,62,-1,-1,33,-1,-1,-1,-1,37
PLP174,cb_intrinsic,brain,PLP(R),343.7,175.6,17,-1,-1,-1,-1,-1,-1,-1,-1,-1,57,37
PLP175,cb_intrinsic,brain,SLP(R),658.6,45.3,28,-1,-1,-1,-1,-1,-1,-1,-1,-1,54,37
PLP177,cb_intrinsic,brain,PLP(R),632.1,202.6,-1,-1,9,-1,59,-1,22,-1,-1,-1,-1,37
PLP178,cb_intrinsic,brain,PLP(R),367.8,351.7,68,-1,30,-1,24,-1,14,-1,-1,-1,-1,37
PLP180,cb_intrinsic,brain,PLP(R),693.7,49.8,44,-1,18,-1,32,-1,39,-1,-1,-1,68,37
PLP181,cb_intrinsic,brain,PLP(R),314.1,201.0,-1,-1,-1,-1,42,-1,44,-1,-1,-1,60,37
PLP182,cb_intrinsic,brain,PLP(R),340.8,273.0,20,-1,37,-1,24,-1,29,-1,64,-1,69,37
PLP184,cb_intrinsic,brain,PLP(R),385.0,268.2,14,-1,-1,-1,-1,-1,43,-1,-1,-1,-1,37
PLP185,cb_intrinsic,brain,PLP(R),363.0,273.1,-1,-1,-1,-1,55,-1,38,-1,-1,-1,-1,37
PLP186,cb_intrinsic,brain,PLP(R),359.5,263.6,-1,-1,-1,-1,56,-1,19,-1,39,-1,-1,37
PLP187,cb_intrinsic,brain,PLP(R),381.1,237.6,9,-1,32,-1,23,-1,38,-1,29,-1,-1,37
PLP188,cb_intrinsic,brain,ICL(L),416.9,174.7,42,-1,64,-1,63,-1,-1,-1,-1,-1,45,37
PLP189,cb_intrinsic,brain,PLP(R),590.7,177.6,-1,-1,-1,53,-1,-1,-1,-1,-1,-1,-1,37
PLP190,cb_intrinsic,brain,PLP(R),652.2,234.7,-1,-1,-1,-1,39,-1,-1,-1,-1,-1,58,37
PLP191,cb_intrinsic,brain,PVLP(R),333.9,269.1,33,-1,-1,-1,-1,-1,-1,-1,-1,-1,-1,37
PLP192,cb_intrinsic,brain,PVLP(R),734.7,265.2,14,-1,-1,37,-1,50,-1,67,-1,-1,-1,37
PLP196,cb_intrinsic,brain,PLP(R),343.9,184.2,30,-1,44,-1,54,-1,35,-1,49,-1,-1,37
PLP197,cb_intrinsic,brain,PLP(R),359.6,235.9,-1,-1,-1,-1,18,-1,65,-1,50,-1,-1,37
PLP199,cb_intrinsic,brain,PLP(R),600.8,156.9,-1,-1,35,-1,17,-1,39,-1,28,-1,-1,37
PLP208,cb_intrinsic,brain,PLP(R),352.4,229.0,-1,-1,35,-1,11,-1,14,-1,13,-1,32,-1
PLP209,cb_intrinsic,brain,PLP(R),326.2,243.0,67,-1,41,-1,6,-1,40,-1,15,-1,5,-1
PLP211,cb_intrinsic,brain,PVLP(R),326.1,201.0,4,-1,-1,-1,34,-1,27,-1,37,-1,49,37
PLP213,cb_intrinsic,brain,PLP(R),521.4,242.1,-1,-1,38,-1,22,-1,16,-1,16,-1,-1,37
PLP214,cb_intrinsic,brain,PLP(L),670.4,237.0,23,-1,47,-1,-1,-1,32,-1,34,-1,-1,37
PLP216,cb_intrinsic,brain,PLP(R),344.1,149.8,-1,-1,16,-1,19,-1,19,-1,18,-1,-1,37
PLP217,cb_intrinsic,brain,PLP(L),389.9,291.7,-1,-1,35,-1,-1,-1,-1,68,-1,-1,-1,37
PLP218,cb_intrinsic,brain,PLP(L),604.0,284.7,-1,-1,11,-1,51,-1,28,-1,26,-1,56,37
PLP219,cb_intrinsic,brain,PVLP(L),334.5,275.2,-1,-1,-1,-1,50,-1,14,-1,1,-1,30,-1
PLP221,cb_intrinsic,brain,PLP(R),389.8,268.2,32,-1,-1,-1,-1,-1,33,-1,-1,-1,-1,37
PLP222,cb_intrinsic,brain,SPS(R),643.9,269.1,-1,-1,-1,-1,-1,-1,34,-1,-1,-1,-1,37
PLP225,cb_intrinsic,brain,SPS(R),576.3,179.4,15,-1,-1,-1,-1,-1,-1,-1,-1,-1,51,37
PLP228,cb_intrinsic,brain,PLP(R),652.9,246.1,-1,-1,-1,-1,21,-1,-1,-1,13,-1,32,-1
PLP229,cb_intrinsic,brain,PLP(R),349.3,248.0,-1,-1,-1,-1,39,-1,-1,-1,39,-1,-1,37
PLP230,cb_intrinsic,brain,PLP(R),450.7,307.1,-1,-1,45,-1,16,-1,17,-1,68,-1,-1,37
PLP231,cb_intrinsic,brain,PLP(R),473.3,281.0,43,-1,21,-1,25,-1,31,-1,-1,-1,26,-1
PLP232,cb_intrinsic,brain,PLP(R),645.2,305.1,-1,-1,38,-1,-1,-1,33,-1,-1,-1,-1,37
PLP239,cb_intrinsic,brain,PLP(L),507.0,219.1,-1,-1,-1,-1,-1,-1,-1,-1,48,-1,-1,37
PLP241,cb_intrinsic,brain,PLP(R),535.1,258.5,-1,-1,-1,-1,-1,-1,-1,-1,30,-1,-1,37
PLP243,cb_intrinsic,brain,PVLP(R),346.0,232.6,9,-1,-1,-1,-1,-1,62,-1,13,-1,44,37
PLP245,cb_intrinsic,brain,PLP(R),410.0,100.9,42,-1,58,-1,49,-1,-1,68,-1,-1,-1,37
PLP246,cb_intrinsic,brain,SMP(R),529.0,242.6,16,-1,9,-1,13,-1,29,-1,31,-1,-1,37
PLP247,cb_intrinsic,brain,PLP(R),664.1,347.3,13,-1,25,-1,13,-1,14,-1,21,-1,-1,37
PLP248,cb_intrinsic,brain,PLP(R),720.7,219.2,-1,-1,-1,44,22,-1,-1,68,-1,-1,-1,37
PLP249,cb_intrinsic,brain,PLP(R),648.3,208.5,49,-1,26,-1,35,-1,19,-1,51,-1,-1,37
PLP250,cb_intrinsic,brain,PLP(L),723.1,162.7,-1,-1,65,-1,59,-1,9,-1,32,-1,-1,37
PLP252,cb_intrinsic,brain,PLP(L),656.3,137.3,-1,-1,46,-1,35,-1,-1,-1,-1,-1,-1,37
PLP254,cb_intrinsic,brain,PLP(R),615.1,164.1,68,-1,56,-1,36,-1,64,-1,22,-1,-1,37
PLP256,cb_intrinsic,brain,PLP(R),658.3,214.6,-1,-1,17,-1,13,-1,20,-1,61,-1,-1,37
PLP257,cb_intrinsic,brain,PLP(R),374.3,220.5,62,-1,18,-1,16,-1,6,-1,58,-1,2,-1
PLP258,cb_intrinsic,brain,PLP(R),692.8,170.8,-1,-1,65,-1,33,-1,67,-1,68,-1,-1,37
PLP259,cb_intrinsic,brain,PLP(R),690.7,222.3,24,-1,-1,-1,-1,-1,-1,-1,-1,-1,60,37
PLP260,cb_intrinsic,brain,SPS(R),429.7,261.7,-1,-1,69,-1,64,-1,35,-1,56,-1,35,-1
PLP261,cb_intrinsic,brain,PLP(R),348.5,266.3,-1,-1,-1,-1,-1,-1,35,-1,-1,-1,-1,37
PLP262,cb_intrinsic,brain,PLP(R),350.3,220.8,-1,-1,-1,45,52,-1,-1,68,-1,-1,-1,37
PLP300m,cb_intrinsic,brain,GNG,418.9,343.5,-1,-1,-1,-1,24,-1,-1,-1,22,-1,17,-1
PLP301m,cb_intrinsic,brain,PLP(R),324.5,227.2,-1,-1,46,-1,46,-1,18,-1,11,-1,30,-1
PLP_TBD1,cb_intrinsic,brain,PLP(R),303.4,136.3,6,-1,-1,66,-1,-1,-1,-1,-1,-1,-1,37
PLVP059,cb_intrinsic,brain,PVLP(R),732.6,194.5,-1,-1,52,-1,51,-1,-1,68,-1,-1,-1,37
PPL101,cb_intrinsic,brain,gL(R),468.3,116.8,45,-1,65,27,13,-1,41,-1,10,-1,-1,37
PPL102,cb_intrinsic,brain,CRE(L),434.9,82.3,-1,-1,-1,45,6,-1,49,-1,5,-1,54,37
PPL103,cb_intrinsic,brain,gL(L),466.2,104.0,-1,-1,32,24,51,-1,-1,-1,-1,-1,-1,37
PPL104,cb_intrinsic,brain,a'L(R),399.0,95.3,-1,-1,-1,-1,-1,-1,35,-1,-1,-1,-1,37
PPL105,cb_intrinsic,brain,aL(R),405.0,92.6,-1,-1,-1,-1,-1,-1,28,-1,-1,-1,58,37
PPL106,cb_intrinsic,brain,aL(R),615.7,38.2,-1,-1,-1,-1,-1,-1,38,-1,31,-1,-1,37
PPL107,cb_intrinsic,brain,CRE(L),584.9,69.1,-1,-1,34,-1,12,-1,32,-1,4,-1,-1,37
PPL108,cb_intrinsic,brain,CRE(R),578.7,128.2,-1,-1,-1,-1,15,-1,45,-1,6,-1,-1,37
PPL201,cb_intrinsic,brain,SLP(R),631.8,74.8,-1,-1,-1,-1,27,-1,48,-1,44,-1,-1,37
PPL202,cb_intrinsic,brain,LH(R),755.4,148.2,30,-1,-1,-1,-1,-1,3,-1,68,-1,10,-1
PPL203,cb_intrinsic,brain,SLP(L),643.3,54.5,48,-1,-1,-1,32,-1,37,-1,34,-1,-1,37
PPL204,cb_intrinsic,brain,ATL(L),650.1,191.5,-1,-1,-1,-1,-1,-1,-1,-1,52,-1,-1,37
PPM1201,cb_intrinsic,brain,VES(L),495.9,210.0,-1,-1,-1,-1,24,-1,68,-1,54,-1,-1,37
PPM1202,cb_intrinsic,brain,WED(R),339.5,311.9,15,-1,-1,-1,22,-1,29,-1,35,-1,61,37
PPM1203,cb_intrinsic,brain,AVLP(R),731.0,204.3,-1,-1,-1,-1,45,-1,27,-1,55,-1,-1,37
PPM1204,cb_intrinsic,brain,SPS(L),444.3,319.3,9,-1,-1,-1,-1,-1,26,-1,16,-1,44,37
PPM1205,cb_intrinsic,brain,LAL(R),433.2,240.2,-1,-1,-1,-1,14,-1,-1,-1,6,-1,-1,37
PRW001,cb_intrinsic,brain,SMP(L),569.7,319.9,-1,-1,33,-1,39,-1,14,-1,9,-1,13,-1
PRW002,cb_intrinsic,brain,PRW,508.0,330.5,10,-1,28,-1,21,-1,13,-1,38,-1,14,-1
PRW003,cb_intrinsic,brain,PRW,446.8,390.8,-1,-1,32,-1,24,-1,22,-1,31,-1,11,-1
PRW004,cb_intrinsic,brain,PRW,536.8,345.1,-1,-1,24,-1,31,-1,15,-1,31,-1,13,-1
PRW005,cb_intrinsic,brain,PRW,542.8,331.1,-1,-1,7,-1,24,-1,-1,-1,65,-1,10,-1
PRW006,cb_intrinsic,brain,PRW,479.6,318.9,-1,-1,12,-1,15,-1,-1,-1,23,-1,-1,37
PRW007,cb_intrinsic,brain,PRW,586.0,74.5,31,-1,28,-1,39,-1,45,-1,-1,-1,11,-1
PRW008,cb_intrinsic,brain,SMP(L),539.2,317.5,-1,-1,19,-1,31,-1,40,-1,12,-1,6,-1
PRW009,cb_intrinsic,brain,PRW,450.8,138.7,55,-1,27,-1,-1,-1,12,-1,38,-1,12,-1
PRW010,cb_intrinsic,brain,PRW,554.5,90.4,-1,-1,68,-1,38,-1,45,-1,21,-1,12,-1
PRW011,cb_intrinsic,brain,PRW,499.8,339.7,-1,-1,-1,-1,57,-1,-1,-1,-1,-1,13,-1
PRW012,cb_intrinsic,brain,PRW,550.3,326.4,30,-1,53,-1,35,-1,45,-1,-1,-1,2,-1
PRW013,cb_intrinsic,brain,PRW,510.8,442.8,2,-1,47,-1,62,-1,-1,-1,-1,-1,12,-1
PRW014,cb_intrinsic,brain,PRW,542.2,319.5,3,-1,-1,-1,-1,-1,15,-1,-1,-1,-1,37
PRW015,cb_intrinsic,brain,PRW,507.6,429.2,-1,-1,-1,-1,-1,-1,-1,-1,-1,-1,-1,-1
PRW016,cb_intrinsic,brain,PRW,508.1,321.8,-1,-1,14,-1,67,-1,15,-1,-1,-1,7,-1
PRW017,cb_intrinsic,brain,PRW,507.1,341.9,6,-1,24,-1,-1,-1,45,-1,-1,-1,10,-1
PRW019,cb_intrinsic,brain,PRW,585.5,77.6,5,-1,-1,-1,-1,-1,46,-1,-1,-1,15,-1
PRW020,cb_intrinsic,brain,PRW,605.5,414.3,-1,-1,-1,-1,-1,-1,46,-1,-1,-1,15,-1
PRW021,cb_intrinsic,brain,PRW,547.0,284.2,57,-1,-1,-1,-1,-1,-1,-1,-1,-1,-1,37
PRW022,cb_intrinsic,brain,PRW,476.9,304.9,6,-1,-1,-1,-1,-1,45,-1,-1,-1,12,-1
PRW023,cb_intrinsic,brain,GNG,483.5,322.1,60,-1,-1,-1,-1,-1,14,-1,-1,-1,58,37
PRW024,cb_intrinsic,brain,PRW,542.2,329.1,-1,-1,-1,-1,41,-1,15,-1,65,-1,13,-1
PRW025,cb_intrinsic,brain,PRW,471.3,335.2,-1,-1,-1,-1,-1,-1,11,-1,-1,-1,5,-1
PRW026,cb_intrinsic,brain,PRW,489.9,307.5,18,-1,31,-1,46,-1,-1,-1,-1,-1,11,-1
PRW027,cb_intrinsic,brain,PRW,536.8,300.7,6,-1,-1,-1,-1,-1,-1,-1,-1,-1,13,-1
PRW028,cb_intrinsic,brain,PRW,474.4,333.5,-1,-1,-1,-1,59,-1,48,-1,-1,-1,51,37
PRW029,cb_intrinsic,brain,PRW,490.5,98.2,22,-1,-1,-1,-1,-1,-1,48,-1,-1,-1,37
PRW030,cb_intrinsic,brain,PRW,499.8,329.4,15,-1,-1,-1,-1,-1,48,-1,-1,-1,48,37
PRW031,cb_intrinsic,brain,PRW,573.6,309.2,-1,-1,35,-1,36,-1,14,-1,65,-1,11,-1
PRW032,cb_intrinsic,brain,PRW,533.3,345.6,27,-1,-1,-1,-1,-1,42,-1,44,-1,-1,37
PRW033,cb_intrinsic,brain,PRW,507.2,333.4,-1,-1,-1,-1,-1,-1,15,-1,-1,-1,6,-1
PRW034,cb_intrinsic,brain,PRW,459.8,337.3,23,-1,-1,-1,-1,-1,14,-1,-1,-1,13,-1
PRW035,cb_intrinsic,brain,PRW,481.2,339.7,55,-1,-1,-1,65,-1,13,-1,-1,-1,12,-1
PRW036,cb_intrinsic,brain,PRW,502.3,311.4,-1,-1,-1,-1,-1,-1,-1,-1,-1,-1,15,-1
PRW037,cb_intrinsic,brain,PRW,495.6,302.0,31,-1,45,-1,-1,-1,13,-1,-1,-1,13,-1
PRW038,cb_intrinsic,brain,PRW,432.6,65.8,47,-1,-1,-1,-1,-1,38,-1,-1,-1,7,-1
PRW039,cb_intrinsic,brain,PRW,529.5,290.0,18,-1,63,-1,50,-1,42,-1,64,-1,13,-1
PRW040,cb_intrinsic,brain,PRW,506.0,319.9,61,-1,-1,-1,-1,-1,45,-1,33,-1,13,-1
PRW041,cb_intrinsic,brain,PRW,509.1,333.8,-1,-1,21,-1,-1,-1,12,-1,-1,-1,12,-1
PRW042,cb_intrinsic,brain,PRW,479.4,306.1,-1,-1,46,-1,48,-1,-1,-1,-1,-1,15,-1
PRW043,cb_intrinsic,brain,PRW,491.0,304.3,20,-1,42,-1,63,-1,11,-1,-1,-1,6,-1
PRW044,cb_intrinsic,brain,PRW,477.6,410.6,26,-1,40,-1,-1,-1,12,-1,-1,-1,4,-1
PRW045,cb_intrinsic,brain,PRW,503.9,460.6,-1,-1,63,-1,-1,-1,43,-1,-1,-1,11,-1
PRW046,cb_intrinsic,brain,PRW,512.2,333.1,-1,-1,-1,-1,30,-1,-1,-1,-1,-1,9,-1
PRW047,cb_intrinsic,brain,PRW,535.1,289.4,-1,-1,16,-1,29,-1,13,-1,37,-1,1,-1
PRW048,cb_intrinsic,brain,PRW,487.4,307.9,3,-1,-1,-1,-1,-1,-1,-1,-1,-1,8,-1
PRW049,cb_intrinsic,brain,GNG,550.9,292.8,-1,-1,23,-1,12,-1,-1,-1,36,-1,3,-1
PRW050,cb_intrinsic,brain,PRW,465.2,323.4,-1,-1,-1,-1,-1,-1,12,-1,37,-1,-1,37
PRW051,cb_intrinsic,brain,PRW,507.2,326.2,-1,-1,-1,-1,-1,-1,43,-1,45,-1,-1,37
PRW052,cb_intrinsic,brain,PRW,505.2,364.6,47,-1,39,-1,19,-1,10,-1,11,-1,68,37
PRW053,cb_intrinsic,brain,PRW,455.2,338.1,-1,-1,32,-1,19,-1,15,-1,34,-1,10,-1
PRW054,cb_intrinsic,brain,PRW,468.6,338.4,-1,-1,-1,-1,-1,-1,11,-1,-1,-1,68,37
PRW055,cb_intrinsic,brain,PRW,469.7,334.7,54,-1,30,-1,11,-1,44,-1,19,-1,6,-1
PRW056,cb_intrinsic,brain,PRW,511.0,327.7,64,-1,-1,-1,34,-1,13,-1,37,-1,11,-1
PRW057,cb_intrinsic,brain,PRW,540.1,432.9,-1,-1,-1,-1,-1,-1,-1,-1,-1,-1,12,-1
PRW058,cb_intrinsic,brain,PRW,546.4,306.7,-1,-1,66,-1,-1,-1,14,-1,-1,-1,12,-1
PRW059,cb_intrinsic,brain,PRW,500.3,303.9,22,-1,46,-1,50,-1,-1,-1,69,-1,-1,37
PRW060,cb_intrinsic,brain,PRW,549.9,308.1,48,-1,24,-1,23,-1,12,-1,12,-1,5,-1
PRW061,cb_intrinsic,brain,PRW,535.7,296.1,48,-1,-1,-1,33,-1,13,-1,38,-1,13,-1
PRW062,cb_intrinsic,brain,PRW,559.5,363.7,-1,-1,-1,-1,68,-1,11,-1,-1,-1,11,-1
PRW063,cb_intrinsic,brain,PRW,448.0,398.7,-1,-1,-1,-1,50,-1,48,-1,-1,-1,11,-1
PRW064,cb_intrinsic,brain,PRW,545.6,330.7,-1,-1,-1,-1,64,-1,-1,-1,-1,-1,2,-1
PRW065,cb_intrinsic,brain,PRW,488.4,344.3,-1,-1,20,-1,42,-1,15,-1,37,-1,14,-1
PRW066,cb_intrinsic,brain,PRW,443.6,97.3,-1,-1,-1,-1,-1,-1,-1,-1,31,-1,-1,37
PRW067,cb_intrinsic,brain,PRW,434.0,382.9,-1,-1,-1,-1,-1,-1,43,-1,-1,-1,6,-1
PRW068,cb_intrinsic,brain,PRW,550.8,396.3,45,-1,16,-1,-1,-1,-1,-1,-1,-1,5,-1
PRW069,cb_intrinsic,brain,PRW,502.6,326.0,21,-1,62,-1,-1,-1,44,-1,-1,-1,12,-1
PRW070,cb_intrinsic,brain,PRW,505.8,326.9,-1,-1,10,-1,9,-1,4,-1,10,-1,6,-1
PRW071,cb_intrinsic,brain,PRW,468.3,322.3,68,-1,49,-1,51,-1,-1,-1,66,-1,13,-1
PRW072,cb_intrinsic,brain,PRW,548.1,288.3,33,-1,51,-1,-1,-1,41,-1,-1,-1,12,-1
PRW073,cb_intrinsic,brain,PRW,535.2,298.9,47,-1,17,-1,8,-1,13,-1,21,-1,14,-1
PRW074,cb_intrinsic,brain,SMP(R),452.9,99.6,8,-1,52,-1,-1,-1,44,-1,46,-1,20,-1
PRW075,cb_intrinsic,brain,PRW,475.5,331.4,-1,-1,9,-1,-1,-1,11,-1,-1,-1,10,-1
PS001,cb_intrinsic,brain,IB,414.7,266.7,-1,-1,50,-1,18,-1,-1,-1,27,-1,-1,37
PS002,cb_intrinsic,brain,SPS(L),701.3,242.7,26,-1,8,-1,14,-1,10,-1,5,-1,-1,37
PS003,cb_intrinsic,brain,SPS(L),488.4,243.1,-1,-1,26,-1,-1,-1,-1,-1,-1,-1,58,37
PS004,cb_intrinsic,brain,SPS(L),633.2,117.9,65,-1,41,-1,60,-1,23,-1,-1,-1,20,-1
PS005_a,cb_intrinsic,brain,SPS(L),469.3,262.4,5,-1,68,-1,-1,-1,-1,-1,-1,-1,-1,37
PS005_b,cb_intrinsic,brain,SPS(L),471.4,275.3,55,-1,-1,-1,-1,-1,-1,-1,-1,-1,-1,37
PS005_c,cb_intrinsic,brain,SPS(R),421.3,253.2,-1,-1,-1,-1,-1,-1,27,-1,-1,-1,-1,37
PS005_d,cb_intrinsic,brain,SPS(L),685.0,127.5,-1,-1,-1,-1,-1,-1,-1,-1,-1,-1,53,37
PS005_e,cb_intrinsic,brain,ICL(L),551.1,252.2,-1,-1,-1,-1,-1,-1,-1,-1,-1,-1,-1,37
PS005_f,cb_intrinsic,brain,SPS(L),449.7,291.3,22,-1,-1,-1,-1,-1,-1,-1,-1,-1,-1,37
PS007,cb_intrinsic,brain,PLP(L),310.9,215.8,15,-1,-1,-1,-1,-1,-1,-1,17,-1,-1,37
PS008_a1,cb_intrinsic,brain,SPS(L),608.0,241.9,7,-1,-1,-1,-1,-1,-1,-1,-1,-1,-1,37
PS008_a2,cb_intrinsic,brain,SPS(L),619.4,68.4,47,-1,-1,-1,-1,-1,64,-1,16,-1,10,-1
PS008_a3,cb_intrinsic,brain,SPS(L),544.1,275.3,-1,-1,-1,-1,-1,-1,-1,-1,-1,-1,-1,37
PS008_a4,cb_intrinsic,brain,SPS(R),632.6,253.3,-1,-1,-1,-1,-1,-1,-1,-1,40,-1,64,37
PS008_b,cb_intrinsic,brain,SPS(R),326.2,104.5,22,-1,-1,-1,-1,-1,-1,-1,-1,-1,-1,37
PS010,cb_intrinsic,brain,LAL(L),567.7,219.3,-1,-1,52,-1,14,-1,-1,-1,10,-1,-1,37
PS011,cb_intrinsic,brain,PLP(R),559.8,186.9,22,-1,-1,-1,38,-1,30,-1,19,-1,-1,37
PS013,cb_intrinsic,brain,IPS(L),376.1,380.6,21,-1,65,-1,13,-1,15,-1,15,-1,-1,37
PS018_a,cb_intrinsic,brain,SPS(R),398.9,368.5,68,-1,49,-1,33,-1,-1,-1,9,-1,55,37
PS018_b,cb_intrinsic,brain,SPS(R),448.0,311.8,-1,-1,-1,-1,14,-1,-1,-1,9,-1,-1,37
PS019,cb_intrinsic,brain,GNG,460.7,390.6,-1,-1,13,-1,5,-1,13,-1,1,-1,-1,37
PS020,cb_intrinsic,brain,PLP(R),366.6,227.8,49,-1,-1,-1,-1,-1,-1,67,-1,-1,-1,37
PS021,cb_intrinsic,brain,SPS(L),362.0,288.1,-1,-1,-1,-1,-1,-1,-1,-1,10,-1,-1,37
PS022,cb_intrinsic,brain,SPS(R),359.3,230.7,-1,-1,-1,-1,-1,-1,-1,-1,17,-1,63,37
PS023,cb_intrinsic,brain,SPS(R),615.2,309.7,51,-1,-1,-1,-1,-1,-1,-1,-1,-1,-1,37
PS024,cb_intrinsic,brain,SPS(L),447.2,273.1,-1,-1,-1,-1,-1,-1,-1,-1,8,-1,52,37
PS025,cb_intrinsic,brain,SPS(R),584.8,282.6,-1,-1,-1,-1,-1,-1,-1,-1,11,-1,58,37
PS026,cb_intrinsic,brain,VES(L),579.2,186.8,30,-1,-1,-1,-1,-1,-1,-1,11,-1,-1,37
PS027,cb_intrinsic,brain,SPS(R),580.0,242.3,1,-1,-1,-1,26,-1,-1,-1,20,-1,-1,37
PS029,cb_intrinsic,brain,SPS(R),421.4,343.9,69,-1,-1,-1,-1,-1,-1,-1,10,-1,48,37
PS030,cb_intrinsic,brain,SPS(R),634.0,325.3,4,-1,-1,-1,-1,-1,-1,-1,26,-1,44,37
PS031,cb_intrinsic,brain,IPS(R),603.3,332.7,-1,-1,-1,-1,-1,-1,-1,-1,-1,-1,65,37
PS032,cb_intrinsic,brain,IPS(R),495.0,414.1,-1,-1,-1,-1,-1,-1,10,-1,41,-1,-1,37
PS033_a,cb_intrinsic,brain,SPS(L),552.6,259.0,42,-1,65,-1,-1,-1,12,-1,-1,-1,-1,37
PS033_b,cb_intrinsic,brain,SPS(R),563.7,310.9,43,-1,-1,-1,-1,-1,-1,-1,69,-1,-1,37
PS034,cb_intrinsic,brain,SPS(L),455.0,297.5,60,-1,-1,-1,55,-1,-1,-1,43,-1,25,-1
PS037,cb_intrinsic,brain,SAD,517.4,373.1,19,-1,-1,-1,44,-1,-1,-1,-1,-1,30,-1
PS038,cb_intrinsic,brain,ICL(L),672.9,134.3,-1,-1,63,-1,56,-1,15,-1,25,-1,-1,37
PS041,cb_intrinsic,brain,SPS(R),446.1,260.3,59,-1,-1,-1,-1,-1,38,-1,58,-1,-1,37
PS042,cb_intrinsic,brain,IPS(R),433.5,355.8,44,-1,-1,-1,39,-1,10,-1,6,-1,-1,37
PS046,cb_intrinsic,brain,IB,435.6,270.1,28,-1,10,-1,52,-1,13,-1,28,-1,-1,37
PS047_a,cb_intrinsic,brain,IPS(R),471.1,303.5,-1,-1,-1,-1,8,-1,12,-1,19,-1,21,-1
PS047_b,cb_intrinsic,brain,IPS(R),436.1,271.8,-1,-1,9,-1,3,-1,4,-1,8,-1,37,-1
PS048_a,cb_intrinsic,brain,WED(L),460.3,431.9,9,-1,35,-1,18,-1,18,-1,28,-1,-1,37
PS048_b,cb_intrinsic,brain,IPS(R),355.8,333.9,33,-1,34,-1,23,-1,8,-1,-1,-1,-1,37
PS049,cb_intrinsic,brain,LAL(L),626.8,233.3,-1,-1,15,-1,9,-1,-1,-1,9,-1,-1,37
PS050,cb_intrinsic,brain,SPS(L),429.9,156.6,36,-1,32,-1,40,-1,38,-1,62,-1,-1,37
PS051,cb_intrinsic,brain,IPS(L),486.5,209.9,18,-1,23,-1,27,-1,8,-1,13,-1,36,-1
PS052,cb_intrinsic,brain,SPS(R),612.6,272.9,-1,-1,15,-1,18,-1,-1,-1,42,-1,-1,37
PS053,cb_intrinsic,brain,GNG,431.9,324.6,-1,-1,40,-1,-1,-1,18,-1,-1,-1,22,-1
PS054,cb_intrinsic,brain,IPS(L),463.2,357.2,-1,-1,61,-1,55,-1,-1,-1,-1,-1,-1,37
PS055,cb_intrinsic,brain,GNG,598.8,376.5,51,-1,25,-1,27,-1,12,-1,19,-1,1,-1
PS057,cb_intrinsic,brain,WED(R),353.1,348.8,-1,-1,62,-1,11,-1,-1,-1,10,-1,-1,37
PS058,cb_intrinsic,brain,PLP(R),330.9,271.9,18,-1,33,-1,12,-1,-1,-1,29,-1,21,-1
PS059,cb_intrinsic,brain,IPS(R),407.4,345.4,9,-1,7,-1,4,-1,39,-1,1,-1,62,37
PS060,cb_intrinsic,brain,GNG,572.3,395.5,5,-1,41,-1,65,-1,4,-1,8,-1,-1,37
PS061,cb_intrinsic,brain,IPS(L),402.8,342.7,10,-1,10,-1,26,-1,30,-1,49,-1,25,-1
PS062,cb_intrinsic,brain,SPS(L),551.6,277.6,2,-1,55,-1,50,-1,-1,68,-1,-1,-1,37
PS063,cb_intrinsic,brain,SPS(L),450.0,142.7,40,-1,19,-1,-1,-1,29,-1,57,-1,53,37
PS065,cb_intrinsic,brain,PLP(R),320.3,185.3,-1,-1,18,-1,12,-1,22,-1,18,-1,66,37
PS068,cb_intrinsic,brain,SPS(L),569.4,242.7,-1,-1,41,-1,53,-1,-1,-1,-1,-1,53,37
PS070,cb_intrinsic,brain,IPS(R),423.0,361.0,-1,-1,-1,46,64,-1,-1,-1,-1,-1,-1,37
PS072,cb_intrinsic,brain,IPS(R),606.0,327.1,25,-1,59,-1,11,-1,16,-1,-1,-1,-1,37
PS074,cb_intrinsic,brain,IPS(R),423.1,376.0,14,-1,-1,-1,54,-1,-1,68,-1,-1,-1,37
PS076,cb_intrinsic,brain,SPS(L),561.1,261.1,-1,-1,25,-1,-1,-1,34,-1,66,-1,28,-1
PS077,cb_intrinsic,brain,IPS(L),680.1,311.2,18,-1,29,-1,27,-1,14,-1,-1,-1,-1,37
PS078,cb_intrinsic,brain,IPS(R),423.8,347.1,13,-1,-1,67,24,-1,23,-1,-1,-1,-1,37
PS080,cb_intrinsic,brain,IPS(R),440.1,260.3,14,-1,44,-1,26,-1,38,-1,5,-1,32,-1
PS081,cb_intrinsic,brain,SPS(R),612.5,351.8,-1,-1,40,-1,32,-1,-1,-1,60,-1,-1,37
PS082,cb_intrinsic,brain,SPS(L),411.9,290.6,-1,-1,38,-1,31,-1,-1,-1,49,-1,-1,37
PS083_a,cb_intrinsic,brain,SPS(R),423.1,285.7,41,-1,43,-1,24,-1,35,-1,-1,-1,-1,37
PS083_b,cb_intrinsic,brain,SPS(R),705.3,99.1,-1,-1,59,-1,9,-1,34,-1,33,-1,-1,37
PS083_c,cb_intrinsic,brain,SPS(R),634.8,258.7,-1,-1,27,-1,40,-1,-1,-1,-1,-1,-1,37
PS084,cb_intrinsic,brain,SPS(R),595.7,273.3,36,-1,12,-1,13,-1,-1,-1,36,-1,68,37
PS085,cb_intrinsic,brain,SPS(R),397.0,340.4,16,-1,57,-1,28,-1,-1,-1,53,-1,-1,37
PS087,cb_intrinsic,brain,SPS(L),619.2,266.9,61,-1,24,-1,-1,-1,-1,-1,-1,-1,-1,37
PS088,cb_intrinsic,brain,GNG,595.0,186.5,22,-1,9,-1,16,-1,2,-1,16,-1,63,37
PS089,cb_intrinsic,brain,GNG,428.5,237.5,-1,-1,17,-1,18,-1,14,-1,36,-1,30,-1
PS090,cb_intrinsic,brain,SPS(L),582.6,290.9,-1,-1,22,-1,15,-1,13,-1,6,-1,-1,37
PS091,cb_intrinsic,brain,SPS(R),389.9,338.3,40,-1,46,-1,45,-1,31,-1,54,-1,-1,37
PS092,cb_intrinsic,brain,ICL(L),466.6,294.7,25,-1,-1,-1,-1,-1,-1,-1,24,-1,-1,37
PS093,cb_intrinsic,brain,SPS(R),609.2,246.5,-1,-1,45,-1,34,-1,64,-1,-1,-1,-1,37
PS094,cb_intrinsic,brain,GNG,553.8,252.5,-1,-1,-1,-1,-1,-1,24,-1,-1,-1,33,-1
PS095,cb_intrinsic,brain,GNG,595.5,304.7,8,-1,28,-1,62,-1,14,-1,48,-1,30,-1
PS096,cb_intrinsic,brain,ICL(L),368.7,149.0,6,-1,11,-1,9,-1,23,-1,12,-1,64,37
PS097,cb_intrinsic,brain,ICL(L),451.0,237.9,-1,-1,54,-1,21,-1,20,-1,14,-1,-1,37
PS098,cb_intrinsic,brain,SPS(L),448.7,287.5,2,-1,13,-1,34,-1,18,-1,18,-1,50,37
PS099_a,cb_intrinsic,brain,LAL(L),362.7,312.6,-1,-1,-1,-1,38,-1,33,-1,30,-1,-1,37
PS099_b,cb_intrinsic,brain,IPS(R),410.0,325.8,49,-1,23,-1,32,-1,23,-1,29,-1,-1,37
PS100,cb_intrinsic,brain,GNG,605.5,318.0,-1,-1,39,-1,4,-1,10,-1,6,-1,-1,37
PS101,cb_intrinsic,brain,IB,435.8,314.0,-1,-1,-1,-1,-1,-1,31,-1,52,-1,-1,37
PS106,cb_intrinsic,brain,SPS(L),613.6,286.2,-1,-1,51,-1,5,-1,62,-1,13,-1,-1,37
PS107,cb_intrinsic,brain,IB,429.3,282.3,-1,-1,59,-1,50,-1,-1,-1,11,-1,11,-1
PS108,cb_intrinsic,brain,SPS(R),462.5,253.6,-1,-1,54,-1,37,-1,-1,-1,-1,-1,-1,37
PS109,cb_intrinsic,brain,SPS(R),548.2,189.0,-1,-1,-1,-1,-1,-1,17,-1,8,-1,46,37
PS110,cb_intrinsic,brain,PLP(R),334.1,203.9,7,-1,-1,-1,-1,65,-1,68,-1,-1,-1,37
PS111,cb_intrinsic,brain,SPS(R),612.9,282.9,-1,-1,30,-1,14,-1,4,-1,6,-1,-1,37
PS112,cb_intrinsic,brain,SPS(R),614.6,191.9,-1,-1,30,-1,11,-1,17,-1,7,-1,31,-1
PS114,cb_intrinsic,brain,IB,582.9,222.6,-1,-1,46,-1,-1,-1,8,-1,17,-1,12,-1
PS115,cb_intrinsic,brain,SAD,582.7,438.2,2,-1,21,-1,48,-1,8,-1,-1,-1,64,37
PS116,cb_intrinsic,brain,GNG,541.6,397.1,13,-1,15,-1,13,-1,57,-1,35,-1,-1,37
PS117_a,cb_intrinsic,brain,GNG,563.4,344.8,-1,-1,67,-1,23,-1,16,-1,67,-1,-1,37
PS117_b,cb_intrinsic,brain,GNG,397.1,324.2,12,-1,26,-1,37,-1,24,-1,67,-1,21,-1
PS118,cb_intrinsic,brain,GNG,514.4,387.0,47,-1,30,-1,-1,-1,21,-1,-1,-1,-1,37
PS124,cb_intrinsic,brain,IPS(L),443.4,266.0,-1,-1,6,-1,6,-1,8,-1,5,-1,-1,37
PS126,cb_intrinsic,brain,SPS(R),499.5,428.5,-1,-1,15,-1,13,-1,10,-1,22,-1,22,-1
PS127,cb_intrinsic,brain,SPS(L),420.4,184.7,-1,-1,62,41,-1,-1,-1,-1,-1,-1,-1,37
PS137,cb_intrinsic,brain,IPS(R),609.0,311.0,37,-1,38,-1,9,-1,15,-1,8,-1,-1,37
PS138,cb_intrinsic,brain,SPS(L),584.5,332.3,-1,-1,-1,-1,19,-1,-1,-1,-1,-1,-1,37
PS139,cb_intrinsic,brain,SPS(L),502.2,211.0,-1,-1,-1,-1,-1,-1,25,-1,10,-1,-1,37
PS140,cb_intrinsic,brain,SPS(L),588.2,256.7,29,-1,45,-1,22,-1,32,-1,7,-1,-1,37
PS141,cb_intrinsic,brain,WED(L),533.7,368.7,11,-1,-1,-1,30,-1,36,-1,22,-1,33,-1
PS142,cb_intrinsic,brain,SPS(L),681.6,214.7,-1,-1,57,-1,-1,-1,32,-1,-1,-1,-1,37
PS143,cb_intrinsic,brain,SPS(L),556.6,218.5,-1,-1,-1,-1,-1,-1,-1,49,-1,-1,69,37
PS146,cb_intrinsic,brain,SPS(R),566.0,255.6,-1,-1,13,-1,32,-1,8,-1,15,-1,-1,37
PS148,cb_intrinsic,brain,PLP(R),671.4,338.7,-1,-1,27,-1,65,-1,10,-1,64,-1,-1,37
PS149,cb_intrinsic,brain,SPS(L),458.1,80.4,21,-1,-1,-1,-1,-1,-1,68,-1,-1,-1,37
PS150,cb_intrinsic,brain,PLP(R),719.3,209.4,-1,-1,-1,69,-1,59,-1,68,-1,-1,-1,37
PS153,cb_intrinsic,brain,SPS(R),576.2,256.5,42,-1,-1,-1,-1,-1,-1,-1,41,-1,-1,37
PS156,cb_intrinsic,brain,SPS(R),492.6,227.7,52,-1,14,-1,15,-1,9,-1,12,-1,-1,37
PS157,cb_intrinsic,brain,PLP(L),692.6,319.6,-1,-1,34,-1,52,-1,6,-1,48,-1,54,37
PS158,cb_intrinsic,brain,SPS(L),355.1,232.1,-1,-1,60,-1,46,-1,62,-1,18,-1,-1,37
PS159,cb_intrinsic,brain,SPS(L),454.5,249.2,-1,-1,37,-1,50,-1,-1,-1,-1,-1,44,37
PS160,cb_intrinsic,brain,IB,443.8,265.3,-1,-1,63,-1,36,-1,18,-1,37,-1,65,37
PS161,cb_intrinsic,brain,SPS(L),449.9,270.2,-1,-1,-1,-1,-1,-1,-1,-1,67,-1,-1,37
PS164,cb_intrinsic,brain,SAD,588.1,230.7,31,-1,-1,-1,14,-1,3,-1,11,-1,19,-1
PS170,cb_intrinsic,brain,IPS(R),447.9,301.9,-1,-1,62,-1,55,-1,-1,-1,-1,-1,-1,37
PS171,cb_intrinsic,brain,SPS(L),563.0,279.9,-1,-1,-1,-1,22,-1,39,-1,21,-1,60,37
PS172,cb_intrinsic,brain,SPS(R),615.6,311.6,-1,-1,46,-1,24,-1,-1,-1,36,-1,50,37
PS173,cb_intrinsic,brain,SPS(L),589.1,275.0,66,-1,37,-1,-1,-1,38,-1,-1,-1,64,37
PS174,cb_intrinsic,brain,IPS(R),462.7,368.6,-1,-1,-1,-1,56,-1,15,-1,47,-1,46,37
PS175,cb_intrinsic,brain,SPS(L),386.3,272.4,35,-1,18,-1,26,-1,37,-1,38,-1,-1,37
PS176,cb_intrinsic,brain,SPS(L),359.2,187.4,-1,-1,-1,-1,-1,-1,32,-1,44,-1,46,37
PS177,cb_intrinsic,brain,SPS(L),609.3,329.9,1,-1,-1,-1,-1,-1,39,-1,-1,-1,60,37
PS178,cb_intrinsic,brain,SPS(L),425.9,283.4,-1,-1,-1,-1,51,-1,15,-1,43,-1,-1,37
PS180,cb_intrinsic,brain,SPS(R),589.9,230.0,21,-1,16,-1,27,-1,29,-1,15,-1,-1,37
PS181,cb_intrinsic,brain,ICL(L),395.2,207.3,13,-1,52,-1,15,-1,14,-1,11,-1,14,-1
PS182,cb_intrinsic,brain,SPS(L),721.8,186.7,4,-1,63,-1,-1,-1,12,-1,17,-1,-1,37
PS183,cb_intrinsic,brain,IB,469.4,264.5,13,-1,-1,-1,-1,-1,-1,-1,54,-1,-1,37
PS185,cb_intrinsic,brain,IB,322.9,216.4,-1,-1,-1,-1,-1,-1,64,-1,42,-1,-1,37
PS186,cb_intrinsic,brain,IB,510.3,199.8,-1,-1,69,-1,67,-1,-1,-1,14,-1,65,37
PS187,cb_intrinsic,brain,IB,436.0,157.3,13,-1,-1,-1,56,-1,16,-1,14,-1,-1,37
PS188,cb_intrinsic,brain,SPS(R),573.2,265.1,15,-1,42,-1,32,-1,16,-1,5,-1,63,37
PS191,cb_intrinsic,brain,IPS(R),450.7,337.5,7,-1,-1,-1,-1,-1,-1,-1,-1,-1,-1,37
PS192,cb_intrinsic,brain,SPS(R),474.5,310.6,32,-1,-1,-1,-1,-1,-1,-1,-1,-1,-1,37
PS193,cb_intrinsic,brain,IPS(R),596.8,276.8,39,-1,-1,-1,-1,-1,35,-1,44,-1,-1,37
PS193b,cb_intrinsic,brain,IPS(R),462.1,360.7,-1,-1,-1,-1,-1,-1,35,-1,31,-1,-1,37
PS194,cb_intrinsic,brain,GNG,520.6,364.3,-1,-1,-1,-1,34,-1,26,-1,9,-1,-1,37
PS196_a,cb_intrinsic,brain,LAL(L),401.8,383.4,5,-1,6,-1,5,-1,21,-1,7,-1,37,-1
PS196_b,cb_intrinsic,brain,LAL(L),655.6,301.2,-1,-1,8,-1,16,-1,6,-1,28,-1,-1,37
PS197,cb_intrinsic,brain,IPS(R),349.7,324.7,-1,-1,13,-1,16,-1,23,-1,27,-1,-1,37
PS199,cb_intrinsic,brain,SPS(R),693.3,208.1,-1,-1,-1,-1,-1,-1,-1,-1,-1,-1,-1,37
PS200,cb_intrinsic,brain,SPS(R),446.0,240.9,-1,-1,-1,-1,15,-1,-1,-1,5,-1,-1,37
PS201,cb_intrinsic,brain,VES(R),453.6,284.6,33,-1,51,-1,-1,-1,-1,-1,23,-1,-1,37
PS202,cb_intrinsic,brain,SPS(R),452.2,245.3,-1,-1,66,-1,-1,-1,38,-1,57,-1,-1,37
PS203,cb_intrinsic,brain,SPS(L),592.9,261.9,17,-1,-1,-1,22,-1,-1,-1,31,-1,-1,37
PS206,cb_intrinsic,brain,LAL(L),435.0,170.1,-1,-1,-1,-1,-1,-1,-1,-1,-1,-1,60,37
PS208,cb_intrinsic,brain,SPS(R),607.4,262.4,-1,-1,8,-1,11,-1,12,-1,48,-1,-1,37
PS209,cb_intrinsic,brain,IPS(R),447.0,306.5,-1,-1,16,-1,-1,-1,13,-1,16,-1,-1,37
PS210,cb_intrinsic,brain,SPS(R),381.3,317.3,57,-1,-1,-1,-1,-1,-1,-1,60,-1,-1,37
PS213,cb_intrinsic,brain,IPS(R),605.0,315.7,-1,-1,25,-1,24,-1,16,-1,35,-1,-1,37
PS214,cb_intrinsic,brain,VES(L),572.5,296.7,68,-1,27,-1,-1,-1,33,-1,50,-1,55,37
PS215,cb_intrinsic,brain,SPS(R),450.8,257.6,7,-1,19,-1,-1,-1,-1,-1,-1,-1,-1,37
PS217,cb_intrinsic,brain,VES(L),572.4,358.3,34,-1,-1,-1,48,-1,65,-1,68,-1,-1,37
PS220,cb_intrinsic,brain,IPS(R),437.6,383.9,-1,-1,62,-1,20,-1,-1,-1,51,-1,54,37
PS221,cb_intrinsic,brain,GNG,563.9,313.7,-1,-1,30,-1,21,-1,23,-1,59,-1,21,-1
PS224,cb_intrinsic,brain,IPS(L),573.8,329.0,59,-1,-1,-1,-1,-1,25,-1,57,-1,-1,37
PS229,cb_intrinsic,brain,SPS(R),600.0,255.9,-1,-1,12,-1,-1,-1,-1,-1,-1,-1,58,37
PS230,cb_intrinsic,brain,PLP(R),482.0,282.4,55,-1,54,-1,15,-1,37,-1,32,-1,29,-1
PS231,cb_intrinsic,brain,SPS(L),409.3,281.7,-1,-1,65,-1,66,-1,-1,-1,22,-1,-1,37
PS232,cb_intrinsic,brain,LAL(L),619.6,308.0,61,-1,29,-1,-1,66,10,-1,7,-1,54,37
PS233,cb_intrinsic,brain,LAL(L),574.7,236.5,10,-1,20,-1,13,-1,10,-1,12,-1,57,37
PS234,cb_intrinsic,brain,WED(R),603.3,318.7,-1,-1,31,-1,26,-1,15,-1,-1,-1,30,-1
PS237,cb_intrinsic,brain,IPS(R),441.0,379.4,-1,-1,16,-1,16,-1,-1,30,47,-1,37,-1
PS238,cb_intrinsic,brain,PLP(R),585.1,285.9,43,-1,-1,57,48,-1,32,-1,-1,-1,-1,37
PS239,cb_intrinsic,brain,GNG,488.7,408.4,66,-1,-1,-1,-1,-1,-1,-1,-1,-1,-1,37
PS240,cb_intrinsic,brain,IB,595.5,269.8,40,-1,-1,-1,-1,-1,50,-1,45,-1,50,37
PS241,cb_intrinsic,brain,GNG,518.3,349.3,-1,-1,-1,-1,42,-1,-1,-1,67,-1,44,37
PS242,cb_intrinsic,brain,IPS(R),588.0,308.5,37,-1,52,-1,-1,-1,31,-1,-1,-1,46,37
PS246,cb_intrinsic,brain,SPS(R),639.8,313.1,-1,-1,-1,-1,-1,-1,-1,-1,-1,-1,-1,37
PS247,cb_intrinsic,brain,SPS(R),492.8,253.5,60,-1,-1,-1,-1,-1,-1,-1,-1,-1,47,37
PS248,cb_intrinsic,brain,SPS(L),417.5,269.6,-1,-1,-1,-1,51,-1,-1,-1,9,-1,-1,37
PS249,cb_intrinsic,brain,SPS(L),469.1,319.5,27,-1,-1,-1,24,-1,12,-1,28,-1,6,-1
PS252,cb_intrinsic,brain,PLP(R),508.3,217.4,-1,-1,-1,-1,-1,-1,50,-1,46,-1,-1,37
PS253,cb_intrinsic,brain,PLP(R),400.9,353.4,-1,-1,-1,-1,-1,-1,-1,-1,20,-1,-1,37
PS258,cb_intrinsic,brain,IB,349.6,277.2,59,-1,-1,-1,-1,-1,10,-1,-1,-1,-1,37
PS260,cb_intrinsic,brain,SPS(L),396.0,212.6,-1,-1,-1,48,-1,-1,15,-1,-1,-1,-1,37
PS261,cb_intrinsic,brain,IPS(L),609.7,329.5,-1,-1,60,-1,54,-1,69,-1,54,-1,64,37
PS262,cb_intrinsic,brain,IPS(R),428.0,268.0,-1,-1,-1,-1,-1,-1,-1,-1,-1,-1,-1,37
PS263,cb_intrinsic,brain,SPS(R),441.8,263.1,6,-1,50,-1,27,-1,17,-1,57,-1,-1,37
PS265,cb_intrinsic,brain,IPS(R),426.2,352.0,23,-1,15,-1,25,-1,11,-1,31,-1,-1,37
PS267,cb_intrinsic,brain,PLP(R),548.3,242.7,-1,-1,-1,-1,-1,-1,31,-1,-1,-1,51,37
PS268,cb_intrinsic,brain,SPS(L),597.3,250.2,-1,-1,45,-1,41,-1,18,-1,17,-1,-1,37
PS269,cb_intrinsic,brain,SPS(L),618.1,279.4,-1,-1,53,-1,65,-1,38,-1,21,-1,-1,37
PS270,cb_intrinsic,brain,SPS(R),576.2,285.7,-1,-1,-1,-1,-1,-1,22,-1,-1,-1,-1,37
PS272,cb_intrinsic,brain,SPS(R),435.4,307.2,-1,-1,13,-1,22,-1,3,-1,20,-1,2,-1
PS274,cb_intrinsic,brain,SPS(R),556.7,373.7,28,-1,48,-1,7,-1,5,-1,4,-1,54,37
PS276,cb_intrinsic,brain,SPS(R),410.3,255.5,16,-1,31,-1,33,-1,42,-1,-1,-1,-1,37
PS278,cb_intrinsic,brain,IPS(R),434.0,343.4,-1,-1,62,-1,10,-1,16,-1,19,-1,-1,37
PS279,cb_intrinsic,brain,SPS(L),604.7,256.0,-1,-1,23,-1,10,-1,15,-1,11,-1,32,-1
PS280,cb_intrinsic,brain,SPS(R),434.8,274.7,13,-1,26,-1,-1,-1,23,-1,18,-1,-1,37
PS281,cb_intrinsic,brain,SPS(R),609.2,370.7,-1,-1,-1,-1,15,-1,-1,-1,20,-1,65,37
PS282,cb_intrinsic,brain,SPS(L),570.9,312.9,-1,-1,18,-1,9,-1,34,-1,22,-1,-1,37
PS283,cb_intrinsic,brain,SPS(R),618.4,233.8,-1,-1,-1,-1,-1,-1,-1,-1,59,-1,-1,37
PS284,cb_intrinsic,brain,SPS(R),478.9,208.9,-1,-1,-1,-1,15,-1,-1,-1,-1,-1,50,37
PS285,cb_intrinsic,brain,SPS(R),615.4,294.0,10,-1,68,-1,20,-1,44,-1,28,-1,-1,37
PS286,cb_intrinsic,brain,SPS(R),553.3,242.9,26,-1,-1,-1,-1,-1,35,-1,54,-1,62,37
PS291,cb_intrinsic,brain,LAL(L),411.1,278.7,-1,-1,24,-1,34,-1,-1,68,-1,-1,-1,37
PS292,cb_intrinsic,brain,LAL(L),426.3,191.3,-1,-1,18,-1,26,-1,-1,-1,-1,-1,60,37
PS300,cb_intrinsic,brain,IB,589.1,241.4,10,-1,27,-1,13,-1,6,-1,6,-1,9,-1
PS303,cb_intrinsic,brain,IPS(L),628.0,298.0,-1,-1,19,-1,30,-1,16,-1,47,-1,32,-1
PS304,cb_intrinsic,brain,GNG,474.6,304.1,-1,-1,17,-1,12,-1,5,-1,36,-1,1,-1
PS305,cb_intrinsic,brain,SPS(L),415.0,283.0,15,-1,24,-1,-1,-1,31,-1,-1,-1,-1,37
PS306,cb_intrinsic,brain,SPS(R),415.1,258.1,11,-1,40,-1,5,-1,14,-1,4,-1,-1,37
PS307,cb_intrinsic,brain,IPS(R),528.0,424.5,2,-1,29,-1,54,-1,15,-1,-1,-1,37,-1
PS308,cb_intrinsic,brain,IPS(L),633.8,265.3,-1,-1,26,-1,29,-1,16,-1,14,-1,-1,37
PS309,cb_intrinsic,brain,SPS(R),416.7,358.8,57,-1,12,-1,12,-1,14,-1,12,-1,30,-1
PS310,cb_intrinsic,brain,SPS(R),442.1,284.7,-1,-1,59,-1,15,-1,4,-1,14,-1,6,-1
PS311,cb_intrinsic,brain,IPS(L),608.1,326.9,38,-1,-1,-1,-1,-1,21,-1,62,-1,-1,37
PS312,cb_intrinsic,brain,SAD,546.6,198.2,-1,-1,-1,-1,58,-1,32,-1,-1,-1,29,-1
PS313,cb_intrinsic,brain,IPS(L),599.2,355.3,-1,-1,-1,-1,37,-1,-1,-1,53,-1,67,37
PS314,cb_intrinsic,brain,SPS(R),530.9,208.9,-1,-1,35,-1,15,-1,9,-1,69,-1,57,37
PS315,cb_intrinsic,brain,IB,512.2,204.3,-1,-1,42,-1,35,-1,11,-1,19,-1,68,37
PS316,cb_intrinsic,brain,IPS(L),631.4,353.9,18,-1,-1,-1,62,-1,-1,-1,41,-1,52,37
PS317,cb_intrinsic,brain,SPS(L),470.6,198.1,50,-1,-1,-1,51,-1,-1,-1,66,-1,56,37
PS318,cb_intrinsic,brain,IB,606.4,267.3,31,-1,57,-1,60,-1,-1,-1,67,-1,-1,37
PS320,cb_intrinsic,brain,IPS(L),597.5,323.5,5,-1,-1,-1,19,-1,35,-1,31,-1,-1,37
PS321,cb_intrinsic,brain,IPS(R),429.4,320.2,5,-1,46,-1,10,-1,20,-1,13,-1,-1,37
PS322,cb_intrinsic,brain,IPS(L),398.4,335.7,43,-1,-1,-1,17,-1,11,-1,3,-1,-1,37
PS323,cb_intrinsic,brain,GNG,500.4,404.1,69,-1,57,-1,59,-1,-1,-1,-1,-1,66,37
PS324,cb_intrinsic,brain,IPS(R),568.6,370.9,-1,-1,-1,-1,12,-1,-1,-1,7,-1,-1,37
PS326,cb_intrinsic,brain,SAD,427.3,314.1,37,-1,4,-1,11,-1,21,-1,24,-1,25,-1
PS327,cb_intrinsic,brain,GNG,483.9,431.3,-1,-1,29,-1,52,-1,15,-1,-1,-1,22,-1
PS328,cb_intrinsic,brain,IPS(R),604.9,329.2,30,-1,-1,-1,-1,-1,-1,-1,42,-1,-1,37
PS329,cb_intrinsic,brain,GNG,412.3,343.0,-1,-1,-1,-1,-1,-1,-1,-1,-1,-1,53,-1
PS330,cb_intrinsic,brain,GNG,472.0,459.4,-1,-1,-1,-1,-1,-1,17,-1,-1,-1,-1,37
PS331,cb_intrinsic,brain,IPS(R),440.7,373.2,-1,-1,-1,-1,64,-1,26,-1,-1,-1,-1,37
PS333,cb_intrinsic,brain,IPS(R),590.3,277.8,-1,-1,22,-1,44,-1,11,-1,-1,-1,34,-1
PS334,cb_intrinsic,brain,SPS(R),594.8,245.5,59,-1,30,-1,-1,-1,-1,-1,53,-1,-1,37
PS335,cb_intrinsic,brain,SPS(L),706.6,257.2,-1,-1,64,-1,-1,-1,-1,-1,-1,-1,-1,37
PS336,cb_intrinsic,brain,IPS(R),567.5,311.2,-1,-1,5,-1,33,-1,33,-1,11,-1,-1,37
PS337,cb_intrinsic,brain,GNG,452.1,353.5,-1,-1,-1,-1,-1,-1,-1,-1,-1,-1,31,-1
PS338,cb_intrinsic,brain,IPS(R),421.5,324.7,30,-1,-1,-1,-1,-1,-1,-1,-1,-1,-1,37
PS339,cb_intrinsic,brain,IPS(R),427.7,390.6,1,-1,-1,-1,-1,-1,-1,-1,-1,-1,-1,37
PS340,cb_intrinsic,brain,IPS(L),572.0,353.0,-1,-1,-1,-1,-1,-1,15,-1,-1,-1,-1,37
PS341,cb_intrinsic,brain,IPS(L),451.2,435.4,-1,-1,-1,-1,-1,-1,-1,-1,58,-1,-1,37
PS342,cb_intrinsic,brain,IPS(L),596.4,345.5,14,-1,-1,-1,-1,-1,-1,-1,59,-1,-1,37
PS343,cb_intrinsic,brain,IPS(R),593.7,317.0,45,-1,-1,-1,-1,-1,26,-1,59,-1,-1,37
PS344,cb_intrinsic,brain,IPS(L),595.3,318.5,-1,-1,-1,-1,-1,-1,-1,-1,-1,-1,-1,37
PS345,cb_intrinsic,brain,IPS(L),619.0,276.6,-1,-1,-1,-1,-1,-1,-1,-1,58,-1,44,37
PS346,cb_intrinsic,brain,IPS(L),429.5,449.2,-1,-1,50,-1,-1,-1,-1,-1,-1,-1,-1,37
PS347_a,cb_intrinsic,brain,GNG,629.3,300.3,22,-1,36,-1,-1,-1,-1,-1,-1,-1,56,37
PS347_b,cb_intrinsic,brain,IPS(R),480.9,390.3,-1,-1,36,-1,-1,-1,-1,-1,58,-1,-1,37
PS348,cb_motor,brain,GNG,605.4,345.4,-1,-1,-1,-1,6,-1,-1,-1,4,-1,-1,37
PS349,cb_motor,brain,GNG,535.2,269.0,-1,-1,-1,-1,7,-1,-1,35,9,-1,-1,37
PS350,cb_intrinsic,brain,GNG,496.1,371.7,-1,-1,-1,-1,-1,-1,16,-1,-1,-1,29,-1
PS351,cb_intrinsic,brain,IPS(R),436.6,326.6,2,-1,-1,-1,-1,-1,16,-1,-1,-1,-1,37
PS352,cb_intrinsic,brain,IPS(L),425.8,331.4,-1,-1,-1,-1,66,-1,16,-1,-1,-1,-1,37
PS353,cb_intrinsic,brain,SPS(L),417.0,303.5,-1,-1,11,-1,11,-1,25,-1,5,-1,-1,37
PS354,cb_intrinsic,brain,SPS(R),443.9,360.1,-1,-1,-1,-1,-1,-1,-1,-1,36,-1,-1,37
PS355,cb_intrinsic,brain,SPS(L),510.4,227.6,63,-1,49,-1,21,-1,51,-1,11,-1,-1,37
PS356,cb_intrinsic,brain,SPS(L),396.3,271.2,3,-1,57,-1,13,-1,16,-1,12,-1,-1,37
PS357,cb_intrinsic,brain,SPS(R),436.5,225.8,30,-1,42,-1,-1,-1,23,-1,61,-1,69,37
PS358,cb_intrinsic,brain,SPS(L),423.7,265.4,5,-1,52,-1,51,-1,26,-1,38,-1,-1,37
PS359,cb_intrinsic,brain,GNG,445.9,372.8,24,-1,7,-1,34,-1,13,-1,53,-1,-1,37
PSI,vnc_efferent,vnc,LTct,629.1,811.3,18,-1,-1,-1,11,-1,-1,-1,1,-1,37,-1
PVLP001,cb_intrinsic,brain,PVLP(R),319.3,288.6,-1,-1,-1,-1,-1,-1,-1,-1,-1,-1,-1,37
PVLP002,cb_intrinsic,brain,PVLP(L),318.3,182.5,-1,-1,8,-1,36,-1,35,-1,-1,-1,-1,37
PVLP003,cb_intrinsic,brain,PVLP(L),282.9,266.2,-1,-1,57,-1,-1,53,31,-1,-1,-1,-1,37
PVLP004,cb_intrinsic,brain,PVLP(R),341.0,246.5,-1,-1,-1,20,2,-1,-1,67,-1,-1,-1,37
PVLP005,cb_intrinsic,brain,PVLP(R),371.0,223.7,-1,-1,20,-1,21,-1,32,-1,24,-1,54,37
PVLP007,cb_intrinsic,brain,PVLP(L),338.9,219.3,-1,-1,14,-1,2,-1,21,-1,-1,-1,-1,37
PVLP008_a1,cb_intrinsic,brain,PVLP(R),667.0,255.2,57,-1,-1,-1,-1,59,-1,54,-1,-1,-1,37
PVLP008_a2,cb_intrinsic,brain,PVLP(R),304.1,188.1,-1,-1,-1,49,-1,-1,-1,-1,-1,-1,68,37
PVLP008_a3,cb_intrinsic,brain,PVLP(R),355.0,242.3,-1,41,-1,37,-1,-1,-1,-1,-1,-1,-1,37
PVLP008_a4,cb_intrinsic,brain,PVLP(R),723.8,232.8,30,-1,-1,-1,-1,-1,-1,-1,67,-1,-1,37
PVLP008_b,cb_intrinsic,brain,PVLP(R),768.4,202.4,41,-1,-1,57,-1,53,-1,67,-1,-1,-1,37
PVLP008_c,cb_intrinsic,brain,PVLP(R),746.1,249.5,-1,-1,22,-1,-1,49,66,-1,-1,-1,-1,37
PVLP009,cb_intrinsic,brain,PVLP(L),684.1,210.4,23,-1,-1,61,-1,-1,-1,-1,-1,-1,47,37
PVLP010,cb_intrinsic,brain,AVLP(R),734.0,163.7,24,-1,6,-1,8,-1,3,-1,9,-1,7,-1
PVLP011,cb_intrinsic,brain,PVLP(R),342.6,234.4,-1,-1,-1,12,43,40,24,-1,-1,-1,-1,37
PVLP012,cb_intrinsic,brain,PVLP(R),721.5,206.1,18,-1,43,-1,43,-1,32,-1,-1,-1,-1,37
PVLP013,cb_intrinsic,brain,PVLP(R),350.2,219.8,36,-1,4,-1,-1,40,-1,63,-1,-1,66,37
PVLP014,cb_intrinsic,brain,PVLP(L),327.3,261.9,14,-1,18,-1,18,-1,62,-1,-1,-1,-1,37
PVLP015,cb_intrinsic,brain,PVLP(R),290.3,180.1,-1,-1,51,44,21,-1,-1,-1,23,-1,-1,37
PVLP016,cb_intrinsic,brain,SIP(R),324.4,237.6,-1,-1,11,-1,8,-1,44,-1,5,-1,-1,37
PVLP017,cb_intrinsic,brain,AVLP(R),712.6,201.2,-1,-1,39,-1,6,-1,55,-1,23,-1,-1,37
PVLP018,cb_intrinsic,brain,PVLP(R),704.3,250.4,-1,-1,-1,23,7,-1,33,-1,-1,-1,-1,37
PVLP019,cb_intrinsic,brain,PVLP(L),411.3,320.6,1,-1,52,-1,44,-1,-1,-1,43,-1,28,-1
PVLP020,cb_intrinsic,brain,PVLP(R),672.7,252.1,-1,-1,31,-1,19,-1,-1,-1,16,-1,-1,37
PVLP021,cb_intrinsic,brain,PVLP(R),695.4,249.2,18,-1,15,-1,-1,-1,48,-1,-1,-1,61,37
PVLP022,cb_intrinsic,brain,PVLP(L),345.4,233.8,10,-1,44,-1,29,-1,18,-1,11,-1,-1,37
PVLP024,cb_intrinsic,brain,PVLP(R),771.7,217.5,-1,-1,-1,43,46,-1,55,-1,-1,-1,-1,37
PVLP025,cb_intrinsic,brain,PVLP(R),324.6,238.3,47,-1,32,12,46,40,-1,63,-1,-1,-1,37
PVLP026,cb_intrinsic,brain,AVLP(R),708.6,190.2,-1,-1,-1,-1,24,-1,-1,-1,30,-1,-1,37
PVLP027,cb_intrinsic,brain,AVLP(R),708.5,273.3,-1,-1,-1,-1,46,-1,-1,-1,37,-1,-1,37
PVLP028,cb_intrinsic,brain,PVLP(R),336.5,300.8,10,-1,69,38,-1,68,55,-1,-1,-1,-1,37
PVLP030,cb_intrinsic,brain,PVLP(R),675.1,188.0,-1,-1,52,-1,31,-1,45,-1,18,-1,-1,37
PVLP031,cb_intrinsic,brain,AVLP(L),291.8,252.6,65,-1,-1,-1,16,-1,47,-1,36,-1,-1,37
PVLP033,cb_intrinsic,brain,AVLP(R),736.8,211.0,-1,-1,64,-1,25,-1,55,-1,47,-1,33,-1
PVLP034,cb_intrinsic,brain,PVLP(L),725.4,242.8,-1,-1,5,-1,5,-1,26,-1,9,-1,-1,37
PVLP036,cb_intrinsic,brain,PVLP(R),669.9,194.6,-1,-1,46,12,-1,40,-1,63,-1,-1,-1,37
PVLP037,cb_intrinsic,brain,PVLP(R),381.1,244.8,41,-1,-1,12,-1,40,-1,63,-1,-1,-1,37
PVLP037_unclear,cb_intrinsic,brain,PVLP(R),393.8,268.6,17,-1,-1,12,-1,40,-1,63,-1,-1,-1,37
PVLP046,visual_centrifugal,brain,GNG,707.1,209.9,-1,-1,17,-1,17,-1,1,-1,24,-1,-1,37
PVLP046_unclear,visual_centrifugal,brain,GNG,797.2,358.3,-1,-1,-1,-1,-1,-1,-1,67,-1,-1,-1,37
PVLP047,cb_intrinsic,brain,PVLP(R),313.9,265.9,46,-1,62,44,37,-1,-1,-1,-1,-1,-1,37
PVLP048,cb_intrinsic,brain,PVLP(R),679.7,232.0,-1,-1,56,-1,15,-1,63,-1,17,-1,53,37
PVLP049,cb_intrinsic,brain,AVLP(L),299.8,211.2,-1,-1,-1,-1,62,-1,-1,-1,-1,-1,-1,37
PVLP060,cb_intrinsic,brain,LAL(R),699.2,195.4,1,-1,-1,-1,33,-1,15,-1,7,-1,-1,37
PVLP061,cb_intrinsic,brain,PVLP(R),350.7,239.4,-1,-1,3,-1,62,40,-1,33,-1,-1,66,37
PVLP062,cb_intrinsic,brain,AVLP(R),514.2,391.1,1,-1,42,-1,-1,-1,-1,-1,12,-1,-1,37
PVLP063,cb_intrinsic,brain,AVLP(R),708.8,231.9,37,-1,-1,-1,-1,-1,-1,-1,42,-1,60,37
PVLP064,cb_intrinsic,brain,PVLP(L),312.8,232.4,-1,-1,41,-1,-1,-1,68,-1,-1,-1,-1,37
PVLP065,cb_intrinsic,brain,PVLP(R),265.6,225.0,61,-1,-1,-1,-1,-1,-1,-1,41,-1,-1,37
PVLP066,cb_intrinsic,brain,PVLP(R),276.7,238.2,23,-1,38,-1,-1,-1,68,-1,-1,-1,-1,37
PVLP068,cb_intrinsic,brain,PVLP(R),272.4,267.1,-1,-1,41,22,-1,40,-1,64,-1,-1,-1,37
PVLP069,cb_intrinsic,brain,PVLP(L),259.3,216.0,-1,-1,12,-1,-1,40,55,-1,-1,-1,-1,37
PVLP070,cb_intrinsic,brain,PVLP(R),716.3,209.6,15,-1,8,-1,12,-1,24,-1,17,-1,-1,37
PVLP071,cb_intrinsic,brain,PVLP(R),271.8,233.8,-1,-1,23,12,-1,40,-1,24,-1,-1,-1,37
PVLP072,cb_intrinsic,brain,PVLP(R),713.1,233.0,-1,-1,4,-1,17,-1,-1,63,-1,-1,46,37
PVLP073,cb_intrinsic,brain,PVLP(R),716.8,205.9,-1,-1,18,-1,41,-1,-1,68,-1,-1,56,37
PVLP074,cb_intrinsic,brain,PVLP(L),302.5,177.3,23,-1,13,-1,6,-1,56,-1,-1,-1,-1,37
PVLP075,cb_intrinsic,brain,PVLP(R),300.7,272.1,-1,-1,-1,12,-1,47,-1,67,-1,-1,-1,37
PVLP076,cb_intrinsic,brain,PVLP(L),649.6,322.2,-1,-1,-1,60,7,-1,31,-1,22,-1,-1,37
PVLP078,cb_intrinsic,brain,PVLP(R),705.2,189.8,-1,-1,-1,14,-1,-1,-1,63,-1,-1,-1,37
PVLP079,cb_intrinsic,brain,PVLP(R),326.8,246.5,-1,-1,60,23,60,40,-1,65,-1,-1,-1,37
PVLP080_a,cb_intrinsic,brain,AVLP(R),722.4,274.8,9,-1,58,-1,26,-1,55,-1,27,-1,-1,37
PVLP080_b,cb_intrinsic,brain,PVLP(R),350.4,203.4,-1,-1,24,-1,9,-1,27,-1,-1,-1,-1,37
PVLP081,cb_intrinsic,brain,PVLP(R),305.0,240.9,59,-1,-1,41,27,-1,-1,-1,-1,-1,-1,37
PVLP082,cb_intrinsic,brain,AVLP(R),276.9,239.0,27,-1,16,-1,17,-1,30,-1,44,-1,-1,37
PVLP084,cb_intrinsic,brain,AVLP(L),730.4,211.8,-1,-1,-1,-1,-1,-1,-1,-1,-1,-1,-1,37
PVLP085,cb_intrinsic,brain,PVLP(R),287.5,220.9,-1,-1,10,-1,17,-1,-1,65,-1,-1,-1,37
PVLP086,cb_intrinsic,brain,PVLP(R),733.3,282.2,48,-1,20,-1,49,40,-1,66,-1,-1,-1,37
PVLP088,cb_intrinsic,brain,PVLP(R),270.5,260.6,38,-1,12,-1,10,-1,18,-1,-1,-1,-1,37
PVLP089,cb_intrinsic,brain,PVLP(R),296.6,233.4,-1,-1,-1,-1,-1,-1,-1,-1,69,-1,-1,37
PVLP090,cb_intrinsic,brain,AVLP(R),340.6,237.1,23,-1,-1,-1,-1,-1,-1,-1,-1,-1,58,37
PVLP092,cb_intrinsic,brain,PVLP(R),687.6,232.4,61,-1,-1,-1,-1,-1,-1,68,-1,-1,66,37
PVLP093,cb_intrinsic,brain,PVLP(L),337.5,210.9,-1,-1,14,-1,18,-1,23,-1,-1,-1,47,37
PVLP094,cb_intrinsic,brain,PVLP(L),635.4,294.6,57,-1,-1,47,-1,-1,68,-1,-1,-1,68,37
PVLP096,cb_intrinsic,brain,PVLP(R),681.8,255.4,-1,-1,-1,49,32,-1,33,-1,62,-1,-1,37
PVLP097,cb_intrinsic,brain,PVLP(R),291.4,234.1,-1,-1,4,-1,36,-1,-1,63,-1,-1,-1,37
PVLP098,cb_intrinsic,brain,PVLP(R),343.8,214.2,65,-1,5,-1,29,-1,-1,67,-1,-1,-1,37
PVLP099,cb_intrinsic,brain,PVLP(L),762.0,241.8,-1,-1,19,-1,3,-1,-1,65,-1,-1,67,37
PVLP100,cb_intrinsic,brain,PVLP(R),699.7,277.1,-1,-1,-1,47,55,-1,31,-1,-1,-1,-1,37
PVLP101,cb_intrinsic,brain,PVLP(L),713.8,251.1,7,-1,21,-1,12,-1,33,-1,-1,-1,61,37
PVLP102,cb_intrinsic,brain,PVLP(R),764.4,208.9,-1,-1,-1,-1,58,-1,30,-1,-1,-1,-1,37
PVLP103,cb_intrinsic,brain,PVLP(R),669.6,239.2,30,-1,-1,-1,41,-1,22,-1,-1,-1,-1,37
PVLP104,cb_intrinsic,brain,PVLP(R),373.1,252.4,6,-1,-1,-1,27,-1,31,-1,-1,-1,-1,37
PVLP105,cb_intrinsic,brain,PLP(R),351.0,241.9,-1,-1,-1,-1,63,-1,21,-1,-1,-1,19,-1
PVLP106,cb_intrinsic,brain,PVLP(R),322.6,253.3,-1,-1,5,-1,11,-1,-1,66,-1,-1,-1,37
PVLP107,cb_intrinsic,brain,PVLP(R),339.4,259.5,-1,-1,8,-1,47,-1,23,-1,-1,-1,58,37
PVLP108,cb_intrinsic,brain,PVLP(R),706.7,288.2,-1,-1,47,38,63,-1,-1,68,-1,-1,-1,37
PVLP109,cb_intrinsic,brain,PVLP(L),370.9,276.9,-1,-1,38,-1,48,-1,48,-1,-1,-1,-1,37
PVLP110,cb_intrinsic,brain,AVLP(R),704.7,166.7,27,-1,-1,-1,32,-1,-1,-1,36,-1,-1,37
PVLP111,cb_intrinsic,brain,PVLP(L),293.7,286.2,56,46,47,38,-1,68,-1,67,-1,-1,-1,37
PVLP112,cb_intrinsic,brain,PVLP(R),649.2,249.1,-1,-1,61,38,28,-1,-1,68,-1,-1,-1,37
PVLP113,cb_intrinsic,brain,PLP(R),351.5,277.6,-1,-1,63,13,-1,55,-1,67,-1,-1,-1,37
PVLP114,cb_intrinsic,brain,PVLP(R),602.3,196.4,49,-1,12,-1,17,-1,16,-1,9,-1,-1,37
PVLP115,cb_intrinsic,brain,PVLP(R),692.7,186.3,-1,-1,55,-1,21,-1,11,-1,12,-1,-1,37
PVLP118,cb_intrinsic,brain,PVLP(R),722.6,248.0,-1,-1,23,-1,54,-1,33,-1,-1,-1,-1,37
PVLP120,cb_intrinsic,brain,PVLP(R),734.2,236.9,-1,-1,28,8,-1,12,-1,63,-1,67,-1,37
PVLP121,cb_intrinsic,brain,PVLP(R),687.3,253.6,66,-1,14,-1,3,-1,-1,-1,-1,-1,-1,37
PVLP122,cb_intrinsic,brain,PVLP(R),718.6,238.0,35,-1,6,-1,8,-1,-1,-1,25,-1,-1,37
PVLP123,cb_intrinsic,brain,PVLP(R),746.9,238.9,12,-1,14,-1,6,-1,42,-1,4,-1,-1,37
PVLP124,cb_intrinsic,brain,PVLP(L),300.1,230.7,-1,-1,-1,-1,67,-1,42,-1,11,-1,-1,37
PVLP125,cb_intrinsic,brain,AVLP(L),292.8,286.7,-1,-1,-1,-1,-1,-1,-1,-1,-1,-1,52,37
PVLP126_a,cb_intrinsic,brain,AVLP(R),761.3,242.9,37,-1,-1,-1,-1,-1,44,-1,58,-1,21,-1
PVLP126_b,cb_intrinsic,brain,PVLP(L),335.0,221.8,-1,-1,-1,-1,-1,-1,-1,-1,59,-1,-1,37
PVLP127,cb_intrinsic,brain,PVLP(R),275.0,257.2,44,-1,-1,49,-1,-1,-1,68,-1,-1,46,37
PVLP128,cb_intrinsic,brain,PVLP(L),764.5,246.1,52,-1,49,-1,19,-1,44,-1,22,-1,-1,37
PVLP130,cb_intrinsic,brain,PVLP(R),723.7,264.3,-1,-1,22,-1,19,-1,21,-1,54,-1,30,-1
PVLP131,cb_intrinsic,brain,AVLP(R),335.9,285.3,26,-1,58,-1,-1,-1,-1,-1,54,-1,53,37
PVLP133,cb_intrinsic,brain,PVLP(R),700.9,208.8,44,-1,11,-1,45,-1,-1,-1,-1,-1,-1,37
PVLP134,cb_intrinsic,brain,PVLP(L),331.7,243.6,-1,-1,-1,64,-1,-1,-1,-1,69,-1,57,37
PVLP135,cb_intrinsic,brain,PVLP(R),747.5,262.8,-1,-1,6,-1,28,-1,-1,65,-1,-1,-1,37
PVLP137,cb_intrinsic,brain,PVLP(L),675.6,194.8,54,-1,31,-1,14,-1,8,-1,14,-1,15,-1
PVLP138,cb_intrinsic,brain,AVLP(R),722.4,220.5,45,-1,14,-1,7,-1,50,-1,4,-1,-1,37
PVLP139,cb_intrinsic,brain,PVLP(R),363.9,243.7,-1,-1,9,-1,60,46,-1,66,-1,-1,-1,37
PVLP140,cb_intrinsic,brain,PVLP(R),302.8,242.5,-1,-1,15,-1,40,-1,19,-1,9,-1,-1,37
PVLP141,cb_intrinsic,brain,PVLP(R),458.7,230.9,20,-1,22,-1,11,-1,12,-1,22,-1,-1,37
PVLP143,cb_intrinsic,brain,PVLP(R),437.5,317.5,40,-1,36,-1,-1,-1,-1,-1,15,-1,-1,37
PVLP144,cb_intrinsic,brain,PVLP(R),316.7,255.9,42,-1,-1,-1,-1,-1,-1,44,-1,-1,60,37
PVLP148,cb_intrinsic,brain,PVLP(L),302.3,273.7,-1,-1,-1,-1,25,-1,30,-1,-1,-1,-1,37
PVLP149,cb_intrinsic,brain,PVLP(R),747.5,187.6,-1,-1,6,-1,7,-1,5,-1,15,-1,2,-1
PVLP150,cb_intrinsic,brain,PVLP(R),722.5,262.5,-1,-1,30,-1,-1,-1,-1,-1,23,-1,-1,37
PVLP151,cb_intrinsic,brain,PVLP(R),721.6,229.3,12,-1,12,-1,-1,40,19,-1,-1,-1,58,37
PVLP200m_a,cb_intrinsic,brain,LAL(R),295.7,206.9,54,-1,-1,-1,-1,-1,-1,-1,34,-1,-1,37
PVLP200m_b,cb_intrinsic,brain,AVLP(R),698.5,201.5,-1,-1,-1,-1,-1,-1,-1,-1,69,-1,-1,37
PVLP201m_a,cb_intrinsic,brain,PVLP(L),340.3,243.5,-1,-1,-1,-1,-1,-1,-1,-1,-1,-1,67,37
PVLP201m_b,cb_intrinsic,brain,PLP(R),331.9,270.2,-1,-1,-1,-1,-1,-1,-1,-1,35,-1,-1,37
PVLP201m_c,cb_intrinsic,brain,PVLP(R),675.9,243.7,-1,-1,-1,-1,-1,-1,-1,-1,-1,-1,45,37
PVLP201m_d,cb_intrinsic,brain,PVLP(L),362.7,292.1,15,-1,-1,-1,-1,-1,-1,-1,42,-1,45,37
PVLP202m,cb_intrinsic,brain,PVLP(L),313.3,195.3,-1,-1,29,-1,51,-1,-1,-1,41,-1,-1,37
PVLP203m,cb_intrinsic,brain,GNG,467.4,278.5,-1,-1,20,-1,-1,-1,6,-1,13,-1,6,-1
PVLP204m,cb_intrinsic,brain,SIP(L),663.0,149.0,-1,-1,-1,-1,12,-1,67,-1,11,-1,-1,37
PVLP205m,cb_intrinsic,brain,SIP(R),769.0,191.8,-1,-1,25,-1,15,-1,-1,-1,46,-1,-1,37
PVLP206m,cb_intrinsic,brain,PVLP(R),711.5,152.1,-1,-1,-1,-1,-1,-1,-1,-1,-1,-1,-1,37
PVLP207m,cb_intrinsic,brain,PVLP(R),591.1,172.5,41,-1,22,-1,23,-1,-1,-1,47,-1,7,-1
PVLP208m,cb_intrinsic,brain,AVLP(R),298.3,161.2,26,-1,-1,-1,63,-1,29,-1,65,-1,-1,37
PVLP209m,cb_intrinsic,brain,GOR(R),457.5,280.2,53,-1,38,-1,-1,-1,38,-1,20,-1,-1,37
PVLP210m,cb_intrinsic,brain,AVLP(R),599.9,173.8,30,-1,26,-1,36,-1,-1,-1,13,-1,-1,37
PVLP211m_a,cb_intrinsic,brain,PVLP(L),764.9,249.5,53,-1,-1,-1,-1,-1,-1,-1,36,-1,-1,37
PVLP211m_b,cb_intrinsic,brain,PVLP(R),351.0,228.7,46,-1,-1,-1,-1,-1,-1,-1,35,-1,-1,37
PVLP211m_c,cb_intrinsic,brain,PVLP(L),702.0,278.1,-1,-1,-1,-1,-1,-1,-1,-1,39,-1,-1,37
PVLP213m,cb_intrinsic,brain,PLP(R),601.7,222.7,-1,-1,-1,-1,-1,-1,-1,67,-1,-1,49,37
PVLP214m,cb_intrinsic,brain,PVLP(R),606.1,223.5,65,-1,8,-1,48,-1,-1,68,-1,-1,51,37
PVLP216m,cb_intrinsic,brain,PLP(R),709.2,281.8,40,-1,-1,-1,-1,-1,-1,68,38,-1,-1,37
PVLP217m,cb_intrinsic,brain,AVLP(R),615.5,154.6,2,-1,-1,-1,-1,-1,43,-1,27,-1,59,37
PhG10,cb_sensory,brain,GNG,550.3,433.6,38,-1,-1,-1,-1,-1,39,-1,-1,-1,-1,-1
PhG11,cb_sensory,brain,GNG,505.5,345.7,8,-1,53,-1,-1,-1,-1,-1,-1,-1,13,-1
PhG12,cb_sensory,brain,GNG,513.5,323.2,8,-1,-1,-1,-1,-1,-1,-1,46,-1,-1,-1
PhG13,cb_sensory,brain,GNG,453.0,432.1,35,-1,38,-1,-1,-1,30,-1,-1,-1,-1,-1
PhG14,cb_sensory,brain,GNG,507.7,319.1,24,-1,54,-1,-1,-1,23,-1,-1,-1,-1,-1
PhG15,cb_sensory,brain,GNG,479.5,369.1,-1,-1,-1,-1,-1,-1,37,-1,-1,-1,13,-1
PhG16,cb_sensory,brain,PRW,509.5,329.6,7,-1,-1,-1,-1,-1,-1,-1,-1,-1,-1,-1
PhG1a,cb_sensory,brain,PRW,489.9,297.6,-1,-1,-1,-1,-1,-1,-1,-1,-1,-1,-1,-1
PhG1b,cb_sensory,brain,PRW,493.6,312.5,-1,-1,-1,-1,-1,-1,-1,-1,-1,-1,13,-1
PhG1c,cb_sensory,brain,PRW,466.7,462.7,-1,-1,8,-1,-1,-1,-1,-1,66,-1,13,-1
PhG2,cb_sensory,brain,GNG,473.7,364.6,-1,-1,53,-1,-1,-1,-1,-1,-1,-1,-1,-1
PhG3,cb_sensory,brain,PRW,506.2,452.2,14,-1,-1,-1,-1,-1,-1,-1,-1,-1,14,-1
PhG4,cb_sensory,brain,GNG,500.4,338.5,-1,-1,16,-1,-1,-1,-1,-1,-1,-1,-1,-1
PhG5,cb_sensory,brain,GNG,504.3,363.3,-1,-1,27,-1,-1,-1,-1,-1,-1,-1,-1,-1
PhG6,cb_sensory,brain,GNG,531.5,401.3,-1,-1,55,-1,-1,-1,-1,-1,-1,-1,-1,-1
PhG7,cb_sensory,brain,GNG,499.7,433.6,36,-1,42,-1,-1,-1,-1,-1,-1,-1,-1,-1
PhG8,cb_sensory,brain,GNG,510.7,329.6,-1,-1,23,-1,-1,-1,-1,-1,-1,-1,13,-1
PhG9,cb_sensory,brain,GNG,496.1,436.0,-1,-1,8,-1,-1,-1,-1,-1,-1,-1,17,-1
Pleural remotor/abductor MN,vnc_motor,vnc,LegNp(T2)(L),477.9,919.7,-1,-1,-1,45,2,-1,-1,-1,1,-1,-1,43
Pm1,ol_intrinsic,brain,ME(R),187.1,422.9,-1,-1,1,-1,1,-1,-1,68,-1,-1,-1,37
Pm10,ol_intrinsic,brain,ME(R),135.8,411.8,48,-1,1,-1,1,-1,68,-1,-1,-1,61,37
Pm11,ol_intrinsic,brain,ME(L),206.3,502.2,22,-1,-1,4,1,-1,-1,67,-1,-1,-1,37
Pm12,ol_intrinsic,brain,ME(R),215.3,347.9,-1,-1,5,-1,4,-1,-1,68,-1,-1,-1,37
Pm13,ol_intrinsic,brain,ME(R),778.7,394.5,42,-1,-1,-1,16,-1,-1,68,-1,-1,-1,37
Pm2a,ol_intrinsic,brain,ME(R),171.8,322.3,-1,-1,1,-1,1,-1,68,-1,-1,-1,47,37
Pm2b,ol_intrinsic,brain,ME(R),865.8,303.1,41,-1,1,-1,1,-1,-1,68,-1,-1,-1,37
Pm3,ol_intrinsic,brain,ME(R),952.6,389.6,-1,-1,1,-1,1,-1,67,-1,15,-1,-1,37
Pm4,ol_intrinsic,brain,ME(R),902.8,259.3,-1,-1,1,-1,1,-1,67,-1,-1,-1,-1,37
Pm5,ol_intrinsic,brain,ME(R),200.0,449.5,-1,-1,1,-1,1,-1,-1,68,60,-1,65,37
Pm6,ol_intrinsic,brain,ME(R),189.2,433.0,34,-1,-1,11,4,-1,-1,68,-1,-1,45,37
Pm7,ol_intrinsic,brain,ME(R),95.7,272.6,-1,-1,-1,2,1,-1,-1,67,-1,-1,50,37
Pm7_Li28,ol_intrinsic,brain,LO(L),915.2,255.1,34,-1,-1,3,-1,5,-1,67,-1,-1,-1,37
Pm8,ol_intrinsic,brain,ME(R),162.8,340.3,-1,-1,7,5,6,-1,68,-1,-1,-1,45,37
Pm9,ol_intrinsic,brain,ME(R),129.4,294.5,18,-1,1,-1,1,-1,68,-1,43,-1,-1,37
Pm_unclear,ol_intrinsic,brain,ME(R),173.1,369.1,-1,-1,-1,44,-1,-1,-1,68,-1,-1,55,37
R1-R6,ol_sensory,brain,LA(R),128.4,349.1,-1,-1,1,-1,-1,-1,67,-1,15,-1,-1,-1
R7R8_unclear,ol_sensory,brain,ME(R),149.5,341.1,-1,-1,-1,-1,-1,-1,-1,-1,-1,-1,-1,-1
R7_unclear,ol_sensory,brain,ME(R),945.1,357.9,60,-1,31,-1,5,-1,-1,-1,-1,-1,26,-1
R7d,ol_sensory,brain,ME(R),897.8,456.8,49,-1,-1,-1,24,-1,-1,-1,-1,-1,24,-1
R7p,ol_sensory,brain,ME(L),152.4,366.0,-1,-1,35,-1,6,-1,-1,-1,-1,-1,26,-1
R7y,ol_sensory,brain,ME(R),842.2,412.7,3,-1,32,-1,4,-1,-1,-1,-1,-1,27,-1
R8_unclear,ol_sensory,brain,ME(R),96.2,362.5,58,-1,4,-1,-1,-1,-1,-1,-1,-1,-1,-1
R8d,ol_sensory,brain,ME(R),912.7,356.8,-1,-1,12,-1,-1,-1,-1,-1,-1,-1,-1,-1
R8p,ol_sensory,brain,ME(L),83.2,380.7,15,-1,4,-1,-1,-1,-1,-1,-1,-1,-1,-1
R8y,ol_sensory,brain,ME(R),191.4,213.3,-1,-1,4,-1,-1,-1,-1,-1,-1,-1,-1,-1
SA1_a,cb_intrinsic,brain,AB(R),380.1,48.4,1,-1,-1,-1,-1,-1,-1,-1,5,-1,46,37
SA1_b,cb_intrinsic,brain,AB(R),300.9,65.0,-1,-1,-1,-1,-1,-1,-1,-1,13,-1,-1,37
SA1_c,cb_intrinsic,brain,SLP(R),498.0,207.4,-1,-1,-1,-1,-1,-1,-1,-1,20,-1,-1,37
SA2_a,cb_intrinsic,brain,SLP(L),640.0,43.0,-1,-1,-1,-1,-1,-1,-1,-1,5,-1,-1,37
SA2_b,cb_intrinsic,brain,AB(R),633.9,38.4,-1,-1,-1,-1,-1,-1,-1,-1,61,-1,-1,37
SA2_c,cb_intrinsic,brain,AB(R),507.1,198.3,49,-1,-1,-1,-1,-1,-1,-1,5,-1,53,37
SA3,cb_intrinsic,brain,AB(R),324.1,82.3,-1,-1,60,-1,39,-1,-1,-1,4,-1,-1,37
SAD001,cb_intrinsic,brain,SAD,462.9,342.2,-1,-1,9,-1,19,-1,59,-1,46,-1,23,-1
SAD003,cb_intrinsic,brain,SAD,662.4,301.6,-1,-1,59,-1,-1,-1,56,-1,-1,-1,31,-1
SAD004,cb_intrinsic,brain,SAD,409.8,369.8,-1,-1,7,-1,5,-1,68,-1,-1,-1,30,-1
SAD005,cb_intrinsic,brain,SAD,619.2,299.5,-1,-1,-1,-1,66,-1,-1,-1,39,-1,25,-1
SAD006,cb_intrinsic,brain,SAD,415.8,288.6,-1,-1,-1,-1,41,-1,25,-1,-1,-1,22,-1
SAD007,cb_intrinsic,brain,SAD,444.0,393.0,-1,-1,-1,-1,-1,-1,25,-1,-1,-1,29,-1
SAD008,cb_intrinsic,brain,WED(R),380.4,319.9,2,-1,-1,-1,-1,-1,-1,-1,-1,-1,-1,37
SAD009,cb_intrinsic,brain,VES(L),572.2,272.0,38,-1,-1,-1,-1,-1,-1,-1,-1,-1,-1,37
SAD010,cb_intrinsic,brain,GNG,486.1,368.1,-1,-1,17,-1,-1,-1,63,-1,-1,-1,-1,37
SAD011,cb_intrinsic,brain,SAD,689.7,196.6,-1,-1,-1,-1,-1,-1,34,-1,42,-1,-1,37
SAD012,cb_intrinsic,brain,PLP(L),489.2,227.4,16,-1,42,-1,-1,-1,39,-1,47,-1,-1,37
SAD013,cb_intrinsic,brain,SAD,315.8,244.7,1,-1,49,-1,8,-1,20,-1,45,-1,16,-1
SAD014,cb_intrinsic,brain,SAD,615.7,341.7,-1,-1,-1,-1,19,-1,20,-1,-1,-1,-1,37
SAD019,cb_intrinsic,brain,SAD,736.1,207.9,-1,-1,-1,-1,-1,-1,-1,-1,40,-1,-1,37
SAD021,cb_intrinsic,brain,WED(L),394.3,341.3,-1,-1,-1,-1,62,-1,-1,-1,-1,-1,-1,37
SAD021_a,cb_intrinsic,brain,WED(L),422.1,363.9,20,-1,9,-1,5,-1,-1,-1,41,-1,-1,37
SAD021_b,cb_intrinsic,brain,WED(R),339.7,256.8,-1,-1,-1,-1,56,-1,-1,-1,-1,-1,-1,37
SAD021_c,cb_intrinsic,brain,WED(L),377.5,305.9,3,-1,36,-1,10,-1,-1,-1,-1,-1,-1,37
SAD023,cb_intrinsic,brain,SAD,673.7,212.7,32,-1,-1,66,-1,-1,30,-1,46,-1,34,-1
SAD030,cb_intrinsic,brain,SAD,397.6,348.7,-1,-1,-1,64,38,-1,-1,-1,-1,-1,33,-1
SAD034,cb_intrinsic,brain,SAD,621.2,314.0,-1,-1,53,-1,33,-1,-1,-1,-1,-1,23,-1
SAD035,cb_intrinsic,brain,AVLP(R),690.9,118.1,-1,-1,50,-1,-1,-1,20,-1,53,-1,19,-1
SAD036,cb_intrinsic,brain,VES(L),473.0,283.9,55,-1,19,-1,11,-1,-1,-1,19,-1,66,37
SAD040,cb_intrinsic,brain,SAD,512.3,374.0,-1,-1,9,-1,53,-1,9,-1,-1,-1,-1,37
SAD043,cb_intrinsic,brain,PLP(R),371.0,297.9,53,-1,20,-1,24,-1,-1,68,-1,-1,-1,37
SAD044,cb_intrinsic,brain,SAD,554.6,339.2,18,-1,12,-1,-1,-1,2,-1,-1,-1,4,-1
SAD045,cb_intrinsic,brain,SAD,620.9,343.7,44,-1,14,-1,20,-1,62,-1,32,-1,-1,37
SAD046,cb_intrinsic,brain,SAD,348.4,212.2,-1,-1,-1,-1,-1,-1,-1,-1,-1,-1,17,-1
SAD047,cb_intrinsic,brain,SAD,560.9,350.7,21,-1,69,-1,23,-1,11,-1,-1,-1,3,-1
SAD049,cb_intrinsic,brain,SAD,684.8,323.0,-1,-1,62,-1,-1,-1,-1,-1,54,-1,30,-1
SAD051_a,cb_intrinsic,brain,SAD,431.7,390.5,-1,-1,4,-1,37,-1,-1,-1,-1,-1,25,-1
SAD051_b,cb_intrinsic,brain,SAD,486.1,361.5,32,-1,3,-1,21,-1,50,-1,54,-1,23,-1
SAD052,cb_intrinsic,brain,SAD,574.9,347.8,-1,-1,8,-1,-1,-1,56,-1,-1,-1,24,-1
SAD053,cb_intrinsic,brain,SAD,473.0,377.3,58,-1,20,-1,11,-1,21,-1,32,-1,20,-1
SAD055,cb_intrinsic,brain,SAD,474.3,339.3,-1,-1,22,-1,60,-1,55,-1,-1,-1,28,-1
SAD057,cb_intrinsic,brain,SAD,449.2,360.8,-1,-1,6,-1,56,-1,66,-1,-1,-1,23,-1
SAD064,cb_intrinsic,brain,SAD,621.2,306.0,-1,-1,20,-1,13,-1,30,-1,53,-1,20,-1
SAD070,cb_intrinsic,brain,PLP(R),342.5,278.6,-1,-1,56,-1,55,-1,-1,69,-1,-1,-1,37
SAD071,cb_intrinsic,brain,GNG,504.3,415.6,57,-1,36,-1,33,-1,-1,-1,32,-1,2,-1
SAD072,cb_intrinsic,brain,SAD,531.7,372.9,59,-1,-1,-1,67,-1,34,-1,-1,-1,16,-1
SAD073,cb_intrinsic,brain,SAD,558.2,384.4,-1,-1,27,-1,17,-1,34,-1,-1,-1,54,37
SAD074,cb_intrinsic,brain,IB,538.0,304.6,26,-1,-1,-1,-1,-1,-1,-1,-1,-1,-1,37
SAD075,cb_intrinsic,brain,VES(L),591.7,366.2,-1,-1,-1,-1,26,-1,24,-1,12,-1,18,-1
SAD076,cb_intrinsic,brain,SAD,512.3,385.7,51,-1,28,-1,15,-1,17,-1,-1,-1,23,-1
SAD077,cb_intrinsic,brain,SAD,497.6,382.5,-1,-1,9,-1,5,-1,-1,-1,55,-1,28,-1
SAD078,cb_intrinsic,brain,SAD,629.0,368.7,64,-1,42,-1,31,-1,34,-1,51,-1,29,-1
SAD079,cb_intrinsic,brain,SAD,437.1,350.9,-1,-1,41,-1,11,-1,-1,-1,-1,-1,31,-1
SAD080,cb_intrinsic,brain,SAD,544.6,372.8,3,-1,-1,-1,-1,-1,-1,-1,-1,-1,28,-1
SAD082,cb_intrinsic,brain,SLP(R),330.8,225.9,-1,-1,11,-1,-1,-1,8,-1,69,-1,-1,37
SAD084,cb_intrinsic,brain,VES(R),465.4,185.5,48,-1,31,-1,-1,-1,44,-1,35,-1,20,-1
SAD085,cb_intrinsic,brain,VES(L),545.9,291.5,12,-1,42,-1,27,-1,-1,-1,38,-1,67,37
SAD091,cb_intrinsic,brain,SAD,482.0,378.2,-1,-1,-1,-1,-1,-1,55,-1,52,-1,-1,-1
SAD092,cb_intrinsic,brain,SAD,508.0,383.6,-1,-1,-1,-1,-1,-1,-1,-1,53,-1,-1,37
SAD093,cb_intrinsic,brain,SAD,626.3,359.4,26,-1,6,-1,21,-1,5,-1,45,-1,1,-1
SAD094,cb_intrinsic,brain,PLP(L),326.0,202.3,-1,-1,31,-1,40,-1,6,-1,-1,-1,16,-1
SAD096,cb_intrinsic,brain,SAD,621.0,380.5,-1,-1,66,-1,59,-1,-1,-1,52,-1,30,-1
SAD097,cb_intrinsic,brain,SAD,523.4,426.0,-1,-1,38,-1,41,-1,-1,-1,-1,-1,32,-1
SAD098,cb_intrinsic,brain,SAD,393.6,355.4,22,-1,46,-1,25,-1,-1,-1,52,-1,34,-1
SAD099,cb_intrinsic,brain,SAD,571.0,366.5,61,-1,-1,-1,-1,-1,51,-1,-1,-1,33,-1
SAD100,cb_intrinsic,brain,SAD,665.7,296.6,16,-1,-1,-1,-1,-1,-1,-1,-1,-1,-1,37
SAD101,cb_intrinsic,brain,SAD,476.6,303.2,-1,-1,-1,-1,-1,-1,-1,-1,-1,-1,-1,37
SAD103,cb_intrinsic,brain,SAD,621.4,378.5,15,-1,-1,-1,20,-1,36,-1,28,-1,24,-1
SAD104,cb_intrinsic,brain,SAD,457.7,350.3,54,-1,-1,-1,-1,-1,-1,-1,-1,-1,29,-1
SAD105,cb_intrinsic,brain,SAD,430.6,297.2,-1,-1,-1,-1,-1,-1,29,-1,-1,-1,-1,37
SAD106,cb_intrinsic,brain,SAD,334.9,271.3,37,-1,11,-1,19,-1,29,-1,39,-1,29,-1
SAD107,cb_intrinsic,brain,SAD,587.2,377.6,27,-1,27,-1,41,-1,21,-1,-1,-1,2,-1
SAD108,cb_intrinsic,brain,SAD,446.5,355.0,45,-1,55,-1,38,-1,-1,-1,-1,-1,29,-1
SAD109,cb_intrinsic,brain,SAD,592.2,367.0,-1,-1,-1,-1,-1,-1,-1,-1,-1,-1,27,-1
SAD110,cb_intrinsic,brain,SAD,517.8,366.1,6,-1,9,-1,7,-1,13,-1,-1,-1,28,-1
SAD111,cb_intrinsic,brain,SAD,587.4,332.9,28,-1,-1,-1,16,-1,55,-1,-1,-1,17,-1
SAD112_a,cb_intrinsic,brain,SAD,393.8,336.4,5,-1,-1,-1,16,-1,-1,-1,-1,-1,34,-1
SAD112_b,cb_intrinsic,brain,SAD,532.9,434.8,19,-1,-1,-1,14,-1,36,-1,-1,-1,34,-1
SAD112_c,cb_intrinsic,brain,SAD,545.4,379.2,-1,-1,66,-1,14,-1,36,-1,-1,-1,25,-1
SAD113,cb_intrinsic,brain,SAD,481.4,362.8,-1,-1,-1,-1,9,-1,49,-1,-1,-1,24,-1
SAD114,cb_intrinsic,brain,SAD,442.4,376.7,62,-1,-1,-1,53,-1,-1,-1,-1,-1,-1,-1
SAD115,cb_intrinsic,brain,SAD,693.8,216.5,27,-1,-1,-1,-1,-1,23,-1,57,-1,57,37
SAD116,cb_intrinsic,brain,SAD,585.5,360.5,64,-1,26,-1,-1,-1,36,-1,-1,-1,28,-1
SAD117,cb_intrinsic,brain,SAD,576.5,377.4,-1,-1,-1,58,64,-1,52,-1,-1,-1,6,-1
SAD200m,cb_intrinsic,brain,SAD,441.1,409.3,-1,-1,50,-1,51,-1,21,-1,23,-1,29,-1
SAF,cb_intrinsic,brain,FB,535.4,189.1,-1,-1,53,-1,49,-1,-1,-1,3,-1,-1,37
SApp,sensory_ascending,vnc,IntTct,565.3,759.8,-1,-1,2,-1,4,-1,5,-1,17,-1,2,-1
SApp01,sensory_ascending,vnc,DMetaN(L),516.3,722.9,24,-1,25,-1,-1,-1,24,-1,-1,-1,15,-1
"SApp02,SApp03",vnc_sensory,vnc,IntTct,568.3,758.8,21,-1,-1,-1,-1,-1,-1,-1,-1,-1,-1,-1
SApp04,sensory_ascending,vnc,GNG,577.9,407.9,-1,-1,6,-1,-1,-1,4,-1,-1,-1,3,-1
SApp05,vnc_sensory,vnc,IntTct,503.2,748.0,-1,-1,-1,-1,-1,-1,-1,-1,-1,-1,-1,-1
"SApp06,SApp15",sensory_ascending,vnc,GNG,594.7,750.9,51,-1,4,-1,14,-1,20,-1,-1,-1,19,-1
SApp07,vnc_sensory,vnc,IntTct,582.6,691.4,-1,-1,-1,-1,-1,-1,-1,-1,-1,-1,-1,-1
SApp08,sensory_ascending,vnc,GNG,525.6,738.0,2,-1,4,-1,27,-1,14,-1,-1,-1,18,-1
"SApp09,SApp22",sensory_ascending,vnc,IntTct,489.5,703.7,-1,-1,2,-1,5,-1,14,-1,18,-1,19,-1
SApp10,sensory_ascending,vnc,GNG,482.8,764.4,-1,-1,2,-1,28,-1,1,-1,-1,-1,2,-1
"SApp11,SApp18",sensory_ascending,vnc,GNG,634.8,702.2,-1,-1,20,-1,-1,-1,11,-1,-1,-1,18,-1
SApp13,sensory_ascending,vnc,GNG,577.3,693.3,33,-1,17,-1,-1,-1,4,-1,7,-1,3,-1
SApp14,sensory_ascending,vnc,GNG,581.9,441.3,-1,-1,20,-1,-1,-1,9,-1,-1,-1,5,-1
SApp19,sensory_ascending,vnc,GNG,586.8,712.7,-1,-1,11,-1,67,-1,11,-1,-1,-1,16,-1
SApp20,sensory_ascending,vnc,GNG,564.0,720.4,-1,-1,-1,-1,-1,-1,21,-1,63,-1,20,-1
SApp21,sensory_ascending,vnc,GNG,487.8,711.1,11,-1,-1,-1,-1,-1,-1,-1,-1,-1,21,-1
SApp23,sensory_ascending,brain,SAD,484.8,836.0,69,-1,8,-1,59,-1,19,-1,-1,-1,11,-1
"SApp23,SNpp56",vnc_sensory,vnc,mVAC(T3)(L),550.2,826.4,-1,-1,-1,-1,-1,-1,-1,-1,-1,-1,28,-1
SAxx01,sensory_ascending,brain,ANm,563.9,828.5,-1,-1,19,-1,-1,-1,10,-1,-1,-1,3,-1
SAxx02,sensory_ascending,vnc,GNG,433.0,872.6,-1,-1,3,-1,-1,-1,21,-1,-1,-1,20,-1
SCL001m,cb_intrinsic,brain,GNG,531.0,368.4,16,-1,25,-1,-1,-1,4,-1,14,-1,-1,37
SCL002m,cb_intrinsic,brain,SMP(R),563.2,310.4,43,-1,21,-1,54,-1,11,-1,21,-1,20,-1
SIP003_a,cb_intrinsic,brain,CRE(L),376.6,69.8,34,-1,-1,-1,39,-1,39,-1,20,-1,-1,37
SIP003_b,cb_intrinsic,brain,SIP(R),571.4,112.7,-1,-1,-1,-1,44,-1,51,-1,22,-1,46,37
SIP004,cb_intrinsic,brain,LAL(L),402.7,228.4,-1,-1,-1,-1,22,-1,49,-1,8,-1,-1,37
SIP005,cb_intrinsic,brain,SIP(R),430.5,85.6,-1,-1,-1,-1,-1,-1,48,-1,31,-1,52,37
SIP006,cb_intrinsic,brain,SIP(L),482.8,87.4,10,-1,-1,-1,-1,-1,41,-1,26,-1,-1,37
SIP007,cb_intrinsic,brain,SIP(R),538.3,62.0,-1,-1,-1,-1,-1,-1,69,-1,22,-1,-1,37
SIP011,cb_intrinsic,brain,CRE(R),565.1,98.7,-1,-1,47,-1,59,-1,-1,-1,60,-1,-1,37
SIP013,cb_intrinsic,brain,SIP(L),394.5,100.7,37,-1,-1,-1,-1,-1,51,-1,51,-1,-1,37
SIP015,cb_intrinsic,brain,SIP(L),591.3,78.2,-1,-1,58,-1,29,-1,41,-1,29,-1,-1,37
SIP017,cb_intrinsic,brain,SIP(R),623.8,66.8,22,-1,38,-1,17,-1,19,-1,5,-1,-1,37
SIP018,cb_intrinsic,brain,CRE(L),596.1,106.1,-1,-1,39,-1,60,-1,36,-1,58,-1,-1,37
SIP019,cb_intrinsic,brain,SIP(L),611.5,68.9,57,-1,55,-1,-1,-1,32,-1,31,-1,44,37
SIP020_a,cb_intrinsic,brain,SIP(R),402.3,61.2,37,-1,29,-1,-1,-1,32,-1,19,-1,-1,37
SIP020_b,cb_intrinsic,brain,SIP(R),657.7,83.8,-1,-1,59,-1,-1,-1,37,-1,20,-1,-1,37
SIP020_c,cb_intrinsic,brain,SIP(L),299.8,125.8,-1,-1,-1,-1,-1,-1,51,-1,13,-1,-1,37
SIP020b,cb_intrinsic,brain,PLP(R),317.9,241.5,-1,-1,-1,-1,-1,-1,-1,-1,68,-1,-1,37
SIP021_a,cb_intrinsic,brain,IB,553.4,223.4,43,-1,-1,-1,-1,-1,-1,-1,17,-1,69,37
SIP021_b,cb_intrinsic,brain,SIP(L),607.0,72.7,34,-1,-1,-1,-1,-1,-1,-1,20,-1,47,37
SIP022,cb_intrinsic,brain,CRE(L),449.8,118.6,63,-1,-1,-1,-1,-1,-1,-1,-1,-1,-1,37
SIP024,cb_intrinsic,brain,SIP(R),547.2,77.2,-1,-1,-1,-1,-1,-1,-1,-1,14,-1,-1,37
SIP025,cb_intrinsic,brain,AVLP(R),683.2,224.6,36,-1,15,-1,-1,-1,52,-1,-1,-1,-1,37
SIP026,cb_intrinsic,brain,SIP(L),421.0,71.0,-1,-1,-1,-1,44,-1,48,-1,8,-1,-1,37
SIP027,cb_intrinsic,brain,SIP(R),435.1,156.2,-1,-1,46,-1,-1,-1,-1,-1,59,-1,-1,37
SIP028,cb_intrinsic,brain,SIP(L),406.2,68.9,57,-1,-1,-1,-1,-1,-1,-1,20,-1,66,37
SIP029,cb_intrinsic,brain,SIP(L),544.6,67.1,58,-1,37,-1,64,-1,27,-1,8,-1,-1,37
SIP030,cb_intrinsic,brain,SIP(L),408.3,105.9,27,-1,-1,-1,-1,-1,-1,-1,-1,-1,55,37
SIP031,cb_intrinsic,brain,SIP(L),635.0,130.5,-1,-1,-1,-1,-1,-1,-1,-1,18,-1,-1,37
SIP032,cb_intrinsic,brain,SIP(L),659.0,264.8,29,-1,-1,-1,68,-1,51,-1,10,-1,-1,37
SIP033,cb_intrinsic,brain,SIP(R),642.6,76.8,25,-1,-1,-1,-1,-1,-1,-1,21,-1,-1,37
SIP034,cb_intrinsic,brain,SIP(L),409.6,67.3,61,-1,-1,-1,-1,-1,48,-1,17,-1,61,37
SIP037,cb_intrinsic,brain,SIP(L),701.0,84.0,-1,-1,-1,-1,-1,-1,-1,-1,16,-1,-1,37
SIP041,cb_intrinsic,brain,SIP(L),604.4,71.6,53,-1,-1,-1,-1,-1,-1,-1,66,-1,66,37
SIP042_a,cb_intrinsic,brain,SIP(L),585.4,57.3,14,-1,-1,-1,42,-1,42,-1,-1,-1,-1,37
SIP042_b,cb_intrinsic,brain,SIP(L),426.4,95.7,-1,-1,-1,-1,60,-1,-1,-1,-1,-1,13,-1
SIP045,cb_intrinsic,brain,SMP(L),490.0,49.9,-1,-1,-1,-1,-1,-1,51,-1,-1,-1,-1,37
SIP046,cb_intrinsic,brain,SIP(L),623.2,91.9,63,-1,31,-1,33,-1,38,-1,8,-1,61,37
SIP047,cb_intrinsic,brain,SIP(L),464.0,118.5,-1,-1,33,-1,-1,-1,-1,-1,44,-1,45,37
SIP048,cb_intrinsic,brain,SIP(R),410.7,73.6,19,-1,-1,-1,-1,-1,-1,-1,41,-1,-1,37
SIP049,cb_intrinsic,brain,SIP(L),399.0,90.4,-1,-1,-1,-1,-1,-1,-1,-1,-1,-1,-1,37
SIP051,cb_intrinsic,brain,SIP(R),691.1,103.7,-1,-1,-1,-1,-1,-1,-1,-1,-1,-1,-1,37
SIP052,cb_intrinsic,brain,SMP(L),534.2,66.6,27,-1,-1,-1,-1,-1,36,-1,31,-1,-1,37
SIP053,cb_intrinsic,brain,SIP(R),534.0,106.6,62,-1,24,-1,-1,-1,50,-1,-1,-1,48,37
SIP054,cb_intrinsic,brain,SMP(R),539.7,97.3,21,-1,-1,-1,-1,-1,-1,-1,32,-1,-1,37
SIP057,cb_intrinsic,brain,SIP(R),390.6,102.8,44,-1,-1,-1,-1,-1,-1,-1,25,-1,-1,37
SIP064,cb_intrinsic,brain,SIP(R),659.2,117.0,64,-1,23,-1,32,-1,7,-1,30,-1,-1,37
SIP065,cb_intrinsic,brain,SMP(L),415.0,93.4,13,-1,41,-1,37,-1,-1,-1,10,-1,-1,37
SIP066,cb_intrinsic,brain,SIP(L),609.4,103.6,9,-1,38,-1,30,-1,44,-1,8,-1,-1,37
SIP067,cb_intrinsic,brain,SMP(R),359.3,113.2,-1,-1,51,-1,-1,-1,32,-1,5,-1,-1,37
SIP069,cb_intrinsic,brain,SIP(R),410.1,41.0,-1,-1,34,-1,-1,-1,29,-1,25,-1,-1,37
SIP070,cb_intrinsic,brain,SIP(L),485.0,89.2,57,-1,38,-1,25,-1,50,-1,9,-1,-1,37
SIP071,cb_intrinsic,brain,SIP(L),638.9,103.7,-1,-1,11,-1,-1,-1,35,-1,51,-1,-1,37
SIP073,cb_intrinsic,brain,SMP(R),565.2,110.1,35,-1,-1,-1,55,-1,45,-1,13,-1,-1,37
SIP074_a,cb_intrinsic,brain,SIP(R),615.4,66.6,49,-1,-1,-1,-1,-1,43,-1,23,-1,-1,37
SIP074_b,cb_intrinsic,brain,SIP(R),345.0,99.4,-1,-1,-1,-1,-1,-1,41,-1,24,-1,-1,37
SIP075,cb_intrinsic,brain,SMP(L),620.7,78.5,-1,-1,-1,-1,-1,-1,42,-1,25,-1,-1,37
SIP076,cb_intrinsic,brain,SIP(R),608.7,72.5,9,-1,5,-1,13,-1,30,-1,3,-1,-1,37
SIP077,cb_intrinsic,brain,SLP(R),330.6,127.5,39,-1,-1,-1,65,-1,66,-1,9,-1,61,37
SIP078,cb_intrinsic,brain,SLP(L),688.5,91.5,-1,-1,34,-1,-1,-1,43,-1,5,-1,44,37
SIP080,cb_intrinsic,brain,SLP(L),627.4,75.3,40,-1,-1,-1,-1,-1,46,-1,11,-1,-1,37
SIP081,cb_intrinsic,brain,CRE(L),397.2,217.5,-1,-1,24,-1,20,-1,28,-1,10,-1,-1,37
SIP086,cb_intrinsic,brain,SIP(R),682.9,321.5,-1,-1,46,-1,-1,-1,39,-1,30,-1,69,37
SIP087,cb_intrinsic,brain,CRE(L),568.9,100.5,-1,-1,67,-1,11,-1,36,-1,29,-1,55,37
SIP088,cb_intrinsic,brain,SLP(L),374.3,112.8,36,-1,-1,-1,37,-1,32,-1,25,-1,-1,37
SIP089,cb_intrinsic,brain,SIP(L),567.7,57.8,-1,-1,-1,-1,53,-1,-1,-1,-1,-1,-1,37
SIP090,cb_intrinsic,brain,SIP(R),297.9,142.8,-1,-1,69,-1,-1,-1,40,-1,-1,-1,-1,37
SIP091,cb_intrinsic,brain,SIP(R),617.9,81.2,-1,-1,32,-1,28,-1,-1,-1,21,-1,69,37
SIP100m,cb_intrinsic,brain,SIP(L),292.5,249.4,20,-1,11,-1,9,-1,35,-1,18,-1,-1,37
SIP101m,cb_intrinsic,brain,SIP(R),607.6,134.2,17,-1,10,-1,48,-1,63,-1,28,-1,-1,37
SIP102m,cb_intrinsic,brain,SMP(R),491.9,129.2,14,-1,15,-1,19,-1,37,-1,13,-1,-1,37
SIP103m,cb_intrinsic,brain,SIP(R),398.7,67.7,2,-1,9,-1,10,-1,44,-1,16,-1,-1,37
SIP104m,cb_intrinsic,brain,SIP(R),326.2,230.1,-1,-1,-1,-1,5,-1,-1,-1,13,-1,-1,37
SIP105m,cb_intrinsic,brain,SIP(R),553.1,319.8,-1,-1,32,-1,25,-1,44,-1,16,-1,-1,37
SIP106m,cb_intrinsic,brain,SIP(R),621.0,80.4,32,-1,-1,-1,19,-1,-1,-1,14,-1,-1,37
SIP107m,cb_intrinsic,brain,SIP(L),597.1,186.0,-1,-1,13,-1,-1,-1,43,-1,13,-1,-1,37
SIP108m,cb_intrinsic,brain,SIP(L),581.2,266.4,-1,-1,38,-1,12,-1,35,-1,8,-1,61,37
SIP109m,cb_intrinsic,brain,SIP(L),628.3,84.8,-1,-1,31,-1,29,-1,-1,-1,24,-1,-1,37
SIP110m_a,cb_intrinsic,brain,VES(R),609.4,109.6,-1,-1,-1,-1,41,-1,-1,-1,12,-1,32,-1
SIP110m_b,cb_intrinsic,brain,VES(R),371.3,67.6,-1,-1,-1,-1,45,-1,-1,-1,12,-1,-1,37
SIP111m,cb_intrinsic,brain,SAD,383.5,306.5,36,-1,-1,-1,22,-1,-1,-1,7,-1,32,-1
SIP112m,cb_intrinsic,brain,SIP(R),624.1,140.5,68,-1,27,-1,29,-1,-1,-1,25,-1,-1,37
SIP113m,cb_intrinsic,brain,SIP(R),539.3,89.9,-1,-1,-1,-1,-1,-1,-1,-1,22,-1,54,37
SIP115m,cb_intrinsic,brain,SIP(L),353.2,130.2,-1,-1,-1,-1,36,-1,38,-1,25,-1,-1,37
SIP116m,cb_intrinsic,brain,SIP(R),671.9,219.2,17,-1,9,-1,29,-1,30,-1,27,-1,-1,37
SIP117m,cb_intrinsic,brain,SIP(R),426.4,36.6,47,-1,23,-1,46,-1,45,-1,-1,-1,-1,37
SIP118m,cb_intrinsic,brain,SIP(L),433.1,202.3,-1,-1,-1,-1,55,-1,66,-1,17,-1,-1,37
SIP119m,cb_intrinsic,brain,SIP(L),577.9,116.5,-1,-1,-1,-1,10,-1,45,-1,14,-1,-1,37
SIP121m,cb_intrinsic,brain,SIP(R),398.3,80.8,9,-1,-1,-1,12,-1,28,-1,13,-1,-1,37
SIP122m,cb_intrinsic,brain,SIP(R),406.7,80.9,-1,-1,57,-1,7,-1,29,-1,13,-1,-1,37
SIP123m,cb_intrinsic,brain,SIP(R),720.0,253.7,62,-1,-1,-1,-1,-1,-1,-1,25,-1,-1,37
SIP124m,cb_intrinsic,brain,SIP(L),274.0,214.9,-1,-1,-1,-1,13,-1,-1,-1,15,-1,-1,37
SIP126m_a,cb_intrinsic,brain,SIP(R),578.1,88.9,-1,-1,-1,-1,45,-1,-1,-1,-1,-1,-1,37
SIP126m_b,cb_intrinsic,brain,SIP(R),604.4,85.5,27,-1,-1,-1,57,-1,-1,-1,-1,-1,-1,37
SIP128m,cb_intrinsic,brain,SMP(L),471.4,102.1,-1,-1,-1,-1,-1,-1,-1,-1,-1,-1,65,37
SIP130m,cb_intrinsic,brain,SMP(L),562.3,100.3,-1,-1,-1,63,-1,-1,-1,-1,-1,-1,-1,37
SIP132m,cb_intrinsic,brain,SMP(R),562.2,56.8,49,-1,-1,-1,64,-1,-1,-1,39,-1,-1,37
SIP133m,cb_intrinsic,brain,SIP(R),429.7,156.1,31,-1,10,-1,6,-1,64,-1,4,-1,29,-1
SIP135m,cb_intrinsic,brain,VES(R),433.9,261.0,25,-1,35,-1,-1,58,64,-1,-1,44,-1,37
SIP136m,cb_intrinsic,brain,SIP(R),425.8,158.8,31,-1,16,-1,11,-1,3,-1,13,-1,-1,37
SIP137m_a,cb_intrinsic,brain,SIP(R),412.3,103.0,-1,-1,-1,69,52,-1,-1,-1,-1,-1,-1,37
SIP137m_b,cb_intrinsic,brain,SIP(R),405.1,63.1,34,-1,-1,-1,51,-1,43,-1,20,-1,-1,37
SIP140m,cb_intrinsic,brain,SIP(R),602.3,39.3,33,-1,-1,-1,-1,-1,-1,-1,23,-1,65,37
SIP141m,cb_intrinsic,brain,SIP(L),368.4,118.9,-1,-1,53,-1,14,-1,-1,-1,5,-1,-1,37
SIP142m,cb_intrinsic,brain,SIP(R),399.3,209.2,-1,-1,-1,-1,45,-1,64,-1,17,-1,-1,37
SIP143m,cb_intrinsic,brain,SIP(L),657.9,85.2,-1,-1,-1,-1,59,-1,-1,-1,12,-1,-1,37
SIP145m,cb_intrinsic,brain,AVLP(R),624.0,98.7,-1,-1,-1,-1,29,-1,42,-1,17,-1,52,37
SIP146m,cb_intrinsic,brain,SIP(R),280.1,239.0,45,-1,33,-1,13,-1,29,-1,14,-1,-1,37
SIP147m,cb_intrinsic,brain,SIP(L),334.5,200.9,49,-1,-1,-1,-1,-1,-1,-1,26,-1,-1,37
SLP001,cb_intrinsic,brain,SLP(R),347.9,82.0,29,-1,-1,-1,-1,-1,42,-1,40,-1,47,37
SLP002,cb_intrinsic,brain,SLP(L),371.9,98.3,14,-1,-1,-1,57,-1,49,-1,-1,-1,-1,37
SLP003,cb_intrinsic,brain,SLP(R),332.9,260.8,-1,-1,9,-1,20,-1,6,-1,26,-1,64,37
SLP004,cb_intrinsic,brain,SLP(L),693.6,106.7,-1,-1,11,-1,21,-1,1,-1,20,-1,12,-1
SLP006,cb_intrinsic,brain,SLP(L),654.8,129.3,-1,-1,-1,-1,-1,-1,39,-1,67,-1,59,37
SLP007,cb_intrinsic,brain,SLP(L),384.5,65.1,69,-1,52,-1,-1,-1,43,-1,50,-1,-1,37
SLP008,cb_intrinsic,brain,SLP(R),679.8,63.3,-1,-1,-1,-1,-1,-1,-1,-1,36,-1,-1,37
SLP011,cb_intrinsic,brain,SLP(R),696.6,108.8,-1,-1,-1,-1,-1,-1,-1,-1,49,-1,51,37
SLP012,cb_intrinsic,brain,SLP(R),668.0,131.6,43,-1,21,-1,16,-1,39,-1,19,-1,-1,37
SLP015_b,cb_intrinsic,brain,SLP(L),730.4,110.1,-1,-1,-1,-1,-1,-1,-1,-1,31,-1,-1,37
SLP015_c,cb_intrinsic,brain,SLP(L),327.0,107.0,8,-1,54,-1,-1,-1,-1,-1,25,-1,47,37
SLP016,cb_intrinsic,brain,SLP(L),682.8,105.7,20,-1,-1,-1,-1,-1,-1,-1,18,-1,-1,37
SLP017,cb_intrinsic,brain,SLP(R),658.2,52.0,31,-1,-1,-1,-1,-1,-1,-1,52,-1,-1,37
SLP018,cb_intrinsic,brain,SLP(R),339.5,112.2,28,-1,68,-1,33,-1,62,-1,30,-1,-1,37
SLP019,cb_intrinsic,brain,SLP(R),685.3,106.8,26,-1,64,-1,49,-1,41,-1,17,-1,-1,37
SLP021,cb_intrinsic,brain,SLP(R),603.7,76.3,-1,-1,-1,-1,21,-1,41,-1,11,-1,-1,37
SLP022,cb_intrinsic,brain,SLP(L),396.3,46.7,-1,-1,-1,-1,-1,-1,41,-1,11,-1,-1,37
SLP024,cb_intrinsic,brain,SLP(R),327.9,80.8,-1,-1,14,-1,18,-1,39,-1,2,-1,-1,37
SLP025,cb_intrinsic,brain,SLP(R),632.8,91.6,24,-1,-1,-1,-1,-1,-1,-1,8,-1,-1,37
SLP026,cb_intrinsic,brain,SLP(R),319.1,89.0,-1,-1,-1,-1,-1,-1,-1,-1,56,-1,-1,37
SLP027,cb_intrinsic,brain,SLP(R),636.1,74.0,-1,-1,-1,-1,-1,-1,-1,-1,43,-1,12,-1
SLP028,cb_intrinsic,brain,SLP(R),688.5,89.6,2,-1,37,-1,-1,-1,63,-1,31,-1,-1,37
SLP030,cb_intrinsic,brain,SLP(L),382.8,143.2,-1,-1,-1,-1,-1,-1,-1,-1,49,-1,-1,37
SLP031,cb_intrinsic,brain,AVLP(R),565.5,66.6,-1,-1,20,-1,30,-1,37,-1,30,-1,67,37
SLP032,cb_intrinsic,brain,SLP(L),625.1,95.5,-1,-1,28,-1,23,-1,34,-1,13,-1,-1,37
SLP033,cb_intrinsic,brain,SLP(R),622.7,128.3,-1,-1,42,-1,19,-1,41,-1,17,-1,-1,37
SLP034,cb_intrinsic,brain,SLP(R),635.7,132.0,-1,-1,57,-1,51,-1,43,-1,26,-1,-1,37
SLP035,cb_intrinsic,brain,SLP(L),696.6,110.9,-1,-1,-1,-1,-1,-1,-1,-1,26,-1,-1,37
SLP036,cb_intrinsic,brain,SLP(L),402.8,49.7,53,-1,22,-1,14,-1,36,-1,8,-1,11,-1
SLP038,cb_intrinsic,brain,SLP(R),368.4,116.8,-1,-1,49,-1,56,-1,42,-1,27,-1,-1,37
SLP040,cb_intrinsic,brain,SLP(R),725.6,69.2,-1,-1,-1,-1,69,-1,63,-1,37,-1,-1,37
SLP041,cb_intrinsic,brain,SLP(R),699.9,108.6,-1,-1,-1,-1,-1,-1,41,-1,11,-1,-1,37
SLP042,cb_intrinsic,brain,SLP(L),672.2,84.2,54,-1,-1,-1,-1,-1,-1,-1,60,-1,-1,37
SLP043,cb_intrinsic,brain,SLP(R),639.1,97.9,33,-1,-1,-1,-1,-1,-1,-1,9,-1,-1,37
SLP044_a,cb_intrinsic,brain,SLP(L),342.9,94.7,1,-1,-1,-1,-1,-1,-1,-1,42,-1,67,37
SLP044_d,cb_intrinsic,brain,SLP(R),299.8,87.4,32,-1,-1,-1,47,-1,42,-1,29,-1,-1,37
SLP046,cb_intrinsic,brain,SLP(R),756.7,121.6,30,-1,-1,-1,-1,-1,-1,-1,44,-1,-1,37
SLP047,cb_intrinsic,brain,SLP(R),648.9,226.5,12,-1,-1,-1,-1,-1,-1,-1,-1,-1,-1,37
SLP048,cb_intrinsic,brain,SLP(R),709.4,129.1,14,-1,-1,-1,-1,-1,-1,-1,-1,-1,-1,37
SLP056,cb_intrinsic,brain,SLP(R),364.6,155.2,30,-1,5,-1,8,-1,1,-1,16,-1,5,-1
SLP057,cb_intrinsic,brain,SLP(R),710.4,200.1,3,-1,19,-1,17,-1,18,-1,20,-1,-1,37
SLP058,cb_intrinsic,brain,SLP(R),281.6,96.4,-1,-1,-1,-1,-1,-1,46,-1,50,-1,-1,37
SLP059,cb_intrinsic,brain,SLP(R),364.0,124.2,-1,-1,53,-1,21,-1,62,-1,20,-1,-1,37
SLP060,cb_intrinsic,brain,SLP(R),338.6,119.0,-1,-1,-1,-1,15,-1,42,-1,19,-1,-1,37
SLP061,cb_intrinsic,brain,SLP(R),704.0,207.2,38,-1,66,-1,28,-1,19,-1,30,-1,-1,37
SLP062,cb_intrinsic,brain,SLP(R),676.9,127.7,60,-1,29,-1,22,-1,39,-1,24,-1,13,-1
SLP064,cb_intrinsic,brain,SLP(L),680.8,74.4,-1,-1,-1,-1,-1,-1,42,-1,45,-1,-1,37
SLP065,cb_intrinsic,brain,SLP(R),746.1,99.0,-1,-1,28,-1,-1,-1,19,-1,37,-1,-1,37
SLP066,cb_intrinsic,brain,SLP(R),356.1,108.4,16,-1,50,-1,43,-1,28,-1,26,-1,-1,37
SLP067,cb_intrinsic,brain,SLP(R),667.2,82.7,-1,-1,42,-1,-1,-1,30,-1,13,-1,-1,37
SLP068,cb_intrinsic,brain,SLP(L),574.1,95.1,-1,-1,31,-1,23,-1,46,-1,8,-1,-1,37
SLP069,cb_intrinsic,brain,SLP(R),680.0,107.2,-1,-1,36,-1,37,-1,48,-1,47,-1,-1,37
SLP070,cb_intrinsic,brain,SLP(R),714.5,107.1,-1,-1,45,-1,36,-1,37,-1,20,-1,-1,37
SLP071,cb_intrinsic,brain,SLP(R),699.3,86.8,7,-1,34,-1,-1,-1,40,-1,9,-1,-1,37
SLP072,cb_intrinsic,brain,SLP(L),363.9,87.3,-1,-1,-1,-1,-1,-1,36,-1,-1,-1,-1,37
SLP073,cb_intrinsic,brain,SLP(R),327.9,93.8,-1,-1,-1,-1,67,-1,-1,-1,31,-1,14,-1
SLP074,cb_intrinsic,brain,SLP(R),367.5,85.8,-1,-1,-1,-1,-1,-1,-1,-1,66,-1,-1,37
SLP075,cb_intrinsic,brain,SLP(L),354.8,100.0,-1,-1,33,-1,56,-1,49,-1,8,-1,-1,37
SLP076,cb_intrinsic,brain,SLP(L),665.7,134.4,13,-1,16,-1,-1,-1,62,-1,50,-1,-1,37
SLP077,cb_intrinsic,brain,SLP(L),660.7,137.3,-1,-1,37,-1,-1,-1,30,-1,49,-1,-1,37
SLP078,cb_intrinsic,brain,SLP(R),720.3,82.4,-1,-1,57,-1,57,-1,66,-1,38,-1,-1,37
SLP079,cb_intrinsic,brain,SLP(R),655.9,129.9,-1,-1,-1,-1,-1,-1,40,-1,-1,-1,55,37
SLP080,cb_intrinsic,brain,SLP(R),634.2,243.4,5,-1,49,-1,-1,-1,39,-1,47,-1,-1,37
SLP081,cb_intrinsic,brain,SLP(R),373.4,155.7,-1,-1,56,-1,-1,-1,34,-1,-1,-1,-1,37
SLP082,cb_intrinsic,brain,SLP(L),699.9,107.1,-1,-1,11,-1,26,-1,27,-1,41,-1,-1,37
SLP083,cb_intrinsic,brain,SLP(R),724.5,54.8,-1,-1,-1,-1,-1,-1,41,-1,39,-1,63,37
SLP085,cb_intrinsic,brain,SLP(R),293.3,112.5,44,-1,-1,-1,-1,-1,-1,-1,-1,-1,-1,37
SLP086,cb_intrinsic,brain,SLP(L),736.7,98.1,-1,-1,32,-1,-1,-1,39,-1,-1,-1,-1,37
SLP087,cb_intrinsic,brain,SLP(L),396.8,53.8,4,-1,47,-1,-1,-1,38,-1,-1,-1,45,37
SLP088_a,cb_intrinsic,brain,SLP(L),667.6,43.9,27,-1,36,-1,51,-1,39,-1,34,-1,-1,37
SLP088_b,cb_intrinsic,brain,SLP(L),673.7,97.4,-1,-1,-1,-1,-1,-1,58,-1,43,-1,-1,37
SLP089,cb_intrinsic,brain,SLP(R),318.3,98.1,-1,-1,54,-1,-1,-1,-1,-1,-1,-1,-1,37
SLP094_a,cb_intrinsic,brain,SLP(R),357.3,195.4,42,-1,35,-1,57,-1,50,-1,-1,-1,-1,37
SLP094_b,cb_intrinsic,brain,SLP(R),668.4,50.7,13,-1,54,-1,-1,-1,-1,-1,-1,-1,-1,37
SLP094_c,cb_intrinsic,brain,SLP(R),307.2,226.8,-1,-1,-1,-1,-1,-1,-1,-1,59,-1,-1,37
SLP098,cb_intrinsic,brain,SLP(R),394.8,245.6,6,-1,32,-1,23,-1,49,-1,33,-1,-1,37
SLP099,cb_intrinsic,brain,SLP(R),346.7,106.7,-1,-1,-1,-1,-1,-1,-1,-1,5,-1,-1,37
SLP101,cb_intrinsic,brain,SLP(R),621.6,85.0,18,-1,-1,-1,51,-1,-1,-1,10,-1,-1,37
SLP102,cb_intrinsic,brain,SLP(R),312.5,147.3,64,-1,-1,-1,-1,-1,69,-1,11,-1,-1,37
SLP103,cb_intrinsic,brain,SLP(L),285.9,110.0,-1,-1,58,-1,60,-1,41,-1,29,-1,-1,37
SLP104,cb_intrinsic,brain,SLP(R),306.3,98.2,-1,-1,-1,-1,-1,-1,-1,-1,44,-1,54,37
SLP105,cb_intrinsic,brain,SLP(L),369.6,78.3,-1,-1,-1,-1,-1,-1,-1,-1,12,-1,-1,37
SLP106,cb_intrinsic,brain,SLP(L),619.3,84.8,-1,-1,-1,-1,-1,-1,38,-1,13,-1,-1,37
SLP109,cb_intrinsic,brain,SLP(L),324.2,101.0,10,-1,-1,-1,-1,-1,-1,-1,36,-1,-1,37
SLP112,cb_intrinsic,brain,SLP(R),695.7,116.3,-1,-1,49,-1,15,-1,-1,-1,15,-1,-1,37
SLP113,cb_intrinsic,brain,SLP(R),534.1,111.6,-1,-1,-1,-1,20,-1,-1,-1,14,-1,-1,37
SLP114,cb_intrinsic,brain,SLP(R),731.1,165.5,2,-1,-1,-1,-1,-1,-1,-1,-1,-1,-1,37
SLP115,cb_intrinsic,brain,SLP(L),350.6,105.2,56,-1,-1,69,-1,-1,-1,-1,69,-1,-1,37
SLP116,cb_intrinsic,brain,SLP(R),316.1,114.9,28,-1,-1,-1,-1,-1,-1,-1,13,-1,48,37
SLP118,cb_intrinsic,brain,SLP(L),304.1,138.0,17,-1,-1,-1,-1,-1,-1,-1,51,-1,-1,37
SLP119,cb_intrinsic,brain,SLP(L),692.9,201.2,-1,-1,-1,-1,-1,-1,-1,-1,55,-1,51,37
SLP120,cb_intrinsic,brain,SLP(L),634.6,140.2,-1,-1,-1,-1,-1,-1,-1,-1,-1,-1,67,37
SLP122,cb_intrinsic,brain,SLP(R),355.6,82.7,43,-1,38,-1,39,-1,27,-1,42,-1,-1,37
SLP122_b,cb_intrinsic,brain,WED(R),326.4,217.3,69,-1,-1,-1,-1,-1,-1,-1,-1,-1,-1,37
SLP126,cb_intrinsic,brain,SLP(L),653.2,74.4,22,-1,60,-1,-1,-1,46,-1,-1,-1,-1,37
SLP128,cb_intrinsic,brain,SLP(L),315.6,103.0,-1,-1,-1,-1,51,-1,-1,-1,36,-1,51,37
SLP129_c,cb_intrinsic,brain,SLP(R),273.7,105.8,-1,-1,62,-1,52,-1,39,-1,32,-1,-1,37
SLP130,cb_intrinsic,brain,SLP(R),745.1,261.6,-1,-1,21,-1,-1,-1,1,-1,26,-1,9,-1
SLP131,cb_intrinsic,brain,SLP(R),738.1,205.5,-1,-1,29,-1,10,-1,20,-1,15,-1,-1,37
SLP132,cb_intrinsic,brain,SLP(R),295.5,113.1,-1,-1,41,-1,17,-1,33,-1,16,-1,64,37
SLP134,cb_intrinsic,brain,SLP(R),602.2,113.8,-1,-1,-1,-1,-1,-1,69,-1,43,-1,54,37
SLP136,cb_intrinsic,brain,SLP(R),647.1,86.7,43,-1,-1,-1,-1,-1,40,-1,-1,-1,-1,37
SLP137,cb_intrinsic,brain,SLP(L),361.0,199.0,-1,-1,-1,-1,-1,-1,-1,-1,56,-1,-1,37
SLP138,cb_intrinsic,brain,SLP(L),577.2,45.7,-1,-1,-1,-1,-1,-1,-1,-1,68,-1,68,37
SLP141,cb_intrinsic,brain,SLP(L),338.1,57.0,11,-1,-1,-1,49,-1,42,-1,17,-1,-1,37
SLP142,cb_intrinsic,brain,SLP(L),727.6,83.3,48,-1,56,-1,31,-1,69,-1,16,-1,-1,37
SLP149,cb_intrinsic,brain,SLP(R),322.1,89.0,-1,-1,-1,-1,34,-1,42,-1,9,-1,-1,37
SLP150,cb_intrinsic,brain,SIP(L),695.6,87.4,24,-1,37,-1,-1,-1,51,-1,10,-1,60,37
SLP151,cb_intrinsic,brain,SLP(R),338.9,121.8,-1,-1,-1,-1,-1,-1,-1,-1,39,-1,47,37
SLP152,cb_intrinsic,brain,SLP(L),635.7,148.9,-1,-1,-1,-1,-1,-1,65,-1,56,-1,-1,37
SLP153,cb_intrinsic,brain,SLP(R),321.5,57.8,51,-1,-1,-1,-1,-1,41,-1,-1,-1,-1,37
SLP155,cb_intrinsic,brain,SLP(R),732.2,105.0,10,-1,-1,-1,-1,-1,46,-1,-1,-1,62,37
SLP157,cb_intrinsic,brain,SLP(R),649.4,96.7,19,-1,-1,-1,40,-1,-1,-1,35,-1,-1,37
SLP158,cb_intrinsic,brain,SLP(R),349.1,102.1,-1,-1,64,-1,36,-1,-1,-1,50,-1,-1,37
SLP160,cb_intrinsic,brain,SLP(L),688.0,115.0,-1,-1,42,-1,-1,-1,49,-1,-1,-1,-1,37
SLP162,cb_intrinsic,brain,SLP(L),649.8,39.0,-1,-1,37,-1,30,-1,42,-1,17,-1,-1,37
SLP164,cb_intrinsic,brain,SLP(L),313.9,130.8,69,-1,-1,-1,49,-1,40,-1,11,-1,-1,37
SLP168,cb_intrinsic,brain,SLP(R),301.2,121.9,12,-1,-1,-1,-1,-1,-1,-1,50,-1,-1,37
SLP170,cb_intrinsic,brain,SLP(R),402.5,126.7,-1,-1,-1,-1,-1,-1,-1,-1,22,-1,-1,37
SLP171,cb_intrinsic,brain,SLP(R),360.9,108.9,10,-1,-1,-1,15,-1,41,-1,4,-1,-1,37
SLP173,cb_intrinsic,brain,SLP(R),343.2,128.0,-1,-1,-1,-1,-1,-1,-1,-1,33,-1,47,37
SLP176,cb_intrinsic,brain,SLP(R),718.7,58.3,57,-1,15,-1,14,-1,30,-1,14,-1,18,-1
SLP178,cb_intrinsic,brain,SLP(R),341.5,122.0,5,-1,-1,-1,-1,-1,62,-1,9,-1,51,37
SLP179_a,cb_intrinsic,brain,SLP(R),303.7,67.6,-1,-1,-1,-1,-1,-1,-1,-1,24,-1,11,-1
SLP179_b,cb_intrinsic,brain,SLP(R),333.2,103.7,7,-1,57,-1,12,-1,38,-1,7,-1,-1,37
SLP183,cb_intrinsic,brain,SLP(L),446.9,120.4,51,-1,-1,-1,-1,-1,-1,-1,31,-1,-1,37
SLP184,cb_intrinsic,brain,CA(L),628.9,113.9,3,-1,-1,-1,-1,-1,-1,-1,43,-1,-1,37
SLP186,cb_intrinsic,brain,SLP(R),712.5,69.5,-1,-1,-1,-1,-1,-1,39,-1,40,-1,12,-1
SLP187,cb_intrinsic,brain,SLP(R),652.4,80.7,-1,-1,32,-1,-1,-1,62,-1,24,-1,61,37
SLP188,cb_intrinsic,brain,SLP(R),320.2,103.4,6,-1,27,-1,22,-1,56,-1,23,-1,-1,37
SLP189,cb_intrinsic,brain,AVLP(R),632.2,48.3,11,-1,-1,-1,-1,-1,-1,-1,56,-1,-1,37
SLP189_a,cb_intrinsic,brain,AVLP(R),317.0,310.1,43,-1,-1,-1,-1,-1,-1,-1,40,-1,-1,37
SLP189_b,cb_intrinsic,brain,AVLP(R),692.2,82.9,44,-1,36,-1,47,-1,-1,-1,34,-1,-1,37
SLP198,cb_intrinsic,brain,SLP(R),683.2,101.4,63,-1,-1,-1,-1,-1,-1,-1,13,-1,-1,37
SLP199,cb_intrinsic,brain,SLP(R),379.7,97.2,62,-1,-1,-1,37,-1,-1,-1,11,-1,-1,37
SLP202,cb_intrinsic,brain,SLP(L),682.2,44.0,8,-1,36,-1,-1,-1,42,-1,40,-1,-1,37
SLP204,cb_intrinsic,brain,SLP(R),431.1,64.5,26,-1,-1,-1,-1,-1,42,-1,59,-1,-1,37
SLP206,cb_intrinsic,brain,SLP(L),675.5,204.0,-1,-1,-1,-1,28,-1,38,-1,35,-1,-1,37
SLP207,cb_intrinsic,brain,SLP(R),633.7,48.0,-1,-1,50,-1,-1,-1,44,-1,-1,-1,-1,37
SLP208,cb_intrinsic,brain,SLP(R),323.6,131.6,-1,-1,62,-1,-1,-1,40,-1,38,-1,49,37
SLP209,cb_intrinsic,brain,SLP(R),332.1,139.3,26,-1,24,-1,35,-1,27,-1,21,-1,-1,37
SLP210,cb_intrinsic,brain,SLP(R),689.3,116.7,-1,-1,62,-1,-1,-1,62,-1,-1,-1,63,37
SLP211,cb_intrinsic,brain,SLP(R),341.5,50.7,-1,-1,-1,-1,67,-1,-1,-1,36,-1,-1,37
SLP212_a,cb_intrinsic,brain,SLP(R),324.8,111.0,-1,-1,41,-1,57,-1,39,-1,8,-1,-1,37
SLP212_b,cb_intrinsic,brain,SLP(L),467.9,103.2,27,-1,-1,-1,-1,-1,-1,-1,22,-1,-1,37
SLP212_c,cb_intrinsic,brain,SMP(R),312.1,96.2,28,-1,61,-1,-1,-1,39,-1,26,-1,-1,37
SLP214,cb_intrinsic,brain,SLP(L),442.9,74.9,-1,-1,-1,-1,50,-1,48,-1,9,-1,-1,37
SLP215,cb_intrinsic,brain,SLP(R),400.9,138.8,-1,-1,-1,-1,37,-1,7,-1,38,-1,10,-1
SLP216,cb_intrinsic,brain,SLP(R),625.6,93.7,-1,-1,50,-1,64,-1,27,-1,26,-1,7,-1
SLP217,cb_intrinsic,brain,SLP(R),594.4,64.9,-1,-1,32,-1,43,-1,27,-1,36,-1,-1,37
SLP221,cb_intrinsic,brain,SLP(R),646.9,67.7,51,-1,-1,-1,-1,-1,43,-1,56,-1,-1,37
SLP222,cb_intrinsic,brain,SLP(R),657.2,91.3,-1,-1,-1,-1,-1,-1,63,-1,50,-1,4,-1
SLP223,cb_intrinsic,brain,SLP(R),633.5,33.5,-1,-1,19,-1,30,-1,38,-1,-1,-1,-1,37
SLP224,cb_intrinsic,brain,SLP(R),325.1,209.8,12,-1,22,-1,45,-1,27,-1,37,-1,-1,37
SLP227,cb_intrinsic,brain,SLP(L),371.5,235.7,46,-1,47,-1,-1,-1,38,-1,-1,62,9,-1
SLP228,cb_intrinsic,brain,SLP(R),397.6,129.6,-1,-1,69,-1,-1,-1,-1,-1,55,-1,64,37
SLP229,cb_intrinsic,brain,SLP(R),327.9,131.7,-1,-1,51,-1,41,-1,34,-1,13,-1,-1,37
SLP230,cb_intrinsic,brain,SLP(R),662.4,86.2,12,-1,18,-1,23,-1,6,-1,36,-1,-1,37
SLP231,cb_intrinsic,brain,SLP(R),636.1,50.0,-1,-1,-1,-1,-1,-1,38,-1,58,-1,56,37
SLP234,cb_intrinsic,brain,SLP(L),627.5,92.3,25,-1,56,-1,52,-1,37,-1,62,-1,8,-1
SLP235,cb_intrinsic,brain,GNG,633.5,82.5,-1,-1,17,-1,32,-1,8,-1,51,-1,6,-1
SLP236,cb_intrinsic,brain,GNG,263.4,105.0,-1,-1,26,-1,64,-1,18,-1,-1,-1,4,-1
SLP237,cb_intrinsic,brain,GNG,265.2,262.5,-1,-1,-1,-1,42,-1,9,-1,-1,-1,10,-1
SLP238,cb_intrinsic,brain,GNG,718.4,78.8,-1,-1,34,-1,43,-1,25,-1,-1,-1,8,-1
SLP239,cb_intrinsic,brain,GNG,474.9,348.9,-1,-1,26,-1,29,-1,10,-1,-1,-1,9,-1
SLP240_a,cb_intrinsic,brain,SLP(L),380.2,87.4,-1,-1,-1,-1,-1,-1,-1,-1,-1,-1,-1,37
SLP240_b,cb_intrinsic,brain,SLP(R),353.1,93.9,8,-1,-1,-1,-1,-1,-1,-1,11,-1,-1,37
SLP241,cb_intrinsic,brain,SLP(R),378.9,68.7,-1,-1,-1,-1,42,-1,44,-1,24,-1,-1,37
SLP242,cb_intrinsic,brain,SLP(R),385.4,72.0,16,-1,-1,-1,-1,-1,-1,-1,43,-1,-1,37
SLP243,cb_intrinsic,brain,GNG,452.7,423.1,-1,-1,26,-1,24,-1,9,-1,-1,-1,9,-1
SLP244,cb_intrinsic,brain,SLP(R),378.3,39.5,-1,-1,28,-1,-1,-1,41,-1,-1,-1,-1,37
SLP245,cb_intrinsic,brain,SLP(L),315.3,86.8,-1,-1,-1,-1,-1,-1,41,-1,47,-1,54,37
SLP246,cb_intrinsic,brain,SLP(L),671.6,135.3,-1,-1,-1,-1,-1,-1,-1,-1,56,-1,67,37
SLP247,cb_intrinsic,brain,SIP(L),379.3,97.2,15,-1,32,-1,59,-1,-1,-1,16,-1,-1,37
SLP248,cb_intrinsic,brain,PLP(R),409.2,124.8,45,-1,64,-1,20,-1,-1,-1,28,-1,-1,37
SLP249,cb_intrinsic,brain,SLP(R),704.2,204.4,68,-1,42,-1,24,-1,47,-1,29,-1,11,-1
SLP250,visual_projection,brain,PLP(R),407.0,191.9,13,-1,57,-1,47,-1,20,-1,-1,-1,-1,37
SLP251,cb_intrinsic,brain,SLP(R),577.5,72.9,65,-1,42,-1,40,-1,41,-1,32,-1,-1,37
SLP252_a,cb_intrinsic,brain,SLP(R),370.2,70.2,-1,-1,-1,-1,-1,-1,-1,-1,36,-1,-1,37
SLP252_b,cb_intrinsic,brain,SLP(R),685.1,88.9,-1,-1,-1,-1,67,-1,42,-1,36,-1,-1,37
SLP252_c,cb_intrinsic,brain,SLP(R),688.1,107.0,-1,-1,-1,-1,-1,-1,-1,-1,37,-1,53,37
SLP255,cb_intrinsic,brain,SLP(R),673.3,194.4,39,-1,68,60,-1,-1,47,-1,57,-1,57,37
SLP256,cb_intrinsic,brain,SLP(R),711.6,121.8,-1,-1,-1,-1,-1,-1,-1,-1,-1,-1,-1,37
SLP257,cb_intrinsic,brain,SLP(R),631.6,65.6,52,-1,41,-1,-1,-1,30,-1,-1,-1,-1,37
SLP258,cb_intrinsic,brain,SLP(R),338.0,89.1,38,-1,-1,-1,-1,-1,41,-1,18,-1,47,37
SLP259,cb_intrinsic,brain,SLP(R),575.9,96.3,-1,-1,59,-1,36,-1,43,-1,16,-1,12,-1
SLP260,cb_intrinsic,brain,SLP(L),344.7,61.5,-1,-1,-1,-1,-1,-1,-1,-1,26,-1,-1,37
SLP265,cb_intrinsic,brain,SLP(R),576.1,80.6,-1,-1,-1,-1,-1,-1,48,-1,18,-1,61,37
SLP266,cb_intrinsic,brain,SLP(R),640.7,55.9,61,-1,-1,-1,43,-1,-1,-1,32,-1,49,37
SLP267,cb_intrinsic,brain,PLP(R),326.9,233.7,-1,-1,-1,-1,46,-1,43,-1,59,-1,50,37
SLP268,cb_intrinsic,brain,SLP(L),472.0,58.0,-1,-1,36,-1,-1,-1,43,-1,8,-1,-1,37
SLP269,cb_intrinsic,brain,SLP(R),427.3,267.9,-1,-1,36,-1,53,-1,37,-1,53,-1,59,37
SLP270,cb_intrinsic,brain,SLP(R),617.2,112.8,21,-1,39,-1,-1,-1,31,-1,-1,-1,13,-1
SLP271,cb_intrinsic,brain,SLP(R),651.6,90.8,-1,-1,-1,-1,35,-1,-1,-1,37,-1,66,37
SLP273,cb_intrinsic,brain,SLP(L),646.0,44.8,62,-1,-1,-1,-1,-1,-1,-1,68,-1,-1,37
SLP274,cb_intrinsic,brain,SLP(L),691.4,65.1,-1,-1,-1,-1,-1,-1,40,-1,43,-1,11,-1
SLP275,cb_intrinsic,brain,SLP(R),354.1,224.8,23,-1,30,-1,58,-1,48,-1,59,-1,-1,37
SLP278,cb_intrinsic,brain,AVLP(R),710.6,124.3,26,-1,-1,-1,-1,-1,-1,-1,35,-1,10,-1
SLP279,cb_intrinsic,brain,SLP(R),683.7,101.7,55,-1,-1,-1,23,-1,-1,-1,8,-1,45,37
SLP281,cb_intrinsic,brain,SLP(L),696.6,87.6,-1,-1,-1,-1,-1,-1,48,-1,26,-1,-1,37
"SLP283,SLP284",cb_intrinsic,brain,SLP(R),371.4,152.1,51,-1,-1,-1,39,-1,-1,-1,25,-1,-1,37
SLP285,cb_intrinsic,brain,SLP(R),663.0,109.7,-1,-1,61,-1,27,-1,4,-1,22,-1,-1,37
SLP286,cb_intrinsic,brain,SLP(R),687.8,114.6,-1,-1,27,-1,17,-1,69,-1,7,-1,-1,37
SLP287,cb_intrinsic,brain,SLP(L),727.1,108.2,-1,-1,-1,-1,-1,-1,45,-1,25,-1,-1,37
SLP288,cb_intrinsic,brain,SLP(R),666.3,76.3,20,-1,55,-1,46,-1,-1,-1,25,-1,18,-1
SLP289,cb_intrinsic,brain,SLP(R),324.3,124.8,-1,-1,45,-1,54,-1,39,-1,21,-1,12,-1
SLP290,cb_intrinsic,brain,SLP(R),699.3,110.6,4,-1,-1,-1,30,-1,-1,-1,14,-1,-1,37
SLP291,cb_intrinsic,brain,SLP(L),646.7,38.7,1,-1,-1,-1,-1,-1,43,-1,42,-1,-1,37
SLP295,cb_intrinsic,brain,SLP(R),598.4,119.4,-1,-1,46,-1,54,-1,-1,-1,44,-1,-1,37
SLP298,cb_intrinsic,brain,SLP(R),373.7,135.5,-1,-1,-1,-1,-1,-1,-1,-1,40,-1,-1,37
SLP300,cb_intrinsic,brain,SLP(R),705.1,89.4,-1,-1,55,-1,33,-1,42,-1,30,-1,-1,37
SLP302,cb_intrinsic,brain,SLP(R),291.1,89.0,38,-1,-1,-1,-1,-1,-1,-1,61,-1,-1,37
SLP304,cb_intrinsic,brain,SLP(R),381.6,146.9,-1,-1,67,52,59,-1,-1,-1,-1,-1,-1,37
SLP305,cb_intrinsic,brain,SLP(R),372.4,117.0,9,-1,-1,-1,-1,-1,-1,-1,51,-1,-1,37
SLP307,cb_intrinsic,brain,SLP(L),686.3,58.0,24,-1,-1,-1,-1,-1,-1,-1,59,-1,59,37
SLP308,cb_intrinsic,brain,SLP(R),346.8,71.3,-1,-1,-1,-1,-1,-1,39,-1,27,-1,45,37
SLP310,cb_intrinsic,brain,SLP(R),689.0,52.6,31,-1,-1,-1,-1,-1,63,-1,61,-1,-1,37
SLP311,cb_intrinsic,brain,SLP(R),301.0,98.6,-1,-1,63,-1,-1,-1,-1,-1,35,-1,14,-1
SLP312,cb_intrinsic,brain,SLP(R),308.4,209.7,56,-1,-1,-1,64,-1,-1,-1,-1,-1,-1,37
SLP313,cb_intrinsic,brain,LH(R),256.2,141.0,64,-1,-1,-1,-1,-1,-1,-1,-1,-1,53,37
SLP314,cb_intrinsic,brain,SLP(R),340.6,153.2,-1,-1,-1,-1,40,-1,-1,-1,52,-1,-1,37
SLP315,cb_intrinsic,brain,SLP(R),689.0,75.3,56,-1,-1,-1,64,-1,35,-1,48,-1,60,37
SLP316,cb_intrinsic,brain,SLP(R),302.5,72.7,-1,-1,39,-1,-1,-1,69,-1,61,-1,58,37
SLP319,cb_intrinsic,brain,SLP(L),650.4,99.4,20,-1,-1,-1,-1,-1,42,-1,37,-1,-1,37
SLP320,cb_intrinsic,brain,SLP(L),672.3,104.3,10,-1,-1,-1,-1,-1,38,-1,51,-1,-1,37
SLP321,cb_intrinsic,brain,PLP(R),664.9,173.2,62,-1,18,-1,24,-1,41,-1,26,-1,-1,37
SLP322,cb_intrinsic,brain,SLP(L),572.8,119.8,-1,-1,52,-1,59,-1,-1,-1,-1,-1,-1,37
SLP324,cb_intrinsic,brain,SMP(R),335.5,115.7,22,-1,-1,-1,-1,-1,-1,-1,-1,-1,-1,37
SLP327,cb_intrinsic,brain,SLP(R),680.7,72.8,61,-1,-1,-1,25,-1,-1,-1,17,-1,-1,37
SLP328,cb_intrinsic,brain,SIP(L),610.2,61.8,-1,-1,-1,-1,-1,-1,-1,-1,19,-1,-1,37
SLP330,cb_intrinsic,brain,SMP(L),710.5,167.6,-1,-1,-1,-1,-1,-1,-1,-1,55,-1,8,-1
SLP334,cb_intrinsic,brain,SLP(L),386.6,158.2,34,-1,38,-1,-1,-1,38,-1,54,-1,-1,37
SLP337,cb_intrinsic,brain,SLP(R),668.3,225.7,-1,-1,-1,-1,-1,-1,-1,-1,60,-1,11,-1
SLP340,cb_intrinsic,brain,SLP(R),320.8,81.7,59,-1,-1,-1,-1,-1,-1,-1,11,-1,-1,37
SLP341_a,cb_intrinsic,brain,SLP(L),321.1,62.2,25,-1,-1,-1,-1,-1,42,-1,45,-1,62,37
SLP341_b,cb_intrinsic,brain,SLP(R),696.8,94.4,-1,-1,-1,-1,-1,-1,-1,-1,-1,-1,-1,37
SLP344,cb_intrinsic,brain,SLP(R),350.4,50.2,-1,-1,-1,-1,-1,-1,43,-1,56,-1,-1,37
SLP345,cb_intrinsic,brain,SLP(R),327.8,132.5,-1,-1,-1,-1,-1,-1,-1,-1,52,-1,-1,37
SLP347,cb_intrinsic,brain,SLP(R),690.6,105.1,16,-1,61,-1,-1,-1,-1,-1,26,-1,-1,37
SLP354,cb_intrinsic,brain,SLP(R),294.3,110.8,-1,-1,-1,-1,-1,-1,42,-1,36,-1,55,37
SLP355,cb_intrinsic,brain,SLP(L),729.3,85.6,-1,-1,54,-1,-1,-1,39,-1,24,-1,-1,37
SLP356,cb_intrinsic,brain,SLP(R),355.1,70.3,66,-1,-1,-1,-1,-1,-1,-1,42,-1,-1,37
SLP358,cb_intrinsic,brain,SLP(R),317.5,240.4,11,-1,-1,-1,-1,-1,43,-1,56,-1,45,37
SLP359,cb_intrinsic,brain,SLP(R),320.2,58.9,15,-1,44,-1,20,-1,52,-1,32,-1,-1,37
SLP360_a,cb_intrinsic,brain,SLP(L),312.0,124.4,-1,-1,21,-1,27,-1,62,-1,-1,-1,-1,37
SLP360_b,cb_intrinsic,brain,PLP(R),395.7,267.0,-1,-1,-1,-1,-1,-1,-1,-1,-1,-1,-1,37
SLP360_c,cb_intrinsic,brain,PLP(R),378.7,93.2,-1,-1,-1,-1,69,-1,-1,-1,-1,-1,-1,37
SLP360_d,cb_intrinsic,brain,SLP(R),355.0,227.0,-1,-1,32,-1,42,-1,43,-1,61,-1,-1,37
SLP361,cb_intrinsic,brain,PLP(R),325.2,130.9,-1,-1,-1,-1,33,-1,28,-1,47,-1,-1,37
SLP363,cb_intrinsic,brain,SLP(L),322.3,104.0,59,-1,62,-1,63,-1,61,-1,35,-1,-1,37
SLP364,cb_intrinsic,brain,SLP(L),299.6,77.0,-1,-1,62,-1,42,-1,35,-1,40,-1,-1,37
SLP365,cb_intrinsic,brain,SLP(R),697.1,101.4,22,-1,53,-1,20,-1,43,-1,44,-1,-1,37
SLP366,cb_intrinsic,brain,SLP(L),710.4,96.9,50,-1,-1,-1,43,-1,43,-1,60,-1,55,37
SLP368,cb_intrinsic,brain,SLP(R),679.1,220.0,-1,-1,-1,-1,-1,-1,43,-1,62,-1,10,-1
SLP369,cb_intrinsic,brain,SLP(R),291.6,133.6,-1,-1,56,-1,46,-1,-1,-1,16,-1,-1,37
SLP372,cb_intrinsic,brain,SLP(R),351.9,53.4,52,-1,66,-1,-1,-1,-1,-1,47,-1,-1,37
SLP373,cb_intrinsic,brain,SLP(L),677.5,85.0,-1,-1,-1,-1,36,-1,41,-1,31,-1,-1,37
SLP374,cb_intrinsic,brain,SLP(L),703.2,66.0,-1,-1,-1,-1,69,-1,-1,-1,39,-1,69,37
SLP375,cb_intrinsic,brain,SLP(R),394.8,94.6,-1,-1,59,-1,67,-1,35,-1,37,-1,50,37
SLP376,cb_intrinsic,brain,SLP(R),356.7,78.9,39,-1,-1,-1,19,-1,-1,-1,9,-1,-1,37
SLP377,cb_intrinsic,brain,SLP(R),664.1,39.7,6,-1,-1,-1,37,-1,-1,-1,20,-1,-1,37
SLP378,cb_intrinsic,brain,SLP(L),641.9,57.8,-1,-1,50,-1,48,-1,44,-1,27,-1,66,37
SLP379,cb_intrinsic,brain,SLP(R),723.5,70.4,-1,-1,32,-1,-1,-1,27,-1,32,-1,10,-1
SLP380,cb_intrinsic,brain,SLP(L),372.5,99.8,-1,-1,32,-1,37,-1,18,-1,28,-1,23,-1
SLP381,cb_intrinsic,brain,SLP(R),379.2,148.6,-1,-1,43,-1,60,-1,48,-1,-1,-1,-1,37
SLP382,cb_intrinsic,brain,SCL(R),342.1,156.1,-1,-1,40,-1,67,-1,42,-1,44,-1,-1,37
SLP383,cb_intrinsic,brain,PLP(R),721.0,168.2,-1,-1,57,-1,-1,-1,-1,-1,-1,-1,-1,37
SLP384,cb_intrinsic,brain,SLP(R),690.3,61.8,-1,-1,68,-1,-1,-1,-1,-1,-1,-1,-1,37
SLP385,cb_intrinsic,brain,SLP(L),412.2,82.8,-1,-1,-1,-1,-1,-1,40,-1,11,-1,-1,37
SLP386,cb_intrinsic,brain,SLP(L),657.4,210.5,-1,-1,33,-1,41,-1,43,-1,48,-1,62,37
SLP387,cb_intrinsic,brain,SLP(R),620.8,68.1,11,-1,-1,-1,41,-1,52,-1,38,-1,-1,37
SLP388,cb_intrinsic,brain,SLP(R),344.7,144.8,-1,-1,15,-1,12,-1,44,-1,1,-1,-1,37
SLP389,cb_intrinsic,brain,SLP(R),542.5,73.3,-1,-1,42,-1,36,-1,40,-1,21,-1,-1,37
SLP390,cb_intrinsic,brain,SLP(R),453.4,99.4,-1,-1,66,-1,27,-1,46,-1,6,-1,-1,37
SLP391,cb_intrinsic,brain,SLP(R),360.8,45.7,-1,-1,58,-1,27,-1,51,-1,4,-1,-1,37
SLP392,cb_intrinsic,brain,SLP(L),309.3,100.7,21,-1,-1,-1,69,-1,39,-1,11,-1,-1,37
SLP393,cb_intrinsic,brain,SMP(L),455.9,102.6,7,-1,58,-1,-1,-1,-1,-1,69,-1,-1,37
SLP394,cb_intrinsic,brain,SLP(L),660.8,87.3,-1,-1,-1,-1,-1,-1,-1,-1,10,-1,-1,37
SLP395,cb_intrinsic,brain,SLP(L),384.9,64.2,60,-1,-1,-1,-1,-1,67,-1,-1,-1,-1,37
SLP396,cb_intrinsic,brain,SLP(R),328.0,126.0,9,-1,54,-1,29,-1,48,-1,9,-1,-1,37
SLP397,cb_intrinsic,brain,SLP(L),435.6,58.2,-1,-1,-1,-1,-1,-1,-1,-1,57,-1,-1,37
SLP398,cb_intrinsic,brain,SLP(L),697.7,101.1,-1,-1,-1,-1,-1,-1,40,-1,19,-1,63,37
SLP400,cb_intrinsic,brain,SLP(L),432.3,103.5,34,-1,-1,-1,43,-1,-1,-1,18,-1,-1,37
SLP402_a,cb_intrinsic,brain,SMP(L),640.3,95.6,58,-1,-1,-1,-1,-1,-1,-1,-1,-1,47,37
SLP402_b,cb_intrinsic,brain,SLP(R),699.8,69.9,-1,-1,-1,-1,-1,-1,-1,-1,33,-1,-1,37
SLP403,cb_intrinsic,brain,SLP(L),338.0,90.4,-1,-1,-1,-1,-1,-1,-1,-1,34,-1,-1,37
SLP404,cb_intrinsic,brain,SLP(R),302.5,208.6,36,-1,-1,-1,-1,-1,-1,-1,57,-1,-1,37
SLP405,cb_intrinsic,brain,SIP(L),405.1,86.5,-1,-1,-1,-1,-1,-1,-1,-1,12,-1,-1,37
SLP405_a,cb_intrinsic,brain,SLP(R),550.9,71.4,27,-1,26,-1,34,-1,29,-1,6,-1,-1,37
SLP405_b,cb_intrinsic,brain,SLP(R),315.7,78.1,12,-1,34,-1,52,-1,39,-1,6,-1,62,37
SLP405_c,cb_intrinsic,brain,SLP(R),668.1,62.4,-1,-1,54,-1,34,-1,40,-1,1,-1,-1,37
SLP406,cb_intrinsic,brain,PRW,506.9,406.2,23,-1,47,-1,-1,-1,9,-1,11,-1,10,-1
SLP411,cb_intrinsic,brain,SLP(R),666.8,91.0,53,-1,-1,-1,-1,-1,-1,-1,26,-1,-1,37
SLP412_a,cb_intrinsic,brain,SLP(R),328.8,111.8,-1,-1,-1,-1,-1,-1,-1,-1,-1,-1,-1,37
SLP412_b,cb_intrinsic,brain,SMP(L),548.7,108.3,19,-1,-1,-1,-1,-1,-1,-1,21,-1,-1,37
SLP414,cb_intrinsic,brain,SLP(L),663.7,41.9,-1,-1,39,-1,21,-1,42,-1,18,-1,-1,37
SLP421,cb_intrinsic,brain,SLP(R),312.6,85.8,-1,-1,40,-1,14,-1,61,-1,5,-1,-1,37
SLP424,cb_intrinsic,brain,SLP(R),710.2,101.7,-1,-1,-1,-1,-1,-1,-1,-1,8,-1,-1,37
SLP429,cb_intrinsic,brain,SLP(R),361.8,56.2,42,-1,-1,-1,41,-1,46,-1,10,-1,-1,37
SLP433,cb_intrinsic,brain,SLP(R),481.3,82.7,17,-1,-1,-1,-1,-1,-1,-1,-1,-1,63,37
SLP435,cb_intrinsic,brain,SLP(R),319.3,89.7,37,-1,-1,-1,43,-1,-1,-1,9,-1,-1,37
SLP437,cb_intrinsic,brain,SLP(R),401.2,207.0,42,-1,62,-1,69,-1,46,-1,55,-1,-1,37
SLP438,cb_intrinsic,brain,SLP(R),746.2,85.0,-1,-1,-1,-1,21,-1,34,-1,-1,-1,-1,37
SLP439,cb_intrinsic,brain,SLP(R),595.8,93.8,-1,-1,51,-1,26,-1,41,-1,5,-1,-1,37
SLP440,cb_intrinsic,brain,SLP(R),719.3,62.6,-1,-1,25,-1,17,-1,67,-1,4,-1,-1,37
SLP441,cb_intrinsic,brain,SLP(R),301.6,111.7,-1,-1,64,-1,27,-1,-1,-1,8,-1,-1,37
SLP442,cb_intrinsic,brain,SLP(L),622.4,57.9,43,-1,58,-1,-1,-1,49,-1,-1,-1,-1,37
SLP443,cb_intrinsic,brain,SMP(R),751.8,157.8,9,-1,-1,-1,49,-1,-1,-1,27,-1,-1,37
SLP444,cb_intrinsic,brain,SLP(L),336.5,108.1,-1,-1,-1,-1,67,-1,43,-1,56,-1,-1,37
SLP447,cb_intrinsic,brain,SLP(L),672.4,144.1,-1,-1,49,-1,39,-1,16,-1,-1,-1,54,37
SLP450,cb_intrinsic,brain,SLP(L),707.0,75.2,-1,-1,-1,-1,-1,-1,-1,-1,36,-1,-1,37
SLP451,cb_intrinsic,brain,SLP(L),700.3,93.1,-1,-1,-1,-1,-1,-1,-1,-1,61,-1,-1,37
SLP455,cb_intrinsic,brain,GNG,740.3,80.0,21,-1,41,-1,-1,-1,-1,-1,-1,-1,-1,37
SLP456,cb_intrinsic,brain,SLP(L),338.5,126.6,13,-1,33,-1,-1,-1,69,-1,41,-1,-1,37
SLP457,cb_intrinsic,brain,SLP(R),632.5,133.0,-1,-1,-1,-1,28,-1,-1,50,41,-1,-1,37
SLP458,cb_intrinsic,brain,SLP(L),348.0,110.9,63,-1,41,-1,-1,-1,41,-1,34,-1,49,37
SLP459,cb_intrinsic,brain,SLP(L),697.6,97.4,-1,-1,-1,-1,-1,-1,-1,-1,38,-1,-1,37
SLP460,cb_intrinsic,brain,SLP(R),383.6,143.3,35,-1,-1,-1,-1,-1,40,-1,63,-1,-1,37
SLP461,cb_intrinsic,brain,SLP(R),585.4,108.4,-1,-1,-1,-1,-1,-1,-1,-1,-1,-1,-1,37
SLP462,cb_intrinsic,brain,SLP(R),658.3,240.7,5,-1,41,-1,51,-1,40,-1,42,-1,-1,37
SLP463,cb_intrinsic,brain,SMP(L),583.0,48.4,-1,-1,-1,-1,-1,-1,41,-1,46,-1,-1,37
SLP464,cb_intrinsic,brain,SLP(R),273.6,106.4,19,-1,47,-1,62,-1,42,-1,19,-1,-1,37
SLP465,cb_intrinsic,brain,SLP(L),630.8,134.3,50,-1,38,-1,-1,-1,66,-1,58,-1,10,-1
SLP466,cb_intrinsic,brain,SLP(R),659.2,104.1,22,-1,-1,-1,65,-1,41,-1,35,-1,-1,37
SLP467,cb_intrinsic,brain,SLP(R),686.1,186.9,-1,-1,35,-1,63,-1,42,-1,55,-1,-1,37
SLP469,cb_intrinsic,brain,GNG,387.4,160.3,-1,-1,-1,-1,66,-1,19,-1,16,-1,10,-1
SLP470,cb_intrinsic,brain,SLP(R),322.0,84.2,-1,-1,60,-1,21,-1,-1,-1,23,-1,67,37
SLP471,cb_intrinsic,brain,SLP(L),528.1,395.4,-1,-1,26,-1,44,-1,5,-1,31,-1,7,-1
SLP472,cb_intrinsic,brain,SLP(L),492.5,439.0,2,-1,59,-1,-1,-1,25,-1,58,-1,10,-1
SLP473,cb_intrinsic,brain,SLP(R),734.6,101.3,11,-1,-1,-1,-1,-1,-1,-1,43,-1,-1,37
SMP001,cb_intrinsic,brain,SMP(R),415.1,61.0,50,-1,-1,-1,63,-1,6,-1,17,-1,-1,37
SMP002,cb_intrinsic,brain,SMP(R),592.2,62.5,61,-1,-1,-1,-1,-1,-1,-1,33,-1,-1,37
SMP004,cb_intrinsic,brain,SMP(L),431.8,133.0,63,-1,-1,-1,65,-1,-1,-1,32,-1,-1,37
SMP006,cb_intrinsic,brain,LAL(L),569.4,207.5,25,-1,14,-1,40,-1,36,-1,6,-1,-1,37
SMP007,cb_intrinsic,brain,CRE(R),439.8,96.4,-1,-1,34,-1,-1,-1,27,-1,6,-1,45,37
SMP008,cb_intrinsic,brain,LAL(L),600.5,220.5,19,-1,15,-1,58,-1,33,-1,-1,-1,-1,37
SMP009,cb_intrinsic,brain,CRE(L),416.2,103.0,16,-1,-1,-1,-1,-1,-1,-1,-1,-1,-1,37
SMP010,cb_intrinsic,brain,SMP(L),661.8,57.0,-1,-1,45,-1,68,-1,27,-1,-1,-1,60,37
SMP011_a,cb_intrinsic,brain,SMP(L),436.8,52.8,17,-1,-1,-1,47,-1,29,-1,10,-1,-1,37
SMP011_b,cb_intrinsic,brain,SMP(L),610.0,69.9,-1,-1,-1,-1,-1,-1,36,-1,16,-1,-1,37
SMP012,cb_intrinsic,brain,SMP(L),636.3,74.0,-1,-1,19,-1,38,-1,27,-1,54,-1,65,37
SMP013,cb_intrinsic,brain,IB,463.9,54.7,-1,-1,-1,-1,63,-1,66,-1,6,-1,-1,37
SMP014,cb_intrinsic,brain,SMP(R),445.6,256.0,-1,-1,-1,-1,40,-1,-1,-1,6,-1,-1,37
SMP015,cb_intrinsic,brain,SMP(L),615.0,87.1,25,-1,-1,-1,-1,-1,62,-1,6,-1,51,37
SMP016_a,cb_intrinsic,brain,IB,617.8,93.5,-1,-1,-1,-1,-1,-1,-1,-1,23,-1,-1,37
SMP016_b,cb_intrinsic,brain,IB,442.5,127.8,-1,-1,-1,-1,35,-1,53,-1,8,-1,-1,37
SMP017,cb_intrinsic,brain,IB,578.8,123.8,-1,-1,-1,-1,65,-1,53,-1,26,-1,-1,37
SMP018,cb_intrinsic,brain,SMP(L),474.0,89.6,20,-1,32,-1,13,-1,40,-1,2,-1,10,-1
SMP019,cb_intrinsic,brain,IB,470.5,207.3,-1,-1,56,-1,35,-1,-1,-1,18,-1,-1,37
SMP020,cb_intrinsic,brain,IB,524.0,241.6,-1,-1,-1,-1,-1,-1,-1,-1,-1,-1,-1,37
SMP021,cb_intrinsic,brain,IB,481.7,249.6,68,-1,-1,-1,-1,-1,29,-1,16,-1,44,37
SMP022,cb_intrinsic,brain,SMP(L),665.6,170.2,-1,-1,-1,-1,55,-1,-1,-1,26,-1,-1,37
SMP024,cb_intrinsic,brain,SMP(L),443.2,94.7,-1,-1,-1,-1,-1,-1,-1,-1,-1,-1,-1,37
SMP025,cb_intrinsic,brain,SMP(R),359.1,93.2,42,-1,-1,-1,47,-1,-1,-1,19,-1,-1,37
SMP026,cb_intrinsic,brain,SLP(R),719.1,183.9,45,-1,20,-1,15,-1,19,-1,11,-1,-1,37
SMP027,cb_intrinsic,brain,SMP(R),447.7,110.9,10,-1,-1,-1,54,-1,46,-1,15,-1,-1,37
SMP028,cb_intrinsic,brain,SCL(R),607.5,107.7,-1,-1,-1,-1,68,-1,-1,-1,46,-1,-1,37
SMP030,cb_intrinsic,brain,SMP(R),462.2,104.4,46,-1,-1,-1,-1,-1,-1,-1,-1,-1,-1,37
SMP031,cb_intrinsic,brain,SMP(R),364.6,89.6,-1,-1,-1,-1,-1,-1,-1,-1,45,-1,66,37
SMP033,cb_intrinsic,brain,SCL(L),617.4,84.2,20,-1,-1,-1,-1,-1,-1,-1,36,-1,-1,37
SMP034,cb_intrinsic,brain,SMP(L),635.7,80.7,-1,-1,-1,-1,33,-1,33,-1,5,-1,56,37
SMP035,cb_intrinsic,brain,SMP(L),550.9,100.6,-1,-1,-1,-1,-1,-1,45,-1,26,-1,68,37
SMP036,cb_intrinsic,brain,SMP(R),433.9,77.4,41,-1,50,-1,-1,-1,-1,-1,24,-1,-1,37
SMP037,cb_intrinsic,brain,SMP(R),426.9,100.9,-1,-1,-1,-1,-1,-1,-1,-1,25,-1,47,37
SMP038,cb_intrinsic,brain,SLP(R),345.7,121.6,65,-1,-1,-1,56,-1,-1,-1,19,-1,44,37
SMP039,cb_intrinsic,brain,SMP(L),408.1,74.9,-1,-1,-1,-1,-1,-1,-1,-1,17,-1,-1,37
SMP040,cb_intrinsic,brain,IB,653.9,102.2,-1,-1,-1,-1,44,-1,-1,-1,22,-1,-1,37
SMP041,cb_intrinsic,brain,SLP(R),476.5,94.5,-1,-1,-1,-1,-1,-1,-1,-1,30,-1,69,37
SMP042,cb_intrinsic,brain,SLP(R),733.0,141.8,-1,-1,61,-1,29,-1,-1,-1,21,-1,-1,37
SMP043,cb_intrinsic,brain,SLP(R),364.0,116.6,62,-1,19,-1,-1,-1,49,-1,40,-1,8,-1
SMP044,cb_intrinsic,brain,SMP(R),442.9,52.5,-1,-1,-1,-1,-1,-1,47,-1,46,-1,68,37
SMP045,cb_intrinsic,brain,PLP(R),575.2,136.6,16,-1,64,-1,-1,-1,53,-1,65,-1,-1,37
SMP046,cb_intrinsic,brain,SMP(L),549.4,122.7,19,-1,-1,-1,-1,-1,63,-1,9,-1,47,37
SMP047,cb_intrinsic,brain,SMP(L),573.7,84.4,23,-1,60,-1,-1,-1,65,-1,23,-1,-1,37
SMP048,cb_intrinsic,brain,SMP(L),638.0,86.3,20,-1,6,-1,34,-1,2,-1,16,-1,13,-1
SMP049,cb_intrinsic,brain,SLP(R),437.9,85.9,-1,-1,9,-1,52,-1,3,-1,30,-1,-1,37
SMP050,cb_intrinsic,brain,SMP(L),509.7,197.8,-1,-1,50,-1,63,-1,27,-1,15,-1,-1,37
SMP051,cb_intrinsic,brain,SMP(L),575.8,238.7,-1,-1,-1,-1,24,-1,50,-1,7,-1,-1,37
SMP052,cb_intrinsic,brain,SMP(R),582.7,62.3,-1,-1,-1,-1,6,-1,52,-1,3,-1,-1,37
SMP053,cb_intrinsic,brain,SMP(R),446.5,85.7,2,-1,27,-1,30,-1,37,-1,14,-1,15,-1
SMP054,cb_intrinsic,brain,SIP(R),345.5,95.9,-1,-1,30,-1,11,-1,34,-1,3,-1,-1,37
SMP055,cb_intrinsic,brain,IB,574.7,64.3,36,-1,16,-1,25,-1,27,-1,6,-1,-1,37
SMP056,cb_intrinsic,brain,SMP(L),480.4,204.3,-1,-1,21,-1,69,-1,30,-1,16,-1,-1,37
SMP057,cb_intrinsic,brain,SMP(R),610.3,208.5,47,-1,45,-1,23,-1,41,-1,6,-1,-1,37
SMP058,cb_intrinsic,brain,CRE(L),460.2,122.2,13,-1,41,-1,-1,-1,36,-1,-1,-1,-1,37
SMP059,cb_intrinsic,brain,CRE(L),441.7,137.2,14,-1,50,-1,-1,-1,36,-1,-1,-1,-1,37
SMP061,cb_intrinsic,brain,SMP(L),585.5,88.4,39,-1,48,-1,16,-1,41,-1,5,-1,-1,37
SMP063,cb_intrinsic,brain,SMP(R),526.4,230.7,5,-1,-1,-1,-1,-1,-1,-1,9,-1,63,37
SMP064,cb_intrinsic,brain,SMP(L),440.7,44.2,68,-1,-1,-1,-1,-1,-1,-1,10,-1,-1,37
SMP065,cb_intrinsic,brain,SMP(L),459.0,92.9,-1,-1,-1,-1,30,-1,-1,-1,6,-1,65,37
SMP066,cb_intrinsic,brain,IB,468.3,100.5,-1,-1,19,-1,35,-1,32,-1,4,-1,-1,37
SMP067,cb_intrinsic,brain,SMP(L),491.2,225.7,26,-1,59,-1,-1,-1,23,-1,7,-1,-1,37
SMP068,cb_intrinsic,brain,SMP(R),557.7,57.5,24,-1,-1,-1,41,-1,44,-1,7,-1,8,-1
SMP069,cb_intrinsic,brain,SMP(L),574.5,81.0,18,-1,28,-1,-1,-1,19,-1,15,-1,-1,37
SMP072,cb_intrinsic,brain,SMP(R),567.5,80.0,28,-1,-1,-1,-1,-1,56,-1,28,-1,-1,37
SMP075,cb_intrinsic,brain,CRE(L),460.4,149.4,1,-1,30,-1,47,-1,18,-1,17,-1,49,37
SMP076,cb_intrinsic,brain,SLP(L),364.6,101.7,-1,-1,9,-1,47,-1,4,-1,43,-1,61,37
SMP077,cb_intrinsic,brain,SMP(L),478.7,132.1,-1,-1,41,-1,52,-1,28,-1,19,-1,65,37
SMP079,cb_intrinsic,brain,SMP(L),568.7,109.0,6,-1,-1,-1,17,-1,3,-1,6,-1,7,-1
SMP080,cb_intrinsic,brain,SMP(L),485.9,238.5,-1,-1,59,-1,28,-1,38,-1,5,-1,45,37
SMP081,cb_intrinsic,brain,SMP(L),562.5,115.3,58,-1,4,-1,16,-1,4,-1,5,-1,-1,37
SMP082,cb_intrinsic,brain,SMP(L),428.5,57.2,-1,-1,3,-1,16,-1,4,-1,5,-1,55,37
SMP083,cb_intrinsic,brain,SMP(L),563.6,105.1,-1,-1,12,-1,16,-1,7,-1,3,-1,-1,37
SMP084,cb_intrinsic,brain,SMP(R),524.8,62.1,50,-1,13,-1,12,-1,8,-1,5,-1,15,-1
SMP085,cb_intrinsic,brain,SMP(L),442.3,90.0,-1,-1,10,-1,16,-1,27,-1,4,-1,-1,37
SMP086,cb_intrinsic,brain,SMP(L),618.2,75.0,-1,-1,8,-1,53,-1,15,-1,4,-1,-1,37
SMP087,cb_intrinsic,brain,SMP(L),560.0,76.0,-1,-1,23,-1,16,-1,36,-1,2,-1,57,37
SMP088,cb_intrinsic,brain,SMP(L),440.8,83.3,-1,-1,16,-1,-1,-1,34,-1,9,-1,44,37
SMP089,cb_intrinsic,brain,SMP(R),444.6,86.9,62,-1,8,-1,-1,-1,2,-1,7,-1,-1,37
SMP090,cb_intrinsic,brain,SMP(L),465.1,110.1,41,-1,27,-1,34,-1,43,-1,6,-1,-1,37
SMP091,cb_intrinsic,brain,SMP(L),360.3,159.8,-1,-1,21,-1,-1,-1,19,-1,12,-1,-1,37
SMP092,cb_intrinsic,brain,SMP(L),441.7,61.7,-1,-1,21,-1,10,-1,4,-1,5,-1,11,-1
SMP093,cb_intrinsic,brain,SMP(L),437.4,109.5,43,-1,22,-1,45,-1,38,-1,15,-1,-1,37
SMP095,cb_intrinsic,brain,SLP(L),575.3,61.6,-1,-1,29,-1,25,-1,42,-1,4,-1,-1,37
SMP096,cb_intrinsic,brain,SLP(R),695.8,93.1,19,-1,60,-1,-1,-1,39,-1,9,-1,-1,37
SMP102,cb_intrinsic,brain,SMP(L),625.2,133.9,25,-1,68,-1,-1,-1,-1,-1,-1,-1,-1,37
SMP105_a,cb_intrinsic,brain,SMP(R),455.7,101.8,-1,-1,41,-1,26,-1,-1,-1,-1,-1,-1,37
SMP105_b,cb_intrinsic,brain,SLP(R),667.8,97.2,67,-1,46,-1,-1,-1,19,-1,41,-1,-1,37
SMP106,cb_intrinsic,brain,SLP(R),699.4,100.5,-1,-1,23,-1,13,-1,19,-1,17,-1,49,37
SMP107,cb_intrinsic,brain,SMP(L),394.8,70.8,6,-1,-1,-1,-1,-1,44,-1,-1,-1,-1,37
SMP108,cb_intrinsic,brain,SMP(L),439.3,133.1,-1,-1,6,-1,3,-1,2,-1,1,-1,-1,37
SMP109,cb_intrinsic,brain,SMP(L),452.1,62.3,42,-1,22,-1,27,-1,27,-1,6,-1,65,37
SMP110,cb_intrinsic,brain,CRE(L),629.4,306.9,40,-1,-1,-1,-1,-1,-1,-1,27,-1,-1,37
SMP111,cb_intrinsic,brain,SMP(R),573.5,63.6,45,-1,-1,-1,-1,-1,-1,-1,17,-1,-1,37
SMP112,cb_intrinsic,brain,CRE(L),478.0,95.0,-1,-1,41,-1,21,-1,50,-1,13,-1,-1,37
SMP114,cb_intrinsic,brain,SMP(R),543.9,102.8,-1,-1,33,-1,16,-1,32,-1,9,-1,-1,37
SMP115,cb_intrinsic,brain,SMP(L),603.1,135.6,25,-1,18,-1,26,-1,38,-1,12,-1,-1,37
SMP116,cb_intrinsic,brain,SMP(L),580.6,73.4,40,-1,17,-1,33,-1,27,-1,9,-1,-1,37
SMP117_a,cb_intrinsic,brain,SMP(L),552.9,116.6,48,-1,-1,-1,-1,-1,48,-1,18,-1,-1,37
SMP117_b,cb_intrinsic,brain,SMP(L),558.9,128.0,-1,-1,-1,-1,-1,-1,61,-1,18,-1,-1,37
SMP118,cb_intrinsic,brain,SMP(L),436.9,100.2,-1,-1,-1,-1,-1,-1,-1,-1,18,-1,-1,37
SMP119,cb_intrinsic,brain,SMP(R),580.6,104.5,-1,-1,-1,-1,-1,-1,-1,67,-1,-1,-1,37
SMP120,cb_intrinsic,brain,SMP(R),443.1,123.2,53,-1,-1,-1,-1,-1,-1,-1,13,-1,-1,37
SMP122,cb_intrinsic,brain,CRE(L),571.3,94.3,16,-1,-1,-1,57,-1,63,-1,15,-1,45,37
SMP123,cb_intrinsic,brain,SMP(R),446.8,157.5,33,-1,-1,-1,54,-1,66,-1,-1,-1,45,37
SMP124,cb_intrinsic,brain,SMP(L),458.0,68.2,16,-1,-1,-1,-1,-1,-1,-1,-1,-1,-1,37
SMP125,cb_intrinsic,brain,SMP(R),650.2,94.2,-1,-1,-1,-1,-1,-1,48,-1,9,-1,-1,37
SMP126,cb_intrinsic,brain,SMP(L),617.7,57.5,-1,-1,-1,66,-1,-1,-1,-1,-1,-1,47,37
SMP128,cb_intrinsic,brain,SIP(L),574.9,77.9,15,-1,-1,-1,-1,-1,47,-1,-1,-1,-1,37
SMP130,cb_intrinsic,brain,SMP(R),465.6,66.7,-1,-1,-1,-1,-1,-1,50,-1,52,-1,-1,37
SMP131,cb_intrinsic,brain,SMP(L),455.1,95.0,2,-1,-1,-1,-1,-1,48,-1,-1,-1,-1,37
SMP132,cb_intrinsic,brain,SMP(R),607.0,138.7,-1,-1,57,-1,56,-1,37,-1,7,-1,51,37
SMP133,cb_intrinsic,brain,SMP(R),550.4,108.4,44,-1,12,-1,12,-1,36,-1,11,-1,-1,37
SMP134,cb_intrinsic,brain,SMP(R),621.8,73.8,-1,-1,-1,-1,-1,-1,34,-1,-1,-1,-1,37
SMP135,cb_intrinsic,brain,SMP(R),467.7,126.3,46,-1,-1,-1,-1,-1,31,-1,-1,-1,-1,37
SMP136,cb_intrinsic,brain,SMP(R),489.3,73.7,-1,-1,-1,-1,-1,-1,46,-1,-1,-1,-1,37
SMP138,cb_intrinsic,brain,CRE(L),556.3,108.0,55,-1,-1,-1,-1,-1,-1,-1,19,-1,-1,37
SMP139,cb_intrinsic,brain,SMP(R),586.6,233.9,31,-1,-1,-1,-1,-1,45,-1,18,-1,-1,37
SMP142,cb_intrinsic,brain,SMP(R),391.5,251.6,66,-1,-1,-1,-1,-1,18,-1,-1,-1,46,37
SMP143,cb_intrinsic,brain,SMP(R),440.6,130.4,-1,-1,20,-1,46,-1,27,-1,-1,-1,13,-1
SMP144,cb_intrinsic,brain,SMP(L),449.1,130.0,-1,-1,50,-1,-1,-1,30,-1,-1,31,66,37
SMP145,cb_intrinsic,brain,SMP(R),699.0,91.5,-1,-1,-1,-1,-1,-1,19,-1,-1,-1,54,37
SMP146,cb_intrinsic,brain,SMP(L),361.5,128.8,-1,-1,33,-1,42,-1,28,-1,6,-1,-1,37
SMP147,cb_intrinsic,brain,SMP(L),609.6,166.6,37,-1,35,-1,30,-1,38,-1,3,-1,-1,37
SMP148,cb_intrinsic,brain,SMP(L),338.7,122.7,12,-1,28,-1,11,-1,28,-1,2,-1,-1,37
SMP150,cb_intrinsic,brain,SMP(R),579.3,86.3,3,-1,64,-1,-1,-1,29,-1,-1,-1,-1,37
SMP151,cb_intrinsic,brain,SMP(R),440.9,132.9,57,-1,24,-1,42,-1,27,-1,12,-1,-1,37
SMP152,cb_intrinsic,brain,SMP(L),541.9,92.9,-1,-1,57,-1,-1,-1,45,-1,8,-1,57,37
SMP153_a,cb_intrinsic,brain,SMP(L),568.6,130.0,25,-1,-1,-1,36,-1,47,-1,7,-1,-1,37
SMP153_b,cb_intrinsic,brain,LAL(L),615.8,200.3,-1,-1,-1,-1,-1,-1,48,-1,27,-1,-1,37
SMP154,cb_intrinsic,brain,SMP(R),586.4,119.9,28,-1,25,-1,24,-1,26,-1,15,-1,15,-1
SMP155,cb_intrinsic,brain,SMP(L),568.0,82.6,-1,-1,18,-1,31,-1,28,-1,6,-1,-1,37
SMP156,cb_intrinsic,brain,IB,475.1,201.5,54,-1,-1,-1,26,-1,67,-1,15,-1,-1,37
SMP157,cb_intrinsic,brain,SMP(L),561.6,56.6,28,-1,47,-1,51,-1,39,-1,16,-1,-1,37
SMP158,cb_intrinsic,brain,SMP(L),428.5,177.9,3,-1,38,-1,24,-1,10,-1,4,-1,-1,37
SMP159,cb_intrinsic,brain,SMP(L),668.0,125.4,41,-1,51,-1,41,-1,-1,-1,19,-1,-1,37
SMP160,cb_intrinsic,brain,SMP(L),573.7,47.4,19,-1,25,-1,27,-1,37,-1,21,-1,-1,37
SMP161,cb_intrinsic,brain,SMP(L),541.7,70.4,-1,-1,56,-1,52,-1,34,-1,16,-1,14,-1
SMP162,cb_intrinsic,brain,SMP(L),534.3,92.1,-1,-1,5,-1,13,-1,34,-1,-1,-1,12,-1
SMP163,cb_intrinsic,brain,LAL(L),435.4,146.0,-1,-1,20,-1,11,-1,19,-1,14,-1,-1,37
SMP164,cb_intrinsic,brain,IB,546.9,227.9,7,-1,-1,-1,62,-1,36,-1,8,-1,-1,37
SMP165,cb_intrinsic,brain,SMP(R),532.3,86.3,40,-1,18,-1,16,-1,28,-1,14,-1,-1,37
SMP166,cb_intrinsic,brain,SMP(L),397.7,74.5,-1,-1,-1,-1,-1,-1,-1,-1,-1,-1,-1,37
SMP167,cb_intrinsic,brain,SLP(L),546.8,127.0,-1,-1,67,-1,35,-1,42,-1,27,-1,-1,37
SMP168,cb_intrinsic,brain,SMP(L),465.5,75.0,-1,-1,41,-1,-1,65,20,-1,-1,-1,-1,37
SMP169,cb_intrinsic,brain,SMP(R),535.8,125.3,47,-1,-1,-1,-1,-1,22,-1,21,-1,-1,37
SMP170,cb_intrinsic,brain,SMP(L),465.5,111.2,-1,-1,59,-1,-1,-1,31,-1,10,-1,-1,37
SMP171,cb_intrinsic,brain,SMP(L),368.9,55.9,20,-1,-1,-1,26,-1,-1,-1,8,-1,-1,37
SMP172,cb_intrinsic,brain,SMP(R),588.8,61.9,44,-1,69,-1,38,-1,-1,-1,21,-1,-1,37
SMP174,cb_intrinsic,brain,SMP(L),574.8,59.6,15,-1,-1,-1,-1,-1,-1,-1,-1,-1,-1,37
SMP175,cb_intrinsic,brain,SMP(L),457.7,78.5,11,-1,-1,-1,22,-1,-1,-1,6,-1,13,-1
SMP176,cb_intrinsic,brain,SMP(R),425.6,64.5,-1,-1,55,-1,11,-1,-1,-1,3,-1,65,37
SMP177,cb_intrinsic,brain,SMP(L),469.7,105.3,-1,-1,8,-1,12,-1,27,-1,5,-1,-1,37
SMP178,cb_intrinsic,brain,SMP(R),434.7,88.4,-1,-1,45,-1,-1,-1,49,-1,10,-1,-1,37
SMP179,cb_intrinsic,brain,SMP(R),549.7,107.6,38,-1,25,-1,26,-1,44,-1,15,-1,-1,37
SMP180,cb_intrinsic,brain,SMP(L),444.9,68.5,-1,-1,-1,-1,-1,-1,-1,-1,-1,-1,-1,37
SMP181,cb_intrinsic,brain,SMP(L),468.8,130.0,-1,-1,-1,-1,21,-1,46,-1,5,-1,-1,37
SMP182,cb_intrinsic,brain,SMP(R),472.9,126.8,-1,-1,-1,-1,-1,-1,-1,-1,25,-1,-1,37
SMP183,cb_intrinsic,brain,PLP(R),655.6,115.8,19,-1,31,-1,49,-1,3,-1,50,-1,-1,37
SMP184,cb_intrinsic,brain,SMP(R),569.0,136.4,-1,-1,44,-1,-1,-1,28,-1,27,-1,15,-1
SMP185,cb_intrinsic,brain,SMP(R),579.0,45.7,-1,-1,-1,-1,25,-1,49,-1,3,-1,-1,37
SMP186,cb_intrinsic,brain,SMP(R),296.9,132.4,-1,-1,18,-1,53,-1,19,-1,59,-1,-1,37
SMP187,cb_intrinsic,brain,SMP(R),478.5,104.5,60,-1,-1,-1,-1,-1,-1,-1,23,-1,-1,37
SMP188,cb_intrinsic,brain,SMP(L),589.9,93.3,23,-1,-1,-1,65,-1,37,-1,9,-1,-1,37
SMP189,cb_intrinsic,brain,SMP(R),588.8,99.8,14,-1,-1,-1,60,-1,53,-1,56,-1,-1,37
SMP190,cb_intrinsic,brain,SMP(L),529.7,91.3,57,-1,40,-1,48,-1,42,-1,14,-1,-1,37
SMP191,cb_intrinsic,brain,SMP(L),573.0,108.9,9,-1,-1,-1,-1,-1,-1,-1,19,-1,-1,37
SMP192,cb_intrinsic,brain,LAL(L),530.4,221.2,3,-1,-1,-1,-1,-1,32,-1,-1,-1,-1,37
SMP193,cb_intrinsic,brain,SMP(L),418.3,102.4,-1,-1,14,-1,37,-1,-1,-1,16,-1,-1,37
SMP194,cb_intrinsic,brain,SIP(R),435.9,85.0,-1,-1,69,-1,-1,-1,38,-1,-1,-1,-1,37
SMP196_a,cb_intrinsic,brain,SMP(R),450.6,59.0,13,-1,-1,-1,-1,-1,-1,-1,25,-1,-1,37
SMP196_b,cb_intrinsic,brain,SMP(R),419.7,87.0,10,-1,-1,-1,-1,-1,-1,-1,22,-1,-1,37
SMP198,cb_intrinsic,brain,SMP(L),551.3,126.5,-1,-1,-1,-1,45,-1,41,-1,9,-1,-1,37
SMP199,cb_intrinsic,brain,SMP(L),448.3,64.1,62,-1,30,-1,44,-1,37,-1,-1,-1,-1,37
SMP200,cb_intrinsic,brain,SMP(L),571.5,104.4,38,-1,-1,58,-1,-1,-1,-1,-1,-1,-1,37
SMP201,cb_intrinsic,brain,SLP(R),657.5,128.0,-1,-1,26,-1,29,-1,-1,-1,63,-1,-1,37
SMP202,cb_intrinsic,brain,SMP(R),426.5,180.0,-1,-1,32,-1,55,-1,41,-1,20,-1,-1,37
SMP203,cb_intrinsic,brain,SMP(R),364.0,102.7,-1,-1,47,-1,-1,-1,45,-1,10,-1,-1,37
SMP204,cb_intrinsic,brain,SMP(L),382.3,76.3,67,-1,57,-1,40,-1,39,-1,27,-1,-1,37
SMP206,cb_intrinsic,brain,SLP(R),460.9,51.5,55,-1,-1,68,-1,-1,-1,-1,-1,-1,-1,37
SMP207,cb_intrinsic,brain,SMP(L),490.9,88.4,16,-1,51,-1,45,-1,-1,-1,15,-1,-1,37
SMP208,cb_intrinsic,brain,SMP(R),644.4,114.5,-1,-1,-1,-1,-1,-1,51,-1,47,-1,-1,37
SMP209,cb_intrinsic,brain,SMP(L),543.5,49.7,9,-1,67,-1,-1,-1,-1,-1,47,-1,48,37
SMP210,cb_intrinsic,brain,SMP(L),338.0,138.6,25,-1,-1,-1,-1,-1,-1,-1,-1,-1,-1,37
SMP213,cb_intrinsic,brain,SMP(L),578.1,54.1,-1,-1,-1,-1,-1,-1,-1,-1,65,-1,-1,37
SMP214,cb_intrinsic,brain,SMP(R),428.6,84.0,-1,-1,-1,58,-1,-1,-1,-1,-1,-1,-1,37
SMP215,cb_intrinsic,brain,SMP(R),663.7,60.6,59,-1,21,-1,42,-1,31,-1,19,-1,-1,37
SMP216,cb_intrinsic,brain,SMP(L),591.5,59.7,-1,-1,-1,-1,-1,-1,43,-1,7,-1,-1,37
SMP217,cb_intrinsic,brain,SMP(R),493.8,83.7,62,-1,-1,-1,58,-1,64,-1,-1,-1,-1,37
SMP218,cb_intrinsic,brain,SMP(R),541.7,95.7,-1,-1,-1,-1,44,-1,46,-1,30,-1,-1,37
SMP219,cb_intrinsic,brain,SMP(R),351.6,85.7,1,-1,68,-1,52,-1,40,-1,-1,-1,-1,37
SMP220,cb_intrinsic,brain,SMP(L),458.9,47.6,1,-1,38,-1,57,-1,-1,-1,-1,-1,-1,37
SMP221,cb_intrinsic,brain,SMP(L),566.7,88.2,-1,-1,-1,-1,-1,-1,-1,-1,54,-1,-1,37
SMP222,cb_intrinsic,brain,SMP(L),477.5,107.5,69,-1,48,-1,-1,-1,-1,-1,-1,-1,-1,37
SMP223,cb_intrinsic,brain,SMP(L),466.1,65.2,-1,-1,39,-1,-1,-1,-1,-1,-1,-1,-1,37
SMP226,cb_intrinsic,brain,SMP(R),465.5,98.3,-1,-1,-1,-1,-1,-1,-1,-1,-1,-1,-1,37
SMP227,cb_intrinsic,brain,SMP(L),332.7,92.8,24,-1,62,-1,-1,-1,46,-1,33,-1,-1,37
SMP228,cb_intrinsic,brain,SMP(L),590.2,94.7,-1,-1,46,-1,29,-1,45,-1,30,-1,-1,37
SMP229,cb_intrinsic,brain,SMP(L),414.1,262.7,-1,-1,-1,-1,-1,-1,40,-1,63,-1,-1,37
SMP232,cb_intrinsic,brain,SMP(L),692.1,48.7,32,-1,-1,-1,-1,-1,-1,-1,62,-1,-1,37
SMP234,cb_intrinsic,brain,SMP(R),569.3,66.3,66,-1,-1,-1,20,-1,-1,-1,8,-1,45,37
SMP235,cb_intrinsic,brain,SMP(L),590.5,49.2,23,-1,26,-1,14,-1,45,-1,4,-1,-1,37
SMP236,cb_intrinsic,brain,PLP(R),541.7,80.8,-1,-1,-1,-1,-1,-1,-1,-1,-1,-1,-1,37
SMP237,cb_intrinsic,brain,SMP(L),442.8,68.1,-1,-1,25,-1,31,-1,45,-1,28,-1,32,-1
SMP238,cb_intrinsic,brain,SMP(L),592.7,48.4,37,-1,21,-1,-1,-1,46,-1,-1,-1,-1,37
SMP239,cb_intrinsic,brain,SMP(R),465.6,49.9,52,-1,29,-1,-1,-1,62,-1,-1,-1,59,37
SMP240,cb_intrinsic,brain,SMP(R),584.7,88.2,-1,-1,-1,-1,-1,-1,69,-1,20,-1,-1,37
SMP242,cb_intrinsic,brain,PLP(R),370.4,232.9,-1,-1,-1,-1,69,-1,-1,-1,-1,-1,-1,37
SMP243,cb_intrinsic,brain,SMP(L),317.6,130.7,51,-1,69,58,-1,-1,-1,-1,-1,-1,-1,37
SMP245,cb_intrinsic,brain,SMP(L),351.1,115.5,26,-1,25,-1,16,-1,-1,-1,38,-1,57,37
SMP246,cb_intrinsic,brain,SMP(R),680.6,97.0,36,-1,-1,-1,-1,-1,-1,-1,-1,-1,-1,37
SMP247,cb_intrinsic,brain,SMP(L),363.6,74.1,-1,-1,47,-1,-1,-1,-1,64,-1,-1,-1,37
SMP248_a,cb_intrinsic,brain,SIP(R),742.8,220.6,-1,-1,-1,-1,-1,-1,-1,-1,-1,-1,-1,37
SMP248_b,cb_intrinsic,brain,SMP(R),402.8,76.3,34,-1,-1,-1,-1,-1,-1,-1,43,-1,-1,37
SMP248_c,cb_intrinsic,brain,SIP(L),703.0,75.4,32,-1,-1,-1,-1,-1,-1,-1,-1,-1,12,-1
SMP248_d,cb_intrinsic,brain,SIP(R),425.2,78.4,-1,-1,-1,-1,-1,-1,-1,-1,46,-1,-1,37
SMP249,cb_intrinsic,brain,SMP(L),587.5,97.0,33,-1,-1,-1,-1,-1,62,-1,19,-1,-1,37
SMP250,cb_intrinsic,brain,SMP(R),730.7,61.1,-1,-1,-1,-1,-1,-1,-1,-1,9,-1,69,37
SMP251,cb_intrinsic,brain,SMP(L),445.9,86.8,-1,-1,69,-1,41,-1,48,-1,11,-1,66,37
SMP252,cb_intrinsic,brain,SMP(R),446.1,117.4,-1,-1,27,-1,31,-1,34,-1,-1,-1,-1,37
SMP253,cb_intrinsic,brain,SMP(L),541.4,74.8,-1,-1,-1,-1,26,-1,-1,-1,15,-1,-1,37
SMP254,cb_intrinsic,brain,SMP(R),555.9,44.7,63,-1,-1,-1,-1,-1,51,-1,-1,-1,-1,37
SMP255,cb_intrinsic,brain,SMP(L),531.3,57.6,8,-1,58,-1,39,-1,-1,-1,15,-1,59,37
SMP256,cb_intrinsic,brain,SMP(R),764.6,116.9,-1,-1,53,-1,-1,-1,-1,-1,55,-1,-1,37
SMP257,cb_intrinsic,brain,SMP(R),379.8,72.0,4,-1,-1,-1,-1,-1,45,-1,51,-1,-1,37
SMP258,cb_intrinsic,brain,SMP(R),529.0,54.3,-1,-1,-1,-1,-1,-1,-1,-1,11,-1,-1,37
SMP261,cb_intrinsic,brain,SMP(L),432.6,82.7,-1,-1,24,-1,-1,-1,11,-1,65,-1,15,-1
SMP262,cb_intrinsic,brain,SMP(L),519.8,313.5,10,-1,-1,-1,-1,-1,10,-1,43,-1,-1,37
SMP266,cb_intrinsic,brain,SMP(L),419.0,255.1,-1,-1,-1,-1,-1,-1,-1,-1,7,-1,12,-1
SMP267,cb_intrinsic,brain,SMP(R),563.8,70.9,-1,-1,-1,-1,-1,-1,-1,-1,10,-1,50,37
SMP268,cb_intrinsic,brain,SMP(L),696.9,108.7,-1,-1,-1,67,-1,-1,-1,-1,-1,-1,-1,37
SMP269,cb_intrinsic,brain,SMP(R),439.8,98.8,43,-1,-1,-1,48,-1,-1,-1,14,-1,-1,37
SMP270,cb_intrinsic,brain,SMP(R),658.1,267.7,-1,-1,-1,-1,-1,-1,-1,-1,56,-1,-1,37
SMP271,cb_intrinsic,brain,SMP(R),406.8,187.5,31,-1,9,-1,19,-1,32,-1,6,-1,-1,37
SMP272,cb_intrinsic,brain,SMP(R),582.7,78.9,-1,-1,-1,-1,-1,-1,68,-1,58,-1,65,37
SMP273,cb_intrinsic,brain,SMP(R),438.5,89.9,-1,-1,42,-1,54,-1,50,-1,-1,-1,-1,37
SMP274,cb_intrinsic,brain,SMP(R),330.2,89.9,-1,-1,-1,-1,-1,-1,-1,-1,22,-1,56,37
SMP275,cb_intrinsic,brain,SMP(L),363.9,130.9,69,-1,-1,-1,-1,-1,51,-1,-1,-1,-1,37
SMP276,cb_intrinsic,brain,SMP(R),400.2,53.0,11,-1,60,-1,-1,-1,43,-1,18,-1,-1,37
SMP277,cb_intrinsic,brain,SMP(R),565.6,90.7,36,-1,48,-1,36,-1,62,-1,44,-1,-1,37
SMP278,cb_intrinsic,brain,SMP(R),318.1,205.7,-1,-1,-1,-1,-1,-1,-1,-1,-1,-1,-1,37
SMP279_a,cb_intrinsic,brain,SCL(R),540.8,46.3,-1,-1,30,-1,25,-1,-1,-1,43,-1,-1,37
SMP279_b,cb_intrinsic,brain,SMP(L),674.7,274.9,58,-1,-1,-1,-1,-1,-1,-1,-1,-1,-1,37
SMP279_c,cb_intrinsic,brain,SCL(L),423.0,78.0,-1,-1,-1,65,-1,-1,-1,-1,-1,-1,-1,37
SMP280,cb_intrinsic,brain,SMP(L),650.1,278.9,-1,-1,-1,-1,-1,-1,-1,-1,17,-1,52,37
SMP281,cb_intrinsic,brain,SMP(R),660.2,111.9,-1,-1,-1,65,-1,-1,-1,-1,-1,-1,-1,37
SMP282,cb_intrinsic,brain,SMP(L),531.0,101.1,-1,-1,56,-1,43,-1,63,-1,15,-1,60,37
SMP283,cb_intrinsic,brain,SMP(L),438.2,72.7,27,-1,-1,-1,-1,-1,-1,-1,55,-1,-1,37
SMP284_a,cb_intrinsic,brain,SMP(L),332.9,233.1,2,-1,-1,-1,-1,-1,-1,-1,-1,-1,-1,37
SMP284_b,cb_intrinsic,brain,SMP(R),330.9,155.3,-1,-1,-1,59,-1,-1,-1,-1,-1,-1,-1,37
SMP285,cb_intrinsic,brain,SMP(L),578.3,89.1,-1,-1,20,-1,6,-1,8,-1,3,-1,-1,37
SMP286,cb_intrinsic,brain,SMP(R),489.0,64.5,18,-1,24,-1,9,-1,14,-1,6,-1,52,37
SMP291,cb_intrinsic,brain,SMP(R),575.3,45.7,-1,-1,26,-1,49,-1,17,-1,7,-1,-1,37
SMP293,cb_intrinsic,brain,SMP(L),563.2,63.8,56,-1,-1,-1,-1,-1,-1,-1,-1,-1,-1,37
SMP297,cb_intrinsic,brain,SMP(R),297.4,82.1,39,-1,26,-1,31,-1,2,-1,11,-1,58,37
SMP299,cb_intrinsic,brain,SMP(L),685.8,94.3,47,-1,-1,-1,58,-1,33,-1,26,-1,-1,37
SMP302,cb_intrinsic,brain,SMP(R),528.7,322.7,-1,-1,-1,-1,50,-1,43,-1,23,-1,15,-1
SMP304,cb_intrinsic,brain,SMP(R),400.6,76.3,40,-1,-1,-1,-1,-1,39,-1,-1,-1,-1,37
SMP305,cb_intrinsic,brain,SMP(R),549.9,96.9,32,-1,-1,-1,53,-1,33,-1,17,-1,56,37
SMP306,cb_intrinsic,brain,PRW,554.2,39.9,-1,-1,-1,-1,41,-1,10,-1,22,-1,9,-1
SMP307,cb_intrinsic,brain,PRW,545.8,61.5,14,-1,48,-1,26,-1,8,-1,10,-1,57,37
SMP311,cb_intrinsic,brain,SMP(L),333.9,203.7,29,-1,-1,-1,47,-1,-1,-1,47,-1,-1,37
SMP312,cb_intrinsic,brain,SMP(L),435.1,63.4,-1,-1,-1,-1,45,-1,-1,-1,-1,-1,-1,37
SMP313,cb_intrinsic,brain,SMP(R),403.0,214.2,-1,-1,-1,-1,53,-1,-1,-1,7,-1,-1,37
SMP314,cb_intrinsic,brain,SMP(L),333.4,85.0,-1,-1,-1,-1,22,-1,-1,-1,20,-1,45,37
SMP315,cb_intrinsic,brain,SMP(R),470.6,120.5,-1,-1,-1,-1,33,-1,49,-1,18,-1,-1,37
SMP316_a,cb_intrinsic,brain,SMP(R),543.2,102.7,-1,-1,-1,-1,-1,-1,-1,-1,-1,-1,-1,37
SMP316_b,cb_intrinsic,brain,SMP(L),461.1,50.9,-1,-1,-1,-1,-1,-1,51,-1,27,-1,-1,37
SMP317,cb_intrinsic,brain,SMP(L),451.6,89.5,-1,-1,67,-1,12,-1,-1,-1,7,-1,11,-1
SMP319,cb_intrinsic,brain,SMP(L),567.9,89.3,5,-1,28,-1,20,-1,46,-1,8,-1,-1,37
SMP320,cb_intrinsic,brain,SMP(R),522.5,57.9,-1,-1,-1,-1,32,-1,-1,-1,23,-1,-1,37
SMP320a,cb_intrinsic,brain,SMP(R),483.8,61.3,30,-1,-1,-1,-1,-1,-1,-1,19,-1,-1,37
SMP321_a,cb_intrinsic,brain,SMP(L),655.2,200.3,16,-1,-1,-1,30,-1,-1,61,-1,-1,63,37
SMP321_b,cb_intrinsic,brain,SMP(L),599.3,281.2,45,-1,-1,-1,-1,-1,-1,-1,-1,-1,-1,37
SMP322,cb_intrinsic,brain,SMP(L),374.6,205.0,-1,-1,-1,-1,-1,-1,-1,-1,-1,-1,-1,37
SMP323,cb_intrinsic,brain,SMP(R),508.4,214.3,68,-1,-1,57,-1,-1,-1,68,-1,-1,-1,37
SMP324,cb_intrinsic,brain,SMP(L),565.5,60.6,-1,-1,-1,-1,-1,-1,-1,-1,28,-1,-1,37
SMP326,cb_intrinsic,brain,SMP(R),448.4,86.5,27,-1,-1,58,54,-1,-1,-1,-1,-1,-1,37
SMP327,cb_intrinsic,brain,SMP(L),590.6,72.9,45,-1,-1,65,-1,-1,-1,-1,-1,-1,48,37
SMP328_a,cb_intrinsic,brain,SMP(L),551.4,71.6,-1,-1,-1,-1,-1,-1,-1,-1,11,-1,-1,37
SMP328_b,cb_intrinsic,brain,SIP(L),490.7,99.0,-1,-1,-1,-1,-1,-1,-1,-1,10,-1,-1,37
SMP328_c,cb_intrinsic,brain,SMP(R),379.7,197.4,-1,-1,-1,-1,-1,-1,-1,-1,14,-1,-1,37
SMP329,cb_intrinsic,brain,SMP(L),347.5,45.0,14,-1,-1,-1,-1,-1,-1,-1,-1,-1,-1,37
SMP330,cb_intrinsic,brain,SMP(L),410.6,256.4,17,-1,-1,-1,-1,-1,-1,-1,28,-1,63,37
SMP331,cb_intrinsic,brain,SMP(R),598.1,107.2,-1,-1,64,-1,32,-1,-1,-1,7,-1,-1,37
SMP332,cb_intrinsic,brain,SMP(R),401.4,186.0,50,-1,-1,-1,-1,-1,-1,-1,-1,-1,-1,37
SMP333,cb_intrinsic,brain,SLP(R),535.0,117.5,-1,-1,-1,-1,-1,-1,43,-1,68,-1,-1,37
SMP334,cb_intrinsic,brain,SMP(L),716.0,84.2,-1,-1,66,-1,68,-1,43,-1,-1,-1,-1,37
SMP335,cb_intrinsic,brain,SMP(R),446.2,82.5,14,-1,-1,-1,41,-1,43,-1,18,-1,-1,37
SMP336,cb_intrinsic,brain,SMP(R),628.4,67.8,-1,-1,-1,-1,29,-1,32,-1,5,-1,-1,37
SMP337,cb_intrinsic,brain,SMP(R),550.9,62.8,26,-1,57,-1,58,-1,48,-1,7,-1,15,-1
SMP338,cb_intrinsic,brain,SMP(R),624.0,66.8,-1,-1,28,-1,26,-1,10,-1,7,-1,-1,37
SMP339,cb_intrinsic,brain,SMP(L),674.6,43.4,-1,-1,35,-1,-1,-1,34,-1,-1,-1,-1,37
SMP340,cb_intrinsic,brain,SMP(R),462.0,106.6,-1,-1,-1,-1,66,-1,-1,-1,-1,-1,-1,37
SMP341,cb_intrinsic,brain,SLP(R),440.7,91.1,39,-1,-1,-1,62,-1,40,-1,44,-1,11,-1
SMP342,cb_intrinsic,brain,SCL(L),328.9,87.7,23,-1,-1,-1,52,-1,-1,-1,16,-1,63,37
SMP344,cb_intrinsic,brain,SMP(L),491.4,59.3,-1,-1,31,-1,64,-1,41,-1,27,-1,-1,37
SMP345,cb_intrinsic,brain,SMP(R),454.2,63.0,33,-1,48,-1,53,-1,51,-1,8,-1,8,-1
SMP346,cb_intrinsic,brain,SMP(L),526.5,57.2,-1,-1,22,-1,13,-1,29,-1,6,-1,-1,37
SMP347,cb_intrinsic,brain,SMP(R),587.0,90.0,9,-1,43,-1,24,-1,64,-1,21,-1,-1,37
SMP348,cb_intrinsic,brain,SMP(R),487.8,123.5,-1,-1,-1,-1,-1,-1,64,-1,7,-1,-1,37
SMP350,cb_intrinsic,brain,SMP(L),531.3,74.3,22,-1,-1,-1,-1,-1,46,-1,-1,-1,-1,37
SMP352,cb_intrinsic,brain,SIP(L),380.8,98.6,-1,-1,-1,-1,-1,-1,50,-1,8,-1,-1,37
SMP353,cb_intrinsic,brain,SLP(L),363.7,98.8,-1,-1,-1,-1,41,-1,-1,-1,13,-1,-1,37
SMP354,cb_intrinsic,brain,SMP(R),701.6,103.2,2,-1,-1,-1,-1,-1,-1,-1,-1,-1,58,37
SMP355,cb_intrinsic,brain,SMP(R),580.4,52.3,63,-1,-1,-1,-1,-1,46,-1,-1,-1,-1,37
SMP356,cb_intrinsic,brain,SMP(L),436.0,103.8,23,-1,-1,-1,-1,-1,-1,-1,45,-1,-1,37
SMP357,cb_intrinsic,brain,SMP(R),555.9,87.8,31,-1,53,-1,-1,-1,-1,-1,18,-1,10,-1
SMP358,cb_intrinsic,brain,SMP(R),394.0,129.1,38,-1,59,-1,23,-1,-1,-1,23,-1,6,-1
SMP359,cb_intrinsic,brain,SMP(L),712.8,58.0,65,-1,-1,-1,-1,-1,-1,-1,51,-1,-1,37
SMP360,cb_intrinsic,brain,PLP(L),593.9,93.9,25,-1,-1,-1,-1,-1,-1,-1,-1,-1,68,37
SMP361,cb_intrinsic,brain,SLP(L),705.8,115.1,21,-1,49,-1,35,-1,67,-1,41,-1,58,37
SMP362,cb_intrinsic,brain,SMP(L),555.3,63.8,9,-1,-1,-1,-1,-1,-1,-1,67,-1,-1,37
SMP368,cb_intrinsic,brain,SMP(L),422.8,60.6,16,-1,34,-1,26,-1,34,-1,7,-1,-1,37
SMP369,cb_intrinsic,brain,IB,471.5,89.5,13,-1,-1,-1,68,-1,-1,-1,-1,-1,-1,37
SMP370,cb_intrinsic,brain,LAL(L),589.3,235.8,35,-1,20,-1,59,-1,27,-1,-1,-1,55,37
SMP371_a,cb_intrinsic,brain,SMP(R),586.5,181.6,33,-1,30,-1,-1,-1,1,-1,23,-1,11,-1
SMP371_b,cb_intrinsic,brain,SMP(R),428.6,96.7,-1,-1,37,-1,-1,-1,5,-1,24,-1,-1,37
SMP372,cb_intrinsic,brain,SMP(L),544.8,65.2,-1,-1,-1,-1,-1,-1,-1,-1,16,-1,-1,37
SMP373,cb_intrinsic,brain,SMP(L),413.3,76.5,-1,-1,-1,-1,-1,-1,41,-1,26,-1,-1,37
SMP374,cb_intrinsic,brain,SMP(L),548.2,46.7,-1,-1,29,-1,26,-1,-1,-1,31,-1,14,-1
SMP375,cb_intrinsic,brain,SMP(R),510.0,235.1,-1,-1,51,-1,-1,-1,50,-1,19,-1,69,37
SMP376,cb_intrinsic,brain,SMP(R),457.0,112.5,40,-1,27,-1,19,-1,64,-1,5,-1,51,37
SMP377,cb_intrinsic,brain,SMP(R),450.8,126.0,49,-1,6,-1,24,-1,27,-1,9,-1,-1,37
SMP378,cb_intrinsic,brain,SMP(R),445.1,111.7,-1,-1,-1,-1,-1,-1,-1,-1,-1,-1,-1,37
SMP379,cb_intrinsic,brain,SMP(R),411.0,69.2,17,-1,-1,-1,-1,-1,48,-1,-1,-1,-1,37
SMP380,cb_intrinsic,brain,SMP(R),440.7,64.7,49,-1,54,-1,-1,-1,46,-1,25,-1,30,-1
SMP381_a,cb_intrinsic,brain,SMP(R),438.2,102.4,42,-1,-1,-1,-1,-1,45,-1,16,-1,-1,37
SMP381_b,cb_intrinsic,brain,SMP(R),626.4,120.5,-1,-1,-1,-1,46,-1,62,-1,12,-1,-1,37
SMP381_c,cb_intrinsic,brain,SMP(R),440.7,71.6,-1,-1,-1,-1,-1,-1,-1,-1,-1,-1,-1,37
SMP382,cb_intrinsic,brain,SMP(R),347.2,155.9,13,-1,-1,-1,66,-1,-1,-1,25,-1,-1,37
SMP383,cb_intrinsic,brain,SMP(R),450.2,63.3,46,-1,11,-1,11,-1,19,-1,6,-1,52,37
SMP384,cb_intrinsic,brain,SMP(R),557.0,96.5,-1,-1,-1,-1,40,-1,-1,-1,16,-1,-1,37
SMP385,cb_intrinsic,brain,CRE(L),460.1,60.1,23,-1,-1,-1,25,-1,-1,-1,13,-1,46,37
SMP386,cb_intrinsic,brain,SMP(R),462.7,100.5,-1,-1,58,-1,19,-1,27,-1,10,-1,-1,37
SMP387,cb_intrinsic,brain,SMP(L),559.6,104.4,-1,-1,29,-1,25,-1,5,-1,3,-1,-1,37
SMP388,cb_intrinsic,brain,SMP(L),561.6,78.2,35,-1,-1,-1,60,-1,41,-1,35,-1,-1,37
SMP389_a,cb_intrinsic,brain,SMP(R),353.2,58.1,-1,-1,-1,-1,47,-1,64,-1,8,-1,56,37
SMP389_b,cb_intrinsic,brain,SMP(L),687.5,116.3,-1,-1,-1,-1,-1,-1,-1,-1,7,-1,-1,37
SMP389_c,cb_intrinsic,brain,SMP(L),471.1,109.0,24,-1,-1,-1,-1,-1,-1,-1,65,-1,-1,37
SMP390,cb_intrinsic,brain,SMP(R),534.5,124.7,50,-1,-1,-1,-1,-1,-1,-1,17,-1,-1,37
SMP391,cb_intrinsic,brain,SMP(R),415.4,100.8,35,-1,30,-1,50,-1,37,-1,6,-1,63,37
SMP392,cb_intrinsic,brain,SMP(L),428.2,84.5,18,-1,59,-1,-1,-1,38,-1,15,-1,53,37
SMP393,cb_intrinsic,brain,SMP(L),568.2,33.4,22,-1,-1,-1,-1,-1,44,-1,14,-1,-1,37
SMP394,cb_intrinsic,brain,IB,428.2,80.4,16,-1,35,-1,55,-1,44,-1,12,-1,-1,37
SMP395,cb_intrinsic,brain,IB,524.2,202.9,64,-1,-1,-1,-1,-1,-1,-1,38,-1,-1,37
SMP397,cb_intrinsic,brain,IB,445.9,302.7,-1,-1,-1,-1,48,-1,48,-1,23,-1,-1,37
SMP398_a,cb_intrinsic,brain,PLP(R),359.2,213.8,-1,-1,-1,-1,-1,-1,-1,-1,-1,-1,-1,37
SMP398_b,cb_intrinsic,brain,PLP(R),547.5,75.9,35,-1,-1,-1,-1,-1,55,-1,-1,-1,-1,37
SMP399_a,cb_intrinsic,brain,SLP(R),433.0,67.2,-1,-1,-1,-1,-1,-1,-1,-1,18,-1,64,37
SMP399_b,cb_intrinsic,brain,SLP(R),571.8,81.5,13,-1,-1,-1,42,-1,-1,-1,20,-1,57,37
SMP399_c,cb_intrinsic,brain,SMP(R),427.7,112.7,63,-1,-1,-1,-1,-1,-1,-1,-1,-1,-1,37
SMP400,cb_intrinsic,brain,SMP(L),549.8,71.4,-1,-1,-1,-1,-1,-1,-1,-1,7,-1,-1,37
SMP401,cb_intrinsic,brain,SMP(L),547.6,70.5,-1,-1,-1,-1,-1,-1,-1,-1,19,-1,-1,37
SMP402,cb_intrinsic,brain,SMP(R),573.0,117.0,17,-1,-1,-1,-1,-1,-1,-1,7,-1,-1,37
SMP403,cb_intrinsic,brain,SMP(L),470.5,87.8,-1,-1,42,-1,30,-1,44,-1,8,-1,-1,37
SMP404,cb_intrinsic,brain,SMP(R),596.2,50.6,24,-1,69,-1,25,-1,47,-1,6,-1,48,37
SMP405,cb_intrinsic,brain,SMP(R),627.8,77.9,33,-1,-1,-1,53,-1,-1,-1,10,-1,58,37
SMP406_a,cb_intrinsic,brain,SMP(R),440.6,94.6,-1,-1,-1,-1,-1,-1,-1,-1,17,-1,-1,37
SMP406_b,cb_intrinsic,brain,SMP(R),528.6,88.0,8,-1,-1,-1,-1,-1,-1,-1,18,-1,-1,37
SMP406_c,cb_intrinsic,brain,SMP(L),571.8,82.9,51,-1,-1,-1,69,-1,-1,-1,18,-1,-1,37
SMP406_d,cb_intrinsic,brain,SMP(L),562.6,62.5,33,-1,-1,-1,-1,-1,-1,-1,19,-1,50,37
SMP406_e,cb_intrinsic,brain,SMP(R),545.5,78.3,-1,-1,-1,-1,-1,-1,-1,-1,16,-1,-1,37
SMP407,cb_intrinsic,brain,SMP(L),570.2,82.6,13,-1,-1,-1,-1,-1,-1,-1,38,-1,-1,37
SMP408_a,cb_intrinsic,brain,SMP(R),419.4,67.3,-1,-1,-1,-1,41,-1,-1,-1,7,-1,-1,37
SMP408_b,cb_intrinsic,brain,SMP(R),421.8,62.5,50,-1,-1,-1,17,-1,-1,-1,7,-1,-1,37
SMP408_c,cb_intrinsic,brain,SMP(L),578.8,82.2,15,-1,-1,-1,35,-1,-1,-1,8,-1,-1,37
SMP408_d,cb_intrinsic,brain,SMP(R),561.8,70.7,7,-1,52,-1,14,-1,51,-1,1,-1,-1,37
SMP409,cb_intrinsic,brain,SMP(R),620.4,72.3,-1,-1,69,-1,28,-1,49,-1,7,-1,-1,37
SMP410,cb_intrinsic,brain,SMP(R),431.0,101.3,-1,-1,54,-1,-1,-1,-1,-1,19,-1,-1,37
SMP411,cb_intrinsic,brain,SMP(L),460.9,81.1,-1,-1,-1,-1,-1,-1,38,-1,19,-1,-1,37
SMP412,cb_intrinsic,brain,SMP(R),459.5,110.5,-1,-1,-1,-1,-1,-1,-1,-1,18,-1,69,37
SMP413,cb_intrinsic,brain,SMP(L),364.1,103.0,9,-1,-1,-1,-1,-1,40,-1,20,-1,-1,37
SMP414,cb_intrinsic,brain,SMP(L),425.3,98.3,-1,-1,-1,-1,-1,-1,38,-1,-1,-1,-1,37
SMP415_a,cb_intrinsic,brain,SMP(R),430.9,63.3,21,-1,-1,-1,-1,-1,-1,-1,9,-1,-1,37
SMP415_b,cb_intrinsic,brain,SMP(L),465.0,128.7,19,-1,-1,-1,-1,-1,-1,-1,65,-1,-1,37
SMP416,cb_intrinsic,brain,SMP(L),478.9,100.6,3,-1,-1,-1,42,-1,51,-1,7,-1,-1,37
SMP418,cb_intrinsic,brain,SMP(R),392.7,148.3,-1,-1,-1,-1,64,-1,-1,-1,21,-1,-1,37
SMP419,cb_intrinsic,brain,SMP(L),459.9,59.0,-1,-1,-1,-1,56,-1,-1,-1,41,-1,-1,37
SMP420,cb_intrinsic,brain,SMP(L),617.9,110.3,52,-1,-1,-1,-1,-1,-1,-1,16,-1,-1,37
SMP421,cb_intrinsic,brain,SMP(L),645.9,139.8,-1,-1,-1,-1,-1,-1,32,-1,53,-1,12,-1
SMP422,cb_intrinsic,brain,SMP(L),674.4,270.2,14,-1,-1,-1,-1,-1,50,-1,16,-1,-1,37
SMP423,cb_intrinsic,brain,SMP(L),582.8,64.7,28,-1,-1,-1,-1,-1,-1,-1,-1,-1,-1,37
SMP424,cb_intrinsic,brain,SMP(L),445.2,92.4,29,-1,-1,-1,35,-1,-1,-1,17,-1,-1,37
SMP425,cb_intrinsic,brain,SMP(L),438.2,45.2,8,-1,-1,-1,-1,-1,39,-1,47,-1,-1,37
SMP426,cb_intrinsic,brain,SMP(R),593.1,72.7,-1,-1,-1,-1,-1,-1,-1,-1,43,-1,-1,37
SMP427,cb_intrinsic,brain,SMP(L),415.9,193.5,17,-1,-1,-1,-1,-1,-1,-1,39,-1,-1,37
SMP428_a,cb_intrinsic,brain,SMP(R),548.8,269.6,30,-1,-1,-1,-1,-1,-1,-1,-1,-1,-1,37
SMP428_b,cb_intrinsic,brain,SMP(R),353.4,299.9,30,-1,-1,-1,-1,-1,-1,-1,-1,-1,-1,37
SMP429,cb_intrinsic,brain,SMP(R),647.9,133.7,-1,-1,-1,-1,-1,-1,50,-1,-1,-1,-1,37
SMP430,cb_intrinsic,brain,SLP(L),687.4,103.3,-1,-1,-1,-1,-1,-1,-1,-1,-1,-1,-1,37
SMP437,cb_intrinsic,brain,SMP(L),394.3,194.0,-1,-1,-1,-1,-1,-1,-1,-1,22,-1,67,37
SMP438,cb_intrinsic,brain,SMP(R),440.9,93.7,-1,-1,-1,-1,-1,-1,-1,-1,7,-1,58,37
SMP441,cb_intrinsic,brain,SMP(L),575.6,96.9,68,-1,32,-1,43,-1,-1,-1,20,-1,52,37
SMP442,cb_intrinsic,brain,VES(L),419.8,185.4,25,-1,-1,-1,34,-1,23,-1,14,-1,16,-1
SMP443,cb_intrinsic,brain,SMP(L),610.0,87.5,39,-1,-1,-1,35,-1,51,-1,32,-1,-1,37
SMP444,cb_intrinsic,brain,SMP(R),370.2,130.5,16,-1,-1,-1,-1,-1,50,-1,28,-1,47,37
SMP445,cb_intrinsic,brain,SMP(R),397.6,204.0,59,-1,-1,-1,-1,-1,-1,-1,-1,-1,-1,37
SMP446,cb_intrinsic,brain,CRE(L),625.2,158.2,2,-1,45,-1,45,-1,41,-1,65,-1,15,-1
SMP447,cb_intrinsic,brain,CRE(L),311.4,213.2,11,-1,40,-1,-1,-1,3,-1,-1,-1,-1,37
SMP448,cb_intrinsic,brain,CRE(L),467.1,81.1,-1,-1,51,-1,34,-1,51,-1,24,-1,12,-1
SMP449,cb_intrinsic,brain,SMP(L),665.4,80.7,18,-1,-1,-1,-1,-1,42,-1,17,-1,50,37
SMP450,cb_intrinsic,brain,SMP(R),601.3,55.8,-1,-1,-1,-1,47,-1,43,-1,25,-1,52,37
SMP451,cb_intrinsic,brain,SMP(R),454.3,137.9,-1,-1,-1,-1,-1,-1,38,-1,22,-1,55,37
SMP452,cb_intrinsic,brain,SMP(L),445.4,109.0,22,-1,-1,-1,51,-1,2,-1,-1,-1,9,-1
SMP453,cb_intrinsic,brain,SMP(L),441.1,87.7,45,-1,-1,-1,-1,-1,28,-1,13,-1,-1,37
SMP455,cb_intrinsic,brain,IB,535.4,205.0,-1,-1,-1,-1,-1,-1,-1,-1,-1,-1,-1,37
SMP456,cb_intrinsic,brain,SMP(L),428.2,298.4,-1,-1,43,-1,-1,-1,5,-1,15,-1,59,37
SMP457,cb_intrinsic,brain,CRE(L),435.7,226.9,-1,-1,-1,-1,56,-1,1,-1,30,-1,8,-1
SMP458,cb_intrinsic,brain,SMP(L),574.2,61.9,-1,-1,-1,-1,-1,-1,39,-1,8,-1,-1,37
SMP459,cb_intrinsic,brain,IB,610.2,257.8,-1,-1,-1,-1,29,-1,45,-1,13,-1,-1,37
SMP460,cb_intrinsic,brain,SMP(R),452.9,284.9,-1,-1,-1,-1,-1,-1,-1,-1,26,-1,-1,37
SMP461,cb_intrinsic,brain,SMP(L),477.9,315.4,-1,-1,43,-1,38,-1,45,-1,58,-1,14,-1
SMP467,cb_intrinsic,brain,SMP(L),579.7,100.2,45,-1,-1,-1,-1,-1,-1,-1,68,-1,45,37
SMP468,cb_intrinsic,brain,SMP(R),574.6,62.1,-1,-1,-1,-1,-1,-1,-1,-1,-1,-1,-1,37
SMP469,cb_intrinsic,brain,SMP(R),351.6,140.6,-1,-1,44,-1,-1,-1,-1,-1,45,-1,-1,37
SMP470,cb_intrinsic,brain,SMP(L),471.6,48.0,8,-1,12,-1,30,-1,3,-1,4,-1,8,-1
SMP471,cb_intrinsic,brain,SMP(L),428.6,105.6,34,-1,52,-1,20,-1,45,-1,8,-1,14,-1
SMP472,cb_intrinsic,brain,IB,472.2,112.6,-1,-1,29,-1,14,-1,34,-1,6,-1,-1,37
SMP476,cb_intrinsic,brain,SMP(R),584.2,88.4,49,-1,-1,-1,-1,-1,-1,-1,-1,-1,-1,37
SMP477,cb_intrinsic,brain,SIP(R),526.5,99.3,-1,-1,43,-1,-1,-1,18,-1,-1,-1,-1,37
SMP482,cb_intrinsic,brain,SMP(L),440.7,294.2,-1,-1,36,-1,-1,-1,23,-1,39,-1,6,-1
SMP483,cb_intrinsic,brain,SMP(R),682.1,54.0,-1,-1,-1,-1,-1,-1,12,-1,66,-1,-1,37
SMP484,cb_intrinsic,brain,PRW,499.2,317.8,40,-1,67,-1,-1,-1,-1,-1,12,-1,-1,37
SMP487,cb_intrinsic,brain,PRW,543.3,309.5,-1,-1,54,-1,61,-1,6,-1,21,-1,-1,37
SMP488,cb_intrinsic,brain,SMP(R),567.0,37.6,-1,-1,-1,-1,-1,-1,-1,-1,51,-1,59,37
SMP489,cb_intrinsic,brain,IB,531.6,213.9,20,-1,-1,-1,-1,-1,-1,-1,48,-1,54,37
SMP490,cb_intrinsic,brain,SMP(R),339.1,217.1,54,-1,-1,-1,47,-1,46,-1,27,-1,-1,37
SMP491,cb_intrinsic,brain,SMP(R),622.1,132.8,-1,-1,-1,-1,-1,-1,-1,-1,24,-1,-1,37
SMP492,cb_intrinsic,brain,SMP(L),460.6,272.5,-1,-1,-1,-1,46,-1,50,-1,5,-1,61,37
SMP493,cb_intrinsic,brain,SMP(L),684.9,243.1,2,-1,12,-1,15,-1,1,-1,4,-1,-1,37
SMP494,cb_intrinsic,brain,SMP(L),676.4,91.4,-1,-1,44,-1,-1,-1,-1,-1,15,-1,62,37
SMP495_a,cb_intrinsic,brain,SLP(R),631.1,40.9,-1,-1,36,-1,21,-1,59,-1,32,-1,-1,37
SMP495_b,cb_intrinsic,brain,SMP(R),397.9,140.8,-1,-1,-1,-1,63,-1,-1,-1,17,-1,49,37
SMP495_c,cb_intrinsic,brain,SMP(L),544.5,124.6,-1,-1,-1,-1,-1,-1,-1,-1,20,-1,-1,37
SMP496,cb_intrinsic,brain,SMP(L),581.6,104.3,-1,-1,-1,-1,-1,-1,-1,-1,14,-1,-1,37
SMP497,cb_intrinsic,brain,SMP(R),531.6,85.6,41,-1,-1,-1,57,-1,-1,-1,16,-1,-1,37
SMP501,cb_intrinsic,brain,SMP(R),568.9,78.9,10,-1,15,-1,33,-1,18,-1,16,-1,-1,37
SMP503,cb_intrinsic,brain,SLP(R),361.3,106.5,8,-1,-1,-1,57,-1,37,-1,30,-1,-1,37
SMP504,cb_intrinsic,brain,SMP(L),377.9,99.0,42,-1,19,-1,25,-1,41,-1,14,-1,-1,37
SMP505,cb_intrinsic,brain,SMP(R),554.0,68.6,10,-1,42,-1,12,-1,62,-1,7,-1,-1,37
SMP506,cb_intrinsic,brain,SMP(L),421.9,134.0,-1,-1,-1,-1,-1,-1,62,-1,20,-1,-1,37
SMP507,cb_intrinsic,brain,SMP(R),390.1,76.1,69,-1,-1,-1,47,-1,-1,-1,10,-1,-1,37
SMP508,cb_intrinsic,brain,SMP(L),543.8,66.5,-1,-1,-1,-1,-1,-1,31,-1,-1,-1,46,37
SMP509,cb_intrinsic,brain,SMP(R),527.4,48.9,-1,-1,62,-1,-1,-1,43,-1,-1,-1,-1,37
SMP510,cb_intrinsic,brain,SMP(R),582.2,66.4,28,-1,-1,-1,-1,-1,-1,-1,-1,-1,-1,37
SMP511,cb_intrinsic,brain,SMP(R),434.6,41.8,-1,-1,-1,-1,-1,-1,-1,-1,-1,-1,-1,37
SMP512,cb_intrinsic,brain,SMP(L),440.3,120.0,67,-1,39,-1,-1,-1,34,-1,8,-1,68,37
SMP513,cb_intrinsic,brain,SMP(R),425.3,100.5,32,-1,44,-1,-1,-1,44,-1,12,-1,15,-1
SMP514,cb_intrinsic,brain,SMP(R),426.9,75.9,41,-1,66,-1,-1,-1,-1,53,-1,-1,15,-1
SMP516,cb_intrinsic,brain,SMP(L),548.6,58.1,4,-1,14,-1,50,-1,27,-1,7,-1,-1,37
SMP517,cb_intrinsic,brain,SMP(L),537.9,114.2,28,-1,64,-1,-1,-1,13,-1,-1,-1,-1,37
SMP518,cb_intrinsic,brain,SMP(L),525.1,96.3,-1,-1,-1,-1,-1,-1,-1,-1,55,-1,-1,37
SMP519,cb_intrinsic,brain,SMP(L),558.5,55.7,13,-1,-1,-1,-1,-1,41,-1,-1,-1,-1,37
SMP520,cb_intrinsic,brain,SMP(L),443.7,106.2,46,-1,33,-1,-1,-1,29,-1,10,-1,66,37
SMP521,cb_intrinsic,brain,SMP(L),434.4,80.8,-1,-1,-1,-1,-1,-1,-1,-1,-1,-1,-1,37
SMP522,cb_intrinsic,brain,SMP(R),575.4,86.7,-1,-1,-1,-1,-1,-1,34,-1,41,-1,14,-1
SMP523,cb_intrinsic,brain,SMP(L),445.8,93.8,-1,-1,-1,-1,-1,-1,-1,-1,46,-1,63,37
SMP525,cb_intrinsic,brain,SMP(L),467.1,105.5,-1,-1,-1,-1,-1,-1,-1,-1,45,-1,-1,37
SMP526,cb_intrinsic,brain,SMP(L),397.4,159.1,-1,-1,-1,-1,-1,-1,-1,-1,-1,-1,-1,37
SMP527,cb_intrinsic,brain,SCL(R),649.9,213.8,35,-1,32,-1,50,-1,48,-1,20,-1,3,-1
SMP528,cb_intrinsic,brain,SMP(L),541.9,44.9,32,-1,41,-1,17,-1,40,-1,8,-1,-1,37
SMP529,cb_intrinsic,brain,SMP(R),467.7,102.6,-1,-1,-1,-1,-1,-1,-1,-1,39,-1,-1,37
SMP530_a,cb_intrinsic,brain,SMP(L),443.5,62.8,38,-1,56,-1,36,-1,-1,-1,19,-1,-1,37
SMP530_b,cb_intrinsic,brain,SMP(R),567.6,81.9,-1,-1,-1,-1,47,-1,46,-1,19,-1,-1,37
SMP531,cb_intrinsic,brain,SMP(L),710.5,92.6,-1,-1,-1,-1,-1,-1,-1,-1,19,-1,-1,37
SMP532_a,cb_intrinsic,brain,SLP(R),548.5,129.3,67,-1,50,-1,54,-1,40,-1,8,-1,11,-1
SMP532_b,cb_intrinsic,brain,SMP(L),294.3,123.3,60,-1,-1,-1,-1,-1,42,-1,20,-1,-1,37
SMP533,cb_intrinsic,brain,SMP(L),545.2,96.7,-1,-1,-1,-1,62,-1,-1,-1,18,-1,-1,37
SMP535,cb_intrinsic,brain,SMP(R),582.8,52.8,3,-1,40,-1,22,-1,69,-1,3,-1,-1,37
SMP537,cb_intrinsic,brain,SMP(L),685.3,83.3,-1,-1,52,-1,23,-1,-1,-1,11,-1,51,37
SMP538,cb_intrinsic,brain,SMP(L),567.3,75.9,68,-1,-1,-1,66,-1,14,-1,19,-1,-1,37
SMP539,cb_intrinsic,brain,SMP(R),580.2,76.8,36,-1,-1,-1,40,-1,46,-1,20,-1,-1,37
SMP540,cb_intrinsic,brain,SMP(R),460.8,77.2,37,-1,37,-1,61,-1,37,-1,26,-1,-1,37
SMP541,cb_intrinsic,brain,SMP(R),606.3,143.7,14,-1,25,-1,10,-1,-1,-1,7,-1,-1,37
SMP542,cb_intrinsic,brain,SMP(R),578.3,90.7,59,-1,44,-1,60,-1,62,-1,17,-1,-1,37
SMP543,cb_intrinsic,brain,VES(R),614.5,174.6,15,-1,34,-1,15,-1,50,-1,4,-1,32,-1
SMP544,cb_intrinsic,brain,VES(L),438.5,416.9,12,-1,-1,58,57,-1,28,-1,-1,-1,-1,37
SMP545,cb_intrinsic,brain,PRW,511.1,447.2,-1,-1,20,-1,8,-1,6,-1,6,-1,14,-1
SMP546,cb_intrinsic,brain,SMP(L),686.3,189.4,17,-1,-1,-1,31,-1,36,-1,-1,-1,-1,37
SMP547,cb_intrinsic,brain,SMP(L),447.1,131.3,48,-1,-1,-1,31,-1,36,-1,-1,-1,-1,37
SMP548,cb_intrinsic,brain,SLP(R),662.6,149.7,-1,-1,31,-1,-1,-1,37,-1,15,-1,59,37
SMP549,cb_intrinsic,brain,SLP(R),700.7,56.4,-1,-1,37,-1,24,-1,37,-1,9,-1,10,-1
SMP550,cb_intrinsic,brain,SLP(R),643.5,144.1,-1,-1,10,-1,11,-1,36,-1,4,-1,8,-1
SMP551,cb_intrinsic,brain,SLP(R),663.9,73.0,-1,-1,37,-1,-1,-1,62,-1,22,-1,8,-1
SMP552,cb_intrinsic,brain,SLP(L),681.1,133.3,-1,-1,-1,-1,38,-1,-1,-1,24,-1,-1,37
SMP553,cb_intrinsic,brain,SMP(R),598.4,82.4,-1,-1,44,-1,-1,-1,43,-1,6,-1,-1,37
SMP554,cb_intrinsic,brain,VES(L),464.3,317.4,10,-1,23,-1,28,-1,5,-1,40,-1,60,37
SMP555,cb_intrinsic,brain,SIP(L),662.0,112.6,-1,-1,-1,-1,55,-1,65,-1,14,-1,-1,37
SMP556,cb_intrinsic,brain,SIP(R),435.6,155.4,53,-1,-1,-1,49,-1,-1,-1,15,-1,-1,37
SMP560,cb_intrinsic,brain,SMP(L),473.0,144.1,-1,-1,-1,-1,-1,-1,-1,-1,15,-1,51,37
SMP561,cb_intrinsic,brain,SMP(L),468.3,124.6,-1,-1,-1,-1,-1,-1,51,-1,-1,-1,-1,37
SMP562,cb_intrinsic,brain,SMP(R),588.8,71.2,61,-1,-1,-1,-1,-1,-1,-1,-1,-1,-1,37
SMP565,cb_intrinsic,brain,SMP(L),441.1,84.6,-1,-1,-1,-1,-1,-1,-1,-1,-1,-1,65,37
SMP566,cb_intrinsic,brain,SMP(L),582.3,72.9,69,-1,37,-1,-1,-1,48,-1,16,-1,60,37
SMP567,cb_intrinsic,brain,SMP(R),435.1,60.9,-1,-1,-1,-1,-1,-1,-1,-1,17,-1,-1,37
SMP568_a,cb_intrinsic,brain,CRE(L),556.6,62.7,20,-1,17,-1,31,-1,50,-1,27,-1,-1,37
SMP568_b,cb_intrinsic,brain,CRE(L),576.7,96.8,52,-1,30,-1,-1,-1,51,-1,47,-1,-1,37
SMP568_c,cb_intrinsic,brain,CRE(R),427.9,138.6,8,-1,34,-1,35,-1,51,-1,11,-1,-1,37
SMP568_d,cb_intrinsic,brain,SIP(L),617.1,75.1,5,-1,-1,-1,-1,-1,30,-1,18,-1,-1,37
SMP569,cb_intrinsic,brain,SMP(R),446.6,124.9,63,-1,-1,-1,-1,-1,-1,-1,19,-1,-1,37
SMP570,cb_intrinsic,brain,AVLP(R),743.6,249.1,-1,-1,-1,-1,-1,-1,-1,-1,37,-1,-1,37
SMP571,cb_intrinsic,brain,AVLP(R),687.4,247.0,-1,-1,-1,-1,-1,-1,-1,-1,31,-1,-1,37
SMP572,cb_intrinsic,brain,AVLP(R),326.0,272.7,-1,-1,-1,-1,-1,-1,-1,-1,35,-1,-1,37
SMP573,cb_intrinsic,brain,SMP(L),367.1,96.2,6,-1,-1,-1,-1,-1,-1,-1,29,-1,-1,37
SMP577,cb_intrinsic,brain,SMP(R),439.6,86.2,-1,-1,36,-1,50,-1,39,-1,64,-1,56,37
SMP578,cb_intrinsic,brain,PLP(R),572.6,68.8,63,-1,-1,-1,59,-1,-1,69,-1,-1,46,37
SMP579,cb_intrinsic,brain,SLP(R),614.5,159.5,-1,-1,-1,-1,-1,-1,-1,-1,14,-1,-1,37
SMP580,cb_intrinsic,brain,SLP(R),570.5,98.7,36,-1,-1,-1,-1,-1,-1,-1,-1,-1,-1,37
SMP581,cb_intrinsic,brain,SMP(L),440.1,87.8,12,-1,59,-1,-1,-1,41,-1,60,-1,64,37
SMP582,cb_intrinsic,brain,SMP(R),598.3,103.2,25,-1,-1,-1,-1,-1,12,-1,31,-1,-1,37
SMP583,cb_intrinsic,brain,SLP(R),494.2,95.2,68,-1,-1,-1,61,-1,-1,-1,14,-1,68,37
SMP586,cb_intrinsic,brain,SMP(L),452.5,114.3,37,-1,30,-1,-1,-1,1,-1,45,-1,3,-1
SMP588,cb_intrinsic,brain,SMP(R),560.6,35.7,-1,-1,-1,-1,24,-1,41,-1,9,-1,13,-1
SMP589,cb_intrinsic,brain,SMP(L),460.1,130.5,-1,-1,-1,-1,52,-1,39,-1,8,-1,-1,37
SMP590_a,cb_intrinsic,brain,SMP(L),578.4,75.9,42,-1,-1,-1,-1,-1,-1,-1,18,-1,-1,37
SMP590_b,cb_intrinsic,brain,SMP(R),575.0,84.2,16,-1,-1,-1,-1,-1,-1,-1,16,-1,10,-1
SMP591,cb_intrinsic,brain,SMP(L),455.1,122.6,27,-1,-1,-1,-1,-1,-1,-1,14,-1,-1,37
SMP592,cb_intrinsic,brain,SMP(R),564.7,65.8,18,-1,-1,-1,-1,-1,-1,46,-1,-1,-1,37
SMP593,cb_intrinsic,brain,SMP(R),565.9,305.6,-1,-1,8,-1,21,-1,3,-1,6,-1,-1,37
SMP594,cb_intrinsic,brain,SMP(L),443.0,297.5,-1,-1,-1,-1,66,-1,45,-1,-1,-1,-1,37
SMP595,cb_intrinsic,brain,SMP(R),558.6,129.9,26,-1,27,-1,18,-1,49,-1,4,-1,66,37
SMP596,cb_intrinsic,brain,SMP(L),344.4,87.2,-1,-1,-1,-1,44,-1,50,-1,9,-1,-1,37
SMP597,cb_intrinsic,brain,SMP(R),398.4,67.6,-1,-1,-1,-1,-1,-1,49,-1,51,-1,-1,37
SMP598,cb_intrinsic,brain,SMP(R),476.3,54.2,-1,-1,-1,-1,37,-1,65,-1,-1,-1,-1,37
SMP599,cb_intrinsic,brain,SMP(L),666.2,101.8,44,-1,-1,-1,69,-1,14,-1,20,-1,-1,37
SMP600,cb_intrinsic,brain,SMP(R),579.2,107.5,-1,-1,-1,-1,-1,-1,-1,-1,47,-1,48,37
SMP603,cb_intrinsic,brain,SMP(L),477.3,139.0,-1,-1,24,-1,22,-1,1,-1,5,-1,4,-1
SMP604,cb_intrinsic,brain,GNG,503.1,458.6,-1,-1,7,-1,45,-1,6,-1,39,-1,8,-1
SMP700m,cb_intrinsic,brain,SMP(R),464.8,112.8,-1,-1,-1,-1,-1,-1,-1,-1,20,-1,-1,37
SMP702m,cb_intrinsic,brain,SMP(R),549.1,102.4,24,-1,3,-1,7,-1,2,-1,5,-1,10,-1
SMP703m,cb_intrinsic,brain,SLP(R),563.6,79.1,29,-1,18,-1,10,-1,37,-1,10,-1,-1,37
SMP705m,cb_intrinsic,brain,SMP(R),544.1,92.4,61,-1,37,-1,28,-1,46,-1,17,-1,-1,37
SMP709m,cb_intrinsic,brain,SMP(L),408.1,66.6,-1,-1,8,-1,55,-1,3,-1,15,-1,6,-1
SMP710m,cb_intrinsic,brain,SMP(L),592.2,57.2,-1,-1,62,-1,53,-1,45,-1,-1,-1,-1,37
SMP711m,cb_intrinsic,brain,SMP(R),452.7,118.0,-1,-1,-1,-1,-1,-1,43,-1,18,-1,62,37
SMP712m,cb_intrinsic,brain,CRE(L),445.2,79.5,-1,-1,-1,-1,-1,-1,-1,-1,35,-1,48,37
SMP713m,cb_intrinsic,brain,SMP(R),557.7,86.5,13,-1,-1,-1,-1,-1,50,-1,17,-1,-1,37
SMP714m,cb_intrinsic,brain,SMP(L),352.2,141.1,37,-1,-1,-1,24,-1,45,-1,22,-1,-1,37
SMP715m,cb_intrinsic,brain,SMP(R),396.7,77.8,16,-1,-1,-1,51,-1,37,-1,17,-1,13,-1
SMP716m,cb_intrinsic,brain,SMP(R),628.7,94.3,62,-1,-1,-1,-1,-1,-1,-1,38,-1,-1,37
SMP717m,cb_intrinsic,brain,SMP(R),454.4,124.5,44,-1,-1,-1,61,-1,-1,-1,-1,-1,-1,37
SMP718m,cb_intrinsic,brain,SMP(R),489.4,353.7,25,-1,-1,-1,-1,-1,43,-1,19,-1,-1,37
SMP719m,cb_intrinsic,brain,SLP(R),444.2,129.1,-1,-1,31,-1,18,-1,37,-1,16,-1,-1,37
SMP720m,cb_intrinsic,brain,SMP(R),595.5,52.7,-1,-1,-1,-1,-1,-1,66,-1,16,-1,-1,37
SMP721m,cb_intrinsic,brain,SMP(R),338.6,108.3,-1,-1,37,-1,-1,-1,46,-1,-1,-1,-1,37
SMP723m,cb_intrinsic,brain,SMP(R),584.3,36.7,-1,-1,22,-1,21,-1,38,-1,14,-1,5,-1
SMP726m,cb_intrinsic,brain,SMP(R),673.3,55.8,-1,-1,24,-1,18,-1,44,-1,18,-1,-1,37
SMP727m,cb_intrinsic,brain,SMP(R),637.4,97.3,66,-1,-1,-1,-1,-1,-1,-1,-1,-1,59,37
SMP728m,cb_intrinsic,brain,SMP(L),387.0,258.0,53,-1,-1,-1,-1,-1,-1,-1,25,-1,-1,37
SMP729,cb_intrinsic,brain,SMP(L),446.0,74.2,-1,-1,-1,-1,-1,-1,-1,46,-1,-1,15,-1
SMP729m,cb_intrinsic,brain,SMP(R),567.2,99.5,18,-1,26,-1,16,-1,-1,-1,15,-1,-1,37
SMP730,cb_intrinsic,brain,SMP(L),534.7,354.9,30,-1,-1,-1,-1,-1,-1,-1,-1,-1,-1,37
SMP731,cb_intrinsic,brain,SMP(L),439.7,65.1,45,-1,-1,-1,-1,-1,44,-1,14,-1,10,-1
SMP732,cb_intrinsic,brain,SMP(L),451.7,329.2,28,-1,-1,-1,-1,-1,45,-1,-1,-1,-1,37
SMP733,cb_intrinsic,brain,SMP(L),507.8,315.8,-1,-1,-1,-1,-1,-1,46,-1,14,-1,15,-1
SMP734,cb_intrinsic,brain,SMP(R),586.8,70.6,38,-1,42,-1,40,-1,41,-1,39,-1,13,-1
SMP735,cb_intrinsic,brain,SMP(L),516.3,337.5,-1,-1,-1,-1,-1,-1,46,-1,10,-1,-1,37
SMP736,cb_intrinsic,brain,SMP(L),494.5,361.3,-1,-1,-1,-1,-1,-1,-1,-1,15,-1,-1,37
SMP737,cb_intrinsic,brain,SMP(R),497.9,336.8,64,-1,-1,-1,-1,-1,29,-1,11,-1,9,-1
SMP738,cb_intrinsic,brain,SMP(R),557.3,58.5,5,-1,53,-1,-1,-1,43,-1,-1,-1,-1,37
SMP739,cb_intrinsic,brain,SMP(L),483.9,115.0,-1,-1,29,-1,44,-1,36,-1,9,-1,13,-1
SMP740,cb_intrinsic,brain,SMP(R),484.1,312.1,37,-1,14,-1,44,-1,41,-1,17,-1,10,-1
SMP741,cb_intrinsic,brain,SMP(R),436.7,86.0,-1,-1,-1,-1,68,-1,46,-1,10,-1,-1,37
SMP742,cb_intrinsic,brain,SMP(L),396.0,54.0,51,-1,38,-1,44,-1,28,-1,29,-1,8,-1
SMP743,cb_intrinsic,brain,SMP(L),577.0,71.3,-1,-1,28,-1,68,-1,15,-1,10,-1,14,-1
SMP744,cb_intrinsic,brain,SMP(R),568.8,114.0,-1,-1,45,-1,-1,-1,37,-1,-1,-1,5,-1
SMP745,cb_intrinsic,brain,SMP(R),530.7,65.7,41,-1,63,-1,-1,-1,27,-1,-1,-1,5,-1
SMP_unclear,cb_intrinsic,brain,SMP(L),623.8,83.8,-1,-1,-1,-1,-1,-1,51,-1,-1,-1,-1,37
SMPp&v1B_M02,cb_intrinsic,brain,SMP(R),577.6,99.0,-1,-1,-1,-1,-1,-1,-1,-1,9,-1,65,37
SNch01,vnc_sensory,vnc,ANm,579.6,815.5,53,-1,2,-1,-1,-1,21,-1,-1,-1,19,-1
SNch05,vnc_sensory,vnc,LegNp(T3)(L),608.9,879.0,31,-1,-1,-1,-1,-1,-1,-1,-1,-1,53,-1
SNch10,vnc_sensory,vnc,LegNp(T3)(R),503.0,842.6,-1,-1,6,-1,-1,-1,21,-1,-1,-1,24,-1
SNpp01,vnc_sensory,vnc,mVAC(T1)(L),517.0,933.8,64,-1,12,-1,-1,-1,44,-1,63,-1,16,-1
SNpp02,vnc_sensory,vnc,LegNp(T3)(R),578.4,781.1,7,-1,6,-1,63,-1,-1,-1,63,-1,-1,-1
SNpp03,vnc_sensory,vnc,LegNp(T3)(R),452.9,821.6,18,-1,-1,-1,-1,-1,47,-1,67,-1,28,-1
SNpp04,vnc_sensory,vnc,WTct(UTct-T2)(R),551.6,743.0,42,-1,48,-1,-1,-1,14,-1,-1,-1,21,-1
SNpp05,vnc_sensory,vnc,WTct(UTct-T2)(L),584.0,688.5,4,-1,52,-1,-1,-1,46,-1,-1,-1,37,-1
SNpp06,vnc_sensory,vnc,Ov(L),465.5,851.7,-1,-1,63,-1,-1,-1,-1,-1,-1,-1,-1,-1
SNpp07,vnc_sensory,vnc,WTct(UTct-T2)(L),570.4,819.4,-1,-1,15,-1,-1,-1,24,-1,-1,-1,-1,-1
SNpp08,vnc_sensory,vnc,WTct(UTct-T2)(L),459.5,707.5,-1,-1,52,-1,-1,-1,15,-1,-1,-1,22,-1
SNpp09,vnc_sensory,vnc,WTct(UTct-T2)(R),566.8,800.0,49,-1,20,-1,-1,-1,-1,-1,-1,-1,66,-1
SNpp10,vnc_sensory,vnc,LTct,525.1,727.8,24,-1,16,-1,-1,-1,-1,-1,-1,-1,20,-1
SNpp11,vnc_sensory,vnc,WTct(UTct-T2)(L),479.9,719.2,-1,-1,68,-1,-1,-1,17,-1,3,-1,21,-1
SNpp12,vnc_sensory,vnc,ANm,582.2,784.2,-1,-1,61,-1,-1,-1,-1,-1,-1,-1,-1,-1
SNpp13,vnc_sensory,vnc,WTct(UTct-T2)(R),439.3,734.4,-1,-1,-1,-1,-1,-1,-1,-1,-1,-1,-1,-1
SNpp14,vnc_sensory,vnc,HTct(UTct-T3)(R),576.2,842.1,-1,-1,59,-1,-1,-1,-1,-1,-1,-1,41,-1
SNpp15,vnc_sensory,vnc,LegNp(T3)(L),501.0,872.1,55,-1,-1,-1,-1,-1,22,-1,-1,-1,42,-1
SNpp16,vnc_sensory,vnc,WTct(UTct-T2)(R),438.1,720.9,41,-1,6,-1,-1,-1,-1,-1,-1,-1,-1,-1
SNpp17,vnc_sensory,vnc,LTct,573.7,804.0,-1,-1,56,-1,58,-1,3,-1,4,-1,4,-1
SNpp18,vnc_sensory,vnc,mVAC(T2)(L),483.7,868.0,28,-1,18,-1,-1,-1,14,-1,41,-1,-1,-1
SNpp19,vnc_sensory,vnc,IntTct,525.2,752.6,18,-1,3,-1,31,-1,14,-1,-1,-1,-1,-1
SNpp20,vnc_sensory,vnc,IntTct,524.1,764.8,-1,-1,-1,-1,-1,-1,16,-1,10,-1,3,-1
"SNpp20,SApp02",vnc_sensory,vnc,IntTct,582.3,736.3,5,-1,-1,-1,-1,-1,-1,-1,-1,-1,3,-1
SNpp21,vnc_sensory,vnc,ANm,545.9,783.1,-1,-1,-1,-1,-1,-1,-1,-1,-1,-1,-1,-1
SNpp22,vnc_sensory,vnc,LTct,487.2,763.9,10,-1,-1,-1,-1,-1,-1,-1,-1,-1,-1,-1
SNpp23,vnc_sensory,vnc,ANm,529.3,832.8,-1,-1,8,-1,-1,-1,25,-1,-1,-1,41,-1
SNpp24,vnc_sensory,vnc,WTct(UTct-T2)(L),477.6,721.6,-1,-1,-1,-1,-1,-1,-1,-1,3,-1,-1,-1
SNpp25,vnc_sensory,vnc,WTct(UTct-T2)(R),426.7,710.7,-1,-1,-1,-1,-1,-1,53,-1,2,-1,-1,-1
SNpp26,vnc_sensory,vnc,WTct(UTct-T2)(L),612.0,787.9,-1,-1,-1,-1,-1,-1,15,-1,8,-1,-1,-1
SNpp27,vnc_sensory,vnc,WTct(UTct-T2)(L),487.1,698.9,-1,-1,-1,-1,-1,-1,15,-1,2,-1,27,-1
SNpp28,vnc_sensory,vnc,WTct(UTct-T2)(L),504.5,693.7,-1,-1,5,-1,68,-1,15,-1,3,-1,22,-1
"SNpp29,SNpp63",vnc_sensory,vnc,Ov(L),568.7,819.0,62,-1,6,-1,23,-1,-1,-1,-1,-1,-1,-1
SNpp30,vnc_sensory,vnc,Ov(L),480.6,858.8,17,-1,3,-1,9,-1,6,-1,23,-1,20,-1
SNpp31,vnc_sensory,vnc,Ov(L),552.8,828.4,-1,-1,44,-1,-1,-1,-1,-1,-1,-1,27,-1
SNpp32,vnc_sensory,vnc,Ov(L),580.7,694.8,-1,-1,4,-1,-1,-1,22,-1,-1,-1,-1,-1
SNpp33,vnc_sensory,vnc,Ov(L),561.0,803.4,-1,-1,10,-1,-1,-1,-1,-1,-1,-1,20,-1
SNpp34,vnc_sensory,vnc,DMetaN(L),604.3,691.7,43,-1,-1,-1,-1,-1,-1,-1,-1,-1,63,-1
"SNpp34,SApp16",vnc_sensory,vnc,WTct(UTct-T2)(L),584.6,680.0,30,-1,-1,-1,-1,-1,53,-1,-1,-1,-1,-1
SNpp35,vnc_sensory,vnc,WTct(UTct-T2)(L),591.0,770.8,12,-1,57,-1,-1,-1,-1,-1,-1,-1,-1,-1
SNpp36,vnc_sensory,vnc,WTct(UTct-T2)(L),471.4,734.3,-1,-1,-1,-1,-1,-1,16,-1,6,-1,32,-1
SNpp37,vnc_sensory,vnc,WTct(UTct-T2)(L),599.5,693.1,31,-1,55,-1,-1,-1,-1,-1,5,-1,22,-1
SNpp38,vnc_sensory,vnc,WTct(UTct-T2)(L),581.9,728.2,17,-1,28,-1,64,-1,11,-1,25,-1,43,-1
SNpp39,vnc_sensory,vnc,LegNp(T2)(R),630.1,859.5,51,-1,5,-1,13,-1,48,-1,29,-1,29,-1
SNpp40,vnc_sensory,vnc,mVAC(T2)(R),525.3,860.8,-1,-1,2,-1,-1,-1,58,-1,-1,-1,27,-1
SNpp41,vnc_sensory,vnc,LegNp(T3)(R),491.0,862.8,-1,-1,22,-1,18,-1,62,-1,-1,-1,42,-1
SNpp42,vnc_sensory,vnc,Ov(L),463.0,800.4,12,-1,21,-1,-1,-1,-1,-1,-1,-1,-1,-1
SNpp43,vnc_sensory,vnc,LegNp(T3)(R),594.9,790.9,12,-1,13,-1,-1,-1,59,-1,-1,-1,35,-1
SNpp44,vnc_sensory,vnc,LegNp(T3)(R),425.9,780.0,48,-1,-1,-1,-1,-1,-1,-1,-1,-1,-1,-1
SNpp45,vnc_sensory,vnc,LegNp(T2)(R),438.0,821.4,16,-1,2,-1,27,-1,2,-1,3,-1,30,-1
SNpp46,vnc_sensory,vnc,LegNp(T3)(R),601.5,792.9,-1,-1,-1,-1,-1,-1,-1,-1,-1,-1,-1,-1
SNpp47,vnc_sensory,vnc,mVAC(T2)(L),455.3,831.8,14,-1,5,-1,68,-1,56,-1,-1,-1,-1,-1
SNpp48,vnc_sensory,vnc,LegNp(T3)(R),421.2,808.8,22,-1,34,-1,-1,-1,50,-1,5,-1,35,-1
SNpp49,vnc_sensory,vnc,LegNp(T2)(R),629.1,827.4,-1,-1,-1,-1,-1,-1,-1,-1,5,-1,41,-1
SNpp50,vnc_sensory,vnc,LegNp(T3)(L),515.3,902.0,4,-1,3,-1,-1,-1,2,-1,1,-1,31,-1
SNpp51,vnc_sensory,vnc,LegNp(T3)(R),474.6,848.2,-1,-1,7,-1,-1,-1,5,-1,4,-1,35,-1
SNpp52,vnc_sensory,vnc,LegNp(T2)(R),552.6,875.1,25,-1,4,-1,62,-1,1,-1,3,-1,30,-1
SNpp53,vnc_sensory,vnc,LegNp(T1)(L),521.3,816.8,-1,-1,-1,-1,22,-1,18,-1,1,-1,20,-1
SNpp55,vnc_sensory,vnc,LTct,542.1,743.3,11,-1,-1,-1,-1,-1,18,-1,5,-1,-1,-1
SNpp56,vnc_sensory,vnc,mVAC(T3)(L),509.0,870.3,13,-1,45,-1,-1,-1,-1,-1,-1,-1,-1,-1
SNpp57,vnc_sensory,vnc,mVAC(T3)(R),583.3,791.8,-1,-1,62,-1,-1,-1,60,-1,-1,-1,-1,-1
SNpp58,vnc_sensory,vnc,mVAC(T2)(L),509.4,864.0,-1,-1,18,-1,-1,-1,60,-1,-1,-1,-1,-1
SNpp59,vnc_sensory,vnc,mVAC(T2)(L),500.9,866.2,-1,-1,-1,-1,-1,-1,-1,-1,-1,-1,53,-1
SNpp60,vnc_sensory,vnc,mVAC(T3)(R),499.9,863.0,26,-1,3,-1,28,-1,60,-1,-1,-1,23,-1
SNpp61,vnc_sensory,vnc,Ov(L),598.6,814.0,-1,-1,7,-1,-1,-1,52,-1,-1,-1,22,-1
SNpp62,vnc_sensory,vnc,Ov(R),625.9,776.6,26,-1,14,-1,-1,-1,-1,-1,-1,-1,28,-1
SNppxx,vnc_sensory,vnc,LegNp(T2)(R),438.4,787.6,-1,-1,2,-1,19,-1,1,-1,2,-1,2,-1
SNta02,vnc_sensory,vnc,Ov(L),630.4,727.5,-1,-1,-1,-1,-1,-1,-1,-1,-1,-1,-1,-1
"SNta02,SNta09",vnc_sensory,vnc,Ov(L),586.0,749.6,-1,-1,1,-1,3,-1,24,-1,31,-1,14,-1
SNta03,vnc_sensory,vnc,LegNp(T3)(L),575.0,733.8,-1,-1,3,-1,12,-1,14,-1,33,-1,-1,-1
SNta04,vnc_sensory,vnc,Ov(L),429.3,761.0,-1,-1,2,-1,13,-1,51,-1,-1,-1,17,-1
"SNta04,SNta11",vnc_sensory,vnc,Ov(R),628.4,809.8,-1,-1,4,-1,-1,-1,52,-1,-1,-1,47,-1
SNta05,vnc_sensory,vnc,Ov(L),438.3,789.2,12,-1,16,-1,52,-1,-1,-1,-1,-1,26,-1
SNta06,vnc_sensory,vnc,Ov(L),602.3,810.2,5,-1,27,-1,-1,-1,-1,-1,-1,-1,29,-1
SNta07,vnc_sensory,vnc,Ov(L),621.6,810.1,58,-1,5,-1,-1,-1,-1,-1,-1,-1,22,-1
SNta10,vnc_sensory,vnc,Ov(L),451.4,793.4,-1,-1,-1,-1,63,-1,-1,-1,-1,-1,31,-1
SNta11,vnc_sensory,vnc,Ov(L),585.5,802.5,-1,-1,2,-1,8,-1,24,-1,-1,-1,-1,-1
"SNta11,SNta14",vnc_sensory,vnc,Ov(L),569.5,801.4,-1,-1,2,-1,23,-1,52,-1,-1,-1,14,-1
SNta12,vnc_sensory,vnc,Ov(L),558.4,794.0,-1,-1,-1,-1,-1,-1,-1,-1,-1,-1,-1,-1
SNta13,vnc_sensory,vnc,Ov(L),515.8,789.5,66,-1,11,-1,-1,-1,-1,-1,-1,-1,24,-1
SNta14,vnc_sensory,vnc,Ov(R),460.9,788.0,1,-1,15,-1,-1,-1,-1,-1,-1,-1,-1,-1
SNta18,vnc_sensory,vnc,Ov(L),477.1,797.3,7,-1,2,-1,44,-1,24,-1,-1,-1,31,-1
SNta19,vnc_sensory,vnc,LegNp(T2)(L),590.2,883.4,-1,-1,37,-1,-1,-1,-1,-1,-1,-1,35,-1
"SNta19,SNta37",vnc_sensory,vnc,LegNp(T3)(R),475.5,896.8,33,-1,-1,-1,-1,-1,-1,-1,-1,-1,-1,-1
SNta20,vnc_sensory,vnc,LegNp(T3)(R),452.9,833.1,-1,-1,2,-1,43,-1,-1,-1,-1,-1,34,-1
"SNta20,SNta29",vnc_sensory,vnc,LegNp(T3)(L),561.0,865.8,-1,-1,-1,-1,-1,-1,-1,-1,-1,-1,68,-1
SNta21,vnc_sensory,vnc,LegNp(T2)(R),475.1,831.1,-1,-1,2,-1,-1,-1,56,-1,-1,-1,35,-1
"SNta21,SNta38",vnc_sensory,vnc,LegNp(T3)(R),564.5,852.7,41,-1,-1,-1,-1,-1,-1,-1,-1,-1,-1,-1
SNta22,vnc_sensory,vnc,LegNp(T2)(L),570.0,929.0,33,-1,-1,-1,-1,-1,-1,-1,-1,-1,50,-1
"SNta22,SNta23",vnc_sensory,vnc,LegNp(T2)(R),474.5,816.5,-1,-1,-1,-1,-1,-1,26,-1,-1,-1,-1,-1
"SNta22,SNta33",vnc_sensory,vnc,LegNp(T1)(L),481.2,795.0,-1,-1,30,-1,-1,-1,26,-1,-1,-1,13,-1
SNta23,vnc_sensory,vnc,LegNp(T2)(R),510.6,863.2,22,-1,12,-1,-1,-1,-1,-1,-1,-1,15,-1
SNta24,vnc_sensory,vnc,LegNp(T1)(L),689.0,768.1,-1,-1,-1,-1,-1,-1,-1,-1,-1,-1,-1,-1
SNta25,vnc_sensory,vnc,LegNp(T2)(R),499.4,907.0,34,-1,3,-1,55,-1,-1,-1,-1,-1,25,-1
"SNta25,SNta30",vnc_sensory,vnc,LegNp(T2)(R),648.1,837.6,12,-1,-1,-1,-1,-1,-1,-1,-1,-1,-1,-1
SNta26,vnc_sensory,vnc,LegNp(T2)(L),473.5,883.2,50,-1,13,-1,-1,-1,-1,-1,-1,-1,-1,-1
SNta27,vnc_sensory,vnc,LegNp(T3)(R),468.7,855.7,21,-1,8,-1,-1,-1,57,-1,-1,-1,23,-1
"SNta27,SNta28",vnc_sensory,vnc,LegNp(T2)(L),564.2,862.1,54,-1,-1,-1,-1,-1,-1,-1,-1,-1,59,-1
SNta28,vnc_sensory,vnc,LegNp(T3)(R),561.2,871.0,53,-1,2,-1,-1,-1,52,-1,-1,-1,28,-1
"SNta28,SNta29",vnc_sensory,vnc,LegNp(T3)(R),489.9,809.3,-1,-1,-1,-1,-1,-1,-1,-1,-1,-1,-1,-1
"SNta28,SNta40",vnc_sensory,vnc,LegNp(T3)(L),572.7,922.3,-1,-1,-1,-1,-1,-1,-1,-1,-1,-1,54,-1
"SNta28,SNta44",vnc_sensory,vnc,LegNp(T2)(R),602.6,888.3,-1,-1,-1,-1,-1,-1,-1,-1,-1,-1,-1,-1
SNta29,vnc_sensory,vnc,LegNp(T2)(L),596.2,879.1,-1,-1,1,-1,22,-1,-1,-1,-1,-1,20,-1
SNta30,vnc_sensory,vnc,LegNp(T2)(L),455.5,878.1,32,-1,3,-1,-1,-1,-1,-1,-1,-1,33,-1
SNta31,vnc_sensory,vnc,LegNp(T3)(L),428.2,908.7,-1,-1,4,-1,-1,-1,-1,-1,-1,-1,37,-1
"SNta31,SNta34",vnc_sensory,vnc,LegNp(T3)(R),485.7,812.1,-1,-1,-1,-1,-1,-1,-1,-1,-1,-1,55,-1
SNta32,vnc_sensory,vnc,LegNp(T3)(R),580.3,936.5,35,-1,13,-1,-1,-1,55,-1,-1,-1,16,-1
SNta33,vnc_sensory,vnc,LegNp(T1)(L),392.0,786.1,-1,-1,7,-1,36,-1,26,-1,-1,-1,17,-1
SNta34,vnc_sensory,vnc,LegNp(T2)(L),567.8,937.8,49,-1,6,-1,55,-1,24,-1,-1,-1,34,-1
SNta35,vnc_sensory,vnc,LegNp(T2)(R),642.9,796.4,-1,-1,10,-1,-1,-1,-1,-1,-1,-1,-1,-1
SNta36,vnc_sensory,vnc,LegNp(T3)(L),573.2,853.1,-1,-1,-1,-1,-1,-1,-1,-1,-1,-1,-1,-1
SNta37,vnc_sensory,vnc,LegNp(T3)(R),637.2,852.3,5,-1,1,-1,26,-1,57,-1,-1,-1,19,-1
SNta38,vnc_sensory,vnc,LegNp(T3)(R),620.2,904.7,54,-1,2,-1,33,-1,-1,-1,-1,-1,-1,-1
SNta39,vnc_sensory,vnc,LegNp(T3)(L),607.8,890.7,53,-1,60,-1,-1,-1,57,-1,-1,-1,-1,-1
SNta40,vnc_sensory,vnc,LegNp(T1)(L),604.2,783.5,24,-1,52,-1,-1,-1,-1,-1,-1,-1,38,-1
SNta41,vnc_sensory,vnc,LegNp(T1)(R),471.2,855.7,27,-1,27,-1,-1,-1,69,-1,-1,-1,-1,-1
SNta42,vnc_sensory,vnc,LegNp(T2)(R),621.9,917.8,-1,-1,3,-1,55,-1,-1,-1,-1,-1,-1,-1
SNta43,vnc_sensory,vnc,LegNp(T3)(R),583.5,835.3,13,-1,3,-1,-1,-1,53,-1,-1,-1,24,-1
SNta44,vnc_sensory,vnc,LegNp(T3)(R),568.7,899.4,-1,-1,22,-1,-1,-1,-1,-1,-1,-1,32,-1
"SNta44,SNta45",vnc_sensory,vnc,LegNp(T3)(R),453.6,826.0,64,-1,-1,-1,-1,-1,-1,-1,-1,-1,-1,-1
SNta45,vnc_sensory,vnc,LegNp(T2)(R),447.9,888.6,-1,-1,26,-1,-1,-1,55,-1,-1,-1,-1,-1
SNtaxx,vnc_sensory,vnc,LegNp(T3)(L),644.5,919.7,-1,-1,-1,-1,-1,-1,17,-1,17,-1,-1,-1
SNxx01,vnc_sensory,vnc,ANm,564.6,808.7,-1,-1,19,-1,-1,-1,-1,-1,-1,-1,27,-1
SNxx02,vnc_sensory,vnc,ANm,521.3,830.6,59,-1,30,-1,-1,-1,-1,-1,-1,-1,-1,-1
SNxx03,vnc_sensory,vnc,ANm,535.2,846.0,37,-1,2,-1,9,-1,63,-1,-1,-1,25,-1
SNxx04,vnc_sensory,vnc,ANm,565.9,866.2,35,-1,2,-1,4,-1,-1,-1,35,-1,24,-1
SNxx05,vnc_sensory,vnc,ANm,549.2,829.9,6,-1,-1,-1,-1,-1,-1,-1,-1,-1,27,-1
SNxx06,vnc_sensory,vnc,ANm,524.0,809.9,35,-1,19,-1,-1,-1,-1,-1,-1,-1,25,-1
SNxx07,vnc_sensory,vnc,ANm,572.2,789.0,-1,-1,5,-1,-1,-1,-1,-1,-1,-1,39,-1
SNxx08,vnc_sensory,vnc,ANm,524.5,792.3,23,-1,51,-1,-1,-1,-1,-1,-1,-1,-1,-1
SNxx09,vnc_sensory,vnc,ANm,556.1,852.7,8,-1,-1,-1,-1,-1,-1,-1,-1,-1,-1,-1
SNxx10,vnc_sensory,vnc,ANm,489.1,795.1,69,-1,-1,-1,-1,-1,57,-1,-1,-1,24,-1
SNxx11,vnc_sensory,vnc,ANm,539.7,842.5,13,-1,10,-1,39,-1,-1,-1,-1,-1,-1,-1
SNxx14,vnc_sensory,vnc,ANm,557.0,786.3,-1,-1,2,-1,-1,-1,52,-1,-1,-1,25,-1
SNxx15,vnc_sensory,vnc,ANm,504.6,764.2,-1,-1,5,-1,-1,-1,55,-1,-1,-1,25,-1
SNxx16,vnc_sensory,vnc,ANm,638.8,823.4,-1,-1,-1,-1,-1,-1,25,-1,64,-1,-1,-1
SNxx17,vnc_sensory,vnc,ANm,534.0,865.0,3,-1,15,-1,-1,-1,-1,-1,-1,-1,36,-1
SNxx19,vnc_sensory,vnc,ANm,551.1,834.7,-1,-1,63,-1,-1,-1,49,-1,-1,-1,25,-1
SNxx20,vnc_sensory,vnc,ANm,529.8,841.7,-1,-1,4,-1,-1,-1,-1,-1,-1,-1,4,-1
SNxx21,vnc_sensory,vnc,ANm,542.2,783.1,-1,-1,11,-1,-1,-1,-1,-1,-1,-1,-1,-1
SNxx22,vnc_sensory,vnc,ANm,539.5,834.7,6,-1,27,-1,-1,-1,-1,-1,-1,-1,23,-1
SNxx23,vnc_sensory,vnc,ANm,529.1,805.8,-1,-1,5,-1,-1,-1,-1,-1,-1,-1,32,-1
SNxx24,vnc_sensory,vnc,WTct(UTct-T2)(R),586.9,865.2,-1,-1,-1,-1,-1,-1,44,-1,-1,-1,-1,-1
SNxx25,vnc_sensory,vnc,LegNp(T3)(R),545.1,833.1,65,-1,5,-1,-1,-1,28,-1,-1,-1,7,-1
SNxx26,vnc_sensory,vnc,WTct(UTct-T2)(L),606.2,798.7,-1,-1,19,-1,-1,-1,10,-1,-1,-1,27,-1
"SNxx27,SNxx29",sensory_ascending,vnc,GNG,473.4,316.6,60,-1,-1,-1,-1,-1,4,-1,-1,-1,4,-1
SNxx28,vnc_sensory,vnc,WTct(UTct-T2)(L),577.7,801.9,-1,-1,-1,-1,-1,-1,17,-1,-1,-1,-1,-1
SNxx29,vnc_sensory,vnc,LegNp(T3)(R),617.5,821.6,-1,-1,2,-1,-1,-1,21,-1,-1,-1,-1,-1
SNxx30,vnc_sensory,vnc,LegNp(T3)(L),488.5,813.9,-1,-1,44,-1,-1,-1,-1,-1,-1,-1,-1,-1
SNxx31,vnc_sensory,vnc,ANm,520.6,804.0,-1,-1,-1,-1,-1,-1,25,-1,-1,-1,-1,-1
SNxx32,vnc_sensory,vnc,ANm,557.5,824.2,39,-1,-1,-1,-1,-1,21,-1,-1,-1,42,-1
SNxx33,vnc_sensory,vnc,LegNp(T3)(R),604.2,883.4,-1,-1,2,-1,-1,-1,5,-1,-1,-1,27,-1
SNxxxx,vnc_sensory,vnc,LegNp(T1)(L),440.4,752.7,-1,-1,35,-1,-1,-1,4,-1,4,-1,26,-1
STTMm,vnc_motor,vnc,LegNp(T2)(L),646.2,870.1,1,-1,-1,-1,4,-1,-1,-1,1,-1,53,42
SpsP,cb_intrinsic,brain,PB,503.1,168.7,29,-1,-1,-1,37,-1,-1,-1,36,-1,-1,37
Sternal adductor MN,vnc_motor,vnc,LegNp(T3)(L),495.3,904.6,4,-1,-1,-1,-1,-1,-1,-1,5,-1,-1,42
Sternal anterior rotator MN,vnc_motor,vnc,LegNp(T3)(L),507.8,909.2,61,-1,-1,30,2,-1,-1,-1,1,-1,48,42
Sternal posterior rotator MN,vnc_motor,vnc,LegNp(T3)(L),653.4,834.4,-1,-1,-1,41,2,-1,-1,-1,1,-1,50,42
Sternotrochanter MN,vnc_motor,vnc,LegNp(T3)(R),653.2,806.6,-1,-1,-1,34,3,-1,-1,-1,1,-1,-1,35
T1,ol_intrinsic,brain,ME(R),851.1,417.5,56,-1,-1,13,1,-1,-1,68,39,-1,-1,-1
T2,ol_intrinsic,brain,ME(R),875.4,365.3,45,-1,1,-1,1,-1,65,-1,5,-1,-1,37
T2a,ol_intrinsic,brain,ME(R),127.5,347.5,-1,-1,1,-1,1,-1,63,-1,12,-1,-1,37
T3,ol_intrinsic,brain,ME(R),149.0,335.7,-1,-1,1,-1,1,-1,65,-1,15,-1,-1,37
T4_unclear,ol_intrinsic,brain,ME(L),839.3,502.1,-1,-1,-1,1,-1,1,-1,68,-1,-1,-1,37
T4a,ol_intrinsic,brain,ME(R),931.2,361.1,-1,-1,1,-1,1,-1,23,-1,13,-1,-1,37
T4b,ol_intrinsic,brain,ME(R),155.4,462.2,-1,-1,1,-1,1,-1,-1,68,-1,-1,-1,37
T4c,ol_intrinsic,brain,ME(R),142.5,379.0,-1,-1,1,-1,1,-1,-1,68,-1,-1,-1,37
T4d,ol_intrinsic,brain,ME(R),827.3,361.6,43,-1,1,-1,1,-1,-1,68,-1,-1,-1,37
T5a,ol_intrinsic,brain,LO(R),266.5,328.1,-1,-1,1,-1,1,-1,64,-1,13,-1,-1,37
T5a_unclear,ol_intrinsic,brain,LO(R),165.3,419.3,-1,-1,-1,35,-1,13,-1,68,-1,-1,-1,37
T5b,ol_intrinsic,brain,LO(R),230.2,287.1,64,-1,1,-1,1,-1,-1,68,23,-1,54,37
T5c,ol_intrinsic,brain,LO(R),856.0,311.6,-1,-1,1,-1,1,-1,-1,68,20,-1,-1,37
T5d,ol_intrinsic,brain,LO(R),282.0,276.7,-1,-1,1,-1,1,-1,-1,68,22,-1,-1,37
TN1a_a,vnc_intrinsic,vnc,LTct,436.9,730.9,-1,-1,66,-1,61,-1,-1,-1,-1,-1,-1,41
TN1a_b,vnc_intrinsic,vnc,LTct,559.0,746.0,53,-1,-1,-1,-1,-1,-1,-1,-1,-1,41,-1
TN1a_c,vnc_intrinsic,vnc,LTct,528.1,783.1,-1,-1,-1,-1,-1,-1,-1,-1,-1,-1,56,41
TN1a_d,vnc_intrinsic,vnc,LTct,450.2,709.7,42,-1,44,-1,-1,-1,-1,-1,-1,-1,28,-1
TN1a_e,vnc_intrinsic,vnc,LTct,504.4,769.6,-1,-1,-1,-1,38,-1,17,-1,-1,-1,-1,41
TN1a_f,vnc_intrinsic,vnc,LTct,572.1,801.9,-1,-1,40,-1,44,-1,-1,-1,-1,-1,-1,41
TN1a_g,vnc_intrinsic,vnc,LTct,494.3,745.0,43,-1,17,-1,-1,-1,-1,-1,-1,-1,27,-1
TN1a_h,vnc_intrinsic,vnc,LTct,542.1,732.7,-1,-1,-1,-1,65,-1,28,-1,40,-1,-1,41
TN1a_i,vnc_intrinsic,vnc,LTct,492.4,728.8,64,-1,-1,-1,-1,-1,-1,-1,-1,-1,61,41
TN1c_a,vnc_intrinsic,vnc,LTct,433.1,807.0,-1,-1,-1,-1,-1,-1,29,-1,-1,-1,24,-1
TN1c_b,vnc_intrinsic,vnc,LegNp(T1)(L),448.8,812.5,-1,-1,-1,-1,-1,-1,-1,-1,-1,-1,35,-1
TN1c_c,vnc_intrinsic,vnc,LegNp(T1)(L),615.9,747.5,-1,-1,-1,-1,-1,-1,-1,-1,-1,-1,36,-1
TN1c_d,vnc_intrinsic,vnc,LegNp(T1)(L),627.5,871.1,-1,-1,-1,-1,-1,-1,56,-1,-1,-1,55,-1
TPMN1,cb_sensory,brain,GNG,541.5,406.2,51,-1,3,-1,-1,-1,30,-1,-1,-1,33,-1
TPMN2,cb_sensory,brain,GNG,495.5,428.5,-1,-1,6,-1,-1,-1,-1,-1,-1,-1,10,-1
TRN_VP1m,cb_sensory,brain,AL(R),385.9,229.8,69,-1,10,-1,-1,-1,-1,-1,-1,-1,-1,-1
TRN_VP2,cb_sensory,brain,AL(R),379.0,263.5,1,-1,11,-1,-1,-1,-1,-1,-1,-1,-1,-1
TRN_VP3a,cb_sensory,brain,AL(L),406.0,189.3,-1,-1,3,-1,-1,-1,-1,-1,-1,-1,-1,-1
TRN_VP3b,cb_sensory,brain,AL(R),391.4,267.3,5,-1,-1,-1,-1,-1,-1,-1,-1,-1,-1,-1
TTMn,vnc_motor,vnc,LTct,476.0,880.3,51,-1,-1,-1,16,-1,-1,-1,1,-1,-1,43
Ta depressor MN,vnc_motor,vnc,LegNp(T1)(L),384.8,725.3,-1,-1,-1,-1,-1,-1,-1,-1,18,-1,51,43
Ta levator MN,vnc_motor,vnc,LegNp(T1)(L),394.2,754.1,61,-1,-1,-1,45,-1,-1,-1,6,-1,-1,42
Tergopleural/Pleural promotor MN,vnc_motor,vnc,LegNp(T1)(L),608.2,798.9,45,-1,-1,60,3,-1,-1,-1,1,-1,-1,43
Tergotr. MN,vnc_motor,vnc,LegNp(T1)(L),612.4,781.9,22,-1,-1,61,3,-1,-1,-1,1,-1,-1,43
Ti extensor MN,vnc_motor,vnc,LegNp(T2)(L),437.9,845.8,20,-1,-1,55,2,-1,-1,-1,1,-1,-1,43
Ti flexor MN,vnc_motor,vnc,LegNp(T2)(L),595.8,860.9,12,-1,-1,60,2,-1,-1,-1,1,-1,-1,43
Tlp11,ol_intrinsic,brain,LOP(R),195.3,336.5,-1,-1,8,-1,5,-1,68,-1,52,-1,-1,37
Tlp12,ol_intrinsic,brain,LOP(R),265.4,389.0,-1,-1,1,-1,1,-1,68,-1,39,-1,-1,37
Tlp13,ol_intrinsic,brain,LOP(R),761.4,357.3,56,-1,1,-1,1,-1,68,-1,34,-1,66,37
Tlp14,ol_intrinsic,brain,LOP(R),839.0,370.3,-1,-1,8,2,1,-1,-1,68,-1,-1,-1,37
Tm1,ol_intrinsic,brain,ME(R),890.3,200.3,-1,-1,1,-1,1,-1,67,-1,14,-1,-1,37
Tm12,ol_intrinsic,brain,ME(R),316.8,398.3,-1,-1,1,-1,1,-1,64,-1,30,-1,-1,37
Tm16,ol_intrinsic,brain,ME(R),861.2,405.6,32,-1,1,-1,1,-1,24,-1,29,-1,-1,37
Tm2,ol_intrinsic,brain,ME(R),778.0,334.9,7,-1,1,-1,1,-1,66,-1,8,-1,-1,37
Tm20,ol_intrinsic,brain,ME(R),905.4,355.5,41,-1,1,-1,1,-1,59,-1,15,-1,3,-1
Tm23,ol_intrinsic,brain,LO(R),785.9,319.3,1,-1,50,-1,-1,31,-1,68,64,-1,-1,37
Tm24,ol_intrinsic,brain,LO(R),791.5,371.4,20,-1,1,-1,1,-1,65,-1,42,-1,-1,37
Tm26,ol_intrinsic,brain,ME(R),845.7,368.4,-1,-1,11,-1,-1,7,65,-1,-1,-1,-1,37
Tm29,ol_intrinsic,brain,ME(R),235.2,335.3,-1,-1,1,-1,1,-1,63,-1,20,-1,-1,37
Tm3,ol_intrinsic,brain,ME(R),183.4,496.9,-1,-1,1,-1,1,-1,62,-1,13,-1,18,-1
Tm30,ol_intrinsic,brain,LO(R),782.3,303.1,7,-1,11,-1,2,-1,23,-1,-1,-1,-1,37
Tm31,ol_intrinsic,brain,LO(L),795.4,326.9,20,-1,2,-1,2,-1,18,-1,38,-1,-1,37
Tm32,ol_intrinsic,brain,ME(R),865.1,322.0,40,-1,4,-1,1,-1,67,-1,-1,-1,-1,37
Tm33,ol_intrinsic,brain,LO(R),754.3,330.0,-1,-1,2,-1,7,-1,65,-1,-1,-1,64,37
Tm34,ol_intrinsic,brain,ME(R),231.9,304.1,-1,-1,3,-1,3,-1,64,-1,61,-1,-1,37
Tm35,ol_intrinsic,brain,LO(L),893.1,423.4,-1,-1,37,-1,10,-1,63,-1,44,-1,-1,37
Tm36,ol_intrinsic,brain,ME(R),206.3,432.2,42,-1,5,-1,21,-1,64,-1,-1,-1,27,-1
Tm37,ol_intrinsic,brain,ME(R),798.6,225.9,40,-1,1,-1,1,-1,21,-1,23,-1,44,37
Tm38,ol_intrinsic,brain,ME(R),782.6,432.2,46,-1,1,-1,2,-1,24,-1,26,-1,-1,37
Tm39,ol_intrinsic,brain,ME(R),757.8,261.9,45,-1,1,-1,2,-1,61,-1,29,-1,27,-1
Tm3_unclear,ol_intrinsic,brain,ME(L),950.4,270.0,30,-1,-1,41,-1,27,-1,-1,-1,-1,-1,37
Tm4,ol_intrinsic,brain,ME(R),809.6,440.3,-1,-1,1,-1,1,-1,62,-1,14,-1,-1,37
Tm40,ol_intrinsic,brain,ME(L),179.7,425.8,-1,-1,4,-1,6,-1,64,-1,-1,-1,-1,37
Tm5Y,ol_intrinsic,brain,LO(R),795.5,234.4,50,-1,1,-1,1,-1,62,-1,15,-1,63,37
Tm5a,ol_intrinsic,brain,ME(R),784.8,278.6,67,-1,1,-1,2,-1,62,-1,24,-1,24,-1
Tm5b,ol_intrinsic,brain,ME(R),778.8,360.2,-1,-1,1,-1,2,-1,63,-1,25,-1,23,-1
Tm5c,ol_intrinsic,brain,ME(R),775.2,297.9,47,-1,1,-1,1,-1,2,-1,29,-1,23,-1
Tm6,ol_intrinsic,brain,ME(R),167.8,436.9,57,-1,1,-1,1,-1,64,-1,14,-1,-1,37
Tm9,ol_intrinsic,brain,ME(R),763.3,336.6,-1,-1,1,-1,1,-1,69,68,-1,-1,-1,37
TmY10,ol_intrinsic,brain,ME(R),58.6,401.3,-1,-1,1,-1,1,-1,49,-1,28,-1,-1,37
TmY13,ol_intrinsic,brain,ME(R),797.6,342.0,60,-1,1,-1,1,-1,66,-1,-1,-1,-1,37
TmY14,visual_projection,brain,ME(R),216.6,252.8,18,-1,1,-1,1,-1,66,-1,1,-1,-1,37
TmY15,ol_intrinsic,brain,ME(R),165.4,373.4,-1,-1,1,-1,1,-1,64,-1,14,-1,-1,37
TmY16,ol_intrinsic,brain,ME(R),281.5,349.9,-1,-1,1,-1,1,-1,68,-1,7,-1,-1,37
TmY17,ol_intrinsic,brain,LO(R),849.3,239.2,-1,-1,1,-1,1,-1,6,-1,2,-1,52,37
TmY18,ol_intrinsic,brain,ME(R),822.0,281.1,-1,-1,1,-1,1,-1,63,-1,41,-1,-1,37
TmY19a,ol_intrinsic,brain,LO(R),235.1,358.0,-1,-1,1,-1,1,-1,5,-1,15,-1,34,-1
TmY19b,ol_intrinsic,brain,LO(R),858.4,345.9,-1,-1,-1,13,1,-1,19,-1,34,-1,-1,37
TmY20,ol_intrinsic,brain,LOP(R),273.5,406.2,-1,-1,1,-1,1,-1,6,-1,6,-1,-1,37
TmY21,ol_intrinsic,brain,LO(R),300.8,435.3,-1,-1,1,-1,1,-1,62,-1,39,-1,-1,37
TmY3,ol_intrinsic,brain,ME(R),234.0,394.4,-1,-1,1,-1,1,-1,63,-1,15,-1,52,37
TmY4,ol_intrinsic,brain,LOP(R),253.1,389.4,27,-1,1,-1,1,-1,63,-1,27,-1,-1,37
TmY5a,ol_intrinsic,brain,ME(R),757.6,408.4,-1,-1,1,-1,1,-1,22,-1,4,-1,-1,37
TmY9a,ol_intrinsic,brain,LO(R),293.3,431.0,66,-1,1,-1,1,-1,63,-1,-1,-1,-1,37
TmY9b,ol_intrinsic,brain,ME(R),907.6,339.4,47,-1,1,-1,1,-1,63,-1,53,-1,-1,37
TmY_unclear,ol_intrinsic,brain,ME(L),210.7,483.9,21,-1,-1,6,-1,49,-1,68,-1,-1,-1,37
Tm_unclear,ol_intrinsic,brain,ME(L),292.6,391.2,61,-1,-1,-1,-1,-1,-1,-1,-1,-1,-1,37
Tr extensor MN,vnc_motor,vnc,LegNp(T1)(L),598.3,774.2,40,-1,-1,-1,9,-1,-1,-1,2,-1,-1,42
Tr flexor MN,vnc_motor,vnc,LegNp(T2)(L),652.7,808.9,-1,-1,-1,35,2,-1,58,-1,1,-1,-1,42
TuBu01,cb_intrinsic,brain,AOTU(L),691.6,118.4,-1,-1,-1,32,54,28,-1,-1,-1,-1,-1,37
TuBu02,cb_intrinsic,brain,AOTU(R),321.3,133.8,25,-1,47,-1,23,-1,-1,-1,-1,-1,-1,37
TuBu03,cb_intrinsic,brain,AOTU(L),323.9,116.5,-1,-1,-1,43,25,-1,-1,-1,-1,-1,-1,37
TuBu04,cb_intrinsic,brain,AOTU(L),320.1,111.3,-1,-1,48,-1,-1,-1,-1,-1,-1,-1,-1,37
TuBu05,cb_intrinsic,brain,AOTU(L),705.4,100.4,-1,-1,-1,-1,9,-1,-1,-1,-1,-1,-1,37
TuBu06,cb_intrinsic,brain,AOTU(R),318.8,127.4,48,-1,-1,32,41,-1,-1,-1,40,-1,-1,37
TuBu07,cb_intrinsic,brain,AOTU(R),335.3,141.3,-1,-1,53,14,44,-1,-1,-1,-1,-1,45,37
TuBu08,cb_intrinsic,brain,AOTU(R),286.5,131.4,23,-1,46,5,-1,12,-1,69,-1,21,-1,37
TuBu09,cb_intrinsic,brain,AOTU(R),720.9,124.1,-1,-1,-1,33,55,12,-1,-1,-1,-1,-1,37
TuBu10,cb_intrinsic,brain,AOTU(L),319.3,119.3,63,-1,-1,33,-1,12,-1,-1,-1,-1,53,37
TuTuA_1,cb_intrinsic,brain,AOTU(R),330.0,104.9,-1,-1,-1,42,29,-1,-1,-1,-1,-1,-1,37
TuTuA_2,cb_intrinsic,brain,AOTU(R),402.3,77.3,-1,-1,38,30,-1,40,-1,-1,-1,-1,-1,37
TuTuB_a,cb_intrinsic,brain,AOTU(R),328.9,134.1,-1,-1,18,5,-1,12,-1,-1,-1,-1,-1,37
TuTuB_b,cb_intrinsic,brain,AOTU(L),324.7,128.3,6,-1,37,32,-1,28,20,-1,41,-1,-1,37
V1,visual_centrifugal,brain,IPS(L),232.4,451.6,-1,-1,31,-1,19,-1,23,-1,45,-1,49,37
VA1d_adPN,cb_intrinsic,brain,AL(R),636.9,121.2,39,-1,4,-1,4,-1,-1,-1,-1,-1,12,-1
VA1d_vPN,cb_intrinsic,brain,AL(R),424.6,195.9,-1,-1,-1,49,42,-1,-1,-1,-1,-1,16,-1
VA1v_adPN,cb_intrinsic,brain,AL(R),586.9,229.3,32,-1,5,-1,4,-1,31,-1,-1,-1,8,-1
VA1v_vPN,cb_intrinsic,brain,AL(R),451.6,265.2,-1,-1,27,-1,13,-1,55,-1,-1,-1,5,-1
VA2_adPN,cb_intrinsic,brain,AL(R),415.3,140.3,14,-1,5,-1,4,-1,30,-1,-1,-1,15,-1
VA3_adPN,cb_intrinsic,brain,AL(R),608.9,127.5,21,-1,10,-1,10,-1,-1,-1,-1,-1,17,-1
VA4_lPN,cb_intrinsic,brain,AL(R),441.2,272.8,68,-1,22,-1,11,-1,30,-1,-1,-1,23,-1
VA5_lPN,cb_intrinsic,brain,AL(R),428.7,292.0,-1,-1,8,-1,12,-1,-1,-1,-1,-1,4,-1
VA6_adPN,cb_intrinsic,brain,AL(R),471.5,249.1,-1,-1,11,-1,6,-1,-1,-1,-1,-1,13,-1
VA7l_adPN,cb_intrinsic,brain,AL(R),595.7,259.2,-1,-1,21,-1,14,-1,-1,-1,-1,-1,11,-1
VA7m_lPN,cb_intrinsic,brain,AL(R),596.8,269.6,8,-1,22,-1,20,-1,28,-1,-1,-1,5,-1
VC1_lPN,cb_intrinsic,brain,AL(R),637.0,178.5,8,-1,11,-1,8,-1,30,-1,-1,-1,16,-1
VC2_lPN,cb_intrinsic,brain,AL(R),600.6,266.6,-1,-1,26,-1,11,-1,-1,-1,-1,-1,11,-1
VC3_adPN,cb_intrinsic,brain,AL(L),446.3,210.3,50,-1,21,-1,5,-1,31,-1,-1,-1,10,-1
VC4_adPN,cb_intrinsic,brain,AL(L),450.9,281.8,-1,-1,13,-1,7,-1,-1,-1,-1,-1,9,-1
VC5_lvPN,cb_intrinsic,brain,AL(L),271.2,102.8,-1,-1,10,-1,6,-1,-1,-1,-1,-1,8,-1
VCH,visual_centrifugal,brain,LOP(R),258.4,417.9,-1,-1,-1,35,33,-1,23,-1,-1,-1,-1,37
VES001,cb_intrinsic,brain,VES(L),436.8,304.0,-1,-1,13,-1,22,-1,4,-1,36,-1,32,-1
VES002,cb_intrinsic,brain,SAD,477.4,317.6,-1,-1,9,-1,12,-1,32,-1,38,-1,-1,37
VES003,cb_intrinsic,brain,VES(L),557.3,255.5,-1,-1,36,-1,29,-1,9,-1,-1,-1,-1,37
VES004,cb_intrinsic,brain,GNG,540.0,335.9,5,-1,27,-1,59,-1,19,-1,-1,-1,-1,37
VES005,cb_intrinsic,brain,VES(L),463.1,294.7,45,-1,21,-1,7,-1,6,-1,2,-1,50,37
VES007,cb_intrinsic,brain,VES(L),449.5,289.4,18,-1,18,-1,30,-1,13,-1,6,-1,-1,37
VES010,cb_intrinsic,brain,VES(L),452.7,268.1,-1,-1,-1,-1,48,-1,8,-1,30,-1,-1,37
VES011,cb_intrinsic,brain,VES(L),456.7,294.3,-1,-1,69,-1,28,-1,-1,-1,12,-1,-1,37
VES012,cb_intrinsic,brain,VES(R),601.1,183.2,31,-1,39,-1,11,-1,34,-1,28,-1,-1,37
VES013,cb_intrinsic,brain,VES(R),545.6,286.3,-1,-1,-1,-1,15,-1,37,-1,29,-1,-1,37
VES014,cb_intrinsic,brain,VES(L),710.3,306.8,20,-1,18,-1,24,-1,4,-1,44,-1,48,37
VES016,cb_intrinsic,brain,VES(R),483.8,269.6,-1,-1,42,-1,17,-1,-1,-1,17,-1,53,37
VES017,cb_intrinsic,brain,VES(L),676.3,181.1,39,-1,60,-1,66,-1,29,-1,30,-1,-1,37
VES018,cb_intrinsic,brain,VES(R),459.3,293.5,59,-1,46,-1,11,-1,-1,-1,1,-1,-1,37
VES019,cb_intrinsic,brain,VES(L),570.8,314.5,56,-1,53,-1,21,-1,43,-1,5,-1,44,37
VES020,cb_intrinsic,brain,VES(L),520.7,231.5,-1,-1,24,-1,17,-1,19,-1,43,-1,-1,37
VES021,cb_intrinsic,brain,VES(L),431.2,325.7,3,-1,32,-1,57,-1,13,-1,22,-1,-1,37
VES022,cb_intrinsic,brain,PVLP(L),409.7,44.3,-1,-1,11,-1,4,-1,27,-1,6,-1,-1,37
VES023,cb_intrinsic,brain,SAD,709.4,256.6,1,-1,45,-1,-1,-1,21,-1,-1,-1,-1,37
VES024_a,cb_intrinsic,brain,VES(R),451.6,316.4,-1,-1,-1,-1,-1,-1,-1,-1,33,-1,-1,37
VES024_b,cb_intrinsic,brain,VES(R),597.2,292.4,-1,-1,-1,-1,-1,-1,25,-1,-1,-1,-1,37
VES025,cb_intrinsic,brain,GNG,447.5,279.5,-1,-1,21,-1,33,-1,3,-1,67,-1,6,-1
VES027,cb_intrinsic,brain,VES(L),457.9,279.8,-1,-1,-1,-1,40,-1,35,-1,-1,-1,65,37
VES030,cb_intrinsic,brain,VES(L),470.3,293.7,34,-1,33,-1,35,-1,10,-1,37,-1,-1,37
VES031,cb_intrinsic,brain,VES(L),420.9,336.1,-1,-1,13,-1,8,-1,7,-1,30,-1,56,37
VES032,cb_intrinsic,brain,VES(L),598.8,282.0,-1,-1,-1,-1,-1,-1,39,-1,25,-1,-1,37
VES033,cb_intrinsic,brain,VES(R),414.5,233.0,17,-1,25,-1,49,-1,30,-1,-1,-1,-1,37
VES034_b,cb_intrinsic,brain,VES(L),717.7,63.1,-1,-1,18,-1,15,-1,-1,69,45,-1,-1,37
VES037,cb_intrinsic,brain,GNG,401.9,211.7,44,-1,55,-1,59,-1,13,-1,-1,-1,-1,37
VES039,cb_intrinsic,brain,VES(L),609.8,291.7,62,-1,-1,-1,-1,-1,28,-1,-1,-1,-1,37
VES040,cb_intrinsic,brain,CRE(L),555.6,133.5,-1,-1,65,-1,50,-1,21,-1,16,-1,-1,37
VES041,cb_intrinsic,brain,VES(L),463.5,249.8,-1,-1,4,-1,8,-1,6,-1,4,-1,-1,37
VES043,cb_intrinsic,brain,GNG,464.9,241.5,-1,-1,18,-1,-1,-1,8,-1,-1,-1,-1,37
VES045,cb_intrinsic,brain,VES(R),446.0,258.3,62,-1,24,-1,16,-1,23,-1,3,-1,12,-1
VES046,cb_intrinsic,brain,GNG,575.6,65.6,-1,-1,-1,-1,-1,-1,-1,-1,13,-1,-1,37
VES047,cb_intrinsic,brain,VES(L),452.9,146.6,6,-1,21,-1,26,-1,6,-1,22,-1,69,37
VES048,cb_intrinsic,brain,GNG,603.5,306.5,35,-1,-1,-1,17,-1,-1,-1,18,-1,-1,37
VES049,cb_intrinsic,brain,VES(R),579.7,315.4,62,-1,27,-1,10,-1,12,-1,14,-1,61,37
VES050,cb_intrinsic,brain,VES(L),471.4,278.8,41,-1,38,-1,-1,-1,-1,-1,49,-1,-1,37
VES051,cb_intrinsic,brain,VES(L),434.9,289.7,-1,-1,-1,-1,69,-1,21,-1,15,-1,54,37
VES052,cb_intrinsic,brain,VES(L),451.3,245.8,55,-1,-1,-1,-1,-1,-1,-1,-1,-1,-1,37
VES053,cb_intrinsic,brain,GNG,571.6,297.4,-1,-1,24,-1,10,-1,9,-1,3,-1,-1,37
VES054,cb_intrinsic,brain,LAL(L),424.2,213.2,-1,-1,41,-1,28,-1,8,-1,50,-1,-1,37
VES056,cb_intrinsic,brain,VES(L),621.3,222.8,-1,-1,22,-1,36,-1,5,-1,62,-1,-1,37
VES057,cb_intrinsic,brain,LAL(L),405.0,242.4,26,-1,-1,-1,-1,-1,50,-1,31,-1,-1,37
VES058,cb_intrinsic,brain,IB,597.7,254.5,-1,-1,20,-1,23,-1,32,-1,7,-1,10,-1
VES059,cb_intrinsic,brain,VES(R),437.5,136.7,-1,-1,-1,-1,18,-1,50,-1,36,-1,63,37
VES063,cb_intrinsic,brain,VES(L),503.2,230.3,35,-1,5,-1,17,-1,1,-1,26,-1,55,37
VES064,cb_intrinsic,brain,VES(L),571.3,268.8,-1,-1,8,-1,9,-1,6,-1,8,-1,-1,37
VES065,cb_intrinsic,brain,VES(R),526.1,221.9,-1,-1,61,-1,-1,-1,-1,-1,19,-1,-1,37
VES067,cb_intrinsic,brain,VES(R),622.4,387.0,52,-1,-1,-1,-1,-1,-1,-1,15,-1,-1,37
VES070,cb_intrinsic,brain,VES(R),525.3,228.3,2,-1,-1,-1,-1,-1,37,-1,-1,-1,-1,37
VES071,cb_intrinsic,brain,VES(R),345.1,206.7,-1,-1,-1,-1,47,-1,-1,-1,13,-1,-1,37
VES072,cb_intrinsic,brain,VES(L),501.1,452.0,21,-1,-1,-1,21,-1,-1,-1,12,-1,-1,37
VES073,cb_intrinsic,brain,VES(L),459.1,233.4,17,-1,-1,-1,48,-1,-1,-1,23,-1,-1,37
VES074,cb_intrinsic,brain,VES(R),480.0,282.5,-1,-1,36,-1,23,-1,7,-1,13,-1,-1,37
VES075,cb_intrinsic,brain,VES(L),587.0,270.5,-1,-1,28,-1,15,-1,27,-1,14,-1,52,37
VES076,cb_intrinsic,brain,VES(L),531.2,406.6,17,-1,-1,-1,-1,-1,-1,-1,18,-1,-1,37
VES077,cb_intrinsic,brain,VES(L),624.9,243.7,-1,-1,-1,-1,-1,-1,-1,-1,16,-1,-1,37
VES078,cb_intrinsic,brain,IB,439.9,317.1,-1,-1,-1,-1,-1,-1,38,-1,-1,-1,-1,37
VES079,cb_intrinsic,brain,VES(L),413.2,298.8,24,-1,19,-1,38,-1,64,-1,69,-1,-1,37
VES085_a,cb_intrinsic,brain,VES(L),469.2,454.3,68,-1,27,-1,13,-1,64,-1,22,-1,-1,37
VES085_b,cb_intrinsic,brain,VES(L),459.0,247.9,-1,-1,11,-1,14,-1,29,-1,26,-1,-1,37
VES087,cb_intrinsic,brain,GNG,449.4,191.7,8,-1,38,-1,7,-1,9,-1,3,-1,-1,37
VES088,cb_intrinsic,brain,GNG,590.0,324.5,11,-1,5,-1,5,-1,4,-1,2,-1,14,-1
VES089,cb_intrinsic,brain,GNG,553.2,345.9,-1,-1,-1,-1,8,-1,25,-1,4,-1,-1,37
VES090,cb_intrinsic,brain,VES(R),433.5,313.1,36,-1,23,-1,-1,-1,12,-1,-1,-1,-1,37
VES091,cb_intrinsic,brain,VES(L),572.5,239.9,-1,-1,22,-1,-1,-1,5,-1,-1,-1,56,37
VES092,cb_intrinsic,brain,VES(L),537.7,320.3,41,-1,12,-1,8,-1,5,-1,5,-1,-1,37
VES093_a,cb_intrinsic,brain,VES(R),514.9,369.5,-1,-1,-1,-1,-1,-1,-1,-1,36,-1,66,37
VES093_b,cb_intrinsic,brain,GNG,529.5,353.8,49,-1,-1,-1,-1,-1,-1,-1,36,-1,-1,37
VES093_c,cb_intrinsic,brain,GNG,431.3,306.4,16,-1,-1,-1,-1,-1,-1,-1,-1,-1,51,37
VES094,cb_intrinsic,brain,VES(R),461.5,318.4,24,-1,-1,-1,59,-1,19,-1,17,-1,-1,37
VES095,cb_intrinsic,brain,VES(R),494.7,350.4,-1,-1,-1,-1,28,-1,23,-1,20,-1,19,-1
VES096,cb_intrinsic,brain,VES(L),441.6,313.8,-1,-1,-1,-1,67,-1,-1,-1,14,-1,-1,37
VES097,cb_intrinsic,brain,VES(L),561.1,300.6,-1,-1,-1,-1,12,-1,25,-1,3,-1,-1,37
VES098,cb_intrinsic,brain,VES(L),579.8,253.6,-1,-1,-1,-1,-1,-1,40,-1,18,-1,-1,37
VES099,cb_intrinsic,brain,VES(L),432.0,254.0,-1,-1,-1,-1,-1,-1,43,-1,53,-1,45,37
VES100,cb_intrinsic,brain,VES(L),577.3,266.2,-1,-1,-1,-1,-1,-1,-1,-1,19,-1,-1,37
VES101,cb_intrinsic,brain,VES(R),466.4,214.9,-1,-1,-1,-1,-1,-1,69,-1,27,-1,-1,37
VES102,cb_intrinsic,brain,IB,444.1,301.6,8,-1,-1,-1,-1,-1,-1,-1,44,-1,-1,37
VES103,cb_intrinsic,brain,VES(L),586.1,275.3,23,-1,-1,-1,37,-1,13,-1,-1,-1,-1,37
VES104,cb_intrinsic,brain,GNG,484.5,402.3,-1,-1,34,-1,13,-1,-1,-1,13,-1,-1,37
VES105,cb_intrinsic,brain,VES(R),462.1,311.0,-1,-1,-1,-1,-1,-1,8,-1,-1,-1,20,-1
VES106,cb_intrinsic,brain,VES(R),394.5,247.1,-1,-1,-1,-1,-1,-1,-1,25,64,-1,-1,37
VES107,cb_intrinsic,brain,GNG,555.7,447.2,-1,-1,56,-1,28,-1,22,-1,30,-1,45,37
VES108,cb_intrinsic,brain,IB,490.5,353.7,-1,-1,-1,-1,-1,-1,-1,-1,-1,-1,4,-1
VES109,cb_intrinsic,brain,VES(L),570.9,303.0,34,-1,-1,-1,-1,-1,23,-1,7,-1,19,-1
VES200m,cb_intrinsic,brain,VES(R),650.2,106.8,-1,-1,8,-1,5,-1,-1,-1,17,-1,-1,37
VES202m,cb_intrinsic,brain,SIP(L),626.3,228.9,-1,-1,29,-1,9,-1,37,-1,9,-1,-1,37
VES203m,cb_intrinsic,brain,VES(R),427.9,156.2,19,-1,32,-1,25,-1,-1,-1,64,-1,-1,37
VES204m,cb_intrinsic,brain,VES(R),451.2,286.1,-1,-1,42,-1,58,-1,64,-1,18,-1,-1,37
VES205m,cb_intrinsic,brain,SAD,427.3,201.9,-1,-1,68,-1,-1,-1,-1,-1,10,-1,32,-1
VES206m,cb_intrinsic,brain,SIP(L),444.3,320.0,-1,-1,42,-1,-1,-1,-1,-1,21,-1,-1,37
VL1_ilPN,cb_intrinsic,brain,AL(R),424.3,254.8,25,-1,13,-1,9,-1,7,-1,-1,-1,10,-1
VL1_vPN,cb_intrinsic,brain,LH(L),401.1,254.1,-1,-1,22,-1,61,-1,47,-1,-1,-1,9,-1
VL2a_adPN,cb_intrinsic,brain,AL(R),640.5,190.0,61,-1,7,-1,5,-1,29,-1,-1,-1,23,-1
VL2a_vPN,cb_intrinsic,brain,AL(R),557.9,232.3,-1,-1,44,8,21,-1,-1,-1,-1,-1,9,-1
VL2p_adPN,cb_intrinsic,brain,AL(R),769.9,110.9,-1,-1,4,-1,5,-1,27,-1,-1,-1,6,-1
VL2p_vPN,cb_intrinsic,brain,AL(R),407.8,256.2,3,-1,-1,-1,40,-1,-1,-1,-1,-1,11,-1
VLP_TBD1,cb_intrinsic,brain,PLP(R),400.3,188.5,26,-1,-1,-1,-1,-1,-1,-1,-1,-1,-1,37
VM1_lPN,cb_intrinsic,brain,AL(R),593.9,221.0,-1,-1,30,-1,17,-1,-1,-1,-1,-1,4,-1
VM2_adPN,cb_intrinsic,brain,AL(L),753.6,81.0,-1,-1,26,14,14,-1,-1,-1,-1,-1,20,-1
VM3_adPN,cb_intrinsic,brain,AL(L),308.9,154.2,-1,-1,8,-1,8,-1,-1,-1,-1,-1,16,-1
VM4_adPN,cb_intrinsic,brain,AL(R),592.0,191.4,-1,-1,36,-1,24,-1,-1,-1,-1,-1,12,-1
VM4_lvPN,cb_intrinsic,brain,AL(R),377.9,251.3,-1,-1,28,8,18,-1,-1,-1,-1,-1,9,-1
VM5d_adPN,cb_intrinsic,brain,AL(L),406.5,268.9,11,-1,12,-1,3,-1,-1,-1,-1,-1,12,-1
VM5v_adPN,cb_intrinsic,brain,AL(R),436.9,268.7,45,-1,26,-1,5,-1,-1,-1,-1,-1,9,-1
VM6_adPN,cb_intrinsic,brain,AL(R),277.1,152.7,-1,-1,12,-1,8,-1,-1,-1,-1,-1,3,-1
VM6_lvPN,cb_intrinsic,brain,AL(R),417.2,221.6,64,-1,-1,-1,57,-1,-1,-1,-1,-1,5,-1
VM7d_adPN,cb_intrinsic,brain,AL(R),590.1,217.7,-1,-1,9,-1,4,-1,-1,-1,-1,-1,11,-1
VM7v_adPN,cb_intrinsic,brain,AL(L),299.5,137.0,-1,-1,36,-1,10,-1,-1,-1,-1,-1,11,-1
VP1d+VP4_l2PN1,cb_intrinsic,brain,AL(L),605.7,190.7,22,-1,19,-1,11,-1,18,-1,62,-1,7,-1
VP1d+VP4_l2PN2,cb_intrinsic,brain,AL(R),777.3,214.1,56,-1,9,-1,43,-1,-1,-1,-1,-1,4,-1
VP1d_il2PN,cb_intrinsic,brain,AL(L),614.0,250.7,-1,-1,43,-1,30,-1,-1,-1,-1,-1,7,-1
VP1l+VP3_ilPN,cb_intrinsic,brain,AL(R),476.3,257.7,16,-1,34,-1,27,-1,-1,-1,-1,-1,2,-1
VP1l+_lvPN,cb_intrinsic,brain,AL(R),700.7,122.5,-1,-1,28,-1,44,-1,-1,-1,-1,-1,6,-1
VP1m+VP2_lvPN1,cb_intrinsic,brain,AL(R),599.0,280.8,-1,-1,-1,-1,-1,-1,29,-1,-1,-1,8,-1
VP1m+VP2_lvPN2,cb_intrinsic,brain,AL(R),602.4,220.3,-1,-1,22,-1,28,-1,8,-1,-1,-1,6,-1
VP1m+VP5_ilPN,cb_intrinsic,brain,AL(R),420.4,136.2,-1,-1,35,-1,25,-1,-1,-1,-1,-1,6,-1
VP1m+_lvPN,cb_intrinsic,brain,AL(R),478.1,244.0,-1,-1,30,-1,59,-1,-1,-1,-1,-1,12,-1
VP1m_l2PN,cb_intrinsic,brain,AL(R),648.0,201.4,24,-1,12,-1,20,-1,65,-1,-1,-1,9,-1
VP2+VC5_l2PN,cb_intrinsic,brain,AL(L),626.8,250.4,22,-1,54,-1,33,-1,52,-1,-1,-1,3,-1
VP2+Z_lvPN,cb_intrinsic,brain,GNG,429.4,251.8,34,-1,69,-1,36,-1,21,-1,-1,-1,1,-1
VP2+_adPN,cb_intrinsic,brain,AL(R),647.1,75.3,40,-1,46,-1,57,-1,-1,-1,69,-1,7,-1
VP2_adPN,cb_intrinsic,brain,AL(L),555.4,221.7,25,-1,39,-1,43,-1,69,-1,-1,-1,7,-1
VP2_l2PN,cb_intrinsic,brain,AL(R),683.3,244.9,69,-1,24,-1,43,-1,-1,-1,-1,-1,6,-1
VP3+VP1l_ivPN,cb_intrinsic,brain,AL(R),446.6,240.4,31,-1,21,-1,32,-1,-1,-1,-1,-1,1,-1
VP3+_l2PN,cb_intrinsic,brain,AL(R),410.8,256.7,-1,-1,7,-1,5,-1,54,-1,-1,-1,3,-1
VP3+_vPN,cb_intrinsic,brain,AL(R),643.5,128.4,-1,-1,67,-1,-1,-1,-1,-1,-1,-1,5,-1
VP4+VL1_l2PN,cb_intrinsic,brain,AL(R),342.6,331.0,45,-1,31,-1,16,-1,50,-1,-1,-1,1,-1
VP4+_vPN,cb_intrinsic,brain,AL(L),589.5,192.9,65,-1,52,-1,47,-1,-1,-1,-1,-1,4,-1
VP4_vPN,cb_intrinsic,brain,AL(L),397.3,160.9,-1,-1,31,-1,33,-1,-1,-1,-1,-1,7,-1
VP5+VP3_l2PN,cb_intrinsic,brain,AL(R),582.4,203.5,38,-1,-1,-1,20,-1,51,-1,-1,-1,4,-1
VP5+Z_adPN,cb_intrinsic,brain,GNG,653.5,44.4,-1,-1,16,-1,27,-1,4,-1,-1,-1,2,-1
VS,visual_projection,brain,LOP(R),787.4,373.2,17,-1,14,2,1,-1,-1,68,-1,-1,-1,37
VST1,visual_projection,brain,LOP(R),445.4,352.7,7,-1,-1,-1,-1,44,23,-1,-1,-1,50,37
VST2,visual_projection,brain,LOP(R),285.9,420.4,-1,-1,26,-1,67,44,21,-1,41,-1,-1,37
VSm,visual_projection,brain,LOP(R),838.6,343.6,-1,-1,8,-1,53,37,23,-1,45,-1,-1,37
V_ilPN,cb_intrinsic,brain,AL(R),422.1,211.2,4,-1,7,-1,9,-1,-1,-1,-1,-1,6,-1
V_l2PN,cb_intrinsic,brain,LH(L),274.1,144.9,-1,-1,23,-1,38,-1,52,-1,-1,-1,10,-1
WED001,cb_intrinsic,brain,AVLP(R),735.6,255.8,-1,-1,9,-1,13,-1,-1,-1,34,-1,31,-1
WED002,cb_intrinsic,brain,WED(R),653.1,348.5,13,-1,11,-1,48,-1,22,-1,56,-1,-1,37
WED004,cb_intrinsic,brain,WED(R),399.5,374.9,-1,-1,48,-1,52,-1,-1,-1,-1,-1,32,-1
WED006,cb_intrinsic,brain,WED(R),415.5,341.4,-1,-1,15,-1,23,-1,16,-1,43,-1,44,37
WED007,cb_intrinsic,brain,PLP(R),571.2,240.8,-1,-1,24,-1,8,-1,-1,68,62,-1,-1,37
WED008,cb_intrinsic,brain,WED(L),573.5,243.6,-1,-1,-1,-1,-1,-1,-1,-1,-1,-1,54,37
WED009,cb_intrinsic,brain,PLP(R),342.4,200.0,-1,-1,42,-1,31,-1,35,-1,25,-1,-1,37
WED010,cb_intrinsic,brain,WED(L),425.8,283.0,-1,-1,44,-1,34,-1,36,-1,47,-1,-1,37
WED011,cb_intrinsic,brain,LAL(L),585.0,213.8,45,-1,67,-1,-1,-1,30,-1,25,-1,-1,37
WED012,cb_intrinsic,brain,WED(R),365.1,330.3,8,-1,61,-1,-1,-1,-1,-1,-1,-1,-1,37
WED013,cb_intrinsic,brain,WED(L),641.8,306.7,-1,-1,-1,-1,-1,-1,-1,-1,-1,-1,-1,37
WED014,cb_intrinsic,brain,WED(R),330.9,267.8,25,-1,-1,65,-1,69,-1,-1,-1,-1,-1,37
WED015,cb_intrinsic,brain,AVLP(L),645.1,298.6,8,-1,-1,-1,33,-1,36,-1,58,-1,-1,37
WED016,cb_intrinsic,brain,WED(R),673.5,228.8,21,-1,-1,-1,61,-1,-1,-1,-1,-1,31,-1
WED017,cb_intrinsic,brain,WED(L),631.7,343.5,29,-1,45,-1,-1,-1,19,-1,47,-1,-1,37
WED018,cb_intrinsic,brain,WED(R),602.2,208.4,23,-1,-1,-1,-1,-1,35,-1,-1,-1,-1,37
WED020_a,cb_intrinsic,brain,WED(R),600.9,196.4,-1,-1,-1,-1,-1,-1,36,-1,48,-1,55,37
WED020_b,cb_intrinsic,brain,WED(R),382.9,328.0,13,-1,-1,-1,-1,-1,-1,-1,64,-1,-1,37
WED022,cb_intrinsic,brain,PLP(R),386.8,262.0,44,-1,-1,-1,65,-1,36,-1,-1,-1,-1,37
WED023,cb_intrinsic,brain,WED(R),585.1,215.7,-1,-1,40,-1,30,-1,21,-1,56,-1,-1,37
WED024,cb_intrinsic,brain,WED(L),681.5,223.1,44,-1,-1,-1,59,-1,34,-1,50,-1,62,37
WED025,cb_intrinsic,brain,WED(L),689.6,200.2,-1,-1,54,-1,38,-1,-1,-1,61,-1,30,-1
WED026,cb_intrinsic,brain,WED(L),370.7,247.3,23,-1,29,-1,55,-1,28,-1,51,-1,33,-1
WED028,cb_intrinsic,brain,WED(L),661.0,349.6,-1,-1,48,-1,38,-1,-1,-1,38,-1,-1,37
WED029,cb_intrinsic,brain,WED(R),305.9,255.9,16,-1,-1,-1,-1,-1,-1,-1,-1,-1,-1,37
WED030_a,cb_intrinsic,brain,WED(R),650.8,344.6,-1,-1,37,-1,-1,-1,33,-1,-1,-1,34,-1
WED030_b,cb_intrinsic,brain,WED(L),424.1,343.0,-1,-1,43,-1,-1,-1,52,-1,-1,-1,69,37
WED031,cb_intrinsic,brain,WED(R),645.1,302.3,-1,-1,-1,-1,-1,-1,-1,-1,-1,-1,25,-1
WED032,cb_intrinsic,brain,WED(R),642.2,294.8,-1,-1,-1,-1,45,-1,-1,-1,-1,-1,28,-1
WED033,cb_intrinsic,brain,WED(R),655.2,329.1,-1,-1,47,-1,24,-1,-1,-1,61,-1,26,-1
WED034,cb_intrinsic,brain,WED(R),362.5,309.6,-1,-1,-1,-1,66,-1,-1,-1,-1,-1,45,37
WED035,cb_intrinsic,brain,LAL(L),388.0,305.9,55,-1,26,-1,39,-1,36,-1,-1,-1,-1,37
WED037,cb_intrinsic,brain,WED(R),352.3,362.6,-1,-1,69,-1,-1,-1,-1,-1,49,-1,-1,37
WED038,cb_intrinsic,brain,WED(L),595.2,319.0,9,-1,31,-1,18,-1,12,-1,25,-1,-1,37
WED039,cb_intrinsic,brain,WED(L),685.2,308.9,67,-1,-1,-1,66,-1,-1,-1,-1,-1,-1,37
WED040_a,cb_intrinsic,brain,WED(R),623.7,200.2,33,-1,18,-1,22,-1,69,-1,33,-1,-1,37
WED040_b,cb_intrinsic,brain,GNG,453.0,351.6,9,-1,-1,-1,-1,-1,35,-1,-1,-1,-1,37
WED040_c,cb_intrinsic,brain,WED(R),652.7,360.0,-1,-1,-1,-1,-1,-1,-1,-1,41,-1,67,37
WED041,cb_intrinsic,brain,WED(R),366.6,370.8,-1,-1,-1,-1,-1,-1,-1,-1,54,-1,54,37
WED042,cb_intrinsic,brain,PLP(R),642.7,331.0,-1,-1,-1,51,60,57,-1,68,-1,-1,-1,37
WED044,cb_intrinsic,brain,PLP(R),366.2,257.3,-1,-1,-1,-1,-1,-1,-1,-1,-1,-1,-1,37
WED045,cb_intrinsic,brain,WED(R),670.6,298.5,44,-1,-1,-1,62,-1,-1,-1,-1,-1,-1,37
WED046,cb_intrinsic,brain,AVLP(R),351.2,215.7,-1,-1,50,-1,24,-1,-1,-1,58,-1,-1,37
WED047,cb_intrinsic,brain,WED(R),624.0,325.1,-1,-1,18,-1,14,-1,-1,-1,-1,-1,34,-1
WED051,cb_intrinsic,brain,WED(R),649.0,352.4,18,-1,-1,-1,-1,-1,-1,-1,65,-1,33,-1
WED055_a,cb_intrinsic,brain,WED(L),406.5,328.6,47,-1,-1,-1,-1,-1,-1,-1,-1,-1,33,-1
WED055_b,cb_intrinsic,brain,WED(L),613.2,311.9,-1,-1,30,-1,8,-1,54,-1,-1,-1,-1,37
WED056,cb_intrinsic,brain,WED(R),366.9,380.3,-1,-1,45,-1,8,-1,32,-1,47,-1,30,-1
WED057,cb_intrinsic,brain,WED(R),661.7,349.7,30,-1,14,-1,9,-1,-1,-1,24,-1,-1,37
WED060,cb_intrinsic,brain,AVLP(R),342.5,231.0,-1,-1,43,-1,31,-1,-1,-1,51,-1,-1,37
WED061,cb_intrinsic,brain,AVLP(L),692.7,226.1,48,-1,53,-1,-1,-1,36,-1,-1,-1,-1,37
WED063_a,cb_intrinsic,brain,WED(L),408.0,364.8,21,-1,35,-1,36,-1,-1,-1,-1,-1,-1,37
WED063_b,cb_intrinsic,brain,WED(L),670.5,195.3,49,-1,6,-1,8,-1,-1,-1,-1,-1,-1,37
WED065,cb_intrinsic,brain,WED(R),379.4,306.3,-1,-1,53,-1,-1,-1,-1,-1,-1,-1,29,-1
WED066,cb_intrinsic,brain,WED(R),315.2,299.6,-1,-1,-1,-1,-1,-1,-1,-1,-1,-1,-1,37
WED069,cb_intrinsic,brain,WED(L),742.5,268.3,11,-1,62,-1,-1,-1,-1,-1,30,-1,27,-1
WED070,cb_intrinsic,brain,WED(R),609.1,340.9,37,-1,25,-1,61,-1,28,-1,41,-1,-1,37
WED071,cb_intrinsic,brain,WED(L),441.5,267.4,13,-1,37,-1,53,-1,17,-1,37,-1,-1,37
WED072,cb_intrinsic,brain,WED(R),660.6,351.0,-1,-1,49,-1,13,-1,57,-1,45,-1,23,-1
WED074,cb_intrinsic,brain,WED(L),614.1,256.6,46,-1,15,-1,30,-1,-1,68,58,-1,-1,37
WED075,cb_intrinsic,brain,WED(L),394.6,278.9,-1,-1,33,-1,10,-1,31,-1,23,-1,-1,37
WED076,cb_intrinsic,brain,PLP(L),658.6,348.1,-1,-1,17,-1,19,-1,25,-1,35,-1,57,37
WED077,cb_intrinsic,brain,WED(L),659.0,339.9,11,-1,19,-1,48,-1,28,-1,42,-1,-1,37
WED078,cb_intrinsic,brain,WED(R),685.7,291.0,7,-1,-1,-1,-1,-1,-1,-1,-1,-1,-1,37
WED079,cb_intrinsic,brain,WED(R),687.0,179.1,16,-1,-1,-1,-1,-1,62,-1,-1,-1,63,37
WED080,cb_intrinsic,brain,SAD,343.1,336.8,5,-1,48,-1,30,-1,11,-1,-1,-1,33,-1
WED081,cb_intrinsic,brain,WED(R),430.3,235.0,22,-1,63,-1,-1,-1,22,-1,-1,-1,-1,37
WED082,cb_intrinsic,brain,SAD,629.7,176.3,31,-1,21,-1,-1,-1,8,-1,-1,-1,28,-1
WED083,cb_intrinsic,brain,SAD,448.8,347.5,-1,-1,-1,-1,-1,-1,17,-1,-1,-1,32,-1
WED084,cb_intrinsic,brain,SAD,551.4,375.1,3,-1,-1,-1,-1,-1,-1,-1,-1,-1,31,-1
WED085,cb_intrinsic,brain,WED(R),660.0,289.0,-1,-1,-1,-1,-1,-1,-1,-1,-1,-1,-1,37
WED089,cb_intrinsic,brain,WED(R),380.4,357.4,-1,-1,67,-1,-1,-1,33,-1,-1,-1,-1,37
WED091,cb_intrinsic,brain,WED(R),359.9,353.8,65,-1,-1,-1,-1,-1,33,-1,-1,-1,-1,37
WED092,cb_intrinsic,brain,WED(R),634.1,315.0,6,-1,3,-1,8,-1,1,-1,46,-1,1,-1
WED093,cb_intrinsic,brain,WED(R),363.7,159.8,-1,-1,28,-1,39,-1,51,-1,-1,-1,34,-1
WED094,cb_intrinsic,brain,WED(R),374.7,325.8,54,-1,25,-1,17,-1,13,-1,42,-1,-1,37
WED095,cb_intrinsic,brain,WED(L),656.9,312.2,-1,-1,61,-1,24,-1,31,-1,-1,-1,-1,37
WED096,cb_intrinsic,brain,WED(R),357.5,303.9,-1,-1,26,-1,36,-1,17,-1,67,-1,-1,37
WED097,cb_intrinsic,brain,WED(R),392.1,325.5,-1,-1,67,62,35,-1,-1,-1,-1,-1,69,37
WED098,cb_intrinsic,brain,WED(R),423.1,335.9,53,-1,39,-1,58,-1,31,-1,-1,-1,-1,37
WED099,cb_intrinsic,brain,SAD,519.3,370.5,-1,-1,-1,-1,-1,-1,34,-1,-1,-1,27,-1
WED100,cb_intrinsic,brain,SAD,446.0,326.1,18,-1,53,-1,42,-1,69,-1,-1,-1,29,-1
WED101,cb_intrinsic,brain,WED(L),596.1,279.8,13,-1,26,-1,-1,-1,-1,-1,-1,-1,46,37
WED102,cb_intrinsic,brain,SAD,664.8,343.8,-1,-1,-1,-1,-1,-1,-1,-1,-1,-1,30,-1
WED103,cb_intrinsic,brain,SAD,661.1,322.1,31,-1,-1,-1,50,-1,-1,67,-1,-1,26,-1
WED104,cb_intrinsic,brain,AVLP(R),693.8,323.7,50,-1,7,-1,11,-1,19,-1,48,-1,24,-1
WED106,cb_intrinsic,brain,SAD,502.0,400.5,51,-1,13,-1,33,-1,67,-1,-1,-1,-1,37
WED107,cb_intrinsic,brain,AVLP(R),577.4,364.3,25,-1,16,-1,51,-1,67,-1,-1,-1,-1,37
WED108,cb_intrinsic,brain,AVLP(R),684.0,302.0,-1,-1,14,-1,-1,-1,36,-1,-1,-1,26,-1
WED109,cb_intrinsic,brain,SAD,704.8,232.6,58,-1,-1,-1,24,-1,-1,-1,-1,-1,30,-1
WED111,cb_intrinsic,brain,WED(R),391.6,338.4,63,-1,-1,-1,47,-1,-1,-1,-1,-1,-1,37
WED114,cb_intrinsic,brain,WED(L),403.0,344.2,41,-1,-1,-1,33,-1,-1,-1,-1,-1,33,-1
WED116,cb_intrinsic,brain,PVLP(L),682.2,149.9,-1,-1,-1,50,-1,-1,-1,-1,-1,-1,-1,37
WED117,cb_intrinsic,brain,SAD,318.3,178.1,8,-1,7,-1,18,-1,55,-1,47,-1,30,-1
WED118,cb_intrinsic,brain,SAD,448.6,339.6,42,-1,5,-1,20,-1,22,-1,34,-1,30,-1
WED119,cb_intrinsic,brain,WED(R),369.4,338.4,18,-1,9,-1,20,-1,27,-1,-1,-1,-1,37
WED121,cb_intrinsic,brain,WED(R),342.7,233.5,-1,-1,20,-1,68,-1,4,-1,41,-1,-1,37
WED122,cb_intrinsic,brain,WED(R),609.0,166.7,-1,-1,66,-1,36,-1,-1,-1,24,-1,-1,37
WED124,cb_intrinsic,brain,SPS(R),599.0,229.5,-1,-1,-1,-1,-1,-1,-1,-1,57,-1,58,37
WED125,cb_intrinsic,brain,WED(L),439.4,245.1,19,-1,-1,-1,43,-1,-1,-1,-1,-1,28,-1
WED127,cb_intrinsic,brain,WED(R),295.8,216.2,7,-1,-1,-1,58,-1,-1,-1,42,-1,-1,37
WED128,cb_intrinsic,brain,WED(R),579.5,253.3,9,-1,69,-1,47,-1,-1,-1,46,-1,-1,37
WED129,cb_intrinsic,brain,WED(R),651.6,353.9,-1,-1,-1,-1,-1,-1,-1,-1,42,-1,33,-1
WED130,cb_intrinsic,brain,WED(R),440.2,259.3,46,-1,-1,-1,-1,-1,-1,-1,-1,-1,-1,37
WED131,cb_intrinsic,brain,WED(L),362.1,361.5,-1,-1,-1,-1,-1,-1,-1,-1,39,-1,-1,37
WED132,cb_intrinsic,brain,WED(R),651.6,301.4,-1,-1,46,-1,30,-1,12,-1,24,-1,-1,37
WED143_a,cb_intrinsic,brain,WED(R),434.1,362.1,-1,-1,12,-1,20,-1,36,-1,43,-1,32,-1
WED143_b,cb_intrinsic,brain,WED(R),403.7,310.6,-1,-1,49,-1,-1,-1,56,-1,49,-1,-1,37
WED143_c,cb_intrinsic,brain,WED(R),420.7,361.2,47,-1,-1,-1,20,-1,69,-1,43,-1,31,-1
WED143_d,cb_intrinsic,brain,PLP(R),397.8,341.3,49,-1,-1,-1,-1,-1,52,-1,-1,-1,32,-1
WED144,cb_intrinsic,brain,WED(L),649.2,326.3,-1,-1,65,-1,-1,-1,-1,-1,-1,-1,-1,37
WED145,cb_intrinsic,brain,WED(R),407.0,284.7,61,-1,13,-1,24,-1,29,-1,33,-1,-1,37
WED146_a,cb_intrinsic,brain,WED(L),614.2,302.6,58,-1,-1,-1,-1,-1,-1,-1,-1,-1,-1,37
WED146_b,cb_intrinsic,brain,WED(L),634.7,315.1,10,-1,-1,-1,-1,-1,-1,-1,-1,-1,61,37
WED146_c,cb_intrinsic,brain,WED(R),680.6,334.3,-1,-1,-1,-1,-1,-1,17,-1,-1,-1,-1,37
WED151,cb_intrinsic,brain,WED(R),387.2,338.6,-1,-1,-1,-1,-1,-1,36,-1,-1,-1,-1,37
WED152,cb_intrinsic,brain,WED(R),554.5,222.7,59,-1,-1,-1,-1,-1,-1,-1,-1,-1,-1,37
WED153,cb_intrinsic,brain,WED(L),383.9,317.0,-1,-1,45,-1,-1,-1,32,-1,44,-1,-1,37
WED154,cb_intrinsic,brain,WED(R),437.1,347.9,67,-1,-1,-1,-1,-1,-1,-1,-1,-1,-1,37
WED155,cb_intrinsic,brain,LAL(R),445.9,202.1,62,-1,-1,-1,-1,-1,17,-1,62,-1,-1,37
WED157,cb_intrinsic,brain,WED(L),654.6,310.4,-1,-1,-1,-1,-1,-1,36,-1,-1,-1,-1,37
WED159,cb_intrinsic,brain,GNG,514.1,368.4,-1,-1,-1,-1,-1,-1,-1,-1,62,-1,49,37
WED161,cb_intrinsic,brain,GNG,663.4,310.5,-1,-1,-1,-1,-1,-1,22,-1,-1,-1,-1,37
WED162,cb_intrinsic,brain,WED(L),645.4,346.5,-1,-1,-1,-1,-1,-1,36,-1,62,-1,31,-1
WED163,cb_intrinsic,brain,WED(R),497.8,356.2,60,-1,42,-1,27,-1,34,-1,41,-1,4,-1
WED164,cb_intrinsic,brain,WED(R),387.9,333.5,-1,-1,67,-1,25,-1,-1,-1,51,-1,31,-1
WED165,cb_intrinsic,brain,WED(R),460.6,321.2,57,-1,-1,-1,25,-1,13,-1,45,-1,-1,37
WED166_a,cb_intrinsic,brain,WED(R),383.0,327.7,-1,-1,25,-1,24,-1,53,-1,33,-1,31,-1
WED166_d,cb_intrinsic,brain,WED(R),385.4,347.2,-1,-1,7,-1,8,-1,34,-1,31,-1,24,-1
WED167,cb_intrinsic,brain,WED(R),446.8,304.4,-1,-1,37,-1,44,-1,-1,-1,-1,-1,27,-1
WED168,cb_intrinsic,brain,WED(L),339.4,174.4,-1,-1,59,58,-1,-1,29,-1,-1,-1,-1,37
WED181,cb_intrinsic,brain,WED(R),612.8,192.6,-1,-1,40,-1,-1,-1,34,-1,61,-1,-1,37
WED182,cb_intrinsic,brain,PLP(R),386.7,232.3,29,-1,20,-1,28,-1,62,-1,-1,-1,-1,37
WED183,cb_intrinsic,brain,LAL(R),654.0,307.3,43,-1,-1,-1,-1,-1,-1,-1,-1,-1,-1,37
WED184,cb_intrinsic,brain,WED(R),309.6,222.4,-1,-1,6,-1,10,-1,2,-1,22,-1,32,-1
WED185,cb_intrinsic,brain,WED(R),552.8,382.6,68,-1,35,-1,14,-1,-1,-1,-1,-1,-1,37
WED187,cb_intrinsic,brain,WED(L),661.2,303.8,6,-1,52,-1,33,-1,48,-1,-1,-1,61,37
WED188,cb_intrinsic,brain,SAD,360.8,346.4,-1,-1,-1,-1,-1,-1,49,-1,-1,-1,-1,37
WED189,cb_intrinsic,brain,SAD,467.9,337.6,2,-1,68,-1,46,-1,68,-1,-1,-1,33,-1
WED190,cb_intrinsic,brain,WED(R),387.6,348.1,-1,-1,24,-1,16,-1,-1,-1,-1,-1,32,-1
WED191,cb_intrinsic,brain,WED(R),637.9,325.3,6,-1,35,-1,12,-1,-1,-1,-1,-1,28,-1
WED192,cb_intrinsic,brain,SAD,512.4,366.6,50,-1,-1,-1,-1,-1,-1,-1,10,-1,20,-1
WED193,cb_intrinsic,brain,SAD,469.7,344.5,21,-1,15,-1,37,-1,36,-1,-1,-1,32,-1
WED194,cb_intrinsic,brain,WED(R),402.8,356.1,55,-1,52,-1,-1,-1,18,-1,40,-1,-1,37
WED195,cb_intrinsic,brain,GNG,481.5,301.8,4,-1,16,-1,17,-1,2,-1,41,-1,3,-1
WED196,cb_intrinsic,brain,SAD,350.6,238.2,-1,-1,28,-1,32,-1,-1,-1,-1,-1,25,-1
WED197,cb_intrinsic,brain,WED(R),668.5,223.1,-1,-1,-1,-1,-1,-1,33,-1,-1,-1,-1,37
WED198,cb_intrinsic,brain,WED(R),635.8,299.3,-1,-1,-1,-1,-1,-1,30,-1,-1,-1,59,37
WED199,cb_intrinsic,brain,WED(L),662.1,287.7,-1,-1,-1,-1,-1,-1,-1,-1,-1,-1,61,37
WED200,cb_intrinsic,brain,WED(R),681.6,286.7,-1,-1,-1,-1,-1,-1,-1,-1,-1,-1,-1,37
WED201,cb_intrinsic,brain,WED(R),674.2,297.2,-1,-1,68,62,39,-1,29,-1,-1,-1,-1,37
WED202,cb_intrinsic,brain,SAD,666.1,305.4,-1,-1,-1,56,-1,-1,-1,-1,-1,-1,34,-1
WED203,cb_intrinsic,brain,SAD,608.5,363.4,-1,-1,23,-1,4,-1,32,-1,17,-1,23,-1
WED204,cb_intrinsic,brain,SAD,623.4,308.7,59,-1,62,-1,-1,-1,33,-1,-1,-1,27,-1
WED205,cb_intrinsic,brain,SAD,394.8,370.7,6,-1,68,-1,-1,-1,-1,-1,-1,-1,30,-1
WED206,cb_intrinsic,brain,SAD,405.2,342.7,-1,-1,52,-1,-1,-1,55,-1,-1,-1,-1,37
WED207,cb_intrinsic,brain,SAD,508.4,375.7,-1,-1,-1,-1,-1,-1,68,-1,-1,-1,-1,37
WED208,cb_intrinsic,brain,WED(R),410.0,361.2,-1,-1,17,-1,-1,-1,32,-1,-1,-1,24,-1
WED209,cb_intrinsic,brain,WED(R),628.1,206.9,36,-1,48,-1,42,-1,29,-1,-1,-1,-1,37
WED210,cb_intrinsic,brain,SAD,575.8,226.0,-1,-1,13,-1,23,-1,11,-1,38,-1,-1,37
WED26,cb_intrinsic,brain,WED(R),700.2,153.2,3,-1,-1,-1,56,-1,-1,-1,-1,-1,30,-1
WEDPN10A,cb_intrinsic,brain,PLP(R),378.1,247.7,-1,-1,-1,-1,-1,-1,30,-1,60,-1,-1,37
WEDPN10B,cb_intrinsic,brain,PLP(L),347.3,205.9,-1,-1,-1,-1,-1,-1,38,-1,-1,-1,-1,37
WEDPN11,cb_intrinsic,brain,PLP(L),408.0,343.7,-1,-1,20,-1,43,-1,31,-1,-1,-1,-1,37
WEDPN12,cb_intrinsic,brain,PLP(R),748.7,134.1,-1,-1,30,-1,32,-1,28,-1,-1,-1,33,-1
WEDPN14,cb_intrinsic,brain,WED(R),361.7,359.5,2,-1,42,-1,-1,-1,36,-1,-1,-1,32,-1
WEDPN16_d,cb_intrinsic,brain,WED(L),454.4,121.0,58,-1,13,-1,-1,-1,-1,-1,-1,-1,-1,37
WEDPN17_a1,cb_intrinsic,brain,LAL(R),621.9,218.4,37,-1,22,-1,-1,-1,18,-1,-1,-1,60,37
WEDPN17_a2,cb_intrinsic,brain,PLP(R),625.1,187.7,20,-1,63,-1,-1,-1,31,-1,-1,-1,-1,37
WEDPN17_b,cb_intrinsic,brain,PLP(L),371.3,292.5,29,-1,-1,-1,-1,-1,20,-1,-1,-1,-1,37
WEDPN17_c,cb_intrinsic,brain,LAL(R),636.8,191.9,6,-1,28,-1,53,-1,27,-1,41,-1,-1,37
WEDPN18,cb_intrinsic,brain,WED(R),372.7,347.4,14,-1,-1,-1,-1,-1,-1,-1,-1,-1,48,37
WEDPN1A,cb_intrinsic,brain,WED(L),661.0,362.7,24,-1,46,-1,10,-1,33,-1,32,-1,-1,37
WEDPN1B,cb_intrinsic,brain,WED(R),386.8,319.4,-1,-1,-1,-1,-1,-1,-1,-1,-1,-1,31,-1
WEDPN2A,cb_intrinsic,brain,PLP(R),757.4,94.9,-1,-1,-1,-1,66,-1,52,-1,-1,-1,-1,37
WEDPN2B_a,cb_intrinsic,brain,PLP(R),371.6,333.2,14,-1,-1,-1,62,-1,18,-1,31,-1,-1,37
WEDPN2B_b,cb_intrinsic,brain,PLP(R),366.2,325.9,-1,-1,-1,-1,-1,-1,9,-1,-1,-1,51,37
WEDPN3,cb_intrinsic,brain,PLP(L),666.9,75.4,-1,-1,27,-1,49,-1,-1,-1,-1,-1,-1,37
WEDPN4,cb_intrinsic,brain,PLP(R),315.8,160.2,-1,-1,62,-1,28,-1,-1,-1,59,-1,50,37
WEDPN5,cb_intrinsic,brain,WED(L),356.3,361.1,43,-1,38,-1,30,-1,37,-1,34,-1,63,37
WEDPN6A,cb_intrinsic,brain,PLP(R),323.7,223.7,43,-1,35,-1,-1,-1,-1,54,-1,-1,-1,37
WEDPN6B,cb_intrinsic,brain,PLP(R),705.1,177.2,6,-1,59,-1,63,-1,47,-1,-1,-1,61,37
WEDPN6C,cb_intrinsic,brain,PLP(L),328.4,261.9,-1,-1,-1,-1,-1,-1,-1,-1,68,-1,59,37
WEDPN7A,cb_intrinsic,brain,WED(L),663.8,325.7,43,-1,62,-1,41,-1,33,-1,23,-1,-1,37
WEDPN7B,cb_intrinsic,brain,LAL(R),360.3,238.2,28,-1,26,-1,41,-1,-1,-1,11,-1,-1,37
WEDPN7C,cb_intrinsic,brain,WED(L),349.9,353.3,-1,-1,53,-1,60,-1,69,-1,-1,-1,-1,37
WEDPN8B,cb_intrinsic,brain,WED(L),643.8,311.9,2,-1,64,-1,-1,-1,36,-1,-1,-1,32,-1
WEDPN8C,cb_intrinsic,brain,WED(R),611.2,244.5,-1,-1,7,-1,33,-1,3,-1,41,-1,29,-1
WEDPN8D,cb_intrinsic,brain,WED(L),640.2,299.6,-1,-1,55,-1,61,-1,32,-1,57,-1,-1,37
WEDPN9,cb_intrinsic,brain,WED(R),536.4,347.5,1,-1,17,-1,40,-1,5,-1,59,-1,6,-1
WG1,vnc_sensory,vnc,Ov(L),483.0,788.8,5,-1,4,-1,-1,-1,-1,-1,-1,-1,-1,-1
WG2,vnc_sensory,vnc,Ov(L),450.6,793.6,-1,-1,3,-1,61,-1,52,-1,-1,-1,-1,-1
WG3,vnc_sensory,vnc,Ov(L),624.6,775.8,49,-1,2,-1,-1,-1,-1,-1,-1,-1,-1,-1
WG4,vnc_sensory,vnc,Ov(L),504.0,788.0,-1,-1,2,-1,3,-1,-1,-1,-1,-1,-1,-1
Y11,ol_intrinsic,brain,LOP(R),861.4,389.9,26,-1,1,-1,1,-1,69,68,33,-1,-1,37
Y12,ol_intrinsic,brain,LOP(R),802.6,408.9,-1,-1,1,-1,1,-1,68,-1,40,-1,-1,37
Y13,ol_intrinsic,brain,LOP(R),225.2,331.8,-1,-1,18,-1,1,-1,67,-1,-1,-1,-1,37
Y14,ol_intrinsic,brain,LO(R),292.5,373.8,-1,-1,3,-1,2,-1,66,-1,-1,-1,-1,37
Y3,ol_intrinsic,brain,ME(R),754.5,325.9,19,-1,1,-1,1,-1,54,-1,13,-1,-1,37
Y_unclear,ol_intrinsic,brain,LOP(R),271.3,430.8,41,-1,-1,48,-1,-1,-1,-1,-1,-1,-1,37
Z_lvPNm1,cb_intrinsic,brain,GNG,460.6,406.5,-1,-1,25,-1,17,-1,13,-1,54,-1,1,-1
Z_vPNml1,cb_intrinsic,brain,GNG,585.7,391.9,13,-1,35,-1,69,-1,27,-1,-1,-1,6,-1
aDT4,cb_intrinsic,brain,SMP(L),588.7,105.4,-1,-1,38,-1,-1,-1,29,-1,-1,-1,67,37
aIPg1,cb_intrinsic,brain,SIP(R),626.9,224.0,-1,-1,22,-1,-1,-1,63,-1,49,-1,-1,37
aIPg10,cb_intrinsic,brain,AVLP(R),602.0,60.1,9,-1,-1,-1,17,-1,-1,-1,18,-1,-1,37
aIPg2,cb_intrinsic,brain,SIP(R),467.6,230.2,-1,-1,15,-1,45,-1,41,-1,19,-1,-1,37
aIPg4,cb_intrinsic,brain,SIP(L),718.4,179.6,-1,-1,-1,-1,-1,-1,43,-1,31,-1,-1,37
aIPg5,cb_intrinsic,brain,AVLP(R),665.8,111.8,-1,-1,39,-1,19,-1,-1,-1,17,-1,-1,37
aIPg6,cb_intrinsic,brain,VES(L),385.9,134.5,-1,-1,-1,-1,21,-1,-1,-1,14,-1,-1,37
aIPg7,cb_intrinsic,brain,SIP(R),599.5,272.6,-1,-1,-1,-1,19,-1,45,-1,13,-1,63,37
aIPg8,cb_intrinsic,brain,AVLP(R),404.6,113.4,12,-1,-1,-1,49,-1,-1,-1,22,-1,-1,37
aIPg9,cb_intrinsic,brain,ICL(L),339.7,297.9,4,-1,-1,-1,-1,-1,-1,-1,12,-1,-1,37
aIPg_m1,cb_intrinsic,brain,SIP(R),644.9,252.7,36,-1,40,-1,27,-1,64,-1,22,-1,-1,37
aIPg_m2,cb_intrinsic,brain,AVLP(R),323.2,250.0,-1,-1,69,-1,26,-1,65,-1,23,-1,-1,37
aIPg_m3,cb_intrinsic,brain,SIP(L),375.6,81.0,-1,-1,-1,-1,-1,-1,-1,-1,13,-1,-1,37
aIPg_m4,cb_intrinsic,brain,AVLP(R),302.3,210.8,-1,-1,66,-1,15,-1,61,-1,12,-1,-1,37
aMe1,visual_projection,brain,AME(R),769.1,323.4,40,-1,23,-1,20,-1,-1,-1,-1,-1,28,-1
aMe10,visual_projection,brain,AME(R),679.6,228.4,63,-1,-1,-1,-1,-1,20,-1,-1,-1,29,-1
aMe12,visual_projection,brain,ME(L),941.6,424.6,-1,-1,9,-1,21,-1,65,-1,-1,-1,25,-1
aMe13,cb_intrinsic,brain,PLP(R),331.0,243.4,15,-1,36,-1,-1,-1,-1,-1,-1,-1,-1,37
aMe15,cb_intrinsic,brain,PLP(R),699.0,65.5,-1,-1,27,-1,32,-1,34,-1,33,-1,26,-1
aMe17a,visual_centrifugal,brain,ME(L),113.7,398.7,27,-1,23,-1,57,-1,2,-1,43,-1,-1,37
aMe17b,visual_centrifugal,brain,ME(L),369.3,83.7,-1,-1,30,-1,31,-1,16,-1,-1,-1,30,-1
aMe17c,visual_centrifugal,brain,ME(L),148.2,279.5,69,-1,-1,-1,11,-1,2,-1,-1,-1,-1,37
aMe17e,visual_centrifugal,brain,ME(L),155.1,428.9,21,-1,9,-1,38,-1,7,-1,-1,-1,47,37
aMe2,visual_centrifugal,brain,AME(R),282.2,322.6,-1,-1,20,-1,-1,-1,23,-1,-1,-1,-1,37
aMe20,visual_projection,brain,PLP(R),317.4,260.3,56,-1,29,-1,26,-1,64,-1,-1,-1,-1,37
aMe22,cb_intrinsic,brain,PLP(L),389.6,261.2,-1,-1,-1,-1,-1,-1,-1,67,-1,-1,-1,37
aMe23,cb_intrinsic,brain,PLP(L),652.3,131.8,-1,-1,-1,-1,-1,-1,21,-1,-1,-1,-1,37
aMe24,cb_intrinsic,brain,PLP(R),682.4,166.2,-1,-1,38,-1,19,-1,18,-1,28,-1,-1,37
aMe25,visual_projection,brain,ME(R),563.2,291.2,7,-1,65,-1,46,-1,22,-1,-1,-1,59,37
aMe26,visual_projection,brain,ME(R),322.8,101.8,38,-1,8,-1,65,-1,18,-1,-1,-1,-1,37
aMe3,visual_projection,brain,PLP(R),636.3,245.7,64,-1,10,-1,58,-1,-1,-1,-1,-1,26,-1
aMe30,visual_centrifugal,brain,ME(L),769.8,352.2,48,-1,52,-1,10,-1,67,-1,43,-1,-1,37
aMe4,visual_centrifugal,brain,ME(R),837.3,428.6,-1,-1,3,-1,7,-1,18,-1,38,-1,26,-1
aMe5,visual_projection,brain,ME(L),367.7,236.5,-1,-1,7,-1,38,-1,68,-1,-1,-1,24,-1
aMe6a,visual_projection,brain,AME(R),263.7,335.6,-1,-1,-1,-1,63,-1,-1,-1,-1,-1,27,-1
aMe6b,ol_intrinsic,brain,AME(R),231.8,316.9,-1,-1,-1,-1,62,-1,21,-1,-1,-1,30,-1
aMe6c,ol_intrinsic,brain,AME(R),277.6,331.8,68,-1,60,-1,42,-1,68,-1,-1,-1,26,-1
aMe8,visual_projection,brain,PLP(R),760.3,318.5,54,-1,14,-1,42,-1,-1,-1,-1,-1,49,37
aMe9,visual_projection,brain,ME(R),56.2,358.3,56,-1,18,-1,-1,65,-1,-1,-1,-1,-1,37
aMe_TBD1,cb_intrinsic,brain,SPS(L),460.4,310.7,-1,-1,5,-1,15,-1,8,-1,-1,-1,23,-1
aMe_unclear,ol_intrinsic,brain,AME(L),775.3,319.7,60,-1,-1,-1,-1,-1,-1,-1,-1,-1,60,-1
aPhM1,cb_sensory,brain,GNG,529.0,422.1,31,-1,15,-1,-1,-1,-1,-1,-1,-1,-1,-1
aPhM2a,cb_sensory,brain,GNG,576.3,424.7,52,-1,4,-1,-1,-1,-1,-1,-1,-1,7,-1
aPhM2b,cb_sensory,brain,GNG,505.4,399.5,-1,-1,22,-1,-1,-1,-1,-1,-1,-1,18,-1
aPhM3,cb_sensory,brain,GNG,461.4,447.0,-1,-1,10,-1,-1,-1,-1,-1,-1,-1,42,-1
aPhM4,cb_sensory,brain,GNG,473.0,407.0,10,-1,-1,-1,-1,-1,-1,-1,-1,-1,-1,-1
aPhM5,cb_sensory,brain,GNG,478.1,448.6,16,-1,21,-1,-1,-1,-1,-1,-1,-1,15,-1
aSP-g3Am,cb_intrinsic,brain,SLP(L),307.1,76.5,45,-1,63,-1,58,-1,40,-1,44,-1,59,37
aSP10A_a,cb_intrinsic,brain,AVLP(R),699.1,206.4,-1,-1,25,-1,45,-1,33,-1,22,-1,-1,37
aSP10A_b,cb_intrinsic,brain,AVLP(R),303.3,260.5,12,-1,15,-1,20,-1,-1,-1,38,-1,-1,37
aSP10B,cb_intrinsic,brain,AVLP(R),344.2,226.0,-1,-1,22,-1,11,-1,18,-1,17,-1,4,-1
aSP10C_a,cb_intrinsic,brain,AVLP(R),274.9,215.3,16,-1,53,-1,-1,-1,55,-1,47,-1,-1,37
aSP10C_b,cb_intrinsic,brain,AVLP(L),336.5,220.5,50,-1,53,-1,44,-1,-1,-1,47,-1,-1,37
aSP22,descending_neuron,brain,GNG,550.7,832.9,34,-1,5,-1,12,-1,1,-1,12,-1,2,-1
b1 MN,vnc_motor,vnc,WTct(UTct-T2)(L),589.2,717.0,53,-1,-1,-1,3,-1,-1,-1,1,-1,-1,43
b2 MN,vnc_motor,vnc,WTct(UTct-T2)(L),437.9,885.0,13,-1,-1,64,3,-1,-1,-1,1,-1,-1,43
b3 MN,vnc_motor,vnc,WTct(UTct-T2)(L),500.9,757.8,-1,-1,-1,-1,6,-1,-1,-1,1,-1,-1,43
claw_tpGRN,cb_sensory,brain,GNG,500.7,396.7,-1,-1,5,-1,-1,-1,12,-1,-1,-1,5,-1
dCal1,ol_intrinsic,brain,LOP(R),238.6,428.4,-1,-1,-1,26,-1,44,21,-1,-1,-1,-1,37
dMS10,vnc_intrinsic,vnc,WTct(UTct-T2)(L),595.1,697.6,60,-1,10,-1,22,-1,-1,-1,56,-1,22,-1
dMS2,vnc_intrinsic,vnc,WTct(UTct-T2)(L),528.9,760.8,-1,-1,6,-1,2,-1,22,-1,1,-1,17,-1
dMS5,vnc_intrinsic,vnc,WTct(UTct-T2)(R),621.9,746.5,-1,-1,11,-1,-1,-1,-1,-1,16,-1,27,-1
dMS9,ascending_neuron,vnc,WTct(UTct-T2)(L),601.6,676.2,63,-1,5,-1,16,-1,18,-1,16,-1,5,-1
dPR1,vnc_intrinsic,vnc,LTct,564.3,757.3,33,-1,6,-1,12,-1,-1,-1,5,-1,19,-1
dorsal_tpGRN,cb_sensory,brain,GNG,560.8,330.0,-1,-1,16,-1,-1,-1,-1,-1,-1,-1,-1,-1
hDVM MN,vnc_motor,vnc,ANm,493.7,771.8,-1,-1,-1,-1,48,-1,-1,-1,3,-1,-1,42
hDeltaA,cb_intrinsic,brain,FB,479.1,169.6,-1,-1,5,-1,2,-1,65,-1,1,-1,-1,37
hDeltaB,cb_intrinsic,brain,FB,490.5,155.5,-1,-1,2,-1,2,-1,-1,-1,1,-1,-1,37
hDeltaC,cb_intrinsic,brain,FB,496.4,170.9,59,-1,4,-1,2,-1,31,-1,1,-1,62,37
hDeltaD,cb_intrinsic,brain,FB,501.1,162.9,4,-1,6,-1,3,-1,66,-1,1,-1,-1,37
hDeltaE,cb_intrinsic,brain,FB,512.6,144.5,18,-1,6,-1,3,-1,34,-1,1,-1,-1,37
hDeltaF,cb_intrinsic,brain,FB,513.5,149.6,-1,-1,6,-1,2,-1,-1,-1,1,-1,-1,37
hDeltaG,cb_intrinsic,brain,FB,519.2,169.2,-1,-1,6,-1,3,-1,65,-1,1,-1,-1,37
hDeltaH,cb_intrinsic,brain,FB,514.5,175.2,-1,-1,7,-1,3,-1,69,-1,1,-1,-1,37
hDeltaI,cb_intrinsic,brain,FB,499.8,171.7,10,-1,12,-1,2,-1,65,-1,1,-1,48,37
hDeltaJ,cb_intrinsic,brain,FB,506.3,180.9,-1,-1,3,-1,2,-1,62,-1,1,-1,-1,37
hDeltaK,cb_intrinsic,brain,FB,527.0,194.1,13,-1,16,-1,5,-1,-1,-1,1,-1,-1,37
hDeltaL,cb_intrinsic,brain,FB,532.6,144.2,7,-1,4,-1,2,-1,64,-1,1,-1,-1,37
hDeltaM,cb_intrinsic,brain,FB,542.5,158.0,-1,-1,33,-1,3,-1,63,-1,1,-1,-1,37
hg1 MN,vnc_motor,vnc,WTct(UTct-T2)(R),603.1,721.8,-1,-1,-1,-1,4,-1,-1,-1,1,-1,-1,42
hg2 MN,vnc_motor,vnc,WTct(UTct-T2)(R),429.5,690.6,3,-1,-1,-1,9,-1,-1,-1,2,-1,59,42
hg3 MN,vnc_motor,vnc,WTct(UTct-T2)(R),470.2,699.7,-1,-1,-1,-1,4,-1,-1,-1,1,-1,-1,42
hg4 MN,vnc_motor,vnc,WTct(UTct-T2)(L),472.6,767.9,6,-1,-1,66,4,-1,-1,-1,2,-1,48,43
hi1 MN,vnc_motor,vnc,ANm,565.7,767.8,-1,-1,-1,-1,-1,-1,-1,-1,23,-1,-1,37
hi2 MN,vnc_motor,vnc,HTct(UTct-T3)(L),573.4,741.6,46,-1,-1,59,9,-1,-1,-1,29,-1,-1,-1
hiii2 MN,vnc_motor,vnc,HTct(UTct-T3)(L),490.8,740.1,-1,-1,-1,-1,-1,-1,-1,-1,30,-1,-1,-1
i1 MN,vnc_motor,vnc,IntTct,536.6,713.7,-1,-1,-1,-1,6,-1,-1,-1,1,-1,-1,43
i2 MN,vnc_motor,vnc,WTct(UTct-T2)(L),577.3,739.5,36,-1,-1,-1,3,-1,-1,-1,1,-1,-1,43
iii1 MN,vnc_motor,vnc,LTct,570.0,733.3,50,-1,-1,-1,5,-1,-1,-1,2,-1,-1,42
iii3 MN,vnc_motor,vnc,WTct(UTct-T2)(R),454.0,720.6,48,-1,-1,-1,10,-1,-1,-1,1,-1,61,43
il3LN6,cb_intrinsic,brain,AL(R),611.7,184.5,-1,-1,2,-1,2,-1,30,-1,60,-1,1,-1
l-LNv,ol_intrinsic,brain,ME(R),290.6,324.3,-1,-1,-1,-1,17,-1,-1,-1,-1,-1,-1,-1
l2LN19,cb_intrinsic,brain,AL(R),442.2,255.0,-1,-1,-1,-1,28,-1,63,-1,-1,-1,11,-1
l2LN20,cb_intrinsic,brain,AL(L),570.0,239.7,-1,-1,31,-1,23,-1,28,-1,-1,-1,7,-1
l2LN21,cb_intrinsic,brain,AL(R),615.7,232.5,44,-1,-1,-1,30,-1,-1,-1,-1,-1,64,-1
l2LN22,cb_intrinsic,brain,AL(R),472.1,221.5,60,-1,-1,-1,20,-1,31,-1,-1,-1,-1,-1
l2LN23,cb_intrinsic,brain,AL(R),416.5,186.1,51,-1,54,-1,18,-1,-1,-1,-1,-1,60,-1
lLN10,cb_intrinsic,brain,AL(R),457.9,225.1,7,-1,41,-1,28,-1,3,-1,-1,-1,4,-1
lLN12A,cb_intrinsic,brain,AL(R),434.1,237.0,41,-1,-1,-1,31,-1,64,-1,-1,-1,3,-1
lLN13,cb_intrinsic,brain,AL(R),431.5,250.9,22,-1,-1,-1,-1,-1,65,-1,-1,-1,14,-1
lLN14,cb_intrinsic,brain,AL(L),601.6,178.8,40,-1,-1,-1,-1,-1,-1,-1,-1,-1,-1,-1
lLN15,cb_intrinsic,brain,AL(L),565.7,209.4,-1,-1,-1,-1,-1,-1,30,-1,-1,-1,13,-1
lLN1_a,cb_intrinsic,brain,AL(L),572.5,221.2,21,-1,-1,-1,-1,62,62,-1,-1,-1,10,-1
lLN1_bc,cb_intrinsic,brain,AL(R),576.7,224.4,-1,-1,1,-1,2,-1,8,-1,38,-1,10,-1
lLN2F_a,cb_intrinsic,brain,AL(R),601.5,233.4,20,-1,2,-1,2,-1,30,-1,-1,-1,2,-1
lLN2F_b,cb_intrinsic,brain,AL(R),582.0,218.1,45,-1,1,-1,2,-1,1,-1,15,-1,2,-1
lLN2P_a,cb_intrinsic,brain,AL(L),603.8,190.3,6,-1,4,-1,2,-1,-1,-1,57,-1,23,-1
lLN2P_b,cb_intrinsic,brain,AL(R),464.6,201.4,-1,-1,2,-1,2,-1,7,-1,-1,-1,1,-1
lLN2P_c,cb_intrinsic,brain,AL(L),397.0,263.0,-1,-1,2,-1,2,-1,54,-1,-1,-1,43,-1
lLN2R_a,cb_intrinsic,brain,AL(L),587.6,260.7,36,-1,33,-1,5,-1,31,-1,-1,-1,6,-1
lLN2T_a,cb_intrinsic,brain,AL(L),591.3,187.7,15,-1,2,-1,2,-1,65,-1,-1,-1,23,-1
lLN2T_b,cb_intrinsic,brain,AL(R),424.0,286.8,-1,-1,2,-1,2,-1,27,-1,59,-1,1,-1
lLN2T_c,cb_intrinsic,brain,AL(L),447.7,185.8,28,-1,18,15,2,-1,20,-1,-1,-1,13,-1
lLN2T_d,cb_intrinsic,brain,AL(R),456.6,255.8,22,-1,40,-1,2,-1,4,-1,68,-1,2,-1
lLN2T_e,cb_intrinsic,brain,AL(R),598.1,268.8,37,-1,3,-1,4,-1,3,-1,60,-1,13,-1
lLN2X02,cb_intrinsic,brain,AL(R),420.4,268.7,1,-1,12,-1,3,-1,31,-1,-1,-1,3,-1
lLN2X04,cb_intrinsic,brain,AL(R),596.4,176.3,-1,-1,3,-1,5,-1,5,-1,-1,-1,3,-1
lLN2X05,cb_intrinsic,brain,AL(R),404.6,265.9,1,-1,-1,44,13,-1,19,-1,-1,-1,11,-1
lLN2X11,cb_intrinsic,brain,AL(L),425.2,240.5,-1,-1,4,-1,5,-1,3,-1,-1,-1,4,-1
lLN2X12,cb_intrinsic,brain,AL(L),414.2,294.7,31,-1,2,-1,2,-1,29,-1,-1,-1,3,-1
lLN8,cb_intrinsic,brain,AL(R),588.8,202.2,29,-1,-1,14,15,-1,-1,-1,-1,-1,15,-1
lLN9,cb_intrinsic,brain,AL(R),617.9,233.4,4,-1,-1,-1,-1,-1,55,-1,-1,-1,12,-1
ltm MN,vnc_motor,vnc,LegNp(T2)(R),561.5,868.0,-1,-1,-1,-1,-1,-1,-1,-1,-1,-1,-1,40
ltm1-tibia MN,vnc_motor,vnc,LegNp(T3)(R),473.2,812.9,15,-1,-1,-1,54,-1,-1,-1,7,-1,49,40
ltm2-femur MN,vnc_motor,vnc,LegNp(T2)(L),592.4,849.1,58,-1,-1,-1,-1,-1,-1,-1,5,-1,-1,41
mAL4A,cb_intrinsic,brain,SLP(R),475.2,396.4,25,-1,-1,-1,53,-1,40,-1,-1,-1,12,-1
mAL4B,cb_intrinsic,brain,SLP(L),510.5,330.1,-1,-1,-1,-1,39,-1,37,-1,16,-1,9,-1
mAL4C,cb_intrinsic,brain,GNG,502.2,349.9,-1,-1,-1,-1,-1,-1,38,-1,58,-1,11,-1
mAL4D,cb_intrinsic,brain,GNG,706.7,72.3,-1,-1,-1,-1,-1,-1,40,-1,69,-1,11,-1
mAL4E,cb_intrinsic,brain,SLP(R),709.6,52.5,-1,-1,-1,-1,-1,-1,39,-1,58,-1,9,-1
mAL4F,cb_intrinsic,brain,SLP(R),715.9,129.4,-1,-1,-1,-1,-1,-1,-1,-1,43,-1,12,-1
mAL4G,cb_intrinsic,brain,SLP(L),304.9,146.5,-1,-1,-1,-1,-1,-1,38,-1,61,-1,11,-1
mAL4H,cb_intrinsic,brain,SLP(R),301.5,90.3,-1,-1,63,-1,40,-1,36,-1,26,-1,10,-1
mAL4I,cb_intrinsic,brain,SLP(R),282.4,162.3,55,-1,-1,-1,58,-1,29,-1,-1,-1,7,-1
mAL5A1,cb_intrinsic,brain,GNG,770.0,200.6,8,-1,-1,-1,-1,-1,-1,-1,-1,-1,11,-1
mAL5A2,cb_intrinsic,brain,AVLP(L),530.6,361.2,24,-1,-1,-1,-1,-1,25,-1,-1,-1,8,-1
mAL5B,cb_intrinsic,brain,GNG,731.9,266.7,-1,-1,-1,-1,-1,-1,-1,-1,-1,-1,12,-1
mAL6,cb_intrinsic,brain,GNG,686.8,98.4,51,-1,51,-1,30,-1,26,-1,32,-1,10,-1
mALB1,cb_intrinsic,brain,VES(L),332.2,106.4,-1,-1,8,-1,9,-1,1,-1,36,-1,33,-1
mALB2,cb_intrinsic,brain,PLP(L),425.6,207.4,-1,-1,16,-1,46,-1,2,-1,60,-1,33,-1
mALB3,cb_intrinsic,brain,LH(R),572.8,356.8,14,-1,10,-1,-1,-1,2,-1,50,-1,11,-1
mALB4,cb_intrinsic,brain,GNG,268.4,144.1,-1,-1,-1,-1,44,-1,4,-1,-1,-1,18,-1
mALB5,cb_intrinsic,brain,SIP(R),564.1,85.5,-1,-1,44,-1,-1,-1,35,-1,-1,-1,-1,37
mALD1,cb_intrinsic,brain,LAL(L),680.6,214.8,-1,-1,7,-1,12,-1,1,-1,18,-1,55,37
mALD3,cb_intrinsic,brain,AVLP(R),526.5,372.7,3,-1,48,-1,57,-1,6,-1,42,-1,-1,37
mALD4,cb_intrinsic,brain,LAL(L),368.6,248.8,6,-1,65,-1,24,-1,10,-1,12,-1,-1,37
mAL_m1,cb_intrinsic,brain,SIP(R),347.1,194.9,-1,-1,3,-1,3,-1,7,-1,16,-1,-1,37
mAL_m10,cb_intrinsic,brain,GNG,570.6,220.3,-1,-1,-1,-1,-1,-1,11,-1,62,-1,66,-1
mAL_m11,cb_intrinsic,brain,SIP(R),399.5,68.7,-1,-1,-1,-1,51,-1,-1,-1,12,-1,64,37
mAL_m2a,cb_intrinsic,brain,SIP(R),647.2,90.7,-1,-1,-1,-1,-1,-1,-1,-1,-1,-1,46,37
mAL_m2b,cb_intrinsic,brain,SIP(R),667.0,130.8,36,-1,24,-1,10,-1,-1,-1,26,-1,8,-1
mAL_m3a,cb_intrinsic,brain,SIP(R),402.1,71.3,-1,-1,-1,-1,-1,-1,46,-1,67,-1,-1,37
mAL_m3b,cb_intrinsic,brain,SIP(R),482.5,363.0,29,-1,28,-1,16,-1,42,-1,21,-1,-1,37
mAL_m3c,cb_intrinsic,brain,SIP(L),637.4,60.0,-1,-1,44,-1,18,-1,11,-1,41,-1,-1,37
mAL_m4,cb_intrinsic,brain,SIP(L),615.6,94.4,41,-1,-1,-1,38,-1,22,-1,39,-1,11,-1
mAL_m5a,cb_intrinsic,brain,SIP(R),299.9,231.7,49,-1,17,-1,15,-1,-1,-1,18,-1,-1,37
mAL_m5b,cb_intrinsic,brain,SIP(R),658.2,119.6,-1,-1,12,-1,7,-1,46,-1,15,-1,-1,37
mAL_m5c,cb_intrinsic,brain,SIP(L),404.7,58.6,8,-1,28,-1,6,-1,35,-1,15,-1,-1,37
mAL_m6,cb_intrinsic,brain,SIP(L),610.5,37.4,-1,-1,33,-1,24,-1,38,-1,29,-1,-1,37
mAL_m7,cb_intrinsic,brain,SIP(R),547.8,282.2,-1,-1,-1,-1,-1,-1,-1,-1,35,-1,19,-1
mAL_m8,cb_intrinsic,brain,SIP(R),345.8,129.6,27,-1,3,-1,3,-1,13,-1,7,-1,-1,37
mAL_m9,cb_intrinsic,brain,SIP(L),361.2,120.3,17,-1,-1,-1,36,-1,43,-1,23,-1,7,-1
mesVUM-MJ,vnc_efferent,vnc,WTct(UTct-T2)(L),457.3,727.6,49,-1,-1,-1,20,-1,-1,-1,10,-1,-1,-1
oviIN,cb_intrinsic,brain,SMP(L),461.2,274.2,54,-1,2,-1,6,-1,1,-1,1,-1,-1,37
pC1_10a,cb_intrinsic,brain,SIP(R),435.9,57.9,16,-1,-1,69,-1,-1,-1,-1,35,-1,-1,37
pC1_10b,cb_intrinsic,brain,SIP(L),278.0,212.1,21,-1,58,-1,-1,-1,-1,-1,-1,43,53,37
pC1_10c,cb_intrinsic,brain,SIP(R),669.3,141.5,-1,-1,61,-1,48,-1,-1,-1,21,-1,-1,37
pC1_10d,cb_intrinsic,brain,SIP(R),621.9,98.6,57,-1,-1,-1,-1,-1,-1,-1,23,-1,44,37
pC1_11a,cb_intrinsic,brain,AVLP(R),703.4,250.7,2,-1,55,-1,43,-1,43,-1,23,-1,-1,37
pC1_11b,cb_intrinsic,brain,AVLP(R),759.1,214.1,60,-1,47,-1,23,-1,66,-1,20,-1,-1,37
pC1_12a,cb_intrinsic,brain,AVLP(R),387.2,108.7,33,-1,-1,-1,-1,-1,-1,-1,-1,-1,-1,37
pC1_12b,cb_intrinsic,brain,AVLP(R),394.4,97.0,60,-1,21,-1,55,-1,46,-1,45,-1,61,37
pC1_13a,cb_intrinsic,brain,SIP(L),654.3,80.5,2,-1,65,-1,-1,-1,-1,-1,18,-1,-1,37
pC1_13b,cb_intrinsic,brain,SIP(L),593.3,203.8,-1,-1,51,-1,52,-1,34,-1,22,-1,-1,37
pC1_13c,cb_intrinsic,brain,SIP(L),425.4,64.8,-1,-1,-1,-1,-1,-1,-1,-1,24,-1,60,37
pC1_14a,cb_intrinsic,brain,SIP(L),610.4,106.4,-1,-1,25,-1,22,-1,45,-1,5,-1,-1,37
pC1_14b,cb_intrinsic,brain,SIP(L),589.2,148.3,16,-1,-1,-1,-1,-1,62,-1,13,-1,57,37
pC1_15a,cb_intrinsic,brain,SMP(R),602.8,60.6,47,-1,-1,-1,-1,-1,45,-1,61,-1,61,37
pC1_15b,cb_intrinsic,brain,SMP(R),464.2,118.6,28,-1,-1,-1,-1,-1,43,-1,22,-1,-1,37
pC1_15c,cb_intrinsic,brain,SMP(L),691.7,89.5,17,-1,41,-1,-1,-1,39,-1,20,-1,10,-1
pC1_16a,cb_intrinsic,brain,SMP(R),579.6,109.6,24,-1,31,-1,38,-1,46,-1,16,-1,-1,37
pC1_16b,cb_intrinsic,brain,SIP(R),445.5,104.3,64,-1,25,-1,31,-1,45,-1,20,-1,-1,37
pC1_17a,cb_intrinsic,brain,SMP(R),446.1,71.2,50,-1,31,-1,-1,-1,40,-1,16,-1,-1,37
pC1_17b,cb_intrinsic,brain,SMP(L),368.9,78.6,32,-1,-1,-1,41,-1,41,-1,15,-1,12,-1
pC1_18a,cb_intrinsic,brain,SMP(L),578.6,54.4,54,-1,48,-1,68,-1,-1,-1,24,-1,-1,37
pC1_18b,cb_intrinsic,brain,SIP(R),588.5,47.1,26,-1,15,-1,14,-1,39,-1,15,-1,-1,37
pC1_19,cb_intrinsic,brain,SIP(L),669.7,146.4,8,-1,57,-1,-1,-1,-1,-1,25,-1,-1,37
pC1_1a,cb_intrinsic,brain,SIP(L),406.2,128.9,-1,-1,23,-1,19,-1,-1,-1,36,-1,-1,37
pC1_1b,cb_intrinsic,brain,SIP(L),348.0,119.7,40,-1,-1,-1,-1,-1,-1,-1,60,-1,-1,37
pC1_2a,cb_intrinsic,brain,PVLP(R),414.8,150.1,-1,-1,-1,59,-1,-1,-1,-1,63,-1,-1,37
pC1_2a/2b,cb_intrinsic,brain,SIP(R),657.5,70.5,41,-1,-1,-1,-1,-1,-1,-1,-1,-1,-1,37
pC1_2b,cb_intrinsic,brain,AVLP(L),352.4,211.9,-1,-1,68,-1,-1,-1,38,-1,18,-1,-1,37
pC1_2c,cb_intrinsic,brain,SIP(R),273.2,250.7,2,-1,56,-1,-1,-1,-1,-1,46,-1,44,37
pC1_3a,cb_intrinsic,brain,SIP(R),604.6,79.1,63,-1,30,-1,-1,-1,33,-1,26,-1,-1,37
pC1_3b,cb_intrinsic,brain,SIP(R),605.8,63.4,54,-1,50,-1,-1,-1,42,-1,27,-1,50,37
pC1_3c,cb_intrinsic,brain,SIP(R),668.6,86.1,10,-1,17,-1,29,-1,43,-1,27,-1,55,37
pC1_4a,cb_intrinsic,brain,SIP(R),311.9,232.9,-1,-1,8,-1,7,-1,38,-1,6,-1,-1,37
pC1_4b,cb_intrinsic,brain,SIP(R),388.7,51.5,6,-1,43,-1,-1,-1,44,-1,36,-1,-1,37
pC1_5a,cb_intrinsic,brain,AVLP(L),616.0,87.5,-1,-1,-1,-1,-1,-1,-1,-1,33,-1,-1,37
pC1_5b,cb_intrinsic,brain,SIP(R),423.0,77.6,-1,-1,-1,-1,-1,-1,-1,-1,35,-1,-1,37
pC1_6a,cb_intrinsic,brain,AVLP(L),698.5,220.5,-1,-1,42,-1,64,-1,-1,-1,22,-1,47,37
pC1_6b,cb_intrinsic,brain,AVLP(R),319.1,291.2,2,-1,-1,-1,-1,-1,67,-1,23,-1,-1,37
pC1_7a,cb_intrinsic,brain,AVLP(R),430.6,59.3,-1,-1,23,-1,65,-1,49,-1,39,-1,44,37
pC1_7b,cb_intrinsic,brain,AVLP(R),693.8,175.8,-1,-1,25,-1,-1,-1,-1,-1,-1,-1,57,37
pC1_8a,cb_intrinsic,brain,AVLP(R),550.2,93.4,-1,-1,51,-1,-1,-1,-1,-1,41,-1,-1,37
pC1_8b,cb_intrinsic,brain,AVLP(R),596.6,43.5,46,-1,-1,-1,-1,-1,-1,-1,-1,-1,-1,37
pC1_8c,cb_intrinsic,brain,AVLP(L),601.1,111.9,24,-1,-1,-1,-1,-1,-1,-1,-1,-1,-1,37
pC1_9a,cb_intrinsic,brain,PVLP(L),259.9,266.3,36,-1,25,-1,37,-1,28,-1,64,-1,-1,37
pC1_9b,cb_intrinsic,brain,PVLP(L),376.4,119.1,65,-1,-1,-1,-1,-1,-1,-1,-1,-1,-1,37
pC1x_a,cb_intrinsic,brain,SMP(L),581.4,98.6,-1,-1,37,-1,-1,-1,-1,-1,16,-1,-1,37
pC1x_b,cb_intrinsic,brain,SMP(R),473.1,69.3,-1,-1,24,-1,21,-1,39,-1,10,-1,-1,37
pC1x_c,cb_intrinsic,brain,SMP(R),391.5,125.1,52,-1,13,-1,18,-1,3,-1,16,-1,12,-1
pC1x_d,cb_intrinsic,brain,SMP(R),440.7,107.7,-1,-1,27,-1,11,-1,36,-1,11,-1,-1,37
pIP1,descending_neuron,brain,GNG,587.5,879.6,32,-1,4,-1,3,-1,1,-1,15,-1,1,-1
pIP10,descending_neuron,brain,LTct,630.9,190.7,-1,-1,5,-1,5,-1,4,-1,2,-1,19,-1
pMP2,descending_neuron,brain,SIP(L),631.3,127.4,-1,-1,13,-1,5,-1,3,-1,1,-1,8,-1
ps1 MN,vnc_motor,vnc,WTct(UTct-T2)(R),627.5,699.2,42,-1,-1,-1,3,-1,-1,-1,1,-1,45,42
ps2 MN,vnc_motor,vnc,WTct(UTct-T2)(L),446.3,684.3,-1,-1,-1,-1,7,-1,-1,-1,5,-1,-1,-1
s-LNv,visual_projection,brain,AME(R),685.7,57.8,-1,-1,-1,-1,-1,-1,40,-1,-1,-1,30,-1
tp1 MN,vnc_motor,vnc,WTct(UTct-T2)(L),611.0,720.5,34,-1,-1,-1,5,-1,-1,-1,2,-1,61,41
tp2 MN,vnc_motor,vnc,WTct(UTct-T2)(L),564.2,716.4,-1,-1,-1,-1,5,-1,-1,-1,2,-1,-1,42
tpn MN,vnc_motor,vnc,WTct(UTct-T2)(L),460.5,708.3,-1,-1,-1,-1,4,-1,-1,-1,2,-1,-1,43
v2LN30,cb_intrinsic,brain,AL(R),395.8,255.1,-1,-1,2,-1,2,-1,2,-1,49,-1,1,-1
v2LN31,cb_intrinsic,brain,AL(R),443.6,280.0,-1,-1,-1,49,13,-1,-1,-1,-1,-1,-1,-1
v2LN32,cb_intrinsic,brain,AL(L),580.7,240.7,43,-1,-1,-1,-1,-1,-1,-1,-1,-1,-1,-1
v2LN33,cb_intrinsic,brain,AL(R),444.6,296.1,-1,-1,-1,-1,14,-1,-1,-1,-1,-1,-1,-1
v2LN34A,cb_intrinsic,brain,AL(R),495.4,205.1,37,-1,-1,-1,-1,-1,-1,-1,-1,-1,-1,-1
v2LN34B,cb_intrinsic,brain,AL(L),637.6,198.8,-1,-1,-1,-1,-1,-1,-1,-1,-1,-1,14,-1
v2LN34C,cb_intrinsic,brain,AL(L),573.4,207.0,-1,-1,-1,-1,-1,-1,-1,-1,-1,-1,46,-1
v2LN34D,cb_intrinsic,brain,AL(R),439.5,239.8,-1,-1,-1,-1,35,-1,-1,-1,-1,-1,8,-1
v2LN34E,cb_intrinsic,brain,AL(L),577.1,221.2,-1,-1,44,-1,-1,-1,19,-1,-1,-1,11,-1
v2LN34F,cb_intrinsic,brain,AL(R),586.2,233.9,-1,-1,-1,-1,-1,-1,-1,-1,-1,-1,49,-1
v2LN36,cb_intrinsic,brain,AL(R),585.6,241.2,-1,-1,49,-1,5,-1,-1,-1,-1,-1,5,-1
v2LN37,cb_intrinsic,brain,AL(R),557.2,404.6,-1,-1,42,-1,26,-1,14,-1,-1,-1,1,-1
v2LN38,cb_intrinsic,brain,AL(R),423.9,269.4,-1,-1,66,-1,27,-1,-1,-1,-1,-1,-1,-1
v2LN39a,cb_intrinsic,brain,AL(R),578.9,210.9,5,-1,-1,-1,-1,-1,-1,-1,-1,-1,10,-1
v2LN3A,cb_intrinsic,brain,AL(R),577.8,182.7,-1,-1,-1,-1,34,-1,-1,-1,-1,-1,5,-1
v2LN3A1_a,cb_intrinsic,brain,AL(R),578.7,249.6,13,-1,-1,-1,-1,-1,-1,-1,-1,-1,-1,-1
v2LN3A1_b,cb_intrinsic,brain,AL(L),448.5,214.4,-1,-1,15,-1,8,-1,-1,-1,-1,-1,13,-1
v2LN4,cb_intrinsic,brain,AL(R),402.3,250.7,25,-1,31,-1,31,-1,-1,-1,-1,-1,11,-1
v2LN40_2,cb_intrinsic,brain,AL(R),439.2,240.4,-1,-1,-1,-1,13,-1,-1,-1,-1,-1,-1,-1
v2LN41,cb_intrinsic,brain,AL(R),427.7,277.6,33,-1,49,-1,51,-1,-1,-1,-1,-1,11,-1
v2LN42,cb_intrinsic,brain,AL(R),595.4,190.9,6,-1,-1,-1,39,-1,-1,-1,-1,-1,12,-1
v2LN46,cb_intrinsic,brain,AL(R),597.3,259.5,-1,-1,-1,-1,39,-1,-1,-1,-1,-1,-1,-1
v2LN47,cb_intrinsic,brain,AL(R),583.7,184.2,24,-1,-1,-1,49,-1,-1,-1,-1,-1,-1,-1
v2LN49,cb_intrinsic,brain,AL(R),427.8,301.3,3,-1,-1,-1,61,-1,-1,-1,-1,-1,45,-1
v2LN5,cb_intrinsic,brain,AL(R),415.2,252.6,26,-1,32,-1,10,-1,-1,-1,-1,-1,7,-1
v2LN50,cb_intrinsic,brain,AL(R),458.3,265.3,-1,-1,-1,-1,62,-1,-1,-1,-1,-1,10,-1
v2LNX01,cb_intrinsic,brain,AL(L),569.6,218.1,-1,-1,-1,-1,-1,-1,-1,-1,-1,-1,-1,-1
vCal1,visual_projection,brain,LOP(R),210.9,450.7,-1,-1,38,-1,-1,57,-1,68,-1,-1,-1,37
vCal2,visual_projection,brain,LOP(R),244.4,444.0,9,-1,40,-1,-1,57,-1,68,-1,-1,-1,37
vCal3,visual_projection,brain,LOP(R),187.0,320.8,38,-1,18,-1,-1,57,-1,68,-1,-1,-1,37
vDeltaA_a,cb_intrinsic,brain,FB,493.7,167.7,-1,-1,6,-1,6,-1,33,-1,1,-1,-1,37
vDeltaA_b,cb_intrinsic,brain,FB,500.5,179.9,4,-1,22,-1,21,-1,34,-1,3,-1,61,37
vDeltaB,cb_intrinsic,brain,FB,549.9,173.4,42,-1,15,-1,9,-1,33,-1,2,-1,-1,37
vDeltaC,cb_intrinsic,brain,FB,473.6,183.9,64,-1,17,-1,6,-1,-1,-1,1,-1,-1,37
vDeltaD,cb_intrinsic,brain,FB,497.6,181.5,-1,-1,24,-1,7,-1,-1,-1,2,-1,-1,37
vDeltaE,cb_intrinsic,brain,FB,532.8,175.6,17,-1,41,-1,8,-1,-1,-1,2,-1,-1,37
vDeltaF,cb_intrinsic,brain,FB,514.5,171.5,-1,-1,60,-1,7,-1,-1,-1,2,-1,-1,37
vDeltaG,cb_intrinsic,brain,FB,537.4,141.5,-1,-1,-1,67,7,-1,-1,-1,2,-1,-1,37
vDeltaH,cb_intrinsic,brain,FB,565.2,149.1,17,-1,-1,67,33,-1,-1,-1,43,-1,-1,37
vDeltaI_a,cb_intrinsic,brain,FB,527.5,174.2,5,-1,-1,67,8,-1,-1,-1,2,-1,-1,37
vDeltaI_b,cb_intrinsic,brain,FB,486.8,152.1,-1,-1,39,-1,17,-1,-1,-1,2,-1,58,37
vDeltaJ,cb_intrinsic,brain,FB,538.1,139.2,58,-1,-1,-1,-1,-1,-1,-1,4,-1,-1,37
vDeltaK,cb_intrinsic,brain,FB,501.9,186.0,-1,-1,34,-1,4,-1,-1,-1,2,-1,-1,37
vDeltaL,cb_intrinsic,brain,FB,511.5,175.2,18,-1,30,-1,8,-1,-1,-1,2,-1,-1,37
vDeltaM,cb_intrinsic,brain,FB,489.6,191.1,26,-1,8,-1,8,-1,-1,-1,2,-1,-1,37
vLN24,cb_intrinsic,brain,AL(R),402.4,258.4,22,-1,68,-1,7,-1,18,-1,53,-1,2,-1
vLN25,cb_intrinsic,brain,AL(R),555.8,236.0,-1,-1,-1,-1,4,-1,-1,-1,-1,-1,1,-1
vLN26,cb_intrinsic,brain,AL(L),606.1,222.2,7,-1,21,-1,59,-1,13,-1,-1,-1,2,-1
vLN27,cb_intrinsic,brain,AL(L),593.6,256.7,56,-1,-1,-1,35,-1,-1,-1,-1,-1,-1,-1
vLN28,cb_intrinsic,brain,AL(R),571.3,192.4,-1,-1,-1,-1,35,-1,-1,-1,-1,-1,-1,-1
vLN29,cb_intrinsic,brain,AL(R),413.6,269.4,-1,-1,-1,-1,42,-1,-1,-1,-1,-1,-1,-1
vMS11,vnc_intrinsic,vnc,WTct(UTct-T2)(L),418.3,743.2,-1,-1,4,-1,9,-1,28,-1,3,-1,23,-1
vMS12_a,vnc_intrinsic,vnc,WTct(UTct-T2)(R),414.2,721.0,54,-1,16,-1,7,-1,44,-1,4,-1,31,-1
vMS12_b,vnc_intrinsic,vnc,WTct(UTct-T2)(L),619.9,726.3,28,-1,36,-1,-1,-1,17,-1,11,-1,-1,41
vMS12_c,vnc_intrinsic,vnc,WTct(UTct-T2)(R),633.7,727.6,-1,-1,18,-1,62,-1,17,-1,6,-1,-1,41
vMS12_d,vnc_intrinsic,vnc,WTct(UTct-T2)(R),507.7,705.4,-1,-1,30,-1,38,-1,17,-1,5,-1,31,-1
vMS12_e,vnc_intrinsic,vnc,WTct(UTct-T2)(R),525.8,736.1,1,-1,-1,-1,-1,-1,17,-1,34,-1,-1,41
vMS13,ascending_neuron,brain,GNG,515.7,744.2,-1,-1,44,-1,-1,-1,16,-1,-1,-1,6,-1
vMS16,ascending_neuron,vnc,LTct,578.4,892.2,-1,-1,-1,-1,-1,-1,-1,-1,-1,-1,27,-1
vMS17,vnc_intrinsic,vnc,LegNp(T2)(L),430.2,844.6,11,-1,-1,-1,-1,-1,-1,-1,-1,-1,-1,-1
vPR6,vnc_intrinsic,vnc,LTct,514.4,667.6,-1,-1,26,-1,7,-1,45,-1,16,-1,36,-1
vPR9_a,vnc_intrinsic,vnc,LTct,536.2,748.8,-1,-1,20,-1,12,-1,-1,-1,31,-1,19,-1
vPR9_b,vnc_intrinsic,vnc,LTct,541.5,801.5,-1,-1,38,-1,53,-1,11,-1,-1,-1,26,-1
vPR9_c,vnc_intrinsic,vnc,LTct,545.2,784.8,21,-1,24,-1,20,-1,54,-1,35,-1,19,-1
vpoEN,cb_intrinsic,brain,AVLP(R),678.1,349.2,-1,-1,20,-1,10,-1,-1,-1,48,-1,32,-1
vpoIN,cb_intrinsic,brain,AVLP(R),746.7,228.6,42,-1,67,-1,33,-1,33,-1,39,-1,-1,37
w-cHIN,vnc_intrinsic,vnc,IntTct,514.5,737.6,17,-1,-1,58,7,-1,-1,-1,3,-1,53,43
