cell_type,brain_synapses,vnc_synapses,brain_share,compartment
5-HTPLP01,18207,0,1.0000,brain
5-HTPMPD01,11411,0,1.0000,brain
5-HTPMPV01,15085,0,1.0000,brain
5-HTPMPV03,53844,0,1.0000,brain
5thsLNv_LNd6,9634,0,1.0000,brain
ADNM1 MN,0,14622,0.0000,vnc
ADNM2 MN,0,4285,0.0000,vnc
AL-AST1,29478,0,1.0000,brain
AL-MBDL1,18622,0,1.0000,brain
ALBN1,25120,0,1.0000,brain
ALIN1,12763,0,1.0000,brain
ALIN2,15416,0,1.0000,brain
ALIN3,6644,0,1.0000,brain
ALIN4,10953,0,1.0000,brain
ALIN5,10319,0,1.0000,brain
ALIN6,6541,0,1.0000,brain
ALIN7,9406,0,1.0000,brain
ALIN8,2294,0,1.0000,brain
ALON1,3929,0,1.0000,brain
ALON2,2889,0,1.0000,brain
ALON3,19316,0,1.0000,brain
AMMC-A1,50298,0,1.0000,brain
AMMC001,1672,0,1.0000,brain
AMMC002,4175,0,1.0000,brain
AMMC003,7527,0,1.0000,brain
AMMC004,6873,0,1.0000,brain
AMMC005,7207,0,1.0000,brain
AMMC006,7640,0,1.0000,brain
AMMC007,5662,0,1.0000,brain
AMMC008,7657,0,1.0000,brain
AMMC009,5782,0,1.0000,brain
AMMC010,5276,0,1.0000,brain
AMMC011,6824,0,1.0000,brain
AMMC012,14138,0,1.0000,brain
AMMC013,20104,0,1.0000,brain
AMMC014,5065,0,1.0000,brain
AMMC015,9710,0,1.0000,brain
AMMC016,2629,0,1.0000,brain
AMMC017,3161,0,1.0000,brain
AMMC018,5967,0,1.0000,brain
AMMC019,9675,0,1.0000,brain
AMMC020,9127,0,1.0000,brain
AMMC021,6233,0,1.0000,brain
AMMC022,8455,0,1.0000,brain
AMMC023,4731,0,1.0000,brain
AMMC024,3106,0,1.0000,brain
AMMC025,11809,0,1.0000,brain
AMMC026,14933,0,1.0000,brain
AMMC027,4727,0,1.0000,brain
AMMC028,9058,0,1.0000,brain
AMMC029,3644,0,1.0000,brain
AMMC030,4734,0,1.0000,brain
AMMC031,6341,0,1.0000,brain
AMMC032,5560,0,1.0000,brain
AMMC033,4973,0,1.0000,brain
AMMC034_a,6590,0,1.0000,brain
AMMC034_b,4020,0,1.0000,brain
AMMC035,7972,0,1.0000,brain
AMMC036,7613,0,1.0000,brain
AMMC037,3748,0,1.0000,brain
AMMC038,6877,0,1.0000,brain
AN00A002,1241,6371,0.1630,vnc
AN00A006,9724,16519,0.3705,vnc
AN00A009,1660,2366,0.4123,vnc
AN01A006,1083,10137,0.0965,vnc
AN01A014,1302,8603,0.1314,vnc
AN01A021,1006,13720,0.0683,vnc
AN01A033,3967,3052,0.5652,brain
AN01A049,1277,1278,0.4998,vnc
AN01A055,15960,7,0.9996,brain
AN01A086,7740,20,0.9974,brain
AN01A089,22835,11,0.9995,brain
AN01B002,15708,73589,0.1759,vnc
AN01B004,4093,15216,0.2120,vnc
AN01B005,3471,15801,0.1801,vnc
AN01B011,2247,5955,0.2740,vnc
AN01B014,957,1162,0.4516,vnc
AN01B018,1142,409,0.7363,brain
AN02A001,7756,24709,0.2389,vnc
AN02A002,17375,18013,0.4910,vnc
AN02A005,2302,1727,0.5714,brain
AN02A009,3076,1673,0.6477,brain
AN02A016,1568,3430,0.3137,vnc
AN02A017,3273,1270,0.7204,brain
AN02A022,462,1438,0.2432,vnc
AN02A025,1491,967,0.6066,brain
AN02A046,705,452,0.6093,brain
AN03A002,2022,9391,0.1772,vnc
AN03A008,5693,3004,0.6546,brain
AN03B009,747,14746,0.0482,vnc
AN03B011,1636,21811,0.0698,vnc
AN03B039,909,7585,0.1070,vnc
AN03B050,1098,2557,0.3004,vnc
AN03B094,1424,1578,0.4744,vnc
AN03B095,751,1417,0.3464,vnc
AN04A001,1491,46480,0.0311,vnc
AN04B001,3744,40489,0.0846,vnc
AN04B003,8399,14570,0.3657,vnc
AN04B004,789,14356,0.0521,vnc
AN04B023,8088,5886,0.5788,brain
AN04B051,2143,1103,0.6602,brain
AN05B004,7938,31047,0.2036,vnc
AN05B005,2156,33196,0.0610,vnc
AN05B006,4473,33958,0.1164,vnc
AN05B007,3134,6465,0.3265,vnc
AN05B009,13675,59146,0.1878,vnc
AN05B010,1328,7597,0.1488,vnc
AN05B015,731,6178,0.1058,vnc
AN05B017,1748,4423,0.2833,vnc
AN05B021,2383,9325,0.2035,vnc
AN05B023a,3908,14507,0.2122,vnc
AN05B023b,67,20449,0.0033,vnc
AN05B023c,2529,12347,0.1700,vnc
AN05B023d,3857,19210,0.1672,vnc
AN05B024,590,3018,0.1635,vnc
AN05B025,3224,6879,0.3191,vnc
AN05B026,944,1030,0.4782,vnc
AN05B027,861,3712,0.1883,vnc
AN05B029,2607,4648,0.3593,vnc
AN05B035,4298,8083,0.3471,vnc
AN05B036,800,6961,0.1031,vnc
AN05B040,2349,3466,0.4040,vnc
AN05B044,1072,839,0.5610,brain
AN05B045,567,2823,0.1673,vnc
AN05B046,1408,3019,0.3180,vnc
AN05B048,180,2375,0.0705,vnc
AN05B049_a,508,2143,0.1916,vnc
AN05B049_b,410,2839,0.1262,vnc
AN05B049_c,645,1299,0.3318,vnc
AN05B050_a,345,2191,0.1360,vnc
AN05B050_b,722,1804,0.2858,vnc
AN05B050_c,1496,3976,0.2734,vnc
AN05B052,1465,3232,0.3119,vnc
AN05B053,1945,19608,0.0902,vnc
AN05B054_a,647,3833,0.1444,vnc
AN05B054_b,661,3962,0.1430,vnc
AN05B056,666,2829,0.1906,vnc
AN05B058,1183,4373,0.2129,vnc
AN05B059,415,1270,0.2463,vnc
AN05B060,129,556,0.1883,vnc
AN05B062,1689,4944,0.2546,vnc
AN05B063,1373,2506,0.3540,vnc
AN05B067,274,803,0.2544,vnc
AN05B068,1397,5675,0.1975,vnc
AN05B069,616,1499,0.2913,vnc
AN05B071,587,1865,0.2394,vnc
AN05B076,4662,1409,0.7679,brain
AN05B078,1083,2139,0.3361,vnc
AN05B081,718,1688,0.2984,vnc
AN05B083,177,1061,0.1430,vnc
AN05B095,1499,7658,0.1637,vnc
AN05B096,3377,21510,0.1357,vnc
AN05B097,15206,28082,0.3513,vnc
AN05B098,2073,9127,0.1851,vnc
AN05B099,13941,54334,0.2042,vnc
AN05B100,4291,21407,0.1670,vnc
AN05B101,28131,6953,0.8018,brain
AN05B102a,6080,38347,0.1369,vnc
AN05B102b,2524,8754,0.2238,vnc
AN05B102c,4720,18937,0.1995,vnc
AN05B102d,2795,10626,0.2083,vnc
AN05B103,5270,2506,0.6777,brain
AN05B104,1123,14148,0.0735,vnc
AN05B105,2238,5087,0.3055,vnc
AN05B106,4596,4689,0.4950,vnc
AN05B107,1547,9539,0.1395,vnc
AN05B108,0,5770,0.0000,vnc
AN06A010,254,4125,0.0580,vnc
AN06A015,1723,2755,0.3848,vnc
AN06A016,787,4563,0.1471,vnc
AN06A017,915,2980,0.2349,vnc
AN06A018,250,2522,0.0902,vnc
AN06A026,875,8529,0.0930,vnc
AN06A027,1689,1633,0.5084,brain
AN06A030,551,3277,0.1439,vnc
AN06A041,476,1742,0.2146,vnc
AN06A060,585,694,0.4574,vnc
AN06A062,742,2813,0.2087,vnc
AN06A080,660,2842,0.1885,vnc
AN06A092,597,5157,0.1038,vnc
AN06A095,373,2583,0.1262,vnc
AN06A112,514,2998,0.1464,vnc
AN06B002,2525,37289,0.0634,vnc
AN06B004,3800,9764,0.2802,vnc
AN06B005,685,8640,0.0735,vnc
AN06B007,4884,15248,0.2426,vnc
AN06B009,18097,4010,0.8186,brain
AN06B011,5244,3163,0.6238,brain
AN06B012,1720,1718,0.5003,brain
AN06B014,2111,6287,0.2514,vnc
AN06B015,313,1701,0.1554,vnc
AN06B023,819,6255,0.1158,vnc
AN06B025,4054,4506,0.4736,vnc
AN06B026,1787,5215,0.2552,vnc
AN06B031,445,6100,0.0680,vnc
AN06B034,2755,2394,0.5351,brain
AN06B037,4581,1873,0.7098,brain
AN06B039,4531,10599,0.2995,vnc
AN06B040,4384,4360,0.5014,brain
AN06B042,203,5497,0.0356,vnc
AN06B044,1464,2672,0.3540,vnc
AN06B045,663,3024,0.1798,vnc
AN06B046,416,2286,0.1540,vnc
AN06B048,405,2337,0.1477,vnc
AN06B051,1585,9296,0.1457,vnc
AN06B057,2312,878,0.7248,brain
AN06B068,2186,4765,0.3145,vnc
AN06B075,1402,804,0.6355,brain
AN06B088,1401,5089,0.2159,vnc
AN06B089,1503,11987,0.1114,vnc
AN06B090,2024,2665,0.4316,vnc
AN07B003,457,17830,0.0250,vnc
AN07B004,23933,6430,0.7882,brain
AN07B005,2277,35939,0.0596,vnc
AN07B011,610,7687,0.0735,vnc
AN07B013,1990,18650,0.0964,vnc
AN07B015,1047,8924,0.1050,vnc
AN07B017,1724,8913,0.1621,vnc
AN07B018,3543,7676,0.3158,vnc
AN07B021,1358,5170,0.2080,vnc
AN07B024,1142,6159,0.1564,vnc
AN07B025,675,3667,0.1555,vnc
AN07B032,452,4932,0.0840,vnc
AN07B035,2839,4743,0.3744,vnc
AN07B036,2126,4681,0.3123,vnc
AN07B037_a,5423,2857,0.6550,brain
AN07B037_b,3582,2292,0.6098,brain
AN07B040,1426,1104,0.5636,brain
AN07B041,1537,2463,0.3842,vnc
AN07B042,1760,3794,0.3169,vnc
AN07B043,1069,1226,0.4658,vnc
AN07B045,751,9422,0.0738,vnc
AN07B046_a,577,4790,0.1075,vnc
AN07B046_b,267,2322,0.1031,vnc
AN07B046_c,653,6274,0.0943,vnc
AN07B049,4503,6065,0.4261,vnc
AN07B050,601,3103,0.1623,vnc
AN07B052,3295,6310,0.3431,vnc
AN07B056,1007,5304,0.1596,vnc
AN07B057,630,813,0.4366,vnc
AN07B060,780,5532,0.1236,vnc
AN07B062,2547,9736,0.2074,vnc
AN07B063,245,1904,0.1140,vnc
AN07B069_a,572,2305,0.1988,vnc
AN07B069_b,1758,4510,0.2805,vnc
AN07B070,1530,4383,0.2588,vnc
AN07B071_a,245,1398,0.1491,vnc
AN07B071_b,348,1027,0.2531,vnc
AN07B071_c,677,1642,0.2919,vnc
AN07B071_d,668,2290,0.2258,vnc
AN07B072_a,666,1250,0.3476,vnc
AN07B072_b,666,1169,0.3629,vnc
AN07B072_c,436,824,0.3460,vnc
AN07B072_d,530,1421,0.2717,vnc
AN07B072_e,2795,2443,0.5336,brain
AN07B072_f,358,873,0.2908,vnc
AN07B076,373,5516,0.0633,vnc
AN07B078_a,564,443,0.5601,brain
AN07B078_b,561,637,0.4683,vnc
AN07B082_a,410,1062,0.2785,vnc
AN07B082_b,500,1016,0.3298,vnc
AN07B082_c,464,1233,0.2734,vnc
AN07B082_d,517,1319,0.2816,vnc
AN07B085,1497,4364,0.2554,vnc
AN07B089,1546,5031,0.2351,vnc
AN07B091,1043,2199,0.3217,vnc
AN07B097,309,238,0.5649,brain
AN07B100,79,468,0.1444,vnc
AN07B101_a,698,303,0.6973,brain
AN07B101_b,941,353,0.7272,brain
AN07B101_c,731,175,0.8068,brain
AN07B106,1616,2101,0.4348,vnc
AN07B110,632,1346,0.3195,vnc
AN07B116,306,966,0.2406,vnc
AN08B005,502,11878,0.0405,vnc
AN08B007,7010,7542,0.4817,vnc
AN08B009,3590,22379,0.1382,vnc
AN08B010,2866,20162,0.1245,vnc
AN08B012,20169,38973,0.3410,vnc
AN08B013,2856,8087,0.2610,vnc
AN08B014,3984,4211,0.4862,vnc
AN08B015,1004,6852,0.1278,vnc
AN08B016,1037,8517,0.1085,vnc
AN08B018,18460,47539,0.2797,vnc
AN08B020,5190,3949,0.5679,brain
AN08B022,5092,14606,0.2585,vnc
AN08B023,7293,23983,0.2332,vnc
AN08B024,5854,14891,0.2822,vnc
AN08B025,2497,3781,0.3977,vnc
AN08B026,8297,9969,0.4542,vnc
AN08B027,3194,3041,0.5123,brain
AN08B028,3304,11645,0.2210,vnc
AN08B031,1173,16898,0.0649,vnc
AN08B032,2828,4536,0.3840,vnc
AN08B034,6553,21467,0.2339,vnc
AN08B035,114,1577,0.0674,vnc
AN08B041,1605,4761,0.2521,vnc
AN08B043,192,5129,0.0361,vnc
AN08B047,437,7201,0.0572,vnc
AN08B048,1855,2842,0.3949,vnc
AN08B049,1979,10397,0.1599,vnc
AN08B050,1923,2675,0.4182,vnc
AN08B053,1034,4295,0.1940,vnc
AN08B057,1409,1458,0.4915,vnc
AN08B059,1594,10312,0.1339,vnc
AN08B061,779,12385,0.0592,vnc
AN08B066,1236,2251,0.3545,vnc
AN08B069,1387,2892,0.3241,vnc
AN08B074,4566,5015,0.4766,vnc
AN08B079_a,1525,7090,0.1770,vnc
AN08B079_b,1638,10701,0.1327,vnc
AN08B081,1938,5946,0.2458,vnc
AN08B084,4335,2476,0.6365,brain
AN08B086,1377,2278,0.3767,vnc
AN08B089,560,1774,0.2399,vnc
AN08B094,765,2928,0.2071,vnc
AN08B095,894,1922,0.3175,vnc
AN08B096,623,1217,0.3386,vnc
AN08B097,1372,3514,0.2808,vnc
AN08B098,2239,7342,0.2337,vnc
AN08B099_a,1754,1655,0.5145,brain
AN08B099_b,598,1760,0.2536,vnc
AN08B099_c,839,1810,0.3167,vnc
AN08B099_d,662,1607,0.2918,vnc
AN08B099_e,427,1465,0.2257,vnc
AN08B099_f,1150,3570,0.2436,vnc
AN08B099_g,1276,1815,0.4128,vnc
AN08B099_h,1097,1791,0.3798,vnc
AN08B099_i,551,1706,0.2441,vnc
AN08B099_j,545,961,0.3619,vnc
AN08B100,2674,6057,0.3063,vnc
AN08B101,2145,4723,0.3123,vnc
AN08B102,314,1316,0.1926,vnc
AN08B103,712,1028,0.4092,vnc
AN08B106,1330,1366,0.4933,vnc
AN08B107,424,801,0.3461,vnc
AN08B109,921,960,0.4896,vnc
AN08B110,597,780,0.4336,vnc
AN08B111,1064,201,0.8411,brain
AN08B112,1946,465,0.8071,brain
AN08B113,1304,1839,0.4149,vnc
AN09A005,5522,4858,0.5320,brain
AN09A007,1241,6652,0.1572,vnc
AN09B002,6766,5295,0.5610,brain
AN09B003,6276,14138,0.3074,vnc
AN09B004,23987,64986,0.2696,vnc
AN09B006,962,4152,0.1881,vnc
AN09B007,3478,5425,0.3907,vnc
AN09B009,11154,55526,0.1673,vnc
AN09B011,2402,5345,0.3101,vnc
AN09B012,8358,15916,0.3443,vnc
AN09B013,1807,13054,0.1216,vnc
AN09B014,8339,9070,0.4790,vnc
AN09B015,3197,6619,0.3257,vnc
AN09B016,4543,4199,0.5197,brain
AN09B017a,2579,2653,0.4929,vnc
AN09B017b,4633,3506,0.5692,brain
AN09B017c,3372,2357,0.5886,brain
AN09B017d,4141,4640,0.4716,vnc
AN09B017e,5729,3463,0.6233,brain
AN09B017f,4973,2635,0.6537,brain
AN09B017g,5331,6216,0.4617,vnc
AN09B018,17196,45420,0.2746,vnc
AN09B019,2489,7140,0.2585,vnc
AN09B020,7006,16672,0.2959,vnc
AN09B021,1058,5951,0.1509,vnc
AN09B023,15174,36908,0.2913,vnc
AN09B024,6634,9970,0.3995,vnc
AN09B026,3277,1590,0.6733,brain
AN09B027,2789,5402,0.3405,vnc
AN09B028,1557,3001,0.3416,vnc
AN09B029,3076,11578,0.2099,vnc
AN09B030,2248,10412,0.1776,vnc
AN09B031,3498,3302,0.5144,brain
AN09B032,1845,9303,0.1655,vnc
AN09B033,7921,2725,0.7440,brain
AN09B034,2849,5124,0.3573,vnc
AN09B035,2048,10838,0.1589,vnc
AN09B036,1247,6826,0.1545,vnc
AN09B037,3244,6486,0.3334,vnc
AN09B040,1647,6451,0.2034,vnc
AN09B042,1124,1242,0.4751,vnc
AN09B044,376,2249,0.1432,vnc
AN09B059,4221,12,0.9972,brain
AN09B060,4958,18585,0.2106,vnc
AN10B005,8309,7086,0.5397,brain
AN10B008,2040,6372,0.2425,vnc
AN10B009,1921,5045,0.2758,vnc
AN10B015,4766,18844,0.2019,vnc
AN10B017,4660,3471,0.5731,brain
AN10B018,3891,4107,0.4865,vnc
AN10B019,3369,21694,0.1344,vnc
AN10B020,2966,15506,0.1606,vnc
AN10B021,2643,3598,0.4235,vnc
AN10B022,2716,13735,0.1651,vnc
AN10B024,3494,5659,0.3817,vnc
AN10B025,965,2362,0.2901,vnc
AN10B026,2835,1117,0.7174,brain
AN10B027,4155,11179,0.2710,vnc
AN10B029,2174,5753,0.2743,vnc
AN10B031,165,935,0.1500,vnc
AN10B033,1496,4853,0.2356,vnc
AN10B034,934,7725,0.1079,vnc
AN10B035,1330,5794,0.1867,vnc
AN10B037,1236,7525,0.1411,vnc
AN10B039,1131,9678,0.1046,vnc
AN10B045,6270,12752,0.3296,vnc
AN10B046,1087,4082,0.2103,vnc
AN10B047,2655,7716,0.2560,vnc
AN10B048,1006,3216,0.2383,vnc
AN10B053,2062,4256,0.3264,vnc
AN10B061,302,1775,0.1454,vnc
AN10B062,383,2329,0.1412,vnc
AN11B008,759,4319,0.1495,vnc
AN11B012,305,4353,0.0655,vnc
AN12A003,3274,10335,0.2406,vnc
AN12A017,1090,2968,0.2686,vnc
AN12B001,4335,12420,0.2587,vnc
AN12B004,6092,20638,0.2279,vnc
AN12B005,878,16299,0.0511,vnc
AN12B006,1617,14951,0.0976,vnc
AN12B008,1710,13939,0.1093,vnc
AN12B011,2072,4709,0.3056,vnc
AN12B017,4689,8835,0.3467,vnc
AN12B019,5019,8496,0.3714,vnc
AN12B055,1813,2167,0.4555,vnc
AN12B060,1051,4860,0.1778,vnc
AN12B076,1183,852,0.5813,brain
AN12B080,710,818,0.4647,vnc
AN12B089,1113,2072,0.3495,vnc
AN13B002,2709,44832,0.0570,vnc
AN14A003,1285,33789,0.0366,vnc
AN14B012,435,2746,0.1367,vnc
AN16B078_a,751,649,0.5364,brain
AN16B078_b,200,963,0.1720,vnc
AN16B078_c,3203,1694,0.6541,brain
AN16B078_d,2197,1874,0.5397,brain
AN16B081,130,1271,0.0928,vnc
AN16B112,1552,1437,0.5192,brain
AN16B116,933,335,0.7358,brain
AN17A002,3939,15720,0.2004,vnc
AN17A003,5454,44747,0.1086,vnc
AN17A004,2024,18135,0.1004,vnc
AN17A008,4679,4827,0.4922,vnc
AN17A009,2091,17602,0.1062,vnc
AN17A012,7618,21446,0.2621,vnc
AN17A013,1029,37048,0.0270,vnc
AN17A014,4392,26458,0.1424,vnc
AN17A015,5251,53138,0.0899,vnc
AN17A018,3325,33349,0.0907,vnc
AN17A024,2633,30838,0.0787,vnc
AN17A026,4539,4093,0.5258,brain
AN17A031,1106,6152,0.1524,vnc
AN17A047,1437,4052,0.2618,vnc
AN17A050,4048,3785,0.5168,brain
AN17A062,5976,10738,0.3575,vnc
AN17A068,1170,3135,0.2718,vnc
AN17A073,1009,1793,0.3601,vnc
AN17A076,14753,7439,0.6648,brain
AN17B002,6616,5429,0.5493,brain
AN17B005,3406,8187,0.2938,vnc
AN17B007,1736,5910,0.2270,vnc
AN17B008,5025,18696,0.2118,vnc
AN17B009,2669,6395,0.2945,vnc
AN17B011,1559,3725,0.2950,vnc
AN17B012,4025,9046,0.3079,vnc
AN17B013,3441,4730,0.4211,vnc
AN17B016,3962,1401,0.7388,brain
AN18B001,2570,18110,0.1243,vnc
AN18B002,1293,13126,0.0897,vnc
AN18B003,113,16614,0.0068,vnc
AN18B004,1504,15747,0.0872,vnc
AN18B019,3712,7824,0.3218,vnc
AN18B020,642,6421,0.0909,vnc
AN18B022,2992,2966,0.5022,brain
AN18B023,2783,3693,0.4297,vnc
AN18B025,1608,3873,0.2934,vnc
AN18B032,1950,15170,0.1139,vnc
AN18B053,2086,13982,0.1298,vnc
AN19A018,14189,55015,0.2050,vnc
AN19A019,1374,3509,0.2814,vnc
AN19A038,3338,107,0.9689,brain
AN19B001,3089,65223,0.0452,vnc
AN19B004,566,17106,0.0320,vnc
AN19B009,692,18439,0.0362,vnc
AN19B010,1671,23187,0.0672,vnc
AN19B014,1286,5408,0.1921,vnc
AN19B015,1974,5489,0.2645,vnc
AN19B017,9116,7054,0.5638,brain
AN19B018,1165,5054,0.1873,vnc
AN19B019,11565,5757,0.6676,brain
AN19B022,642,4386,0.1277,vnc
AN19B024,2466,3701,0.3999,vnc
AN19B025,2852,6563,0.3029,vnc
AN19B028,3022,4878,0.3825,vnc
AN19B032,1257,8676,0.1265,vnc
AN19B036,5630,10081,0.3583,vnc
AN19B039,889,4462,0.1661,vnc
AN19B042,1443,2081,0.4095,vnc
AN19B044,2541,2253,0.5300,brain
AN19B046,571,3417,0.1432,vnc
AN19B049,2593,984,0.7249,brain
AN19B051,847,3402,0.1993,vnc
AN19B059,1562,7586,0.1707,vnc
AN19B060,909,3119,0.2257,vnc
AN19B061,366,3296,0.0999,vnc
AN19B063,239,4971,0.0459,vnc
AN19B065,419,4681,0.0822,vnc
AN19B076,596,2668,0.1826,vnc
AN19B079,280,7230,0.0373,vnc
AN19B093,1100,4059,0.2132,vnc
AN19B098,177,4164,0.0408,vnc
AN19B099,528,3307,0.1377,vnc
AN19B100,267,1900,0.1232,vnc
AN19B101,711,8756,0.0751,vnc
AN19B102,141,1336,0.0955,vnc
AN19B104,921,3985,0.1877,vnc
AN19B106,165,749,0.1805,vnc
AN23B001,1235,17816,0.0648,vnc
AN23B002,669,26991,0.0242,vnc
AN23B003,2152,18340,0.1050,vnc
AN23B004,1076,4728,0.1854,vnc
AN23B010,2411,2866,0.4569,vnc
AN23B026,1461,2475,0.3712,vnc
AN26X004,824,450,0.6468,brain
AN27X003,2409,4379,0.3549,vnc
AN27X004,996,9430,0.0955,vnc
AN27X008,4197,4727,0.4703,vnc
AN27X009,7270,7931,0.4783,vnc
AN27X011,5730,7136,0.4454,vnc
AN27X013,5809,244,0.9597,brain
AN27X015,5481,4936,0.5262,brain
AN27X016,3606,3091,0.5385,brain
AN27X017,4268,3126,0.5772,brain
AN27X018,15103,5099,0.7476,brain
AN27X019,1060,5204,0.1692,vnc
AN27X020,6034,63,0.9897,brain
AN27X021,8914,147,0.9838,brain
AN27X022,4127,16,0.9961,brain
AN27X024,4812,1374,0.7779,brain
ANXXX002,1643,30666,0.0509,vnc
ANXXX005,4302,18071,0.1923,vnc
ANXXX006,1291,15167,0.0784,vnc
ANXXX007,2492,21532,0.1037,vnc
ANXXX008,151,4072,0.0358,vnc
ANXXX013,4611,27352,0.1443,vnc
ANXXX023,603,10002,0.0569,vnc
ANXXX024,514,18148,0.0275,vnc
ANXXX026,1638,7119,0.1871,vnc
ANXXX027,42107,167939,0.2005,vnc
ANXXX030,1659,11125,0.1298,vnc
ANXXX033,2471,7582,0.2458,vnc
ANXXX037,846,12798,0.0620,vnc
ANXXX041,4844,13186,0.2687,vnc
ANXXX049,2552,17313,0.1285,vnc
ANXXX050,2641,8294,0.2415,vnc
ANXXX055,2333,16018,0.1271,vnc
ANXXX057,4111,10360,0.2841,vnc
ANXXX068,4773,5341,0.4719,vnc
ANXXX071,2806,4520,0.3830,vnc
ANXXX072,1492,4574,0.2460,vnc
ANXXX074,1078,8629,0.1111,vnc
ANXXX075,2919,14084,0.1717,vnc
ANXXX082,1789,7117,0.2009,vnc
ANXXX084,5273,38143,0.1215,vnc
ANXXX086,157,18581,0.0084,vnc
ANXXX092,1382,12236,0.1015,vnc
ANXXX093,3656,15379,0.1921,vnc
ANXXX094,5021,4380,0.5341,brain
ANXXX098,7049,16413,0.3004,vnc
ANXXX099,1282,9419,0.1198,vnc
ANXXX102,6348,5914,0.5177,brain
ANXXX106,1679,3995,0.2959,vnc
ANXXX108,3768,3876,0.4929,vnc
ANXXX109,2733,3170,0.4630,vnc
ANXXX116,4809,7652,0.3859,vnc
ANXXX120,3758,7209,0.3427,vnc
ANXXX127,2631,2439,0.5189,brain
ANXXX130,1417,4238,0.2506,vnc
ANXXX131,2780,3444,0.4467,vnc
ANXXX132,1936,5015,0.2785,vnc
ANXXX136,3459,5597,0.3820,vnc
ANXXX139,2692,3541,0.4319,vnc
ANXXX144,1613,5440,0.2287,vnc
ANXXX145,4044,16442,0.1974,vnc
ANXXX150,4256,5728,0.4263,vnc
ANXXX151,2799,10122,0.2166,vnc
ANXXX152,1729,5789,0.2300,vnc
ANXXX154,3574,5305,0.4025,vnc
ANXXX157,0,6860,0.0000,vnc
ANXXX165,2314,2750,0.4570,vnc
ANXXX169,3802,20427,0.1569,vnc
ANXXX170,3971,11823,0.2514,vnc
ANXXX171,752,3685,0.1695,vnc
ANXXX174,2441,6057,0.2872,vnc
ANXXX178,1958,7366,0.2100,vnc
ANXXX191,2023,1429,0.5860,brain
ANXXX196,2394,7925,0.2320,vnc
ANXXX200,1900,2742,0.4093,vnc
ANXXX202,3279,13025,0.2011,vnc
ANXXX214,1977,6977,0.2208,vnc
ANXXX218,3991,929,0.8112,brain
ANXXX250,7173,482,0.9370,brain
ANXXX254,1162,2253,0.3403,vnc
ANXXX255,2718,1865,0.5931,brain
ANXXX264,1432,7372,0.1627,vnc
ANXXX296,1654,1358,0.5491,brain
ANXXX308,2454,905,0.7306,brain
ANXXX318,0,3806,0.0000,vnc
ANXXX338,1181,398,0.7479,brain
ANXXX380,1808,1360,0.5707,brain
ANXXX404,5839,1481,0.7977,brain
ANXXX410,955,426,0.6915,brain
ANXXX434,4892,45,0.9909,brain
ANXXX462a,6311,6,0.9991,brain
ANXXX462b,6307,0,1.0000,brain
ANXXX470,5868,1,0.9998,brain
AOTU001,15626,0,1.0000,brain
AOTU002_a,11050,0,1.0000,brain
AOTU002_b,15580,0,1.0000,brain
AOTU002_c,10978,0,1.0000,brain
AOTU003,11980,0,1.0000,brain
AOTU004,6156,0,1.0000,brain
AOTU005,12793,0,1.0000,brain
AOTU006,10641,0,1.0000,brain
AOTU007,4555,0,1.0000,brain
AOTU007_a,8252,0,1.0000,brain
AOTU007_b,12887,0,1.0000,brain
AOTU008,63402,0,1.0000,brain
AOTU009,13465,0,1.0000,brain
AOTU011,7758,0,1.0000,brain
AOTU012,27164,0,1.0000,brain
AOTU013,6417,0,1.0000,brain
AOTU014,21347,0,1.0000,brain
AOTU015,28722,0,1.0000,brain
AOTU016_a,7696,0,1.0000,brain
AOTU016_b,24802,0,1.0000,brain
AOTU016_c,13469,0,1.0000,brain
AOTU017,10313,0,1.0000,brain
AOTU018,4150,0,1.0000,brain
AOTU019,68368,0,1.0000,brain
AOTU020,5916,0,1.0000,brain
AOTU021,1404,0,1.0000,brain
AOTU022,3011,0,1.0000,brain
AOTU023,21426,0,1.0000,brain
AOTU024,6347,0,1.0000,brain
AOTU025,24720,0,1.0000,brain
AOTU026,11529,0,1.0000,brain
AOTU027,11693,0,1.0000,brain
AOTU028,5894,0,1.0000,brain
AOTU029,13134,0,1.0000,brain
AOTU030,5775,0,1.0000,brain
AOTU032,5492,0,1.0000,brain
AOTU033,17213,0,1.0000,brain
AOTU034,5517,0,1.0000,brain
AOTU035,20772,0,1.0000,brain
AOTU036,3341,0,1.0000,brain
AOTU037,5268,0,1.0000,brain
AOTU038,6585,0,1.0000,brain
AOTU039,3646,0,1.0000,brain
AOTU040,2093,0,1.0000,brain
AOTU041,89960,0,1.0000,brain
AOTU042,56917,0,1.0000,brain
AOTU043,4411,0,1.0000,brain
AOTU045,4933,0,1.0000,brain
AOTU046,18175,0,1.0000,brain
AOTU047,2776,0,1.0000,brain
AOTU048,3275,0,1.0000,brain
AOTU049,7134,0,1.0000,brain
AOTU050,19035,0,1.0000,brain
AOTU051,7654,0,1.0000,brain
AOTU052,15685,0,1.0000,brain
AOTU053,3198,0,1.0000,brain
AOTU054,3353,0,1.0000,brain
AOTU055,5890,0,1.0000,brain
AOTU056,6443,0,1.0000,brain
AOTU058,6122,0,1.0000,brain
AOTU059,14392,0,1.0000,brain
AOTU060,6485,0,1.0000,brain
AOTU061,8640,0,1.0000,brain
AOTU062,7834,0,1.0000,brain
AOTU063_a,20886,0,1.0000,brain
AOTU063_b,22677,0,1.0000,brain
AOTU064,18488,0,1.0000,brain
AOTU065,5048,0,1.0000,brain
AOTU100m,12550,0,1.0000,brain
AOTU101m,13049,0,1.0000,brain
AOTU102m,2766,0,1.0000,brain
AOTU103m,12716,0,1.0000,brain
APL,275881,0,1.0000,brain
ATL001,4679,0,1.0000,brain
ATL002,4684,0,1.0000,brain
ATL003,4669,0,1.0000,brain
ATL004,2108,0,1.0000,brain
ATL005,3208,0,1.0000,brain
ATL006,11006,0,1.0000,brain
ATL007,3562,0,1.0000,brain
ATL008,6754,0,1.0000,brain
ATL009,2816,0,1.0000,brain
ATL011,5097,0,1.0000,brain
ATL012,8572,0,1.0000,brain
ATL013,1434,0,1.0000,brain
ATL014,6068,0,1.0000,brain
ATL015,4583,0,1.0000,brain
ATL016,5497,0,1.0000,brain
ATL017,4786,0,1.0000,brain
ATL018,8396,0,1.0000,brain
ATL019,1827,0,1.0000,brain
ATL020,2608,0,1.0000,brain
ATL021,6303,0,1.0000,brain
ATL022,8212,0,1.0000,brain
ATL023,7342,0,1.0000,brain
ATL024,1830,0,1.0000,brain
ATL025,5478,0,1.0000,brain
ATL026,7541,0,1.0000,brain
ATL027,8338,0,1.0000,brain
ATL028,5715,0,1.0000,brain
ATL029,3906,0,1.0000,brain
ATL030,12667,0,1.0000,brain
ATL031,7346,0,1.0000,brain
ATL032,4513,0,1.0000,brain
ATL033,4077,0,1.0000,brain
ATL034,4353,0,1.0000,brain
ATL035,2845,0,1.0000,brain
ATL036,2248,0,1.0000,brain
ATL037,8280,0,1.0000,brain
ATL038,3163,0,1.0000,brain
ATL039,3296,0,1.0000,brain
ATL040,4886,0,1.0000,brain
ATL041,4847,0,1.0000,brain
ATL042,5116,0,1.0000,brain
ATL043,4273,0,1.0000,brain
ATL044,3491,0,1.0000,brain
ATL045,2655,0,1.0000,brain
AVL006_a,2889,0,1.0000,brain
AVLP001,101151,0,1.0000,brain
AVLP002,4714,0,1.0000,brain
AVLP003,5008,0,1.0000,brain
AVLP004_a,8095,0,1.0000,brain
AVLP004_b,5572,0,1.0000,brain
AVLP005,12170,0,1.0000,brain
AVLP009,5187,0,1.0000,brain
AVLP013,5045,0,1.0000,brain
AVLP014,757,0,1.0000,brain
AVLP015,19596,0,1.0000,brain
AVLP016,101211,0,1.0000,brain
AVLP017,14432,0,1.0000,brain
AVLP018,18353,0,1.0000,brain
AVLP019,12224,0,1.0000,brain
AVLP020,8266,0,1.0000,brain
AVLP021,8323,0,1.0000,brain
AVLP022,4958,0,1.0000,brain
AVLP023,19024,0,1.0000,brain
AVLP024_a,7540,0,1.0000,brain
AVLP024_b,6471,0,1.0000,brain
AVLP024_c,5498,0,1.0000,brain
AVLP025,8679,0,1.0000,brain
AVLP026,17569,0,1.0000,brain
AVLP027,4639,0,1.0000,brain
AVLP028,4980,0,1.0000,brain
AVLP029,19345,0,1.0000,brain
AVLP030,12620,0,1.0000,brain
AVLP031,14094,0,1.0000,brain
AVLP032,12114,0,1.0000,brain
AVLP033,11409,0,1.0000,brain
AVLP034,6735,0,1.0000,brain
AVLP035,8765,0,1.0000,brain
AVLP036,12604,0,1.0000,brain
AVLP037,13831,0,1.0000,brain
AVLP038,20738,0,1.0000,brain
AVLP039,17311,0,1.0000,brain
AVLP040,19554,0,1.0000,brain
AVLP041,4621,0,1.0000,brain
AVLP042,8785,0,1.0000,brain
AVLP043,7615,0,1.0000,brain
AVLP044_a,5829,0,1.0000,brain
AVLP044_b,4137,0,1.0000,brain
AVLP045,15248,0,1.0000,brain
AVLP046,7470,0,1.0000,brain
AVLP047,9674,0,1.0000,brain
AVLP048,4762,0,1.0000,brain
AVLP049,8709,0,1.0000,brain
AVLP050,4554,0,1.0000,brain
AVLP051,6028,0,1.0000,brain
AVLP053,13482,0,1.0000,brain
AVLP055,7173,0,1.0000,brain
AVLP059,9183,0,1.0000,brain
AVLP060,16211,0,1.0000,brain
AVLP062,8353,0,1.0000,brain
AVLP063,5444,0,1.0000,brain
AVLP064,11916,0,1.0000,brain
AVLP065,3995,0,1.0000,brain
AVLP067,8461,0,1.0000,brain
AVLP069_a,4747,0,1.0000,brain
AVLP069_b,7846,0,1.0000,brain
AVLP069_c,6706,0,1.0000,brain
AVLP075,6360,0,1.0000,brain
AVLP076,87165,0,1.0000,brain
AVLP077,26633,0,1.0000,brain
AVLP078,22644,0,1.0000,brain
AVLP079,97601,0,1.0000,brain
AVLP080,89796,0,1.0000,brain
AVLP081,12445,0,1.0000,brain
AVLP082,93864,0,1.0000,brain
AVLP083,31122,0,1.0000,brain
AVLP084,27345,0,1.0000,brain
AVLP085,18883,0,1.0000,brain
AVLP086,49612,0,1.0000,brain
AVLP087,17171,0,1.0000,brain
AVLP088,9092,0,1.0000,brain
AVLP089,6632,0,1.0000,brain
AVLP090,12397,0,1.0000,brain
AVLP091,5251,0,1.0000,brain
AVLP093,3519,0,1.0000,brain
AVLP094,3753,0,1.0000,brain
AVLP095,2990,0,1.0000,brain
AVLP096,8165,0,1.0000,brain
AVLP097,8432,0,1.0000,brain
AVLP098,9939,0,1.0000,brain
AVLP099,19842,0,1.0000,brain
AVLP101,7372,0,1.0000,brain
AVLP102,10214,0,1.0000,brain
AVLP103,33684,0,1.0000,brain
AVLP104,42679,0,1.0000,brain
AVLP105,20123,0,1.0000,brain
AVLP107,10755,0,1.0000,brain
AVLP108,4998,0,1.0000,brain
AVLP109,18470,0,1.0000,brain
AVLP110_a,14453,0,1.0000,brain
AVLP110_b,18371,0,1.0000,brain
AVLP111,29441,0,1.0000,brain
AVLP112,19677,0,1.0000,brain
AVLP113,9043,0,1.0000,brain
AVLP115,21836,0,1.0000,brain
AVLP116,9021,0,1.0000,brain
AVLP117,13771,0,1.0000,brain
AVLP120,10253,0,1.0000,brain
AVLP121,7530,0,1.0000,brain
AVLP124,11607,0,1.0000,brain
AVLP126,26942,0,1.0000,brain
AVLP129,3804,0,1.0000,brain
AVLP132,3803,0,1.0000,brain
AVLP136,7446,0,1.0000,brain
AVLP137,6481,0,1.0000,brain
AVLP138,5555,0,1.0000,brain
AVLP139,10697,0,1.0000,brain
AVLP140,4533,0,1.0000,brain
AVLP143,5502,0,1.0000,brain
AVLP145,12355,0,1.0000,brain
AVLP147,5730,0,1.0000,brain
AVLP149,7997,0,1.0000,brain
AVLP152,14181,0,1.0000,brain
AVLP153,13307,0,1.0000,brain
AVLP154,17314,0,1.0000,brain
AVLP155_a,8924,0,1.0000,brain
AVLP155_b,9051,0,1.0000,brain
AVLP156,10246,0,1.0000,brain
AVLP157,12592,0,1.0000,brain
AVLP158,7705,0,1.0000,brain
AVLP159,8484,0,1.0000,brain
AVLP160,17702,0,1.0000,brain
AVLP161,9306,0,1.0000,brain
AVLP162,8665,0,1.0000,brain
AVLP163,27971,0,1.0000,brain
AVLP164,24387,0,1.0000,brain
AVLP165,11212,0,1.0000,brain
AVLP166,17886,0,1.0000,brain
AVLP168,10066,0,1.0000,brain
AVLP169,10656,0,1.0000,brain
AVLP170,8118,0,1.0000,brain
AVLP173,6924,0,1.0000,brain
AVLP175,8194,0,1.0000,brain
AVLP176_b,15848,0,1.0000,brain
AVLP176_c,18755,0,1.0000,brain
AVLP176_d,18922,0,1.0000,brain
AVLP177_a,10885,0,1.0000,brain
AVLP178,7734,0,1.0000,brain
AVLP179,12510,0,1.0000,brain
AVLP180,6317,0,1.0000,brain
AVLP182,6027,0,1.0000,brain
AVLP183,11291,0,1.0000,brain
AVLP184,5299,0,1.0000,brain
AVLP186,9034,0,1.0000,brain
AVLP187,12320,0,1.0000,brain
AVLP188,2861,0,1.0000,brain
AVLP189_a,7519,0,1.0000,brain
AVLP189_b,9630,0,1.0000,brain
AVLP190,6848,0,1.0000,brain
AVLP191,14870,0,1.0000,brain
AVLP192_a,3903,0,1.0000,brain
AVLP192_b,4367,0,1.0000,brain
AVLP193,4245,0,1.0000,brain
AVLP194_a,7127,0,1.0000,brain
AVLP194_b1,2399,0,1.0000,brain
AVLP194_b2,2133,0,1.0000,brain
AVLP194_c1,2380,0,1.0000,brain
AVLP194_c2,2779,0,1.0000,brain
AVLP194_c3,2734,0,1.0000,brain
AVLP195,7158,0,1.0000,brain
AVLP197,5570,0,1.0000,brain
AVLP198,7516,0,1.0000,brain
AVLP199,3933,0,1.0000,brain
AVLP200,13678,0,1.0000,brain
AVLP201,17086,0,1.0000,brain
AVLP202,7712,0,1.0000,brain
AVLP203_a,4493,0,1.0000,brain
AVLP203_b,5055,0,1.0000,brain
AVLP203_c,5847,0,1.0000,brain
AVLP204,14973,0,1.0000,brain
AVLP205,6171,0,1.0000,brain
AVLP209,28943,0,1.0000,brain
AVLP210,21117,0,1.0000,brain
AVLP211,11585,0,1.0000,brain
AVLP212,3451,0,1.0000,brain
AVLP213,15416,0,1.0000,brain
AVLP214,5943,0,1.0000,brain
AVLP215,45331,0,1.0000,brain
AVLP216,8870,0,1.0000,brain
AVLP217,8257,0,1.0000,brain
AVLP218_a,7237,0,1.0000,brain
AVLP218_b,12203,0,1.0000,brain
AVLP219_a,12815,0,1.0000,brain
AVLP219_b,10360,0,1.0000,brain
AVLP219_c,17424,0,1.0000,brain
AVLP220,11063,0,1.0000,brain
AVLP221,3189,0,1.0000,brain
AVLP222,4676,0,1.0000,brain
AVLP224_a,10583,0,1.0000,brain
AVLP224_b,4999,0,1.0000,brain
AVLP225_a,2113,0,1.0000,brain
AVLP225_b1,5037,0,1.0000,brain
AVLP225_b2,4501,0,1.0000,brain
AVLP225_b3,2959,0,1.0000,brain
AVLP227,3671,0,1.0000,brain
AVLP229,6657,0,1.0000,brain
AVLP230,11661,0,1.0000,brain
AVLP231,4260,0,1.0000,brain
AVLP232,11753,0,1.0000,brain
AVLP234,7493,0,1.0000,brain
AVLP235,13410,0,1.0000,brain
AVLP243,20464,0,1.0000,brain
AVLP244,15342,0,1.0000,brain
AVLP250,2029,0,1.0000,brain
AVLP251,21562,0,1.0000,brain
AVLP252,9985,0,1.0000,brain
AVLP253,3807,0,1.0000,brain
AVLP254,3574,0,1.0000,brain
AVLP255,1538,0,1.0000,brain
AVLP256,6098,0,1.0000,brain
AVLP257,9658,0,1.0000,brain
AVLP258,19624,0,1.0000,brain
AVLP259,24626,0,1.0000,brain
AVLP260,7830,0,1.0000,brain
AVLP261_a,11858,0,1.0000,brain
AVLP261_b,6989,0,1.0000,brain
AVLP262,11482,0,1.0000,brain
AVLP263,4920,0,1.0000,brain
AVLP264,15607,0,1.0000,brain
AVLP265,12221,0,1.0000,brain
AVLP266,12010,0,1.0000,brain
AVLP267,8057,0,1.0000,brain
AVLP268,5685,0,1.0000,brain
AVLP269_a,9658,0,1.0000,brain
AVLP269_b,8518,0,1.0000,brain
AVLP271,9486,0,1.0000,brain
AVLP274_a,7510,0,1.0000,brain
AVLP274_b,2417,0,1.0000,brain
AVLP277,2030,0,1.0000,brain
AVLP279,18374,0,1.0000,brain
AVLP280,25262,0,1.0000,brain
AVLP281,9649,0,1.0000,brain
AVLP282,19640,0,1.0000,brain
AVLP283,12511,0,1.0000,brain
AVLP284,7571,0,1.0000,brain
AVLP285,13523,0,1.0000,brain
AVLP287,9168,0,1.0000,brain
AVLP288,9436,0,1.0000,brain
AVLP289,15354,0,1.0000,brain
AVLP290_a,10378,0,1.0000,brain
AVLP290_b,11253,0,1.0000,brain
AVLP292,9459,0,1.0000,brain
AVLP293,6179,0,1.0000,brain
AVLP294,17505,0,1.0000,brain
AVLP295,14008,0,1.0000,brain
AVLP296_a,5685,0,1.0000,brain
AVLP296_b,7499,0,1.0000,brain
AVLP297,21280,0,1.0000,brain
AVLP298,6971,0,1.0000,brain
AVLP299_a,5614,0,1.0000,brain
AVLP299_b,15149,0,1.0000,brain
AVLP299_c,9102,0,1.0000,brain
AVLP299_d,18534,0,1.0000,brain
AVLP300_a,9557,0,1.0000,brain
AVLP300_b,8199,0,1.0000,brain
AVLP302,10115,0,1.0000,brain
AVLP303,12879,0,1.0000,brain
AVLP304,5474,0,1.0000,brain
AVLP305,9885,0,1.0000,brain
AVLP306,8767,0,1.0000,brain
AVLP308,15476,0,1.0000,brain
AVLP309,10187,0,1.0000,brain
AVLP310,14428,0,1.0000,brain
AVLP311_a1,8575,0,1.0000,brain
AVLP311_a2,11106,0,1.0000,brain
AVLP311_b1,6479,0,1.0000,brain
AVLP311_b2,4653,0,1.0000,brain
AVLP312,12082,0,1.0000,brain
AVLP314,13142,0,1.0000,brain
AVLP315,19260,0,1.0000,brain
AVLP316,46520,0,1.0000,brain
AVLP317,8947,0,1.0000,brain
AVLP318,11255,0,1.0000,brain
AVLP320_a,2964,0,1.0000,brain
AVLP320_b,2921,0,1.0000,brain
AVLP321,10092,0,1.0000,brain
AVLP322,9183,0,1.0000,brain
AVLP323,21846,0,1.0000,brain
AVLP325_a,8816,0,1.0000,brain
AVLP325_b,15495,0,1.0000,brain
AVLP329,10535,0,1.0000,brain
AVLP330,4037,0,1.0000,brain
AVLP331a,5157,0,1.0000,brain
AVLP332,4280,0,1.0000,brain
AVLP333,7583,0,1.0000,brain
AVLP334,11384,0,1.0000,brain
AVLP337,8809,0,1.0000,brain
AVLP338,8248,0,1.0000,brain
AVLP339,10810,0,1.0000,brain
AVLP340,14313,0,1.0000,brain
AVLP341,7790,0,1.0000,brain
AVLP342,6802,0,1.0000,brain
AVLP343,6979,0,1.0000,brain
AVLP344,6457,0,1.0000,brain
AVLP345_a,6749,0,1.0000,brain
AVLP345_b,1627,0,1.0000,brain
AVLP346,21185,0,1.0000,brain
AVLP347,13493,0,1.0000,brain
AVLP348,12224,0,1.0000,brain
AVLP349,16869,0,1.0000,brain
AVLP352,20317,0,1.0000,brain
AVLP353,14844,0,1.0000,brain
AVLP354,12924,0,1.0000,brain
AVLP357,6649,0,1.0000,brain
AVLP363,4652,0,1.0000,brain
AVLP365,5679,0,1.0000,brain
AVLP369,10338,0,1.0000,brain
AVLP370_a,10744,0,1.0000,brain
AVLP370_b,19131,0,1.0000,brain
AVLP371,7067,0,1.0000,brain
AVLP372,11471,0,1.0000,brain
AVLP373,4680,0,1.0000,brain
AVLP374,34374,0,1.0000,brain
AVLP377,30030,0,1.0000,brain
AVLP378,4397,0,1.0000,brain
AVLP379,6683,0,1.0000,brain
AVLP380,5241,0,1.0000,brain
AVLP381,3224,0,1.0000,brain
AVLP385,14026,0,1.0000,brain
AVLP387,7593,0,1.0000,brain
AVLP390,16386,0,1.0000,brain
AVLP393,3651,0,1.0000,brain
AVLP394,10583,0,1.0000,brain
AVLP395,4490,0,1.0000,brain
AVLP396,20675,0,1.0000,brain
AVLP397,13688,0,1.0000,brain
AVLP398,7797,0,1.0000,brain
AVLP399,10238,0,1.0000,brain
AVLP400,22094,0,1.0000,brain
AVLP401,22324,0,1.0000,brain
AVLP402,7518,0,1.0000,brain
AVLP403,6664,0,1.0000,brain
AVLP404,4010,0,1.0000,brain
AVLP405,10924,0,1.0000,brain
AVLP407,9812,0,1.0000,brain
AVLP409,10887,0,1.0000,brain
AVLP410,7353,0,1.0000,brain
AVLP411,11140,0,1.0000,brain
AVLP412,10395,0,1.0000,brain
AVLP413,4541,0,1.0000,brain
AVLP415,3714,0,1.0000,brain
AVLP417,12607,0,1.0000,brain
AVLP418,7548,0,1.0000,brain
AVLP419,3208,0,1.0000,brain
AVLP419_a,9541,0,1.0000,brain
AVLP419_b,5888,0,1.0000,brain
AVLP420_a,11788,0,1.0000,brain
AVLP420_b,12620,0,1.0000,brain
AVLP421,6499,0,1.0000,brain
AVLP422,5480,0,1.0000,brain
AVLP423,10910,0,1.0000,brain
AVLP424,1670,0,1.0000,brain
AVLP427,2487,0,1.0000,brain
AVLP428,8760,0,1.0000,brain
AVLP429,9783,0,1.0000,brain
AVLP430,11936,0,1.0000,brain
AVLP431,9376,0,1.0000,brain
AVLP432,21069,0,1.0000,brain
AVLP433_a,20180,0,1.0000,brain
AVLP433_b,16940,0,1.0000,brain
AVLP434_a,19276,0,1.0000,brain
AVLP434_b,15519,0,1.0000,brain
AVLP435_a,17211,0,1.0000,brain
AVLP435_b,11243,0,1.0000,brain
AVLP436,11881,0,1.0000,brain
AVLP437,11920,0,1.0000,brain
AVLP439,11186,0,1.0000,brain
AVLP440,7507,0,1.0000,brain
AVLP442,28674,0,1.0000,brain
AVLP443,12022,0,1.0000,brain
AVLP444,13707,0,1.0000,brain
AVLP445,3432,0,1.0000,brain
AVLP446,4541,0,1.0000,brain
AVLP447,4729,0,1.0000,brain
AVLP448,9465,0,1.0000,brain
AVLP449,23028,0,1.0000,brain
AVLP451,26798,0,1.0000,brain
AVLP452,15520,0,1.0000,brain
AVLP454_a1,4525,0,1.0000,brain
AVLP454_a2,3240,0,1.0000,brain
AVLP454_a3,1749,0,1.0000,brain
AVLP454_b1,3439,0,1.0000,brain
AVLP454_b2,3423,0,1.0000,brain
AVLP454_b3,3769,0,1.0000,brain
AVLP454_b4,4062,0,1.0000,brain
AVLP454_b5,3775,0,1.0000,brain
AVLP454_b6,3917,0,1.0000,brain
AVLP455,5446,0,1.0000,brain
AVLP457,4443,0,1.0000,brain
AVLP459,2330,0,1.0000,brain
AVLP460,5456,0,1.0000,brain
AVLP461,9833,0,1.0000,brain
AVLP462,15839,0,1.0000,brain
AVLP463,5789,0,1.0000,brain
AVLP464,16449,0,1.0000,brain
AVLP465,36341,0,1.0000,brain
AVLP469,11040,0,1.0000,brain
AVLP470_a,3667,0,1.0000,brain
AVLP470_b,3703,0,1.0000,brain
AVLP471,12900,0,1.0000,brain
AVLP473,11473,0,1.0000,brain
AVLP474,12203,0,1.0000,brain
AVLP475_a,6720,0,1.0000,brain
AVLP475_b,7638,0,1.0000,brain
AVLP476,22904,0,1.0000,brain
AVLP477,17509,0,1.0000,brain
AVLP478,27878,0,1.0000,brain
AVLP479,47819,0,1.0000,brain
AVLP480,8707,0,1.0000,brain
AVLP481,6893,0,1.0000,brain
AVLP483,1543,0,1.0000,brain
AVLP484,1389,0,1.0000,brain
AVLP485,3166,0,1.0000,brain
AVLP486,4764,0,1.0000,brain
AVLP487,1048,0,1.0000,brain
AVLP488,21874,0,1.0000,brain
AVLP489,14915,0,1.0000,brain
AVLP490,17477,0,1.0000,brain
AVLP491,7363,0,1.0000,brain
AVLP492,7345,0,1.0000,brain
AVLP494,16314,0,1.0000,brain
AVLP496,13350,0,1.0000,brain
AVLP497,1313,0,1.0000,brain
AVLP498,27300,0,1.0000,brain
AVLP500,22058,0,1.0000,brain
AVLP501,25921,0,1.0000,brain
AVLP502,17420,0,1.0000,brain
AVLP503,11244,0,1.0000,brain
AVLP504,8615,0,1.0000,brain
AVLP505,13542,0,1.0000,brain
AVLP506,10732,0,1.0000,brain
AVLP507,6900,0,1.0000,brain
AVLP508,7514,0,1.0000,brain
AVLP509,19469,0,1.0000,brain
AVLP511,5053,0,1.0000,brain
AVLP517,11351,0,1.0000,brain
AVLP519,9537,0,1.0000,brain
AVLP520,16695,0,1.0000,brain
AVLP521,12768,0,1.0000,brain
AVLP522,4446,0,1.0000,brain
AVLP523,13649,0,1.0000,brain
AVLP524_b,12540,0,1.0000,brain
AVLP525,13360,0,1.0000,brain
AVLP526,12657,0,1.0000,brain
AVLP527,10648,0,1.0000,brain
AVLP529,3551,0,1.0000,brain
AVLP530,9667,0,1.0000,brain
AVLP531,23440,0,1.0000,brain
AVLP532,67971,0,1.0000,brain
AVLP533,20616,0,1.0000,brain
AVLP534,14957,0,1.0000,brain
AVLP535,23137,0,1.0000,brain
AVLP536,21456,0,1.0000,brain
AVLP537,32967,0,1.0000,brain
AVLP538,70499,0,1.0000,brain
AVLP539,17289,0,1.0000,brain
AVLP541,18004,0,1.0000,brain
AVLP542,32504,0,1.0000,brain
AVLP543,7606,0,1.0000,brain
AVLP544,35108,0,1.0000,brain
AVLP545,9618,0,1.0000,brain
AVLP546,7638,0,1.0000,brain
AVLP547,7589,0,1.0000,brain
AVLP548_a,4863,0,1.0000,brain
AVLP548_b,3146,0,1.0000,brain
AVLP548_c,6093,0,1.0000,brain
AVLP548_d,7354,0,1.0000,brain
AVLP548_e,6335,0,1.0000,brain
AVLP548_f1,7021,0,1.0000,brain
AVLP548_f2,6389,0,1.0000,brain
AVLP548_g1,8494,0,1.0000,brain
AVLP548_g2,2272,0,1.0000,brain
AVLP549,6018,0,1.0000,brain
AVLP550_a,4517,0,1.0000,brain
AVLP550_b,5385,0,1.0000,brain
AVLP550b,7084,0,1.0000,brain
AVLP551,14021,0,1.0000,brain
AVLP552,3971,0,1.0000,brain
AVLP555,5275,0,1.0000,brain
AVLP557,7588,0,1.0000,brain
AVLP558,8799,0,1.0000,brain
AVLP559,7353,0,1.0000,brain
AVLP560,2354,0,1.0000,brain
AVLP562,21321,0,1.0000,brain
AVLP563,14079,0,1.0000,brain
AVLP565,11860,0,1.0000,brain
AVLP566,16628,0,1.0000,brain
AVLP567,10661,0,1.0000,brain
AVLP571,17799,0,1.0000,brain
AVLP572,22968,0,1.0000,brain
AVLP573,14381,0,1.0000,brain
AVLP574,18632,0,1.0000,brain
AVLP575,11942,0,1.0000,brain
AVLP576,12770,0,1.0000,brain
AVLP577,24323,0,1.0000,brain
AVLP578,7902,0,1.0000,brain
AVLP579,4223,0,1.0000,brain
AVLP580,4006,0,1.0000,brain
AVLP584,7117,0,1.0000,brain
AVLP586,1176,0,1.0000,brain
AVLP590,19080,0,1.0000,brain
AVLP591,11951,0,1.0000,brain
AVLP592,19790,0,1.0000,brain
AVLP593,12038,0,1.0000,brain
AVLP594,14500,0,1.0000,brain
AVLP595,10535,0,1.0000,brain
AVLP596,4073,0,1.0000,brain
AVLP597,36462,0,1.0000,brain
AVLP598,9229,0,1.0000,brain
AVLP599,4871,0,1.0000,brain
AVLP600,17640,0,1.0000,brain
AVLP601,5285,0,1.0000,brain
AVLP603,3288,0,1.0000,brain
AVLP604,4036,0,1.0000,brain
AVLP605,4126,0,1.0000,brain
AVLP606,4816,0,1.0000,brain
AVLP607,3797,0,1.0000,brain
AVLP608,6733,0,1.0000,brain
AVLP609,6857,0,1.0000,brain
AVLP610,25392,0,1.0000,brain
AVLP611,8768,0,1.0000,brain
AVLP612,6018,0,1.0000,brain
AVLP613,7245,0,1.0000,brain
AVLP614,4108,0,1.0000,brain
AVLP615,14497,0,1.0000,brain
AVLP700m,7398,0,1.0000,brain
AVLP702m,8009,0,1.0000,brain
AVLP703m,3658,0,1.0000,brain
AVLP704m,4871,0,1.0000,brain
AVLP705m,21935,0,1.0000,brain
AVLP706m,16810,0,1.0000,brain
AVLP708m,8493,0,1.0000,brain
AVLP709m,11321,0,1.0000,brain
AVLP710m,23878,0,1.0000,brain
AVLP711m,20521,0,1.0000,brain
AVLP712m,19385,0,1.0000,brain
AVLP713m,6071,0,1.0000,brain
AVLP714m,23615,0,1.0000,brain
AVLP715m,11908,0,1.0000,brain
AVLP716m,8340,0,1.0000,brain
AVLP717m,18853,0,1.0000,brain
AVLP718m,10581,0,1.0000,brain
AVLP719m,4803,0,1.0000,brain
AVLP720m,8531,0,1.0000,brain
AVLP721m,12074,0,1.0000,brain
AVLP722m,12358,0,1.0000,brain
AVLP723m,3884,0,1.0000,brain
AVLP724m,7827,0,1.0000,brain
AVLP725m,9647,0,1.0000,brain
AVLP727m,14452,0,1.0000,brain
AVLP728m,20037,0,1.0000,brain
AVLP729m,15789,0,1.0000,brain
AVLP730m,12040,0,1.0000,brain
AVLP731m,8142,0,1.0000,brain
AVLP732m,15564,0,1.0000,brain
AVLP733m,16077,0,1.0000,brain
AVLP734m,15934,0,1.0000,brain
AVLP735m,4338,0,1.0000,brain
AVLP736m,4371,0,1.0000,brain
AVLP737m,3457,0,1.0000,brain
AVLP738m,3251,0,1.0000,brain
AVLP739m,7505,0,1.0000,brain
AVLP742m,13685,0,1.0000,brain
AVLP743m,15842,0,1.0000,brain
AVLP744m,18548,0,1.0000,brain
AVLP745m,7942,0,1.0000,brain
AVLP746m,18287,0,1.0000,brain
AVLP748m,17908,0,1.0000,brain
AVLP749m,42754,0,1.0000,brain
AVLP750m,9640,0,1.0000,brain
AVLP751m,12356,0,1.0000,brain
AVLP752m,10713,0,1.0000,brain
AVLP753m,22676,0,1.0000,brain
AVLP755m,2500,0,1.0000,brain
AVLP757m,12066,0,1.0000,brain
AVLP758m,14048,0,1.0000,brain
AVLP760m,3590,0,1.0000,brain
AVLP761m,7441,0,1.0000,brain
AVLP762m,6514,0,1.0000,brain
AVLP763m,3292,0,1.0000,brain
AVLP764m,3764,0,1.0000,brain
Acc. ti flexor MN,0,33414,0.0000,vnc
Acc. tr flexor MN,0,8607,0.0000,vnc
Am1,153719,0,1.0000,brain
AstA1,50956,0,1.0000,brain
BM,33423,0,1.0000,brain
BM_Hau,5202,0,1.0000,brain
BM_InOm,59851,0,1.0000,brain
BM_MaPa,3436,0,1.0000,brain
BM_Taste,30045,0,1.0000,brain
BM_Vib,10967,0,1.0000,brain
BM_Vt_PoOc,8466,0,1.0000,brain
BM_vOcci_vPoOr,6015,0,1.0000,brain
BiT,5039,0,1.0000,brain
C2,273615,0,1.0000,brain
C3,508741,0,1.0000,brain
CAPA,3715,0,1.0000,brain
CAPA_a,0,804,0.0000,vnc
CAPA_b,0,116,0.0000,vnc
CB0024,2641,0,1.0000,brain
CB0029,3740,0,1.0000,brain
CB0046,2822,0,1.0000,brain
CB0061,2936,0,1.0000,brain
CB0079,8438,0,1.0000,brain
CB0084,2212,0,1.0000,brain
CB0086,3018,0,1.0000,brain
CB0090,2476,0,1.0000,brain
CB0103,721,0,1.0000,brain
CB0115,12774,0,1.0000,brain
CB0121,9404,0,1.0000,brain
CB0122,10879,0,1.0000,brain
CB0128,10385,0,1.0000,brain
CB0140,3550,0,1.0000,brain
CB0141,4588,0,1.0000,brain
CB0142,1214,0,1.0000,brain
CB0154,4267,0,1.0000,brain
CB0164,6177,0,1.0000,brain
CB0194,7877,0,1.0000,brain
CB0197,3845,0,1.0000,brain
CB0204,9722,0,1.0000,brain
CB0206,1859,0,1.0000,brain
CB0214,16834,0,1.0000,brain
CB0218,4103,0,1.0000,brain
CB0221,1299,0,1.0000,brain
CB0224,3328,0,1.0000,brain
CB0227,3093,0,1.0000,brain
CB0228,7272,0,1.0000,brain
CB0244,10775,0,1.0000,brain
CB0259,6976,0,1.0000,brain
CB0266,1928,0,1.0000,brain
CB0280,5014,0,1.0000,brain
CB0282,4485,0,1.0000,brain
CB0285,7283,0,1.0000,brain
CB0297,9923,0,1.0000,brain
CB0307,10957,0,1.0000,brain
CB0312,5688,0,1.0000,brain
CB0316,8947,0,1.0000,brain
CB0320,1952,0,1.0000,brain
CB0324,2646,0,1.0000,brain
CB0325,1210,0,1.0000,brain
CB0346,4596,0,1.0000,brain
CB0356,5377,0,1.0000,brain
CB0361,2717,0,1.0000,brain
CB0367,2908,0,1.0000,brain
CB0373,1919,0,1.0000,brain
CB0374,1529,0,1.0000,brain
CB0380,3033,0,1.0000,brain
CB0381,11435,0,1.0000,brain
CB0382,2481,0,1.0000,brain
CB0386,2261,0,1.0000,brain
CB0390,1981,0,1.0000,brain
CB0391,6305,0,1.0000,brain
CB0396,4766,0,1.0000,brain
CB0397,8259,0,1.0000,brain
CB0405,7414,0,1.0000,brain
CB0414,2547,0,1.0000,brain
CB0420,4357,0,1.0000,brain
CB0429,11976,914,0.9291,brain
CB0431,10606,0,1.0000,brain
CB0432,5265,0,1.0000,brain
CB0440,5401,0,1.0000,brain
CB0466,15978,0,1.0000,brain
CB0477,8887,0,1.0000,brain
CB0492,6204,0,1.0000,brain
CB0510,3930,0,1.0000,brain
CB0517,12008,0,1.0000,brain
CB0530,7076,0,1.0000,brain
CB0533,10249,0,1.0000,brain
CB0540,12424,0,1.0000,brain
CB0582,7812,0,1.0000,brain
CB0591,19714,0,1.0000,brain
CB0598,7080,0,1.0000,brain
CB0607,6974,0,1.0000,brain
CB0609,7677,0,1.0000,brain
CB0625,9439,0,1.0000,brain
CB0629,10183,0,1.0000,brain
CB0630,3655,0,1.0000,brain
CB0633,6594,0,1.0000,brain
CB0640,2900,0,1.0000,brain
CB0645,3104,0,1.0000,brain
CB0647,5428,0,1.0000,brain
CB0648,1261,0,1.0000,brain
CB0650,4181,0,1.0000,brain
CB0652,1246,0,1.0000,brain
CB0656,6807,0,1.0000,brain
CB0657,5025,0,1.0000,brain
CB0670,6387,0,1.0000,brain
CB0671,11835,0,1.0000,brain
CB0675,6110,0,1.0000,brain
CB0677,17768,0,1.0000,brain
CB0682,3033,0,1.0000,brain
CB0683,5262,0,1.0000,brain
CB0695,6725,0,1.0000,brain
CB0734,11326,0,1.0000,brain
CB0738,1196,0,1.0000,brain
CB0743,13204,0,1.0000,brain
CB0744,8246,0,1.0000,brain
CB0747,5666,0,1.0000,brain
CB0751,12854,0,1.0000,brain
CB0758,4358,0,1.0000,brain
CB0763,9542,0,1.0000,brain
CB0785,6670,0,1.0000,brain
CB0800,7127,0,1.0000,brain
CB0813,4214,0,1.0000,brain
CB0829,12196,0,1.0000,brain
CB0925,3057,0,1.0000,brain
CB0926,4951,0,1.0000,brain
CB0927,996,0,1.0000,brain
CB0929,19183,0,1.0000,brain
CB0930,9546,0,1.0000,brain
CB0937,4003,0,1.0000,brain
CB0943,10207,0,1.0000,brain
CB0946,407,0,1.0000,brain
CB0947,6144,0,1.0000,brain
CB0951,8519,0,1.0000,brain
CB0956,18020,0,1.0000,brain
CB0972,2645,0,1.0000,brain
CB0973,4485,0,1.0000,brain
CB0975,4859,0,1.0000,brain
CB0976,3262,0,1.0000,brain
CB0982,4344,0,1.0000,brain
CB0986,8592,0,1.0000,brain
CB0992,10656,0,1.0000,brain
CB0993,7616,0,1.0000,brain
CB0994,6376,0,1.0000,brain
CB0996,2827,0,1.0000,brain
CB0998,3623,0,1.0000,brain
CB1000,3825,0,1.0000,brain
CB1005,3135,0,1.0000,brain
CB1007,6180,0,1.0000,brain
CB1008,13178,0,1.0000,brain
CB1009,3052,0,1.0000,brain
CB1011,4436,0,1.0000,brain
CB1012,6274,0,1.0000,brain
CB1017,8977,0,1.0000,brain
CB1020,3932,0,1.0000,brain
CB1023,6362,0,1.0000,brain
CB1024,3932,0,1.0000,brain
CB1026,7236,0,1.0000,brain
CB1030,5451,0,1.0000,brain
CB1033,2691,0,1.0000,brain
CB1035,1113,0,1.0000,brain
CB1044,7343,0,1.0000,brain
CB1047,3518,0,1.0000,brain
CB1048,4253,0,1.0000,brain
CB1050,4773,0,1.0000,brain
CB1055,5111,0,1.0000,brain
CB1056,6740,0,1.0000,brain
CB1057,2286,0,1.0000,brain
CB1059,2316,0,1.0000,brain
CB1060,1525,0,1.0000,brain
CB1062,10381,0,1.0000,brain
CB1065,4324,0,1.0000,brain
CB1072,25433,0,1.0000,brain
CB1073,11333,0,1.0000,brain
CB1074,13397,0,1.0000,brain
CB1076,20035,0,1.0000,brain
CB1077,2487,0,1.0000,brain
CB1078,8031,0,1.0000,brain
CB1079,483,0,1.0000,brain
CB1081,3852,0,1.0000,brain
CB1085,16683,0,1.0000,brain
CB1087,5627,0,1.0000,brain
CB1088,8614,0,1.0000,brain
CB1089,6751,0,1.0000,brain
CB1094,10716,0,1.0000,brain
CB1099,15125,0,1.0000,brain
CB1103,3767,0,1.0000,brain
CB1104,2131,0,1.0000,brain
CB1108,9753,0,1.0000,brain
CB1109,15170,0,1.0000,brain
CB1114,7883,0,1.0000,brain
CB1116,1586,0,1.0000,brain
CB1124,1007,0,1.0000,brain
CB1128,2371,0,1.0000,brain
CB1131,5208,0,1.0000,brain
CB1139,4784,0,1.0000,brain
CB1140,2297,0,1.0000,brain
CB1142,3714,0,1.0000,brain
CB1145,4906,0,1.0000,brain
CB1148,7779,0,1.0000,brain
CB1149,7305,0,1.0000,brain
CB1150,3525,0,1.0000,brain
CB1151,1719,0,1.0000,brain
CB1154,7675,0,1.0000,brain
CB1156,2423,0,1.0000,brain
CB1160,6015,0,1.0000,brain
CB1165,5843,0,1.0000,brain
CB1168,7375,0,1.0000,brain
CB1171,5368,0,1.0000,brain
CB1174,1906,0,1.0000,brain
CB1178,9858,0,1.0000,brain
CB1179,4946,0,1.0000,brain
CB1181,3027,0,1.0000,brain
CB1185,6367,0,1.0000,brain
CB1187,3593,0,1.0000,brain
CB1189,13899,0,1.0000,brain
CB1190,6913,0,1.0000,brain
CB1193,2134,0,1.0000,brain
CB1194,3157,0,1.0000,brain
CB1200,1922,0,1.0000,brain
CB1201,4093,0,1.0000,brain
CB1202,2688,0,1.0000,brain
CB1205,16831,0,1.0000,brain
CB1206,4014,0,1.0000,brain
CB1207_a,6748,0,1.0000,brain
CB1207_b,6743,0,1.0000,brain
CB1208,2557,0,1.0000,brain
CB1212,4695,0,1.0000,brain
CB1213,7038,0,1.0000,brain
CB1219,3500,0,1.0000,brain
CB1220,3939,0,1.0000,brain
CB1222,6003,0,1.0000,brain
CB1227,6433,0,1.0000,brain
CB1233,1080,0,1.0000,brain
CB1237,1099,0,1.0000,brain
CB1238,3769,0,1.0000,brain
CB1241,6708,0,1.0000,brain
CB1242,3824,0,1.0000,brain
CB1246,3989,0,1.0000,brain
CB1247,1244,0,1.0000,brain
CB1249,1785,0,1.0000,brain
CB1252,3258,0,1.0000,brain
CB1255,8994,0,1.0000,brain
CB1260,5373,0,1.0000,brain
CB1263,3705,0,1.0000,brain
CB1265,6030,0,1.0000,brain
CB1268,7622,0,1.0000,brain
CB1269,3191,0,1.0000,brain
CB1274,1377,0,1.0000,brain
CB1275,4538,0,1.0000,brain
CB1276,5837,0,1.0000,brain
CB1280,4871,0,1.0000,brain
CB1281,1714,0,1.0000,brain
CB1282,5434,0,1.0000,brain
CB1286,1405,0,1.0000,brain
CB1287,1867,0,1.0000,brain
CB1287_b,5614,0,1.0000,brain
CB1287_c,3748,0,1.0000,brain
CB1289,5702,0,1.0000,brain
CB1296_a,1867,0,1.0000,brain
CB1299,1766,0,1.0000,brain
CB1300,5196,0,1.0000,brain
CB1301,6459,0,1.0000,brain
CB1302,4185,0,1.0000,brain
CB1308,7648,0,1.0000,brain
CB1309,3031,0,1.0000,brain
CB1312,8712,0,1.0000,brain
CB1314,7561,0,1.0000,brain
CB1316,3653,0,1.0000,brain
CB1322,14896,0,1.0000,brain
CB1326,2558,0,1.0000,brain
CB1330,4624,0,1.0000,brain
CB1333,5117,0,1.0000,brain
CB1337,3134,0,1.0000,brain
CB1339,6316,0,1.0000,brain
CB1340,11293,0,1.0000,brain
CB1346,2512,0,1.0000,brain
CB1348,559,0,1.0000,brain
CB1352,6199,0,1.0000,brain
CB1353,2872,0,1.0000,brain
CB1356,2517,0,1.0000,brain
CB1357,6449,0,1.0000,brain
CB1359,5835,0,1.0000,brain
CB1361,2447,0,1.0000,brain
CB1365,2494,0,1.0000,brain
CB1368,2197,0,1.0000,brain
CB1374,1496,0,1.0000,brain
CB1379,5596,0,1.0000,brain
CB1384,6961,0,1.0000,brain
CB1387,3703,0,1.0000,brain
CB1389,4442,0,1.0000,brain
CB1391,1385,0,1.0000,brain
CB1392,1716,0,1.0000,brain
CB1394_a,2250,0,1.0000,brain
CB1394_b,2929,0,1.0000,brain
CB1396,1842,0,1.0000,brain
CB1403,2736,0,1.0000,brain
CB1405,5675,0,1.0000,brain
CB1406,1921,0,1.0000,brain
CB1407,943,0,1.0000,brain
CB1412,3164,0,1.0000,brain
CB1413,1486,0,1.0000,brain
CB1417,4287,0,1.0000,brain
CB1418,3910,0,1.0000,brain
CB1419,2871,0,1.0000,brain
CB1421,2949,0,1.0000,brain
CB1428,2944,0,1.0000,brain
CB1432,5463,0,1.0000,brain
CB1434,4049,0,1.0000,brain
CB1442,1037,0,1.0000,brain
CB1447,4826,0,1.0000,brain
CB1448,2037,0,1.0000,brain
CB1454,2413,0,1.0000,brain
CB1456,3543,0,1.0000,brain
CB1457,4498,0,1.0000,brain
CB1458,3952,0,1.0000,brain
CB1460,7395,0,1.0000,brain
CB1463,7413,0,1.0000,brain
CB1464,6436,0,1.0000,brain
CB1467,3858,0,1.0000,brain
CB1477,3744,0,1.0000,brain
CB1478,1462,0,1.0000,brain
CB1483,2432,0,1.0000,brain
CB1487,3972,0,1.0000,brain
CB1493,1713,0,1.0000,brain
CB1498,8642,0,1.0000,brain
CB1500,3048,0,1.0000,brain
CB1502,4569,0,1.0000,brain
CB1503,4504,0,1.0000,brain
CB1504,3311,0,1.0000,brain
CB1509,1600,0,1.0000,brain
CB1510,3653,0,1.0000,brain
CB1513,1469,0,1.0000,brain
CB1523,3298,0,1.0000,brain
CB1527,3033,0,1.0000,brain
CB1529,3789,0,1.0000,brain
CB1532,1691,0,1.0000,brain
CB1533,3150,0,1.0000,brain
CB1534,6007,0,1.0000,brain
CB1537,2688,0,1.0000,brain
CB1538,7494,0,1.0000,brain
CB1541,4088,0,1.0000,brain
CB1542,5176,0,1.0000,brain
CB1545,1224,0,1.0000,brain
CB1547,4461,0,1.0000,brain
CB1548,1944,0,1.0000,brain
CB1549,5883,0,1.0000,brain
CB1550,2052,0,1.0000,brain
CB1551,2559,0,1.0000,brain
CB1554,4066,0,1.0000,brain
CB1556,7728,0,1.0000,brain
CB1557,9827,0,1.0000,brain
CB1560,1341,0,1.0000,brain
CB1562,2569,0,1.0000,brain
CB1564,2500,0,1.0000,brain
CB1565,6421,0,1.0000,brain
CB1570,11459,0,1.0000,brain
CB1573,976,0,1.0000,brain
CB1574,2289,0,1.0000,brain
CB1575,8539,0,1.0000,brain
CB1576,4559,0,1.0000,brain
CB1577,1692,0,1.0000,brain
CB1585,1738,0,1.0000,brain
CB1590,3526,0,1.0000,brain
CB1593,6754,0,1.0000,brain
CB1595,2910,0,1.0000,brain
CB1599,3037,0,1.0000,brain
CB1601,3892,0,1.0000,brain
CB1603,1484,0,1.0000,brain
CB1604,6122,0,1.0000,brain
CB1607,1523,0,1.0000,brain
CB1608,3228,0,1.0000,brain
CB1610,7048,0,1.0000,brain
CB1613,2796,0,1.0000,brain
CB1617,6264,0,1.0000,brain
CB1619,3602,0,1.0000,brain
CB1625,4859,0,1.0000,brain
CB1626,2940,0,1.0000,brain
CB1627,1553,0,1.0000,brain
CB1628,7758,0,1.0000,brain
CB1629,5268,0,1.0000,brain
CB1632,3891,0,1.0000,brain
CB1636,2794,0,1.0000,brain
CB1638,7064,0,1.0000,brain
CB1641,2766,0,1.0000,brain
CB1642,2541,0,1.0000,brain
CB1648,340,0,1.0000,brain
CB1649,2457,0,1.0000,brain
CB1650,733,0,1.0000,brain
CB1652,1457,0,1.0000,brain
CB1653,5266,0,1.0000,brain
CB1654,5506,0,1.0000,brain
CB1655,3483,0,1.0000,brain
CB1663,2957,0,1.0000,brain
CB1670,1514,0,1.0000,brain
CB1672,7122,0,1.0000,brain
CB1678,4812,0,1.0000,brain
CB1679,2307,0,1.0000,brain
CB1682,1632,0,1.0000,brain
CB1684,4100,0,1.0000,brain
CB1685,6052,0,1.0000,brain
CB1687,4099,0,1.0000,brain
CB1688,8240,0,1.0000,brain
CB1691,3331,0,1.0000,brain
CB1695,6458,0,1.0000,brain
CB1697,5328,0,1.0000,brain
CB1698,1541,0,1.0000,brain
CB1699,4581,0,1.0000,brain
CB1701,6145,0,1.0000,brain
CB1702,3879,0,1.0000,brain
CB1705,5162,0,1.0000,brain
CB1706,6328,0,1.0000,brain
CB1714,3459,0,1.0000,brain
CB1717,5869,0,1.0000,brain
CB1726,1486,0,1.0000,brain
CB1729,886,0,1.0000,brain
CB1731,1574,0,1.0000,brain
CB1733,2313,0,1.0000,brain
CB1735,5955,0,1.0000,brain
CB1744,3479,0,1.0000,brain
CB1748,8618,0,1.0000,brain
CB1752,2510,0,1.0000,brain
CB1759b,5220,0,1.0000,brain
CB1771,5127,0,1.0000,brain
CB1774,2456,0,1.0000,brain
CB1782,4315,0,1.0000,brain
CB1786_a,9113,0,1.0000,brain
CB1787,3249,0,1.0000,brain
CB1789,2323,0,1.0000,brain
CB1792,3773,0,1.0000,brain
CB1794,3176,0,1.0000,brain
CB1795,6751,0,1.0000,brain
CB1803,4340,0,1.0000,brain
CB1804,3569,0,1.0000,brain
CB1805,4372,0,1.0000,brain
CB1808,1577,0,1.0000,brain
CB1809,9823,0,1.0000,brain
CB1811,4970,0,1.0000,brain
CB1812,4165,0,1.0000,brain
CB1815,3570,0,1.0000,brain
CB1818,2658,0,1.0000,brain
CB1821,2809,0,1.0000,brain
CB1823,2645,0,1.0000,brain
CB1824,4253,0,1.0000,brain
CB1833,3687,0,1.0000,brain
CB1834,3894,0,1.0000,brain
CB1836,4383,0,1.0000,brain
CB1838,7633,0,1.0000,brain
CB1841,4762,0,1.0000,brain
CB1842,3143,0,1.0000,brain
CB1844,2048,0,1.0000,brain
CB1846,2058,0,1.0000,brain
CB1849,2275,0,1.0000,brain
CB1850,2646,0,1.0000,brain
CB1852,33181,0,1.0000,brain
CB1853,1722,0,1.0000,brain
CB1856,2557,0,1.0000,brain
CB1858,2253,0,1.0000,brain
CB1866,2803,0,1.0000,brain
CB1871,2167,0,1.0000,brain
CB1874,1348,0,1.0000,brain
CB1876,14933,0,1.0000,brain
CB1879,966,0,1.0000,brain
CB1883,9366,0,1.0000,brain
CB1884,1604,0,1.0000,brain
CB1885,9660,0,1.0000,brain
CB1891b,2137,0,1.0000,brain
CB1895,3505,0,1.0000,brain
CB1896,6196,0,1.0000,brain
CB1897,8524,0,1.0000,brain
CB1899,3593,0,1.0000,brain
CB1901,5475,0,1.0000,brain
CB1902,2161,0,1.0000,brain
CB1903,5899,0,1.0000,brain
CB1908,4003,0,1.0000,brain
CB1909,3233,0,1.0000,brain
CB1910,2304,0,1.0000,brain
CB1911,4783,0,1.0000,brain
CB1914,2717,0,1.0000,brain
CB1918,8259,0,1.0000,brain
CB1920,2187,0,1.0000,brain
CB1923,6427,0,1.0000,brain
CB1924,3566,0,1.0000,brain
CB1926,955,0,1.0000,brain
CB1927,2580,0,1.0000,brain
CB1931,1963,0,1.0000,brain
CB1932,23086,0,1.0000,brain
CB1934,3214,0,1.0000,brain
CB1935,1149,0,1.0000,brain
CB1938,11563,0,1.0000,brain
CB1942,4011,0,1.0000,brain
CB1945,5181,0,1.0000,brain
CB1946,1072,0,1.0000,brain
CB1948,15296,0,1.0000,brain
CB1949,2922,0,1.0000,brain
CB1950,3669,0,1.0000,brain
CB1955,8174,0,1.0000,brain
CB1956,7173,0,1.0000,brain
CB1958,6248,0,1.0000,brain
CB1959,3227,0,1.0000,brain
CB1960,2576,0,1.0000,brain
CB1964,21858,0,1.0000,brain
CB1973,4599,0,1.0000,brain
CB1975,3243,0,1.0000,brain
CB1976,1603,0,1.0000,brain
CB1976b,1037,0,1.0000,brain
CB1977,2258,0,1.0000,brain
CB1980,4311,0,1.0000,brain
CB1981,3529,0,1.0000,brain
CB1983,7927,0,1.0000,brain
CB1984,1250,0,1.0000,brain
CB1985,3922,0,1.0000,brain
CB1987,2614,0,1.0000,brain
CB1995,3993,0,1.0000,brain
CB1997,6310,0,1.0000,brain
CB1997_b,1124,0,1.0000,brain
CB2000,5863,0,1.0000,brain
CB2003,4230,0,1.0000,brain
CB2004,4180,0,1.0000,brain
CB2006,7085,0,1.0000,brain
CB2018,1366,0,1.0000,brain
CB2026,2151,0,1.0000,brain
CB2027,2677,0,1.0000,brain
CB2029,939,0,1.0000,brain
CB2032,1678,0,1.0000,brain
CB2033,4368,0,1.0000,brain
CB2035,7715,0,1.0000,brain
CB2036,518,0,1.0000,brain
CB2037,4263,0,1.0000,brain
CB2038,4749,0,1.0000,brain
CB2040,4671,0,1.0000,brain
CB2041,1552,0,1.0000,brain
CB2043,2447,0,1.0000,brain
CB2045,5018,0,1.0000,brain
CB2047,2552,0,1.0000,brain
CB2048,3263,0,1.0000,brain
CB2049,13447,0,1.0000,brain
CB2050,7954,0,1.0000,brain
CB2051,2457,0,1.0000,brain
CB2053,2096,0,1.0000,brain
CB2059,3140,0,1.0000,brain
CB2064,2818,0,1.0000,brain
CB2066,6481,0,1.0000,brain
CB2074,6001,0,1.0000,brain
CB2079,1142,0,1.0000,brain
CB2081_a,5371,0,1.0000,brain
CB2081_b,1796,0,1.0000,brain
CB2084,3342,0,1.0000,brain
CB2086,1655,0,1.0000,brain
CB2087,4296,0,1.0000,brain
CB2088,1690,0,1.0000,brain
CB2089,2635,0,1.0000,brain
CB2090,5939,0,1.0000,brain
CB2092,2078,0,1.0000,brain
CB2093,3220,0,1.0000,brain
CB2094,4116,0,1.0000,brain
CB2105,8825,0,1.0000,brain
CB2107,7877,0,1.0000,brain
CB2108,3790,0,1.0000,brain
CB2111,1691,0,1.0000,brain
CB2113,1569,0,1.0000,brain
CB2116,4777,0,1.0000,brain
CB2117,6475,0,1.0000,brain
CB2123,2335,0,1.0000,brain
CB2127,4160,0,1.0000,brain
CB2132,5677,0,1.0000,brain
CB2133,7555,0,1.0000,brain
CB2136,1615,0,1.0000,brain
CB2143,7762,0,1.0000,brain
CB2144,9484,0,1.0000,brain
CB2148,3783,0,1.0000,brain
CB2151,2573,0,1.0000,brain
CB2152,1860,0,1.0000,brain
CB2153,8604,0,1.0000,brain
CB2154,2311,0,1.0000,brain
CB2171,3698,0,1.0000,brain
CB2172,2453,0,1.0000,brain
CB2174,1853,0,1.0000,brain
CB2175,3482,0,1.0000,brain
CB2178,6482,0,1.0000,brain
CB2182,1128,0,1.0000,brain
CB2184,3550,0,1.0000,brain
CB2185,2225,0,1.0000,brain
CB2189,2290,0,1.0000,brain
CB2194,2462,0,1.0000,brain
CB2196,8912,0,1.0000,brain
CB2200,1691,0,1.0000,brain
CB2202,2776,0,1.0000,brain
CB2205,3821,0,1.0000,brain
CB2206,1012,0,1.0000,brain
CB2207,12339,0,1.0000,brain
CB2208,3338,0,1.0000,brain
CB2224,3753,0,1.0000,brain
CB2226,4653,0,1.0000,brain
CB2227,2941,0,1.0000,brain
CB2228,7373,0,1.0000,brain
CB2229,1557,0,1.0000,brain
CB2230,1549,0,1.0000,brain
CB2232,3463,0,1.0000,brain
CB2235,2940,0,1.0000,brain
CB2244,293,0,1.0000,brain
CB2245,2890,0,1.0000,brain
CB2246,6096,0,1.0000,brain
CB2251,10025,0,1.0000,brain
CB2252,3846,0,1.0000,brain
CB2254,2684,0,1.0000,brain
CB2257,5718,0,1.0000,brain
CB2259,458,0,1.0000,brain
CB2262,2343,0,1.0000,brain
CB2269,2906,0,1.0000,brain
CB2270,6958,0,1.0000,brain
CB2280,1326,0,1.0000,brain
CB2281,9430,0,1.0000,brain
CB2285,8637,0,1.0000,brain
CB2286,12136,0,1.0000,brain
CB2290,6416,0,1.0000,brain
CB2292,5339,0,1.0000,brain
CB2294,3924,0,1.0000,brain
CB2295,1061,0,1.0000,brain
CB2298,7515,0,1.0000,brain
CB2300,4489,0,1.0000,brain
CB2302,4514,0,1.0000,brain
CB2309,1944,0,1.0000,brain
CB2310,2909,0,1.0000,brain
CB2311,2022,0,1.0000,brain
CB2315,3543,0,1.0000,brain
CB2316,5784,0,1.0000,brain
CB2319,742,0,1.0000,brain
CB2321,9381,0,1.0000,brain
CB2323,1904,0,1.0000,brain
CB2330,6523,0,1.0000,brain
CB2337,1603,0,1.0000,brain
CB2339,7861,0,1.0000,brain
CB2342,16143,0,1.0000,brain
CB2343,5276,0,1.0000,brain
CB2346,2297,0,1.0000,brain
CB2347,2300,0,1.0000,brain
CB2348,3317,0,1.0000,brain
CB2351,1799,0,1.0000,brain
CB2357,1832,0,1.0000,brain
CB2361,2348,0,1.0000,brain
CB2363,877,0,1.0000,brain
CB2365,4986,0,1.0000,brain
CB2366,2937,0,1.0000,brain
CB2371,5642,0,1.0000,brain
CB2373,2961,0,1.0000,brain
CB2374,3383,0,1.0000,brain
CB2377,5789,0,1.0000,brain
CB2379,3503,0,1.0000,brain
CB2380,4279,0,1.0000,brain
CB2389,1556,0,1.0000,brain
CB2390,3841,0,1.0000,brain
CB2396,8530,0,1.0000,brain
CB2398,3283,0,1.0000,brain
CB2401,3153,0,1.0000,brain
CB2404,8239,0,1.0000,brain
CB2408,2969,0,1.0000,brain
CB2411,1814,0,1.0000,brain
CB2412,5831,0,1.0000,brain
CB2416,381,0,1.0000,brain
CB2420,2445,0,1.0000,brain
CB2425,2242,0,1.0000,brain
CB2430,1332,0,1.0000,brain
CB2431,4989,0,1.0000,brain
CB2433,5539,0,1.0000,brain
CB2437,874,0,1.0000,brain
CB2440,7268,0,1.0000,brain
CB2442,1034,0,1.0000,brain
CB2447,1967,0,1.0000,brain
CB2448,4084,0,1.0000,brain
CB2453,14331,0,1.0000,brain
CB2458,13574,0,1.0000,brain
CB2459,2827,0,1.0000,brain
CB2462,1079,0,1.0000,brain
CB2463,3956,0,1.0000,brain
CB2465,6323,0,1.0000,brain
CB2467,3430,0,1.0000,brain
CB2469,4073,0,1.0000,brain
CB2471,2446,0,1.0000,brain
CB2472,4956,0,1.0000,brain
CB2475,2281,0,1.0000,brain
CB2478,3229,0,1.0000,brain
CB2479,12910,0,1.0000,brain
CB2480,6392,0,1.0000,brain
CB2481,6312,0,1.0000,brain
CB2489,5605,0,1.0000,brain
CB2491,3673,0,1.0000,brain
CB2494,5932,0,1.0000,brain
CB2495,1944,0,1.0000,brain
CB2497,4511,0,1.0000,brain
CB2498,8338,0,1.0000,brain
CB2500,2626,0,1.0000,brain
CB2501,7689,0,1.0000,brain
CB2503,7774,0,1.0000,brain
CB2507,4763,0,1.0000,brain
CB2512,4339,0,1.0000,brain
CB2514,3155,0,1.0000,brain
CB2517,1370,0,1.0000,brain
CB2518,2648,0,1.0000,brain
CB2521,4715,0,1.0000,brain
CB2522,2676,0,1.0000,brain
CB2523,2400,0,1.0000,brain
CB2530,1486,0,1.0000,brain
CB2535,2356,0,1.0000,brain
CB2537,1622,0,1.0000,brain
CB2538,13572,0,1.0000,brain
CB2539,11785,0,1.0000,brain
CB2545,2972,0,1.0000,brain
CB2549,3386,0,1.0000,brain
CB2550,2280,0,1.0000,brain
CB2551b,4092,0,1.0000,brain
CB2555,1162,0,1.0000,brain
CB2558,8703,0,1.0000,brain
CB2559,1945,0,1.0000,brain
CB2561,1256,0,1.0000,brain
CB2563,1949,0,1.0000,brain
CB2572,5574,0,1.0000,brain
CB2577,562,0,1.0000,brain
CB2584,2145,0,1.0000,brain
CB2585,5330,0,1.0000,brain
CB2589,2510,0,1.0000,brain
CB2592,14086,0,1.0000,brain
CB2595,2815,0,1.0000,brain
CB2596,4167,0,1.0000,brain
CB2599,4489,0,1.0000,brain
CB2600,4463,0,1.0000,brain
CB2620,2429,0,1.0000,brain
CB2623,2620,0,1.0000,brain
CB2624,5732,0,1.0000,brain
CB2625,6734,0,1.0000,brain
CB2627,4922,0,1.0000,brain
CB2630,2721,0,1.0000,brain
CB2633,5264,0,1.0000,brain
CB2636,7401,0,1.0000,brain
CB2638,3517,0,1.0000,brain
CB2642,8855,0,1.0000,brain
CB2646,2562,0,1.0000,brain
CB2648,1285,0,1.0000,brain
CB2653,1602,0,1.0000,brain
CB2655,7041,0,1.0000,brain
CB2659,21749,0,1.0000,brain
CB2660,3362,0,1.0000,brain
CB2664,8630,0,1.0000,brain
CB2667,7192,0,1.0000,brain
CB2671,3277,0,1.0000,brain
CB2672,2611,0,1.0000,brain
CB2674,7138,0,1.0000,brain
CB2676,6894,0,1.0000,brain
CB2678,7791,0,1.0000,brain
CB2679,3014,0,1.0000,brain
CB2681,2354,0,1.0000,brain
CB2682,7216,0,1.0000,brain
CB2684,2241,0,1.0000,brain
CB2685,4205,0,1.0000,brain
CB2687,6485,0,1.0000,brain
CB2688,2688,0,1.0000,brain
CB2689,3735,0,1.0000,brain
CB2691,4756,0,1.0000,brain
CB2693,4463,0,1.0000,brain
CB2694,3927,0,1.0000,brain
CB2701,3247,0,1.0000,brain
CB2702,2075,0,1.0000,brain
CB2703,1628,0,1.0000,brain
CB2706,3142,0,1.0000,brain
CB2710,1005,0,1.0000,brain
CB2711,1503,0,1.0000,brain
CB2713,3490,0,1.0000,brain
CB2714,1777,0,1.0000,brain
CB2719,2667,0,1.0000,brain
CB2720,3637,0,1.0000,brain
CB2721,1354,0,1.0000,brain
CB2725,1580,0,1.0000,brain
CB2733,3325,0,1.0000,brain
CB2736,2092,0,1.0000,brain
CB2737,1352,0,1.0000,brain
CB2743,466,0,1.0000,brain
CB2744,2467,0,1.0000,brain
CB2751,1464,0,1.0000,brain
CB2754,3476,0,1.0000,brain
CB2755,3244,0,1.0000,brain
CB2763,3841,0,1.0000,brain
CB2764,2746,0,1.0000,brain
CB2766,975,0,1.0000,brain
CB2769,9578,0,1.0000,brain
CB2770,3358,0,1.0000,brain
CB2772,682,0,1.0000,brain
CB2782,1872,0,1.0000,brain
CB2783,1638,0,1.0000,brain
CB2784,6152,0,1.0000,brain
CB2786,3365,0,1.0000,brain
CB2787,2363,0,1.0000,brain
CB2789,5593,0,1.0000,brain
CB2790,1164,0,1.0000,brain
CB2792,5291,0,1.0000,brain
CB2797,2239,0,1.0000,brain
CB2800,3483,0,1.0000,brain
CB2802,1055,0,1.0000,brain
CB2805,5543,0,1.0000,brain
CB2812,2202,0,1.0000,brain
CB2814,6585,0,1.0000,brain
CB2816,2940,0,1.0000,brain
CB2823,8558,0,1.0000,brain
CB2824,4652,0,1.0000,brain
CB2831,7177,0,1.0000,brain
CB2845,1520,0,1.0000,brain
CB2846,4187,0,1.0000,brain
CB2851,3764,0,1.0000,brain
CB2855,3246,0,1.0000,brain
CB2859,2865,0,1.0000,brain
CB2861,2516,0,1.0000,brain
CB2862,1240,0,1.0000,brain
CB2863,7626,0,1.0000,brain
CB2869,2869,0,1.0000,brain
CB2870,840,0,1.0000,brain
CB2873,2907,0,1.0000,brain
CB2876,3107,0,1.0000,brain
CB2877,1156,0,1.0000,brain
CB2880,1941,0,1.0000,brain
CB2881,5216,0,1.0000,brain
CB2884,2707,0,1.0000,brain
CB2889,837,0,1.0000,brain
CB2892,3835,0,1.0000,brain
CB2895,1264,0,1.0000,brain
CB2896,8462,0,1.0000,brain
CB2902,1085,0,1.0000,brain
CB2904,3694,0,1.0000,brain
CB2906,3318,0,1.0000,brain
CB2907,2009,0,1.0000,brain
CB2908,1864,0,1.0000,brain
CB2910,1933,0,1.0000,brain
CB2912,3846,0,1.0000,brain
CB2913,1837,0,1.0000,brain
CB2919,5961,0,1.0000,brain
CB2920,3763,0,1.0000,brain
CB2922,1074,0,1.0000,brain
CB2927,1498,0,1.0000,brain
CB2931,1734,0,1.0000,brain
CB2934,3693,0,1.0000,brain
CB2935,2759,0,1.0000,brain
CB2936,1395,0,1.0000,brain
CB2937,2196,0,1.0000,brain
CB2938,1486,0,1.0000,brain
CB2940,6965,0,1.0000,brain
CB2944,1949,0,1.0000,brain
CB2947,1229,0,1.0000,brain
CB2948,1097,0,1.0000,brain
CB2950,4480,0,1.0000,brain
CB2952,5716,0,1.0000,brain
CB2953,1565,0,1.0000,brain
CB2954,1506,0,1.0000,brain
CB2955,4962,0,1.0000,brain
CB2956,788,0,1.0000,brain
CB2958,972,0,1.0000,brain
CB2963,2967,0,1.0000,brain
CB2966,4620,0,1.0000,brain
CB2967,3938,0,1.0000,brain
CB2970,1321,0,1.0000,brain
CB2972,3574,0,1.0000,brain
CB2975,1519,0,1.0000,brain
CB2976,2866,0,1.0000,brain
CB2979,2115,0,1.0000,brain
CB2981,2604,0,1.0000,brain
CB2982,1245,0,1.0000,brain
CB2983,1886,0,1.0000,brain
CB2985,1655,0,1.0000,brain
CB2988,2878,0,1.0000,brain
CB2992,2217,0,1.0000,brain
CB2993,907,0,1.0000,brain
CB2995,3386,0,1.0000,brain
CB2996,1236,0,1.0000,brain
CB3001,9529,0,1.0000,brain
CB3005,4656,0,1.0000,brain
CB3007,1825,0,1.0000,brain
CB3008,352,0,1.0000,brain
CB3010,5963,0,1.0000,brain
CB3012,2864,0,1.0000,brain
CB3013,3459,0,1.0000,brain
CB3014,2661,0,1.0000,brain
CB3015,3335,0,1.0000,brain
CB3016,4728,0,1.0000,brain
CB3019,21774,0,1.0000,brain
CB3021,2801,0,1.0000,brain
CB3023,7602,0,1.0000,brain
CB3024,13978,0,1.0000,brain
CB3030,2875,0,1.0000,brain
CB3036,2017,0,1.0000,brain
CB3042,7848,0,1.0000,brain
CB3043,5842,0,1.0000,brain
CB3044,7452,0,1.0000,brain
CB3045,2006,0,1.0000,brain
CB3049,3695,0,1.0000,brain
CB3050,3677,0,1.0000,brain
CB3051,4026,0,1.0000,brain
CB3052,2965,0,1.0000,brain
CB3055,2590,0,1.0000,brain
CB3056,6138,0,1.0000,brain
CB3060,1696,0,1.0000,brain
CB3065,2801,0,1.0000,brain
CB3067,3206,0,1.0000,brain
CB3069,793,0,1.0000,brain
CB3071,587,0,1.0000,brain
CB3074,4045,0,1.0000,brain
CB3075,2037,0,1.0000,brain
CB3076,2124,0,1.0000,brain
CB3080,2628,0,1.0000,brain
CB3081,1434,0,1.0000,brain
CB3084,573,0,1.0000,brain
CB3089,1859,0,1.0000,brain
CB3093,1901,0,1.0000,brain
CB3098,1538,0,1.0000,brain
CB3103,1955,0,1.0000,brain
CB3104,10290,0,1.0000,brain
CB3109,2270,0,1.0000,brain
CB3113,1218,0,1.0000,brain
CB3118,2962,0,1.0000,brain
CB3120,1348,0,1.0000,brain
CB3121,5415,0,1.0000,brain
CB3124,1054,0,1.0000,brain
CB3127,1650,0,1.0000,brain
CB3132,1738,0,1.0000,brain
CB3133,1065,0,1.0000,brain
CB3135,2115,0,1.0000,brain
CB3140,6637,0,1.0000,brain
CB3141,2421,0,1.0000,brain
CB3142,1374,0,1.0000,brain
CB3143,2852,0,1.0000,brain
CB3147,1890,0,1.0000,brain
CB3162,2169,0,1.0000,brain
CB3168,3814,0,1.0000,brain
CB3172,906,0,1.0000,brain
CB3173,1672,0,1.0000,brain
CB3175,2445,0,1.0000,brain
CB3184,7971,0,1.0000,brain
CB3185,2598,0,1.0000,brain
CB3187,1093,0,1.0000,brain
CB3197,1453,0,1.0000,brain
CB3201,5648,0,1.0000,brain
CB3202,2675,0,1.0000,brain
CB3204,1737,0,1.0000,brain
CB3207,5395,0,1.0000,brain
CB3208,1681,0,1.0000,brain
CB3209,1886,0,1.0000,brain
CB3212,2343,0,1.0000,brain
CB3218,4575,0,1.0000,brain
CB3220,2284,0,1.0000,brain
CB3221,3348,0,1.0000,brain
CB3228,1442,0,1.0000,brain
CB3233,4055,0,1.0000,brain
CB3236,5638,0,1.0000,brain
CB3240,2124,0,1.0000,brain
CB3245,8696,0,1.0000,brain
CB3249,1213,0,1.0000,brain
CB3250,2137,0,1.0000,brain
CB3252,3924,0,1.0000,brain
CB3255,5342,0,1.0000,brain
CB3261,8937,0,1.0000,brain
CB3264,5039,0,1.0000,brain
CB3268,2586,0,1.0000,brain
CB3269,7024,0,1.0000,brain
CB3274,1097,0,1.0000,brain
CB3276,1239,0,1.0000,brain
CB3277,6051,0,1.0000,brain
CB3278,3234,0,1.0000,brain
CB3281,3397,0,1.0000,brain
CB3287b,3407,0,1.0000,brain
CB3288,4602,0,1.0000,brain
CB3293,2866,0,1.0000,brain
CB3297,2576,0,1.0000,brain
CB3302,10182,0,1.0000,brain
CB3305,5024,0,1.0000,brain
CB3308,4107,0,1.0000,brain
CB3316,1676,0,1.0000,brain
CB3318,2234,0,1.0000,brain
CB3319,4825,0,1.0000,brain
CB3320,9701,0,1.0000,brain
CB3322,9893,0,1.0000,brain
CB3323,4802,0,1.0000,brain
CB3326,1703,0,1.0000,brain
CB3329,9863,0,1.0000,brain
CB3332,947,0,1.0000,brain
CB3339,4764,0,1.0000,brain
CB3340,2409,0,1.0000,brain
CB3343,2986,0,1.0000,brain
CB3347,3599,0,1.0000,brain
CB3357,6752,0,1.0000,brain
CB3358,1925,0,1.0000,brain
CB3360,2691,0,1.0000,brain
CB3361,2503,0,1.0000,brain
CB3362,3005,0,1.0000,brain
CB3364,12569,0,1.0000,brain
CB3373,3447,0,1.0000,brain
CB3374,3661,0,1.0000,brain
CB3376,6854,0,1.0000,brain
CB3381,2414,0,1.0000,brain
CB3383,425,0,1.0000,brain
CB3384,3237,0,1.0000,brain
CB3391,5076,0,1.0000,brain
CB3393,1342,0,1.0000,brain
CB3394,2336,0,1.0000,brain
CB3396,1812,0,1.0000,brain
CB3399,2566,0,1.0000,brain
CB3400,5873,0,1.0000,brain
CB3402,3635,0,1.0000,brain
CB3404,6153,0,1.0000,brain
CB3407,2145,0,1.0000,brain
CB3409,6525,0,1.0000,brain
CB3411,4064,0,1.0000,brain
CB3414,2493,0,1.0000,brain
CB3417,16177,0,1.0000,brain
CB3419,7310,0,1.0000,brain
CB3427,8637,0,1.0000,brain
CB3433,6120,0,1.0000,brain
CB3435,9664,0,1.0000,brain
CB3437,2176,0,1.0000,brain
CB3439,11316,0,1.0000,brain
CB3441,3039,0,1.0000,brain
CB3445,8622,0,1.0000,brain
CB3446,4194,0,1.0000,brain
CB3447,2666,0,1.0000,brain
CB3450,10458,0,1.0000,brain
CB3453,2068,0,1.0000,brain
CB3459,2777,0,1.0000,brain
CB3464,15051,0,1.0000,brain
CB3466,14676,0,1.0000,brain
CB3469,3665,0,1.0000,brain
CB3476,4628,0,1.0000,brain
CB3477,1792,0,1.0000,brain
CB3479,7072,0,1.0000,brain
CB3488,4733,0,1.0000,brain
CB3496,2565,0,1.0000,brain
CB3498,2722,0,1.0000,brain
CB3499,4467,0,1.0000,brain
CB3503,11066,0,1.0000,brain
CB3506,2810,0,1.0000,brain
CB3507,3635,0,1.0000,brain
CB3508,854,0,1.0000,brain
CB3512,4522,0,1.0000,brain
CB3513,18677,0,1.0000,brain
CB3519,4458,0,1.0000,brain
CB3523,2930,0,1.0000,brain
CB3528,5441,0,1.0000,brain
CB3530,9118,0,1.0000,brain
CB3539,4006,0,1.0000,brain
CB3541,3369,0,1.0000,brain
CB3544,6288,0,1.0000,brain
CB3545,11291,0,1.0000,brain
CB3548,1659,0,1.0000,brain
CB3552,5585,0,1.0000,brain
CB3553,2520,0,1.0000,brain
CB3556,4219,0,1.0000,brain
CB3561,6606,0,1.0000,brain
CB3566,1883,0,1.0000,brain
CB3569,6051,0,1.0000,brain
CB3570,1972,0,1.0000,brain
CB3574,3231,0,1.0000,brain
CB3576,4642,0,1.0000,brain
CB3578,7767,0,1.0000,brain
CB3581,3485,0,1.0000,brain
CB3588,5154,0,1.0000,brain
CB3594,4798,0,1.0000,brain
CB3595,2936,0,1.0000,brain
CB3598,6114,0,1.0000,brain
CB3603,1803,0,1.0000,brain
CB3606,3914,0,1.0000,brain
CB3607,6688,0,1.0000,brain
CB3608,1398,0,1.0000,brain
CB3614,4765,0,1.0000,brain
CB3619,3631,0,1.0000,brain
CB3629,3444,0,1.0000,brain
CB3630,5172,0,1.0000,brain
CB3631,2545,0,1.0000,brain
CB3635,6483,0,1.0000,brain
CB3638,1667,0,1.0000,brain
CB3646,7589,0,1.0000,brain
CB3649,4614,0,1.0000,brain
CB3657,4590,0,1.0000,brain
CB3660,13215,0,1.0000,brain
CB3661,5762,0,1.0000,brain
CB3664,3867,0,1.0000,brain
CB3666,8339,0,1.0000,brain
CB3667,14724,0,1.0000,brain
CB3671,3654,0,1.0000,brain
CB3673a,4811,0,1.0000,brain
CB3673b,6947,0,1.0000,brain
CB3676,4128,0,1.0000,brain
CB3679,1435,0,1.0000,brain
CB3682,5532,0,1.0000,brain
CB3683,6214,0,1.0000,brain
CB3684,12418,0,1.0000,brain
CB3690,10294,0,1.0000,brain
CB3691,2328,0,1.0000,brain
CB3692,4565,0,1.0000,brain
CB3697,5746,0,1.0000,brain
CB3710,7747,0,1.0000,brain
CB3724,1850,0,1.0000,brain
CB3727,810,0,1.0000,brain
CB3728,1476,0,1.0000,brain
CB3729,2854,0,1.0000,brain
CB3732,2512,0,1.0000,brain
CB3733,2205,0,1.0000,brain
CB3734,2991,0,1.0000,brain
CB3738,1496,0,1.0000,brain
CB3739,9025,0,1.0000,brain
CB3740,4188,0,1.0000,brain
CB3741,1650,0,1.0000,brain
CB3742,3679,0,1.0000,brain
CB3743,2576,0,1.0000,brain
CB3744,786,0,1.0000,brain
CB3745,3281,0,1.0000,brain
CB3746,11629,0,1.0000,brain
CB3747,1355,0,1.0000,brain
CB3748,3135,0,1.0000,brain
CB3754,945,0,1.0000,brain
CB3758,1937,0,1.0000,brain
CB3759,5659,0,1.0000,brain
CB3760,1893,0,1.0000,brain
CB3762,2835,0,1.0000,brain
CB3768,5102,0,1.0000,brain
CB3782,2822,0,1.0000,brain
CB3784,2212,0,1.0000,brain
CB3788,5188,0,1.0000,brain
CB3789,654,0,1.0000,brain
CB3791,5030,0,1.0000,brain
CB3798,2076,0,1.0000,brain
CB3863,5295,0,1.0000,brain
CB3865,5153,0,1.0000,brain
CB3866,1026,0,1.0000,brain
CB3869,2519,0,1.0000,brain
CB3870,6326,0,1.0000,brain
CB3873,3014,0,1.0000,brain
CB3874,4063,0,1.0000,brain
CB3879,3364,0,1.0000,brain
CB3895,3519,0,1.0000,brain
CB3900,1873,0,1.0000,brain
CB3906,4463,0,1.0000,brain
CB3907,4097,0,1.0000,brain
CB3908,10758,0,1.0000,brain
CB3909,2214,0,1.0000,brain
CB3910,3281,0,1.0000,brain
CB3930,3966,0,1.0000,brain
CB3931,4209,0,1.0000,brain
CB3932,5340,0,1.0000,brain
CB3933,945,0,1.0000,brain
CB3950b,574,0,1.0000,brain
CB3951,2301,0,1.0000,brain
CB3951b,1713,0,1.0000,brain
CB3953,6012,0,1.0000,brain
CB3959,6283,0,1.0000,brain
CB3961,2627,0,1.0000,brain
CB3977,12520,0,1.0000,brain
CB3984,665,0,1.0000,brain
CB3992,3424,0,1.0000,brain
CB3998,2190,0,1.0000,brain
CB3999,462,0,1.0000,brain
CB4000,1704,0,1.0000,brain
CB4019,378,0,1.0000,brain
CB4022,2758,0,1.0000,brain
CB4023,4161,0,1.0000,brain
CB4033,1764,0,1.0000,brain
CB4037,6821,0,1.0000,brain
CB4038,2852,0,1.0000,brain
CB4052,2678,0,1.0000,brain
CB4054,1886,0,1.0000,brain
CB4064,2403,0,1.0000,brain
CB4066,5974,0,1.0000,brain
CB4069,4940,0,1.0000,brain
CB4070,14787,0,1.0000,brain
CB4071,18104,0,1.0000,brain
CB4072,23989,0,1.0000,brain
CB4073,22818,0,1.0000,brain
CB4077,8674,0,1.0000,brain
CB4081,7029,0,1.0000,brain
CB4082,5871,0,1.0000,brain
CB4083,15772,0,1.0000,brain
CB4084,9500,0,1.0000,brain
CB4085,2365,0,1.0000,brain
CB4086,5220,0,1.0000,brain
CB4087,4532,0,1.0000,brain
CB4088,3384,0,1.0000,brain
CB4091,9579,0,1.0000,brain
CB4094,18180,0,1.0000,brain
CB4095,3450,0,1.0000,brain
CB4096,7632,0,1.0000,brain
CB4097,5866,0,1.0000,brain
CB4100,6952,0,1.0000,brain
CB4101,9872,0,1.0000,brain
CB4102,13365,0,1.0000,brain
CB4103,17394,0,1.0000,brain
CB4104,2658,0,1.0000,brain
CB4105,14558,0,1.0000,brain
CB4106,8871,0,1.0000,brain
CB4107,4001,0,1.0000,brain
CB4110,12333,0,1.0000,brain
CB4111,1383,0,1.0000,brain
CB4112,4219,0,1.0000,brain
CB4114,5535,0,1.0000,brain
CB4115,3715,0,1.0000,brain
CB4116,23936,0,1.0000,brain
CB4117,3090,0,1.0000,brain
CB4118,34599,0,1.0000,brain
CB4119,7697,0,1.0000,brain
CB4120,12815,0,1.0000,brain
CB4121,7856,0,1.0000,brain
CB4122,7601,0,1.0000,brain
CB4123,5930,0,1.0000,brain
CB4124,9374,0,1.0000,brain
CB4125,7395,0,1.0000,brain
CB4126,2029,0,1.0000,brain
CB4127,12993,0,1.0000,brain
CB4128,10771,0,1.0000,brain
CB4129,3043,0,1.0000,brain
CB4130,3433,0,1.0000,brain
CB4131,532,0,1.0000,brain
CB4132,8248,0,1.0000,brain
CB4133,3553,0,1.0000,brain
CB4134,1989,0,1.0000,brain
CB4137,3667,0,1.0000,brain
CB4138,3837,0,1.0000,brain
CB4139,3669,0,1.0000,brain
CB4141,4685,0,1.0000,brain
CB4143,4348,0,1.0000,brain
CB4150,4728,0,1.0000,brain
CB4151,5145,0,1.0000,brain
CB4152,3787,0,1.0000,brain
CB4155,3281,0,1.0000,brain
CB4156,1007,0,1.0000,brain
CB4157,2356,0,1.0000,brain
CB4158,2963,0,1.0000,brain
CB4159,5011,0,1.0000,brain
CB4162,4732,0,1.0000,brain
CB4163,10189,0,1.0000,brain
CB4165,6661,0,1.0000,brain
CB4166,8283,0,1.0000,brain
CB4167,10179,0,1.0000,brain
CB4168,12316,0,1.0000,brain
CB4169,9152,0,1.0000,brain
CB4170,14303,0,1.0000,brain
CB4172,3622,0,1.0000,brain
CB4173,9252,0,1.0000,brain
CB4174,2295,0,1.0000,brain
CB4176,14379,0,1.0000,brain
CB4179,9740,0,1.0000,brain
CB4180,2651,0,1.0000,brain
CB4181,802,0,1.0000,brain
CB4182,1562,0,1.0000,brain
CB4183,7083,0,1.0000,brain
CB4190,3560,0,1.0000,brain
CB4193,2252,0,1.0000,brain
CB4194,3066,0,1.0000,brain
CB4195,1966,0,1.0000,brain
CB4196,2580,0,1.0000,brain
CB4197,3177,0,1.0000,brain
CB4198,2448,0,1.0000,brain
CB4200,1413,0,1.0000,brain
CB4201,2873,0,1.0000,brain
CB4205,5801,0,1.0000,brain
CB4206,4551,0,1.0000,brain
CB4208,9044,0,1.0000,brain
CB4209,10951,0,1.0000,brain
CB4214,3500,0,1.0000,brain
CB4215,4810,0,1.0000,brain
CB4216,9874,0,1.0000,brain
CB4217,3692,0,1.0000,brain
CB4220,3861,0,1.0000,brain
CB4225,3256,0,1.0000,brain
CB4228,7966,0,1.0000,brain
CB4231,5132,0,1.0000,brain
CB4241,3897,0,1.0000,brain
CB4242,8039,0,1.0000,brain
CB4243,6563,0,1.0000,brain
CB4245,5277,0,1.0000,brain
CB4246,2455,0,1.0000,brain
CB4247,2943,0,1.0000,brain
CB4248,10224,0,1.0000,brain
CEM,1493,0,1.0000,brain
CL001,38249,0,1.0000,brain
CL002,19011,0,1.0000,brain
CL003,8609,0,1.0000,brain
CL004,7921,0,1.0000,brain
CL005,3255,0,1.0000,brain
CL006,2771,0,1.0000,brain
CL007,9131,0,1.0000,brain
CL008,7334,0,1.0000,brain
CL010,3169,0,1.0000,brain
CL011,2224,0,1.0000,brain
CL012,3524,0,1.0000,brain
CL013,5642,0,1.0000,brain
CL014,12746,0,1.0000,brain
CL015_a,2526,0,1.0000,brain
CL015_b,2741,0,1.0000,brain
CL016,5766,0,1.0000,brain
CL018,4415,0,1.0000,brain
CL021,7050,0,1.0000,brain
CL022_a,6776,0,1.0000,brain
CL022_b,6859,0,1.0000,brain
CL022_c,7437,0,1.0000,brain
CL023,8080,0,1.0000,brain
CL024_a,5982,0,1.0000,brain
CL024_b,1760,0,1.0000,brain
CL024_c,1554,0,1.0000,brain
CL024_d,1710,0,1.0000,brain
CL025,5477,0,1.0000,brain
CL026,4910,0,1.0000,brain
CL027,6401,0,1.0000,brain
CL028,6206,0,1.0000,brain
CL029_a,23063,0,1.0000,brain
CL029_b,14613,0,1.0000,brain
CL030,14959,0,1.0000,brain
CL031,10067,0,1.0000,brain
CL032,7581,0,1.0000,brain
CL036,24429,0,1.0000,brain
CL038,13936,0,1.0000,brain
CL040,4342,0,1.0000,brain
CL042,4590,0,1.0000,brain
CL046,3302,0,1.0000,brain
CL048,4637,0,1.0000,brain
CL049,5361,0,1.0000,brain
CL053,21012,0,1.0000,brain
CL054,2173,0,1.0000,brain
CL055,3088,0,1.0000,brain
CL056,2507,0,1.0000,brain
CL057,4161,0,1.0000,brain
CL058,6618,0,1.0000,brain
CL062_a1,3768,0,1.0000,brain
CL062_a2,4332,0,1.0000,brain
CL062_b1,4162,0,1.0000,brain
CL062_b2,4233,0,1.0000,brain
CL062_b3,4335,0,1.0000,brain
CL063,27605,0,1.0000,brain
CL064,13166,0,1.0000,brain
CL065,27997,0,1.0000,brain
CL066,12007,0,1.0000,brain
CL067,8844,0,1.0000,brain
CL068,6230,0,1.0000,brain
CL069,10267,0,1.0000,brain
CL070_a,10862,0,1.0000,brain
CL070_b,12205,0,1.0000,brain
CL071_a,7605,0,1.0000,brain
CL071_b,22492,0,1.0000,brain
CL072,5899,0,1.0000,brain
CL073,7257,0,1.0000,brain
CL074,9512,0,1.0000,brain
CL075_a,7909,0,1.0000,brain
CL075_b,5136,0,1.0000,brain
CL077,6865,0,1.0000,brain
CL078_a,3158,0,1.0000,brain
CL078_b,2045,0,1.0000,brain
CL078_c,2291,0,1.0000,brain
CL080,12525,0,1.0000,brain
CL081,5180,0,1.0000,brain
CL083,6352,0,1.0000,brain
CL085_a,3171,0,1.0000,brain
CL085_b,3925,0,1.0000,brain
CL085_c,4890,0,1.0000,brain
CL086_a,15664,0,1.0000,brain
CL086_b,9081,0,1.0000,brain
CL086_c,10792,0,1.0000,brain
CL086_d,4484,0,1.0000,brain
CL086_e,9560,0,1.0000,brain
CL087,6882,0,1.0000,brain
CL088_a,3262,0,1.0000,brain
CL088_b,5319,0,1.0000,brain
CL089_a1,2694,0,1.0000,brain
CL089_a2,2018,0,1.0000,brain
CL089_b,9990,0,1.0000,brain
CL089_c,6617,0,1.0000,brain
CL090_a,3543,0,1.0000,brain
CL090_b,3310,0,1.0000,brain
CL090_c,11298,0,1.0000,brain
CL090_d,16861,0,1.0000,brain
CL090_e,9985,0,1.0000,brain
CL091,11347,0,1.0000,brain
CL092,17108,0,1.0000,brain
CL093,10757,0,1.0000,brain
CL094,10902,0,1.0000,brain
CL095,9815,0,1.0000,brain
CL096,4171,0,1.0000,brain
CL097,4296,0,1.0000,brain
CL098,3582,0,1.0000,brain
CL099,19027,0,1.0000,brain
CL100,7640,0,1.0000,brain
CL101,3339,0,1.0000,brain
CL102,3004,0,1.0000,brain
CL104,5452,0,1.0000,brain
CL107,5205,0,1.0000,brain
CL108,4986,0,1.0000,brain
CL109,18915,0,1.0000,brain
CL110,15085,0,1.0000,brain
CL111,16406,0,1.0000,brain
CL112,10638,0,1.0000,brain
CL113,5890,0,1.0000,brain
CL114,6697,0,1.0000,brain
CL115,5193,0,1.0000,brain
CL116,3084,0,1.0000,brain
CL117,6161,0,1.0000,brain
CL118,4748,0,1.0000,brain
CL120,5062,0,1.0000,brain
CL121_a,4045,0,1.0000,brain
CL121_b,7631,0,1.0000,brain
CL122_a,7878,0,1.0000,brain
CL122_b,12013,0,1.0000,brain
CL123_a,2836,0,1.0000,brain
CL123_b,4616,0,1.0000,brain
CL123_c,4520,0,1.0000,brain
CL123_d,4346,0,1.0000,brain
CL123_e,3656,0,1.0000,brain
CL125,3666,0,1.0000,brain
CL126,7586,0,1.0000,brain
CL127,11047,0,1.0000,brain
CL128_a,3048,0,1.0000,brain
CL128_b,2714,0,1.0000,brain
CL128_c,2226,0,1.0000,brain
CL128_d,3075,0,1.0000,brain
CL128_e,2796,0,1.0000,brain
CL128_f,2690,0,1.0000,brain
CL128a,12334,0,1.0000,brain
CL129,8663,0,1.0000,brain
CL12X,1177,0,1.0000,brain
CL130,8050,0,1.0000,brain
CL131,8153,0,1.0000,brain
CL132,3156,0,1.0000,brain
CL133,6155,0,1.0000,brain
CL134,8486,0,1.0000,brain
CL135,13249,0,1.0000,brain
CL136,5845,0,1.0000,brain
CL140,14113,0,1.0000,brain
CL141,3668,0,1.0000,brain
CL142,3988,0,1.0000,brain
CL143,2408,0,1.0000,brain
CL144,9594,0,1.0000,brain
CL146,620,0,1.0000,brain
CL147,4231,0,1.0000,brain
CL149,2311,0,1.0000,brain
CL150,9136,0,1.0000,brain
CL151,8206,0,1.0000,brain
CL152,10042,0,1.0000,brain
CL153,2563,0,1.0000,brain
CL154,2259,0,1.0000,brain
CL155,3036,0,1.0000,brain
CL157,8203,0,1.0000,brain
CL158,6545,0,1.0000,brain
CL159,5801,0,1.0000,brain
CL160,7249,0,1.0000,brain
CL161_a,3562,0,1.0000,brain
CL161_b,4669,0,1.0000,brain
CL162,2085,0,1.0000,brain
CL165,5128,0,1.0000,brain
CL166,6020,0,1.0000,brain
CL167,4343,0,1.0000,brain
CL168,3581,0,1.0000,brain
CL169,6840,0,1.0000,brain
CL170,7212,0,1.0000,brain
CL171,4071,0,1.0000,brain
CL172,4262,0,1.0000,brain
CL173,1411,0,1.0000,brain
CL175,7232,0,1.0000,brain
CL176,3171,0,1.0000,brain
CL177,2578,0,1.0000,brain
CL178,3132,0,1.0000,brain
CL179,7384,0,1.0000,brain
CL180,4416,0,1.0000,brain
CL182,10085,0,1.0000,brain
CL183,2008,0,1.0000,brain
CL184,8102,0,1.0000,brain
CL185,7017,0,1.0000,brain
CL186,3089,0,1.0000,brain
CL187,3452,0,1.0000,brain
CL189,6022,0,1.0000,brain
CL190,2869,0,1.0000,brain
CL191_a,5080,0,1.0000,brain
CL191_b,5384,0,1.0000,brain
CL195,395,0,1.0000,brain
CL196,4681,0,1.0000,brain
CL199,10938,0,1.0000,brain
CL200,7380,0,1.0000,brain
CL201,5787,0,1.0000,brain
CL203,8237,0,1.0000,brain
CL204,4546,0,1.0000,brain
CL205,3048,0,1.0000,brain
CL208,8939,0,1.0000,brain
CL209,1791,0,1.0000,brain
CL210_a,11075,0,1.0000,brain
CL211,11486,0,1.0000,brain
CL212,13000,0,1.0000,brain
CL213,15695,0,1.0000,brain
CL214,6135,0,1.0000,brain
CL215,7358,0,1.0000,brain
CL216,4569,0,1.0000,brain
CL224,2016,0,1.0000,brain
CL225,8471,0,1.0000,brain
CL228,1848,0,1.0000,brain
CL231,3264,0,1.0000,brain
CL234,9231,0,1.0000,brain
CL235,12319,0,1.0000,brain
CL236,9183,0,1.0000,brain
CL238,920,0,1.0000,brain
CL239,5042,0,1.0000,brain
CL244,2942,0,1.0000,brain
CL245,4030,0,1.0000,brain
CL246,10181,0,1.0000,brain
CL248,16980,0,1.0000,brain
CL249,7894,0,1.0000,brain
CL250,3660,0,1.0000,brain
CL251,6680,0,1.0000,brain
CL252,3811,0,1.0000,brain
CL253,3799,0,1.0000,brain
CL254,5915,0,1.0000,brain
CL255,5181,0,1.0000,brain
CL256,14777,0,1.0000,brain
CL257,19066,0,1.0000,brain
CL258,6143,0,1.0000,brain
CL259,8919,0,1.0000,brain
CL260,6833,0,1.0000,brain
CL261,5260,0,1.0000,brain
CL263,14716,0,1.0000,brain
CL264,9162,0,1.0000,brain
CL266_a1,4727,0,1.0000,brain
CL266_a2,4788,0,1.0000,brain
CL266_a3,4698,0,1.0000,brain
CL266_b1,4554,0,1.0000,brain
CL266_b2,3484,0,1.0000,brain
CL267,9641,0,1.0000,brain
CL268,12934,0,1.0000,brain
CL269,14821,0,1.0000,brain
CL270,8392,0,1.0000,brain
CL271,5211,0,1.0000,brain
CL272_a1,2765,0,1.0000,brain
CL272_a2,2052,0,1.0000,brain
CL272_b1,1787,0,1.0000,brain
CL272_b2,1653,0,1.0000,brain
CL272_b3,1250,0,1.0000,brain
CL273,3058,0,1.0000,brain
CL274,12827,0,1.0000,brain
CL275,8537,0,1.0000,brain
CL280,2073,0,1.0000,brain
CL282,5105,0,1.0000,brain
CL283_a,4021,0,1.0000,brain
CL283_b,2104,0,1.0000,brain
CL283_c,3330,0,1.0000,brain
CL286,18792,0,1.0000,brain
CL287,12112,0,1.0000,brain
CL288,5942,0,1.0000,brain
CL290,4410,0,1.0000,brain
CL291,2265,0,1.0000,brain
CL292,3239,0,1.0000,brain
CL293,1046,0,1.0000,brain
CL294,7114,0,1.0000,brain
CL301,1828,0,1.0000,brain
CL302,1379,0,1.0000,brain
CL303,16162,0,1.0000,brain
CL308,11720,0,1.0000,brain
CL309,8692,0,1.0000,brain
CL310,11560,0,1.0000,brain
CL311,19345,0,1.0000,brain
CL314,5582,0,1.0000,brain
CL315,2717,0,1.0000,brain
CL316,8255,0,1.0000,brain
CL317,8333,0,1.0000,brain
CL318,5347,0,1.0000,brain
CL319,17751,0,1.0000,brain
CL321,6219,0,1.0000,brain
CL322,11949,0,1.0000,brain
CL323,11086,0,1.0000,brain
CL326,5300,0,1.0000,brain
CL327,5870,0,1.0000,brain
CL328,4220,0,1.0000,brain
CL333,13077,0,1.0000,brain
CL335,9107,0,1.0000,brain
CL336,13753,0,1.0000,brain
CL339,12651,0,1.0000,brain
CL340,10804,0,1.0000,brain
CL344_a,6359,0,1.0000,brain
CL344_b,7111,0,1.0000,brain
CL345,8165,0,1.0000,brain
CL348,2745,0,1.0000,brain
CL351,1024,0,1.0000,brain
CL352,4697,0,1.0000,brain
CL353,12922,0,1.0000,brain
CL354,7221,0,1.0000,brain
CL355,1422,0,1.0000,brain
CL356,7595,0,1.0000,brain
CL357,8480,0,1.0000,brain
CL359,8580,0,1.0000,brain
CL360,7906,0,1.0000,brain
CL361,15164,0,1.0000,brain
CL362,8769,0,1.0000,brain
CL364,3654,0,1.0000,brain
CL365,13056,0,1.0000,brain
CL366,37641,0,1.0000,brain
CL367,14649,0,1.0000,brain
CL368,6323,0,1.0000,brain
CRE001,4848,0,1.0000,brain
CRE003_a,6968,0,1.0000,brain
CRE003_b,9084,0,1.0000,brain
CRE004,16446,0,1.0000,brain
CRE005,11071,0,1.0000,brain
CRE006,3980,0,1.0000,brain
CRE007,3585,0,1.0000,brain
CRE008,3725,0,1.0000,brain
CRE009,4596,0,1.0000,brain
CRE010,3688,0,1.0000,brain
CRE011,48398,0,1.0000,brain
CRE012,12502,0,1.0000,brain
CRE013,16407,0,1.0000,brain
CRE014,4870,0,1.0000,brain
CRE015,2535,0,1.0000,brain
CRE016,4377,0,1.0000,brain
CRE017,6822,0,1.0000,brain
CRE018,10378,0,1.0000,brain
CRE019,3099,0,1.0000,brain
CRE020,3733,0,1.0000,brain
CRE021,24356,0,1.0000,brain
CRE022,14694,0,1.0000,brain
CRE023,10515,0,1.0000,brain
CRE024,9551,0,1.0000,brain
CRE025,9113,0,1.0000,brain
CRE026,2596,0,1.0000,brain
CRE027,13650,0,1.0000,brain
CRE028,10045,0,1.0000,brain
CRE030_b,2457,0,1.0000,brain
CRE034,6642,0,1.0000,brain
CRE035,1731,0,1.0000,brain
CRE037,4538,0,1.0000,brain
CRE038,1504,0,1.0000,brain
CRE039,15766,0,1.0000,brain
CRE040,27895,0,1.0000,brain
CRE041,21152,0,1.0000,brain
CRE042,13656,0,1.0000,brain
CRE043_a1,3609,0,1.0000,brain
CRE043_a2,2627,0,1.0000,brain
CRE043_a3,2077,0,1.0000,brain
CRE043_b,2999,0,1.0000,brain
CRE043_c1,2752,0,1.0000,brain
CRE043_c2,3734,0,1.0000,brain
CRE043_d,2567,0,1.0000,brain
CRE044,13687,0,1.0000,brain
CRE045,5084,0,1.0000,brain
CRE046,2795,0,1.0000,brain
CRE048,11182,0,1.0000,brain
CRE049,4726,0,1.0000,brain
CRE050,9643,0,1.0000,brain
CRE051,7390,0,1.0000,brain
CRE052,8247,0,1.0000,brain
CRE054,6000,0,1.0000,brain
CRE055,9291,0,1.0000,brain
CRE056,4657,0,1.0000,brain
CRE057,1548,0,1.0000,brain
CRE059,6953,0,1.0000,brain
CRE060,1952,0,1.0000,brain
CRE062,1928,0,1.0000,brain
CRE065,3533,0,1.0000,brain
CRE066,5560,0,1.0000,brain
CRE067,6746,0,1.0000,brain
CRE068,3525,0,1.0000,brain
CRE069,4266,0,1.0000,brain
CRE070,4137,0,1.0000,brain
CRE071,4730,0,1.0000,brain
CRE072,6443,0,1.0000,brain
CRE074,18160,0,1.0000,brain
CRE075,13063,0,1.0000,brain
CRE076,8286,0,1.0000,brain
CRE077,8261,0,1.0000,brain
CRE078,10352,0,1.0000,brain
CRE079,3016,0,1.0000,brain
CRE080_a,3914,0,1.0000,brain
CRE080_b,4336,0,1.0000,brain
CRE080_c,4241,0,1.0000,brain
CRE080_d,3267,0,1.0000,brain
CRE081,12602,0,1.0000,brain
CRE082,4346,0,1.0000,brain
CRE083,13236,0,1.0000,brain
CRE085,4478,0,1.0000,brain
CRE086,5115,0,1.0000,brain
CRE088,7564,0,1.0000,brain
CRE089,2687,0,1.0000,brain
CRE090,4985,0,1.0000,brain
CRE092,8579,0,1.0000,brain
CRE093,6770,0,1.0000,brain
CRE094,6736,0,1.0000,brain
CRE095,10654,0,1.0000,brain
CRE096,2701,0,1.0000,brain
CRE099,2032,0,1.0000,brain
CRE100,15549,0,1.0000,brain
CRE102,7275,0,1.0000,brain
CRE103,11544,0,1.0000,brain
CRE104,2209,0,1.0000,brain
CRE105,4461,0,1.0000,brain
CRE106,5877,0,1.0000,brain
CRE107,11047,0,1.0000,brain
CRE108,7252,0,1.0000,brain
CRZ01,3083,0,1.0000,brain
CRZ02,2980,0,1.0000,brain
CSD,23577,0,1.0000,brain
CT1,219294,0,1.0000,brain
Cm-DRA,7972,0,1.0000,brain
Cm1,104349,0,1.0000,brain
Cm10,31529,0,1.0000,brain
Cm11a,58268,0,1.0000,brain
Cm11b,59756,0,1.0000,brain
Cm11c,39432,0,1.0000,brain
Cm11d,20774,0,1.0000,brain
Cm12,39153,0,1.0000,brain
Cm13,69834,0,1.0000,brain
Cm14,28196,0,1.0000,brain
Cm15,28695,0,1.0000,brain
Cm16,19512,0,1.0000,brain
Cm17,52971,0,1.0000,brain
Cm18,5937,0,1.0000,brain
Cm19,63410,0,1.0000,brain
Cm2,70934,0,1.0000,brain
Cm20,21191,0,1.0000,brain
Cm21,49323,0,1.0000,brain
Cm22,12238,0,1.0000,brain
Cm23,7618,0,1.0000,brain
Cm24,9757,0,1.0000,brain
Cm25,6073,0,1.0000,brain
Cm26,37357,0,1.0000,brain
Cm27,6442,0,1.0000,brain
Cm28,15722,0,1.0000,brain
Cm29,46890,0,1.0000,brain
Cm3,178154,0,1.0000,brain
Cm30,15768,0,1.0000,brain
Cm31a,81207,0,1.0000,brain
Cm31b,74567,0,1.0000,brain
Cm32,7038,0,1.0000,brain
Cm33,7171,0,1.0000,brain
Cm34,48866,0,1.0000,brain
Cm35,23246,0,1.0000,brain
Cm4,49660,0,1.0000,brain
Cm5,132849,0,1.0000,brain
Cm6,135504,0,1.0000,brain
Cm7,144498,0,1.0000,brain
Cm8,122923,0,1.0000,brain
Cm9,103113,0,1.0000,brain
Cm_unclear,790,0,1.0000,brain
CvN4,14177,0,1.0000,brain
CvN5,26904,0,1.0000,brain
CvN6,17750,0,1.0000,brain
CvN7,17432,0,1.0000,brain
DA1_lPN,74726,0,1.0000,brain
DA1_vPN,6922,0,1.0000,brain
DA2_lPN,15476,0,1.0000,brain
DA3_adPN,7160,0,1.0000,brain
DA4l_adPN,11181,0,1.0000,brain
DA4m_adPN,17858,0,1.0000,brain
DC1_adPN,27421,0,1.0000,brain
DC2_adPN,23257,0,1.0000,brain
DC3_adPN,25770,0,1.0000,brain
DC4_adPN,13331,0,1.0000,brain
DC4_vPN,1101,0,1.0000,brain
DCH,71107,0,1.0000,brain
DGI,4718,0,1.0000,brain
DH44,17936,0,1.0000,brain
DL1_adPN,30938,0,1.0000,brain
DL2d_adPN,26814,0,1.0000,brain
DL2d_vPN,1979,0,1.0000,brain
DL2v_adPN,34269,0,1.0000,brain
DL3_lPN,27119,0,1.0000,brain
DL4_adPN,11301,0,1.0000,brain
DL5_adPN,20696,0,1.0000,brain
"DLMn a, b",0,21935,0.0000,vnc
DLMn c-f,0,72920,0.0000,vnc
DM1_lPN,40433,0,1.0000,brain
DM2_lPN,34297,0,1.0000,brain
DM3_adPN,16682,0,1.0000,brain
DM3_vPN,831,0,1.0000,brain
DM4_adPN,23601,0,1.0000,brain
DM4_vPN,1244,0,1.0000,brain
DM5_lPN,15443,0,1.0000,brain
DM6_adPN,24789,0,1.0000,brain
DMS,7660,0,1.0000,brain
DN1a,6039,0,1.0000,brain
DN1pA,6024,0,1.0000,brain
DN1pB,7804,0,1.0000,brain
DNES1,1814,0,1.0000,brain
DNES2,1622,0,1.0000,brain
DNES3,586,0,1.0000,brain
DNa01,25983,5963,0.8133,brain
DNa02,49355,6135,0.8894,brain
DNa03,38839,579,0.9853,brain
DNa04,18154,3790,0.8273,brain
DNa05,9490,3149,0.7509,brain
DNa06,23751,2125,0.9179,brain
DNa07,3303,890,0.7877,brain
DNa08,2716,2712,0.5004,brain
DNa09,15765,3407,0.8223,brain
DNa10,32199,4065,0.8879,brain
DNa11,27396,3654,0.8823,brain
DNa13,47861,9618,0.8327,brain
DNa14,4607,2614,0.6380,brain
DNa15,24047,4070,0.8552,brain
DNa16,21674,4562,0.8261,brain
DNae001,12572,2834,0.8160,brain
DNae002,24537,3289,0.8818,brain
DNae003,16522,3144,0.8401,brain
DNae004,6903,2293,0.7507,brain
DNae005,17688,2522,0.8752,brain
DNae006,5035,1238,0.8026,brain
DNae007,23106,1225,0.9497,brain
DNae008,4856,1816,0.7278,brain
DNae009,16624,5133,0.7641,brain
DNae010,12480,2346,0.8418,brain
DNb01,17916,2430,0.8806,brain
DNb02,12282,2799,0.8144,brain
DNb03,7258,2651,0.7325,brain
DNb04,13637,1406,0.9065,brain
DNb05,37721,5360,0.8756,brain
DNb06,8684,2838,0.7537,brain
DNb07,7169,2710,0.7257,brain
DNb08,37946,4591,0.8921,brain
DNb09,20992,2783,0.8829,brain
DNbe001,34528,4878,0.8762,brain
DNbe002,8843,5651,0.6101,brain
DNbe003,15962,2192,0.8793,brain
DNbe004,19959,3711,0.8432,brain
DNbe005,12308,3144,0.7965,brain
DNbe006,7002,2032,0.7751,brain
DNbe007,18938,1949,0.9067,brain
DNc01,6598,904,0.8795,brain
DNc02,6470,1006,0.8654,brain
DNd01,11899,0,1.0000,brain
DNd02,7856,12174,0.3922,vnc
DNd03,9963,13022,0.4335,vnc
DNd04,11561,4171,0.7349,brain
DNd05,9992,4027,0.7127,brain
DNde001,7013,3132,0.6913,brain
DNde002,20644,3649,0.8498,brain
DNde003,17020,1528,0.9176,brain
DNde005,9912,3060,0.7641,brain
DNde006,9324,3103,0.7503,brain
DNde007,2963,2208,0.5730,brain
DNg01_a,1986,868,0.6959,brain
DNg01_b,4160,1111,0.7892,brain
DNg01_c,1346,870,0.6074,brain
DNg01_d,1378,737,0.6515,brain
DNg01_unclear,523,313,0.6256,brain
DNg02_a,10722,3804,0.7381,brain
DNg02_b,2705,2196,0.5519,brain
DNg02_c,3835,1945,0.6635,brain
DNg02_d,4609,1061,0.8129,brain
DNg02_e,3051,1006,0.7520,brain
DNg02_f,3725,972,0.7931,brain
DNg02_g,5554,2455,0.6935,brain
DNg03,3850,4787,0.4458,vnc
DNg04,16880,2149,0.8871,brain
DNg05_a,6167,1777,0.7763,brain
DNg05_b,3157,1081,0.7449,brain
DNg05_c,942,596,0.6125,brain
DNg06,6931,3440,0.6683,brain
DNg07,12765,1842,0.8739,brain
DNg08,14504,5585,0.7220,brain
DNg09_a,6593,495,0.9302,brain
DNg09_b,2378,232,0.9111,brain
DNg10,5772,830,0.8743,brain
DNg100,46354,11102,0.8068,brain
DNg101,9790,4495,0.6853,brain
DNg102,21970,8765,0.7148,brain
DNg103,8232,3176,0.7216,brain
DNg104,12347,2199,0.8488,brain
DNg105,28725,10601,0.7304,brain
DNg106,16848,3061,0.8463,brain
DNg107,3173,1070,0.7478,brain
DNg108,36135,9031,0.8000,brain
DNg109,9189,3078,0.7491,brain
DNg11,8339,1234,0.8711,brain
DNg110,6568,1652,0.7990,brain
DNg111,15949,1932,0.8920,brain
DNg12_a,10584,1424,0.8814,brain
DNg12_b,5403,1529,0.7794,brain
DNg12_c,10582,1688,0.8624,brain
DNg12_d,3883,609,0.8644,brain
DNg12_e,7197,2833,0.7175,brain
DNg12_f,3185,796,0.8001,brain
DNg12_g,2622,474,0.8469,brain
DNg12_h,3458,628,0.8463,brain
DNg13,12353,4876,0.7170,brain
DNg14,4149,3378,0.5512,brain
DNg15,29485,6971,0.8088,brain
DNg16,43553,5383,0.8900,brain
DNg17,1641,3068,0.3485,vnc
DNg18_a,1967,261,0.8829,brain
DNg18_b,3524,770,0.8207,brain
DNg19,4799,2199,0.6858,brain
DNg20,3790,1607,0.7022,brain
DNg21,4042,3349,0.5469,brain
DNg22,10225,2273,0.8181,brain
DNg23,3172,1241,0.7188,brain
DNg24,10696,1772,0.8579,brain
DNg26,3576,2349,0.6035,brain
DNg27,9347,4012,0.6997,brain
DNg28,1681,0,1.0000,brain
DNg29,20373,2530,0.8895,brain
DNg30,9695,2608,0.7880,brain
DNg31,11992,4522,0.7262,brain
DNg32,5467,3133,0.6357,brain
DNg33,7912,3925,0.6684,brain
DNg34,8180,10915,0.4284,vnc
DNg35,36982,5328,0.8741,brain
DNg36_a,4043,1585,0.7184,brain
DNg36_b,2606,1604,0.6190,brain
DNg37,21385,5685,0.7900,brain
DNg38,11472,2713,0.8087,brain
DNg39,5320,3471,0.6052,brain
DNg40,21669,989,0.9564,brain
DNg41,6077,1494,0.8027,brain
DNg42,3556,1767,0.6680,brain
DNg43,7817,4367,0.6416,brain
DNg44,7275,2263,0.7627,brain
DNg45,3362,2173,0.6074,brain
DNg46,4678,562,0.8927,brain
DNg47,4816,1152,0.8070,brain
DNg48,11462,2271,0.8346,brain
DNg49,17721,2096,0.8942,brain
DNg50,2432,2936,0.4531,vnc
DNg51,14804,1374,0.9151,brain
DNg52,18822,1153,0.9423,brain
DNg53,1659,447,0.7877,brain
DNg54,7437,1539,0.8285,brain
DNg55,4541,1371,0.7681,brain
DNg56,10033,1992,0.8343,brain
DNg57,4996,597,0.8933,brain
DNg58,5879,807,0.8793,brain
DNg59,4450,1387,0.7624,brain
DNg60,9737,627,0.9395,brain
DNg61,7224,318,0.9578,brain
DNg62,8992,1540,0.8538,brain
DNg63,6706,1902,0.7790,brain
DNg64,6615,318,0.9541,brain
DNg65,6159,1253,0.8309,brain
DNg66,1690,5193,0.2455,vnc
DNg67,3567,544,0.8677,brain
DNg68,8832,5271,0.6262,brain
DNg69,8829,1355,0.8669,brain
DNg70,12198,7875,0.6077,brain
DNg71,7467,1994,0.7892,brain
DNg72,6426,1351,0.8263,brain
DNg73,7184,1064,0.8710,brain
DNg74_a,39505,9457,0.8069,brain
DNg74_b,23697,9217,0.7200,brain
DNg75,40310,3688,0.9162,brain
DNg76,7869,1676,0.8244,brain
DNg77,4188,80,0.9813,brain
DNg78,8201,1460,0.8489,brain
DNg79,6990,4343,0.6168,brain
DNg80,5552,2419,0.6965,brain
DNg81,9563,843,0.9190,brain
DNg82,7964,2089,0.7922,brain
DNg83,3163,454,0.8745,brain
DNg84,23149,1151,0.9526,brain
DNg85,17518,1338,0.9290,brain
DNg86,11444,0,1.0000,brain
DNg87,16155,2266,0.8770,brain
DNg88,25338,5834,0.8128,brain
DNg89,7329,902,0.8904,brain
DNg90,12571,2923,0.8113,brain
DNg91,10399,2374,0.8141,brain
DNg92_a,3949,571,0.8737,brain
DNg92_b,3495,856,0.8033,brain
DNg93,15429,8090,0.6560,brain
DNg94,3014,1252,0.7065,brain
DNg95,3461,2348,0.5958,brain
DNg96,20471,3326,0.8602,brain
DNg97,37672,5522,0.8722,brain
DNg98,16801,15192,0.5251,brain
DNg99,15325,3361,0.8201,brain
DNge001,5385,1332,0.8017,brain
DNge002,5669,1884,0.7506,brain
DNge003,11725,2627,0.8170,brain
DNge004,6407,656,0.9071,brain
DNge006,6963,3056,0.6950,brain
DNge007,12072,2832,0.8100,brain
DNge008,4387,1025,0.8106,brain
DNge009,3093,1454,0.6802,brain
DNge010,7499,2787,0.7290,brain
DNge011,7872,1585,0.8324,brain
DNge012,7348,3148,0.7001,brain
DNge013,4415,2984,0.5967,brain
DNge014,2182,973,0.6916,brain
DNge015,2513,842,0.7490,brain
DNge016,4644,1431,0.7644,brain
DNge017,1706,887,0.6579,brain
DNge018,7228,1531,0.8252,brain
DNge019,18285,3377,0.8441,brain
DNge020,3259,949,0.7745,brain
DNge021,2765,786,0.7787,brain
DNge022,7534,1706,0.8154,brain
DNge023,13255,4742,0.7365,brain
DNge024,1949,996,0.6618,brain
DNge025,2705,919,0.7464,brain
DNge026,16198,1675,0.9063,brain
DNge027,12907,1239,0.9124,brain
DNge028,8313,1201,0.8738,brain
DNge029,2893,448,0.8659,brain
DNge030,4364,1200,0.7843,brain
DNge031,25395,0,1.0000,brain
DNge032,6067,4384,0.5805,brain
DNge033,10897,1460,0.8818,brain
DNge034,4258,801,0.8417,brain
DNge035,12459,6753,0.6485,brain
DNge036,24480,1787,0.9320,brain
DNge037,39585,4571,0.8965,brain
DNge038,7308,3268,0.6910,brain
DNge039,6509,2071,0.7586,brain
DNge040,10415,2217,0.8245,brain
DNge041,13966,1789,0.8864,brain
DNge042,13448,1096,0.9246,brain
DNge043,11221,1900,0.8552,brain
DNge044,8637,1742,0.8322,brain
DNge045,2027,911,0.6899,brain
DNge046,25982,557,0.9790,brain
DNge047,9203,5374,0.6313,brain
DNge048,11999,5142,0.7000,brain
DNge049,16901,6489,0.7226,brain
DNge050,36116,5810,0.8614,brain
DNge051,10395,548,0.9499,brain
DNge052,5611,1116,0.8341,brain
DNge053,25826,4333,0.8563,brain
DNge054,21584,1725,0.9260,brain
DNge055,11354,1119,0.9103,brain
DNge056,12670,1716,0.8807,brain
DNge057,5494,476,0.9203,brain
DNge058,3044,1476,0.6735,brain
DNge059,19031,3965,0.8276,brain
DNge060,6301,2130,0.7474,brain
DNge061,2,2854,0.0007,vnc
DNge062,7822,1207,0.8663,brain
DNge063,7564,4460,0.6291,brain
DNge064,2571,2977,0.4634,vnc
DNge065,13579,1963,0.8737,brain
DNge067,6615,2325,0.7399,brain
DNge068,4219,1992,0.6793,brain
DNge069,5859,1414,0.8056,brain
DNge070,6950,422,0.9428,brain
DNge071,3491,661,0.8408,brain
DNge072,5429,542,0.9092,brain
DNge073,15615,6663,0.7009,brain
DNge074,20,9062,0.0022,vnc
DNge075,3762,8353,0.3105,vnc
DNge076,6653,1540,0.8120,brain
DNge077,4553,950,0.8274,brain
DNge078,7999,1495,0.8425,brain
DNge079,25729,10237,0.7154,brain
DNge080,10727,1548,0.8739,brain
DNge081,4463,2108,0.6792,brain
DNge082,7012,2354,0.7487,brain
DNge083,5745,3908,0.5952,brain
DNge084,7773,1919,0.8020,brain
DNge085,5738,1175,0.8300,brain
DNge086,7857,567,0.9327,brain
DNge087,4309,508,0.8945,brain
DNge088,2513,1875,0.5727,brain
DNge089,3163,832,0.7917,brain
DNge090,1398,759,0.6481,brain
DNge091,13679,5351,0.7188,brain
DNge092,3063,723,0.8090,brain
DNge093,3076,1158,0.7265,brain
DNge094,10309,1248,0.8920,brain
DNge095,2315,1162,0.6658,brain
DNge096,5031,439,0.9197,brain
DNge097,4513,856,0.8406,brain
DNge098,4001,870,0.8214,brain
DNge099,12493,1779,0.8754,brain
DNge100,7649,408,0.9494,brain
DNge101,8926,1996,0.8172,brain
DNge102,120,13195,0.0090,vnc
DNge103,8960,3877,0.6980,brain
DNge104,9532,25875,0.2692,vnc
DNge105,5625,820,0.8728,brain
DNge106,6786,2123,0.7617,brain
DNge107,16981,3781,0.8179,brain
DNge108,3149,1586,0.6650,brain
DNge110,1382,990,0.5826,brain
DNge111,5673,460,0.9250,brain
DNge113,6088,724,0.8937,brain
DNge114,2352,1462,0.6167,brain
DNge115,5508,709,0.8860,brain
DNge116,2150,891,0.7070,brain
DNge117,2140,585,0.7853,brain
DNge119,9213,2115,0.8133,brain
DNge120,2130,1907,0.5276,brain
DNge121,5809,1858,0.7577,brain
DNge122,13888,20273,0.4065,vnc
DNge123,9513,952,0.9090,brain
DNge124,8545,2179,0.7968,brain
DNge125,11819,2649,0.8169,brain
DNge126,1069,163,0.8677,brain
DNge127,4653,1419,0.7663,brain
DNge128,3621,1346,0.7290,brain
DNge129,18646,4826,0.7944,brain
DNge130,3243,979,0.7681,brain
DNge131,3906,3798,0.5070,brain
DNge132,17497,2494,0.8752,brain
DNge133,7905,1304,0.8584,brain
DNge134,2455,463,0.8413,brain
DNge135,13157,1361,0.9063,brain
DNge136,13985,7425,0.6532,brain
DNge137,8086,3063,0.7253,brain
DNge138,16731,3775,0.8159,brain
DNge139,9183,3123,0.7462,brain
DNge140,9333,4475,0.6759,brain
DNge141,8701,2213,0.7972,brain
DNge142,10174,4459,0.6953,brain
DNge143,14359,1738,0.8920,brain
DNge144,3374,1647,0.6720,brain
DNge145,5858,570,0.9113,brain
DNge146,11931,1005,0.9223,brain
DNge147,4360,971,0.8179,brain
DNge148,10118,1853,0.8452,brain
DNge149,6116,6901,0.4698,vnc
DNge150,3767,4262,0.4692,vnc
DNge151,2258,1901,0.5429,brain
DNge152,4325,2391,0.6440,brain
DNge153,19,12817,0.0015,vnc
DNge154,1270,494,0.7200,brain
DNge172,4793,7591,0.3870,vnc
DNge173,13415,814,0.9428,brain
DNge174,6258,632,0.9083,brain
DNge175,4048,1486,0.7315,brain
DNge176,889,359,0.7123,brain
DNge178,2654,788,0.7711,brain
DNge179,3297,435,0.8834,brain
DNge180,1411,494,0.7407,brain
DNge181,3569,1543,0.6982,brain
DNge182,176,13816,0.0126,vnc
DNge183,1511,831,0.6452,brain
DNge184,3608,374,0.9061,brain
DNp01,38012,5554,0.8725,brain
DNp02,17744,4226,0.8076,brain
DNp03,20954,2434,0.8959,brain
DNp04,24924,1887,0.9296,brain
DNp05,11735,3138,0.7890,brain
DNp06,44133,5019,0.8979,brain
DNp07,11998,5280,0.6944,brain
DNp08,10094,4933,0.6717,brain
DNp09,17685,3178,0.8477,brain
DNp10,22872,5469,0.8070,brain
DNp101,13533,407,0.9708,brain
DNp102,18453,4083,0.8188,brain
DNp103,57252,4493,0.9272,brain
DNp104,17181,695,0.9611,brain
DNp11,23483,6867,0.7737,brain
DNp12,15371,5074,0.7518,brain
DNp13,23135,5904,0.7967,brain
DNp14,9315,3003,0.7562,brain
DNp15,7912,2178,0.7841,brain
DNp16_a,2862,793,0.7830,brain
DNp16_b,2448,723,0.7720,brain
DNp17,6000,3402,0.6382,brain
DNp18,23182,7385,0.7584,brain
DNp19,14546,4272,0.7730,brain
DNp20,10114,593,0.9446,brain
DNp21,7043,2239,0.7588,brain
DNp22,8330,2016,0.8051,brain
DNp23,14051,1153,0.9242,brain
DNp24,2125,1449,0.5946,brain
DNp25,3473,470,0.8808,brain
DNp26,20977,2550,0.8916,brain
DNp27,25393,1055,0.9601,brain
DNp28,905,1509,0.3749,vnc
DNp29,9290,712,0.9288,brain
DNp30,15376,336,0.9786,brain
DNp31,36563,4344,0.8938,brain
DNp32,24282,1502,0.9417,brain
DNp33,5863,1877,0.7575,brain
DNp34,10135,3965,0.7188,brain
DNp35,39026,1174,0.9708,brain
DNp36,17368,4335,0.8003,brain
DNp38,5113,4654,0.5235,brain
DNp39,6344,1027,0.8607,brain
DNp41,6369,2286,0.7359,brain
DNp42,19117,5918,0.7636,brain
DNp43,19164,4356,0.8148,brain
DNp44,4158,2507,0.6239,brain
DNp45,14700,2381,0.8606,brain
DNp46,6575,1416,0.8228,brain
DNp47,9362,3115,0.7503,brain
DNp48,11323,4139,0.7323,brain
DNp49,8138,5190,0.6106,brain
"DNp51,DNpe019",12847,2073,0.8611,brain
DNp52,4743,0,1.0000,brain
DNp53,7282,1747,0.8065,brain
DNp54,11912,2106,0.8498,brain
DNp55,17774,3920,0.8193,brain
DNp56,9503,1421,0.8699,brain
DNp57,17712,2113,0.8934,brain
DNp58,5303,2560,0.6744,brain
DNp59,15201,4659,0.7654,brain
DNp60,3278,2701,0.5483,brain
DNp62,9901,736,0.9308,brain
DNp63,12834,3548,0.7834,brain
DNp64,12548,2453,0.8365,brain
DNp65,3583,1402,0.7188,brain
DNp66,12738,3348,0.7919,brain
DNp67,5687,2311,0.7111,brain
DNp68,14540,3386,0.8111,brain
DNp69,25055,4662,0.8431,brain
DNp70,24956,2353,0.9138,brain
DNp71,13716,2653,0.8379,brain
DNp72,2087,1051,0.6651,brain
DNp73,15108,4958,0.7529,brain
DNpe001,11923,787,0.9381,brain
DNpe002,16081,3172,0.8352,brain
DNpe003,11740,2610,0.8181,brain
DNpe004,7060,1967,0.7821,brain
DNpe005,10837,3383,0.7621,brain
DNpe006,3330,3305,0.5019,brain
DNpe007,6699,2640,0.7173,brain
DNpe008,6258,3940,0.6136,brain
DNpe009,5245,1526,0.7746,brain
DNpe010,2868,486,0.8551,brain
DNpe011,1036,1094,0.4864,vnc
DNpe012_a,3472,729,0.8265,brain
DNpe012_b,3196,903,0.7797,brain
DNpe013,17062,1797,0.9047,brain
DNpe014,8877,1306,0.8717,brain
DNpe015,5133,2258,0.6945,brain
DNpe016,8104,2104,0.7939,brain
DNpe017,19878,5295,0.7897,brain
DNpe018,476,580,0.4508,vnc
DNpe020,13362,3067,0.8133,brain
DNpe021,12324,4659,0.7257,brain
DNpe022,12199,3473,0.7784,brain
DNpe023,17208,306,0.9825,brain
DNpe024,9649,1572,0.8599,brain
DNpe025,17990,3562,0.8347,brain
DNpe026,9210,2317,0.7990,brain
DNpe027,11762,482,0.9606,brain
DNpe028,4451,1273,0.7776,brain
DNpe029,193,9159,0.0206,vnc
DNpe030,6554,3784,0.6340,brain
DNpe031,26332,6358,0.8055,brain
DNpe032,5349,3192,0.6263,brain
DNpe033,4051,171,0.9595,brain
DNpe034,6434,2892,0.6899,brain
DNpe035,4253,1323,0.7627,brain
DNpe036,1520,2543,0.3741,vnc
DNpe037,8703,634,0.9321,brain
DNpe039,5645,2466,0.6960,brain
DNpe040,8311,1688,0.8312,brain
DNpe041,4921,1384,0.7805,brain
DNpe042,35427,2385,0.9369,brain
DNpe043,6269,2458,0.7183,brain
DNpe045,17433,4585,0.7918,brain
DNpe048,7185,0,1.0000,brain
DNpe049,10181,5278,0.6586,brain
DNpe050,10480,2904,0.7830,brain
DNpe052,12232,1352,0.9005,brain
DNpe053,49866,3314,0.9377,brain
DNpe054,3364,1580,0.6804,brain
DNpe055,8681,3300,0.7246,brain
DNpe056,16397,6069,0.7299,brain
DNpe057,1490,678,0.6873,brain
DNx01,2417,4877,0.3314,vnc
DNx02,2808,2124,0.5693,brain
DNxl114,1139,8478,0.1184,vnc
DP1l_adPN,29593,0,1.0000,brain
DP1l_vPN,1849,0,1.0000,brain
DP1m_adPN,49698,0,1.0000,brain
DP1m_vPN,2128,0,1.0000,brain
DPM,118446,0,1.0000,brain
DSKMP3,10949,0,1.0000,brain
DVMn 1a-c,0,27551,0.0000,vnc
"DVMn 2a, b",0,11305,0.0000,vnc
"DVMn 3a, b",0,15359,0.0000,vnc
D_adPN,24691,0,1.0000,brain
Delta7,76382,0,1.0000,brain
Dm-DRA1,25218,0,1.0000,brain
Dm-DRA2,9653,0,1.0000,brain
Dm1,175202,0,1.0000,brain
Dm10,317572,0,1.0000,brain
Dm11,50085,0,1.0000,brain
Dm12,235663,0,1.0000,brain
Dm13,166080,0,1.0000,brain
Dm14,64681,0,1.0000,brain
Dm15,149739,0,1.0000,brain
Dm16,75564,0,1.0000,brain
Dm17,100844,0,1.0000,brain
Dm18,189062,0,1.0000,brain
Dm19,156306,0,1.0000,brain
Dm2,385218,0,1.0000,brain
Dm20,199478,0,1.0000,brain
Dm3a,261393,0,1.0000,brain
Dm3b,250825,0,1.0000,brain
Dm3c,216600,0,1.0000,brain
Dm4,103977,0,1.0000,brain
Dm6,259169,0,1.0000,brain
Dm8a,232588,0,1.0000,brain
Dm8b,211183,0,1.0000,brain
Dm9,270897,0,1.0000,brain
EA00B006,85,2105,0.0388,vnc
EA00B007,2,1295,0.0015,vnc
EA00B022,0,1185,0.0000,vnc
EA06B010,1033,12210,0.0780,vnc
EA27X006,547,953,0.3647,vnc
EAXXX079,52,3319,0.0154,vnc
EL,83496,0,1.0000,brain
EN00B001,0,5148,0.0000,vnc
EN00B002,0,2620,0.0000,vnc
EN00B003,0,17603,0.0000,vnc
EN00B004,0,5476,0.0000,vnc
EN00B008,0,3875,0.0000,vnc
EN00B010,0,9104,0.0000,vnc
EN00B011,0,4675,0.0000,vnc
EN00B012,0,2009,0.0000,vnc
EN00B013,0,9652,0.0000,vnc
EN00B015,0,5531,0.0000,vnc
EN00B016,0,5677,0.0000,vnc
EN00B017,0,1421,0.0000,vnc
EN00B018,0,7455,0.0000,vnc
EN00B019,0,1698,0.0000,vnc
EN00B020,0,2038,0.0000,vnc
EN00B023,0,2814,0.0000,vnc
EN00B024,0,484,0.0000,vnc
EN00B025,0,921,0.0000,vnc
EN00B026,0,4316,0.0000,vnc
EN00B027,0,3155,0.0000,vnc
EN21X001,0,5110,0.0000,vnc
ENS1,2532,0,1.0000,brain
ENS2,3861,0,1.0000,brain
ENS3,1802,0,1.0000,brain
ENS4,2201,0,1.0000,brain
ENS5,2233,0,1.0000,brain
ENXXX128,0,6661,0.0000,vnc
ENXXX226,0,15328,0.0000,vnc
ENXXX286,0,3665,0.0000,vnc
EPG,234801,0,1.0000,brain
EPGt,3808,0,1.0000,brain
ER1_a,12186,0,1.0000,brain
ER1_b,14427,0,1.0000,brain
ER1_c,3911,0,1.0000,brain
ER2_a,26051,0,1.0000,brain
ER2_b,7110,0,1.0000,brain
ER2_c,47274,0,1.0000,brain
ER2_d,10013,0,1.0000,brain
ER3a_a,18944,0,1.0000,brain
ER3a_b,7302,0,1.0000,brain
ER3a_c,5401,0,1.0000,brain
ER3a_d,5923,0,1.0000,brain
ER3d_a,13520,0,1.0000,brain
ER3d_b,31840,0,1.0000,brain
ER3d_c,16463,0,1.0000,brain
ER3d_d,18918,0,1.0000,brain
ER3d_e,13216,0,1.0000,brain
ER3m,28746,0,1.0000,brain
ER3p_a,19802,0,1.0000,brain
ER3p_b,5901,0,1.0000,brain
ER3w_a,12406,0,1.0000,brain
ER3w_b,26186,0,1.0000,brain
ER3w_c,9737,0,1.0000,brain
ER4d,72522,0,1.0000,brain
ER4m,40820,0,1.0000,brain
ER5,38867,0,1.0000,brain
ER6,15406,0,1.0000,brain
ExR1,62232,0,1.0000,brain
ExR2,14080,0,1.0000,brain
ExR3,21916,0,1.0000,brain
ExR4,23938,0,1.0000,brain
ExR5,19661,0,1.0000,brain
ExR6,26040,0,1.0000,brain
ExR7,12840,0,1.0000,brain
ExR8,8457,0,1.0000,brain
FB,11,0,1.0000,brain
FB1A,3906,0,1.0000,brain
FB1B,4115,0,1.0000,brain
FB1C,16106,0,1.0000,brain
FB1D,5652,0,1.0000,brain
FB1E_a,5705,0,1.0000,brain
FB1E_b,2703,0,1.0000,brain
FB1F,2221,0,1.0000,brain
FB1G,11947,0,1.0000,brain
FB1H,17156,0,1.0000,brain
FB1I,4206,0,1.0000,brain
FB1J,3598,0,1.0000,brain
FB2A,12363,0,1.0000,brain
FB2B_a,12682,0,1.0000,brain
FB2B_b,8779,0,1.0000,brain
FB2C,6204,0,1.0000,brain
FB2D,23097,0,1.0000,brain
FB2E,5847,0,1.0000,brain
FB2F_a,10375,0,1.0000,brain
FB2F_b,4822,0,1.0000,brain
FB2F_c,2815,0,1.0000,brain
FB2F_d,5676,0,1.0000,brain
FB2G_a,3139,0,1.0000,brain
FB2G_b,10237,0,1.0000,brain
FB2H_a,3045,0,1.0000,brain
FB2H_b,3329,0,1.0000,brain
FB2I_a,16618,0,1.0000,brain
FB2I_b,3066,0,1.0000,brain
FB2J_a,2366,0,1.0000,brain
FB2J_b,2569,0,1.0000,brain
FB2J_c,2681,0,1.0000,brain
FB2K,9103,0,1.0000,brain
FB2L,4799,0,1.0000,brain
FB2M_a,7482,0,1.0000,brain
FB2M_b,3716,0,1.0000,brain
FB3A,13941,0,1.0000,brain
FB3C,12596,0,1.0000,brain
FB3D,1033,0,1.0000,brain
FB3E,2612,0,1.0000,brain
FB4A_a,5123,0,1.0000,brain
FB4A_b,3128,0,1.0000,brain
FB4B,12759,0,1.0000,brain
FB4C,14358,0,1.0000,brain
FB4D_a,3425,0,1.0000,brain
FB4D_b,3085,0,1.0000,brain
FB4D_c,3478,0,1.0000,brain
FB4E_a,5543,0,1.0000,brain
FB4E_b,3977,0,1.0000,brain
FB4E_c,2153,0,1.0000,brain
FB4F_a,7156,0,1.0000,brain
FB4F_b,3250,0,1.0000,brain
FB4F_c,10051,0,1.0000,brain
FB4G,7760,0,1.0000,brain
FB4H,8031,0,1.0000,brain
FB4I,3247,0,1.0000,brain
FB4J,3594,0,1.0000,brain
FB4K,10944,0,1.0000,brain
FB4L,10984,0,1.0000,brain
FB4M,25600,0,1.0000,brain
FB4N,14460,0,1.0000,brain
FB4O,12841,0,1.0000,brain
FB4P_a,10644,0,1.0000,brain
FB4P_b,7243,0,1.0000,brain
FB4P_c,5628,0,1.0000,brain
FB4Q_a,3997,0,1.0000,brain
FB4Q_b,3407,0,1.0000,brain
FB4Q_c,5093,0,1.0000,brain
FB4R,10089,0,1.0000,brain
FB4X,11292,0,1.0000,brain
FB4Y,27815,0,1.0000,brain
FB4Z_a,8776,0,1.0000,brain
FB4Z_b,2205,0,1.0000,brain
FB4Z_c,4733,0,1.0000,brain
FB5A,29499,0,1.0000,brain
FB5AA,6265,0,1.0000,brain
FB5AB,15075,0,1.0000,brain
FB5B,6211,0,1.0000,brain
FB5C,8210,0,1.0000,brain
FB5D,9102,0,1.0000,brain
FB5E,5384,0,1.0000,brain
FB5F,4733,0,1.0000,brain
FB5G_a,6952,0,1.0000,brain
FB5G_b,1897,0,1.0000,brain
FB5G_c,4195,0,1.0000,brain
FB5H,10522,0,1.0000,brain
FB5I,10111,0,1.0000,brain
FB5J,3386,0,1.0000,brain
FB5K,5975,0,1.0000,brain
FB5L,4746,0,1.0000,brain
FB5M,3009,0,1.0000,brain
FB5N,7445,0,1.0000,brain
FB5O,4412,0,1.0000,brain
FB5P,4654,0,1.0000,brain
FB5Q,9401,0,1.0000,brain
FB5R,3635,0,1.0000,brain
FB5S,10114,0,1.0000,brain
FB5T,2463,0,1.0000,brain
FB5U,5675,0,1.0000,brain
FB5V_a,8880,0,1.0000,brain
FB5V_b,8436,0,1.0000,brain
FB5V_c,5825,0,1.0000,brain
FB5W_a,5792,0,1.0000,brain
FB5W_b,1541,0,1.0000,brain
FB5X,12407,0,1.0000,brain
FB5Y_a,4653,0,1.0000,brain
FB5Y_b,4514,0,1.0000,brain
FB5Z,5137,0,1.0000,brain
FB6A_a,13732,0,1.0000,brain
FB6A_b,11133,0,1.0000,brain
FB6A_c,14329,0,1.0000,brain
FB6B,4015,0,1.0000,brain
FB6C_a,4718,0,1.0000,brain
FB6C_b,15209,0,1.0000,brain
FB6D,9505,0,1.0000,brain
FB6E,6425,0,1.0000,brain
FB6F,6134,0,1.0000,brain
FB6G,5676,0,1.0000,brain
FB6H,8865,0,1.0000,brain
FB6I,6308,0,1.0000,brain
FB6J,5969,0,1.0000,brain
FB6K,7255,0,1.0000,brain
FB6L,2503,0,1.0000,brain
FB6M,8810,0,1.0000,brain
FB6N,4097,0,1.0000,brain
FB6O,4402,0,1.0000,brain
FB6P,3367,0,1.0000,brain
FB6Q,2247,0,1.0000,brain
FB6R,3891,0,1.0000,brain
FB6S,5444,0,1.0000,brain
FB6T,4379,0,1.0000,brain
FB6U,9599,0,1.0000,brain
FB6V,6237,0,1.0000,brain
FB6W,4058,0,1.0000,brain
FB6X,3333,0,1.0000,brain
FB6Y,2009,0,1.0000,brain
FB6Z,4370,0,1.0000,brain
FB7A,12242,0,1.0000,brain
FB7B,6382,0,1.0000,brain
FB7C,3888,0,1.0000,brain
FB7D_a,4799,0,1.0000,brain
FB7D_b,3924,0,1.0000,brain
FB7E,8607,0,1.0000,brain
FB7F,3353,0,1.0000,brain
FB7G,6594,0,1.0000,brain
FB7H,3935,0,1.0000,brain
FB7I,10439,0,1.0000,brain
FB7J,7001,0,1.0000,brain
FB7K,5129,0,1.0000,brain
FB7L,11139,0,1.0000,brain
FB7M,1577,0,1.0000,brain
FB8A,2052,0,1.0000,brain
FB8B,5763,0,1.0000,brain
FB8C,6004,0,1.0000,brain
FB8D,1244,0,1.0000,brain
FB8E,3918,0,1.0000,brain
FB8F_a,6192,0,1.0000,brain
FB8F_b,7507,0,1.0000,brain
FB8G,8739,0,1.0000,brain
FB8H,6783,0,1.0000,brain
FB8I,6686,0,1.0000,brain
FB9A,3338,0,1.0000,brain
FB9B_a,1065,0,1.0000,brain
FB9B_b,1972,0,1.0000,brain
FB9B_c,1005,0,1.0000,brain
FB9B_d,1489,0,1.0000,brain
FB9B_e,575,0,1.0000,brain
FB9C,3333,0,1.0000,brain
FC,2127,0,1.0000,brain
FC1A,13974,0,1.0000,brain
FC1B,17462,0,1.0000,brain
FC1C_a,7385,0,1.0000,brain
FC1C_b,10566,0,1.0000,brain
FC1D,15122,0,1.0000,brain
FC1E,12288,0,1.0000,brain
FC1F,11711,0,1.0000,brain
FC2A,37363,0,1.0000,brain
FC2B,49363,0,1.0000,brain
FC2C,55648,0,1.0000,brain
FC3_a,13185,0,1.0000,brain
FC3_b,13376,0,1.0000,brain
FC3_c,12185,0,1.0000,brain
FLA001m,14830,0,1.0000,brain
FLA002m,7029,0,1.0000,brain
FLA003m,6402,0,1.0000,brain
FLA004m,5043,0,1.0000,brain
FLA005m,2340,0,1.0000,brain
FLA006m,8627,0,1.0000,brain
FLA009m,650,0,1.0000,brain
FLA016,8229,0,1.0000,brain
FLA017,6649,0,1.0000,brain
FLA018,1134,0,1.0000,brain
FLA019,3723,0,1.0000,brain
FLA020,9204,0,1.0000,brain
FMRFa_Tv,0,8251,0.0000,vnc
FNM2,0,7982,0.0000,vnc
FR1,32983,0,1.0000,brain
FR2,7405,0,1.0000,brain
FS1A_a,10391,0,1.0000,brain
FS1A_b,9180,0,1.0000,brain
FS1A_c,11833,0,1.0000,brain
FS1B_a,7717,0,1.0000,brain
FS1B_b,7438,0,1.0000,brain
FS2,33275,0,1.0000,brain
FS3,828,0,1.0000,brain
FS3_a,7969,0,1.0000,brain
FS3_b,5794,0,1.0000,brain
FS3_c,7242,0,1.0000,brain
FS3_d,8149,0,1.0000,brain
FS4A,18754,0,1.0000,brain
FS4B,7412,0,1.0000,brain
FS4C,9856,0,1.0000,brain
Fe reductor MN,0,76727,0.0000,vnc
GFC1,0,5195,0.0000,vnc
GFC2,0,39657,0.0000,vnc
GFC3,0,10434,0.0000,vnc
GFC4,0,4349,0.0000,vnc
GLNO,12664,0,1.0000,brain
GNG001,19079,0,1.0000,brain
GNG002,6962,0,1.0000,brain
GNG003,15943,0,1.0000,brain
GNG004,12357,0,1.0000,brain
GNG005,11183,0,1.0000,brain
GNG006,9578,0,1.0000,brain
GNG007,5985,0,1.0000,brain
GNG008,5125,0,1.0000,brain
GNG009,2685,0,1.0000,brain
GNG011,26507,0,1.0000,brain
GNG013,24266,0,1.0000,brain
GNG014,27650,0,1.0000,brain
GNG015,21474,0,1.0000,brain
GNG016,20982,0,1.0000,brain
GNG017,16169,0,1.0000,brain
GNG018,15153,0,1.0000,brain
GNG019,16016,0,1.0000,brain
GNG021,15017,0,1.0000,brain
GNG022,13219,0,1.0000,brain
GNG023,11595,0,1.0000,brain
GNG024,14324,0,1.0000,brain
GNG025,12094,0,1.0000,brain
GNG026,10486,0,1.0000,brain
GNG027,9745,0,1.0000,brain
GNG028,10038,0,1.0000,brain
GNG029,9178,0,1.0000,brain
GNG030,9461,0,1.0000,brain
GNG031,10088,0,1.0000,brain
GNG032,10131,0,1.0000,brain
GNG033,10250,0,1.0000,brain
GNG034,9232,0,1.0000,brain
GNG035,11181,0,1.0000,brain
GNG036,9563,0,1.0000,brain
GNG037,9718,0,1.0000,brain
GNG038,8706,0,1.0000,brain
GNG039,9308,0,1.0000,brain
GNG040,10876,0,1.0000,brain
GNG041,8861,0,1.0000,brain
GNG042,8777,0,1.0000,brain
GNG043,10166,0,1.0000,brain
GNG044,9539,0,1.0000,brain
GNG045,8951,0,1.0000,brain
GNG046,9869,0,1.0000,brain
GNG047,10345,0,1.0000,brain
GNG048,7937,0,1.0000,brain
GNG049,9173,0,1.0000,brain
GNG050,7955,0,1.0000,brain
GNG051,8505,0,1.0000,brain
GNG052,8889,0,1.0000,brain
GNG053,7488,0,1.0000,brain
GNG054,8796,0,1.0000,brain
GNG055,6801,0,1.0000,brain
GNG056,7773,0,1.0000,brain
GNG057,8036,0,1.0000,brain
GNG058,7851,0,1.0000,brain
GNG059,7885,0,1.0000,brain
GNG060,8903,0,1.0000,brain
GNG061,8147,0,1.0000,brain
GNG062,7245,0,1.0000,brain
GNG063,6303,0,1.0000,brain
GNG064,7726,0,1.0000,brain
GNG065,6667,0,1.0000,brain
GNG066,6785,0,1.0000,brain
GNG067,5602,0,1.0000,brain
GNG068,8039,0,1.0000,brain
GNG069,6631,0,1.0000,brain
GNG070,5856,0,1.0000,brain
GNG071,6114,0,1.0000,brain
GNG072,7172,0,1.0000,brain
GNG073,3871,0,1.0000,brain
GNG074,5809,0,1.0000,brain
GNG075,6127,0,1.0000,brain
GNG076,6421,0,1.0000,brain
GNG077,6461,0,1.0000,brain
GNG078,5566,0,1.0000,brain
GNG079,5908,0,1.0000,brain
GNG080,6169,0,1.0000,brain
GNG081,6894,0,1.0000,brain
GNG083,5103,0,1.0000,brain
GNG084,5976,0,1.0000,brain
GNG085,5216,0,1.0000,brain
GNG086,5321,0,1.0000,brain
GNG087,28599,0,1.0000,brain
GNG088,17927,0,1.0000,brain
GNG089,12810,0,1.0000,brain
GNG090,14754,0,1.0000,brain
GNG091,13755,0,1.0000,brain
GNG092,12743,0,1.0000,brain
GNG093,12152,0,1.0000,brain
GNG094,12642,0,1.0000,brain
GNG095,11877,0,1.0000,brain
GNG096,10926,0,1.0000,brain
GNG097,11621,0,1.0000,brain
GNG099,11348,0,1.0000,brain
GNG100,14158,0,1.0000,brain
GNG101,5356,0,1.0000,brain
GNG102,22395,0,1.0000,brain
GNG103,29480,0,1.0000,brain
GNG104,25514,0,1.0000,brain
GNG105,23071,0,1.0000,brain
GNG106,18083,0,1.0000,brain
GNG107,16317,0,1.0000,brain
GNG108,15608,0,1.0000,brain
GNG109,14448,0,1.0000,brain
GNG111,12688,0,1.0000,brain
GNG112,12789,0,1.0000,brain
GNG113,12484,0,1.0000,brain
GNG114,11822,0,1.0000,brain
GNG115,11360,0,1.0000,brain
GNG116,11188,0,1.0000,brain
GNG117,14057,0,1.0000,brain
GNG118,4640,0,1.0000,brain
GNG119,12355,0,1.0000,brain
GNG120,12626,0,1.0000,brain
GNG121,12688,0,1.0000,brain
GNG122,12850,0,1.0000,brain
GNG123,10209,0,1.0000,brain
GNG124,11843,0,1.0000,brain
GNG125,10022,0,1.0000,brain
GNG126,12111,0,1.0000,brain
GNG127,10328,0,1.0000,brain
GNG128,9614,0,1.0000,brain
GNG129,10314,0,1.0000,brain
GNG130,9397,0,1.0000,brain
GNG131,9789,0,1.0000,brain
GNG132,9209,0,1.0000,brain
GNG133,8016,0,1.0000,brain
GNG134,10942,0,1.0000,brain
GNG135,8855,0,1.0000,brain
GNG136,9496,0,1.0000,brain
GNG137,9133,0,1.0000,brain
GNG139,9796,0,1.0000,brain
GNG140,10030,0,1.0000,brain
GNG141,7992,0,1.0000,brain
GNG142,9933,0,1.0000,brain
GNG143,9792,0,1.0000,brain
GNG144,10613,0,1.0000,brain
GNG145,8992,0,1.0000,brain
GNG146,7473,0,1.0000,brain
GNG147,13863,0,1.0000,brain
GNG148,8507,0,1.0000,brain
GNG149,8644,0,1.0000,brain
GNG150,8716,0,1.0000,brain
GNG152,8088,0,1.0000,brain
GNG153,8465,0,1.0000,brain
GNG154,7867,0,1.0000,brain
GNG155,9706,0,1.0000,brain
GNG156,7539,0,1.0000,brain
GNG157,7501,0,1.0000,brain
GNG158,8257,0,1.0000,brain
GNG159,7744,0,1.0000,brain
GNG160,6602,0,1.0000,brain
GNG161,7482,0,1.0000,brain
GNG162,7721,0,1.0000,brain
GNG163,12623,0,1.0000,brain
GNG164,7763,0,1.0000,brain
GNG165,12849,0,1.0000,brain
GNG166,7362,0,1.0000,brain
GNG167,7459,0,1.0000,brain
GNG168,7170,0,1.0000,brain
GNG169,7385,0,1.0000,brain
GNG170,5843,0,1.0000,brain
GNG171,7538,0,1.0000,brain
GNG172,6484,0,1.0000,brain
GNG173,6464,0,1.0000,brain
GNG174,7585,0,1.0000,brain
GNG175,5893,0,1.0000,brain
GNG176,6833,0,1.0000,brain
GNG177,5908,0,1.0000,brain
GNG178,5347,0,1.0000,brain
GNG179,6654,0,1.0000,brain
GNG180,6245,0,1.0000,brain
GNG181,7869,0,1.0000,brain
GNG182,6662,0,1.0000,brain
GNG183,5469,0,1.0000,brain
GNG184,6276,0,1.0000,brain
GNG185,6291,0,1.0000,brain
GNG186,5247,0,1.0000,brain
GNG187,5943,0,1.0000,brain
GNG188,6333,0,1.0000,brain
GNG189,4974,0,1.0000,brain
GNG190,5415,0,1.0000,brain
GNG191,7638,0,1.0000,brain
GNG192,5327,0,1.0000,brain
GNG194,5263,0,1.0000,brain
GNG195,5778,0,1.0000,brain
GNG196,7053,0,1.0000,brain
GNG197,5387,0,1.0000,brain
GNG198,10541,0,1.0000,brain
GNG199,5273,0,1.0000,brain
GNG200,6626,0,1.0000,brain
GNG201,5359,0,1.0000,brain
GNG202,5444,0,1.0000,brain
GNG203,5168,0,1.0000,brain
GNG204,4915,0,1.0000,brain
GNG205,4916,0,1.0000,brain
GNG206,5004,0,1.0000,brain
GNG207,4071,0,1.0000,brain
GNG208,4835,0,1.0000,brain
GNG209,5032,0,1.0000,brain
GNG210,5120,0,1.0000,brain
GNG211,5904,0,1.0000,brain
GNG212,4705,0,1.0000,brain
GNG213,5600,0,1.0000,brain
GNG214,4679,0,1.0000,brain
GNG215,4407,0,1.0000,brain
GNG216,3946,0,1.0000,brain
GNG217,5088,0,1.0000,brain
GNG218,4985,0,1.0000,brain
GNG219,4174,0,1.0000,brain
GNG220,4341,0,1.0000,brain
GNG221,3335,0,1.0000,brain
GNG222,3372,0,1.0000,brain
GNG223,4631,0,1.0000,brain
GNG224,5481,0,1.0000,brain
GNG225,4541,0,1.0000,brain
GNG226,4652,0,1.0000,brain
GNG227,4864,0,1.0000,brain
GNG228,3771,0,1.0000,brain
GNG229,4059,0,1.0000,brain
GNG230,4024,0,1.0000,brain
GNG231,4625,0,1.0000,brain
GNG232,4075,0,1.0000,brain
GNG233,5136,0,1.0000,brain
GNG234,4490,0,1.0000,brain
GNG235,4291,0,1.0000,brain
GNG236,4387,0,1.0000,brain
GNG237,3420,0,1.0000,brain
GNG238,3582,0,1.0000,brain
GNG239,8898,0,1.0000,brain
GNG240,3108,0,1.0000,brain
GNG241,4744,0,1.0000,brain
GNG243,3713,0,1.0000,brain
GNG244,3698,0,1.0000,brain
GNG245,3301,0,1.0000,brain
GNG246,3298,0,1.0000,brain
GNG247,3515,0,1.0000,brain
GNG248,4281,0,1.0000,brain
GNG249,2704,0,1.0000,brain
GNG250,2558,0,1.0000,brain
GNG251,3755,0,1.0000,brain
GNG252,4000,0,1.0000,brain
GNG253,2942,0,1.0000,brain
GNG254,2761,0,1.0000,brain
GNG255,6452,0,1.0000,brain
GNG256,2329,0,1.0000,brain
GNG257,2544,0,1.0000,brain
GNG258,2779,0,1.0000,brain
GNG259,3244,0,1.0000,brain
GNG260,2939,0,1.0000,brain
GNG261,2226,0,1.0000,brain
GNG262,3350,0,1.0000,brain
GNG264,2502,0,1.0000,brain
GNG266,3507,0,1.0000,brain
GNG267,2008,0,1.0000,brain
GNG268,1852,0,1.0000,brain
GNG269,5125,0,1.0000,brain
GNG270,1457,0,1.0000,brain
GNG271,3503,0,1.0000,brain
GNG272,1418,0,1.0000,brain
GNG273,3689,0,1.0000,brain
GNG274,1442,0,1.0000,brain
GNG275,1668,0,1.0000,brain
GNG276,12600,0,1.0000,brain
GNG277,1756,0,1.0000,brain
GNG278,1285,0,1.0000,brain
GNG279_a,1105,0,1.0000,brain
GNG279_b,759,0,1.0000,brain
GNG280,5810,0,1.0000,brain
GNG281,7555,0,1.0000,brain
GNG282,16436,0,1.0000,brain
GNG283,15051,0,1.0000,brain
GNG284,7849,0,1.0000,brain
GNG285,7590,0,1.0000,brain
GNG286,7217,0,1.0000,brain
GNG287,12510,0,1.0000,brain
GNG288,6187,0,1.0000,brain
GNG289,9810,0,1.0000,brain
GNG290,4574,0,1.0000,brain
GNG291,3952,0,1.0000,brain
GNG292,5584,0,1.0000,brain
GNG293,3344,0,1.0000,brain
GNG294,7212,0,1.0000,brain
GNG295,2946,0,1.0000,brain
GNG296,2057,0,1.0000,brain
GNG297,7422,0,1.0000,brain
GNG298,11009,0,1.0000,brain
GNG299,8325,0,1.0000,brain
GNG300,19738,0,1.0000,brain
GNG301,14831,0,1.0000,brain
GNG302,14739,0,1.0000,brain
GNG303,9839,0,1.0000,brain
GNG304,9073,0,1.0000,brain
GNG305,7326,0,1.0000,brain
GNG306,7093,0,1.0000,brain
GNG307,8866,0,1.0000,brain
GNG308,4465,0,1.0000,brain
GNG309,1872,0,1.0000,brain
GNG310,1536,0,1.0000,brain
GNG311,11262,0,1.0000,brain
GNG312,6413,0,1.0000,brain
GNG313,12728,0,1.0000,brain
GNG314,12806,0,1.0000,brain
GNG315,9004,0,1.0000,brain
GNG316,12042,16,0.9987,brain
GNG317,7513,0,1.0000,brain
GNG318,4346,0,1.0000,brain
GNG319,10596,0,1.0000,brain
GNG320,8041,0,1.0000,brain
GNG321,8683,0,1.0000,brain
GNG322,7432,0,1.0000,brain
GNG323,8575,0,1.0000,brain
GNG324,7961,0,1.0000,brain
GNG325,821,0,1.0000,brain
GNG326,2335,0,1.0000,brain
GNG327,9051,0,1.0000,brain
GNG328,3594,0,1.0000,brain
GNG329,3160,0,1.0000,brain
GNG330,2804,0,1.0000,brain
GNG331,5547,0,1.0000,brain
GNG332,3547,0,1.0000,brain
GNG333,1724,0,1.0000,brain
GNG334,13381,0,1.0000,brain
GNG335,732,0,1.0000,brain
GNG336,1444,0,1.0000,brain
GNG337,3531,0,1.0000,brain
GNG338,2754,0,1.0000,brain
GNG339,1011,0,1.0000,brain
GNG340,2833,0,1.0000,brain
GNG341,4285,0,1.0000,brain
GNG342,5761,0,1.0000,brain
GNG343,5904,0,1.0000,brain
GNG344,2278,0,1.0000,brain
GNG345,7084,0,1.0000,brain
GNG346,741,0,1.0000,brain
GNG347,2857,0,1.0000,brain
GNG348,1133,0,1.0000,brain
GNG349,1478,0,1.0000,brain
GNG350,8194,0,1.0000,brain
GNG351,17555,0,1.0000,brain
GNG352,1806,0,1.0000,brain
GNG353,2771,0,1.0000,brain
GNG354,2651,0,1.0000,brain
GNG355,2605,0,1.0000,brain
GNG356,1701,0,1.0000,brain
GNG357,12362,0,1.0000,brain
GNG358,5670,0,1.0000,brain
GNG359,1243,0,1.0000,brain
GNG360,1734,0,1.0000,brain
GNG361,4740,0,1.0000,brain
GNG362,2553,0,1.0000,brain
GNG363,1936,0,1.0000,brain
GNG364,2832,0,1.0000,brain
GNG365,5680,0,1.0000,brain
GNG366,2209,0,1.0000,brain
GNG367_a,1229,0,1.0000,brain
GNG367_b,1113,0,1.0000,brain
GNG368,1688,0,1.0000,brain
GNG369,1388,0,1.0000,brain
GNG370,1677,0,1.0000,brain
GNG371,1976,0,1.0000,brain
GNG372,1318,0,1.0000,brain
GNG373,2646,0,1.0000,brain
GNG375,2738,0,1.0000,brain
GNG376,2241,0,1.0000,brain
GNG377,4981,0,1.0000,brain
GNG379,5094,0,1.0000,brain
GNG380,5693,0,1.0000,brain
GNG381,1912,0,1.0000,brain
GNG382,3086,0,1.0000,brain
GNG383,949,0,1.0000,brain
GNG384,1417,0,1.0000,brain
GNG385,16500,0,1.0000,brain
GNG386,3178,0,1.0000,brain
GNG387,3085,0,1.0000,brain
GNG388,4741,0,1.0000,brain
GNG390,2191,0,1.0000,brain
GNG391,11491,0,1.0000,brain
GNG392,5908,0,1.0000,brain
GNG393,4821,0,1.0000,brain
GNG394,11704,0,1.0000,brain
GNG395,2870,0,1.0000,brain
GNG396,1244,0,1.0000,brain
GNG397,5161,0,1.0000,brain
GNG398,3467,0,1.0000,brain
GNG399,1464,0,1.0000,brain
GNG400,5996,0,1.0000,brain
GNG401,8156,0,1.0000,brain
GNG402,2802,0,1.0000,brain
GNG403,4576,0,1.0000,brain
GNG404,7769,0,1.0000,brain
GNG406,13632,0,1.0000,brain
GNG407,6559,0,1.0000,brain
GNG408,1735,0,1.0000,brain
GNG409,6346,0,1.0000,brain
GNG410,4706,0,1.0000,brain
GNG411,4702,0,1.0000,brain
GNG412,6818,0,1.0000,brain
GNG413,2386,0,1.0000,brain
GNG414,2510,0,1.0000,brain
GNG415,1059,0,1.0000,brain
GNG416,2034,0,1.0000,brain
GNG417,685,0,1.0000,brain
GNG418,797,0,1.0000,brain
GNG419,808,0,1.0000,brain
GNG420_a,911,0,1.0000,brain
GNG420_b,783,0,1.0000,brain
GNG421,3904,0,1.0000,brain
GNG422,7058,0,1.0000,brain
GNG423,16118,0,1.0000,brain
GNG424,1110,0,1.0000,brain
GNG425,1274,0,1.0000,brain
GNG427,2618,0,1.0000,brain
GNG428,5933,0,1.0000,brain
GNG429,4789,0,1.0000,brain
GNG430_a,1820,0,1.0000,brain
GNG430_b,1572,0,1.0000,brain
GNG431,8349,0,1.0000,brain
GNG434,4952,0,1.0000,brain
GNG435,2647,0,1.0000,brain
GNG438,5484,0,1.0000,brain
GNG439,2301,0,1.0000,brain
GNG440,5693,0,1.0000,brain
GNG441,1310,0,1.0000,brain
GNG442,5147,0,1.0000,brain
GNG443,2923,0,1.0000,brain
GNG444,2599,0,1.0000,brain
GNG445,1155,0,1.0000,brain
GNG446,2524,0,1.0000,brain
GNG447,2120,0,1.0000,brain
GNG448,2394,0,1.0000,brain
GNG449,2811,0,1.0000,brain
GNG450,2749,0,1.0000,brain
GNG451,2477,0,1.0000,brain
GNG452,5585,0,1.0000,brain
GNG453,7531,0,1.0000,brain
GNG454,5737,0,1.0000,brain
GNG455,3596,0,1.0000,brain
GNG456,7108,0,1.0000,brain
GNG457,10569,0,1.0000,brain
GNG458,12093,0,1.0000,brain
GNG459,6682,0,1.0000,brain
GNG460,7095,0,1.0000,brain
GNG461,6858,0,1.0000,brain
GNG462,5918,0,1.0000,brain
GNG463,5094,0,1.0000,brain
GNG464,5961,0,1.0000,brain
GNG465,6025,0,1.0000,brain
GNG466,6053,0,1.0000,brain
GNG467,13380,0,1.0000,brain
GNG468,12725,0,1.0000,brain
GNG469,7752,0,1.0000,brain
GNG470,3577,0,1.0000,brain
GNG471,3272,0,1.0000,brain
GNG472,4773,0,1.0000,brain
GNG473,5242,0,1.0000,brain
GNG474,9271,0,1.0000,brain
GNG479,11549,0,1.0000,brain
GNG481,8258,0,1.0000,brain
GNG482,10087,0,1.0000,brain
GNG483,3535,0,1.0000,brain
GNG484,9579,0,1.0000,brain
GNG485,5567,0,1.0000,brain
GNG486,5631,0,1.0000,brain
GNG487,4157,0,1.0000,brain
GNG488,6731,0,1.0000,brain
GNG489,5379,0,1.0000,brain
GNG490,6494,0,1.0000,brain
GNG491,6819,0,1.0000,brain
GNG492,5202,0,1.0000,brain
GNG493,3207,0,1.0000,brain
GNG494,13383,0,1.0000,brain
GNG495,8687,0,1.0000,brain
GNG496,1074,0,1.0000,brain
GNG497,5414,0,1.0000,brain
GNG498,4961,0,1.0000,brain
GNG499,9285,0,1.0000,brain
GNG500,11114,0,1.0000,brain
GNG501,7424,0,1.0000,brain
GNG502,10817,0,1.0000,brain
GNG503,11859,0,1.0000,brain
GNG504,9161,0,1.0000,brain
GNG505,7410,0,1.0000,brain
GNG506,14581,0,1.0000,brain
GNG507,7612,0,1.0000,brain
GNG508,5480,0,1.0000,brain
GNG509,9136,0,1.0000,brain
GNG510,12221,0,1.0000,brain
GNG511,15990,0,1.0000,brain
GNG512,9992,0,1.0000,brain
GNG513,10546,0,1.0000,brain
GNG514,10876,0,1.0000,brain
GNG515,7954,0,1.0000,brain
GNG516,19225,0,1.0000,brain
GNG517,7074,0,1.0000,brain
GNG518,10242,0,1.0000,brain
GNG519,6049,0,1.0000,brain
GNG520,5532,0,1.0000,brain
GNG521,8185,0,1.0000,brain
GNG522,2493,0,1.0000,brain
GNG523,9273,0,1.0000,brain
GNG524,7401,0,1.0000,brain
GNG525,8584,0,1.0000,brain
GNG526,4232,0,1.0000,brain
GNG527,4091,0,1.0000,brain
GNG528,1985,0,1.0000,brain
GNG529,11473,0,1.0000,brain
GNG530,8076,0,1.0000,brain
GNG531,5547,0,1.0000,brain
GNG532,7943,0,1.0000,brain
GNG533,2832,0,1.0000,brain
GNG534,10787,0,1.0000,brain
GNG535,6978,0,1.0000,brain
GNG536,1762,0,1.0000,brain
GNG537,4993,0,1.0000,brain
GNG538,5920,0,1.0000,brain
GNG539,3062,0,1.0000,brain
GNG540,5772,0,1.0000,brain
GNG541,6198,0,1.0000,brain
GNG542,7301,0,1.0000,brain
GNG543,6114,0,1.0000,brain
GNG544,5042,0,1.0000,brain
GNG545,4895,0,1.0000,brain
GNG546,12130,0,1.0000,brain
GNG547,7755,0,1.0000,brain
GNG548,10710,0,1.0000,brain
GNG549,8169,0,1.0000,brain
GNG550,5775,0,1.0000,brain
GNG551,12049,0,1.0000,brain
GNG552,7327,0,1.0000,brain
GNG553,13356,0,1.0000,brain
GNG554,12417,0,1.0000,brain
GNG555,6569,0,1.0000,brain
GNG556,13797,0,1.0000,brain
GNG557,7875,0,1.0000,brain
GNG558,2751,0,1.0000,brain
GNG559,7238,0,1.0000,brain
GNG560,3632,0,1.0000,brain
GNG561,13470,0,1.0000,brain
GNG562,13836,0,1.0000,brain
GNG563,10730,0,1.0000,brain
GNG564,4615,0,1.0000,brain
GNG565,8193,0,1.0000,brain
GNG566,3926,0,1.0000,brain
GNG567,3807,0,1.0000,brain
GNG568,5660,0,1.0000,brain
GNG569,6581,0,1.0000,brain
GNG572,15088,0,1.0000,brain
GNG573,5259,0,1.0000,brain
GNG574,10279,0,1.0000,brain
GNG575,12583,0,1.0000,brain
GNG576,7981,0,1.0000,brain
GNG577,4649,0,1.0000,brain
GNG578,8305,0,1.0000,brain
GNG579,7830,0,1.0000,brain
GNG580,6931,0,1.0000,brain
GNG581,13568,0,1.0000,brain
GNG582,6635,0,1.0000,brain
GNG583,7884,0,1.0000,brain
GNG584,12808,0,1.0000,brain
GNG585,9872,0,1.0000,brain
GNG586,5318,0,1.0000,brain
GNG587,6425,0,1.0000,brain
GNG588,9447,0,1.0000,brain
GNG589,15679,0,1.0000,brain
GNG590,16388,0,1.0000,brain
GNG591,5341,0,1.0000,brain
GNG592,16711,0,1.0000,brain
GNG593,8544,0,1.0000,brain
GNG594,9603,0,1.0000,brain
GNG595,5021,0,1.0000,brain
GNG596,1453,0,1.0000,brain
GNG597,3175,0,1.0000,brain
GNG598,3881,0,1.0000,brain
GNG599,1499,0,1.0000,brain
GNG600,1894,0,1.0000,brain
GNG601,3423,0,1.0000,brain
GNG602,4743,0,1.0000,brain
GNG603,1561,0,1.0000,brain
GNG604,1937,0,1.0000,brain
GNG605,2279,0,1.0000,brain
GNG606,2415,0,1.0000,brain
GNG607,2897,0,1.0000,brain
GNG608,2495,0,1.0000,brain
GNG609,1976,0,1.0000,brain
GNG610,4464,0,1.0000,brain
GNG611,3314,0,1.0000,brain
GNG612,2660,0,1.0000,brain
GNG613,1014,0,1.0000,brain
GNG614,838,0,1.0000,brain
GNG615,668,0,1.0000,brain
GNG616,980,0,1.0000,brain
GNG617,1044,0,1.0000,brain
GNG618,1432,0,1.0000,brain
GNG619,3601,0,1.0000,brain
GNG620,3630,0,1.0000,brain
GNG621,5607,0,1.0000,brain
GNG622,4873,0,1.0000,brain
GNG623,2152,0,1.0000,brain
GNG624,2116,0,1.0000,brain
GNG625,821,0,1.0000,brain
GNG626,412,0,1.0000,brain
GNG627,4168,0,1.0000,brain
GNG628,4374,0,1.0000,brain
GNG629,623,0,1.0000,brain
GNG630,3175,0,1.0000,brain
GNG631,3169,0,1.0000,brain
GNG633,17664,0,1.0000,brain
GNG634,4097,0,1.0000,brain
GNG635,4599,0,1.0000,brain
GNG636,17188,0,1.0000,brain
GNG637,5629,0,1.0000,brain
GNG638,7418,0,1.0000,brain
GNG639,4397,0,1.0000,brain
GNG640,8746,0,1.0000,brain
GNG641,16225,0,1.0000,brain
GNG642,2632,0,1.0000,brain
GNG643,12432,0,1.0000,brain
GNG644,3692,0,1.0000,brain
GNG646,3285,0,1.0000,brain
GNG647,17706,0,1.0000,brain
GNG648,18644,0,1.0000,brain
GNG649,6845,0,1.0000,brain
GNG650,18402,0,1.0000,brain
GNG651,14447,0,1.0000,brain
GNG652,6707,0,1.0000,brain
GNG653,18904,0,1.0000,brain
GNG654,1520,0,1.0000,brain
GNG655,617,0,1.0000,brain
GNG656,447,0,1.0000,brain
GNG657,6985,0,1.0000,brain
GNG658,2776,0,1.0000,brain
GNG659,1894,0,1.0000,brain
GNG660,7182,0,1.0000,brain
GNG661,8676,0,1.0000,brain
GNG662,4494,0,1.0000,brain
GNG663,7916,0,1.0000,brain
GNG664,5947,0,1.0000,brain
GNG665,4601,0,1.0000,brain
GNG666,4600,0,1.0000,brain
GNG667,28073,0,1.0000,brain
GNG668,4753,0,1.0000,brain
GNG669,2663,0,1.0000,brain
GNG670,8060,0,1.0000,brain
GNG671,10774,0,1.0000,brain
GNG700m,11791,0,1.0000,brain
GNG701m,8230,0,1.0000,brain
GNG702m,8800,0,1.0000,brain
H1,24152,0,1.0000,brain
H2,69556,0,1.0000,brain
HBeyelet,2075,0,1.0000,brain
HRN_VP1d,16206,0,1.0000,brain
HRN_VP1l,4140,0,1.0000,brain
HRN_VP4,10663,0,1.0000,brain
HRN_VP5,5337,0,1.0000,brain
HSE,38475,0,1.0000,brain
HSN,34879,0,1.0000,brain
HSS,36828,0,1.0000,brain
HST,10745,0,1.0000,brain
Hugin-RG,329,0,1.0000,brain
IB002,3151,0,1.0000,brain
IB004_a,5558,0,1.0000,brain
IB004_b,2694,0,1.0000,brain
IB005,6153,0,1.0000,brain
IB007,8366,0,1.0000,brain
IB008,31831,0,1.0000,brain
IB009,15311,0,1.0000,brain
IB010,15739,0,1.0000,brain
IB012,7664,0,1.0000,brain
IB014,10818,0,1.0000,brain
IB015,3015,0,1.0000,brain
IB016,2998,0,1.0000,brain
IB017,7876,0,1.0000,brain
IB018,39379,0,1.0000,brain
IB020,3960,0,1.0000,brain
IB021,4457,0,1.0000,brain
IB022,6046,0,1.0000,brain
IB023,6822,0,1.0000,brain
IB024,5443,0,1.0000,brain
IB025,6907,0,1.0000,brain
IB026,5016,0,1.0000,brain
IB031,8622,0,1.0000,brain
IB032,9011,0,1.0000,brain
IB033,9647,0,1.0000,brain
IB035,912,0,1.0000,brain
IB038,24634,0,1.0000,brain
IB042,1727,0,1.0000,brain
IB044,3649,0,1.0000,brain
IB045,5434,0,1.0000,brain
IB047,5222,0,1.0000,brain
IB048,4841,0,1.0000,brain
IB049,7603,0,1.0000,brain
IB050,4761,0,1.0000,brain
IB051,10312,0,1.0000,brain
IB053,2334,0,1.0000,brain
IB054,6960,0,1.0000,brain
IB058,6661,0,1.0000,brain
IB059_a,4152,0,1.0000,brain
IB059_b,3595,0,1.0000,brain
IB060,5385,0,1.0000,brain
IB061,11070,0,1.0000,brain
IB062,4770,0,1.0000,brain
IB064,7636,0,1.0000,brain
IB065,7506,0,1.0000,brain
IB066,3437,0,1.0000,brain
IB068,4912,0,1.0000,brain
IB069,3028,0,1.0000,brain
IB070,3902,0,1.0000,brain
IB071,3831,0,1.0000,brain
IB076,4531,0,1.0000,brain
IB083,2255,0,1.0000,brain
IB084,5389,0,1.0000,brain
IB087,4916,0,1.0000,brain
IB092,9790,0,1.0000,brain
IB093,7290,0,1.0000,brain
IB094,7872,0,1.0000,brain
IB095,6053,0,1.0000,brain
IB096,2576,0,1.0000,brain
IB097,10746,0,1.0000,brain
IB101,3625,0,1.0000,brain
IB109,11518,0,1.0000,brain
IB110,6991,0,1.0000,brain
IB114,19106,0,1.0000,brain
IB115,10978,0,1.0000,brain
IB116,6358,0,1.0000,brain
IB117,9123,0,1.0000,brain
IB118,7737,0,1.0000,brain
IB120,8260,0,1.0000,brain
IB121,4681,0,1.0000,brain
ICL002m,6426,0,1.0000,brain
ICL003m,6611,0,1.0000,brain
ICL004m_a,2844,0,1.0000,brain
ICL004m_b,2417,0,1.0000,brain
ICL005m,3205,0,1.0000,brain
ICL006m,7108,0,1.0000,brain
ICL008m,6933,0,1.0000,brain
ICL010m,2978,0,1.0000,brain
ICL011m,2814,0,1.0000,brain
ICL012m,9015,0,1.0000,brain
ICL013m_a,4308,0,1.0000,brain
ICL013m_b,4682,0,1.0000,brain
IN00A001,0,20236,0.0000,vnc
IN00A002,0,24093,0.0000,vnc
IN00A003,0,8739,0.0000,vnc
IN00A004,0,15250,0.0000,vnc
IN00A005,0,7123,0.0000,vnc
IN00A007,0,10624,0.0000,vnc
IN00A008,0,3393,0.0000,vnc
IN00A009,0,20127,0.0000,vnc
IN00A010,0,9525,0.0000,vnc
IN00A011,0,21340,0.0000,vnc
IN00A012,0,8556,0.0000,vnc
IN00A013,0,3291,0.0000,vnc
IN00A014,0,14837,0.0000,vnc
IN00A016,0,4227,0.0000,vnc
IN00A017,0,15082,0.0000,vnc
IN00A018,0,6587,0.0000,vnc
IN00A019,0,13865,0.0000,vnc
IN00A020,0,13435,0.0000,vnc
IN00A021,0,5571,0.0000,vnc
IN00A022,0,8115,0.0000,vnc
IN00A024,0,11009,0.0000,vnc
IN00A025,0,12228,0.0000,vnc
IN00A026,0,17385,0.0000,vnc
IN00A027,0,10945,0.0000,vnc
IN00A028,0,9005,0.0000,vnc
IN00A029,0,11067,0.0000,vnc
IN00A030,0,12817,0.0000,vnc
IN00A031,0,29542,0.0000,vnc
IN00A032,0,3277,0.0000,vnc
IN00A033,0,10990,0.0000,vnc
IN00A034,0,4559,0.0000,vnc
IN00A035,0,5319,0.0000,vnc
IN00A036,0,12114,0.0000,vnc
IN00A037,0,2598,0.0000,vnc
IN00A038,0,8004,0.0000,vnc
IN00A039,0,2987,0.0000,vnc
IN00A040,0,7506,0.0000,vnc
IN00A041,0,6122,0.0000,vnc
IN00A042,0,5961,0.0000,vnc
IN00A043,0,5962,0.0000,vnc
IN00A044,0,1503,0.0000,vnc
IN00A045,0,12877,0.0000,vnc
IN00A047,0,7137,0.0000,vnc
IN00A048,0,10842,0.0000,vnc
IN00A049,0,5273,0.0000,vnc
IN00A050,0,6082,0.0000,vnc
IN00A051,0,9646,0.0000,vnc
IN00A052,0,3037,0.0000,vnc
IN00A053,0,3869,0.0000,vnc
IN00A054,0,8991,0.0000,vnc
IN00A055,0,2094,0.0000,vnc
IN00A056,0,11821,0.0000,vnc
IN00A057,0,12229,0.0000,vnc
IN00A058,0,3137,0.0000,vnc
IN00A059,0,2900,0.0000,vnc
IN00A060,0,3350,0.0000,vnc
IN00A061,0,3464,0.0000,vnc
IN00A062,0,5692,0.0000,vnc
IN00A063,0,11573,0.0000,vnc
IN00A064,0,1464,0.0000,vnc
IN00A065,0,5078,0.0000,vnc
IN00A066,0,2336,0.0000,vnc
IN00A067,0,3966,0.0000,vnc
IN00A068,0,1101,0.0000,vnc
IN00A069,0,1506,0.0000,vnc
IN00A070,0,987,0.0000,vnc
IN01A002,0,8626,0.0000,vnc
IN01A005,0,13711,0.0000,vnc
IN01A007,0,15285,0.0000,vnc
IN01A008,0,7062,0.0000,vnc
IN01A009,0,18885,0.0000,vnc
IN01A010,0,14568,0.0000,vnc
IN01A011,0,26247,0.0000,vnc
IN01A012,0,35447,0.0000,vnc
IN01A015,0,23525,0.0000,vnc
IN01A016,0,9494,0.0000,vnc
IN01A017,0,10762,0.0000,vnc
IN01A018,0,4749,0.0000,vnc
IN01A020,0,11927,0.0000,vnc
IN01A022,0,7631,0.0000,vnc
IN01A023,0,13748,0.0000,vnc
IN01A024,0,3155,0.0000,vnc
IN01A025,0,16673,0.0000,vnc
IN01A026,0,7617,0.0000,vnc
IN01A027,0,7309,0.0000,vnc
IN01A028,0,5724,0.0000,vnc
IN01A029,0,6504,0.0000,vnc
IN01A030,0,8363,0.0000,vnc
IN01A031,0,25519,0.0000,vnc
IN01A032,0,12917,0.0000,vnc
IN01A034,0,7764,0.0000,vnc
IN01A035,0,16099,0.0000,vnc
IN01A036,0,13495,0.0000,vnc
IN01A037,0,3826,0.0000,vnc
IN01A038,0,22065,0.0000,vnc
IN01A039,0,11788,0.0000,vnc
IN01A040,0,8280,0.0000,vnc
IN01A041,0,6522,0.0000,vnc
IN01A042,0,5496,0.0000,vnc
IN01A043,0,9478,0.0000,vnc
IN01A044,0,5371,0.0000,vnc
IN01A045,0,36325,0.0000,vnc
IN01A046,0,6241,0.0000,vnc
IN01A047,0,3708,0.0000,vnc
IN01A048,0,23387,0.0000,vnc
IN01A050,0,17215,0.0000,vnc
IN01A051,0,11148,0.0000,vnc
IN01A052_a,0,2102,0.0000,vnc
IN01A052_b,0,1394,0.0000,vnc
IN01A053,0,4809,0.0000,vnc
IN01A054,0,5939,0.0000,vnc
IN01A056,0,4593,0.0000,vnc
IN01A057,0,1461,0.0000,vnc
IN01A058,0,7491,0.0000,vnc
IN01A059,0,21936,0.0000,vnc
IN01A060,0,1993,0.0000,vnc
IN01A061,0,22298,0.0000,vnc
IN01A062_a,0,3036,0.0000,vnc
IN01A062_b,0,1013,0.0000,vnc
IN01A062_c,0,3602,0.0000,vnc
IN01A063_a,0,1389,0.0000,vnc
IN01A063_b,0,2925,0.0000,vnc
IN01A063_c,0,962,0.0000,vnc
IN01A064,0,2806,0.0000,vnc
IN01A065,0,8149,0.0000,vnc
IN01A066,0,4147,0.0000,vnc
IN01A067,0,2688,0.0000,vnc
IN01A068,0,2984,0.0000,vnc
IN01A069,0,3840,0.0000,vnc
IN01A070,0,6248,0.0000,vnc
IN01A071,0,7801,0.0000,vnc
IN01A072,0,1058,0.0000,vnc
IN01A073,0,8461,0.0000,vnc
IN01A074,0,2293,0.0000,vnc
IN01A075,0,2759,0.0000,vnc
IN01A076,0,5564,0.0000,vnc
IN01A077,0,4422,0.0000,vnc
IN01A078,0,3206,0.0000,vnc
IN01A079,0,6773,0.0000,vnc
IN01A080_a,0,1622,0.0000,vnc
IN01A080_b,0,2109,0.0000,vnc
IN01A080_c,0,1385,0.0000,vnc
IN01A081,0,2659,0.0000,vnc
IN01A082,0,6326,0.0000,vnc
IN01A083_a,0,781,0.0000,vnc
IN01A083_b,0,2435,0.0000,vnc
IN01A084,0,1254,0.0000,vnc
IN01A085,0,1134,0.0000,vnc
IN01A087_a,0,840,0.0000,vnc
IN01A087_b,0,992,0.0000,vnc
IN01A088,0,2983,0.0000,vnc
IN01A089,0,541,0.0000,vnc
IN01B001,0,50230,0.0000,vnc
IN01B002,0,42875,0.0000,vnc
IN01B003,0,63096,0.0000,vnc
IN01B006,0,16416,0.0000,vnc
IN01B007,0,11989,0.0000,vnc
IN01B008,0,17459,0.0000,vnc
IN01B010,0,12260,0.0000,vnc
IN01B012,0,12819,0.0000,vnc
IN01B014,0,10558,0.0000,vnc
IN01B015,0,2337,0.0000,vnc
IN01B016,0,2859,0.0000,vnc
IN01B017,0,4421,0.0000,vnc
IN01B019_a,0,1799,0.0000,vnc
IN01B019_b,0,1378,0.0000,vnc
IN01B020,0,18253,0.0000,vnc
IN01B021,0,9673,0.0000,vnc
IN01B022,0,5848,0.0000,vnc
IN01B023_a,0,4487,0.0000,vnc
IN01B023_b,0,3352,0.0000,vnc
IN01B023_c,0,5141,0.0000,vnc
IN01B023_d,0,1597,0.0000,vnc
IN01B024,0,2742,0.0000,vnc
IN01B025,0,5360,0.0000,vnc
IN01B026,0,7284,0.0000,vnc
IN01B027_a,0,4807,0.0000,vnc
IN01B027_b,0,3257,0.0000,vnc
IN01B027_c,0,1494,0.0000,vnc
IN01B027_d,0,1740,0.0000,vnc
IN01B027_e,0,849,0.0000,vnc
IN01B027_f,0,922,0.0000,vnc
IN01B029,0,3560,0.0000,vnc
IN01B030,0,1409,0.0000,vnc
IN01B031_a,0,1625,0.0000,vnc
IN01B031_b,0,3332,0.0000,vnc
IN01B032,0,2018,0.0000,vnc
IN01B033,0,7547,0.0000,vnc
IN01B034,0,2744,0.0000,vnc
IN01B035,0,794,0.0000,vnc
IN01B036,0,1855,0.0000,vnc
IN01B037_a,0,1789,0.0000,vnc
IN01B037_b,0,4518,0.0000,vnc
"IN01B038,IN01B056",0,1021,0.0000,vnc
IN01B039,0,2661,0.0000,vnc
IN01B040,0,2504,0.0000,vnc
IN01B041,0,1928,0.0000,vnc
IN01B042,0,5267,0.0000,vnc
IN01B043,0,2771,0.0000,vnc
IN01B044_a,0,496,0.0000,vnc
IN01B044_b,0,546,0.0000,vnc
IN01B045,0,455,0.0000,vnc
IN01B046_a,0,3933,0.0000,vnc
IN01B046_b,0,3576,0.0000,vnc
IN01B047,0,911,0.0000,vnc
IN01B048_a,0,1146,0.0000,vnc
IN01B048_b,0,1384,0.0000,vnc
IN01B049,0,3164,0.0000,vnc
IN01B050_a,0,1340,0.0000,vnc
IN01B050_b,0,1324,0.0000,vnc
IN01B051_a,0,740,0.0000,vnc
IN01B051_b,0,946,0.0000,vnc
IN01B052,0,4305,0.0000,vnc
IN01B053,0,4027,0.0000,vnc
IN01B054,0,3291,0.0000,vnc
IN01B055,0,1105,0.0000,vnc
IN01B056,0,3236,0.0000,vnc
IN01B057,0,785,0.0000,vnc
IN01B059_a,0,1298,0.0000,vnc
IN01B059_b,0,3492,0.0000,vnc
IN01B060,0,3112,0.0000,vnc
IN01B061,0,5149,0.0000,vnc
IN01B062,0,3812,0.0000,vnc
IN01B063,0,473,0.0000,vnc
IN01B064,0,1886,0.0000,vnc
IN01B065,0,22114,0.0000,vnc
IN01B066,0,755,0.0000,vnc
IN01B067,0,4001,0.0000,vnc
IN01B068,0,1144,0.0000,vnc
IN01B069_a,0,735,0.0000,vnc
IN01B069_b,0,1606,0.0000,vnc
IN01B070,0,590,0.0000,vnc
IN01B072,0,1141,0.0000,vnc
IN01B073,0,1294,0.0000,vnc
IN01B074,0,2551,0.0000,vnc
IN01B075,0,2070,0.0000,vnc
IN01B077_a,0,803,0.0000,vnc
IN01B077_b,0,683,0.0000,vnc
IN01B078,0,2879,0.0000,vnc
IN01B079,0,1651,0.0000,vnc
IN01B080,0,4980,0.0000,vnc
IN01B081,0,1824,0.0000,vnc
IN01B082,0,2208,0.0000,vnc
IN01B083_a,0,1129,0.0000,vnc
IN01B083_b,0,866,0.0000,vnc
IN01B083_c,0,2208,0.0000,vnc
IN01B084,0,4124,0.0000,vnc
IN01B085,0,427,0.0000,vnc
IN01B086,0,377,0.0000,vnc
IN01B087,0,355,0.0000,vnc
IN01B088,0,32,0.0000,vnc
IN01B090,0,5493,0.0000,vnc
IN01B091,0,454,0.0000,vnc
IN01B092,0,934,0.0000,vnc
IN01B093,0,683,0.0000,vnc
IN01B094,0,578,0.0000,vnc
IN01B095,0,9527,0.0000,vnc
IN01B097,0,907,0.0000,vnc
IN01B098,0,1436,0.0000,vnc
IN01B099,0,575,0.0000,vnc
IN01B100,0,1302,0.0000,vnc
IN01B101,0,579,0.0000,vnc
IN01B102,0,135,0.0000,vnc
IN02A003,0,24879,0.0000,vnc
IN02A004,0,14064,0.0000,vnc
IN02A007,0,14722,0.0000,vnc
IN02A008,0,7182,0.0000,vnc
IN02A010,0,24538,0.0000,vnc
IN02A011,0,4637,0.0000,vnc
IN02A012,0,12198,0.0000,vnc
IN02A013,0,6565,0.0000,vnc
IN02A014,0,5936,0.0000,vnc
IN02A015,0,12419,0.0000,vnc
IN02A018,0,6425,0.0000,vnc
IN02A019,0,9797,0.0000,vnc
IN02A020,0,9087,0.0000,vnc
IN02A021,0,2397,0.0000,vnc
IN02A023,0,9209,0.0000,vnc
IN02A024,0,4802,0.0000,vnc
IN02A026,0,7920,0.0000,vnc
IN02A028,0,1673,0.0000,vnc
IN02A029,0,19925,0.0000,vnc
IN02A030,0,22083,0.0000,vnc
IN02A031,0,1068,0.0000,vnc
IN02A032,0,2415,0.0000,vnc
IN02A033,0,13079,0.0000,vnc
IN02A034,0,2789,0.0000,vnc
IN02A035,0,2756,0.0000,vnc
IN02A036,0,2580,0.0000,vnc
IN02A037,0,1510,0.0000,vnc
IN02A038,0,2029,0.0000,vnc
IN02A040,0,2613,0.0000,vnc
IN02A041,0,1309,0.0000,vnc
IN02A042,0,2866,0.0000,vnc
IN02A043,0,4810,0.0000,vnc
IN02A044,0,10984,0.0000,vnc
IN02A045,0,3575,0.0000,vnc
IN02A047,0,3615,0.0000,vnc
IN02A048,0,3086,0.0000,vnc
IN02A049,0,4792,0.0000,vnc
IN02A050,0,2170,0.0000,vnc
IN02A051,0,767,0.0000,vnc
IN02A052,0,2805,0.0000,vnc
IN02A053,0,856,0.0000,vnc
IN02A054,0,7484,0.0000,vnc
IN02A055,0,1784,0.0000,vnc
IN02A056_a,0,1401,0.0000,vnc
IN02A056_b,0,682,0.0000,vnc
IN02A056_c,0,746,0.0000,vnc
IN02A057,0,2142,0.0000,vnc
IN02A058,0,2283,0.0000,vnc
IN02A059,0,7069,0.0000,vnc
IN02A060,0,1279,0.0000,vnc
IN02A061,0,711,0.0000,vnc
IN02A062,0,2071,0.0000,vnc
IN02A063,0,1188,0.0000,vnc
IN02A064,0,3415,0.0000,vnc
IN02A065,0,685,0.0000,vnc
IN02A066,0,2357,0.0000,vnc
IN02A067,0,741,0.0000,vnc
IN03A001,0,34166,0.0000,vnc
IN03A003,0,12196,0.0000,vnc
IN03A004,0,58437,0.0000,vnc
IN03A005,0,10220,0.0000,vnc
IN03A006,0,38588,0.0000,vnc
IN03A007,0,38339,0.0000,vnc
IN03A009,0,17411,0.0000,vnc
IN03A010,0,34240,0.0000,vnc
IN03A011,0,5737,0.0000,vnc
IN03A012,0,5369,0.0000,vnc
IN03A013,0,11386,0.0000,vnc
IN03A014,0,27101,0.0000,vnc
IN03A015,0,8499,0.0000,vnc
IN03A017,0,11070,0.0000,vnc
IN03A018,0,6343,0.0000,vnc
IN03A019,0,23591,0.0000,vnc
IN03A020,0,17020,0.0000,vnc
IN03A021,0,4647,0.0000,vnc
IN03A022,0,9153,0.0000,vnc
IN03A023,0,4546,0.0000,vnc
IN03A024,0,7251,0.0000,vnc
IN03A025,0,6277,0.0000,vnc
IN03A026_a,0,7394,0.0000,vnc
IN03A026_b,0,6151,0.0000,vnc
IN03A026_c,0,9314,0.0000,vnc
IN03A026_d,0,7506,0.0000,vnc
IN03A027,0,12561,0.0000,vnc
IN03A028,0,5049,0.0000,vnc
IN03A029,0,10029,0.0000,vnc
IN03A030,0,18440,0.0000,vnc
IN03A031,0,25767,0.0000,vnc
IN03A032,0,8005,0.0000,vnc
IN03A033,0,20219,0.0000,vnc
IN03A034,0,6187,0.0000,vnc
IN03A035,0,6284,0.0000,vnc
IN03A036,0,13796,0.0000,vnc
IN03A037,0,27879,0.0000,vnc
IN03A038,0,7866,0.0000,vnc
IN03A039,0,24899,0.0000,vnc
IN03A040,0,9499,0.0000,vnc
IN03A041,0,8371,0.0000,vnc
IN03A042,0,4731,0.0000,vnc
IN03A043,0,3644,0.0000,vnc
IN03A044,0,8858,0.0000,vnc
IN03A045,0,26436,0.0000,vnc
IN03A046,0,14233,0.0000,vnc
IN03A047,0,14443,0.0000,vnc
IN03A048,0,7073,0.0000,vnc
IN03A049,0,1784,0.0000,vnc
IN03A050,0,3390,0.0000,vnc
IN03A051,0,8188,0.0000,vnc
IN03A052,0,17046,0.0000,vnc
IN03A053,0,13519,0.0000,vnc
IN03A054,0,9170,0.0000,vnc
IN03A055,0,20945,0.0000,vnc
IN03A056,0,2368,0.0000,vnc
IN03A057,0,10749,0.0000,vnc
IN03A058,0,8994,0.0000,vnc
IN03A059,0,17610,0.0000,vnc
IN03A060,0,12528,0.0000,vnc
IN03A061,0,976,0.0000,vnc
IN03A062_a,0,2045,0.0000,vnc
IN03A062_b,0,5141,0.0000,vnc
IN03A062_c,0,6953,0.0000,vnc
IN03A062_d,0,4898,0.0000,vnc
IN03A062_e,0,6594,0.0000,vnc
IN03A062_f,0,3934,0.0000,vnc
IN03A062_g,0,2108,0.0000,vnc
IN03A062_h,0,4963,0.0000,vnc
IN03A063,0,2942,0.0000,vnc
IN03A064,0,13631,0.0000,vnc
IN03A065,0,5779,0.0000,vnc
IN03A066,0,9973,0.0000,vnc
IN03A067,0,19327,0.0000,vnc
IN03A068,0,13846,0.0000,vnc
IN03A069,0,8813,0.0000,vnc
IN03A070,0,5926,0.0000,vnc
IN03A071,0,24450,0.0000,vnc
IN03A072,0,1640,0.0000,vnc
IN03A073,0,12459,0.0000,vnc
IN03A074,0,3282,0.0000,vnc
IN03A075,0,17728,0.0000,vnc
IN03A076,0,3180,0.0000,vnc
IN03A077,0,12742,0.0000,vnc
IN03A078,0,6093,0.0000,vnc
IN03A079,0,2399,0.0000,vnc
IN03A080,0,2590,0.0000,vnc
IN03A081,0,9711,0.0000,vnc
IN03A082,0,6303,0.0000,vnc
IN03A083,0,3569,0.0000,vnc
IN03A084,0,3914,0.0000,vnc
IN03A085,0,4470,0.0000,vnc
IN03A087,0,3236,0.0000,vnc
"IN03A087,IN03A092",0,4352,0.0000,vnc
IN03A088,0,4105,0.0000,vnc
IN03A089,0,9157,0.0000,vnc
IN03A090,0,1988,0.0000,vnc
IN03A091,0,9571,0.0000,vnc
IN03A092,0,6619,0.0000,vnc
IN03A093,0,6663,0.0000,vnc
IN03A094,0,6300,0.0000,vnc
IN03A095,0,1603,0.0000,vnc
IN03A096,0,2155,0.0000,vnc
IN03A097,0,2379,0.0000,vnc
IN03B001,0,6967,0.0000,vnc
IN03B005,0,15388,0.0000,vnc
IN03B008,0,16001,0.0000,vnc
IN03B011,0,6954,0.0000,vnc
IN03B012,0,14017,0.0000,vnc
IN03B015,0,14748,0.0000,vnc
IN03B016,0,7317,0.0000,vnc
IN03B019,0,23334,0.0000,vnc
IN03B020,0,12678,0.0000,vnc
IN03B021,0,26467,0.0000,vnc
IN03B022,0,10616,0.0000,vnc
IN03B024,0,11066,0.0000,vnc
IN03B025,0,7758,0.0000,vnc
IN03B028,0,6666,0.0000,vnc
IN03B029,0,8048,0.0000,vnc
IN03B031,0,9647,0.0000,vnc
IN03B032,0,16191,0.0000,vnc
IN03B034,0,11592,0.0000,vnc
IN03B035,0,34876,0.0000,vnc
IN03B036,0,6278,0.0000,vnc
IN03B037,0,3911,0.0000,vnc
IN03B038,0,3695,0.0000,vnc
IN03B042,0,20033,0.0000,vnc
IN03B043,0,5523,0.0000,vnc
IN03B045,0,829,0.0000,vnc
IN03B046,0,7286,0.0000,vnc
IN03B049,0,6936,0.0000,vnc
IN03B051,0,1908,0.0000,vnc
IN03B052,0,5769,0.0000,vnc
IN03B053,0,7862,0.0000,vnc
IN03B054,0,4146,0.0000,vnc
IN03B055,0,6480,0.0000,vnc
IN03B056,0,7288,0.0000,vnc
IN03B057,0,3263,0.0000,vnc
IN03B058,0,24328,0.0000,vnc
IN03B059,0,3131,0.0000,vnc
IN03B060,0,30199,0.0000,vnc
IN03B061,0,15185,0.0000,vnc
IN03B062,0,3536,0.0000,vnc
IN03B063,0,4960,0.0000,vnc
IN03B064,0,2718,0.0000,vnc
IN03B065,0,3198,0.0000,vnc
IN03B066,0,18821,0.0000,vnc
IN03B067,0,2831,0.0000,vnc
IN03B068,0,577,0.0000,vnc
IN03B069,0,14275,0.0000,vnc
IN03B070,0,8563,0.0000,vnc
IN03B071,0,6148,0.0000,vnc
IN03B072,0,13614,0.0000,vnc
IN03B073,0,1429,0.0000,vnc
IN03B074,0,5616,0.0000,vnc
IN03B075,0,2964,0.0000,vnc
IN03B076,0,2284,0.0000,vnc
IN03B077,0,4098,0.0000,vnc
IN03B078,0,2497,0.0000,vnc
IN03B079,0,7900,0.0000,vnc
IN03B080,0,6034,0.0000,vnc
IN03B081,0,4474,0.0000,vnc
"IN03B082,IN03B093",0,1761,0.0000,vnc
IN03B083,0,3568,0.0000,vnc
IN03B084,0,3385,0.0000,vnc
IN03B085,0,2051,0.0000,vnc
IN03B086_a,0,613,0.0000,vnc
IN03B086_b,0,1000,0.0000,vnc
IN03B086_c,0,726,0.0000,vnc
IN03B086_d,0,1803,0.0000,vnc
IN03B086_e,0,1693,0.0000,vnc
IN03B088,0,3350,0.0000,vnc
IN03B089,0,9416,0.0000,vnc
IN03B090,0,3434,0.0000,vnc
IN03B091,0,4740,0.0000,vnc
IN03B092,0,1682,0.0000,vnc
IN03B094,0,575,0.0000,vnc
IN04A002,0,10333,0.0000,vnc
IN04B001,0,24938,0.0000,vnc
IN04B002,0,9016,0.0000,vnc
IN04B004,0,12058,0.0000,vnc
IN04B005,0,9081,0.0000,vnc
IN04B006,0,9727,0.0000,vnc
IN04B007,0,8735,0.0000,vnc
IN04B008,0,18577,0.0000,vnc
IN04B009,0,8800,0.0000,vnc
IN04B010,0,9613,0.0000,vnc
IN04B011,0,12266,0.0000,vnc
IN04B012,0,4435,0.0000,vnc
IN04B013,0,12147,0.0000,vnc
IN04B014,0,3988,0.0000,vnc
IN04B015,0,9541,0.0000,vnc
IN04B016,0,2111,0.0000,vnc
IN04B017,0,16115,0.0000,vnc
IN04B018,0,11260,0.0000,vnc
IN04B019,0,3091,0.0000,vnc
IN04B020,0,3753,0.0000,vnc
IN04B021,0,1466,0.0000,vnc
IN04B022,0,6197,0.0000,vnc
IN04B024,0,5401,0.0000,vnc
IN04B025,0,6570,0.0000,vnc
IN04B026,0,5446,0.0000,vnc
IN04B027,0,14868,0.0000,vnc
IN04B028,0,5803,0.0000,vnc
IN04B029,0,10707,0.0000,vnc
IN04B030,0,2560,0.0000,vnc
IN04B031,0,14299,0.0000,vnc
IN04B032,0,12085,0.0000,vnc
IN04B033,0,7555,0.0000,vnc
IN04B034,0,6439,0.0000,vnc
IN04B035,0,2841,0.0000,vnc
IN04B036,0,16562,0.0000,vnc
IN04B037,0,11081,0.0000,vnc
IN04B038,0,2500,0.0000,vnc
IN04B039,0,2472,0.0000,vnc
IN04B041,0,5229,0.0000,vnc
IN04B042,0,5788,0.0000,vnc
IN04B043_a,0,2148,0.0000,vnc
IN04B043_b,0,2481,0.0000,vnc
IN04B044,0,13598,0.0000,vnc
IN04B046,0,6571,0.0000,vnc
IN04B047,0,2825,0.0000,vnc
IN04B048,0,6156,0.0000,vnc
IN04B049_a,0,3612,0.0000,vnc
IN04B049_b,0,3405,0.0000,vnc
IN04B049_c,0,2654,0.0000,vnc
IN04B050,0,3639,0.0000,vnc
IN04B052,0,2674,0.0000,vnc
IN04B053,0,4852,0.0000,vnc
IN04B054_a,0,4838,0.0000,vnc
IN04B054_b,0,7093,0.0000,vnc
IN04B054_c,0,5422,0.0000,vnc
IN04B055,0,3376,0.0000,vnc
IN04B056,0,4272,0.0000,vnc
IN04B057,0,5059,0.0000,vnc
IN04B058,0,3941,0.0000,vnc
IN04B059,0,3333,0.0000,vnc
IN04B060,0,6493,0.0000,vnc
IN04B061,0,3615,0.0000,vnc
IN04B062,0,8652,0.0000,vnc
IN04B063,0,8839,0.0000,vnc
IN04B064,0,7894,0.0000,vnc
IN04B066,0,3159,0.0000,vnc
IN04B067,0,3746,0.0000,vnc
IN04B068,0,21791,0.0000,vnc
IN04B069,0,1840,0.0000,vnc
IN04B070,0,3770,0.0000,vnc
IN04B071,0,8246,0.0000,vnc
IN04B072,0,1712,0.0000,vnc
IN04B073,0,1975,0.0000,vnc
IN04B074,0,36311,0.0000,vnc
IN04B075,0,3967,0.0000,vnc
IN04B076,0,6754,0.0000,vnc
IN04B077,0,8813,0.0000,vnc
IN04B078,0,16378,0.0000,vnc
IN04B079,0,5371,0.0000,vnc
IN04B080,0,9332,0.0000,vnc
IN04B081,0,18145,0.0000,vnc
IN04B082,0,1665,0.0000,vnc
IN04B083,0,3698,0.0000,vnc
IN04B084,0,8686,0.0000,vnc
IN04B085,0,2962,0.0000,vnc
IN04B086,0,2482,0.0000,vnc
IN04B087,0,6134,0.0000,vnc
IN04B088,0,4777,0.0000,vnc
IN04B089,0,6631,0.0000,vnc
IN04B090,0,4024,0.0000,vnc
IN04B091,0,3784,0.0000,vnc
IN04B092,0,7385,0.0000,vnc
IN04B093,0,1251,0.0000,vnc
IN04B094,0,3047,0.0000,vnc
IN04B095,0,6980,0.0000,vnc
IN04B096,0,5581,0.0000,vnc
IN04B097,0,2711,0.0000,vnc
IN04B098,0,2958,0.0000,vnc
IN04B099,0,1940,0.0000,vnc
IN04B100,0,18071,0.0000,vnc
IN04B101,0,3455,0.0000,vnc
IN04B102,0,16139,0.0000,vnc
IN04B103,0,6341,0.0000,vnc
IN04B104,0,6169,0.0000,vnc
IN04B105,0,7491,0.0000,vnc
IN04B106,0,2775,0.0000,vnc
IN04B107,0,8397,0.0000,vnc
IN04B108,0,6622,0.0000,vnc
IN04B109,0,995,0.0000,vnc
IN04B110,0,4032,0.0000,vnc
IN04B111,0,1483,0.0000,vnc
IN04B112,0,7071,0.0000,vnc
"IN04B113,IN04B114",0,5181,0.0000,vnc
IN04B115,0,828,0.0000,vnc
IN05B001,0,15763,0.0000,vnc
IN05B002,0,43914,0.0000,vnc
IN05B003,0,15485,0.0000,vnc
IN05B005,0,24501,0.0000,vnc
IN05B008,0,8923,0.0000,vnc
IN05B010,0,52547,0.0000,vnc
IN05B011a,0,43144,0.0000,vnc
IN05B011b,0,19178,0.0000,vnc
IN05B012,0,15060,0.0000,vnc
IN05B013,0,11557,0.0000,vnc
IN05B016,0,25949,0.0000,vnc
IN05B017,0,26981,0.0000,vnc
IN05B018,0,7318,0.0000,vnc
IN05B019,0,10121,0.0000,vnc
IN05B020,0,10347,0.0000,vnc
IN05B021,0,4460,0.0000,vnc
IN05B022,0,16771,0.0000,vnc
IN05B024,0,6306,0.0000,vnc
IN05B028,0,34062,0.0000,vnc
IN05B030,0,6747,0.0000,vnc
IN05B031,0,8551,0.0000,vnc
IN05B032,0,15317,0.0000,vnc
IN05B033,0,19243,0.0000,vnc
IN05B034,0,9831,0.0000,vnc
IN05B036,0,8142,0.0000,vnc
IN05B037,0,4208,0.0000,vnc
IN05B038,0,4710,0.0000,vnc
IN05B039,0,7461,0.0000,vnc
IN05B041,0,5576,0.0000,vnc
IN05B042,0,11158,0.0000,vnc
IN05B043,0,6093,0.0000,vnc
IN05B051,0,4711,0.0000,vnc
IN05B055,0,2044,0.0000,vnc
IN05B057,0,6566,0.0000,vnc
IN05B061,0,6305,0.0000,vnc
IN05B064_a,0,1589,0.0000,vnc
IN05B064_b,0,2406,0.0000,vnc
IN05B065,0,6819,0.0000,vnc
IN05B066,0,4580,0.0000,vnc
IN05B070,85,4383,0.0190,vnc
IN05B072_a,0,3819,0.0000,vnc
IN05B072_b,0,2720,0.0000,vnc
IN05B072_c,0,1840,0.0000,vnc
IN05B073,0,1183,0.0000,vnc
IN05B074,0,1543,0.0000,vnc
IN05B075,0,3163,0.0000,vnc
IN05B077,0,1159,0.0000,vnc
IN05B080,0,2300,0.0000,vnc
IN05B082,0,1530,0.0000,vnc
IN05B084,0,2184,0.0000,vnc
IN05B085,0,5432,0.0000,vnc
IN05B086,0,1648,0.0000,vnc
IN05B087,0,1549,0.0000,vnc
IN05B088,0,5056,0.0000,vnc
IN05B089,0,2656,0.0000,vnc
IN05B090,0,11950,0.0000,vnc
IN05B091,0,5388,0.0000,vnc
IN05B092,0,1188,0.0000,vnc
IN05B093,0,1430,0.0000,vnc
IN05B094,0,13127,0.0000,vnc
IN06A002,0,18352,0.0000,vnc
IN06A003,0,13894,0.0000,vnc
IN06A004,0,5922,0.0000,vnc
IN06A005,0,10498,0.0000,vnc
IN06A006,0,3735,0.0000,vnc
IN06A008,0,5871,0.0000,vnc
IN06A009,0,8519,0.0000,vnc
IN06A011,0,5383,0.0000,vnc
IN06A012,0,3610,0.0000,vnc
IN06A013,0,4973,0.0000,vnc
IN06A014,0,4276,0.0000,vnc
IN06A016,0,2994,0.0000,vnc
IN06A018,0,2578,0.0000,vnc
IN06A019,0,15250,0.0000,vnc
IN06A020,0,13335,0.0000,vnc
IN06A021,0,2894,0.0000,vnc
IN06A022,0,10430,0.0000,vnc
IN06A023,0,3207,0.0000,vnc
IN06A024,0,4024,0.0000,vnc
IN06A025,0,6262,0.0000,vnc
IN06A028,0,6887,0.0000,vnc
IN06A031,0,4825,0.0000,vnc
IN06A032,0,2305,0.0000,vnc
IN06A033,0,3631,0.0000,vnc
IN06A034,0,1836,0.0000,vnc
IN06A035,0,5605,0.0000,vnc
IN06A036,0,2839,0.0000,vnc
IN06A037,0,1991,0.0000,vnc
IN06A038,0,2122,0.0000,vnc
IN06A039,0,4253,0.0000,vnc
IN06A040,0,1726,0.0000,vnc
IN06A042,0,7727,0.0000,vnc
IN06A043,0,3601,0.0000,vnc
IN06A044,0,8506,0.0000,vnc
IN06A045,0,3153,0.0000,vnc
IN06A046,0,4124,0.0000,vnc
IN06A047,0,1372,0.0000,vnc
IN06A048,0,1735,0.0000,vnc
IN06A049,0,4179,0.0000,vnc
IN06A050,0,7971,0.0000,vnc
IN06A051,0,3219,0.0000,vnc
IN06A052,0,4565,0.0000,vnc
IN06A054,0,3107,0.0000,vnc
IN06A055,0,2601,0.0000,vnc
IN06A056,0,2865,0.0000,vnc
IN06A057,0,3276,0.0000,vnc
IN06A058,0,1812,0.0000,vnc
IN06A059,0,15830,0.0000,vnc
IN06A061,0,5082,0.0000,vnc
IN06A063,0,9646,0.0000,vnc
IN06A064,0,9110,0.0000,vnc
IN06A065,0,8095,0.0000,vnc
IN06A066,0,13838,0.0000,vnc
IN06A067_a,0,1052,0.0000,vnc
IN06A067_b,0,1104,0.0000,vnc
IN06A067_c,0,1385,0.0000,vnc
IN06A067_d,0,863,0.0000,vnc
IN06A067_e,0,1091,0.0000,vnc
IN06A069,0,1985,0.0000,vnc
IN06A070,0,4274,0.0000,vnc
IN06A071,0,3468,0.0000,vnc
IN06A072,0,4215,0.0000,vnc
IN06A073,0,2483,0.0000,vnc
IN06A074,0,2362,0.0000,vnc
IN06A075,0,6771,0.0000,vnc
IN06A076_a,0,1793,0.0000,vnc
IN06A076_b,0,1137,0.0000,vnc
IN06A076_c,0,1171,0.0000,vnc
IN06A077,0,3863,0.0000,vnc
IN06A078,0,1777,0.0000,vnc
IN06A079,0,3308,0.0000,vnc
IN06A081,0,1419,0.0000,vnc
IN06A082,0,9479,0.0000,vnc
IN06A083,0,5066,0.0000,vnc
IN06A084,0,1018,0.0000,vnc
IN06A085,0,3117,0.0000,vnc
IN06A086,0,5243,0.0000,vnc
IN06A087,0,3424,0.0000,vnc
IN06A088,0,3104,0.0000,vnc
IN06A089,0,852,0.0000,vnc
IN06A090,0,1976,0.0000,vnc
IN06A091,0,3077,0.0000,vnc
IN06A093,0,2071,0.0000,vnc
IN06A094,0,10305,0.0000,vnc
IN06A096,0,7992,0.0000,vnc
IN06A097,0,3994,0.0000,vnc
IN06A098,0,5032,0.0000,vnc
IN06A099,0,4969,0.0000,vnc
IN06A100,0,1391,0.0000,vnc
IN06A101,0,1004,0.0000,vnc
IN06A102,0,4102,0.0000,vnc
IN06A103,0,3326,0.0000,vnc
IN06A104,0,5837,0.0000,vnc
IN06A105,0,1015,0.0000,vnc
IN06A106,0,12164,0.0000,vnc
IN06A107,0,1125,0.0000,vnc
IN06A108,0,3643,0.0000,vnc
IN06A109,0,10519,0.0000,vnc
IN06A110,0,4944,0.0000,vnc
IN06A111,0,2859,0.0000,vnc
IN06A113,0,5362,0.0000,vnc
IN06A114,0,1323,0.0000,vnc
IN06A115,0,2606,0.0000,vnc
IN06A116,0,8306,0.0000,vnc
IN06A117,0,11525,0.0000,vnc
IN06A119,0,3228,0.0000,vnc
IN06A120_a,0,833,0.0000,vnc
IN06A120_b,0,967,0.0000,vnc
IN06A120_c,0,729,0.0000,vnc
IN06A121,0,427,0.0000,vnc
IN06A122,0,1390,0.0000,vnc
IN06A123,0,1102,0.0000,vnc
IN06A124,0,5236,0.0000,vnc
IN06A125,0,3583,0.0000,vnc
"IN06A126,IN06A137",0,3868,0.0000,vnc
IN06A127,0,1413,0.0000,vnc
IN06A128,0,1272,0.0000,vnc
IN06A129,0,1628,0.0000,vnc
IN06A132,0,4033,0.0000,vnc
IN06A133,0,320,0.0000,vnc
IN06A134,0,346,0.0000,vnc
IN06A135,0,1404,0.0000,vnc
IN06A136,0,3010,0.0000,vnc
IN06A137,0,1138,0.0000,vnc
IN06A138,0,1939,0.0000,vnc
IN06A139,0,1157,0.0000,vnc
IN06A140,0,2571,0.0000,vnc
IN06B001,0,14880,0.0000,vnc
IN06B003,0,17779,0.0000,vnc
IN06B006,0,10556,0.0000,vnc
IN06B008,0,36028,0.0000,vnc
IN06B012,0,16622,0.0000,vnc
IN06B013,0,30359,0.0000,vnc
IN06B014,0,9475,0.0000,vnc
IN06B015,0,8586,0.0000,vnc
IN06B016,0,33632,0.0000,vnc
IN06B017,333,32269,0.0102,vnc
IN06B018,0,11802,0.0000,vnc
IN06B019,0,12808,0.0000,vnc
IN06B020,0,8580,0.0000,vnc
IN06B021,0,6202,0.0000,vnc
IN06B022,0,4817,0.0000,vnc
IN06B024,0,23539,0.0000,vnc
IN06B025,0,2532,0.0000,vnc
IN06B027,190,7158,0.0259,vnc
IN06B028,0,30220,0.0000,vnc
IN06B029,0,50138,0.0000,vnc
IN06B030,0,12412,0.0000,vnc
IN06B032,0,10764,0.0000,vnc
IN06B033,0,9812,0.0000,vnc
IN06B035,0,18005,0.0000,vnc
IN06B036,0,11006,0.0000,vnc
IN06B038,0,8648,0.0000,vnc
IN06B040,0,8531,0.0000,vnc
IN06B042,0,15671,0.0000,vnc
IN06B043,0,16334,0.0000,vnc
IN06B047,0,38303,0.0000,vnc
IN06B049,0,7306,0.0000,vnc
IN06B050,0,6074,0.0000,vnc
IN06B052,0,8554,0.0000,vnc
IN06B053,0,6563,0.0000,vnc
IN06B054,0,4075,0.0000,vnc
IN06B055,0,7122,0.0000,vnc
IN06B056,0,14498,0.0000,vnc
IN06B058,0,8781,0.0000,vnc
IN06B059,0,26322,0.0000,vnc
IN06B061,0,12256,0.0000,vnc
IN06B062,0,1096,0.0000,vnc
IN06B063,0,18087,0.0000,vnc
IN06B064,0,10852,0.0000,vnc
IN06B065,0,1625,0.0000,vnc
IN06B066,0,25432,0.0000,vnc
IN06B067,0,6067,0.0000,vnc
IN06B069,0,10036,0.0000,vnc
IN06B070,0,8320,0.0000,vnc
IN06B071,0,7703,0.0000,vnc
IN06B072,0,5839,0.0000,vnc
IN06B073,0,20692,0.0000,vnc
IN06B074,0,4710,0.0000,vnc
IN06B076,0,5791,0.0000,vnc
IN06B077,0,13379,0.0000,vnc
IN06B078,0,8883,0.0000,vnc
IN06B079,0,7536,0.0000,vnc
IN06B080,0,8987,0.0000,vnc
IN06B081,0,4132,0.0000,vnc
IN06B082,0,3043,0.0000,vnc
IN06B083,0,4514,0.0000,vnc
IN06B085,0,5612,0.0000,vnc
IN06B086,0,3204,0.0000,vnc
IN06B087,0,6072,0.0000,vnc
IN06B088,0,7639,0.0000,vnc
IN07B001,0,49527,0.0000,vnc
IN07B002,0,55471,0.0000,vnc
IN07B006,0,39800,0.0000,vnc
IN07B007,0,39738,0.0000,vnc
IN07B008,0,10744,0.0000,vnc
IN07B009,0,22447,0.0000,vnc
IN07B010,0,17930,0.0000,vnc
IN07B012,0,21778,0.0000,vnc
IN07B013,0,12361,0.0000,vnc
IN07B014,0,5345,0.0000,vnc
IN07B016,0,10386,0.0000,vnc
IN07B019,0,6912,0.0000,vnc
IN07B020,0,12756,0.0000,vnc
IN07B022,0,6327,0.0000,vnc
IN07B023,0,10517,0.0000,vnc
IN07B026,0,6464,0.0000,vnc
IN07B027,0,4041,0.0000,vnc
IN07B028,0,3699,0.0000,vnc
IN07B029,0,15031,0.0000,vnc
IN07B030,0,7240,0.0000,vnc
IN07B031,0,6336,0.0000,vnc
IN07B032,0,3975,0.0000,vnc
IN07B033,0,11590,0.0000,vnc
IN07B034,0,6832,0.0000,vnc
IN07B038,0,8613,0.0000,vnc
IN07B039,0,7402,0.0000,vnc
IN07B044,0,7751,0.0000,vnc
IN07B045,0,1846,0.0000,vnc
IN07B047,0,3245,0.0000,vnc
IN07B048,0,6124,0.0000,vnc
IN07B051,0,2367,0.0000,vnc
IN07B053,0,3249,0.0000,vnc
IN07B054,0,15156,0.0000,vnc
IN07B055,0,11754,0.0000,vnc
IN07B058,0,6917,0.0000,vnc
IN07B059,0,3211,0.0000,vnc
IN07B061,0,19220,0.0000,vnc
IN07B063,250,3538,0.0660,vnc
IN07B064,0,3585,0.0000,vnc
IN07B065,0,9285,0.0000,vnc
IN07B066,0,8600,0.0000,vnc
IN07B067,0,6265,0.0000,vnc
IN07B068,0,8104,0.0000,vnc
IN07B073_a,0,5154,0.0000,vnc
IN07B073_b,0,4761,0.0000,vnc
IN07B073_c,0,3125,0.0000,vnc
IN07B073_d,0,1458,0.0000,vnc
IN07B073_e,0,2894,0.0000,vnc
IN07B073_f,0,424,0.0000,vnc
IN07B074,0,2321,0.0000,vnc
IN07B075,0,9210,0.0000,vnc
IN07B076_a,0,815,0.0000,vnc
IN07B076_b,0,2150,0.0000,vnc
IN07B076_c,0,2321,0.0000,vnc
IN07B076_d,0,2212,0.0000,vnc
IN07B077,0,4491,0.0000,vnc
IN07B079,0,6608,0.0000,vnc
IN07B080,0,9665,0.0000,vnc
IN07B081,0,10929,0.0000,vnc
IN07B083_a,0,1088,0.0000,vnc
IN07B083_b,0,3014,0.0000,vnc
IN07B083_c,0,1496,0.0000,vnc
IN07B083_d,0,1414,0.0000,vnc
IN07B084,0,4297,0.0000,vnc
IN07B086,0,11096,0.0000,vnc
IN07B087,0,6207,0.0000,vnc
IN07B090,0,5052,0.0000,vnc
IN07B092_a,0,3880,0.0000,vnc
IN07B092_b,0,1351,0.0000,vnc
IN07B092_c,0,2037,0.0000,vnc
IN07B092_d,0,1563,0.0000,vnc
IN07B092_e,0,715,0.0000,vnc
IN07B093,0,512,0.0000,vnc
IN07B094_a,0,1293,0.0000,vnc
IN07B094_b,0,3566,0.0000,vnc
IN07B094_c,0,592,0.0000,vnc
IN07B096_a,0,2463,0.0000,vnc
IN07B096_b,0,3085,0.0000,vnc
IN07B096_c,0,1711,0.0000,vnc
IN07B096_d,0,1059,0.0000,vnc
IN07B098,0,9624,0.0000,vnc
IN07B099,0,5170,0.0000,vnc
IN07B100,0,3361,0.0000,vnc
IN07B102,0,3852,0.0000,vnc
IN07B103,0,1274,0.0000,vnc
IN07B104,0,8587,0.0000,vnc
IN08A002,0,82553,0.0000,vnc
IN08A003,0,13681,0.0000,vnc
IN08A005,0,57495,0.0000,vnc
IN08A006,0,58922,0.0000,vnc
IN08A007,0,46367,0.0000,vnc
IN08A008,0,23519,0.0000,vnc
IN08A010,0,2536,0.0000,vnc
IN08A011,0,15930,0.0000,vnc
IN08A012,0,4128,0.0000,vnc
IN08A016,0,8755,0.0000,vnc
IN08A017,0,5427,0.0000,vnc
IN08A019,0,22400,0.0000,vnc
IN08A021,0,2830,0.0000,vnc
IN08A022,0,5950,0.0000,vnc
IN08A023,0,8837,0.0000,vnc
IN08A024,0,6162,0.0000,vnc
IN08A025,0,1365,0.0000,vnc
IN08A026,0,24073,0.0000,vnc
"IN08A026,IN08A033",0,2544,0.0000,vnc
IN08A027,0,5495,0.0000,vnc
IN08A028,0,13262,0.0000,vnc
IN08A029,0,6023,0.0000,vnc
IN08A030,0,7554,0.0000,vnc
IN08A031,0,11207,0.0000,vnc
IN08A032,0,9580,0.0000,vnc
IN08A034,0,8280,0.0000,vnc
IN08A035,0,5828,0.0000,vnc
IN08A036,0,12624,0.0000,vnc
IN08A037,0,12403,0.0000,vnc
IN08A038,0,5412,0.0000,vnc
IN08A039,0,2971,0.0000,vnc
IN08A040,0,3427,0.0000,vnc
IN08A041,0,5795,0.0000,vnc
IN08A042,0,1254,0.0000,vnc
IN08A043,0,15500,0.0000,vnc
IN08A044,0,1974,0.0000,vnc
IN08A045,0,5126,0.0000,vnc
IN08A046,0,5537,0.0000,vnc
IN08A047,0,8618,0.0000,vnc
IN08A048,0,7972,0.0000,vnc
IN08A049,0,2386,0.0000,vnc
IN08A050,0,4669,0.0000,vnc
IN08B001,0,18143,0.0000,vnc
IN08B003,0,20874,0.0000,vnc
IN08B004,0,16063,0.0000,vnc
IN08B006,0,14617,0.0000,vnc
IN08B008,0,8091,0.0000,vnc
IN08B017,0,9201,0.0000,vnc
IN08B019,0,8421,0.0000,vnc
IN08B021,89,5407,0.0162,vnc
IN08B029,0,3658,0.0000,vnc
IN08B030,0,8700,0.0000,vnc
IN08B033,0,1960,0.0000,vnc
IN08B035,0,3316,0.0000,vnc
IN08B036,0,4466,0.0000,vnc
IN08B037,0,7070,0.0000,vnc
IN08B038,0,1900,0.0000,vnc
IN08B039,0,2201,0.0000,vnc
IN08B040,0,5477,0.0000,vnc
IN08B042,0,6385,0.0000,vnc
IN08B045,0,2819,0.0000,vnc
IN08B046,0,3634,0.0000,vnc
IN08B051_a,0,9691,0.0000,vnc
IN08B051_b,0,4385,0.0000,vnc
IN08B051_c,0,4458,0.0000,vnc
IN08B051_d,0,10510,0.0000,vnc
IN08B051_e,0,3668,0.0000,vnc
IN08B052,0,1925,0.0000,vnc
IN08B054,0,19101,0.0000,vnc
IN08B055,0,5416,0.0000,vnc
IN08B056,0,11866,0.0000,vnc
IN08B058,0,6213,0.0000,vnc
IN08B060,0,3724,0.0000,vnc
IN08B062,0,7814,0.0000,vnc
IN08B063,0,4988,0.0000,vnc
IN08B064,0,5181,0.0000,vnc
IN08B065,0,9137,0.0000,vnc
IN08B067,0,4450,0.0000,vnc
IN08B068,0,11316,0.0000,vnc
IN08B070_a,0,1704,0.0000,vnc
IN08B070_b,0,2567,0.0000,vnc
IN08B072,0,4259,0.0000,vnc
IN08B073,0,4304,0.0000,vnc
IN08B075,0,3616,0.0000,vnc
IN08B076,0,1849,0.0000,vnc
IN08B077,0,3410,0.0000,vnc
IN08B078,0,7298,0.0000,vnc
IN08B080,0,3592,0.0000,vnc
IN08B082,0,6950,0.0000,vnc
IN08B083_a,0,5797,0.0000,vnc
IN08B083_b,0,3032,0.0000,vnc
IN08B083_c,0,3237,0.0000,vnc
IN08B083_d,0,4910,0.0000,vnc
IN08B085_a,0,10611,0.0000,vnc
IN08B087,0,5963,0.0000,vnc
IN08B088,0,3690,0.0000,vnc
IN08B090,0,2195,0.0000,vnc
IN08B091,0,8827,0.0000,vnc
IN08B092,0,4679,0.0000,vnc
IN08B093,0,7653,0.0000,vnc
IN08B104,0,4067,0.0000,vnc
IN08B105,0,593,0.0000,vnc
IN08B108,0,3607,0.0000,vnc
IN09A001,0,42104,0.0000,vnc
IN09A002,0,58252,0.0000,vnc
IN09A003,0,49607,0.0000,vnc
IN09A004,0,18737,0.0000,vnc
IN09A005,0,6257,0.0000,vnc
IN09A006,0,47287,0.0000,vnc
IN09A007,0,20021,0.0000,vnc
IN09A009,0,15839,0.0000,vnc
IN09A010,0,25488,0.0000,vnc
IN09A011,0,11838,0.0000,vnc
IN09A012,0,10476,0.0000,vnc
IN09A013,0,21777,0.0000,vnc
IN09A014,0,12414,0.0000,vnc
IN09A015,0,5600,0.0000,vnc
IN09A016,0,24509,0.0000,vnc
IN09A017,0,8079,0.0000,vnc
IN09A018,0,9189,0.0000,vnc
IN09A019,0,9601,0.0000,vnc
IN09A020,0,11976,0.0000,vnc
IN09A021,0,8992,0.0000,vnc
IN09A022,0,17916,0.0000,vnc
IN09A023,0,7281,0.0000,vnc
IN09A024,0,10826,0.0000,vnc
"IN09A025,IN09A026",0,5178,0.0000,vnc
IN09A026,0,5028,0.0000,vnc
IN09A027,0,8894,0.0000,vnc
IN09A028,0,2873,0.0000,vnc
IN09A029,0,6560,0.0000,vnc
IN09A030,0,3835,0.0000,vnc
IN09A031,0,7394,0.0000,vnc
IN09A032,0,4772,0.0000,vnc
IN09A033,0,5815,0.0000,vnc
IN09A034,0,3178,0.0000,vnc
IN09A035,0,1619,0.0000,vnc
IN09A037,0,3298,0.0000,vnc
IN09A038,0,2524,0.0000,vnc
IN09A039,0,18910,0.0000,vnc
IN09A041,0,1300,0.0000,vnc
IN09A042,0,3655,0.0000,vnc
IN09A043,0,13946,0.0000,vnc
IN09A044,0,4397,0.0000,vnc
IN09A045,0,3164,0.0000,vnc
IN09A046,0,8858,0.0000,vnc
IN09A047,0,7308,0.0000,vnc
IN09A048,0,2205,0.0000,vnc
IN09A049,0,3127,0.0000,vnc
IN09A050,0,5218,0.0000,vnc
IN09A051,0,1433,0.0000,vnc
IN09A052,0,3088,0.0000,vnc
IN09A053,0,4599,0.0000,vnc
IN09A054,0,3755,0.0000,vnc
IN09A055,0,8740,0.0000,vnc
IN09A056,0,1665,0.0000,vnc
"IN09A056,IN09A072",0,7082,0.0000,vnc
IN09A057,0,4368,0.0000,vnc
IN09A058,0,2554,0.0000,vnc
IN09A059,0,986,0.0000,vnc
IN09A060,0,9900,0.0000,vnc
IN09A061,0,885,0.0000,vnc
IN09A062,0,620,0.0000,vnc
IN09A063,0,2710,0.0000,vnc
IN09A064,0,6446,0.0000,vnc
IN09A065,0,1007,0.0000,vnc
IN09A066,0,3333,0.0000,vnc
IN09A067,0,1276,0.0000,vnc
IN09A068,0,782,0.0000,vnc
IN09A069,0,3081,0.0000,vnc
IN09A070,0,4028,0.0000,vnc
IN09A071,0,3163,0.0000,vnc
IN09A073,0,2494,0.0000,vnc
IN09A074,0,4792,0.0000,vnc
IN09A075,0,1584,0.0000,vnc
IN09A076,0,1839,0.0000,vnc
IN09A077,0,1473,0.0000,vnc
IN09A078,0,3064,0.0000,vnc
IN09A079,0,6866,0.0000,vnc
"IN09A080,IN09A085",0,2170,0.0000,vnc
IN09A081,0,2757,0.0000,vnc
IN09A082,0,2041,0.0000,vnc
IN09A083,0,1795,0.0000,vnc
IN09A084,0,1408,0.0000,vnc
IN09A086,0,5022,0.0000,vnc
IN09A087,0,2780,0.0000,vnc
IN09A088,0,2603,0.0000,vnc
IN09A089,0,1438,0.0000,vnc
IN09A090,0,2224,0.0000,vnc
IN09A091,0,4260,0.0000,vnc
IN09A092,0,5066,0.0000,vnc
IN09A093,0,8439,0.0000,vnc
IN09A094,0,4330,0.0000,vnc
IN09A095,0,5637,0.0000,vnc
IN09A096,0,1330,0.0000,vnc
IN09B005,0,31681,0.0000,vnc
IN09B006,0,13022,0.0000,vnc
IN09B008,0,30311,0.0000,vnc
IN09B014,0,22124,0.0000,vnc
IN09B018,0,4675,0.0000,vnc
IN09B022,0,23264,0.0000,vnc
IN09B038,0,20069,0.0000,vnc
IN09B043,0,9172,0.0000,vnc
IN09B044,0,5081,0.0000,vnc
IN09B045,0,8917,0.0000,vnc
IN09B046,0,8633,0.0000,vnc
IN09B047,0,8559,0.0000,vnc
IN09B048,0,1735,0.0000,vnc
IN09B049,0,4469,0.0000,vnc
IN09B050,0,2252,0.0000,vnc
IN09B052_a,0,917,0.0000,vnc
IN09B052_b,0,904,0.0000,vnc
IN09B053,0,1365,0.0000,vnc
IN09B054,0,2133,0.0000,vnc
IN09B055,0,696,0.0000,vnc
IN09B058,0,829,0.0000,vnc
IN10B001,0,13851,0.0000,vnc
IN10B002,0,6471,0.0000,vnc
IN10B003,0,18075,0.0000,vnc
IN10B004,0,14196,0.0000,vnc
IN10B006,0,10640,0.0000,vnc
IN10B007,314,14651,0.0210,vnc
IN10B010,0,7633,0.0000,vnc
IN10B011,0,23833,0.0000,vnc
IN10B012,0,17422,0.0000,vnc
IN10B013,0,6811,0.0000,vnc
IN10B014,0,22646,0.0000,vnc
IN10B016,0,8957,0.0000,vnc
IN10B023,0,13150,0.0000,vnc
IN10B028,0,12671,0.0000,vnc
IN10B030,0,6213,0.0000,vnc
IN10B031,0,3563,0.0000,vnc
IN10B032,0,13298,0.0000,vnc
IN10B033,0,7847,0.0000,vnc
IN10B034,0,441,0.0000,vnc
IN10B036,0,3132,0.0000,vnc
IN10B038,0,4358,0.0000,vnc
IN10B040,0,4170,0.0000,vnc
IN10B041,0,12186,0.0000,vnc
IN10B042,0,15141,0.0000,vnc
IN10B043,0,3014,0.0000,vnc
IN10B044,0,9837,0.0000,vnc
IN10B050,0,7232,0.0000,vnc
IN10B052,0,3800,0.0000,vnc
IN10B054,0,4937,0.0000,vnc
IN10B055,0,9722,0.0000,vnc
IN10B057,0,19330,0.0000,vnc
IN10B058,119,17659,0.0067,vnc
IN10B059,0,8702,0.0000,vnc
IN11A001,0,31052,0.0000,vnc
IN11A002,0,9635,0.0000,vnc
IN11A003,0,16663,0.0000,vnc
IN11A004,0,4757,0.0000,vnc
IN11A005,0,8041,0.0000,vnc
IN11A006,0,7428,0.0000,vnc
IN11A007,0,8979,0.0000,vnc
IN11A008,0,11120,0.0000,vnc
IN11A009,0,2305,0.0000,vnc
IN11A010,0,4302,0.0000,vnc
IN11A011,0,8314,0.0000,vnc
IN11A012,0,6494,0.0000,vnc
IN11A013,0,3740,0.0000,vnc
IN11A014,0,7698,0.0000,vnc
"IN11A015,IN11A027",0,4737,0.0000,vnc
IN11A016,0,7972,0.0000,vnc
IN11A017,0,3528,0.0000,vnc
IN11A018,0,4989,0.0000,vnc
IN11A019,0,6656,0.0000,vnc
IN11A020,0,18721,0.0000,vnc
IN11A021,0,19221,0.0000,vnc
IN11A022,0,12422,0.0000,vnc
IN11A025,0,10016,0.0000,vnc
IN11A026,0,2085,0.0000,vnc
IN11A027_a,0,1852,0.0000,vnc
IN11A027_b,0,1711,0.0000,vnc
IN11A027_c,0,2064,0.0000,vnc
IN11A028,0,15709,0.0000,vnc
IN11A030,0,6028,0.0000,vnc
IN11A031,0,6544,0.0000,vnc
IN11A032_a,0,5290,0.0000,vnc
IN11A032_b,0,2582,0.0000,vnc
IN11A032_c,0,4300,0.0000,vnc
IN11A032_d,0,7226,0.0000,vnc
IN11A032_e,0,5375,0.0000,vnc
IN11A034,0,3338,0.0000,vnc
IN11A035,0,4503,0.0000,vnc
IN11A036,0,2694,0.0000,vnc
IN11A037_a,0,3901,0.0000,vnc
IN11A037_b,0,3610,0.0000,vnc
IN11A039,0,1282,0.0000,vnc
IN11A040,0,1793,0.0000,vnc
IN11A041,0,2111,0.0000,vnc
IN11A042,0,2122,0.0000,vnc
IN11A043,0,2222,0.0000,vnc
IN11A044,0,1233,0.0000,vnc
IN11A046,0,5903,0.0000,vnc
IN11A047,0,4685,0.0000,vnc
IN11A048,0,3420,0.0000,vnc
IN11A049,0,3946,0.0000,vnc
IN11B001,0,13882,0.0000,vnc
IN11B002,0,8974,0.0000,vnc
IN11B003,0,3918,0.0000,vnc
IN11B004,0,10020,0.0000,vnc
IN11B005,0,7855,0.0000,vnc
IN11B009,0,5296,0.0000,vnc
IN11B011,0,4739,0.0000,vnc
IN11B012,0,8599,0.0000,vnc
IN11B013,0,16665,0.0000,vnc
IN11B014,0,10889,0.0000,vnc
IN11B015,0,7323,0.0000,vnc
IN11B016_a,0,1926,0.0000,vnc
IN11B016_b,0,2799,0.0000,vnc
IN11B016_c,0,1515,0.0000,vnc
IN11B017_a,0,4888,0.0000,vnc
IN11B017_b,0,13021,0.0000,vnc
IN11B018,0,10054,0.0000,vnc
IN11B019,0,4915,0.0000,vnc
IN11B020,0,5042,0.0000,vnc
IN11B021_a,0,1565,0.0000,vnc
IN11B021_b,0,2328,0.0000,vnc
IN11B021_c,0,2090,0.0000,vnc
IN11B021_d,0,1363,0.0000,vnc
IN11B021_e,0,2633,0.0000,vnc
IN11B022_a,0,2513,0.0000,vnc
IN11B022_b,0,1535,0.0000,vnc
IN11B022_c,0,5780,0.0000,vnc
IN11B022_d,0,1034,0.0000,vnc
IN11B022_e,0,1904,0.0000,vnc
IN11B023,0,5070,0.0000,vnc
IN11B024_a,0,2816,0.0000,vnc
IN11B024_b,0,6665,0.0000,vnc
IN11B024_c,0,6621,0.0000,vnc
IN11B025,0,6951,0.0000,vnc
IN12A001,0,24879,0.0000,vnc
IN12A002,0,21085,0.0000,vnc
IN12A003,0,19062,0.0000,vnc
IN12A004,0,13831,0.0000,vnc
IN12A005,0,11352,0.0000,vnc
IN12A006,0,9329,0.0000,vnc
IN12A007,0,7874,0.0000,vnc
IN12A008,0,9067,0.0000,vnc
IN12A009,0,11114,0.0000,vnc
IN12A010,0,7435,0.0000,vnc
IN12A011,0,11978,0.0000,vnc
IN12A012,0,16232,0.0000,vnc
IN12A013,0,3666,0.0000,vnc
IN12A015,0,11336,0.0000,vnc
IN12A016,0,4101,0.0000,vnc
IN12A018,0,9210,0.0000,vnc
IN12A019_a,0,3155,0.0000,vnc
IN12A019_b,0,3911,0.0000,vnc
IN12A019_c,0,4072,0.0000,vnc
IN12A021_a,0,4078,0.0000,vnc
IN12A021_b,0,4186,0.0000,vnc
IN12A021_c,0,4148,0.0000,vnc
IN12A024,0,6021,0.0000,vnc
IN12A025,0,8537,0.0000,vnc
IN12A026,0,4834,0.0000,vnc
IN12A027,0,9323,0.0000,vnc
IN12A029_a,0,3630,0.0000,vnc
IN12A029_b,0,3289,0.0000,vnc
IN12A030,0,11809,0.0000,vnc
IN12A031,0,3184,0.0000,vnc
IN12A034,0,3832,0.0000,vnc
IN12A035,0,8162,0.0000,vnc
IN12A036,0,15674,0.0000,vnc
IN12A037,0,5696,0.0000,vnc
IN12A039,0,9536,0.0000,vnc
IN12A041,0,6662,0.0000,vnc
IN12A042,0,7979,0.0000,vnc
IN12A043_a,0,4305,0.0000,vnc
IN12A043_b,0,1036,0.0000,vnc
IN12A043_c,0,2112,0.0000,vnc
IN12A043_d,0,2788,0.0000,vnc
IN12A044,0,15424,0.0000,vnc
IN12A046_a,0,1387,0.0000,vnc
IN12A046_b,0,1801,0.0000,vnc
IN12A048,0,5044,0.0000,vnc
IN12A050_a,0,2613,0.0000,vnc
IN12A050_b,0,5356,0.0000,vnc
IN12A052_a,0,2666,0.0000,vnc
IN12A052_b,0,7627,0.0000,vnc
IN12A053_a,0,3051,0.0000,vnc
IN12A053_b,0,2569,0.0000,vnc
IN12A053_c,0,5146,0.0000,vnc
IN12A054,0,17469,0.0000,vnc
IN12A055,0,2050,0.0000,vnc
IN12A056,0,2810,0.0000,vnc
IN12A057_a,0,6746,0.0000,vnc
IN12A057_b,0,2896,0.0000,vnc
IN12A058,0,4015,0.0000,vnc
IN12A059_a,0,2205,0.0000,vnc
IN12A059_b,0,1902,0.0000,vnc
IN12A059_c,0,1917,0.0000,vnc
IN12A059_d,0,2362,0.0000,vnc
IN12A059_e,0,5087,0.0000,vnc
IN12A059_f,0,2154,0.0000,vnc
IN12A059_g,0,2620,0.0000,vnc
IN12A060_a,0,2355,0.0000,vnc
IN12A060_b,0,2487,0.0000,vnc
IN12A061_a,0,4118,0.0000,vnc
IN12A061_c,0,4394,0.0000,vnc
IN12A061_d,0,3337,0.0000,vnc
IN12A062,0,4204,0.0000,vnc
IN12A063_a,0,1610,0.0000,vnc
IN12A063_b,0,4640,0.0000,vnc
IN12A063_c,0,3352,0.0000,vnc
IN12A063_d,0,1490,0.0000,vnc
IN12A063_e,0,1664,0.0000,vnc
IN12A064,0,2291,0.0000,vnc
IN12B002,0,47355,0.0000,vnc
IN12B003,0,45716,0.0000,vnc
IN12B004,0,5884,0.0000,vnc
IN12B005,0,14029,0.0000,vnc
IN12B007,0,36551,0.0000,vnc
IN12B009,0,8503,0.0000,vnc
IN12B010,0,6815,0.0000,vnc
IN12B011,0,20835,0.0000,vnc
IN12B012,0,32634,0.0000,vnc
IN12B013,0,9915,0.0000,vnc
IN12B014,0,10837,0.0000,vnc
IN12B015,0,10360,0.0000,vnc
IN12B016,0,4324,0.0000,vnc
IN12B018,0,23158,0.0000,vnc
IN12B020,0,14662,0.0000,vnc
IN12B021,0,1345,0.0000,vnc
IN12B022,0,8340,0.0000,vnc
IN12B023,0,8739,0.0000,vnc
IN12B024_a,0,12158,0.0000,vnc
IN12B024_b,0,10971,0.0000,vnc
IN12B024_c,0,12254,0.0000,vnc
IN12B025,0,16758,0.0000,vnc
IN12B026,0,8171,0.0000,vnc
IN12B027,0,19014,0.0000,vnc
IN12B028,0,6249,0.0000,vnc
IN12B029,0,4293,0.0000,vnc
IN12B030,0,15893,0.0000,vnc
IN12B031,0,12854,0.0000,vnc
IN12B032,0,4355,0.0000,vnc
IN12B033,0,7326,0.0000,vnc
IN12B034,0,14066,0.0000,vnc
IN12B035,0,4667,0.0000,vnc
IN12B036,0,18506,0.0000,vnc
IN12B037_a,0,2629,0.0000,vnc
IN12B037_b,0,3044,0.0000,vnc
IN12B037_c,0,3790,0.0000,vnc
IN12B037_d,0,2007,0.0000,vnc
IN12B037_e,0,2495,0.0000,vnc
IN12B037_f,0,3316,0.0000,vnc
IN12B038,0,5133,0.0000,vnc
IN12B039,0,9569,0.0000,vnc
IN12B040,0,5330,0.0000,vnc
IN12B041,0,4874,0.0000,vnc
IN12B042,0,3185,0.0000,vnc
IN12B043,0,7295,0.0000,vnc
IN12B044_a,0,1403,0.0000,vnc
IN12B044_b,0,1368,0.0000,vnc
IN12B044_c,0,1387,0.0000,vnc
IN12B044_d,0,989,0.0000,vnc
IN12B044_e,0,2993,0.0000,vnc
IN12B045,0,3262,0.0000,vnc
IN12B046,0,1793,0.0000,vnc
IN12B047,0,3386,0.0000,vnc
IN12B048,0,6527,0.0000,vnc
IN12B049,0,4690,0.0000,vnc
IN12B050,0,1522,0.0000,vnc
IN12B051,0,4154,0.0000,vnc
IN12B052,0,8319,0.0000,vnc
IN12B053,0,5709,0.0000,vnc
IN12B054,0,6240,0.0000,vnc
IN12B056,0,7806,0.0000,vnc
IN12B057,0,2119,0.0000,vnc
IN12B058,0,4023,0.0000,vnc
IN12B059,0,7506,0.0000,vnc
IN12B060,0,853,0.0000,vnc
IN12B061,0,1718,0.0000,vnc
IN12B062,0,2895,0.0000,vnc
IN12B063_a,0,1477,0.0000,vnc
IN12B063_b,0,2045,0.0000,vnc
IN12B063_c,0,6019,0.0000,vnc
IN12B064,0,725,0.0000,vnc
IN12B065,0,5407,0.0000,vnc
IN12B066_a,0,1151,0.0000,vnc
IN12B066_b,0,975,0.0000,vnc
IN12B066_c,0,2495,0.0000,vnc
IN12B066_d,0,2324,0.0000,vnc
IN12B066_e,0,2088,0.0000,vnc
IN12B066_f,0,1680,0.0000,vnc
IN12B066_g,0,575,0.0000,vnc
IN12B068_a,0,6790,0.0000,vnc
IN12B068_b,0,3285,0.0000,vnc
IN12B068_c,0,1131,0.0000,vnc
IN12B069,0,5781,0.0000,vnc
IN12B070,0,1432,0.0000,vnc
IN12B071,0,5015,0.0000,vnc
IN12B072,0,13729,0.0000,vnc
IN12B073,0,3762,0.0000,vnc
IN12B074,0,5905,0.0000,vnc
IN12B075,0,4286,0.0000,vnc
IN12B077,0,3618,0.0000,vnc
IN12B078,0,3101,0.0000,vnc
IN12B079_a,0,1355,0.0000,vnc
IN12B079_b,0,1163,0.0000,vnc
IN12B079_c,0,2240,0.0000,vnc
IN12B079_d,0,1208,0.0000,vnc
IN12B081,0,3102,0.0000,vnc
IN12B082,0,1556,0.0000,vnc
IN12B083,0,1129,0.0000,vnc
IN12B084,0,1530,0.0000,vnc
IN12B085,0,1227,0.0000,vnc
IN12B086,0,3412,0.0000,vnc
IN12B087,0,3308,0.0000,vnc
IN12B088,0,3205,0.0000,vnc
IN12B090,0,758,0.0000,vnc
IN12B091,0,397,0.0000,vnc
IN12B092,0,1082,0.0000,vnc
IN13A001,0,90189,0.0000,vnc
IN13A002,0,33695,0.0000,vnc
IN13A003,0,56315,0.0000,vnc
IN13A004,0,32625,0.0000,vnc
IN13A005,0,47191,0.0000,vnc
IN13A006,0,35601,0.0000,vnc
IN13A007,0,33027,0.0000,vnc
IN13A008,0,20549,0.0000,vnc
IN13A009,0,39118,0.0000,vnc
IN13A010,0,21834,0.0000,vnc
IN13A011,0,7068,0.0000,vnc
IN13A012,0,23621,0.0000,vnc
IN13A013,0,17922,0.0000,vnc
IN13A014,0,39882,0.0000,vnc
IN13A015,0,12667,0.0000,vnc
IN13A017,0,5523,0.0000,vnc
IN13A018,0,11907,0.0000,vnc
IN13A019,0,15587,0.0000,vnc
IN13A020,0,15268,0.0000,vnc
IN13A021,0,14104,0.0000,vnc
IN13A022,0,13545,0.0000,vnc
IN13A023,0,10656,0.0000,vnc
IN13A024,0,6449,0.0000,vnc
IN13A025,0,8734,0.0000,vnc
IN13A026,0,3024,0.0000,vnc
IN13A027,0,4818,0.0000,vnc
IN13A028,0,13940,0.0000,vnc
IN13A029,0,8052,0.0000,vnc
IN13A030,0,12115,0.0000,vnc
IN13A031,0,3157,0.0000,vnc
IN13A032,0,5293,0.0000,vnc
IN13A033,0,2948,0.0000,vnc
IN13A034,0,15116,0.0000,vnc
IN13A035,0,11224,0.0000,vnc
IN13A036,0,3971,0.0000,vnc
IN13A037,0,4602,0.0000,vnc
IN13A038,0,21987,0.0000,vnc
IN13A039,0,1634,0.0000,vnc
IN13A040,0,13328,0.0000,vnc
IN13A041,0,6236,0.0000,vnc
IN13A042,0,7910,0.0000,vnc
IN13A043,0,1984,0.0000,vnc
IN13A044,0,3165,0.0000,vnc
IN13A045,0,21426,0.0000,vnc
IN13A046,0,4369,0.0000,vnc
IN13A047,0,3446,0.0000,vnc
IN13A049,0,5671,0.0000,vnc
IN13A050,0,18097,0.0000,vnc
IN13A051,0,16143,0.0000,vnc
IN13A052,0,5991,0.0000,vnc
IN13A053,0,5914,0.0000,vnc
IN13A054,0,9615,0.0000,vnc
IN13A055,0,3259,0.0000,vnc
IN13A056,0,759,0.0000,vnc
IN13A057,0,13031,0.0000,vnc
IN13A058,0,3427,0.0000,vnc
IN13A059,0,5153,0.0000,vnc
IN13A060,0,3422,0.0000,vnc
IN13A061,0,1279,0.0000,vnc
IN13A062,0,9425,0.0000,vnc
IN13A063,0,2765,0.0000,vnc
IN13A064,0,1459,0.0000,vnc
IN13A065,0,1893,0.0000,vnc
IN13A067,0,1998,0.0000,vnc
IN13A068,0,10795,0.0000,vnc
IN13A069,0,2056,0.0000,vnc
IN13A071,0,803,0.0000,vnc
IN13A072,0,1933,0.0000,vnc
IN13A073,0,33,0.0000,vnc
IN13A074,0,2513,0.0000,vnc
IN13A075,0,2353,0.0000,vnc
IN13B001,0,40041,0.0000,vnc
IN13B004,0,64168,0.0000,vnc
IN13B005,0,45196,0.0000,vnc
IN13B006,0,24011,0.0000,vnc
IN13B007,0,19332,0.0000,vnc
IN13B008,0,9357,0.0000,vnc
IN13B009,0,24572,0.0000,vnc
IN13B010,0,21085,0.0000,vnc
IN13B011,0,22775,0.0000,vnc
IN13B012,0,40859,0.0000,vnc
IN13B013,0,20863,0.0000,vnc
IN13B014,0,21955,0.0000,vnc
IN13B015,0,3728,0.0000,vnc
IN13B017,0,9118,0.0000,vnc
IN13B018,0,17484,0.0000,vnc
IN13B019,0,11277,0.0000,vnc
IN13B020,0,6284,0.0000,vnc
IN13B021,0,15540,0.0000,vnc
IN13B022,0,25592,0.0000,vnc
IN13B023,0,7482,0.0000,vnc
IN13B024,0,4250,0.0000,vnc
IN13B025,0,21387,0.0000,vnc
IN13B026,0,21555,0.0000,vnc
IN13B027,0,15888,0.0000,vnc
IN13B028,0,7537,0.0000,vnc
IN13B029,0,7095,0.0000,vnc
IN13B030,0,6660,0.0000,vnc
IN13B031,0,3819,0.0000,vnc
IN13B032,0,6566,0.0000,vnc
IN13B033,0,9223,0.0000,vnc
IN13B034,0,8940,0.0000,vnc
IN13B035,0,7167,0.0000,vnc
IN13B036,0,4901,0.0000,vnc
IN13B037,0,5070,0.0000,vnc
IN13B038,0,4295,0.0000,vnc
IN13B039,0,2199,0.0000,vnc
IN13B040,0,1532,0.0000,vnc
IN13B041,0,1959,0.0000,vnc
IN13B042,0,4944,0.0000,vnc
IN13B043,0,2279,0.0000,vnc
IN13B044,0,7675,0.0000,vnc
IN13B045,0,5872,0.0000,vnc
IN13B046,0,4065,0.0000,vnc
IN13B048,0,3228,0.0000,vnc
IN13B049,0,3468,0.0000,vnc
IN13B050,0,7655,0.0000,vnc
IN13B051,0,1985,0.0000,vnc
IN13B052,0,4279,0.0000,vnc
IN13B053,0,1925,0.0000,vnc
IN13B054,0,6380,0.0000,vnc
IN13B055,0,2045,0.0000,vnc
IN13B056,0,12972,0.0000,vnc
IN13B057,0,5076,0.0000,vnc
IN13B058,0,8242,0.0000,vnc
IN13B059,0,1085,0.0000,vnc
IN13B060,0,3991,0.0000,vnc
IN13B061,0,2740,0.0000,vnc
IN13B062,0,2783,0.0000,vnc
IN13B063,0,1472,0.0000,vnc
IN13B064,0,5047,0.0000,vnc
IN13B065,0,3102,0.0000,vnc
IN13B066,0,1312,0.0000,vnc
IN13B067,0,2092,0.0000,vnc
IN13B068,0,1761,0.0000,vnc
IN13B069,0,2264,0.0000,vnc
IN13B070,0,7187,0.0000,vnc
IN13B071,0,441,0.0000,vnc
IN13B072,0,469,0.0000,vnc
IN13B073,0,2508,0.0000,vnc
IN13B074,0,4933,0.0000,vnc
IN13B075,0,1171,0.0000,vnc
IN13B076,0,2686,0.0000,vnc
IN13B077,0,2597,0.0000,vnc
IN13B078,0,9178,0.0000,vnc
IN13B079,0,4734,0.0000,vnc
IN13B080,0,2702,0.0000,vnc
IN13B081,0,839,0.0000,vnc
IN13B082,0,1158,0.0000,vnc
IN13B084,0,1900,0.0000,vnc
IN13B085,0,1108,0.0000,vnc
IN13B087,0,4588,0.0000,vnc
IN13B088,0,2002,0.0000,vnc
IN13B089,0,1780,0.0000,vnc
IN13B090,0,7913,0.0000,vnc
IN13B091,0,257,0.0000,vnc
IN13B093,0,3600,0.0000,vnc
IN13B094,0,645,0.0000,vnc
IN13B096_a,0,749,0.0000,vnc
IN13B096_b,0,589,0.0000,vnc
IN13B097,0,2186,0.0000,vnc
IN13B098,0,2033,0.0000,vnc
IN13B099,0,798,0.0000,vnc
IN13B100,0,575,0.0000,vnc
IN13B102,0,807,0.0000,vnc
IN13B103,0,4222,0.0000,vnc
IN13B104,0,8499,0.0000,vnc
IN13B105,0,8782,0.0000,vnc
IN14A001,0,22951,0.0000,vnc
IN14A002,0,51456,0.0000,vnc
IN14A004,0,36358,0.0000,vnc
IN14A005,0,24994,0.0000,vnc
IN14A006,0,24307,0.0000,vnc
IN14A007,0,22091,0.0000,vnc
IN14A008,0,15392,0.0000,vnc
IN14A009,0,25115,0.0000,vnc
IN14A010,0,17617,0.0000,vnc
IN14A011,0,18283,0.0000,vnc
IN14A012,0,16611,0.0000,vnc
IN14A013,0,12912,0.0000,vnc
IN14A014,0,9851,0.0000,vnc
IN14A015,0,14334,0.0000,vnc
IN14A016,0,3655,0.0000,vnc
IN14A017,0,6438,0.0000,vnc
IN14A018,0,7347,0.0000,vnc
IN14A020,0,15199,0.0000,vnc
IN14A021,0,4379,0.0000,vnc
IN14A022,0,1560,0.0000,vnc
IN14A023,0,9657,0.0000,vnc
IN14A024,0,7916,0.0000,vnc
IN14A025,0,5867,0.0000,vnc
IN14A026,0,1998,0.0000,vnc
IN14A028,0,4077,0.0000,vnc
IN14A029,0,9455,0.0000,vnc
IN14A030,0,1408,0.0000,vnc
IN14A031,0,2056,0.0000,vnc
IN14A032,0,3508,0.0000,vnc
IN14A033,0,989,0.0000,vnc
IN14A034,0,3662,0.0000,vnc
IN14A035,0,1615,0.0000,vnc
IN14A036,0,2299,0.0000,vnc
IN14A037,0,4571,0.0000,vnc
IN14A038,0,3718,0.0000,vnc
IN14A039,0,2887,0.0000,vnc
IN14A040,0,2221,0.0000,vnc
IN14A041,0,656,0.0000,vnc
"IN14A042,IN14A047",0,7655,0.0000,vnc
IN14A043,0,4103,0.0000,vnc
IN14A044,0,4693,0.0000,vnc
IN14A045,0,2178,0.0000,vnc
IN14A046,0,1309,0.0000,vnc
IN14A047,0,849,0.0000,vnc
"IN14A048,IN14A102",0,1847,0.0000,vnc
IN14A050,0,2801,0.0000,vnc
IN14A051,0,2701,0.0000,vnc
IN14A052,0,7706,0.0000,vnc
IN14A053,0,526,0.0000,vnc
IN14A054,0,641,0.0000,vnc
IN14A055,0,1146,0.0000,vnc
IN14A056,0,3872,0.0000,vnc
IN14A057,0,1145,0.0000,vnc
IN14A058,0,4640,0.0000,vnc
IN14A059,0,921,0.0000,vnc
IN14A061,0,403,0.0000,vnc
IN14A062,0,2223,0.0000,vnc
IN14A063,0,1831,0.0000,vnc
IN14A064,0,1246,0.0000,vnc
IN14A065,0,947,0.0000,vnc
IN14A066,0,2764,0.0000,vnc
IN14A068,0,1268,0.0000,vnc
IN14A069,0,553,0.0000,vnc
IN14A070,0,846,0.0000,vnc
IN14A072,0,2010,0.0000,vnc
IN14A074,0,4461,0.0000,vnc
IN14A075,0,700,0.0000,vnc
IN14A076,0,3363,0.0000,vnc
IN14A077,0,3028,0.0000,vnc
IN14A078,0,7611,0.0000,vnc
IN14A079,0,1741,0.0000,vnc
IN14A080,0,1997,0.0000,vnc
IN14A081,0,2102,0.0000,vnc
IN14A082,0,1756,0.0000,vnc
IN14A084,0,686,0.0000,vnc
IN14A085_a,0,1316,0.0000,vnc
IN14A085_b,0,1316,0.0000,vnc
IN14A086,0,3486,0.0000,vnc
IN14A087,0,2069,0.0000,vnc
IN14A088,0,917,0.0000,vnc
IN14A089,0,711,0.0000,vnc
IN14A090,0,5454,0.0000,vnc
IN14A091,0,920,0.0000,vnc
IN14A093,0,1337,0.0000,vnc
IN14A095,0,3070,0.0000,vnc
IN14A096,0,1841,0.0000,vnc
IN14A097,0,1943,0.0000,vnc
IN14A098,0,1441,0.0000,vnc
IN14A099,0,1146,0.0000,vnc
"IN14A100,IN14A113",0,1305,0.0000,vnc
IN14A101,0,335,0.0000,vnc
IN14A102,0,191,0.0000,vnc
IN14A103,0,564,0.0000,vnc
IN14A104,0,2254,0.0000,vnc
IN14A105,0,2873,0.0000,vnc
IN14A106,0,1257,0.0000,vnc
IN14A107,0,2287,0.0000,vnc
IN14A108,0,3594,0.0000,vnc
IN14A109,0,3114,0.0000,vnc
IN14A110,0,2830,0.0000,vnc
IN14A111,0,1270,0.0000,vnc
IN14A114,0,1492,0.0000,vnc
IN14A115,0,321,0.0000,vnc
IN14A116,0,320,0.0000,vnc
IN14A117,0,338,0.0000,vnc
IN14A118,0,2613,0.0000,vnc
IN14A119,0,1353,0.0000,vnc
IN14A120,0,2041,0.0000,vnc
IN14A121_a,0,872,0.0000,vnc
IN14A121_b,0,867,0.0000,vnc
IN14A123,0,151,0.0000,vnc
IN14B001,0,11366,0.0000,vnc
IN14B002,0,6316,0.0000,vnc
IN14B003,0,6710,0.0000,vnc
IN14B004,0,7482,0.0000,vnc
IN14B005,0,14822,0.0000,vnc
IN14B006,0,7305,0.0000,vnc
IN14B007,0,16449,0.0000,vnc
IN14B008,0,3624,0.0000,vnc
IN14B009,0,4204,0.0000,vnc
IN14B010,0,8802,0.0000,vnc
IN14B011,0,4454,0.0000,vnc
IN14B012,0,4176,0.0000,vnc
IN16B014,0,10012,0.0000,vnc
IN16B016,0,42472,0.0000,vnc
IN16B018,0,39490,0.0000,vnc
IN16B020,0,36862,0.0000,vnc
IN16B022,0,14926,0.0000,vnc
IN16B024,0,9343,0.0000,vnc
IN16B029,0,21885,0.0000,vnc
IN16B030,0,20890,0.0000,vnc
IN16B032,0,19548,0.0000,vnc
IN16B033,0,20058,0.0000,vnc
IN16B034,0,3576,0.0000,vnc
IN16B036,0,18535,0.0000,vnc
IN16B037,0,8298,0.0000,vnc
IN16B038,0,3453,0.0000,vnc
IN16B039,0,7006,0.0000,vnc
IN16B040,0,3903,0.0000,vnc
IN16B041,0,13780,0.0000,vnc
IN16B042,0,25129,0.0000,vnc
IN16B045,0,22137,0.0000,vnc
IN16B046,0,1862,0.0000,vnc
IN16B047,0,1741,0.0000,vnc
IN16B048,0,1508,0.0000,vnc
IN16B049,0,10907,0.0000,vnc
IN16B050,0,2161,0.0000,vnc
IN16B051,0,3165,0.0000,vnc
IN16B052,0,9856,0.0000,vnc
IN16B053,0,6893,0.0000,vnc
IN16B054,0,2580,0.0000,vnc
IN16B055,0,7066,0.0000,vnc
IN16B056,0,3629,0.0000,vnc
IN16B057,0,1476,0.0000,vnc
IN16B058,0,5074,0.0000,vnc
IN16B059,0,2630,0.0000,vnc
IN16B060,0,4348,0.0000,vnc
IN16B061,0,10235,0.0000,vnc
IN16B062,0,4526,0.0000,vnc
IN16B063,0,4131,0.0000,vnc
IN16B064,0,3038,0.0000,vnc
IN16B065,0,1329,0.0000,vnc
IN16B066,0,1458,0.0000,vnc
IN16B068_a,0,2398,0.0000,vnc
IN16B068_b,0,2422,0.0000,vnc
IN16B068_c,0,2397,0.0000,vnc
IN16B069,0,6443,0.0000,vnc
IN16B070,0,4027,0.0000,vnc
IN16B071,0,4701,0.0000,vnc
IN16B072,0,2574,0.0000,vnc
IN16B073,0,8270,0.0000,vnc
IN16B074,0,7112,0.0000,vnc
IN16B075,0,1541,0.0000,vnc
IN16B075_a,0,1896,0.0000,vnc
IN16B075_b,0,1564,0.0000,vnc
IN16B075_c,0,1565,0.0000,vnc
IN16B075_d,0,1364,0.0000,vnc
IN16B075_e,0,2309,0.0000,vnc
IN16B075_f,0,2958,0.0000,vnc
IN16B075_g,0,2497,0.0000,vnc
IN16B075_h,0,1804,0.0000,vnc
IN16B075_i,0,1583,0.0000,vnc
IN16B076,0,1036,0.0000,vnc
IN16B077,0,8633,0.0000,vnc
IN16B079,0,3930,0.0000,vnc
IN16B080,0,3307,0.0000,vnc
IN16B082,0,7258,0.0000,vnc
IN16B083,0,8640,0.0000,vnc
IN16B084,0,1969,0.0000,vnc
IN16B085,0,3452,0.0000,vnc
IN16B086,0,2887,0.0000,vnc
IN16B087,0,1814,0.0000,vnc
"IN16B088,IN16B109",0,2935,0.0000,vnc
IN16B089,0,2650,0.0000,vnc
IN16B090,0,4129,0.0000,vnc
IN16B091,0,3035,0.0000,vnc
IN16B092,0,3495,0.0000,vnc
IN16B093,0,5412,0.0000,vnc
IN16B094,0,1969,0.0000,vnc
IN16B095,0,1835,0.0000,vnc
IN16B096,0,888,0.0000,vnc
IN16B097,0,6327,0.0000,vnc
IN16B098,0,6593,0.0000,vnc
IN16B099,0,5225,0.0000,vnc
IN16B100_a,0,2216,0.0000,vnc
IN16B100_b,0,1539,0.0000,vnc
IN16B100_c,0,3055,0.0000,vnc
IN16B101,0,4455,0.0000,vnc
IN16B104,0,1157,0.0000,vnc
IN16B105,0,5306,0.0000,vnc
IN16B106,0,4617,0.0000,vnc
IN16B107,0,1073,0.0000,vnc
IN16B108,0,7060,0.0000,vnc
IN16B111,0,2039,0.0000,vnc
IN16B113,0,1665,0.0000,vnc
IN16B114,0,1703,0.0000,vnc
IN16B115,0,1101,0.0000,vnc
IN16B117,0,1272,0.0000,vnc
IN16B118,0,3728,0.0000,vnc
IN16B119,0,1764,0.0000,vnc
IN16B120,0,1511,0.0000,vnc
IN16B121,0,2762,0.0000,vnc
IN16B122,0,965,0.0000,vnc
IN16B123,0,336,0.0000,vnc
IN16B124,0,736,0.0000,vnc
IN16B125,0,3792,0.0000,vnc
IN17A001,0,74873,0.0000,vnc
IN17A007,0,32940,0.0000,vnc
IN17A011,0,9262,0.0000,vnc
IN17A013,0,21176,0.0000,vnc
IN17A016,0,23020,0.0000,vnc
IN17A017,0,32425,0.0000,vnc
IN17A019,0,25316,0.0000,vnc
IN17A020,0,26134,0.0000,vnc
IN17A022,0,27613,0.0000,vnc
IN17A023,0,13671,0.0000,vnc
IN17A025,0,38704,0.0000,vnc
IN17A027,0,9126,0.0000,vnc
IN17A028,0,35460,0.0000,vnc
IN17A029,0,7159,0.0000,vnc
IN17A030,0,6925,0.0000,vnc
IN17A032,0,6863,0.0000,vnc
IN17A033,0,5798,0.0000,vnc
IN17A034,0,9136,0.0000,vnc
IN17A035,0,7688,0.0000,vnc
IN17A037,483,3939,0.1092,vnc
IN17A039,0,9481,0.0000,vnc
IN17A040,0,5467,0.0000,vnc
IN17A041,0,14833,0.0000,vnc
IN17A042,0,5265,0.0000,vnc
"IN17A043,IN17A046",0,13799,0.0000,vnc
IN17A044,0,21076,0.0000,vnc
IN17A045,0,2362,0.0000,vnc
IN17A048,0,6752,0.0000,vnc
IN17A049,0,12421,0.0000,vnc
IN17A051,312,2045,0.1324,vnc
IN17A052,0,44622,0.0000,vnc
IN17A053,0,2758,0.0000,vnc
IN17A055,0,1930,0.0000,vnc
IN17A056,0,3162,0.0000,vnc
IN17A057,0,3736,0.0000,vnc
IN17A058,0,11932,0.0000,vnc
"IN17A059,IN17A063",0,8604,0.0000,vnc
IN17A060,0,8405,0.0000,vnc
IN17A061,0,31648,0.0000,vnc
IN17A064,0,19147,0.0000,vnc
IN17A065,0,3421,0.0000,vnc
IN17A066,0,2223,0.0000,vnc
IN17A067,0,2642,0.0000,vnc
"IN17A071,IN17A081",0,6760,0.0000,vnc
IN17A072,0,1740,0.0000,vnc
IN17A074,0,1554,0.0000,vnc
IN17A075,0,1885,0.0000,vnc
IN17A077,0,1660,0.0000,vnc
IN17A078,0,6746,0.0000,vnc
IN17A079,0,3453,0.0000,vnc
"IN17A080,IN17A083",0,6258,0.0000,vnc
"IN17A082,IN17A086",0,3030,0.0000,vnc
IN17A084,0,1787,0.0000,vnc
IN17A085,0,3753,0.0000,vnc
IN17A087,0,1119,0.0000,vnc
"IN17A088,IN17A089",0,7496,0.0000,vnc
IN17A090,0,4650,0.0000,vnc
IN17A091,0,635,0.0000,vnc
IN17A092,0,1866,0.0000,vnc
IN17A093,0,4905,0.0000,vnc
IN17A094,0,4386,0.0000,vnc
IN17A095,0,2503,0.0000,vnc
IN17A096,0,536,0.0000,vnc
IN17A097,0,1734,0.0000,vnc
IN17A098,0,1401,0.0000,vnc
IN17A099,0,4934,0.0000,vnc
IN17A100,0,1558,0.0000,vnc
IN17A101,0,2374,0.0000,vnc
IN17A102,0,541,0.0000,vnc
IN17A103,0,1125,0.0000,vnc
IN17A104,0,1175,0.0000,vnc
IN17A105,0,463,0.0000,vnc
IN17A106_a,0,1986,0.0000,vnc
IN17A106_b,0,1122,0.0000,vnc
IN17A107,0,1866,0.0000,vnc
IN17A108,0,1129,0.0000,vnc
IN17A109,0,1001,0.0000,vnc
"IN17A109,IN17A120",0,1916,0.0000,vnc
IN17A110,0,1528,0.0000,vnc
IN17A111,0,3616,0.0000,vnc
IN17A112,0,2564,0.0000,vnc
IN17A113,0,437,0.0000,vnc
"IN17A113,IN17A119",0,3136,0.0000,vnc
IN17A114,0,1134,0.0000,vnc
IN17A115,0,469,0.0000,vnc
IN17A116,0,1918,0.0000,vnc
IN17A118,0,2694,0.0000,vnc
IN17A119,0,508,0.0000,vnc
IN17B001,0,8022,0.0000,vnc
IN17B003,0,8856,0.0000,vnc
IN17B004,0,22949,0.0000,vnc
IN17B006,0,12869,0.0000,vnc
IN17B008,0,6772,0.0000,vnc
IN17B010,0,8816,0.0000,vnc
IN17B014,0,7087,0.0000,vnc
IN17B015,0,11017,0.0000,vnc
IN17B017,0,3003,0.0000,vnc
IN18B005,0,26764,0.0000,vnc
IN18B006,0,13297,0.0000,vnc
IN18B008,0,9051,0.0000,vnc
IN18B009,0,12271,0.0000,vnc
IN18B011,0,19175,0.0000,vnc
IN18B012,0,6413,0.0000,vnc
IN18B013,0,8694,0.0000,vnc
IN18B014,0,5955,0.0000,vnc
IN18B015,0,6883,0.0000,vnc
IN18B016,0,15268,0.0000,vnc
IN18B017,0,6839,0.0000,vnc
IN18B018,0,5027,0.0000,vnc
IN18B020,0,17561,0.0000,vnc
IN18B021,0,21197,0.0000,vnc
IN18B026,0,6335,0.0000,vnc
IN18B027,0,4132,0.0000,vnc
IN18B028,0,4969,0.0000,vnc
IN18B029,0,4623,0.0000,vnc
IN18B031,0,5613,0.0000,vnc
IN18B032,0,11813,0.0000,vnc
IN18B033,0,5491,0.0000,vnc
IN18B034,0,9459,0.0000,vnc
IN18B035,0,10849,0.0000,vnc
IN18B036,0,2189,0.0000,vnc
IN18B037,0,3896,0.0000,vnc
IN18B038,0,20112,0.0000,vnc
IN18B039,0,5221,0.0000,vnc
IN18B040,0,3826,0.0000,vnc
IN18B041,0,2347,0.0000,vnc
IN18B042,0,10454,0.0000,vnc
IN18B043,0,7438,0.0000,vnc
IN18B044,0,2970,0.0000,vnc
IN18B045_a,0,3707,0.0000,vnc
IN18B045_b,0,3430,0.0000,vnc
IN18B045_c,0,2396,0.0000,vnc
IN18B046,0,2822,0.0000,vnc
IN18B047,0,3234,0.0000,vnc
IN18B048,0,2550,0.0000,vnc
IN18B049,0,2792,0.0000,vnc
IN18B050,0,2319,0.0000,vnc
IN18B051,0,5975,0.0000,vnc
IN18B052,0,3045,0.0000,vnc
IN18B054,0,3764,0.0000,vnc
IN18B055,0,1873,0.0000,vnc
IN18B056,0,529,0.0000,vnc
IN19A001,0,85605,0.0000,vnc
IN19A002,0,82547,0.0000,vnc
IN19A003,0,77657,0.0000,vnc
IN19A004,0,66766,0.0000,vnc
IN19A005,0,71531,0.0000,vnc
IN19A006,0,31183,0.0000,vnc
IN19A007,0,58845,0.0000,vnc
IN19A008,0,106434,0.0000,vnc
IN19A009,0,21227,0.0000,vnc
IN19A010,0,34912,0.0000,vnc
IN19A011,0,64946,0.0000,vnc
IN19A012,0,22869,0.0000,vnc
IN19A013,0,23284,0.0000,vnc
IN19A014,0,22765,0.0000,vnc
IN19A015,0,58830,0.0000,vnc
IN19A016,0,75543,0.0000,vnc
IN19A017,0,8446,0.0000,vnc
IN19A018,0,20893,0.0000,vnc
IN19A019,0,21954,0.0000,vnc
IN19A020,0,41511,0.0000,vnc
IN19A021,0,27595,0.0000,vnc
IN19A022,0,32889,0.0000,vnc
IN19A024,0,20459,0.0000,vnc
IN19A026,0,18070,0.0000,vnc
IN19A027,0,15501,0.0000,vnc
IN19A028,0,6742,0.0000,vnc
IN19A029,0,20172,0.0000,vnc
IN19A030,0,22839,0.0000,vnc
IN19A031,0,10099,0.0000,vnc
IN19A032,0,14679,0.0000,vnc
IN19A033,0,9112,0.0000,vnc
IN19A034,0,5651,0.0000,vnc
IN19A036,0,9311,0.0000,vnc
IN19A037,0,9976,0.0000,vnc
IN19A040,0,9132,0.0000,vnc
IN19A041,0,26526,0.0000,vnc
IN19A042,0,11425,0.0000,vnc
IN19A043,0,7951,0.0000,vnc
IN19A044,0,6514,0.0000,vnc
IN19A045,0,14270,0.0000,vnc
IN19A046,0,8804,0.0000,vnc
IN19A047,0,3540,0.0000,vnc
IN19A048,0,7078,0.0000,vnc
IN19A049,0,4902,0.0000,vnc
IN19A052,0,7144,0.0000,vnc
IN19A054,0,10684,0.0000,vnc
IN19A056,0,10635,0.0000,vnc
IN19A057,0,12010,0.0000,vnc
IN19A059,0,11024,0.0000,vnc
IN19A060,0,656,0.0000,vnc
IN19A060_a,0,3410,0.0000,vnc
IN19A060_b,0,3492,0.0000,vnc
IN19A060_c,0,14561,0.0000,vnc
IN19A060_d,0,10470,0.0000,vnc
IN19A060_e,0,1771,0.0000,vnc
IN19A061,0,3366,0.0000,vnc
IN19A064,0,11392,0.0000,vnc
IN19A065,0,2141,0.0000,vnc
IN19A067,0,3583,0.0000,vnc
IN19A069_a,0,1745,0.0000,vnc
IN19A069_b,0,1362,0.0000,vnc
IN19A069_c,0,1432,0.0000,vnc
IN19A070,0,2224,0.0000,vnc
IN19A071,0,1334,0.0000,vnc
IN19A072,0,2549,0.0000,vnc
IN19A073,0,12149,0.0000,vnc
IN19A074,0,3423,0.0000,vnc
IN19A076,0,1027,0.0000,vnc
IN19A079,0,844,0.0000,vnc
IN19A080,0,971,0.0000,vnc
IN19A082,0,3549,0.0000,vnc
IN19A083,0,1393,0.0000,vnc
IN19A084,0,4890,0.0000,vnc
IN19A085,0,4081,0.0000,vnc
IN19A086,0,2214,0.0000,vnc
IN19A087,0,648,0.0000,vnc
IN19A088_a,0,715,0.0000,vnc
IN19A088_b,0,2075,0.0000,vnc
IN19A088_c,0,3965,0.0000,vnc
IN19A088_d,0,1043,0.0000,vnc
IN19A088_e,0,2366,0.0000,vnc
IN19A090,0,4587,0.0000,vnc
IN19A091,0,2104,0.0000,vnc
IN19A093,0,8405,0.0000,vnc
IN19A094,0,1402,0.0000,vnc
"IN19A095,IN19A127",0,2164,0.0000,vnc
IN19A096,0,4574,0.0000,vnc
IN19A098,0,3569,0.0000,vnc
IN19A099,0,13965,0.0000,vnc
IN19A100,0,3961,0.0000,vnc
IN19A101,0,800,0.0000,vnc
IN19A102,0,1506,0.0000,vnc
IN19A103,0,845,0.0000,vnc
IN19A104,0,2167,0.0000,vnc
IN19A105,0,1303,0.0000,vnc
IN19A106,0,4347,0.0000,vnc
IN19A108,0,5270,0.0000,vnc
IN19A109_a,0,1635,0.0000,vnc
IN19A109_b,0,1169,0.0000,vnc
IN19A110,0,1898,0.0000,vnc
IN19A111,0,1241,0.0000,vnc
IN19A112,0,1006,0.0000,vnc
IN19A113,0,3187,0.0000,vnc
IN19A114,0,4032,0.0000,vnc
IN19A115,0,188,0.0000,vnc
IN19A117,0,6967,0.0000,vnc
IN19A118,0,339,0.0000,vnc
IN19A120,0,2067,0.0000,vnc
IN19A121,0,493,0.0000,vnc
IN19A123,0,660,0.0000,vnc
IN19A124,0,1702,0.0000,vnc
IN19A126,0,609,0.0000,vnc
IN19A129,0,306,0.0000,vnc
IN19A133,0,904,0.0000,vnc
IN19A135,0,203,0.0000,vnc
IN19A142,0,6450,0.0000,vnc
IN19B002,0,4763,0.0000,vnc
IN19B003,0,74635,0.0000,vnc
IN19B004,0,18830,0.0000,vnc
IN19B005,0,9396,0.0000,vnc
IN19B007,0,10195,0.0000,vnc
IN19B008,0,21816,0.0000,vnc
IN19B010,0,15727,0.0000,vnc
IN19B011,0,19010,0.0000,vnc
IN19B012,0,55734,0.0000,vnc
IN19B013,0,3296,0.0000,vnc
IN19B015,0,11254,0.0000,vnc
IN19B016,0,7981,0.0000,vnc
IN19B020,0,5739,0.0000,vnc
IN19B021,0,22600,0.0000,vnc
IN19B023,0,5881,0.0000,vnc
IN19B027,0,9019,0.0000,vnc
IN19B030,0,6446,0.0000,vnc
IN19B031,0,6586,0.0000,vnc
IN19B033,0,11987,0.0000,vnc
IN19B034,0,6620,0.0000,vnc
IN19B035,0,13990,0.0000,vnc
IN19B037,0,2159,0.0000,vnc
IN19B038,0,8242,0.0000,vnc
IN19B040,0,7980,0.0000,vnc
IN19B041,0,3619,0.0000,vnc
IN19B043,0,21490,0.0000,vnc
IN19B045,0,6036,0.0000,vnc
"IN19B045,IN19B052",0,5517,0.0000,vnc
IN19B047,0,3261,0.0000,vnc
IN19B048,0,4704,0.0000,vnc
IN19B050,0,18010,0.0000,vnc
IN19B053,0,1887,0.0000,vnc
IN19B054,0,3374,0.0000,vnc
IN19B055,0,1962,0.0000,vnc
IN19B056,0,10886,0.0000,vnc
IN19B057,0,7214,0.0000,vnc
IN19B058,0,3410,0.0000,vnc
IN19B062,0,1635,0.0000,vnc
IN19B064,0,1217,0.0000,vnc
IN19B066,0,5908,0.0000,vnc
IN19B067,0,19886,0.0000,vnc
IN19B068,0,15211,0.0000,vnc
IN19B069,0,2189,0.0000,vnc
IN19B070,0,6728,0.0000,vnc
IN19B071,0,5994,0.0000,vnc
IN19B072,0,1739,0.0000,vnc
IN19B073,0,5807,0.0000,vnc
IN19B075,0,7301,0.0000,vnc
IN19B077,0,7300,0.0000,vnc
IN19B078,0,5196,0.0000,vnc
IN19B080,0,4328,0.0000,vnc
IN19B081,0,3596,0.0000,vnc
IN19B082,0,5504,0.0000,vnc
IN19B083,0,1653,0.0000,vnc
IN19B084,0,8587,0.0000,vnc
IN19B085,0,2426,0.0000,vnc
IN19B086,0,5020,0.0000,vnc
IN19B087,0,3095,0.0000,vnc
IN19B088,0,1562,0.0000,vnc
IN19B089,0,6865,0.0000,vnc
IN19B090,0,9284,0.0000,vnc
IN19B091,0,18010,0.0000,vnc
IN19B092,0,1733,0.0000,vnc
IN19B094,0,8948,0.0000,vnc
IN19B095,0,5413,0.0000,vnc
IN19B097,0,1570,0.0000,vnc
IN19B103,0,3607,0.0000,vnc
IN19B105,0,1900,0.0000,vnc
IN19B107,0,10663,0.0000,vnc
IN19B109,0,4271,0.0000,vnc
IN19B111,0,3736,0.0000,vnc
IN19B112,0,3895,0.0000,vnc
IN20A.22A001,0,83375,0.0000,vnc
IN20A.22A002,0,14713,0.0000,vnc
IN20A.22A003,0,15184,0.0000,vnc
IN20A.22A004,0,14537,0.0000,vnc
IN20A.22A005,0,14894,0.0000,vnc
IN20A.22A006,0,58701,0.0000,vnc
IN20A.22A007,0,50760,0.0000,vnc
IN20A.22A008,0,30560,0.0000,vnc
IN20A.22A009,0,38979,0.0000,vnc
IN20A.22A010,0,19853,0.0000,vnc
IN20A.22A011,0,4536,0.0000,vnc
IN20A.22A012,0,12673,0.0000,vnc
IN20A.22A013,0,5215,0.0000,vnc
IN20A.22A015,0,15169,0.0000,vnc
IN20A.22A016,0,16789,0.0000,vnc
IN20A.22A017,0,20037,0.0000,vnc
IN20A.22A018,0,7741,0.0000,vnc
IN20A.22A019,0,13169,0.0000,vnc
IN20A.22A021,0,18335,0.0000,vnc
IN20A.22A022,0,6345,0.0000,vnc
IN20A.22A023,0,5429,0.0000,vnc
IN20A.22A024,0,23036,0.0000,vnc
IN20A.22A026,0,2748,0.0000,vnc
IN20A.22A027,0,3092,0.0000,vnc
IN20A.22A028,0,10388,0.0000,vnc
IN20A.22A029,0,1904,0.0000,vnc
IN20A.22A030,0,8397,0.0000,vnc
IN20A.22A033,0,5873,0.0000,vnc
IN20A.22A035,0,4947,0.0000,vnc
IN20A.22A036,0,21224,0.0000,vnc
"IN20A.22A036,IN20A.22A072",0,6280,0.0000,vnc
IN20A.22A037,0,3410,0.0000,vnc
IN20A.22A038,0,6562,0.0000,vnc
IN20A.22A039,0,29976,0.0000,vnc
IN20A.22A040,0,2043,0.0000,vnc
IN20A.22A041,0,12874,0.0000,vnc
IN20A.22A042,0,9816,0.0000,vnc
IN20A.22A043,0,13287,0.0000,vnc
IN20A.22A044,0,11390,0.0000,vnc
IN20A.22A045,0,11783,0.0000,vnc
IN20A.22A046,0,7291,0.0000,vnc
IN20A.22A047,0,11189,0.0000,vnc
IN20A.22A048,0,17506,0.0000,vnc
IN20A.22A049,0,17638,0.0000,vnc
"IN20A.22A049,IN20A.22A067",0,3435,0.0000,vnc
IN20A.22A050,0,5688,0.0000,vnc
IN20A.22A051,0,13901,0.0000,vnc
IN20A.22A052,0,5596,0.0000,vnc
IN20A.22A053,0,18837,0.0000,vnc
IN20A.22A054,0,7122,0.0000,vnc
IN20A.22A055,0,16050,0.0000,vnc
IN20A.22A056,0,5177,0.0000,vnc
IN20A.22A057,0,1979,0.0000,vnc
IN20A.22A058,0,11341,0.0000,vnc
IN20A.22A059,0,8687,0.0000,vnc
IN20A.22A060,0,12868,0.0000,vnc
"IN20A.22A061,IN20A.22A066",0,4961,0.0000,vnc
"IN20A.22A061,IN20A.22A068",0,5436,0.0000,vnc
IN20A.22A062,0,1183,0.0000,vnc
IN20A.22A063,0,1562,0.0000,vnc
IN20A.22A064,0,6770,0.0000,vnc
IN20A.22A065,0,11134,0.0000,vnc
IN20A.22A066,0,5426,0.0000,vnc
IN20A.22A067,0,13331,0.0000,vnc
IN20A.22A069,0,4521,0.0000,vnc
IN20A.22A070,0,3408,0.0000,vnc
"IN20A.22A070,IN20A.22A080",0,7241,0.0000,vnc
IN20A.22A071,0,6338,0.0000,vnc
IN20A.22A073,0,16266,0.0000,vnc
IN20A.22A074,0,5683,0.0000,vnc
IN20A.22A076,0,4004,0.0000,vnc
IN20A.22A077,0,5597,0.0000,vnc
IN20A.22A078,0,1963,0.0000,vnc
IN20A.22A079,0,3955,0.0000,vnc
IN20A.22A081,0,5121,0.0000,vnc
IN20A.22A082,0,1834,0.0000,vnc
IN20A.22A083,0,829,0.0000,vnc
IN20A.22A084,0,4873,0.0000,vnc
IN20A.22A085,0,8805,0.0000,vnc
IN20A.22A086,0,5499,0.0000,vnc
IN20A.22A087,0,1407,0.0000,vnc
IN20A.22A088,0,1999,0.0000,vnc
IN20A.22A089,0,6910,0.0000,vnc
IN20A.22A090,0,9757,0.0000,vnc
IN20A.22A091,0,2813,0.0000,vnc
IN20A.22A092,0,5990,0.0000,vnc
IN21A001,0,61358,0.0000,vnc
IN21A002,0,55899,0.0000,vnc
IN21A003,0,47333,0.0000,vnc
IN21A004,0,39422,0.0000,vnc
IN21A005,0,16248,0.0000,vnc
IN21A006,0,35197,0.0000,vnc
IN21A007,0,26751,0.0000,vnc
IN21A008,0,45691,0.0000,vnc
IN21A009,0,21666,0.0000,vnc
IN21A010,0,40744,0.0000,vnc
IN21A011,0,28071,0.0000,vnc
IN21A012,0,30972,0.0000,vnc
IN21A013,0,27439,0.0000,vnc
IN21A014,0,22827,0.0000,vnc
IN21A015,0,34575,0.0000,vnc
IN21A016,0,34684,0.0000,vnc
IN21A017,0,30354,0.0000,vnc
IN21A018,0,32375,0.0000,vnc
IN21A019,0,28125,0.0000,vnc
IN21A020,0,25017,0.0000,vnc
IN21A021,0,6221,0.0000,vnc
IN21A022,0,16615,0.0000,vnc
"IN21A023,IN21A024",0,19520,0.0000,vnc
IN21A026,0,5262,0.0000,vnc
IN21A027,0,2869,0.0000,vnc
IN21A028,0,10523,0.0000,vnc
"IN21A029,IN21A030",0,3569,0.0000,vnc
IN21A031,0,452,0.0000,vnc
IN21A032,0,3641,0.0000,vnc
IN21A033,0,1461,0.0000,vnc
IN21A034,0,2862,0.0000,vnc
IN21A035,0,8619,0.0000,vnc
IN21A036,0,1421,0.0000,vnc
IN21A037,0,14478,0.0000,vnc
IN21A038,0,7981,0.0000,vnc
IN21A039,0,1402,0.0000,vnc
IN21A040,0,1451,0.0000,vnc
IN21A041,0,2112,0.0000,vnc
IN21A042,0,6393,0.0000,vnc
IN21A043,0,1060,0.0000,vnc
IN21A044,0,6929,0.0000,vnc
"IN21A045,IN21A046",0,3397,0.0000,vnc
IN21A047_a,0,2257,0.0000,vnc
IN21A047_b,0,2439,0.0000,vnc
IN21A047_c,0,2357,0.0000,vnc
IN21A047_d,0,3154,0.0000,vnc
IN21A047_e,0,1867,0.0000,vnc
IN21A047_f,0,1645,0.0000,vnc
IN21A048,0,3280,0.0000,vnc
IN21A049,0,5613,0.0000,vnc
IN21A050,0,2269,0.0000,vnc
IN21A051,0,8066,0.0000,vnc
IN21A052,0,1652,0.0000,vnc
IN21A054,0,3826,0.0000,vnc
IN21A055,0,423,0.0000,vnc
IN21A056,0,4981,0.0000,vnc
IN21A057,0,1057,0.0000,vnc
IN21A058,0,5071,0.0000,vnc
IN21A059,0,336,0.0000,vnc
IN21A060,0,1310,0.0000,vnc
IN21A061,0,5479,0.0000,vnc
IN21A062,0,1657,0.0000,vnc
IN21A063,0,5000,0.0000,vnc
IN21A064,0,1415,0.0000,vnc
IN21A065,0,498,0.0000,vnc
IN21A066,0,1067,0.0000,vnc
IN21A070,0,723,0.0000,vnc
IN21A071,0,598,0.0000,vnc
IN21A072,0,743,0.0000,vnc
IN21A073,0,945,0.0000,vnc
IN21A074,0,1458,0.0000,vnc
IN21A075,0,1415,0.0000,vnc
IN21A076,0,1795,0.0000,vnc
IN21A077,0,4426,0.0000,vnc
IN21A078,0,3431,0.0000,vnc
IN21A079,0,1622,0.0000,vnc
IN21A080,0,2048,0.0000,vnc
IN21A081,0,1031,0.0000,vnc
IN21A082,0,581,0.0000,vnc
IN21A083,0,2220,0.0000,vnc
IN21A084,0,1085,0.0000,vnc
IN21A085,0,2637,0.0000,vnc
IN21A086,0,966,0.0000,vnc
IN21A087,0,12668,0.0000,vnc
IN21A088,0,460,0.0000,vnc
IN21A090,0,730,0.0000,vnc
"IN21A091,IN21A092",0,922,0.0000,vnc
IN21A093,0,2607,0.0000,vnc
IN21A094,0,933,0.0000,vnc
IN21A095,0,707,0.0000,vnc
IN21A096,0,641,0.0000,vnc
IN21A097,0,833,0.0000,vnc
IN21A098,0,984,0.0000,vnc
IN21A099,0,1522,0.0000,vnc
IN21A100,0,1458,0.0000,vnc
IN21A102,0,1798,0.0000,vnc
IN21A103,0,188,0.0000,vnc
IN21A109,0,628,0.0000,vnc
IN21A111,0,1264,0.0000,vnc
IN21A116,0,2151,0.0000,vnc
IN23B001,0,23267,0.0000,vnc
IN23B005,0,60052,0.0000,vnc
IN23B006,0,23062,0.0000,vnc
IN23B007,0,38761,0.0000,vnc
IN23B008,0,30304,0.0000,vnc
IN23B009,0,90898,0.0000,vnc
IN23B011,0,8319,0.0000,vnc
IN23B012,0,7475,0.0000,vnc
IN23B013,0,24528,0.0000,vnc
IN23B014,0,26853,0.0000,vnc
IN23B016,0,5222,0.0000,vnc
IN23B017,0,12246,0.0000,vnc
IN23B018,0,40456,0.0000,vnc
IN23B020,0,23884,0.0000,vnc
IN23B021,0,5136,0.0000,vnc
IN23B022,0,10571,0.0000,vnc
IN23B023,0,48035,0.0000,vnc
IN23B024,0,19408,0.0000,vnc
IN23B025,0,13857,0.0000,vnc
IN23B027,0,3545,0.0000,vnc
IN23B028,0,25510,0.0000,vnc
IN23B029,0,3812,0.0000,vnc
IN23B030,0,9710,0.0000,vnc
IN23B031,0,20044,0.0000,vnc
IN23B032,0,26084,0.0000,vnc
IN23B033,0,13157,0.0000,vnc
IN23B034,0,3573,0.0000,vnc
IN23B035,0,4292,0.0000,vnc
IN23B036,0,9310,0.0000,vnc
IN23B037,0,39848,0.0000,vnc
IN23B038,0,2121,0.0000,vnc
IN23B039,0,9972,0.0000,vnc
IN23B040,0,14404,0.0000,vnc
IN23B041,0,7388,0.0000,vnc
IN23B042,0,2542,0.0000,vnc
IN23B043,0,12900,0.0000,vnc
IN23B044,0,3846,0.0000,vnc
"IN23B044,IN23B057",0,3973,0.0000,vnc
IN23B045,0,10816,0.0000,vnc
IN23B046,0,18093,0.0000,vnc
IN23B047,0,11168,0.0000,vnc
IN23B048,0,3041,0.0000,vnc
IN23B049,0,16983,0.0000,vnc
IN23B050,0,1862,0.0000,vnc
IN23B051,0,2174,0.0000,vnc
IN23B053,0,4755,0.0000,vnc
IN23B054,0,8595,0.0000,vnc
IN23B055,0,2673,0.0000,vnc
IN23B056,0,13026,0.0000,vnc
IN23B057,0,7573,0.0000,vnc
IN23B058,0,8340,0.0000,vnc
IN23B059,0,4229,0.0000,vnc
IN23B060,0,15639,0.0000,vnc
IN23B061,0,5694,0.0000,vnc
IN23B062,0,6581,0.0000,vnc
IN23B063,0,6012,0.0000,vnc
IN23B064,0,6190,0.0000,vnc
IN23B065,0,8142,0.0000,vnc
IN23B066,0,8534,0.0000,vnc
IN23B067_a,0,1838,0.0000,vnc
IN23B067_b,0,3613,0.0000,vnc
IN23B067_c,0,4701,0.0000,vnc
IN23B067_d,0,1375,0.0000,vnc
IN23B067_e,0,2423,0.0000,vnc
IN23B068,0,3614,0.0000,vnc
"IN23B069,IN23B079",0,1688,0.0000,vnc
IN23B070,0,5588,0.0000,vnc
IN23B071,0,2420,0.0000,vnc
IN23B072,0,3528,0.0000,vnc
IN23B073,0,3316,0.0000,vnc
IN23B074,0,9234,0.0000,vnc
IN23B075,0,1868,0.0000,vnc
IN23B076,0,723,0.0000,vnc
IN23B078,0,4113,0.0000,vnc
IN23B079,0,1314,0.0000,vnc
IN23B080,0,1995,0.0000,vnc
IN23B081,0,7196,0.0000,vnc
IN23B082,0,954,0.0000,vnc
IN23B083,0,1783,0.0000,vnc
IN23B084,0,4471,0.0000,vnc
IN23B085,0,4104,0.0000,vnc
IN23B086,0,3219,0.0000,vnc
IN23B087,0,5645,0.0000,vnc
IN23B088,0,915,0.0000,vnc
IN23B089,0,6467,0.0000,vnc
IN23B090,0,3901,0.0000,vnc
IN23B091,0,1270,0.0000,vnc
IN23B092,0,1654,0.0000,vnc
IN23B093,0,2536,0.0000,vnc
IN23B094,0,775,0.0000,vnc
IN23B095,0,5903,0.0000,vnc
IN23B096,0,1051,0.0000,vnc
IN26X001,0,43221,0.0000,vnc
IN26X002,0,23459,0.0000,vnc
IN26X003,0,7251,0.0000,vnc
IN27X001,319,23902,0.0132,vnc
IN27X002,0,13348,0.0000,vnc
IN27X003,0,4960,0.0000,vnc
IN27X004,0,7580,0.0000,vnc
IN27X005,0,16596,0.0000,vnc
IN27X007,0,8265,0.0000,vnc
IN27X014,0,10113,0.0000,vnc
IN27X023,0,3308,0.0000,vnc
INXXX003,0,19686,0.0000,vnc
INXXX004,0,23954,0.0000,vnc
INXXX007,0,13965,0.0000,vnc
INXXX008,0,24812,0.0000,vnc
INXXX011,0,14517,0.0000,vnc
INXXX022,0,8882,0.0000,vnc
INXXX023,0,14420,0.0000,vnc
INXXX025,0,15280,0.0000,vnc
INXXX027,0,68022,0.0000,vnc
INXXX029,0,5619,0.0000,vnc
INXXX031,0,13502,0.0000,vnc
INXXX032,0,38242,0.0000,vnc
INXXX034,0,3175,0.0000,vnc
INXXX035,0,11510,0.0000,vnc
INXXX036,0,11493,0.0000,vnc
INXXX038,0,16412,0.0000,vnc
INXXX039,0,13505,0.0000,vnc
INXXX042,0,13186,0.0000,vnc
INXXX044,0,84818,0.0000,vnc
INXXX045,0,48162,0.0000,vnc
INXXX048,0,10406,0.0000,vnc
INXXX052,0,15012,0.0000,vnc
INXXX053,0,2482,0.0000,vnc
INXXX054,0,9769,0.0000,vnc
INXXX056,0,9649,0.0000,vnc
INXXX058,0,33942,0.0000,vnc
INXXX062,0,15512,0.0000,vnc
INXXX063,280,9007,0.0301,vnc
INXXX065,0,10424,0.0000,vnc
INXXX066,0,13299,0.0000,vnc
INXXX073,0,11293,0.0000,vnc
INXXX076,0,5308,0.0000,vnc
INXXX077,0,16203,0.0000,vnc
INXXX083,0,4595,0.0000,vnc
INXXX084,0,13572,0.0000,vnc
INXXX087,0,10825,0.0000,vnc
INXXX089,0,8178,0.0000,vnc
INXXX091,0,6573,0.0000,vnc
INXXX095,0,19006,0.0000,vnc
INXXX096,0,14890,0.0000,vnc
INXXX100,0,49286,0.0000,vnc
INXXX101,0,5366,0.0000,vnc
INXXX104,0,6953,0.0000,vnc
INXXX107,0,8554,0.0000,vnc
INXXX110,0,13862,0.0000,vnc
INXXX111,0,8636,0.0000,vnc
INXXX114,0,9112,0.0000,vnc
INXXX115,0,8062,0.0000,vnc
INXXX119,0,5990,0.0000,vnc
INXXX121,0,7006,0.0000,vnc
INXXX122,0,11851,0.0000,vnc
INXXX124,0,9267,0.0000,vnc
INXXX126,0,26453,0.0000,vnc
INXXX129,0,9431,0.0000,vnc
INXXX133,0,6868,0.0000,vnc
INXXX134,0,3946,0.0000,vnc
INXXX135,0,2549,0.0000,vnc
INXXX137,0,14646,0.0000,vnc
INXXX138,0,5819,0.0000,vnc
INXXX140,0,4298,0.0000,vnc
INXXX142,0,5108,0.0000,vnc
INXXX143,0,6892,0.0000,vnc
INXXX146,0,3610,0.0000,vnc
INXXX147,0,6064,0.0000,vnc
INXXX149,0,36641,0.0000,vnc
INXXX153,0,8605,0.0000,vnc
INXXX158,0,9395,0.0000,vnc
INXXX159,0,7194,0.0000,vnc
INXXX161,0,8063,0.0000,vnc
INXXX167,0,11511,0.0000,vnc
INXXX173,0,4592,0.0000,vnc
INXXX179,0,8352,0.0000,vnc
INXXX180,0,6087,0.0000,vnc
INXXX181,0,8789,0.0000,vnc
INXXX183,0,10077,0.0000,vnc
INXXX184,0,7293,0.0000,vnc
INXXX188,0,6123,0.0000,vnc
INXXX192,0,6875,0.0000,vnc
INXXX193,0,3324,0.0000,vnc
INXXX194,0,2828,0.0000,vnc
INXXX197,0,16175,0.0000,vnc
INXXX198,0,5566,0.0000,vnc
INXXX199,0,5398,0.0000,vnc
INXXX201,0,9405,0.0000,vnc
INXXX204,0,2423,0.0000,vnc
INXXX206,0,6280,0.0000,vnc
INXXX209,0,10050,0.0000,vnc
INXXX212,0,13348,0.0000,vnc
INXXX213,0,9860,0.0000,vnc
INXXX215,0,12610,0.0000,vnc
INXXX216,0,6545,0.0000,vnc
INXXX217,0,40290,0.0000,vnc
INXXX219,0,5661,0.0000,vnc
INXXX220,0,3921,0.0000,vnc
INXXX221,0,8097,0.0000,vnc
INXXX223,0,7703,0.0000,vnc
INXXX224,0,5638,0.0000,vnc
INXXX225,0,4856,0.0000,vnc
INXXX227,0,4483,0.0000,vnc
INXXX228,0,19991,0.0000,vnc
INXXX230,0,27279,0.0000,vnc
INXXX231,0,23941,0.0000,vnc
INXXX232,0,5785,0.0000,vnc
INXXX235,0,9588,0.0000,vnc
INXXX237,0,4049,0.0000,vnc
INXXX238,0,13779,0.0000,vnc
INXXX239,0,14757,0.0000,vnc
INXXX240,0,5314,0.0000,vnc
INXXX241,0,3868,0.0000,vnc
INXXX242,0,5539,0.0000,vnc
INXXX243,0,11035,0.0000,vnc
INXXX244,0,4632,0.0000,vnc
INXXX245,0,4617,0.0000,vnc
INXXX246,0,9830,0.0000,vnc
INXXX247,0,15914,0.0000,vnc
INXXX249,0,4681,0.0000,vnc
INXXX251,0,3909,0.0000,vnc
INXXX252,0,11275,0.0000,vnc
INXXX253,0,18978,0.0000,vnc
INXXX256,0,3653,0.0000,vnc
INXXX257,0,2649,0.0000,vnc
INXXX258,0,26022,0.0000,vnc
INXXX260,0,7907,0.0000,vnc
INXXX261,0,9935,0.0000,vnc
INXXX262,0,9788,0.0000,vnc
INXXX263,0,6988,0.0000,vnc
INXXX265,0,6493,0.0000,vnc
INXXX267,0,8328,0.0000,vnc
INXXX268,0,4952,0.0000,vnc
INXXX269,0,24689,0.0000,vnc
INXXX270,0,7633,0.0000,vnc
INXXX271,0,9968,0.0000,vnc
INXXX273,0,10570,0.0000,vnc
INXXX275,0,4039,0.0000,vnc
INXXX276,0,3614,0.0000,vnc
INXXX279,0,6975,0.0000,vnc
INXXX280,0,7116,0.0000,vnc
INXXX281,0,19256,0.0000,vnc
INXXX282,0,3196,0.0000,vnc
INXXX283,0,6042,0.0000,vnc
INXXX284,0,3123,0.0000,vnc
INXXX285,0,4194,0.0000,vnc
INXXX287,0,46200,0.0000,vnc
INXXX288,0,8095,0.0000,vnc
INXXX290,0,25832,0.0000,vnc
INXXX292,0,2473,0.0000,vnc
INXXX293,0,8126,0.0000,vnc
INXXX294,0,9866,0.0000,vnc
INXXX295,0,6590,0.0000,vnc
INXXX297,0,18784,0.0000,vnc
INXXX299,0,2165,0.0000,vnc
INXXX300,0,4306,0.0000,vnc
INXXX301,0,9105,0.0000,vnc
INXXX302,0,5008,0.0000,vnc
INXXX303,0,6177,0.0000,vnc
INXXX304,0,3684,0.0000,vnc
INXXX306,0,10274,0.0000,vnc
INXXX307,0,6356,0.0000,vnc
INXXX309,0,9432,0.0000,vnc
INXXX315,0,19535,0.0000,vnc
INXXX316,0,19619,0.0000,vnc
INXXX317,0,5487,0.0000,vnc
INXXX319,0,5327,0.0000,vnc
INXXX320,0,6460,0.0000,vnc
INXXX321,0,12360,0.0000,vnc
INXXX322,0,5265,0.0000,vnc
INXXX324,0,3496,0.0000,vnc
INXXX326,0,4702,0.0000,vnc
INXXX328,0,12853,0.0000,vnc
INXXX329,0,9867,0.0000,vnc
INXXX331,0,11070,0.0000,vnc
INXXX332,0,18492,0.0000,vnc
INXXX333,0,3216,0.0000,vnc
INXXX334,0,5579,0.0000,vnc
INXXX335,0,4038,0.0000,vnc
INXXX336,0,3340,0.0000,vnc
INXXX337,0,2499,0.0000,vnc
INXXX339,0,3510,0.0000,vnc
INXXX340,0,3519,0.0000,vnc
INXXX341,0,12604,0.0000,vnc
INXXX343,0,2835,0.0000,vnc
INXXX345,0,1877,0.0000,vnc
INXXX346,0,5821,0.0000,vnc
INXXX347,0,1778,0.0000,vnc
INXXX348,0,10206,0.0000,vnc
INXXX349,0,2054,0.0000,vnc
INXXX350,0,6786,0.0000,vnc
INXXX351,0,3075,0.0000,vnc
INXXX352,0,9298,0.0000,vnc
INXXX353,0,5576,0.0000,vnc
INXXX355,0,7168,0.0000,vnc
INXXX357,0,3275,0.0000,vnc
INXXX359,0,2589,0.0000,vnc
INXXX360,0,4128,0.0000,vnc
INXXX363,0,17932,0.0000,vnc
INXXX364,0,10031,0.0000,vnc
INXXX365,0,7726,0.0000,vnc
INXXX369,0,13164,0.0000,vnc
INXXX370,0,7210,0.0000,vnc
INXXX372,0,8026,0.0000,vnc
INXXX373,0,7493,0.0000,vnc
INXXX374,0,2194,0.0000,vnc
INXXX376,0,1807,0.0000,vnc
INXXX377,0,9236,0.0000,vnc
INXXX378,0,4761,0.0000,vnc
INXXX379,0,4667,0.0000,vnc
INXXX381,0,5031,0.0000,vnc
INXXX382_b,0,7186,0.0000,vnc
INXXX383,0,941,0.0000,vnc
INXXX385,0,8047,0.0000,vnc
INXXX386,0,8036,0.0000,vnc
INXXX387,0,7201,0.0000,vnc
INXXX388,0,3814,0.0000,vnc
INXXX390,0,4028,0.0000,vnc
INXXX391,0,1956,0.0000,vnc
INXXX393,0,3240,0.0000,vnc
INXXX394,0,4963,0.0000,vnc
INXXX395,0,2317,0.0000,vnc
INXXX396,0,12286,0.0000,vnc
INXXX397,0,4661,0.0000,vnc
INXXX399,0,4732,0.0000,vnc
INXXX400,0,6270,0.0000,vnc
INXXX401,0,2134,0.0000,vnc
INXXX402,0,10634,0.0000,vnc
INXXX403,0,2736,0.0000,vnc
INXXX405,0,14038,0.0000,vnc
INXXX406,0,3138,0.0000,vnc
INXXX407,0,3449,0.0000,vnc
INXXX409,0,3272,0.0000,vnc
INXXX411,0,3199,0.0000,vnc
INXXX412,0,2711,0.0000,vnc
INXXX414,0,5575,0.0000,vnc
INXXX415,0,9332,0.0000,vnc
INXXX416,0,6383,0.0000,vnc
INXXX417,0,5858,0.0000,vnc
INXXX418,0,6342,0.0000,vnc
INXXX419,0,2350,0.0000,vnc
INXXX420,0,2131,0.0000,vnc
INXXX421,0,3176,0.0000,vnc
INXXX423,0,3325,0.0000,vnc
INXXX424,0,1662,0.0000,vnc
INXXX425,0,5972,0.0000,vnc
INXXX426,0,3498,0.0000,vnc
INXXX427,0,4781,0.0000,vnc
INXXX428,0,2738,0.0000,vnc
INXXX429,0,12190,0.0000,vnc
INXXX431,0,10086,0.0000,vnc
INXXX436,0,5921,0.0000,vnc
INXXX437,0,2193,0.0000,vnc
INXXX438,0,3642,0.0000,vnc
INXXX440,0,5612,0.0000,vnc
INXXX441,0,2573,0.0000,vnc
INXXX442,0,3513,0.0000,vnc
INXXX443,0,3375,0.0000,vnc
INXXX444,0,1407,0.0000,vnc
INXXX446,0,13180,0.0000,vnc
"INXXX447,INXXX449",0,3030,0.0000,vnc
INXXX448,0,12621,0.0000,vnc
INXXX450,0,1816,0.0000,vnc
INXXX452,0,5924,0.0000,vnc
INXXX454,0,3063,0.0000,vnc
INXXX456,0,1169,0.0000,vnc
INXXX460,0,2024,0.0000,vnc
INXXX464,0,79840,0.0000,vnc
INXXX466,0,30827,0.0000,vnc
INXXX468,0,39141,0.0000,vnc
INXXX471,0,19323,0.0000,vnc
INXXX472,0,4840,0.0000,vnc
INXXX473,0,7531,0.0000,vnc
INXXX474,0,8610,0.0000,vnc
IPC,25402,0,1.0000,brain
IPS001,8181,0,1.0000,brain
ISN,6551,0,1.0000,brain
ITP,117,0,1.0000,brain
IbSpsP,22426,0,1.0000,brain
JO-A-unclear,35,0,1.0000,brain
JO-A1,1701,0,1.0000,brain
JO-A2,5682,0,1.0000,brain
JO-A3,1471,0,1.0000,brain
JO-A4,520,0,1.0000,brain
JO-B-unclear,117,0,1.0000,brain
JO-B1_a,4774,0,1.0000,brain
JO-B1_b,1693,0,1.0000,brain
JO-B1_c,3148,0,1.0000,brain
JO-B2,2134,0,1.0000,brain
JO-B3,2730,0,1.0000,brain
JO-B4_a,1023,0,1.0000,brain
JO-B4_b,2556,0,1.0000,brain
JO-CA1,1941,0,1.0000,brain
JO-CA2,3405,0,1.0000,brain
JO-CL,4236,0,1.0000,brain
JO-CM,6752,0,1.0000,brain
JO-DA,1310,0,1.0000,brain
JO-DP,612,0,1.0000,brain
JO-ED1,5562,0,1.0000,brain
JO-ED2_a,11889,0,1.0000,brain
JO-ED2_b,8949,0,1.0000,brain
JO-ED2_c,5301,0,1.0000,brain
JO-EV1,16414,0,1.0000,brain
JO-EV2,11238,0,1.0000,brain
JO-EV3,18308,0,1.0000,brain
JO-EV4,329,0,1.0000,brain
JO-EV5,8144,0,1.0000,brain
JO-EV6,6006,0,1.0000,brain
JO-FD1,1396,0,1.0000,brain
JO-FD2,968,0,1.0000,brain
JO-FV,11886,0,1.0000,brain
JO-mz,4736,0,1.0000,brain
JO-unclear,2359,0,1.0000,brain
KC,357,0,1.0000,brain
KCa'b'-ap1,157837,0,1.0000,brain
KCa'b'-ap2,230060,0,1.0000,brain
KCa'b'-m,159815,0,1.0000,brain
KCab-c,234488,0,1.0000,brain
KCab-m,292973,0,1.0000,brain
KCab-p,96729,0,1.0000,brain
KCab-s,414652,0,1.0000,brain
KCg,1290,0,1.0000,brain
KCg-d,159268,0,1.0000,brain
KCg-m,1130380,0,1.0000,brain
KCg-s1,6126,0,1.0000,brain
KCg-s2,3997,0,1.0000,brain
KCg-s3,2441,0,1.0000,brain
KCg-s4,1719,0,1.0000,brain
L1,560733,0,1.0000,brain
L2,861685,0,1.0000,brain
L3,412478,0,1.0000,brain
L4,186792,0,1.0000,brain
L5,737587,0,1.0000,brain
LAL001,7356,0,1.0000,brain
LAL002,7783,0,1.0000,brain
LAL003,8336,0,1.0000,brain
LAL004,967,0,1.0000,brain
LAL006,2823,0,1.0000,brain
LAL007,4082,0,1.0000,brain
LAL008,6527,0,1.0000,brain
LAL009,10322,0,1.0000,brain
LAL010,11588,0,1.0000,brain
LAL011,8746,0,1.0000,brain
LAL012,6982,0,1.0000,brain
LAL013,8897,0,1.0000,brain
LAL014,20676,0,1.0000,brain
LAL015,8884,0,1.0000,brain
LAL016,10843,0,1.0000,brain
LAL017,6774,0,1.0000,brain
LAL018,19951,0,1.0000,brain
LAL019,9606,0,1.0000,brain
LAL020,6913,0,1.0000,brain
LAL021,14748,0,1.0000,brain
LAL022,15091,0,1.0000,brain
LAL023,5029,0,1.0000,brain
LAL024,2269,0,1.0000,brain
LAL025,11770,0,1.0000,brain
LAL026_a,9499,0,1.0000,brain
LAL026_b,7839,0,1.0000,brain
LAL027,8394,0,1.0000,brain
LAL028,9216,0,1.0000,brain
LAL029_a,4432,0,1.0000,brain
LAL029_b,4504,0,1.0000,brain
LAL029_c,5716,0,1.0000,brain
LAL029_d,4834,0,1.0000,brain
LAL029_e,7959,0,1.0000,brain
LAL030_a,8671,0,1.0000,brain
LAL030_b,8262,0,1.0000,brain
LAL030d,1727,0,1.0000,brain
LAL031,5715,0,1.0000,brain
LAL032,2344,0,1.0000,brain
LAL034,9617,0,1.0000,brain
LAL035,4255,0,1.0000,brain
LAL037,3832,0,1.0000,brain
LAL040,20465,0,1.0000,brain
LAL042,6821,0,1.0000,brain
LAL043_a,3393,0,1.0000,brain
LAL043_b,1530,0,1.0000,brain
LAL043_c,2633,0,1.0000,brain
LAL043_d,2919,0,1.0000,brain
LAL043_e,3936,0,1.0000,brain
LAL045,9933,0,1.0000,brain
LAL046,11686,0,1.0000,brain
LAL047,12682,0,1.0000,brain
LAL048,8626,0,1.0000,brain
LAL049,2662,0,1.0000,brain
LAL050,7297,0,1.0000,brain
LAL051,11888,0,1.0000,brain
LAL052,10032,0,1.0000,brain
LAL053,11114,0,1.0000,brain
LAL054,7465,0,1.0000,brain
LAL055,8524,0,1.0000,brain
LAL056,5351,0,1.0000,brain
LAL059,5859,0,1.0000,brain
LAL060_a,7264,0,1.0000,brain
LAL060_b,6304,0,1.0000,brain
LAL061,5830,0,1.0000,brain
LAL063,1141,0,1.0000,brain
LAL064,3521,0,1.0000,brain
LAL067,5236,0,1.0000,brain
LAL071,4339,0,1.0000,brain
LAL072,10619,0,1.0000,brain
LAL073,22240,0,1.0000,brain
LAL074,14145,0,1.0000,brain
LAL075,9521,0,1.0000,brain
LAL076,8248,0,1.0000,brain
LAL081,10638,0,1.0000,brain
LAL082,6174,0,1.0000,brain
LAL083,36781,0,1.0000,brain
LAL084,13770,0,1.0000,brain
LAL085,7740,0,1.0000,brain
LAL086,2842,0,1.0000,brain
LAL087,4756,0,1.0000,brain
LAL088,2854,0,1.0000,brain
LAL089,2967,0,1.0000,brain
LAL090,7426,0,1.0000,brain
LAL093,1423,0,1.0000,brain
LAL094,10406,0,1.0000,brain
LAL096,8348,0,1.0000,brain
LAL098,9032,0,1.0000,brain
LAL099,9265,0,1.0000,brain
LAL100,10633,0,1.0000,brain
LAL101,6886,0,1.0000,brain
LAL102,9537,0,1.0000,brain
LAL104,11798,0,1.0000,brain
LAL108,16071,0,1.0000,brain
LAL109,6417,0,1.0000,brain
LAL110,7389,0,1.0000,brain
LAL111,5994,0,1.0000,brain
LAL112,14315,0,1.0000,brain
LAL113,17044,0,1.0000,brain
LAL114,4375,0,1.0000,brain
LAL115,5140,0,1.0000,brain
LAL116,7130,0,1.0000,brain
LAL117,7156,0,1.0000,brain
LAL119,14062,0,1.0000,brain
LAL120_a,23764,0,1.0000,brain
LAL120_b,25073,0,1.0000,brain
LAL121,9462,0,1.0000,brain
LAL122,12320,0,1.0000,brain
LAL123,25970,0,1.0000,brain
LAL124,13356,0,1.0000,brain
LAL125,19688,0,1.0000,brain
LAL126,19921,0,1.0000,brain
LAL127,12557,0,1.0000,brain
LAL128,10342,0,1.0000,brain
LAL129,11826,0,1.0000,brain
LAL130,8813,0,1.0000,brain
LAL131,14221,0,1.0000,brain
LAL132_a,3008,0,1.0000,brain
LAL132_b,2222,0,1.0000,brain
LAL133_a,1905,0,1.0000,brain
LAL133_b,2364,0,1.0000,brain
LAL133_c,1923,0,1.0000,brain
LAL133_d,1546,0,1.0000,brain
LAL133_e,2686,0,1.0000,brain
LAL134,15580,0,1.0000,brain
LAL135,9649,0,1.0000,brain
LAL136_a,7703,0,1.0000,brain
LAL136_b,7739,0,1.0000,brain
LAL137,11482,0,1.0000,brain
LAL138,20634,0,1.0000,brain
LAL139,6393,0,1.0000,brain
LAL140,3909,0,1.0000,brain
LAL141,13447,0,1.0000,brain
LAL142,17207,0,1.0000,brain
LAL143,4532,0,1.0000,brain
LAL144,15520,0,1.0000,brain
LAL145,7284,0,1.0000,brain
LAL146,4624,0,1.0000,brain
LAL147_a,6308,0,1.0000,brain
LAL147_b,3403,0,1.0000,brain
LAL147_c,6163,0,1.0000,brain
LAL148,2029,0,1.0000,brain
LAL149,3944,0,1.0000,brain
LAL150,8167,0,1.0000,brain
LAL151,2252,0,1.0000,brain
LAL152,6459,0,1.0000,brain
LAL153,4865,0,1.0000,brain
LAL154,7580,0,1.0000,brain
LAL155,12287,0,1.0000,brain
LAL156_a,12603,0,1.0000,brain
LAL156_b,10111,0,1.0000,brain
LAL157,10264,0,1.0000,brain
LAL158,7981,0,1.0000,brain
LAL159,17424,0,1.0000,brain
LAL160,9048,0,1.0000,brain
LAL161,8939,0,1.0000,brain
LAL162,5819,0,1.0000,brain
LAL163,5227,0,1.0000,brain
LAL164,5186,0,1.0000,brain
LAL165,10184,0,1.0000,brain
LAL166,4122,0,1.0000,brain
LAL167,7298,0,1.0000,brain
LAL168,5601,0,1.0000,brain
LAL169,9291,0,1.0000,brain
LAL170,11044,0,1.0000,brain
LAL171,9646,0,1.0000,brain
LAL172,9179,0,1.0000,brain
LAL173,11949,0,1.0000,brain
LAL175,9823,0,1.0000,brain
LAL176,4836,0,1.0000,brain
LAL177,5253,0,1.0000,brain
LAL179,8199,0,1.0000,brain
LAL180,5081,0,1.0000,brain
LAL181,4764,0,1.0000,brain
LAL182,8653,0,1.0000,brain
LAL183,11654,0,1.0000,brain
LAL184,5334,0,1.0000,brain
LAL185,9427,0,1.0000,brain
LAL186,5629,0,1.0000,brain
LAL187,1637,0,1.0000,brain
LAL188_a,3067,0,1.0000,brain
LAL188_b,3278,0,1.0000,brain
LAL189,4840,0,1.0000,brain
LAL190,10898,0,1.0000,brain
LAL191,2904,0,1.0000,brain
LAL192,3029,0,1.0000,brain
LAL193,7132,0,1.0000,brain
LAL194,10230,0,1.0000,brain
LAL195,7250,0,1.0000,brain
LAL196,10760,0,1.0000,brain
LAL197,5127,0,1.0000,brain
LAL198,8208,0,1.0000,brain
LAL199,2945,0,1.0000,brain
LAL200,15427,0,1.0000,brain
LAL203,8942,0,1.0000,brain
LAL204,4845,0,1.0000,brain
LAL205,9817,0,1.0000,brain
LAL206,9221,0,1.0000,brain
LAL207,13489,0,1.0000,brain
LAL208,4115,0,1.0000,brain
LAL300m,10105,0,1.0000,brain
LAL301m,7699,0,1.0000,brain
LAL302m,13602,0,1.0000,brain
LAL303m,8590,0,1.0000,brain
LAL304m,15649,0,1.0000,brain
LA_ME_unclear,400,0,1.0000,brain
LB1a,3653,0,1.0000,brain
LB1b,3760,0,1.0000,brain
LB1c,8678,0,1.0000,brain
LB1d,1509,0,1.0000,brain
LB1e,7003,0,1.0000,brain
LB2a,2062,0,1.0000,brain
LB2b,1075,0,1.0000,brain
LB2c,1993,0,1.0000,brain
LB2d,614,0,1.0000,brain
LB3,3,0,1.0000,brain
LB3a,4653,0,1.0000,brain
LB3b,4165,0,1.0000,brain
LB3c,10729,0,1.0000,brain
LB3d,9226,0,1.0000,brain
LB4a,2129,0,1.0000,brain
LB4b,3212,0,1.0000,brain
LBL40,0,13085,0.0000,vnc
LC10_unclear,4506,0,1.0000,brain
LC10a,329917,0,1.0000,brain
LC10b,108185,0,1.0000,brain
LC10c-1,110994,0,1.0000,brain
LC10c-2,103493,0,1.0000,brain
LC10d,234142,0,1.0000,brain
LC10e,53855,0,1.0000,brain
LC11,406162,0,1.0000,brain
LC12,352321,0,1.0000,brain
LC13,136566,0,1.0000,brain
LC14a-1,77662,0,1.0000,brain
LC14a-2,30315,0,1.0000,brain
LC14b,72823,0,1.0000,brain
LC15,153213,0,1.0000,brain
LC16,138995,0,1.0000,brain
LC17,675128,0,1.0000,brain
LC18,189226,0,1.0000,brain
LC19,35750,0,1.0000,brain
LC20a,81956,0,1.0000,brain
LC20b,116028,0,1.0000,brain
LC21,155825,0,1.0000,brain
LC22,103032,0,1.0000,brain
LC23,39264,0,1.0000,brain
LC24,43042,0,1.0000,brain
LC25,52290,0,1.0000,brain
LC26,53400,0,1.0000,brain
LC27,27149,0,1.0000,brain
LC28,77076,0,1.0000,brain
LC29,27434,0,1.0000,brain
LC30,20832,0,1.0000,brain
LC31a,61019,0,1.0000,brain
LC31b,46145,0,1.0000,brain
LC33,52113,0,1.0000,brain
LC34,10662,0,1.0000,brain
LC35a,44703,0,1.0000,brain
LC35b,7935,0,1.0000,brain
LC36,34307,0,1.0000,brain
LC37,25324,0,1.0000,brain
LC39a,10471,0,1.0000,brain
LC39b,4382,0,1.0000,brain
LC4,361013,0,1.0000,brain
LC40,40806,0,1.0000,brain
LC41,9323,0,1.0000,brain
LC43,9368,0,1.0000,brain
LC44,3236,0,1.0000,brain
LC46b,7685,0,1.0000,brain
LC6,118052,0,1.0000,brain
LC9,247821,0,1.0000,brain
LCNOp,7721,0,1.0000,brain
LCNOpm,19560,0,1.0000,brain
LH001m,2607,0,1.0000,brain
LH002m,13189,0,1.0000,brain
LH003m,8377,0,1.0000,brain
LH004m,11935,0,1.0000,brain
LH005m,5390,0,1.0000,brain
LH006m,10721,0,1.0000,brain
LH007m,13347,0,1.0000,brain
LH008m,13004,0,1.0000,brain
LHAD1a1,4670,0,1.0000,brain
LHAD1a2,14387,0,1.0000,brain
LHAD1a3,1682,0,1.0000,brain
LHAD1a4_a,3035,0,1.0000,brain
LHAD1a4_b,2618,0,1.0000,brain
LHAD1b1_b,8349,0,1.0000,brain
LHAD1b2,14604,0,1.0000,brain
LHAD1b2_b,11184,0,1.0000,brain
LHAD1b2_d,6301,0,1.0000,brain
LHAD1b3,4911,0,1.0000,brain
LHAD1b4,3415,0,1.0000,brain
LHAD1b5,12417,0,1.0000,brain
LHAD1c2,6443,0,1.0000,brain
LHAD1c2b,1459,0,1.0000,brain
LHAD1c3,3352,0,1.0000,brain
LHAD1d1,8600,0,1.0000,brain
LHAD1d2,3028,0,1.0000,brain
LHAD1f1,7464,0,1.0000,brain
LHAD1f2,15210,0,1.0000,brain
LHAD1f3_a,4557,0,1.0000,brain
LHAD1f3_b,4787,0,1.0000,brain
LHAD1f4,8323,0,1.0000,brain
LHAD1f5,3515,0,1.0000,brain
LHAD1g1,62300,0,1.0000,brain
LHAD1h1,4303,0,1.0000,brain
LHAD1i1,4866,0,1.0000,brain
LHAD1i2_b,6456,0,1.0000,brain
LHAD1j1,3554,0,1.0000,brain
LHAD1k1,5947,0,1.0000,brain
LHAD2b1,7123,0,1.0000,brain
LHAD2c1,4930,0,1.0000,brain
LHAD2c2,5933,0,1.0000,brain
LHAD2c3,7310,0,1.0000,brain
LHAD2d1,3339,0,1.0000,brain
LHAD2e1,3365,0,1.0000,brain
LHAD2e3,3557,0,1.0000,brain
LHAD3a1,4219,0,1.0000,brain
LHAD3a10,1058,0,1.0000,brain
LHAD3a8,1934,0,1.0000,brain
LHAD3b1_a,2073,0,1.0000,brain
LHAD3d4,3025,0,1.0000,brain
LHAD3d5,2171,0,1.0000,brain
LHAD3e1_a,5595,0,1.0000,brain
LHAD3f1_a,6519,0,1.0000,brain
LHAD3f1_b,4366,0,1.0000,brain
LHAD3g1,2665,0,1.0000,brain
LHAD4a1,3795,0,1.0000,brain
LHAV1a1,13867,0,1.0000,brain
LHAV1a3,10670,0,1.0000,brain
LHAV1a4,4904,0,1.0000,brain
LHAV1b1,1959,0,1.0000,brain
LHAV1b3,1461,0,1.0000,brain
LHAV1d1,3762,0,1.0000,brain
LHAV1d2,13180,0,1.0000,brain
LHAV1e1,7340,0,1.0000,brain
LHAV1f1,7625,0,1.0000,brain
LHAV2a2,6492,0,1.0000,brain
LHAV2a3,8695,0,1.0000,brain
LHAV2a5,1489,0,1.0000,brain
LHAV2b1,7751,0,1.0000,brain
LHAV2b10,3425,0,1.0000,brain
LHAV2b11,3093,0,1.0000,brain
LHAV2b2_a,21461,0,1.0000,brain
LHAV2b2_b,10071,0,1.0000,brain
LHAV2b2_c,3486,0,1.0000,brain
LHAV2b2_d,7489,0,1.0000,brain
LHAV2b3,9615,0,1.0000,brain
LHAV2b4,8409,0,1.0000,brain
LHAV2b5,6828,0,1.0000,brain
LHAV2b6,4594,0,1.0000,brain
LHAV2b7_a,3672,0,1.0000,brain
LHAV2b7_b,2506,0,1.0000,brain
LHAV2b8,1764,0,1.0000,brain
LHAV2b9,1629,0,1.0000,brain
LHAV2c1,14169,0,1.0000,brain
LHAV2d1,9125,0,1.0000,brain
LHAV2e4_b,1214,0,1.0000,brain
LHAV2f2_a,562,0,1.0000,brain
LHAV2f2_b,4961,0,1.0000,brain
LHAV2g1,4152,0,1.0000,brain
LHAV2g2_a,6283,0,1.0000,brain
LHAV2g2_b,3965,0,1.0000,brain
LHAV2g3,6149,0,1.0000,brain
LHAV2g5,6838,0,1.0000,brain
LHAV2g6,3021,0,1.0000,brain
LHAV2h1,7655,0,1.0000,brain
LHAV2i4,2654,0,1.0000,brain
LHAV2j1,1406,0,1.0000,brain
LHAV2k1,4523,0,1.0000,brain
LHAV2k10,1283,0,1.0000,brain
LHAV2k11_a,2276,0,1.0000,brain
LHAV2k12_a,4386,0,1.0000,brain
LHAV2k12_b,1664,0,1.0000,brain
LHAV2k13,3923,0,1.0000,brain
LHAV2k5,3808,0,1.0000,brain
LHAV2k6,3916,0,1.0000,brain
LHAV2k8,6598,0,1.0000,brain
LHAV2k9,9779,0,1.0000,brain
LHAV2m1,5823,0,1.0000,brain
LHAV2n1,3627,0,1.0000,brain
LHAV2o1,6622,0,1.0000,brain
LHAV2p1,7581,0,1.0000,brain
LHAV3a1_b,2413,0,1.0000,brain
LHAV3a1_c,5525,0,1.0000,brain
LHAV3b1,6223,0,1.0000,brain
LHAV3b12,5089,0,1.0000,brain
LHAV3b13,9421,0,1.0000,brain
LHAV3b2_a,2646,0,1.0000,brain
LHAV3b2_b,3067,0,1.0000,brain
LHAV3b2_c,5507,0,1.0000,brain
LHAV3b6_b,2944,0,1.0000,brain
LHAV3b8,2769,0,1.0000,brain
LHAV3d1,3636,0,1.0000,brain
LHAV3e1,6505,0,1.0000,brain
LHAV3e2,7219,0,1.0000,brain
LHAV3e3_a,3985,0,1.0000,brain
LHAV3e3_b,3383,0,1.0000,brain
LHAV3e4_a,4492,0,1.0000,brain
LHAV3e4_b,2636,0,1.0000,brain
LHAV3e5,3742,0,1.0000,brain
LHAV3e6,1984,0,1.0000,brain
LHAV3f1,10627,0,1.0000,brain
LHAV3g1,3803,0,1.0000,brain
LHAV3g2,5320,0,1.0000,brain
LHAV3h1,9372,0,1.0000,brain
LHAV3i1,3401,0,1.0000,brain
LHAV3j1,8602,0,1.0000,brain
LHAV3k1,12578,0,1.0000,brain
LHAV3k2,3983,0,1.0000,brain
LHAV3k3,5068,0,1.0000,brain
LHAV3k4,4120,0,1.0000,brain
LHAV3k5,11949,0,1.0000,brain
LHAV3k6,5422,0,1.0000,brain
LHAV3m1,7263,0,1.0000,brain
LHAV3n1,9160,0,1.0000,brain
LHAV3o1,6623,0,1.0000,brain
LHAV3p1,5484,0,1.0000,brain
LHAV3q1,5259,0,1.0000,brain
LHAV4a1_a,2982,0,1.0000,brain
LHAV4a1_b,17221,0,1.0000,brain
LHAV4a2,10122,0,1.0000,brain
LHAV4a4,11728,0,1.0000,brain
LHAV4a5,6675,0,1.0000,brain
LHAV4a6,1362,0,1.0000,brain
LHAV4a7,6570,0,1.0000,brain
LHAV4b1,2529,0,1.0000,brain
LHAV4b2,4935,0,1.0000,brain
LHAV4b4,7689,0,1.0000,brain
LHAV4c1,7090,0,1.0000,brain
LHAV4c2,13217,0,1.0000,brain
LHAV4d1,9760,0,1.0000,brain
LHAV4d4,2313,0,1.0000,brain
LHAV4d5,4634,0,1.0000,brain
LHAV4e1_a,2900,0,1.0000,brain
LHAV4e1_b,5392,0,1.0000,brain
LHAV4e2_b1,3312,0,1.0000,brain
LHAV4e2_b2,2553,0,1.0000,brain
LHAV4e4,6140,0,1.0000,brain
LHAV4e7_b,1212,0,1.0000,brain
LHAV4g1,8433,0,1.0000,brain
LHAV4g12,7168,0,1.0000,brain
LHAV4g13,6951,0,1.0000,brain
LHAV4g14,4006,0,1.0000,brain
LHAV4g17,4172,0,1.0000,brain
LHAV4g4_b,4928,0,1.0000,brain
LHAV4g6_a,3404,0,1.0000,brain
LHAV4g7_a,3069,0,1.0000,brain
LHAV4g7_b,5398,0,1.0000,brain
LHAV4i1,5295,0,1.0000,brain
LHAV4j1,5199,0,1.0000,brain
LHAV4l1,4745,0,1.0000,brain
LHAV5a1,2885,0,1.0000,brain
LHAV5a10_b,1569,0,1.0000,brain
LHAV5a2_a1,2023,0,1.0000,brain
LHAV5a2_a2,3843,0,1.0000,brain
LHAV5a2_a3,3384,0,1.0000,brain
LHAV5a2_a4,3557,0,1.0000,brain
LHAV5a2_b,2781,0,1.0000,brain
LHAV5a2_d,825,0,1.0000,brain
LHAV5a4_a,2697,0,1.0000,brain
LHAV5a4_c,2404,0,1.0000,brain
LHAV5a6_a,2633,0,1.0000,brain
LHAV5a6_b,3245,0,1.0000,brain
LHAV5a8,7069,0,1.0000,brain
LHAV5a9_a,3334,0,1.0000,brain
LHAV5b1,3079,0,1.0000,brain
LHAV5b2,5105,0,1.0000,brain
LHAV5c1,4366,0,1.0000,brain
LHAV5d1,4846,0,1.0000,brain
LHAV5e1,2048,0,1.0000,brain
LHAV6a1,4106,0,1.0000,brain
LHAV6a3,8868,0,1.0000,brain
LHAV6a4,2702,0,1.0000,brain
LHAV6a5,4397,0,1.0000,brain
LHAV6a7,6125,0,1.0000,brain
LHAV6a8,2976,0,1.0000,brain
LHAV6b1,6806,0,1.0000,brain
LHAV6b3,12858,0,1.0000,brain
LHAV6b4,4220,0,1.0000,brain
LHAV6c1,4240,0,1.0000,brain
LHAV6e1,8348,0,1.0000,brain
LHAV6g1,8259,0,1.0000,brain
LHAV6h1,3626,0,1.0000,brain
LHAV6i2_b,2471,0,1.0000,brain
LHAV7a1,3639,0,1.0000,brain
LHAV7a1_a,2422,0,1.0000,brain
LHAV7a1_b,1941,0,1.0000,brain
LHAV7a3,4768,0,1.0000,brain
LHAV7a4,5256,0,1.0000,brain
LHAV7a5,3655,0,1.0000,brain
LHAV7a6,1768,0,1.0000,brain
LHAV7a7,4886,0,1.0000,brain
LHAV7b1,14857,0,1.0000,brain
LHAV8a1,4794,0,1.0000,brain
LHAV9a1_a,3802,0,1.0000,brain
LHAV9a1_b,4737,0,1.0000,brain
LHAV9a1_c,4320,0,1.0000,brain
LHCENT1,32212,0,1.0000,brain
LHCENT10,21401,0,1.0000,brain
LHCENT11,10994,0,1.0000,brain
LHCENT12_a,5665,0,1.0000,brain
LHCENT12_b,7442,0,1.0000,brain
LHCENT13_a,5688,0,1.0000,brain
LHCENT13_b,3952,0,1.0000,brain
LHCENT13_c,3655,0,1.0000,brain
LHCENT13_d,2839,0,1.0000,brain
LHCENT14,7758,0,1.0000,brain
LHCENT2,40149,0,1.0000,brain
LHCENT3,28303,0,1.0000,brain
LHCENT4,20253,0,1.0000,brain
LHCENT5,8258,0,1.0000,brain
LHCENT6,24538,0,1.0000,brain
LHCENT8,27641,0,1.0000,brain
LHCENT9,32803,0,1.0000,brain
LHMB1,16315,0,1.0000,brain
LHPD1b1,3064,0,1.0000,brain
LHPD2a1,14198,0,1.0000,brain
LHPD2a2,22000,0,1.0000,brain
LHPD2a4_a,8715,0,1.0000,brain
LHPD2a4_b,4879,0,1.0000,brain
LHPD2a5_b,1664,0,1.0000,brain
LHPD2a6,7162,0,1.0000,brain
LHPD2b1,3497,0,1.0000,brain
LHPD2c1,6016,0,1.0000,brain
LHPD2c2,7309,0,1.0000,brain
LHPD2c6,2010,0,1.0000,brain
LHPD2c7,12221,0,1.0000,brain
LHPD2d1,5279,0,1.0000,brain
LHPD2d2,3748,0,1.0000,brain
LHPD3a2_a,2820,0,1.0000,brain
LHPD3a2_b,3825,0,1.0000,brain
LHPD3a2_c,2362,0,1.0000,brain
LHPD3a4_b,5072,0,1.0000,brain
LHPD3a4_c,3661,0,1.0000,brain
LHPD3a5,3694,0,1.0000,brain
LHPD3c1,3609,0,1.0000,brain
LHPD4a1,4578,0,1.0000,brain
LHPD4a2,3193,0,1.0000,brain
LHPD4b1,2876,0,1.0000,brain
LHPD4c1,14893,0,1.0000,brain
LHPD4d1,9118,0,1.0000,brain
LHPD4d2_b,2171,0,1.0000,brain
LHPD4e1_b,1970,0,1.0000,brain
LHPD5a1,5427,0,1.0000,brain
LHPD5b1,6431,0,1.0000,brain
LHPD5c1,11541,0,1.0000,brain
LHPD5d1,14753,0,1.0000,brain
LHPD5e1,3624,0,1.0000,brain
LHPD5f1,7215,0,1.0000,brain
LHPV10a1a,2299,0,1.0000,brain
LHPV10a1b,2586,0,1.0000,brain
LHPV10b1,13531,0,1.0000,brain
LHPV10c1,7475,0,1.0000,brain
LHPV10d1,17120,0,1.0000,brain
LHPV11a1,5230,0,1.0000,brain
LHPV12a1,49598,0,1.0000,brain
LHPV1c1,5546,0,1.0000,brain
LHPV1c2,9175,0,1.0000,brain
LHPV1d1,5394,0,1.0000,brain
LHPV2a1_a,7044,0,1.0000,brain
LHPV2a1_c,10607,0,1.0000,brain
LHPV2a1_d,11332,0,1.0000,brain
LHPV2a1_e,8394,0,1.0000,brain
LHPV2a2,1588,0,1.0000,brain
LHPV2a3,4832,0,1.0000,brain
LHPV2a4,2684,0,1.0000,brain
LHPV2a5,2524,0,1.0000,brain
LHPV2b1,1940,0,1.0000,brain
LHPV2b2_a,3561,0,1.0000,brain
LHPV2b3,7635,0,1.0000,brain
LHPV2b4,5951,0,1.0000,brain
LHPV2b5,7531,0,1.0000,brain
LHPV2c1_a,2359,0,1.0000,brain
LHPV2c2,4000,0,1.0000,brain
LHPV2c4,2440,0,1.0000,brain
LHPV2c5,3601,0,1.0000,brain
LHPV2d1,5969,0,1.0000,brain
LHPV2e1_a,8287,0,1.0000,brain
LHPV2g1,16011,0,1.0000,brain
LHPV2h1,4230,0,1.0000,brain
LHPV2i1,6989,0,1.0000,brain
LHPV2i2_a,3546,0,1.0000,brain
LHPV2i2_b,4665,0,1.0000,brain
LHPV3a1,9671,0,1.0000,brain
LHPV3a2,4948,0,1.0000,brain
LHPV3a3_b,9439,0,1.0000,brain
LHPV3b1_a,4982,0,1.0000,brain
LHPV3b1_b,4837,0,1.0000,brain
LHPV3c1,12369,0,1.0000,brain
LHPV4a1,9130,0,1.0000,brain
LHPV4a10,8023,0,1.0000,brain
LHPV4a11,3116,0,1.0000,brain
LHPV4a2,6165,0,1.0000,brain
LHPV4a3,1613,0,1.0000,brain
LHPV4a5,5110,0,1.0000,brain
LHPV4a7,2514,0,1.0000,brain
LHPV4a7_d,3970,0,1.0000,brain
LHPV4a8,3691,0,1.0000,brain
LHPV4a9,3316,0,1.0000,brain
LHPV4b1,8317,0,1.0000,brain
LHPV4b2,5588,0,1.0000,brain
LHPV4b3,4545,0,1.0000,brain
LHPV4b4,6893,0,1.0000,brain
LHPV4b5,1396,0,1.0000,brain
LHPV4b7,1809,0,1.0000,brain
LHPV4b9,2506,0,1.0000,brain
LHPV4c1_a,1405,0,1.0000,brain
LHPV4c1_b,5804,0,1.0000,brain
LHPV4c1_c,6260,0,1.0000,brain
LHPV4c2,3773,0,1.0000,brain
LHPV4c3,3057,0,1.0000,brain
LHPV4c4,2752,0,1.0000,brain
LHPV4d10,4874,0,1.0000,brain
LHPV4d3,3166,0,1.0000,brain
LHPV4d4,3199,0,1.0000,brain
LHPV4d7,1703,0,1.0000,brain
LHPV4e1,2851,0,1.0000,brain
LHPV4g1,9861,0,1.0000,brain
LHPV4g2,6420,0,1.0000,brain
LHPV4h1,3397,0,1.0000,brain
LHPV4h3,3364,0,1.0000,brain
LHPV4i1,4484,0,1.0000,brain
LHPV4i3,2736,0,1.0000,brain
LHPV4i4,4091,0,1.0000,brain
LHPV4j2,4052,0,1.0000,brain
LHPV4j3,4699,0,1.0000,brain
LHPV4j4,4427,0,1.0000,brain
LHPV4k1,1550,0,1.0000,brain
LHPV4l1,5203,0,1.0000,brain
LHPV4m1,10720,0,1.0000,brain
LHPV5a1,8349,0,1.0000,brain
LHPV5a2,7304,0,1.0000,brain
LHPV5a3,2680,0,1.0000,brain
LHPV5a5,308,0,1.0000,brain
LHPV5b1,7687,0,1.0000,brain
LHPV5b2,8370,0,1.0000,brain
LHPV5b3,6593,0,1.0000,brain
LHPV5b4,2331,0,1.0000,brain
LHPV5b6,3095,0,1.0000,brain
LHPV5c1,8761,0,1.0000,brain
LHPV5c1_a,7795,0,1.0000,brain
LHPV5c1_c,788,0,1.0000,brain
LHPV5c1_d,3363,0,1.0000,brain
LHPV5c2,1033,0,1.0000,brain
LHPV5c3,3118,0,1.0000,brain
LHPV5d1,7795,0,1.0000,brain
LHPV5d3,1386,0,1.0000,brain
LHPV5e1,21681,0,1.0000,brain
LHPV5e2,4207,0,1.0000,brain
LHPV5e3,16787,0,1.0000,brain
LHPV5g1_a,3301,0,1.0000,brain
LHPV5g1_b,5242,0,1.0000,brain
LHPV5g2,1860,0,1.0000,brain
LHPV5h2_a,3140,0,1.0000,brain
LHPV5h2_b,2485,0,1.0000,brain
LHPV5h2_c,1068,0,1.0000,brain
LHPV5h4,3223,0,1.0000,brain
LHPV5i1,7350,0,1.0000,brain
LHPV5j1,2441,0,1.0000,brain
LHPV5l1,10144,0,1.0000,brain
LHPV5m1,2037,0,1.0000,brain
LHPV6a1,16495,0,1.0000,brain
LHPV6a10,4909,0,1.0000,brain
LHPV6a3,3705,0,1.0000,brain
LHPV6a9_b,4379,0,1.0000,brain
LHPV6c1,10297,0,1.0000,brain
LHPV6c2,2875,0,1.0000,brain
LHPV6d1,6739,0,1.0000,brain
LHPV6f1,5358,0,1.0000,brain
LHPV6f3_b,3011,0,1.0000,brain
LHPV6f5,3752,0,1.0000,brain
LHPV6g1,8755,0,1.0000,brain
LHPV6h1,6532,0,1.0000,brain
LHPV6h1_b,4115,0,1.0000,brain
LHPV6h2,9574,0,1.0000,brain
"LHPV6h3,SLP276",3453,0,1.0000,brain
LHPV6i1_a,2312,0,1.0000,brain
LHPV6i2_a,4340,0,1.0000,brain
LHPV6j1,5230,0,1.0000,brain
LHPV6k1,6568,0,1.0000,brain
LHPV6k2,3987,0,1.0000,brain
LHPV6l1,2129,0,1.0000,brain
LHPV6l2,4146,0,1.0000,brain
LHPV6m1,6926,0,1.0000,brain
LHPV6o1,6399,0,1.0000,brain
LHPV6p1,4987,0,1.0000,brain
LHPV6q1,29489,0,1.0000,brain
LHPV7a1,6733,0,1.0000,brain
LHPV7a2,11390,0,1.0000,brain
LHPV7b1,5393,0,1.0000,brain
LHPV7c1,8198,0,1.0000,brain
LHPV8a1,6624,0,1.0000,brain
LHPV8c1,1810,0,1.0000,brain
LHPV9b1,7772,0,1.0000,brain
LK,0,13122,0.0000,vnc
LLPC1,335235,0,1.0000,brain
LLPC2,232348,0,1.0000,brain
LLPC3,205300,0,1.0000,brain
LLPC4,9612,0,1.0000,brain
LLPC_unclear,1203,0,1.0000,brain
LN-DN1,1959,612,0.7620,brain
LN-DN2,1063,1309,0.4481,vnc
LN60,19774,0,1.0000,brain
LNO1,13723,0,1.0000,brain
LNO2,21550,0,1.0000,brain
LNOa,6503,0,1.0000,brain
LNd_b,9287,0,1.0000,brain
LNd_c,7565,0,1.0000,brain
LOLP1,169421,0,1.0000,brain
LOP_LO_unclear,3998,0,1.0000,brain
LOP_ME_unclear,2302,0,1.0000,brain
LOP_unclear,3446,0,1.0000,brain
LO_LOP_unclear,481,0,1.0000,brain
LO_ME_unclear,857,0,1.0000,brain
LO_unclear,11320,0,1.0000,brain
LPC1,176280,0,1.0000,brain
LPC2,118109,0,1.0000,brain
LPC_unclear,2461,0,1.0000,brain
LPLC1,445451,0,1.0000,brain
LPLC2,422594,0,1.0000,brain
LPLC4,305139,0,1.0000,brain
LPLC_unclear,2192,0,1.0000,brain
LPN_a,5635,0,1.0000,brain
LPN_b,4291,0,1.0000,brain
LPT100,28939,0,1.0000,brain
LPT101,5240,0,1.0000,brain
LPT110,5190,0,1.0000,brain
LPT111,50049,0,1.0000,brain
LPT112,12358,0,1.0000,brain
LPT113,10774,0,1.0000,brain
LPT114,43186,0,1.0000,brain
LPT115,5577,0,1.0000,brain
LPT116,9931,0,1.0000,brain
LPT21,21011,0,1.0000,brain
LPT22,20753,0,1.0000,brain
LPT23,72806,0,1.0000,brain
LPT26,21086,0,1.0000,brain
LPT27,23627,0,1.0000,brain
LPT28,10533,0,1.0000,brain
LPT29,6131,0,1.0000,brain
LPT30,12356,0,1.0000,brain
LPT31,22199,0,1.0000,brain
LPT49,18874,0,1.0000,brain
LPT50,40509,0,1.0000,brain
LPT51,13610,0,1.0000,brain
LPT52,9153,0,1.0000,brain
LPT53,8707,0,1.0000,brain
LPT54,17648,0,1.0000,brain
LPT57,11671,0,1.0000,brain
LPT59,11200,0,1.0000,brain
LPT60,34834,0,1.0000,brain
LPi12,166548,0,1.0000,brain
LPi14,14921,0,1.0000,brain
LPi21,170279,0,1.0000,brain
LPi2b,58970,0,1.0000,brain
LPi2c,159110,0,1.0000,brain
LPi2d,46396,0,1.0000,brain
LPi2e,113206,0,1.0000,brain
LPi34,239085,0,1.0000,brain
LPi3412,193632,0,1.0000,brain
LPi3a,110558,0,1.0000,brain
LPi3b,51669,0,1.0000,brain
LPi3c,7575,0,1.0000,brain
LPi43,143711,0,1.0000,brain
LPi4a,27579,0,1.0000,brain
LPi4b,110786,0,1.0000,brain
LPi_unclear,1899,0,1.0000,brain
LPsP,17677,0,1.0000,brain
LT11,59292,0,1.0000,brain
LT1a,51940,0,1.0000,brain
LT1b,82286,0,1.0000,brain
LT1c,30045,0,1.0000,brain
LT1d,55883,0,1.0000,brain
LT33,63116,0,1.0000,brain
LT34,13705,0,1.0000,brain
LT35,14778,0,1.0000,brain
LT36,33543,0,1.0000,brain
LT37,15317,0,1.0000,brain
LT39,16924,0,1.0000,brain
LT40,11441,0,1.0000,brain
LT41,10812,0,1.0000,brain
LT42,24015,0,1.0000,brain
LT43,8785,0,1.0000,brain
LT46,17904,0,1.0000,brain
LT47,4640,0,1.0000,brain
LT51,113208,0,1.0000,brain
LT52,136790,0,1.0000,brain
LT54,3974,0,1.0000,brain
LT55,6980,0,1.0000,brain
LT56,59397,0,1.0000,brain
LT58,61573,0,1.0000,brain
LT59,6344,0,1.0000,brain
LT60,9424,0,1.0000,brain
LT61a,33951,0,1.0000,brain
LT61b,27212,0,1.0000,brain
LT62,37774,0,1.0000,brain
LT63,19081,0,1.0000,brain
LT64,6308,0,1.0000,brain
LT65,10418,0,1.0000,brain
LT66,24808,0,1.0000,brain
LT67,6195,0,1.0000,brain
LT68,5791,0,1.0000,brain
LT69,4822,0,1.0000,brain
LT70,7402,0,1.0000,brain
LT72,8330,0,1.0000,brain
LT73,7586,0,1.0000,brain
LT74,14732,0,1.0000,brain
LT75,7542,0,1.0000,brain
LT76,8410,0,1.0000,brain
LT77,29914,0,1.0000,brain
LT78,28406,0,1.0000,brain
LT79,58900,0,1.0000,brain
LT80,12295,0,1.0000,brain
LT81,7351,0,1.0000,brain
LT82a,33763,0,1.0000,brain
LT82b,14908,0,1.0000,brain
LT83,52288,0,1.0000,brain
LT84,9322,0,1.0000,brain
LT85,5673,0,1.0000,brain
LT86,13698,0,1.0000,brain
LT87,36673,0,1.0000,brain
LT88,15735,0,1.0000,brain
Lai,17775,0,1.0000,brain
Lat1,2479,0,1.0000,brain
Lat2,3057,0,1.0000,brain
Lat3,2148,0,1.0000,brain
Lat4,580,0,1.0000,brain
Lat5,2416,0,1.0000,brain
Lawf1,246618,0,1.0000,brain
Lawf2,182806,0,1.0000,brain
LgAG1,18099,6011,0.7507,brain
LgAG2,5531,1931,0.7412,brain
LgAG3,4061,771,0.8404,brain
LgAG4,2502,544,0.8214,brain
LgAG5,2714,752,0.7830,brain
LgAG6,2372,115,0.9538,brain
LgAG7,3983,289,0.9324,brain
LgAG8,1641,456,0.7825,brain
LgAG9,1232,47,0.9633,brain
LgLG1a,0,62929,0.0000,vnc
LgLG1b,0,44524,0.0000,vnc
LgLG2,0,24597,0.0000,vnc
LgLG3,0,38858,0.0000,vnc
LgLG4,0,10629,0.0000,vnc
LgLG5,0,8146,0.0000,vnc
LgLG6,0,10236,0.0000,vnc
LgLG7,0,5542,0.0000,vnc
LgLG8,0,7409,0.0000,vnc
Li11a,43947,0,1.0000,brain
Li11b,29691,0,1.0000,brain
Li12,72838,0,1.0000,brain
Li13,71402,0,1.0000,brain
Li14,317069,0,1.0000,brain
Li15,105449,0,1.0000,brain
Li16,84292,0,1.0000,brain
Li17,159571,0,1.0000,brain
Li18a,31372,0,1.0000,brain
Li18b,11217,0,1.0000,brain
Li19,87328,0,1.0000,brain
Li20,118490,0,1.0000,brain
Li21,176791,0,1.0000,brain
Li22,129246,0,1.0000,brain
Li23,133237,0,1.0000,brain
Li25,321913,0,1.0000,brain
Li26,109809,0,1.0000,brain
Li27,44256,0,1.0000,brain
Li28,67743,0,1.0000,brain
Li29,91031,0,1.0000,brain
Li30,88836,0,1.0000,brain
Li31,29704,0,1.0000,brain
Li32,97567,0,1.0000,brain
Li33,103676,0,1.0000,brain
Li34a,68593,0,1.0000,brain
Li34b,73065,0,1.0000,brain
Li35,13671,0,1.0000,brain
Li36,4787,0,1.0000,brain
Li37,8547,0,1.0000,brain
Li38,79749,0,1.0000,brain
Li39,142567,0,1.0000,brain
Li_unclear,7375,0,1.0000,brain
LoVC1,30822,0,1.0000,brain
LoVC11,30517,0,1.0000,brain
LoVC12,21569,0,1.0000,brain
LoVC13,6990,0,1.0000,brain
LoVC14,11720,0,1.0000,brain
LoVC15,29881,0,1.0000,brain
LoVC16,117915,0,1.0000,brain
LoVC17,9377,0,1.0000,brain
LoVC18,50271,0,1.0000,brain
LoVC19,25600,0,1.0000,brain
LoVC2,28852,0,1.0000,brain
LoVC20,16360,0,1.0000,brain
LoVC21,8297,0,1.0000,brain
LoVC22,29916,0,1.0000,brain
LoVC23,5522,0,1.0000,brain
LoVC24,3696,0,1.0000,brain
LoVC25,26878,0,1.0000,brain
LoVC26,3816,0,1.0000,brain
LoVC27,7350,0,1.0000,brain
LoVC28,2829,0,1.0000,brain
LoVC29,2931,0,1.0000,brain
LoVC3,22931,0,1.0000,brain
LoVC4,16808,0,1.0000,brain
LoVC5,25292,0,1.0000,brain
LoVC6,15799,0,1.0000,brain
LoVC7,26764,0,1.0000,brain
LoVC9,9372,0,1.0000,brain
LoVCLo1,14761,0,1.0000,brain
LoVCLo2,19989,0,1.0000,brain
LoVCLo3,44779,0,1.0000,brain
LoVP1,57087,0,1.0000,brain
LoVP10,8991,0,1.0000,brain
LoVP100,11824,0,1.0000,brain
LoVP101,23872,0,1.0000,brain
LoVP102,47028,0,1.0000,brain
LoVP103,10306,0,1.0000,brain
LoVP105,1432,0,1.0000,brain
LoVP106,13531,0,1.0000,brain
LoVP107,7191,0,1.0000,brain
LoVP108,12203,0,1.0000,brain
LoVP109,11750,0,1.0000,brain
LoVP11,4745,0,1.0000,brain
LoVP12,10459,0,1.0000,brain
LoVP13,22298,0,1.0000,brain
LoVP14,37062,0,1.0000,brain
LoVP16,16044,0,1.0000,brain
LoVP17,7748,0,1.0000,brain
LoVP18,38392,0,1.0000,brain
LoVP19,953,0,1.0000,brain
LoVP2,30035,0,1.0000,brain
LoVP20,2479,0,1.0000,brain
LoVP21,4068,0,1.0000,brain
LoVP22,1995,0,1.0000,brain
LoVP23,9065,0,1.0000,brain
LoVP24,7226,0,1.0000,brain
LoVP25,6502,0,1.0000,brain
LoVP26,20912,0,1.0000,brain
LoVP27,7503,0,1.0000,brain
LoVP28,5308,0,1.0000,brain
LoVP29,4729,0,1.0000,brain
LoVP3,5232,0,1.0000,brain
LoVP30,4463,0,1.0000,brain
LoVP31,2233,0,1.0000,brain
LoVP32,11921,0,1.0000,brain
LoVP33,4969,0,1.0000,brain
LoVP34,4058,0,1.0000,brain
LoVP35,6042,0,1.0000,brain
LoVP36,4429,0,1.0000,brain
LoVP37,3223,0,1.0000,brain
LoVP38,4598,0,1.0000,brain
LoVP39,10257,0,1.0000,brain
LoVP4,5688,0,1.0000,brain
LoVP40,5694,0,1.0000,brain
LoVP41,2626,0,1.0000,brain
LoVP42,7147,0,1.0000,brain
LoVP43,4716,0,1.0000,brain
LoVP44,3964,0,1.0000,brain
LoVP45,8008,0,1.0000,brain
LoVP46,7177,0,1.0000,brain
LoVP47,12279,0,1.0000,brain
LoVP48,6399,0,1.0000,brain
LoVP49,10156,0,1.0000,brain
LoVP5,16426,0,1.0000,brain
LoVP50,31656,0,1.0000,brain
LoVP51,4315,0,1.0000,brain
LoVP52,2563,0,1.0000,brain
LoVP53,9452,0,1.0000,brain
LoVP54,16156,0,1.0000,brain
LoVP55,4410,0,1.0000,brain
LoVP56,5096,0,1.0000,brain
LoVP57,4207,0,1.0000,brain
LoVP58,3575,0,1.0000,brain
LoVP59,10108,0,1.0000,brain
LoVP6,24819,0,1.0000,brain
LoVP60,6437,0,1.0000,brain
LoVP61,7104,0,1.0000,brain
LoVP62,7387,0,1.0000,brain
LoVP63,6634,0,1.0000,brain
LoVP64,4423,0,1.0000,brain
LoVP65,3709,0,1.0000,brain
LoVP66,2016,0,1.0000,brain
LoVP67,4625,0,1.0000,brain
LoVP68,8752,0,1.0000,brain
LoVP69,8553,0,1.0000,brain
LoVP7,8242,0,1.0000,brain
LoVP70,5407,0,1.0000,brain
LoVP71,5314,0,1.0000,brain
LoVP72,4967,0,1.0000,brain
LoVP73,7258,0,1.0000,brain
LoVP74,9993,0,1.0000,brain
LoVP75,7899,0,1.0000,brain
LoVP76,7313,0,1.0000,brain
LoVP77,2700,0,1.0000,brain
LoVP78,3890,0,1.0000,brain
LoVP79,5777,0,1.0000,brain
LoVP8,7085,0,1.0000,brain
LoVP80,3487,0,1.0000,brain
LoVP81,3343,0,1.0000,brain
LoVP82,5982,0,1.0000,brain
LoVP83,8684,0,1.0000,brain
LoVP84,5883,0,1.0000,brain
LoVP85,12238,0,1.0000,brain
LoVP86,7804,0,1.0000,brain
LoVP88,8591,0,1.0000,brain
LoVP89,12480,0,1.0000,brain
LoVP9,3311,0,1.0000,brain
LoVP90a,12400,0,1.0000,brain
LoVP90b,13291,0,1.0000,brain
LoVP90c,11806,0,1.0000,brain
LoVP91,10024,0,1.0000,brain
LoVP92,30401,0,1.0000,brain
LoVP93,21365,0,1.0000,brain
LoVP94,1937,0,1.0000,brain
LoVP95,2742,0,1.0000,brain
LoVP96,11131,0,1.0000,brain
LoVP97,9251,0,1.0000,brain
LoVP98,2516,0,1.0000,brain
LoVP99,9482,0,1.0000,brain
LoVP_unclear,8383,0,1.0000,brain
LopVC_unclear,264,0,1.0000,brain
LpMe_unclear,1313,0,1.0000,brain
MB-C1,17140,0,1.0000,brain
MBON01,55825,0,1.0000,brain
MBON02,25403,0,1.0000,brain
MBON03,35324,0,1.0000,brain
MBON04,26422,0,1.0000,brain
MBON05,49228,0,1.0000,brain
MBON06,35694,0,1.0000,brain
MBON07,29830,0,1.0000,brain
MBON09,79890,0,1.0000,brain
MBON10,10992,0,1.0000,brain
MBON11,52385,0,1.0000,brain
MBON12,34891,0,1.0000,brain
MBON13,16423,0,1.0000,brain
MBON14,28993,0,1.0000,brain
MBON15,4521,0,1.0000,brain
MBON15-like,7391,0,1.0000,brain
MBON16,6116,0,1.0000,brain
MBON17,5216,0,1.0000,brain
MBON17-like,3658,0,1.0000,brain
MBON18,19930,0,1.0000,brain
MBON19,5306,0,1.0000,brain
MBON20,17417,0,1.0000,brain
MBON21,16208,0,1.0000,brain
MBON22,20235,0,1.0000,brain
MBON23,5734,0,1.0000,brain
MBON24,9632,0,1.0000,brain
MBON25,2944,0,1.0000,brain
MBON25-like,4338,0,1.0000,brain
MBON26,27130,0,1.0000,brain
MBON27,13937,0,1.0000,brain
MBON28,7708,0,1.0000,brain
MBON29,11274,0,1.0000,brain
MBON30,23837,0,1.0000,brain
MBON31,29344,0,1.0000,brain
MBON32,39514,0,1.0000,brain
MBON33,14796,0,1.0000,brain
MBON34,2218,0,1.0000,brain
MBON35,55931,0,1.0000,brain
MDN,21670,5383,0.8010,brain
ME_LOP_unclear,750,0,1.0000,brain
ME_LO_unclear,4048,0,1.0000,brain
ME_unclear,13134,0,1.0000,brain
MN1,3927,0,1.0000,brain
MN10,4025,0,1.0000,brain
MN11D,25273,0,1.0000,brain
MN11V,3648,0,1.0000,brain
MN12D,13481,0,1.0000,brain
MN13,1962,0,1.0000,brain
MN2Da,8832,0,1.0000,brain
MN2Db,6304,0,1.0000,brain
MN2V,8272,0,1.0000,brain
MN3L,4613,0,1.0000,brain
MN3M,2606,0,1.0000,brain
MN4a,5569,0,1.0000,brain
MN4b,3292,0,1.0000,brain
MN5,3535,0,1.0000,brain
MN6,3738,0,1.0000,brain
MN7,10537,0,1.0000,brain
MN8,2357,0,1.0000,brain
MN9,7407,0,1.0000,brain
MNad01,0,20792,0.0000,vnc
MNad02,0,36434,0.0000,vnc
MNad03,0,6486,0.0000,vnc
"MNad04,MNad48",0,9703,0.0000,vnc
MNad05,0,20996,0.0000,vnc
MNad06,0,28467,0.0000,vnc
MNad07,0,9398,0.0000,vnc
MNad08,0,21974,0.0000,vnc
MNad09,0,17616,0.0000,vnc
MNad10,0,30966,0.0000,vnc
MNad11,0,26309,0.0000,vnc
MNad12,0,1259,0.0000,vnc
MNad14,0,43376,0.0000,vnc
MNad15,0,25127,0.0000,vnc
MNad16,0,29361,0.0000,vnc
MNad17,0,7936,0.0000,vnc
"MNad18,MNad27",0,5858,0.0000,vnc
MNad19,0,42937,0.0000,vnc
MNad20,0,18378,0.0000,vnc
MNad21,0,7163,0.0000,vnc
MNad22,0,19083,0.0000,vnc
MNad23,0,7493,0.0000,vnc
MNad24,0,6778,0.0000,vnc
MNad25,0,3903,0.0000,vnc
MNad26,0,8736,0.0000,vnc
MNad28,0,5904,0.0000,vnc
MNad29,0,1978,0.0000,vnc
MNad30,0,4720,0.0000,vnc
MNad31,0,6054,0.0000,vnc
MNad32,0,8652,0.0000,vnc
MNad33,0,7888,0.0000,vnc
MNad34,0,18430,0.0000,vnc
MNad35,0,12229,0.0000,vnc
MNad36,0,11437,0.0000,vnc
MNad40,0,17272,0.0000,vnc
MNad41,0,19588,0.0000,vnc
MNad42,0,21396,0.0000,vnc
MNad43,0,4105,0.0000,vnc
MNad44,0,6851,0.0000,vnc
MNad45,0,5073,0.0000,vnc
MNad46,0,7607,0.0000,vnc
MNad47,0,6204,0.0000,vnc
MNad49,0,3119,0.0000,vnc
MNad50,0,1722,0.0000,vnc
MNad53,0,9711,0.0000,vnc
MNad54,0,2715,0.0000,vnc
MNad55,0,5788,0.0000,vnc
MNad56,0,5707,0.0000,vnc
MNad57,0,4745,0.0000,vnc
MNad61,0,10924,0.0000,vnc
MNad62,0,14370,0.0000,vnc
MNad63,0,14944,0.0000,vnc
MNad64,0,23013,0.0000,vnc
MNad65,0,15429,0.0000,vnc
MNad66,0,18503,0.0000,vnc
MNad67,0,16538,0.0000,vnc
MNad68,0,18287,0.0000,vnc
MNad69,0,2799,0.0000,vnc
MNhl01,0,12713,0.0000,vnc
MNhl02,0,14713,0.0000,vnc
MNhl29,0,7253,0.0000,vnc
MNhl59,0,16820,0.0000,vnc
MNhl60,0,1554,0.0000,vnc
MNhl62,0,24103,0.0000,vnc
MNhl64,0,2825,0.0000,vnc
MNhl65,0,1895,0.0000,vnc
MNhl87,0,3249,0.0000,vnc
MNhl88,0,4976,0.0000,vnc
MNhm03,0,9818,0.0000,vnc
MNhm42,0,19740,0.0000,vnc
MNhm43,0,11962,0.0000,vnc
MNml29,0,7397,0.0000,vnc
MNml76,0,120,0.0000,vnc
MNml77,0,1343,0.0000,vnc
MNml78,0,2739,0.0000,vnc
MNml79,0,1767,0.0000,vnc
MNml80,0,10746,0.0000,vnc
MNml81,0,11654,0.0000,vnc
MNml82,0,14275,0.0000,vnc
MNml83,0,687,0.0000,vnc
MNnm03,0,13443,0.0000,vnc
"MNnm07,MNnm12",0,5149,0.0000,vnc
MNnm08,0,11253,0.0000,vnc
MNnm09,0,11336,0.0000,vnc
MNnm10,0,12617,0.0000,vnc
MNnm11,0,15046,0.0000,vnc
MNnm13,0,15561,0.0000,vnc
MNnm14,0,6790,0.0000,vnc
MNwm35,0,32003,0.0000,vnc
MNwm36,0,39276,0.0000,vnc
MNx01,17989,0,1.0000,brain
MNx02,8782,0,1.0000,brain
MNx03,5253,0,1.0000,brain
MNx04,507,0,1.0000,brain
MNx05,1194,0,1.0000,brain
MNxm01,0,1148,0.0000,vnc
MNxm02,0,2988,0.0000,vnc
MNxm03,0,2700,0.0000,vnc
MZ_lv2PN,31440,0,1.0000,brain
M_VPNml66,2433,0,1.0000,brain
M_adPNm3,13138,0,1.0000,brain
M_adPNm4,3214,0,1.0000,brain
M_adPNm5,9035,0,1.0000,brain
M_adPNm7,3076,0,1.0000,brain
M_adPNm8,6646,0,1.0000,brain
M_ilPNm90,8740,0,1.0000,brain
M_imPNl92,15906,0,1.0000,brain
M_l2PN10t19,11684,0,1.0000,brain
M_l2PN3t18,17032,0,1.0000,brain
M_l2PNl20,27156,0,1.0000,brain
M_l2PNl21,15002,0,1.0000,brain
M_l2PNl22,7781,0,1.0000,brain
M_l2PNl23,8077,0,1.0000,brain
M_l2PNm14,6851,0,1.0000,brain
M_l2PNm15,6772,0,1.0000,brain
M_l2PNm16,19889,0,1.0000,brain
M_l2PNm17,2768,0,1.0000,brain
M_lPNm11A,5255,0,1.0000,brain
M_lPNm11B,1662,0,1.0000,brain
M_lPNm11C,2108,0,1.0000,brain
M_lPNm11D,24616,0,1.0000,brain
M_lPNm12,2179,0,1.0000,brain
M_lPNm13,6493,0,1.0000,brain
M_lv2PN9t49_a,7592,0,1.0000,brain
M_lv2PN9t49_b,7299,0,1.0000,brain
M_lvPNm24,12874,0,1.0000,brain
M_lvPNm25,5684,0,1.0000,brain
M_lvPNm26,5809,0,1.0000,brain
M_lvPNm27,768,0,1.0000,brain
M_lvPNm28,1547,0,1.0000,brain
M_lvPNm29,1712,0,1.0000,brain
M_lvPNm30,1783,0,1.0000,brain
M_lvPNm31,1265,0,1.0000,brain
M_lvPNm32,1476,0,1.0000,brain
M_lvPNm33,3887,0,1.0000,brain
M_lvPNm35,3776,0,1.0000,brain
M_lvPNm37,2602,0,1.0000,brain
M_lvPNm38,922,0,1.0000,brain
M_lvPNm39,3425,0,1.0000,brain
M_lvPNm40,3111,0,1.0000,brain
M_lvPNm41,4782,0,1.0000,brain
M_lvPNm42,3008,0,1.0000,brain
M_lvPNm43,3991,0,1.0000,brain
M_lvPNm44,1095,0,1.0000,brain
M_lvPNm45,5276,0,1.0000,brain
M_lvPNm46,2060,0,1.0000,brain
M_lvPNm47,3402,0,1.0000,brain
M_lvPNm48,6342,0,1.0000,brain
M_smPN6t2,7798,0,1.0000,brain
M_smPNm1,4121,0,1.0000,brain
M_spPN4t9,10043,0,1.0000,brain
M_spPN5t10,8761,0,1.0000,brain
M_vPNml50,37726,0,1.0000,brain
M_vPNml51,2766,0,1.0000,brain
M_vPNml52,2283,0,1.0000,brain
M_vPNml53,5817,0,1.0000,brain
M_vPNml54,704,0,1.0000,brain
M_vPNml55,4226,0,1.0000,brain
M_vPNml57,1150,0,1.0000,brain
M_vPNml60,3278,0,1.0000,brain
M_vPNml63,16132,0,1.0000,brain
M_vPNml65,9927,0,1.0000,brain
M_vPNml67,3255,0,1.0000,brain
M_vPNml68,3058,0,1.0000,brain
M_vPNml69,1231,0,1.0000,brain
M_vPNml72,3208,0,1.0000,brain
M_vPNml73,1332,0,1.0000,brain
M_vPNml75,1434,0,1.0000,brain
M_vPNml76,3502,0,1.0000,brain
M_vPNml77,1380,0,1.0000,brain
M_vPNml78,418,0,1.0000,brain
M_vPNml79,2477,0,1.0000,brain
M_vPNml80,2134,0,1.0000,brain
M_vPNml83,3587,0,1.0000,brain
M_vPNml84,3365,0,1.0000,brain
M_vPNml86,1250,0,1.0000,brain
M_vPNml87,2879,0,1.0000,brain
M_vPNml88,861,0,1.0000,brain
MeLo1,121502,0,1.0000,brain
MeLo10,254178,0,1.0000,brain
MeLo11,74466,0,1.0000,brain
MeLo12,114772,0,1.0000,brain
MeLo13,142781,0,1.0000,brain
MeLo14,86033,0,1.0000,brain
MeLo2,152803,0,1.0000,brain
MeLo3a,55599,0,1.0000,brain
MeLo3b,49022,0,1.0000,brain
MeLo4,39213,0,1.0000,brain
MeLo5,9289,0,1.0000,brain
MeLo6,33803,0,1.0000,brain
MeLo7,69188,0,1.0000,brain
MeLo8,408433,0,1.0000,brain
MeLo9,442548,0,1.0000,brain
MeTu1,236158,0,1.0000,brain
MeTu2a,23744,0,1.0000,brain
MeTu2b,22537,0,1.0000,brain
MeTu3a,33539,0,1.0000,brain
MeTu3b,92983,0,1.0000,brain
MeTu3c,144248,0,1.0000,brain
MeTu4_unclear,1140,0,1.0000,brain
MeTu4a,69788,0,1.0000,brain
MeTu4b,8936,0,1.0000,brain
MeTu4c,50935,0,1.0000,brain
MeTu4d,8215,0,1.0000,brain
MeTu4e,19648,0,1.0000,brain
MeTu4f,20959,0,1.0000,brain
MeVC1,34023,0,1.0000,brain
MeVC10,3920,0,1.0000,brain
MeVC11,48615,0,1.0000,brain
MeVC12,4970,0,1.0000,brain
MeVC2,18145,0,1.0000,brain
MeVC20,20154,0,1.0000,brain
MeVC21,13928,0,1.0000,brain
MeVC22,12179,0,1.0000,brain
MeVC23,31162,0,1.0000,brain
MeVC24,8074,0,1.0000,brain
MeVC25,41610,0,1.0000,brain
MeVC26,5471,0,1.0000,brain
MeVC27,7317,0,1.0000,brain
MeVC3,8771,0,1.0000,brain
MeVC4a,16715,0,1.0000,brain
MeVC4b,16068,0,1.0000,brain
MeVC5,5666,0,1.0000,brain
MeVC6,8382,0,1.0000,brain
MeVC7a,6027,0,1.0000,brain
MeVC7b,7875,0,1.0000,brain
MeVC8,7596,0,1.0000,brain
MeVC9,8707,0,1.0000,brain
MeVCMe1,62980,0,1.0000,brain
MeVC_unclear,983,0,1.0000,brain
MeVP1,59124,0,1.0000,brain
MeVP10,42607,0,1.0000,brain
MeVP11,28166,0,1.0000,brain
MeVP12,17424,0,1.0000,brain
MeVP14,17383,0,1.0000,brain
MeVP15,10269,0,1.0000,brain
MeVP16,6296,0,1.0000,brain
MeVP17,34190,0,1.0000,brain
MeVP18,19008,0,1.0000,brain
MeVP2,39953,0,1.0000,brain
MeVP20,2221,0,1.0000,brain
MeVP21,16931,0,1.0000,brain
MeVP22,2939,0,1.0000,brain
MeVP23,8893,0,1.0000,brain
MeVP24,14165,0,1.0000,brain
MeVP25,6793,0,1.0000,brain
MeVP26,13770,0,1.0000,brain
MeVP27,3905,0,1.0000,brain
MeVP28,6713,0,1.0000,brain
MeVP29,11478,0,1.0000,brain
MeVP3,82997,0,1.0000,brain
MeVP30,5468,0,1.0000,brain
MeVP31,1838,0,1.0000,brain
MeVP32,4292,0,1.0000,brain
MeVP33,6370,0,1.0000,brain
MeVP34,2841,0,1.0000,brain
MeVP35,2686,0,1.0000,brain
MeVP36,8192,0,1.0000,brain
MeVP38,7957,0,1.0000,brain
MeVP39,2331,0,1.0000,brain
MeVP4,60888,0,1.0000,brain
MeVP40,3775,0,1.0000,brain
MeVP41,5592,0,1.0000,brain
MeVP42,2596,0,1.0000,brain
MeVP43,7575,0,1.0000,brain
MeVP45,10025,0,1.0000,brain
MeVP46,8088,0,1.0000,brain
MeVP47,13594,0,1.0000,brain
MeVP48,3822,0,1.0000,brain
MeVP49,10750,0,1.0000,brain
MeVP5,8219,0,1.0000,brain
MeVP50,7423,0,1.0000,brain
MeVP51,14477,0,1.0000,brain
MeVP52,16730,0,1.0000,brain
MeVP53,12131,0,1.0000,brain
MeVP54,2246,0,1.0000,brain
MeVP55,3557,0,1.0000,brain
MeVP56,10753,0,1.0000,brain
MeVP57,5864,0,1.0000,brain
MeVP58,6883,0,1.0000,brain
MeVP59,15732,0,1.0000,brain
MeVP6,86071,0,1.0000,brain
MeVP60,3942,0,1.0000,brain
MeVP61,3172,0,1.0000,brain
MeVP62,14872,0,1.0000,brain
MeVP63,2987,0,1.0000,brain
MeVP64,1958,0,1.0000,brain
MeVP6_unclear,2886,0,1.0000,brain
MeVP7,26735,0,1.0000,brain
MeVP8,25278,0,1.0000,brain
MeVP9,50556,0,1.0000,brain
MeVPLo1,30756,0,1.0000,brain
MeVPLo2,20505,0,1.0000,brain
MeVPLp1,31375,0,1.0000,brain
MeVPLp2,11279,0,1.0000,brain
MeVPMe1,100470,0,1.0000,brain
MeVPMe10,10259,0,1.0000,brain
MeVPMe11,10236,0,1.0000,brain
MeVPMe12,29497,0,1.0000,brain
MeVPMe13,20110,0,1.0000,brain
MeVPMe2,90589,0,1.0000,brain
MeVPMe3,14808,0,1.0000,brain
MeVPMe4,8530,0,1.0000,brain
MeVPMe5,34314,0,1.0000,brain
MeVPMe6,10883,0,1.0000,brain
MeVPMe7,4856,0,1.0000,brain
MeVPMe8,5887,0,1.0000,brain
MeVPMe9,9373,0,1.0000,brain
MeVPOL1,58361,0,1.0000,brain
MeVP_unclear,1452,0,1.0000,brain
MeVPaMe1,10102,0,1.0000,brain
MeVPaMe2,7282,0,1.0000,brain
Mi1,1283567,0,1.0000,brain
Mi10,197994,0,1.0000,brain
Mi13,190152,0,1.0000,brain
Mi14,200643,0,1.0000,brain
Mi15,258865,0,1.0000,brain
Mi16,69788,0,1.0000,brain
Mi17,49356,0,1.0000,brain
Mi18,166942,0,1.0000,brain
Mi19,36364,0,1.0000,brain
Mi2,283175,0,1.0000,brain
Mi20,6039,0,1.0000,brain
Mi4,839500,0,1.0000,brain
Mi9,749062,0,1.0000,brain
NPFL1-I,3451,0,1.0000,brain
Nod1,28026,0,1.0000,brain
Nod2,12515,0,1.0000,brain
Nod3,15312,0,1.0000,brain
Nod4,23106,0,1.0000,brain
Nod5,11902,0,1.0000,brain
OA-AL2i1,51277,0,1.0000,brain
OA-AL2i2,46473,0,1.0000,brain
OA-AL2i3,32960,0,1.0000,brain
OA-AL2i4,19686,0,1.0000,brain
OA-ASM1,37680,0,1.0000,brain
OA-ASM2,12759,0,1.0000,brain
OA-ASM3,12617,0,1.0000,brain
OA-VPM3,32991,0,1.0000,brain
OA-VPM4,21817,0,1.0000,brain
OA-VUMa1,39711,0,1.0000,brain
OA-VUMa2,20686,0,1.0000,brain
OA-VUMa3,25072,0,1.0000,brain
OA-VUMa4,23828,0,1.0000,brain
OA-VUMa5,8031,0,1.0000,brain
OA-VUMa6,38199,0,1.0000,brain
OA-VUMa8,26766,0,1.0000,brain
OCC01b,3384,0,1.0000,brain
OCC02a,3560,0,1.0000,brain
OCC02b,2271,0,1.0000,brain
OCG01a,2083,0,1.0000,brain
OCG01b,4357,0,1.0000,brain
OCG01c,2262,0,1.0000,brain
OCG01d,4080,0,1.0000,brain
OCG01e,3370,0,1.0000,brain
OCG01f,2825,0,1.0000,brain
OCG02b,2833,0,1.0000,brain
OCG02c,4113,0,1.0000,brain
OCG03,2061,0,1.0000,brain
OCG06,5190,0,1.0000,brain
OLVC1,11284,0,1.0000,brain
OLVC2,16185,0,1.0000,brain
OLVC3,10971,0,1.0000,brain
OLVC4,6524,0,1.0000,brain
OLVC5,25160,0,1.0000,brain
OLVC6,1916,0,1.0000,brain
OLVC7,4468,0,1.0000,brain
OLVp_unclear,786,0,1.0000,brain
ORN_D,22927,0,1.0000,brain
ORN_DA1,65646,0,1.0000,brain
ORN_DA2,11332,0,1.0000,brain
ORN_DA3,4480,0,1.0000,brain
ORN_DA4l,8153,0,1.0000,brain
ORN_DA4m,11500,0,1.0000,brain
ORN_DC1,21928,0,1.0000,brain
ORN_DC2,11544,0,1.0000,brain
ORN_DC3,12720,0,1.0000,brain
ORN_DC4,16133,0,1.0000,brain
ORN_DL1,25138,0,1.0000,brain
ORN_DL2d,12417,0,1.0000,brain
ORN_DL2v,16429,0,1.0000,brain
ORN_DL3,10834,0,1.0000,brain
ORN_DL4,7491,0,1.0000,brain
ORN_DL5,19741,0,1.0000,brain
ORN_DM1,38932,0,1.0000,brain
ORN_DM2,20070,0,1.0000,brain
ORN_DM3,11031,0,1.0000,brain
ORN_DM4,11260,0,1.0000,brain
ORN_DM5,7073,0,1.0000,brain
ORN_DM6,17898,0,1.0000,brain
ORN_DP1l,27760,0,1.0000,brain
ORN_DP1m,47743,0,1.0000,brain
ORN_V,17106,0,1.0000,brain
ORN_VA1d,22126,0,1.0000,brain
ORN_VA1v,40216,0,1.0000,brain
ORN_VA2,37512,0,1.0000,brain
ORN_VA3,11337,0,1.0000,brain
ORN_VA4,10792,0,1.0000,brain
ORN_VA5,6286,0,1.0000,brain
ORN_VA6,22210,0,1.0000,brain
ORN_VA7l,10532,0,1.0000,brain
ORN_VA7m,6152,0,1.0000,brain
ORN_VC1,17883,0,1.0000,brain
ORN_VC2,12620,0,1.0000,brain
ORN_VC3,10165,0,1.0000,brain
ORN_VC4,9646,0,1.0000,brain
ORN_VC5,14356,0,1.0000,brain
ORN_VL1,15927,0,1.0000,brain
ORN_VL2a,29381,0,1.0000,brain
ORN_VL2p,15240,0,1.0000,brain
ORN_VM1,9629,0,1.0000,brain
ORN_VM2,10419,0,1.0000,brain
ORN_VM3,10896,0,1.0000,brain
ORN_VM4,11022,0,1.0000,brain
ORN_VM5d,20328,0,1.0000,brain
ORN_VM5v,18128,0,1.0000,brain
ORN_VM6l,2624,0,1.0000,brain
ORN_VM6m,4604,0,1.0000,brain
ORN_VM6v,18739,0,1.0000,brain
ORN_VM7d,16939,0,1.0000,brain
ORN_VM7v,9200,0,1.0000,brain
P6-8P9,2240,0,1.0000,brain
PAL01,11398,0,1.0000,brain
PAL03,7068,0,1.0000,brain
PAM01,52926,0,1.0000,brain
PAM02,17367,0,1.0000,brain
PAM03,4811,0,1.0000,brain
PAM04,37870,0,1.0000,brain
PAM05,24111,0,1.0000,brain
PAM06,28308,0,1.0000,brain
PAM07,19226,0,1.0000,brain
PAM08,62522,0,1.0000,brain
PAM09,11632,0,1.0000,brain
PAM10,39426,0,1.0000,brain
PAM11,20184,0,1.0000,brain
PAM12,22908,0,1.0000,brain
PAM13,11979,0,1.0000,brain
PAM14,10913,0,1.0000,brain
PAM15,3896,0,1.0000,brain
PEG,26421,0,1.0000,brain
PEN_a(PEN1),54296,0,1.0000,brain
PEN_b(PEN2),52752,0,1.0000,brain
PFGs,37443,0,1.0000,brain
PFL1,22721,0,1.0000,brain
PFL2,37538,0,1.0000,brain
PFL3,72972,0,1.0000,brain
PFNa,47977,0,1.0000,brain
PFNd,60251,0,1.0000,brain
PFNm_a,13843,0,1.0000,brain
PFNm_b,15832,0,1.0000,brain
PFNp_a,17618,0,1.0000,brain
PFNp_b,33519,0,1.0000,brain
PFNp_c,22805,0,1.0000,brain
PFNp_d,5635,0,1.0000,brain
PFNp_e,9148,0,1.0000,brain
PFNv,27296,0,1.0000,brain
PFR_a,50395,0,1.0000,brain
PFR_b,32889,0,1.0000,brain
PI3,2243,0,1.0000,brain
PLP001,21075,0,1.0000,brain
PLP002,5110,0,1.0000,brain
PLP003,6010,0,1.0000,brain
PLP004,8453,0,1.0000,brain
PLP005,8142,0,1.0000,brain
PLP006,3325,0,1.0000,brain
PLP007,4894,0,1.0000,brain
PLP008,11469,0,1.0000,brain
PLP009,12469,0,1.0000,brain
PLP010,7079,0,1.0000,brain
PLP012,14160,0,1.0000,brain
PLP013,8739,0,1.0000,brain
PLP015,45369,0,1.0000,brain
PLP016,18299,0,1.0000,brain
PLP017,13346,0,1.0000,brain
PLP018,21513,0,1.0000,brain
PLP019,20771,0,1.0000,brain
PLP020,8689,0,1.0000,brain
PLP021,8374,0,1.0000,brain
PLP022,5927,0,1.0000,brain
PLP023,9247,0,1.0000,brain
PLP025,12421,0,1.0000,brain
PLP026,5731,0,1.0000,brain
PLP028,4834,0,1.0000,brain
PLP029,16039,0,1.0000,brain
PLP032,13512,0,1.0000,brain
PLP034,19891,0,1.0000,brain
PLP035,8814,0,1.0000,brain
PLP036,2521,0,1.0000,brain
PLP037,12150,0,1.0000,brain
PLP038,4166,0,1.0000,brain
PLP039,4174,0,1.0000,brain
PLP041,1320,0,1.0000,brain
PLP042_a,2642,0,1.0000,brain
PLP042_b,4561,0,1.0000,brain
PLP042_c,3201,0,1.0000,brain
PLP042a,1370,0,1.0000,brain
PLP043,2696,0,1.0000,brain
PLP044,2404,0,1.0000,brain
PLP046,5060,0,1.0000,brain
PLP048,3127,0,1.0000,brain
PLP052,16866,0,1.0000,brain
PLP053,15476,0,1.0000,brain
PLP054,14439,0,1.0000,brain
PLP055,6448,0,1.0000,brain
PLP056,5140,0,1.0000,brain
PLP057,4440,0,1.0000,brain
PLP058,5466,0,1.0000,brain
PLP059,12015,0,1.0000,brain
PLP060,20720,0,1.0000,brain
PLP063,1503,0,1.0000,brain
PLP064_a,11080,0,1.0000,brain
PLP064_b,10120,0,1.0000,brain
PLP065,8225,0,1.0000,brain
PLP066,3728,0,1.0000,brain
PLP067,8772,0,1.0000,brain
PLP069,5997,0,1.0000,brain
PLP071,9360,0,1.0000,brain
PLP073,5535,0,1.0000,brain
PLP074,15792,0,1.0000,brain
PLP075,8037,0,1.0000,brain
PLP076,6477,0,1.0000,brain
PLP078,15668,0,1.0000,brain
PLP079,3569,0,1.0000,brain
PLP080,6283,0,1.0000,brain
PLP081,16025,0,1.0000,brain
PLP084,3856,0,1.0000,brain
PLP085,6149,0,1.0000,brain
PLP086,7883,0,1.0000,brain
PLP087,2585,0,1.0000,brain
PLP089,6003,0,1.0000,brain
PLP092,14858,0,1.0000,brain
PLP093,13395,0,1.0000,brain
PLP094,7368,0,1.0000,brain
PLP095,7473,0,1.0000,brain
PLP096,10036,0,1.0000,brain
PLP097,3948,0,1.0000,brain
PLP099,8112,0,1.0000,brain
PLP100,2952,0,1.0000,brain
PLP101,5668,0,1.0000,brain
PLP102,2871,0,1.0000,brain
PLP103,8055,0,1.0000,brain
PLP106,6701,0,1.0000,brain
PLP108,8486,0,1.0000,brain
PLP109,4229,0,1.0000,brain
PLP111,3776,0,1.0000,brain
PLP113,3319,0,1.0000,brain
PLP114,2329,0,1.0000,brain
PLP115_a,6175,0,1.0000,brain
PLP115_b,17521,0,1.0000,brain
PLP116,5013,0,1.0000,brain
PLP119,3645,0,1.0000,brain
PLP120,1587,0,1.0000,brain
PLP121,4079,0,1.0000,brain
PLP122_a,3293,0,1.0000,brain
PLP122_b,2169,0,1.0000,brain
PLP123,3631,0,1.0000,brain
PLP124,7354,0,1.0000,brain
PLP128,9485,0,1.0000,brain
PLP129,8420,0,1.0000,brain
PLP130,11247,0,1.0000,brain
PLP131,10253,0,1.0000,brain
PLP132,8721,0,1.0000,brain
PLP134,3244,0,1.0000,brain
PLP139,5833,0,1.0000,brain
PLP141,5089,0,1.0000,brain
PLP142,13905,0,1.0000,brain
PLP143,4939,0,1.0000,brain
PLP144,13655,0,1.0000,brain
PLP145,1586,0,1.0000,brain
PLP148,8128,0,1.0000,brain
PLP149,10528,0,1.0000,brain
PLP150,16106,0,1.0000,brain
PLP154,2341,0,1.0000,brain
PLP155,6847,0,1.0000,brain
PLP156,4600,0,1.0000,brain
PLP157,7501,0,1.0000,brain
PLP158,7283,0,1.0000,brain
PLP159,1847,0,1.0000,brain
PLP160,2965,0,1.0000,brain
PLP161,10626,0,1.0000,brain
PLP162,8274,0,1.0000,brain
PLP163,34804,0,1.0000,brain
PLP164,3463,0,1.0000,brain
PLP165,4500,0,1.0000,brain
PLP169,5074,0,1.0000,brain
PLP170,3689,0,1.0000,brain
PLP171,805,0,1.0000,brain
PLP172,18726,0,1.0000,brain
PLP173,4000,0,1.0000,brain
PLP174,2566,0,1.0000,brain
PLP175,768,0,1.0000,brain
PLP177,10876,0,1.0000,brain
PLP178,11196,0,1.0000,brain
PLP180,8289,0,1.0000,brain
PLP181,5956,0,1.0000,brain
PLP182,11141,0,1.0000,brain
PLP184,2165,0,1.0000,brain
PLP185,3484,0,1.0000,brain
PLP186,3613,0,1.0000,brain
PLP187,9658,0,1.0000,brain
PLP188,6238,0,1.0000,brain
PLP189,4358,0,1.0000,brain
PLP190,5182,0,1.0000,brain
PLP191,5054,0,1.0000,brain
PLP192,5464,0,1.0000,brain
PLP196,5608,0,1.0000,brain
PLP197,6723,0,1.0000,brain
PLP199,9658,0,1.0000,brain
PLP208,24671,0,1.0000,brain
PLP209,23277,0,1.0000,brain
PLP211,18558,0,1.0000,brain
PLP213,14119,0,1.0000,brain
PLP214,7765,0,1.0000,brain
PLP216,13245,0,1.0000,brain
PLP217,8083,0,1.0000,brain
PLP218,9407,0,1.0000,brain
PLP219,12116,0,1.0000,brain
PLP221,3123,0,1.0000,brain
PLP222,2651,0,1.0000,brain
PLP225,3102,0,1.0000,brain
PLP228,13091,0,1.0000,brain
PLP229,13541,0,1.0000,brain
PLP230,15991,0,1.0000,brain
PLP231,10106,0,1.0000,brain
PLP232,4425,0,1.0000,brain
PLP239,3930,0,1.0000,brain
PLP241,5431,0,1.0000,brain
PLP243,5331,0,1.0000,brain
PLP245,12970,0,1.0000,brain
PLP246,11195,0,1.0000,brain
PLP247,10228,0,1.0000,brain
PLP248,16385,0,1.0000,brain
PLP249,24729,0,1.0000,brain
PLP250,6088,0,1.0000,brain
PLP252,5451,0,1.0000,brain
PLP254,7096,0,1.0000,brain
PLP256,25622,0,1.0000,brain
PLP257,11926,0,1.0000,brain
PLP258,4555,0,1.0000,brain
PLP259,8244,0,1.0000,brain
PLP260,9640,0,1.0000,brain
PLP261,2230,0,1.0000,brain
PLP262,5275,0,1.0000,brain
PLP300m,14052,0,1.0000,brain
PLP301m,9774,0,1.0000,brain
PLP_TBD1,1850,0,1.0000,brain
PLVP059,7831,0,1.0000,brain
PPL101,44969,0,1.0000,brain
PPL102,22606,0,1.0000,brain
PPL103,39135,0,1.0000,brain
PPL104,9362,0,1.0000,brain
PPL105,20770,0,1.0000,brain
PPL106,20555,0,1.0000,brain
PPL107,17971,0,1.0000,brain
PPL108,13931,0,1.0000,brain
PPL201,21189,0,1.0000,brain
PPL202,10163,0,1.0000,brain
PPL203,8617,0,1.0000,brain
PPL204,3316,0,1.0000,brain
PPM1201,23403,0,1.0000,brain
PPM1202,8272,0,1.0000,brain
PPM1203,21142,0,1.0000,brain
PPM1204,4001,0,1.0000,brain
PPM1205,13284,0,1.0000,brain
PRW001,5449,0,1.0000,brain
PRW002,9174,0,1.0000,brain
PRW003,6924,0,1.0000,brain
PRW004,7380,0,1.0000,brain
PRW005,10476,0,1.0000,brain
PRW006,11623,0,1.0000,brain
PRW007,7844,0,1.0000,brain
PRW008,7750,0,1.0000,brain
PRW009,4203,0,1.0000,brain
PRW010,7113,0,1.0000,brain
PRW011,2719,0,1.0000,brain
PRW012,7880,0,1.0000,brain
PRW013,2765,0,1.0000,brain
PRW014,1406,0,1.0000,brain
PRW015,1707,0,1.0000,brain
PRW016,6063,0,1.0000,brain
PRW017,4181,0,1.0000,brain
PRW019,1583,0,1.0000,brain
PRW020,3733,0,1.0000,brain
PRW021,1267,0,1.0000,brain
PRW022,1808,0,1.0000,brain
PRW023,1590,0,1.0000,brain
PRW024,5394,0,1.0000,brain
PRW025,3979,0,1.0000,brain
PRW026,4670,0,1.0000,brain
PRW027,1893,0,1.0000,brain
PRW028,4317,0,1.0000,brain
PRW029,1678,0,1.0000,brain
PRW030,1520,0,1.0000,brain
PRW031,5277,0,1.0000,brain
PRW032,1594,0,1.0000,brain
PRW033,814,0,1.0000,brain
PRW034,1113,0,1.0000,brain
PRW035,2564,0,1.0000,brain
PRW036,1560,0,1.0000,brain
PRW037,3486,0,1.0000,brain
PRW038,1774,0,1.0000,brain
PRW039,3942,0,1.0000,brain
PRW040,1666,0,1.0000,brain
PRW041,4505,0,1.0000,brain
PRW042,4374,0,1.0000,brain
PRW043,5079,0,1.0000,brain
PRW044,9005,0,1.0000,brain
PRW045,4271,0,1.0000,brain
PRW046,7420,0,1.0000,brain
PRW047,7835,0,1.0000,brain
PRW048,3018,0,1.0000,brain
PRW049,11347,0,1.0000,brain
PRW050,2569,0,1.0000,brain
PRW051,2285,0,1.0000,brain
PRW052,9205,0,1.0000,brain
PRW053,7810,0,1.0000,brain
PRW054,5144,0,1.0000,brain
PRW055,12034,0,1.0000,brain
PRW056,5483,0,1.0000,brain
PRW057,3164,0,1.0000,brain
PRW058,6604,0,1.0000,brain
PRW059,3904,0,1.0000,brain
PRW060,9808,0,1.0000,brain
PRW061,5193,0,1.0000,brain
PRW062,8414,0,1.0000,brain
PRW063,4664,0,1.0000,brain
PRW064,4319,0,1.0000,brain
PRW065,5377,0,1.0000,brain
PRW066,2282,0,1.0000,brain
PRW067,5047,0,1.0000,brain
PRW068,8090,0,1.0000,brain
PRW069,4482,0,1.0000,brain
PRW070,13439,0,1.0000,brain
PRW071,5709,0,1.0000,brain
PRW072,6675,0,1.0000,brain
PRW073,13732,0,1.0000,brain
PRW074,3178,0,1.0000,brain
PRW075,4539,0,1.0000,brain
PS001,12416,0,1.0000,brain
PS002,30558,0,1.0000,brain
PS003,7098,0,1.0000,brain
PS004,5127,0,1.0000,brain
PS005_a,3688,0,1.0000,brain
PS005_b,2049,0,1.0000,brain
PS005_c,3644,0,1.0000,brain
PS005_d,2120,0,1.0000,brain
PS005_e,2860,0,1.0000,brain
PS005_f,2158,0,1.0000,brain
PS007,5172,0,1.0000,brain
PS008_a1,783,0,1.0000,brain
PS008_a2,1263,0,1.0000,brain
PS008_a3,795,0,1.0000,brain
PS008_a4,1088,0,1.0000,brain
PS008_b,4972,0,1.0000,brain
PS010,15305,0,1.0000,brain
PS011,13715,0,1.0000,brain
PS013,19147,0,1.0000,brain
PS018_a,11250,0,1.0000,brain
PS018_b,12781,0,1.0000,brain
PS019,24881,0,1.0000,brain
PS020,6734,0,1.0000,brain
PS021,3963,0,1.0000,brain
PS022,4493,0,1.0000,brain
PS023,4482,0,1.0000,brain
PS024,3287,0,1.0000,brain
PS025,1335,0,1.0000,brain
PS026,5566,0,1.0000,brain
PS027,7150,0,1.0000,brain
PS029,5578,0,1.0000,brain
PS030,3122,0,1.0000,brain
PS031,3038,0,1.0000,brain
PS032,5101,0,1.0000,brain
PS033_a,4811,0,1.0000,brain
PS033_b,1234,0,1.0000,brain
PS034,5727,0,1.0000,brain
PS037,5565,0,1.0000,brain
PS038,8378,0,1.0000,brain
PS041,4559,0,1.0000,brain
PS042,11788,0,1.0000,brain
PS046,7768,0,1.0000,brain
PS047_a,13797,0,1.0000,brain
PS047_b,28390,0,1.0000,brain
PS048_a,10087,0,1.0000,brain
PS048_b,6009,0,1.0000,brain
PS049,17632,0,1.0000,brain
PS050,5862,0,1.0000,brain
PS051,8690,0,1.0000,brain
PS052,8126,0,1.0000,brain
PS053,4199,0,1.0000,brain
PS054,4016,0,1.0000,brain
PS055,10596,0,1.0000,brain
PS057,13265,0,1.0000,brain
PS058,15643,0,1.0000,brain
PS059,34396,0,1.0000,brain
PS060,6014,0,1.0000,brain
PS061,7983,0,1.0000,brain
PS062,6105,0,1.0000,brain
PS063,5813,0,1.0000,brain
PS065,17037,0,1.0000,brain
PS068,4164,0,1.0000,brain
PS070,3076,0,1.0000,brain
PS072,11450,0,1.0000,brain
PS074,3552,0,1.0000,brain
PS076,5792,0,1.0000,brain
PS077,11304,0,1.0000,brain
PS078,7677,0,1.0000,brain
PS080,10629,0,1.0000,brain
PS081,4123,0,1.0000,brain
PS082,4621,0,1.0000,brain
PS083_a,5434,0,1.0000,brain
PS083_b,11242,0,1.0000,brain
PS083_c,5085,0,1.0000,brain
PS084,10105,0,1.0000,brain
PS085,4636,0,1.0000,brain
PS087,6185,0,1.0000,brain
PS088,22765,0,1.0000,brain
PS089,9453,0,1.0000,brain
PS090,19411,0,1.0000,brain
PS091,5335,0,1.0000,brain
PS092,3377,0,1.0000,brain
PS093,4645,0,1.0000,brain
PS094,3562,0,1.0000,brain
PS095,5869,0,1.0000,brain
PS096,20757,0,1.0000,brain
PS097,8418,0,1.0000,brain
PS098,9778,0,1.0000,brain
PS099_a,6463,0,1.0000,brain
PS099_b,5811,0,1.0000,brain
PS100,35596,0,1.0000,brain
PS101,2515,0,1.0000,brain
PS106,22200,0,1.0000,brain
PS107,8449,0,1.0000,brain
PS108,7324,0,1.0000,brain
PS109,3547,0,1.0000,brain
PS110,3197,0,1.0000,brain
PS111,14268,0,1.0000,brain
PS112,19636,0,1.0000,brain
PS114,5902,0,1.0000,brain
PS115,6897,0,1.0000,brain
PS116,14541,0,1.0000,brain
PS117_a,7261,0,1.0000,brain
PS117_b,5910,0,1.0000,brain
PS118,8931,0,1.0000,brain
PS124,21880,0,1.0000,brain
PS126,10382,0,1.0000,brain
PS127,4543,0,1.0000,brain
PS137,19467,0,1.0000,brain
PS138,12497,0,1.0000,brain
PS139,4570,0,1.0000,brain
PS140,10038,0,1.0000,brain
PS141,5806,0,1.0000,brain
PS142,4863,0,1.0000,brain
PS143,1386,0,1.0000,brain
PS146,12887,0,1.0000,brain
PS148,6763,0,1.0000,brain
PS149,1834,0,1.0000,brain
PS150,5054,0,1.0000,brain
PS153,3668,0,1.0000,brain
PS156,10174,0,1.0000,brain
PS157,6941,0,1.0000,brain
PS158,5877,0,1.0000,brain
PS159,4469,0,1.0000,brain
PS160,4809,0,1.0000,brain
PS161,2452,0,1.0000,brain
PS164,14284,0,1.0000,brain
PS170,4540,0,1.0000,brain
PS171,7507,0,1.0000,brain
PS172,9075,0,1.0000,brain
PS173,5099,0,1.0000,brain
PS174,5214,0,1.0000,brain
PS175,8154,0,1.0000,brain
PS176,2418,0,1.0000,brain
PS177,2034,0,1.0000,brain
PS178,3404,0,1.0000,brain
PS180,13292,0,1.0000,brain
PS181,14494,0,1.0000,brain
PS182,6311,0,1.0000,brain
PS183,6247,0,1.0000,brain
PS185,5648,0,1.0000,brain
PS186,4594,0,1.0000,brain
PS187,5222,0,1.0000,brain
PS188,11040,0,1.0000,brain
PS191,3446,0,1.0000,brain
PS192,3619,0,1.0000,brain
PS193,1547,0,1.0000,brain
PS193b,2397,0,1.0000,brain
PS194,5862,0,1.0000,brain
PS196_a,18420,0,1.0000,brain
PS196_b,10846,0,1.0000,brain
PS197,12112,0,1.0000,brain
PS199,6623,0,1.0000,brain
PS200,9101,0,1.0000,brain
PS201,5283,0,1.0000,brain
PS202,6318,0,1.0000,brain
PS203,12987,0,1.0000,brain
PS206,3175,0,1.0000,brain
PS208,16620,0,1.0000,brain
PS209,11384,0,1.0000,brain
PS210,607,0,1.0000,brain
PS213,6527,0,1.0000,brain
PS214,4390,0,1.0000,brain
PS215,3625,0,1.0000,brain
PS217,7492,0,1.0000,brain
PS220,8096,0,1.0000,brain
PS221,14920,0,1.0000,brain
PS224,1731,0,1.0000,brain
PS229,5213,0,1.0000,brain
PS230,17214,0,1.0000,brain
PS231,7333,0,1.0000,brain
PS232,10915,0,1.0000,brain
PS233,16521,0,1.0000,brain
PS234,9591,0,1.0000,brain
PS237,7159,0,1.0000,brain
PS238,4136,0,1.0000,brain
PS239,6339,0,1.0000,brain
PS240,8013,0,1.0000,brain
PS241,4262,0,1.0000,brain
PS242,3640,0,1.0000,brain
PS246,1677,0,1.0000,brain
PS247,663,0,1.0000,brain
PS248,4783,0,1.0000,brain
PS249,5982,0,1.0000,brain
PS252,7797,0,1.0000,brain
PS253,1751,0,1.0000,brain
PS258,1365,0,1.0000,brain
PS260,3737,0,1.0000,brain
PS261,8379,0,1.0000,brain
PS262,3102,0,1.0000,brain
PS263,7400,0,1.0000,brain
PS265,15001,0,1.0000,brain
PS267,2867,0,1.0000,brain
PS268,6853,0,1.0000,brain
PS269,4102,0,1.0000,brain
PS270,4876,0,1.0000,brain
PS272,12019,0,1.0000,brain
PS274,24572,0,1.0000,brain
PS276,6909,0,1.0000,brain
PS278,10871,0,1.0000,brain
PS279,11024,0,1.0000,brain
PS280,4858,0,1.0000,brain
PS281,7140,0,1.0000,brain
PS282,12387,0,1.0000,brain
PS283,1938,0,1.0000,brain
PS284,7371,0,1.0000,brain
PS285,7407,0,1.0000,brain
PS286,1590,0,1.0000,brain
PS291,6766,0,1.0000,brain
PS292,7428,0,1.0000,brain
PS300,11648,0,1.0000,brain
PS303,6005,0,1.0000,brain
PS304,19781,0,1.0000,brain
PS305,4627,0,1.0000,brain
PS306,26089,0,1.0000,brain
PS307,17016,0,1.0000,brain
PS308,10020,0,1.0000,brain
PS309,16197,0,1.0000,brain
PS310,8745,0,1.0000,brain
PS311,7509,0,1.0000,brain
PS312,4416,0,1.0000,brain
PS313,5154,0,1.0000,brain
PS314,8859,0,1.0000,brain
PS315,6045,0,1.0000,brain
PS316,4259,0,1.0000,brain
PS317,4262,0,1.0000,brain
PS318,6969,0,1.0000,brain
PS320,6879,0,1.0000,brain
PS321,9712,0,1.0000,brain
PS322,13988,0,1.0000,brain
PS323,2880,0,1.0000,brain
PS324,13979,0,1.0000,brain
PS326,16563,0,1.0000,brain
PS327,5849,0,1.0000,brain
PS328,2612,0,1.0000,brain
PS329,1317,0,1.0000,brain
PS330,1361,0,1.0000,brain
PS331,4500,0,1.0000,brain
PS333,7838,0,1.0000,brain
PS334,4462,0,1.0000,brain
PS335,4508,0,1.0000,brain
PS336,12404,0,1.0000,brain
PS337,1319,0,1.0000,brain
PS338,1649,0,1.0000,brain
PS339,1530,0,1.0000,brain
PS340,1121,0,1.0000,brain
PS341,2225,0,1.0000,brain
PS342,247,0,1.0000,brain
PS343,1754,0,1.0000,brain
PS344,1257,0,1.0000,brain
PS345,4096,0,1.0000,brain
PS346,2877,0,1.0000,brain
PS347_a,3411,0,1.0000,brain
PS347_b,2938,0,1.0000,brain
PS348,16402,0,1.0000,brain
PS349,12442,0,1.0000,brain
PS350,3140,0,1.0000,brain
PS351,4197,0,1.0000,brain
PS352,3588,0,1.0000,brain
PS353,13975,0,1.0000,brain
PS354,2564,0,1.0000,brain
PS355,10189,0,1.0000,brain
PS356,12267,0,1.0000,brain
PS357,5061,0,1.0000,brain
PS358,4318,0,1.0000,brain
PS359,11319,0,1.0000,brain
PSI,0,13314,0.0000,vnc
PVLP001,3328,0,1.0000,brain
PVLP002,16291,0,1.0000,brain
PVLP003,7195,0,1.0000,brain
PVLP004,60879,0,1.0000,brain
PVLP005,16380,0,1.0000,brain
PVLP007,46758,0,1.0000,brain
PVLP008_a1,9319,0,1.0000,brain
PVLP008_a2,7085,0,1.0000,brain
PVLP008_a3,5358,0,1.0000,brain
PVLP008_a4,5359,0,1.0000,brain
PVLP008_b,10217,0,1.0000,brain
PVLP008_c,20340,0,1.0000,brain
PVLP009,3599,0,1.0000,brain
PVLP010,44865,0,1.0000,brain
PVLP011,94815,0,1.0000,brain
PVLP012,17863,0,1.0000,brain
PVLP013,49010,0,1.0000,brain
PVLP014,12279,0,1.0000,brain
PVLP015,21548,0,1.0000,brain
PVLP016,26571,0,1.0000,brain
PVLP017,30291,0,1.0000,brain
PVLP018,29279,0,1.0000,brain
PVLP019,7573,0,1.0000,brain
PVLP020,10877,0,1.0000,brain
PVLP021,17747,0,1.0000,brain
PVLP022,15945,0,1.0000,brain
PVLP024,12511,0,1.0000,brain
PVLP025,59468,0,1.0000,brain
PVLP026,9602,0,1.0000,brain
PVLP027,9807,0,1.0000,brain
PVLP028,12809,0,1.0000,brain
PVLP030,6521,0,1.0000,brain
PVLP031,13442,0,1.0000,brain
PVLP033,9185,0,1.0000,brain
PVLP034,26690,0,1.0000,brain
PVLP036,36672,0,1.0000,brain
PVLP037,39372,0,1.0000,brain
PVLP037_unclear,12794,0,1.0000,brain
PVLP046,15731,0,1.0000,brain
PVLP046_unclear,633,0,1.0000,brain
PVLP047,10321,0,1.0000,brain
PVLP048,13377,0,1.0000,brain
PVLP049,5036,0,1.0000,brain
PVLP060,6729,0,1.0000,brain
PVLP061,78709,0,1.0000,brain
PVLP062,13137,0,1.0000,brain
PVLP063,2913,0,1.0000,brain
PVLP064,11176,0,1.0000,brain
PVLP065,3320,0,1.0000,brain
PVLP066,7363,0,1.0000,brain
PVLP068,7937,0,1.0000,brain
PVLP069,15126,0,1.0000,brain
PVLP070,21221,0,1.0000,brain
PVLP071,20862,0,1.0000,brain
PVLP072,62612,0,1.0000,brain
PVLP073,16653,0,1.0000,brain
PVLP074,24964,0,1.0000,brain
PVLP075,7765,0,1.0000,brain
PVLP076,28903,0,1.0000,brain
PVLP078,10762,0,1.0000,brain
PVLP079,11724,0,1.0000,brain
PVLP080_a,12104,0,1.0000,brain
PVLP080_b,17813,0,1.0000,brain
PVLP081,10520,0,1.0000,brain
PVLP082,25644,0,1.0000,brain
PVLP084,2565,0,1.0000,brain
PVLP085,44919,0,1.0000,brain
PVLP086,12957,0,1.0000,brain
PVLP088,14157,0,1.0000,brain
PVLP089,5665,0,1.0000,brain
PVLP090,3384,0,1.0000,brain
PVLP092,5867,0,1.0000,brain
PVLP093,25327,0,1.0000,brain
PVLP094,15537,0,1.0000,brain
PVLP096,15330,0,1.0000,brain
PVLP097,116248,0,1.0000,brain
PVLP098,33070,0,1.0000,brain
PVLP099,32280,0,1.0000,brain
PVLP100,27033,0,1.0000,brain
PVLP101,18039,0,1.0000,brain
PVLP102,3752,0,1.0000,brain
PVLP103,15426,0,1.0000,brain
PVLP104,11286,0,1.0000,brain
PVLP105,4315,0,1.0000,brain
PVLP106,56557,0,1.0000,brain
PVLP107,23771,0,1.0000,brain
PVLP108,8195,0,1.0000,brain
PVLP109,10838,0,1.0000,brain
PVLP110,7282,0,1.0000,brain
PVLP111,22372,0,1.0000,brain
PVLP112,13071,0,1.0000,brain
PVLP113,11675,0,1.0000,brain
PVLP114,19841,0,1.0000,brain
PVLP115,16844,0,1.0000,brain
PVLP118,12777,0,1.0000,brain
PVLP120,42655,0,1.0000,brain
PVLP121,29297,0,1.0000,brain
PVLP122,60211,0,1.0000,brain
PVLP123,37324,0,1.0000,brain
PVLP124,4514,0,1.0000,brain
PVLP125,4763,0,1.0000,brain
PVLP126_a,3595,0,1.0000,brain
PVLP126_b,4297,0,1.0000,brain
PVLP127,7615,0,1.0000,brain
PVLP128,11470,0,1.0000,brain
PVLP130,15625,0,1.0000,brain
PVLP131,8108,0,1.0000,brain
PVLP133,27261,0,1.0000,brain
PVLP134,2263,0,1.0000,brain
PVLP135,59939,0,1.0000,brain
PVLP137,22919,0,1.0000,brain
PVLP138,20784,0,1.0000,brain
PVLP139,15659,0,1.0000,brain
PVLP140,18276,0,1.0000,brain
PVLP141,19427,0,1.0000,brain
PVLP143,7934,0,1.0000,brain
PVLP144,8162,0,1.0000,brain
PVLP148,8167,0,1.0000,brain
PVLP149,22952,0,1.0000,brain
PVLP150,11534,0,1.0000,brain
PVLP151,43370,0,1.0000,brain
PVLP200m_a,3767,0,1.0000,brain
PVLP200m_b,4507,0,1.0000,brain
PVLP201m_a,5115,0,1.0000,brain
PVLP201m_b,3773,0,1.0000,brain
PVLP201m_c,3369,0,1.0000,brain
PVLP201m_d,5585,0,1.0000,brain
PVLP202m,8882,0,1.0000,brain
PVLP203m,18407,0,1.0000,brain
PVLP204m,12036,0,1.0000,brain
PVLP205m,13638,0,1.0000,brain
PVLP206m,10214,0,1.0000,brain
PVLP207m,10229,0,1.0000,brain
PVLP208m,6861,0,1.0000,brain
PVLP209m,13008,0,1.0000,brain
PVLP210m,11198,0,1.0000,brain
PVLP211m_a,6431,0,1.0000,brain
PVLP211m_b,6758,0,1.0000,brain
PVLP211m_c,7178,0,1.0000,brain
PVLP213m,3673,0,1.0000,brain
PVLP214m,21804,0,1.0000,brain
PVLP216m,2243,0,1.0000,brain
PVLP217m,5270,0,1.0000,brain
PhG10,2759,0,1.0000,brain
PhG11,1835,0,1.0000,brain
PhG12,1651,0,1.0000,brain
PhG13,2152,0,1.0000,brain
PhG14,1660,0,1.0000,brain
PhG15,1459,0,1.0000,brain
PhG16,1382,0,1.0000,brain
PhG1a,3843,0,1.0000,brain
PhG1b,4203,0,1.0000,brain
PhG1c,6550,0,1.0000,brain
PhG2,1274,0,1.0000,brain
PhG3,1530,0,1.0000,brain
PhG4,3953,0,1.0000,brain
PhG5,2317,0,1.0000,brain
PhG6,1883,0,1.0000,brain
PhG7,2019,0,1.0000,brain
PhG8,3193,0,1.0000,brain
PhG9,7253,0,1.0000,brain
Pleural remotor/abductor MN,0,117619,0.0000,vnc
Pm1,392516,0,1.0000,brain
Pm10,293325,0,1.0000,brain
Pm11,146110,0,1.0000,brain
Pm12,106843,0,1.0000,brain
Pm13,34881,0,1.0000,brain
Pm2a,840402,0,1.0000,brain
Pm2b,623787,0,1.0000,brain
Pm3,345775,0,1.0000,brain
Pm4,675727,0,1.0000,brain
Pm5,305124,0,1.0000,brain
Pm6,131503,0,1.0000,brain
Pm7,137462,0,1.0000,brain
Pm7_Li28,8674,0,1.0000,brain
Pm8,124852,0,1.0000,brain
Pm9,238952,0,1.0000,brain
Pm_unclear,2472,0,1.0000,brain
R1-R6,201450,0,1.0000,brain
R7R8_unclear,974,0,1.0000,brain
R7_unclear,52521,0,1.0000,brain
R7d,16345,0,1.0000,brain
R7p,49635,0,1.0000,brain
R7y,67142,0,1.0000,brain
R8_unclear,55662,0,1.0000,brain
R8d,12967,0,1.0000,brain
R8p,49472,0,1.0000,brain
R8y,65765,0,1.0000,brain
SA1_a,1970,0,1.0000,brain
SA1_b,2341,0,1.0000,brain
SA1_c,767,0,1.0000,brain
SA2_a,2531,0,1.0000,brain
SA2_b,2235,0,1.0000,brain
SA2_c,1199,0,1.0000,brain
SA3,4681,0,1.0000,brain
SAD001,12127,0,1.0000,brain
SAD003,6054,0,1.0000,brain
SAD004,20182,0,1.0000,brain
SAD005,5810,0,1.0000,brain
SAD006,5593,0,1.0000,brain
SAD007,4338,0,1.0000,brain
SAD008,3801,0,1.0000,brain
SAD009,2648,0,1.0000,brain
SAD010,8363,0,1.0000,brain
SAD011,3215,0,1.0000,brain
SAD012,4148,0,1.0000,brain
SAD013,22707,0,1.0000,brain
SAD014,8625,0,1.0000,brain
SAD019,1051,0,1.0000,brain
SAD021,4857,0,1.0000,brain
SAD021_a,16167,0,1.0000,brain
SAD021_b,4608,0,1.0000,brain
SAD021_c,10345,0,1.0000,brain
SAD023,6850,0,1.0000,brain
SAD030,6017,0,1.0000,brain
SAD034,6575,0,1.0000,brain
SAD035,7095,0,1.0000,brain
SAD036,9941,0,1.0000,brain
SAD040,8037,0,1.0000,brain
SAD043,9046,0,1.0000,brain
SAD044,11573,0,1.0000,brain
SAD045,18497,0,1.0000,brain
SAD046,3788,0,1.0000,brain
SAD047,8841,0,1.0000,brain
SAD049,9049,0,1.0000,brain
SAD051_a,14236,0,1.0000,brain
SAD051_b,14150,0,1.0000,brain
SAD052,9996,0,1.0000,brain
SAD053,11084,0,1.0000,brain
SAD055,6047,0,1.0000,brain
SAD057,10910,0,1.0000,brain
SAD064,15772,0,1.0000,brain
SAD070,6306,0,1.0000,brain
SAD071,7859,0,1.0000,brain
SAD072,7133,0,1.0000,brain
SAD073,15757,0,1.0000,brain
SAD074,2996,0,1.0000,brain
SAD075,7265,0,1.0000,brain
SAD076,9352,0,1.0000,brain
SAD077,19862,0,1.0000,brain
SAD078,9867,0,1.0000,brain
SAD079,11044,0,1.0000,brain
SAD080,4000,0,1.0000,brain
SAD082,10381,0,1.0000,brain
SAD084,7492,0,1.0000,brain
SAD085,9712,0,1.0000,brain
SAD091,4911,0,1.0000,brain
SAD092,4105,0,1.0000,brain
SAD093,12491,0,1.0000,brain
SAD094,9613,0,1.0000,brain
SAD096,4882,0,1.0000,brain
SAD097,7537,0,1.0000,brain
SAD098,8783,0,1.0000,brain
SAD099,4954,0,1.0000,brain
SAD100,3432,0,1.0000,brain
SAD101,3707,0,1.0000,brain
SAD103,8688,0,1.0000,brain
SAD104,3637,0,1.0000,brain
SAD105,5325,0,1.0000,brain
SAD106,13218,0,1.0000,brain
SAD107,8010,0,1.0000,brain
SAD108,7958,0,1.0000,brain
SAD109,2906,0,1.0000,brain
SAD110,18295,0,1.0000,brain
SAD111,12226,0,1.0000,brain
SAD112_a,12449,0,1.0000,brain
SAD112_b,15177,0,1.0000,brain
SAD112_c,15079,0,1.0000,brain
SAD113,16352,0,1.0000,brain
SAD114,6040,0,1.0000,brain
SAD115,998,0,1.0000,brain
SAD116,6127,0,1.0000,brain
SAD117,10995,0,1.0000,brain
SAD200m,11341,0,1.0000,brain
SAF,3403,0,1.0000,brain
SApp,13247,48029,0.2162,vnc
SApp01,845,7788,0.0979,vnc
"SApp02,SApp03",0,636,0.0000,vnc
SApp04,2485,6369,0.2807,vnc
SApp05,0,593,0.0000,vnc
"SApp06,SApp15",4095,13494,0.2328,vnc
SApp07,0,424,0.0000,vnc
SApp08,4702,13213,0.2625,vnc
"SApp09,SApp22",7647,23395,0.2463,vnc
SApp10,9712,13547,0.4176,vnc
"SApp11,SApp18",2671,2929,0.4770,vnc
SApp13,1279,3479,0.2688,vnc
SApp14,2017,2607,0.4362,vnc
SApp19,2041,3321,0.3806,vnc
SApp20,367,754,0.3274,vnc
SApp21,849,1098,0.4361,vnc
SApp23,3237,3134,0.5081,brain
"SApp23,SNpp56",0,1624,0.0000,vnc
SAxx01,4913,3756,0.5667,brain
SAxx02,5417,8433,0.3911,vnc
SCL001m,12793,0,1.0000,brain
SCL002m,11023,0,1.0000,brain
SIP003_a,5503,0,1.0000,brain
SIP003_b,5125,0,1.0000,brain
SIP004,8939,0,1.0000,brain
SIP005,1593,0,1.0000,brain
SIP006,1336,0,1.0000,brain
SIP007,926,0,1.0000,brain
SIP011,4065,0,1.0000,brain
SIP013,2276,0,1.0000,brain
SIP015,6805,0,1.0000,brain
SIP017,9205,0,1.0000,brain
SIP018,5478,0,1.0000,brain
SIP019,4010,0,1.0000,brain
SIP020_a,7610,0,1.0000,brain
SIP020_b,3379,0,1.0000,brain
SIP020_c,3297,0,1.0000,brain
SIP020b,723,0,1.0000,brain
SIP021_a,1891,0,1.0000,brain
SIP021_b,3243,0,1.0000,brain
SIP022,4941,0,1.0000,brain
SIP024,9268,0,1.0000,brain
SIP025,10152,0,1.0000,brain
SIP026,4373,0,1.0000,brain
SIP027,4201,0,1.0000,brain
SIP028,4384,0,1.0000,brain
SIP029,8205,0,1.0000,brain
SIP030,3136,0,1.0000,brain
SIP031,3588,0,1.0000,brain
SIP032,5230,0,1.0000,brain
SIP033,3693,0,1.0000,brain
SIP034,3087,0,1.0000,brain
SIP037,4486,0,1.0000,brain
SIP041,2107,0,1.0000,brain
SIP042_a,4760,0,1.0000,brain
SIP042_b,3947,0,1.0000,brain
SIP045,2287,0,1.0000,brain
SIP046,7710,0,1.0000,brain
SIP047,6062,0,1.0000,brain
SIP048,1574,0,1.0000,brain
SIP049,1574,0,1.0000,brain
SIP051,1249,0,1.0000,brain
SIP052,4329,0,1.0000,brain
SIP053,8449,0,1.0000,brain
SIP054,3394,0,1.0000,brain
SIP057,1289,0,1.0000,brain
SIP064,8032,0,1.0000,brain
SIP065,6553,0,1.0000,brain
SIP066,7793,0,1.0000,brain
SIP067,7536,0,1.0000,brain
SIP069,4271,0,1.0000,brain
SIP070,9139,0,1.0000,brain
SIP071,8740,0,1.0000,brain
SIP073,4995,0,1.0000,brain
SIP074_a,1786,0,1.0000,brain
SIP074_b,4118,0,1.0000,brain
SIP075,3405,0,1.0000,brain
SIP076,29649,0,1.0000,brain
SIP077,5628,0,1.0000,brain
SIP078,6919,0,1.0000,brain
SIP080,2566,0,1.0000,brain
SIP081,8104,0,1.0000,brain
SIP086,4759,0,1.0000,brain
SIP087,17962,0,1.0000,brain
SIP088,5325,0,1.0000,brain
SIP089,5854,0,1.0000,brain
SIP090,3391,0,1.0000,brain
SIP091,13902,0,1.0000,brain
SIP100m,17742,0,1.0000,brain
SIP101m,11292,0,1.0000,brain
SIP102m,12442,0,1.0000,brain
SIP103m,16111,0,1.0000,brain
SIP104m,26350,0,1.0000,brain
SIP105m,11320,0,1.0000,brain
SIP106m,20134,0,1.0000,brain
SIP107m,7146,0,1.0000,brain
SIP108m,12680,0,1.0000,brain
SIP109m,11373,0,1.0000,brain
SIP110m_a,7689,0,1.0000,brain
SIP110m_b,7625,0,1.0000,brain
SIP111m,8297,0,1.0000,brain
SIP112m,10912,0,1.0000,brain
SIP113m,7453,0,1.0000,brain
SIP115m,7952,0,1.0000,brain
SIP116m,12147,0,1.0000,brain
SIP117m,8997,0,1.0000,brain
SIP118m,11340,0,1.0000,brain
SIP119m,19693,0,1.0000,brain
SIP121m,18275,0,1.0000,brain
SIP122m,20079,0,1.0000,brain
SIP123m,9381,0,1.0000,brain
SIP124m,13064,0,1.0000,brain
SIP126m_a,9414,0,1.0000,brain
SIP126m_b,7190,0,1.0000,brain
SIP128m,6733,0,1.0000,brain
SIP130m,5912,0,1.0000,brain
SIP132m,4868,0,1.0000,brain
SIP133m,19367,0,1.0000,brain
SIP135m,10305,0,1.0000,brain
SIP136m,27204,322,0.9883,brain
SIP137m_a,7199,0,1.0000,brain
SIP137m_b,5687,0,1.0000,brain
SIP140m,3739,0,1.0000,brain
SIP141m,11160,0,1.0000,brain
SIP142m,5644,0,1.0000,brain
SIP143m,6818,0,1.0000,brain
SIP145m,10501,0,1.0000,brain
SIP146m,16071,0,1.0000,brain
SIP147m,7794,0,1.0000,brain
SLP001,1487,0,1.0000,brain
SLP002,5803,0,1.0000,brain
SLP003,27440,0,1.0000,brain
SLP004,15043,0,1.0000,brain
SLP006,2629,0,1.0000,brain
SLP007,2921,0,1.0000,brain
SLP008,3470,0,1.0000,brain
SLP011,4629,0,1.0000,brain
SLP012,13074,0,1.0000,brain
SLP015_b,2897,0,1.0000,brain
SLP015_c,5164,0,1.0000,brain
SLP016,1119,0,1.0000,brain
SLP017,2928,0,1.0000,brain
SLP018,10055,0,1.0000,brain
SLP019,6477,0,1.0000,brain
SLP021,13539,0,1.0000,brain
SLP022,1692,0,1.0000,brain
SLP024,13790,0,1.0000,brain
SLP025,4332,0,1.0000,brain
SLP026,2751,0,1.0000,brain
SLP027,1927,0,1.0000,brain
SLP028,5125,0,1.0000,brain
SLP030,1120,0,1.0000,brain
SLP031,12112,0,1.0000,brain
SLP032,9369,0,1.0000,brain
SLP033,8991,0,1.0000,brain
SLP034,5473,0,1.0000,brain
SLP035,3429,0,1.0000,brain
SLP036,12800,0,1.0000,brain
SLP038,5627,0,1.0000,brain
SLP040,3420,0,1.0000,brain
SLP041,4826,0,1.0000,brain
SLP042,4358,0,1.0000,brain
SLP043,4806,0,1.0000,brain
SLP044_a,2613,0,1.0000,brain
SLP044_d,5540,0,1.0000,brain
SLP046,1240,0,1.0000,brain
SLP047,3101,0,1.0000,brain
SLP048,3132,0,1.0000,brain
SLP056,23212,0,1.0000,brain
SLP057,15721,0,1.0000,brain
SLP058,3246,0,1.0000,brain
SLP059,8572,0,1.0000,brain
SLP060,13895,0,1.0000,brain
SLP061,10580,0,1.0000,brain
SLP062,7710,0,1.0000,brain
SLP064,1610,0,1.0000,brain
SLP065,4210,0,1.0000,brain
SLP066,7825,0,1.0000,brain
SLP067,4819,0,1.0000,brain
SLP068,7699,0,1.0000,brain
SLP069,5721,0,1.0000,brain
SLP070,7826,0,1.0000,brain
SLP071,3961,0,1.0000,brain
SLP072,3769,0,1.0000,brain
SLP073,4800,0,1.0000,brain
SLP074,3921,0,1.0000,brain
SLP075,4279,0,1.0000,brain
SLP076,5301,0,1.0000,brain
SLP077,3600,0,1.0000,brain
SLP078,3574,0,1.0000,brain
SLP079,2035,0,1.0000,brain
SLP080,7172,0,1.0000,brain
SLP081,4170,0,1.0000,brain
SLP082,9525,0,1.0000,brain
SLP083,2242,0,1.0000,brain
SLP085,2066,0,1.0000,brain
SLP086,4051,0,1.0000,brain
SLP087,4715,0,1.0000,brain
SLP088_a,5215,0,1.0000,brain
SLP088_b,1826,0,1.0000,brain
SLP089,2453,0,1.0000,brain
SLP094_a,5012,0,1.0000,brain
SLP094_b,3582,0,1.0000,brain
SLP094_c,3529,0,1.0000,brain
SLP098,8207,0,1.0000,brain
SLP099,3479,0,1.0000,brain
SLP101,4054,0,1.0000,brain
SLP102,3424,0,1.0000,brain
SLP103,5981,0,1.0000,brain
SLP104,4298,0,1.0000,brain
SLP105,1944,0,1.0000,brain
SLP106,1374,0,1.0000,brain
SLP109,2493,0,1.0000,brain
SLP112,14519,0,1.0000,brain
SLP113,9187,0,1.0000,brain
SLP114,1279,0,1.0000,brain
SLP115,3901,0,1.0000,brain
SLP116,938,0,1.0000,brain
SLP118,2540,0,1.0000,brain
SLP119,2073,0,1.0000,brain
SLP120,2435,0,1.0000,brain
SLP122,7400,0,1.0000,brain
SLP122_b,2240,0,1.0000,brain
SLP126,2602,0,1.0000,brain
SLP128,5093,0,1.0000,brain
SLP129_c,7341,0,1.0000,brain
SLP130,13359,0,1.0000,brain
SLP131,15138,0,1.0000,brain
SLP132,10070,0,1.0000,brain
SLP134,2695,0,1.0000,brain
SLP136,2722,0,1.0000,brain
SLP137,2369,0,1.0000,brain
SLP138,2187,0,1.0000,brain
SLP141,4421,0,1.0000,brain
SLP142,5427,0,1.0000,brain
SLP149,6693,0,1.0000,brain
SLP150,5835,0,1.0000,brain
SLP151,2238,0,1.0000,brain
SLP152,9294,0,1.0000,brain
SLP153,2058,0,1.0000,brain
SLP155,2466,0,1.0000,brain
SLP157,6411,0,1.0000,brain
SLP158,6040,0,1.0000,brain
SLP160,8146,0,1.0000,brain
SLP162,7563,0,1.0000,brain
SLP164,7430,0,1.0000,brain
SLP168,1589,0,1.0000,brain
SLP170,2869,0,1.0000,brain
SLP171,10719,0,1.0000,brain
SLP173,775,0,1.0000,brain
SLP176,15831,0,1.0000,brain
SLP178,3367,0,1.0000,brain
SLP179_a,3246,0,1.0000,brain
SLP179_b,12945,0,1.0000,brain
SLP183,3112,0,1.0000,brain
SLP184,1195,0,1.0000,brain
SLP186,3371,0,1.0000,brain
SLP187,6775,0,1.0000,brain
SLP188,11819,0,1.0000,brain
SLP189,2496,0,1.0000,brain
SLP189_a,1240,0,1.0000,brain
SLP189_b,5307,0,1.0000,brain
SLP198,5459,0,1.0000,brain
SLP199,6642,0,1.0000,brain
SLP202,3067,0,1.0000,brain
SLP204,3262,0,1.0000,brain
SLP206,11442,0,1.0000,brain
SLP207,5949,0,1.0000,brain
SLP208,4190,0,1.0000,brain
SLP209,8290,0,1.0000,brain
SLP210,2104,0,1.0000,brain
SLP211,3109,0,1.0000,brain
SLP212_a,8314,0,1.0000,brain
SLP212_b,2970,0,1.0000,brain
SLP212_c,8773,0,1.0000,brain
SLP214,4317,0,1.0000,brain
SLP215,7533,0,1.0000,brain
SLP216,7682,0,1.0000,brain
SLP217,9056,0,1.0000,brain
SLP221,2639,0,1.0000,brain
SLP222,6916,0,1.0000,brain
SLP223,11054,0,1.0000,brain
SLP224,8533,0,1.0000,brain
SLP227,10479,0,1.0000,brain
SLP228,5583,0,1.0000,brain
SLP229,10513,0,1.0000,brain
SLP230,16281,0,1.0000,brain
SLP231,2767,0,1.0000,brain
SLP234,5051,0,1.0000,brain
SLP235,7793,0,1.0000,brain
SLP236,5781,0,1.0000,brain
SLP237,5578,0,1.0000,brain
SLP238,5570,0,1.0000,brain
SLP239,7904,0,1.0000,brain
SLP240_a,4928,0,1.0000,brain
SLP240_b,4995,0,1.0000,brain
SLP241,6640,0,1.0000,brain
SLP242,6227,0,1.0000,brain
SLP243,10024,0,1.0000,brain
SLP244,8070,0,1.0000,brain
SLP245,3891,0,1.0000,brain
SLP246,1650,0,1.0000,brain
SLP247,5906,0,1.0000,brain
SLP248,7240,0,1.0000,brain
SLP249,7159,0,1.0000,brain
SLP250,6139,0,1.0000,brain
SLP251,4124,0,1.0000,brain
SLP252_a,2663,0,1.0000,brain
SLP252_b,2867,0,1.0000,brain
SLP252_c,1925,0,1.0000,brain
SLP255,3874,0,1.0000,brain
SLP256,2722,0,1.0000,brain
SLP257,3185,0,1.0000,brain
SLP258,4285,0,1.0000,brain
SLP259,9250,0,1.0000,brain
SLP260,733,0,1.0000,brain
SLP265,1484,0,1.0000,brain
SLP266,6204,0,1.0000,brain
SLP267,4952,0,1.0000,brain
SLP268,4641,0,1.0000,brain
SLP269,5855,0,1.0000,brain
SLP270,4561,0,1.0000,brain
SLP271,4129,0,1.0000,brain
SLP273,1442,0,1.0000,brain
SLP274,1720,0,1.0000,brain
SLP275,6705,0,1.0000,brain
SLP278,9832,0,1.0000,brain
SLP279,11372,0,1.0000,brain
SLP281,3636,0,1.0000,brain
"SLP283,SLP284",6975,0,1.0000,brain
SLP285,8115,0,1.0000,brain
SLP286,8749,0,1.0000,brain
SLP287,2478,0,1.0000,brain
SLP288,5858,0,1.0000,brain
SLP289,5881,0,1.0000,brain
SLP290,5013,0,1.0000,brain
SLP291,1776,0,1.0000,brain
SLP295,5047,0,1.0000,brain
SLP298,1068,0,1.0000,brain
SLP300,4696,0,1.0000,brain
SLP302,1299,0,1.0000,brain
SLP304,9395,0,1.0000,brain
SLP305,4109,0,1.0000,brain
SLP307,539,0,1.0000,brain
SLP308,2533,0,1.0000,brain
SLP310,2060,0,1.0000,brain
SLP311,2087,0,1.0000,brain
SLP312,4897,0,1.0000,brain
SLP313,3888,0,1.0000,brain
SLP314,7069,0,1.0000,brain
SLP315,2835,0,1.0000,brain
SLP316,3435,0,1.0000,brain
SLP319,890,0,1.0000,brain
SLP320,1691,0,1.0000,brain
SLP321,12715,0,1.0000,brain
SLP322,3831,0,1.0000,brain
SLP324,2993,0,1.0000,brain
SLP327,8804,0,1.0000,brain
SLP328,3891,0,1.0000,brain
SLP330,3644,0,1.0000,brain
SLP334,5104,0,1.0000,brain
SLP337,3080,0,1.0000,brain
SLP340,4435,0,1.0000,brain
SLP341_a,2078,0,1.0000,brain
SLP341_b,1453,0,1.0000,brain
SLP344,2823,0,1.0000,brain
SLP345,2277,0,1.0000,brain
SLP347,3506,0,1.0000,brain
SLP354,625,0,1.0000,brain
SLP355,4034,0,1.0000,brain
SLP356,4360,0,1.0000,brain
SLP358,4774,0,1.0000,brain
SLP359,8987,0,1.0000,brain
SLP360_a,8943,0,1.0000,brain
SLP360_b,2467,0,1.0000,brain
SLP360_c,2574,0,1.0000,brain
SLP360_d,6056,0,1.0000,brain
SLP361,7200,0,1.0000,brain
SLP363,2995,0,1.0000,brain
SLP364,3965,0,1.0000,brain
SLP365,8815,0,1.0000,brain
SLP366,4902,0,1.0000,brain
SLP368,2931,0,1.0000,brain
SLP369,9793,0,1.0000,brain
SLP372,4808,0,1.0000,brain
SLP373,4918,0,1.0000,brain
SLP374,2827,0,1.0000,brain
SLP375,3500,0,1.0000,brain
SLP376,13096,0,1.0000,brain
SLP377,9062,0,1.0000,brain
SLP378,4695,0,1.0000,brain
SLP379,5786,0,1.0000,brain
SLP380,6220,0,1.0000,brain
SLP381,4599,0,1.0000,brain
SLP382,4096,0,1.0000,brain
SLP383,2099,0,1.0000,brain
SLP384,3040,0,1.0000,brain
SLP385,4614,0,1.0000,brain
SLP386,4543,0,1.0000,brain
SLP387,4101,0,1.0000,brain
SLP388,27370,0,1.0000,brain
SLP389,8744,0,1.0000,brain
SLP390,8250,0,1.0000,brain
SLP391,11888,0,1.0000,brain
SLP392,4292,0,1.0000,brain
SLP393,2627,0,1.0000,brain
SLP394,3447,0,1.0000,brain
SLP395,3138,0,1.0000,brain
SLP396,6645,0,1.0000,brain
SLP397,4665,0,1.0000,brain
SLP398,2770,0,1.0000,brain
SLP400,6322,0,1.0000,brain
SLP402_a,2561,0,1.0000,brain
SLP402_b,1725,0,1.0000,brain
SLP403,3020,0,1.0000,brain
SLP404,5835,0,1.0000,brain
SLP405,2899,0,1.0000,brain
SLP405_a,9434,0,1.0000,brain
SLP405_b,8450,0,1.0000,brain
SLP405_c,8816,0,1.0000,brain
SLP406,5210,87,0.9836,brain
SLP411,7950,0,1.0000,brain
SLP412_a,1923,0,1.0000,brain
SLP412_b,1575,0,1.0000,brain
SLP414,6103,0,1.0000,brain
SLP421,25892,0,1.0000,brain
SLP424,3630,0,1.0000,brain
SLP429,3293,0,1.0000,brain
SLP433,2016,0,1.0000,brain
SLP435,4143,0,1.0000,brain
SLP437,4292,0,1.0000,brain
SLP438,14646,0,1.0000,brain
SLP439,10857,0,1.0000,brain
SLP440,17724,0,1.0000,brain
SLP441,11005,0,1.0000,brain
SLP442,4838,0,1.0000,brain
SLP443,4513,0,1.0000,brain
SLP444,4010,0,1.0000,brain
SLP447,6621,0,1.0000,brain
SLP450,4672,0,1.0000,brain
SLP451,3444,0,1.0000,brain
SLP455,7247,0,1.0000,brain
SLP456,11791,0,1.0000,brain
SLP457,16655,0,1.0000,brain
SLP458,3427,0,1.0000,brain
SLP459,1656,0,1.0000,brain
SLP460,2110,0,1.0000,brain
SLP461,3442,0,1.0000,brain
SLP462,5463,0,1.0000,brain
SLP463,2124,0,1.0000,brain
SLP464,5777,0,1.0000,brain
SLP465,3866,0,1.0000,brain
SLP466,3850,0,1.0000,brain
SLP467,8808,0,1.0000,brain
SLP469,7904,0,1.0000,brain
SLP470,11137,0,1.0000,brain
SLP471,7308,0,1.0000,brain
SLP472,2710,0,1.0000,brain
SLP473,3754,0,1.0000,brain
SMP001,8031,0,1.0000,brain
SMP002,3526,0,1.0000,brain
SMP004,3700,0,1.0000,brain
SMP006,12247,0,1.0000,brain
SMP007,7688,0,1.0000,brain
SMP008,8327,0,1.0000,brain
SMP009,2154,0,1.0000,brain
SMP010,7796,0,1.0000,brain
SMP011_a,6604,0,1.0000,brain
SMP011_b,5544,0,1.0000,brain
SMP012,10573,0,1.0000,brain
SMP013,6326,0,1.0000,brain
SMP014,8350,0,1.0000,brain
SMP015,4045,0,1.0000,brain
SMP016_a,2629,0,1.0000,brain
SMP016_b,6480,0,1.0000,brain
SMP017,3844,0,1.0000,brain
SMP018,21132,0,1.0000,brain
SMP019,7148,0,1.0000,brain
SMP020,3645,0,1.0000,brain
SMP021,5199,0,1.0000,brain
SMP022,5724,0,1.0000,brain
SMP024,1001,0,1.0000,brain
SMP025,8153,0,1.0000,brain
SMP026,19547,0,1.0000,brain
SMP027,4555,0,1.0000,brain
SMP028,6660,0,1.0000,brain
SMP030,2430,0,1.0000,brain
SMP031,1139,0,1.0000,brain
SMP033,1936,0,1.0000,brain
SMP034,7993,0,1.0000,brain
SMP035,1226,0,1.0000,brain
SMP036,6227,0,1.0000,brain
SMP037,6805,0,1.0000,brain
SMP038,4432,0,1.0000,brain
SMP039,3472,0,1.0000,brain
SMP040,5317,0,1.0000,brain
SMP041,9838,0,1.0000,brain
SMP042,10355,0,1.0000,brain
SMP043,7731,0,1.0000,brain
SMP044,5357,0,1.0000,brain
SMP045,3727,0,1.0000,brain
SMP046,3092,0,1.0000,brain
SMP047,2946,0,1.0000,brain
SMP048,20610,0,1.0000,brain
SMP049,16624,0,1.0000,brain
SMP050,8822,0,1.0000,brain
SMP051,12081,0,1.0000,brain
SMP052,22107,0,1.0000,brain
SMP053,7519,0,1.0000,brain
SMP054,14875,0,1.0000,brain
SMP055,13979,0,1.0000,brain
SMP056,7455,0,1.0000,brain
SMP057,12824,0,1.0000,brain
SMP058,3946,0,1.0000,brain
SMP059,3144,0,1.0000,brain
SMP061,9031,0,1.0000,brain
SMP063,5456,0,1.0000,brain
SMP064,4950,0,1.0000,brain
SMP065,8382,0,1.0000,brain
SMP066,12488,0,1.0000,brain
SMP067,3818,0,1.0000,brain
SMP068,6913,0,1.0000,brain
SMP069,10734,0,1.0000,brain
SMP072,2675,0,1.0000,brain
SMP075,9319,0,1.0000,brain
SMP076,16039,0,1.0000,brain
SMP077,9829,0,1.0000,brain
SMP079,14050,0,1.0000,brain
SMP080,10536,0,1.0000,brain
SMP081,31393,0,1.0000,brain
SMP082,27389,0,1.0000,brain
SMP083,14300,0,1.0000,brain
SMP084,17151,0,1.0000,brain
SMP085,14053,0,1.0000,brain
SMP086,15653,0,1.0000,brain
SMP087,12888,0,1.0000,brain
SMP088,6876,0,1.0000,brain
SMP089,11454,0,1.0000,brain
SMP090,9184,0,1.0000,brain
SMP091,9525,0,1.0000,brain
SMP092,15496,0,1.0000,brain
SMP093,6069,0,1.0000,brain
SMP095,6538,0,1.0000,brain
SMP096,5022,0,1.0000,brain
SMP102,6475,0,1.0000,brain
SMP105_a,9132,0,1.0000,brain
SMP105_b,6188,0,1.0000,brain
SMP106,12289,0,1.0000,brain
SMP107,5006,0,1.0000,brain
SMP108,60796,0,1.0000,brain
SMP109,15917,0,1.0000,brain
SMP110,4974,0,1.0000,brain
SMP111,2065,0,1.0000,brain
SMP112,8339,0,1.0000,brain
SMP114,10772,0,1.0000,brain
SMP115,9501,0,1.0000,brain
SMP116,8390,0,1.0000,brain
SMP117_a,3962,0,1.0000,brain
SMP117_b,4350,0,1.0000,brain
SMP118,3124,0,1.0000,brain
SMP119,3358,0,1.0000,brain
SMP120,6943,0,1.0000,brain
SMP122,6441,0,1.0000,brain
SMP123,6550,0,1.0000,brain
SMP124,5275,0,1.0000,brain
SMP125,4080,0,1.0000,brain
SMP126,3669,0,1.0000,brain
SMP128,3719,0,1.0000,brain
SMP130,4103,0,1.0000,brain
SMP131,3625,0,1.0000,brain
SMP132,7799,0,1.0000,brain
SMP133,15594,0,1.0000,brain
SMP134,2247,0,1.0000,brain
SMP135,2174,0,1.0000,brain
SMP136,2247,0,1.0000,brain
SMP138,3192,0,1.0000,brain
SMP139,2102,0,1.0000,brain
SMP142,10519,0,1.0000,brain
SMP143,18023,0,1.0000,brain
SMP144,5322,0,1.0000,brain
SMP145,10170,0,1.0000,brain
SMP146,9759,0,1.0000,brain
SMP147,13404,0,1.0000,brain
SMP148,26658,0,1.0000,brain
SMP150,5593,0,1.0000,brain
SMP151,14627,0,1.0000,brain
SMP152,5414,0,1.0000,brain
SMP153_a,8308,0,1.0000,brain
SMP153_b,4852,0,1.0000,brain
SMP154,12007,0,1.0000,brain
SMP155,18893,0,1.0000,brain
SMP156,10286,0,1.0000,brain
SMP157,12220,0,1.0000,brain
SMP158,8118,0,1.0000,brain
SMP159,12766,0,1.0000,brain
SMP160,11326,0,1.0000,brain
SMP161,5523,0,1.0000,brain
SMP162,17392,0,1.0000,brain
SMP163,21576,0,1.0000,brain
SMP164,8133,0,1.0000,brain
SMP165,11879,0,1.0000,brain
SMP166,2443,0,1.0000,brain
SMP167,5186,0,1.0000,brain
SMP168,5845,0,1.0000,brain
SMP169,4414,0,1.0000,brain
SMP170,5247,0,1.0000,brain
SMP171,9131,0,1.0000,brain
SMP172,7475,0,1.0000,brain
SMP174,3784,0,1.0000,brain
SMP175,15183,0,1.0000,brain
SMP176,12057,0,1.0000,brain
SMP177,29094,0,1.0000,brain
SMP178,9660,0,1.0000,brain
SMP179,12432,0,1.0000,brain
SMP180,4180,0,1.0000,brain
SMP181,13408,0,1.0000,brain
SMP182,3045,0,1.0000,brain
SMP183,8908,0,1.0000,brain
SMP184,7272,0,1.0000,brain
SMP185,8461,0,1.0000,brain
SMP186,6487,0,1.0000,brain
SMP187,1622,0,1.0000,brain
SMP188,6481,0,1.0000,brain
SMP189,5106,0,1.0000,brain
SMP190,5401,0,1.0000,brain
SMP191,2963,0,1.0000,brain
SMP192,4402,0,1.0000,brain
SMP193,12251,0,1.0000,brain
SMP194,2972,0,1.0000,brain
SMP196_a,1199,0,1.0000,brain
SMP196_b,1704,0,1.0000,brain
SMP198,12598,0,1.0000,brain
SMP199,9362,0,1.0000,brain
SMP200,6460,0,1.0000,brain
SMP201,7672,0,1.0000,brain
SMP202,6715,0,1.0000,brain
SMP203,8108,0,1.0000,brain
SMP204,5412,0,1.0000,brain
SMP206,3747,0,1.0000,brain
SMP207,5717,0,1.0000,brain
SMP208,4657,0,1.0000,brain
SMP209,3452,0,1.0000,brain
SMP210,4705,0,1.0000,brain
SMP213,1291,0,1.0000,brain
SMP214,1689,0,1.0000,brain
SMP215,5808,0,1.0000,brain
SMP216,2502,0,1.0000,brain
SMP217,3023,0,1.0000,brain
SMP218,5606,0,1.0000,brain
SMP219,7849,0,1.0000,brain
SMP220,6338,0,1.0000,brain
SMP221,2342,0,1.0000,brain
SMP222,3340,0,1.0000,brain
SMP223,2759,0,1.0000,brain
SMP226,1438,0,1.0000,brain
SMP227,2282,0,1.0000,brain
SMP228,4808,0,1.0000,brain
SMP229,3284,0,1.0000,brain
SMP232,3040,0,1.0000,brain
SMP234,7535,0,1.0000,brain
SMP235,9472,0,1.0000,brain
SMP236,2484,0,1.0000,brain
SMP237,10650,0,1.0000,brain
SMP238,5720,0,1.0000,brain
SMP239,3100,0,1.0000,brain
SMP240,2819,0,1.0000,brain
SMP242,2616,0,1.0000,brain
SMP243,7133,0,1.0000,brain
SMP245,20200,0,1.0000,brain
SMP246,4223,0,1.0000,brain
SMP247,7976,0,1.0000,brain
SMP248_a,2112,0,1.0000,brain
SMP248_b,2002,0,1.0000,brain
SMP248_c,4261,0,1.0000,brain
SMP248_d,1560,0,1.0000,brain
SMP249,4718,0,1.0000,brain
SMP250,5475,0,1.0000,brain
SMP251,7412,0,1.0000,brain
SMP252,8401,0,1.0000,brain
SMP253,8860,0,1.0000,brain
SMP254,7321,0,1.0000,brain
SMP255,9840,0,1.0000,brain
SMP256,4117,0,1.0000,brain
SMP257,3531,0,1.0000,brain
SMP258,1760,0,1.0000,brain
SMP261,7316,0,1.0000,brain
SMP262,3116,0,1.0000,brain
SMP266,2509,0,1.0000,brain
SMP267,2094,0,1.0000,brain
SMP268,2159,0,1.0000,brain
SMP269,3758,0,1.0000,brain
SMP270,1885,0,1.0000,brain
SMP271,13415,0,1.0000,brain
SMP272,8404,0,1.0000,brain
SMP273,5831,0,1.0000,brain
SMP274,2195,0,1.0000,brain
SMP275,2127,0,1.0000,brain
SMP276,4129,0,1.0000,brain
SMP277,5833,0,1.0000,brain
SMP278,4164,0,1.0000,brain
SMP279_a,7806,0,1.0000,brain
SMP279_b,2547,0,1.0000,brain
SMP279_c,2786,0,1.0000,brain
SMP280,1944,0,1.0000,brain
SMP281,2987,0,1.0000,brain
SMP282,3783,0,1.0000,brain
SMP283,4306,0,1.0000,brain
SMP284_a,2952,0,1.0000,brain
SMP284_b,3843,0,1.0000,brain
SMP285,17243,0,1.0000,brain
SMP286,18258,0,1.0000,brain
SMP291,8565,0,1.0000,brain
SMP293,3508,0,1.0000,brain
SMP297,10553,0,1.0000,brain
SMP299,4805,0,1.0000,brain
SMP302,5280,0,1.0000,brain
SMP304,3098,0,1.0000,brain
SMP305,4692,0,1.0000,brain
SMP306,6045,0,1.0000,brain
SMP307,7366,0,1.0000,brain
SMP311,5377,0,1.0000,brain
SMP312,6272,0,1.0000,brain
SMP313,4893,0,1.0000,brain
SMP314,8612,0,1.0000,brain
SMP315,11825,0,1.0000,brain
SMP316_a,3084,0,1.0000,brain
SMP316_b,3355,0,1.0000,brain
SMP317,13617,0,1.0000,brain
SMP319,9863,0,1.0000,brain
SMP320,7148,0,1.0000,brain
SMP320a,1591,0,1.0000,brain
SMP321_a,5462,0,1.0000,brain
SMP321_b,2421,0,1.0000,brain
SMP322,6976,0,1.0000,brain
SMP323,5007,0,1.0000,brain
SMP324,2577,0,1.0000,brain
SMP326,4505,0,1.0000,brain
SMP327,4730,0,1.0000,brain
SMP328_a,1440,0,1.0000,brain
SMP328_b,1964,0,1.0000,brain
SMP328_c,2513,0,1.0000,brain
SMP329,2655,0,1.0000,brain
SMP330,2674,0,1.0000,brain
SMP331,8825,0,1.0000,brain
SMP332,3113,0,1.0000,brain
SMP333,5230,0,1.0000,brain
SMP334,5197,0,1.0000,brain
SMP335,5294,0,1.0000,brain
SMP336,4842,0,1.0000,brain
SMP337,5250,0,1.0000,brain
SMP338,8750,0,1.0000,brain
SMP339,7303,0,1.0000,brain
SMP340,4364,0,1.0000,brain
SMP341,3524,0,1.0000,brain
SMP342,5387,0,1.0000,brain
SMP344,4667,0,1.0000,brain
SMP345,4149,0,1.0000,brain
SMP346,12349,0,1.0000,brain
SMP347,11916,0,1.0000,brain
SMP348,4762,0,1.0000,brain
SMP350,4508,0,1.0000,brain
SMP352,3705,0,1.0000,brain
SMP353,4616,0,1.0000,brain
SMP354,3436,0,1.0000,brain
SMP355,2636,0,1.0000,brain
SMP356,1450,0,1.0000,brain
SMP357,6723,0,1.0000,brain
SMP358,7903,0,1.0000,brain
SMP359,3629,0,1.0000,brain
SMP360,1838,0,1.0000,brain
SMP361,7002,0,1.0000,brain
SMP362,3852,0,1.0000,brain
SMP368,8626,0,1.0000,brain
SMP369,5378,0,1.0000,brain
SMP370,6749,0,1.0000,brain
SMP371_a,6545,0,1.0000,brain
SMP371_b,5765,0,1.0000,brain
SMP372,4331,0,1.0000,brain
SMP373,3327,0,1.0000,brain
SMP374,8145,0,1.0000,brain
SMP375,5369,0,1.0000,brain
SMP376,12842,0,1.0000,brain
SMP377,17836,0,1.0000,brain
SMP378,1854,0,1.0000,brain
SMP379,2270,0,1.0000,brain
SMP380,5523,0,1.0000,brain
SMP381_a,4133,0,1.0000,brain
SMP381_b,5297,0,1.0000,brain
SMP381_c,1971,0,1.0000,brain
SMP382,5548,0,1.0000,brain
SMP383,16484,0,1.0000,brain
SMP384,11364,0,1.0000,brain
SMP385,11192,0,1.0000,brain
SMP386,13789,0,1.0000,brain
SMP387,7913,0,1.0000,brain
SMP388,6582,0,1.0000,brain
SMP389_a,6244,0,1.0000,brain
SMP389_b,5872,0,1.0000,brain
SMP389_c,3332,0,1.0000,brain
SMP390,4693,0,1.0000,brain
SMP391,7835,0,1.0000,brain
SMP392,6925,0,1.0000,brain
SMP393,3497,0,1.0000,brain
SMP394,5649,0,1.0000,brain
SMP395,3954,0,1.0000,brain
SMP397,6050,0,1.0000,brain
SMP398_a,3900,0,1.0000,brain
SMP398_b,3084,0,1.0000,brain
SMP399_a,3099,0,1.0000,brain
SMP399_b,6355,0,1.0000,brain
SMP399_c,2517,0,1.0000,brain
SMP400,2864,0,1.0000,brain
SMP401,3324,0,1.0000,brain
SMP402,2961,0,1.0000,brain
SMP403,8514,0,1.0000,brain
SMP404,9679,0,1.0000,brain
SMP405,6848,0,1.0000,brain
SMP406_a,3085,0,1.0000,brain
SMP406_b,2779,0,1.0000,brain
SMP406_c,5508,0,1.0000,brain
SMP406_d,2689,0,1.0000,brain
SMP406_e,3543,0,1.0000,brain
SMP407,2758,0,1.0000,brain
SMP408_a,4329,0,1.0000,brain
SMP408_b,9086,0,1.0000,brain
SMP408_c,5159,0,1.0000,brain
SMP408_d,13044,0,1.0000,brain
SMP409,9800,0,1.0000,brain
SMP410,5492,0,1.0000,brain
SMP411,3626,0,1.0000,brain
SMP412,1800,0,1.0000,brain
SMP413,4251,0,1.0000,brain
SMP414,3488,0,1.0000,brain
SMP415_a,2080,0,1.0000,brain
SMP415_b,1922,0,1.0000,brain
SMP416,5023,0,1.0000,brain
SMP418,9208,0,1.0000,brain
SMP419,3661,0,1.0000,brain
SMP420,2751,0,1.0000,brain
SMP421,3523,0,1.0000,brain
SMP422,3045,0,1.0000,brain
SMP423,1956,0,1.0000,brain
SMP424,6372,0,1.0000,brain
SMP425,3822,0,1.0000,brain
SMP426,1709,0,1.0000,brain
SMP427,8983,0,1.0000,brain
SMP428_a,882,0,1.0000,brain
SMP428_b,861,0,1.0000,brain
SMP429,3403,0,1.0000,brain
SMP430,1870,0,1.0000,brain
SMP437,1031,0,1.0000,brain
SMP438,2211,0,1.0000,brain
SMP441,4957,0,1.0000,brain
SMP442,6111,0,1.0000,brain
SMP443,5516,0,1.0000,brain
SMP444,3708,0,1.0000,brain
SMP445,2743,0,1.0000,brain
SMP446,5489,0,1.0000,brain
SMP447,4507,0,1.0000,brain
SMP448,6921,0,1.0000,brain
SMP449,3047,0,1.0000,brain
SMP450,6426,0,1.0000,brain
SMP451,2862,0,1.0000,brain
SMP452,6756,0,1.0000,brain
SMP453,7970,0,1.0000,brain
SMP455,5016,0,1.0000,brain
SMP456,11328,0,1.0000,brain
SMP457,8518,0,1.0000,brain
SMP458,4003,0,1.0000,brain
SMP459,12720,0,1.0000,brain
SMP460,2550,0,1.0000,brain
SMP461,7101,0,1.0000,brain
SMP467,1277,0,1.0000,brain
SMP468,3090,0,1.0000,brain
SMP469,5397,0,1.0000,brain
SMP470,15547,0,1.0000,brain
SMP471,12951,0,1.0000,brain
SMP472,16930,0,1.0000,brain
SMP476,5573,0,1.0000,brain
SMP477,4130,0,1.0000,brain
SMP482,7050,0,1.0000,brain
SMP483,3228,0,1.0000,brain
SMP484,2411,0,1.0000,brain
SMP487,6176,0,1.0000,brain
SMP488,3058,0,1.0000,brain
SMP489,4861,0,1.0000,brain
SMP490,6624,0,1.0000,brain
SMP491,2611,0,1.0000,brain
SMP492,9179,0,1.0000,brain
SMP493,14994,0,1.0000,brain
SMP494,7541,0,1.0000,brain
SMP495_a,8063,0,1.0000,brain
SMP495_b,4434,0,1.0000,brain
SMP495_c,3855,0,1.0000,brain
SMP496,3850,0,1.0000,brain
SMP497,2303,0,1.0000,brain
SMP501,11374,0,1.0000,brain
SMP503,14595,0,1.0000,brain
SMP504,11482,0,1.0000,brain
SMP505,10521,0,1.0000,brain
SMP506,5848,0,1.0000,brain
SMP507,5367,0,1.0000,brain
SMP508,1811,0,1.0000,brain
SMP509,4243,0,1.0000,brain
SMP510,2502,0,1.0000,brain
SMP511,1507,0,1.0000,brain
SMP512,5617,0,1.0000,brain
SMP513,4081,0,1.0000,brain
SMP514,3387,0,1.0000,brain
SMP516,10074,0,1.0000,brain
SMP517,3855,0,1.0000,brain
SMP518,3107,0,1.0000,brain
SMP519,2386,0,1.0000,brain
SMP520,3695,0,1.0000,brain
SMP521,812,0,1.0000,brain
SMP522,238,0,1.0000,brain
SMP523,3490,0,1.0000,brain
SMP525,1885,0,1.0000,brain
SMP526,825,0,1.0000,brain
SMP527,12884,0,1.0000,brain
SMP528,9572,0,1.0000,brain
SMP529,5050,0,1.0000,brain
SMP530_a,5071,0,1.0000,brain
SMP530_b,4039,0,1.0000,brain
SMP531,6242,0,1.0000,brain
SMP532_a,4102,0,1.0000,brain
SMP532_b,3355,0,1.0000,brain
SMP533,3863,0,1.0000,brain
SMP535,8773,0,1.0000,brain
SMP537,6703,0,1.0000,brain
SMP538,3622,0,1.0000,brain
SMP539,3981,0,1.0000,brain
SMP540,4116,0,1.0000,brain
SMP541,12814,0,1.0000,brain
SMP542,8617,0,1.0000,brain
SMP543,21093,0,1.0000,brain
SMP544,15033,0,1.0000,brain
SMP545,16627,0,1.0000,brain
SMP546,8120,0,1.0000,brain
SMP547,7757,0,1.0000,brain
SMP548,18884,0,1.0000,brain
SMP549,14595,0,1.0000,brain
SMP550,19654,0,1.0000,brain
SMP551,14064,0,1.0000,brain
SMP552,5310,0,1.0000,brain
SMP553,9339,0,1.0000,brain
SMP554,8851,0,1.0000,brain
SMP555,5786,0,1.0000,brain
SMP556,6373,0,1.0000,brain
SMP560,2668,0,1.0000,brain
SMP561,3357,0,1.0000,brain
SMP562,2278,0,1.0000,brain
SMP565,2270,0,1.0000,brain
SMP566,7128,0,1.0000,brain
SMP567,3788,0,1.0000,brain
SMP568_a,9379,0,1.0000,brain
SMP568_b,8136,0,1.0000,brain
SMP568_c,6358,0,1.0000,brain
SMP568_d,4779,0,1.0000,brain
SMP569,4120,0,1.0000,brain
SMP570,4677,0,1.0000,brain
SMP571,1650,0,1.0000,brain
SMP572,3363,0,1.0000,brain
SMP573,1301,0,1.0000,brain
SMP577,10019,0,1.0000,brain
SMP578,3262,0,1.0000,brain
SMP579,9765,0,1.0000,brain
SMP580,3793,0,1.0000,brain
SMP581,4376,0,1.0000,brain
SMP582,4057,0,1.0000,brain
SMP583,8813,0,1.0000,brain
SMP586,9738,0,1.0000,brain
SMP588,11557,0,1.0000,brain
SMP589,6644,0,1.0000,brain
SMP590_a,2158,0,1.0000,brain
SMP590_b,2694,0,1.0000,brain
SMP591,2872,0,1.0000,brain
SMP592,1877,0,1.0000,brain
SMP593,26083,0,1.0000,brain
SMP594,10827,0,1.0000,brain
SMP595,9381,0,1.0000,brain
SMP596,6710,0,1.0000,brain
SMP597,4025,0,1.0000,brain
SMP598,8999,0,1.0000,brain
SMP599,3902,0,1.0000,brain
SMP600,3490,0,1.0000,brain
SMP603,8819,0,1.0000,brain
SMP604,10326,0,1.0000,brain
SMP700m,5005,0,1.0000,brain
SMP702m,23035,0,1.0000,brain
SMP703m,20179,0,1.0000,brain
SMP705m,10350,0,1.0000,brain
SMP709m,18726,0,1.0000,brain
SMP710m,9301,0,1.0000,brain
SMP711m,2596,0,1.0000,brain
SMP712m,3524,0,1.0000,brain
SMP713m,5718,0,1.0000,brain
SMP714m,12575,0,1.0000,brain
SMP715m,8296,0,1.0000,brain
SMP716m,3567,0,1.0000,brain
SMP717m,7463,0,1.0000,brain
SMP718m,2675,0,1.0000,brain
SMP719m,11661,0,1.0000,brain
SMP720m,5311,0,1.0000,brain
SMP721m,7316,0,1.0000,brain
SMP723m,11450,0,1.0000,brain
SMP726m,10941,0,1.0000,brain
SMP727m,3112,0,1.0000,brain
SMP728m,4689,0,1.0000,brain
SMP729,1972,0,1.0000,brain
SMP729m,11184,0,1.0000,brain
SMP730,3070,0,1.0000,brain
SMP731,2617,0,1.0000,brain
SMP732,1925,0,1.0000,brain
SMP733,1504,0,1.0000,brain
SMP734,7550,0,1.0000,brain
SMP735,2008,0,1.0000,brain
SMP736,732,0,1.0000,brain
SMP737,3948,0,1.0000,brain
SMP738,4439,0,1.0000,brain
SMP739,5501,0,1.0000,brain
SMP740,9034,0,1.0000,brain
SMP741,5063,0,1.0000,brain
SMP742,7232,0,1.0000,brain
SMP743,5936,0,1.0000,brain
SMP744,9056,0,1.0000,brain
SMP745,3037,0,1.0000,brain
SMP_unclear,1673,0,1.0000,brain
SMPp&v1B_M02,5123,0,1.0000,brain
SNch01,0,29587,0.0000,vnc
SNch05,0,487,0.0000,vnc
SNch10,0,14745,0.0000,vnc
SNpp01,0,6436,0.0000,vnc
SNpp02,0,8620,0.0000,vnc
SNpp03,0,942,0.0000,vnc
SNpp04,0,3101,0.0000,vnc
SNpp05,0,2171,0.0000,vnc
SNpp06,0,3312,0.0000,vnc
SNpp07,0,5023,0.0000,vnc
SNpp08,0,2119,0.0000,vnc
SNpp09,0,4947,0.0000,vnc
SNpp10,0,4767,0.0000,vnc
SNpp11,0,2784,0.0000,vnc
SNpp12,0,2785,0.0000,vnc
SNpp13,0,1079,0.0000,vnc
SNpp14,0,1613,0.0000,vnc
SNpp15,0,2226,0.0000,vnc
SNpp16,0,8225,0.0000,vnc
SNpp17,0,4651,0.0000,vnc
SNpp18,0,6401,0.0000,vnc
SNpp19,58,16940,0.0034,vnc
SNpp20,0,1416,0.0000,vnc
"SNpp20,SApp02",0,615,0.0000,vnc
SNpp21,0,1728,0.0000,vnc
SNpp22,0,366,0.0000,vnc
SNpp23,183,6034,0.0294,vnc
SNpp24,0,1537,0.0000,vnc
SNpp25,0,4582,0.0000,vnc
SNpp26,0,1039,0.0000,vnc
SNpp27,0,645,0.0000,vnc
SNpp28,0,10342,0.0000,vnc
"SNpp29,SNpp63",0,10941,0.0000,vnc
SNpp30,0,23895,0.0000,vnc
SNpp31,0,3920,0.0000,vnc
SNpp32,0,12799,0.0000,vnc
SNpp33,0,5526,0.0000,vnc
SNpp34,0,3378,0.0000,vnc
"SNpp34,SApp16",0,1022,0.0000,vnc
SNpp35,0,2324,0.0000,vnc
SNpp36,0,783,0.0000,vnc
SNpp37,0,3054,0.0000,vnc
SNpp38,0,5534,0.0000,vnc
SNpp39,0,15545,0.0000,vnc
SNpp40,0,14544,0.0000,vnc
SNpp41,0,10516,0.0000,vnc
SNpp42,0,3895,0.0000,vnc
SNpp43,0,5051,0.0000,vnc
SNpp44,0,1840,0.0000,vnc
SNpp45,0,26450,0.0000,vnc
SNpp46,0,565,0.0000,vnc
SNpp47,0,12104,0.0000,vnc
SNpp48,0,4477,0.0000,vnc
SNpp49,0,1815,0.0000,vnc
SNpp50,0,22173,0.0000,vnc
SNpp51,0,13316,0.0000,vnc
SNpp52,0,20295,0.0000,vnc
SNpp53,0,7998,0.0000,vnc
SNpp55,0,2403,0.0000,vnc
SNpp56,0,3107,0.0000,vnc
SNpp57,0,3193,0.0000,vnc
SNpp58,0,4852,0.0000,vnc
SNpp59,0,1803,0.0000,vnc
SNpp60,0,15875,0.0000,vnc
SNpp61,0,6251,0.0000,vnc
SNpp62,0,6768,0.0000,vnc
SNppxx,0,42315,0.0000,vnc
SNta02,0,769,0.0000,vnc
"SNta02,SNta09",0,90278,0.0000,vnc
SNta03,0,18617,0.0000,vnc
SNta04,0,45040,0.0000,vnc
"SNta04,SNta11",0,21959,0.0000,vnc
SNta05,0,9435,0.0000,vnc
SNta06,0,5822,0.0000,vnc
SNta07,0,12529,0.0000,vnc
SNta10,0,7539,0.0000,vnc
SNta11,0,30756,0.0000,vnc
"SNta11,SNta14",0,29208,0.0000,vnc
SNta12,0,4680,0.0000,vnc
SNta13,0,10775,0.0000,vnc
SNta14,0,8792,0.0000,vnc
SNta18,0,25514,0.0000,vnc
SNta19,0,5893,0.0000,vnc
"SNta19,SNta37",0,4152,0.0000,vnc
SNta20,0,42095,0.0000,vnc
"SNta20,SNta29",0,59,0.0000,vnc
SNta21,0,27298,0.0000,vnc
"SNta21,SNta38",0,665,0.0000,vnc
SNta22,0,2054,0.0000,vnc
"SNta22,SNta23",0,950,0.0000,vnc
"SNta22,SNta33",0,6376,0.0000,vnc
SNta23,0,8954,0.0000,vnc
SNta24,0,124,0.0000,vnc
SNta25,0,17851,0.0000,vnc
"SNta25,SNta30",0,2239,0.0000,vnc
SNta26,0,8520,0.0000,vnc
SNta27,0,10355,0.0000,vnc
"SNta27,SNta28",0,2195,0.0000,vnc
SNta28,0,19943,0.0000,vnc
"SNta28,SNta29",0,50,0.0000,vnc
"SNta28,SNta40",0,168,0.0000,vnc
"SNta28,SNta44",0,2270,0.0000,vnc
SNta29,0,64622,0.0000,vnc
SNta30,0,17544,0.0000,vnc
SNta31,0,16522,0.0000,vnc
"SNta31,SNta34",0,104,0.0000,vnc
SNta32,0,13088,0.0000,vnc
SNta33,0,13278,0.0000,vnc
SNta34,0,13286,0.0000,vnc
SNta35,0,9842,0.0000,vnc
SNta36,0,2877,0.0000,vnc
SNta37,0,70098,0.0000,vnc
SNta38,0,31445,0.0000,vnc
SNta39,0,3101,0.0000,vnc
SNta40,0,5366,0.0000,vnc
SNta41,0,7921,0.0000,vnc
SNta42,0,19583,0.0000,vnc
SNta43,0,18325,0.0000,vnc
SNta44,0,7271,0.0000,vnc
"SNta44,SNta45",0,94,0.0000,vnc
SNta45,0,6737,0.0000,vnc
SNtaxx,0,3045,0.0000,vnc
SNxx01,0,11791,0.0000,vnc
SNxx02,0,11476,0.0000,vnc
SNxx03,0,61027,0.0000,vnc
SNxx04,0,56658,0.0000,vnc
SNxx05,0,3323,0.0000,vnc
SNxx06,0,7399,0.0000,vnc
SNxx07,0,18954,0.0000,vnc
SNxx08,0,2734,0.0000,vnc
SNxx09,0,1975,0.0000,vnc
SNxx10,0,3690,0.0000,vnc
SNxx11,0,12893,0.0000,vnc
SNxx14,0,32161,0.0000,vnc
SNxx15,0,4759,0.0000,vnc
SNxx16,0,1331,0.0000,vnc
SNxx17,0,3295,0.0000,vnc
SNxx19,0,5419,0.0000,vnc
SNxx20,0,10201,0.0000,vnc
SNxx21,0,5399,0.0000,vnc
SNxx22,0,7042,0.0000,vnc
SNxx23,0,16391,0.0000,vnc
SNxx24,0,1532,0.0000,vnc
SNxx25,0,9273,0.0000,vnc
SNxx26,0,5414,0.0000,vnc
"SNxx27,SNxx29",908,962,0.4856,vnc
SNxx28,0,2953,0.0000,vnc
SNxx29,0,17633,0.0000,vnc
SNxx30,0,3916,0.0000,vnc
SNxx31,0,2156,0.0000,vnc
SNxx32,0,1426,0.0000,vnc
SNxx33,0,21571,0.0000,vnc
SNxxxx,0,10045,0.0000,vnc
STTMm,0,30418,0.0000,vnc
SpsP,5226,0,1.0000,brain
Sternal adductor MN,0,11666,0.0000,vnc
Sternal anterior rotator MN,0,110487,0.0000,vnc
Sternal posterior rotator MN,0,138062,0.0000,vnc
Sternotrochanter MN,0,141016,0.0000,vnc
T1,410710,0,1.0000,brain
T2,1126528,0,1.0000,brain
T2a,824630,0,1.0000,brain
T3,629821,0,1.0000,brain
T4_unclear,717,0,1.0000,brain
T4a,558307,0,1.0000,brain
T4b,552856,0,1.0000,brain
T4c,549600,0,1.0000,brain
T4d,508288,0,1.0000,brain
T5a,522511,0,1.0000,brain
T5a_unclear,117,0,1.0000,brain
T5b,536919,0,1.0000,brain
T5c,547004,0,1.0000,brain
T5d,484986,0,1.0000,brain
TN1a_a,0,5045,0.0000,vnc
TN1a_b,0,4332,0.0000,vnc
TN1a_c,0,4335,0.0000,vnc
TN1a_d,0,4625,0.0000,vnc
TN1a_e,0,5528,0.0000,vnc
TN1a_f,0,8927,0.0000,vnc
TN1a_g,0,8250,0.0000,vnc
TN1a_h,0,5797,0.0000,vnc
TN1a_i,0,5611,0.0000,vnc
TN1c_a,0,5989,0.0000,vnc
TN1c_b,0,3047,0.0000,vnc
TN1c_c,0,5343,0.0000,vnc
TN1c_d,0,2187,0.0000,vnc
TPMN1,13224,0,1.0000,brain
TPMN2,5699,0,1.0000,brain
TRN_VP1m,9040,0,1.0000,brain
TRN_VP2,6991,0,1.0000,brain
TRN_VP3a,11603,0,1.0000,brain
TRN_VP3b,807,0,1.0000,brain
TTMn,0,7258,0.0000,vnc
Ta depressor MN,0,2275,0.0000,vnc
Ta levator MN,0,7123,0.0000,vnc
Tergopleural/Pleural promotor MN,0,55926,0.0000,vnc
Tergotr. MN,0,63574,0.0000,vnc
Ti extensor MN,0,78450,0.0000,vnc
Ti flexor MN,0,63303,0.0000,vnc
Tlp11,102567,0,1.0000,brain
Tlp12,218448,0,1.0000,brain
Tlp13,229874,0,1.0000,brain
Tlp14,185091,0,1.0000,brain
Tm1,1090153,0,1.0000,brain
Tm12,388110,0,1.0000,brain
Tm16,315383,0,1.0000,brain
Tm2,973747,0,1.0000,brain
Tm20,570876,0,1.0000,brain
Tm23,62126,0,1.0000,brain
Tm24,292611,0,1.0000,brain
Tm26,71912,0,1.0000,brain
Tm29,216347,0,1.0000,brain
Tm3,1126602,0,1.0000,brain
Tm30,90317,0,1.0000,brain
Tm31,89449,0,1.0000,brain
Tm32,198406,0,1.0000,brain
Tm33,125909,0,1.0000,brain
Tm34,75124,0,1.0000,brain
Tm35,36707,0,1.0000,brain
Tm36,89553,0,1.0000,brain
Tm37,321532,0,1.0000,brain
Tm38,150735,0,1.0000,brain
Tm39,208434,0,1.0000,brain
Tm3_unclear,280,0,1.0000,brain
Tm4,1016694,0,1.0000,brain
Tm40,78292,0,1.0000,brain
Tm5Y,568647,0,1.0000,brain
Tm5a,205242,0,1.0000,brain
Tm5b,201675,0,1.0000,brain
Tm5c,303380,0,1.0000,brain
Tm6,866293,0,1.0000,brain
Tm9,313082,0,1.0000,brain
TmY10,338414,0,1.0000,brain
TmY13,321229,0,1.0000,brain
TmY14,841803,0,1.0000,brain
TmY15,480384,0,1.0000,brain
TmY16,294710,0,1.0000,brain
TmY17,374473,0,1.0000,brain
TmY18,568683,0,1.0000,brain
TmY19a,313785,0,1.0000,brain
TmY19b,202905,0,1.0000,brain
TmY20,276767,0,1.0000,brain
TmY21,277788,0,1.0000,brain
TmY3,729563,0,1.0000,brain
TmY4,384560,0,1.0000,brain
TmY5a,1189433,0,1.0000,brain
TmY9a,263449,0,1.0000,brain
TmY9b,262751,0,1.0000,brain
TmY_unclear,2383,0,1.0000,brain
Tm_unclear,3275,0,1.0000,brain
Tr extensor MN,0,28036,0.0000,vnc
Tr flexor MN,0,100329,0.0000,vnc
TuBu01,7937,0,1.0000,brain
TuBu02,5474,0,1.0000,brain
TuBu03,10502,0,1.0000,brain
TuBu04,5954,0,1.0000,brain
TuBu05,7966,0,1.0000,brain
TuBu06,10642,0,1.0000,brain
TuBu07,13614,0,1.0000,brain
TuBu08,15786,0,1.0000,brain
TuBu09,11870,0,1.0000,brain
TuBu10,9394,0,1.0000,brain
TuTuA_1,33062,0,1.0000,brain
TuTuA_2,38832,0,1.0000,brain
TuTuB_a,13210,0,1.0000,brain
TuTuB_b,6996,0,1.0000,brain
V1,8025,0,1.0000,brain
VA1d_adPN,31533,0,1.0000,brain
VA1d_vPN,4465,0,1.0000,brain
VA1v_adPN,34374,0,1.0000,brain
VA1v_vPN,13742,0,1.0000,brain
VA2_adPN,34751,0,1.0000,brain
VA3_adPN,21371,0,1.0000,brain
VA4_lPN,16016,0,1.0000,brain
VA5_lPN,20087,0,1.0000,brain
VA6_adPN,27578,0,1.0000,brain
VA7l_adPN,14197,0,1.0000,brain
VA7m_lPN,14563,0,1.0000,brain
VC1_lPN,20009,0,1.0000,brain
VC2_lPN,15843,0,1.0000,brain
VC3_adPN,28726,0,1.0000,brain
VC4_adPN,21831,0,1.0000,brain
VC5_lvPN,26087,0,1.0000,brain
VCH,65524,0,1.0000,brain
VES001,17955,0,1.0000,brain
VES002,12463,0,1.0000,brain
VES003,8983,0,1.0000,brain
VES004,7511,0,1.0000,brain
VES005,19214,0,1.0000,brain
VES007,14711,0,1.0000,brain
VES010,6434,0,1.0000,brain
VES011,8023,0,1.0000,brain
VES012,13532,0,1.0000,brain
VES013,12098,0,1.0000,brain
VES014,7672,0,1.0000,brain
VES016,6489,0,1.0000,brain
VES017,6774,0,1.0000,brain
VES018,10852,0,1.0000,brain
VES019,10302,0,1.0000,brain
VES020,11355,0,1.0000,brain
VES021,7370,0,1.0000,brain
VES022,33656,0,1.0000,brain
VES023,9701,0,1.0000,brain
VES024_a,2827,0,1.0000,brain
VES024_b,1782,0,1.0000,brain
VES025,9149,0,1.0000,brain
VES027,5692,0,1.0000,brain
VES030,6138,0,1.0000,brain
VES031,13916,0,1.0000,brain
VES032,3186,0,1.0000,brain
VES033,7702,0,1.0000,brain
VES034_b,9854,0,1.0000,brain
VES037,4535,0,1.0000,brain
VES039,2650,0,1.0000,brain
VES040,5583,0,1.0000,brain
VES041,49609,0,1.0000,brain
VES043,6544,0,1.0000,brain
VES045,18202,0,1.0000,brain
VES046,8865,0,1.0000,brain
VES047,11940,0,1.0000,brain
VES048,9939,0,1.0000,brain
VES049,13475,0,1.0000,brain
VES050,4338,0,1.0000,brain
VES051,5703,0,1.0000,brain
VES052,5561,0,1.0000,brain
VES053,19535,0,1.0000,brain
VES054,9325,0,1.0000,brain
VES056,9806,0,1.0000,brain
VES057,4758,0,1.0000,brain
VES058,6661,0,1.0000,brain
VES059,9957,0,1.0000,brain
VES063,17567,0,1.0000,brain
VES064,18403,0,1.0000,brain
VES065,4542,0,1.0000,brain
VES067,8493,0,1.0000,brain
VES070,6295,0,1.0000,brain
VES071,6167,0,1.0000,brain
VES072,9067,0,1.0000,brain
VES073,7335,0,1.0000,brain
VES074,9956,0,1.0000,brain
VES075,12326,0,1.0000,brain
VES076,5781,0,1.0000,brain
VES077,5971,0,1.0000,brain
VES078,6236,0,1.0000,brain
VES079,7217,0,1.0000,brain
VES085_a,8658,0,1.0000,brain
VES085_b,10167,0,1.0000,brain
VES087,25023,0,1.0000,brain
VES088,21000,0,1.0000,brain
VES089,17638,0,1.0000,brain
VES090,3918,0,1.0000,brain
VES091,6783,0,1.0000,brain
VES092,28465,0,1.0000,brain
VES093_a,1819,0,1.0000,brain
VES093_b,2550,0,1.0000,brain
VES093_c,1120,0,1.0000,brain
VES094,4072,0,1.0000,brain
VES095,5173,0,1.0000,brain
VES096,5030,0,1.0000,brain
VES097,11299,0,1.0000,brain
VES098,5282,0,1.0000,brain
VES099,5096,0,1.0000,brain
VES100,3864,0,1.0000,brain
VES101,7662,0,1.0000,brain
VES102,2165,0,1.0000,brain
VES103,5220,0,1.0000,brain
VES104,15277,0,1.0000,brain
VES105,3306,0,1.0000,brain
VES106,6902,0,1.0000,brain
VES107,8048,0,1.0000,brain
VES108,4799,0,1.0000,brain
VES109,2490,0,1.0000,brain
VES200m,28723,0,1.0000,brain
VES202m,17145,0,1.0000,brain
VES203m,12380,0,1.0000,brain
VES204m,11023,0,1.0000,brain
VES205m,6191,0,1.0000,brain
VES206m,8636,0,1.0000,brain
VL1_ilPN,22806,0,1.0000,brain
VL1_vPN,5114,0,1.0000,brain
VL2a_adPN,28176,0,1.0000,brain
VL2a_vPN,9208,0,1.0000,brain
VL2p_adPN,31686,0,1.0000,brain
VL2p_vPN,5798,0,1.0000,brain
VLP_TBD1,2966,0,1.0000,brain
VM1_lPN,12217,0,1.0000,brain
VM2_adPN,11589,0,1.0000,brain
VM3_adPN,21999,0,1.0000,brain
VM4_adPN,9962,0,1.0000,brain
VM4_lvPN,11686,0,1.0000,brain
VM5d_adPN,37641,0,1.0000,brain
VM5v_adPN,20744,0,1.0000,brain
VM6_adPN,24193,0,1.0000,brain
VM6_lvPN,2843,0,1.0000,brain
VM7d_adPN,27191,0,1.0000,brain
VM7v_adPN,13438,0,1.0000,brain
VP1d+VP4_l2PN1,19962,0,1.0000,brain
VP1d+VP4_l2PN2,16151,0,1.0000,brain
VP1d_il2PN,10708,0,1.0000,brain
VP1l+VP3_ilPN,7985,0,1.0000,brain
VP1l+_lvPN,5701,0,1.0000,brain
VP1m+VP2_lvPN1,2693,0,1.0000,brain
VP1m+VP2_lvPN2,7905,0,1.0000,brain
VP1m+VP5_ilPN,8001,0,1.0000,brain
VP1m+_lvPN,4799,0,1.0000,brain
VP1m_l2PN,16542,0,1.0000,brain
VP2+VC5_l2PN,5325,0,1.0000,brain
VP2+Z_lvPN,6604,0,1.0000,brain
VP2+_adPN,4422,0,1.0000,brain
VP2_adPN,10098,0,1.0000,brain
VP2_l2PN,5527,0,1.0000,brain
VP3+VP1l_ivPN,12597,0,1.0000,brain
VP3+_l2PN,18753,0,1.0000,brain
VP3+_vPN,2360,0,1.0000,brain
VP4+VL1_l2PN,9954,0,1.0000,brain
VP4+_vPN,3563,0,1.0000,brain
VP4_vPN,4892,0,1.0000,brain
VP5+VP3_l2PN,6063,0,1.0000,brain
VP5+Z_adPN,8557,0,1.0000,brain
VS,196043,0,1.0000,brain
VST1,10630,0,1.0000,brain
VST2,23250,0,1.0000,brain
VSm,38609,0,1.0000,brain
V_ilPN,25238,0,1.0000,brain
V_l2PN,7537,0,1.0000,brain
WED001,11065,0,1.0000,brain
WED002,10985,0,1.0000,brain
WED004,6514,0,1.0000,brain
WED006,11744,0,1.0000,brain
WED007,14954,0,1.0000,brain
WED008,5018,0,1.0000,brain
WED009,6101,0,1.0000,brain
WED010,5747,0,1.0000,brain
WED011,2744,0,1.0000,brain
WED012,5685,0,1.0000,brain
WED013,877,0,1.0000,brain
WED014,3140,0,1.0000,brain
WED015,12548,0,1.0000,brain
WED016,4813,0,1.0000,brain
WED017,3929,0,1.0000,brain
WED018,3744,0,1.0000,brain
WED020_a,2659,0,1.0000,brain
WED020_b,3676,0,1.0000,brain
WED022,2362,0,1.0000,brain
WED023,4821,0,1.0000,brain
WED024,4319,0,1.0000,brain
WED025,5560,0,1.0000,brain
WED026,5684,0,1.0000,brain
WED028,4429,0,1.0000,brain
WED029,2771,0,1.0000,brain
WED030_a,7227,0,1.0000,brain
WED030_b,9825,0,1.0000,brain
WED031,8862,0,1.0000,brain
WED032,4215,0,1.0000,brain
WED033,6172,0,1.0000,brain
WED034,4928,0,1.0000,brain
WED035,6771,0,1.0000,brain
WED037,4152,0,1.0000,brain
WED038,9036,0,1.0000,brain
WED039,3839,0,1.0000,brain
WED040_a,7501,0,1.0000,brain
WED040_b,2289,0,1.0000,brain
WED040_c,994,0,1.0000,brain
WED041,2416,0,1.0000,brain
WED042,8727,0,1.0000,brain
WED044,1658,0,1.0000,brain
WED045,4167,0,1.0000,brain
WED046,13470,0,1.0000,brain
WED047,11166,0,1.0000,brain
WED051,3719,0,1.0000,brain
WED055_a,2899,0,1.0000,brain
WED055_b,11714,0,1.0000,brain
WED056,16648,0,1.0000,brain
WED057,19101,0,1.0000,brain
WED060,13271,0,1.0000,brain
WED061,8725,0,1.0000,brain
WED063_a,5759,0,1.0000,brain
WED063_b,12026,0,1.0000,brain
WED065,5186,0,1.0000,brain
WED066,1643,0,1.0000,brain
WED069,7698,0,1.0000,brain
WED070,5797,0,1.0000,brain
WED071,4817,0,1.0000,brain
WED072,22551,0,1.0000,brain
WED074,7023,0,1.0000,brain
WED075,16732,0,1.0000,brain
WED076,9142,0,1.0000,brain
WED077,7636,0,1.0000,brain
WED078,2512,0,1.0000,brain
WED079,3722,0,1.0000,brain
WED080,6939,0,1.0000,brain
WED081,4149,0,1.0000,brain
WED082,6882,0,1.0000,brain
WED083,1867,0,1.0000,brain
WED084,1587,0,1.0000,brain
WED085,2927,0,1.0000,brain
WED089,3780,0,1.0000,brain
WED091,3074,0,1.0000,brain
WED092,42275,0,1.0000,brain
WED093,9968,0,1.0000,brain
WED094,8458,0,1.0000,brain
WED095,6392,0,1.0000,brain
WED096,9806,0,1.0000,brain
WED097,3849,0,1.0000,brain
WED098,6067,0,1.0000,brain
WED099,3967,0,1.0000,brain
WED100,6085,0,1.0000,brain
WED101,3688,0,1.0000,brain
WED102,2698,0,1.0000,brain
WED103,5599,0,1.0000,brain
WED104,20617,0,1.0000,brain
WED106,10365,0,1.0000,brain
WED107,16381,0,1.0000,brain
WED108,6558,0,1.0000,brain
WED109,8272,0,1.0000,brain
WED111,7758,0,1.0000,brain
WED114,9176,0,1.0000,brain
WED116,12615,0,1.0000,brain
WED117,18045,0,1.0000,brain
WED118,14841,0,1.0000,brain
WED119,11606,0,1.0000,brain
WED121,5848,0,1.0000,brain
WED122,4979,0,1.0000,brain
WED124,3630,0,1.0000,brain
WED125,7405,0,1.0000,brain
WED127,5112,0,1.0000,brain
WED128,8121,0,1.0000,brain
WED129,3699,0,1.0000,brain
WED130,1176,0,1.0000,brain
WED131,1551,0,1.0000,brain
WED132,5774,0,1.0000,brain
WED143_a,7769,0,1.0000,brain
WED143_b,3308,0,1.0000,brain
WED143_c,9842,0,1.0000,brain
WED143_d,4798,0,1.0000,brain
WED144,2923,0,1.0000,brain
WED145,7623,0,1.0000,brain
WED146_a,4406,0,1.0000,brain
WED146_b,2350,0,1.0000,brain
WED146_c,2560,0,1.0000,brain
WED151,2339,0,1.0000,brain
WED152,2272,0,1.0000,brain
WED153,5668,0,1.0000,brain
WED154,1208,0,1.0000,brain
WED155,2373,0,1.0000,brain
WED157,2908,0,1.0000,brain
WED159,3236,0,1.0000,brain
WED161,3154,0,1.0000,brain
WED162,4560,0,1.0000,brain
WED163,7482,0,1.0000,brain
WED164,7951,0,1.0000,brain
WED165,7268,0,1.0000,brain
WED166_a,7649,0,1.0000,brain
WED166_d,15328,0,1.0000,brain
WED167,6547,0,1.0000,brain
WED168,6722,0,1.0000,brain
WED181,3936,0,1.0000,brain
WED182,9072,0,1.0000,brain
WED183,1936,0,1.0000,brain
WED184,19612,0,1.0000,brain
WED185,8518,0,1.0000,brain
WED187,7490,0,1.0000,brain
WED188,3894,0,1.0000,brain
WED189,5531,0,1.0000,brain
WED190,10305,0,1.0000,brain
WED191,10908,0,1.0000,brain
WED192,2067,0,1.0000,brain
WED193,9867,0,1.0000,brain
WED194,4877,0,1.0000,brain
WED195,14664,0,1.0000,brain
WED196,8052,0,1.0000,brain
WED197,1501,0,1.0000,brain
WED198,1774,0,1.0000,brain
WED199,1509,0,1.0000,brain
WED200,1618,0,1.0000,brain
WED201,8637,0,1.0000,brain
WED202,2649,0,1.0000,brain
WED203,23863,0,1.0000,brain
WED204,4439,0,1.0000,brain
WED205,2115,0,1.0000,brain
WED206,5161,0,1.0000,brain
WED207,8196,0,1.0000,brain
WED208,6488,0,1.0000,brain
WED209,4950,0,1.0000,brain
WED210,13237,0,1.0000,brain
WED26,3409,0,1.0000,brain
WEDPN10A,3712,0,1.0000,brain
WEDPN10B,3010,0,1.0000,brain
WEDPN11,6566,0,1.0000,brain
WEDPN12,8748,0,1.0000,brain
WEDPN14,5520,0,1.0000,brain
WEDPN16_d,10302,0,1.0000,brain
WEDPN17_a1,5037,0,1.0000,brain
WEDPN17_a2,3472,0,1.0000,brain
WEDPN17_b,3781,0,1.0000,brain
WEDPN17_c,7317,0,1.0000,brain
WEDPN18,2619,0,1.0000,brain
WEDPN1A,13236,0,1.0000,brain
WEDPN1B,1574,0,1.0000,brain
WEDPN2A,4834,0,1.0000,brain
WEDPN2B_a,3686,0,1.0000,brain
WEDPN2B_b,3651,0,1.0000,brain
WEDPN3,6885,0,1.0000,brain
WEDPN4,7872,0,1.0000,brain
WEDPN5,5190,0,1.0000,brain
WEDPN6A,7690,0,1.0000,brain
WEDPN6B,5652,0,1.0000,brain
WEDPN6C,2659,0,1.0000,brain
WEDPN7A,6193,0,1.0000,brain
WEDPN7B,5441,0,1.0000,brain
WEDPN7C,5059,0,1.0000,brain
WEDPN8B,4330,0,1.0000,brain
WEDPN8C,13064,0,1.0000,brain
WEDPN8D,4968,0,1.0000,brain
WEDPN9,9657,0,1.0000,brain
WG1,0,32560,0.0000,vnc
WG2,0,33788,0.0000,vnc
WG3,0,47575,0.0000,vnc
WG4,0,61724,0.0000,vnc
Y11,311714,0,1.0000,brain
Y12,224368,0,1.0000,brain
Y13,251419,0,1.0000,brain
Y14,143857,0,1.0000,brain
Y3,970645,0,1.0000,brain
Y_unclear,795,0,1.0000,brain
Z_lvPNm1,13258,0,1.0000,brain
Z_vPNml1,4137,0,1.0000,brain
aDT4,3074,0,1.0000,brain
aIPg1,17337,0,1.0000,brain
aIPg10,13533,0,1.0000,brain
aIPg2,14331,0,1.0000,brain
aIPg4,4020,0,1.0000,brain
aIPg5,16148,0,1.0000,brain
aIPg6,13773,0,1.0000,brain
aIPg7,13624,0,1.0000,brain
aIPg8,6900,0,1.0000,brain
aIPg9,6234,0,1.0000,brain
aIPg_m1,12775,0,1.0000,brain
aIPg_m2,11428,0,1.0000,brain
aIPg_m3,4743,0,1.0000,brain
aIPg_m4,16134,0,1.0000,brain
aMe1,7326,0,1.0000,brain
aMe10,5169,0,1.0000,brain
aMe12,20961,0,1.0000,brain
aMe13,4595,0,1.0000,brain
aMe15,7736,0,1.0000,brain
aMe17a,11106,0,1.0000,brain
aMe17b,13485,0,1.0000,brain
aMe17c,31105,0,1.0000,brain
aMe17e,17597,0,1.0000,brain
aMe2,4777,0,1.0000,brain
aMe20,11670,0,1.0000,brain
aMe22,3729,0,1.0000,brain
aMe23,3482,0,1.0000,brain
aMe24,9710,0,1.0000,brain
aMe25,5800,0,1.0000,brain
aMe26,18245,0,1.0000,brain
aMe3,8291,0,1.0000,brain
aMe30,23246,0,1.0000,brain
aMe4,39819,0,1.0000,brain
aMe5,32406,0,1.0000,brain
aMe6a,3416,0,1.0000,brain
aMe6b,3407,0,1.0000,brain
aMe6c,5302,0,1.0000,brain
aMe8,8993,0,1.0000,brain
aMe9,18797,0,1.0000,brain
aMe_TBD1,15204,0,1.0000,brain
aMe_unclear,481,0,1.0000,brain
aPhM1,7438,0,1.0000,brain
aPhM2a,8189,0,1.0000,brain
aPhM2b,1816,0,1.0000,brain
aPhM3,4432,0,1.0000,brain
aPhM4,3335,0,1.0000,brain
aPhM5,3667,0,1.0000,brain
aSP-g3Am,7761,0,1.0000,brain
aSP10A_a,14329,0,1.0000,brain
aSP10A_b,15709,0,1.0000,brain
aSP10B,27755,0,1.0000,brain
aSP10C_a,9053,0,1.0000,brain
aSP10C_b,7429,0,1.0000,brain
aSP22,22712,6383,0.7806,brain
b1 MN,0,25406,0.0000,vnc
b2 MN,0,29438,0.0000,vnc
b3 MN,0,22465,0.0000,vnc
claw_tpGRN,14001,0,1.0000,brain
dCal1,27378,0,1.0000,brain
dMS10,0,7057,0.0000,vnc
dMS2,0,59406,0.0000,vnc
dMS5,0,10830,0.0000,vnc
dMS9,1179,12162,0.0884,vnc
dPR1,0,20475,0.0000,vnc
dorsal_tpGRN,3671,0,1.0000,brain
hDVM MN,0,4487,0.0000,vnc
hDeltaA,55911,0,1.0000,brain
hDeltaB,58807,0,1.0000,brain
hDeltaC,49728,0,1.0000,brain
hDeltaD,24892,0,1.0000,brain
hDeltaE,34057,0,1.0000,brain
hDeltaF,39275,0,1.0000,brain
hDeltaG,32834,0,1.0000,brain
hDeltaH,33002,0,1.0000,brain
hDeltaI,41425,0,1.0000,brain
hDeltaJ,44187,0,1.0000,brain
hDeltaK,29893,0,1.0000,brain
hDeltaL,41731,0,1.0000,brain
hDeltaM,28598,0,1.0000,brain
hg1 MN,0,34478,0.0000,vnc
hg2 MN,0,11581,0.0000,vnc
hg3 MN,0,30182,0.0000,vnc
hg4 MN,0,29747,0.0000,vnc
hi1 MN,0,4484,0.0000,vnc
hi2 MN,0,9137,0.0000,vnc
hiii2 MN,0,4188,0.0000,vnc
i1 MN,0,27746,0.0000,vnc
i2 MN,0,34225,0.0000,vnc
iii1 MN,0,15637,0.0000,vnc
iii3 MN,0,10055,0.0000,vnc
il3LN6,126368,0,1.0000,brain
l-LNv,12052,0,1.0000,brain
l2LN19,6430,0,1.0000,brain
l2LN20,6379,0,1.0000,brain
l2LN21,4770,0,1.0000,brain
l2LN22,6218,0,1.0000,brain
l2LN23,8006,0,1.0000,brain
lLN10,8054,0,1.0000,brain
lLN12A,5868,0,1.0000,brain
lLN13,4360,0,1.0000,brain
lLN14,623,0,1.0000,brain
lLN15,4996,0,1.0000,brain
lLN1_a,20592,0,1.0000,brain
lLN1_bc,340517,0,1.0000,brain
lLN2F_a,140467,0,1.0000,brain
lLN2F_b,201840,0,1.0000,brain
lLN2P_a,105995,0,1.0000,brain
lLN2P_b,119314,0,1.0000,brain
lLN2P_c,95778,0,1.0000,brain
lLN2R_a,29522,0,1.0000,brain
lLN2T_a,95559,0,1.0000,brain
lLN2T_b,119283,0,1.0000,brain
lLN2T_c,98088,0,1.0000,brain
lLN2T_d,59399,0,1.0000,brain
lLN2T_e,63301,0,1.0000,brain
lLN2X02,33679,0,1.0000,brain
lLN2X04,74176,0,1.0000,brain
lLN2X05,55972,0,1.0000,brain
lLN2X11,54046,0,1.0000,brain
lLN2X12,101635,0,1.0000,brain
lLN8,8991,0,1.0000,brain
lLN9,3396,0,1.0000,brain
ltm MN,0,8716,0.0000,vnc
ltm1-tibia MN,0,7646,0.0000,vnc
ltm2-femur MN,0,10967,0.0000,vnc
mAL4A,2786,0,1.0000,brain
mAL4B,3943,0,1.0000,brain
mAL4C,2054,0,1.0000,brain
mAL4D,1086,0,1.0000,brain
mAL4E,2399,0,1.0000,brain
mAL4F,2421,0,1.0000,brain
mAL4G,1999,0,1.0000,brain
mAL4H,4326,0,1.0000,brain
mAL4I,3808,0,1.0000,brain
mAL5A1,1418,0,1.0000,brain
mAL5A2,3074,0,1.0000,brain
mAL5B,1232,0,1.0000,brain
mAL6,7240,0,1.0000,brain
mALB1,18278,0,1.0000,brain
mALB2,6974,0,1.0000,brain
mALB3,7622,0,1.0000,brain
mALB4,6099,0,1.0000,brain
mALB5,7482,0,1.0000,brain
mALD1,22420,0,1.0000,brain
mALD3,10990,0,1.0000,brain
mALD4,11367,0,1.0000,brain
mAL_m1,34678,0,1.0000,brain
mAL_m10,2588,0,1.0000,brain
mAL_m11,8029,0,1.0000,brain
mAL_m2a,8186,0,1.0000,brain
mAL_m2b,18300,0,1.0000,brain
mAL_m3a,3510,0,1.0000,brain
mAL_m3b,8966,0,1.0000,brain
mAL_m3c,9654,0,1.0000,brain
mAL_m4,5251,0,1.0000,brain
mAL_m5a,15264,0,1.0000,brain
mAL_m5b,17399,0,1.0000,brain
mAL_m5c,19108,0,1.0000,brain
mAL_m6,8682,0,1.0000,brain
mAL_m7,7485,0,1.0000,brain
mAL_m8,35711,0,1.0000,brain
mAL_m9,8953,0,1.0000,brain
mesVUM-MJ,0,4556,0.0000,vnc
oviIN,70231,0,1.0000,brain
pC1_10a,5817,0,1.0000,brain
pC1_10b,6865,0,1.0000,brain
pC1_10c,11518,0,1.0000,brain
pC1_10d,5574,0,1.0000,brain
pC1_11a,8142,0,1.0000,brain
pC1_11b,10180,0,1.0000,brain
pC1_12a,4815,0,1.0000,brain
pC1_12b,12090,0,1.0000,brain
pC1_13a,3591,0,1.0000,brain
pC1_13b,6669,0,1.0000,brain
pC1_13c,3242,0,1.0000,brain
pC1_14a,8839,0,1.0000,brain
pC1_14b,3398,0,1.0000,brain
pC1_15a,3997,0,1.0000,brain
pC1_15b,4877,0,1.0000,brain
pC1_15c,7390,0,1.0000,brain
pC1_16a,10461,0,1.0000,brain
pC1_16b,13565,0,1.0000,brain
pC1_17a,6147,0,1.0000,brain
pC1_17b,7534,0,1.0000,brain
pC1_18a,5207,0,1.0000,brain
pC1_18b,19194,0,1.0000,brain
pC1_19,4365,0,1.0000,brain
pC1_1a,12038,0,1.0000,brain
pC1_1b,4934,0,1.0000,brain
pC1_2a,9246,0,1.0000,brain
pC1_2a/2b,1925,0,1.0000,brain
pC1_2b,4119,0,1.0000,brain
pC1_2c,4866,0,1.0000,brain
pC1_3a,7256,0,1.0000,brain
pC1_3b,7035,0,1.0000,brain
pC1_3c,10459,0,1.0000,brain
pC1_4a,20139,0,1.0000,brain
pC1_4b,7140,0,1.0000,brain
pC1_5a,3091,0,1.0000,brain
pC1_5b,5146,0,1.0000,brain
pC1_6a,7790,0,1.0000,brain
pC1_6b,3226,0,1.0000,brain
pC1_7a,7525,0,1.0000,brain
pC1_7b,7552,0,1.0000,brain
pC1_8a,2869,0,1.0000,brain
pC1_8b,4073,0,1.0000,brain
pC1_8c,3343,0,1.0000,brain
pC1_9a,9562,0,1.0000,brain
pC1_9b,3642,0,1.0000,brain
pC1x_a,9891,0,1.0000,brain
pC1x_b,14477,0,1.0000,brain
pC1x_c,12819,0,1.0000,brain
pC1x_d,15067,0,1.0000,brain
pIP1,45184,9644,0.8241,brain
pIP10,21704,5654,0.7933,brain
pMP2,16210,4876,0.7688,brain
ps1 MN,0,33989,0.0000,vnc
ps2 MN,0,16814,0.0000,vnc
s-LNv,2777,0,1.0000,brain
tp1 MN,0,17401,0.0000,vnc
tp2 MN,0,19205,0.0000,vnc
tpn MN,0,18565,0.0000,vnc
v2LN30,59339,0,1.0000,brain
v2LN31,7745,0,1.0000,brain
v2LN32,1907,0,1.0000,brain
v2LN33,10414,0,1.0000,brain
v2LN34A,6495,0,1.0000,brain
v2LN34B,1340,0,1.0000,brain
v2LN34C,3329,0,1.0000,brain
v2LN34D,5762,0,1.0000,brain
v2LN34E,3820,0,1.0000,brain
v2LN34F,4252,0,1.0000,brain
v2LN36,21631,0,1.0000,brain
v2LN37,10154,0,1.0000,brain
v2LN38,7001,0,1.0000,brain
v2LN39a,1995,0,1.0000,brain
v2LN3A,11924,0,1.0000,brain
v2LN3A1_a,3048,0,1.0000,brain
v2LN3A1_b,20575,0,1.0000,brain
v2LN4,7785,0,1.0000,brain
v2LN40_2,9360,0,1.0000,brain
v2LN41,3619,0,1.0000,brain
v2LN42,7885,0,1.0000,brain
v2LN46,5334,0,1.0000,brain
v2LN47,2978,0,1.0000,brain
v2LN49,2899,0,1.0000,brain
v2LN5,9983,0,1.0000,brain
v2LN50,4850,0,1.0000,brain
v2LNX01,1329,0,1.0000,brain
vCal1,15376,0,1.0000,brain
vCal2,11828,0,1.0000,brain
vCal3,22921,0,1.0000,brain
vDeltaA_a,19413,0,1.0000,brain
vDeltaA_b,7970,0,1.0000,brain
vDeltaB,12419,0,1.0000,brain
vDeltaC,16798,0,1.0000,brain
vDeltaD,16568,0,1.0000,brain
vDeltaE,16656,0,1.0000,brain
vDeltaF,17064,0,1.0000,brain
vDeltaG,15655,0,1.0000,brain
vDeltaH,7418,0,1.0000,brain
vDeltaI_a,13783,0,1.0000,brain
vDeltaI_b,12965,0,1.0000,brain
vDeltaJ,6082,0,1.0000,brain
vDeltaK,19126,0,1.0000,brain
vDeltaL,13956,0,1.0000,brain
vDeltaM,16047,0,1.0000,brain
vLN24,18971,0,1.0000,brain
vLN25,26310,0,1.0000,brain
vLN26,3954,0,1.0000,brain
vLN27,4073,0,1.0000,brain
vLN28,4397,0,1.0000,brain
vLN29,3936,0,1.0000,brain
vMS11,0,18388,0.0000,vnc
vMS12_a,0,15583,0.0000,vnc
vMS12_b,0,5355,0.0000,vnc
vMS12_c,0,9169,0.0000,vnc
vMS12_d,0,7962,0.0000,vnc
vMS12_e,0,3156,0.0000,vnc
vMS13,1446,1079,0.5727,brain
vMS16,618,4326,0.1250,vnc
vMS17,0,5183,0.0000,vnc
vPR6,0,17355,0.0000,vnc
vPR9_a,0,11052,0.0000,vnc
vPR9_b,0,4961,0.0000,vnc
vPR9_c,0,9495,0.0000,vnc
vpoEN,13277,0,1.0000,brain
vpoIN,5934,0,1.0000,brain
w-cHIN,0,56541,0.0000,vnc
